0,1,2,3,4,5,6,7,8,9,10,11,12,13,14,15,16,17,18,19,20,21,22,23,24,25,26,27,28,29,30,31,32,33,34,35,36,37,38,39,40,41,42,43,44,45,46,47,48,49,50,51,52,53,54,55,56,57,58,59,60,61,62,63,64,65,66,67,68,69,70,71,72,73,74,75,76,77,78,79,80,81,82,83,84
0.0,0.0,-0.06451612173951968,0.2801578816601945,-0.26350723993531544,0.5822145075421974,-0.4329184934459759,0.7984854338817986,-0.4938365202733788,1.0,-0.48189908785564123,0.453605928407056,-0.620743094599003,0.45588453722356975,-0.43687627350811487,0.40582545255106295,-0.41805813877516695,0.4086916300067393,-0.4980252358356734,0.2631939001377474,-0.6137404248806269,0.27237774039503876,-0.3875974863185128,0.2649052870552005,-0.4144816340150471,0.28133821866099007,-0.4938106346984715,0.07912372468328603,-0.6087870110028388,0.0869316731599143,-0.4080588463895727,0.10602776697014206,-0.41228599468317073,0.10331215539121921,-0.4886828040430329,-0.10234817206017299,-0.5803809271466884,-0.09816578659479896,-0.44022308617997413,-0.05541841601532607,-0.41289549258666525,-0.05201485854607169,0.0,0.0,0.0,0.0,0.0,0.0,0.0,0.0,0.0,0.0,0.0,0.0,0.0,0.0,0.0,0.0,0.0,0.0,0.0,0.0,0.0,0.0,0.0,0.0,0.0,0.0,0.0,0.0,0.0,0.0,0.0,0.0,0.0,0.0,0.0,0.0,0.0,0.0,0.0,0.0,0.0,0.0,bad
0.0,0.0,-0.0701801646981231,0.27547131252235224,-0.24903206179198617,0.5690705656679191,-0.40989663404597243,0.7985065233647465,-0.4908793653595166,1.0,-0.5231993980576212,0.4764638672011073,-0.6850410816384351,0.5092321054513871,-0.4833838822496668,0.4440906536369674,-0.4588079357928129,0.42290074917674164,-0.5261292225375401,0.2773695675396999,-0.6660795483574311,0.30603475102529926,-0.4021934204353864,0.28984756366608916,-0.44824282522770237,0.3040988746092716,-0.5158305968797462,0.08896926656851042,-0.6236590990371709,0.10481902249388071,-0.4020392191469696,0.12216062943851223,-0.43415419199918254,0.11680190243517276,-0.5080883684853439,-0.08967803514117313,-0.5980167484893383,-0.06795794763658658,-0.4514320515738285,-0.036112362577390936,-0.43600867150016487,-0.05963943837289773,0.0,0.0,0.0,0.0,0.0,0.0,0.0,0.0,0.0,0.0,0.0,0.0,0.0,0.0,0.0,0.0,0.0,0.0,0.0,0.0,0.0,0.0,0.0,0.0,0.0,0.0,0.0,0.0,0.0,0.0,0.0,0.0,0.0,0.0,0.0,0.0,0.0,0.0,0.0,0.0,0.0,0.0,bad
0.0,0.0,-0.08779405255725327,0.2895363080920085,-0.2359276937206121,0.5767168266383218,-0.3900205051419736,0.7959626499340456,-0.4856184963427396,1.0,-0.5196348371894813,0.5125066449467671,-0.7168157080754974,0.555429850579676,-0.6446773687065249,0.5288266599250623,-0.6417031844050847,0.513888742437877,-0.5114465396512042,0.31598596093452835,-0.6387172983105954,0.32995687310601335,-0.4148083747803985,0.3209282325174569,-0.447746478981908,0.3584079183333149,-0.5070483371494895,0.11769303393545702,-0.616470132266267,0.13433169773985654,-0.4165041060434489,0.14709488199577553,-0.4255858547696894,0.1636234717908347,-0.49813247098405394,-0.07307088226118762,-0.6093315241418278,-0.04719654614505645,-0.4679383729569762,-0.021943305198450835,-0.4284993440566336,-0.03552767242592058,0.0,0.0,0.0,0.0,0.0,0.0,0.0,0.0,0.0,0.0,0.0,0.0,0.0,0.0,0.0,0.0,0.0,0.0,0.0,0.0,0.0,0.0,0.0,0.0,0.0,0.0,0.0,0.0,0.0,0.0,0.0,0.0,0.0,0.0,0.0,0.0,0.0,0.0,0.0,0.0,0.0,0.0,bad
0.0,0.0,-0.07934521953193946,0.2807516571891153,-0.2386952165460131,0.5699575998460589,-0.39785743197064505,0.7968816312447332,-0.4877273119364064,1.0,-0.5166277611524348,0.5172481702906965,-0.7005925404924788,0.5570390227394879,-0.5216043050422343,0.4831459719853756,-0.49230679397771837,0.4590467596063886,-0.5162441027954906,0.31609493918663367,-0.6422947839184643,0.3404425806365995,-0.40162792703723116,0.3121811196560213,-0.4399872600476421,0.3354264898113558,-0.5149251196029382,0.1197783779121076,-0.6128855328551428,0.14471577298997393,-0.40676637448824543,0.14611982190608266,-0.4342956863317563,0.1482147478219326,-0.5167023429568633,-0.07125004147119908,-0.6050539125588061,-0.04044855248926725,-0.4623242450582919,-0.020939969609905313,-0.44217428520241264,-0.04269741949610834,0.0,0.0,0.0,0.0,0.0,0.0,0.0,0.0,0.0,0.0,0.0,0.0,0.0,0.0,0.0,0.0,0.0,0.0,0.0,0.0,0.0,0.0,0.0,0.0,0.0,0.0,0.0,0.0,0.0,0.0,0.0,0.0,0.0,0.0,0.0,0.0,0.0,0.0,0.0,0.0,0.0,0.0,bad
0.0,0.0,-0.09609804612914104,0.28640541033768546,-0.2675671493612993,0.5799960193786569,-0.42595822828095625,0.8039921970372129,-0.519027104251528,1.0,-0.5317491464402083,0.5037151481541198,-0.7000981276314772,0.5327934689461334,-0.5056624929202228,0.4722277836739009,-0.4938248691976095,0.4663392398903144,-0.5349761664726557,0.2923163967935327,-0.662012469857424,0.3143500808822096,-0.42891947982610473,0.2988117786231184,-0.4612100557346048,0.31963208191811615,-0.5287815459811965,0.09198483584071136,-0.6417997428542236,0.11296548612304609,-0.43589708381097836,0.1225352187540419,-0.45351650097477975,0.1252106215261844,-0.5234125795902795,-0.10187910132453108,-0.6293712271948491,-0.07535894987192912,-0.4731324300748345,-0.05142383990578803,-0.44183922423950345,-0.06758787930330858,0.0,0.0,0.0,0.0,0.0,0.0,0.0,0.0,0.0,0.0,0.0,0.0,0.0,0.0,0.0,0.0,0.0,0.0,0.0,0.0,0.0,0.0,0.0,0.0,0.0,0.0,0.0,0.0,0.0,0.0,0.0,0.0,0.0,0.0,0.0,0.0,0.0,0.0,0.0,0.0,0.0,0.0,bad
0.0,0.0,-0.08579816054123021,0.29025980991739997,-0.254909528281364,0.590747991032234,-0.41246524870808193,0.8131763355013625,-0.49603884713506724,1.0,-0.49839869882293575,0.5055682971132831,-0.6552315264559285,0.5001474251832178,-0.472416808148897,0.443757292602432,-0.45697012482598137,0.4515971960449299,-0.5038958303244013,0.29858783454579557,-0.6357331975743163,0.285295596481692,-0.41693040392702335,0.2749515624372619,-0.447228526413379,0.31439019610545815,-0.5008659731290636,0.1031311071331615,-0.6133789552348825,0.08414951550451474,-0.4227223857949244,0.0968002143058761,-0.4378494980651943,0.11667714424235741,-0.4964474126580701,-0.08624193431429011,-0.6035467143061758,-0.09951529476346947,-0.4598425187412766,-0.07208162560835361,-0.4281844588686735,-0.06405833962087756,0.0,0.0,0.0,0.0,0.0,0.0,0.0,0.0,0.0,0.0,0.0,0.0,0.0,0.0,0.0,0.0,0.0,0.0,0.0,0.0,0.0,0.0,0.0,0.0,0.0,0.0,0.0,0.0,0.0,0.0,0.0,0.0,0.0,0.0,0.0,0.0,0.0,0.0,0.0,0.0,0.0,0.0,bad
0.0,0.0,-0.06791211140291945,0.2879948696023942,-0.23237219813106944,0.5979044768826727,-0.3861699138826116,0.8177374335796739,-0.46521605692298296,1.0,-0.4607431442008184,0.4939458254443291,-0.6002291882978074,0.4905075429060038,-0.4306249618273988,0.43609020949123556,-0.42569184022476025,0.442509314114701,-0.4720300189336102,0.28721553777560616,-0.5883136871678983,0.27880504489097907,-0.3794582544432908,0.2640905759482074,-0.4134195016185183,0.29939748366212665,-0.47357997923410494,0.09423105112074757,-0.5759776766627985,0.08455597630244915,-0.3895005496854578,0.09086911378488975,-0.40678311854883037,0.10475966530263238,-0.47217308984303424,-0.09147865388139009,-0.5721329322665364,-0.10045318512184695,-0.4339913271849997,-0.0829774628962316,-0.4092035668478593,-0.08239326940695046,0.0,0.0,0.0,0.0,0.0,0.0,0.0,0.0,0.0,0.0,0.0,0.0,0.0,0.0,0.0,0.0,0.0,0.0,0.0,0.0,0.0,0.0,0.0,0.0,0.0,0.0,0.0,0.0,0.0,0.0,0.0,0.0,0.0,0.0,0.0,0.0,0.0,0.0,0.0,0.0,0.0,0.0,bad
0.0,0.0,-0.05435123841446108,0.2774870701578068,-0.23130684788762662,0.595973997946636,-0.38705203811876704,0.8163175315807802,-0.45834021851380635,1.0,-0.42849405225754156,0.509430515059658,-0.6017992368661608,0.5251865169053379,-0.5132367030234295,0.46416440396309483,-0.5399916866148781,0.4668606857850445,-0.44714483981684067,0.3147365737475819,-0.5658230778005829,0.296983192333867,-0.3741703545649725,0.25614827804270046,-0.36567005372397215,0.28299220462124286,-0.4503111198599306,0.11794682864825021,-0.5514138624041455,0.09723199190453272,-0.3740796056289022,0.07719017214606635,-0.349102578804841,0.09147733549084038,-0.44037313313786947,-0.07342687547048733,-0.5438665006397574,-0.08437754808113407,-0.40456537881435234,-0.08539790925286987,-0.35674911726718983,-0.07811602198803078,0.0,0.0,0.0,0.0,0.0,0.0,0.0,0.0,0.0,0.0,0.0,0.0,0.0,0.0,0.0,0.0,0.0,0.0,0.0,0.0,0.0,0.0,0.0,0.0,0.0,0.0,0.0,0.0,0.0,0.0,0.0,0.0,0.0,0.0,0.0,0.0,0.0,0.0,0.0,0.0,0.0,0.0,bad
0.0,0.0,-0.08238184731472527,0.29191252851788063,-0.2766539899589418,0.5959477673990091,-0.42195469241838224,0.802271001771933,-0.48256714482575785,1.0,-0.474670090958807,0.44939028355011057,-0.6012736180509114,0.48359666269727714,-0.42360286336326763,0.4185992965667974,-0.38534846078047347,0.4145327402388984,-0.48342295609683467,0.2654695465315378,-0.5804391918528149,0.27579613692854693,-0.3795018044440619,0.2318087882975151,-0.3716243828782461,0.25008724594624393,-0.4678586248154171,0.07684365369374678,-0.5605293685089723,0.08236519912336278,-0.38484273270323593,0.06650229980628415,-0.36751510666307735,0.08191004385384898,-0.44596986551716666,-0.10122037525023331,-0.5370689257110584,-0.11410513301433724,-0.3983528970522964,-0.09956121021671234,-0.35934429998910017,-0.08746614213346258,0.0,0.0,0.0,0.0,0.0,0.0,0.0,0.0,0.0,0.0,0.0,0.0,0.0,0.0,0.0,0.0,0.0,0.0,0.0,0.0,0.0,0.0,0.0,0.0,0.0,0.0,0.0,0.0,0.0,0.0,0.0,0.0,0.0,0.0,0.0,0.0,0.0,0.0,0.0,0.0,0.0,0.0,bad
0.0,0.0,-0.05648062443666866,0.29325125260611873,-0.23161362374170366,0.5941856618707001,-0.37209184463131956,0.7999141156798063,-0.42445472561021874,1.0,-0.405701747730742,0.4677329877728648,-0.5307408205442578,0.47129551793100727,-0.3700148400821819,0.3878538934730951,-0.3388093944700209,0.3965409558955185,-0.4362844561519576,0.2805194332241824,-0.5272191081990696,0.28364465134911215,-0.34841265746723193,0.22868748729185193,-0.3366844403710931,0.25310867856503383,-0.43984061326867224,0.09279360753596975,-0.5255243343965185,0.0902219335807692,-0.36836634669952323,0.05718044508107419,-0.3442556135873243,0.07384867971825088,-0.4309144100536246,-0.08026178026360113,-0.5068925960432517,-0.09367217681851703,-0.38330081059017396,-0.09469489822859796,-0.3456112505424672,-0.0805209506149985,0.0,0.0,0.0,0.0,0.0,0.0,0.0,0.0,0.0,0.0,0.0,0.0,0.0,0.0,0.0,0.0,0.0,0.0,0.0,0.0,0.0,0.0,0.0,0.0,0.0,0.0,0.0,0.0,0.0,0.0,0.0,0.0,0.0,0.0,0.0,0.0,0.0,0.0,0.0,0.0,0.0,0.0,bad
0.0,0.0,-0.08284628021655074,0.28290386553352015,-0.2950393244411893,0.5980303235021946,-0.4651773896630272,0.8042259182254465,-0.5523374635709908,1.0,-0.48956300163805044,0.4630138562116417,-0.6412080800503973,0.46618240999996935,-0.45939877797967427,0.41219855771243347,-0.4073674491168039,0.44074957568266,-0.5071510277039148,0.2665373152513623,-0.6271702976840969,0.2710621189694951,-0.4368608650934621,0.2365599375682592,-0.41384307456583835,0.26345929157127257,-0.5009680935822661,0.06786456831943107,-0.6176634451334791,0.08188516357871643,-0.4487761248280864,0.06527016600703343,-0.41066941569621906,0.08949241538072505,-0.4868276990820043,-0.12697085917497122,-0.6064680018609723,-0.11972402611215047,-0.47835734820296033,-0.10660941261274998,-0.42300159040299173,-0.08202197975733166,0.0,0.0,0.0,0.0,0.0,0.0,0.0,0.0,0.0,0.0,0.0,0.0,0.0,0.0,0.0,0.0,0.0,0.0,0.0,0.0,0.0,0.0,0.0,0.0,0.0,0.0,0.0,0.0,0.0,0.0,0.0,0.0,0.0,0.0,0.0,0.0,0.0,0.0,0.0,0.0,0.0,0.0,bad
0.0,0.0,-0.0752597183885668,0.2907303652483275,-0.30773438975083217,0.5988230111080142,-0.4974514020055426,0.8107432569353333,-0.5738365494542127,1.0,-0.5116810165067539,0.43785812643120897,-0.6583652801417532,0.37350758320290645,-0.45788242975102583,0.37404738801557236,-0.4265160008382363,0.43095581761582635,-0.5056823015257699,0.21183241083537993,-0.6396626513856835,0.17049325226693815,-0.4050116433235378,0.20197829299955114,-0.4002675163376543,0.24557418840813255,-0.47981143832911566,0.014454734893937518,-0.6035820077972575,-0.03039816915912865,-0.39157254374977957,0.015335851269768925,-0.35828031534836946,0.04643600875030172,-0.4508072174082038,-0.17739452366115613,-0.5669814433018211,-0.21722769250560034,-0.41090177488928986,-0.1778748496603829,-0.3565620000926763,-0.15585489382685994,0.0,0.0,0.0,0.0,0.0,0.0,0.0,0.0,0.0,0.0,0.0,0.0,0.0,0.0,0.0,0.0,0.0,0.0,0.0,0.0,0.0,0.0,0.0,0.0,0.0,0.0,0.0,0.0,0.0,0.0,0.0,0.0,0.0,0.0,0.0,0.0,0.0,0.0,0.0,0.0,0.0,0.0,bad
0.0,0.0,-0.08580373517524459,0.2767753201396973,-0.3161700186611402,0.5890262314276107,-0.4933175568776282,0.8124836731768549,-0.5732875088248572,1.0,-0.5277060327862704,0.44447071621000683,-0.6770701741929693,0.42224848654535807,-0.48895703918839445,0.4009338607929846,-0.46363622967268653,0.42254287172576027,-0.5250846985348393,0.24738402429565248,-0.6490782964107112,0.22041881064368207,-0.41249660067169386,0.23375656924381524,-0.4439050545835002,0.26862497002562724,-0.5067986566122461,0.05724837267623257,-0.6161855249567633,0.025481900837406944,-0.415208025495967,0.05698848314268069,-0.4233834937994912,0.07429525058575617,-0.48358241646360006,-0.12869756494224155,-0.5848119016009999,-0.1561560998350907,-0.4402850211193737,-0.11408748631895947,-0.40937055826683155,-0.10323307938285613,0.0,0.0,0.0,0.0,0.0,0.0,0.0,0.0,0.0,0.0,0.0,0.0,0.0,0.0,0.0,0.0,0.0,0.0,0.0,0.0,0.0,0.0,0.0,0.0,0.0,0.0,0.0,0.0,0.0,0.0,0.0,0.0,0.0,0.0,0.0,0.0,0.0,0.0,0.0,0.0,0.0,0.0,bad
0.0,0.0,-0.08054568238164327,0.3004100887956406,-0.30744038790336936,0.617529363328605,-0.48295983071476983,0.815903390918358,-0.5645166219901802,1.0,-0.5181228324712659,0.4945724810821598,-0.6785533088466634,0.4588251792003538,-0.4743312460335011,0.40869510500322714,-0.44412778374063544,0.4310797326961765,-0.5320144331120185,0.2761477901769261,-0.67004356182165,0.23968422623381713,-0.4351230895633211,0.2375210572775929,-0.4355498983317782,0.2799354932661658,-0.5223082192150242,0.07017102914129456,-0.6410745009627469,0.029177251488167473,-0.4334877683510691,0.04037280145841311,-0.4192675213629115,0.06780686094196371,-0.5044919195787286,-0.12872113782111785,-0.6125184054539473,-0.16728854178465036,-0.4557709974991955,-0.14919573335059266,-0.41301640894536523,-0.133352750075959,0.0,0.0,0.0,0.0,0.0,0.0,0.0,0.0,0.0,0.0,0.0,0.0,0.0,0.0,0.0,0.0,0.0,0.0,0.0,0.0,0.0,0.0,0.0,0.0,0.0,0.0,0.0,0.0,0.0,0.0,0.0,0.0,0.0,0.0,0.0,0.0,0.0,0.0,0.0,0.0,0.0,0.0,bad
0.0,0.0,-0.06780819215220658,0.2913027882301034,-0.26299039741156977,0.605687659400457,-0.4416634681952371,0.8207106704593962,-0.5323008547989626,1.0,-0.4879402680976688,0.4697394710505454,-0.6392280265012787,0.4457225974696803,-0.44549194881967435,0.41941645532841426,-0.4243727110004699,0.441245215744371,-0.4926465049376029,0.26321136097051784,-0.6298377926601358,0.2400428296249,-0.40296722493444626,0.2523339275913896,-0.41457390979951864,0.27545223994633744,-0.48191650016679877,0.07434419378791085,-0.6062626668436288,0.04250858206679843,-0.4044494025733646,0.07266508596415082,-0.3969115320737932,0.08404722019951287,-0.46713131189938983,-0.1136602828764003,-0.5768364905534491,-0.13857571768318275,-0.42637357907159434,-0.09871224159638997,-0.3854777440194563,-0.09186308868315045,0.0,0.0,0.0,0.0,0.0,0.0,0.0,0.0,0.0,0.0,0.0,0.0,0.0,0.0,0.0,0.0,0.0,0.0,0.0,0.0,0.0,0.0,0.0,0.0,0.0,0.0,0.0,0.0,0.0,0.0,0.0,0.0,0.0,0.0,0.0,0.0,0.0,0.0,0.0,0.0,0.0,0.0,bad
0.0,0.0,-0.06928085867620751,0.28285760286225403,-0.26976887298747765,0.5995302325581395,-0.4427402504472272,0.8215194991055457,-0.5296298747763865,1.0,-0.4737237924865832,0.4694998211091234,-0.6331948121645796,0.4562840787119857,-0.44493953488372096,0.4129842576028623,-0.4153627906976744,0.4218429338103757,-0.480145259391771,0.26576815742397136,-0.6214967799642218,0.25560536672629697,-0.3970304114490161,0.25395134168157424,-0.4037910554561717,0.2771180679785331,-0.4720186046511628,0.07631055456171736,-0.6005239713774597,0.057603935599284437,-0.4003441860465116,0.07723649373881931,-0.38764257602862257,0.0878175313059034,-0.4588926654740608,-0.11374168157423971,-0.576589266547406,-0.1304443649373882,-0.4317066189624329,-0.09671663685152057,-0.38566261180679784,-0.0878221824686941,0.0,0.0,0.0,0.0,0.0,0.0,0.0,0.0,0.0,0.0,0.0,0.0,0.0,0.0,0.0,0.0,0.0,0.0,0.0,0.0,0.0,0.0,0.0,0.0,0.0,0.0,0.0,0.0,0.0,0.0,0.0,0.0,0.0,0.0,0.0,0.0,0.0,0.0,0.0,0.0,0.0,0.0,bad
0.0,0.0,-0.06452619769276026,0.2888374138464377,-0.24584459349886953,0.5893445964632182,-0.38828468488450724,0.8073944107729313,-0.4444311920622416,1.0,-0.4439077229652275,0.4275406821977611,-0.5895810468614697,0.4603221933111042,-0.4256292004384446,0.42084927542600303,-0.39201034801801904,0.4130356011298005,-0.46100259851315245,0.25293287424291405,-0.5814726814347029,0.28768829281068725,-0.3804305559478958,0.2723001845917342,-0.3910321129633059,0.2720919826923888,-0.46204116678157875,0.07493594391312854,-0.573001444858407,0.10651916067781053,-0.3961353263521179,0.10831555596010196,-0.39058083447460756,0.09615056659165121,-0.45423097995437695,-0.09842369888634653,-0.5505620230668175,-0.06881752829819535,-0.42562327174114334,-0.050651651020136995,-0.3964028152244762,-0.06895772455202588,0.0,0.0,0.0,0.0,0.0,0.0,0.0,0.0,0.0,0.0,0.0,0.0,0.0,0.0,0.0,0.0,0.0,0.0,0.0,0.0,0.0,0.0,0.0,0.0,0.0,0.0,0.0,0.0,0.0,0.0,0.0,0.0,0.0,0.0,0.0,0.0,0.0,0.0,0.0,0.0,0.0,0.0,bad
0.0,0.0,-0.06367111873724153,0.2749528425742871,-0.2604541740995839,0.5859559737249576,-0.4148204141369149,0.8010834322560448,-0.47807207132089796,1.0,-0.46915622766924925,0.4314686859333733,-0.6184755809012243,0.48329467850667296,-0.44232239076263014,0.43713013694121466,-0.3957731294464936,0.42647500894144286,-0.481793832635206,0.24177112978147772,-0.5972808871081582,0.2846874956572747,-0.4018214944241235,0.26645755758545203,-0.3896084708560161,0.2624596903664273,-0.4651689658425911,0.053952556594396406,-0.5751633413276049,0.09498299114486308,-0.40230275981565633,0.09378823883928734,-0.3789891817683797,0.08348089456850316,-0.44275501763055053,-0.12494505309644544,-0.5478412906689369,-0.08823430456785221,-0.4116731725263288,-0.06604233818914022,-0.3676644512367716,-0.0725094333136585,0.0,0.0,0.0,0.0,0.0,0.0,0.0,0.0,0.0,0.0,0.0,0.0,0.0,0.0,0.0,0.0,0.0,0.0,0.0,0.0,0.0,0.0,0.0,0.0,0.0,0.0,0.0,0.0,0.0,0.0,0.0,0.0,0.0,0.0,0.0,0.0,0.0,0.0,0.0,0.0,0.0,0.0,bad
0.0,0.0,-0.05650905578571908,0.272098044608651,-0.25306425496680374,0.5816399530192089,-0.40694728088203763,0.7983222486675662,-0.4687214626705562,1.0,-0.46100839778032365,0.43161472286169905,-0.6084613429951482,0.4712145198654103,-0.4308448240638673,0.4282160510002909,-0.383561920726051,0.42356020262090444,-0.47625297149172674,0.24568542649794586,-0.592314042188866,0.26851565099942465,-0.3960499463272615,0.25494514696656984,-0.3837756010299968,0.26294263766678433,-0.46250813031899723,0.06354534606463685,-0.5712248429341482,0.08198068647685214,-0.39902306231307483,0.0843871165214579,-0.37657760673728224,0.08616008552987302,-0.44189411707803733,-0.11025578831789565,-0.5438452492587964,-0.10001573726562844,-0.41056504724428206,-0.07495739027047162,-0.36848013386782286,-0.0676428102713812,0.0,0.0,0.0,0.0,0.0,0.0,0.0,0.0,0.0,0.0,0.0,0.0,0.0,0.0,0.0,0.0,0.0,0.0,0.0,0.0,0.0,0.0,0.0,0.0,0.0,0.0,0.0,0.0,0.0,0.0,0.0,0.0,0.0,0.0,0.0,0.0,0.0,0.0,0.0,0.0,0.0,0.0,bad
0.0,0.0,-0.08823228141616286,0.2911989592628161,-0.28443845713227056,0.5824666994793726,-0.4438242654027735,0.8063379799921383,-0.5122701893362157,1.0,-0.5034140868570322,0.36033897916491786,-0.6495549391565902,0.384009981373674,-0.4702801566578669,0.3726171189877219,-0.42686791135540264,0.3757828918101483,-0.5018924007030449,0.16099772320251515,-0.6264434293296038,0.18384446333660845,-0.4083684233297599,0.20535441235365096,-0.4046387206446772,0.2046274050684167,-0.4763765158157366,-0.024204979075428668,-0.5900873333217466,-0.008875701353098859,-0.3986211267725425,0.03771562921445125,-0.3840846789685963,0.03145545305385586,-0.43975731417031866,-0.20323403607006338,-0.5373715395507125,-0.19226791142936067,-0.4008783253834631,-0.134183135575765,-0.36675224841609666,-0.13400563634030596,0.0,0.0,0.0,0.0,0.0,0.0,0.0,0.0,0.0,0.0,0.0,0.0,0.0,0.0,0.0,0.0,0.0,0.0,0.0,0.0,0.0,0.0,0.0,0.0,0.0,0.0,0.0,0.0,0.0,0.0,0.0,0.0,0.0,0.0,0.0,0.0,0.0,0.0,0.0,0.0,0.0,0.0,bad
0.0,0.0,-0.0875065343624129,0.3250067353443026,-0.24983950860810336,0.6315882353633223,-0.38877073986041466,0.8292406884600316,-0.46690779264629817,1.0,-0.5389114663991614,0.453787694888707,-0.6764534716141022,0.49658213139627316,-0.48545812694290663,0.4505582590615381,-0.43683815683332544,0.42617180284872713,-0.5614120262072541,0.2606674324240063,-0.6754215031406117,0.3105450589631844,-0.47271018882101473,0.2911519732892127,-0.45501829229315827,0.2712079031177095,-0.5689560039859121,0.06423498841756076,-0.669719303790891,0.1201448167653014,-0.48260045859165224,0.11882755204842703,-0.46051598031514746,0.09620071678965451,-0.5639363587414965,-0.1376920063325962,-0.6636135720226936,-0.07185779031294744,-0.5238321383571093,-0.0392265667861839,-0.48557969647616983,-0.05347686904333797,0.0,0.0,0.0,0.0,0.0,0.0,0.0,0.0,0.0,0.0,0.0,0.0,0.0,0.0,0.0,0.0,0.0,0.0,0.0,0.0,0.0,0.0,0.0,0.0,0.0,0.0,0.0,0.0,0.0,0.0,0.0,0.0,0.0,0.0,0.0,0.0,0.0,0.0,0.0,0.0,0.0,0.0,bad
0.0,0.0,-0.104120874290035,0.2761738234656257,-0.28413583557532807,0.5666092247094199,-0.40679236490882553,0.7863096912787869,-0.44966978201363367,1.0,-0.488397677117586,0.38145269537592247,-0.6144578622213626,0.32748143393881846,-0.4630942751469752,0.3244957709824333,-0.4124999267321974,0.3888219709625045,-0.504899051621563,0.20513189669825974,-0.5854874067300873,0.17630211538799698,-0.42868405165087015,0.18480740825405756,-0.4092387768379961,0.2353695188356867,-0.49836795969684716,0.029505310450333222,-0.5768875983986589,0.027773992274642893,-0.4464306124602156,0.047876112937921655,-0.40631209446271255,0.09249180865966812,-0.4849269813079182,-0.13592166499616076,-0.5786071937259315,-0.11999104667452097,-0.5067534597056392,-0.049990988060278886,-0.4753120475713189,0.030326642517598926,0.0,0.0,0.0,0.0,0.0,0.0,0.0,0.0,0.0,0.0,0.0,0.0,0.0,0.0,0.0,0.0,0.0,0.0,0.0,0.0,0.0,0.0,0.0,0.0,0.0,0.0,0.0,0.0,0.0,0.0,0.0,0.0,0.0,0.0,0.0,0.0,0.0,0.0,0.0,0.0,0.0,0.0,bad
0.0,0.0,-0.10146343011576184,0.2472279914022111,-0.282472653960911,0.5497249999716631,-0.40694525729325315,0.8037187061604767,-0.46751818377943777,1.0,-0.5301419451269436,0.28720755861862596,-0.6664042041359007,0.33591753135098557,-0.48595265019777256,0.3377292028985234,-0.4501544738085945,0.3290210890658538,-0.5340773717878723,0.10262335329635433,-0.6365290035579794,0.15629454794544356,-0.4325183519116252,0.18534590080503202,-0.4260722771936811,0.17070706574573047,-0.504506509360429,-0.07135001078690775,-0.598857003385691,-0.030385453429839948,-0.4283686983961701,0.01420773657426701,-0.41518826837826495,-0.005020540463750133,-0.46331072301752313,-0.23077257306854843,-0.5512359227075554,-0.1955690934501367,-0.42730285367550186,-0.1324409355403863,-0.39535736024153606,-0.13454768852246568,0.0,0.0,0.0,0.0,0.0,0.0,0.0,0.0,0.0,0.0,0.0,0.0,0.0,0.0,0.0,0.0,0.0,0.0,0.0,0.0,0.0,0.0,0.0,0.0,0.0,0.0,0.0,0.0,0.0,0.0,0.0,0.0,0.0,0.0,0.0,0.0,0.0,0.0,0.0,0.0,0.0,0.0,bad
0.0,0.0,-0.11249746705767791,0.26503864144231365,-0.2761536848682026,0.5531115789236684,-0.3770819378697392,0.7962339369241074,-0.42234420997528976,1.0,-0.4717379924462031,0.33778896650324497,-0.5857124814954492,0.4178549215069318,-0.4513710253913396,0.3797921861543744,-0.44206633213065477,0.34099560112350064,-0.49145202325803927,0.17920707647797185,-0.5818933673498106,0.2797392054441374,-0.43300121299793426,0.2641897539668691,-0.43371149224075334,0.2227937368779516,-0.4863108539392882,0.02862260003714982,-0.5785739816164674,0.12392912827382795,-0.45102344941714184,0.13389907069160584,-0.4318824968056783,0.09969625799987616,-0.47496784570441125,-0.10775734693992424,-0.5660457674533798,-0.03766450053191789,-0.5003788859556791,0.03429744623126326,-0.48529697341536315,0.049689996003579893,0.0,0.0,0.0,0.0,0.0,0.0,0.0,0.0,0.0,0.0,0.0,0.0,0.0,0.0,0.0,0.0,0.0,0.0,0.0,0.0,0.0,0.0,0.0,0.0,0.0,0.0,0.0,0.0,0.0,0.0,0.0,0.0,0.0,0.0,0.0,0.0,0.0,0.0,0.0,0.0,0.0,0.0,bad
0.0,0.0,-0.10969973501696303,0.24823663957885678,-0.27313480238278404,0.543376603088423,-0.38047467039234584,0.7914109683523597,-0.4289342906914023,1.0,-0.4726520704931514,0.33943435406331884,-0.600592232666307,0.38333819675948444,-0.4465944226818406,0.35990827283525956,-0.4210094851547601,0.3516408168197909,-0.49068174918279706,0.1738560632186449,-0.5915116265360321,0.22729295805368632,-0.4286115360468304,0.22157474791241116,-0.4287205946938547,0.20750323491527323,-0.4825218780488524,0.010946024812315963,-0.587085171855795,0.06541418705621237,-0.45532758859541306,0.08421906639903085,-0.43220199724700603,0.07584955212266445,-0.4728053421051856,-0.13920746786454327,-0.5810478914836987,-0.09261768754402874,-0.524610041648613,-0.01686466706163582,-0.5175267562126584,0.024094592164873092,0.0,0.0,0.0,0.0,0.0,0.0,0.0,0.0,0.0,0.0,0.0,0.0,0.0,0.0,0.0,0.0,0.0,0.0,0.0,0.0,0.0,0.0,0.0,0.0,0.0,0.0,0.0,0.0,0.0,0.0,0.0,0.0,0.0,0.0,0.0,0.0,0.0,0.0,0.0,0.0,0.0,0.0,bad
0.0,0.0,-0.08104643786620298,0.2583715170892367,-0.23919409147676265,0.5687374864421707,-0.3432357405619101,0.8122962785705587,-0.3822461818604032,1.0,-0.45788612556178265,0.37602409399717374,-0.5746777980102912,0.42977009036664904,-0.40712922345851377,0.3955756873784043,-0.38817658169955,0.371217259435258,-0.47713010135450856,0.21230711067436572,-0.5708008960202993,0.26164132567959064,-0.3839184321343917,0.2508502847498138,-0.3907451354650158,0.22393179880889336,-0.46954550474771817,0.05229675999739463,-0.5560835714508222,0.09541844487804325,-0.40032694546000336,0.10826369163761586,-0.3912332881169697,0.08130909868400558,-0.4553168638156758,-0.0984025832797628,-0.5421499814509072,-0.06618627820240883,-0.43640988680805515,-0.015461589218304414,-0.411499587955267,-0.017931733674674398,0.0,0.0,0.0,0.0,0.0,0.0,0.0,0.0,0.0,0.0,0.0,0.0,0.0,0.0,0.0,0.0,0.0,0.0,0.0,0.0,0.0,0.0,0.0,0.0,0.0,0.0,0.0,0.0,0.0,0.0,0.0,0.0,0.0,0.0,0.0,0.0,0.0,0.0,0.0,0.0,0.0,0.0,bad
0.0,0.0,-0.13199294508054057,0.23995860246953143,-0.31939959647470767,0.5294367172408562,-0.4222207514797411,0.7795039650056178,-0.465882064256739,1.0,-0.5574195281316268,0.2712254265056436,-0.7063339460136879,0.25229116521121214,-0.5370033002687201,0.2913660836720879,-0.4735620492706472,0.3460571909824908,-0.5573912743944895,0.10814950019913079,-0.6644179788205342,0.12406912644476259,-0.47510671591331755,0.15158013862908998,-0.45874586692334995,0.16584247032099728,-0.5307007816996288,-0.057992150105525775,-0.6333315142571067,-0.02620011618865601,-0.4726060666579196,0.004152912321686988,-0.44595698697502717,0.011627380425733504,-0.494719453936539,-0.21647935987094621,-0.5948924984005676,-0.18782039447635568,-0.4795259100315861,-0.1361218610775356,-0.4392906531606062,-0.1188058035498305,0.0,0.0,0.0,0.0,0.0,0.0,0.0,0.0,0.0,0.0,0.0,0.0,0.0,0.0,0.0,0.0,0.0,0.0,0.0,0.0,0.0,0.0,0.0,0.0,0.0,0.0,0.0,0.0,0.0,0.0,0.0,0.0,0.0,0.0,0.0,0.0,0.0,0.0,0.0,0.0,0.0,0.0,bad
0.0,0.0,-0.08494373635942871,0.27915583500877206,-0.19134504036602923,0.5654665098248701,-0.27714091796356904,0.8017935579000518,-0.3170931336588471,1.0,-0.40902230605005646,0.40873179503972573,-0.5529584375337299,0.4323414858138059,-0.4310605298350051,0.393165307716653,-0.3521600810796472,0.386904685679161,-0.4377510642618404,0.24417487006584063,-0.5569370480202992,0.277899393183236,-0.434249565056721,0.25130812278297837,-0.37507496025597165,0.25221331703934885,-0.4536113555412048,0.08327640805454582,-0.5646681533707876,0.11553154550759848,-0.4603468935628395,0.11080360687347587,-0.3957546608905955,0.12569760145475034,-0.4579628006871281,-0.06806446124659958,-0.5630399745345512,-0.05231393483259943,-0.5274487169401946,-0.016454119200984958,-0.5076603070123284,0.029487599314335474,0.0,0.0,0.0,0.0,0.0,0.0,0.0,0.0,0.0,0.0,0.0,0.0,0.0,0.0,0.0,0.0,0.0,0.0,0.0,0.0,0.0,0.0,0.0,0.0,0.0,0.0,0.0,0.0,0.0,0.0,0.0,0.0,0.0,0.0,0.0,0.0,0.0,0.0,0.0,0.0,0.0,0.0,bad
0.0,0.0,-0.07464167915614389,0.26878876075390334,-0.17851016103939069,0.5623270070744392,-0.2606330489392619,0.8014960991476734,-0.30022124556332414,1.0,-0.37146723669068543,0.3681809949847203,-0.5331116124331022,0.3669934845570169,-0.4187640907684344,0.35974899359293383,-0.3422874923173672,0.3822125839742063,-0.39352120549242287,0.20083257635930907,-0.5185720071243496,0.22082489016152423,-0.41119625187342157,0.23206007212762225,-0.36341883218278037,0.2638989699924564,-0.3990302414093549,0.04197034753307275,-0.5203655721083711,0.07081284037093391,-0.4419542336119283,0.09673415024734155,-0.3887280269573067,0.13501647755387824,-0.3937597057854681,-0.10428915504586764,-0.5164693543166058,-0.08831569595740221,-0.5350912718161815,-0.011792039152550348,-0.5536180031001473,0.08691178840282521,0.0,0.0,0.0,0.0,0.0,0.0,0.0,0.0,0.0,0.0,0.0,0.0,0.0,0.0,0.0,0.0,0.0,0.0,0.0,0.0,0.0,0.0,0.0,0.0,0.0,0.0,0.0,0.0,0.0,0.0,0.0,0.0,0.0,0.0,0.0,0.0,0.0,0.0,0.0,0.0,0.0,0.0,bad
0.0,0.0,-0.13322415104843924,0.2600654780940823,-0.3185907275074458,0.5448490539924513,-0.4258484433118748,0.7876344611506285,-0.4780405207283441,1.0,-0.5774129506505976,0.24931405949326804,-0.7329498139418141,0.24342110921799265,-0.5643306244971268,0.2869897669952561,-0.49660567940755385,0.32033206636010136,-0.5770352826372018,0.08115835393044497,-0.6959186051148604,0.10933176219269514,-0.5053577251092931,0.152516105625064,-0.48485144667179086,0.15303882004940178,-0.5517412997565879,-0.08672446108025562,-0.658586552047422,-0.042692905862142576,-0.4958765377460804,0.002371176502325043,-0.4711349823012102,-0.003135113663997448,-0.5196684497079914,-0.24767046080971084,-0.6187984840108812,-0.21245272308020716,-0.5057803536004741,-0.14239491563459564,-0.4665365028254728,-0.1264589675041305,0.0,0.0,0.0,0.0,0.0,0.0,0.0,0.0,0.0,0.0,0.0,0.0,0.0,0.0,0.0,0.0,0.0,0.0,0.0,0.0,0.0,0.0,0.0,0.0,0.0,0.0,0.0,0.0,0.0,0.0,0.0,0.0,0.0,0.0,0.0,0.0,0.0,0.0,0.0,0.0,0.0,0.0,bad
0.0,0.0,-0.06627822667734484,0.26178626847646763,-0.17530707115659902,0.5460130497277031,-0.26677834969858977,0.8074467553269179,-0.30897643383466533,1.0,-0.4635250994380886,0.36250390874274246,-0.5563389923106004,0.4098764004081757,-0.4056940048300134,0.3681824909890614,-0.3862448851425952,0.35176397434753814,-0.485173571050242,0.19736855433209594,-0.5526209079915451,0.25972709215353185,-0.3862190719198862,0.22950928410130939,-0.3856626172581979,0.21869223678763267,-0.4837290108275033,0.033633322191170115,-0.5372855664548348,0.09369677043908946,-0.39051550312748434,0.08382370287739013,-0.3811861469909461,0.0670500093613776,-0.4719183178143585,-0.1159183609453129,-0.5210660403529288,-0.048113559881938814,-0.4124917046431453,-0.02493361263893804,-0.3899878024353959,-0.04519960646271607,0.0,0.0,0.0,0.0,0.0,0.0,0.0,0.0,0.0,0.0,0.0,0.0,0.0,0.0,0.0,0.0,0.0,0.0,0.0,0.0,0.0,0.0,0.0,0.0,0.0,0.0,0.0,0.0,0.0,0.0,0.0,0.0,0.0,0.0,0.0,0.0,0.0,0.0,0.0,0.0,0.0,0.0,bad
0.0,0.0,-0.1826730078032186,0.251301353588764,-0.3894945068207447,0.524303499568164,-0.4936857667633426,0.7655364759925626,-0.540500175374415,1.0,-0.5773540715150464,0.19422999317359804,-0.7734185187839199,0.13874416832926642,-0.797630371077176,0.2441211856064749,-0.7985144089882217,0.39205421898041465,-0.570474491508484,0.0226651630982059,-0.7682738254628565,-0.006362885493707264,-0.7742301440333098,0.10558935232154239,-0.7760811926968814,0.2228311087811667,-0.5397798202506534,-0.1310439114906071,-0.7436229714083131,-0.148228341259754,-0.7574153205580301,-0.030479319019261014,-0.7556653479013529,0.08917770142600143,-0.500405058326136,-0.26974357620489764,-0.6696530603778281,-0.28179839862415945,-0.7166643409127766,-0.17641082116712617,-0.7476120793371225,-0.05583845942062328,0.0,0.0,0.0,0.0,0.0,0.0,0.0,0.0,0.0,0.0,0.0,0.0,0.0,0.0,0.0,0.0,0.0,0.0,0.0,0.0,0.0,0.0,0.0,0.0,0.0,0.0,0.0,0.0,0.0,0.0,0.0,0.0,0.0,0.0,0.0,0.0,0.0,0.0,0.0,0.0,0.0,0.0,bad
0.0,0.0,-0.09573067398776898,0.2753521821106402,-0.26032662339072254,0.5662666898743617,-0.39998533501482336,0.796584909374307,-0.4894716440765384,1.0,-0.5607719477342776,0.27640863055734416,-0.6977475365850446,0.28217602751891585,-0.599400301771224,0.38058270535517563,-0.5334338525521167,0.49778192099203644,-0.5628691829930309,0.10996354042641648,-0.6473448368039871,0.12899954545664877,-0.46225065520804526,0.1721370264891634,-0.43047035092384067,0.1805017631797105,-0.5359991571192986,-0.0589115946996757,-0.6111237472027075,-0.018043270960873322,-0.4465836813597716,0.016833409683802276,-0.40845187233062563,0.016662911433811975,-0.49356929721618004,-0.21994843762736202,-0.5727708955571857,-0.17157890278147073,-0.4546316258948044,-0.11847741859242482,-0.41455136713612417,-0.12245974514960954,0.0,0.0,0.0,0.0,0.0,0.0,0.0,0.0,0.0,0.0,0.0,0.0,0.0,0.0,0.0,0.0,0.0,0.0,0.0,0.0,0.0,0.0,0.0,0.0,0.0,0.0,0.0,0.0,0.0,0.0,0.0,0.0,0.0,0.0,0.0,0.0,0.0,0.0,0.0,0.0,0.0,0.0,bad
0.0,0.0,-0.10800547665000577,0.22931921281404133,-0.26935451411227135,0.5082948153280217,-0.349522112799195,0.7670879728147012,-0.39476781973243597,1.0,-0.5468774847000214,0.2331086587156266,-0.6171689678494251,0.272658649642863,-0.5557767110407285,0.36135827518516683,-0.5640768050675509,0.4595008330446545,-0.551001798056779,0.06905791722340443,-0.5835664208772537,0.12431797561900991,-0.4155441183748206,0.17729334718991768,-0.41681529502977516,0.1895264017419706,-0.5238132000461886,-0.08819155078273205,-0.5516481087411953,-0.011514491677801423,-0.3939067319905643,0.03730753369294469,-0.38043582256973657,0.033506870556407845,-0.4810174691938437,-0.23452664918097688,-0.5159165965589482,-0.15447782121707,-0.40000098975602516,-0.0790392768182643,-0.3748159878589928,-0.07005988023952096,0.0,0.0,0.0,0.0,0.0,0.0,0.0,0.0,0.0,0.0,0.0,0.0,0.0,0.0,0.0,0.0,0.0,0.0,0.0,0.0,0.0,0.0,0.0,0.0,0.0,0.0,0.0,0.0,0.0,0.0,0.0,0.0,0.0,0.0,0.0,0.0,0.0,0.0,0.0,0.0,0.0,0.0,bad
0.0,0.0,-0.10713470488954534,0.229988649297646,-0.2689001684650322,0.5049551202284505,-0.3515645077433024,0.764119602366317,-0.38583113839581945,1.0,-0.528162388425094,0.24675771168591498,-0.6084074824079727,0.2891384551491126,-0.5622132464413909,0.3821067965257795,-0.5765457330258599,0.48339471872272594,-0.533765294954324,0.08581849180860249,-0.5782082127874171,0.1423015851950619,-0.4290178285653618,0.213720454215451,-0.437413288908943,0.24441731239724648,-0.5061285986176187,-0.06450852395591493,-0.5385082335528011,0.011874052481775643,-0.39143342040222395,0.06993906218529905,-0.382765980368125,0.07504328723834446,-0.46239732454421545,-0.20101094632382446,-0.4864055432645994,-0.11928916811998333,-0.38020168964650447,-0.04156730248294662,-0.3630710285422544,-0.028970364830621605,0.0,0.0,0.0,0.0,0.0,0.0,0.0,0.0,0.0,0.0,0.0,0.0,0.0,0.0,0.0,0.0,0.0,0.0,0.0,0.0,0.0,0.0,0.0,0.0,0.0,0.0,0.0,0.0,0.0,0.0,0.0,0.0,0.0,0.0,0.0,0.0,0.0,0.0,0.0,0.0,0.0,0.0,bad
0.0,0.0,-0.06282221391746981,0.2686259787131672,-0.16823752201426057,0.5461930900650399,-0.26300312799642517,0.8024013686841501,-0.31564163926669797,1.0,-0.5213074042201095,0.3696878632138706,-0.5433579504480567,0.3967492608579876,-0.38676784369389294,0.33745247148288976,-0.3642755836850472,0.3326690483782304,-0.5567627922710946,0.18513835984187446,-0.5046759946560061,0.2190077497054289,-0.3324470486319444,0.1971654889537269,-0.3524895971547461,0.22160717530608537,-0.5399068115350726,0.004122852431025793,-0.47509917131523277,0.02681596935317788,-0.3286147672974088,0.04267280837393329,-0.34703674624371855,0.07503619995862862,-0.5013805698507773,-0.15139354126452426,-0.44855405879536137,-0.13295784804817365,-0.3367653294110521,-0.09504817708779761,-0.3369050435370931,-0.07451820055062794,0.0,0.0,0.0,0.0,0.0,0.0,0.0,0.0,0.0,0.0,0.0,0.0,0.0,0.0,0.0,0.0,0.0,0.0,0.0,0.0,0.0,0.0,0.0,0.0,0.0,0.0,0.0,0.0,0.0,0.0,0.0,0.0,0.0,0.0,0.0,0.0,0.0,0.0,0.0,0.0,0.0,0.0,bad
0.0,0.0,-0.07938398324377638,0.27334190836168304,-0.2209861511574857,0.5714520820203179,-0.3276539512391145,0.8030971994919095,-0.38845708450180977,1.0,-0.5027493899308102,0.3558064333320167,-0.608963108487847,0.29973044186583,-0.4625220314688657,0.2880628507218079,-0.3481833590641427,0.3023639143573337,-0.5317022747867263,0.1616885135262772,-0.6087301287456359,0.12515248152047045,-0.43871287565121275,0.1365702061842097,-0.3513300166634897,0.1615763168936645,-0.5264512147861423,-0.022503152668133238,-0.5739587608683332,-0.052419869565690266,-0.4253268442464594,-0.020852259359689238,-0.35804435545038077,0.010911408737484495,-0.4958928018418566,-0.19229157615088843,-0.5421461498523412,-0.20133599857578968,-0.42504291807413336,-0.15826823352698702,-0.3724255595377728,-0.12575095896637134,0.0,0.0,0.0,0.0,0.0,0.0,0.0,0.0,0.0,0.0,0.0,0.0,0.0,0.0,0.0,0.0,0.0,0.0,0.0,0.0,0.0,0.0,0.0,0.0,0.0,0.0,0.0,0.0,0.0,0.0,0.0,0.0,0.0,0.0,0.0,0.0,0.0,0.0,0.0,0.0,0.0,0.0,bad
0.0,0.0,-0.08277451858619016,0.29124155179295635,-0.19248418629229086,0.5824055365618094,-0.2919972916180751,0.8014082185493997,-0.351087742848078,1.0,-0.4550458695828995,0.3941328626164111,-0.5651451230541584,0.34565508853144616,-0.4328245331569402,0.294703249573516,-0.3245633218939928,0.28080474710187514,-0.47837334409216686,0.18849783377925394,-0.6109022607016907,0.16142909700672087,-0.4518747788127828,0.1311515632717986,-0.3411521611842761,0.13192023093426788,-0.4764791465903637,-0.0073535154829705365,-0.594341431725667,-0.031715216980283435,-0.4534442990661253,-0.038458700138273995,-0.3607127870855214,-0.023062184513635904,-0.45020264385047015,-0.18888795820430185,-0.5665818636447129,-0.20186400561499068,-0.4629185185344788,-0.18342419627904522,-0.3940240533187105,-0.16087966391932168,0.0,0.0,0.0,0.0,0.0,0.0,0.0,0.0,0.0,0.0,0.0,0.0,0.0,0.0,0.0,0.0,0.0,0.0,0.0,0.0,0.0,0.0,0.0,0.0,0.0,0.0,0.0,0.0,0.0,0.0,0.0,0.0,0.0,0.0,0.0,0.0,0.0,0.0,0.0,0.0,0.0,0.0,bad
0.0,0.0,-0.15666679733885572,0.27434029322221876,-0.3456755788186349,0.527311670765349,-0.4894092248597769,0.7554014172479264,-0.5409308510556203,1.0,-0.6077726081664768,0.32326951694607364,-0.7438125432337169,0.31128214420097916,-0.6537137087576192,0.3590584688079826,-0.5840969682302983,0.4066529841566659,-0.6247159037417209,0.11863007804216431,-0.752786635877418,0.10541356358801961,-0.6631086790307251,0.1511390550672154,-0.6208838646289625,0.18963292124263695,-0.6018259946494369,-0.08158790786314239,-0.7326854462151726,-0.1060651753780259,-0.671028185373831,-0.04944254935473147,-0.6398911119966638,0.0031345891650942275,-0.5545205529347379,-0.2752247998940629,-0.685622313953413,-0.3237245031035674,-0.6778262773952444,-0.27935918564268647,-0.6829879317545458,-0.21535260346845148,0.0,0.0,0.0,0.0,0.0,0.0,0.0,0.0,0.0,0.0,0.0,0.0,0.0,0.0,0.0,0.0,0.0,0.0,0.0,0.0,0.0,0.0,0.0,0.0,0.0,0.0,0.0,0.0,0.0,0.0,0.0,0.0,0.0,0.0,0.0,0.0,0.0,0.0,0.0,0.0,0.0,0.0,bad
0.0,0.0,-0.07190744270387742,0.2772105500706057,-0.24709144103306277,0.5729560923470933,-0.39265306265811645,0.8001485198605799,-0.46938625255103866,1.0,-0.5263872672251089,0.34567450428423196,-0.7022619896284666,0.3667134219183919,-0.7147340644768565,0.39248487343997746,-0.7556679428783484,0.4067338099640156,-0.5255401069143061,0.15350893368440974,-0.6662730093320024,0.19360254145391406,-0.46107068040441607,0.22096105075437256,-0.4429966212204539,0.2028482202406065,-0.5044622828586007,-0.04122121853561363,-0.5837857218026048,-0.004716187786706892,-0.3936897566822117,0.03551224154079156,-0.3859015826943156,0.01936553623248316,-0.4685492241208466,-0.23615738566138958,-0.540353321642494,-0.18730875231023764,-0.4044490033404135,-0.14485576727583585,-0.38062719583182536,-0.1620757764701798,0.0,0.0,0.0,0.0,0.0,0.0,0.0,0.0,0.0,0.0,0.0,0.0,0.0,0.0,0.0,0.0,0.0,0.0,0.0,0.0,0.0,0.0,0.0,0.0,0.0,0.0,0.0,0.0,0.0,0.0,0.0,0.0,0.0,0.0,0.0,0.0,0.0,0.0,0.0,0.0,0.0,0.0,bad
0.0,0.0,-0.06476306095575693,0.2630779018018368,-0.24020324141724497,0.5600356700355034,-0.377705116594345,0.7929476672796876,-0.46252382169427114,1.0,-0.5527466482945611,0.3243464660551274,-0.7500148625147931,0.3829133862642583,-0.7626195251773779,0.4520379702527461,-0.8171350905363284,0.49761366351266506,-0.5464216064850569,0.11764611102159649,-0.6683432601967964,0.1845832661973631,-0.46189515120872526,0.22007272909108083,-0.44581029875043754,0.19741586705411066,-0.5095756265869554,-0.08793344371412856,-0.5894451142607913,-0.02093906091130829,-0.39977456204197065,0.02271589539012018,-0.39568931510198185,-0.005552746648294561,-0.4588237500208353,-0.30033919870209963,-0.5418732602523572,-0.23594478367401367,-0.4021283954595712,-0.17636471222282105,-0.37485845885444735,-0.1962025580193685,0.0,0.0,0.0,0.0,0.0,0.0,0.0,0.0,0.0,0.0,0.0,0.0,0.0,0.0,0.0,0.0,0.0,0.0,0.0,0.0,0.0,0.0,0.0,0.0,0.0,0.0,0.0,0.0,0.0,0.0,0.0,0.0,0.0,0.0,0.0,0.0,0.0,0.0,0.0,0.0,0.0,0.0,bad
0.0,0.0,-0.07123204386870378,0.2522890708717346,-0.23926284404312792,0.5412920618079263,-0.3415221924710849,0.7796409745223196,-0.4056421240688833,1.0,-0.5120017432576044,0.30893092415525913,-0.7123482304631807,0.31197252500091616,-0.7700407604518599,0.4073617709608404,-0.8029063803277511,0.5007935412896024,-0.5110589134005796,0.12472506432074562,-0.6066857421547874,0.2058025293467629,-0.4280751292870967,0.23483190033524753,-0.39194827975054297,0.20793487181719603,-0.4788141814793144,-0.0613882213533808,-0.5526666455154035,0.02676803040666255,-0.3871989603416273,0.06255805837305958,-0.35893140374785626,0.03926658240593652,-0.4320920247194322,-0.2553017731891014,-0.5069039198947553,-0.17584865139791403,-0.39352663128503024,-0.10077002895509563,-0.35741785870021553,-0.09051301897145342,0.0,0.0,0.0,0.0,0.0,0.0,0.0,0.0,0.0,0.0,0.0,0.0,0.0,0.0,0.0,0.0,0.0,0.0,0.0,0.0,0.0,0.0,0.0,0.0,0.0,0.0,0.0,0.0,0.0,0.0,0.0,0.0,0.0,0.0,0.0,0.0,0.0,0.0,0.0,0.0,0.0,0.0,bad
0.0,0.0,-0.0952989807272428,0.2896499520210175,-0.2398342408182273,0.5749063301748369,-0.3446221806231684,0.7910983013655734,-0.3968089227667899,1.0,-0.5006134517294596,0.3638437065217454,-0.7018086953918878,0.3311770133759762,-0.7392625800201357,0.41373240794626354,-0.731143626681495,0.5097108654694659,-0.49791926061135644,0.16885435860418288,-0.6377664531645117,0.17868662500237448,-0.5193164477247831,0.23925216106892683,-0.44298790192831183,0.2730567648638427,-0.4643716192374134,-0.01738284004492237,-0.5891151317133879,0.002448050591203527,-0.4696613380351009,0.0701881570487083,-0.3860070607102501,0.11314992525409864,-0.40964691268055436,-0.2047192668281892,-0.5473100397819733,-0.21638561401872763,-0.533471139792968,-0.12729552232620067,-0.5170711349576536,-0.040172022065151254,0.0,0.0,0.0,0.0,0.0,0.0,0.0,0.0,0.0,0.0,0.0,0.0,0.0,0.0,0.0,0.0,0.0,0.0,0.0,0.0,0.0,0.0,0.0,0.0,0.0,0.0,0.0,0.0,0.0,0.0,0.0,0.0,0.0,0.0,0.0,0.0,0.0,0.0,0.0,0.0,0.0,0.0,bad
0.0,0.0,-0.04046818735453872,0.2692904350219762,-0.19178729882088788,0.5765334634521676,-0.32367595518362424,0.7974536451652755,-0.3867720510382007,1.0,-0.4782293128879831,0.42727060544227274,-0.6381858289313203,0.4336439547392082,-0.6980045635560582,0.4859509384558366,-0.7208012009183493,0.5360410239147252,-0.48182920742208,0.21629361143608575,-0.5847200261674835,0.21672973616112404,-0.37992308948765297,0.2197092308368371,-0.3669891101480254,0.22673676722133,-0.46195081242739894,0.007416815012640155,-0.5187158448424105,0.005988941833730351,-0.3323999006696919,0.02595118305050175,-0.32558472634831775,0.04339275187239289,-0.4316424241569983,-0.19889919963650746,-0.48819488722527665,-0.1774091745386074,-0.3489891192685044,-0.1449492859908613,-0.316759315532922,-0.13269944622109534,0.0,0.0,0.0,0.0,0.0,0.0,0.0,0.0,0.0,0.0,0.0,0.0,0.0,0.0,0.0,0.0,0.0,0.0,0.0,0.0,0.0,0.0,0.0,0.0,0.0,0.0,0.0,0.0,0.0,0.0,0.0,0.0,0.0,0.0,0.0,0.0,0.0,0.0,0.0,0.0,0.0,0.0,bad
0.0,0.0,-0.05841443677359098,0.26977437878939853,-0.19684665590383818,0.5764569259204562,-0.3025119594917109,0.7990519100660336,-0.3552667882735237,1.0,-0.4835638705658146,0.37706348170277154,-0.6714551340758441,0.32511641949627745,-0.6437073995873969,0.39087968733697614,-0.6302183127023385,0.4627038758783441,-0.4786570893286203,0.17319924656840335,-0.5932430068916713,0.18253760479518788,-0.40179244945410486,0.2221884294721392,-0.3953841477951743,0.24139176174867905,-0.4562063600151009,-0.020391141281529284,-0.5452794345129938,-0.0028774353083610847,-0.370630885554305,0.03469736979388494,-0.3540649670940716,0.040487522864290075,-0.42237431759954314,-0.20554478880679278,-0.508344149085504,-0.18108598384366043,-0.3772810232314796,-0.13389610527074494,-0.33717959121749164,-0.13129840941658447,0.0,0.0,0.0,0.0,0.0,0.0,0.0,0.0,0.0,0.0,0.0,0.0,0.0,0.0,0.0,0.0,0.0,0.0,0.0,0.0,0.0,0.0,0.0,0.0,0.0,0.0,0.0,0.0,0.0,0.0,0.0,0.0,0.0,0.0,0.0,0.0,0.0,0.0,0.0,0.0,0.0,0.0,bad
0.0,0.0,-0.05970888584057309,0.2846343166126104,-0.21366522069095684,0.5851256008775358,-0.31759186210240603,0.7959377638155437,-0.3643158900173975,1.0,-0.489438790055541,0.4237172789753868,-0.6723682412876212,0.39171529362151764,-0.6999300308859148,0.45544049347968407,-0.697050912401986,0.5351547415130861,-0.4980484066232163,0.21539549528419227,-0.6192812489881724,0.23138020000426449,-0.46777225369252917,0.27826918050057137,-0.4142151810865429,0.3048688947801935,-0.4690680840545443,0.01538244517572435,-0.5552283156949568,0.042106441501951,-0.3930007589200749,0.07835909002245171,-0.34777749347889436,0.09414133050298,-0.421478721413155,-0.1812045072429089,-0.5023257228101681,-0.14784825231210016,-0.3824136856744162,-0.099658012134824,-0.3384449877711994,-0.07889560545000959,0.0,0.0,0.0,0.0,0.0,0.0,0.0,0.0,0.0,0.0,0.0,0.0,0.0,0.0,0.0,0.0,0.0,0.0,0.0,0.0,0.0,0.0,0.0,0.0,0.0,0.0,0.0,0.0,0.0,0.0,0.0,0.0,0.0,0.0,0.0,0.0,0.0,0.0,0.0,0.0,0.0,0.0,bad
0.0,0.0,-0.06086811582944967,0.2753076839301726,-0.21063814090165472,0.5735880733905561,-0.31489545831233573,0.7925502410218436,-0.3640102217151137,1.0,-0.46750459930338073,0.4007471696669648,-0.6602798187681245,0.35569897896050473,-0.6881565937401071,0.42735032892874975,-0.6869235744696798,0.5151856057515787,-0.47199353111346276,0.19970676879273605,-0.575845079301632,0.21029677949224002,-0.41605056364643467,0.2412582007735964,-0.3824298803849323,0.26030417663198663,-0.4486917602108829,0.002443398218675065,-0.5328757971442747,0.021982679372831847,-0.38040259567390283,0.050122745677747806,-0.3485136042963525,0.06473336531604133,-0.41130263435762576,-0.1914087003635333,-0.4968242068763343,-0.17145808749391542,-0.38117197627762656,-0.12541879716652465,-0.3352555487330983,-0.10405726283969755,0.0,0.0,0.0,0.0,0.0,0.0,0.0,0.0,0.0,0.0,0.0,0.0,0.0,0.0,0.0,0.0,0.0,0.0,0.0,0.0,0.0,0.0,0.0,0.0,0.0,0.0,0.0,0.0,0.0,0.0,0.0,0.0,0.0,0.0,0.0,0.0,0.0,0.0,0.0,0.0,0.0,0.0,bad
0.0,0.0,-0.06077904383805067,0.2678694610712096,-0.21693281695853,0.5614019067763018,-0.3521357197424341,0.7948462748287914,-0.4358682323472658,1.0,-0.5121155963313268,0.39831784024258127,-0.6750682321944395,0.4488489213993011,-0.7328450976837446,0.5343564166726683,-0.7465216242614905,0.5900115746865292,-0.5172564840881969,0.19278042538835566,-0.6539490618276237,0.24849871979267577,-0.44257788270156506,0.2663022267373922,-0.40682902684566963,0.24738251425726676,-0.48910176115188286,-0.007072803995033908,-0.5644655022189432,0.03148375866501589,-0.36729886474847934,0.06945108018627241,-0.3550627266247782,0.06092680782600872,-0.4464980698985749,-0.2150125537304055,-0.5127832564966964,-0.1625358019630164,-0.36936030132773634,-0.11601163696327144,-0.34027457930245847,-0.11726347589422047,0.0,0.0,0.0,0.0,0.0,0.0,0.0,0.0,0.0,0.0,0.0,0.0,0.0,0.0,0.0,0.0,0.0,0.0,0.0,0.0,0.0,0.0,0.0,0.0,0.0,0.0,0.0,0.0,0.0,0.0,0.0,0.0,0.0,0.0,0.0,0.0,0.0,0.0,0.0,0.0,0.0,0.0,bad
0.0,0.0,-0.059604805190310896,0.2742333424036557,-0.20800839417647748,0.568504705047156,-0.31561037650839563,0.7936512691461524,-0.381185230319867,1.0,-0.48432481077736717,0.3849164324642665,-0.6414696211416069,0.41690680069401825,-0.6710432835008094,0.4991161130327298,-0.6723555442367789,0.5495543186970284,-0.49150723630198756,0.17415993628180512,-0.5910315048988236,0.20767816052074084,-0.39337561838331087,0.22727005682111343,-0.3828205709903549,0.20534712046177986,-0.4691959423020192,-0.03148755104962527,-0.5287584511156272,0.0016187976901707246,-0.35514577450701695,0.03427177934776126,-0.35171100468559796,0.017478597630991567,-0.4303310268245767,-0.23019539227027902,-0.489158311939981,-0.18954383491858307,-0.3643196171757627,-0.14203212718314806,-0.33927077290860735,-0.15375645030922408,0.0,0.0,0.0,0.0,0.0,0.0,0.0,0.0,0.0,0.0,0.0,0.0,0.0,0.0,0.0,0.0,0.0,0.0,0.0,0.0,0.0,0.0,0.0,0.0,0.0,0.0,0.0,0.0,0.0,0.0,0.0,0.0,0.0,0.0,0.0,0.0,0.0,0.0,0.0,0.0,0.0,0.0,bad
0.0,0.0,-0.090794323045892,0.27239672439169177,-0.2584876616264677,0.5639711311159745,-0.3892498402514818,0.8047277343971206,-0.46560784556815543,1.0,-0.5458069609088185,0.3729569205094589,-0.6924716422933689,0.4228641975926162,-0.6120282372141788,0.45645470653880116,-0.6021224892865329,0.47766066359990006,-0.5376975241078691,0.1651203915209756,-0.6609343283086164,0.20520320172294382,-0.4476413401476028,0.2291831647838344,-0.4569289948428516,0.2224140613709415,-0.5074321245204195,-0.04112829882699839,-0.588526313890252,-0.0009396446249737176,-0.38847365091773445,0.040171415474589314,-0.3942898903706255,0.03138413047412217,-0.4632252390689944,-0.24068889884904252,-0.5412563834650413,-0.18533364797732563,-0.3950246353026629,-0.1292989411491282,-0.3692440737631749,-0.14118642817318972,0.0,0.0,0.0,0.0,0.0,0.0,0.0,0.0,0.0,0.0,0.0,0.0,0.0,0.0,0.0,0.0,0.0,0.0,0.0,0.0,0.0,0.0,0.0,0.0,0.0,0.0,0.0,0.0,0.0,0.0,0.0,0.0,0.0,0.0,0.0,0.0,0.0,0.0,0.0,0.0,0.0,0.0,bad
0.0,0.0,-0.08161503806431579,0.2646779046617041,-0.24323057269842058,0.5600600297700485,-0.3444946014415352,0.7936369754141056,-0.4041141841539408,1.0,-0.5143925925581085,0.3050526493291394,-0.6836757337206578,0.36678972286750433,-0.6728684440071871,0.4759111064212853,-0.640874693889726,0.5511574645215541,-0.512765033348627,0.10688259521165339,-0.6110563677402747,0.20730012764257458,-0.42298780179761714,0.25933219294701926,-0.38247434518738527,0.23855988554066362,-0.47559911231253416,-0.08510456156249822,-0.5431216549429643,0.02072377115788178,-0.3659271052791748,0.0695233912819932,-0.33187267674737825,0.04278724622568166,-0.4217081862805699,-0.27648488591567727,-0.487751106117826,-0.17521775361138137,-0.35629641009353963,-0.10862377924438285,-0.31461368680826146,-0.12337026398718988,0.0,0.0,0.0,0.0,0.0,0.0,0.0,0.0,0.0,0.0,0.0,0.0,0.0,0.0,0.0,0.0,0.0,0.0,0.0,0.0,0.0,0.0,0.0,0.0,0.0,0.0,0.0,0.0,0.0,0.0,0.0,0.0,0.0,0.0,0.0,0.0,0.0,0.0,0.0,0.0,0.0,0.0,bad
0.0,0.0,-0.07946972894546216,0.26781012209632377,-0.22166102117126843,0.5434268078920027,-0.35233449681717843,0.7909560280514895,-0.4322293749165068,1.0,-0.5993406138669554,0.34332026058650805,-0.692320912845617,0.4160043123610987,-0.5227813706068738,0.39442358103805786,-0.48268717112641335,0.3639354335945922,-0.5979903156018487,0.14732777942644676,-0.6443369442167993,0.22642581189890776,-0.40872502909420044,0.22403757680839073,-0.44596441210874577,0.19857329935436493,-0.566551784607691,-0.050095733154668955,-0.5750453047702212,0.01686351092382686,-0.3806259692560981,0.04083452337301591,-0.41046032306391106,0.015689768483395695,-0.5207647467378732,-0.2344343363653592,-0.5335574140189758,-0.16509495608738653,-0.40241087788483565,-0.12250698017843306,-0.40579826037525485,-0.15240535785120565,0.0,0.0,0.0,0.0,0.0,0.0,0.0,0.0,0.0,0.0,0.0,0.0,0.0,0.0,0.0,0.0,0.0,0.0,0.0,0.0,0.0,0.0,0.0,0.0,0.0,0.0,0.0,0.0,0.0,0.0,0.0,0.0,0.0,0.0,0.0,0.0,0.0,0.0,0.0,0.0,0.0,0.0,bad
0.0,0.0,-0.07913461018894805,0.2784837619723915,-0.21941389162632674,0.5571342050149001,-0.34584605955917697,0.7956884341818344,-0.42796517615302554,1.0,-0.6047643328559367,0.3366260618437813,-0.7139303132319248,0.38681800908878256,-0.543073855906943,0.38819722013993113,-0.4589944326410466,0.378277672357819,-0.6104067598942464,0.1376648351696706,-0.6398750754421053,0.20701929716207437,-0.4098734156717872,0.2201015610465459,-0.4149379152615969,0.2014378574424506,-0.5756325476207114,-0.06010375060569296,-0.568856706906563,0.0004418720449091958,-0.3754550067596478,0.0334642609912261,-0.3821622917432675,0.017655784757183348,-0.5219197927874443,-0.24842115008530305,-0.5392872738562942,-0.18767250038678104,-0.40547643240554576,-0.13695921277252224,-0.39363538806327686,-0.15339313904105406,0.0,0.0,0.0,0.0,0.0,0.0,0.0,0.0,0.0,0.0,0.0,0.0,0.0,0.0,0.0,0.0,0.0,0.0,0.0,0.0,0.0,0.0,0.0,0.0,0.0,0.0,0.0,0.0,0.0,0.0,0.0,0.0,0.0,0.0,0.0,0.0,0.0,0.0,0.0,0.0,0.0,0.0,bad
0.0,0.0,-0.0551269141554038,0.27298047109136275,-0.19701255598194073,0.5536534618604841,-0.328673958203777,0.7903781588935275,-0.40607280997342454,1.0,-0.5358382324519211,0.41154119085114305,-0.6824434723361915,0.45729671634257485,-0.504013693479135,0.44390238772880936,-0.47810626116601984,0.4248029867188047,-0.5358769407163441,0.1992839243036773,-0.6377847414378588,0.23188135944149868,-0.39338973438697167,0.2387717931154768,-0.430572240499614,0.23323261328105027,-0.5214811830696034,-0.011208444819782662,-0.5766583182519166,0.019737226182088754,-0.36592517828464555,0.051079135647174985,-0.3974286290312346,0.042037900376712095,-0.5011229022749581,-0.2126385474846155,-0.537852150021992,-0.16989800598953736,-0.38801282104743295,-0.12514001150913642,-0.38773470171429564,-0.14445933347813428,0.0,0.0,0.0,0.0,0.0,0.0,0.0,0.0,0.0,0.0,0.0,0.0,0.0,0.0,0.0,0.0,0.0,0.0,0.0,0.0,0.0,0.0,0.0,0.0,0.0,0.0,0.0,0.0,0.0,0.0,0.0,0.0,0.0,0.0,0.0,0.0,0.0,0.0,0.0,0.0,0.0,0.0,bad
0.0,0.0,-0.06769113406860527,0.2750995129177465,-0.21301379604608164,0.5588276039136514,-0.3325639514801796,0.7990731214454725,-0.40091570355401956,1.0,-0.5241686630820467,0.4123176212210489,-0.6697180575078456,0.5063220949154671,-0.49446523466577513,0.46671678485076296,-0.4785660719596148,0.42969945713509927,-0.5327721204979063,0.20068065912184815,-0.630712503255527,0.26644008814397097,-0.4008390485918576,0.25161058540378695,-0.43211556612922,0.22997984805693525,-0.521635724537161,-0.0037522142201419687,-0.5741636758917373,0.04824995797830388,-0.37338539713735275,0.06122939782447676,-0.4030485586096452,0.03357598169147024,-0.5034267538747698,-0.20319364890549643,-0.5485147408415791,-0.14721742487351933,-0.4087757001922839,-0.10679920278839351,-0.4091498318208601,-0.13602487684410597,0.0,0.0,0.0,0.0,0.0,0.0,0.0,0.0,0.0,0.0,0.0,0.0,0.0,0.0,0.0,0.0,0.0,0.0,0.0,0.0,0.0,0.0,0.0,0.0,0.0,0.0,0.0,0.0,0.0,0.0,0.0,0.0,0.0,0.0,0.0,0.0,0.0,0.0,0.0,0.0,0.0,0.0,bad
0.0,0.0,-0.07065431302240607,0.2689914035872136,-0.24716605908317302,0.5634811946023224,-0.3711082084617892,0.792727203117672,-0.43266097739586257,1.0,-0.5277297746774514,0.40691021965007645,-0.6917586636561935,0.4823753906905434,-0.49536953206597334,0.45530926009593586,-0.46823659756368885,0.4331786100138276,-0.5216084271371537,0.19088161820160365,-0.6424456598067648,0.2665554049537637,-0.40324977570881,0.26877048189252734,-0.42098865486034565,0.24817261035878582,-0.49473411361078834,-0.016901193309217515,-0.5824490117221325,0.04811131484349622,-0.3693376119087537,0.07179740210932362,-0.38498877127885145,0.045417281233317335,-0.4641079402694932,-0.22254774477235006,-0.548861100807292,-0.15382947540766498,-0.402949939456517,-0.10933494756576913,-0.38995364941738986,-0.13264287002088695,0.0,0.0,0.0,0.0,0.0,0.0,0.0,0.0,0.0,0.0,0.0,0.0,0.0,0.0,0.0,0.0,0.0,0.0,0.0,0.0,0.0,0.0,0.0,0.0,0.0,0.0,0.0,0.0,0.0,0.0,0.0,0.0,0.0,0.0,0.0,0.0,0.0,0.0,0.0,0.0,0.0,0.0,bad
0.0,0.0,-0.10736221154769209,0.27752048327888806,-0.3009003386551595,0.5723218506133225,-0.4541012623811867,0.8068787221947449,-0.5357397271129652,1.0,-0.5834139936375181,0.30321631128527676,-0.7102650375540203,0.3022810311661966,-0.536848425991209,0.32291066904420385,-0.5121048441496886,0.3180225150165612,-0.5721102045611174,0.0879298610781514,-0.6653117811577672,0.09088345636579997,-0.4368360558109888,0.14363003368082228,-0.4512888718417115,0.13702659094799177,-0.5389544706497073,-0.11155722743886372,-0.6101719175862514,-0.09886941707029033,-0.41091913230917115,-0.02370854566840744,-0.4183090264303075,-0.036236681922506404,-0.494753948310257,-0.3001788521890172,-0.568787973607705,-0.27255866654611466,-0.4242907387510284,-0.1896466745798595,-0.4001310895487225,-0.1951095265635661,0.0,0.0,0.0,0.0,0.0,0.0,0.0,0.0,0.0,0.0,0.0,0.0,0.0,0.0,0.0,0.0,0.0,0.0,0.0,0.0,0.0,0.0,0.0,0.0,0.0,0.0,0.0,0.0,0.0,0.0,0.0,0.0,0.0,0.0,0.0,0.0,0.0,0.0,0.0,0.0,0.0,0.0,bad
0.0,0.0,-0.09244919180026628,0.2979901831332548,-0.2526043672494801,0.5823407349537674,-0.3915039538884182,0.8008772002215351,-0.47178086362019195,1.0,-0.5673212085034276,0.3567414622785107,-0.7441017190978679,0.3328503299186115,-0.6165046874484216,0.31842120465223755,-0.5503373459065518,0.3219324354558892,-0.5713210590405768,0.15021360350348256,-0.6306321361634079,0.11268421525584739,-0.43046217948012605,0.12296597565314349,-0.4066781010332193,0.16122296372912565,-0.5513627252487685,-0.05482421151469137,-0.5859277287515176,-0.07924809182704122,-0.4016282281224898,-0.04493696885671006,-0.38206968453252055,-0.0024814959489148814,-0.5146031165296744,-0.25453695400212,-0.5591441922220632,-0.25716332805170133,-0.4118673503445898,-0.2146134092934717,-0.37787119970070754,-0.1907513900962064,0.0,0.0,0.0,0.0,0.0,0.0,0.0,0.0,0.0,0.0,0.0,0.0,0.0,0.0,0.0,0.0,0.0,0.0,0.0,0.0,0.0,0.0,0.0,0.0,0.0,0.0,0.0,0.0,0.0,0.0,0.0,0.0,0.0,0.0,0.0,0.0,0.0,0.0,0.0,0.0,0.0,0.0,bad
0.0,0.0,-0.11948829176103515,0.2747873345272716,-0.30087142529548955,0.5816788717563877,-0.4542851815356706,0.7983633641714956,-0.5582067866743836,1.0,-0.5690805357366506,0.3581712797220867,-0.6689077454386193,0.3624910371728712,-0.4918725555491219,0.33190633816954007,-0.4758656031246118,0.3521912151412664,-0.5665460739692462,0.14001166729883666,-0.6232853929958966,0.15373387998395044,-0.4312592290655014,0.1449234623665843,-0.4379621866262758,0.18093496029317724,-0.5360241243212676,-0.06970955976225647,-0.5877727014286191,-0.05498960681917141,-0.42177004707987203,-0.037680732810439044,-0.41477783029564386,0.0024579381633161655,-0.4963290351725441,-0.2722165240479252,-0.5757795395778805,-0.2589547283807427,-0.468770589632225,-0.19000453784972243,-0.4499919522676367,-0.12288593978255563,0.0,0.0,0.0,0.0,0.0,0.0,0.0,0.0,0.0,0.0,0.0,0.0,0.0,0.0,0.0,0.0,0.0,0.0,0.0,0.0,0.0,0.0,0.0,0.0,0.0,0.0,0.0,0.0,0.0,0.0,0.0,0.0,0.0,0.0,0.0,0.0,0.0,0.0,0.0,0.0,0.0,0.0,bad
0.0,0.0,-0.1364120918532384,0.29114398830826443,-0.33000255030192155,0.5903142303316452,-0.47559111191262593,0.8179567871845019,-0.5794562995309237,1.0,-0.6325991324627904,0.2461109253684969,-0.7266399541325891,0.326465534122578,-0.5464555556249638,0.33111935983347807,-0.48938528489371164,0.29614355782599117,-0.6304446841142807,0.03916383775082383,-0.6755188940978301,0.12539880719744634,-0.4732730259807595,0.15714911552867705,-0.45276360113495223,0.1324467661818558,-0.5927682508866984,-0.15177759303102162,-0.6293323559439281,-0.06734480978251275,-0.45543965276783804,-0.015133420986947832,-0.4365416167719153,-0.040610366827932294,-0.5368852692768468,-0.33030157931316756,-0.5945616101612285,-0.2577483414210586,-0.46663327826238343,-0.18277978563883976,-0.43066261406761747,-0.19225161783929404,0.0,0.0,0.0,0.0,0.0,0.0,0.0,0.0,0.0,0.0,0.0,0.0,0.0,0.0,0.0,0.0,0.0,0.0,0.0,0.0,0.0,0.0,0.0,0.0,0.0,0.0,0.0,0.0,0.0,0.0,0.0,0.0,0.0,0.0,0.0,0.0,0.0,0.0,0.0,0.0,0.0,0.0,bad
0.0,0.0,-0.14192699978172263,0.29169856030912156,-0.3262661227900089,0.5769790144978587,-0.4778818987928698,0.8039882736999409,-0.5773747596734056,1.0,-0.5958973253371687,0.27336084576704356,-0.7218315484080385,0.2836233719475737,-0.5460349098793729,0.28107170156195843,-0.45266858167238044,0.26198384317966483,-0.596502353663556,0.06859439851431784,-0.6838099413658149,0.09484325779361594,-0.48484449013442715,0.12236607287886359,-0.43542816057159134,0.11404924906413247,-0.5628610604198712,-0.12262140100772723,-0.6378008059347815,-0.09859773576841013,-0.4648647284460505,-0.046133711931341165,-0.4118343379551036,-0.0473549106633457,-0.5095117111307224,-0.305181281629074,-0.6046421123878711,-0.29721684285023514,-0.4953867764729762,-0.21098815744643948,-0.44569820429955387,-0.18166153370317878,0.0,0.0,0.0,0.0,0.0,0.0,0.0,0.0,0.0,0.0,0.0,0.0,0.0,0.0,0.0,0.0,0.0,0.0,0.0,0.0,0.0,0.0,0.0,0.0,0.0,0.0,0.0,0.0,0.0,0.0,0.0,0.0,0.0,0.0,0.0,0.0,0.0,0.0,0.0,0.0,0.0,0.0,bad
0.0,0.0,-0.10762422515014305,0.2984059709686021,-0.2712103651806909,0.5915902666490637,-0.4071586499048446,0.8209531299002942,-0.49987632668332693,1.0,-0.6194431152316996,0.3311520038991014,-0.6426828708281781,0.3663581965403825,-0.45981634773388214,0.32808000045920893,-0.44277056408078114,0.29559957815396964,-0.6392091900232684,0.11517716854898846,-0.6199585511749226,0.161167204758657,-0.42115121593830734,0.16699394000748302,-0.437560108101959,0.15076690502045828,-0.6064122788295808,-0.0848970354410154,-0.5756844170055507,-0.05210847350077413,-0.40210317694311914,-0.011313629790971221,-0.41609600389075213,-0.021234630198519157,-0.5502330224454024,-0.2623752895495004,-0.5423802886650013,-0.22712030595839253,-0.41042633897238434,-0.1631312361748104,-0.39606484030226385,-0.16372298951281583,0.0,0.0,0.0,0.0,0.0,0.0,0.0,0.0,0.0,0.0,0.0,0.0,0.0,0.0,0.0,0.0,0.0,0.0,0.0,0.0,0.0,0.0,0.0,0.0,0.0,0.0,0.0,0.0,0.0,0.0,0.0,0.0,0.0,0.0,0.0,0.0,0.0,0.0,0.0,0.0,0.0,0.0,bad
0.0,0.0,-0.15585265000066711,0.2644980631445993,-0.31021151973101946,0.5490879434642805,-0.4079462772794186,0.7893180534492037,-0.4988456141677303,1.0,-0.5427545263710313,0.16395503204372713,-0.660157066520198,0.2850988329945875,-0.6890233834706848,0.4146327090625264,-0.7042523538018848,0.5456158911091443,-0.5457646020218013,-0.01098751273076598,-0.6420608942001076,0.15977611641590578,-0.5903762080329465,0.2760185724641871,-0.5719977629431308,0.35195981525379255,-0.5164893995525887,-0.16403091630383057,-0.6304014027191582,-0.01415213654497018,-0.5871098492766257,0.0930296554576627,-0.5676148215024305,0.16261718975846012,-0.4630296332205169,-0.3055154514807715,-0.5856469230461332,-0.2115685137581221,-0.6060878634105555,-0.09711725980546945,-0.6289405612210861,-0.006625835560754106,0.0,0.0,0.0,0.0,0.0,0.0,0.0,0.0,0.0,0.0,0.0,0.0,0.0,0.0,0.0,0.0,0.0,0.0,0.0,0.0,0.0,0.0,0.0,0.0,0.0,0.0,0.0,0.0,0.0,0.0,0.0,0.0,0.0,0.0,0.0,0.0,0.0,0.0,0.0,0.0,0.0,0.0,bad
0.0,0.0,-0.10756358100897419,0.29039100586778177,-0.23960643793895167,0.5852851531022214,-0.3540614242925477,0.8173250297171796,-0.43455199560747415,1.0,-0.5533255730515331,0.3121751026775838,-0.6540590744287825,0.3583742840079735,-0.5174692311131133,0.36349584074113556,-0.4136843456661061,0.3538765874476009,-0.5712917143803639,0.11409018433248394,-0.6099243343867601,0.16745988897180278,-0.4529451243765697,0.18580057565930871,-0.3853461349326162,0.17366266960571577,-0.5447746480649158,-0.07439066886292958,-0.561272124540487,-0.02470638165684882,-0.41950427044754013,0.024436863745728694,-0.35727013460707413,0.026346414623718034,-0.4961791788315102,-0.25061698252274495,-0.5332522916903086,-0.20562224965640408,-0.42634495312308357,-0.1319365399230391,-0.37093086700802735,-0.11618528847729974,0.0,0.0,0.0,0.0,0.0,0.0,0.0,0.0,0.0,0.0,0.0,0.0,0.0,0.0,0.0,0.0,0.0,0.0,0.0,0.0,0.0,0.0,0.0,0.0,0.0,0.0,0.0,0.0,0.0,0.0,0.0,0.0,0.0,0.0,0.0,0.0,0.0,0.0,0.0,0.0,0.0,0.0,bad
0.0,0.0,-0.05579475260418866,0.3315714016796907,-0.2011957787961247,0.6327979035490686,-0.29908170479461993,0.8246194852599628,-0.3448911770728174,1.0,-0.6324448791093049,0.44836900269000496,-0.7230589896144001,0.5003902787466713,-0.5190487746148215,0.48093883856273073,-0.42950931479664123,0.4505183040638349,-0.6508475683259941,0.20385350292770055,-0.7197813613230478,0.26175889500535165,-0.49632758866290444,0.27421140514800096,-0.4255252622675054,0.24067614784085486,-0.622192719063301,-0.023937909738726254,-0.6619679320181155,0.025366147902788967,-0.4647014034457512,0.051987869171882736,-0.40907368526548055,0.030502550277830796,-0.5564415887188329,-0.2420289389954625,-0.6023719263554609,-0.20565522255647875,-0.4558241806914587,-0.14425280528684598,-0.4013232879956864,-0.1378469412900275,0.0,0.0,-0.08218226571818164,0.2607864444684685,-0.22985453702440858,0.558215973090189,-0.36080185062391984,0.7984665720302573,-0.45499767729377183,1.0,-0.5883758053251097,0.36844306806957927,-0.6560927809936941,0.3925011201129274,-0.4683503660213854,0.3951646470267151,-0.3663583766330746,0.3939866505515728,-0.6092571847033078,0.16483260755514328,-0.6212203737126802,0.16656587368661052,-0.4062735750263569,0.18092335010532448,-0.3676621556775807,0.19109818787674016,-0.5797351024980654,-0.028250558878172658,-0.5656241834811254,-0.038312133422608516,-0.387174360858114,0.0044275758988814185,-0.358657360916734,0.030585784448738006,-0.5279288854220948,-0.2117502423597399,-0.5244081517709567,-0.21891881780880873,-0.38296815638985765,-0.15549494557326363,-0.3494755279259397,-0.11469779633062493,bad
0.0,0.0,-0.11323464786720643,0.25585269083811285,-0.302730690989983,0.5766687860137687,-0.4580993956993646,0.8164168136569129,-0.572964996714983,1.0,-0.6531131552375126,0.3254571699296445,-0.7713275447760585,0.31600334114288703,-0.5372303371186761,0.3425302224167612,-0.4470104434173421,0.36735525464572294,-0.65601467406046,0.09629800047507202,-0.7089527094830386,0.07496459114875158,-0.4599117589358804,0.12180297300551858,-0.45068764675494016,0.1528786601092596,-0.6153777717384977,-0.11687066902963153,-0.6412426104494643,-0.14976167336557591,-0.4455344881602984,-0.07602698700954331,-0.4408862890637693,-0.028121517651774994,-0.5582224730608626,-0.31623236269089544,-0.5793411095242555,-0.33763684167816843,-0.4257489725742352,-0.24722215802591072,-0.4043724696637675,-0.18497973124547235,0.0,0.0,0.0,0.0,0.0,0.0,0.0,0.0,0.0,0.0,0.0,0.0,0.0,0.0,0.0,0.0,0.0,0.0,0.0,0.0,0.0,0.0,0.0,0.0,0.0,0.0,0.0,0.0,0.0,0.0,0.0,0.0,0.0,0.0,0.0,0.0,0.0,0.0,0.0,0.0,0.0,0.0,bad
0.0,0.0,-0.107963758339419,0.4301648698493644,-0.45739933903528857,0.6837549974625886,-0.7557859167481527,0.6138264163087472,-0.9099175650753178,0.44424935945835553,-0.9317776732556844,0.48377913381441,-1.0,0.5065390947011424,-0.6842389622606478,0.47887140894406555,-0.6221138493148989,0.4494912799693035,-0.9485388223935834,0.15729722370065974,-0.9836578331744873,0.15910404624277458,-0.650439405379312,0.1927519773242069,-0.6080182198512211,0.19573281677414564,-0.9081698456511245,-0.15148840836231758,-0.8987436719436571,-0.15988600215370524,-0.5919991088116251,-0.080434392444703,-0.5616139173917887,-0.06336906338577317,-0.8283311259917565,-0.44583802651285415,-0.8200418363431571,-0.4486236090653662,-0.5791796115903999,-0.3476210221435556,-0.5431044299488804,-0.3257114034979144,0.0,0.0,-0.10681093742815369,0.2784307894448008,-0.29453510891746015,0.5888047223316953,-0.45946965379351146,0.818106863789884,-0.5715232024923809,1.0,-0.654351457203869,0.33180260876198586,-0.7562594484775762,0.2812118856716816,-0.5231515778484083,0.31661880289539845,-0.4577618147701121,0.35568451946282875,-0.6503875230150423,0.09823175061956291,-0.7044182362818368,0.05318912599479333,-0.4632570607797957,0.11633864964441748,-0.4563693287332905,0.15861022000891797,-0.6095279940960283,-0.11567094695216623,-0.6416256428840599,-0.1715923687396046,-0.44512902077260075,-0.08902538133487334,-0.43433690163752764,-0.03577617971526268,-0.5541185364309336,-0.31578073912045407,-0.5958776141485319,-0.3579182404219458,-0.4433993360674496,-0.2683726147466456,-0.41433506589556107,-0.2083401527682619,bad
0.0,0.0,-0.22228460160448632,0.40518918918918917,-0.5505724744917828,0.6202102967520835,-0.8039080925305709,0.584106550354389,-0.9523458213256484,0.46962785263649814,-0.9604012773580497,0.37028242074927953,-1.0,0.5217465534698964,-0.7426846327595608,0.4797787989718825,-0.5896633694212945,0.4145593893605421,-0.9622300802243166,0.08034145961523483,-0.9882109198535711,0.22260736817509152,-0.7331667575356337,0.229164265129683,-0.5947777864319651,0.18628366695225484,-0.908814082093621,-0.20151039800607523,-0.9214966897733469,-0.0584388192226809,-0.6886604875769141,-0.023045720071656672,-0.577907936755199,-0.03839239816185061,-0.8002405171742347,-0.47289757769296675,-0.854424176337721,-0.3542297686735727,-0.6720479788145495,-0.2737023132642729,-0.5866861905132799,-0.2568433678635408,0.0,0.0,-0.126304389072934,0.29494697173144935,-0.26990307522681206,0.5813490516537478,-0.37026245158305143,0.8022891579158176,-0.4471051577989527,1.0,-0.5637304886258071,0.28899637735995204,-0.6770061471243352,0.3314584001102063,-0.5492463831777146,0.3699011557898288,-0.44647972709343053,0.3717557056113636,-0.5637427186667625,0.10613892001604174,-0.6569665455722751,0.13613377490575648,-0.528000763698113,0.18211974806795078,-0.45155961049357896,0.18979851517111102,-0.5346552648712627,-0.06957619340994435,-0.6084010529385816,-0.04486250801110148,-0.4905703836309055,0.0037464692126554424,-0.4267326273542192,0.016765347809625145,-0.48406807852297795,-0.23841105949014657,-0.5603998408056335,-0.23216286745540238,-0.47222498247452116,-0.17170586819447056,-0.42139319530712943,-0.14243649253975996,bad
0.0,0.0,-0.16779811850123033,0.44068894635807543,-0.4792764632318446,0.7054153528104218,-0.7350436006434574,0.6790844322246194,-0.8886115615864806,0.5179064503862182,-0.9654461797002513,0.465800643196065,-0.9970238134130294,0.6576859446893201,-0.7256302262947228,0.5729289857704958,-0.60255135310314,0.44849694409996327,-0.9971551445884368,0.15500639667764796,-1.0,0.33341032432919826,-0.733870114120911,0.30247823888160724,-0.6203509743989148,0.21266012929260195,-0.9580282551509917,-0.1454907669609966,-0.9460653571881277,0.027332239124667916,-0.7025250868680586,0.035184013925024925,-0.6098575481449635,-0.023581786652832244,-0.8584661564134698,-0.43138762821124327,-0.8766421297342929,-0.2903274916006853,-0.6872743357974808,-0.22546132525570375,-0.6081620038654489,-0.2494893765493485,0.0,0.0,-0.10898295345719211,0.2851609875402159,-0.2688115860576047,0.5682898440523604,-0.37844388713066335,0.7958899566011557,-0.4507370832110042,1.0,-0.5936474613814251,0.2623152350893509,-0.6729163829289494,0.24353266664103296,-0.5187040502114243,0.2730824750529414,-0.44037950361381534,0.28560909848486754,-0.5939435667690698,0.0667685307530959,-0.6545905498540495,0.0688437839249991,-0.4964235571959538,0.11335230468094465,-0.443599290353253,0.12500606405147635,-0.5610729939309176,-0.11807849164490496,-0.6121766872347314,-0.11646805924838823,-0.47338267704425013,-0.0648544465937639,-0.4264564414241375,-0.04562358752519501,-0.5115615857880913,-0.2909740322043357,-0.5722955318631318,-0.2915590559556532,-0.46280014359673893,-0.22941950766729685,-0.41902505863713185,-0.20497518140946883,bad
0.0,0.0,-0.09630475243243773,0.38296586227444795,-0.35306373547228215,0.7192672585644407,-0.5265640511823971,0.8506835078057872,-0.6348761993769089,0.858507974206698,-0.9795569279537881,0.41225371701962304,-0.9825633701549521,0.5308915151452053,-0.6764354092625857,0.50222221950029,-0.5777054152093272,0.451369312241897,-1.0,0.08554917330494903,-0.9321195693113845,0.20061218977883144,-0.6163371869769424,0.22169586857640153,-0.5660826284719692,0.18062966866667443,-0.9369241199465712,-0.21780905141818455,-0.8403682692655131,-0.11890114506925718,-0.5723564100789612,-0.07071845333277806,-0.5451790054917024,-0.09968110522425216,-0.8309753574628543,-0.5114785583530894,-0.7877454255717231,-0.39985405679842384,-0.586544073560763,-0.32387448272229696,-0.5485467841969787,-0.3366823307061924,0.0,0.0,-0.123298629702342,0.3018862910742261,-0.30883256985345153,0.6030055327503123,-0.4641906121720507,0.8265480794019077,-0.5836381303666687,1.0,-0.6776171495429036,0.27159934162254346,-0.7062795724512662,0.3049045154381581,-0.5195431019096912,0.3074741705832193,-0.46632319987308385,0.28041803002359844,-0.6923759097308981,0.04659091359787416,-0.6706224839867532,0.08657504908084955,-0.4653733119162354,0.12391615602752494,-0.4436167132686854,0.11462470501913657,-0.6544866837210225,-0.16164277073789834,-0.6157019057251076,-0.12116643861423444,-0.44315664227497176,-0.058962460586590514,-0.4327344478156543,-0.05962877030162413,-0.5953243302199218,-0.35095881174767485,-0.5938945406230789,-0.3109239098102207,-0.46477680607611,-0.23475142284887066,-0.44155234299085805,-0.22630039462986098,bad
0.0,0.0,-0.14366271759484076,0.2809279879888104,-0.3027930720773199,0.5576066946370642,-0.415985401741777,0.7992023204966554,-0.4927684619195642,1.0,-0.5274245780651831,0.22491099929038194,-0.6154526790802424,0.33983436159481123,-0.4898127149087556,0.3446457896405597,-0.4503514909176966,0.30718666465824745,-0.527425631431901,0.06826834587366411,-0.6005693095988744,0.2025631221227727,-0.4662453902039002,0.2175405923642851,-0.4378030843279749,0.1724508788765212,-0.5037691216782519,-0.07838382646696238,-0.5744215875570705,0.035628724748605255,-0.4557521020810664,0.07142282807194214,-0.42021712697036634,0.04258164733212056,-0.47214951065849114,-0.21040052162719877,-0.5451120097499623,-0.12879233963632866,-0.46028087672414186,-0.06088213844679673,-0.4231827054038766,-0.06198185330042616,0.0,0.0,0.0,0.0,0.0,0.0,0.0,0.0,0.0,0.0,0.0,0.0,0.0,0.0,0.0,0.0,0.0,0.0,0.0,0.0,0.0,0.0,0.0,0.0,0.0,0.0,0.0,0.0,0.0,0.0,0.0,0.0,0.0,0.0,0.0,0.0,0.0,0.0,0.0,0.0,0.0,0.0,bad
0.0,0.0,-0.03941674431198286,0.3062798469922726,-0.20271878061017273,0.6021788470267817,-0.3094504304337785,0.8090456129732714,-0.35566279900083086,1.0,-0.5810678155518922,0.47762195623724163,-0.7229684136199176,0.49393570171456785,-0.5161738511811379,0.45297932378229583,-0.449150945149225,0.42923445700042206,-0.6051386599347514,0.24429260471499523,-0.714910289796211,0.27688399391579266,-0.5069790530191419,0.25223021238980337,-0.4523470121816874,0.22238096375755548,-0.6058914876842583,0.010419603252343295,-0.6806300817863997,0.051056374481369106,-0.4859975631316148,0.04405581968235766,-0.4352544244557528,0.020714973998773603,-0.5855269130611367,-0.21964147772973058,-0.6500513653630218,-0.16528922548465277,-0.5001383015717535,-0.13596292137515828,-0.44150108968896745,-0.14669257498413912,0.0,0.0,-0.1208267041096125,0.2803805349637525,-0.27318437146392727,0.5684906863787267,-0.3863558310301405,0.8035218797480232,-0.469653535936428,1.0,-0.5517511663929313,0.3518375312576173,-0.6537909814521913,0.39577847918404285,-0.5022031217510963,0.39225107021564737,-0.452264137866048,0.377412122387346,-0.5693792554554326,0.16609388616191895,-0.6521065161472704,0.209228424553788,-0.492246631264081,0.2196786510571324,-0.45952649625765235,0.20894261837398867,-0.5600963953376991,-0.013415757655049853,-0.624319458105253,0.021069834053300127,-0.47812142012184533,0.04640729171777302,-0.44222977103576316,0.03996419245736465,-0.538449108199055,-0.18467985424663594,-0.5969844722359154,-0.1611401719665412,-0.48911678102807676,-0.10960861686163009,-0.4527138737484298,-0.10497614258223936,bad
0.0,0.0,-0.12679636276746867,0.27321212725937555,-0.30332415185069456,0.5628069429163854,-0.44803490888975833,0.7941378552791775,-0.5431464039484751,1.0,-0.5701902028591259,0.2968174652981094,-0.6856370627307953,0.3029294093654624,-0.5483839627769215,0.34040675105928403,-0.47421526331774494,0.3659407256084592,-0.5798158802013449,0.11691729751067162,-0.6690561278300454,0.1420622187678608,-0.5369850076629057,0.1809246602019926,-0.48568117585996534,0.20178168027259114,-0.5587273537286535,-0.06217981876856099,-0.6420626563981104,-0.031739133859714996,-0.5218473773256765,0.011193268896655367,-0.4675663469340062,0.03157983644882308,-0.5233865229138822,-0.23306917971461255,-0.6067314534488327,-0.20081145400899944,-0.5068419113238578,-0.14764594312382223,-0.45389477793328237,-0.12251327551362474,0.0,0.0,0.0,0.0,0.0,0.0,0.0,0.0,0.0,0.0,0.0,0.0,0.0,0.0,0.0,0.0,0.0,0.0,0.0,0.0,0.0,0.0,0.0,0.0,0.0,0.0,0.0,0.0,0.0,0.0,0.0,0.0,0.0,0.0,0.0,0.0,0.0,0.0,0.0,0.0,0.0,0.0,bad
0.0,0.0,-0.11569281378959405,0.27349538098917864,-0.31892787116899235,0.5917966329979069,-0.48407346908663046,0.8312469673997244,-0.6079255737230448,1.0,-0.6390541219244822,0.3213217928212617,-0.7390864223687433,0.2490614900199667,-0.5299003746473199,0.25222674438951215,-0.484818791197254,0.29349564582444637,-0.6441763197545355,0.09403874729135,-0.720404895290756,0.0481721164405005,-0.4998231278747632,0.07732669605707579,-0.49173713964669086,0.12409140221761703,-0.6155457356319773,-0.11717589128890596,-0.6653394951672292,-0.16959483041557383,-0.48621863475527805,-0.12139954088914658,-0.480259841231257,-0.0673792942329283,-0.568607467787046,-0.31313128924645856,-0.6184059565235075,-0.35063054439726804,-0.4806807401389061,-0.29234077488907656,-0.457174245526885,-0.23996345273305267,0.0,0.0,0.0,0.0,0.0,0.0,0.0,0.0,0.0,0.0,0.0,0.0,0.0,0.0,0.0,0.0,0.0,0.0,0.0,0.0,0.0,0.0,0.0,0.0,0.0,0.0,0.0,0.0,0.0,0.0,0.0,0.0,0.0,0.0,0.0,0.0,0.0,0.0,0.0,0.0,0.0,0.0,bad
0.0,0.0,-0.11183882674015162,0.39438646152115736,-0.4171396167346996,0.6991545480534453,-0.687359306142024,0.7483640067423699,-0.868920580318716,0.6477205447010065,-0.8644785208027732,0.4996680366987382,-1.0,0.46552736861673627,-0.7382067108138802,0.4168263995963326,-0.633228979693219,0.39581741862212577,-0.8892351721756953,0.1485047591821049,-0.993040487025312,0.13186519634262361,-0.7305364058294318,0.1402205173628523,-0.6374413987137008,0.13282203174037815,-0.862032146545004,-0.18328592116301196,-0.9102129095450775,-0.19059926796233895,-0.6725873297809355,-0.1478228675068072,-0.5951250603392119,-0.12698416417889463,-0.7914669028683191,-0.4911947710702966,-0.8424220979768203,-0.48771032804222886,-0.6460216736886668,-0.41878771688919925,-0.5665090426803264,-0.39026777331514956,0.0,0.0,-0.1392603737439037,0.27404560349472407,-0.3360980252841227,0.5805259071529443,-0.4972751417654891,0.824433088870336,-0.619473535948498,1.0,-0.6541349021784479,0.3049692522383841,-0.7494954267026361,0.23801426681288348,-0.544862123519172,0.2451003368772192,-0.503037649591074,0.28342377520604084,-0.6594885536462701,0.07911208093963637,-0.7355989513600159,0.03519552476319049,-0.5196309061992556,0.06980073705524109,-0.5042512243646832,0.11406071400892244,-0.6277439436121647,-0.13207823867836835,-0.6879576719969593,-0.18192390816557152,-0.5138498350884146,-0.12932808796769618,-0.49135577417949117,-0.07903504330582409,-0.5788259743056288,-0.3224990265877294,-0.6471370077190781,-0.36729037758186295,-0.5196267294600729,-0.2949970553988763,-0.48507813518805304,-0.237560394488375,bad
0.0,0.0,-0.14805720785395962,0.3791567994928117,-0.4524268586026217,0.5965570866508791,-0.7018180462063436,0.5251822707863283,-0.8333826847414645,0.3292666281303026,-0.9617139980234575,0.4941207182681012,-0.9692949710044938,0.5930761341811334,-0.6917913815286505,0.5495929441160566,-0.6042156296033863,0.4981991086911932,-1.0,0.19750209774562272,-0.9455772063622294,0.2772440284174607,-0.6493867124130601,0.2791922280855507,-0.601272445878163,0.2553357325327715,-0.9672602509836096,-0.09559007253538197,-0.8847862164127618,-0.029676481008409628,-0.6119219079229521,0.020509052937776204,-0.578067090566671,0.011558671614238566,-0.893252531279718,-0.38502004512483917,-0.8586824292826643,-0.314347834194186,-0.6467202446437562,-0.2421078148016931,-0.6076853940964777,-0.2390087452684182,0.0,0.0,-0.11478885671511074,0.28091330733447506,-0.2721507291831452,0.5914795276186284,-0.4179245391163598,0.824685617862637,-0.527176143410986,1.0,-0.591177812473491,0.3473374096975283,-0.6745387724595516,0.35682722222604335,-0.4916842628956859,0.3410591668902018,-0.46915008494335964,0.337996620606961,-0.617582931543218,0.1258899565080828,-0.6716743127153675,0.14769093914570594,-0.472766539882111,0.16128875469137247,-0.4753870597217159,0.1688628136083618,-0.6030804290957945,-0.0754572153709652,-0.6358440343625121,-0.06074011917289699,-0.46654790644996363,-0.02908478975085574,-0.4600367285457834,-0.021130147900030493,-0.5723371231139938,-0.25582647252351703,-0.6044853762154008,-0.23204554156263685,-0.4753132358032249,-0.17959525234253382,-0.452644707489918,-0.17087485928748455,bad
0.0,0.0,-0.15653587202858513,0.25753140973681166,-0.33152367206497824,0.5577440819837555,-0.4591151304362211,0.81818073729136,-0.5517107864220608,1.0,-0.6464217920299086,0.26529337810788906,-0.7533575747299466,0.30588772311458867,-0.5881044151461514,0.34012412946022397,-0.5415491472432218,0.3420544118376867,-0.651699827132719,0.08013256604522671,-0.7383526533886949,0.1277175935881954,-0.568534846404526,0.17452823361069295,-0.5481459157003192,0.17706541248283733,-0.6210949777505749,-0.09524397859423335,-0.6992155836958859,-0.06565699905708756,-0.5553366569618369,-0.0008343534432846437,-0.5268187250831252,0.01201644720517444,-0.5796471522390035,-0.2580762725182379,-0.6591133728143455,-0.23869280491637856,-0.5457121263502671,-0.16003302261335628,-0.5101507832790194,-0.13389873616648196,0.0,0.0,0.0,0.0,0.0,0.0,0.0,0.0,0.0,0.0,0.0,0.0,0.0,0.0,0.0,0.0,0.0,0.0,0.0,0.0,0.0,0.0,0.0,0.0,0.0,0.0,0.0,0.0,0.0,0.0,0.0,0.0,0.0,0.0,0.0,0.0,0.0,0.0,0.0,0.0,0.0,0.0,bad
0.0,0.0,-0.12240027676909511,0.2750772531202026,-0.3016735012306493,0.5736338937337145,-0.43674762091403313,0.8150892628456204,-0.5192543275917292,1.0,-0.6121537779569671,0.3089547314628605,-0.7280524406852709,0.3207174180052841,-0.5676076423775407,0.35812134955947406,-0.5062773006029995,0.36696769405251234,-0.6177811310423597,0.11521903846266959,-0.7113789207395552,0.13099263107631415,-0.543535254639866,0.17652317914435786,-0.5135868707927862,0.18276171282425857,-0.5939878651509958,-0.0723465645287466,-0.677663461399641,-0.05696652302407666,-0.5309833270147705,0.0008550111728945952,-0.49401518914782816,0.013778566543557177,-0.5590676902560274,-0.25188982066154014,-0.6498010053733629,-0.23684985864777763,-0.5377378618090197,-0.16774741718716832,-0.49628773291568434,-0.14631224965256817,0.0,0.0,0.0,0.0,0.0,0.0,0.0,0.0,0.0,0.0,0.0,0.0,0.0,0.0,0.0,0.0,0.0,0.0,0.0,0.0,0.0,0.0,0.0,0.0,0.0,0.0,0.0,0.0,0.0,0.0,0.0,0.0,0.0,0.0,0.0,0.0,0.0,0.0,0.0,0.0,0.0,0.0,bad
0.0,0.0,-0.15390922230170664,0.2929319532242288,-0.33707636830810106,0.5951256259398222,-0.47064426179248725,0.8245885221250566,-0.5721377578580084,1.0,-0.6288876885119057,0.23951997897718147,-0.767953049038644,0.270943252989182,-0.6164153174591588,0.3096964830576522,-0.5328332627706323,0.3025417171554959,-0.6265886097201337,0.03292815743755201,-0.7487510401915413,0.07534110982962758,-0.5964208651473787,0.13475568273063054,-0.5345191760223076,0.1319105946245821,-0.593756222900273,-0.1645981575835438,-0.7073179847292582,-0.1322457917865016,-0.5776591675547834,-0.05647546607880637,-0.5168547527628947,-0.04620990700322642,-0.5482826985123436,-0.35222272508285035,-0.6687708950756968,-0.32468341679197626,-0.5733010204826489,-0.23665036424952918,-0.5172477626757376,-0.20839394426033256,0.0,0.0,0.0,0.0,0.0,0.0,0.0,0.0,0.0,0.0,0.0,0.0,0.0,0.0,0.0,0.0,0.0,0.0,0.0,0.0,0.0,0.0,0.0,0.0,0.0,0.0,0.0,0.0,0.0,0.0,0.0,0.0,0.0,0.0,0.0,0.0,0.0,0.0,0.0,0.0,0.0,0.0,bad
0.0,0.0,-0.09391460249226041,0.27628674676698084,-0.263798473219553,0.5806900082532649,-0.4014666586242695,0.8227293836336237,-0.4959824793435442,1.0,-0.5717188122948637,0.3738439667064373,-0.6465974530120494,0.3404704704262912,-0.4655292559360492,0.31872118038851643,-0.46691951178726093,0.34293762287336216,-0.5925054666233162,0.16013050260568765,-0.653357480140428,0.13967388079500076,-0.4501751428138484,0.14574540026373178,-0.46848091377324264,0.17660613782020632,-0.5780654405934113,-0.03434643018095884,-0.6052080406317597,-0.06436222564514492,-0.43591116681942316,-0.03711909564224671,-0.4471185415014665,-0.0030330625889751486,-0.5506800974699305,-0.20522088885161924,-0.5697739252733802,-0.22304951027195563,-0.439102135011252,-0.17659191650814807,-0.4286813460030512,-0.14951061522867135,0.0,0.0,0.0,0.0,0.0,0.0,0.0,0.0,0.0,0.0,0.0,0.0,0.0,0.0,0.0,0.0,0.0,0.0,0.0,0.0,0.0,0.0,0.0,0.0,0.0,0.0,0.0,0.0,0.0,0.0,0.0,0.0,0.0,0.0,0.0,0.0,0.0,0.0,0.0,0.0,0.0,0.0,bad
0.0,0.0,-0.1091120159559555,0.2599088658719952,-0.2885177384288891,0.5745086848808542,-0.4282316247596679,0.8268531387595421,-0.5255737289463103,1.0,-0.5906636907226576,0.3489128059713108,-0.6909661075630151,0.3145748753565695,-0.4976433237316901,0.302957618739268,-0.4838888949862261,0.3220190589458413,-0.6212715475740302,0.12907990848672848,-0.696663237745932,0.11245346761665398,-0.4816285012157536,0.1342068267783078,-0.4968900254325479,0.1513735471569724,-0.6073420143894941,-0.06941419333725116,-0.6545388966325072,-0.09771875333621349,-0.47601069184711736,-0.05237767882353763,-0.48044118336677444,-0.03225214241029514,-0.5772879066189478,-0.2441310080528087,-0.6093080730629508,-0.26157759621016125,-0.47313768197641526,-0.19677797854646353,-0.4569168248925677,-0.16971760792370036,0.0,0.0,0.0,0.0,0.0,0.0,0.0,0.0,0.0,0.0,0.0,0.0,0.0,0.0,0.0,0.0,0.0,0.0,0.0,0.0,0.0,0.0,0.0,0.0,0.0,0.0,0.0,0.0,0.0,0.0,0.0,0.0,0.0,0.0,0.0,0.0,0.0,0.0,0.0,0.0,0.0,0.0,bad
0.0,0.0,-0.11584532929625134,0.26475786208666674,-0.31893600267978717,0.5857004424259035,-0.47386065541678085,0.8299509720753995,-0.5906646829281025,1.0,-0.626580791668298,0.30022643331636717,-0.7525536283709418,0.24427771904867554,-0.5382859367726835,0.25326490305347826,-0.5067299200849179,0.28768287589888153,-0.6234697806141759,0.08518058111359078,-0.7203352779191626,0.0431136864910014,-0.48590664682928103,0.07966058929216206,-0.494844346127577,0.125977730794496,-0.5911084139227125,-0.10955478990207466,-0.6555043307275014,-0.161201053643597,-0.4581141867759463,-0.10478305034606668,-0.4653770190847831,-0.04686364842584254,-0.5459560662812297,-0.292973389191235,-0.5971841570633709,-0.3322120425111694,-0.44429218380903907,-0.26763232536792697,-0.42294034863335206,-0.20556980280072562,0.0,0.0,0.0,0.0,0.0,0.0,0.0,0.0,0.0,0.0,0.0,0.0,0.0,0.0,0.0,0.0,0.0,0.0,0.0,0.0,0.0,0.0,0.0,0.0,0.0,0.0,0.0,0.0,0.0,0.0,0.0,0.0,0.0,0.0,0.0,0.0,0.0,0.0,0.0,0.0,0.0,0.0,bad
0.0,0.0,-0.11881630201337269,0.2943497321513353,-0.27230996401300356,0.5983742370233963,-0.40118352728044787,0.8294927999334246,-0.4779308917370741,1.0,-0.5781236830284984,0.3228683332568712,-0.6842639843035668,0.3590292366339729,-0.5151315024384311,0.34082128876764006,-0.4589152902591853,0.3088762945663156,-0.5981133766429136,0.11362896798512295,-0.6999172075029634,0.1560174461715405,-0.5032023412352512,0.17207502963352583,-0.4553784716035605,0.15778798932659613,-0.5809189967171068,-0.07660119729046616,-0.6518495481087355,-0.049746447977825264,-0.47862225176387496,-0.0015881009257609495,-0.4377285195613278,0.00023312062632097243,-0.5442774487534715,-0.2547672367897423,-0.6153381636069363,-0.22767403228267236,-0.48573429796550244,-0.15409380091178437,-0.44356293670108177,-0.13227968500442236,0.0,0.0,0.0,0.0,0.0,0.0,0.0,0.0,0.0,0.0,0.0,0.0,0.0,0.0,0.0,0.0,0.0,0.0,0.0,0.0,0.0,0.0,0.0,0.0,0.0,0.0,0.0,0.0,0.0,0.0,0.0,0.0,0.0,0.0,0.0,0.0,0.0,0.0,0.0,0.0,0.0,0.0,bad
0.0,0.0,-0.10097891974640764,0.2650992638905818,-0.26540371646927363,0.5683651755649689,-0.40333093673131765,0.8197748124824483,-0.4991964492345461,1.0,-0.6083075282477761,0.3547296734947451,-0.6917570672464332,0.3645038362635775,-0.5059529338865385,0.34234215852045713,-0.47302319262827414,0.3279936897236247,-0.6404667413747833,0.14476854355148497,-0.7001496489130183,0.16515559030240679,-0.48640514530227524,0.17234647025627176,-0.48407798925985807,0.17038068385311317,-0.6247791107944279,-0.04911351678167314,-0.6527672698980165,-0.04602120214201451,-0.47273108997781843,-0.011959026159832771,-0.4661716672242033,-0.002901159228698656,-0.5902916677182004,-0.22595106528870104,-0.6101240416052973,-0.21318231339929627,-0.47360578706898077,-0.15448256753934123,-0.45464435159923516,-0.1362078954702074,0.0,0.0,0.0,0.0,0.0,0.0,0.0,0.0,0.0,0.0,0.0,0.0,0.0,0.0,0.0,0.0,0.0,0.0,0.0,0.0,0.0,0.0,0.0,0.0,0.0,0.0,0.0,0.0,0.0,0.0,0.0,0.0,0.0,0.0,0.0,0.0,0.0,0.0,0.0,0.0,0.0,0.0,bad
0.0,0.0,-0.12537263601176352,0.2810721925345463,-0.3221957331386964,0.5898649097357231,-0.47879272329373374,0.8245696979371212,-0.6009582373501764,1.0,-0.6517110641442668,0.2963639011129274,-0.7686650050233131,0.23263575587611882,-0.5804543463387084,0.27542500153837063,-0.48439726639156744,0.33117311573969427,-0.662363899894416,0.07743274274117538,-0.739155096393389,0.023344241041047382,-0.5466948792668461,0.0731240864972489,-0.5051795872536399,0.11754065410909455,-0.6357790278350648,-0.12686896798787825,-0.6963262491112483,-0.1722438948010384,-0.5274606771145894,-0.10848894231384344,-0.4887449149996923,-0.055295437223207525,-0.5825203323855346,-0.31492731274983293,-0.6438279047635874,-0.3467938223909996,-0.5082435341216696,-0.2802253271246117,-0.46594839482449474,-0.22037082956864087,0.0,0.0,0.0,0.0,0.0,0.0,0.0,0.0,0.0,0.0,0.0,0.0,0.0,0.0,0.0,0.0,0.0,0.0,0.0,0.0,0.0,0.0,0.0,0.0,0.0,0.0,0.0,0.0,0.0,0.0,0.0,0.0,0.0,0.0,0.0,0.0,0.0,0.0,0.0,0.0,0.0,0.0,bad
0.0,0.0,-0.10210079725546814,0.2763275813812998,-0.293293022559808,0.5936962226662196,-0.45739740566364523,0.8293452085694571,-0.5725474764661381,1.0,-0.6316430335057903,0.3614307922951369,-0.7308718267043172,0.26464558572089686,-0.5173121101359796,0.26002665831631394,-0.45938042969215465,0.31412696785206573,-0.6373327273785342,0.1212920138667583,-0.698345355439599,0.037587117548765044,-0.4638341974655202,0.07124033220363407,-0.45168110889728236,0.14637022914513265,-0.6078378775324708,-0.0989888129290063,-0.6396959510950139,-0.18317422401299108,-0.4395956360169926,-0.12654663958344303,-0.42529491801597835,-0.04576030238622413,-0.5581087559544758,-0.29628806499973676,-0.5959098051060929,-0.3544281347769098,-0.43860301554883707,-0.289284576141084,-0.4051842388939847,-0.21188428849729676,0.0,0.0,0.0,0.0,0.0,0.0,0.0,0.0,0.0,0.0,0.0,0.0,0.0,0.0,0.0,0.0,0.0,0.0,0.0,0.0,0.0,0.0,0.0,0.0,0.0,0.0,0.0,0.0,0.0,0.0,0.0,0.0,0.0,0.0,0.0,0.0,0.0,0.0,0.0,0.0,0.0,0.0,bad
0.0,0.0,-0.12296943436418359,0.2525713512963768,-0.31503090762581826,0.5723744723463084,-0.4801757560381911,0.8290429979782356,-0.6046684988091818,1.0,-0.6652554922364917,0.3290295866056151,-0.7680313110846112,0.2483490041497022,-0.5475047582432443,0.24122141840912062,-0.4991617892112213,0.2755958840497428,-0.6772061428557059,0.08675593425298096,-0.7505585277889228,0.017510782184779656,-0.4956569504997413,0.05819753387209797,-0.4822807827324107,0.11875770455416686,-0.6487388280472035,-0.12864244498263785,-0.6873926391681373,-0.2113744086422885,-0.47233401470557007,-0.13721734135184402,-0.4554116564945131,-0.062022010297698944,-0.6004662687214379,-0.3193312083758493,-0.6408629994758388,-0.3791590622321218,-0.47447536386730343,-0.2948576885722812,-0.4401260445503446,-0.21654672801624564,0.0,0.0,0.0,0.0,0.0,0.0,0.0,0.0,0.0,0.0,0.0,0.0,0.0,0.0,0.0,0.0,0.0,0.0,0.0,0.0,0.0,0.0,0.0,0.0,0.0,0.0,0.0,0.0,0.0,0.0,0.0,0.0,0.0,0.0,0.0,0.0,0.0,0.0,0.0,0.0,0.0,0.0,bad
0.0,0.0,-0.11285501640485573,0.2788991731329248,-0.2824871995365596,0.5732295614720988,-0.4131285605550894,0.7958830696173759,-0.4952401239651173,1.0,-0.6035807526750436,0.3389838081606039,-0.6760426760047487,0.2857681706832369,-0.4841196320532437,0.2612837611411441,-0.4400803227457286,0.28470256944462485,-0.6258290102273819,0.1361283501365123,-0.6739914845420278,0.0828150368752062,-0.47628063084008965,0.0881851267836871,-0.4491205282805165,0.12974825105793786,-0.6110254138881457,-0.0552356558175541,-0.6389705595835271,-0.11140079023865623,-0.4695113872818856,-0.0846713963220911,-0.44209202825324007,-0.03651879349624754,-0.5761312596279488,-0.23140172543233226,-0.6105895097247154,-0.27246815795421186,-0.4739426466500583,-0.2351014555250463,-0.4367136255120835,-0.19561290255541672,0.0,0.0,0.0,0.0,0.0,0.0,0.0,0.0,0.0,0.0,0.0,0.0,0.0,0.0,0.0,0.0,0.0,0.0,0.0,0.0,0.0,0.0,0.0,0.0,0.0,0.0,0.0,0.0,0.0,0.0,0.0,0.0,0.0,0.0,0.0,0.0,0.0,0.0,0.0,0.0,0.0,0.0,bad
0.0,0.0,-0.15414291139425393,0.281955811541776,-0.35359043394857664,0.5803648371658235,-0.5082555150370266,0.8170702020029894,-0.6249713962988028,1.0,-0.6348713198599758,0.2756404794710628,-0.8155663776272803,0.2148478769967818,-0.6423886159703592,0.22384100237106425,-0.5336756851499321,0.25072239560257653,-0.6274684385543811,0.050675412501886626,-0.772122224223805,0.014479558699663572,-0.5936065250519735,0.04252579201822847,-0.5170496316817029,0.06759602323350844,-0.5943070114366118,-0.16511151791930592,-0.7109212582707297,-0.1957527763847843,-0.558139761335586,-0.14790669594387346,-0.49358425068040296,-0.11322562112632856,-0.5389844103742581,-0.36625457050629767,-0.6546468234068347,-0.38794408767582145,-0.5329106882902533,-0.33292791136991035,-0.46920355124079205,-0.2964426733140857,0.0,0.0,0.0,0.0,0.0,0.0,0.0,0.0,0.0,0.0,0.0,0.0,0.0,0.0,0.0,0.0,0.0,0.0,0.0,0.0,0.0,0.0,0.0,0.0,0.0,0.0,0.0,0.0,0.0,0.0,0.0,0.0,0.0,0.0,0.0,0.0,0.0,0.0,0.0,0.0,0.0,0.0,bad
0.0,0.0,-0.11739945265932034,0.2880097363257165,-0.3142842335145491,0.5992987272005919,-0.49428175535039215,0.8283942806830679,-0.6200968390301324,1.0,-0.6195082750428615,0.33606407960625784,-0.7756484033116852,0.2487487058145118,-0.5822065430682294,0.2501665016542937,-0.515593967099988,0.29060525585257785,-0.6177574758944921,0.10100663504624516,-0.7519548306925397,0.032396634939016906,-0.5342933836591285,0.06355418779956894,-0.4976344255127,0.1169699439196217,-0.593531038410353,-0.11688952272702903,-0.6901329749526707,-0.19105573367360434,-0.49951985569459484,-0.13927461275706485,-0.46117622249148427,-0.07942099124183427,-0.5496991055971958,-0.3193525557855006,-0.6281204912007301,-0.3746358707113165,-0.4767868695425285,-0.3150878497279381,-0.4344054967587281,-0.2605587068748801,0.0,0.0,0.0,0.0,0.0,0.0,0.0,0.0,0.0,0.0,0.0,0.0,0.0,0.0,0.0,0.0,0.0,0.0,0.0,0.0,0.0,0.0,0.0,0.0,0.0,0.0,0.0,0.0,0.0,0.0,0.0,0.0,0.0,0.0,0.0,0.0,0.0,0.0,0.0,0.0,0.0,0.0,bad
0.0,0.0,-0.1033010436036011,0.2700955588140989,-0.29514981472107854,0.5738202130577139,-0.4646827819611213,0.812520692040399,-0.5830676344888407,1.0,-0.610230666604047,0.30163153295912265,-0.7645235655886222,0.2323260259628213,-0.5695040926029326,0.2385079814019506,-0.4909152158321143,0.269307594319466,-0.6136672122697494,0.08290731647356028,-0.7369105993690486,0.007197206233906593,-0.5170792318882679,0.05335893783081898,-0.47661995121461914,0.11033126398434044,-0.5862525417508119,-0.11474479285346934,-0.6783429205245907,-0.19754484410884926,-0.49352610922382306,-0.13440650734592802,-0.4533573143572465,-0.07378919311624013,-0.5431151094945953,-0.29145612243773833,-0.6277177962273953,-0.3533835218592019,-0.4801469475507872,-0.2842754408455514,-0.43408146474424203,-0.22162269662439257,0.0,0.0,0.0,0.0,0.0,0.0,0.0,0.0,0.0,0.0,0.0,0.0,0.0,0.0,0.0,0.0,0.0,0.0,0.0,0.0,0.0,0.0,0.0,0.0,0.0,0.0,0.0,0.0,0.0,0.0,0.0,0.0,0.0,0.0,0.0,0.0,0.0,0.0,0.0,0.0,0.0,0.0,bad
0.0,0.0,-0.21535061782190545,0.2597984407408915,-0.5088924376172657,0.425710537089665,-0.7216357775665566,0.42563551899354446,-0.8584216990641094,0.3548846756385117,-0.8572621108336506,0.22620948723535172,-1.0,0.21076214395334195,-0.7691621356534675,0.2550100516268153,-0.6831307445705653,0.2315038494658153,-0.8481841231382145,0.0002829139901566681,-0.9741510784649382,-0.020091681690237513,-0.7396233612735839,0.039176604569240506,-0.6576605048079417,0.027045619781154655,-0.8082944476234027,-0.23107887993194104,-0.9278948405905361,-0.22720826539806277,-0.7074070793140792,-0.14049851919066647,-0.6277482360771601,-0.13179642004068534,-0.7403352351218765,-0.4459159430213618,-0.8620385289749416,-0.4543155755923038,-0.706343258865902,-0.35462171326966374,-0.6382970572954699,-0.3375870189963377,0.0,0.0,0.0,0.0,0.0,0.0,0.0,0.0,0.0,0.0,0.0,0.0,0.0,0.0,0.0,0.0,0.0,0.0,0.0,0.0,0.0,0.0,0.0,0.0,0.0,0.0,0.0,0.0,0.0,0.0,0.0,0.0,0.0,0.0,0.0,0.0,0.0,0.0,0.0,0.0,0.0,0.0,bad
0.0,0.0,-0.06456441668288376,0.3055568080955749,-0.25341804986638694,0.6263230777993478,-0.4087580630615664,0.8344390624777509,-0.5177464484557368,1.0,-0.5856796704053009,0.3742690440139926,-0.735083336102106,0.2822368202465315,-0.5394977288153292,0.2766152228703787,-0.4732435697232335,0.29675804407569667,-0.5894762510501559,0.13512688494088274,-0.7115500538724054,0.06844524712482734,-0.5026325095048011,0.08902266675526739,-0.4583728872286801,0.1081945387145617,-0.5676270747995804,-0.08950947632224716,-0.6575299146110507,-0.15725728938737346,-0.4677246147055054,-0.11276746344033453,-0.42153496010594116,-0.07873558853823043,-0.5263808660404494,-0.3056639002672261,-0.6165661206646953,-0.3535163017424282,-0.4601112809291685,-0.28947340316969095,-0.39967807084577306,-0.244233042058448,0.0,0.0,0.0,0.0,0.0,0.0,0.0,0.0,0.0,0.0,0.0,0.0,0.0,0.0,0.0,0.0,0.0,0.0,0.0,0.0,0.0,0.0,0.0,0.0,0.0,0.0,0.0,0.0,0.0,0.0,0.0,0.0,0.0,0.0,0.0,0.0,0.0,0.0,0.0,0.0,0.0,0.0,bad
0.0,0.0,-0.07951752537552473,0.25957919065782165,-0.2584091806360145,0.5694533613013325,-0.4200943360539441,0.8174624528546167,-0.5371097236037801,1.0,-0.592143350736078,0.36347565436113777,-0.7254006192102219,0.2552129647340012,-0.513685547552436,0.25606356628218657,-0.46202555587463845,0.3184334652702558,-0.5972464272337414,0.1478392376393716,-0.7079860643068623,0.047686965843273005,-0.4735509004974674,0.08131756128566839,-0.4593695905018203,0.1631609877314113,-0.5743635672944903,-0.04531604389562189,-0.6500364695746779,-0.14855983807402284,-0.45185083757479727,-0.09970286220894269,-0.4343076135365258,-0.011765100774838604,-0.5391055603713982,-0.2221335420455036,-0.5981236683543724,-0.2997290222690842,-0.4433267071836804,-0.24001562144528205,-0.4128568970119457,-0.15349242130803498,0.0,0.0,0.0,0.0,0.0,0.0,0.0,0.0,0.0,0.0,0.0,0.0,0.0,0.0,0.0,0.0,0.0,0.0,0.0,0.0,0.0,0.0,0.0,0.0,0.0,0.0,0.0,0.0,0.0,0.0,0.0,0.0,0.0,0.0,0.0,0.0,0.0,0.0,0.0,0.0,0.0,0.0,bad
0.0,0.0,-0.08566425582949827,0.26124446839585014,-0.2674787475040852,0.567550129933112,-0.43196757800993907,0.8154696111940894,-0.5483190679746057,1.0,-0.607341895130052,0.362582414926592,-0.7383448089111335,0.27663188164136326,-0.5268226220077397,0.27655497128012224,-0.47931284865028995,0.32520451346318546,-0.6214618897142806,0.14269061819106296,-0.7322320374916647,0.06328040315984083,-0.4891621817867185,0.09860308885897337,-0.4804846634597538,0.16614453967145923,-0.5989997914340551,-0.05566120344953652,-0.6703285434379306,-0.14955032808411217,-0.4691206234866618,-0.08963101453045023,-0.45354253663723865,-0.00819415807055404,-0.5619012241298781,-0.2366206014550479,-0.6167303001987652,-0.30938901928340373,-0.46183657135745987,-0.2371936904662397,-0.4329823674985359,-0.14722859655414877,0.0,0.0,0.0,0.0,0.0,0.0,0.0,0.0,0.0,0.0,0.0,0.0,0.0,0.0,0.0,0.0,0.0,0.0,0.0,0.0,0.0,0.0,0.0,0.0,0.0,0.0,0.0,0.0,0.0,0.0,0.0,0.0,0.0,0.0,0.0,0.0,0.0,0.0,0.0,0.0,0.0,0.0,bad
0.0,0.0,-0.10280789548577786,0.3319522290879132,-0.3074068728743001,0.6349954068828492,-0.4809041972705631,0.8279639944502302,-0.6041892594935071,1.0,-0.7259332038885794,0.3495407350421329,-0.8379189173771945,0.27169495841880814,-0.609708481229004,0.27813186844015747,-0.5412783609787969,0.28582374212959166,-0.7131691074452762,0.08218484623577918,-0.8128991312821047,0.023293821408009386,-0.5659025810294754,0.05965067372472032,-0.5141086781080534,0.0768224170301001,-0.668765338314951,-0.17544055427873723,-0.7366605560181057,-0.21918909896040006,-0.5039050067938234,-0.15957676615251393,-0.44397098434225535,-0.13070013319572166,-0.5984487202705934,-0.4219474006261103,-0.6614487692098124,-0.452291898439587,-0.48790967503423405,-0.36092736391234453,-0.4279918617507585,-0.31675021142054344,0.0,0.0,-0.12391813743030947,0.30792942643103666,-0.3224429489917237,0.6357577366592407,-0.5028897764131451,0.8519807694527489,-0.6522422171689772,1.0,-0.6701395542114437,0.3585671741715051,-0.825198538663096,0.23030023201320513,-0.6275685939538052,0.232645181397389,-0.5350622741911281,0.2913450994424757,-0.6508489836436462,0.11367146468435815,-0.7815904447496912,0.014956194521718051,-0.5658738586912608,0.054742130596885714,-0.5008524465273049,0.1204985398173906,-0.5977104567543545,-0.10070844828183256,-0.7069274987591334,-0.18188450128703842,-0.5188438585758314,-0.13224492976117647,-0.4584528990107696,-0.06910588343933605,-0.5189367792873385,-0.2860803619867718,-0.6286467050661988,-0.3421958145279512,-0.4834601133517251,-0.29342052104856114,-0.42639698498262785,-0.24038068634354115,bad
0.0,0.0,-0.06965439840646756,0.30868320154766316,-0.24882805075774547,0.6319476814251752,-0.41175899096099305,0.8458935854161203,-0.542529414200574,1.0,-0.5988939347445921,0.35249233654028905,-0.7447359172314497,0.23378728338183938,-0.5271626777036059,0.23933141291156257,-0.45148262860649796,0.27556043860366297,-0.6007302982458189,0.11846827428549586,-0.7256916756830221,0.019312343187086103,-0.4835088293036684,0.05942008288322342,-0.4420465127143884,0.11169061177077681,-0.5782325890548701,-0.09105209453741583,-0.6725390658595657,-0.18242776917139075,-0.45787353459891467,-0.12921941544286675,-0.4136378260089381,-0.06824195403092141,-0.5385179766130428,-0.2837372731355787,-0.6254683815261514,-0.3471746334440071,-0.45449279948014826,-0.2843199296671186,-0.40236481572126775,-0.21955586441808142,0.0,0.0,0.0,0.0,0.0,0.0,0.0,0.0,0.0,0.0,0.0,0.0,0.0,0.0,0.0,0.0,0.0,0.0,0.0,0.0,0.0,0.0,0.0,0.0,0.0,0.0,0.0,0.0,0.0,0.0,0.0,0.0,0.0,0.0,0.0,0.0,0.0,0.0,0.0,0.0,0.0,0.0,bad
0.0,0.0,-0.11035468602066129,0.31523628910698054,-0.33715636080087197,0.6391139155210825,-0.5379097444594156,0.8594942360932493,-0.692903736320439,1.0,-0.662420722848731,0.34604022608326757,-0.8368526108988663,0.21935331291903262,-0.6270195042308677,0.24857885161299456,-0.5529312717668858,0.3215792477857196,-0.6443357394730405,0.10042572180913809,-0.7880722382028493,0.003800216728242553,-0.5480880536487612,0.06969860720772167,-0.5217995942834714,0.1527019058503778,-0.6079575919515322,-0.12188459706139995,-0.7123720468286124,-0.205314482748133,-0.5054828364918341,-0.13158414291793405,-0.4832761884985106,-0.05212149052187563,-0.5545956691582811,-0.33700140508910215,-0.6503299822521961,-0.39085257891139286,-0.4885625117822712,-0.32046440567667533,-0.44663689734092327,-0.24403217310571887,0.0,0.0,0.0,0.0,0.0,0.0,0.0,0.0,0.0,0.0,0.0,0.0,0.0,0.0,0.0,0.0,0.0,0.0,0.0,0.0,0.0,0.0,0.0,0.0,0.0,0.0,0.0,0.0,0.0,0.0,0.0,0.0,0.0,0.0,0.0,0.0,0.0,0.0,0.0,0.0,0.0,0.0,bad
0.0,0.0,-0.1261776812530981,0.2977268721904033,-0.35259330802843847,0.6233677517529115,-0.5577290764742746,0.8520616709643103,-0.7184022030060255,1.0,-0.6998265856867436,0.32848195655218054,-0.8676386103214794,0.2117773715884847,-0.652382303753512,0.2337110609793303,-0.5818372333362263,0.2873358567236781,-0.6826070821404555,0.07416589951553675,-0.8223230063876313,-0.017334509661312315,-0.5726372765700065,0.04758111791268161,-0.5447717208482127,0.12476273333329783,-0.6418965147290355,-0.15402699768550193,-0.7443025384937713,-0.2439018806161985,-0.5306227740859276,-0.1596780041753609,-0.5049290236566514,-0.07540780582708298,-0.5839967926072366,-0.3679580717521022,-0.6777060113589836,-0.42585806009175997,-0.5133308592820317,-0.34262344921441773,-0.4712072074758234,-0.2615023419185043,0.0,0.0,0.0,0.0,0.0,0.0,0.0,0.0,0.0,0.0,0.0,0.0,0.0,0.0,0.0,0.0,0.0,0.0,0.0,0.0,0.0,0.0,0.0,0.0,0.0,0.0,0.0,0.0,0.0,0.0,0.0,0.0,0.0,0.0,0.0,0.0,0.0,0.0,0.0,0.0,0.0,0.0,bad
0.0,0.0,-0.14709041481059407,0.26377310161381795,-0.39194608713711726,0.5716249211196878,-0.599076601103925,0.8134377437967457,-0.7507296928127721,1.0,-0.7139550921401926,0.3096030290039913,-0.899244080315468,0.16090119259044278,-0.6477669882232027,0.18916177852804678,-0.5842729298744039,0.26291387201819105,-0.6949849428467205,0.062395458624114344,-0.8356738708466354,-0.06751675457772074,-0.5693851196451252,0.005856180888198973,-0.5547672997505119,0.09736586352973754,-0.648421461835242,-0.1635012474405502,-0.7595355314203249,-0.29234601364862384,-0.5385566966389664,-0.20149905876150587,-0.5158152030652157,-0.1067883664519702,-0.5918097606564973,-0.37306460330857977,-0.6883933444986141,-0.4732038586784319,-0.518563566215529,-0.37615085377121116,-0.4781603380470699,-0.2829677103275297,0.0,0.0,0.0,0.0,0.0,0.0,0.0,0.0,0.0,0.0,0.0,0.0,0.0,0.0,0.0,0.0,0.0,0.0,0.0,0.0,0.0,0.0,0.0,0.0,0.0,0.0,0.0,0.0,0.0,0.0,0.0,0.0,0.0,0.0,0.0,0.0,0.0,0.0,0.0,0.0,0.0,0.0,bad
0.0,0.0,-0.14731836253341615,0.2661348357033604,-0.3956587051635305,0.5765015719613535,-0.6121811271605918,0.8239748048387405,-0.7759392776912827,1.0,-0.755706534379301,0.31447326297586375,-0.9301906875312955,0.1563643229074034,-0.6664049011265039,0.1833418612350773,-0.6075798909340652,0.2539405746620078,-0.7355257793453308,0.058034514744149265,-0.8634180377434898,-0.08154908651123084,-0.5825877575813958,0.0009664347259807315,-0.5806877228313363,0.094140647445597,-0.6807027720697081,-0.1767814877950677,-0.7775520087997001,-0.3171243915319304,-0.5451687840489018,-0.21180079186356088,-0.5311040394892015,-0.11358727326954281,-0.6148795924119004,-0.3898543507348133,-0.7031173813230743,-0.49864885201673476,-0.525360155636487,-0.3865629454916586,-0.48810918632872463,-0.2862069625985383,0.0,0.0,0.0,0.0,0.0,0.0,0.0,0.0,0.0,0.0,0.0,0.0,0.0,0.0,0.0,0.0,0.0,0.0,0.0,0.0,0.0,0.0,0.0,0.0,0.0,0.0,0.0,0.0,0.0,0.0,0.0,0.0,0.0,0.0,0.0,0.0,0.0,0.0,0.0,0.0,0.0,0.0,bad
0.0,0.0,-0.12495172042024769,0.2866153722181931,-0.35051795874063113,0.5986693150021232,-0.5564924762163865,0.8286857370059411,-0.7057707896480497,1.0,-0.706049162947655,0.29885925046852346,-0.8636756440792752,0.14429437041786056,-0.6232293172048593,0.17193896097039618,-0.5582556755187861,0.24117711993771712,-0.6826764152895145,0.04148115814407359,-0.8016044608437136,-0.0841879671499298,-0.5418710575886658,-0.012206997577242907,-0.5266524751857485,0.07400081794259902,-0.6341262930654483,-0.18167394302138093,-0.7198329356030609,-0.3035342546933814,-0.5026754907466139,-0.21076268979337476,-0.47826149559212805,-0.1139309669582008,-0.5750192044737772,-0.3833713128483929,-0.6527181940191168,-0.47268165183987826,-0.4837046787680744,-0.3734802194551613,-0.4431318966542914,-0.27488554992493774,0.0,0.0,0.0,0.0,0.0,0.0,0.0,0.0,0.0,0.0,0.0,0.0,0.0,0.0,0.0,0.0,0.0,0.0,0.0,0.0,0.0,0.0,0.0,0.0,0.0,0.0,0.0,0.0,0.0,0.0,0.0,0.0,0.0,0.0,0.0,0.0,0.0,0.0,0.0,0.0,0.0,0.0,bad
0.0,0.0,-0.09971217426792965,0.28214655653520804,-0.30225793770238585,0.6008346624876413,-0.47820461870856545,0.8314680183514345,-0.6096523917814881,1.0,-0.6189605067103994,0.31004069408098756,-0.781735973717558,0.20407240739927437,-0.5627793232506848,0.21415776963443883,-0.49399165123276606,0.2531186833927659,-0.6089192770400331,0.07507484861566213,-0.7355501734773997,-0.001714528718838071,-0.49973145548555997,0.039761084289985225,-0.4692752725882143,0.09304237261810014,-0.5756574627417249,-0.13379986738806984,-0.6641681065094462,-0.21556915476497804,-0.46590405880342906,-0.15400829735065358,-0.43690296512991794,-0.08907708309454973,-0.5309764544197371,-0.32968482707425734,-0.6074599031011696,-0.38205539922296694,-0.4473011115621964,-0.31145143650427237,-0.4045422264021998,-0.24736024062959602,0.0,0.0,0.0,0.0,0.0,0.0,0.0,0.0,0.0,0.0,0.0,0.0,0.0,0.0,0.0,0.0,0.0,0.0,0.0,0.0,0.0,0.0,0.0,0.0,0.0,0.0,0.0,0.0,0.0,0.0,0.0,0.0,0.0,0.0,0.0,0.0,0.0,0.0,0.0,0.0,0.0,0.0,bad
0.0,0.0,-0.05078069046321405,0.3560766398482779,-0.2828204061871386,0.6563235148227653,-0.45184181496523984,0.8342461778167781,-0.5341138464971537,1.0,-0.641654752559729,0.33177507782412574,-0.7898722627962951,0.2469412762142308,-0.5758913562092433,0.2922894307873058,-0.49918322704853163,0.31321282087376273,-0.6144200813086773,0.06981571830870233,-0.7503534648960807,-0.006835757510835261,-0.5203319935271702,0.06741846557517861,-0.47749959365452893,0.08506536286465022,-0.5755237279778691,-0.18154600288412512,-0.6723539364300033,-0.2366269045975052,-0.45771644483213914,-0.14819722388732467,-0.4159270601839081,-0.12542530207487296,-0.5250522806433345,-0.420974155438461,-0.613539356878198,-0.451753495127689,-0.4458365608007863,-0.3617479114337575,-0.3893019689881095,-0.3305826363199375,0.0,0.0,-0.10826744812332614,0.2901442519430352,-0.32684785090823504,0.6012586590050248,-0.5211536442340995,0.8355784878557848,-0.6544816417025892,1.0,-0.6611615118842981,0.31060777494642305,-0.8161492699938672,0.21190362685472014,-0.5913028015972114,0.22333317311986572,-0.5348223971826633,0.26682452850311045,-0.6405084144044422,0.0653974184453284,-0.7616013287953728,-0.0163902503022568,-0.5110709225139597,0.03778101734451747,-0.5111860286705094,0.09848136198225178,-0.6012250348051725,-0.15242613041775077,-0.6908419850324865,-0.23359536142817447,-0.48218051492058395,-0.16165710783610945,-0.47399848876755757,-0.09840730622920277,-0.5519723893748354,-0.357240620756363,-0.6433613143060244,-0.4192558160067281,-0.48468025758199923,-0.34344789146355825,-0.4484754519618483,-0.2800600862388527,bad
0.0,0.0,-0.12486615845289165,0.283309260550181,-0.34286278350443977,0.5877492715960602,-0.5467620441076475,0.8266869745508328,-0.6842110415554294,1.0,-0.6844215169483678,0.3089211790048348,-0.8323200465982731,0.2104468400750043,-0.6078056186324565,0.21353727963817812,-0.5656024470619715,0.2571823708095104,-0.6654310075122584,0.06584392270658303,-0.784774226390759,-0.017830243437634223,-0.5254669106984724,0.03282396384718018,-0.5400790424838054,0.09677340406829356,-0.6256748163337063,-0.15183311422409837,-0.7066095391853379,-0.2372430905129848,-0.4915073586847409,-0.1660304136942796,-0.49393557576645064,-0.09792693974897139,-0.5742653858124085,-0.3526252114441508,-0.6568365956339409,-0.4205979540649692,-0.4924088133715507,-0.34169986616865033,-0.45840316887835786,-0.2736514584598667,0.0,0.0,0.0,0.0,0.0,0.0,0.0,0.0,0.0,0.0,0.0,0.0,0.0,0.0,0.0,0.0,0.0,0.0,0.0,0.0,0.0,0.0,0.0,0.0,0.0,0.0,0.0,0.0,0.0,0.0,0.0,0.0,0.0,0.0,0.0,0.0,0.0,0.0,0.0,0.0,0.0,0.0,bad
0.0,0.0,-0.12089549932501815,0.31812726101859945,-0.32915554322944146,0.6197015631042302,-0.49585508770951076,0.8282180740210355,-0.581871073350569,1.0,-0.6540390443934766,0.30512651068201163,-0.8285481900111517,0.2906786683060755,-0.6160510220852614,0.308814377885881,-0.5465275911747253,0.3045084211686026,-0.6434408160226461,0.06681688114841032,-0.7917277147123566,0.07478180737802215,-0.5626388569197027,0.13009660458144803,-0.5245252099246713,0.12955858575500337,-0.6049234040597644,-0.15381017066294314,-0.7202059281607402,-0.1495136458310966,-0.5186926925163207,-0.07495057792372896,-0.4840559997126285,-0.06423254454007217,-0.5552045244152382,-0.3686342047927223,-0.6553157604598104,-0.3530069753809729,-0.49803405392269107,-0.26552041832619355,-0.4497632697095802,-0.24391237015855802,0.0,0.0,0.0,0.0,0.0,0.0,0.0,0.0,0.0,0.0,0.0,0.0,0.0,0.0,0.0,0.0,0.0,0.0,0.0,0.0,0.0,0.0,0.0,0.0,0.0,0.0,0.0,0.0,0.0,0.0,0.0,0.0,0.0,0.0,0.0,0.0,0.0,0.0,0.0,0.0,0.0,0.0,bad
0.0,0.0,-0.08278345539630244,0.28673569345056976,-0.27374024720374374,0.5981549954882169,-0.44968383942249174,0.8284988563154471,-0.5701711959372967,1.0,-0.579530858497891,0.31719354500241326,-0.7285152246448282,0.22901005183304304,-0.5247350638994397,0.24312240572471827,-0.46217346232136486,0.2833038843304724,-0.5714920781482803,0.08816317965290747,-0.6956476192474765,0.034826432753446795,-0.47324214634965267,0.0722622290307011,-0.4506575451702936,0.1179132478542799,-0.5455760602690282,-0.11668705013325499,-0.6457018865548864,-0.17043728621492876,-0.4508401989381571,-0.11811336117348331,-0.4156034667282228,-0.06278891150609615,-0.5077177092732882,-0.3056594967787967,-0.6091281556250393,-0.3438383312698046,-0.45566742912303526,-0.2802090109751747,-0.4034200574990032,-0.22274106562021279,0.0,0.0,0.0,0.0,0.0,0.0,0.0,0.0,0.0,0.0,0.0,0.0,0.0,0.0,0.0,0.0,0.0,0.0,0.0,0.0,0.0,0.0,0.0,0.0,0.0,0.0,0.0,0.0,0.0,0.0,0.0,0.0,0.0,0.0,0.0,0.0,0.0,0.0,0.0,0.0,0.0,0.0,bad
0.0,0.0,-0.1156281321128963,0.28342852703398996,-0.30945159906422287,0.5781425429338506,-0.49930463564259553,0.8211239148354492,-0.6235420407519279,1.0,-0.6383176135526487,0.3133616224928765,-0.7748188262263337,0.24448641177445998,-0.5713726870600282,0.2455206881805514,-0.5132899555572592,0.2691444237630994,-0.6320116761660722,0.08010149051140382,-0.7466726126722133,0.041323141386987935,-0.5041091267705609,0.07901553450990545,-0.4930260781741154,0.11645517676389561,-0.6020837144418287,-0.13000087786862397,-0.6936147806380856,-0.17419702828636452,-0.4883516416571079,-0.11439107318840344,-0.46568620320793386,-0.06814861614193339,-0.5589801938806225,-0.32248940268826304,-0.656117640556093,-0.3607966460969328,-0.5047070357319909,-0.28771913132418353,-0.46227671890697997,-0.2368566553479226,0.0,0.0,0.0,0.0,0.0,0.0,0.0,0.0,0.0,0.0,0.0,0.0,0.0,0.0,0.0,0.0,0.0,0.0,0.0,0.0,0.0,0.0,0.0,0.0,0.0,0.0,0.0,0.0,0.0,0.0,0.0,0.0,0.0,0.0,0.0,0.0,0.0,0.0,0.0,0.0,0.0,0.0,bad
0.0,0.0,-0.13896332200030403,0.29616446620887893,-0.3862520163258199,0.5859413074463682,-0.581866314239724,0.7978807450619361,-0.6970571420700707,1.0,-0.647458332667318,0.2251821452584417,-0.8352447121504653,0.23074113386294867,-0.6222795543286515,0.29057878031120543,-0.5149370505034565,0.296177389739329,-0.6215602578312344,0.0037066725888178133,-0.765134559458953,0.007695962383003789,-0.5280285868493555,0.08522830266772277,-0.4728570150793794,0.08017537230820716,-0.5699215711748136,-0.20165621844575501,-0.6799494485903659,-0.19704030747119497,-0.48197558609060825,-0.1151683816985124,-0.44564720190261575,-0.11648556152569758,-0.5065105685571184,-0.40112257866604,-0.6160701380403099,-0.39766757482809156,-0.465849400739294,-0.30678811837817854,-0.4225232649055069,-0.2927868335071775,0.0,0.0,0.0,0.0,0.0,0.0,0.0,0.0,0.0,0.0,0.0,0.0,0.0,0.0,0.0,0.0,0.0,0.0,0.0,0.0,0.0,0.0,0.0,0.0,0.0,0.0,0.0,0.0,0.0,0.0,0.0,0.0,0.0,0.0,0.0,0.0,0.0,0.0,0.0,0.0,0.0,0.0,bad
0.0,0.0,-0.12450633951439341,0.2807133813257633,-0.3058672221362624,0.5669638691355132,-0.45810888122305865,0.8093992777583499,-0.5667787324787235,1.0,-0.5968934009365351,0.2492452178247546,-0.7422408809762098,0.23018061407533483,-0.5822389848906426,0.2539123907104925,-0.5016273243817821,0.25949838996696456,-0.5893033942614792,0.027970243381662645,-0.7184247344958484,0.03534067977052595,-0.512676196583528,0.08515451457675405,-0.47342990848405875,0.07647127743398804,-0.5523672896619511,-0.17398045898984552,-0.6481509141010632,-0.17174868280187783,-0.46989353002537954,-0.09950081671798917,-0.4322031649722638,-0.09335761873117888,-0.49854678158853216,-0.35919462871156516,-0.6022355325839025,-0.3658397229330059,-0.47230775973018346,-0.2770923348952189,-0.421247308288905,-0.24916472362615036,0.0,0.0,0.0,0.0,0.0,0.0,0.0,0.0,0.0,0.0,0.0,0.0,0.0,0.0,0.0,0.0,0.0,0.0,0.0,0.0,0.0,0.0,0.0,0.0,0.0,0.0,0.0,0.0,0.0,0.0,0.0,0.0,0.0,0.0,0.0,0.0,0.0,0.0,0.0,0.0,0.0,0.0,bad
0.0,0.0,-0.15336066635776102,0.2792605004124842,-0.3239617806140488,0.5578951375179066,-0.48721357603653576,0.8167905583213102,-0.5962001679216873,1.0,-0.6435242179819678,0.2447321707647903,-0.7649665876834493,0.24250248698314122,-0.5863093316585085,0.2611111965115624,-0.5194132549796393,0.2626437198094155,-0.6312417786815585,0.025349733147989953,-0.7333662735073893,0.04944232285323396,-0.5217793842822666,0.09624430775492218,-0.5039972535214876,0.09104151706337617,-0.58484239590722,-0.17330718615517166,-0.6636013272694133,-0.1569145451364565,-0.4907430058860431,-0.08295931595702552,-0.4609990535189988,-0.0783561828340701,-0.524149612806554,-0.3454769847003872,-0.6181910281213926,-0.3445029803537482,-0.5050756416196903,-0.24534090518134297,-0.46209061768682386,-0.2221084200208914,0.0,0.0,0.0,0.0,0.0,0.0,0.0,0.0,0.0,0.0,0.0,0.0,0.0,0.0,0.0,0.0,0.0,0.0,0.0,0.0,0.0,0.0,0.0,0.0,0.0,0.0,0.0,0.0,0.0,0.0,0.0,0.0,0.0,0.0,0.0,0.0,0.0,0.0,0.0,0.0,0.0,0.0,bad
0.0,0.0,-0.14114945557831432,0.2871545500239473,-0.3950855847619668,0.5936675492992362,-0.6023358055434853,0.8290134674875619,-0.7353140131306708,1.0,-0.6849318556825424,0.2522535260270505,-0.8454618201576303,0.18473590977160864,-0.6220902920534199,0.2359215416879182,-0.5667916466488956,0.2650802475121828,-0.6596971018215493,0.009758506103045194,-0.7825690307746859,-0.03521948236819917,-0.5269042544765165,0.06101860782910141,-0.5333406371980401,0.07691650572255332,-0.6108650416061199,-0.20491411913540994,-0.7000730633222862,-0.23308798763475444,-0.4871270124799853,-0.12759920733327756,-0.4834245452789028,-0.11320225363706553,-0.5519077521887535,-0.4048070780371061,-0.6402372374217457,-0.4163573011134199,-0.4882687841952264,-0.3050921508376373,-0.4569082592644959,-0.27021540725584675,0.0,0.0,0.0,0.0,0.0,0.0,0.0,0.0,0.0,0.0,0.0,0.0,0.0,0.0,0.0,0.0,0.0,0.0,0.0,0.0,0.0,0.0,0.0,0.0,0.0,0.0,0.0,0.0,0.0,0.0,0.0,0.0,0.0,0.0,0.0,0.0,0.0,0.0,0.0,0.0,0.0,0.0,bad
0.0,0.0,-0.13269743026194408,0.29175093820645404,-0.3565687013999225,0.5722084432299754,-0.5261638211424299,0.7912877747233991,-0.6274251223587256,1.0,-0.6545278326843765,0.27092687861129605,-0.7927463573666753,0.2815310284031729,-0.5851068361946968,0.3229598549773962,-0.5018062283472438,0.32480677398441304,-0.6440239075377125,0.04710162342077911,-0.7494927322112178,0.05852272696239582,-0.5224817260704784,0.12756357983862468,-0.4808385225303364,0.13258396067042913,-0.5923628820347733,-0.15743325502884667,-0.6677094217174517,-0.15681497547363654,-0.4776239604082611,-0.066206980550957,-0.44222417877236553,-0.04907047786127707,-0.525017928468551,-0.3454306573808214,-0.5981944816911148,-0.34736715045767436,-0.4604945581021658,-0.23994462793170743,-0.4210827866493126,-0.2044959628857488,0.0,0.0,0.0,0.0,0.0,0.0,0.0,0.0,0.0,0.0,0.0,0.0,0.0,0.0,0.0,0.0,0.0,0.0,0.0,0.0,0.0,0.0,0.0,0.0,0.0,0.0,0.0,0.0,0.0,0.0,0.0,0.0,0.0,0.0,0.0,0.0,0.0,0.0,0.0,0.0,0.0,0.0,bad
0.0,0.0,-0.12693570141006372,0.2806348542167746,-0.34311341831145953,0.5738674146180138,-0.5070053696346899,0.7964374240464069,-0.6111170589079791,1.0,-0.6445656523720676,0.28130009940539286,-0.7731244212816349,0.2805370560911751,-0.5660547337153181,0.3296554155235319,-0.4655506783621238,0.3428633384248291,-0.6309441986778456,0.04889688345432787,-0.734433139998153,0.051860929430888464,-0.5109962959300451,0.129619565291418,-0.45329267764457437,0.14292092762748013,-0.5773453774857819,-0.16195614775635028,-0.6514510217997198,-0.16577313504559055,-0.4646778505225117,-0.07397856123429407,-0.41831309402486144,-0.05079536573093747,-0.5086352475886224,-0.3577358725976463,-0.5892350688278145,-0.36666288005400416,-0.4518750134506475,-0.2604620157800953,-0.40634957735681904,-0.21699933012370237,0.0,0.0,0.0,0.0,0.0,0.0,0.0,0.0,0.0,0.0,0.0,0.0,0.0,0.0,0.0,0.0,0.0,0.0,0.0,0.0,0.0,0.0,0.0,0.0,0.0,0.0,0.0,0.0,0.0,0.0,0.0,0.0,0.0,0.0,0.0,0.0,0.0,0.0,0.0,0.0,0.0,0.0,bad
0.0,0.0,-0.1818725945265799,0.30795191029169733,-0.4726909048723306,0.5984540590431777,-0.6909498106217548,0.8062891935202171,-0.8379792939652656,1.0,-0.7471567766305588,0.20370543300752542,-0.9272092110110924,0.1762416035512086,-0.6992410846892374,0.24758034392772138,-0.5957886765705136,0.2905894756434462,-0.7281137773788929,-0.022814150526064846,-0.8515038073250052,-0.04706393603337035,-0.6239324765524108,0.03223748707625741,-0.5812360006068262,0.06254485861329995,-0.6736374136451775,-0.23987023988760967,-0.7752868720272205,-0.26364004620038783,-0.5766860783086375,-0.17990200265422757,-0.5411182176645092,-0.1448851938210806,-0.6010639857523308,-0.4484393664529601,-0.6961817750688735,-0.470700871611621,-0.5430266608363749,-0.3727953146891481,-0.5011014661993934,-0.32339410945055447,0.0,0.0,0.0,0.0,0.0,0.0,0.0,0.0,0.0,0.0,0.0,0.0,0.0,0.0,0.0,0.0,0.0,0.0,0.0,0.0,0.0,0.0,0.0,0.0,0.0,0.0,0.0,0.0,0.0,0.0,0.0,0.0,0.0,0.0,0.0,0.0,0.0,0.0,0.0,0.0,0.0,0.0,bad
0.0,0.0,-0.1401374392043281,0.3064797769003771,-0.3990751999198499,0.5955792780115489,-0.624039963477057,0.8097599254057599,-0.7595374633404376,1.0,-0.6806542251853471,0.21436565295007012,-0.8375568678616317,0.11353620188717052,-0.6167538754394594,0.1670718288339982,-0.538537226533326,0.21861878836730606,-0.647865263584531,-0.025054306246242965,-0.7383235878098985,-0.08033183165746761,-0.49916349026358453,0.009494200502759714,-0.4932740518607574,0.06358498642913092,-0.5859060490555039,-0.24612114505346375,-0.6613814848716688,-0.2918963581798641,-0.46086136309816567,-0.19805584776945917,-0.45346597947064504,-0.1453602883581981,-0.5088409885786108,-0.4463327344845802,-0.5910420879100862,-0.47867711350347014,-0.4400473841922145,-0.37879560244639965,-0.40825716796910577,-0.31978509185383536,0.0,0.0,0.0,0.0,0.0,0.0,0.0,0.0,0.0,0.0,0.0,0.0,0.0,0.0,0.0,0.0,0.0,0.0,0.0,0.0,0.0,0.0,0.0,0.0,0.0,0.0,0.0,0.0,0.0,0.0,0.0,0.0,0.0,0.0,0.0,0.0,0.0,0.0,0.0,0.0,0.0,0.0,bad
0.0,0.0,-0.1654257691234309,0.3017242520233276,-0.4419917081689784,0.5818094720215438,-0.6842665239620106,0.7958011456652022,-0.8346214154805781,1.0,-0.7428266454911371,0.1957379931006902,-0.8880608566307315,0.06474648345230183,-0.6583054972940781,0.15305318913258012,-0.5940259687948649,0.2144389203932434,-0.6967977765693916,-0.051141781103716935,-0.792594894280593,-0.13313452503229556,-0.5342462403365068,-0.005839094746109428,-0.5449867796795475,0.04777829565757788,-0.6260982648149587,-0.27296926383386416,-0.7071855822263653,-0.3495641178349172,-0.4947498496710025,-0.21453228261276114,-0.4960799376242552,-0.149636764862431,-0.5490961558933283,-0.4738047765780229,-0.6370007854510301,-0.5338480483124312,-0.4755931881543627,-0.40724082273837575,-0.444326195223422,-0.33563933699877146,0.0,0.0,0.0,0.0,0.0,0.0,0.0,0.0,0.0,0.0,0.0,0.0,0.0,0.0,0.0,0.0,0.0,0.0,0.0,0.0,0.0,0.0,0.0,0.0,0.0,0.0,0.0,0.0,0.0,0.0,0.0,0.0,0.0,0.0,0.0,0.0,0.0,0.0,0.0,0.0,0.0,0.0,bad
0.0,0.0,-0.13642946176393603,0.2988887068082743,-0.3470484526402142,0.5871756256508249,-0.5235327659833205,0.8160203093211845,-0.6339554311145781,1.0,-0.6487276890484936,0.26782756652718964,-0.7902107529560706,0.21470443496471797,-0.5835318712342371,0.24890584792676504,-0.5199438829193636,0.27800842695448913,-0.6327838535854351,0.04997729759576967,-0.7358762497753858,0.021334080770136737,-0.49903616738926304,0.08584882645748323,-0.4890599622771809,0.11146781609792016,-0.5843757036571262,-0.15186400703737457,-0.6584297845656771,-0.18144621606410755,-0.4603009471240367,-0.10746294886064085,-0.4367996950932405,-0.07899114321991524,-0.523904012702471,-0.3354290729682708,-0.6053711639177849,-0.3604580719837996,-0.46757609754445756,-0.2704291359961758,-0.4292474690588599,-0.23412629852932418,0.0,0.0,0.0,0.0,0.0,0.0,0.0,0.0,0.0,0.0,0.0,0.0,0.0,0.0,0.0,0.0,0.0,0.0,0.0,0.0,0.0,0.0,0.0,0.0,0.0,0.0,0.0,0.0,0.0,0.0,0.0,0.0,0.0,0.0,0.0,0.0,0.0,0.0,0.0,0.0,0.0,0.0,bad
0.0,0.0,-0.1564376280285371,0.2963077011372466,-0.41846624019919476,0.5874208651197288,-0.6538398076040122,0.7983782316168679,-0.7972188007699371,1.0,-0.7308669077134986,0.2467911468266582,-0.8937065144451508,0.14330270029843895,-0.6738470257646394,0.20414867644981283,-0.629869499187681,0.2606772764798333,-0.689481959013209,0.021111602255068165,-0.817003900455605,-0.01849681253090344,-0.5537278378187469,0.07404160706717525,-0.5839111172917991,0.1049415980168821,-0.6226723087518542,-0.19234908084339902,-0.7301243973829201,-0.22168872399696263,-0.5147853645722964,-0.12505394305820441,-0.5194694431200113,-0.0940237161828071,-0.5489786413081867,-0.39759317387158294,-0.6518283247686657,-0.4090451057780603,-0.4967200965070283,-0.3039187769301406,-0.46511801802994984,-0.267725882072473,0.0,0.0,0.0,0.0,0.0,0.0,0.0,0.0,0.0,0.0,0.0,0.0,0.0,0.0,0.0,0.0,0.0,0.0,0.0,0.0,0.0,0.0,0.0,0.0,0.0,0.0,0.0,0.0,0.0,0.0,0.0,0.0,0.0,0.0,0.0,0.0,0.0,0.0,0.0,0.0,0.0,0.0,bad
0.0,0.0,-0.14916952846087378,0.3089838545721419,-0.4097478651740074,0.5967803399247946,-0.6354720027096205,0.8060146134350802,-0.77636331624764,1.0,-0.7045206163155903,0.2274742872038258,-0.8896340096523236,0.12684159026863645,-0.6873631362682054,0.2284993449000303,-0.6051632981238367,0.29316971753017873,-0.6642485746733555,0.012275100873089048,-0.8104411006462618,-0.014832431035502656,-0.5713509379417765,0.09484902214670016,-0.5456811438469199,0.10791284408480876,-0.5976036024974489,-0.1884994399940594,-0.7196469997763892,-0.2090492596859911,-0.5122281831572533,-0.09749976820830403,-0.47423979665540317,-0.07378611423002435,-0.5195624499969723,-0.3896048521448668,-0.6551620605030166,-0.418109287372338,-0.5174617110184753,-0.3031576671588715,-0.4666465384305038,-0.256781707600684,0.0,0.0,0.0,0.0,0.0,0.0,0.0,0.0,0.0,0.0,0.0,0.0,0.0,0.0,0.0,0.0,0.0,0.0,0.0,0.0,0.0,0.0,0.0,0.0,0.0,0.0,0.0,0.0,0.0,0.0,0.0,0.0,0.0,0.0,0.0,0.0,0.0,0.0,0.0,0.0,0.0,0.0,bad
0.0,0.0,-0.12669748743900977,0.26228359307098587,-0.31883768010116165,0.5548697421428523,-0.4554501240305277,0.8047108122567636,-0.557548157315011,1.0,-0.5552117036818767,0.24032160943999856,-0.693530666124065,0.2326478337161828,-0.5468671616092087,0.2730782356962252,-0.4937318960287207,0.2967567188070113,-0.5459103498204163,0.06208388299539254,-0.6648435523123462,0.08531106761073004,-0.5016463491607651,0.14015421274499162,-0.46991912354406895,0.14917099562754252,-0.5111643353736471,-0.11043826539413874,-0.6308073207217011,-0.08876969950824457,-0.49440787970121974,-0.02723091341386386,-0.45327450006981007,-0.009538742087389944,-0.4663820049516938,-0.2794027661569455,-0.5843431973642081,-0.2680571287865719,-0.5100659753259155,-0.1821543486222466,-0.48154241326851605,-0.133918376786267,0.0,0.0,0.0,0.0,0.0,0.0,0.0,0.0,0.0,0.0,0.0,0.0,0.0,0.0,0.0,0.0,0.0,0.0,0.0,0.0,0.0,0.0,0.0,0.0,0.0,0.0,0.0,0.0,0.0,0.0,0.0,0.0,0.0,0.0,0.0,0.0,0.0,0.0,0.0,0.0,0.0,0.0,bad
0.0,0.0,-0.10877690179296018,0.2788879171707769,-0.29709220367758266,0.5832572178120893,-0.463787460866049,0.8249308486983113,-0.5653584722778748,1.0,-0.5707367270390599,0.306056680871301,-0.7275713829807205,0.28141769285062174,-0.5267494000845416,0.2986697531483559,-0.4687902627371853,0.3097113047786306,-0.5666015665879726,0.10590371618523464,-0.6746498955744678,0.09785219369139887,-0.44566214893266726,0.14147863273867206,-0.44861765366542355,0.1501406977338829,-0.5347797763811218,-0.07670373077179521,-0.6288048320355394,-0.09356534164163108,-0.44157920664215,-0.03324063530944547,-0.42759984403600637,-0.02443281259743704,-0.49005082207999606,-0.24197097231293868,-0.5759222924721912,-0.2577192790527712,-0.4497791840718211,-0.181317636813199,-0.41807326639483017,-0.16479609131963707,0.0,0.0,0.0,0.0,0.0,0.0,0.0,0.0,0.0,0.0,0.0,0.0,0.0,0.0,0.0,0.0,0.0,0.0,0.0,0.0,0.0,0.0,0.0,0.0,0.0,0.0,0.0,0.0,0.0,0.0,0.0,0.0,0.0,0.0,0.0,0.0,0.0,0.0,0.0,0.0,0.0,0.0,bad
0.0,0.0,-0.12367817745431126,0.2671851551207722,-0.3080347856351684,0.5799071714082428,-0.4692149621037183,0.8358857133362753,-0.576223956929947,1.0,-0.5888818845203224,0.2853501414859374,-0.7365031969470912,0.2911844756472242,-0.5387860138196787,0.3133202721960539,-0.5055639548464904,0.3065968071083252,-0.5809997290194779,0.06958559000133249,-0.7002881094643254,0.08766640734592232,-0.47324283232470793,0.14315237467588096,-0.47879864354518165,0.1342709033489323,-0.543887530949878,-0.11640028993494828,-0.645554962971643,-0.11530631128830086,-0.45560953182457997,-0.03765678256376432,-0.4434524645618363,-0.04784254577838253,-0.49576012222653515,-0.2804215534343748,-0.591218722600661,-0.28349754854994813,-0.45986586081570274,-0.1902903055105895,-0.4251462491387706,-0.18352639556881806,0.0,0.0,0.0,0.0,0.0,0.0,0.0,0.0,0.0,0.0,0.0,0.0,0.0,0.0,0.0,0.0,0.0,0.0,0.0,0.0,0.0,0.0,0.0,0.0,0.0,0.0,0.0,0.0,0.0,0.0,0.0,0.0,0.0,0.0,0.0,0.0,0.0,0.0,0.0,0.0,0.0,0.0,bad
0.0,0.0,-0.08812972562828071,0.25914261184172177,-0.2727048006900047,0.5091197401219364,-0.43747662194084574,0.7070418221499022,-0.5564040321409411,0.8730472343002686,-0.554526278766251,0.2826806248376009,-0.75798460135531,0.29098360250828176,-0.8847828470993423,0.2926935970052373,-1.0,0.28451293116649723,-0.5380910462403932,0.0915895301862242,-0.645379072820987,0.1030549306586759,-0.44570648914655386,0.1405033951907146,-0.4340044676421974,0.14759698745365143,-0.49571641833808056,-0.10634203644260286,-0.568070683987919,-0.08444920650446024,-0.3927782668275097,-0.03274657245296478,-0.3936346472469464,-0.022616425945520848,-0.4402196475482801,-0.2935904845741859,-0.5116837438881133,-0.2620326487625066,-0.38132086898703477,-0.20019443431765707,-0.35989673640812236,-0.1921384514610731,0.0,0.0,0.0,0.0,0.0,0.0,0.0,0.0,0.0,0.0,0.0,0.0,0.0,0.0,0.0,0.0,0.0,0.0,0.0,0.0,0.0,0.0,0.0,0.0,0.0,0.0,0.0,0.0,0.0,0.0,0.0,0.0,0.0,0.0,0.0,0.0,0.0,0.0,0.0,0.0,0.0,0.0,bad
0.0,0.0,-0.129169270581579,0.28267491648608617,-0.37609456660246354,0.5844530740661581,-0.5725557102306373,0.8075633822175238,-0.7022777590669703,1.0,-0.6992326012106344,0.2832720920893555,-0.9066086141111281,0.3088523435484337,-0.7833206790468152,0.342867966162467,-0.7192159103088517,0.33450700746488266,-0.6851039892205739,0.056990312498553956,-0.8299135077119445,0.11621424934776543,-0.581306365091528,0.18193270537556844,-0.5317096493447389,0.1568205645516812,-0.6231456759546337,-0.15989073499873,-0.7275070838783473,-0.10740368933211755,-0.5083521417593582,-0.026012719152503392,-0.4745628830912761,-0.04672764652907157,-0.5427279456796565,-0.3687397393663035,-0.6193127465537965,-0.3068498355359629,-0.4678177377537418,-0.2176385538070226,-0.43803649662148686,-0.23239385625739356,0.0,0.0,0.0,0.0,0.0,0.0,0.0,0.0,0.0,0.0,0.0,0.0,0.0,0.0,0.0,0.0,0.0,0.0,0.0,0.0,0.0,0.0,0.0,0.0,0.0,0.0,0.0,0.0,0.0,0.0,0.0,0.0,0.0,0.0,0.0,0.0,0.0,0.0,0.0,0.0,0.0,0.0,bad
0.0,0.0,-0.13241949674807785,0.28519859651089363,-0.36279574952686355,0.5851744625667791,-0.5722776596983427,0.824276138704227,-0.7139646876188277,1.0,-0.6791944142602379,0.23645696789726428,-0.8398570275194606,0.1493941872707094,-0.6309349813668558,0.2043636538453176,-0.562238518741131,0.24218437077082222,-0.6381261236537293,-0.0014342665286111653,-0.7635571645925325,-0.06122701900131372,-0.5152452119849311,0.03010631014461523,-0.5255759412358996,0.05451432792884376,-0.5786049082499436,-0.21811529116069533,-0.6763969060235329,-0.26378618340154775,-0.4695173066228471,-0.16016785532582273,-0.4713637103752768,-0.13196689470304618,-0.5092416820030352,-0.42184515719435534,-0.6167430626385769,-0.45294521087365847,-0.46936825113216946,-0.35120614156937796,-0.43503499784268146,-0.3143906432771142,0.0,0.0,0.0,0.0,0.0,0.0,0.0,0.0,0.0,0.0,0.0,0.0,0.0,0.0,0.0,0.0,0.0,0.0,0.0,0.0,0.0,0.0,0.0,0.0,0.0,0.0,0.0,0.0,0.0,0.0,0.0,0.0,0.0,0.0,0.0,0.0,0.0,0.0,0.0,0.0,0.0,0.0,bad
0.0,0.0,-0.14008243347285568,0.30629489531916226,-0.3610993051240264,0.5889301039969047,-0.5835480394570745,0.8194177384874528,-0.7318038392092953,1.0,-0.6889424880702536,0.22419850374990719,-0.8552851414568946,0.17744288670551406,-0.6601876223751627,0.20944851058923764,-0.5831818910162463,0.22215427673103455,-0.6501091361730233,-0.006410162463409582,-0.7824162279724707,-0.022662976359365778,-0.5269200931712217,0.051108606613437135,-0.529621872960414,0.0566417470776518,-0.5919460044631516,-0.22254472922113705,-0.6913491996029281,-0.23340802859230947,-0.4744108893865316,-0.13928589573733843,-0.47207476951456384,-0.12956842847819036,-0.5233658396939107,-0.428243699022562,-0.6323080688466544,-0.43472176626685893,-0.4778503398170186,-0.3366136471999781,-0.4399807228586056,-0.3220457512125156,0.0,0.0,0.0,0.0,0.0,0.0,0.0,0.0,0.0,0.0,0.0,0.0,0.0,0.0,0.0,0.0,0.0,0.0,0.0,0.0,0.0,0.0,0.0,0.0,0.0,0.0,0.0,0.0,0.0,0.0,0.0,0.0,0.0,0.0,0.0,0.0,0.0,0.0,0.0,0.0,0.0,0.0,bad
0.0,0.0,-0.09452830309545696,0.28682578066396647,-0.29247254826205765,0.582735473548321,-0.4618852375951161,0.8170460320092363,-0.5683999655970492,1.0,-0.5845922457471242,0.32312299401445366,-0.7442700341792685,0.2913162268616265,-0.5495016560358118,0.3018481924641366,-0.48786030553726834,0.30121894191183585,-0.5664118194928841,0.10558723453098517,-0.6882148575590771,0.09506482530368533,-0.44103952779324707,0.14399630178780878,-0.4532742084249634,0.1459050564671509,-0.5285292980086299,-0.10212856181068737,-0.6174806685556085,-0.1057694357506517,-0.40706146818057853,-0.039111408327215325,-0.4080855755547502,-0.03431431800193207,-0.4794716983747546,-0.28956163436699356,-0.5562626339743421,-0.2734296328913212,-0.40855730343875135,-0.20452270684012783,-0.38276580191272425,-0.19966050714528075,0.0,0.0,0.0,0.0,0.0,0.0,0.0,0.0,0.0,0.0,0.0,0.0,0.0,0.0,0.0,0.0,0.0,0.0,0.0,0.0,0.0,0.0,0.0,0.0,0.0,0.0,0.0,0.0,0.0,0.0,0.0,0.0,0.0,0.0,0.0,0.0,0.0,0.0,0.0,0.0,0.0,0.0,bad
0.0,0.0,-0.1264949327076612,0.2880387172955016,-0.3684032709769801,0.5795158517019087,-0.5765053797450156,0.8080639627050351,-0.7133239501685903,1.0,-0.6852501729991048,0.292897907525509,-0.9010279788912339,0.30330061685442583,-0.8120243722672371,0.3313067039309614,-0.8231729904788193,0.3277515962881389,-0.6527069328073394,0.0661311841189697,-0.8173194148125571,0.09676340719101209,-0.5528718330620938,0.1557325002539876,-0.5642231621361029,0.13710011328805644,-0.598458055624244,-0.16434447715932596,-0.717570694814244,-0.13345982395304393,-0.48587086120008666,-0.0574956055352046,-0.49002283971561056,-0.07505489486830023,-0.5320755196203029,-0.38995939073644903,-0.6434864638982977,-0.342631675800636,-0.48194196047761173,-0.25852032571753897,-0.453388961411136,-0.27686230421389396,0.0,0.0,0.0,0.0,0.0,0.0,0.0,0.0,0.0,0.0,0.0,0.0,0.0,0.0,0.0,0.0,0.0,0.0,0.0,0.0,0.0,0.0,0.0,0.0,0.0,0.0,0.0,0.0,0.0,0.0,0.0,0.0,0.0,0.0,0.0,0.0,0.0,0.0,0.0,0.0,0.0,0.0,bad
0.0,0.0,-0.12705262100725542,0.296322735742444,-0.3642915367806868,0.5976662938691217,-0.581371595947265,0.8197737570679586,-0.735067825101723,1.0,-0.6891118334131257,0.2767463549858178,-0.8825863244079686,0.29574550083416296,-0.7107920257727586,0.3165670318912536,-0.6814935758239979,0.2946764705595571,-0.6579144561267343,0.04414165071632707,-0.8350113691875516,0.08787255784293554,-0.5604275731074837,0.1510890433598972,-0.5633186229437225,0.11349576678149612,-0.6027802343846744,-0.1827160560034868,-0.7332799326039242,-0.14524953709075555,-0.4939629224077326,-0.061249304051662526,-0.4868640056007387,-0.08806050045876525,-0.533552266573321,-0.4080642495604922,-0.6549763596953526,-0.3656407746258455,-0.4891219984028534,-0.2786855035058245,-0.4507643974769374,-0.298316121917473,0.0,0.0,0.0,0.0,0.0,0.0,0.0,0.0,0.0,0.0,0.0,0.0,0.0,0.0,0.0,0.0,0.0,0.0,0.0,0.0,0.0,0.0,0.0,0.0,0.0,0.0,0.0,0.0,0.0,0.0,0.0,0.0,0.0,0.0,0.0,0.0,0.0,0.0,0.0,0.0,0.0,0.0,bad
0.0,0.0,-0.10695156782133214,0.271051910761048,-0.30599610249521714,0.5710756129496207,-0.4759240461459139,0.8151871667277242,-0.5910768256197337,1.0,-0.5929777708240052,0.2853107488365151,-0.7522788445882688,0.26993061491702963,-0.5665550246943732,0.2887581664427891,-0.49951365992320323,0.2861339652786258,-0.5767837486940476,0.07303899370429166,-0.7001515201625487,0.07065870459695255,-0.47519368800966066,0.12374577685513087,-0.4786271132684767,0.13092332108790924,-0.5390115127338843,-0.12401714359370972,-0.6368025450807995,-0.13459143617454308,-0.4492257991750451,-0.06776260668104911,-0.4436415805077272,-0.062334953901575285,-0.4906520518717521,-0.30375510084666424,-0.5809846330104069,-0.31043888481838783,-0.45056800450468787,-0.23486346012944193,-0.41987748639774225,-0.22182004823543777,0.0,0.0,0.0,0.0,0.0,0.0,0.0,0.0,0.0,0.0,0.0,0.0,0.0,0.0,0.0,0.0,0.0,0.0,0.0,0.0,0.0,0.0,0.0,0.0,0.0,0.0,0.0,0.0,0.0,0.0,0.0,0.0,0.0,0.0,0.0,0.0,0.0,0.0,0.0,0.0,0.0,0.0,bad
0.0,0.0,-0.11292404012296194,0.26951960362731897,-0.3209141509313716,0.5736466818859679,-0.5061037090506094,0.82144512699485,-0.6385845289518919,1.0,-0.6432458033436398,0.2779472413954261,-0.8273176171574254,0.291448724975419,-0.6657538663756082,0.30607164252397107,-0.5989011959651633,0.2965107191421735,-0.6183429253393317,0.06438327952015596,-0.7481418073937718,0.0917473864327286,-0.5048389372607449,0.13219973465731863,-0.5038999739040191,0.12253326454906838,-0.5689420260007205,-0.14204934622523985,-0.6687393628689747,-0.12562755020010272,-0.46601272419455214,-0.0629177006108964,-0.4611785946766435,-0.06887974895979453,-0.5087164377622037,-0.33878419562996304,-0.6134457361246864,-0.32084617168382584,-0.46860555108696356,-0.24590531251111092,-0.4349247409353363,-0.24041732996746612,0.0,0.0,0.0,0.0,0.0,0.0,0.0,0.0,0.0,0.0,0.0,0.0,0.0,0.0,0.0,0.0,0.0,0.0,0.0,0.0,0.0,0.0,0.0,0.0,0.0,0.0,0.0,0.0,0.0,0.0,0.0,0.0,0.0,0.0,0.0,0.0,0.0,0.0,0.0,0.0,0.0,0.0,bad
0.0,0.0,-0.11255334313451949,0.2679526699289593,-0.32559097754312166,0.5733148398543415,-0.5069969827370349,0.8229832896930154,-0.6341404332911238,1.0,-0.6372884830697029,0.2820633374827406,-0.8073107816624815,0.28895032515613933,-0.5980948050136287,0.3032653331330171,-0.5189307764399517,0.2927822670072042,-0.6150005097332217,0.06124802366592979,-0.7394471809070032,0.0737092123995736,-0.4999190686726905,0.1223484929782013,-0.492162851715923,0.12014646781705407,-0.566895554768599,-0.1404388803039083,-0.667448034039448,-0.13855700337675902,-0.46603164638465006,-0.06927319196731985,-0.4549469609168759,-0.07022771213844713,-0.5095329055151346,-0.33100085670952,-0.6140515787421572,-0.3303697264968271,-0.4706445084740912,-0.2505119688937537,-0.43391867698295167,-0.23824327152147318,0.0,0.0,0.0,0.0,0.0,0.0,0.0,0.0,0.0,0.0,0.0,0.0,0.0,0.0,0.0,0.0,0.0,0.0,0.0,0.0,0.0,0.0,0.0,0.0,0.0,0.0,0.0,0.0,0.0,0.0,0.0,0.0,0.0,0.0,0.0,0.0,0.0,0.0,0.0,0.0,0.0,0.0,bad
0.0,0.0,-0.08906317483038087,0.2535351923344489,-0.29324108001412225,0.5511763661842849,-0.4644526921197816,0.8042136155961604,-0.580806633443483,1.0,-0.5978689023032577,0.30860678468006264,-0.7832240536474372,0.3050583287825285,-0.7156234545818313,0.3017828146410134,-0.7556260412429695,0.28460985628689695,-0.5795152204979472,0.09988741418900822,-0.7028167120468736,0.10269343015769897,-0.474543866598172,0.14857747486901032,-0.4819051973777989,0.15750827401306838,-0.532481027778056,-0.1013266972193819,-0.6164422585429598,-0.10846206802066516,-0.41551089007776815,-0.04517100834400633,-0.4205749078102465,-0.03262367766537426,-0.4776653316455405,-0.29290368479893397,-0.5467379198769994,-0.28451109867259966,-0.39876598792024986,-0.2162058794765058,-0.38141128146474057,-0.20180260877773018,0.0,0.0,0.0,0.0,0.0,0.0,0.0,0.0,0.0,0.0,0.0,0.0,0.0,0.0,0.0,0.0,0.0,0.0,0.0,0.0,0.0,0.0,0.0,0.0,0.0,0.0,0.0,0.0,0.0,0.0,0.0,0.0,0.0,0.0,0.0,0.0,0.0,0.0,0.0,0.0,0.0,0.0,bad
0.0,0.0,-0.09430293319399578,0.2816541203919034,-0.28140020584144126,0.5844785086414206,-0.4598184619563087,0.8150500894286012,-0.5724739872041547,1.0,-0.5804633490636242,0.3181716869865535,-0.7356279968769027,0.28063349766931267,-0.5448489115339986,0.2995787293867669,-0.48435726056504314,0.300025122543506,-0.5655040069370904,0.10111239395706124,-0.6879418100249601,0.07415463261667374,-0.44685547773324535,0.13559336934472566,-0.4712087273792388,0.1508539958238038,-0.5357930051350727,-0.0999492481181622,-0.6241177245077807,-0.1307460319775124,-0.4255725773112921,-0.049971521233617214,-0.43610542863103235,-0.03451345162751987,-0.49321148330881587,-0.2850640221492093,-0.570815216711156,-0.3140534101758402,-0.43047959235492766,-0.23130953611001048,-0.4034986632510764,-0.21275712209628544,0.0,0.0,0.0,0.0,0.0,0.0,0.0,0.0,0.0,0.0,0.0,0.0,0.0,0.0,0.0,0.0,0.0,0.0,0.0,0.0,0.0,0.0,0.0,0.0,0.0,0.0,0.0,0.0,0.0,0.0,0.0,0.0,0.0,0.0,0.0,0.0,0.0,0.0,0.0,0.0,0.0,0.0,bad
0.0,0.0,-0.10998493791423586,0.2875687322955203,-0.3001776070082743,0.5791702567021307,-0.4762035833545609,0.810953931407506,-0.580812432366219,1.0,-0.582273042224206,0.3048444285724057,-0.7492274644397358,0.2792944303030843,-0.5487329048850115,0.2889858161040994,-0.4731171719177391,0.2822828044952875,-0.5656268155285192,0.08645620647265517,-0.6901298672227499,0.06872089584071289,-0.454014210633331,0.11918064491925606,-0.4530976763929424,0.12521387353444163,-0.5314097444875813,-0.11121454881000817,-0.638808302365931,-0.13949622121347724,-0.43480098335708955,-0.06232609011508909,-0.4164481209908104,-0.048030373720878226,-0.4867497378591858,-0.29509438623814094,-0.5884632755176128,-0.3161445164328454,-0.4460147445528704,-0.235136009577389,-0.40311837199310135,-0.21411002597676082,0.0,0.0,0.0,0.0,0.0,0.0,0.0,0.0,0.0,0.0,0.0,0.0,0.0,0.0,0.0,0.0,0.0,0.0,0.0,0.0,0.0,0.0,0.0,0.0,0.0,0.0,0.0,0.0,0.0,0.0,0.0,0.0,0.0,0.0,0.0,0.0,0.0,0.0,0.0,0.0,0.0,0.0,bad
0.0,0.0,-0.11703702068478333,0.2665142718382304,-0.3146806772776441,0.5723338263537826,-0.5022108655820217,0.8266694629020508,-0.6379278792026314,1.0,-0.6260235325283119,0.24117927548069493,-0.8105001214154838,0.22143027439899335,-0.602379743482196,0.2645610278372591,-0.5223309565332568,0.2679094461246385,-0.593268284068081,0.021052782622132938,-0.7303196538554935,0.006098810128258902,-0.48373054592816617,0.09422227863749752,-0.4857199938188481,0.11387734828583412,-0.5409170180357182,-0.18440848583853947,-0.6585041612397625,-0.1974738956709861,-0.45349279233537165,-0.09862899843263648,-0.44443475573412217,-0.08419413232080178,-0.48179253405152433,-0.3768041237113402,-0.5966412062076426,-0.3767509216538996,-0.4515971655003422,-0.28164606282699395,-0.4138395991081481,-0.2666571005982472,0.0,0.0,0.0,0.0,0.0,0.0,0.0,0.0,0.0,0.0,0.0,0.0,0.0,0.0,0.0,0.0,0.0,0.0,0.0,0.0,0.0,0.0,0.0,0.0,0.0,0.0,0.0,0.0,0.0,0.0,0.0,0.0,0.0,0.0,0.0,0.0,0.0,0.0,0.0,0.0,0.0,0.0,bad
0.0,0.0,-0.09695362716757266,0.28819968856842,-0.3207971377382498,0.5914422618703882,-0.49120779701317785,0.8189388654858584,-0.595607753462866,1.0,-0.6166241399297187,0.3135651990231938,-0.7719943588291077,0.3184425080376093,-0.6032556404324925,0.34621998875799015,-0.567124668063821,0.3357715804475395,-0.6105840294406627,0.09003721433220802,-0.718063164044227,0.16054981352094597,-0.48253399261742774,0.21408206870907037,-0.5054398678254146,0.16904640196102697,-0.570440847096342,-0.11454709763550121,-0.6292542396116567,-0.04229727283995393,-0.4283570380043691,0.023531427161848785,-0.45257186692629825,-0.01949650502636393,-0.5165873625265047,-0.3052032539701212,-0.5462661463850644,-0.21566886445006173,-0.4065879929671746,-0.14240035345416813,-0.40847300038529194,-0.1736142959907742,0.0,0.0,0.0,0.0,0.0,0.0,0.0,0.0,0.0,0.0,0.0,0.0,0.0,0.0,0.0,0.0,0.0,0.0,0.0,0.0,0.0,0.0,0.0,0.0,0.0,0.0,0.0,0.0,0.0,0.0,0.0,0.0,0.0,0.0,0.0,0.0,0.0,0.0,0.0,0.0,0.0,0.0,bad
0.0,0.0,-0.10652866993705339,0.27514855197342186,-0.3171524123353185,0.5917892293317348,-0.4751646677165285,0.8244245913010466,-0.5801508164959063,1.0,-0.5981105493874865,0.3012019357733517,-0.7387234146613775,0.33531659868422176,-0.54404283259842,0.3557018110467205,-0.5164937314469763,0.3289837530659249,-0.5889149544775357,0.08563062015243608,-0.6974725243116708,0.13774700909146395,-0.4784325154760744,0.18468791933629597,-0.4910755564767097,0.14681933059332294,-0.5462050281318938,-0.10603016430140408,-0.6155553401890052,-0.06274706671927668,-0.4295841747411584,-0.003192881491860798,-0.4457728796698197,-0.04007097341193032,-0.49722479487254784,-0.29324709272695915,-0.5483315445326189,-0.24357111637901702,-0.41388495544267634,-0.17030812639352821,-0.40592610350496366,-0.1870175863046651,0.0,0.0,0.0,0.0,0.0,0.0,0.0,0.0,0.0,0.0,0.0,0.0,0.0,0.0,0.0,0.0,0.0,0.0,0.0,0.0,0.0,0.0,0.0,0.0,0.0,0.0,0.0,0.0,0.0,0.0,0.0,0.0,0.0,0.0,0.0,0.0,0.0,0.0,0.0,0.0,0.0,0.0,bad
0.0,0.0,-0.13086065146791448,0.2650085530789404,-0.33991403231461886,0.5540423520238926,-0.529279984226935,0.7971411319638698,-0.6583132902636051,1.0,-0.6808244115067198,0.27064025425105387,-0.8986085423245779,0.2074431391087994,-0.7688772109457006,0.28184966073346995,-0.6578213902029998,0.30564010301783096,-0.6290562710816312,0.05580125041869198,-0.7724981824007098,0.047784321259694326,-0.5012881709854021,0.14775194614752968,-0.5145872845346666,0.1407897286875981,-0.5773161368089342,-0.16478864877036187,-0.6725516181394728,-0.16008663983303853,-0.45636092536808487,-0.04927178402551473,-0.4614107707181114,-0.05959798848611063,-0.5219119016065449,-0.37479042996165396,-0.6126015363054956,-0.35452540214034217,-0.4638421528441368,-0.24883712854039775,-0.4276729912027074,-0.2582763221424483,0.0,0.0,0.0,0.0,0.0,0.0,0.0,0.0,0.0,0.0,0.0,0.0,0.0,0.0,0.0,0.0,0.0,0.0,0.0,0.0,0.0,0.0,0.0,0.0,0.0,0.0,0.0,0.0,0.0,0.0,0.0,0.0,0.0,0.0,0.0,0.0,0.0,0.0,0.0,0.0,0.0,0.0,bad
0.0,0.0,-0.11091431312380708,0.2671135495887303,-0.3321527906915872,0.5655961190208157,-0.4948206411596432,0.7973361735596362,-0.6069140953133217,1.0,-0.6285399854113228,0.28886369257942174,-0.8352648420973846,0.2683047795210209,-0.8899579800264,0.37773016035035534,-0.9040114867699578,0.47709841533411046,-0.6080807269572117,0.06502788804667199,-0.7332121149303517,0.10522611661249612,-0.5145596112713562,0.17240067836613124,-0.4728527928045171,0.14904744179377447,-0.5463991522210415,-0.14725607669704274,-0.6401703505056368,-0.09371947880641956,-0.4422898399502904,-0.024129238986773376,-0.41619168668256024,-0.05177277446722893,-0.4655990308694854,-0.34896509008807763,-0.5546004738639506,-0.2947937722600056,-0.4127575974284066,-0.21007873870068686,-0.3722147825831924,-0.2196454755916125,0.0,0.0,0.0,0.0,0.0,0.0,0.0,0.0,0.0,0.0,0.0,0.0,0.0,0.0,0.0,0.0,0.0,0.0,0.0,0.0,0.0,0.0,0.0,0.0,0.0,0.0,0.0,0.0,0.0,0.0,0.0,0.0,0.0,0.0,0.0,0.0,0.0,0.0,0.0,0.0,0.0,0.0,bad
0.0,0.0,-0.13957002257792206,0.33608907775370855,-0.3681463470359685,0.6363735159305488,-0.5344040553832963,0.8311434988035028,-0.6242417869973931,1.0,-0.6686141211917138,0.38724965653919,-0.8371441688248399,0.43968224901261704,-0.6362586367932419,0.43374105087241827,-0.5698696196666238,0.4089237343720518,-0.6539547303463616,0.16011499037967447,-0.8077122194178686,0.20998323235236105,-0.5600010311311766,0.2303713912013277,-0.5246008217388123,0.19790830120496877,-0.6020928967897592,-0.06690073201756432,-0.717720352946361,-0.03970560990981239,-0.4923018142346589,0.010101876615955836,-0.4661315124383942,-0.011140174368132656,-0.5258046994766047,-0.29091205477916465,-0.6295796022571932,-0.2690086465269491,-0.47588286863260454,-0.19807152798665434,-0.44198870975539944,-0.2007144968914176,0.0,0.0,0.0,0.0,0.0,0.0,0.0,0.0,0.0,0.0,0.0,0.0,0.0,0.0,0.0,0.0,0.0,0.0,0.0,0.0,0.0,0.0,0.0,0.0,0.0,0.0,0.0,0.0,0.0,0.0,0.0,0.0,0.0,0.0,0.0,0.0,0.0,0.0,0.0,0.0,0.0,0.0,bad
0.0,0.0,-0.12633629089549023,0.31249767404396855,-0.34666577377598734,0.6253707146301002,-0.5133861555572441,0.8330440941138566,-0.6020261500174517,1.0,-0.6313667312457453,0.41332002843290117,-0.7931834016460356,0.4577297984952373,-0.6007031928754788,0.4345831280358585,-0.5361525872768677,0.4100960849197088,-0.6239481365969317,0.18530802292337867,-0.7629568061023964,0.2093770936843776,-0.5137116598219201,0.22022260552480255,-0.4998354337515372,0.19713315747118848,-0.5806032008679561,-0.037032537261167724,-0.6813085188508953,-0.034557460884287274,-0.4614853298648815,0.0072009007138391454,-0.4509462481538777,-0.009156725223916353,-0.5195610958546825,-0.2548445452793537,-0.6079370586708998,-0.25176334678923734,-0.45679423289374016,-0.18807076628576103,-0.4276695833161856,-0.18749242606517902,0.0,0.0,0.0,0.0,0.0,0.0,0.0,0.0,0.0,0.0,0.0,0.0,0.0,0.0,0.0,0.0,0.0,0.0,0.0,0.0,0.0,0.0,0.0,0.0,0.0,0.0,0.0,0.0,0.0,0.0,0.0,0.0,0.0,0.0,0.0,0.0,0.0,0.0,0.0,0.0,0.0,0.0,bad
0.0,0.0,-0.12527814920884123,0.2985569956195873,-0.32159328446982755,0.5978254001171334,-0.4953865505342034,0.8259132645206928,-0.6092637098350846,1.0,-0.6256702192581246,0.3685967369763405,-0.7797030700208694,0.34805981517364104,-0.613984665798981,0.34992114069695596,-0.5338706961883327,0.3480089245236529,-0.6071802678290091,0.1469656237900218,-0.7294090068816882,0.13910577494373402,-0.4885237343389326,0.17047625590702617,-0.4901730154872971,0.17115310155186797,-0.5691875350138275,-0.07078815197814077,-0.6676703787154945,-0.08777831354323182,-0.46708541189831876,-0.030033859245792084,-0.4525074671426639,-0.024947444801668536,-0.5132307208194073,-0.27807923419749897,-0.6127672130202032,-0.28406991187859865,-0.47317246374783345,-0.22273130542574907,-0.43459480652435095,-0.21811743187120256,0.0,0.0,0.0,0.0,0.0,0.0,0.0,0.0,0.0,0.0,0.0,0.0,0.0,0.0,0.0,0.0,0.0,0.0,0.0,0.0,0.0,0.0,0.0,0.0,0.0,0.0,0.0,0.0,0.0,0.0,0.0,0.0,0.0,0.0,0.0,0.0,0.0,0.0,0.0,0.0,0.0,0.0,bad
0.0,0.0,-0.12046922181208064,0.2981069095206567,-0.3102016220712734,0.605268609151761,-0.4776017659478769,0.8381393475761553,-0.5921663812548857,1.0,-0.6164999778319242,0.39767453199822195,-0.7698107035894485,0.3931297078858427,-0.591325679362006,0.3761918236764948,-0.5104945566053125,0.36224057427637557,-0.6011172288915425,0.1686002739995221,-0.7173602992616503,0.16419193362172543,-0.4799762248704326,0.18552931204088782,-0.4759833384532286,0.18552720581041587,-0.5613030489687001,-0.05012649493656929,-0.6489939537494956,-0.06834033356582607,-0.44909193559105093,-0.016455452119747208,-0.430801956730233,-0.008917779818247054,-0.5036985933645105,-0.26129115929768587,-0.6057782116144499,-0.27016797293325345,-0.46732104439122935,-0.20484986947163208,-0.42327102436624314,-0.18895551714961303,0.0,0.0,0.0,0.0,0.0,0.0,0.0,0.0,0.0,0.0,0.0,0.0,0.0,0.0,0.0,0.0,0.0,0.0,0.0,0.0,0.0,0.0,0.0,0.0,0.0,0.0,0.0,0.0,0.0,0.0,0.0,0.0,0.0,0.0,0.0,0.0,0.0,0.0,0.0,0.0,0.0,0.0,bad
0.0,0.0,-0.08401702070139468,0.3014973863423371,-0.2548724881635867,0.6039908821600526,-0.42440619497575743,0.833364048346085,-0.5388680149050985,1.0,-0.5766761653989684,0.38188518924704734,-0.7316107777866409,0.3780107752718082,-0.5849074286190308,0.3780575354404749,-0.4991919135557729,0.38123919162277825,-0.5675800355298694,0.17887945346400508,-0.6943751446519923,0.19051546602402214,-0.43522527988318604,0.20136343221209785,-0.4495912611138901,0.19617383937528415,-0.5435650542005367,-0.025066888653036013,-0.6322359887476959,-0.024164790693233254,-0.4205327633570029,0.016343857776785816,-0.4219601273291181,0.012172968614496203,-0.5065485847976011,-0.22643474146931453,-0.5947651794706356,-0.20611440287854027,-0.44859927753574697,-0.1498087744867089,-0.419220728036179,-0.1587027353912785,0.0,0.0,0.0,0.0,0.0,0.0,0.0,0.0,0.0,0.0,0.0,0.0,0.0,0.0,0.0,0.0,0.0,0.0,0.0,0.0,0.0,0.0,0.0,0.0,0.0,0.0,0.0,0.0,0.0,0.0,0.0,0.0,0.0,0.0,0.0,0.0,0.0,0.0,0.0,0.0,0.0,0.0,bad
0.0,0.0,-0.07532412314401728,0.28544075382230955,-0.2532182515217869,0.6016634626383983,-0.4148839007955911,0.8349728037221393,-0.522889618442245,1.0,-0.5729039429288159,0.3978022289508503,-0.7373183751274272,0.3779726852793882,-0.5384699018747362,0.35303451340782066,-0.4860355996392052,0.36421206719044685,-0.5652730915279014,0.18155512295268667,-0.6926795293469755,0.16783337838207202,-0.4468355032652743,0.17569473759868964,-0.4797218923709708,0.20414448395910587,-0.5455162332370607,-0.02893870233311973,-0.6476366621820394,-0.03958893279031887,-0.43791909246532007,-0.015354837272820223,-0.45158566498518454,-0.0006673287312756689,-0.5179118846671303,-0.23657704498496182,-0.6101434574552626,-0.22855664853581475,-0.45845291495709234,-0.19528294151053988,-0.43338141906563854,-0.19648822304491004,0.0,0.0,0.0,0.0,0.0,0.0,0.0,0.0,0.0,0.0,0.0,0.0,0.0,0.0,0.0,0.0,0.0,0.0,0.0,0.0,0.0,0.0,0.0,0.0,0.0,0.0,0.0,0.0,0.0,0.0,0.0,0.0,0.0,0.0,0.0,0.0,0.0,0.0,0.0,0.0,0.0,0.0,bad
0.0,0.0,-0.08625244534786258,0.28428834901623307,-0.24961995085634073,0.5924784940016175,-0.4098678024172677,0.8288479447881262,-0.5166329816458706,1.0,-0.5546442800909643,0.37040545188574897,-0.7102604331077167,0.3628231301670527,-0.5221411651514136,0.34469823832808627,-0.45808341300336747,0.34399834681814545,-0.5454568044364047,0.16378050632230093,-0.6649514446581856,0.16453304193122126,-0.42819727943939534,0.17499919953468904,-0.4528647720422119,0.19108275750576187,-0.5258990305824893,-0.03272184331348245,-0.6309318653748958,-0.04013758967421357,-0.4304125549104471,-0.009686121345826746,-0.42923346459654876,0.0016048592860556585,-0.4946914908474895,-0.22255057123758223,-0.599406300280762,-0.22991190560048747,-0.45452777555699125,-0.1828624207367463,-0.4154953190949379,-0.1709330321881343,0.0,0.0,0.0,0.0,0.0,0.0,0.0,0.0,0.0,0.0,0.0,0.0,0.0,0.0,0.0,0.0,0.0,0.0,0.0,0.0,0.0,0.0,0.0,0.0,0.0,0.0,0.0,0.0,0.0,0.0,0.0,0.0,0.0,0.0,0.0,0.0,0.0,0.0,0.0,0.0,0.0,0.0,bad
0.0,0.0,-0.09015985183569132,0.28286182463107357,-0.2544016607532054,0.5924061254871529,-0.41485828898155186,0.8298745814928356,-0.5231741469140885,1.0,-0.5662104816109338,0.3813518750442597,-0.7195795370240143,0.37116942535043346,-0.5284593748465087,0.3484831957032508,-0.47143568398268315,0.34893826953981916,-0.557412979210799,0.16984136721775905,-0.6780041925181285,0.1701333088207591,-0.4370153744732969,0.17900853080980064,-0.4648097931416211,0.1979010976807015,-0.537684039098871,-0.030678722802828757,-0.6413494448276726,-0.03667467073228225,-0.4358887363209085,-0.007617506002062922,-0.43755743901724564,0.0032045522375252662,-0.5070512773727307,-0.22283468589746497,-0.605874003132849,-0.22743710581719287,-0.4572492946552791,-0.18234810603871343,-0.4213970904863136,-0.1750332921919232,0.0,0.0,0.0,0.0,0.0,0.0,0.0,0.0,0.0,0.0,0.0,0.0,0.0,0.0,0.0,0.0,0.0,0.0,0.0,0.0,0.0,0.0,0.0,0.0,0.0,0.0,0.0,0.0,0.0,0.0,0.0,0.0,0.0,0.0,0.0,0.0,0.0,0.0,0.0,0.0,0.0,0.0,bad
0.0,0.0,-0.1059726365343902,0.29002947745270785,-0.2950626564594454,0.6067178273694878,-0.47109776775006773,0.8484426996321288,-0.5761489094173141,1.0,-0.6094388070301492,0.42389573765793903,-0.764894420050067,0.38972971906606624,-0.5569260592518603,0.3636313231420327,-0.5277651854566825,0.3895149977832208,-0.6012618509431435,0.17518588238714414,-0.7301823573448073,0.157540527603833,-0.46502991873194,0.18626749412579469,-0.5026777862111143,0.224166735021685,-0.5727066199152951,-0.05108559882630107,-0.675399773026729,-0.07872961419735461,-0.45126979396932226,-0.021519890272025284,-0.460141894634979,0.0026744636380721183,-0.53203749523678,-0.25931083605282473,-0.6119048830402374,-0.27235068927816064,-0.4591130391264125,-0.2174360326816591,-0.43662659159036,-0.20590286250050618,0.0,0.0,0.0,0.0,0.0,0.0,0.0,0.0,0.0,0.0,0.0,0.0,0.0,0.0,0.0,0.0,0.0,0.0,0.0,0.0,0.0,0.0,0.0,0.0,0.0,0.0,0.0,0.0,0.0,0.0,0.0,0.0,0.0,0.0,0.0,0.0,0.0,0.0,0.0,0.0,0.0,0.0,bad
0.0,0.0,-0.08309412679996481,0.2706696211405649,-0.2614148526800254,0.5783787279324409,-0.4052218284970893,0.8135989975453445,-0.4924944152025709,1.0,-0.5434739923746539,0.3680081199260623,-0.6411912837600937,0.3700955435240284,-0.4686466482815876,0.35393336465552544,-0.4708368534672348,0.3613878296123328,-0.5617531287419768,0.15891008887084943,-0.6175599181432262,0.19504567458410035,-0.41402157618545193,0.2034240900171622,-0.44454219834462033,0.21093545514992654,-0.5370826575308467,-0.03529572105257739,-0.5746095880228562,-0.0036394436354985566,-0.4014742745272724,0.022640399377819156,-0.42146258379905677,0.02059018668857414,-0.5022640850966518,-0.21414435412068364,-0.5216271246570862,-0.16808411327217376,-0.3959488158531477,-0.12705393829600412,-0.39753633076234857,-0.1365190567721054,0.0,0.0,0.0,0.0,0.0,0.0,0.0,0.0,0.0,0.0,0.0,0.0,0.0,0.0,0.0,0.0,0.0,0.0,0.0,0.0,0.0,0.0,0.0,0.0,0.0,0.0,0.0,0.0,0.0,0.0,0.0,0.0,0.0,0.0,0.0,0.0,0.0,0.0,0.0,0.0,0.0,0.0,bad
0.0,0.0,-0.08450138934704016,0.2792001011471263,-0.25468912944075334,0.6016643645555373,-0.3986837564749846,0.8330817647131519,-0.501931491834556,1.0,-0.5658978280936143,0.39402376387089294,-0.6586607702201566,0.39356384864815536,-0.47880406831994055,0.38729881085582446,-0.47152803458014914,0.3976808408900567,-0.5925292770547174,0.1652871428123274,-0.6484424388245259,0.19253982905755404,-0.42631954696734486,0.21036605943534425,-0.45651538643620837,0.22179929710352275,-0.5735072480851917,-0.044883847165171166,-0.6072448530467245,-0.01832455108832977,-0.41717077038176387,0.017849140582147344,-0.43129600459344847,0.020426300914601975,-0.5396091766300706,-0.23537430615828195,-0.5531730633034614,-0.19449803362001192,-0.4155785587104882,-0.14479952620556633,-0.41238481918525227,-0.14588552692994705,0.0,0.0,0.0,0.0,0.0,0.0,0.0,0.0,0.0,0.0,0.0,0.0,0.0,0.0,0.0,0.0,0.0,0.0,0.0,0.0,0.0,0.0,0.0,0.0,0.0,0.0,0.0,0.0,0.0,0.0,0.0,0.0,0.0,0.0,0.0,0.0,0.0,0.0,0.0,0.0,0.0,0.0,bad
0.0,0.0,-0.10692579724394193,0.2933543259659822,-0.2865994813845394,0.6455447123145707,-0.46308817570036337,0.9099099398344063,-0.5740667911166619,1.0,-0.6347680513389446,0.42949974202091734,-0.7696076282089609,0.36091118654877136,-0.5760535622150328,0.37719420621054195,-0.5701981013625281,0.43807904124786584,-0.6306759273406896,0.17809990101575113,-0.7522699944861123,0.14499022336781173,-0.4896096433245421,0.18542628552194815,-0.5333231470347907,0.23530703939661682,-0.6044487551678857,-0.060880184770597916,-0.6999528330089219,-0.0887795707139488,-0.473995154864954,-0.027435466477112938,-0.4906113329214526,0.00928303959148514,-0.564874431726334,-0.2821168457019356,-0.63632888014934,-0.28398403851306614,-0.4656423900599442,-0.22285440014880853,-0.4449436099799153,-0.20558087367439717,0.0,0.0,0.0,0.0,0.0,0.0,0.0,0.0,0.0,0.0,0.0,0.0,0.0,0.0,0.0,0.0,0.0,0.0,0.0,0.0,0.0,0.0,0.0,0.0,0.0,0.0,0.0,0.0,0.0,0.0,0.0,0.0,0.0,0.0,0.0,0.0,0.0,0.0,0.0,0.0,0.0,0.0,bad
0.0,0.0,-0.12259674920202382,0.29974350651362675,-0.31043212410498133,0.6181636194664945,-0.47999669206101053,0.8602917183354057,-0.5814943251109965,1.0,-0.6231176213781754,0.34726905916701906,-0.7732220842964571,0.3520850165963231,-0.5707358305138567,0.3531622336793919,-0.5519927661272176,0.3654644331382832,-0.6143387615871354,0.11856909842208319,-0.7436531057551087,0.1343248673886151,-0.5041834316277004,0.1723848637430441,-0.5242651642184428,0.18159238797936,-0.5820275913738011,-0.09183665619508806,-0.6899383095021402,-0.09412860061572968,-0.4832931985739962,-0.03675808302798649,-0.4886774676145721,-0.03646959997657945,-0.5390702212622266,-0.29087211845498734,-0.6316979620916175,-0.2776973111883771,-0.4770675206334831,-0.21491549262968543,-0.4514740522316728,-0.21978903982369624,0.0,0.0,0.0,0.0,0.0,0.0,0.0,0.0,0.0,0.0,0.0,0.0,0.0,0.0,0.0,0.0,0.0,0.0,0.0,0.0,0.0,0.0,0.0,0.0,0.0,0.0,0.0,0.0,0.0,0.0,0.0,0.0,0.0,0.0,0.0,0.0,0.0,0.0,0.0,0.0,0.0,0.0,bad
0.0,0.0,-0.10959048532120372,0.30979357608848096,-0.3015439085080649,0.6312835273581942,-0.47759423128506756,0.864536809550776,-0.5833609829922871,1.0,-0.6273106537073556,0.3573661023460758,-0.7732419562270195,0.3455409786384827,-0.5692409466303192,0.3556293530587212,-0.5480214106521563,0.3771875182696545,-0.6156678604739095,0.12492110492050403,-0.7405123887645815,0.12392213783728291,-0.49391904548640964,0.16736581708185988,-0.5216230818015205,0.1860398851437325,-0.5837930010044988,-0.09158434769347612,-0.6867341184571045,-0.10202208942913858,-0.4715868706005723,-0.040432135154931555,-0.48140982998795057,-0.031630486739932205,-0.5422407428236797,-0.30032215332615364,-0.6267672416457988,-0.29374936208738783,-0.4675293938742818,-0.22978835239089918,-0.4486032520337549,-0.22882919213933303,0.0,0.0,0.0,0.0,0.0,0.0,0.0,0.0,0.0,0.0,0.0,0.0,0.0,0.0,0.0,0.0,0.0,0.0,0.0,0.0,0.0,0.0,0.0,0.0,0.0,0.0,0.0,0.0,0.0,0.0,0.0,0.0,0.0,0.0,0.0,0.0,0.0,0.0,0.0,0.0,0.0,0.0,bad
0.0,0.0,-0.086380163986848,0.29364229661147906,-0.25551904560817273,0.6010156994686263,-0.41304177778389783,0.8319366222503745,-0.5054286791852372,1.0,-0.5483219385577175,0.4183898443823259,-0.6667113239359903,0.40978523965366614,-0.4828137407453308,0.3952591001378542,-0.48361843222575657,0.4033194025603246,-0.5575487806557332,0.19853149303308348,-0.6587448304668531,0.20873075434256083,-0.4331146944027516,0.2225888517095606,-0.4698258385621545,0.23612908876985383,-0.5387216775374126,-0.006522447593212248,-0.616513015059923,-0.0019406308857707214,-0.42108515443191363,0.03316533784993322,-0.4403376969318639,0.038657416969991844,-0.5088714008344694,-0.19749519575757854,-0.5568259448980935,-0.17531650241971636,-0.4171971988512659,-0.12649032878460317,-0.41128178411815375,-0.1299513149701112,0.0,0.0,0.0,0.0,0.0,0.0,0.0,0.0,0.0,0.0,0.0,0.0,0.0,0.0,0.0,0.0,0.0,0.0,0.0,0.0,0.0,0.0,0.0,0.0,0.0,0.0,0.0,0.0,0.0,0.0,0.0,0.0,0.0,0.0,0.0,0.0,0.0,0.0,0.0,0.0,0.0,0.0,bad
0.0,0.0,-0.10075880095119732,0.28723193599812374,-0.2636311806367908,0.5968475316717402,-0.42594105044671116,0.8476270285413172,-0.545274001576721,1.0,-0.5949159479011079,0.37668889224501556,-0.7613166350627487,0.37991768834793865,-0.5721445109566657,0.37262739102416276,-0.5131537880833209,0.3800768632967651,-0.5868526360652122,0.15877351891890576,-0.7149325893033376,0.16339107411657638,-0.4629066806170527,0.18863787201720275,-0.4821921438484333,0.20980538851652228,-0.563521440939691,-0.05083819263195672,-0.6621896948402446,-0.05105832819948262,-0.44792021101687496,-0.0072408726554900596,-0.44463955605429434,0.00012657795132739103,-0.5248190681428591,-0.24801298545845823,-0.6191009091916442,-0.2296275380281547,-0.4649313986662536,-0.17686760422545988,-0.4280810221656408,-0.1825100598250155,0.0,0.0,0.0,0.0,0.0,0.0,0.0,0.0,0.0,0.0,0.0,0.0,0.0,0.0,0.0,0.0,0.0,0.0,0.0,0.0,0.0,0.0,0.0,0.0,0.0,0.0,0.0,0.0,0.0,0.0,0.0,0.0,0.0,0.0,0.0,0.0,0.0,0.0,0.0,0.0,0.0,0.0,bad
0.0,0.0,-0.08811097087823837,0.2868133603048234,-0.23454599376635643,0.5904882104367111,-0.3928736259717435,0.8270410627907819,-0.5060289363916205,1.0,-0.5555450919469093,0.3683782155464399,-0.720230802586481,0.3901962757554802,-0.5582400866797134,0.39385874395046977,-0.4729393128137864,0.37472654846276765,-0.5489102408055911,0.16641825854571637,-0.6857303357761756,0.19683966191875296,-0.4477269400274167,0.21113972189985075,-0.4462670614524658,0.19444452138274332,-0.529103347729002,-0.03372841662724861,-0.6456683583859822,-0.023120266563507796,-0.444692698688797,0.011958365916702905,-0.4257260744202622,0.0010225612841761205,-0.4921524473918994,-0.2324935877057112,-0.6027414039146822,-0.2228299321988935,-0.46356104710357565,-0.16863469705955159,-0.41789837189326995,-0.16848605226613553,0.0,0.0,0.0,0.0,0.0,0.0,0.0,0.0,0.0,0.0,0.0,0.0,0.0,0.0,0.0,0.0,0.0,0.0,0.0,0.0,0.0,0.0,0.0,0.0,0.0,0.0,0.0,0.0,0.0,0.0,0.0,0.0,0.0,0.0,0.0,0.0,0.0,0.0,0.0,0.0,0.0,0.0,bad
0.0,0.0,-0.11081089629092891,0.28858907054059346,-0.25552459921084975,0.5823516937211423,-0.40146590073704574,0.8307572347221248,-0.5071687298297743,1.0,-0.5652255274010957,0.35560095158659266,-0.7186749477028802,0.3929588755480604,-0.5406108068414648,0.38250188448043687,-0.4596504253309853,0.35881379305870537,-0.5640380715733577,0.16115217073088647,-0.6920635293936372,0.200296245595952,-0.4661787967465697,0.21113885062709914,-0.4620941676597612,0.19812285879838473,-0.5398245760577927,-0.029128755732003568,-0.6551995846236128,-0.014003037875725256,-0.4616927398743896,0.024732715999573433,-0.4367903294019091,0.013630906209033586,-0.4965506607947378,-0.21460410502486216,-0.6145410322046454,-0.20503958118512025,-0.479378877680899,-0.1404854316179932,-0.4296945864422023,-0.1388445448599605,0.0,0.0,0.0,0.0,0.0,0.0,0.0,0.0,0.0,0.0,0.0,0.0,0.0,0.0,0.0,0.0,0.0,0.0,0.0,0.0,0.0,0.0,0.0,0.0,0.0,0.0,0.0,0.0,0.0,0.0,0.0,0.0,0.0,0.0,0.0,0.0,0.0,0.0,0.0,0.0,0.0,0.0,bad
0.0,0.0,-0.11393458560361039,0.2823317206732694,-0.29534585697201915,0.6125699040990985,-0.4640196720038017,0.849789571142549,-0.6277787617887307,1.0,-0.660051578292474,0.3801638834495311,-0.8656323944620955,0.4204400626969663,-0.8720932517932722,0.5125860720359972,-0.8384811404876727,0.5677426027009111,-0.6625084729582481,0.15025722462271499,-0.8381650350933143,0.17534420040192883,-0.6103101365944991,0.24268564640511422,-0.5615012175088228,0.2498234044808349,-0.6306187967826039,-0.08312226493375709,-0.7586885112418637,-0.05390053232522776,-0.5523015210261563,0.009394132887338494,-0.5098561240799075,0.0005513711042232944,-0.5711011347739098,-0.3125944250800968,-0.6803931125056769,-0.26374654851983825,-0.5290878967198742,-0.19130272625109063,-0.4781385393310218,-0.19778955523198882,0.0,0.0,0.0,0.0,0.0,0.0,0.0,0.0,0.0,0.0,0.0,0.0,0.0,0.0,0.0,0.0,0.0,0.0,0.0,0.0,0.0,0.0,0.0,0.0,0.0,0.0,0.0,0.0,0.0,0.0,0.0,0.0,0.0,0.0,0.0,0.0,0.0,0.0,0.0,0.0,0.0,0.0,bad
0.0,0.0,-0.14422609273252796,0.2848110718439055,-0.3698764265494751,0.5929622102558355,-0.5676538421595432,0.8274977918623315,-0.7374098879325148,0.982499802064493,-0.7717184092360306,0.22096350377722643,-1.0,0.09516931968795082,-0.8510486468923097,0.16992467654253454,-0.7093923739819175,0.24249631634309782,-0.7256095899496061,-0.030882951737668102,-0.9277422293604678,-0.17601427809064726,-0.7031671737585845,-0.04830294723399267,-0.6218619510374391,0.0460651192394341,-0.6432231766540982,-0.2575059971888017,-0.8185813113921395,-0.3664748920094721,-0.627859653957322,-0.23855624298871306,-0.5580073138455116,-0.1636849524800548,-0.5291268524964038,-0.4651863575650951,-0.6828632322199932,-0.534959137885473,-0.5459083131884686,-0.4242404417714868,-0.4790082968395098,-0.35578714581111914,0.0,0.0,0.0,0.0,0.0,0.0,0.0,0.0,0.0,0.0,0.0,0.0,0.0,0.0,0.0,0.0,0.0,0.0,0.0,0.0,0.0,0.0,0.0,0.0,0.0,0.0,0.0,0.0,0.0,0.0,0.0,0.0,0.0,0.0,0.0,0.0,0.0,0.0,0.0,0.0,0.0,0.0,bad
0.0,0.0,0.09637433206344903,0.3288914156839528,0.24177432211125482,0.6153210503404708,0.4059949301276297,0.8157370834036974,0.5222441335929262,1.0,0.4804092624366184,0.3549706051103864,0.6671224823854652,0.31833320860439024,0.48625101758573613,0.3210223907390784,0.39299151333822585,0.3316707161126155,0.49273666141499045,0.16666385863286892,0.6389413164036323,0.13225904490542345,0.4276946316793492,0.16192076303290115,0.35190344856589795,0.16450154200237363,0.4844686344583884,-0.016529392995823344,0.6124204167305004,-0.0458310297660725,0.4123208425459698,-0.0023674990070661887,0.33400713083857164,0.01229827379060923,0.467559699778087,-0.20760329352325047,0.5825750662532718,-0.2298909842915977,0.4438814445518463,-0.17440606493506325,0.36510643166427725,-0.15236430568491013,0.0,0.0,0.0,0.0,0.0,0.0,0.0,0.0,0.0,0.0,0.0,0.0,0.0,0.0,0.0,0.0,0.0,0.0,0.0,0.0,0.0,0.0,0.0,0.0,0.0,0.0,0.0,0.0,0.0,0.0,0.0,0.0,0.0,0.0,0.0,0.0,0.0,0.0,0.0,0.0,0.0,0.0,bad
0.0,0.0,0.03190543376299398,0.32251104823394394,0.11939594467831684,0.6226237670579876,0.24409491385061305,0.8246304688438525,0.3300434005812304,1.0,0.4216160709949673,0.4770797389830768,0.5375551772701597,0.5374188156088734,0.36585322526639724,0.4968178019062517,0.2853811864359126,0.47744677805637986,0.45258460940754885,0.300333811302043,0.5610791613310534,0.33569199389631404,0.3575789990261707,0.3104756938853233,0.3062518051625733,0.30388637124622037,0.4545455591083711,0.12042102142168853,0.5426086100823282,0.1485276263358203,0.36507467302595087,0.14221383859993508,0.3217287898190109,0.13499830027170093,0.4396385585281631,-0.07212036632339823,0.5205287560800431,-0.04774408992968492,0.40259547233276843,-0.014433888237113376,0.35697706516988337,-0.012505143914589291,0.0,0.0,0.0,0.0,0.0,0.0,0.0,0.0,0.0,0.0,0.0,0.0,0.0,0.0,0.0,0.0,0.0,0.0,0.0,0.0,0.0,0.0,0.0,0.0,0.0,0.0,0.0,0.0,0.0,0.0,0.0,0.0,0.0,0.0,0.0,0.0,0.0,0.0,0.0,0.0,0.0,0.0,bad
0.0,0.0,0.030576473542977545,0.318425064255048,0.11939524600136488,0.6232788550712852,0.24396473460632268,0.8271168654447314,0.3284798084237158,1.0,0.4264439244111541,0.4767920133317001,0.530047919803936,0.5383569441256424,0.3610409317779683,0.49255058315895006,0.28889566235966563,0.47737512081595934,0.45670195333287356,0.2974712795117749,0.5540968576013439,0.33361519435029063,0.3526882901929864,0.3028167745561332,0.30678440154026837,0.2994624912122151,0.4573782139103816,0.11461638938610567,0.5344176233300635,0.1355768646830376,0.36048278520543603,0.12532153256910056,0.3251767335481859,0.12229997560521204,0.4422382629675796,-0.07966416508580892,0.515132617066676,-0.06264596986780495,0.3966869150268806,-0.03256858589487185,0.35502226410394444,-0.02785277488139707,0.0,0.0,0.0,0.0,0.0,0.0,0.0,0.0,0.0,0.0,0.0,0.0,0.0,0.0,0.0,0.0,0.0,0.0,0.0,0.0,0.0,0.0,0.0,0.0,0.0,0.0,0.0,0.0,0.0,0.0,0.0,0.0,0.0,0.0,0.0,0.0,0.0,0.0,0.0,0.0,0.0,0.0,bad
0.0,0.0,0.020296996069333096,0.3085120166571576,0.1258394308804487,0.6411179631957435,0.24904865131627965,0.8356249805840764,0.32234272091658817,1.0,0.4171911807381915,0.5462528340934273,0.5042970122334841,0.6130867997228858,0.3654017460818982,0.5366998208557453,0.29882388121975695,0.5069741997419293,0.45090050737754583,0.3464078584040578,0.5455976808484361,0.3804546116954199,0.3790028688842366,0.32235661198384896,0.31417906696984554,0.30877518924053493,0.4536229039958034,0.14697607882448233,0.5264696812303141,0.15383649809730263,0.3708139584515653,0.12192290760748087,0.3151494211592272,0.11521427981509222,0.43390289234751206,-0.05978614323104709,0.505814421908082,-0.048157425697312635,0.3854427676663436,-0.051426498953497504,0.3278175693713585,-0.048949090248748606,0.0,0.0,0.0,0.0,0.0,0.0,0.0,0.0,0.0,0.0,0.0,0.0,0.0,0.0,0.0,0.0,0.0,0.0,0.0,0.0,0.0,0.0,0.0,0.0,0.0,0.0,0.0,0.0,0.0,0.0,0.0,0.0,0.0,0.0,0.0,0.0,0.0,0.0,0.0,0.0,0.0,0.0,bad
0.0,0.0,0.020332184707612118,0.30089039173603493,0.12641973899955714,0.6253122178590534,0.25510300151276794,0.8286279248318316,0.33052713554713054,1.0,0.42598885724745816,0.5109075098324801,0.5273816629395387,0.5481290721357249,0.3807692986646043,0.4870775129204404,0.31649623189532966,0.4714954656616,0.45313271910127306,0.298836783005422,0.5532117985155789,0.3307665995775097,0.36854000366871176,0.2937614759171076,0.31544371584727415,0.28077413399598694,0.44935476468181856,0.09569171973805296,0.5215547048669785,0.10092359946161528,0.3550911306463047,0.0869566552196379,0.3135684259512491,0.07984308965906821,0.4284323625403552,-0.11335040111504277,0.5099890527074146,-0.10542583023791109,0.3888660482729808,-0.0888923227985363,0.3359222396845624,-0.08601478895057703,0.0,0.0,0.0,0.0,0.0,0.0,0.0,0.0,0.0,0.0,0.0,0.0,0.0,0.0,0.0,0.0,0.0,0.0,0.0,0.0,0.0,0.0,0.0,0.0,0.0,0.0,0.0,0.0,0.0,0.0,0.0,0.0,0.0,0.0,0.0,0.0,0.0,0.0,0.0,0.0,0.0,0.0,bad
0.0,0.0,0.032709687114265085,0.31618713795876086,0.13291517588688462,0.635663515365791,0.257700760807673,0.8327173400442602,0.33363353767332177,1.0,0.4283555247185838,0.523710018825701,0.5290513585091079,0.5684337923993228,0.3769478544047807,0.5066571621668536,0.3132227679228706,0.4871079805615578,0.45720656398394305,0.31648742676817526,0.5537006351171672,0.350573374240187,0.36609513808343774,0.31453263531178466,0.3179559277391091,0.3050488305081267,0.45722759687101594,0.11467966279467265,0.5309017457549678,0.12347318344909446,0.36051052645316345,0.1086627366421528,0.3196499620774512,0.10166385341243388,0.4387827685411868,-0.09631757226760623,0.5231302206856671,-0.09289237927819693,0.39932760647518967,-0.07291062974237754,0.34543805548678336,-0.06745221543454072,0.0,0.0,0.0,0.0,0.0,0.0,0.0,0.0,0.0,0.0,0.0,0.0,0.0,0.0,0.0,0.0,0.0,0.0,0.0,0.0,0.0,0.0,0.0,0.0,0.0,0.0,0.0,0.0,0.0,0.0,0.0,0.0,0.0,0.0,0.0,0.0,0.0,0.0,0.0,0.0,0.0,0.0,bad
0.0,0.0,0.03863711241865981,0.2640587849788108,0.1325998294398276,0.5562331179327251,0.21131632251334806,0.8048503792406623,0.2530283945815626,1.0,0.4603697373444709,0.44936801152292155,0.5109487974556324,0.49967303353279596,0.37079091630300715,0.4476041291261824,0.3368013901724513,0.4307179584161454,0.4912718151099185,0.2967052389567046,0.5291159535610086,0.33773126425051647,0.37347587120685,0.303277633661965,0.36020690828168356,0.28838489983455423,0.4941739547242432,0.1329165670542926,0.5189565618685021,0.17179596055468926,0.3744747305708295,0.16201575005441513,0.350575848727162,0.1574332240273372,0.4810562836674957,-0.0326528767458927,0.5067257085561975,0.011688010476248248,0.40017722082071083,0.022035565483093253,0.36557396352581417,0.015474826912349436,0.0,0.0,0.0,0.0,0.0,0.0,0.0,0.0,0.0,0.0,0.0,0.0,0.0,0.0,0.0,0.0,0.0,0.0,0.0,0.0,0.0,0.0,0.0,0.0,0.0,0.0,0.0,0.0,0.0,0.0,0.0,0.0,0.0,0.0,0.0,0.0,0.0,0.0,0.0,0.0,0.0,0.0,bad
0.0,0.0,0.030370009671548816,0.29231215341435096,0.12166479294433212,0.5834419793090191,0.2149178217547765,0.8084419980088428,0.27537647108396396,1.0,0.4425683534655635,0.43529549336742185,0.5244349349607665,0.4764787384251208,0.3733603059590354,0.44035790963896126,0.2892933785420271,0.42192686474018587,0.48798299462965994,0.27689950939142544,0.5778506073578071,0.3092290112555485,0.39541437936656465,0.27943620280881326,0.3317965818218266,0.26778845662376427,0.5025419293680232,0.10972408285468017,0.5985533068394231,0.14841601273383195,0.42249945334182054,0.13581058624445955,0.35460188948005267,0.12086643513791619,0.4925557248512928,-0.07126627476822815,0.5468834499828336,-0.02540458315225671,0.4214400459965797,-0.012214226177608931,0.3636872611565018,-0.02046733103400301,0.0,0.0,0.0,0.0,0.0,0.0,0.0,0.0,0.0,0.0,0.0,0.0,0.0,0.0,0.0,0.0,0.0,0.0,0.0,0.0,0.0,0.0,0.0,0.0,0.0,0.0,0.0,0.0,0.0,0.0,0.0,0.0,0.0,0.0,0.0,0.0,0.0,0.0,0.0,0.0,0.0,0.0,bad
0.0,0.0,0.037100582200126485,0.2882208808675088,0.13346254670377647,0.5734446791486322,0.22612681031089152,0.8017710190426108,0.27839841194827386,1.0,0.4480030466598722,0.4307013138720699,0.5345245365633716,0.4850925294676534,0.38980572610251496,0.4752192499967935,0.3089402398850004,0.4737548701667079,0.49047499479561824,0.27534706566597833,0.5942326077455012,0.3188152459280029,0.4092607410052991,0.29745976840254584,0.3486859306075857,0.28729987795601486,0.5045944084714509,0.10938352494995407,0.6086383857438418,0.1602838583263695,0.43237066248079803,0.1542238367590169,0.3650459416181829,0.13616734529173644,0.49406577154589376,-0.07273653791700417,0.5563281828864143,-0.011468878783782851,0.4323378576100887,0.007764888231585615,0.3746765143764263,-0.005631585022825284,0.0,0.0,0.0,0.0,0.0,0.0,0.0,0.0,0.0,0.0,0.0,0.0,0.0,0.0,0.0,0.0,0.0,0.0,0.0,0.0,0.0,0.0,0.0,0.0,0.0,0.0,0.0,0.0,0.0,0.0,0.0,0.0,0.0,0.0,0.0,0.0,0.0,0.0,0.0,0.0,0.0,0.0,bad
0.0,0.0,0.03904502105023674,0.2865270333061359,0.1532695119502057,0.566912530665068,0.2752933236795957,0.7940562322805869,0.3479606726293565,1.0,0.5012046174904087,0.4315722178869332,0.5591566862384587,0.4857497443908647,0.39047614812904485,0.443248102292071,0.3437923725097717,0.43335722065237825,0.534218275750567,0.2612699605476347,0.5843796695447552,0.2975147060167636,0.38774775682758617,0.2661457403129758,0.3717205267660251,0.25655301786756646,0.5365916921040677,0.07900428168460191,0.5889081321376335,0.12088885529348671,0.40323227292904723,0.1081591621701938,0.3767084558886194,0.09742024365065426,0.5181287953849798,-0.11246900762393307,0.5512126087496755,-0.06830834551784225,0.4222139221816854,-0.05945620407033,0.3902854448167111,-0.07180449056895542,0.0,0.0,0.0,0.0,0.0,0.0,0.0,0.0,0.0,0.0,0.0,0.0,0.0,0.0,0.0,0.0,0.0,0.0,0.0,0.0,0.0,0.0,0.0,0.0,0.0,0.0,0.0,0.0,0.0,0.0,0.0,0.0,0.0,0.0,0.0,0.0,0.0,0.0,0.0,0.0,0.0,0.0,bad
0.0,0.0,0.07099137057067473,0.3137472789944107,0.18073916985578511,0.5804870584064568,0.28640357980404935,0.7948389202947804,0.3399215993328037,1.0,0.45895901052951055,0.4117927457704064,0.5815627084191451,0.47568877944647703,0.46567407613332196,0.48542535677531984,0.3713616951275031,0.46372234839838455,0.4873260756181321,0.2543351819805988,0.62784052579966,0.31241951753239383,0.4834759244405281,0.32882423228429297,0.3875570183772286,0.3068480712900276,0.5010681262011,0.07880032186610932,0.6332344610974308,0.14071312981635523,0.491125217903611,0.172782420295418,0.39725533903697763,0.15672686141011533,0.498728858408242,-0.11520052233105536,0.6057888716450496,-0.03947807701577578,0.5008786281668551,0.011982753893572498,0.4212517072038583,0.006395239850186884,0.0,0.0,0.0,0.0,0.0,0.0,0.0,0.0,0.0,0.0,0.0,0.0,0.0,0.0,0.0,0.0,0.0,0.0,0.0,0.0,0.0,0.0,0.0,0.0,0.0,0.0,0.0,0.0,0.0,0.0,0.0,0.0,0.0,0.0,0.0,0.0,0.0,0.0,0.0,0.0,0.0,0.0,bad
0.0,0.0,0.06352776153428537,0.28298713276937576,0.17947882986443875,0.5675905187934484,0.28726702437972307,0.8138963865081538,0.3664819810283663,1.0,0.4932166380819472,0.44244323440361977,0.5748739918620324,0.5424797723255579,0.41280538906527836,0.4894881272950465,0.338507286785063,0.42631779619364407,0.5217358242003984,0.2763623491419682,0.5996164445554919,0.3328594090183222,0.4115097368660213,0.29272227655364996,0.3541706355399253,0.25496421588798146,0.5221981786150617,0.09582792043052747,0.5938904037215158,0.13616191784081283,0.4181252469091806,0.12531182427034776,0.3594475699367356,0.10352181584198449,0.5085511720353212,-0.10348260182859184,0.5943140740418864,-0.059394922474160484,0.4639711978370822,-0.03863587165465384,0.39556023179721267,-0.045304373607803164,0.0,0.0,0.0,0.0,0.0,0.0,0.0,0.0,0.0,0.0,0.0,0.0,0.0,0.0,0.0,0.0,0.0,0.0,0.0,0.0,0.0,0.0,0.0,0.0,0.0,0.0,0.0,0.0,0.0,0.0,0.0,0.0,0.0,0.0,0.0,0.0,0.0,0.0,0.0,0.0,0.0,0.0,bad
0.0,0.0,0.04892512045839302,0.30206485219429613,0.14354681599166558,0.5823630681078266,0.24219038937361637,0.8156700091157703,0.30899075400442766,1.0,0.41799661414246647,0.440871207188436,0.5091894777965881,0.5715350957155879,0.3713645005860138,0.5272967834353431,0.3041750227894257,0.4673809089725225,0.45030134132048444,0.26960125016278164,0.5517629899726527,0.3404427659851543,0.3770339888006251,0.31559552025003257,0.3117124625602292,0.28227217085558015,0.4593871597864305,0.08805417372053653,0.5510550852975648,0.13974059122281546,0.38399557234014847,0.14543325953900246,0.3139695272821982,0.12535616616746972,0.4523018622216434,-0.1057231410339888,0.5545714285714286,-0.06655632243781742,0.4332019794244042,-0.023316317228805835,0.3559650996223467,-0.020001302252897514,0.0,0.0,0.0,0.0,0.0,0.0,0.0,0.0,0.0,0.0,0.0,0.0,0.0,0.0,0.0,0.0,0.0,0.0,0.0,0.0,0.0,0.0,0.0,0.0,0.0,0.0,0.0,0.0,0.0,0.0,0.0,0.0,0.0,0.0,0.0,0.0,0.0,0.0,0.0,0.0,0.0,0.0,bad
0.0,0.0,0.052286960313535864,0.30078506126303456,0.16005933769319142,0.578552334496328,0.26404768897955844,0.8020406494003823,0.345775907260688,1.0,0.43951639673823273,0.3778879456634142,0.5756988458043226,0.43927234312185737,0.4502351040985605,0.4415030834673991,0.3394060813168591,0.42141154875522036,0.46450812440945133,0.20484277795157488,0.6022404068870391,0.26421844684172313,0.43769674997065516,0.25719639491115015,0.3409399808687459,0.23793926331393475,0.4718687708567583,0.024286388819104485,0.5841262641525868,0.08450894234757803,0.4351284773656869,0.0911807149310356,0.35011921182632305,0.07804191986012196,0.466673270366261,-0.16866866760534804,0.5912497616560166,-0.11997612045572963,0.48694937228560065,-0.07704100791222356,0.4042292712436855,-0.07124055188516148,0.0,0.0,0.0,0.0,0.0,0.0,0.0,0.0,0.0,0.0,0.0,0.0,0.0,0.0,0.0,0.0,0.0,0.0,0.0,0.0,0.0,0.0,0.0,0.0,0.0,0.0,0.0,0.0,0.0,0.0,0.0,0.0,0.0,0.0,0.0,0.0,0.0,0.0,0.0,0.0,0.0,0.0,bad
0.0,0.0,0.052059745324974725,0.2956788369459653,0.15000407885181444,0.5716908724277351,0.24645607650379284,0.8113185518404603,0.309864135566565,1.0,0.4342469129827483,0.4496017319278799,0.5457692078370834,0.5158826997059485,0.38764048027170395,0.4583644028748047,0.309416584486742,0.43255337869881383,0.4681018819847219,0.2921854937069678,0.5757860645965391,0.35037561609996404,0.40283476459037726,0.3041755717440098,0.33083217807443766,0.28242917953209706,0.48267922437451993,0.119251157732817,0.5797985571092891,0.1799432253763957,0.41723448358617643,0.16007085975959473,0.33848994170110824,0.14146356188291775,0.4897402532280931,-0.06334344605849447,0.5970998739921681,0.002033937543922498,0.47915619407950294,0.013094486415178219,0.39626045377288804,0.0010674866614061537,0.0,0.0,0.0,0.0,0.0,0.0,0.0,0.0,0.0,0.0,0.0,0.0,0.0,0.0,0.0,0.0,0.0,0.0,0.0,0.0,0.0,0.0,0.0,0.0,0.0,0.0,0.0,0.0,0.0,0.0,0.0,0.0,0.0,0.0,0.0,0.0,0.0,0.0,0.0,0.0,0.0,0.0,bad
0.0,0.0,0.025474005709712557,0.2983785028294001,0.11880846931499751,0.5837668202147801,0.2307889089222347,0.8071210142552205,0.28770646168616343,1.0,0.37766691303585614,0.46203803582477204,0.5070827170968597,0.5259105230910296,0.3586984082477081,0.45703833803875915,0.27872606647052434,0.43131955153952317,0.4209790679820959,0.3021851450664758,0.5577844429268258,0.3577097546900225,0.3847392219331613,0.29533529575964934,0.31228009543441193,0.27768800531495336,0.4456138969277252,0.13151173957129755,0.5655564837941824,0.18111471064829038,0.4020509419922197,0.1438317874439995,0.32903027431750426,0.13297565910864179,0.4588741939601845,-0.05057858303523664,0.567520749310112,0.0038144170367429508,0.448021075224698,-0.00200364111424416,0.3742382263826039,-0.011196965520769877,0.0,0.0,0.0,0.0,0.0,0.0,0.0,0.0,0.0,0.0,0.0,0.0,0.0,0.0,0.0,0.0,0.0,0.0,0.0,0.0,0.0,0.0,0.0,0.0,0.0,0.0,0.0,0.0,0.0,0.0,0.0,0.0,0.0,0.0,0.0,0.0,0.0,0.0,0.0,0.0,0.0,0.0,bad
0.0,0.0,0.04121252629211014,0.2980939580756819,0.14768637205681273,0.5700805893993944,0.2526194923925224,0.7982945504191706,0.31424203047137644,1.0,0.4006475711739991,0.42884051405545887,0.5132910568987697,0.5002495741948058,0.3991317254155164,0.4621486912774985,0.31087239009664713,0.4352452150692018,0.4472033954530329,0.269617361034082,0.5840286250975749,0.3250065049971855,0.42608185100601986,0.28191932144845294,0.3341618350000985,0.26217341545006806,0.4751474120477731,0.09404048959044953,0.5932167392496499,0.14699349914942628,0.4386730375900722,0.12363382100943043,0.3470264387965289,0.10797673336146119,0.4896250478156168,-0.09843071478256724,0.6060393586020942,-0.042818690437809635,0.4947411892275173,-0.030367711163611824,0.41002928026223173,-0.036304622539115504,0.0,0.0,0.0,0.0,0.0,0.0,0.0,0.0,0.0,0.0,0.0,0.0,0.0,0.0,0.0,0.0,0.0,0.0,0.0,0.0,0.0,0.0,0.0,0.0,0.0,0.0,0.0,0.0,0.0,0.0,0.0,0.0,0.0,0.0,0.0,0.0,0.0,0.0,0.0,0.0,0.0,0.0,bad
0.0,0.0,0.07134171167625022,0.3122035150083797,0.21416445845794665,0.581212167940191,0.3368193949034678,0.815150273168607,0.42528814925732494,1.0,0.48982438484648044,0.3465006147815395,0.6704695199563904,0.38644883516144607,0.5370371723025023,0.3663029378306395,0.42399717565708583,0.34170707722440674,0.5092439066289547,0.17375877027460243,0.672643235982778,0.2124552440391891,0.5026272611313333,0.18183871757517717,0.4154318958672342,0.16646228054869083,0.5179917947968786,-0.004872262057901735,0.6642167385602614,0.042822070454370226,0.5161619235831281,0.03054348311278299,0.4310618203755781,0.015926426408147308,0.5163239716104842,-0.1875831713529387,0.6623768577020832,-0.14691831453819693,0.5740276780194972,-0.11782460668184346,0.49739005284821725,-0.11109758456458724,0.0,0.0,0.0,0.0,0.0,0.0,0.0,0.0,0.0,0.0,0.0,0.0,0.0,0.0,0.0,0.0,0.0,0.0,0.0,0.0,0.0,0.0,0.0,0.0,0.0,0.0,0.0,0.0,0.0,0.0,0.0,0.0,0.0,0.0,0.0,0.0,0.0,0.0,0.0,0.0,0.0,0.0,bad
0.0,0.0,0.0759255686932583,0.31619793714798505,0.22420643820511346,0.5815103383388815,0.34884467133254315,0.8160736905050523,0.4275339366702615,1.0,0.4876244564725346,0.36763934955850475,0.6621055444273248,0.396733702982002,0.5138172448836663,0.36098699441729426,0.4107547233675326,0.34544419344390503,0.512056052159924,0.19018459776422086,0.6650013305260655,0.2219515611459971,0.48693181239665034,0.19169674682937152,0.4018268521899744,0.18260624051123023,0.5226699901841024,0.00966096764881597,0.6621847980998932,0.050341492517270006,0.5020989839844289,0.03881943949491194,0.41613791900219627,0.02720299755001581,0.5258219747868751,-0.17451796292744354,0.6645164521543102,-0.1271217900542695,0.5533229991681117,-0.11345548489075515,0.4681195222434513,-0.11911771949758675,0.0,0.0,0.0,0.0,0.0,0.0,0.0,0.0,0.0,0.0,0.0,0.0,0.0,0.0,0.0,0.0,0.0,0.0,0.0,0.0,0.0,0.0,0.0,0.0,0.0,0.0,0.0,0.0,0.0,0.0,0.0,0.0,0.0,0.0,0.0,0.0,0.0,0.0,0.0,0.0,0.0,0.0,bad
0.0,0.0,0.09356703861974862,0.30920519649570527,0.24838002015340566,0.5740018212284442,0.36559491083688017,0.8145295778346793,0.4286864889398909,1.0,0.5191307487875129,0.34772018166611,0.6981084059112851,0.37114294930533553,0.5258270460987745,0.32252585544926965,0.4336232169516975,0.31637763942531394,0.5402450094629659,0.16627758604448023,0.6959255009091869,0.1882796242217674,0.5009344500489562,0.1493213212184532,0.42549848278539476,0.14690462529223866,0.550766171966213,-0.01786259716310842,0.6914906098260698,0.005980651588722086,0.5159473099770776,-0.007879524882034066,0.43637133078132984,-0.006540722154187826,0.5565484295472906,-0.2042756049589938,0.684295044717153,-0.16087641623348262,0.5565421494492069,-0.1651939836660358,0.4767549305906432,-0.1723298878431574,0.0,0.0,0.0,0.0,0.0,0.0,0.0,0.0,0.0,0.0,0.0,0.0,0.0,0.0,0.0,0.0,0.0,0.0,0.0,0.0,0.0,0.0,0.0,0.0,0.0,0.0,0.0,0.0,0.0,0.0,0.0,0.0,0.0,0.0,0.0,0.0,0.0,0.0,0.0,0.0,0.0,0.0,bad
0.0,0.0,0.08976607969579085,0.3185270421166436,0.21482052335740395,0.5694912887279728,0.3401482584610172,0.7917728115365046,0.40157959591785575,1.0,0.5099363617268357,0.32199312164073307,0.6445090741343815,0.3481695769105075,0.47940126566847086,0.32126253205808775,0.4063800817184337,0.3149115823488641,0.5348396508966535,0.16124967734439702,0.6466066932651259,0.17113824884001375,0.4638708713675847,0.1550692843885054,0.415152880091162,0.15685669626990092,0.5450473008821447,-0.004703188323844922,0.6507192286713915,0.01036218127206721,0.48656693866080897,0.01348371326090204,0.43105271863458444,0.02511419575908916,0.5482329347380036,-0.1718923042846947,0.6410452839626859,-0.14944234237379517,0.5244560069458951,-0.1401366972314289,0.4626311870463863,-0.12727568782161824,0.0,0.0,0.0,0.0,0.0,0.0,0.0,0.0,0.0,0.0,0.0,0.0,0.0,0.0,0.0,0.0,0.0,0.0,0.0,0.0,0.0,0.0,0.0,0.0,0.0,0.0,0.0,0.0,0.0,0.0,0.0,0.0,0.0,0.0,0.0,0.0,0.0,0.0,0.0,0.0,0.0,0.0,bad
0.0,0.0,0.061639899708220515,0.29416663940612353,0.19986706504693685,0.5786485969312058,0.32861450919008395,0.816937105729317,0.41033042383727514,1.0,0.5090641547210002,0.37254933748195374,0.6498750405651357,0.39610707864150435,0.4764377717067985,0.35750064918691693,0.39954277555560125,0.3586357492543397,0.5309219959581059,0.20247307647436355,0.6433620384440242,0.21411935949206806,0.44574693550483585,0.1858281265695921,0.3930711708610752,0.1924531622857285,0.5343634827220748,0.027413781174361038,0.6346960806479769,0.04022179756889994,0.45568115991536395,0.029671533131981655,0.39453426592375174,0.037956229313952004,0.5299073247680224,-0.14743360562032307,0.6351543472653526,-0.12055075367923247,0.5060192726732692,-0.1164605142370961,0.43209620646141456,-0.1104963898838585,0.0,0.0,0.0,0.0,0.0,0.0,0.0,0.0,0.0,0.0,0.0,0.0,0.0,0.0,0.0,0.0,0.0,0.0,0.0,0.0,0.0,0.0,0.0,0.0,0.0,0.0,0.0,0.0,0.0,0.0,0.0,0.0,0.0,0.0,0.0,0.0,0.0,0.0,0.0,0.0,0.0,0.0,bad
0.0,0.0,0.07391826852063021,0.29943581102239386,0.21015906477804078,0.5760381868907746,0.32625590983375063,0.815538150849799,0.40618563583961886,1.0,0.504458445936764,0.3900292345487611,0.6664833106649383,0.43261844187181464,0.5045603650891748,0.41510607272714384,0.3993059453429742,0.4045954016441775,0.5289645368616464,0.22310870549087217,0.6601536881734789,0.25292847697926996,0.46713772024876543,0.23661579965471563,0.39653581232223234,0.2313396371560007,0.5351969668860243,0.04839062272897541,0.6553360141516958,0.08215717646725175,0.47744514386257636,0.08524547449421513,0.40061789593965913,0.08419999078296361,0.5304029262908873,-0.1313760030912522,0.657431117423862,-0.09378467466815715,0.5300035213805703,-0.06491186504368048,0.443923786925752,-0.05912817470774314,0.0,0.0,0.0,0.0,0.0,0.0,0.0,0.0,0.0,0.0,0.0,0.0,0.0,0.0,0.0,0.0,0.0,0.0,0.0,0.0,0.0,0.0,0.0,0.0,0.0,0.0,0.0,0.0,0.0,0.0,0.0,0.0,0.0,0.0,0.0,0.0,0.0,0.0,0.0,0.0,0.0,0.0,bad
0.0,0.0,0.06480976464858054,0.2984135840032963,0.1760139950912384,0.5778340000214356,0.2642535097883469,0.820340755225235,0.32707333251560333,1.0,0.5100211617402405,0.4327147166387011,0.6362279585053643,0.5027979464656798,0.4741253961127658,0.4716644655439949,0.39405732604680355,0.4481715994441024,0.5404448848012976,0.2732749370923507,0.6287108963312902,0.31974561849562294,0.45054678745252896,0.2981072329803995,0.39295755862349846,0.27160146857951967,0.5494058755089476,0.09859799005148126,0.6261267108320244,0.14721312861503139,0.45943841004712266,0.15011200121944976,0.3970475978388111,0.1315368282159712,0.5445477258572172,-0.08784355078996288,0.630841063064844,-0.03833317653559567,0.5065768711825209,-0.013222217326427881,0.43645672441983846,-0.01998397090469119,0.0,0.0,0.0,0.0,0.0,0.0,0.0,0.0,0.0,0.0,0.0,0.0,0.0,0.0,0.0,0.0,0.0,0.0,0.0,0.0,0.0,0.0,0.0,0.0,0.0,0.0,0.0,0.0,0.0,0.0,0.0,0.0,0.0,0.0,0.0,0.0,0.0,0.0,0.0,0.0,0.0,0.0,bad
0.0,0.0,0.044701367814575364,0.3157798962044245,0.1290951972555746,0.594643642521001,0.212557450411224,0.8226233671988389,0.26656990807934206,1.0,0.4449330936359238,0.3985964507190922,0.528052843383032,0.4323588754013282,0.40824564586357037,0.38555740643004793,0.3381932532875929,0.37863971720103795,0.4746085675330958,0.22991627083608215,0.5337225667414347,0.25106489422527156,0.409465848616792,0.2147474380964947,0.34752331002331005,0.22147903197431498,0.47157908914984387,0.056158189294981745,0.5280390992655144,0.08254936887012358,0.4102454149623961,0.05867776091832696,0.34638529709284427,0.06282078770286317,0.45584949641553413,-0.10744903681224435,0.533208811628623,-0.07213847473281436,0.4351832915512161,-0.08470004837929367,0.3669297290759555,-0.0842404450895017,0.0,0.0,0.0,0.0,0.0,0.0,0.0,0.0,0.0,0.0,0.0,0.0,0.0,0.0,0.0,0.0,0.0,0.0,0.0,0.0,0.0,0.0,0.0,0.0,0.0,0.0,0.0,0.0,0.0,0.0,0.0,0.0,0.0,0.0,0.0,0.0,0.0,0.0,0.0,0.0,0.0,0.0,bad
0.0,0.0,0.07282134792092344,0.327790573659376,0.18345160377108363,0.588399205277396,0.2915225882709139,0.8145499009447665,0.34856295074835236,1.0,0.45950481221129086,0.34947182420996004,0.6265830092549433,0.3994293597488225,0.4621410584156465,0.35874301773928274,0.3753724371293625,0.3438426816442627,0.4832524099543881,0.18130486061992127,0.6258603009032572,0.21573485754947985,0.432931096957241,0.18206463093836053,0.3720086360084376,0.17451539340279887,0.49584692153325927,0.009999603722047794,0.6265385348948396,0.04984463908629138,0.44615965325964274,0.0320891060910202,0.37654388037081354,0.024945554545379386,0.5028242644126149,-0.16815698536822063,0.6293663629581038,-0.1218665888935549,0.4974976045140335,-0.11646951125814259,0.4145543483807769,-0.11948863608826336,0.0,0.0,0.0,0.0,0.0,0.0,0.0,0.0,0.0,0.0,0.0,0.0,0.0,0.0,0.0,0.0,0.0,0.0,0.0,0.0,0.0,0.0,0.0,0.0,0.0,0.0,0.0,0.0,0.0,0.0,0.0,0.0,0.0,0.0,0.0,0.0,0.0,0.0,0.0,0.0,0.0,0.0,bad
0.0,0.0,0.05650871869931347,0.3127537921261378,0.16184302999793487,0.6065202494140151,0.2798159358311619,0.8338949877818246,0.3664085904646193,1.0,0.4461666262224338,0.3900265617271203,0.6123053267519702,0.436363327616363,0.456727227112353,0.39583218071834436,0.3738794528141791,0.38246202943865415,0.473809939859517,0.22853903927509328,0.6097693911837415,0.2570640006704796,0.4174277577443402,0.2188546083692721,0.37848927369644036,0.2264604978529864,0.48478109992610485,0.06303986888399662,0.6040560726878725,0.08979003143694617,0.4348087352969693,0.0706315161547778,0.38820931013459437,0.0789848479287714,0.4896708350702442,-0.10803814064623493,0.6042173931382113,-0.08599859002091961,0.4846583977839117,-0.07894650350933605,0.41921926379810237,-0.07029600248471837,0.0,0.0,0.0,0.0,0.0,0.0,0.0,0.0,0.0,0.0,0.0,0.0,0.0,0.0,0.0,0.0,0.0,0.0,0.0,0.0,0.0,0.0,0.0,0.0,0.0,0.0,0.0,0.0,0.0,0.0,0.0,0.0,0.0,0.0,0.0,0.0,0.0,0.0,0.0,0.0,0.0,0.0,bad
0.0,0.0,0.04263614669784576,0.3110907779457821,0.1478709198161714,0.5938561676583297,0.26642456660248326,0.8159973883205033,0.3291349397006945,1.0,0.42842611988130375,0.41190118081650107,0.5788376802347531,0.4516053075414906,0.42245033325785997,0.4138631332012417,0.34289893763497736,0.4059253941930573,0.4585221608295435,0.2453491431823485,0.5850529240247642,0.2792900680351023,0.39238755024942124,0.25107270159034145,0.3454305320126295,0.2588414902643368,0.47106412902377837,0.08039322059512556,0.5767815413644961,0.11499291871945758,0.4052910987651726,0.10430381686741602,0.3547709578898609,0.11257839228990493,0.4745224226360456,-0.09058172393728245,0.5819003373951477,-0.06091604073006765,0.46415924859405383,-0.03741784291130959,0.3983428499819476,-0.02310788263725352,0.0,0.0,0.0,0.0,0.0,0.0,0.0,0.0,0.0,0.0,0.0,0.0,0.0,0.0,0.0,0.0,0.0,0.0,0.0,0.0,0.0,0.0,0.0,0.0,0.0,0.0,0.0,0.0,0.0,0.0,0.0,0.0,0.0,0.0,0.0,0.0,0.0,0.0,0.0,0.0,0.0,0.0,bad
0.0,0.0,0.04700514799070144,0.3029069497072685,0.14583283221805116,0.5802185343700941,0.24690524564804764,0.8157878841817015,0.3144446279639967,1.0,0.4187442238111808,0.3826331884241568,0.5603855941784035,0.4395371672527711,0.4160689363580919,0.41123871956092145,0.32677340021284706,0.3940217347729106,0.4455802166635397,0.228198278087712,0.5647323349513343,0.25924417383328335,0.39354173314796076,0.23323856241116897,0.3401971427609287,0.23786352238876177,0.4597191509423373,0.07135079833677833,0.5614076020925505,0.09894501201874893,0.4075967473208373,0.08732287913313203,0.35045784564794075,0.09173162457031035,0.46696674786070547,-0.09361047280160058,0.5691090090104537,-0.07053778890298248,0.45676163536232905,-0.05313879904448674,0.38738162320727676,-0.04858252526823699,0.0,0.0,0.0,0.0,0.0,0.0,0.0,0.0,0.0,0.0,0.0,0.0,0.0,0.0,0.0,0.0,0.0,0.0,0.0,0.0,0.0,0.0,0.0,0.0,0.0,0.0,0.0,0.0,0.0,0.0,0.0,0.0,0.0,0.0,0.0,0.0,0.0,0.0,0.0,0.0,0.0,0.0,bad
0.0,0.0,0.06835073144352183,0.32862173324936644,0.16319858312793414,0.5910661434026895,0.25508062352380195,0.813429422616292,0.308834180648408,1.0,0.44303220631392226,0.36673075399225114,0.5916733742880538,0.4359956681972555,0.4374244958162515,0.3962120359055845,0.3621428799815384,0.3675509605452844,0.4759653066529873,0.2074577628379703,0.5947423369769966,0.26031270722379546,0.4138648271796989,0.22437987518958588,0.36882770240681967,0.2023274403577769,0.49115302969008706,0.04246000797963664,0.60098424786364,0.09460067757402364,0.4331355106341865,0.0757584477799511,0.3769163292003264,0.054905182732288754,0.497725247486901,-0.13186530262146356,0.611651103594868,-0.07942046151215504,0.49226072559086154,-0.06462476940379325,0.4176928284753472,-0.07405408636635985,0.0,0.0,0.0,0.0,0.0,0.0,0.0,0.0,0.0,0.0,0.0,0.0,0.0,0.0,0.0,0.0,0.0,0.0,0.0,0.0,0.0,0.0,0.0,0.0,0.0,0.0,0.0,0.0,0.0,0.0,0.0,0.0,0.0,0.0,0.0,0.0,0.0,0.0,0.0,0.0,0.0,0.0,bad
0.0,0.0,0.07031901717692152,0.31785090469975874,0.17569330395715277,0.5838931698086046,0.29530087213762185,0.8020855826443093,0.3534062920199967,1.0,0.46303760145378253,0.3334635245279924,0.6227698664163784,0.3679002425742986,0.4564494681804404,0.3316345389783547,0.3699176325620222,0.324845670382851,0.4940391646084127,0.17254720792938935,0.6274664994254668,0.17709300268211067,0.4461990623366337,0.14819084423254442,0.3879138409585513,0.15539035994424147,0.5101329756803422,0.008149567315013082,0.6374808978833607,0.01813614959255031,0.4721495512561873,0.0021180444135503224,0.4012908428273972,0.010225170546163532,0.517803932634373,-0.15927831636976478,0.6383518024167959,-0.14652302047012786,0.5224219921030724,-0.14471812315914956,0.4433818854724693,-0.13301955534832025,0.0,0.0,0.0,0.0,0.0,0.0,0.0,0.0,0.0,0.0,0.0,0.0,0.0,0.0,0.0,0.0,0.0,0.0,0.0,0.0,0.0,0.0,0.0,0.0,0.0,0.0,0.0,0.0,0.0,0.0,0.0,0.0,0.0,0.0,0.0,0.0,0.0,0.0,0.0,0.0,0.0,0.0,bad
0.0,0.0,0.05767082946765697,0.31661107160273666,0.16572849399361284,0.5904488043097683,0.2888251915837803,0.8144171629727133,0.36762510608523835,1.0,0.4810739923406601,0.36663602777900345,0.62489692325589,0.4045676965649872,0.45261650179163,0.3741354876826514,0.37577611989050225,0.37197854055364316,0.5130170383923982,0.20766231972672558,0.6184103230893626,0.2143981951326574,0.43373433219163365,0.1904414120095653,0.39078707367487286,0.20172956902889816,0.5246613438284895,0.03631596410207334,0.6264200809256306,0.04554516494857767,0.4591031019581573,0.03891702228979078,0.4040118414334415,0.05982892268971995,0.5299064386934769,-0.13653034080796123,0.6212208297828326,-0.11999794849343202,0.4998504348563573,-0.1173831371890578,0.4325650307525419,-0.10255641786323556,0.0,0.0,0.0,0.0,0.0,0.0,0.0,0.0,0.0,0.0,0.0,0.0,0.0,0.0,0.0,0.0,0.0,0.0,0.0,0.0,0.0,0.0,0.0,0.0,0.0,0.0,0.0,0.0,0.0,0.0,0.0,0.0,0.0,0.0,0.0,0.0,0.0,0.0,0.0,0.0,0.0,0.0,bad
0.0,0.0,0.0627863179409413,0.31566840624005366,0.16482095449140488,0.580080715280277,0.2770374445372584,0.8027518003797519,0.3318234679397274,1.0,0.45597090045266614,0.3795322974507749,0.5846834124949943,0.4218794062381861,0.42550991306046015,0.38299232412464845,0.3620904974792149,0.37784163594778025,0.48198579758964016,0.22926058304210753,0.5823756608773671,0.25611374094007394,0.4086830688667766,0.2249374839424508,0.36809091847714004,0.22212709601874162,0.49229224299317254,0.06786790696532796,0.5882354824414785,0.10106591445524923,0.43116483829597757,0.08757610577986398,0.3820529491598317,0.0896858976633548,0.49701926532393764,-0.10030102152025072,0.5864618485970872,-0.05909845081834473,0.4713525318703166,-0.05785466607367677,0.4120198375929804,-0.05946902503763769,0.0,0.0,0.0,0.0,0.0,0.0,0.0,0.0,0.0,0.0,0.0,0.0,0.0,0.0,0.0,0.0,0.0,0.0,0.0,0.0,0.0,0.0,0.0,0.0,0.0,0.0,0.0,0.0,0.0,0.0,0.0,0.0,0.0,0.0,0.0,0.0,0.0,0.0,0.0,0.0,0.0,0.0,bad
0.0,0.0,0.06976713913157154,0.3190376140263803,0.17344140866478627,0.5914083324285819,0.2648026570888569,0.8228392319435612,0.3154143613968772,1.0,0.4521540655099142,0.36538101484309393,0.5704421021844762,0.43812109341244926,0.40501411412276406,0.3837914145364386,0.35042962769292807,0.3580179074317393,0.48428086661156916,0.2067804844002384,0.5850464525249213,0.26486137361212975,0.40050318952585856,0.2146806264277532,0.36338520698128385,0.18791974005198075,0.49957292038261014,0.043639948063573374,0.5961183946680966,0.0875660006957354,0.42524334121390317,0.06082727149855646,0.37984826764099167,0.0423520620578258,0.5052349104074484,-0.12650834993275295,0.6002332596976432,-0.07191721634933894,0.4747604808994042,-0.08052278755032449,0.4129444453061125,-0.09662800977574719,0.0,0.0,0.0,0.0,0.0,0.0,0.0,0.0,0.0,0.0,0.0,0.0,0.0,0.0,0.0,0.0,0.0,0.0,0.0,0.0,0.0,0.0,0.0,0.0,0.0,0.0,0.0,0.0,0.0,0.0,0.0,0.0,0.0,0.0,0.0,0.0,0.0,0.0,0.0,0.0,0.0,0.0,bad
0.0,0.0,0.05233619081647269,0.316390955663839,0.14635890549112804,0.5816102615930944,0.23465556048398475,0.8118896076822437,0.2888349424092635,1.0,0.4243386423698065,0.39592666213345845,0.5511860267849774,0.4512176030475087,0.39900335091770844,0.40584096958827853,0.32362474194525753,0.38809223463559234,0.4543427478164189,0.2510424692743796,0.5631599798295308,0.2967881136937145,0.3877258860922272,0.24843543080299021,0.32923551898223263,0.22602373917261673,0.47122220370363466,0.09195162069294188,0.5744390421050558,0.14217278765149816,0.41055744084243123,0.11013592702422213,0.3483500737223195,0.08910203605657742,0.479746463378724,-0.08048113065384163,0.5854478690815141,-0.02518779356472575,0.4652400195314892,-0.03328659904483137,0.3936556206546031,-0.048119455184337745,0.0,0.0,0.0,0.0,0.0,0.0,0.0,0.0,0.0,0.0,0.0,0.0,0.0,0.0,0.0,0.0,0.0,0.0,0.0,0.0,0.0,0.0,0.0,0.0,0.0,0.0,0.0,0.0,0.0,0.0,0.0,0.0,0.0,0.0,0.0,0.0,0.0,0.0,0.0,0.0,0.0,0.0,bad
0.0,0.0,0.0764080929619298,0.314154649852068,0.20481135120240243,0.600403193073416,0.3230201784734673,0.8119632671279109,0.3782079677400598,1.0,0.4907287221835683,0.36286449662240833,0.6223445477785478,0.4129054928806395,0.46207937403671434,0.369485413393684,0.3796138346290436,0.34751568854753584,0.5202406911528137,0.196386823782942,0.6377691968244543,0.23018998725029008,0.45288379674507406,0.18545617360953304,0.3926551109370826,0.17460670136437906,0.5333957289174038,0.024342985454544434,0.6431235693794608,0.05552738828133405,0.47303839435113976,0.0313855218462726,0.4070957936069432,0.023688505963768803,0.5381405647792845,-0.15489507120764948,0.6458375525725398,-0.12021383783121789,0.5234751681211748,-0.11599623716426677,0.4532065422106969,-0.12029838646929662,0.0,0.0,0.0,0.0,0.0,0.0,0.0,0.0,0.0,0.0,0.0,0.0,0.0,0.0,0.0,0.0,0.0,0.0,0.0,0.0,0.0,0.0,0.0,0.0,0.0,0.0,0.0,0.0,0.0,0.0,0.0,0.0,0.0,0.0,0.0,0.0,0.0,0.0,0.0,0.0,0.0,0.0,bad
0.0,0.0,0.08122427339173195,0.2962507974702351,0.2120874639135615,0.5849195829558398,0.29579605736542053,0.8370026189068176,0.3539107357700722,1.0,0.5019075196709325,0.4150134149787487,0.6590768863266263,0.4635779685556394,0.48403719488570324,0.4146810264716421,0.39219717251283964,0.397010251316008,0.5353497070844488,0.25155488488753847,0.6640822319261929,0.2777573534766789,0.4686835259399953,0.2407183204038768,0.39751422337323356,0.24264710594774422,0.5525176754361689,0.08197353127102919,0.6654138251479144,0.1002787868547774,0.48763141872503807,0.0846847844135717,0.4123971299810938,0.08914886984994451,0.561625586632214,-0.0921220136742476,0.6694432710990961,-0.05483070325950483,0.5416592624529165,-0.05844473640513527,0.4614272022559304,-0.06091070372560615,0.0,0.0,0.0,0.0,0.0,0.0,0.0,0.0,0.0,0.0,0.0,0.0,0.0,0.0,0.0,0.0,0.0,0.0,0.0,0.0,0.0,0.0,0.0,0.0,0.0,0.0,0.0,0.0,0.0,0.0,0.0,0.0,0.0,0.0,0.0,0.0,0.0,0.0,0.0,0.0,0.0,0.0,bad
0.0,0.0,0.07493333194712301,0.3549245988220678,0.20943697334837372,0.6608296815355051,0.2970219003903915,0.8802400916285026,0.35829447612512627,1.0,0.5842776024799303,0.4756260905576551,0.7916667966238847,0.5497730946972257,0.6035206276760358,0.4941167500992007,0.4892137241753348,0.47280549909636416,0.621622108668493,0.2814856016066178,0.788749863544921,0.32175119950512293,0.5833848830298399,0.2786393652542916,0.4977888212533767,0.2805516423993221,0.6384146605604102,0.07754703151722453,0.7873456324844528,0.11325580952083908,0.6025014165336771,0.0971598283178511,0.5119763373897313,0.09840915037436343,0.641756120551781,-0.13204519738768664,0.7861611157606916,-0.08597969548424658,0.6533545423513246,-0.08353476702136324,0.5587169237220441,-0.08418143413854826,0.0,0.0,0.0,0.0,0.0,0.0,0.0,0.0,0.0,0.0,0.0,0.0,0.0,0.0,0.0,0.0,0.0,0.0,0.0,0.0,0.0,0.0,0.0,0.0,0.0,0.0,0.0,0.0,0.0,0.0,0.0,0.0,0.0,0.0,0.0,0.0,0.0,0.0,0.0,0.0,0.0,0.0,bad
0.0,0.0,0.07889442706776928,0.36624038854603047,0.23725476042566226,0.6820701760028843,0.37657376513924384,0.8944278157787358,0.49412382473689703,1.0,0.6100828682272886,0.5764830315925533,0.7668604135819068,0.7081644857827714,0.5613668825546617,0.644656987175004,0.4700663446984643,0.5651970649605069,0.6654505279637724,0.3791237293656917,0.7903778307950255,0.5011850339764594,0.5641135732673389,0.44912806408047384,0.49416309523319757,0.3757917212557732,0.6977050695966696,0.16091067158906755,0.8116160632038067,0.2730746891179211,0.5986203713642533,0.250538660307589,0.5274038873303281,0.18129916525885054,0.7074007681309077,-0.0797636140525544,0.8173259933659042,0.035227505205210785,0.6616551279975076,0.05147501854128433,0.5838666329065066,0.009470921693508362,0.0,0.0,0.0,0.0,0.0,0.0,0.0,0.0,0.0,0.0,0.0,0.0,0.0,0.0,0.0,0.0,0.0,0.0,0.0,0.0,0.0,0.0,0.0,0.0,0.0,0.0,0.0,0.0,0.0,0.0,0.0,0.0,0.0,0.0,0.0,0.0,0.0,0.0,0.0,0.0,0.0,0.0,bad
0.0,0.0,0.09399694090998206,0.43169179992125434,0.26825894354455854,0.7728196287288736,0.4649909993405457,0.9407390424464943,0.6414756220662792,1.0,0.6156021692318411,0.6582256791811749,0.7845350685459763,0.8134121167833539,0.5907774430997915,0.7365800248551064,0.48726378332309855,0.6684528911479203,0.6728381809432302,0.432209479614438,0.825491714694488,0.5516112071577521,0.6085940500051039,0.489618051223555,0.49797019331569387,0.43656357900569853,0.7076839383191532,0.1923273226319192,0.8453478499684856,0.29451154206977903,0.6405318085411479,0.2666544605518352,0.5312669623138905,0.2158744574084906,0.7222154260447166,-0.06670128666492757,0.8603735233166498,0.05878662036984528,0.7054536218945294,0.06051424469803638,0.6013108881244764,0.019109185857541677,0.0,0.0,0.0,0.0,0.0,0.0,0.0,0.0,0.0,0.0,0.0,0.0,0.0,0.0,0.0,0.0,0.0,0.0,0.0,0.0,0.0,0.0,0.0,0.0,0.0,0.0,0.0,0.0,0.0,0.0,0.0,0.0,0.0,0.0,0.0,0.0,0.0,0.0,0.0,0.0,0.0,0.0,bad
0.0,0.0,0.027436409372995338,0.30562727911346543,0.11445148527367659,0.587350237607195,0.1950144904072783,0.8195058568745852,0.25054515756481316,1.0,0.4194400443112053,0.4348946305930283,0.5360921198465076,0.48913455093044106,0.3854853080521422,0.4204252922061181,0.32675355551403384,0.4026656028724661,0.4575215110608908,0.2760152294818106,0.5620706173795067,0.3060661219434167,0.3857309269702324,0.25533278591178676,0.3333364751855587,0.2543370035711771,0.477189875621463,0.11162049160376955,0.5741386565920403,0.13654194067776407,0.40856461524045984,0.11007608642015694,0.34825186418105497,0.10986484306170911,0.4850854426712693,-0.051664802809037666,0.5831162221038175,-0.013893824985154749,0.4620768271580228,-0.02542848857872031,0.3934801206693032,-0.03187251990039959,0.0,0.0,0.0,0.0,0.0,0.0,0.0,0.0,0.0,0.0,0.0,0.0,0.0,0.0,0.0,0.0,0.0,0.0,0.0,0.0,0.0,0.0,0.0,0.0,0.0,0.0,0.0,0.0,0.0,0.0,0.0,0.0,0.0,0.0,0.0,0.0,0.0,0.0,0.0,0.0,0.0,0.0,bad
0.0,0.0,0.04924127463788448,0.28956370530768266,0.16567642024623774,0.5755926276474401,0.26543648693346467,0.8065865907300501,0.31438217376472793,1.0,0.4702414794224258,0.37998821466328214,0.5795489777270225,0.4163643299687042,0.4179008957346734,0.3578886631986909,0.3458423693489624,0.35692882087460726,0.49978880742045373,0.21488115543201222,0.5887820064467592,0.23696843618507396,0.4114334127112028,0.19018812091504605,0.353763795347437,0.19634038299344825,0.5093005176331488,0.04484890527528796,0.5882516390262073,0.06760207664068275,0.41851361326371206,0.03890333651553786,0.35146699083159705,0.04955322339321168,0.5088931300103701,-0.12479013674753611,0.590657243850942,-0.09227656874911548,0.461063805245811,-0.10616837761287759,0.38476615705038275,-0.10669192797146869,0.0,0.0,0.0,0.0,0.0,0.0,0.0,0.0,0.0,0.0,0.0,0.0,0.0,0.0,0.0,0.0,0.0,0.0,0.0,0.0,0.0,0.0,0.0,0.0,0.0,0.0,0.0,0.0,0.0,0.0,0.0,0.0,0.0,0.0,0.0,0.0,0.0,0.0,0.0,0.0,0.0,0.0,bad
0.0,0.0,0.05121980745243239,0.29394727846444035,0.1635777072302129,0.5851926728893814,0.26167612268308044,0.8171555371157755,0.3241610240761786,1.0,0.5125417761454543,0.39744679557566154,0.5527945954853232,0.41738015639090364,0.42216744801679634,0.3716883722195232,0.37149239030212144,0.3640176133082121,0.5532590859616686,0.23254601042143844,0.539020933001915,0.2365019120902445,0.40326119243397807,0.20818692461975508,0.3709316420404944,0.2130742070198323,0.5523039740866577,0.05655104888988909,0.5451566335479446,0.07204401940514289,0.4181262208873528,0.06089624797285371,0.37772381534930377,0.0728620772590049,0.5421574436065366,-0.11118200827336998,0.5640308920830238,-0.08232840383260638,0.4619787080978662,-0.08444180883577142,0.4099027129763494,-0.08314726161266187,0.0,0.0,0.0,0.0,0.0,0.0,0.0,0.0,0.0,0.0,0.0,0.0,0.0,0.0,0.0,0.0,0.0,0.0,0.0,0.0,0.0,0.0,0.0,0.0,0.0,0.0,0.0,0.0,0.0,0.0,0.0,0.0,0.0,0.0,0.0,0.0,0.0,0.0,0.0,0.0,0.0,0.0,bad
0.0,0.0,0.08631091790624917,0.32283174371517553,0.2199279302487828,0.580943704621265,0.3393000875833879,0.8118276442905816,0.41394967600955673,1.0,0.5173556682794077,0.35555195550412083,0.6743137811765794,0.399172284496492,0.5117539630277239,0.37210342840590005,0.43583871378673744,0.36536146518184404,0.5428771327349367,0.19012092295357172,0.6811295107785446,0.2229463936894566,0.49543598908371095,0.20186140943148537,0.43976053163995993,0.19359077988368176,0.5521234644890075,0.014968616661952238,0.6869488268450602,0.05185974968798241,0.5149514517932464,0.0482327136295583,0.4460990495202206,0.04078656521330825,0.5524154091154249,-0.17113799674917246,0.6884894092760085,-0.12914648612440247,0.5664540019820459,-0.1064633249173462,0.48527722397827183,-0.10931751630875315,0.0,0.0,0.0,0.0,0.0,0.0,0.0,0.0,0.0,0.0,0.0,0.0,0.0,0.0,0.0,0.0,0.0,0.0,0.0,0.0,0.0,0.0,0.0,0.0,0.0,0.0,0.0,0.0,0.0,0.0,0.0,0.0,0.0,0.0,0.0,0.0,0.0,0.0,0.0,0.0,0.0,0.0,bad
0.0,0.0,0.05442611696851596,0.32213990924250735,0.1504385170690573,0.5816776892785617,0.2581007413573624,0.8179941999529726,0.320836925704803,1.0,0.40638329499968917,0.3911191171820312,0.5810990359381293,0.43684002843266295,0.4252107449519861,0.40200569193804275,0.3541761149414725,0.39594969688943427,0.4346994705362476,0.23440081946610378,0.574295737533007,0.2737603277864415,0.39260994008059524,0.24612821185036635,0.34848552826103996,0.2375165204042195,0.45181312280910385,0.07149220128811855,0.5812793076700622,0.1132201071900583,0.41910691167766223,0.10319678267661629,0.3656097211599013,0.09761214280115785,0.4683113646867407,-0.09890836952732049,0.587105030581329,-0.05281583364189439,0.47073381676067644,-0.041924664254034495,0.4009724403170837,-0.04395116717162571,0.0,0.0,0.0,0.0,0.0,0.0,0.0,0.0,0.0,0.0,0.0,0.0,0.0,0.0,0.0,0.0,0.0,0.0,0.0,0.0,0.0,0.0,0.0,0.0,0.0,0.0,0.0,0.0,0.0,0.0,0.0,0.0,0.0,0.0,0.0,0.0,0.0,0.0,0.0,0.0,0.0,0.0,bad
0.0,0.0,0.05270004457817898,0.31909952078457593,0.147528139975482,0.5834403209628887,0.24864008692744902,0.8088072550986293,0.3102404435528809,1.0,0.41716538504402095,0.40010559456146216,0.5802813997548201,0.44624707455700435,0.4360247408893347,0.42231500055722726,0.33853783572941043,0.4063392956647721,0.44615568929009247,0.2345904379806085,0.5916811545748356,0.27346734648389615,0.4206800958430848,0.25276022511980384,0.3414602139752591,0.23985985734982726,0.46296389167502505,0.06705198930123704,0.5887108547865819,0.11044132397191575,0.4333628663769085,0.10449348044132398,0.35150256324529144,0.09472250083584086,0.47170455811880085,-0.10637133623091496,0.5999584865708236,-0.06036665552212192,0.4865315390616293,-0.04022567703109328,0.4009043798060849,-0.04561601471079906,0.0,0.0,0.0,0.0,0.0,0.0,0.0,0.0,0.0,0.0,0.0,0.0,0.0,0.0,0.0,0.0,0.0,0.0,0.0,0.0,0.0,0.0,0.0,0.0,0.0,0.0,0.0,0.0,0.0,0.0,0.0,0.0,0.0,0.0,0.0,0.0,0.0,0.0,0.0,0.0,0.0,0.0,bad
0.0,0.0,0.05526407339858822,0.3079586753629153,0.17777140558624807,0.5898611576208753,0.29853956352500954,0.8185379443719002,0.38418144025933626,1.0,0.46509748462299916,0.39040300777504866,0.6409989382092109,0.42220662828066036,0.4977531419920848,0.3993791170576931,0.3922302163975485,0.3859755298409635,0.4893689294142657,0.21338598034200928,0.6454592521154433,0.2309319952863396,0.47232762600733547,0.21468017055456842,0.39895253248850526,0.21511779480404708,0.49551831440499944,0.03364979473271377,0.633216246672881,0.056492025529402204,0.4753544798881086,0.05609827693236158,0.4039155764510598,0.06054387126487278,0.4873166811550676,-0.14612092526108136,0.6268044569736952,-0.12355652641837954,0.5155287256727199,-0.09342598361428377,0.43239313943314356,-0.0846137711236498,0.0,0.0,0.0,0.0,0.0,0.0,0.0,0.0,0.0,0.0,0.0,0.0,0.0,0.0,0.0,0.0,0.0,0.0,0.0,0.0,0.0,0.0,0.0,0.0,0.0,0.0,0.0,0.0,0.0,0.0,0.0,0.0,0.0,0.0,0.0,0.0,0.0,0.0,0.0,0.0,0.0,0.0,bad
0.0,0.0,0.052833829303666494,0.31870202426643557,0.1705877248447974,0.5915888811263021,0.2822175290507437,0.8191149029873185,0.3579702727320964,1.0,0.45615830444471955,0.3997312695661402,0.6117544416243654,0.447165617980509,0.4588801535223474,0.41696080360459153,0.3639581196165479,0.39971855710217724,0.4839231548134916,0.23315570889120785,0.6215980341003555,0.26616306885512653,0.43923939669962325,0.24058448593006598,0.3657677112258795,0.2340616101275226,0.4941376196077044,0.06404262986611012,0.6089803609013248,0.09734541643821079,0.4460179035709864,0.08647432524452148,0.3758909779090539,0.08274404614513875,0.4948619536956791,-0.10479132766762765,0.614389790675463,-0.0722595796706698,0.49940969949946057,-0.05203239135817754,0.4226628964077893,-0.04781793319655459,0.0,0.0,0.0,0.0,0.0,0.0,0.0,0.0,0.0,0.0,0.0,0.0,0.0,0.0,0.0,0.0,0.0,0.0,0.0,0.0,0.0,0.0,0.0,0.0,0.0,0.0,0.0,0.0,0.0,0.0,0.0,0.0,0.0,0.0,0.0,0.0,0.0,0.0,0.0,0.0,0.0,0.0,bad
0.0,0.0,0.059895332106484005,0.325889411274372,0.19627774519383717,0.5960628428125118,0.31314779535288884,0.8203277922312746,0.38920060806087203,1.0,0.48539209663016347,0.4206929471705183,0.6471653440556137,0.46124834430778777,0.5204826788794372,0.4225317996674258,0.4273687379723325,0.40322327984986683,0.5132733990995081,0.24376906764662987,0.6638202075333249,0.28227750467602447,0.49886962314042915,0.2452858082265621,0.4208011233262192,0.23579104062618783,0.5223843616796559,0.06326016493381069,0.6585131791536445,0.10662558341916825,0.5048416292551539,0.0931332733081235,0.4289693470566846,0.0862077249431471,0.5181090580543474,-0.12211055233522611,0.6549247443645341,-0.07095673493941994,0.5478988665242702,-0.05680797609378034,0.47108043387593884,-0.05585642394363354,0.0,0.0,0.0,0.0,0.0,0.0,0.0,0.0,0.0,0.0,0.0,0.0,0.0,0.0,0.0,0.0,0.0,0.0,0.0,0.0,0.0,0.0,0.0,0.0,0.0,0.0,0.0,0.0,0.0,0.0,0.0,0.0,0.0,0.0,0.0,0.0,0.0,0.0,0.0,0.0,0.0,0.0,bad
0.0,0.0,0.06610301827409239,0.32410329580859565,0.1865535684776081,0.5859985570509022,0.29829229910849236,0.8143780722407341,0.36717555669563506,1.0,0.4611140764693926,0.3839871228596879,0.6052336558376389,0.4097874673018867,0.47594979274160903,0.3723007322419663,0.388503104413432,0.35954911583380406,0.4863245161427771,0.2135060841666566,0.6182354563571235,0.2439381455052366,0.4535000152586397,0.20936149214525535,0.3858930133279899,0.2015372647650371,0.49977630258400746,0.041869419440428254,0.6129110547980936,0.07758356120528283,0.4657028964352939,0.059271466171019985,0.4008271910111066,0.047921053525580674,0.5050989767498637,-0.13863165125544058,0.614656585600105,-0.08992377013924516,0.5131828889038597,-0.08611573188785072,0.4504877294625907,-0.09692950105399774,0.0,0.0,0.0,0.0,0.0,0.0,0.0,0.0,0.0,0.0,0.0,0.0,0.0,0.0,0.0,0.0,0.0,0.0,0.0,0.0,0.0,0.0,0.0,0.0,0.0,0.0,0.0,0.0,0.0,0.0,0.0,0.0,0.0,0.0,0.0,0.0,0.0,0.0,0.0,0.0,0.0,0.0,bad
0.0,0.0,0.0714516983444647,0.31878484273379226,0.21700407021000978,0.5821625976932014,0.3469697486797414,0.8026391817438543,0.4099341020683433,1.0,0.5007135851234789,0.3717444626298928,0.6568965798661861,0.38324373331592276,0.5046576675901181,0.3442222456341322,0.4260499376039625,0.35256031493305595,0.5320252670565244,0.20636691837767335,0.6645283349235296,0.209750994552774,0.48324684940816504,0.17620433255529952,0.4311947542812882,0.19356927592403264,0.5461079265967376,0.03542314306869796,0.6690769392851684,0.046208680245904195,0.5000096450474165,0.026982391111124302,0.4349572130858068,0.0418004484205122,0.5515536687534592,-0.141424588341957,0.6625509518177947,-0.11785506016283807,0.5455372365603683,-0.12110826046376355,0.4759747804267859,-0.11185821483527,0.0,0.0,0.0,0.0,0.0,0.0,0.0,0.0,0.0,0.0,0.0,0.0,0.0,0.0,0.0,0.0,0.0,0.0,0.0,0.0,0.0,0.0,0.0,0.0,0.0,0.0,0.0,0.0,0.0,0.0,0.0,0.0,0.0,0.0,0.0,0.0,0.0,0.0,0.0,0.0,0.0,0.0,bad
0.0,0.0,0.06624283480676622,0.31339529476557426,0.21490752746203062,0.5910888593003648,0.35042690928610204,0.8110136576659462,0.4399840826793439,1.0,0.46415607813967985,0.37068020230175974,0.6416420545265644,0.3959740286552481,0.5041508906168354,0.3853573444302899,0.38612893029731427,0.36680904245714113,0.48201057801042796,0.19003082563322526,0.6442552982374926,0.20367889582529447,0.48124873328775836,0.19095492583499782,0.3940995126229238,0.179520567045098,0.48267501128955015,0.008740568900277143,0.6227907593469187,0.032188521093648455,0.4840160906257915,0.036905851985201604,0.40697875936203937,0.03305795457486302,0.47179778780065607,-0.16573452153970564,0.605152890895403,-0.14774117401434886,0.5155436678054598,-0.11375359440957179,0.4440436682416304,-0.10307482856312887,0.0,0.0,0.0,0.0,0.0,0.0,0.0,0.0,0.0,0.0,0.0,0.0,0.0,0.0,0.0,0.0,0.0,0.0,0.0,0.0,0.0,0.0,0.0,0.0,0.0,0.0,0.0,0.0,0.0,0.0,0.0,0.0,0.0,0.0,0.0,0.0,0.0,0.0,0.0,0.0,0.0,0.0,bad
0.0,0.0,0.06998172232778134,0.3188895476272467,0.21534607350554164,0.5841369298984169,0.3571143084069243,0.7977633889546896,0.4362206708779415,1.0,0.4869192953473672,0.3785538759597461,0.6528455521330756,0.4141485779081205,0.49969215242603937,0.4035393616820434,0.4017028134502242,0.3975132472511414,0.5067570603344658,0.1972980246971759,0.6560939404152861,0.2291552361089179,0.46903208537132035,0.21819360868336513,0.4020353210271381,0.21511996249923349,0.5097183095911898,0.012763344317888952,0.6359584991907568,0.05639647547822478,0.4711860671129664,0.06056130849927125,0.4049394937191631,0.05630017706906572,0.5034199838517227,-0.1749655747822273,0.630743750079578,-0.14002271647275025,0.5227238634336354,-0.09901569268923845,0.4509350092573797,-0.08749471492963411,0.0,0.0,0.0,0.0,0.0,0.0,0.0,0.0,0.0,0.0,0.0,0.0,0.0,0.0,0.0,0.0,0.0,0.0,0.0,0.0,0.0,0.0,0.0,0.0,0.0,0.0,0.0,0.0,0.0,0.0,0.0,0.0,0.0,0.0,0.0,0.0,0.0,0.0,0.0,0.0,0.0,0.0,bad
0.0,0.0,0.07173465008856586,0.3226427426780269,0.20764127521817174,0.5838508930477941,0.33567426004336337,0.804258328612091,0.41358260703202027,1.0,0.4651560468082674,0.3794303294188237,0.6181364414853715,0.4046780428616741,0.4710395094685959,0.38354158627227586,0.37279581162376285,0.38415196664793966,0.48665026152178104,0.204665189631056,0.6233683578931719,0.22422727354843638,0.443620370060502,0.2050898793247493,0.36894369248438436,0.21567217509535527,0.49391292913575646,0.02587497478960239,0.6161356021753353,0.04817266449543814,0.45031204623135285,0.048405740359410684,0.3698990962165005,0.05958183169197973,0.49166331762020954,-0.15775371137034097,0.6115090314676109,-0.1373184073958792,0.49534425778960567,-0.10772932280947929,0.4126052876532281,-0.08813643852379757,0.0,0.0,0.0,0.0,0.0,0.0,0.0,0.0,0.0,0.0,0.0,0.0,0.0,0.0,0.0,0.0,0.0,0.0,0.0,0.0,0.0,0.0,0.0,0.0,0.0,0.0,0.0,0.0,0.0,0.0,0.0,0.0,0.0,0.0,0.0,0.0,0.0,0.0,0.0,0.0,0.0,0.0,bad
0.0,0.0,0.07454092067743046,0.3135216841658852,0.20054338076097267,0.5965927213992825,0.31577346625890895,0.8207337661890359,0.3963608194408297,1.0,0.4358042188006808,0.39032127540985667,0.6071714699792836,0.4317889874872376,0.4712738674376166,0.42731327669410774,0.3727528227017731,0.4106767146533705,0.45419105211250016,0.21594226380996678,0.6044981432568882,0.24320444600050736,0.43281971277461423,0.23698026092938684,0.35812469993959106,0.21884201166188616,0.457020417735004,0.03840174236450148,0.5856090503760059,0.06597210887022745,0.426422716867865,0.07117530236655005,0.35305687992282514,0.0553390012492097,0.4509555660513263,-0.14620605341082765,0.5797580408702119,-0.12046233038257084,0.46652890717961637,-0.08538143125108756,0.38653755670636325,-0.08855971303218325,0.0,0.0,0.0,0.0,0.0,0.0,0.0,0.0,0.0,0.0,0.0,0.0,0.0,0.0,0.0,0.0,0.0,0.0,0.0,0.0,0.0,0.0,0.0,0.0,0.0,0.0,0.0,0.0,0.0,0.0,0.0,0.0,0.0,0.0,0.0,0.0,0.0,0.0,0.0,0.0,0.0,0.0,bad
0.0,0.0,0.056147244121016106,0.3102974866922714,0.17466574258569406,0.5892294632629684,0.30171484401320664,0.8083801389971796,0.38162468595685695,1.0,0.4213544524338945,0.3806004360507089,0.5886549207311791,0.43342074802429564,0.4479283981633891,0.42362524906869964,0.34509190274047763,0.40492554410080184,0.440287283298199,0.20013993569936567,0.5861864934977428,0.23694494980122632,0.40191897205617644,0.22615498089270072,0.3227253530278091,0.21294351073762838,0.4429644710117724,0.017047669583297235,0.5613521181668544,0.04980802458440421,0.3926682356791514,0.055044483429110475,0.3203712326855141,0.04891432518024392,0.4383103756966704,-0.1745282735087162,0.558261019184306,-0.1503552237046021,0.4415988044702417,-0.11329662878897263,0.3668625525811699,-0.10813597346154957,0.0,0.0,0.0,0.0,0.0,0.0,0.0,0.0,0.0,0.0,0.0,0.0,0.0,0.0,0.0,0.0,0.0,0.0,0.0,0.0,0.0,0.0,0.0,0.0,0.0,0.0,0.0,0.0,0.0,0.0,0.0,0.0,0.0,0.0,0.0,0.0,0.0,0.0,0.0,0.0,0.0,0.0,bad
0.0,0.0,0.07656808475090698,0.3115735343860767,0.1993936392603656,0.5892159442017998,0.3044458979612269,0.8222825175514257,0.3784402894639018,1.0,0.44227634624622625,0.3851905098338201,0.6367605764138021,0.4257685785816547,0.5206282350793537,0.4121433852546232,0.40422964961577784,0.3900021697475292,0.4593339727824596,0.20319606653513428,0.6131914964846615,0.2315392226871581,0.4558478485863637,0.22964993160715758,0.35532221382467116,0.22724141710095833,0.4633323721593915,0.020482164012068472,0.5988111552184323,0.0493578084223472,0.4510576650674122,0.06290372858637633,0.3553711673715451,0.06256358039293591,0.45600165747234833,-0.1662778281174645,0.5933630991953616,-0.1380917970594394,0.4895809481638788,-0.10152570834992754,0.400336737236626,-0.08957614755799179,0.0,0.0,0.0,0.0,0.0,0.0,0.0,0.0,0.0,0.0,0.0,0.0,0.0,0.0,0.0,0.0,0.0,0.0,0.0,0.0,0.0,0.0,0.0,0.0,0.0,0.0,0.0,0.0,0.0,0.0,0.0,0.0,0.0,0.0,0.0,0.0,0.0,0.0,0.0,0.0,0.0,0.0,bad
0.0,0.0,0.07609548102181445,0.30613792972170406,0.21814174312508725,0.5715121001002526,0.34185495742439814,0.7987417672364564,0.4211144211367876,1.0,0.4802247116153348,0.3743984847908021,0.6424694800827401,0.4208956739127676,0.5264144807807007,0.39042017233283843,0.4222026052968871,0.3632856816537861,0.4971274158957374,0.19669483889798353,0.640948243042601,0.22113996015278994,0.47996646616159694,0.20981015469346836,0.3853068171723709,0.20285561096940394,0.4973818542911892,0.016980748975266812,0.6233859659141382,0.031792743746906764,0.4709383446910572,0.04461999213207954,0.3829588139744419,0.0456307661070291,0.48730330198855343,-0.16844884582682962,0.6095879176660195,-0.1457072245276075,0.49905822895648533,-0.10965581020545424,0.41889458890115605,-0.09972763670511796,0.0,0.0,0.0,0.0,0.0,0.0,0.0,0.0,0.0,0.0,0.0,0.0,0.0,0.0,0.0,0.0,0.0,0.0,0.0,0.0,0.0,0.0,0.0,0.0,0.0,0.0,0.0,0.0,0.0,0.0,0.0,0.0,0.0,0.0,0.0,0.0,0.0,0.0,0.0,0.0,0.0,0.0,bad
0.0,0.0,0.08137154322591851,0.3102634377626747,0.23575797088957312,0.5834055401708725,0.37859870345251295,0.7916168995755729,0.4593500347694555,1.0,0.49971371096051187,0.360436442537075,0.6497758293633075,0.42423628712765415,0.5036679669298084,0.4136009814513218,0.38771199484647323,0.38851253482616244,0.5101270494698387,0.1740303599238118,0.6671125992452468,0.22962584436634367,0.47801245089989053,0.22136963787271852,0.3696224808346743,0.19433598116940728,0.5015173157073041,-0.0161967983585447,0.6235846757756376,0.03319753911320714,0.4456470456332091,0.04180694883608194,0.3495532465209482,0.019963759404441027,0.4828918400980933,-0.21634086639131936,0.5997243394613554,-0.1567729797585386,0.47373253507243257,-0.11330176322940518,0.3890752296955129,-0.12234230771972643,0.0,0.0,0.0,0.0,0.0,0.0,0.0,0.0,0.0,0.0,0.0,0.0,0.0,0.0,0.0,0.0,0.0,0.0,0.0,0.0,0.0,0.0,0.0,0.0,0.0,0.0,0.0,0.0,0.0,0.0,0.0,0.0,0.0,0.0,0.0,0.0,0.0,0.0,0.0,0.0,0.0,0.0,bad
0.0,0.0,0.05275842881710464,0.29621611567447087,0.22055923619288115,0.5957604102137292,0.36572609437879194,0.8069173913660287,0.46638025476000194,1.0,0.5296602622000911,0.39518979320650505,0.745783502863331,0.3261366233659783,0.7577519581463459,0.38045526409952063,0.7296921032596102,0.46453772929109505,0.536747892894242,0.18791868234760034,0.6506493526964806,0.21068724670988853,0.45058708923851004,0.21959454666685582,0.3544201538143855,0.21913742254504642,0.5100291456034906,-0.01952172206538136,0.5932083965819726,-0.00586915846601755,0.4096926076724343,0.01493061959233986,0.3297157476107383,0.018399088273820502,0.46386418054196005,-0.23849205786245609,0.5613976018322796,-0.2164862602675595,0.4220491455719647,-0.16896962646654087,0.34863312006128616,-0.15909085893622488,0.0,0.0,0.0,0.0,0.0,0.0,0.0,0.0,0.0,0.0,0.0,0.0,0.0,0.0,0.0,0.0,0.0,0.0,0.0,0.0,0.0,0.0,0.0,0.0,0.0,0.0,0.0,0.0,0.0,0.0,0.0,0.0,0.0,0.0,0.0,0.0,0.0,0.0,0.0,0.0,0.0,0.0,bad
0.0,0.0,0.0653564439680831,0.3218441582653119,0.21311651167319426,0.6205074376254973,0.37096928012866676,0.8179637583227788,0.47202288093123446,1.0,0.5499983541332942,0.4554187007989683,0.6506112625889575,0.5070592299743398,0.4588147237082023,0.48130618442874734,0.4020993875837662,0.47953572407521516,0.5708058009571868,0.24980626456861219,0.6602585025935476,0.30311450279289737,0.44163433640961713,0.2925440392399234,0.40952378461972944,0.2760179993213492,0.5572896974589356,0.03524800442507415,0.6324593524760449,0.07747079201874627,0.42752249069162396,0.08661012063433857,0.3944128824294346,0.07416275375957487,0.5233962259507341,-0.19165241017951637,0.583508507900314,-0.1530057679167973,0.43983265073447186,-0.10277530043220152,0.39980655682531696,-0.09453427663543007,0.0,0.0,0.0,0.0,0.0,0.0,0.0,0.0,0.0,0.0,0.0,0.0,0.0,0.0,0.0,0.0,0.0,0.0,0.0,0.0,0.0,0.0,0.0,0.0,0.0,0.0,0.0,0.0,0.0,0.0,0.0,0.0,0.0,0.0,0.0,0.0,0.0,0.0,0.0,0.0,0.0,0.0,bad
0.0,0.0,0.04698769876351192,0.32734278562741337,0.1723824830198446,0.6348585444178317,0.31124228577697755,0.8314840614901198,0.41487449792958936,1.0,0.5245795913246112,0.4477466422312853,0.6449731436085789,0.4645826886819472,0.4800074979080715,0.45431382776086826,0.4014702446094011,0.4619575116522159,0.5399145408198056,0.24468759271993737,0.6343178706910895,0.27385881930071854,0.4297777267276177,0.26788534443856155,0.3804129122826584,0.2664387997649403,0.5170953213235474,0.03680369694752707,0.5864306654135806,0.055652419530080585,0.4000612803966072,0.07026273288141818,0.35503140241490827,0.07709449697795512,0.4721149949978588,-0.17882298602825142,0.5453834070748854,-0.16767765177884383,0.4141795624725155,-0.12339923147957609,0.36305649767683046,-0.10942414914351402,0.0,0.0,0.0,0.0,0.0,0.0,0.0,0.0,0.0,0.0,0.0,0.0,0.0,0.0,0.0,0.0,0.0,0.0,0.0,0.0,0.0,0.0,0.0,0.0,0.0,0.0,0.0,0.0,0.0,0.0,0.0,0.0,0.0,0.0,0.0,0.0,0.0,0.0,0.0,0.0,0.0,0.0,bad
0.0,0.0,0.06112255913316754,0.3175532438117626,0.21441038342606653,0.6436381716009464,0.3510576248871312,0.8488377665343348,0.4729515256836445,1.0,0.5399631253184287,0.43149840596451755,0.7537082763734684,0.45272247136032767,0.7595317394659982,0.557232683780689,0.713621562860991,0.6505521743955528,0.5415478601586974,0.21701929236931178,0.6900698147185973,0.25587359197736065,0.518263938982743,0.2910621774726467,0.38944752293948215,0.3025886682237098,0.4997186161653358,0.0063714127896125385,0.5881932604078914,0.04685285186063287,0.422620233657353,0.08036290790409556,0.3189532269129687,0.0934020929282331,0.4292651483814991,-0.21252314125878358,0.522563042590005,-0.15707113635561115,0.3927085802995374,-0.11304615262385302,0.3095301000307709,-0.10832757429163788,0.0,0.0,0.0,0.0,0.0,0.0,0.0,0.0,0.0,0.0,0.0,0.0,0.0,0.0,0.0,0.0,0.0,0.0,0.0,0.0,0.0,0.0,0.0,0.0,0.0,0.0,0.0,0.0,0.0,0.0,0.0,0.0,0.0,0.0,0.0,0.0,0.0,0.0,0.0,0.0,0.0,0.0,bad
0.0,0.0,0.06142830550584643,0.31537189159349166,0.22363020094864197,0.6555005647570094,0.3725654947276083,0.8573741631040712,0.47563243969254876,1.0,0.5285389137785576,0.40150767262848475,0.7289088339105729,0.41862935135562745,0.7784408088000673,0.46739396197599264,0.8142563424185955,0.5238677905323351,0.5297178898699647,0.17334334433201315,0.6118704917544229,0.1659078061292714,0.41591346228111276,0.18178279097468525,0.37551402717855076,0.216250210057777,0.49650590244799814,-0.03873629241353226,0.558504816154781,-0.05747586461497365,0.38439426358541356,-0.02035153646829255,0.3436921268394781,0.011823463777457497,0.44691635183355277,-0.2574252791135398,0.5093053449776727,-0.2641163897180677,0.38197467885150005,-0.2155739683452097,0.3342820065249368,-0.19626082333910808,0.0,0.0,0.0,0.0,0.0,0.0,0.0,0.0,0.0,0.0,0.0,0.0,0.0,0.0,0.0,0.0,0.0,0.0,0.0,0.0,0.0,0.0,0.0,0.0,0.0,0.0,0.0,0.0,0.0,0.0,0.0,0.0,0.0,0.0,0.0,0.0,0.0,0.0,0.0,0.0,0.0,0.0,bad
0.0,0.0,0.06789287354980786,0.32822742950480177,0.22020193918004136,0.6315551844748925,0.3775915386316846,0.8312046833944644,0.47985044152927364,1.0,0.539796578117746,0.3653946418544959,0.6888976291348554,0.3370021098123288,0.5681701206336243,0.3651828706573232,0.525739619261517,0.4164065861146153,0.5345357197546978,0.14458518974942333,0.5994203485079398,0.1261717297301239,0.3966024851061347,0.17008933888495933,0.3830260372231175,0.20482406887516377,0.5009649717678915,-0.05844110269292751,0.5529080104810031,-0.08628476146724322,0.37425135691559047,-0.029584010879631317,0.35414615797827476,0.006889855886206251,0.45086862650731263,-0.2630347146770504,0.5010409298730467,-0.28318639997472117,0.3706492716529213,-0.21998363558582537,0.33165587453908624,-0.1890174910247903,0.0,0.0,0.0,0.0,0.0,0.0,0.0,0.0,0.0,0.0,0.0,0.0,0.0,0.0,0.0,0.0,0.0,0.0,0.0,0.0,0.0,0.0,0.0,0.0,0.0,0.0,0.0,0.0,0.0,0.0,0.0,0.0,0.0,0.0,0.0,0.0,0.0,0.0,0.0,0.0,0.0,0.0,bad
0.0,0.0,0.09578428920639274,0.41100215404225793,0.2484455801795842,0.8003041475397933,0.4402483199277145,1.0,0.6095701596572894,0.9799891894508402,0.6904596903665099,0.48894177631844327,0.8797848781392947,0.524315264656765,0.6859045363968601,0.5425616967721636,0.6033008479020274,0.5448125499181141,0.7033853557396755,0.24116923349979427,0.846594677014675,0.2941134946310295,0.5959712552338386,0.33492815825353156,0.5538514598275153,0.31706130549482464,0.6937080990375384,-0.0005719909965874162,0.8094931143255911,0.03606891321710649,0.569181060563278,0.0900228312344195,0.5141269271417392,0.0732451009656886,0.663905068856744,-0.25719264559954175,0.7550271070486394,-0.20336680031947593,0.5878897646688664,-0.12796705202778472,0.5204506950215001,-0.12700136342000598,0.0,0.0,0.0,0.0,0.0,0.0,0.0,0.0,0.0,0.0,0.0,0.0,0.0,0.0,0.0,0.0,0.0,0.0,0.0,0.0,0.0,0.0,0.0,0.0,0.0,0.0,0.0,0.0,0.0,0.0,0.0,0.0,0.0,0.0,0.0,0.0,0.0,0.0,0.0,0.0,0.0,0.0,bad
0.0,0.0,0.0436259575072771,0.30011055293447886,0.18468104539998803,0.6059733737532259,0.32338937839817705,0.8315666015146139,0.3964995443526993,1.0,0.5022642349191766,0.3545537769571459,0.6316147431319995,0.3865378640076764,0.5127266953311866,0.4213940632686907,0.45114594030022376,0.45010207750740816,0.5135364039701343,0.16463360684087616,0.5777479673125567,0.22824965599299088,0.38637133452674494,0.23864657707440173,0.3664251840240136,0.221004878807351,0.49889476856125975,-0.01660051662866875,0.5275099850659698,0.03430149819930689,0.3616697097769488,0.049113982726811514,0.34891098954558303,0.027214015407105,0.4698578660453538,-0.20008129856054777,0.4997892314709141,-0.15897443459666352,0.38453176467924605,-0.12564008838276639,0.36219774824734424,-0.14517929922368664,0.0,0.0,0.0,0.0,0.0,0.0,0.0,0.0,0.0,0.0,0.0,0.0,0.0,0.0,0.0,0.0,0.0,0.0,0.0,0.0,0.0,0.0,0.0,0.0,0.0,0.0,0.0,0.0,0.0,0.0,0.0,0.0,0.0,0.0,0.0,0.0,0.0,0.0,0.0,0.0,0.0,0.0,bad
0.0,0.0,0.08299263362564639,0.30866974045096374,0.2148642033987551,0.6179354352762585,0.3374547790827489,0.831460991224507,0.4087478231344088,1.0,0.5178982319816848,0.3504567127693635,0.6852494504544094,0.32562767022108885,0.5567289228235272,0.34438856408248425,0.431138898248608,0.36386027119813674,0.5287068644273202,0.14890454677952022,0.6697967363909387,0.11228790194315905,0.5048854683077199,0.14119664648679023,0.3896443355886655,0.1606585913603242,0.5177989316751351,-0.04059750413026736,0.6317764641799694,-0.06827849419245742,0.4766515387505337,-0.022771497486756526,0.3730892508409638,0.006611631009823104,0.4862305862943307,-0.22246456649314789,0.5987329524940317,-0.24780353365708385,0.4862864141164462,-0.1930634388626622,0.3993809518216573,-0.1588141377400501,0.0,0.0,0.0,0.0,0.0,0.0,0.0,0.0,0.0,0.0,0.0,0.0,0.0,0.0,0.0,0.0,0.0,0.0,0.0,0.0,0.0,0.0,0.0,0.0,0.0,0.0,0.0,0.0,0.0,0.0,0.0,0.0,0.0,0.0,0.0,0.0,0.0,0.0,0.0,0.0,0.0,0.0,bad
0.0,0.0,0.10098095396749492,0.31761421599585904,0.23782290850988422,0.6253120426364096,0.3753775534995118,0.8285037996300599,0.4677985239963751,1.0,0.5456539123456954,0.34565070993452607,0.703053806974051,0.3242663014275672,0.5672517122892221,0.33869993807645327,0.4473286502175638,0.35325366514418705,0.5581517838200023,0.14798495975277387,0.6965610722904292,0.11521413199415068,0.5287981443258971,0.14285217208156417,0.42609281511341,0.1629827134460931,0.5458402064569847,-0.03781678081928147,0.6695399582393267,-0.06397786271694411,0.5108432410494917,-0.023460433132269125,0.41316739095559024,0.005420696752293188,0.5131292699457098,-0.22241238249229497,0.6225499630029133,-0.2507858994141127,0.505929079525415,-0.20248276163622272,0.4226993370085107,-0.16942310102406336,0.0,0.0,0.0,0.0,0.0,0.0,0.0,0.0,0.0,0.0,0.0,0.0,0.0,0.0,0.0,0.0,0.0,0.0,0.0,0.0,0.0,0.0,0.0,0.0,0.0,0.0,0.0,0.0,0.0,0.0,0.0,0.0,0.0,0.0,0.0,0.0,0.0,0.0,0.0,0.0,0.0,0.0,bad
0.0,0.0,0.09721322099805574,0.33252991188787345,0.2414299132808981,0.6534191126963584,0.367948558915988,0.8693173714818665,0.45623265767214966,1.0,0.5712359644473572,0.3612341800491008,0.7420259288323601,0.4193037397405392,0.6495814955910769,0.49750748087410307,0.5427225738319654,0.5423403212314869,0.5894437917865939,0.16532748351421647,0.6800860822906102,0.22851375545518407,0.5023646593623529,0.2442781512042035,0.4457234474574315,0.22281893797126523,0.578340556055644,-0.03005881880795563,0.6666288007185354,0.01974546122714859,0.4940438245558407,0.042327717675028576,0.43730874932255887,0.01902307843856529,0.5438811060085134,-0.24563966697423767,0.6223788748473477,-0.1854623283014187,0.48748168338406817,-0.14296197507016534,0.42678776473272834,-0.15635756555010213,0.0,0.0,0.0,0.0,0.0,0.0,0.0,0.0,0.0,0.0,0.0,0.0,0.0,0.0,0.0,0.0,0.0,0.0,0.0,0.0,0.0,0.0,0.0,0.0,0.0,0.0,0.0,0.0,0.0,0.0,0.0,0.0,0.0,0.0,0.0,0.0,0.0,0.0,0.0,0.0,0.0,0.0,bad
0.0,0.0,0.09302756849210096,0.3075588060396883,0.25521851876827634,0.6150477253082068,0.3964025171498458,0.819042612539158,0.47442634608664735,1.0,0.5666945089841283,0.340525438171664,0.674307415967288,0.3477955014988873,0.5212929359187352,0.3441767154443634,0.4136207171363589,0.3488358335223546,0.5814073601804796,0.13637667743576853,0.6710254964106399,0.1454254816976355,0.4797595036813163,0.15330061733314534,0.37338708688642175,0.1493838929383709,0.56797745232067,-0.05858442505869876,0.6395690928819711,-0.04700283838377646,0.4673823419424844,-0.02200283838377646,0.37263886930560747,-0.024011623273520882,0.5337626669772746,-0.2524478761165025,0.6274426652607573,-0.23923406550965234,0.49975401695673766,-0.19041754280564735,0.4148765333709332,-0.17503693577160512,0.0,0.0,0.0,0.0,0.0,0.0,0.0,0.0,0.0,0.0,0.0,0.0,0.0,0.0,0.0,0.0,0.0,0.0,0.0,0.0,0.0,0.0,0.0,0.0,0.0,0.0,0.0,0.0,0.0,0.0,0.0,0.0,0.0,0.0,0.0,0.0,0.0,0.0,0.0,0.0,0.0,0.0,bad
0.0,0.0,0.08489480499753325,0.3163179183948157,0.24071915526115847,0.6098637173561803,0.3857922760665903,0.7977918685105941,0.45444778533698027,1.0,0.5731556546310705,0.33334473417102667,0.65588693511424,0.35289477568109345,0.5042351477383301,0.3715420432954955,0.43753004396172596,0.3965489664302334,0.5859476819390468,0.1295078157772169,0.6363811556799237,0.18147436686908902,0.4408287182694448,0.1989532881333231,0.40456126438930623,0.18322444335769233,0.5554730990767764,-0.062489859601557965,0.5983696610487841,-0.013543189223391702,0.4277889383036962,0.019533802501755754,0.39367638645563235,0.009365883970417413,0.5001177687372648,-0.24810502988193092,0.5653702716642383,-0.2145650108578608,0.44764435939483394,-0.15014457747178184,0.4007176492009186,-0.1371629992614844,0.0,0.0,0.0,0.0,0.0,0.0,0.0,0.0,0.0,0.0,0.0,0.0,0.0,0.0,0.0,0.0,0.0,0.0,0.0,0.0,0.0,0.0,0.0,0.0,0.0,0.0,0.0,0.0,0.0,0.0,0.0,0.0,0.0,0.0,0.0,0.0,0.0,0.0,0.0,0.0,0.0,0.0,bad
0.0,0.0,0.09620283104690514,0.3203980704850624,0.23333479267493906,0.6055726570175758,0.3528008555911357,0.811274153051199,0.42156640610785634,1.0,0.524795256267967,0.33447541028346855,0.6369684964157054,0.38487159310068775,0.48434159623921985,0.3857173478949092,0.4037181370765256,0.3676326939521851,0.5373944441159346,0.16389022188057203,0.6243249597449146,0.2084187142935119,0.45369826539245295,0.22368437511371492,0.3812443711109494,0.20261868427277027,0.5236477304774207,-0.009784601178996398,0.6054347776645682,0.03442520514173429,0.4445727843782977,0.07236960308940722,0.3671998664986718,0.061044733179287505,0.49184848736399694,-0.1906369684964157,0.5732480509260944,-0.1482079379844256,0.45878345493249884,-0.08731060778355955,0.3866670097067065,-0.07668195753429642,0.0,0.0,0.0,0.0,0.0,0.0,0.0,0.0,0.0,0.0,0.0,0.0,0.0,0.0,0.0,0.0,0.0,0.0,0.0,0.0,0.0,0.0,0.0,0.0,0.0,0.0,0.0,0.0,0.0,0.0,0.0,0.0,0.0,0.0,0.0,0.0,0.0,0.0,0.0,0.0,0.0,0.0,bad
0.0,0.0,0.08614050488138131,0.3122691170372233,0.22393953166193054,0.5922485037486309,0.3534289346205777,0.7956389110139211,0.42242606410190603,1.0,0.524888065920997,0.3145845072737686,0.6382729766938339,0.3705671192092895,0.46676352336124644,0.36566151411352765,0.3979919057948488,0.3428790431373725,0.5419110433357769,0.14163157582073937,0.6284942090731922,0.1967181960431022,0.435914675750202,0.21135686078186308,0.3949649418369589,0.18448028154960713,0.5303888840505401,-0.03032818039568978,0.6119871406300376,0.0284430507436414,0.439983262517209,0.05885053520148711,0.39441586934843204,0.03378987480339802,0.5012615113450949,-0.2049333759364368,0.5757861339586915,-0.16210629858815698,0.46296110986467554,-0.09967770829139831,0.4139888328345348,-0.09948132259565945,0.0,0.0,0.0,0.0,0.0,0.0,0.0,0.0,0.0,0.0,0.0,0.0,0.0,0.0,0.0,0.0,0.0,0.0,0.0,0.0,0.0,0.0,0.0,0.0,0.0,0.0,0.0,0.0,0.0,0.0,0.0,0.0,0.0,0.0,0.0,0.0,0.0,0.0,0.0,0.0,0.0,0.0,bad
0.0,0.0,0.08416352579474812,0.30551641504640115,0.23166234779015432,0.5928770652026253,0.36536387979294405,0.79919440969323,0.43253031976359196,1.0,0.5285364152623924,0.34693301033176815,0.6395081425837434,0.34645186153145713,0.4926909717386893,0.3354962767097266,0.42904533029884656,0.3442899602178328,0.5429411804828085,0.16371791322951737,0.6240661933428104,0.17321868369283552,0.43834915089883597,0.18558645303243107,0.3891980815434958,0.18443402634296788,0.5299903770239938,-0.010308748041158828,0.5940439860378747,0.0021408705922876365,0.42914053694273563,0.02809050713026713,0.3827174931834885,0.027291055520535932,0.5024502211351929,-0.18042426354108465,0.5719206618879563,-0.1675540304809044,0.4573124670684482,-0.12658817470959133,0.4061197125498272,-0.1207950635781442,0.0,0.0,0.0,0.0,0.0,0.0,0.0,0.0,0.0,0.0,0.0,0.0,0.0,0.0,0.0,0.0,0.0,0.0,0.0,0.0,0.0,0.0,0.0,0.0,0.0,0.0,0.0,0.0,0.0,0.0,0.0,0.0,0.0,0.0,0.0,0.0,0.0,0.0,0.0,0.0,0.0,0.0,bad
0.0,0.0,0.07942164293012899,0.3096140753463714,0.22756102323427463,0.5984242648354801,0.3639736841802111,0.7995224468966248,0.4383210013927432,1.0,0.5278645122345983,0.3397538910987696,0.6598047567537678,0.34237061254206164,0.52061280125704,0.3481235981849411,0.4417727639789833,0.35888855865476443,0.5403986252276599,0.1595079780340548,0.6373076050230915,0.1793744405699534,0.4455146814027885,0.19102930520660177,0.3907335920679299,0.18680384438600067,0.5276518280186759,-0.016266238591082987,0.5995412529620273,0.011863948916620876,0.42627230376317143,0.03614854084516128,0.3734153081948366,0.03232512087144945,0.4990405450706221,-0.19530574112025398,0.5700893129709437,-0.17054826160532952,0.44891359692928345,-0.1251022381809783,0.3962276703172897,-0.12080593062088239,0.0,0.0,0.0,0.0,0.0,0.0,0.0,0.0,0.0,0.0,0.0,0.0,0.0,0.0,0.0,0.0,0.0,0.0,0.0,0.0,0.0,0.0,0.0,0.0,0.0,0.0,0.0,0.0,0.0,0.0,0.0,0.0,0.0,0.0,0.0,0.0,0.0,0.0,0.0,0.0,0.0,0.0,bad
0.0,0.0,0.08409715801403156,0.2969455435078507,0.22995251960434573,0.5896226906642444,0.35924020517880484,0.8068105624858766,0.43797906328820835,1.0,0.5214803788096483,0.3053501488250097,0.6875722587498129,0.2887179493767993,0.6694617303956899,0.3345684146093042,0.6141371696796397,0.37818454187006895,0.522586841473778,0.12829899244947365,0.6435260228569977,0.13449181444602565,0.4657344172698965,0.15460057068977404,0.37406960279689094,0.15813451336984047,0.49081761609614105,-0.04251880065785351,0.5747114967480619,-0.03624061358929151,0.41280735886890996,-0.0019269951623128339,0.33843054173845255,0.007773075085432879,0.4393670308386319,-0.21745510161227213,0.5312155657927025,-0.21591353403261318,0.42322318241273954,-0.15642664092581418,0.3626443872393778,-0.13821161887150515,0.0,0.0,0.0,0.0,0.0,0.0,0.0,0.0,0.0,0.0,0.0,0.0,0.0,0.0,0.0,0.0,0.0,0.0,0.0,0.0,0.0,0.0,0.0,0.0,0.0,0.0,0.0,0.0,0.0,0.0,0.0,0.0,0.0,0.0,0.0,0.0,0.0,0.0,0.0,0.0,0.0,0.0,bad
0.0,0.0,0.0921941596993603,0.3019482903254817,0.232967902967328,0.5919034273102683,0.35782714396708176,0.791955617607296,0.4290582010269989,1.0,0.5312552061295587,0.297539831959038,0.6975383576568621,0.2894621303371582,0.679631630858324,0.34919554701770783,0.6286763567634349,0.4114907111591406,0.5370636618422585,0.12262655778453664,0.649028066290523,0.1570742178458381,0.4918416540490972,0.17168573185097163,0.4127830844465543,0.16489214742432037,0.5127627390765266,-0.05280021583783855,0.597628437519811,-0.011250989625335588,0.4488060363828291,0.016179286939009593,0.3724348247865579,0.01651793414881901,0.47149274569614336,-0.24463022289974598,0.5593400728600135,-0.2028563130356324,0.4501806757316593,-0.1428662203462546,0.382880403133187,-0.13044935256019943,0.0,0.0,0.0,0.0,0.0,0.0,0.0,0.0,0.0,0.0,0.0,0.0,0.0,0.0,0.0,0.0,0.0,0.0,0.0,0.0,0.0,0.0,0.0,0.0,0.0,0.0,0.0,0.0,0.0,0.0,0.0,0.0,0.0,0.0,0.0,0.0,0.0,0.0,0.0,0.0,0.0,0.0,bad
0.0,0.0,0.08204029007203731,0.30369749139878727,0.22873903817496344,0.5938942834840691,0.34202897057847303,0.8182832139578855,0.4067302057652733,1.0,0.5126796354413458,0.3519183623016227,0.6480078149142625,0.3489688845549001,0.5501046395044603,0.366536418095624,0.4954289962161531,0.3744737980620661,0.5157158120391798,0.16849764339360476,0.6338152416007984,0.1761136939547724,0.48786716820378295,0.20317231954621306,0.4313655555479253,0.19639636082287798,0.48959384878804735,-0.012806822369791488,0.5564443856914276,0.010590708172239428,0.4065533744451846,0.047449737557141124,0.3495341438960575,0.04505936725289969,0.44476582153885597,-0.19538888011408767,0.5157507204874822,-0.1758959453551162,0.4114930629473718,-0.12057936006519296,0.35766766928308347,-0.10656347500440648,0.0,0.0,0.0,0.0,0.0,0.0,0.0,0.0,0.0,0.0,0.0,0.0,0.0,0.0,0.0,0.0,0.0,0.0,0.0,0.0,0.0,0.0,0.0,0.0,0.0,0.0,0.0,0.0,0.0,0.0,0.0,0.0,0.0,0.0,0.0,0.0,0.0,0.0,0.0,0.0,0.0,0.0,bad
0.0,0.0,0.09360639245747158,0.299803822109448,0.24762374158027012,0.5800446348585292,0.37304639265116774,0.794451149828821,0.45328911209680933,1.0,0.5348905798294505,0.2753772232687195,0.7542952123152018,0.23841666707020032,0.765430320228174,0.2758847677340939,0.69376440615179,0.2974516243844094,0.5360367163174486,0.09350409667375272,0.651921950132924,0.0973241481000828,0.4827045976204427,0.1311640775946811,0.3719774319763303,0.14442257964543917,0.5073317022502651,-0.08271824714661347,0.5862709070791103,-0.07187746659951867,0.43027815978964595,-0.026041237912149108,0.33789946806192467,-0.004585453902735474,0.46350840036027485,-0.26163251359504913,0.5730275375407368,-0.26971372918371594,0.4670285253911452,-0.2025582117486405,0.3856042593785259,-0.1663330956520055,0.0,0.0,0.0,0.0,0.0,0.0,0.0,0.0,0.0,0.0,0.0,0.0,0.0,0.0,0.0,0.0,0.0,0.0,0.0,0.0,0.0,0.0,0.0,0.0,0.0,0.0,0.0,0.0,0.0,0.0,0.0,0.0,0.0,0.0,0.0,0.0,0.0,0.0,0.0,0.0,0.0,0.0,bad
0.0,0.0,0.08672759278143491,0.3129911178862092,0.23295683761513228,0.5994111437755777,0.3761804372526214,0.8067915547506394,0.4557037981525084,1.0,0.5039737343846348,0.3178748620801376,0.660347162396812,0.3227484535805415,0.5242423925718116,0.31968592343973257,0.41102298838561724,0.32193384922951507,0.5108901075438992,0.12648613784073112,0.640427876310332,0.11012805831229387,0.4718831604140507,0.1374591092803084,0.3719606493543335,0.15818493728472183,0.4939003214521935,-0.05899894441848208,0.5988623011079873,-0.06914357550991157,0.44598841697112307,-0.019715485694406912,0.35511971966621525,0.008719372085766371,0.4593117369616273,-0.24424409464102018,0.5722692613766157,-0.26338072750021274,0.46470714704832833,-0.2021492356365515,0.383612806129838,-0.16609955910435326,0.0,0.0,0.0,0.0,0.0,0.0,0.0,0.0,0.0,0.0,0.0,0.0,0.0,0.0,0.0,0.0,0.0,0.0,0.0,0.0,0.0,0.0,0.0,0.0,0.0,0.0,0.0,0.0,0.0,0.0,0.0,0.0,0.0,0.0,0.0,0.0,0.0,0.0,0.0,0.0,0.0,0.0,bad
0.0,0.0,0.08604814419224142,0.29545006139728713,0.2309665615339429,0.5742596973899027,0.3374970027951555,0.8058683174907653,0.3957486919890653,1.0,0.5056554251224173,0.32867613811343493,0.5836112559643678,0.3722413838395186,0.4540283271488911,0.3594398957727255,0.3938092419544961,0.3650922468388921,0.5294108934492979,0.16580425415849945,0.5492526689794748,0.19231910715992415,0.40326503898182786,0.18436205228466654,0.357419402437,0.18454705457903034,0.5222863488986774,-0.003063716243369121,0.5319138738865629,0.029453930236808527,0.3978773362128857,0.042127705239365584,0.3510753887144129,0.050190675325444745,0.5014955283659938,-0.17628720516307309,0.5127467139735977,-0.1477740758688261,0.41255595481025525,-0.1110919215478488,0.3682741745180858,-0.08715173038626355,0.0,0.0,0.0,0.0,0.0,0.0,0.0,0.0,0.0,0.0,0.0,0.0,0.0,0.0,0.0,0.0,0.0,0.0,0.0,0.0,0.0,0.0,0.0,0.0,0.0,0.0,0.0,0.0,0.0,0.0,0.0,0.0,0.0,0.0,0.0,0.0,0.0,0.0,0.0,0.0,0.0,0.0,bad
0.0,0.0,0.06808879286558533,0.3021275052113652,0.19666255546269326,0.5911753263779912,0.30322661912218274,0.8148724279506268,0.37081069933693267,1.0,0.5188097578921692,0.341927825234033,0.6448855213450321,0.3437281669647718,0.5202497742074983,0.34560820016669513,0.44036521544403573,0.35629142742563413,0.5329938400492202,0.18321040662073315,0.5891119171025895,0.21007443012029128,0.4235080414121443,0.21724209240668815,0.3783406864663316,0.21375451942044021,0.5172884791268328,0.02098599201028734,0.5526103669749404,0.04772919295675924,0.40067514957146555,0.0708657121589762,0.3547422994902602,0.07436185412062032,0.4904415935780671,-0.15153461780370306,0.5413096022224495,-0.1312312874999786,0.42944062871143746,-0.08421074880848398,0.3767312900706712,-0.06699567723754514,0.0,0.0,0.0,0.0,0.0,0.0,0.0,0.0,0.0,0.0,0.0,0.0,0.0,0.0,0.0,0.0,0.0,0.0,0.0,0.0,0.0,0.0,0.0,0.0,0.0,0.0,0.0,0.0,0.0,0.0,0.0,0.0,0.0,0.0,0.0,0.0,0.0,0.0,0.0,0.0,0.0,0.0,bad
0.0,0.0,0.07474942931086119,0.29517137666636223,0.2292628878038656,0.5810472642575185,0.3732140077443191,0.7948137761612003,0.4581308523515002,1.0,0.5388815069409697,0.3377712006122145,0.717068058188293,0.33150006812160665,0.6010642445920699,0.3524354005383579,0.4963945615593263,0.3510028744587063,0.5503822244177575,0.1591681820816203,0.6780531906855765,0.17029855469922262,0.49704422017752886,0.19414384795136025,0.4194666063029327,0.18433221253819893,0.5329213973759375,-0.020671645663263218,0.6131900422900147,-0.011054816804462466,0.449461353808453,0.029375736024374488,0.38355468556795974,0.03580131794826824,0.4987861002792531,-0.21021569212310925,0.5792902123057662,-0.19516521689525082,0.45572262459654256,-0.13138882811720073,0.392014053988118,-0.11150369115939333,0.0,0.0,0.0,0.0,0.0,0.0,0.0,0.0,0.0,0.0,0.0,0.0,0.0,0.0,0.0,0.0,0.0,0.0,0.0,0.0,0.0,0.0,0.0,0.0,0.0,0.0,0.0,0.0,0.0,0.0,0.0,0.0,0.0,0.0,0.0,0.0,0.0,0.0,0.0,0.0,0.0,0.0,bad
0.0,0.0,0.06165147630901499,0.28706878645232664,0.22309871409667764,0.5785661582148727,0.36740230769025045,0.7988757223604185,0.45749755659647634,1.0,0.5156365939088602,0.33685924361320024,0.7181013632839581,0.3418990884002445,0.827400471237374,0.3305110004418779,0.8937311878729923,0.3150996543130047,0.527270582313057,0.14603752604241732,0.6128056037368548,0.1406214758603024,0.4372173816401664,0.14761247753836865,0.3637236073045656,0.15329032626160302,0.5064974178224483,-0.03803418714524589,0.5668822468198609,-0.05105933317742304,0.408630229024692,-0.014950747106472368,0.3412609358837246,0.0019755240651102776,0.46854138393068073,-0.22290630256957794,0.5406487552088549,-0.23241529509687883,0.4210461957046615,-0.1751901753931361,0.3546139987037852,-0.14980552320631596,0.0,0.0,0.0,0.0,0.0,0.0,0.0,0.0,0.0,0.0,0.0,0.0,0.0,0.0,0.0,0.0,0.0,0.0,0.0,0.0,0.0,0.0,0.0,0.0,0.0,0.0,0.0,0.0,0.0,0.0,0.0,0.0,0.0,0.0,0.0,0.0,0.0,0.0,0.0,0.0,0.0,0.0,bad
0.0,0.0,0.06881212023481438,0.2980726977263254,0.2248958160709977,0.5794167604101367,0.3669780903584903,0.791338490141539,0.45743312577373696,1.0,0.5184502322586826,0.32896326614646354,0.7153491556244743,0.34883787353214984,0.8373802446384735,0.35052034691976464,0.9337096559691508,0.34821248731450766,0.530288239972176,0.13900205377785937,0.6332413303529802,0.14599614474090952,0.45955771329998935,0.16469763230920142,0.361165747281489,0.1673351436409795,0.5094092063872699,-0.04745050984447757,0.6001940422888421,-0.04136028345288167,0.4409761261340332,0.006542158677323026,0.3495712593677768,0.022591258933398153,0.4708442684186208,-0.23716939249173566,0.5685476253026146,-0.22844076220953533,0.45600294901436217,-0.15776230146888406,0.3770927157381625,-0.12872185873590464,0.0,0.0,0.0,0.0,0.0,0.0,0.0,0.0,0.0,0.0,0.0,0.0,0.0,0.0,0.0,0.0,0.0,0.0,0.0,0.0,0.0,0.0,0.0,0.0,0.0,0.0,0.0,0.0,0.0,0.0,0.0,0.0,0.0,0.0,0.0,0.0,0.0,0.0,0.0,0.0,0.0,0.0,bad
0.0,0.0,0.061661958312225915,0.284763479089458,0.21776390452222277,0.5811402873236106,0.34248018607756786,0.8026936733395081,0.4235594695885126,1.0,0.5319807778580213,0.3038015953149072,0.7370063328043438,0.3044690147000351,0.8525678402969451,0.3219456651647074,0.9351315016153694,0.3497828206308229,0.5459426813392669,0.12140222407439394,0.5546071064659984,0.19017829921949897,0.3742585356070995,0.18947987077045061,0.3244576891465958,0.17364032499817422,0.5173520346003192,-0.05035176450267837,0.5230016252227147,0.009752495505134753,0.36519997658380965,0.03410214559537982,0.32243891214407683,0.034163873918884924,0.4737631440756459,-0.2271463198906626,0.5224612850387932,-0.1812818857220359,0.40232492630275746,-0.1191278396477834,0.34683985760174163,-0.09742149490350095,0.0,0.0,0.0,0.0,0.0,0.0,0.0,0.0,0.0,0.0,0.0,0.0,0.0,0.0,0.0,0.0,0.0,0.0,0.0,0.0,0.0,0.0,0.0,0.0,0.0,0.0,0.0,0.0,0.0,0.0,0.0,0.0,0.0,0.0,0.0,0.0,0.0,0.0,0.0,0.0,0.0,0.0,bad
0.0,0.0,0.044359873769134674,0.2985998858352373,0.17300508939846582,0.5871079681750896,0.30526773501008475,0.8059876904287732,0.3779274491688596,1.0,0.46723849787190896,0.33091794739552105,0.5353552057804314,0.3952281275764391,0.395871540069092,0.3834396696283036,0.3617115054750788,0.36812148124966637,0.4912420487858061,0.15983377474970323,0.5208938180148154,0.23193975309116205,0.33494266482925983,0.22522120481954935,0.3412125472779669,0.19274469092898538,0.4860309159985166,-0.007781110957021006,0.5234481204192519,0.054981546376116124,0.3458251765218273,0.0667355458852246,0.3346431306113238,0.03833218895539242,0.4710602776954761,-0.18497487782082572,0.5216391935934418,-0.13419019985047298,0.396151726720853,-0.09387919266701822,0.3620617387897801,-0.10281805068610424,0.0,0.0,0.0,0.0,0.0,0.0,0.0,0.0,0.0,0.0,0.0,0.0,0.0,0.0,0.0,0.0,0.0,0.0,0.0,0.0,0.0,0.0,0.0,0.0,0.0,0.0,0.0,0.0,0.0,0.0,0.0,0.0,0.0,0.0,0.0,0.0,0.0,0.0,0.0,0.0,0.0,0.0,bad
0.0,0.0,0.05570823845181923,0.2960160471706868,0.19804264492779486,0.5893983024834567,0.33132753217643324,0.8051213888512139,0.4094222875784334,1.0,0.51615610299314,0.35257118790465924,0.58661774468723,0.372467680798361,0.4347184249787632,0.3615644563735393,0.3791094105805678,0.3592793050033194,0.5330620257411466,0.1629838600298386,0.5877057828349526,0.22227872679120833,0.3843986950966185,0.22030052752932106,0.36665200910862533,0.1991345378229243,0.5217187890382405,-0.01586699693761734,0.5746661717361354,0.038714513123987236,0.39081585015026377,0.055077773098146154,0.3663149328631493,0.03468872914688729,0.4940705418775475,-0.19845638781614283,0.5521091892895129,-0.15609100059248895,0.4235052503087367,-0.11305974144638689,0.38622484598856427,-0.11919821253935055,0.0,0.0,0.0,0.0,0.0,0.0,0.0,0.0,0.0,0.0,0.0,0.0,0.0,0.0,0.0,0.0,0.0,0.0,0.0,0.0,0.0,0.0,0.0,0.0,0.0,0.0,0.0,0.0,0.0,0.0,0.0,0.0,0.0,0.0,0.0,0.0,0.0,0.0,0.0,0.0,0.0,0.0,bad
0.0,0.0,0.05887789697377316,0.2961953199466181,0.19088195015299636,0.571008086602204,0.3196584346127075,0.8010741096734866,0.4123073372679751,1.0,0.503496854892118,0.3072147220081963,0.5997422526182031,0.32591300324374595,0.49355187745861423,0.3307255093459911,0.4019629401526155,0.3276120400839841,0.5194364202605133,0.11771370456171636,0.604823901731878,0.12719326501109357,0.4518543237681625,0.15750850305806588,0.35721662605184096,0.16562230588561364,0.49946042552655395,-0.06802904568473561,0.5798938144923204,-0.0546323091296459,0.43467698686954326,-0.010275822911915505,0.3454245831218127,0.001473414826401326,0.45315623150536555,-0.25159860927506905,0.5501318943917182,-0.24790276034790457,0.4509651497022104,-0.1833141640518278,0.37628884427986636,-0.1498090086747083,0.0,0.0,0.0,0.0,0.0,0.0,0.0,0.0,0.0,0.0,0.0,0.0,0.0,0.0,0.0,0.0,0.0,0.0,0.0,0.0,0.0,0.0,0.0,0.0,0.0,0.0,0.0,0.0,0.0,0.0,0.0,0.0,0.0,0.0,0.0,0.0,0.0,0.0,0.0,0.0,0.0,0.0,bad
0.0,0.0,0.07145829031261121,0.28659701420164546,0.22151178231333465,0.5628860543748486,0.34484602691961597,0.7677959484303114,0.4381867117454165,0.9631358044714798,0.5328154404750658,0.2962133125551954,0.7410368502616914,0.30669378748724707,0.887439119582141,0.29633899576606426,1.0,0.2849954589624809,0.5399759000353084,0.11256868336664914,0.6285747607490496,0.11324976932532639,0.4738485564684077,0.1434407715778705,0.36278068669850827,0.1588075645129692,0.5096652061218592,-0.06949947148955785,0.5876640395810151,-0.06786726180871795,0.44480263695080824,-0.014347672087765339,0.3433757284261703,0.0129640420612381,0.4593745044779172,-0.2515082681996117,0.5533808087031862,-0.26001877723890987,0.455103086707203,-0.19017848409327087,0.3710713197879716,-0.15027838413192335,0.0,0.0,0.0,0.0,0.0,0.0,0.0,0.0,0.0,0.0,0.0,0.0,0.0,0.0,0.0,0.0,0.0,0.0,0.0,0.0,0.0,0.0,0.0,0.0,0.0,0.0,0.0,0.0,0.0,0.0,0.0,0.0,0.0,0.0,0.0,0.0,0.0,0.0,0.0,0.0,0.0,0.0,bad
0.0,0.0,0.06419208966946681,0.31222547421991753,0.1883966918985746,0.604832152237804,0.3018063727092156,0.8190838413502708,0.38211676062625943,1.0,0.5059207560045331,0.34205981435548966,0.6172955534162777,0.3729194200021491,0.5630830470602962,0.36252441306180505,0.5404291658404352,0.3438693996740863,0.5217020072161853,0.16716591354978935,0.5607201174707237,0.25112330548702605,0.39901979410497257,0.254519255162054,0.3401927621018441,0.21447269448195566,0.4992497449298931,-0.012071102800176804,0.5525131467730446,0.06791400841703658,0.40077288181031645,0.09166433106272011,0.336265070184437,0.06351965729212479,0.4615380035072832,-0.20125363772622587,0.5518285286359814,-0.15593119698502148,0.4453461752777522,-0.09024025886984834,0.37575233218824117,-0.07191592268910914,0.0,0.0,0.0,0.0,0.0,0.0,0.0,0.0,0.0,0.0,0.0,0.0,0.0,0.0,0.0,0.0,0.0,0.0,0.0,0.0,0.0,0.0,0.0,0.0,0.0,0.0,0.0,0.0,0.0,0.0,0.0,0.0,0.0,0.0,0.0,0.0,0.0,0.0,0.0,0.0,0.0,0.0,bad
0.0,0.0,0.062481033801182674,0.3029142506629188,0.20487791614552178,0.5955376566921484,0.3263425955537172,0.8022584463509809,0.40610995478542733,1.0,0.5233345176788219,0.3195718210678438,0.7113422729346249,0.29396009159564584,0.8287048998936907,0.2834021352593928,0.9163831892066585,0.27811991681217396,0.5409026065086782,0.13543464962862176,0.599140987924466,0.24118975158893424,0.42827895816292516,0.25590907156987575,0.35551510998493413,0.2148471278588771,0.5207035519375883,-0.04622694858409666,0.571588331275991,0.052621568931865946,0.4193874914520029,0.07886529370875864,0.3597929827952451,0.04334676311615668,0.4853244942276541,-0.23297268557430567,0.5763089952683472,-0.16792619602223338,0.46765778820803267,-0.09620078685246897,0.39719693317445637,-0.09148322225750526,0.0,0.0,0.0,0.0,0.0,0.0,0.0,0.0,0.0,0.0,0.0,0.0,0.0,0.0,0.0,0.0,0.0,0.0,0.0,0.0,0.0,0.0,0.0,0.0,0.0,0.0,0.0,0.0,0.0,0.0,0.0,0.0,0.0,0.0,0.0,0.0,0.0,0.0,0.0,0.0,0.0,0.0,bad
0.0,0.0,0.07381821607809001,0.2988365440052914,0.2111228887175505,0.5900991012792055,0.328084317529519,0.8076879233998394,0.4090048972441225,1.0,0.5041505304455094,0.36332695071909477,0.6460349187871622,0.43061138778872493,0.6526401142223341,0.4845758372408648,0.6267015307012351,0.530955038140492,0.5255614498523465,0.1881232284949345,0.6149450134716102,0.2425268889713535,0.4608164161094583,0.24320781713219647,0.3493279576907114,0.22771951692830258,0.5147521616516312,0.0025929656467760017,0.5966570520013218,0.06439701600194912,0.45091054570665046,0.07223799029780376,0.34621736028955513,0.05761520224994705,0.4835860330344922,-0.19493910238890694,0.5832056306908249,-0.16094213648832795,0.48221209085597805,-0.11051554694407736,0.3940676022401685,-0.09206758521009752,0.0,0.0,0.0,0.0,0.0,0.0,0.0,0.0,0.0,0.0,0.0,0.0,0.0,0.0,0.0,0.0,0.0,0.0,0.0,0.0,0.0,0.0,0.0,0.0,0.0,0.0,0.0,0.0,0.0,0.0,0.0,0.0,0.0,0.0,0.0,0.0,0.0,0.0,0.0,0.0,0.0,0.0,bad
0.0,0.0,0.052740584314451514,0.29050034417649523,0.19220773976850902,0.5767785519536205,0.3148004957460005,0.7821186988645197,0.4058233674140397,0.9646267319384251,0.5418701831084879,0.3167489522256655,0.7452425084615778,0.2863622604567302,0.886954227547634,0.2635620097270375,1.0,0.2484674120070077,0.5601663364073907,0.12280343704042275,0.5568045039051535,0.20890277192552603,0.3692189748100162,0.20232468835958287,0.3371442250590154,0.17544678394121366,0.5295925862240405,-0.06094890530998683,0.5223975669770756,0.011504229827494236,0.3576885128553904,0.041060283350922135,0.3258012335417437,0.038482393161078446,0.48285572549823186,-0.24813477215406143,0.5303074460236216,-0.20384120745794482,0.3995022488212024,-0.12541456374736512,0.3368415255396539,-0.09215195186253597,0.0,0.0,0.0,0.0,0.0,0.0,0.0,0.0,0.0,0.0,0.0,0.0,0.0,0.0,0.0,0.0,0.0,0.0,0.0,0.0,0.0,0.0,0.0,0.0,0.0,0.0,0.0,0.0,0.0,0.0,0.0,0.0,0.0,0.0,0.0,0.0,0.0,0.0,0.0,0.0,0.0,0.0,bad
0.0,0.0,0.06359374430449377,0.29282302702141455,0.20559424357602127,0.5839726107593014,0.31583107722250386,0.8115299689943545,0.4071178225575736,1.0,0.523047124825614,0.32376792047885883,0.6686783885017326,0.3900503579401294,0.6818455704563806,0.4534387878747712,0.6795657110918913,0.5107246727396642,0.5523414950973082,0.1534078043209079,0.5408197276319175,0.23553741830227798,0.3875614562380774,0.2309318593777442,0.34125609315611405,0.19903012087452046,0.5325313508277193,-0.022687583050836225,0.5237428740587572,0.05891735399345424,0.3779499270422912,0.06702112735952742,0.335920819070405,0.04926191762240713,0.4942775695638775,-0.21022976431511986,0.5317269382394493,-0.14986015978898046,0.41801481024920495,-0.09929842409139762,0.3607952003658379,-0.08891341063205345,0.0,0.0,0.0,0.0,0.0,0.0,0.0,0.0,0.0,0.0,0.0,0.0,0.0,0.0,0.0,0.0,0.0,0.0,0.0,0.0,0.0,0.0,0.0,0.0,0.0,0.0,0.0,0.0,0.0,0.0,0.0,0.0,0.0,0.0,0.0,0.0,0.0,0.0,0.0,0.0,0.0,0.0,bad
0.0,0.0,0.07842647784680876,0.29261183742017594,0.21984737244399083,0.5794897106820273,0.34684409163557056,0.7972208353899292,0.4357411138740532,1.0,0.572161606849649,0.3052758317185686,0.6170101075238908,0.4081352354964227,0.4446850704909746,0.3987934890187008,0.3413374765164905,0.37260265263252307,0.5932725687915335,0.12415301129621026,0.5745135766545177,0.23632776522138715,0.3852584158171353,0.22266525167198045,0.30875290962776347,0.1799568405806398,0.5685558113508195,-0.05577970360610771,0.5587254489292031,0.051158358965683916,0.3915654357934808,0.05243985823183755,0.32351413495109727,0.016339896180110395,0.5225057099803958,-0.24390407970897052,0.5778751351392776,-0.17656079656745524,0.46010308192768146,-0.11817041073541595,0.3890101007119346,-0.10310406653918848,0.0,0.0,0.0,0.0,0.0,0.0,0.0,0.0,0.0,0.0,0.0,0.0,0.0,0.0,0.0,0.0,0.0,0.0,0.0,0.0,0.0,0.0,0.0,0.0,0.0,0.0,0.0,0.0,0.0,0.0,0.0,0.0,0.0,0.0,0.0,0.0,0.0,0.0,0.0,0.0,0.0,0.0,bad
0.0,0.0,0.07381805932089344,0.30349795895363163,0.21251676430026442,0.5855146093831772,0.33744099426390634,0.7924614133541598,0.4191547370794116,1.0,0.5347609778849262,0.3069971831374719,0.6041919233454527,0.39662781643119965,0.46500667984039695,0.4113542334027676,0.3584110347627751,0.3919924730304679,0.5523949801416368,0.11840771928452382,0.6306950455885448,0.18300548534805908,0.44807761209652097,0.21003252791845475,0.341362489029879,0.19958402681367876,0.5371568638163714,-0.07170433410359014,0.5881048087949602,0.0059681484046022176,0.42326486616739917,0.03857916947988686,0.33486452547541024,0.02122251143595577,0.4997625536716406,-0.2664183748232991,0.5742338599758225,-0.22493492690995126,0.4654683450903892,-0.1542145968458961,0.3902938295872934,-0.1298793315443745,0.0,0.0,0.0,0.0,0.0,0.0,0.0,0.0,0.0,0.0,0.0,0.0,0.0,0.0,0.0,0.0,0.0,0.0,0.0,0.0,0.0,0.0,0.0,0.0,0.0,0.0,0.0,0.0,0.0,0.0,0.0,0.0,0.0,0.0,0.0,0.0,0.0,0.0,0.0,0.0,0.0,0.0,bad
0.0,0.0,0.09434555649725364,0.301378507053473,0.23758565014218097,0.5771878849769825,0.35835423208380807,0.7924316998731024,0.44367844638341625,1.0,0.5428425832013413,0.28070842711719973,0.6653803225238744,0.33660332203295634,0.5829581978677485,0.3958295704004224,0.4846579436092663,0.4215697682496457,0.554994975037282,0.09691144255796075,0.682682288048462,0.15299361575013198,0.5217633566750957,0.21418643074814053,0.40212206259667843,0.2212902691712748,0.5367182651605672,-0.08786564129639407,0.633356316169728,-0.013931246005501987,0.48377307546243553,0.040721012680505,0.3805025657413325,0.03363019979437019,0.4963294036735488,-0.27918067635535054,0.6090094165948815,-0.24562457739368845,0.5129892102240624,-0.1587144316003001,0.4251160430618464,-0.12497886968442308,0.0,0.0,0.0,0.0,0.0,0.0,0.0,0.0,0.0,0.0,0.0,0.0,0.0,0.0,0.0,0.0,0.0,0.0,0.0,0.0,0.0,0.0,0.0,0.0,0.0,0.0,0.0,0.0,0.0,0.0,0.0,0.0,0.0,0.0,0.0,0.0,0.0,0.0,0.0,0.0,0.0,0.0,bad
0.0,0.0,0.0962662873316273,0.3070736696998805,0.24298960983729168,0.5904554220224522,0.3646969108147149,0.8068180584987424,0.46123523416361756,1.0,0.5351881154723235,0.337872839660065,0.7114184735186503,0.4000261037256469,0.7520452562344643,0.47289714692144685,0.761617697739388,0.536757711964452,0.5519648919555064,0.15274785707476957,0.6442290968550877,0.2052785252861511,0.4875513092191613,0.22848913689057698,0.38335462204591614,0.2197757719296959,0.534952888641213,-0.037590538132703716,0.6318258676189149,0.015644930671144384,0.48795034426121325,0.05428167093174169,0.3903313560005573,0.05316243703209438,0.49969496770030575,-0.23352070333409103,0.6223993430073546,-0.20939851443404042,0.5278987234104957,-0.12807279713152317,0.4371211110214916,-0.09345339091795658,0.0,0.0,0.0,0.0,0.0,0.0,0.0,0.0,0.0,0.0,0.0,0.0,0.0,0.0,0.0,0.0,0.0,0.0,0.0,0.0,0.0,0.0,0.0,0.0,0.0,0.0,0.0,0.0,0.0,0.0,0.0,0.0,0.0,0.0,0.0,0.0,0.0,0.0,0.0,0.0,0.0,0.0,bad
0.0,0.0,0.08773613089706056,0.30589736570304976,0.2323972375424078,0.595341055520585,0.35519780040302307,0.7988127849104067,0.4435157399286369,1.0,0.5282908078305281,0.32305810472206575,0.6701036095965294,0.3738306431223071,0.6744673196175291,0.45042101206802454,0.6537510672788154,0.5147686976495746,0.5446240243371537,0.13811270813026702,0.6223989347264192,0.20778065872826282,0.45640910736839413,0.2320332438824363,0.3571427325941283,0.21671296142916843,0.5277819432408194,-0.0464255386670247,0.599712902725201,0.019717267742983567,0.45337611748233214,0.05270017907616229,0.3675452500062482,0.0419192826258924,0.4935505554499659,-0.23591845844543757,0.6024295595981859,-0.2111889762086188,0.5047846639662842,-0.1355059032360998,0.4228910309056046,-0.10619373355489722,0.0,0.0,0.0,0.0,0.0,0.0,0.0,0.0,0.0,0.0,0.0,0.0,0.0,0.0,0.0,0.0,0.0,0.0,0.0,0.0,0.0,0.0,0.0,0.0,0.0,0.0,0.0,0.0,0.0,0.0,0.0,0.0,0.0,0.0,0.0,0.0,0.0,0.0,0.0,0.0,0.0,0.0,bad
0.0,0.0,0.0806268158305238,0.31581588738064986,0.19990179526917215,0.6162238493664964,0.3071450767314178,0.8319300199111569,0.3999807756287889,1.0,0.5423200748033513,0.31318639871514775,0.5929731967793127,0.4224154479503668,0.4391400879648681,0.41863418582958367,0.37334840696670946,0.3777327176280447,0.5579012447147053,0.15517304467316037,0.5649053333415898,0.27026651227122855,0.3978013567958856,0.2676083137102136,0.3496673874163965,0.21931123271847244,0.5373472112840022,-0.008560333845420293,0.553794040838982,0.1060943227026032,0.39819963622873567,0.12086556394397405,0.344251350068763,0.0798574187777353,0.4986745598238226,-0.1845930878956266,0.552790179639505,-0.10397823452156647,0.44522461552664927,-0.044016210395121345,0.3850908949662546,-0.0422879872730722,0.0,0.0,0.0,0.0,0.0,0.0,0.0,0.0,0.0,0.0,0.0,0.0,0.0,0.0,0.0,0.0,0.0,0.0,0.0,0.0,0.0,0.0,0.0,0.0,0.0,0.0,0.0,0.0,0.0,0.0,0.0,0.0,0.0,0.0,0.0,0.0,0.0,0.0,0.0,0.0,0.0,0.0,bad
0.0,0.0,0.07788341221570734,0.3213519600594723,0.20009571865109038,0.6065573724529348,0.31562313991380836,0.8127528420504875,0.39115676298250796,1.0,0.5368818205496785,0.33010345969372834,0.5912979017316553,0.418436017801314,0.43434300529088066,0.41654014926390004,0.35983652129151206,0.38953453651733827,0.5544163615529524,0.1715309629088825,0.5768149184274665,0.2695009929338103,0.39544349501486387,0.26930501362182385,0.3386922039766137,0.23214212116904603,0.539167544928748,0.0044203288022579956,0.5750994686128899,0.1069920876506959,0.40585352915563755,0.12440901302968035,0.3425732392071894,0.08947506983340077,0.504289956298576,-0.17532914851615064,0.5705700755011001,-0.10662732501136203,0.45119091777476283,-0.04341628669390191,0.3813017231880535,-0.03412030662491382,0.0,0.0,0.0,0.0,0.0,0.0,0.0,0.0,0.0,0.0,0.0,0.0,0.0,0.0,0.0,0.0,0.0,0.0,0.0,0.0,0.0,0.0,0.0,0.0,0.0,0.0,0.0,0.0,0.0,0.0,0.0,0.0,0.0,0.0,0.0,0.0,0.0,0.0,0.0,0.0,0.0,0.0,bad
0.0,0.0,0.07139566492878921,0.30985664064463975,0.19810362525117686,0.5994674513760566,0.31226940734970204,0.8180219719382409,0.3915438486877227,1.0,0.536660241660815,0.354889679900258,0.5962506644853283,0.41954657385433125,0.4389379646101187,0.3906622934446298,0.38093538632230745,0.3643218408206683,0.5600268223280628,0.18674876438211763,0.5660413678483442,0.2593639470174283,0.3841393213182711,0.24521584686642559,0.3602907239825395,0.2246014076637967,0.5440409012257036,0.010313998622728816,0.5628949133047899,0.08781035913560697,0.3945719528157513,0.09847093522814514,0.35863508923169396,0.08208632292885361,0.5116768643862415,-0.17285064064576958,0.560860359502804,-0.11816370997764618,0.44136527796529934,-0.06338695727578246,0.38791791960871486,-0.048573100730044116,0.0,0.0,0.0,0.0,0.0,0.0,0.0,0.0,0.0,0.0,0.0,0.0,0.0,0.0,0.0,0.0,0.0,0.0,0.0,0.0,0.0,0.0,0.0,0.0,0.0,0.0,0.0,0.0,0.0,0.0,0.0,0.0,0.0,0.0,0.0,0.0,0.0,0.0,0.0,0.0,0.0,0.0,bad
0.0,0.0,0.08744254479117254,0.3134970274094742,0.20498204852050594,0.5813444081234642,0.318677286894516,0.8080490238533279,0.39874668225493887,1.0,0.5264109581650607,0.33321022271542994,0.6274239375826297,0.3950780432356455,0.4645613603120639,0.38565419805772194,0.3922816529881874,0.3652086524093666,0.535660898833778,0.16254848736078673,0.6017579564900101,0.2219704528777609,0.41340516794842325,0.229935049822494,0.3592187038604218,0.2067033014020549,0.5137084677434398,-0.009996065625707564,0.5814244730707719,0.052676995905782786,0.4135802203421786,0.08331231269752581,0.3516488357150503,0.06737077904915557,0.4753494662767303,-0.18962851873247144,0.5716307220968636,-0.16431450773975506,0.45701574122779454,-0.08830360168865296,0.38172283696222686,-0.05783673695450733,0.0,0.0,0.0,0.0,0.0,0.0,0.0,0.0,0.0,0.0,0.0,0.0,0.0,0.0,0.0,0.0,0.0,0.0,0.0,0.0,0.0,0.0,0.0,0.0,0.0,0.0,0.0,0.0,0.0,0.0,0.0,0.0,0.0,0.0,0.0,0.0,0.0,0.0,0.0,0.0,0.0,0.0,bad
0.0,0.0,0.09360007103911663,0.3147507035660085,0.2202403720012771,0.597672606805099,0.33535405901476906,0.8072638646256524,0.4102917058095456,1.0,0.5297874315364824,0.33314213312190194,0.6210133534572514,0.4152538110962985,0.4626521615059373,0.42488116322530234,0.39183489842584557,0.4070581615524921,0.543530425691561,0.17212243442316497,0.5858823262321996,0.26388732828262074,0.40982702032575113,0.2684275669706041,0.36203424763626824,0.230651827001359,0.5266757343079563,-0.0007908561851592043,0.5797738818020601,0.09833486264764972,0.4162949709650601,0.1160227980388376,0.3582726516930846,0.08138145792843383,0.49370691708913195,-0.19011470001060413,0.5917337136646557,-0.1458281905170251,0.4785702975452709,-0.07714583681176905,0.40258057062917607,-0.05621947178738383,0.0,0.0,0.0,0.0,0.0,0.0,0.0,0.0,0.0,0.0,0.0,0.0,0.0,0.0,0.0,0.0,0.0,0.0,0.0,0.0,0.0,0.0,0.0,0.0,0.0,0.0,0.0,0.0,0.0,0.0,0.0,0.0,0.0,0.0,0.0,0.0,0.0,0.0,0.0,0.0,0.0,0.0,bad
0.0,0.0,0.09106689690770564,0.3199143641364595,0.2169672884229112,0.6008937416517255,0.3289495516194754,0.8093831370964611,0.40061308146765723,1.0,0.5398579157818154,0.3325676524759778,0.6188723844469398,0.4300398416685478,0.4597371973952665,0.4315688070360588,0.39682776350353627,0.397673338576541,0.5551984678714542,0.1672392498666433,0.5865248604247574,0.2604195812239487,0.4073640228726548,0.26223093214551196,0.3782755789694653,0.21280885919974465,0.5336051749597054,-0.004597248322437143,0.5683012150918112,0.0905186605952814,0.40862800016678574,0.1040024270204442,0.3763917625085729,0.05547495841139434,0.4956260433096622,-0.1847546308211467,0.5756765966501942,-0.14167674330664282,0.468417533784901,-0.07484971308534974,0.41032907119020334,-0.06915196627476805,0.0,0.0,0.0,0.0,0.0,0.0,0.0,0.0,0.0,0.0,0.0,0.0,0.0,0.0,0.0,0.0,0.0,0.0,0.0,0.0,0.0,0.0,0.0,0.0,0.0,0.0,0.0,0.0,0.0,0.0,0.0,0.0,0.0,0.0,0.0,0.0,0.0,0.0,0.0,0.0,0.0,0.0,bad
0.0,0.0,0.10125843602305815,0.3135744188245954,0.23135048522673668,0.5998890959595916,0.3490412894765059,0.8102635393912007,0.4343389437899343,1.0,0.5317053896546481,0.31678051722447836,0.6466865477538483,0.36174121068231857,0.5398363403621428,0.3823122141339122,0.4499245835277316,0.3933626605241121,0.5440165142957838,0.15006196310500267,0.6316087151373091,0.20279628813548115,0.4794850522453469,0.21491754206980054,0.38108603169647826,0.20128134699252562,0.5259875648341629,-0.019706308393147638,0.6122762551229877,0.04320600641104694,0.469851665127291,0.07083140372376558,0.3680867155759809,0.06223878404557127,0.48617134702989606,-0.19758799522692927,0.5985926283021477,-0.16506304253650017,0.5025018088742205,-0.1008398868192359,0.41211961538317804,-0.0703427130324896,0.0,0.0,0.0,0.0,0.0,0.0,0.0,0.0,0.0,0.0,0.0,0.0,0.0,0.0,0.0,0.0,0.0,0.0,0.0,0.0,0.0,0.0,0.0,0.0,0.0,0.0,0.0,0.0,0.0,0.0,0.0,0.0,0.0,0.0,0.0,0.0,0.0,0.0,0.0,0.0,0.0,0.0,bad
0.0,0.0,0.09202673022211044,0.32006495869536605,0.22152486608649669,0.5978812430476674,0.34264277965403733,0.8090411652647055,0.42858070756571504,1.0,0.5353623701263414,0.3413511764228498,0.6196910992076886,0.3990899129630336,0.47006371125441226,0.3812804708960555,0.39234168755532833,0.3639396077988288,0.5501038243671962,0.16695749724917763,0.608450652526326,0.2279263889394716,0.4381161748929423,0.22588201961550716,0.37446069686353195,0.20882591717737664,0.5314907148811676,-0.013889323023831284,0.5914772826663921,0.04920968163299484,0.4378149250718139,0.06921806099498758,0.37292118266578994,0.05870371097911497,0.4934109308519104,-0.20004737407943876,0.5791835369912126,-0.1609353685069623,0.4709383537622102,-0.1014662736415153,0.4015262941913127,-0.07968050599646301,0.0,0.0,0.0,0.0,0.0,0.0,0.0,0.0,0.0,0.0,0.0,0.0,0.0,0.0,0.0,0.0,0.0,0.0,0.0,0.0,0.0,0.0,0.0,0.0,0.0,0.0,0.0,0.0,0.0,0.0,0.0,0.0,0.0,0.0,0.0,0.0,0.0,0.0,0.0,0.0,0.0,0.0,bad
0.0,0.0,0.0754559913926192,0.3121712158415476,0.20881893277818955,0.5922962558066522,0.3273720821149202,0.8042296558517994,0.40878269390607475,1.0,0.5352252215630803,0.3283181271335744,0.658195073531468,0.40065633584929705,0.5407414871083889,0.40596531619929477,0.46018884575012015,0.38906133825513145,0.5466047175112169,0.14729011364936975,0.5965199439205616,0.22744923026271596,0.4130416983432464,0.23976958189221112,0.3463559752768439,0.2155348001283496,0.5251378706015681,-0.035679865169485195,0.5704217576227761,0.04147808470785905,0.4083593304717021,0.07473078150554784,0.3456616131170302,0.05979990491980888,0.4890881210015075,-0.22074893092444295,0.5737851689316682,-0.17540709630343324,0.4598278985115539,-0.10427166065424281,0.3882035119705038,-0.0852622532506153,0.0,0.0,0.0,0.0,0.0,0.0,0.0,0.0,0.0,0.0,0.0,0.0,0.0,0.0,0.0,0.0,0.0,0.0,0.0,0.0,0.0,0.0,0.0,0.0,0.0,0.0,0.0,0.0,0.0,0.0,0.0,0.0,0.0,0.0,0.0,0.0,0.0,0.0,0.0,0.0,0.0,0.0,bad
0.0,0.0,0.08329521052858331,0.3242445165518164,0.20140872975381455,0.6154539930024103,0.3128217054527232,0.8250202943704097,0.38906136269327835,1.0,0.5064375103455938,0.3388884920715904,0.588824009260582,0.42338506697142236,0.4289395171073606,0.401370210131766,0.3677746655963937,0.37210323372085374,0.5209129802339635,0.1844043999102059,0.5734698724969332,0.2745312453940849,0.3931621860324846,0.2572815974277169,0.3378693802167303,0.21802134423560518,0.506405623241249,0.01824055744894095,0.5769485430002562,0.0958520687786417,0.41358367969814674,0.10824920806604854,0.3490008140423438,0.08082913273878764,0.4742673902346664,-0.1648886417284001,0.5759562163130457,-0.13237314884730245,0.467376657845985,-0.062161996693945024,0.3891298136772719,-0.029768666852603914,0.0,0.0,0.0,0.0,0.0,0.0,0.0,0.0,0.0,0.0,0.0,0.0,0.0,0.0,0.0,0.0,0.0,0.0,0.0,0.0,0.0,0.0,0.0,0.0,0.0,0.0,0.0,0.0,0.0,0.0,0.0,0.0,0.0,0.0,0.0,0.0,0.0,0.0,0.0,0.0,0.0,0.0,bad
0.0,0.0,0.08920251840525509,0.3141883450520781,0.20782759688283878,0.5912422175797829,0.321961144046646,0.8017933384378466,0.3911064291019292,1.0,0.5407263477322348,0.3396104869602279,0.6292031100386399,0.43575062480506255,0.4720711706241962,0.4305439638173105,0.4086311269237419,0.4082945277358305,0.5556485766621883,0.1806377348368097,0.5982346923477678,0.2792067287671107,0.4255343224907421,0.2820393889978018,0.3864674202429373,0.25001507803529466,0.5379353315990242,0.01580178098880894,0.5850513198881296,0.10964833426482085,0.42583818080201363,0.12723994984327458,0.3765571302449305,0.10376962370393517,0.5009390025980173,-0.15840150998625457,0.5710739811699751,-0.09657869327140521,0.4546612094709591,-0.04265820305432171,0.38986500419600184,-0.03154554744181745,0.0,0.0,0.0,0.0,0.0,0.0,0.0,0.0,0.0,0.0,0.0,0.0,0.0,0.0,0.0,0.0,0.0,0.0,0.0,0.0,0.0,0.0,0.0,0.0,0.0,0.0,0.0,0.0,0.0,0.0,0.0,0.0,0.0,0.0,0.0,0.0,0.0,0.0,0.0,0.0,0.0,0.0,bad
0.0,0.0,0.07433728872757853,0.30408562686292173,0.19253695324624534,0.5893269914400265,0.30024562026180657,0.8080174726093281,0.3791108614342279,1.0,0.5061587330832295,0.3380601763989786,0.5773994884135735,0.41175755822036647,0.4404247941955399,0.38651055330683093,0.35598421044897754,0.345482192248437,0.5252386687449629,0.1711016967352738,0.5547776701454393,0.24723747850964,0.3855904663620056,0.23581127592548426,0.3178241978345177,0.19813377205128524,0.5089213958645822,-0.0016810802318076544,0.5502601732340604,0.07696346440992925,0.39850898441164734,0.08521853195267542,0.3327436789235661,0.05316610508206746,0.4744608053134456,-0.18657786433577975,0.5507241728542702,-0.13549354074097517,0.4431932499075957,-0.08030019249484853,0.37528540780536657,-0.06858010464576088,0.0,0.0,0.0,0.0,0.0,0.0,0.0,0.0,0.0,0.0,0.0,0.0,0.0,0.0,0.0,0.0,0.0,0.0,0.0,0.0,0.0,0.0,0.0,0.0,0.0,0.0,0.0,0.0,0.0,0.0,0.0,0.0,0.0,0.0,0.0,0.0,0.0,0.0,0.0,0.0,0.0,0.0,bad
0.0,0.0,0.07795213650511526,0.31360364496457177,0.18767822717883825,0.6003255075266235,0.29733867092954636,0.8144593041088789,0.37623769752765535,1.0,0.510891766357681,0.36726431138064614,0.6006789044526607,0.4211445505884748,0.45525424195797076,0.4195220735318635,0.3788093138223743,0.4089581200745479,0.5287378894078479,0.2011680372863277,0.5843077988825685,0.2520012471509657,0.413623409327261,0.24889236631714015,0.3501116278834392,0.22408654485484159,0.5152480793003584,0.02585054936775125,0.5692191277421648,0.08027255140491443,0.41216582272181984,0.09345394748864674,0.34918540181118035,0.07576695145529529,0.48231356625292704,-0.1586808426534627,0.5603899680255908,-0.1398107962901476,0.447382655773682,-0.08495836410679278,0.37699790857618715,-0.06131844324296362,0.0,0.0,0.0,0.0,0.0,0.0,0.0,0.0,0.0,0.0,0.0,0.0,0.0,0.0,0.0,0.0,0.0,0.0,0.0,0.0,0.0,0.0,0.0,0.0,0.0,0.0,0.0,0.0,0.0,0.0,0.0,0.0,0.0,0.0,0.0,0.0,0.0,0.0,0.0,0.0,0.0,0.0,bad
0.0,0.0,0.08185549293146213,0.3141210599394742,0.19456674479591,0.5996487665746106,0.3048718666482833,0.8158698458723109,0.3824075505437712,1.0,0.515006663964871,0.34993210694096855,0.6016035296034627,0.4306882197534681,0.44909260056180633,0.42741876856614036,0.37993735733753364,0.4103320005403591,0.5270607110178945,0.18492843723408553,0.5829438708931662,0.2704210483802457,0.4080491225431417,0.2695032734899539,0.353055466192042,0.2371226712680752,0.509622709566724,0.011263423676363885,0.5647373896476664,0.09692343473422826,0.4050476226287914,0.11473495246093189,0.3455911291973578,0.08814204202824073,0.47249627806768696,-0.172002712937005,0.5558901232659417,-0.13202616563678118,0.445436820460113,-0.07305488126722569,0.37607086503416937,-0.05844011692925613,0.0,0.0,0.0,0.0,0.0,0.0,0.0,0.0,0.0,0.0,0.0,0.0,0.0,0.0,0.0,0.0,0.0,0.0,0.0,0.0,0.0,0.0,0.0,0.0,0.0,0.0,0.0,0.0,0.0,0.0,0.0,0.0,0.0,0.0,0.0,0.0,0.0,0.0,0.0,0.0,0.0,0.0,bad
0.0,0.0,0.0813389844088362,0.32339324504298256,0.1872656941169088,0.6057198229710672,0.2894488324416333,0.8203475136892626,0.36446369410906476,1.0,0.5012226908106431,0.3446842294876773,0.5830607527035349,0.4252997406421921,0.4392663462933797,0.43236134386452657,0.3612553388544218,0.4112580562563838,0.515689774668547,0.19307533142498878,0.5720750249468706,0.2791827959881062,0.41004811202195435,0.2827361492341129,0.332448917045282,0.24734829193077293,0.49969870455565435,0.027509632769738564,0.5656525714746752,0.11038338899805188,0.41492907020590064,0.12785544318024555,0.3303965782026263,0.09875963206937724,0.4621421083565433,-0.1533833335294345,0.5595091419565182,-0.1215356626790894,0.45582891125189307,-0.06029522751377891,0.36803791812271786,-0.039747746657455514,0.0,0.0,0.0,0.0,0.0,0.0,0.0,0.0,0.0,0.0,0.0,0.0,0.0,0.0,0.0,0.0,0.0,0.0,0.0,0.0,0.0,0.0,0.0,0.0,0.0,0.0,0.0,0.0,0.0,0.0,0.0,0.0,0.0,0.0,0.0,0.0,0.0,0.0,0.0,0.0,0.0,0.0,bad
0.0,0.0,0.09088196237217647,0.31703440949728107,0.2097386628202488,0.6077381973586364,0.3283454470834519,0.8172343715729369,0.40870675364992687,1.0,0.5449942341598141,0.3499665467670953,0.5699900761720064,0.441302756563868,0.41142408242457146,0.412819302151289,0.3402211263064165,0.3737313039828426,0.5658913633568695,0.1813462326591519,0.5424592451657384,0.2557449410177414,0.37064405265017475,0.2423988924460357,0.30614150091271836,0.21203611492765684,0.548194064286715,0.008818429483585197,0.5437908207358196,0.07523263614096787,0.38404588088318864,0.0836371601482137,0.31337843864135306,0.06461789766893446,0.5077331291283139,-0.17422274755756448,0.56186925655178,-0.14351771885361292,0.451136871055191,-0.09143378779436151,0.37908760785645607,-0.06545211672891754,0.0,0.0,0.0,0.0,0.0,0.0,0.0,0.0,0.0,0.0,0.0,0.0,0.0,0.0,0.0,0.0,0.0,0.0,0.0,0.0,0.0,0.0,0.0,0.0,0.0,0.0,0.0,0.0,0.0,0.0,0.0,0.0,0.0,0.0,0.0,0.0,0.0,0.0,0.0,0.0,0.0,0.0,bad
0.0,0.0,0.08390501982015242,0.3145475128717082,0.21248657919240327,0.5996443120894167,0.3314987668629016,0.812863997420401,0.41339022743230597,1.0,0.541472486030093,0.36787149204331576,0.5818197563634196,0.4257912581035975,0.4355179117398624,0.4090752698473153,0.37717712077967447,0.3961007515652254,0.5690914565971958,0.2018378474368156,0.5568158717771077,0.24535631294928306,0.38899604765248313,0.2349278051094285,0.342694407480837,0.22369288051713482,0.5568985287640473,0.02523053413353864,0.5536905322408981,0.07338275617532394,0.3958901660967326,0.08029147832751327,0.3456106219193478,0.07561420274853467,0.5219657291865034,-0.16182923709061425,0.5700320814256022,-0.1489657069888673,0.45927902078049226,-0.09772859768186581,0.39663247257131573,-0.061979304793404265,0.0,0.0,0.0,0.0,0.0,0.0,0.0,0.0,0.0,0.0,0.0,0.0,0.0,0.0,0.0,0.0,0.0,0.0,0.0,0.0,0.0,0.0,0.0,0.0,0.0,0.0,0.0,0.0,0.0,0.0,0.0,0.0,0.0,0.0,0.0,0.0,0.0,0.0,0.0,0.0,0.0,0.0,bad
0.0,0.0,0.07651620083700031,0.3039875826617122,0.1964210509159184,0.5761608293282489,0.3013566401937692,0.8073112230746416,0.3688219274407634,1.0,0.5241792329738192,0.33623034360437515,0.6258253801616548,0.4135913157797465,0.48166067638170684,0.41750535021847635,0.41503826865096494,0.3990411663403516,0.544164878409682,0.17392801354893897,0.5940087157700255,0.29072096176743917,0.4371628372791407,0.29565046810955453,0.3970399095883657,0.24628817224079927,0.5292047856696512,0.01157620506886087,0.577191581333362,0.12669794673269222,0.4315649356300248,0.14500205335462263,0.38710842556451247,0.10770987365247693,0.4889433183898789,-0.15845378176696767,0.544832255043234,-0.06570967632087749,0.4298285339746513,-0.03350155027546385,0.3718695073491468,-0.052234954993551796,0.0,0.0,0.0,0.0,0.0,0.0,0.0,0.0,0.0,0.0,0.0,0.0,0.0,0.0,0.0,0.0,0.0,0.0,0.0,0.0,0.0,0.0,0.0,0.0,0.0,0.0,0.0,0.0,0.0,0.0,0.0,0.0,0.0,0.0,0.0,0.0,0.0,0.0,0.0,0.0,0.0,0.0,bad
0.0,0.0,0.07426734025530664,0.3286834581379134,0.19590097649676472,0.6122012127811837,0.3113788120533771,0.8120186293665809,0.38245855258850325,1.0,0.5043108696576116,0.3734798595388491,0.5835419631708749,0.4660448837014293,0.43354615586960593,0.441461884922481,0.37020022146638776,0.3994886630574997,0.5201087287392842,0.21267205859210325,0.563795213661076,0.3024001190037229,0.39111460885566895,0.2869256146324037,0.3471594753268295,0.2426472699787838,0.5086506000153924,0.03934129831223774,0.5627835097138512,0.1344945960133753,0.40493285364265114,0.14040802425102894,0.3531632188898882,0.10093089398675108,0.48269779487020437,-0.1473538327584167,0.5728115261308513,-0.10003319698447323,0.4665518843596256,-0.036705641534596656,0.3984561392021926,-0.019030257500623163,0.0,0.0,0.0,0.0,0.0,0.0,0.0,0.0,0.0,0.0,0.0,0.0,0.0,0.0,0.0,0.0,0.0,0.0,0.0,0.0,0.0,0.0,0.0,0.0,0.0,0.0,0.0,0.0,0.0,0.0,0.0,0.0,0.0,0.0,0.0,0.0,0.0,0.0,0.0,0.0,0.0,0.0,bad
0.0,0.0,0.08938766276789697,0.3119376387601072,0.20899220633525484,0.5972843031973727,0.31698314924380677,0.820289995025574,0.40251481225491115,1.0,0.5110957417542705,0.3490369016568802,0.6072477594964891,0.4208799518115524,0.4719341337122123,0.4115879983106623,0.3870171953000169,0.38257597772506297,0.529676668273147,0.1758863434571396,0.5790693799790829,0.24462015384656652,0.4082389786958063,0.2392728694688571,0.3466079571144276,0.20648964386507832,0.5116071926205628,-0.00868631937483775,0.5817671640794585,0.0587557497240818,0.42751391065883276,0.07758912314491019,0.3644659675049871,0.055864979355685164,0.47148154738327014,-0.20728483670381243,0.5696231864879211,-0.17070775441178532,0.46404226205538274,-0.09902058351298194,0.3922315501402168,-0.07037247988993672,0.0,0.0,0.0,0.0,0.0,0.0,0.0,0.0,0.0,0.0,0.0,0.0,0.0,0.0,0.0,0.0,0.0,0.0,0.0,0.0,0.0,0.0,0.0,0.0,0.0,0.0,0.0,0.0,0.0,0.0,0.0,0.0,0.0,0.0,0.0,0.0,0.0,0.0,0.0,0.0,0.0,0.0,bad
0.0,0.0,0.08668362481434588,0.3161698904475465,0.21707001741338025,0.6059368789195891,0.3350410428879015,0.8170508389055269,0.41909298286886393,1.0,0.5268764907031228,0.34973286658777925,0.621746372016648,0.45115927178060256,0.49964065996388096,0.45090346044307933,0.42525081112165486,0.42678083312260473,0.5411333470196804,0.1663974920503176,0.5821335017987561,0.2623241003356092,0.411170173866537,0.26053870754478975,0.34910170864938955,0.22019012274538724,0.5189159414518042,-0.01902079179336083,0.577126530866384,0.06679054866685874,0.4295501156731289,0.08603601976355514,0.3695071417180125,0.05239726942690331,0.47798230936842206,-0.20895733237235206,0.5849149728343632,-0.17415788581768435,0.4862481581436849,-0.09862364102062555,0.41083300806231576,-0.07270798475000242,0.0,0.0,0.0,0.0,0.0,0.0,0.0,0.0,0.0,0.0,0.0,0.0,0.0,0.0,0.0,0.0,0.0,0.0,0.0,0.0,0.0,0.0,0.0,0.0,0.0,0.0,0.0,0.0,0.0,0.0,0.0,0.0,0.0,0.0,0.0,0.0,0.0,0.0,0.0,0.0,0.0,0.0,bad
0.0,0.0,0.08321108908084617,0.3193631701276965,0.21093297800939406,0.6088472408133844,0.3293823584336046,0.8183267925034626,0.41219905188219363,1.0,0.5247316265508999,0.3508584784750887,0.612534752847824,0.4440441757958994,0.48049803629891935,0.4363171579815889,0.40208968696080993,0.4090507117853721,0.5383840176252446,0.1721490466981273,0.5804857513686952,0.26032928840630765,0.41065094737722546,0.2603109917017184,0.3458952795373431,0.22552721373426157,0.5148727522280594,-0.009637135688651658,0.5776510690648322,0.07117998932982657,0.4304643906921469,0.09148410379401047,0.3680547669740416,0.06194450987049128,0.4723220231624663,-0.19696605787044366,0.5761928507514573,-0.1645167070694691,0.47850877791663265,-0.0904165056024219,0.40525545249057354,-0.061715946275066845,0.0,0.0,0.0,0.0,0.0,0.0,0.0,0.0,0.0,0.0,0.0,0.0,0.0,0.0,0.0,0.0,0.0,0.0,0.0,0.0,0.0,0.0,0.0,0.0,0.0,0.0,0.0,0.0,0.0,0.0,0.0,0.0,0.0,0.0,0.0,0.0,0.0,0.0,0.0,0.0,0.0,0.0,bad
0.0,0.0,0.08117536515620045,0.3210672073586865,0.20752595583508118,0.6103290987528981,0.32556166128980646,0.818474678333823,0.40986612636251774,1.0,0.5185738763137915,0.3519841050509517,0.6095280968823907,0.4473791079163479,0.48105318582603407,0.44150577297335036,0.4022152276171831,0.41410531276454005,0.5331673245926628,0.1727668091122508,0.5793436933647896,0.262031318634966,0.4095171880136259,0.2619289207201599,0.34262255023170435,0.22617779419764544,0.5109658857855985,-0.009785982539991913,0.577445550199705,0.07214049459356464,0.4303567636440858,0.09196438181622484,0.36648519157428067,0.06160979994589201,0.4693725509589623,-0.19783102598637992,0.5755629703540582,-0.16558528262697195,0.47794881267872363,-0.09143406534266939,0.4034693111703907,-0.06264774244597202,0.0,0.0,0.0,0.0,0.0,0.0,0.0,0.0,0.0,0.0,0.0,0.0,0.0,0.0,0.0,0.0,0.0,0.0,0.0,0.0,0.0,0.0,0.0,0.0,0.0,0.0,0.0,0.0,0.0,0.0,0.0,0.0,0.0,0.0,0.0,0.0,0.0,0.0,0.0,0.0,0.0,0.0,bad
0.0,0.0,0.08620705221082368,0.3278129118218818,0.1998625379513204,0.6085441982715313,0.30378806963384714,0.8218558832737519,0.38309842952521717,1.0,0.5126085025519305,0.33791025650360035,0.5880536160236481,0.4446812817171107,0.44288015027630745,0.4384619977138197,0.3777043546637349,0.39865333789598606,0.5291257908800338,0.17883026203703029,0.5559295798233671,0.2862277297647564,0.39169242866607934,0.2764935528260537,0.35326552454731447,0.22197295900165276,0.5105094395946035,0.008340043830589674,0.5551034969820965,0.1186169337517383,0.40495387594923804,0.12521715072043801,0.360459711533561,0.07216932295572528,0.47397438604410724,-0.17457680182311955,0.5629161175708243,-0.12265662883062607,0.4613599132125201,-0.05837127858635427,0.39601694976956175,-0.04594290374016178,0.0,0.0,0.0,0.0,0.0,0.0,0.0,0.0,0.0,0.0,0.0,0.0,0.0,0.0,0.0,0.0,0.0,0.0,0.0,0.0,0.0,0.0,0.0,0.0,0.0,0.0,0.0,0.0,0.0,0.0,0.0,0.0,0.0,0.0,0.0,0.0,0.0,0.0,0.0,0.0,0.0,0.0,bad
0.0,0.0,0.0906618099936313,0.3166275074602363,0.21776351254588788,0.6059638811624812,0.33191342400106183,0.8158922535793416,0.41063201562021545,1.0,0.5221396994016675,0.33922302933913306,0.6225197552180904,0.43438921534497554,0.47193460839435225,0.4264236738942375,0.3906528157953258,0.38560514945505053,0.5341741695939046,0.16595401956252684,0.5915679245348923,0.25807556756593125,0.4212643805296855,0.2612354710223813,0.35513926744728935,0.20827739854020377,0.5119487487876753,-0.008112534012041164,0.5813910910282727,0.08208093730607169,0.43345690410962096,0.1017997710991085,0.36895947895357595,0.05601813742669292,0.4700945817086532,-0.18932205284280704,0.5783813819512927,-0.1526460989629602,0.48165678372125786,-0.07506022328897748,0.40442529110348624,-0.05468181495353871,0.0,0.0,0.0,0.0,0.0,0.0,0.0,0.0,0.0,0.0,0.0,0.0,0.0,0.0,0.0,0.0,0.0,0.0,0.0,0.0,0.0,0.0,0.0,0.0,0.0,0.0,0.0,0.0,0.0,0.0,0.0,0.0,0.0,0.0,0.0,0.0,0.0,0.0,0.0,0.0,0.0,0.0,bad
0.0,0.0,0.09152993797915034,0.33129929584956674,0.2109151915377201,0.6117653368184782,0.32402534813315176,0.8158290592411475,0.4040817641097506,1.0,0.5125815264199959,0.32741202637292427,0.6044978013333361,0.4211699232543356,0.4619652672749154,0.4261274524234299,0.39079328919192186,0.393843908219985,0.5282623465327171,0.17215675107397588,0.5748052357617133,0.2677494204945987,0.40545048402144834,0.26946469236008874,0.35940468844862766,0.21929597781134808,0.5122192353530793,0.008061923500332125,0.5758075840956844,0.1092956076507246,0.42259052394633195,0.1261892138691899,0.3686477740959264,0.07735744954084052,0.4779429445490642,-0.17186441162094504,0.5827954588578126,-0.12888176807367538,0.48035336057754385,-0.05239521612571238,0.4068863866289822,-0.03417311217353363,0.0,0.0,0.0,0.0,0.0,0.0,0.0,0.0,0.0,0.0,0.0,0.0,0.0,0.0,0.0,0.0,0.0,0.0,0.0,0.0,0.0,0.0,0.0,0.0,0.0,0.0,0.0,0.0,0.0,0.0,0.0,0.0,0.0,0.0,0.0,0.0,0.0,0.0,0.0,0.0,0.0,0.0,bad
0.0,0.0,0.0843544905857668,0.32147628455297717,0.2075827432328331,0.6063519759595254,0.325169714137659,0.815124655597993,0.4025958253040338,1.0,0.5201437581979823,0.34302092900055753,0.596486926025572,0.44435435178395033,0.4347794843975191,0.42947653208288317,0.3770119034124427,0.396422614517282,0.5382724321085616,0.1833930566704683,0.5659665753659163,0.2795451233138471,0.38509175956749353,0.27076793261634485,0.3604900051125336,0.22582997702829938,0.5223099340460036,0.014352107821251021,0.5714603801781752,0.11049318598749396,0.40908061725167777,0.12362991040342748,0.37348778312678854,0.07940620582921362,0.49026739013257886,-0.167215415792408,0.5710588670070396,-0.11254658535964707,0.4614671699003634,-0.05055191072267166,0.40431682324282686,-0.04870382237068876,0.0,0.0,0.0,0.0,0.0,0.0,0.0,0.0,0.0,0.0,0.0,0.0,0.0,0.0,0.0,0.0,0.0,0.0,0.0,0.0,0.0,0.0,0.0,0.0,0.0,0.0,0.0,0.0,0.0,0.0,0.0,0.0,0.0,0.0,0.0,0.0,0.0,0.0,0.0,0.0,0.0,0.0,bad
0.0,0.0,0.06884992618982348,0.3200855441020106,0.19587927591471282,0.6105242873905607,0.31420367020672585,0.8163302291384454,0.39421645364755326,1.0,0.5503254071029822,0.3189824059938222,0.593280263032629,0.4582470685258955,0.4355525898941423,0.4329227797589212,0.3866347090204409,0.38121264327604776,0.571976105460806,0.15255909688919067,0.544500883772199,0.3050809159114553,0.3604213431272804,0.2791415423402013,0.364433158490579,0.21443576794126384,0.5485198679560603,-0.010524402091689788,0.5296062252890755,0.13624888309775632,0.36882936601244964,0.13023825718516546,0.3660723810004462,0.06044835524316066,0.5072557066679207,-0.17451633401427571,0.5345657587307632,-0.07196606911201826,0.4242516611591008,-0.02585650200554924,0.39423609621589506,-0.05890161051855233,0.0,0.0,0.0,0.0,0.0,0.0,0.0,0.0,0.0,0.0,0.0,0.0,0.0,0.0,0.0,0.0,0.0,0.0,0.0,0.0,0.0,0.0,0.0,0.0,0.0,0.0,0.0,0.0,0.0,0.0,0.0,0.0,0.0,0.0,0.0,0.0,0.0,0.0,0.0,0.0,0.0,0.0,bad
0.0,0.0,0.0710412329499562,0.3255685243962095,0.19691748290729555,0.6142330182132578,0.3116848969887262,0.8172633470985063,0.3882902176262471,1.0,0.5311425662377849,0.3287865601856592,0.5911136423102739,0.4537111930195784,0.4390336507286441,0.44014993799984076,0.3800331046721955,0.3961133294654335,0.5557721295063878,0.16504726801133068,0.5378565009157822,0.30421544202131895,0.36028249889082287,0.28418341808584463,0.3571783670636952,0.2232637111361387,0.5360879321524863,0.0020713172474204522,0.5254159414354459,0.14357757983231517,0.3700082761680489,0.13863662218581846,0.36084604621002697,0.07268864543872222,0.4997404809847218,-0.16438204611901755,0.5295352547694618,-0.07062870436731397,0.42338074354686417,-0.020590025368872507,0.3905318931094502,-0.04447402250207615,0.0,0.0,0.0,0.0,0.0,0.0,0.0,0.0,0.0,0.0,0.0,0.0,0.0,0.0,0.0,0.0,0.0,0.0,0.0,0.0,0.0,0.0,0.0,0.0,0.0,0.0,0.0,0.0,0.0,0.0,0.0,0.0,0.0,0.0,0.0,0.0,0.0,0.0,0.0,0.0,0.0,0.0,bad
0.0,0.0,0.07530391526384397,0.33127027086270855,0.20023861721579655,0.6176485073328818,0.31615243831095907,0.8179457682452355,0.3927344160781658,1.0,0.532976546222193,0.3319110813527564,0.5904657305880112,0.45714811148793005,0.44038896712793063,0.44573109473832245,0.38265866037869595,0.4015467701984121,0.5569621027921516,0.16965479074875758,0.540902839635965,0.30549579686962225,0.36340986335734027,0.28751467159956945,0.3609448353549751,0.22958466313608838,0.5369950628270418,0.006244130292629199,0.5320889197859562,0.14266189432235074,0.37657893171112344,0.1423715226209519,0.3653950663570507,0.08099206915173601,0.5003434641742526,-0.16081752729138146,0.5395359575533508,-0.07479007122362351,0.43557804892421553,-0.021158702653399527,0.3986386406732752,-0.03900147434807995,0.0,0.0,0.0,0.0,0.0,0.0,0.0,0.0,0.0,0.0,0.0,0.0,0.0,0.0,0.0,0.0,0.0,0.0,0.0,0.0,0.0,0.0,0.0,0.0,0.0,0.0,0.0,0.0,0.0,0.0,0.0,0.0,0.0,0.0,0.0,0.0,0.0,0.0,0.0,0.0,0.0,0.0,bad
0.0,0.0,0.06837011207561876,0.3272320382705782,0.18600712203974856,0.6149073939839931,0.2975118924386048,0.8190492661913931,0.37602261689886346,1.0,0.5184919542880462,0.3395762100925424,0.5548059638392999,0.4593133485540722,0.40685944950436514,0.4423803472171001,0.35491210772191095,0.40155140757922714,0.5464759580997306,0.17765563883724406,0.5164369002029903,0.31233572213588845,0.343651134787188,0.2885115637769023,0.3416915988925542,0.2288042168172491,0.5293136283262867,0.01349236829440402,0.5139455145025156,0.150937109749553,0.35976643824254445,0.14622563261725777,0.34902756547588265,0.08140297570248967,0.49305020385220905,-0.15395864966668957,0.5251852925724999,-0.06189013542953371,0.41728068189814427,-0.010828880292251751,0.37989562518209924,-0.031355682894302905,0.0,0.0,0.0,0.0,0.0,0.0,0.0,0.0,0.0,0.0,0.0,0.0,0.0,0.0,0.0,0.0,0.0,0.0,0.0,0.0,0.0,0.0,0.0,0.0,0.0,0.0,0.0,0.0,0.0,0.0,0.0,0.0,0.0,0.0,0.0,0.0,0.0,0.0,0.0,0.0,0.0,0.0,bad
0.0,0.0,0.07296195130551997,0.32429420304486245,0.19724093999144016,0.6101122876566049,0.31218741246411474,0.8159449325520451,0.3916953772521162,1.0,0.52670916259884,0.3380499741924659,0.5769658871322071,0.4582089997909803,0.4267529572021505,0.442128417720889,0.370160660786625,0.4001333744737183,0.5538202970923511,0.17663643227548512,0.5386787395685663,0.308004316896612,0.3606310688584823,0.28493252360713966,0.3517865496535534,0.22523336978143935,0.5370967306191107,0.011990905510299552,0.5387041916269837,0.14704265565924385,0.3807212743660802,0.14479747128822962,0.3635520835851286,0.08203610779728786,0.501924403120792,-0.158454846768655,0.5510697685000207,-0.07439508704177408,0.44274922044184206,-0.018547298882526663,0.3983366582158249,-0.03148291654995215,0.0,0.0,0.0,0.0,0.0,0.0,0.0,0.0,0.0,0.0,0.0,0.0,0.0,0.0,0.0,0.0,0.0,0.0,0.0,0.0,0.0,0.0,0.0,0.0,0.0,0.0,0.0,0.0,0.0,0.0,0.0,0.0,0.0,0.0,0.0,0.0,0.0,0.0,0.0,0.0,0.0,0.0,bad
0.0,0.0,0.06635337228164374,0.32470370590598724,0.1816154842596107,0.6149502161458955,0.29084862896427244,0.8255814599670238,0.368848427794934,1.0,0.5156384153413294,0.353403401762399,0.5469470607881504,0.47912395754548953,0.3949454258704881,0.45550906679099895,0.34406180900138317,0.4110889874235821,0.5435096769676112,0.1935854766851961,0.5106371066291966,0.32952621286494593,0.3382759676550824,0.30261814669690507,0.33438109030447144,0.2453210068025245,0.5261942484463559,0.03004147311527392,0.5157681751217992,0.1687991357498476,0.3601652200442461,0.16506583294386876,0.34449026634931557,0.10440910952559046,0.4898767921159402,-0.13681598951696575,0.5268149836702735,-0.04653263527943366,0.4175022325906554,0.002220920610910158,0.37520082201570565,-0.015039075198988151,0.0,0.0,0.0,0.0,0.0,0.0,0.0,0.0,0.0,0.0,0.0,0.0,0.0,0.0,0.0,0.0,0.0,0.0,0.0,0.0,0.0,0.0,0.0,0.0,0.0,0.0,0.0,0.0,0.0,0.0,0.0,0.0,0.0,0.0,0.0,0.0,0.0,0.0,0.0,0.0,0.0,0.0,bad
0.0,0.0,0.09005543746825626,0.3121404563491331,0.22008223494164544,0.6023696699956024,0.33366942552792217,0.8195243114889021,0.4179270242256087,1.0,0.5301651143399557,0.341530519281604,0.5964998621657662,0.44313919099963744,0.4688115622907113,0.4249876573773112,0.3893222331587433,0.3785501542011619,0.5519318511208577,0.17191804214633027,0.5723595659371437,0.255931911308,0.4059947813205229,0.2505326704041368,0.345426501136884,0.21524824215217864,0.5356952338880866,-0.0024452446053724974,0.5810453938808414,0.0821301819497057,0.4300401124591075,0.09789381909278104,0.3651553921291684,0.06747858743048314,0.49767924625256965,-0.18713091015734679,0.5734071628945132,-0.13483992349419294,0.46615949535920226,-0.07289457852959973,0.3980346059033934,-0.05565664030261641,0.0,0.0,0.0,0.0,0.0,0.0,0.0,0.0,0.0,0.0,0.0,0.0,0.0,0.0,0.0,0.0,0.0,0.0,0.0,0.0,0.0,0.0,0.0,0.0,0.0,0.0,0.0,0.0,0.0,0.0,0.0,0.0,0.0,0.0,0.0,0.0,0.0,0.0,0.0,0.0,0.0,0.0,bad
0.0,0.0,0.06907573516470551,0.32129408066513127,0.20002192335917185,0.6123634915264543,0.31405560667596966,0.8224422677902062,0.391360969224457,1.0,0.5476191538754837,0.35971741738366186,0.5866152592716145,0.4694552658876715,0.4280884532233335,0.4348782793342774,0.3704263926005037,0.38420435917825896,0.5704960118174158,0.18175496769093755,0.5357668726885988,0.2816379036471154,0.35829923265453667,0.2642955782034951,0.3436532572505374,0.224384186508097,0.5467296679670993,0.0009212831468778599,0.5293237480464921,0.0947900782574667,0.3733368161536666,0.10474177713650247,0.3540947451716312,0.06969898893149284,0.5060106543062804,-0.1805759595583754,0.5365647323439557,-0.11858891665413837,0.4265070984545705,-0.06430712562168482,0.3855963251317842,-0.06322406705089259,0.0,0.0,0.0,0.0,0.0,0.0,0.0,0.0,0.0,0.0,0.0,0.0,0.0,0.0,0.0,0.0,0.0,0.0,0.0,0.0,0.0,0.0,0.0,0.0,0.0,0.0,0.0,0.0,0.0,0.0,0.0,0.0,0.0,0.0,0.0,0.0,0.0,0.0,0.0,0.0,0.0,0.0,bad
0.0,0.0,0.07846868846295586,0.3024489051424828,0.2213456401660646,0.5882142418423449,0.3339326063176658,0.8012776572702719,0.41406204715515726,1.0,0.5902908470368892,0.3123081267319446,0.630386743122608,0.4282504986777263,0.5493819905949194,0.44798090693139436,0.5031865652950083,0.4486533441320349,0.6146498779828267,0.12569284430034358,0.5812440540225784,0.23990453465697195,0.425861339141801,0.24833060618259342,0.3827074358419398,0.22914500766562454,0.5870491094527813,-0.05964031389974756,0.5428854867897598,0.059008823843788236,0.3967427344077793,0.07664321689277112,0.3609815190114402,0.0593002398864541,0.5346027302705224,-0.2392969747505016,0.5426969703898966,-0.151442482822141,0.43511007602874385,-0.0954975157845925,0.38973465718465516,-0.08778801929089118,0.0,0.0,0.0,0.0,0.0,0.0,0.0,0.0,0.0,0.0,0.0,0.0,0.0,0.0,0.0,0.0,0.0,0.0,0.0,0.0,0.0,0.0,0.0,0.0,0.0,0.0,0.0,0.0,0.0,0.0,0.0,0.0,0.0,0.0,0.0,0.0,0.0,0.0,0.0,0.0,0.0,0.0,bad
0.0,0.0,0.06759535150736128,0.30176388608071947,0.20820853488405483,0.5990925774805655,0.3231657069984656,0.8048027111577993,0.3881792164183408,1.0,0.5955606391594996,0.332758230695558,0.565746235686476,0.4730718977939832,0.4070432106073719,0.436503372823976,0.3663187648772501,0.3731659776811532,0.6175150058243853,0.1564816617186656,0.5341062540175784,0.2967887382820876,0.37501662344766423,0.2816006149910663,0.3634654162852591,0.22667533165102083,0.5857674572091862,-0.009158254515634514,0.5003775435051807,0.12518415249368192,0.36362970890783775,0.13286895168361101,0.35394762454757744,0.08238780732194316,0.5298621848517965,-0.16326591137566354,0.4856019170924819,-0.05388209579954605,0.38367858713993613,-0.013419741523924701,0.36243329142851494,-0.038228398285801844,0.0,0.0,0.0,0.0,0.0,0.0,0.0,0.0,0.0,0.0,0.0,0.0,0.0,0.0,0.0,0.0,0.0,0.0,0.0,0.0,0.0,0.0,0.0,0.0,0.0,0.0,0.0,0.0,0.0,0.0,0.0,0.0,0.0,0.0,0.0,0.0,0.0,0.0,0.0,0.0,0.0,0.0,bad
0.0,0.0,0.037890789989577574,0.287662562751567,0.16996954834018937,0.5872435101611369,0.31277845325142983,0.818557044575241,0.4048785574756873,1.0,0.5082788083363093,0.36430753205230904,0.6365824230945575,0.40381650704839117,0.45270030544873235,0.37795677344069967,0.3811329042797195,0.3594613662407784,0.531658598850795,0.17212953636226463,0.6124326897140736,0.21125307385823752,0.39121277070488575,0.21354798830870655,0.3681328943757934,0.20415522132070602,0.5188051670530169,-0.015512344661288641,0.5959189998665883,0.01835954863730716,0.39994593621522045,0.04660041911084882,0.36519084574285565,0.04098442695009761,0.48836282858459495,-0.20896876243452486,0.5631190609213798,-0.19415528540493368,0.4338217910842527,-0.12944163412450166,0.38725259846978516,-0.11699065127635391,0.0,0.0,0.0,0.0,0.0,0.0,0.0,0.0,0.0,0.0,0.0,0.0,0.0,0.0,0.0,0.0,0.0,0.0,0.0,0.0,0.0,0.0,0.0,0.0,0.0,0.0,0.0,0.0,0.0,0.0,0.0,0.0,0.0,0.0,0.0,0.0,0.0,0.0,0.0,0.0,0.0,0.0,bad
