0,1,2,3,4,5,6,7,8,9,10,11,12,13,14,15,16,17,18,19,20,21,22,23,24,25,26,27,28,29,30,31,32,33,34,35,36,37,38,39,40,41,42,43,44,45,46,47,48,49,50,51,52,53,54,55,56,57,58,59,60,61,62,63,64,65,66,67,68,69,70,71,72,73,74,75,76,77,78,79,80,81,82,83,84
0.0,0.0,0.13236847258285725,-0.22102122882023229,0.1693369740538398,-0.5218110285852149,0.08040600659605608,-0.7343069013573269,-0.035789462868582936,-0.7810720735015075,0.05515162017529283,-0.33732991918635863,0.052914667599833466,-0.6428252033283388,0.04388979595143396,-0.8345155004946746,0.02758638132364916,-1.0,-0.10027716397646823,-0.3019075844765252,-0.10563905295161753,-0.7296934954098112,-0.028260371716272766,-0.6900088778623104,0.011175871183462714,-0.5775283580815519,-0.2256334492085701,-0.2925234883972287,-0.16545179783133562,-0.6743508026136837,-0.08632412041882644,-0.6045944765193089,-0.06826667098737123,-0.49807573865770594,-0.3137578412390042,-0.29965521963175346,-0.23976709294764195,-0.6187154742938167,-0.17182467239542035,-0.5614456550540486,-0.16915044607652033,-0.46080373403718666,0.0,0.0,0.0,0.0,0.0,0.0,0.0,0.0,0.0,0.0,0.0,0.0,0.0,0.0,0.0,0.0,0.0,0.0,0.0,0.0,0.0,0.0,0.0,0.0,0.0,0.0,0.0,0.0,0.0,0.0,0.0,0.0,0.0,0.0,0.0,0.0,0.0,0.0,0.0,0.0,0.0,0.0,come
0.0,0.0,0.17134702678018918,-0.2211997182261741,0.2304585570637403,-0.5885466464114703,0.10916244935660346,-0.8722594187312135,-0.04255822612219799,-0.9646280442794853,0.08348574460549718,-0.27044371593773475,0.026797054088379943,-0.6327835803178647,0.004156812582784035,-0.8414557795418192,-0.00789096442670313,-1.0,-0.11182996013393338,-0.22164469254609637,-0.15799805664276606,-0.7487495962149939,-0.08473556460495232,-0.8338468484012709,-0.024756139802369133,-0.7885923114145643,-0.26844820719457313,-0.2335705232405028,-0.22769712167777373,-0.7346889266259401,-0.14809497801723076,-0.7409961457180627,-0.11340384597920945,-0.6510080679163137,-0.37718306606765944,-0.276584361552662,-0.300954294780568,-0.6792679588651728,-0.23237038987793693,-0.6673652201325583,-0.21745998798699068,-0.5748798374741027,0.0,0.0,0.0,0.0,0.0,0.0,0.0,0.0,0.0,0.0,0.0,0.0,0.0,0.0,0.0,0.0,0.0,0.0,0.0,0.0,0.0,0.0,0.0,0.0,0.0,0.0,0.0,0.0,0.0,0.0,0.0,0.0,0.0,0.0,0.0,0.0,0.0,0.0,0.0,0.0,0.0,0.0,come
0.0,0.0,0.1763865194508738,-0.23956684415023743,0.22873410310012204,-0.6086207142770831,0.11200716452144797,-0.8924118907767497,-0.03939827686777932,-1.0,0.054677261487456594,-0.26900679871561506,0.002240698041016391,-0.6955179997341592,0.004678579706674253,-0.8644340610269586,0.014440267642441825,-0.9727793224133519,-0.14264697320389885,-0.22614133067638928,-0.1574428854061049,-0.8024387604784696,-0.06896593391986765,-0.8274429073764252,-0.02060980821008899,-0.7283831272334204,-0.2955937698762741,-0.2500398212055334,-0.2443191617443995,-0.7779602534935556,-0.15878691975010958,-0.747851302675216,-0.13078821819603897,-0.6315324627960088,-0.4001737303077273,-0.30323051589607597,-0.32214407806494205,-0.7162555104309588,-0.24690699084606604,-0.6731986259761688,-0.23279064811346353,-0.5558062613215807,0.0,0.0,0.0,0.0,0.0,0.0,0.0,0.0,0.0,0.0,0.0,0.0,0.0,0.0,0.0,0.0,0.0,0.0,0.0,0.0,0.0,0.0,0.0,0.0,0.0,0.0,0.0,0.0,0.0,0.0,0.0,0.0,0.0,0.0,0.0,0.0,0.0,0.0,0.0,0.0,0.0,0.0,come
0.0,0.0,0.17739773005543558,-0.23936496732924167,0.2217065803572121,-0.6204557617876783,0.10262119538299082,-0.9089831011790726,-0.05040781660496693,-1.0,0.05490260823123606,-0.2869685946310703,-0.009011744187463781,-0.7509271581149466,-0.008140819444890741,-0.9041085265305173,0.0030775998377819565,-0.9843698925970289,-0.14600870481523875,-0.2387932152081632,-0.17379934824690385,-0.8336345373738627,-0.08669690156888339,-0.8448213773242665,-0.035029789836773635,-0.7337693312605472,-0.3035800159337122,-0.26016743694382977,-0.26032270199415175,-0.7921944200981951,-0.17909387261229776,-0.755132472528751,-0.151364725775051,-0.6353373836135399,-0.4113950419340291,-0.3136027142713097,-0.32800538289109343,-0.7279044398325076,-0.25951659798623583,-0.6764232029420857,-0.2511820088665901,-0.5553023360949552,0.0,0.0,0.0,0.0,0.0,0.0,0.0,0.0,0.0,0.0,0.0,0.0,0.0,0.0,0.0,0.0,0.0,0.0,0.0,0.0,0.0,0.0,0.0,0.0,0.0,0.0,0.0,0.0,0.0,0.0,0.0,0.0,0.0,0.0,0.0,0.0,0.0,0.0,0.0,0.0,0.0,0.0,come
0.0,0.0,0.1775867614996962,-0.2548009908530299,0.20918436079807107,-0.6152166322544106,0.08201728219241354,-0.8920333106973087,-0.0719404938319124,-1.0,0.023468975357892045,-0.2985852026382424,-0.04070140517476019,-0.7369813074091283,-0.005900854212087637,-0.8511853670472634,0.03550520032881804,-0.905869512024128,-0.1704528396297223,-0.2641767039565388,-0.1703332444388236,-0.8161978626827263,-0.08154330033239215,-0.786259749757373,-0.04755269749015058,-0.6574018425907343,-0.31604610050944804,-0.2930271879733976,-0.25233746738625396,-0.7796196048135002,-0.16874331572855467,-0.7122171298803773,-0.15257899468557462,-0.5826166328042736,-0.41277304131945114,-0.341827524489521,-0.30867147613457346,-0.7144754170023122,-0.24089784371245468,-0.6517454024584373,-0.24301797776904108,-0.5372029021766325,0.0,0.0,0.0,0.0,0.0,0.0,0.0,0.0,0.0,0.0,0.0,0.0,0.0,0.0,0.0,0.0,0.0,0.0,0.0,0.0,0.0,0.0,0.0,0.0,0.0,0.0,0.0,0.0,0.0,0.0,0.0,0.0,0.0,0.0,0.0,0.0,0.0,0.0,0.0,0.0,0.0,0.0,come
0.0,0.0,0.16689722268671237,-0.2487184596107114,0.2087211524471151,-0.5889664828733433,0.08582764544031132,-0.8398573991109296,-0.04905468412377492,-0.9728026237781797,0.02429090451071814,-0.306605484265366,-0.050255330838840255,-0.6729742920989139,-0.03122712989243856,-0.8490776492406853,-0.013881680243050202,-1.0,-0.16209762183455995,-0.2725031000193276,-0.15998488536986324,-0.7551826242559411,-0.0775083553935993,-0.7888979132689514,-0.04069087541071184,-0.7282694617150327,-0.3011286024830558,-0.2943267474662364,-0.2527304329603176,-0.7348888987819259,-0.16727291679787004,-0.7175171179701225,-0.13600534006831985,-0.632383583687492,-0.3937490091882184,-0.34020839079136816,-0.31544569699944186,-0.6881041237314894,-0.24412489331807394,-0.6661634790577678,-0.2252810105085769,-0.5903913516518596,0.0,0.0,0.0,0.0,0.0,0.0,0.0,0.0,0.0,0.0,0.0,0.0,0.0,0.0,0.0,0.0,0.0,0.0,0.0,0.0,0.0,0.0,0.0,0.0,0.0,0.0,0.0,0.0,0.0,0.0,0.0,0.0,0.0,0.0,0.0,0.0,0.0,0.0,0.0,0.0,0.0,0.0,come
0.0,0.0,0.16477004460799125,-0.21700505804742312,0.21359993564784088,-0.5622578891254267,0.10062261790071528,-0.8220315750648297,-0.02971848351661951,-0.9411699663738446,0.030425765399253762,-0.2955426713732702,-0.04876209528693073,-0.656442869837266,-0.035664870527598924,-0.8454918649131958,-0.01730540399408455,-1.0,-0.15201960050545502,-0.2589531421044716,-0.15757239550643293,-0.7334696063837772,-0.07709184199177466,-0.7848380717273685,-0.033167188900221065,-0.7396115787613124,-0.28884784077252723,-0.2801710605219681,-0.24762022110562498,-0.7021129945357161,-0.16784049273522772,-0.7004659881890113,-0.13543627508611003,-0.6305642624373595,-0.37968890358394713,-0.3263948505359227,-0.3085391441109031,-0.6516963600406451,-0.24210952941945582,-0.6414664651805586,-0.223889420822497,-0.5803687712315717,0.0,0.0,0.0,0.0,0.0,0.0,0.0,0.0,0.0,0.0,0.0,0.0,0.0,0.0,0.0,0.0,0.0,0.0,0.0,0.0,0.0,0.0,0.0,0.0,0.0,0.0,0.0,0.0,0.0,0.0,0.0,0.0,0.0,0.0,0.0,0.0,0.0,0.0,0.0,0.0,0.0,0.0,come
0.0,0.0,0.11931095113923432,-0.21887648549082814,0.16100102115481846,-0.5098468177324574,0.07530270592459735,-0.70974126523705,-0.02722883545840264,-0.7466459722271215,0.0023887244247750793,-0.39518623638874795,-0.02125883335097064,-0.6896767940984668,-0.016363576339236855,-0.8559730773300916,-0.015307825265848476,-1.0,-0.13647453760861641,-0.35718824251929476,-0.11487109842431018,-0.7104515059998499,-0.047834183994189636,-0.6707058359585786,-0.02146053177835604,-0.5759322220925804,-0.23722618081766553,-0.34626374014006733,-0.16812796272830136,-0.6486309380062246,-0.10606623848713517,-0.5991343248212979,-0.09411063203965953,-0.5219297293532716,-0.29997609918859347,-0.3464615945391281,-0.2182028760567686,-0.5927808243586578,-0.16277605776353526,-0.5456191192019616,-0.15960563887298515,-0.4688825907122849,0.0,0.0,0.0,0.0,0.0,0.0,0.0,0.0,0.0,0.0,0.0,0.0,0.0,0.0,0.0,0.0,0.0,0.0,0.0,0.0,0.0,0.0,0.0,0.0,0.0,0.0,0.0,0.0,0.0,0.0,0.0,0.0,0.0,0.0,0.0,0.0,0.0,0.0,0.0,0.0,0.0,0.0,come
0.0,0.0,0.12577627034334657,-0.20875213708527668,0.16798018093389322,-0.4969584888658118,0.08129891167286477,-0.7078819904352311,-0.025834573997034472,-0.7649283918376741,0.028063476507896513,-0.3769569019299136,-0.00718807719283104,-0.6833714870772608,-0.012924247243684912,-0.8531242104471888,-0.017990841709408373,-1.0,-0.11441645420518293,-0.34049635364356073,-0.09996814527794927,-0.6945224958603942,-0.035556180430899496,-0.6534911545724287,-0.002970168621219514,-0.5564419041096303,-0.21946140230843492,-0.3311584887266069,-0.15491162460706515,-0.631230898477168,-0.09832575942655004,-0.5768484149085668,-0.08600682150428067,-0.4937874011674187,-0.28896942665908465,-0.3369686693844104,-0.2024082216271986,-0.5734687518633156,-0.15137280395564653,-0.5228002551161862,-0.15296902018076686,-0.44549002794074416,0.0,0.0,0.0,0.0,0.0,0.0,0.0,0.0,0.0,0.0,0.0,0.0,0.0,0.0,0.0,0.0,0.0,0.0,0.0,0.0,0.0,0.0,0.0,0.0,0.0,0.0,0.0,0.0,0.0,0.0,0.0,0.0,0.0,0.0,0.0,0.0,0.0,0.0,0.0,0.0,0.0,0.0,come
0.0,0.0,0.13332992422260384,-0.21241931110593137,0.17209056183730456,-0.5117031600078014,0.07676159850823656,-0.7135010298685669,-0.033895043787252464,-0.7598836462579857,0.029414283064013586,-0.37225372346245145,-0.005651909181290166,-0.6821816088782757,-0.006087165411638228,-0.8540440774232831,-0.007088254741438772,-1.0,-0.11885848702080191,-0.32956388752788734,-0.10988435979278949,-0.6940983536373626,-0.035730968837556665,-0.653498461143273,0.003439237754553541,-0.5491149789982923,-0.2258787181109404,-0.31887394694155197,-0.16242941951565257,-0.6293453080329748,-0.09749335223407747,-0.5708333135129221,-0.08165906355692343,-0.48028693612912127,-0.2939466085690773,-0.3288914998977267,-0.20527064375110005,-0.5735188206696762,-0.14964085414872919,-0.5222951084810746,-0.1518487686767735,-0.4426781815327679,0.0,0.0,0.0,0.0,0.0,0.0,0.0,0.0,0.0,0.0,0.0,0.0,0.0,0.0,0.0,0.0,0.0,0.0,0.0,0.0,0.0,0.0,0.0,0.0,0.0,0.0,0.0,0.0,0.0,0.0,0.0,0.0,0.0,0.0,0.0,0.0,0.0,0.0,0.0,0.0,0.0,0.0,come
0.0,0.0,0.13093648829569063,-0.20495867294060904,0.1719123370626734,-0.5027364762377782,0.07994563412657171,-0.7066482161466932,-0.021468825989968965,-0.7653850828311596,0.0329102058745001,-0.3814546914370639,-0.005973930027742769,-0.6773288278847838,-0.012240455827368973,-0.8530824713361411,-0.018029450015646577,-1.0,-0.11197087535659363,-0.3469236054689332,-0.09779732563158101,-0.6955487163586636,-0.027609030802224398,-0.6417998539652828,0.004247303956047953,-0.5312120498738225,-0.21515311156344233,-0.33488866049033594,-0.1521349682331426,-0.623925912740907,-0.08841775307500692,-0.5530289763119439,-0.07516960028020292,-0.4593861278502369,-0.28238063862914936,-0.3357085506867747,-0.20084115901419866,-0.5613556347294674,-0.14435713622665813,-0.5042487394218135,-0.14459207412362424,-0.42348154038874325,0.0,0.0,0.0,0.0,0.0,0.0,0.0,0.0,0.0,0.0,0.0,0.0,0.0,0.0,0.0,0.0,0.0,0.0,0.0,0.0,0.0,0.0,0.0,0.0,0.0,0.0,0.0,0.0,0.0,0.0,0.0,0.0,0.0,0.0,0.0,0.0,0.0,0.0,0.0,0.0,0.0,0.0,come
0.0,0.0,0.12831453411550484,-0.20609261338280777,0.1677391079775582,-0.502513534322402,0.06800691143201441,-0.6947232011210241,-0.03918400137220804,-0.731458111556831,0.04738745059542297,-0.3820232994335281,-0.001932332506552148,-0.6875183821124542,-0.00751637613036364,-0.8581496898722616,-0.0127949193415921,-1.0,-0.10338923756690847,-0.33873624097368626,-0.10331050034717057,-0.6825356485790718,-0.034464613555302843,-0.6381382741867414,0.0012791769852802586,-0.5361798736037469,-0.2141754129585474,-0.3230307094538447,-0.15718783599594346,-0.6111423098932226,-0.09678136781813591,-0.5502089080140923,-0.08153638846666895,-0.46032031754599584,-0.28975636039261043,-0.32569517696977507,-0.20739613833911466,-0.5511089350027885,-0.15222181897998233,-0.49772316187354854,-0.1525883710214083,-0.42000492289324637,0.0,0.0,0.0,0.0,0.0,0.0,0.0,0.0,0.0,0.0,0.0,0.0,0.0,0.0,0.0,0.0,0.0,0.0,0.0,0.0,0.0,0.0,0.0,0.0,0.0,0.0,0.0,0.0,0.0,0.0,0.0,0.0,0.0,0.0,0.0,0.0,0.0,0.0,0.0,0.0,0.0,0.0,come
0.0,0.0,0.12973129565544148,-0.2044062849824215,0.17206506705804353,-0.49592384087068236,0.07580131263390459,-0.6894982401813134,-0.02744638405952496,-0.7379923606752825,0.0470677722013571,-0.3785958732300985,0.0003192069110017687,-0.6788092352609036,-0.006677031464259646,-0.8549475103828319,-0.015668190072222407,-1.0,-0.1044932922282708,-0.3376921389518996,-0.1042805695949761,-0.6863310092053567,-0.030433354121949828,-0.6455475308435522,0.006888524486957275,-0.5420049735289431,-0.21402884863198443,-0.3230413286877005,-0.15573116580856242,-0.6200572113218609,-0.09040293847422047,-0.5601112354930542,-0.07543070799994492,-0.47007988534127104,-0.2868574546863903,-0.3247595865360591,-0.20428479945543007,-0.5551113928832107,-0.14577648433672838,-0.5053542163839219,-0.1454041582479328,-0.4266352837252676,0.0,0.0,0.0,0.0,0.0,0.0,0.0,0.0,0.0,0.0,0.0,0.0,0.0,0.0,0.0,0.0,0.0,0.0,0.0,0.0,0.0,0.0,0.0,0.0,0.0,0.0,0.0,0.0,0.0,0.0,0.0,0.0,0.0,0.0,0.0,0.0,0.0,0.0,0.0,0.0,0.0,0.0,come
0.0,0.0,0.12061141546700106,-0.18283326314775677,0.16967727574479838,-0.45640615778929683,0.09801796586966317,-0.6509519768500615,0.010128589476291116,-0.7185711526961335,0.03501629664863463,-0.4150707023455086,0.002932807097113088,-0.7186944893102535,0.0068906348199408276,-0.8774419789679133,0.006592120903295741,-1.0,-0.10239862688512152,-0.3782783093154523,-0.09471441185879088,-0.7074620125685415,-0.030083814845699015,-0.6616240336379732,-0.0024893358053070126,-0.5608388560455333,-0.20146974493889924,-0.35197935610425335,-0.1467049714483109,-0.6137087418142079,-0.08927163095719531,-0.5570512918159032,-0.07826297823035054,-0.4744961011379891,-0.27281027143391345,-0.33639545551258154,-0.2027437728522845,-0.5408583245580888,-0.15173253546173346,-0.4922410950718915,-0.1538211501163836,-0.42181613409982205,0.0,0.0,0.0,0.0,0.0,0.0,0.0,0.0,0.0,0.0,0.0,0.0,0.0,0.0,0.0,0.0,0.0,0.0,0.0,0.0,0.0,0.0,0.0,0.0,0.0,0.0,0.0,0.0,0.0,0.0,0.0,0.0,0.0,0.0,0.0,0.0,0.0,0.0,0.0,0.0,0.0,0.0,come
0.0,0.0,0.1250223454730194,-0.19535388801528297,0.1660198910486885,-0.4683591740385504,0.08093487880324803,-0.6552141417919408,-0.016102081154877112,-0.7111742403570036,0.03976220778367108,-0.39526370568835095,-0.016790212573667293,-0.6947010484968925,-0.025085870893738878,-0.8647645908965331,-0.03537946312166197,-1.0,-0.09826332317751292,-0.3531499173247818,-0.10905172967908142,-0.6751840211858127,-0.04574970305079681,-0.6517104201337017,-0.012974563878218446,-0.5610558366375527,-0.19604201943407315,-0.325469424722619,-0.14782697703164313,-0.5958012583321024,-0.09252153715509444,-0.5487980257880706,-0.0806275603303516,-0.46481882642182093,-0.2645376554875024,-0.3130377012093115,-0.19938516900939396,-0.5336635005829834,-0.14720409318128952,-0.4919193675885493,-0.14520082304107515,-0.41852215955383276,0.0,0.0,0.0,0.0,0.0,0.0,0.0,0.0,0.0,0.0,0.0,0.0,0.0,0.0,0.0,0.0,0.0,0.0,0.0,0.0,0.0,0.0,0.0,0.0,0.0,0.0,0.0,0.0,0.0,0.0,0.0,0.0,0.0,0.0,0.0,0.0,0.0,0.0,0.0,0.0,0.0,0.0,come
0.0,0.0,0.13229069538502689,-0.18530846357020533,0.1808612783830939,-0.46642965846796614,0.10282317132819939,-0.6653171811131461,0.0029453902895982625,-0.733702590620964,0.04343986319401363,-0.37429241165129334,-0.014513718366401796,-0.6766217539844991,-0.023408088740624618,-0.8546572606359596,-0.02525908067070596,-1.0,-0.09534267744967291,-0.33468232357191413,-0.09698365584527352,-0.6885479471053175,-0.02779608379242837,-0.6545733047536613,0.015964000510174388,-0.549217092823258,-0.19881483517776233,-0.31538782540643684,-0.15397360219028267,-0.6129319301061088,-0.09362864010044987,-0.5662569173827063,-0.07519896181988615,-0.4759483733238233,-0.26848583461186504,-0.3157390036987643,-0.20157361556378603,-0.5473802173689614,-0.14833122205340238,-0.5099353985489748,-0.1453390245019918,-0.43909372225462406,0.0,0.0,0.0,0.0,0.0,0.0,0.0,0.0,0.0,0.0,0.0,0.0,0.0,0.0,0.0,0.0,0.0,0.0,0.0,0.0,0.0,0.0,0.0,0.0,0.0,0.0,0.0,0.0,0.0,0.0,0.0,0.0,0.0,0.0,0.0,0.0,0.0,0.0,0.0,0.0,0.0,0.0,come
0.0,0.0,0.1345561450618345,-0.1898622745265806,0.18277164716712313,-0.47672086814030507,0.10166322257490741,-0.6720470892013399,0.004724962853465037,-0.7432080091367107,0.04322112342326169,-0.3579907385125853,-0.026090045492568784,-0.6712314569717712,-0.03191966417240576,-0.8564240269008394,-0.03259524091453687,-1.0,-0.10006964577420764,-0.31529393190502203,-0.10271593054775702,-0.6780394268929454,-0.026690501564165147,-0.6677096980785661,0.018483250000318308,-0.5734846951183024,-0.2068871649331617,-0.3001412013959712,-0.15148045016380127,-0.6199382991916252,-0.08604397996951883,-0.5763945388545753,-0.06698013631218623,-0.4864929214683417,-0.2796415343460618,-0.30837850122803195,-0.20264119184673346,-0.5586915252424551,-0.14309545545407898,-0.5250985799646806,-0.13636158761807632,-0.45245078004540346,0.0,0.0,0.0,0.0,0.0,0.0,0.0,0.0,0.0,0.0,0.0,0.0,0.0,0.0,0.0,0.0,0.0,0.0,0.0,0.0,0.0,0.0,0.0,0.0,0.0,0.0,0.0,0.0,0.0,0.0,0.0,0.0,0.0,0.0,0.0,0.0,0.0,0.0,0.0,0.0,0.0,0.0,come
0.0,0.0,0.1395844822709737,-0.16436466616803094,0.19270053006471694,-0.45460700467155146,0.11653250684592802,-0.6677155033165463,0.009000451969185653,-0.7332881621973798,0.06300110117535193,-0.3150544928392663,-0.02385716639298424,-0.6417114188351777,-0.04765735321378967,-0.8415648189042235,-0.05791960620669971,-1.0,-0.0857944770035861,-0.27088991005220203,-0.09581050605337052,-0.649296921066276,-0.025433773107343585,-0.6206542440886272,0.015075350972249402,-0.5115089711887048,-0.19750228369484424,-0.2568172448546286,-0.15471552368480962,-0.5971637064360876,-0.09267843436636525,-0.5578307851088916,-0.0744514169221079,-0.46609290042265433,-0.2747092172579522,-0.269241112024675,-0.20799799823801632,-0.5431658933172243,-0.14775653892155977,-0.5130265357219376,-0.13982658099620401,-0.43425034348884634,0.0,0.0,0.0,0.0,0.0,0.0,0.0,0.0,0.0,0.0,0.0,0.0,0.0,0.0,0.0,0.0,0.0,0.0,0.0,0.0,0.0,0.0,0.0,0.0,0.0,0.0,0.0,0.0,0.0,0.0,0.0,0.0,0.0,0.0,0.0,0.0,0.0,0.0,0.0,0.0,0.0,0.0,come
0.0,0.0,0.1462462459101615,-0.15825877381227507,0.2091389669349112,-0.45023701058335774,0.14675462535764228,-0.67984937195413,0.0394476710513578,-0.7729619915715892,0.053986148128956586,-0.30651811280148133,-0.027530271939636867,-0.6236408474072648,-0.05323686900933437,-0.8387231254172377,-0.06507872466986113,-1.0,-0.10134797495986404,-0.26374149366750027,-0.10859846753114488,-0.6647571893583339,-0.02564532293706223,-0.6767101218711721,0.026417824673162657,-0.5891916347099215,-0.21895164155919444,-0.25661746642932964,-0.15685394541062342,-0.6227869266182107,-0.08791942703369965,-0.5840728664151164,-0.07009257150467446,-0.4850261688110748,-0.29803010658341594,-0.2756197221008242,-0.21494741896006325,-0.5704856772414442,-0.15306837913411536,-0.5331316789504049,-0.1483947576202358,-0.4442923005554962,0.0,0.0,0.0,0.0,0.0,0.0,0.0,0.0,0.0,0.0,0.0,0.0,0.0,0.0,0.0,0.0,0.0,0.0,0.0,0.0,0.0,0.0,0.0,0.0,0.0,0.0,0.0,0.0,0.0,0.0,0.0,0.0,0.0,0.0,0.0,0.0,0.0,0.0,0.0,0.0,0.0,0.0,come
0.0,0.0,0.1699475610633974,-0.15914414339585028,0.23900678153512925,-0.4339104151894263,0.15198344383309886,-0.6365296516204544,0.040263415819812666,-0.7243929216033089,0.14773656902526763,-0.1621832876791377,0.04371349157983918,-0.5937650911670425,0.016368479049343545,-0.8374151069485598,-0.006962519843472995,-1.0,-0.02757262776690218,-0.09553952825649352,-0.08259722682455761,-0.5792154939236058,-0.00031417314320903675,-0.6090540736278459,0.0489463104910806,-0.5075682794707086,-0.16793283106432128,-0.08662144088896427,-0.1582074527814961,-0.547330708617816,-0.08219299848538235,-0.536095667179311,-0.054128710150211486,-0.4283331132955568,-0.273033656453708,-0.11952306301911064,-0.2413831895218885,-0.47694455834920957,-0.17198793784967428,-0.46795506799458736,-0.14912062121181652,-0.3759244865323766,0.0,0.0,0.0,0.0,0.0,0.0,0.0,0.0,0.0,0.0,0.0,0.0,0.0,0.0,0.0,0.0,0.0,0.0,0.0,0.0,0.0,0.0,0.0,0.0,0.0,0.0,0.0,0.0,0.0,0.0,0.0,0.0,0.0,0.0,0.0,0.0,0.0,0.0,0.0,0.0,0.0,0.0,come
0.0,0.0,0.21423782816359488,-0.15649321863933133,0.3072775602131923,-0.44293059662135387,0.23401860384120954,-0.6596884881242181,0.1138593882787921,-0.7633616823905773,0.17963065776897588,-0.0693848390314508,0.09482218357595398,-0.5762350611261028,0.0899224282657614,-0.8281708783043139,0.08304092057132471,-1.0,-0.021176212747375567,-0.003175571144281572,-0.028520879744444654,-0.5793354806179916,0.06110888746089714,-0.6136940215370731,0.10001757952749805,-0.5125627408701502,-0.18189844992267987,-0.01486910204369456,-0.1284037160009124,-0.5742056354469487,-0.04559619593591782,-0.5492794545645359,-0.02584521606762192,-0.4256248595044824,-0.2947903020599829,-0.08775892144467298,-0.22105775785210618,-0.5056530926891347,-0.14479306644895862,-0.4860557267711043,-0.13378384597023266,-0.3765541411374517,0.0,0.0,0.0,0.0,0.0,0.0,0.0,0.0,0.0,0.0,0.0,0.0,0.0,0.0,0.0,0.0,0.0,0.0,0.0,0.0,0.0,0.0,0.0,0.0,0.0,0.0,0.0,0.0,0.0,0.0,0.0,0.0,0.0,0.0,0.0,0.0,0.0,0.0,0.0,0.0,0.0,0.0,come
0.0,0.0,0.17742602275506283,-0.1719599748459899,0.2354511418290226,-0.4566559141037137,0.15966216767010982,-0.67476592796171,0.04046942506783431,-0.7738904868931304,0.12571793737117304,-0.14458752081610787,0.04929225233198635,-0.59776001211119,0.0405381327805662,-0.825400892035728,0.03424002282493508,-1.0,-0.05466892198763261,-0.09000361006626219,-0.08003051088260298,-0.6315901177347416,-0.004491912287035204,-0.6649776991067997,0.04191461611021183,-0.5852074623563251,-0.20520737501601238,-0.10485495685388548,-0.1718400274830851,-0.610327700853606,-0.09116872983894446,-0.6085928311071258,-0.06136297469460004,-0.5169146161102118,-0.3164651046336947,-0.1666761770562821,-0.24675195933435037,-0.5596225733949762,-0.1738869932806186,-0.5506285591177464,-0.15752058320038198,-0.4619938628873543,0.0,0.0,0.0,0.0,0.0,0.0,0.0,0.0,0.0,0.0,0.0,0.0,0.0,0.0,0.0,0.0,0.0,0.0,0.0,0.0,0.0,0.0,0.0,0.0,0.0,0.0,0.0,0.0,0.0,0.0,0.0,0.0,0.0,0.0,0.0,0.0,0.0,0.0,0.0,0.0,0.0,0.0,come
0.0,0.0,0.1836948975913382,-0.22213730363998999,0.22918335959600095,-0.4992987001947268,0.1301501458483209,-0.7652932157311543,0.04333497573392481,-1.0,0.19949539471923608,0.11709345469256938,0.10051334201234477,-0.2059857630629879,0.03882257193635882,-0.45200779536843033,0.002348685318670317,-0.6015373499210546,-0.011736736303402289,0.24093032810756096,-0.07586119773506136,-0.33201272257020475,-0.0067316123283940625,-0.5255451012122805,0.05538969758315243,-0.5357973802398744,-0.20912114777040183,0.23840769525020897,-0.19346547574258283,-0.37835950942071533,-0.09987028708427718,-0.44649420935727563,-0.03541524661982939,-0.3468380115513759,-0.3672935730713468,0.17875943134109618,-0.31847865954924764,-0.32002962617808134,-0.24328334243737496,-0.3547006764276685,-0.20425651988432883,-0.2544895781024449,0.0,0.0,0.0,0.0,0.0,0.0,0.0,0.0,0.0,0.0,0.0,0.0,0.0,0.0,0.0,0.0,0.0,0.0,0.0,0.0,0.0,0.0,0.0,0.0,0.0,0.0,0.0,0.0,0.0,0.0,0.0,0.0,0.0,0.0,0.0,0.0,0.0,0.0,0.0,0.0,0.0,0.0,come
0.0,0.0,0.2089558515035528,-0.13034820878191436,0.37299864768649266,-0.26775950800636494,0.30063219461846125,-0.5157360551629228,0.18040865671784434,-0.72660234815144,0.2869594927151875,0.4986022908095245,0.15686932255305322,-0.13177745602591853,0.08523302320914031,-0.6209460460360011,0.053313645942342704,-1.0,-0.012968352041133268,0.5770030247860429,-0.0984312207615962,-0.0514615020714767,-0.09938357440830312,-0.5358893492170439,-0.08643290279111773,-0.8402052840575139,-0.2721600221722073,0.5290527593407591,-0.30736413549894637,-0.056820581924872535,-0.24690281978869505,-0.3161938347883844,-0.1838080766087991,-0.4077277788131179,-0.47036760946332745,0.41673523804062673,-0.4739223303754462,-0.027411347009380183,-0.3729317487850682,-0.23130151812721303,-0.28807144802672136,-0.27317831902174694,0.0,0.0,0.0,0.0,0.0,0.0,0.0,0.0,0.0,0.0,0.0,0.0,0.0,0.0,0.0,0.0,0.0,0.0,0.0,0.0,0.0,0.0,0.0,0.0,0.0,0.0,0.0,0.0,0.0,0.0,0.0,0.0,0.0,0.0,0.0,0.0,0.0,0.0,0.0,0.0,0.0,0.0,come
0.0,0.0,0.2226604160179768,-0.09184882604369213,0.40640640684232643,-0.24984377007309602,0.3532734252349981,-0.566021351786247,0.230619323736715,-0.83854731208316,0.30927602943001664,0.3887096387876993,0.19696815957879976,-0.20242738846707414,0.17336230754323814,-0.6254793047060591,0.15471966798690934,-0.9307658641420201,0.02296133554268942,0.4060427776047938,-0.0003832260227888838,-0.24049044221234642,0.00709272981041199,-0.7075571736209851,0.01744897759216477,-1.0,-0.22237691585793637,0.31083288514759644,-0.21645171896468007,-0.23185958250137723,-0.18211292538632884,-0.43496850361125206,-0.13873696541602887,-0.4916454549611439,-0.3948924245360461,0.17902839138699514,-0.36583235167955336,-0.20506424479433175,-0.29157316459775423,-0.35952131585880737,-0.2340857773064872,-0.3897012361216656,0.0,0.0,0.0,0.0,0.0,0.0,0.0,0.0,0.0,0.0,0.0,0.0,0.0,0.0,0.0,0.0,0.0,0.0,0.0,0.0,0.0,0.0,0.0,0.0,0.0,0.0,0.0,0.0,0.0,0.0,0.0,0.0,0.0,0.0,0.0,0.0,0.0,0.0,0.0,0.0,0.0,0.0,come
0.0,0.0,0.26344512843680573,-0.18845549066522216,0.4706661213246985,-0.39614579929514915,0.42217747152854385,-0.6868589399166197,0.34127752569722997,-0.9071834914898144,0.5091461743091299,0.3537308408427507,0.4041247151757851,-0.3668497509775584,0.33775656109986557,-0.7766572438007557,0.2935131353581164,-1.0,0.2240346679591125,0.48299607660811916,0.17194939285017205,-0.3365010318367132,0.1987623442102008,-0.6944261079908681,0.2335816247535544,-0.8158467530587763,-0.047902553384665654,0.518217784434946,-0.09606443661276846,-0.1980320538265681,-0.057729674132588275,-0.40090310384378364,-0.009534894941258774,-0.3884212788634664,-0.28556711544070723,0.49579370283541274,-0.3343304465298048,-0.038256908700543664,-0.28283017130024585,-0.2280085003168978,-0.22245620999028473,-0.22006083560132725,0.0,0.0,0.0,0.0,0.0,0.0,0.0,0.0,0.0,0.0,0.0,0.0,0.0,0.0,0.0,0.0,0.0,0.0,0.0,0.0,0.0,0.0,0.0,0.0,0.0,0.0,0.0,0.0,0.0,0.0,0.0,0.0,0.0,0.0,0.0,0.0,0.0,0.0,0.0,0.0,0.0,0.0,come
0.0,0.0,0.10593587521663778,-0.168418097688756,0.21579769007898184,-0.4279282482437456,0.18869853612393667,-0.7129549393414212,0.17316841851111964,-1.0,0.275136597563073,0.009725134613094844,0.2979042361781788,0.03679865585351978,0.27459748369428605,-0.08040321086959398,0.26153885588791725,-0.2043241562702581,0.08697221413735166,0.13243555439427415,0.08521223887705558,0.09783428367311839,0.05731474989085425,-0.03371983608292431,0.030095700980327305,-0.11006935716459179,-0.09643192612486275,0.1940102960826597,-0.10556130683847752,0.16639435352640003,-0.14529780253218147,0.10415770899757895,-0.1754220302432958,0.08062687697619961,-0.26074796261261857,0.21065998452114781,-0.2788111712331486,0.1876368456216016,-0.29514499847857434,0.16499943773400189,-0.3025189516715837,0.17631173349914667,0.0,0.0,0.0,0.0,0.0,0.0,0.0,0.0,0.0,0.0,0.0,0.0,0.0,0.0,0.0,0.0,0.0,0.0,0.0,0.0,0.0,0.0,0.0,0.0,0.0,0.0,0.0,0.0,0.0,0.0,0.0,0.0,0.0,0.0,0.0,0.0,0.0,0.0,0.0,0.0,0.0,0.0,come
0.0,0.0,0.14230304934415236,-0.21050661285352634,0.14011274175130353,-0.5132620792575721,0.04363021188923999,-0.7809358894574983,-0.048718453758360473,-1.0,0.2119387835249621,-0.021980412178042547,0.08453456265746688,-0.42078363371618804,-0.0016257529711016187,-0.6777980919697181,-0.05474584770800732,-0.874191805982684,0.019164164315362726,0.06041217804254702,-0.1248286820815535,-0.4852740905438309,-0.10868643171752936,-0.5937512310360037,-0.07117037538290506,-0.5637674837321991,-0.17020065131622672,0.06995160442508352,-0.27206675085039667,-0.4170528847025273,-0.22404069820132802,-0.4895225090779465,-0.17925600111170858,-0.4525862329392004,-0.3425650258895179,0.03259577913250479,-0.4074769652772323,-0.33588559068581547,-0.34094942330117034,-0.385168840741703,-0.2857153905178508,-0.3394476500051356,0.0,0.0,0.0,0.0,0.0,0.0,0.0,0.0,0.0,0.0,0.0,0.0,0.0,0.0,0.0,0.0,0.0,0.0,0.0,0.0,0.0,0.0,0.0,0.0,0.0,0.0,0.0,0.0,0.0,0.0,0.0,0.0,0.0,0.0,0.0,0.0,0.0,0.0,0.0,0.0,0.0,0.0,come
0.0,0.0,0.07647256815886906,-0.2184186757057844,0.12687947578556802,-0.4960945707495691,0.07236552669066974,-0.766656127073495,0.03122666131753981,-1.0,0.19305180153379412,-0.0689708710577105,0.12778248092956945,-0.22968198760861164,0.062304181725252074,-0.438884299066056,0.018437714970868792,-0.619085956615408,0.07457612136171544,0.07134443277156169,-0.010190766636407835,-0.11442575649913246,-0.04276241603740762,-0.3549179668331469,-0.06040932153352214,-0.5277747745603686,-0.04729466775915783,0.15744678922060276,-0.1354949698941621,-0.007951159751900243,-0.15905628709398484,-0.21931306784891436,-0.17459436732408795,-0.368106511088672,-0.15838583297351388,0.20022348470682366,-0.23127584608567442,0.10486940537428589,-0.25673814324100425,-0.05194659486143835,-0.27578556801040816,-0.15311036993972033,0.0,0.0,0.0,0.0,0.0,0.0,0.0,0.0,0.0,0.0,0.0,0.0,0.0,0.0,0.0,0.0,0.0,0.0,0.0,0.0,0.0,0.0,0.0,0.0,0.0,0.0,0.0,0.0,0.0,0.0,0.0,0.0,0.0,0.0,0.0,0.0,0.0,0.0,0.0,0.0,0.0,0.0,come
0.0,0.0,0.15052968130280156,-0.21154797269882522,0.17721491545481732,-0.4715847973612747,0.08123104808311331,-0.7682792281146075,-0.030967913064381097,-1.0,0.15664105348375207,-0.08280809411436645,0.0892843972974277,-0.5180985160676974,0.04420192225333098,-0.7778326839176799,0.01507715517048994,-0.9367281480824969,-0.018999791498361635,-0.009434008381298275,-0.08353349278076361,-0.5234893779998678,-0.05518959727727891,-0.6094356236845109,-0.020914138345194122,-0.6047161752850532,-0.18579005011478217,-0.0061538801602295775,-0.2319664680056255,-0.518386507627313,-0.17880960229747125,-0.5464500630074522,-0.13515156963901587,-0.4793016959195953,-0.31863386155873785,-0.05967503925080537,-0.34366043435928467,-0.45203240213228524,-0.27721961258652766,-0.49546875567880033,-0.22912629737009507,-0.4443142283345863,0.0,0.0,0.0,0.0,0.0,0.0,0.0,0.0,0.0,0.0,0.0,0.0,0.0,0.0,0.0,0.0,0.0,0.0,0.0,0.0,0.0,0.0,0.0,0.0,0.0,0.0,0.0,0.0,0.0,0.0,0.0,0.0,0.0,0.0,0.0,0.0,0.0,0.0,0.0,0.0,0.0,0.0,come
0.0,0.0,0.15928534799442584,-0.18211654272222783,0.19526672678019608,-0.4816483434782857,0.1253386151901678,-0.7370003221729325,0.036539748323842894,-0.8898119005724765,0.1239290609516874,-0.1858245816041162,0.049725581102746476,-0.5545013658988529,0.014129666026768949,-0.8026934800967662,-0.012624794352632572,-1.0,-0.06253147858312538,-0.1474938186642977,-0.0922707091426578,-0.6618013470260007,-0.01060463662134005,-0.7344465774368379,0.04667790141508265,-0.6769840800818967,-0.21293266966980134,-0.16406532675770116,-0.17385671501802452,-0.6529789558165559,-0.08758909797297941,-0.6565989213878981,-0.054301580553718046,-0.5634829372258432,-0.3230634833184956,-0.20753389011424747,-0.2458093689413855,-0.598405529936347,-0.17769838894470255,-0.5788913819693726,-0.15783328217964288,-0.47940209278961726,0.0,0.0,0.0,0.0,0.0,0.0,0.0,0.0,0.0,0.0,0.0,0.0,0.0,0.0,0.0,0.0,0.0,0.0,0.0,0.0,0.0,0.0,0.0,0.0,0.0,0.0,0.0,0.0,0.0,0.0,0.0,0.0,0.0,0.0,0.0,0.0,0.0,0.0,0.0,0.0,0.0,0.0,come
0.0,0.0,0.16374613808611313,-0.13098355514709156,0.2239784745188704,-0.40357028971814995,0.1640541348900692,-0.6242407664437812,0.07438205255797281,-0.7396884549673388,0.13758124899628985,-0.2120651977131732,0.08178930974091006,-0.5854519655241436,0.061810078090710006,-0.8209935106326498,0.04575863009353012,-1.0,-0.023593907203267008,-0.19632240604201354,-0.03476851929712096,-0.6541354176868649,0.05036539171158836,-0.6963355964832965,0.10642064515107837,-0.6307632747776669,-0.14995305851708443,-0.21113494184169557,-0.0919373757419211,-0.6463021092504895,-0.007330257981948221,-0.6342358233259104,0.019214515816823024,-0.5521846833255345,-0.23851269200748293,-0.2518465793393502,-0.1579431683242105,-0.5946704351757411,-0.08981998015498109,-0.5779690281843457,-0.07466877977536018,-0.49596273568433163,0.0,0.0,0.0,0.0,0.0,0.0,0.0,0.0,0.0,0.0,0.0,0.0,0.0,0.0,0.0,0.0,0.0,0.0,0.0,0.0,0.0,0.0,0.0,0.0,0.0,0.0,0.0,0.0,0.0,0.0,0.0,0.0,0.0,0.0,0.0,0.0,0.0,0.0,0.0,0.0,0.0,0.0,come
0.0,0.0,0.16494254757394264,-0.13484136034404745,0.2243358326924474,-0.41288741617351804,0.14088317570201925,-0.6178698384110882,0.03200333782296658,-0.708547801581381,0.16577766218312795,-0.20990350390700216,0.09167631221294995,-0.6003447853846049,0.048624918732806645,-0.8308970333335914,0.0007379316467751811,-1.0,-0.007951707644658898,-0.16775311179022054,-0.04075869915169157,-0.625881667718933,0.03368954457922495,-0.6204957549987868,0.07195097103074721,-0.5145874097330878,-0.1465904510656606,-0.16548891348295008,-0.11464641132145274,-0.6077651163568315,-0.042195689260277884,-0.5637183387379688,-0.02681459121469314,-0.45580637727776685,-0.2434004944471467,-0.20245517106425062,-0.19024997928685167,-0.5531512563862796,-0.12351625088555916,-0.5200912597432097,-0.11477143143750237,-0.426200329005507,0.0,0.0,0.0,0.0,0.0,0.0,0.0,0.0,0.0,0.0,0.0,0.0,0.0,0.0,0.0,0.0,0.0,0.0,0.0,0.0,0.0,0.0,0.0,0.0,0.0,0.0,0.0,0.0,0.0,0.0,0.0,0.0,0.0,0.0,0.0,0.0,0.0,0.0,0.0,0.0,0.0,0.0,come
0.0,0.0,0.1721483848885451,-0.15154279396135578,0.2394212749415702,-0.44401623913079463,0.14112038895882922,-0.6636643841772956,0.014526685297513598,-0.7652465229133253,0.18421880286870665,-0.23035213083859635,0.10368901092700775,-0.5782548078317905,0.051457554365828266,-0.8166946437887318,-0.006244258697633671,-1.0,0.0018861641131869339,-0.19156998377261658,-0.03852317105534593,-0.6719927322965868,0.030529622850832844,-0.7411542783281933,0.07224594141873644,-0.6955862478220651,-0.14612387668042948,-0.19889019434948163,-0.11373834808191331,-0.6591446743229824,-0.02919042319172003,-0.6109546674507736,0.0005563979444958342,-0.4894701777999356,-0.2517243263553389,-0.24046038281104132,-0.19515987185404218,-0.5965835457500257,-0.11679978270933761,-0.5618104541228892,-0.09884838440797104,-0.4638861957954755,0.0,0.0,0.0,0.0,0.0,0.0,0.0,0.0,0.0,0.0,0.0,0.0,0.0,0.0,0.0,0.0,0.0,0.0,0.0,0.0,0.0,0.0,0.0,0.0,0.0,0.0,0.0,0.0,0.0,0.0,0.0,0.0,0.0,0.0,0.0,0.0,0.0,0.0,0.0,0.0,0.0,0.0,come
0.0,0.0,0.17013668921570632,-0.1546643404638394,0.24763514079045018,-0.4649592759507703,0.17014078115031722,-0.696303309073121,0.052538208439429135,-0.7990480672118859,0.1521355248743125,-0.25643968209388013,0.07257622623190481,-0.6487883223626086,0.04737121100804809,-0.8510708778873713,0.018108856620471205,-1.0,-0.02116906571832982,-0.2073256789356506,-0.057611649365843134,-0.6858731537470031,0.013125624252524445,-0.6837341879276769,0.051306536121552775,-0.5716704207066771,-0.15785642145438517,-0.20427848962973572,-0.13553119821145257,-0.6562295054525029,-0.06082084208294351,-0.6103066532996803,-0.03822703913191467,-0.497780869461706,-0.2560885197054551,-0.23478516413307715,-0.2141359601073575,-0.5881296696878784,-0.14139773046426718,-0.5593399337478587,-0.12448502072936875,-0.46907464618715394,0.0,0.0,0.0,0.0,0.0,0.0,0.0,0.0,0.0,0.0,0.0,0.0,0.0,0.0,0.0,0.0,0.0,0.0,0.0,0.0,0.0,0.0,0.0,0.0,0.0,0.0,0.0,0.0,0.0,0.0,0.0,0.0,0.0,0.0,0.0,0.0,0.0,0.0,0.0,0.0,0.0,0.0,come
0.0,0.0,0.1555850953073439,-0.16488641539739202,0.2063436802051643,-0.45494271675764575,0.13201714860327501,-0.6744491696942136,0.021717640321687156,-0.7788771895924569,0.12196752515182155,-0.2761713224165812,0.06311937928023323,-0.6101550485305176,0.022046723521434552,-0.8291253068497243,-0.029041129662297337,-1.0,-0.04471959353597677,-0.2345672842806876,-0.05669855516187729,-0.6665898559085705,0.021371344108679635,-0.6621973910624482,0.05609332340531149,-0.5654069517252714,-0.17535692478598025,-0.23100511596666154,-0.13134695160311455,-0.6586829749787567,-0.05591804680792072,-0.6047020399641747,-0.036215624640817165,-0.4872069368813611,-0.2628498382994727,-0.2607166277152834,-0.2068930159401757,-0.6048288239865746,-0.1380613223777131,-0.5645281626181845,-0.12643735601453224,-0.46161766417929373,0.0,0.0,0.0,0.0,0.0,0.0,0.0,0.0,0.0,0.0,0.0,0.0,0.0,0.0,0.0,0.0,0.0,0.0,0.0,0.0,0.0,0.0,0.0,0.0,0.0,0.0,0.0,0.0,0.0,0.0,0.0,0.0,0.0,0.0,0.0,0.0,0.0,0.0,0.0,0.0,0.0,0.0,come
0.0,0.0,0.15902067730749664,-0.16518861985728023,0.20378288902609684,-0.4545856311054819,0.12031337510963638,-0.6726818227793067,0.012587237344452211,-0.7833990899991999,0.12437822398881672,-0.25424336180985696,0.06863237205566886,-0.5954625258711658,0.023055907381604034,-0.8208132113155309,-0.03132732100776399,-1.0,-0.04602161478343702,-0.2175002679580989,-0.060834225268977096,-0.6685569663822034,0.01513831166772592,-0.6990811679048092,0.05151230267339153,-0.6390462880632592,-0.1822986879865704,-0.21681905053765227,-0.12976814453735336,-0.6625584790245419,-0.05108413582380887,-0.6018712533041876,-0.03134958794837693,-0.48111272808517896,-0.2757041636914512,-0.25183494686881525,-0.20214909943434423,-0.6078842707841133,-0.13349578135826828,-0.5651734481452015,-0.12683494686881527,-0.46039088670731576,0.0,0.0,0.0,0.0,0.0,0.0,0.0,0.0,0.0,0.0,0.0,0.0,0.0,0.0,0.0,0.0,0.0,0.0,0.0,0.0,0.0,0.0,0.0,0.0,0.0,0.0,0.0,0.0,0.0,0.0,0.0,0.0,0.0,0.0,0.0,0.0,0.0,0.0,0.0,0.0,0.0,0.0,come
0.0,0.0,0.1454822296549669,-0.15804969469353056,0.1921587846298238,-0.45377674171823223,0.11870930083072193,-0.6745173690659934,0.0189004285511523,-0.7780120636369109,0.1040061395693087,-0.28440391856413444,0.05119948992975387,-0.63810649797094,0.01748536260391455,-0.8413769964561116,-0.021356776451162483,-1.0,-0.05206781318528614,-0.24476609519081932,-0.06422786853206926,-0.6717951738021264,-0.0007234169356103194,-0.6468285579889084,0.029193607476274377,-0.5402930600276288,-0.17484359406315092,-0.24374227630737083,-0.12998171207931652,-0.6373442535726839,-0.06795809160605991,-0.5772599626810493,-0.0562074895017229,-0.47770337602001045,-0.2603117566584454,-0.27417278926831223,-0.18978120631910453,-0.5849307087702507,-0.13508352920456834,-0.5354043295035955,-0.13592863029344646,-0.44640676913153554,0.0,0.0,0.0,0.0,0.0,0.0,0.0,0.0,0.0,0.0,0.0,0.0,0.0,0.0,0.0,0.0,0.0,0.0,0.0,0.0,0.0,0.0,0.0,0.0,0.0,0.0,0.0,0.0,0.0,0.0,0.0,0.0,0.0,0.0,0.0,0.0,0.0,0.0,0.0,0.0,0.0,0.0,come
0.0,0.0,0.15006579714357351,-0.17543742324332007,0.19503542984539268,-0.45849190391700617,0.10497099815225013,-0.6620346489035672,0.014118837306980407,-0.7749015039118957,0.12763547903354855,-0.2973316223946647,0.054127732697507216,-0.6537211718279629,0.011064141035857846,-0.8497723051518206,-0.0354649797897366,-1.0,-0.03143250921878668,-0.2615244814881653,-0.03309121208878781,-0.686000699493905,0.03122968792670326,-0.7049089939265404,0.060376265437175704,-0.629691639770221,-0.1619725648269551,-0.2635139667213379,-0.11673183831150476,-0.6659227889684382,-0.05261934915126476,-0.6072557320970284,-0.03459200979930274,-0.49494783340546533,-0.25723389287522336,-0.296632527744196,-0.19136129019894055,-0.6096452703512002,-0.13300185892900776,-0.5637300033377677,-0.12682818641033464,-0.4713057778515955,0.0,0.0,0.0,0.0,0.0,0.0,0.0,0.0,0.0,0.0,0.0,0.0,0.0,0.0,0.0,0.0,0.0,0.0,0.0,0.0,0.0,0.0,0.0,0.0,0.0,0.0,0.0,0.0,0.0,0.0,0.0,0.0,0.0,0.0,0.0,0.0,0.0,0.0,0.0,0.0,0.0,0.0,come
0.0,0.0,0.1499113654815705,-0.15131090910188036,0.20397871370067558,-0.43351106953357044,0.12329726248099959,-0.6396144033476928,0.03378389294639748,-0.7499151806491585,0.11709703119619713,-0.30639533039059336,0.05018658310671043,-0.6471441037460858,0.020839379692680463,-0.8500676121664137,-0.01150993238004753,-1.0,-0.035097205993161115,-0.26935511404723295,-0.04071873864330694,-0.6635302485367567,0.02049835042664669,-0.6298172087027087,0.04111913658864454,-0.5119485793269694,-0.15209866334824948,-0.2606419330909145,-0.11669118301144803,-0.6318639682531341,-0.05431455550669805,-0.5699992739502499,-0.0428780067072982,-0.46180618208977364,-0.23504021206102946,-0.2790872951220941,-0.18366606071683494,-0.5781002762298124,-0.12616720283396876,-0.5327367656994633,-0.12220254296491856,-0.44360763804337183,0.0,0.0,0.0,0.0,0.0,0.0,0.0,0.0,0.0,0.0,0.0,0.0,0.0,0.0,0.0,0.0,0.0,0.0,0.0,0.0,0.0,0.0,0.0,0.0,0.0,0.0,0.0,0.0,0.0,0.0,0.0,0.0,0.0,0.0,0.0,0.0,0.0,0.0,0.0,0.0,0.0,0.0,come
0.0,0.0,0.15022894936593734,-0.17487001269060343,0.20220963550852938,-0.4863928766019443,0.11446214536648473,-0.7080391955194435,0.013535297812677174,-0.8147227149901272,0.11576010594486345,-0.3351791942104328,0.05072055087248961,-0.6775245843253622,0.022031967060531545,-0.8656638426603177,-0.010245983504765565,-1.0,-0.043821894648441384,-0.29799436615408414,-0.06815419295667259,-0.7223915624912343,-0.0019040155177264696,-0.7024597500469629,0.028821822397852543,-0.5921834637952299,-0.16522774660613485,-0.2906775065216782,-0.13640082416671695,-0.6775547595712905,-0.06716329738087365,-0.6232745921879264,-0.048013066306490396,-0.525515082947926,-0.2526333214615699,-0.30812241119765127,-0.2037613231547837,-0.6098893205979629,-0.14110029996744475,-0.5674051243517635,-0.131107618527091,-0.4861933374757004,0.0,0.0,0.0,0.0,0.0,0.0,0.0,0.0,0.0,0.0,0.0,0.0,0.0,0.0,0.0,0.0,0.0,0.0,0.0,0.0,0.0,0.0,0.0,0.0,0.0,0.0,0.0,0.0,0.0,0.0,0.0,0.0,0.0,0.0,0.0,0.0,0.0,0.0,0.0,0.0,0.0,0.0,come
0.0,0.0,0.1450363348275463,-0.1808748074932238,0.1956196787572594,-0.46435141587028084,0.11495524025713129,-0.6789074776307074,0.02025026356951941,-0.7833080889131119,0.10397513401687564,-0.3444059683606558,0.03925308111340059,-0.6561748049331666,-0.0024987004007441514,-0.8502184617357145,-0.05189658977115416,-1.0,-0.0481443076706294,-0.3128317892239367,-0.06264904134323025,-0.6981709555381547,0.007678901976681476,-0.6799160555147333,0.042006940928479834,-0.5766604879722803,-0.16492311259787193,-0.30461167847290266,-0.1306748374099246,-0.6616397864192989,-0.06692200944597614,-0.6105048665416822,-0.04860913788065775,-0.5131564721735541,-0.2481463387903455,-0.3157049773223368,-0.19495914169958597,-0.6040552151431823,-0.1386474054455589,-0.566606868527525,-0.13118642568841735,-0.48391342606100085,0.0,0.0,0.0,0.0,0.0,0.0,0.0,0.0,0.0,0.0,0.0,0.0,0.0,0.0,0.0,0.0,0.0,0.0,0.0,0.0,0.0,0.0,0.0,0.0,0.0,0.0,0.0,0.0,0.0,0.0,0.0,0.0,0.0,0.0,0.0,0.0,0.0,0.0,0.0,0.0,0.0,0.0,come
0.0,0.0,0.14258926607675834,-0.17125969765316165,0.19175554178489504,-0.46116903708795687,0.10483709782493253,-0.6734542921392666,0.0038794794021303268,-0.7714512882397165,0.1007891090243264,-0.33588982579556925,0.03983595630965254,-0.6489761067889636,0.0019265683709113472,-0.8472048346726276,-0.043386988732867865,-1.0,-0.05196194280046731,-0.30133724542745777,-0.0633626698578918,-0.6878555736469699,0.005446867690434436,-0.6496605978194967,0.03366090222357141,-0.5317596311693047,-0.16634219199367106,-0.2898353291034547,-0.1339442739837378,-0.6477459463663436,-0.06719866296364127,-0.5872443821140862,-0.051006916829949345,-0.4853798235292642,-0.24595953767376746,-0.29988944445420096,-0.19372517831472202,-0.5912206603394106,-0.13639205070502158,-0.5468673559244643,-0.13297628575179862,-0.46148870318010266,0.0,0.0,0.0,0.0,0.0,0.0,0.0,0.0,0.0,0.0,0.0,0.0,0.0,0.0,0.0,0.0,0.0,0.0,0.0,0.0,0.0,0.0,0.0,0.0,0.0,0.0,0.0,0.0,0.0,0.0,0.0,0.0,0.0,0.0,0.0,0.0,0.0,0.0,0.0,0.0,0.0,0.0,come
0.0,0.0,0.17356747234421274,-0.21200799052974253,0.23256324485929625,-0.5590908207196446,0.1465732422022669,-0.8336831935332658,0.044828459592632035,-1.0,0.11079866414068862,-0.41194161880053487,0.026058869401606746,-0.854155550707137,0.043283116198590266,-0.9335853370862973,0.06329184335191813,-0.925876711677752,-0.06400119458311641,-0.3741548270446705,-0.07499735377157757,-0.846338915975227,-0.009452435934269846,-0.7877554690520886,0.012608468362989093,-0.6476627862517093,-0.19940465260961326,-0.37197762910894466,-0.16119392425954207,-0.7950069449994923,-0.10197430242178505,-0.7170522959541867,-0.09186057940521426,-0.602006435195486,-0.3014667126066322,-0.39193154153066495,-0.2262068961792782,-0.719919943489522,-0.1757795032867237,-0.6508949652534006,-0.1847664190372913,-0.5531954018270857,0.0,0.0,0.0,0.0,0.0,0.0,0.0,0.0,0.0,0.0,0.0,0.0,0.0,0.0,0.0,0.0,0.0,0.0,0.0,0.0,0.0,0.0,0.0,0.0,0.0,0.0,0.0,0.0,0.0,0.0,0.0,0.0,0.0,0.0,0.0,0.0,0.0,0.0,0.0,0.0,0.0,0.0,come
0.0,0.0,0.1404693042832206,-0.16212031142349662,0.1960603604653622,-0.43734944421769045,0.1302066481473398,-0.64992892124546,0.0407315689121913,-0.7557867646363958,0.08791512670198628,-0.3405005348344398,0.02854152875798258,-0.6649362361245676,-0.00017482808571571288,-0.8560624845028515,-0.032683626866014184,-1.0,-0.05469149030480388,-0.3068284655224165,-0.05666072506179734,-0.6887587565920539,0.010965793546256092,-0.6581766668181693,0.04006240710148534,-0.5472931347238279,-0.162363090708551,-0.2968682147239899,-0.12126251528339475,-0.6451016860447587,-0.060121286140700385,-0.5908750539447021,-0.047500588385385005,-0.49328543148786574,-0.23785507314204096,-0.31004174723683875,-0.1770745253653727,-0.5877051979967446,-0.12273809132731192,-0.545629455359887,-0.1206448793821211,-0.46353630641580823,0.0,0.0,0.0,0.0,0.0,0.0,0.0,0.0,0.0,0.0,0.0,0.0,0.0,0.0,0.0,0.0,0.0,0.0,0.0,0.0,0.0,0.0,0.0,0.0,0.0,0.0,0.0,0.0,0.0,0.0,0.0,0.0,0.0,0.0,0.0,0.0,0.0,0.0,0.0,0.0,0.0,0.0,come
0.0,0.0,0.14515826131725412,-0.16242311147021815,0.19866841822962972,-0.445069675470744,0.11811896611980709,-0.6582748295730153,0.021735595524536768,-0.7599703736682922,0.10100985116753305,-0.32873112913058994,0.036688235991962234,-0.6619057499726319,-0.0010028888879727994,-0.85550544546451,-0.04053443740429728,-1.0,-0.05038285666910804,-0.29748789960392874,-0.05492505701511502,-0.687340514558264,0.009012487672871798,-0.6621643162102481,0.035454263548847946,-0.552028840326989,-0.16557468808300502,-0.2899981815625096,-0.11983984008743158,-0.6460006055351039,-0.055252558981271925,-0.5910233314232869,-0.04191200686334191,-0.49180374799662696,-0.24604260823481935,-0.3066998657470961,-0.17857651613943432,-0.5863608943414531,-0.11791765547067987,-0.5471682989089833,-0.1131496390836724,-0.46604285557896163,0.0,0.0,0.0,0.0,0.0,0.0,0.0,0.0,0.0,0.0,0.0,0.0,0.0,0.0,0.0,0.0,0.0,0.0,0.0,0.0,0.0,0.0,0.0,0.0,0.0,0.0,0.0,0.0,0.0,0.0,0.0,0.0,0.0,0.0,0.0,0.0,0.0,0.0,0.0,0.0,0.0,0.0,come
0.0,0.0,0.16376914671405943,-0.2021285244678831,0.21356254242665093,-0.5502871651776831,0.11955872871845077,-0.811175393054139,0.009452686253708245,-0.9504650017795031,0.08246205906130928,-0.39521313671245617,0.008551564086557759,-0.8220556614918945,0.012690756476424711,-0.951268336556906,0.02342604942356608,-1.0,-0.09084988612317345,-0.3469752427344538,-0.08936829346223076,-0.8153069102709734,-0.01892271271315661,-0.7725041758626611,0.009981704661615834,-0.6367556645619636,-0.21860115138966113,-0.3357930841574195,-0.17415536142105545,-0.7537594134575916,-0.11173346341330295,-0.688571610501456,-0.09804322884864446,-0.5759705682698113,-0.3069932765484235,-0.35377430897858797,-0.23836074222902945,-0.6819567484101021,-0.1874612688027526,-0.6272890492905298,-0.19626327094270454,-0.5351323938921542,0.0,0.0,0.0,0.0,0.0,0.0,0.0,0.0,0.0,0.0,0.0,0.0,0.0,0.0,0.0,0.0,0.0,0.0,0.0,0.0,0.0,0.0,0.0,0.0,0.0,0.0,0.0,0.0,0.0,0.0,0.0,0.0,0.0,0.0,0.0,0.0,0.0,0.0,0.0,0.0,0.0,0.0,come
0.0,0.0,0.13475635991206414,-0.16521946144870966,0.17919917867022445,-0.43732636327227503,0.11161827012375744,-0.6464953992389308,0.0256767229140344,-0.7594307232388962,0.09003058907844666,-0.34377263647601913,0.027723351729764648,-0.6911487581478915,0.003773603621588177,-0.8692416710787517,-0.02256945779091553,-1.0,-0.055167719160765634,-0.3132172841312491,-0.0721054139073053,-0.7019180480522557,-0.011703453329646608,-0.6850450776630291,0.019165849345998808,-0.5896351753323323,-0.16857545657330406,-0.3051431065459636,-0.13605828663962793,-0.6507233132919279,-0.07502098581891811,-0.6104974972008576,-0.05676028553113031,-0.5308741384034906,-0.25139585144148086,-0.3186013091183228,-0.19090114408361097,-0.586956182106071,-0.13434271919176388,-0.5563837187243103,-0.12674120300509487,-0.4868035466963919,0.0,0.0,0.0,0.0,0.0,0.0,0.0,0.0,0.0,0.0,0.0,0.0,0.0,0.0,0.0,0.0,0.0,0.0,0.0,0.0,0.0,0.0,0.0,0.0,0.0,0.0,0.0,0.0,0.0,0.0,0.0,0.0,0.0,0.0,0.0,0.0,0.0,0.0,0.0,0.0,0.0,0.0,come
0.0,0.0,0.13616081280066764,-0.16793729462319,0.17832575018957858,-0.44795189919634726,0.10540469512953535,-0.6604647383815404,0.017178177798641454,-0.775402528517034,0.08505333277161899,-0.34656220785838376,0.024104065608236337,-0.6963763405914852,-0.0003244903445315102,-0.8748618282999715,-0.02863163374619338,-1.0,-0.06187910502854713,-0.3147616525636242,-0.07443342080028247,-0.6989998475346758,-0.014248486380433082,-0.6838516151293749,0.013029014552413967,-0.5864829459510426,-0.17455925484578935,-0.30516436163169997,-0.14078392253156635,-0.6523680272190726,-0.08042244931531033,-0.6068927366322014,-0.06399832288143413,-0.52115631908585,-0.25558730244706845,-0.3175040222759863,-0.19448155771414358,-0.5849936506216974,-0.1396346649975726,-0.5501535686916469,-0.13533780096855602,-0.47938708939683916,0.0,0.0,0.0,0.0,0.0,0.0,0.0,0.0,0.0,0.0,0.0,0.0,0.0,0.0,0.0,0.0,0.0,0.0,0.0,0.0,0.0,0.0,0.0,0.0,0.0,0.0,0.0,0.0,0.0,0.0,0.0,0.0,0.0,0.0,0.0,0.0,0.0,0.0,0.0,0.0,0.0,0.0,come
0.0,0.0,0.13317272080648668,-0.1643500585041364,0.17953575806820382,-0.44955689873011384,0.10470806677008192,-0.6600710474435431,0.0100947865975664,-0.7667272220216116,0.08354964173036229,-0.3306258940246608,0.01504816218853938,-0.6961220804075978,-0.013915889550889717,-0.8746367122781543,-0.044144422364592296,-1.0,-0.06274622552526209,-0.2864119416953182,-0.07812021426394539,-0.700494855417006,-0.020924205486929255,-0.6691403939405397,0.0063061647956593,-0.5558220306962106,-0.1753319865497582,-0.27549142332659265,-0.1463291096840269,-0.6441253396881352,-0.09253753158982295,-0.5890822222284252,-0.07902511884168154,-0.49439611322421867,-0.2568538401475659,-0.29088875789285634,-0.20426025827083039,-0.5747494066480289,-0.1599404884403896,-0.5265651410760447,-0.16460914643847982,-0.44400769701784965,0.0,0.0,0.0,0.0,0.0,0.0,0.0,0.0,0.0,0.0,0.0,0.0,0.0,0.0,0.0,0.0,0.0,0.0,0.0,0.0,0.0,0.0,0.0,0.0,0.0,0.0,0.0,0.0,0.0,0.0,0.0,0.0,0.0,0.0,0.0,0.0,0.0,0.0,0.0,0.0,0.0,0.0,come
0.0,0.0,0.1348355671405649,-0.16090806224535906,0.18112199487886155,-0.44770899385936413,0.10226716807516646,-0.6535737803686373,0.012952969924203665,-0.7560605325037936,0.0827759707320838,-0.3318746677919727,0.018032531801722068,-0.6980330795170644,-0.0022690352865609325,-0.876037080328679,-0.025066939528491778,-1.0,-0.059615329556587084,-0.2891130372433985,-0.08016486231805581,-0.6887281427346182,-0.020001817419090618,-0.6648925668804001,0.009314895243216732,-0.5606356983432855,-0.16787002217002328,-0.2778188979220427,-0.14275851852958346,-0.6301041779477355,-0.08609537466841438,-0.5776950395662095,-0.07149203883301777,-0.4877659064626676,-0.24645298299468343,-0.29029709822901223,-0.19233696443709178,-0.5637681321786499,-0.14440589690254527,-0.5205889931622719,-0.14628879287272964,-0.44375623181802903,0.0,0.0,0.0,0.0,0.0,0.0,0.0,0.0,0.0,0.0,0.0,0.0,0.0,0.0,0.0,0.0,0.0,0.0,0.0,0.0,0.0,0.0,0.0,0.0,0.0,0.0,0.0,0.0,0.0,0.0,0.0,0.0,0.0,0.0,0.0,0.0,0.0,0.0,0.0,0.0,0.0,0.0,come
0.0,0.0,0.13251859246318942,-0.16122710257050163,0.1770556526079361,-0.4461714499625655,0.10042775143498876,-0.6530888445220864,0.008820064886448716,-0.7522373346643374,0.08245645121038184,-0.33042375842276017,0.01681856750686299,-0.6962592962315947,-0.0050786124282505615,-0.8757479411030696,-0.029108060893436486,-1.0,-0.06038233092088845,-0.28749762914898924,-0.08342176191664587,-0.6898175692538059,-0.020918642375842275,-0.6706391315198402,0.01030496630895932,-0.5682405789867732,-0.1697686548540055,-0.27510232093835785,-0.14599650611429998,-0.6358537559271276,-0.08697878712253557,-0.5851779386074369,-0.07126678312952334,-0.49388669827801346,-0.24936486149238832,-0.2872483154479661,-0.1973733466433741,-0.5663915647616671,-0.14713725979535813,-0.5260134764162715,-0.14712228599950086,-0.44841627152483154,0.0,0.0,0.0,0.0,0.0,0.0,0.0,0.0,0.0,0.0,0.0,0.0,0.0,0.0,0.0,0.0,0.0,0.0,0.0,0.0,0.0,0.0,0.0,0.0,0.0,0.0,0.0,0.0,0.0,0.0,0.0,0.0,0.0,0.0,0.0,0.0,0.0,0.0,0.0,0.0,0.0,0.0,come
0.0,0.0,0.13600719162298613,-0.17816831732485885,0.17374119070751706,-0.48226239356885603,0.09484621325605502,-0.7110525849417397,0.006608050779695463,-0.8385240499386803,0.08399533561693755,-0.35225398866097707,0.015379723041769194,-0.7216934709647922,-0.006593369717898154,-0.8907854839952832,-0.02718827780134321,-1.0,-0.06617855631681521,-0.3017401252818895,-0.08787454403505837,-0.7143500562861422,-0.029147150904012598,-0.7129236338354431,0.0017674949756687616,-0.6197872399551388,-0.18520788645666805,-0.28492926087670056,-0.16733133426208527,-0.6687677188618611,-0.10557046673717072,-0.6365545854985715,-0.08359606316841432,-0.5499903262289229,-0.2727951011394077,-0.2965241537547602,-0.22684416419928702,-0.588004051973056,-0.17517285639457242,-0.5585939527657809,-0.17174613927399004,-0.4835881458815165,0.0,0.0,0.0,0.0,0.0,0.0,0.0,0.0,0.0,0.0,0.0,0.0,0.0,0.0,0.0,0.0,0.0,0.0,0.0,0.0,0.0,0.0,0.0,0.0,0.0,0.0,0.0,0.0,0.0,0.0,0.0,0.0,0.0,0.0,0.0,0.0,0.0,0.0,0.0,0.0,0.0,0.0,come
0.0,0.0,0.13750572794702728,-0.1575009856588663,0.17228459384480665,-0.43194225441332956,0.08670159024266098,-0.6274554842615602,0.002507200930471241,-0.7311616311338867,0.09248504939188151,-0.32593681631143157,0.024710658999581168,-0.6556023320190443,-0.0063946719488556045,-0.8524659318978679,-0.04181928637139162,-1.0,-0.05468790018850943,-0.28593169853417866,-0.07278740155290235,-0.6530420526922452,-0.011902772430663738,-0.6291475030091278,0.01502327221128076,-0.5250892771672732,-0.16531115877092686,-0.2703285042809233,-0.13369034156295712,-0.6078693242332084,-0.0722301942831554,-0.5526066012373061,-0.05966220352296846,-0.45594620585656365,-0.24372255250067623,-0.27945288921472483,-0.18592504635088344,-0.5439800870253917,-0.1318305116409731,-0.5022757652154786,-0.13120423292098296,-0.42353268945452793,0.0,0.0,0.0,0.0,0.0,0.0,0.0,0.0,0.0,0.0,0.0,0.0,0.0,0.0,0.0,0.0,0.0,0.0,0.0,0.0,0.0,0.0,0.0,0.0,0.0,0.0,0.0,0.0,0.0,0.0,0.0,0.0,0.0,0.0,0.0,0.0,0.0,0.0,0.0,0.0,0.0,0.0,come
0.0,0.0,0.1350373935443918,-0.15139876968846377,0.16488095969019012,-0.43694069497745985,0.09097775553017788,-0.6612352666834728,0.016811865964470776,-0.8109958040159807,0.08515124395143378,-0.36422667800234854,0.02596203413369315,-0.7094976304139137,0.003428393667909306,-0.8824134889798536,-0.022548568509003896,-1.0,-0.059133109268220095,-0.3249485885414748,-0.08630118482915938,-0.7156667646620472,-0.025323499123699786,-0.7028553735056607,0.004338281979660782,-0.6056331211865772,-0.17131663174226877,-0.30264223957246084,-0.1518526303573316,-0.652022737817573,-0.09197697132635904,-0.6014137820028955,-0.07729379617009012,-0.5096780671169638,-0.25306404106463914,-0.30186309202633016,-0.20621285896827476,-0.5745664185962969,-0.15419922244156814,-0.540493882271191,-0.15379472062528277,-0.4655731634233085,0.0,0.0,0.0,0.0,0.0,0.0,0.0,0.0,0.0,0.0,0.0,0.0,0.0,0.0,0.0,0.0,0.0,0.0,0.0,0.0,0.0,0.0,0.0,0.0,0.0,0.0,0.0,0.0,0.0,0.0,0.0,0.0,0.0,0.0,0.0,0.0,0.0,0.0,0.0,0.0,0.0,0.0,come
0.0,0.0,0.1270369170186679,-0.16015014297977817,0.15613671292427284,-0.4400330587439383,0.0810668811837096,-0.6573012069426205,-2.2977200931595215e-05,-0.7881054374006295,0.0772311098982939,-0.3668321972647182,0.016803440231799686,-0.7197233924013212,-0.00800909423400171,-0.8866338069005509,-0.03550072295275508,-1.0,-0.06415755632493647,-0.3304531293526399,-0.08856526567329358,-0.7165219813643057,-0.033248009748018274,-0.7002704677115845,-0.0061678387407925386,-0.607785812691753,-0.17585541513406366,-0.31372335829083736,-0.1541405389835455,-0.6544245561373289,-0.09802310795778638,-0.6080717248724173,-0.08248980949294765,-0.5263183702010813,-0.25801312116612374,-0.31884419467990155,-0.20826084855513677,-0.5830682664483595,-0.15778680758086552,-0.5521490078586765,-0.15502030521302945,-0.4880582512312937,0.0,0.0,0.0,0.0,0.0,0.0,0.0,0.0,0.0,0.0,0.0,0.0,0.0,0.0,0.0,0.0,0.0,0.0,0.0,0.0,0.0,0.0,0.0,0.0,0.0,0.0,0.0,0.0,0.0,0.0,0.0,0.0,0.0,0.0,0.0,0.0,0.0,0.0,0.0,0.0,0.0,0.0,come
0.0,0.0,0.1353795805092643,-0.1507908406975264,0.16911266053260265,-0.41755137629784805,0.08255875533443306,-0.6202854646664271,0.0009075541610858675,-0.732660784580355,0.09940476785251137,-0.33830200048570874,0.025405868734389873,-0.6719773863048383,-0.017041512457038888,-0.8618139092558794,-0.06264122155312972,-1.0,-0.04339881422770356,-0.29894829721725386,-0.076961157637683,-0.6697004636824108,-0.019208086225030858,-0.6614440668157969,0.013006176494738227,-0.5689717267988276,-0.15405786189971202,-0.28669935715275624,-0.13680086506550768,-0.6168066518637009,-0.07811873449848401,-0.5731465193842534,-0.060967090409163996,-0.48477946086330165,-0.23370040981131648,-0.29996924134293684,-0.18442074019752444,-0.5631121591838703,-0.13194725324757983,-0.5282373595170022,-0.12688402205065533,-0.4562442897726162,0.0,0.0,0.0,0.0,0.0,0.0,0.0,0.0,0.0,0.0,0.0,0.0,0.0,0.0,0.0,0.0,0.0,0.0,0.0,0.0,0.0,0.0,0.0,0.0,0.0,0.0,0.0,0.0,0.0,0.0,0.0,0.0,0.0,0.0,0.0,0.0,0.0,0.0,0.0,0.0,0.0,0.0,come
0.0,0.0,0.1360425310419155,-0.15447783275702318,0.16628747545912229,-0.43372332360697446,0.08788085606356762,-0.6471418111761695,0.002038647697747099,-0.7600860037623947,0.10105895642144867,-0.3342738599965875,0.026930927013431877,-0.678145281996013,-0.012764064163731121,-0.8660887726429418,-0.0522642401885085,-1.0,-0.04213622805899746,-0.2885052580652825,-0.08584458416036181,-0.6912212231886187,-0.029792247566430455,-0.6900562199380997,0.0025105668861756837,-0.5929300674077705,-0.15912143117863167,-0.2672904927181897,-0.15133422461625518,-0.6466629805854389,-0.09020546303155703,-0.596485983892113,-0.06873907944440964,-0.4905596723995309,-0.24571935818990373,-0.27273451791889036,-0.20768958300486173,-0.5668298045585017,-0.153123629868489,-0.5310302525037635,-0.14169087457316693,-0.4427273689371343,0.0,0.0,0.0,0.0,0.0,0.0,0.0,0.0,0.0,0.0,0.0,0.0,0.0,0.0,0.0,0.0,0.0,0.0,0.0,0.0,0.0,0.0,0.0,0.0,0.0,0.0,0.0,0.0,0.0,0.0,0.0,0.0,0.0,0.0,0.0,0.0,0.0,0.0,0.0,0.0,0.0,0.0,come
0.0,0.0,0.13321438246122222,-0.15514122241280273,0.17014254529748699,-0.42883438178346744,0.08487362925677876,-0.6368638392786669,-0.007291757218140843,-0.7363281393884757,0.09936263689541171,-0.33858270534022344,0.028538316612926887,-0.6767932770095271,-0.005324584543697396,-0.8635433397860358,-0.039571406410591835,-1.0,-0.039333350312282876,-0.29725187282373894,-0.075241513279047,-0.6917714467812016,-0.023052291726698128,-0.6758477880673486,0.004782380733579023,-0.5677806330945124,-0.15262195323450042,-0.2796270917522086,-0.1482096013433857,-0.6400099263709959,-0.09046089639171363,-0.5912688347943298,-0.07000259525348554,-0.48863634689341,-0.23889445148275693,-0.2849622004381832,-0.20215403934471637,-0.5657349503186816,-0.15036431423320784,-0.528343514739377,-0.14183155015774637,-0.4425107151554595,0.0,0.0,0.0,0.0,0.0,0.0,0.0,0.0,0.0,0.0,0.0,0.0,0.0,0.0,0.0,0.0,0.0,0.0,0.0,0.0,0.0,0.0,0.0,0.0,0.0,0.0,0.0,0.0,0.0,0.0,0.0,0.0,0.0,0.0,0.0,0.0,0.0,0.0,0.0,0.0,0.0,0.0,come
0.0,0.0,0.1490215812079551,-0.1571527544811098,0.2079336450375931,-0.4383239025670418,0.13750288328503443,-0.6545331430262052,0.03139221713168535,-0.7458095913637206,0.12322427810589115,-0.31227699672904463,0.035284187714131623,-0.6542333639095653,-0.019028649640533274,-0.8550199694567788,-0.0779221449082321,-1.0,-0.027784139229553226,-0.26803471578340143,-0.06941547404919679,-0.6910154156201219,0.004843712540505254,-0.7203304296228807,0.05111636257551731,-0.6468265708693924,-0.14980290503088364,-0.2556131731155282,-0.13157889307438028,-0.6571465649604634,-0.06183145440118245,-0.6120010266351579,-0.03589158600689678,-0.5011615667079714,-0.23695568839642311,-0.27395891231141045,-0.1944305867954417,-0.5928211463734979,-0.13064819548651901,-0.5610490989914795,-0.11311060136969965,-0.46859354697082795,0.0,0.0,0.0,0.0,0.0,0.0,0.0,0.0,0.0,0.0,0.0,0.0,0.0,0.0,0.0,0.0,0.0,0.0,0.0,0.0,0.0,0.0,0.0,0.0,0.0,0.0,0.0,0.0,0.0,0.0,0.0,0.0,0.0,0.0,0.0,0.0,0.0,0.0,0.0,0.0,0.0,0.0,come
0.0,0.0,0.1354279443160647,-0.1578988189952264,0.16352018582634353,-0.448276868458297,0.08117928564003742,-0.6722761728089043,-0.019376834075625883,-0.7637320790321678,0.09949225590302488,-0.3304312626436276,0.037337581858743196,-0.6778587591853705,-0.006911716494886577,-0.8644741050510543,-0.04782029856952096,-1.0,-0.04297014304790386,-0.28061237136483214,-0.08633368782133805,-0.6943166644011418,-0.05214371956533907,-0.6872764126880052,-0.03289102292444608,-0.5750373811598954,-0.16280134812054725,-0.2575581906719014,-0.17183999264370758,-0.6453089642820019,-0.11255787083310012,-0.6025363216938663,-0.08521944939750366,-0.48661034838441425,-0.2506936504001983,-0.2680297130246356,-0.2311375066966249,-0.5762127887544678,-0.17722787714991645,-0.5472367926565012,-0.157723907150796,-0.4529503130422267,0.0,0.0,0.0,0.0,0.0,0.0,0.0,0.0,0.0,0.0,0.0,0.0,0.0,0.0,0.0,0.0,0.0,0.0,0.0,0.0,0.0,0.0,0.0,0.0,0.0,0.0,0.0,0.0,0.0,0.0,0.0,0.0,0.0,0.0,0.0,0.0,0.0,0.0,0.0,0.0,0.0,0.0,come
0.0,0.0,0.1401766878241904,-0.15754016217023586,0.1856971044789751,-0.45619566996975036,0.10687736845579325,-0.6918643873787118,0.00344872489509148,-0.7986097415011785,0.10596981976852822,-0.33036866099377277,0.03696042381785851,-0.6783111817137415,-0.0016268473282153517,-0.8636880218130752,-0.04164992391228266,-1.0,-0.04200807760209325,-0.2814884596140834,-0.08242241116801377,-0.7055615724223254,-0.02512400273840004,-0.6871583356382663,0.006982601029352849,-0.5735306874496845,-0.16282631919111507,-0.2657967015161906,-0.15815197482075863,-0.6598303715525464,-0.09271972858491204,-0.6079758593245692,-0.06713925936768325,-0.49772016032363053,-0.25229075778022086,-0.28297272348560915,-0.21764158188268792,-0.5938630883736253,-0.15956644259460412,-0.557551568846771,-0.1438980163350787,-0.46586801318627763,0.0,0.0,0.0,0.0,0.0,0.0,0.0,0.0,0.0,0.0,0.0,0.0,0.0,0.0,0.0,0.0,0.0,0.0,0.0,0.0,0.0,0.0,0.0,0.0,0.0,0.0,0.0,0.0,0.0,0.0,0.0,0.0,0.0,0.0,0.0,0.0,0.0,0.0,0.0,0.0,0.0,0.0,come
0.0,0.0,0.14628730004222204,-0.13453393534502692,0.20546807236321923,-0.4054228425313817,0.1541365369438996,-0.6354968081574615,0.05420135509027356,-0.7432379897501606,0.13975378879736397,-0.338041860340957,0.0688074325810443,-0.6940867352520859,0.026446480476165234,-0.8792628552543867,-0.01821713251889558,-1.0,-0.009917665163141335,-0.2979294286791724,-0.05449273596869479,-0.702811242715008,-0.0044269214877042905,-0.7029191476338557,0.021284903199512435,-0.6092535423455371,-0.13796527416684806,-0.2823100976821497,-0.128994878840071,-0.6620448019719154,-0.07672152522662853,-0.6177725792922565,-0.0655575018544983,-0.5166137857369248,-0.2348377610067717,-0.29142167174421346,-0.19102065646044045,-0.5939096132755384,-0.14191903070552897,-0.5556430324816364,-0.13753515839276564,-0.46287751212614425,0.0,0.0,0.0,0.0,0.0,0.0,0.0,0.0,0.0,0.0,0.0,0.0,0.0,0.0,0.0,0.0,0.0,0.0,0.0,0.0,0.0,0.0,0.0,0.0,0.0,0.0,0.0,0.0,0.0,0.0,0.0,0.0,0.0,0.0,0.0,0.0,0.0,0.0,0.0,0.0,0.0,0.0,come
0.0,0.0,0.14804961071186332,-0.15849090234104282,0.20305145954451553,-0.44374437692863505,0.12228902457655828,-0.6586687740652694,0.016930657335658704,-0.760207512091218,0.12879960942026364,-0.3449292535513455,0.05881778776286821,-0.6879635458912738,0.02691804394243451,-0.8697606259903802,-0.006531250438221312,-1.0,-0.03109397014854872,-0.3020426095036641,-0.07067522615909998,-0.718330345432793,-0.00989033211824558,-0.7053416502510501,0.02541905028308174,-0.5885887908339231,-0.15997292069061464,-0.2830027699277221,-0.1499940217387293,-0.6685437915018647,-0.08461749091636413,-0.6286400046054753,-0.0601300530146305,-0.5195348912731409,-0.25507063574011246,-0.28726652491052906,-0.22644398996537776,-0.602991603126114,-0.16821369553231988,-0.5752790408802363,-0.15345477076320255,-0.48741871225300004,0.0,0.0,0.0,0.0,0.0,0.0,0.0,0.0,0.0,0.0,0.0,0.0,0.0,0.0,0.0,0.0,0.0,0.0,0.0,0.0,0.0,0.0,0.0,0.0,0.0,0.0,0.0,0.0,0.0,0.0,0.0,0.0,0.0,0.0,0.0,0.0,0.0,0.0,0.0,0.0,0.0,0.0,come
0.0,0.0,0.1509817131093917,-0.1598380845973357,0.2032085908642725,-0.44592824020144217,0.1209366973383641,-0.6682957624875306,0.01824739992628406,-0.7727962215892493,0.13491171037569885,-0.34430717475366107,0.06371542040806316,-0.6846995426293798,0.03207689250528165,-0.8683203945750262,-0.005166066432343265,-1.0,-0.020009333505481453,-0.30829221373583293,-0.059040192498140874,-0.7224102587775705,0.006429046965420588,-0.7009641136091022,0.03853443046502352,-0.5833960255423567,-0.14579887666140365,-0.2933777191768916,-0.136925554835066,-0.668940055669239,-0.07095087070642518,-0.6236215227462721,-0.05029129336852272,-0.5192705512033658,-0.24005610201362806,-0.3015456184096543,-0.20440377004377516,-0.6042788424433588,-0.1449120493824667,-0.5685565452469448,-0.1340018017849067,-0.4802698061097675,0.0,0.0,0.0,0.0,0.0,0.0,0.0,0.0,0.0,0.0,0.0,0.0,0.0,0.0,0.0,0.0,0.0,0.0,0.0,0.0,0.0,0.0,0.0,0.0,0.0,0.0,0.0,0.0,0.0,0.0,0.0,0.0,0.0,0.0,0.0,0.0,0.0,0.0,0.0,0.0,0.0,0.0,come
0.0,0.0,0.14177873624216422,-0.1290900933563515,0.1889353092894861,-0.39203452851254134,0.12153733346107293,-0.600935567273367,0.02845195895551594,-0.7138943105161619,0.15229095321913164,-0.32079231107846656,0.07435367836798897,-0.6723380853713747,0.03315061562342869,-0.8607951539105535,-0.01123310033381361,-1.0,0.0031305592552030403,-0.2865858087575509,-0.04134191693294736,-0.6728670462536295,0.005615219546161268,-0.6345439164332601,0.032006281782267866,-0.5191377702803821,-0.12037233586245201,-0.27437086685714895,-0.11112186043948681,-0.6199203944398212,-0.0617813473896978,-0.5510654671668548,-0.04803008643086189,-0.44791073757716815,-0.21343735969778316,-0.2844372476125533,-0.17570518203204885,-0.5627851050626832,-0.13163705800692424,-0.5061390144890511,-0.12886936685620967,-0.41867653016689427,0.0,0.0,0.0,0.0,0.0,0.0,0.0,0.0,0.0,0.0,0.0,0.0,0.0,0.0,0.0,0.0,0.0,0.0,0.0,0.0,0.0,0.0,0.0,0.0,0.0,0.0,0.0,0.0,0.0,0.0,0.0,0.0,0.0,0.0,0.0,0.0,0.0,0.0,0.0,0.0,0.0,0.0,come
0.0,0.0,0.14141934772215284,-0.15032874118499184,0.1906324074178467,-0.4224434686133451,0.12005261809132353,-0.6311417863762778,0.019894501762925454,-0.7252094226240119,0.14842229522503314,-0.3125482020171487,0.08440681694980226,-0.644100225458222,0.04537000104517057,-0.8441938642088805,-0.0024084630172642066,-1.0,-0.0034795343109994908,-0.28379732710578254,-0.038776285049398784,-0.6844631586517117,0.011985333484065415,-0.6306873047732604,0.03644019171414372,-0.5008314133783661,-0.12813273117695043,-0.27748166304615113,-0.11312264969935348,-0.6333703155104835,-0.062037729133840036,-0.5561521695211809,-0.048963498560681294,-0.44788407809100056,-0.2203864023004722,-0.2900672839978292,-0.18098225312568467,-0.5788328278628456,-0.1337102244800886,-0.5163721550716216,-0.13013912347669437,-0.4235640560052972,0.0,0.0,0.0,0.0,0.0,0.0,0.0,0.0,0.0,0.0,0.0,0.0,0.0,0.0,0.0,0.0,0.0,0.0,0.0,0.0,0.0,0.0,0.0,0.0,0.0,0.0,0.0,0.0,0.0,0.0,0.0,0.0,0.0,0.0,0.0,0.0,0.0,0.0,0.0,0.0,0.0,0.0,come
0.0,0.0,0.1435186591304977,-0.14325217752558858,0.20717967987714375,-0.41499122335355654,0.1568483864660922,-0.6288358432105264,0.0610050568929069,-0.7302758969830344,0.1442011939169545,-0.3146662409472948,0.07550022153381988,-0.6687035364673055,0.03668456590741794,-0.8584810212747253,-0.0073126764811058285,-1.0,-0.005345657624250864,-0.28338670342260974,-0.04238370084952077,-0.6925847754144621,0.013181987247649475,-0.6527041091127704,0.044550351973970885,-0.5319021673684575,-0.12654426929477156,-0.2746808745419561,-0.11425406441681508,-0.6391721549005982,-0.06157007115486198,-0.5725943357854423,-0.046032331575155065,-0.4695344828875617,-0.21714343624213928,-0.2883283651658787,-0.17833800642760958,-0.5824785750163269,-0.13258009290836895,-0.5310409098103234,-0.12736126587614527,-0.44505663649848665,0.0,0.0,0.0,0.0,0.0,0.0,0.0,0.0,0.0,0.0,0.0,0.0,0.0,0.0,0.0,0.0,0.0,0.0,0.0,0.0,0.0,0.0,0.0,0.0,0.0,0.0,0.0,0.0,0.0,0.0,0.0,0.0,0.0,0.0,0.0,0.0,0.0,0.0,0.0,0.0,0.0,0.0,come
0.0,0.0,0.14483349959760414,-0.14566699551124843,0.2077871543083373,-0.4263396067587769,0.1526941489047357,-0.6457978528347074,0.05334573395148133,-0.7480001086768152,0.14581466090147419,-0.3181053271747758,0.0755920929327989,-0.6741422398383724,0.03444978294569122,-0.861843063617842,-0.012152923014909753,-1.0,-0.0058485932415607775,-0.28495045611260267,-0.03880115350922502,-0.7028749776084317,0.015730508513861437,-0.6576712553968093,0.0454044980228648,-0.5326969088046487,-0.12836957607906638,-0.27537676548019113,-0.11545929232052476,-0.6445195187704661,-0.06450797876626949,-0.5756793567314926,-0.048700874587415684,-0.47137739727930356,-0.22042313655717682,-0.28842765370593315,-0.17829152985488728,-0.5863806460713868,-0.13492533611144839,-0.5323200704127524,-0.1319396401600128,-0.4432849010296514,0.0,0.0,0.0,0.0,0.0,0.0,0.0,0.0,0.0,0.0,0.0,0.0,0.0,0.0,0.0,0.0,0.0,0.0,0.0,0.0,0.0,0.0,0.0,0.0,0.0,0.0,0.0,0.0,0.0,0.0,0.0,0.0,0.0,0.0,0.0,0.0,0.0,0.0,0.0,0.0,0.0,0.0,come
0.0,0.0,0.15061639315273098,-0.14812240077554384,0.21908166261948142,-0.4323497462746423,0.1642206194877495,-0.6579660604835781,0.06923039272959224,-0.7704271806644541,0.15893564817592468,-0.3232178438239111,0.08557965271045627,-0.6886095155692953,0.05128931006280768,-0.8708945279318936,0.010884296816038853,-1.0,0.0027366656035568916,-0.29262917573204583,-0.03173082692046571,-0.7298977519964885,0.02309974390632845,-0.6825351063057146,0.05017999185300034,-0.5492533495852293,-0.12342988685775276,-0.28408698343127625,-0.10858008532245382,-0.661809675983087,-0.057248619273022376,-0.5932509370628487,-0.04267527890842836,-0.48577606487285313,-0.21962195395366316,-0.3000817857718019,-0.17723371468449323,-0.6053053388109801,-0.13109943444665137,-0.5527341394021112,-0.12633864993479244,-0.4645165008320676,0.0,0.0,0.0,0.0,0.0,0.0,0.0,0.0,0.0,0.0,0.0,0.0,0.0,0.0,0.0,0.0,0.0,0.0,0.0,0.0,0.0,0.0,0.0,0.0,0.0,0.0,0.0,0.0,0.0,0.0,0.0,0.0,0.0,0.0,0.0,0.0,0.0,0.0,0.0,0.0,0.0,0.0,come
0.0,0.0,0.15022885083931647,-0.15002423731899384,0.20827855406647428,-0.4204328090515452,0.1430582971463527,-0.632199176127898,0.04589517582763672,-0.728601504423935,0.14954070167000652,-0.3029885832617363,0.07749706813948043,-0.6357835449262128,0.03857449150437702,-0.8409810915616749,-0.01216254849166389,-1.0,0.004469110395804575,-0.27878622412232984,-0.020478453606078716,-0.6840180041736921,0.03673645067278045,-0.6398755126499434,0.059765308897555366,-0.512693680998744,-0.11477910441933423,-0.2786426011705649,-0.09354878693088649,-0.6525418765329934,-0.03676520553140568,-0.5855873989550484,-0.023520566307266247,-0.4761244625300734,-0.20185925889043477,-0.3005071903037406,-0.15901270344251653,-0.6007271347039513,-0.10599827864335788,-0.5444063551869754,-0.0996914300986791,-0.4449431478609639,0.0,0.0,0.0,0.0,0.0,0.0,0.0,0.0,0.0,0.0,0.0,0.0,0.0,0.0,0.0,0.0,0.0,0.0,0.0,0.0,0.0,0.0,0.0,0.0,0.0,0.0,0.0,0.0,0.0,0.0,0.0,0.0,0.0,0.0,0.0,0.0,0.0,0.0,0.0,0.0,0.0,0.0,come
0.0,0.0,0.14013573253865344,-0.13706726722627904,0.1958070019791169,-0.403020086899156,0.13370003867239927,-0.6169594394776952,0.031685130841617566,-0.7171045747173502,0.1336985221077216,-0.30877029353109336,0.06390121097689513,-0.6367304382113637,0.02273284954920115,-0.8441437096688581,-0.025553356536772903,-1.0,-0.006435693866254161,-0.2780944364824799,-0.03990855114993517,-0.6872960410079089,0.018980565223655377,-0.6467640301189745,0.04757493725213646,-0.517901832768413,-0.12194726904615664,-0.269657635524011,-0.10863395436656885,-0.6484226969069663,-0.05270213911447789,-0.584654336995837,-0.038478279002403755,-0.47266922966097197,-0.2064276560734624,-0.28543157639315425,-0.1736742570728785,-0.5892031210901066,-0.12080180774509582,-0.5391560317568643,-0.111832692584757,-0.4406688050228622,0.0,0.0,0.0,0.0,0.0,0.0,0.0,0.0,0.0,0.0,0.0,0.0,0.0,0.0,0.0,0.0,0.0,0.0,0.0,0.0,0.0,0.0,0.0,0.0,0.0,0.0,0.0,0.0,0.0,0.0,0.0,0.0,0.0,0.0,0.0,0.0,0.0,0.0,0.0,0.0,0.0,0.0,come
0.0,0.0,0.13172055508694225,-0.10861370271657604,0.1924876281346355,-0.3308181608578122,0.10580486942451651,-0.5221618243468695,-0.00838870508072747,-0.627636028845494,0.15726588338139125,-0.38708970903067896,0.11245121862122688,-0.6332688766026812,0.040014883875095636,-0.7525177817396422,-0.028398440007957465,-0.849647875853427,0.025890541844531503,-0.374442368629877,0.0133867900389998,-0.6806869544068257,0.021733746893789666,-0.8727267379359487,0.02969627216807077,-1.0,-0.09611232296933625,-0.3415718080555732,-0.08991223700594375,-0.6410734227947211,-0.04582974757188207,-0.5877867146391735,-0.026820388694959944,-0.4765091904607834,-0.19846426620693014,-0.309582388068104,-0.17439182797453737,-0.5559053023725959,-0.12323791649785519,-0.5355614235006457,-0.1032537998001778,-0.4616463476153382,0.0,0.0,0.0,0.0,0.0,0.0,0.0,0.0,0.0,0.0,0.0,0.0,0.0,0.0,0.0,0.0,0.0,0.0,0.0,0.0,0.0,0.0,0.0,0.0,0.0,0.0,0.0,0.0,0.0,0.0,0.0,0.0,0.0,0.0,0.0,0.0,0.0,0.0,0.0,0.0,0.0,0.0,come
0.0,0.0,0.19050651577652744,-0.175802564420448,0.2548581016560593,-0.4636461903669583,0.14783629745957244,-0.7208572908934956,-0.0011774160690023565,-0.8836001157708443,0.16708125247920788,-0.5053974833361711,0.07969443096865503,-0.8329687040608938,0.03684340664188242,-0.9678451750575703,0.00991820647771331,-1.0,-0.013825128735483099,-0.4376399155505314,-0.08625409133751304,-0.8473871239996947,-0.025676286661626708,-0.8956224550522905,0.031288606036079164,-0.8274952547015865,-0.15948694174998676,-0.38260912009346,-0.17724145027044133,-0.8163159893239665,-0.09632583397058476,-0.7941472017577369,-0.05040981549766453,-0.6598990832058258,-0.273937604281413,-0.33540912687654983,-0.26737771475411415,-0.6999960813906617,-0.18604480093349982,-0.7038365477005898,-0.141420319433117,-0.6060683905033992,0.0,0.0,0.0,0.0,0.0,0.0,0.0,0.0,0.0,0.0,0.0,0.0,0.0,0.0,0.0,0.0,0.0,0.0,0.0,0.0,0.0,0.0,0.0,0.0,0.0,0.0,0.0,0.0,0.0,0.0,0.0,0.0,0.0,0.0,0.0,0.0,0.0,0.0,0.0,0.0,0.0,0.0,come
0.0,0.0,0.208313178492673,-0.19829999623230266,0.29898761270036955,-0.5275866821961323,0.21580504576582193,-0.8099943203717523,0.06788641773186023,-0.9589372472454271,0.2089080534413937,-0.23401800116868823,0.09355777576677907,-0.566069147309244,0.03363547457892472,-0.8202822403149701,-0.020214749388451237,-1.0,0.010327001027575099,-0.17784373978363122,-0.043605597440961236,-0.7220244376126652,0.03896477717814446,-0.8802340278299444,0.10167026002026132,-0.8814350106139077,-0.15601590108694557,-0.1840286139062667,-0.1430274080090949,-0.7417299628121251,-0.04375490122431443,-0.7769834410871375,0.0070739102871476825,-0.686853099820344,-0.2823875125872684,-0.22829554754120304,-0.23656014379966897,-0.662313923139442,-0.14034859859209808,-0.6991023285539741,-0.1011369319289417,-0.6317040733488768,0.0,0.0,0.0,0.0,0.0,0.0,0.0,0.0,0.0,0.0,0.0,0.0,0.0,0.0,0.0,0.0,0.0,0.0,0.0,0.0,0.0,0.0,0.0,0.0,0.0,0.0,0.0,0.0,0.0,0.0,0.0,0.0,0.0,0.0,0.0,0.0,0.0,0.0,0.0,0.0,0.0,0.0,come
0.0,0.0,0.2116307179176639,-0.19056081009640802,0.29587790882090026,-0.500933081499851,0.1840825860030566,-0.773783365533416,0.020639291790420716,-0.9061607889500851,0.2121444774455242,-0.21046142237857685,0.11211708334534828,-0.5310300662264387,0.054591635668079626,-0.80628093851226,-0.004270596037948038,-1.0,0.009614127666118785,-0.164781520036141,-0.027282601382200563,-0.7239325912896374,0.07403640051135654,-0.8401162567163605,0.1417985908859348,-0.7945810144467833,-0.155217374587887,-0.18317209262089448,-0.1385677691590492,-0.760791833674558,-0.01942482001595586,-0.7567545680863539,0.03792064361717466,-0.6199169526226247,-0.2791052702403952,-0.23404053365629535,-0.23931125464978806,-0.6792660303545854,-0.13111224852696637,-0.680150811730442,-0.08857329603890923,-0.5701579726443476,0.0,0.0,0.0,0.0,0.0,0.0,0.0,0.0,0.0,0.0,0.0,0.0,0.0,0.0,0.0,0.0,0.0,0.0,0.0,0.0,0.0,0.0,0.0,0.0,0.0,0.0,0.0,0.0,0.0,0.0,0.0,0.0,0.0,0.0,0.0,0.0,0.0,0.0,0.0,0.0,0.0,0.0,come
0.0,0.0,0.2060059231736601,-0.1804958147102878,0.2701560179127228,-0.5376322874954529,0.15926878647021425,-0.8273922994898074,0.024473817371535225,-1.0,0.18969629198564714,-0.23933494763762633,0.0693500511057536,-0.6089994180623639,0.061463859077866716,-0.8086922068891613,0.06404437526760241,-0.9190642961798269,-0.007603152170204504,-0.1920699343914571,-0.0870109693562501,-0.7329759214292888,-0.010974401952158095,-0.8182934570699656,0.04466671696350612,-0.7382628560884084,-0.16645386618509844,-0.20139463204578228,-0.17365888843664448,-0.7294669960629108,-0.08189919263961817,-0.7211677772817505,-0.039857682369692345,-0.5923351461019069,-0.28904832773420586,-0.25113107820886227,-0.2602520256091003,-0.6583730542211143,-0.1687035284834686,-0.6499758046573272,-0.1308076631239431,-0.549643220810974,0.0,0.0,0.0,0.0,0.0,0.0,0.0,0.0,0.0,0.0,0.0,0.0,0.0,0.0,0.0,0.0,0.0,0.0,0.0,0.0,0.0,0.0,0.0,0.0,0.0,0.0,0.0,0.0,0.0,0.0,0.0,0.0,0.0,0.0,0.0,0.0,0.0,0.0,0.0,0.0,0.0,0.0,come
0.0,0.0,0.20165198227661732,-0.17104916261379977,0.25583329697434415,-0.5103671855635937,0.1643112230452247,-0.8054563548241261,0.04458114908639917,-1.0,0.1746726066424624,-0.24857062756853052,0.06880528693740653,-0.6134275139456064,0.07102070977078984,-0.8083243828332348,0.0808599163959856,-0.8960939770019337,-0.011855738051894644,-0.21169379356696535,-0.06550420015948445,-0.7457506398408498,0.016915516871654004,-0.7991742177324801,0.06838592080919328,-0.689629843829632,-0.16400302259239283,-0.22638251575117826,-0.14055518783982118,-0.731046600465457,-0.05327504755291625,-0.7122261819997939,-0.02409231717539855,-0.5867865089893346,-0.2793048037496484,-0.27912053329818115,-0.22658349586575086,-0.6778444256099724,-0.14465485726698607,-0.6567614723441151,-0.11876926833026835,-0.5478332672682764,0.0,0.0,0.0,0.0,0.0,0.0,0.0,0.0,0.0,0.0,0.0,0.0,0.0,0.0,0.0,0.0,0.0,0.0,0.0,0.0,0.0,0.0,0.0,0.0,0.0,0.0,0.0,0.0,0.0,0.0,0.0,0.0,0.0,0.0,0.0,0.0,0.0,0.0,0.0,0.0,0.0,0.0,come
0.0,0.0,0.1739356576363717,-0.1626779167915461,0.2601835537259319,-0.4670040539335789,0.196576354757044,-0.7239909181852677,0.07474778834604975,-0.8520296323773505,0.1408608639282343,-0.30167421319237525,0.06923606939130068,-0.611318982166545,0.02762467447347919,-0.8375949139687109,-0.012870533516295702,-1.0,-0.030769844181828036,-0.2749692785395983,-0.04672013970368519,-0.7409106813018642,0.034986401021793755,-0.7804915254465083,0.08479033471271906,-0.6946831153599238,-0.16690096960199413,-0.279283722934763,-0.11954713677781048,-0.7300794345190496,-0.0418058260343265,-0.6885681671462485,-0.016110454794093416,-0.5694103405994123,-0.2609507502397909,-0.3081477837764705,-0.2028696061605096,-0.6723127850107049,-0.1318294489669839,-0.6450158210481092,-0.11497800553994282,-0.5447252047686695,0.0,0.0,0.0,0.0,0.0,0.0,0.0,0.0,0.0,0.0,0.0,0.0,0.0,0.0,0.0,0.0,0.0,0.0,0.0,0.0,0.0,0.0,0.0,0.0,0.0,0.0,0.0,0.0,0.0,0.0,0.0,0.0,0.0,0.0,0.0,0.0,0.0,0.0,0.0,0.0,0.0,0.0,come
0.0,0.0,0.18954316089363893,-0.2001271568374968,0.26172478592583054,-0.5443021866147308,0.15880344812322947,-0.8314897771536184,0.03488362734998712,-1.0,0.1619365966231007,-0.27570273266482104,0.07416643864280195,-0.5827797048029874,0.04739660459052279,-0.768116831380376,0.024598158237831572,-0.8980937037245686,-0.03035089854815864,-0.2361176220866598,-0.0704981047192892,-0.7581869788984033,0.00938133772212207,-0.7649615511524595,0.05192732141707443,-0.6455880400141643,-0.17994553582925574,-0.25083547273371104,-0.14704144065477723,-0.752114586015967,-0.07127724214524853,-0.6898162865374711,-0.048325382677697655,-0.5602008152523822,-0.2924438759496523,-0.29475639003347925,-0.2279017210436518,-0.6878455567537987,-0.15881526847798094,-0.6295191479687098,-0.14794356006953385,-0.51108045084342,0.0,0.0,0.0,0.0,0.0,0.0,0.0,0.0,0.0,0.0,0.0,0.0,0.0,0.0,0.0,0.0,0.0,0.0,0.0,0.0,0.0,0.0,0.0,0.0,0.0,0.0,0.0,0.0,0.0,0.0,0.0,0.0,0.0,0.0,0.0,0.0,0.0,0.0,0.0,0.0,0.0,0.0,come
0.0,0.0,0.19268624250114902,-0.2102486518155694,0.26296468913205434,-0.5664030474393448,0.15350010998718655,-0.8534308328682101,0.009686411318691171,-1.0,0.13770288058730196,-0.29760351786679246,0.04845117309344549,-0.6263480834631775,0.01936932243315889,-0.8497857740392006,0.0023744846958955257,-0.9886466837315084,-0.050020880064425295,-0.2663951585175181,-0.09345060632960776,-0.7883025328823994,-0.008296291749022433,-0.8919470801430991,0.05175375040151381,-0.842653434817716,-0.19808436515315145,-0.2801671159044164,-0.1672279109515736,-0.7997910108832119,-0.07555379288860815,-0.8160338432053901,-0.04043759014708666,-0.7155639811753632,-0.3073822807276871,-0.32103926986816883,-0.2544734629324334,-0.738193878465909,-0.17209023311090882,-0.7516987433459098,-0.15013022105943644,-0.6685920482360451,0.0,0.0,0.0,0.0,0.0,0.0,0.0,0.0,0.0,0.0,0.0,0.0,0.0,0.0,0.0,0.0,0.0,0.0,0.0,0.0,0.0,0.0,0.0,0.0,0.0,0.0,0.0,0.0,0.0,0.0,0.0,0.0,0.0,0.0,0.0,0.0,0.0,0.0,0.0,0.0,0.0,0.0,come
0.0,0.0,0.18960776128942608,-0.20568557152132796,0.2624420697539227,-0.560315564814589,0.1695500345477912,-0.8486373698839189,0.03309544097973754,-1.0,0.1349397530922397,-0.2921120581795219,0.05070755137151031,-0.631303395934132,0.028733456870351087,-0.8616717951613359,0.020358392564317682,-0.9959811641221531,-0.0514974500961884,-0.2617881147375862,-0.08538169348037546,-0.7923150144618342,0.01183258422685716,-0.8811717689866904,0.07666402910291678,-0.8176745458287893,-0.19814782178985788,-0.2815109156493957,-0.15665813090008712,-0.8004009243075847,-0.05881456538166059,-0.796626841920764,-0.024389836124793035,-0.6883523375876953,-0.3042483231096904,-0.326275863221992,-0.23928394940591777,-0.7460511230567382,-0.15763029286276345,-0.7447632208682363,-0.13884292718597346,-0.6551623389882444,0.0,0.0,0.0,0.0,0.0,0.0,0.0,0.0,0.0,0.0,0.0,0.0,0.0,0.0,0.0,0.0,0.0,0.0,0.0,0.0,0.0,0.0,0.0,0.0,0.0,0.0,0.0,0.0,0.0,0.0,0.0,0.0,0.0,0.0,0.0,0.0,0.0,0.0,0.0,0.0,0.0,0.0,come
0.0,0.0,0.1984840159081483,-0.21644880636253747,0.29264953439822766,-0.564428571987138,0.18883452030881515,-0.8716935597143559,0.029057965849152906,-1.0,0.20297145393894497,-0.28662427661867335,0.15714244036624953,-0.5682597372442619,0.0863034789374637,-0.8090925961182458,0.022226051983901766,-0.9936204391373171,-0.004765947924665179,-0.27617744869898886,-0.0528645464424271,-0.7923645580219422,0.01128205683466588,-0.9163907884807586,0.06835944138013382,-0.8892541198260245,-0.1783266367644489,-0.30752815852325993,-0.13349616838359293,-0.8404324783440511,-0.051225368341365304,-0.8101341509373241,-0.013296290915915577,-0.6668802109697408,-0.3059801127092847,-0.3653237737669546,-0.22678404986470013,-0.8028005583431609,-0.15176593619476683,-0.7686400867170331,-0.127398125081019,-0.638405130837993,0.0,0.0,0.0,0.0,0.0,0.0,0.0,0.0,0.0,0.0,0.0,0.0,0.0,0.0,0.0,0.0,0.0,0.0,0.0,0.0,0.0,0.0,0.0,0.0,0.0,0.0,0.0,0.0,0.0,0.0,0.0,0.0,0.0,0.0,0.0,0.0,0.0,0.0,0.0,0.0,0.0,0.0,come
0.0,0.0,0.2044226226204602,-0.20216795226493148,0.28832468981309317,-0.5600170967338758,0.20405877696631727,-0.8463756621512567,0.05715925731047391,-1.0,0.16853738058903495,-0.3744067448775377,0.06022339938001194,-0.8413284223942525,0.062128111320105484,-0.9717999558694415,0.0741239081158566,-0.9343868089748595,-0.031194750006557862,-0.31237738725490954,-0.0755885488915669,-0.877637688114221,0.01627460934426002,-0.8862524051925929,0.07169734460565642,-0.7286010767239078,-0.18683829236340743,-0.3033408067251268,-0.16605465091339455,-0.8493564807885483,-0.0821939368315802,-0.8134505622017136,-0.050729465788787446,-0.6610760758366676,-0.3041049134593575,-0.3257254924954905,-0.2612772864952776,-0.7642755413322799,-0.18530143794641687,-0.7397914136746097,-0.16387836630523842,-0.6083129010904569,0.0,0.0,0.0,0.0,0.0,0.0,0.0,0.0,0.0,0.0,0.0,0.0,0.0,0.0,0.0,0.0,0.0,0.0,0.0,0.0,0.0,0.0,0.0,0.0,0.0,0.0,0.0,0.0,0.0,0.0,0.0,0.0,0.0,0.0,0.0,0.0,0.0,0.0,0.0,0.0,0.0,0.0,come
0.0,0.0,0.20539397310400934,-0.21273467196636725,0.29070589586045287,-0.5825580833413108,0.20435787815387949,-0.8738420500028165,0.051718867978540584,-1.0,0.17950791338295466,-0.33735109982740985,0.07062221410966785,-0.7693774534534498,0.054467012873002645,-0.9453947795712611,0.05698275976171663,-0.9652375677070812,-0.024704677540841255,-0.27911154396308474,-0.08571361732267031,-0.8429768245321182,0.0007088908705136796,-0.9131025380016912,0.06222387346221008,-0.8121525380478629,-0.188481554524112,-0.27856333091906177,-0.16542274736305215,-0.8313640039190615,-0.07636998624388493,-0.8228172979222387,-0.04167865850636724,-0.6911652128196281,-0.3099265960894957,-0.3127313783787361,-0.25714670039464566,-0.7608245912180641,-0.1756433346251174,-0.7565644741325629,-0.15176636335905308,-0.6435682543708524,0.0,0.0,0.0,0.0,0.0,0.0,0.0,0.0,0.0,0.0,0.0,0.0,0.0,0.0,0.0,0.0,0.0,0.0,0.0,0.0,0.0,0.0,0.0,0.0,0.0,0.0,0.0,0.0,0.0,0.0,0.0,0.0,0.0,0.0,0.0,0.0,0.0,0.0,0.0,0.0,0.0,0.0,come
0.0,0.0,0.18343804882215092,-0.1821344877837861,0.2544690470979486,-0.49399545194920275,0.16062359541565022,-0.7318793271874149,0.025857697255689066,-0.8231112510876354,0.17550938702737906,-0.2817867113642551,0.15410739165016307,-0.57998804268335,0.1308127772469346,-0.8166692467424319,0.09672908670655998,-1.0,-0.00533008065850651,-0.26404611040233167,-0.03787666881969541,-0.755968249053824,0.0349652757389248,-0.7510855001521355,0.07073286607271544,-0.6247297593056216,-0.15042197583981465,-0.28308813716750386,-0.12096080242135662,-0.7476870065605099,-0.036553623760896374,-0.6806593072229666,-0.00952074647819658,-0.5439722312673154,-0.255608461936765,-0.32208927418020317,-0.20592954791734505,-0.7046267875921487,-0.12896659958469678,-0.6452373580735908,-0.10668595495721522,-0.5181783241607192,0.0,0.0,0.0,0.0,0.0,0.0,0.0,0.0,0.0,0.0,0.0,0.0,0.0,0.0,0.0,0.0,0.0,0.0,0.0,0.0,0.0,0.0,0.0,0.0,0.0,0.0,0.0,0.0,0.0,0.0,0.0,0.0,0.0,0.0,0.0,0.0,0.0,0.0,0.0,0.0,0.0,0.0,come
0.0,0.0,0.17894256035369385,-0.1664308232883722,0.24771591368030624,-0.4665438958613302,0.1698512304717105,-0.7012958839141931,0.0507649056914721,-0.8173427792760304,0.19500237538873466,-0.30453653469949554,0.1569033272736336,-0.6017607378252426,0.129102377728518,-0.8226606998800606,0.09161625111775519,-1.0,0.023978710006236033,-0.28410259644739505,-0.025800180468506007,-0.7488270564406605,0.032876244790167215,-0.7213323133234384,0.0630256246967183,-0.5853985312264433,-0.12004182108388937,-0.2913925474848855,-0.11124143817325993,-0.7213847041242242,-0.03577299828992357,-0.6577476838688215,-0.009407454956627538,-0.5338317410938181,-0.22649382449793845,-0.31424892446263825,-0.19720660388587147,-0.6720264660014221,-0.12536050466074666,-0.6259075561776892,-0.10501532558085121,-0.5142350383571872,0.0,0.0,0.34356978189471793,-0.20852761883211246,0.3652198264690471,-0.473880085024229,0.2163351476008098,-0.6796136837974921,0.12000484660573103,-1.0,0.30874162375735514,-0.7007445638175205,0.3096106426326377,-0.36758294797200847,0.23017124406110254,0.03613128524120289,0.16889217345392074,0.27122696959557324,-0.1079372797863642,-0.6635284092140074,-0.11825958709165943,-0.0937248492055659,-0.14818737748077607,0.3990176796794821,-0.1717367458573156,0.6350104675449936,-0.4487964931116412,-0.5394930161534801,-0.4763226459257619,0.080288356992633,-0.447921857309187,0.5337565286748144,-0.4446014509325303,0.716825023892001,-0.7203869581370418,-0.34365724547496335,-0.7469229269326041,0.20036140914259212,-0.6654453862159002,0.5805784311601442,-0.5998420841046578,0.7489907585499662,come
0.0,0.0,0.15909280359850278,-0.013584992278279919,0.27359977126795276,-0.09836162617210073,0.25389055896394047,-0.18203849383168463,0.17972097106418794,-0.21981955135497563,0.2588227950814556,-0.4895957120795085,0.22819686258559835,-0.659064010743963,0.19521998344914235,-0.8429726306802966,0.14717457530539554,-1.0,0.04992801786365073,-0.5822942065957786,-0.016871807365735698,-0.35863654759579666,0.0006531749659217438,-0.05058079013230619,0.018073456008343886,0.16935030836543166,-0.12499763415356055,-0.552021036905191,-0.16260472645781443,-0.2427217502833982,-0.14734209736817203,0.002996067661194682,-0.1425306704305438,0.1790283317661698,-0.25715764188534807,-0.4600739754878174,-0.2942134416320515,-0.22026372643969305,-0.2902376115219742,-0.013161757451409541,-0.29584194937692665,0.11589385705455138,0.0,0.0,0.17569682805524953,-0.16241223182388415,0.23890901912336898,-0.4638230180917387,0.15348060598727656,-0.7075004616863971,0.03468774079333643,-0.8258312583979164,0.19460393675214763,-0.3089088280807219,0.15899358733514612,-0.6041917304006165,0.13828965886151318,-0.8253167168684289,0.10865818012774385,-1.0,0.026463227474479885,-0.2928373017136525,-0.016045035120006622,-0.7496429412925946,0.04038743448829227,-0.7266350384950934,0.0703024205103386,-0.5898350028337993,-0.11468952385804258,-0.2976971719320143,-0.10160131946788255,-0.7149490871345513,-0.029320206580782382,-0.657678831837894,-0.004759763871288201,-0.5287678386071717,-0.2232554940681258,-0.3179813160291149,-0.18851298771595779,-0.6631961434857642,-0.11964517012347724,-0.6192655047028331,-0.10221061815032509,-0.508973527857202,come
0.0,0.0,0.1914275578920434,0.008331768720933518,0.3300054166050514,-0.09466098864672935,0.3032380830535031,-0.24253472193376124,0.20005798758168522,-0.3470814301831178,0.308838703138474,-0.5387544799145306,0.27696339471598547,-0.686060798899399,0.21410668385801848,-0.8536935098769965,0.15378173740099327,-1.0,0.1073368413881795,-0.5961941703372751,0.014667202788720834,-0.5558072319985112,-0.002861579156372071,-0.23126909727126058,0.01288479080439908,0.01660538370665262,-0.07438527348040136,-0.5696087749001832,-0.13887527353024742,-0.4606199520480915,-0.1360610481296928,-0.17290933168065956,-0.11329095310648946,0.04263374943715492,-0.22076237885330804,-0.48188552686453334,-0.2684010879733091,-0.40095671202104166,-0.26223346896999766,-0.17092047393632664,-0.2393844510204319,-0.007818769699577803,0.0,0.0,0.17612550477738267,-0.16459079088187964,0.2674641251873673,-0.46385286393051606,0.21088680568473242,-0.7121456252798594,0.10284602467039074,-0.8400786414435564,0.2032295446968553,-0.3033513044472968,0.14823257709690335,-0.6253757007111326,0.11446498621378703,-0.8402012771634255,0.08272474927951515,-1.0,0.029342141807083708,-0.2806531331107684,-0.025575988544380993,-0.7331688915431335,0.019331614715668053,-0.806980909534515,0.059383513327874844,-0.7565456815480132,-0.11614195239157689,-0.2930511921686272,-0.09930942692534216,-0.7360335692095715,-0.03318120664273381,-0.7214213686043283,0.0023581612268106416,-0.6141004283490501,-0.22571181533327803,-0.32722069843618845,-0.18175927638741965,-0.6730892401583547,-0.1123386992472331,-0.6640041490034302,-0.08263045374701075,-0.5828625856453344,come
0.0,0.0,0.16670873180725074,-0.1544883844238212,0.24696138725405886,-0.43577696180451314,0.19181246139081604,-0.6803765101470278,0.07514988250595613,-0.7987394196842469,0.19691396220040036,-0.2932443214604474,0.15619049605995503,-0.602261289656148,0.1301257985167967,-0.8271097279369186,0.09893797393250377,-1.0,0.03156895511208494,-0.27431348164009267,-0.0036403308355459937,-0.7363383278903077,0.047758097624371186,-0.7613820128780392,0.07840984609247072,-0.6632612560718826,-0.10947910804261742,-0.28463987999222473,-0.08392987808911635,-0.7239887319700835,-0.01750859706310687,-0.6796435081106001,0.008685603443099604,-0.5460847361548865,-0.21944824104953883,-0.3185592248344448,-0.17379094100058723,-0.6750979286649847,-0.10760958393165908,-0.6381618517346274,-0.08615890649631641,-0.5241379275251551,0.0,0.0,0.1578172851885873,-0.05366726096156041,0.2791039554596868,-0.1981392895026818,0.2533376237308873,-0.3527271774858894,0.15718046048188397,-0.4646545450463681,0.2385024517002883,-0.4026558059742539,0.1908715555996236,-0.6462509845152817,0.13216544720846654,-0.8503072810166745,0.08042138189464704,-1.0,0.027521528379296088,-0.38348857962273186,-0.06512037745520806,-0.6484084059364634,-0.06268644988934141,-0.5398275484680849,-0.02411215897419588,-0.3801214905888758,-0.15047733790809445,-0.3304716132206605,-0.19064780637834947,-0.5716467082111848,-0.1821023072735334,-0.4514267754482,-0.15770728139083715,-0.30106729875198074,-0.29110783926724,-0.2542842550516625,-0.30366323871385353,-0.46424708199959963,-0.2882264132588251,-0.38147708160672894,-0.269218954327845,-0.2611606148987797,come
0.0,0.0,0.1739871944554307,-0.1555583388364443,0.26536253417040506,-0.44481006375053544,0.20897594398350633,-0.6906532152070141,0.09959933587952204,-0.8124886269753131,0.20854989668352975,-0.2981322445686027,0.16333703857601647,-0.6100342865414481,0.13086658790780234,-0.8304880987793232,0.09723682660465198,-1.0,0.03781708762792006,-0.27916338682964603,-0.009008847154504514,-0.7280119170049594,0.03604334492301762,-0.785344024211806,0.06947394194617894,-0.7196991182104165,-0.10722044944910288,-0.2921616793039311,-0.0856126650002913,-0.7258077638650806,-0.017749746489023763,-0.690945801906998,0.013134832934277585,-0.5628610975440427,-0.22011040784789393,-0.32651905753204147,-0.17444506697540552,-0.6771734379527554,-0.10682109426912484,-0.6483734104393395,-0.08181134779550038,-0.5446663112850434,0.0,0.0,0.0,0.0,0.0,0.0,0.0,0.0,0.0,0.0,0.0,0.0,0.0,0.0,0.0,0.0,0.0,0.0,0.0,0.0,0.0,0.0,0.0,0.0,0.0,0.0,0.0,0.0,0.0,0.0,0.0,0.0,0.0,0.0,0.0,0.0,0.0,0.0,0.0,0.0,0.0,0.0,come
0.0,0.0,0.190402970156933,-0.15941863870245235,0.2847174927401571,-0.45264315104889713,0.214851122234009,-0.7135766586803473,0.08289625183096008,-0.8429027106507796,0.2027672779759589,-0.28761074020719424,0.1665784767706126,-0.5820339037405174,0.1352948341537666,-0.8146780056087086,0.10032972050132369,-1.0,0.023589039022692795,-0.2874616472409784,0.012581477196230817,-0.7846506822128434,0.0731599185221005,-0.9194211592175039,0.10959373854551091,-0.9238078681140499,-0.12721793368963738,-0.30695428669002084,-0.08266445446461701,-0.7926291250577735,-0.00781275273719214,-0.7455666643880761,0.02005863010569566,-0.5947976681860084,-0.24492345482722236,-0.3463221437655651,-0.1894912526031491,-0.7279911354385823,-0.11472113004591782,-0.6897724194328335,-0.08958180548206397,-0.5649008714624529,0.0,0.0,0.0,0.0,0.0,0.0,0.0,0.0,0.0,0.0,0.0,0.0,0.0,0.0,0.0,0.0,0.0,0.0,0.0,0.0,0.0,0.0,0.0,0.0,0.0,0.0,0.0,0.0,0.0,0.0,0.0,0.0,0.0,0.0,0.0,0.0,0.0,0.0,0.0,0.0,0.0,0.0,come
0.0,0.0,0.18411278712596502,-0.14471292379206407,0.27971686012954533,-0.42359939362711385,0.2241523053005659,-0.6671782431108566,0.10825923214882009,-0.8029791219313707,0.20487917876500727,-0.2750325079556034,0.17514131009272507,-0.5674393571828208,0.13495390283438413,-0.7719627728622702,0.09579840202389667,-0.9440603321118893,0.03107329327704518,-0.2750076294181518,0.030407654186118,-0.7118678363633549,0.07532032499109902,-0.9062057023819264,0.10597261812882439,-1.0,-0.12126269081838226,-0.2963210724529353,-0.07480672140682047,-0.7479829034690633,-0.009635733983197588,-0.712853579302826,0.01868488733892529,-0.5857311636300108,-0.23851634354053652,-0.3373557321256001,-0.1781322631507949,-0.7004828647691161,-0.11138148859899558,-0.6705291056773928,-0.08478439706588058,-0.5597706862274628,0.0,0.0,0.0,0.0,0.0,0.0,0.0,0.0,0.0,0.0,0.0,0.0,0.0,0.0,0.0,0.0,0.0,0.0,0.0,0.0,0.0,0.0,0.0,0.0,0.0,0.0,0.0,0.0,0.0,0.0,0.0,0.0,0.0,0.0,0.0,0.0,0.0,0.0,0.0,0.0,0.0,0.0,come
0.0,0.0,0.17432961192168345,-0.14772097301596415,0.2754243541643299,-0.46359454770170677,0.2211774852001303,-0.7156967973463005,0.1127465370371066,-0.854578366725503,0.2062117861219592,-0.272450695275902,0.12346534031784501,-0.6447601940794081,0.09657629412658095,-0.8515145481739717,0.0766714018378618,-1.0,0.02413783480495728,-0.23179700551852273,-0.036392304014090666,-0.7117254788524607,0.011711364571867717,-0.7809726617654872,0.055496224295775214,-0.7246309222957871,-0.129352551652632,-0.23627252046168187,-0.11622439237485382,-0.7072140073769925,-0.05513531731103098,-0.6834169546319795,-0.024256437695111144,-0.5596145889068195,-0.25095673892498555,-0.2752832113584002,-0.20625015764524426,-0.6493720218465451,-0.14123081893417325,-0.6393071444556369,-0.11529166919346279,-0.5508696382504518,0.0,0.0,0.0,0.0,0.0,0.0,0.0,0.0,0.0,0.0,0.0,0.0,0.0,0.0,0.0,0.0,0.0,0.0,0.0,0.0,0.0,0.0,0.0,0.0,0.0,0.0,0.0,0.0,0.0,0.0,0.0,0.0,0.0,0.0,0.0,0.0,0.0,0.0,0.0,0.0,0.0,0.0,come
0.0,0.0,0.2033786699998476,-0.1784091422091065,0.3042102687391507,-0.5053990227614967,0.22116224844792293,-0.7849459953953106,0.07524213149904867,-0.9232833557471923,0.2565816090189113,-0.24290642336056065,0.19716288563986176,-0.5694925956628967,0.13729588508001847,-0.8115562349202461,0.09089704030670326,-1.0,0.051979737526378335,-0.21059394857435493,0.031205727596420568,-0.7073411354840862,0.08066602659931295,-0.8867903152576128,0.13454152516031156,-0.9294160406169605,-0.12634429240208997,-0.22830765444069012,-0.09885877658572662,-0.7558861899286293,-0.029244119560901144,-0.7720391205946128,0.019045598041727445,-0.6532379040640827,-0.269787814509286,-0.2786351785733284,-0.21106982973805832,-0.7044849858773998,-0.13216039409286268,-0.7110075770057672,-0.09235832615198465,-0.6065541056755227,0.0,0.0,0.0,0.0,0.0,0.0,0.0,0.0,0.0,0.0,0.0,0.0,0.0,0.0,0.0,0.0,0.0,0.0,0.0,0.0,0.0,0.0,0.0,0.0,0.0,0.0,0.0,0.0,0.0,0.0,0.0,0.0,0.0,0.0,0.0,0.0,0.0,0.0,0.0,0.0,0.0,0.0,come
0.0,0.0,0.19328809551903484,-0.2076918484769584,0.27975825955399153,-0.5200606284993746,0.20142131678082623,-0.8044559929079903,0.07552300909287354,-0.9633902743837583,0.2458761437561362,-0.2342019625225514,0.1572761906737157,-0.5683874170078748,0.11447581096083223,-0.8183446054172707,0.07404064900969995,-1.0,0.04323452147292051,-0.19153387132531513,-0.011806469749231984,-0.7413241015381623,0.04882287044217717,-0.8144533050968354,0.10368981257912437,-0.7435463804376676,-0.12711020502197476,-0.2011472104920488,-0.11679001916782115,-0.7447089498506009,-0.040386674846880244,-0.7347693737512119,0.00010089802040886681,-0.595648941033235,-0.2670016667792427,-0.2475176984937327,-0.21994787496156767,-0.6781767951929941,-0.1353275079674402,-0.6773062694946888,-0.10329378784901956,-0.5679387010893343,0.0,0.0,0.0,0.0,0.0,0.0,0.0,0.0,0.0,0.0,0.0,0.0,0.0,0.0,0.0,0.0,0.0,0.0,0.0,0.0,0.0,0.0,0.0,0.0,0.0,0.0,0.0,0.0,0.0,0.0,0.0,0.0,0.0,0.0,0.0,0.0,0.0,0.0,0.0,0.0,0.0,0.0,come
0.0,0.0,0.21080353909039168,-0.22425888283600293,0.31382004449733536,-0.51609310439134,0.23162001345268277,-0.8071071557924148,0.09291102750408385,-0.9818997849049073,0.26381686611624006,-0.11038295796406213,0.17256037076185055,-0.45935708002867937,0.11634560089881661,-0.7657305471989593,0.05287199994086733,-1.0,0.04214060270975467,-0.05650185898336155,-0.01995875496160072,-0.6830329147232961,0.038187287953935646,-0.7479041163730976,0.08167049797101021,-0.640117674016365,-0.14179245910606184,-0.07716991034008677,-0.1341814929521247,-0.6906979872716924,-0.056792791727339254,-0.6758757918234298,-0.023063515880818102,-0.5141248734191249,-0.2889787048466616,-0.14560533376697293,-0.23701143478035908,-0.6214701860461679,-0.14700293445882517,-0.6155178913289329,-0.11405243589648825,-0.49300800508540976,0.0,0.0,0.0,0.0,0.0,0.0,0.0,0.0,0.0,0.0,0.0,0.0,0.0,0.0,0.0,0.0,0.0,0.0,0.0,0.0,0.0,0.0,0.0,0.0,0.0,0.0,0.0,0.0,0.0,0.0,0.0,0.0,0.0,0.0,0.0,0.0,0.0,0.0,0.0,0.0,0.0,0.0,come
0.0,0.0,0.2126462870677944,-0.1909938595258641,0.279657936956011,-0.468280921453835,0.209866717546291,-0.773461173045383,0.1038145471215253,-1.0,0.2256490853540152,-0.0975620521436068,0.1788506326384037,-0.4807398180457475,0.14619641751201432,-0.7448053477241472,0.07942110087155567,-0.9079786495538302,0.02315367443726288,-0.057984613755768306,0.0017643981002829574,-0.6547017605709543,0.05020321586416258,-0.6840794359066188,0.07524141050163269,-0.5688655808560013,-0.14596734746099593,-0.08611190183733736,-0.1067614495217604,-0.6509690361542378,-0.045930500705228465,-0.6430596942585268,-0.02825634950055745,-0.5163110447242514,-0.2821235128953868,-0.1685494641855959,-0.21913511529347085,-0.6209348795748013,-0.14668444846217174,-0.6013513456887759,-0.12841834672322275,-0.4823335310226497,0.0,0.0,0.0,0.0,0.0,0.0,0.0,0.0,0.0,0.0,0.0,0.0,0.0,0.0,0.0,0.0,0.0,0.0,0.0,0.0,0.0,0.0,0.0,0.0,0.0,0.0,0.0,0.0,0.0,0.0,0.0,0.0,0.0,0.0,0.0,0.0,0.0,0.0,0.0,0.0,0.0,0.0,come
0.0,0.0,0.24036944554884823,-0.18703254055744523,0.33141844347444743,-0.48077335066281024,0.24251244039064143,-0.7830510303897604,0.10517741962225165,-1.0,0.23289302028010425,0.031815931307132575,0.14052968252662734,-0.3875517746838579,0.10436566930065613,-0.6930150136424118,0.050485863613592544,-0.890787885447303,-0.017963836311864267,0.09777023857397217,-0.0694142426584059,-0.5600189722662268,6.501804738450275e-06,-0.683477841361816,0.03708987022072652,-0.6145580609537692,-0.21644963100632658,0.06341437724576399,-0.18926363485344444,-0.5788608773080188,-0.09844447572534946,-0.6223095125629496,-0.06473911996122324,-0.49795436968416507,-0.37010255621704197,-0.03572319086470427,-0.3090567864374954,-0.5579592005250857,-0.20258225676992292,-0.5838555637080963,-0.1619836876220917,-0.47008113277042873,0.0,0.0,0.0,0.0,0.0,0.0,0.0,0.0,0.0,0.0,0.0,0.0,0.0,0.0,0.0,0.0,0.0,0.0,0.0,0.0,0.0,0.0,0.0,0.0,0.0,0.0,0.0,0.0,0.0,0.0,0.0,0.0,0.0,0.0,0.0,0.0,0.0,0.0,0.0,0.0,0.0,0.0,come
0.0,0.0,0.20380380757112504,-0.15758245660254172,0.32980922872507973,-0.37790090235295754,0.3005647785353066,-0.6967344624540499,0.1909475892391812,-0.940422941642824,0.2415428443795004,-0.2224935344598359,0.201166865344132,-0.6639539079189265,0.13817151824219123,-0.8469096722517261,0.07948216770887111,-1.0,-0.0006295771156286485,-0.18326462120239,-0.049235466750228475,-0.5213847587521037,-0.024672959437888678,-0.28714443619917057,0.004569854424098526,-0.05491106967565529,-0.21207667177473657,-0.1482778877299143,-0.2500210677202436,-0.3828761569860151,-0.20932232302910456,-0.1285765011875649,-0.18086290109462147,0.1278213359143677,-0.37729423382633165,-0.10752514422184023,-0.3893498787890193,-0.22785496245036813,-0.3349043443684552,-0.04900065371295047,-0.2961822836426947,0.14976490060535946,0.0,0.0,0.0,0.0,0.0,0.0,0.0,0.0,0.0,0.0,0.0,0.0,0.0,0.0,0.0,0.0,0.0,0.0,0.0,0.0,0.0,0.0,0.0,0.0,0.0,0.0,0.0,0.0,0.0,0.0,0.0,0.0,0.0,0.0,0.0,0.0,0.0,0.0,0.0,0.0,0.0,0.0,come
0.0,0.0,0.14383614938918504,-0.07976520110301584,0.2586864394717215,-0.21878201393383043,0.28018082475674627,-0.3629628083253783,0.21675513693755585,-0.4673443166786546,0.213426731622887,-0.5402834211709959,0.20292606643525854,-0.7039935929431279,0.18260339824527108,-0.8704024717271535,0.16159485613538324,-1.0,0.04489077068771481,-0.569935417018555,-0.024631489849483507,-0.5723672898491039,-0.014933604595772785,-0.3674071346829399,0.014055291230720472,-0.19595118035219836,-0.11596962721025433,-0.5244544227860449,-0.1722913768529888,-0.4633824174114048,-0.14756385706341962,-0.24938595875267355,-0.11231517557727089,-0.08029886946570536,-0.24942847003049803,-0.4348414082619909,-0.2972642854025002,-0.40354247996371356,-0.279230014480404,-0.24178744740652738,-0.24815237256580233,-0.10915188102915249,0.0,0.0,0.0,0.0,0.0,0.0,0.0,0.0,0.0,0.0,0.0,0.0,0.0,0.0,0.0,0.0,0.0,0.0,0.0,0.0,0.0,0.0,0.0,0.0,0.0,0.0,0.0,0.0,0.0,0.0,0.0,0.0,0.0,0.0,0.0,0.0,0.0,0.0,0.0,0.0,0.0,0.0,come
0.0,0.0,0.11993201186791094,-0.03563966289992801,0.23902791004972299,-0.1146498699965803,0.304551662568526,-0.155003979782788,0.30258734492479417,-0.152886642344128,0.2852496103701769,-0.5329096122216318,0.3080567458269346,-0.7174747337688057,0.324572738720391,-0.8789199169635123,0.33026321518260715,-1.0,0.11549993300100139,-0.6275692636493023,0.06019130856018941,-0.35419686377053455,0.0484294969749001,0.03147896168037716,0.04968535833051177,0.2799082895726309,-0.0581166644897276,-0.5959144560167425,-0.11501973828542587,-0.24493227605954584,-0.11292057723124631,0.07544721303187589,-0.11038391482968939,0.27826227001061415,-0.21960623187909575,-0.5044978097456702,-0.26395872354437805,-0.21740942559666096,-0.26564236399520313,0.03836654327860551,-0.2560587596012524,0.18937340930216634,0.0,0.0,0.18690497901660436,-0.1590277442213178,0.2858498599981191,-0.4266090344208744,0.2568955277855282,-0.6598369961400112,0.1731916012380645,-0.8295642717486128,0.27562886537944953,-0.1918514177106406,0.27301353983675714,-0.5831705736777759,0.23911458747376751,-0.833237989688338,0.21255735556736743,-1.0,0.0963781365331388,-0.13989874349026327,0.08730905941285981,-0.6388912703150809,0.11859060789757131,-0.7768667740126997,0.15479079733785994,-0.7949015310578676,-0.07754451924720607,-0.1271076271278909,-0.0782576481450595,-0.5995236974421404,-0.012667715186969667,-0.6479948997644727,0.03680576447158058,-0.5960136484297914,-0.23049547000779896,-0.1365443098548958,-0.21744715961669256,-0.5253538756022627,-0.14883428754915914,-0.565060217175677,-0.10041920028764165,-0.5032959804470188,come
0.0,0.0,0.20411914016527455,-0.10465796823013747,0.3749518108312711,-0.23382656988542747,0.459399591584867,-0.27781198908348337,0.4425177965939959,-0.25516339786122794,0.4293791708282175,-0.8661626153836367,0.41980113618290893,-1.0,0.3694153047527562,-0.856491065123765,0.33209366829311737,-0.6950417639462317,0.20615103725992887,-0.9622425934997105,0.17273161018620423,-0.5077395303862131,0.14249680329276748,0.03233668165885249,0.1310471840349125,0.37838898678694344,-0.03052298766484513,-0.8914137397975737,-0.07607018124216727,-0.35602094240837695,-0.11515398268370729,0.09712073692848919,-0.1372408440579415,0.37205982454689457,-0.25054169078775773,-0.7389686563651053,-0.29344309224965487,-0.2890542199716272,-0.32967880249120507,0.08435108433581648,-0.338030319416259,0.30535329181324866,0.0,0.0,0.20691843793104434,-0.20186448973056959,0.28512039156987407,-0.49375371508727645,0.2312374284825394,-0.7704142989956821,0.16705033701218483,-0.9551837342140467,0.30357737401062046,-0.21172937036564385,0.2592419415582171,-0.569575413770079,0.24255078704619404,-0.8246886864075175,0.2062372140568636,-1.0,0.12479288429044724,-0.17962269918001023,0.06272197930753243,-0.7480654255621917,0.09718759283657098,-0.7662448242190292,0.11965368563948364,-0.654810529574239,-0.054960289664396526,-0.18913644152663803,-0.05955003876556308,-0.7299086390675265,-0.010498540995720064,-0.6889920615716181,0.005712819822393162,-0.5448156160111782,-0.21443555234884484,-0.23551528569167354,-0.1670451388139843,-0.674641655709298,-0.11003545950902498,-0.6425544777669164,-0.09557901040341397,-0.5114242101402812,come
0.0,0.0,0.2972087992776416,-0.21098967067205127,0.4219123644337722,-0.34289118650010086,0.42957171159907787,-0.325329179111142,0.3427779045653447,-0.24165765372441234,0.4364612377333029,-0.9949783854760983,0.31794518146608325,-0.5975059783094036,0.2715756607561611,-0.020995194199964942,0.29536238642865886,0.4206703975286347,0.11677052222145047,-1.0,0.06005100167690339,-0.18578154612476558,0.03278230354266512,0.4892282936929249,0.046250450647112716,0.9183766450686802,-0.2037710481142279,-0.8899693394588266,-0.25444445546945027,-0.08048557433114047,-0.2686873848575955,0.5261482819182187,-0.2492665614881112,0.9071890204172083,-0.4646089044561971,-0.7200613210823469,-0.5097215745031306,-0.12817892261438169,-0.5270247698805661,0.30221718379456447,-0.5080860148903729,0.5556272180933576,0.0,0.0,0.1462199462018491,-0.19989625292072924,0.19770257909876965,-0.5117450359272736,0.14467211829560833,-0.7857500729509054,0.11296654168662493,-1.0,0.28807193450002117,-0.302460318657215,0.20952625119480298,-0.5996954613884442,0.176070570994337,-0.771844277884182,0.1394850037115793,-0.8840002805527848,0.12388057164784307,-0.25752088526372563,0.017235324659656198,-0.7190445789278527,0.011976635602387762,-0.6982633255989814,0.027137018676628686,-0.5967592323290645,-0.04957190565479033,-0.23808901422799988,-0.10913766643758048,-0.6931652601923606,-0.10610041922533439,-0.6431246494586312,-0.09869210217579218,-0.530234469835429,-0.21259772967685922,-0.24981813141791426,-0.21373119165274077,-0.6159263496276571,-0.19772340511606676,-0.5873401274025624,-0.18982914766292588,-0.48861642713156084,come
0.0,0.0,0.21512265715024473,-0.22473419341240777,0.25337243097781925,-0.48648349819493963,0.1603664713128136,-0.7644501289082049,0.08630745513838989,-1.0,0.2568040324628694,-0.09874794630830742,0.13016935722113415,-0.4841607318599925,0.09201229825160509,-0.6926156934581893,0.062224626793902935,-0.7944304284405418,0.029455107292973768,-0.03117407531325817,-0.10118876572337457,-0.6320726032201425,-0.058657696168227365,-0.6364831814671637,-0.015033339917431948,-0.49416904164509556,-0.18236897403811214,-0.03047727420620821,-0.22690262694017357,-0.6010122619718781,-0.17842110627829313,-0.5483548295515077,-0.15848539625812047,-0.3916071170458858,-0.3581312946046287,-0.0788125242224765,-0.34327992919118666,-0.5103569982729698,-0.28533285497841354,-0.4771164181889275,-0.2672759165382,-0.34661939168687483,0.0,0.0,0.0,0.0,0.0,0.0,0.0,0.0,0.0,0.0,0.0,0.0,0.0,0.0,0.0,0.0,0.0,0.0,0.0,0.0,0.0,0.0,0.0,0.0,0.0,0.0,0.0,0.0,0.0,0.0,0.0,0.0,0.0,0.0,0.0,0.0,0.0,0.0,0.0,0.0,0.0,0.0,come
0.0,0.0,0.264630258559503,-0.23799989879424738,0.32902573037038924,-0.5264278157917536,0.23059942683632143,-0.8080624953470523,0.12423562500778251,-1.0,0.28461203622530096,-0.15575406366265737,0.2420881343143403,-0.4503099624876374,0.2338441044602329,-0.7085674378703978,0.19424324723161202,-0.8778420072226996,0.06530155472701073,-0.1092990335910371,0.019927730614660688,-0.712196273455824,0.06437295220624567,-0.7069624524008415,0.09468539979848928,-0.5607074229120816,-0.13288633242804523,-0.1354895987244896,-0.10806654887588757,-0.7192125874522353,-0.05446326641831517,-0.6707649697747166,-0.038089394352454065,-0.5089560467655356,-0.29464094344956365,-0.19757058505138048,-0.2262873199524492,-0.6686444178271549,-0.1612761356570386,-0.6340055567786792,-0.14995751742818697,-0.49455621674881023,0.0,0.0,0.0,0.0,0.0,0.0,0.0,0.0,0.0,0.0,0.0,0.0,0.0,0.0,0.0,0.0,0.0,0.0,0.0,0.0,0.0,0.0,0.0,0.0,0.0,0.0,0.0,0.0,0.0,0.0,0.0,0.0,0.0,0.0,0.0,0.0,0.0,0.0,0.0,0.0,0.0,0.0,come
0.0,0.0,0.1642265443363239,-0.22276194736160315,0.2185945491171191,-0.5269283074802383,0.16581939047569183,-0.7903206951290683,0.11740842263096296,-1.0,0.26835959415598337,-0.3162027522973048,0.1601453556731998,-0.6580117813743072,0.13466297695676566,-0.762861589388729,0.13012636699734736,-0.8016624457071465,0.10048516585865871,-0.23660761235116998,-0.03189077471721226,-0.6916750431386426,-0.020132645401937505,-0.6941688019711753,0.018323823950104963,-0.613378011862619,-0.07137679409586235,-0.20253970718532036,-0.14636536342754852,-0.6383311720756785,-0.11848694511609181,-0.6078585675397907,-0.08464449380306573,-0.5179848532925064,-0.22684787529490674,-0.20780977562489533,-0.23279272553622585,-0.5572140493633355,-0.19800580538029033,-0.5452069955238722,-0.17144648393545384,-0.46947774596699393,0.0,0.0,0.0,0.0,0.0,0.0,0.0,0.0,0.0,0.0,0.0,0.0,0.0,0.0,0.0,0.0,0.0,0.0,0.0,0.0,0.0,0.0,0.0,0.0,0.0,0.0,0.0,0.0,0.0,0.0,0.0,0.0,0.0,0.0,0.0,0.0,0.0,0.0,0.0,0.0,0.0,0.0,come
0.0,0.0,0.1787793830574647,-0.22325633413314896,0.23274482492171297,-0.506486640367644,0.165407804302737,-0.7861213347431778,0.09095759282606043,-1.0,0.21020959575419904,-0.17507727032412868,0.1034677599739721,-0.5208711212330717,0.08419237260563667,-0.7432909532717882,0.06940705193379153,-0.8892286693236813,0.021677630241164748,-0.11210754809060962,-0.09392131644231161,-0.6320463418601814,-0.041391221684493065,-0.675697974704136,0.0077720220423766724,-0.5820689637642849,-0.16066889666110862,-0.09211995201106185,-0.20999684818414738,-0.6057291878482248,-0.15074347269104071,-0.6064014905038838,-0.11344656147057627,-0.48727505185245434,-0.3227825450404653,-0.1151109235837163,-0.3274784964821668,-0.5145901114319411,-0.26848641669039003,-0.5341486538696165,-0.23719295213306762,-0.4456604070926024,0.0,0.0,0.0,0.0,0.0,0.0,0.0,0.0,0.0,0.0,0.0,0.0,0.0,0.0,0.0,0.0,0.0,0.0,0.0,0.0,0.0,0.0,0.0,0.0,0.0,0.0,0.0,0.0,0.0,0.0,0.0,0.0,0.0,0.0,0.0,0.0,0.0,0.0,0.0,0.0,0.0,0.0,come
0.0,0.0,0.15156113123306475,-0.08298042919184412,0.2302946103524614,-0.346943065486383,0.1815177190287395,-0.6334928800551777,0.0948123442956161,-0.8471486311521611,0.23783652056261675,-0.35883097999808083,0.1490797102326114,-0.6533642277470594,0.10352967926409462,-0.8512385577591682,0.05985717618342367,-1.0,0.05280659746190422,-0.3992014878395457,-0.11279378232101506,-0.6139910158939828,-0.09599058309453853,-0.41841547564743337,-0.04678849023626404,-0.23278025241381367,-0.12654740575004172,-0.40668993127831454,-0.25222358453054344,-0.5641419751019315,-0.21218597769197456,-0.3544053383475785,-0.16365306368821106,-0.17980678234437159,-0.2795811244287146,-0.38937964193584607,-0.3669568036325887,-0.48295859223679366,-0.3395759071974435,-0.30908943555692253,-0.30158326366237814,-0.16968130146000868,0.0,0.0,0.0,0.0,0.0,0.0,0.0,0.0,0.0,0.0,0.0,0.0,0.0,0.0,0.0,0.0,0.0,0.0,0.0,0.0,0.0,0.0,0.0,0.0,0.0,0.0,0.0,0.0,0.0,0.0,0.0,0.0,0.0,0.0,0.0,0.0,0.0,0.0,0.0,0.0,0.0,0.0,come
0.0,0.0,0.14963127075054147,-0.09512018659059708,0.22020664481166546,-0.3063101654859236,0.21254488892648107,-0.4906447771049081,0.15226560329307484,-0.6334753499142125,0.22073028263709737,-0.24822956755200795,0.23102955427348038,-0.5814103342414573,0.22288122220660933,-0.8330393412758937,0.20405186083557408,-1.0,0.0764392991665905,-0.23943322514971313,0.040371043896902235,-0.6413458333390176,0.06016582698169519,-0.6838189318152157,0.09585346144383979,-0.6318064390854369,-0.06306936802848881,-0.2396187607404871,-0.05160754311315079,-0.6401259823040882,-0.0224623119462638,-0.6329478467639728,-0.0014770088206712115,-0.5285915802311828,-0.1780341321822851,-0.2502049759008367,-0.16437043635879128,-0.5827254541642963,-0.12494639703979783,-0.6030124977319639,-0.10076742613477978,-0.5259586119209345,0.0,0.0,0.0,0.0,0.0,0.0,0.0,0.0,0.0,0.0,0.0,0.0,0.0,0.0,0.0,0.0,0.0,0.0,0.0,0.0,0.0,0.0,0.0,0.0,0.0,0.0,0.0,0.0,0.0,0.0,0.0,0.0,0.0,0.0,0.0,0.0,0.0,0.0,0.0,0.0,0.0,0.0,come
0.0,0.0,0.1618202718791734,-0.08829093824638175,0.2638771158299946,-0.3110007462308099,0.28805861655086806,-0.5168421154315218,0.2509306150245966,-0.6918540092397382,0.2446267759206532,-0.21750140672960122,0.2790693125258102,-0.5889751039047916,0.288513599996136,-0.8308765676280727,0.2790309142414165,-1.0,0.09386641744006607,-0.21097321538539562,0.08718294246777804,-0.6701461791292042,0.10396106075864384,-0.795944996268846,0.12220700780765116,-0.8096942385668504,-0.048232833672638926,-0.22959131184478399,-0.02555369601599687,-0.6715879260337954,0.003634071594687996,-0.786016021020042,0.02490527215689684,-0.7931568944240378,-0.17060140407311614,-0.2730093870522917,-0.1371465969218583,-0.6418302216233056,-0.09669629855028364,-0.7528855465476562,-0.07274059906153627,-0.7724392087538429,0.0,0.0,0.0,0.0,0.0,0.0,0.0,0.0,0.0,0.0,0.0,0.0,0.0,0.0,0.0,0.0,0.0,0.0,0.0,0.0,0.0,0.0,0.0,0.0,0.0,0.0,0.0,0.0,0.0,0.0,0.0,0.0,0.0,0.0,0.0,0.0,0.0,0.0,0.0,0.0,0.0,0.0,come
0.0,0.0,-0.11417975895290114,-0.14436621254636828,-0.14716582684226454,-0.41287714780182283,-0.11753837214286246,-0.6508174139705065,-0.05492972603664394,-0.8244296889497109,-0.034075063439188084,-0.30558092894939265,0.03577028276669034,-0.673248463715505,0.08429077079479735,-0.8751820660424597,0.12658091072674732,-1.0,0.06932920902683118,-0.2529901179364471,0.11049544806019941,-0.6647775002175168,0.14491058199279255,-0.8541041118757493,0.18823222631190856,-0.9550837458880345,0.15728350149926174,-0.21924691196742715,0.18964255639587901,-0.6151087288780933,0.2023632461050379,-0.7888921940603929,0.22383747864293138,-0.8870049696490293,0.2272245807572459,-0.21931261615332276,0.24952216887464385,-0.5334651181353562,0.25579537868581875,-0.6792878590214029,0.2623696471300232,-0.7667996748669426,0.0,0.0,0.0,0.0,0.0,0.0,0.0,0.0,0.0,0.0,0.0,0.0,0.0,0.0,0.0,0.0,0.0,0.0,0.0,0.0,0.0,0.0,0.0,0.0,0.0,0.0,0.0,0.0,0.0,0.0,0.0,0.0,0.0,0.0,0.0,0.0,0.0,0.0,0.0,0.0,0.0,0.0,come
0.0,0.0,0.1731491369341746,-0.2179650836820161,0.22618657497394787,-0.5595208912909734,0.13208167562349118,-0.8351680109583022,-0.004152491734643061,-0.95407911814567,0.17352697129085543,-0.38962647479807977,0.121830200134251,-0.7467737553675518,0.12018745007517982,-0.9300525392496173,0.12352805871656489,-1.0,-0.004505260007173323,-0.354820926788972,-0.05480865178011589,-0.8566962753642047,0.004632802141233377,-0.8893186780294666,0.04690859615552621,-0.7927088290489375,-0.15531904148768683,-0.3574115803097062,-0.13590738671696595,-0.8221898615799227,-0.06811100146747177,-0.8018618202621691,-0.04753285223653979,-0.6935239928502681,-0.27142882946179064,-0.38098623245328034,-0.21610927190766538,-0.7653307672544049,-0.14611776120057696,-0.7527096252657282,-0.12987069955386057,-0.6648207461657185,0.0,0.0,0.0,0.0,0.0,0.0,0.0,0.0,0.0,0.0,0.0,0.0,0.0,0.0,0.0,0.0,0.0,0.0,0.0,0.0,0.0,0.0,0.0,0.0,0.0,0.0,0.0,0.0,0.0,0.0,0.0,0.0,0.0,0.0,0.0,0.0,0.0,0.0,0.0,0.0,0.0,0.0,come
0.0,0.0,0.1763443850365214,-0.19689167989242543,0.23439111960812115,-0.5053382059010515,0.17450116401922805,-0.7546419440264546,0.06767868495556602,-0.8840044090944433,0.19833314276044073,-0.36817018006851476,0.15024968098097777,-0.7063177200773878,0.13502202260346965,-0.8979161082880913,0.12040706369860821,-1.0,0.0199250819844584,-0.3519538600158252,-0.03578757678181843,-0.8343071455687229,0.012502984371498223,-0.8861943203179671,0.04910322495071785,-0.8035850877473827,-0.1341262995165547,-0.35857116068039097,-0.12468699545826682,-0.8048152433920756,-0.0637613600501283,-0.7878960295281263,-0.037380339280732165,-0.6808212624463156,-0.2520459753291956,-0.38248839411084024,-0.21188314984975234,-0.7409324045572839,-0.14856324809388993,-0.725593512593819,-0.1253767168711895,-0.6334108736318772,0.0,0.0,0.0,0.0,0.0,0.0,0.0,0.0,0.0,0.0,0.0,0.0,0.0,0.0,0.0,0.0,0.0,0.0,0.0,0.0,0.0,0.0,0.0,0.0,0.0,0.0,0.0,0.0,0.0,0.0,0.0,0.0,0.0,0.0,0.0,0.0,0.0,0.0,0.0,0.0,0.0,0.0,come
0.0,0.0,0.14756511707114792,-0.18960117421980424,0.19288349078635567,-0.44692009722125603,0.148679349035572,-0.6492579967976371,0.07453579440071335,-0.7574844015053575,0.17987347745472076,-0.3545246701496956,0.1496491825602822,-0.6651842864383214,0.12841177074647217,-0.8536921581860063,0.09638784065760164,-1.0,0.0390679841104499,-0.33133132952266003,0.004264496986002536,-0.7182697603768875,0.040029536181370465,-0.6712836524403336,0.05920742572364096,-0.5543955999280868,-0.08627513157724352,-0.32076359219953304,-0.08496575844715815,-0.677290266159902,-0.03906693010724031,-0.6310135023834024,-0.022932550118605476,-0.532851473180286,-0.18789203272950994,-0.3210853643222323,-0.1644076366447404,-0.6263984740442675,-0.11741836669855779,-0.5832862796186195,-0.10510324262581712,-0.4924113274628366,0.0,0.0,0.0,0.0,0.0,0.0,0.0,0.0,0.0,0.0,0.0,0.0,0.0,0.0,0.0,0.0,0.0,0.0,0.0,0.0,0.0,0.0,0.0,0.0,0.0,0.0,0.0,0.0,0.0,0.0,0.0,0.0,0.0,0.0,0.0,0.0,0.0,0.0,0.0,0.0,0.0,0.0,come
0.0,0.0,0.15348892123492763,-0.168932949213207,0.2264412748819644,-0.4528601668670591,0.19250572771496424,-0.6925885102610204,0.10041018794286313,-0.8263688636476638,0.20453969572587477,-0.3656012122987013,0.15538104489855337,-0.7019951362477688,0.12415485342363494,-0.8767537896721896,0.0816129969793341,-1.0,0.05163153377690198,-0.345098137042447,0.0014945282360244012,-0.7665180225889562,0.04039668644278188,-0.7046537459828253,0.06139440663367553,-0.5670423291334932,-0.08491045901512179,-0.3293535631436044,-0.09519599814307386,-0.696711234830248,-0.05117755395260601,-0.6252650280221909,-0.034344590335748576,-0.5108926965632685,-0.20348325716598695,-0.3269657693744903,-0.1815710845777911,-0.6317056638809927,-0.13234033006742377,-0.5821859820530174,-0.11545662049354116,-0.49037458546789564,0.0,0.0,0.0,0.0,0.0,0.0,0.0,0.0,0.0,0.0,0.0,0.0,0.0,0.0,0.0,0.0,0.0,0.0,0.0,0.0,0.0,0.0,0.0,0.0,0.0,0.0,0.0,0.0,0.0,0.0,0.0,0.0,0.0,0.0,0.0,0.0,0.0,0.0,0.0,0.0,0.0,0.0,come
0.0,0.0,0.1472861876083433,-0.15673132430137118,0.21652520874933068,-0.4273348920217668,0.18031288520789956,-0.6439768602180324,0.09152318051395233,-0.7458610197917299,0.18521594559344326,-0.3541029654390364,0.1473989324038077,-0.6875324831305182,0.1126773827751044,-0.8653039266804202,0.07231374233598853,-1.0,0.03595053481012288,-0.33131680735510916,-0.005661160404897674,-0.7340837051486065,0.0227694303694667,-0.6689777676965418,0.044333796189192455,-0.5312688657254651,-0.09484965381158537,-0.31880916069863635,-0.09379681146343581,-0.6592303612032111,-0.05775527788664732,-0.5773415078328359,-0.042451593758086804,-0.4700934393402054,-0.20311928382632416,-0.31728827689987943,-0.17028612588307696,-0.599947341154878,-0.1277030522893299,-0.5351915147664735,-0.11797939915053321,-0.4422312563032119,0.0,0.0,0.0,0.0,0.0,0.0,0.0,0.0,0.0,0.0,0.0,0.0,0.0,0.0,0.0,0.0,0.0,0.0,0.0,0.0,0.0,0.0,0.0,0.0,0.0,0.0,0.0,0.0,0.0,0.0,0.0,0.0,0.0,0.0,0.0,0.0,0.0,0.0,0.0,0.0,0.0,0.0,come
0.0,0.0,0.14177588721887036,-0.15014113560328873,0.20824627387763892,-0.42518606523657076,0.16983242189365522,-0.6436809036700284,0.08853446029560975,-0.7530814816180198,0.18646304710468836,-0.3510872342867772,0.14403221360448348,-0.6889822066084473,0.1100592945482027,-0.867194036528525,0.06953858837585555,-1.0,0.03644205899627409,-0.32674856916398626,-0.010420155957145717,-0.7314924681596571,0.02190672566238219,-0.6691819999949729,0.044609742671547416,-0.5345398912304896,-0.09455306221109931,-0.3111701142741759,-0.09752239778874987,-0.6535886313993832,-0.06019975987257998,-0.5751331550949995,-0.046253601701838155,-0.4690331980766347,-0.2028974481643993,-0.31221323583009436,-0.1712875974103774,-0.5966993790703734,-0.13230300293330807,-0.5303833241309625,-0.1254788933360033,-0.43747981832090105,0.0,0.0,0.0,0.0,0.0,0.0,0.0,0.0,0.0,0.0,0.0,0.0,0.0,0.0,0.0,0.0,0.0,0.0,0.0,0.0,0.0,0.0,0.0,0.0,0.0,0.0,0.0,0.0,0.0,0.0,0.0,0.0,0.0,0.0,0.0,0.0,0.0,0.0,0.0,0.0,0.0,0.0,come
0.0,0.0,0.14549927537973167,-0.1546731585571895,0.20345547334814337,-0.42055700884707903,0.16337871083052502,-0.6253274877593449,0.08970426046887779,-0.7314708921405424,0.18125002589409192,-0.3497754050043129,0.14104764595774583,-0.6663019673709584,0.1140443754303598,-0.8522313249737538,0.08213821396226009,-1.0,0.03542924946906754,-0.32506688961825064,-0.004304136674403131,-0.7089863685214017,0.028927636577869956,-0.6405001827087126,0.05077147821706127,-0.5058920038215536,-0.09084708067936154,-0.3103539080192138,-0.09054994079574823,-0.6427163855327844,-0.050829149538588,-0.5649696438381591,-0.038061249263572024,-0.46237600873024487,-0.19256288535587596,-0.30609567639096846,-0.16652096924279047,-0.5857619781926172,-0.12196473597555266,-0.5222131535358072,-0.11739958685458458,-0.4259560720195486,0.0,0.0,0.0,0.0,0.0,0.0,0.0,0.0,0.0,0.0,0.0,0.0,0.0,0.0,0.0,0.0,0.0,0.0,0.0,0.0,0.0,0.0,0.0,0.0,0.0,0.0,0.0,0.0,0.0,0.0,0.0,0.0,0.0,0.0,0.0,0.0,0.0,0.0,0.0,0.0,0.0,0.0,come
0.0,0.0,0.1460083968899882,-0.16898419063019987,0.21334537600716288,-0.45563293392503734,0.17492873620812965,-0.686991728004836,0.08767523313233792,-0.8141544480386192,0.20660086881245557,-0.37920234212332776,0.15740649643508353,-0.7261814462297912,0.12026382118048198,-0.8964412816038512,0.07379473227608963,-1.0,0.05215600390328996,-0.3515862109393304,-0.01084643406608075,-0.7771534696024853,0.01688488412317953,-0.7083379149882564,0.037643748061936634,-0.5666900089928008,-0.08598084535313778,-0.33218252118404773,-0.10840945414614411,-0.7034347196783277,-0.07305843154876863,-0.6307571333333458,-0.057255595857524315,-0.5167979804749625,-0.20544246465093763,-0.3292614011332385,-0.18842316457348043,-0.6383624627019063,-0.14596751203722874,-0.5766743140632505,-0.13476730264704218,-0.476634119959145,0.0,0.0,0.0,0.0,0.0,0.0,0.0,0.0,0.0,0.0,0.0,0.0,0.0,0.0,0.0,0.0,0.0,0.0,0.0,0.0,0.0,0.0,0.0,0.0,0.0,0.0,0.0,0.0,0.0,0.0,0.0,0.0,0.0,0.0,0.0,0.0,0.0,0.0,0.0,0.0,0.0,0.0,come
0.0,0.0,0.14314134901072553,-0.16067490662541825,0.21921064487864472,-0.4398709821432401,0.19009365432185135,-0.6680744854044761,0.10232331075809953,-0.7936420552234628,0.19990657537957207,-0.3761609572201591,0.16302148299242053,-0.720313926549491,0.12561179449137863,-0.8926770137785589,0.07890996857474841,-1.0,0.04598184062514624,-0.347677027598769,-0.009596944532634329,-0.7722239701346212,0.014168098170385272,-0.7028827338014985,0.03502327180416934,-0.5604543170095048,-0.09221663875143075,-0.3240456120308646,-0.10756622191959668,-0.6963700789210248,-0.07713488172425897,-0.6217504754390561,-0.06306342971293707,-0.5059815299086979,-0.21262250305736408,-0.3126766306251472,-0.19558380427684988,-0.6223286367811454,-0.1564352474070188,-0.5686964997029608,-0.14437639923670503,-0.4748837696500751,0.0,0.0,0.0,0.0,0.0,0.0,0.0,0.0,0.0,0.0,0.0,0.0,0.0,0.0,0.0,0.0,0.0,0.0,0.0,0.0,0.0,0.0,0.0,0.0,0.0,0.0,0.0,0.0,0.0,0.0,0.0,0.0,0.0,0.0,0.0,0.0,0.0,0.0,0.0,0.0,0.0,0.0,come
0.0,0.0,0.14545359617083015,-0.17079835161562407,0.21250322639474012,-0.4389428235053611,0.1763130047791087,-0.6601503297724721,0.0912494291763152,-0.7690895941324105,0.18326859708635412,-0.356324138138964,0.14798084679717358,-0.654501105614699,0.12218880825251108,-0.8451580547358327,0.08774047211622815,-1.0,0.0403376555379641,-0.3400081404421135,0.0026710136284384543,-0.7284441901730818,0.03522359007469058,-0.652852059414197,0.05449812740416964,-0.5114396375554554,-0.08615025476568837,-0.3306273287951778,-0.08282274793970337,-0.6679488291955816,-0.04232735754777822,-0.5922291133683414,-0.02889765030219645,-0.4845074223624637,-0.19165446580830472,-0.32800337824670905,-0.16212808217213762,-0.6192617052865811,-0.11745198278961995,-0.5582749395717407,-0.11026842868877111,-0.4559995131912666,0.0,0.0,0.0,0.0,0.0,0.0,0.0,0.0,0.0,0.0,0.0,0.0,0.0,0.0,0.0,0.0,0.0,0.0,0.0,0.0,0.0,0.0,0.0,0.0,0.0,0.0,0.0,0.0,0.0,0.0,0.0,0.0,0.0,0.0,0.0,0.0,0.0,0.0,0.0,0.0,0.0,0.0,come
0.0,0.0,0.1349941363724579,-0.15933008100339505,0.20548296883545872,-0.40653878185613246,0.17027545907144767,-0.6066836352402395,0.079349625228325,-0.6911447162000669,0.1638321299424511,-0.35703784731236304,0.12052212029636074,-0.6626567039608021,0.09580378865592407,-0.8502277939186063,0.06580945244844706,-1.0,0.0291867146798805,-0.3369454263165077,-0.0070158294539535105,-0.6991483787618943,0.0228803895594664,-0.6280746237970742,0.041123166423684084,-0.49461543640907635,-0.08809123710839087,-0.31976591577908114,-0.08910103406520958,-0.6361647015022912,-0.056551870149725035,-0.5656198792276359,-0.045988879091171934,-0.4635826782285328,-0.18711705039191068,-0.31087325742963196,-0.16450886853412192,-0.5788343749358638,-0.12529439659005845,-0.5270499202280208,-0.11699116153114672,-0.4373061735338501,0.0,0.0,0.0,0.0,0.0,0.0,0.0,0.0,0.0,0.0,0.0,0.0,0.0,0.0,0.0,0.0,0.0,0.0,0.0,0.0,0.0,0.0,0.0,0.0,0.0,0.0,0.0,0.0,0.0,0.0,0.0,0.0,0.0,0.0,0.0,0.0,0.0,0.0,0.0,0.0,0.0,0.0,come
0.0,0.0,0.13279897294541335,-0.16071938203560313,0.20143468233684023,-0.41299093814953736,0.16203266733519314,-0.6161401671946789,0.072371478571895,-0.6917944952246072,0.16933195068522752,-0.36195143281790826,0.12169661909069363,-0.6629913474143467,0.09260771349571627,-0.8499603376925795,0.06055536688953106,-1.0,0.03500505578461248,-0.33791376444863935,-0.007904449581576753,-0.6993095066030784,0.01884910006306316,-0.6252589509396993,0.037764228182047534,-0.491742036570812,-0.08476638164252702,-0.3173692167017149,-0.09241508619207835,-0.6395022757851836,-0.06349297874387717,-0.5680171738427765,-0.052441009934584934,-0.46306476042638484,-0.18720299880149074,-0.30220477319180894,-0.16846649203488828,-0.5711834283039903,-0.13428760547890986,-0.5214490229757626,-0.1310862451918206,-0.43114192339545004,0.0,0.0,0.0,0.0,0.0,0.0,0.0,0.0,0.0,0.0,0.0,0.0,0.0,0.0,0.0,0.0,0.0,0.0,0.0,0.0,0.0,0.0,0.0,0.0,0.0,0.0,0.0,0.0,0.0,0.0,0.0,0.0,0.0,0.0,0.0,0.0,0.0,0.0,0.0,0.0,0.0,0.0,come
0.0,0.0,0.14813946447082027,-0.20889207181378774,0.21154269331679493,-0.5412231246103479,0.16420468923223064,-0.8237909487561226,0.06240172286912176,-1.0,0.20877751440158623,-0.42646122858990515,0.12363649376243023,-0.7913725953109537,0.10450470882085103,-0.9145854822530121,0.0902891331489416,-0.9551699434811372,0.04631093763034391,-0.38340321025653656,-0.021669940344169504,-0.8363016405876215,-0.005254072306872585,-0.7571203937986564,0.00811684577202982,-0.6007118825314818,-0.10141212342736258,-0.3528777263444172,-0.12693867507033196,-0.7464056740541868,-0.10872869388981436,-0.6664255461635001,-0.09789012201410055,-0.5430455866466489,-0.2345552558266851,-0.34540500460204776,-0.21897056803978326,-0.6755643462942769,-0.19026940510777343,-0.6195690085253487,-0.18340246667901317,-0.5192722513831123,0.0,0.0,0.0,0.0,0.0,0.0,0.0,0.0,0.0,0.0,0.0,0.0,0.0,0.0,0.0,0.0,0.0,0.0,0.0,0.0,0.0,0.0,0.0,0.0,0.0,0.0,0.0,0.0,0.0,0.0,0.0,0.0,0.0,0.0,0.0,0.0,0.0,0.0,0.0,0.0,0.0,0.0,come
0.0,0.0,0.12904162042708606,-0.16698902820302286,0.18939503430537283,-0.42502285096503534,0.14649758096477844,-0.6311219848345289,0.05850906008161437,-0.7249292899659505,0.17312216642640715,-0.36922374570704836,0.1216451831969858,-0.6709772839542004,0.09185882035484151,-0.8547565011755427,0.06211305094554263,-1.0,0.03743420481092971,-0.34418759892197964,-0.014031600516693608,-0.7128242106293218,0.007528807119813576,-0.6421549661162498,0.02513106089858172,-0.5045851949278995,-0.08430961846683507,-0.3232990420145952,-0.09523238955889843,-0.6398450625148671,-0.06668363615968868,-0.5676215013412501,-0.05541650725083035,-0.4640254918914128,-0.18821547151037182,-0.3148536469473444,-0.17156824197294282,-0.5806947438564193,-0.13613468548031737,-0.5262354179858715,-0.13039473485526676,-0.43721617689480635,0.0,0.0,0.0,0.0,0.0,0.0,0.0,0.0,0.0,0.0,0.0,0.0,0.0,0.0,0.0,0.0,0.0,0.0,0.0,0.0,0.0,0.0,0.0,0.0,0.0,0.0,0.0,0.0,0.0,0.0,0.0,0.0,0.0,0.0,0.0,0.0,0.0,0.0,0.0,0.0,0.0,0.0,come
0.0,0.0,0.13037611193105045,-0.16022905094702,0.19183364244847784,-0.42222647081829945,0.15201615737117521,-0.6312383386956969,0.07456921419634628,-0.7363728266147941,0.1722902990257215,-0.36365778710086527,0.12167661513159332,-0.6730564360473127,0.09193187634282438,-0.8551159251278252,0.06325484548411958,-1.0,0.03443070202292733,-0.33840881738541395,-0.014765658161136145,-0.7169374848867114,0.008509104106089429,-0.6450699013174221,0.026848943350331687,-0.5049025622210866,-0.08874920140291025,-0.31934135642981337,-0.09631666573356379,-0.6456537854792516,-0.06744229354304722,-0.5658439081683826,-0.05701397549870378,-0.4585074959926209,-0.19279612813924596,-0.3123651219644873,-0.1752645148123133,-0.5820663980124512,-0.1404504464797999,-0.5223843438837489,-0.13647602382231497,-0.43019298552817,0.0,0.0,0.0,0.0,0.0,0.0,0.0,0.0,0.0,0.0,0.0,0.0,0.0,0.0,0.0,0.0,0.0,0.0,0.0,0.0,0.0,0.0,0.0,0.0,0.0,0.0,0.0,0.0,0.0,0.0,0.0,0.0,0.0,0.0,0.0,0.0,0.0,0.0,0.0,0.0,0.0,0.0,come
0.0,0.0,0.13214004469377588,-0.16195624592003816,0.20303075537264692,-0.4192292122698398,0.17762078181903437,-0.6314320208466054,0.09252826352103159,-0.739704124811927,0.17738853279353092,-0.3755582132602025,0.13508396368732986,-0.6853496706291315,0.10494425026836092,-0.8640704358634456,0.07290143756272376,-1.0,0.04212518977756019,-0.3532564324011098,0.0031509919729323936,-0.7397502808964896,0.02397766632948248,-0.6743590676932479,0.04038111918224845,-0.539031315959274,-0.08014899184096795,-0.33609979616843655,-0.0812368068339538,-0.6778631537130839,-0.057211096216449375,-0.6104060361248987,-0.04511547465606112,-0.5040878031392642,-0.18530912670485103,-0.3339312993955336,-0.15801409669762656,-0.615064653659952,-0.1272284078951661,-0.55822217671885,-0.1210063578957483,-0.461656304800516,0.0,0.0,0.0,0.0,0.0,0.0,0.0,0.0,0.0,0.0,0.0,0.0,0.0,0.0,0.0,0.0,0.0,0.0,0.0,0.0,0.0,0.0,0.0,0.0,0.0,0.0,0.0,0.0,0.0,0.0,0.0,0.0,0.0,0.0,0.0,0.0,0.0,0.0,0.0,0.0,0.0,0.0,come
0.0,0.0,0.15635145597926978,-0.1818526618326396,0.2455724309212598,-0.44740402631642406,0.2239742988526307,-0.68121853818403,0.13114149982827036,-0.7992781502553469,0.19496147379841353,-0.37380119960227093,0.1607162214143919,-0.6706363876233861,0.13700395364447263,-0.8587946991617674,0.10970140115923938,-1.0,0.04818169111657972,-0.3671537295062873,0.017302433082220212,-0.8028696055884356,0.047502732807195275,-0.7503233831602887,0.0650348410968314,-0.6033251632016771,-0.08315506775652742,-0.3651505683700482,-0.07246053788950257,-0.7363153026199128,-0.03510682706627499,-0.676830126269857,-0.019442556498110976,-0.5653772467959606,-0.19480461101659022,-0.3765750954814388,-0.16157147476066133,-0.6817078564138968,-0.11950415440542099,-0.6320088105376203,-0.10499996605208453,-0.5370410388155783,0.0,0.0,0.0,0.0,0.0,0.0,0.0,0.0,0.0,0.0,0.0,0.0,0.0,0.0,0.0,0.0,0.0,0.0,0.0,0.0,0.0,0.0,0.0,0.0,0.0,0.0,0.0,0.0,0.0,0.0,0.0,0.0,0.0,0.0,0.0,0.0,0.0,0.0,0.0,0.0,0.0,0.0,come
0.0,0.0,0.15035341011850376,-0.17388715326483017,0.23982398628523297,-0.43964609757826856,0.2171799222255121,-0.6722687947357003,0.12339309517634701,-0.7915413825617716,0.21056374372813932,-0.376138274550208,0.1753885603334094,-0.6740330775947619,0.1434333698203046,-0.8617179121349448,0.1120140596148587,-1.0,0.06358696842734558,-0.36934189893839164,0.026162265499366247,-0.8024723986308788,0.045525564317296735,-0.7425475537829499,0.06165497269837052,-0.5897922221272164,-0.07129021840596926,-0.3648690061198709,-0.06915753255737865,-0.7376582054110484,-0.042287433948335486,-0.6675766032066607,-0.027546838883286684,-0.5450677694258967,-0.1905121625985696,-0.3709257491312261,-0.16403213774314537,-0.6819876613264721,-0.128275848098308,-0.6297262582057408,-0.11524583008566312,-0.5258559304048123,0.0,0.0,0.0,0.0,0.0,0.0,0.0,0.0,0.0,0.0,0.0,0.0,0.0,0.0,0.0,0.0,0.0,0.0,0.0,0.0,0.0,0.0,0.0,0.0,0.0,0.0,0.0,0.0,0.0,0.0,0.0,0.0,0.0,0.0,0.0,0.0,0.0,0.0,0.0,0.0,0.0,0.0,come
0.0,0.0,0.16811376579753518,-0.19513549713675807,0.25445627179477787,-0.49178645891921446,0.2251504869734918,-0.7546412249286478,0.1294883835305382,-0.9093005004460326,0.22604202909545623,-0.38548340261445774,0.1818840105792146,-0.7137990210825644,0.16401445093509898,-0.886446362283164,0.14260749910401063,-1.0,0.06836464282070533,-0.3696169351146736,0.033304905836095425,-0.8340617225493709,0.062426260728982184,-0.7909634567139034,0.0805914314640074,-0.6499035993920352,-0.0751166094192681,-0.3693930031732412,-0.0681671327555401,-0.7836218375499334,-0.03297842562241831,-0.7228172521771887,-0.018014487559481922,-0.598114890689297,-0.2018571178180239,-0.3875958447021522,-0.1686330472271418,-0.7247706398018098,-0.12640879613037234,-0.677705430087977,-0.11406925670814815,-0.5750888795293243,0.0,0.0,0.0,0.0,0.0,0.0,0.0,0.0,0.0,0.0,0.0,0.0,0.0,0.0,0.0,0.0,0.0,0.0,0.0,0.0,0.0,0.0,0.0,0.0,0.0,0.0,0.0,0.0,0.0,0.0,0.0,0.0,0.0,0.0,0.0,0.0,0.0,0.0,0.0,0.0,0.0,0.0,come
0.0,0.0,0.16579769553426685,-0.19058274700658775,0.2517363879505355,-0.49976317504634704,0.19254433539142055,-0.7683754753903015,0.0975088326644528,-0.9319869731826935,0.23735271996677357,-0.3544125493319645,0.1854863475602564,-0.6423567537406653,0.15523606443425106,-0.8432305498148089,0.12309354598804342,-1.0,0.07471452938822978,-0.33056402693315756,0.028154979930956923,-0.7952828882609168,0.05748449604359156,-0.7366393553947884,0.07356678870879568,-0.576093052898262,-0.07105142661092852,-0.3243621816687766,-0.07463519368550854,-0.7428598524303389,-0.035125488328325814,-0.6679259677051149,-0.019031899520018998,-0.5326748820275473,-0.20240796992809085,-0.335587395500825,-0.17242065050547614,-0.6823159405129342,-0.12224108123529367,-0.6246743492699145,-0.11053512456887482,-0.5111696525700433,0.0,0.0,0.0,0.0,0.0,0.0,0.0,0.0,0.0,0.0,0.0,0.0,0.0,0.0,0.0,0.0,0.0,0.0,0.0,0.0,0.0,0.0,0.0,0.0,0.0,0.0,0.0,0.0,0.0,0.0,0.0,0.0,0.0,0.0,0.0,0.0,0.0,0.0,0.0,0.0,0.0,0.0,come
0.0,0.0,0.16534908597547712,-0.17944198790322688,0.25340263043890254,-0.4870802730826842,0.2049544804924137,-0.7627498365854568,0.11773195151458123,-0.9482148365339148,0.2446589942228036,-0.3416174088228787,0.20458919315110025,-0.6333672805626165,0.17690242149560056,-0.8375970013662593,0.1440167810149966,-1.0,0.0845301868225367,-0.32450071009004516,0.04507915396068483,-0.7976889628509117,0.061705542984302426,-0.7347641213821817,0.0730865432319683,-0.5780727683044773,-0.06122739189860343,-0.3250467908766975,-0.05906236395887954,-0.7418496913956328,-0.02609954265073323,-0.6576792412384562,-0.011587432529551403,-0.5235294475253632,-0.19228810228468465,-0.3456273757223478,-0.153197863359803,-0.6820934929425798,-0.1026660953875733,-0.6250243502867717,-0.08596437576173116,-0.5252202891479263,0.0,0.0,0.0,0.0,0.0,0.0,0.0,0.0,0.0,0.0,0.0,0.0,0.0,0.0,0.0,0.0,0.0,0.0,0.0,0.0,0.0,0.0,0.0,0.0,0.0,0.0,0.0,0.0,0.0,0.0,0.0,0.0,0.0,0.0,0.0,0.0,0.0,0.0,0.0,0.0,0.0,0.0,come
0.0,0.0,0.19567902318530095,-0.18960384867280752,0.30842518286984194,-0.5067944918244319,0.29265678483372126,-0.793304885829514,0.19030918287244344,-0.9587355104063623,0.2684630738522954,-0.42251372133543275,0.20385459124110852,-0.8878170670714615,0.2138317044633444,-1.0,0.22193215393910778,-0.9862139520242669,0.0878263024293544,-0.39643976953229415,0.040468752947022214,-0.9397431920128463,0.07628405619520165,-0.9103406091043719,0.10309130842258137,-0.7512957142085981,-0.07460738347352217,-0.39298106296367835,-0.0772228758514252,-0.8787254425655043,-0.03175499766189355,-0.8264832342483491,-0.010420995740678955,-0.678100950266297,-0.22177703894914635,-0.41256977735633327,-0.1870927418541867,-0.8027142196545326,-0.13220870087781425,-0.7620880753969416,-0.11076023254891325,-0.6454487570964295,0.0,0.0,0.0,0.0,0.0,0.0,0.0,0.0,0.0,0.0,0.0,0.0,0.0,0.0,0.0,0.0,0.0,0.0,0.0,0.0,0.0,0.0,0.0,0.0,0.0,0.0,0.0,0.0,0.0,0.0,0.0,0.0,0.0,0.0,0.0,0.0,0.0,0.0,0.0,0.0,0.0,0.0,come
0.0,0.0,0.18341114038036793,-0.1844972371861551,0.2888224132931197,-0.5079799085769731,0.2424692120585015,-0.801876245150865,0.1522034116753735,-0.9917513789751355,0.2642036110818959,-0.3753766989830875,0.21942985541203286,-0.6810222137650079,0.20422541205108455,-0.8689497902887807,0.1818514530838401,-1.0,0.09143822562240064,-0.3639476047203415,0.051097921369387816,-0.8650434286735637,0.08328778799195809,-0.816487028544922,0.09906491715814092,-0.6551370585470925,-0.06375415607572828,-0.3681248065969514,-0.061908429849940515,-0.8085280941296057,-0.02100303912562672,-0.73558634332818,-0.006662184072890379,-0.5960884100430366,-0.20366002160642624,-0.3938512877223337,-0.16918761904356608,-0.7574636098295257,-0.11695253334435743,-0.6966187827569289,-0.09922511111746078,-0.5858153264582666,0.0,0.0,0.0,0.0,0.0,0.0,0.0,0.0,0.0,0.0,0.0,0.0,0.0,0.0,0.0,0.0,0.0,0.0,0.0,0.0,0.0,0.0,0.0,0.0,0.0,0.0,0.0,0.0,0.0,0.0,0.0,0.0,0.0,0.0,0.0,0.0,0.0,0.0,0.0,0.0,0.0,0.0,come
0.0,0.0,0.18708052991580248,-0.18099916936158225,0.3013011893667162,-0.5044792385186403,0.25485370539179786,-0.8063670334470197,0.16088221275402198,-1.0,0.2722943320434601,-0.3620798889434273,0.23157853116315016,-0.6690747664157659,0.21799609485649787,-0.8567656873741416,0.19826866411163235,-0.9848304234217174,0.09597101754596235,-0.3522357888701866,0.05774126277427054,-0.863134636015728,0.0833230108464882,-0.814084340844088,0.09443947969723863,-0.6515093432149136,-0.0621344719885805,-0.36027991495300515,-0.057441009690575605,-0.8108238765453226,-0.01843374770524167,-0.7326153618991811,-0.006148083461708001,-0.5895076992366096,-0.2061543232891675,-0.3904068521954771,-0.16377848118275004,-0.7585677927907752,-0.11121164166462534,-0.6920070590364903,-0.09478452362160822,-0.5785818231354886,0.0,0.0,0.0,0.0,0.0,0.0,0.0,0.0,0.0,0.0,0.0,0.0,0.0,0.0,0.0,0.0,0.0,0.0,0.0,0.0,0.0,0.0,0.0,0.0,0.0,0.0,0.0,0.0,0.0,0.0,0.0,0.0,0.0,0.0,0.0,0.0,0.0,0.0,0.0,0.0,0.0,0.0,come
0.0,0.0,0.15408297820562886,-0.15768128221650352,0.25277977878191804,-0.403536912934356,0.2416132324449953,-0.6364740070235919,0.15577702696329498,-0.7766243370073656,0.22163283554818217,-0.3336664297801159,0.2092497864921845,-0.6348659273326924,0.18486259906317973,-0.83844310289581,0.15105142324619736,-1.0,0.08265265505626122,-0.3389768387476328,0.06330988452926008,-0.7747553856655879,0.08191935778142674,-0.7121232823366985,0.09003305901385665,-0.5656977494699698,-0.046092894562308306,-0.3502139929074172,-0.03108226431203052,-0.7332409502734976,0.0006853270745696763,-0.663096390188531,0.011687750647665078,-0.5390901885579215,-0.16065139220031494,-0.3735717074992784,-0.12045452034246411,-0.6878204470014179,-0.08045249373625067,-0.6320556281845947,-0.06751994334126458,-0.5291096919477707,0.0,0.0,0.0,0.0,0.0,0.0,0.0,0.0,0.0,0.0,0.0,0.0,0.0,0.0,0.0,0.0,0.0,0.0,0.0,0.0,0.0,0.0,0.0,0.0,0.0,0.0,0.0,0.0,0.0,0.0,0.0,0.0,0.0,0.0,0.0,0.0,0.0,0.0,0.0,0.0,0.0,0.0,come
0.0,0.0,0.15712415434396118,-0.1695156254053751,0.24444358894316673,-0.4464974615324315,0.21077886975076737,-0.685917677157809,0.12574836601580688,-0.8317277341146664,0.22265118172158288,-0.34864252869811585,0.17993060954745005,-0.6581196509666374,0.15588470037323102,-0.8525794618878365,0.1275940170332164,-1.0,0.07308956568338884,-0.33997248819477977,0.041384595341851335,-0.7861840077240607,0.07808476325257495,-0.7599766559738306,0.09744847673812986,-0.6325352343315639,-0.0635363131000772,-0.3435321174242456,-0.05074814981575571,-0.7429032681915605,-0.008546178796605408,-0.6862061298712312,0.005893473910791117,-0.5631564984295507,-0.18329998273189269,-0.3670292969202233,-0.14351610467206916,-0.697642694126026,-0.09875655678961615,-0.6489700648014322,-0.08830279612223588,-0.546040428572664,0.0,0.0,0.0,0.0,0.0,0.0,0.0,0.0,0.0,0.0,0.0,0.0,0.0,0.0,0.0,0.0,0.0,0.0,0.0,0.0,0.0,0.0,0.0,0.0,0.0,0.0,0.0,0.0,0.0,0.0,0.0,0.0,0.0,0.0,0.0,0.0,0.0,0.0,0.0,0.0,0.0,0.0,come
0.0,0.0,0.16222719247151335,-0.16459690924314682,0.25564585305253196,-0.44545584340529326,0.21109022898540172,-0.6875224685099567,0.12058252029560595,-0.830403705085733,0.22666261285449052,-0.3535309121191161,0.1856280033856347,-0.6622832215406458,0.1602007604026357,-0.8575789412610579,0.13379684826531726,-1.0,0.06849852333539626,-0.3437397611853362,0.031200512395791618,-0.7931270250100113,0.07136027203392915,-0.7683345885361681,0.09841776184062033,-0.6388175648003204,-0.07203375850959264,-0.34540726591794385,-0.06391978230004733,-0.7443527248898758,-0.0167373334486148,-0.6920298222541774,0.003725222068513597,-0.5726133891841713,-0.19348316511340055,-0.3631397552695766,-0.15912739133204704,-0.6944939636499327,-0.1023747792966617,-0.6554360142342277,-0.0807868074010703,-0.5604977429101897,0.0,0.0,0.0,0.0,0.0,0.0,0.0,0.0,0.0,0.0,0.0,0.0,0.0,0.0,0.0,0.0,0.0,0.0,0.0,0.0,0.0,0.0,0.0,0.0,0.0,0.0,0.0,0.0,0.0,0.0,0.0,0.0,0.0,0.0,0.0,0.0,0.0,0.0,0.0,0.0,0.0,0.0,come
0.0,0.0,0.1564471577731087,-0.1716691091062813,0.24545837929490438,-0.4523730064063025,0.21329951063409167,-0.6977746543366642,0.11603966448607897,-0.8389248943305974,0.21830026464023777,-0.33345017292935586,0.1726708808036403,-0.6532654255040481,0.1418599609421922,-0.851842568147828,0.10327452857249125,-1.0,0.05976244030543472,-0.3134390524241225,0.02036192873903833,-0.7829918211317966,0.059333771168252204,-0.7587869213364636,0.0838014876932014,-0.6319642453469427,-0.08062018959274696,-0.3200193118196035,-0.06856188017004358,-0.7486774500640978,-0.01646685745000042,-0.7036318782799629,0.006138854645850116,-0.5909807550423618,-0.20022408888994375,-0.34711288007481594,-0.16104095107238198,-0.692162880378734,-0.09933632986857137,-0.6615088401069907,-0.0746547129436371,-0.5740643883620815,0.0,0.0,0.0,0.0,0.0,0.0,0.0,0.0,0.0,0.0,0.0,0.0,0.0,0.0,0.0,0.0,0.0,0.0,0.0,0.0,0.0,0.0,0.0,0.0,0.0,0.0,0.0,0.0,0.0,0.0,0.0,0.0,0.0,0.0,0.0,0.0,0.0,0.0,0.0,0.0,0.0,0.0,come
0.0,0.0,0.16085991282331227,-0.18372720973433768,0.23678443856783044,-0.4815106337582663,0.1998269560840041,-0.7406038388411513,0.10732685629515445,-0.8980482449654013,0.18474462525769214,-0.34083793343179164,0.14509643335985756,-0.6438327762866085,0.12187018375219284,-0.8485121985048615,0.09442293759420714,-1.0,0.03259319201700689,-0.32152053510945044,0.0018487499687711154,-0.7742899700288857,0.04921241470924975,-0.7772339564656426,0.07906263379961767,-0.6669625394094165,-0.09966450845161304,-0.3258810924682248,-0.08565874855306169,-0.7440009671621458,-0.024229019860996286,-0.7192484506883707,0.0008749830933279883,-0.6131971686959937,-0.20946813835357875,-0.3469160076534458,-0.17406707476238048,-0.688998214712868,-0.10783053871907874,-0.6720183163510419,-0.08615295462579468,-0.5906135879963921,0.0,0.0,0.0,0.0,0.0,0.0,0.0,0.0,0.0,0.0,0.0,0.0,0.0,0.0,0.0,0.0,0.0,0.0,0.0,0.0,0.0,0.0,0.0,0.0,0.0,0.0,0.0,0.0,0.0,0.0,0.0,0.0,0.0,0.0,0.0,0.0,0.0,0.0,0.0,0.0,0.0,0.0,come
0.0,0.0,0.1561991206985001,-0.17268778648580885,0.2402956876209364,-0.4433737787204976,0.21541053576812252,-0.6796232354673979,0.11967023232477919,-0.8023528887527642,0.18862621902329227,-0.3414359480270711,0.1624158257348406,-0.6512917226136277,0.1352837706009613,-0.850636914023446,0.10704814667847792,-1.0,0.03990840914904496,-0.32865705577548904,0.012420718890598908,-0.76286103240228,0.053225689547175804,-0.7394215472017495,0.07712628769668864,-0.6142331889076812,-0.0914771943688379,-0.33350170301562226,-0.07489461383412174,-0.7290308533917467,-0.023809503664790347,-0.6898760184321088,-0.006356590065511882,-0.5829113515291041,-0.19643439829272577,-0.35246120094117805,-0.16241695383991456,-0.6801920824509436,-0.10814099846887938,-0.65314491722388,-0.094915940660545,-0.563251582378886,0.0,0.0,0.0,0.0,0.0,0.0,0.0,0.0,0.0,0.0,0.0,0.0,0.0,0.0,0.0,0.0,0.0,0.0,0.0,0.0,0.0,0.0,0.0,0.0,0.0,0.0,0.0,0.0,0.0,0.0,0.0,0.0,0.0,0.0,0.0,0.0,0.0,0.0,0.0,0.0,0.0,0.0,come
0.0,0.0,0.17667781004737848,-0.200526172756235,0.26231660079957303,-0.524346049447797,0.2278537586808682,-0.8136038740983521,0.11771699305530543,-0.9768510181295492,0.2305507624102445,-0.31139931830013784,0.1669755380419301,-0.6839987164920943,0.15041566665466108,-0.8810319141621346,0.1299293088375413,-1.0,0.051505666098037736,-0.27762767138268507,-0.005983045908327413,-0.8258076768179482,0.04932337523288138,-0.8697884503934017,0.0884336947019282,-0.7802297217210793,-0.10851469976720048,-0.28799068801917405,-0.1031897790860245,-0.8135203805993851,-0.038428619606892964,-0.8020644176901441,-0.012004728024019933,-0.6851862887303422,-0.2431383077996025,-0.33118236617301816,-0.20676853964958924,-0.7460491203714315,-0.13571720915612628,-0.7443458529925052,-0.11011319099056033,-0.6526886543794795,0.0,0.0,0.0,0.0,0.0,0.0,0.0,0.0,0.0,0.0,0.0,0.0,0.0,0.0,0.0,0.0,0.0,0.0,0.0,0.0,0.0,0.0,0.0,0.0,0.0,0.0,0.0,0.0,0.0,0.0,0.0,0.0,0.0,0.0,0.0,0.0,0.0,0.0,0.0,0.0,0.0,0.0,come
0.0,0.0,0.20506292487301225,-0.22995340401244208,0.31403296123587876,-0.5780566597328449,0.2609459991143057,-0.871518577525596,0.12394426830537751,-1.0,0.24373847671171003,-0.31871796636126093,0.1601441105741663,-0.7412438887977317,0.16455740869144847,-0.9178407408779665,0.15977395388391052,-0.9602609093010249,0.04397348563040437,-0.27893123871930725,0.0062831363457524604,-0.8903041177726377,0.07651551641092685,-0.9120791408412684,0.11587598162978333,-0.7575138455892602,-0.1245744874176719,-0.2971274923383917,-0.08532446933327688,-0.8782078629185214,-0.01618632749163266,-0.8470035480700863,0.005705494303856652,-0.6794728884042859,-0.2601527557971513,-0.35263758695947506,-0.19476028913860058,-0.8142194510459838,-0.12824676642195393,-0.7838697782412087,-0.11777193196033078,-0.6341722728291228,0.0,0.0,0.0,0.0,0.0,0.0,0.0,0.0,0.0,0.0,0.0,0.0,0.0,0.0,0.0,0.0,0.0,0.0,0.0,0.0,0.0,0.0,0.0,0.0,0.0,0.0,0.0,0.0,0.0,0.0,0.0,0.0,0.0,0.0,0.0,0.0,0.0,0.0,0.0,0.0,0.0,0.0,come
0.0,0.0,0.23134397300309748,-0.21502449549821553,0.3296112540895147,-0.5957207474268312,0.24613259248063774,-0.8896221276059539,0.08866765089924193,-1.0,0.19201136339100805,-0.36143894283369077,0.12603863850265448,-0.9080911775501529,0.1928785546434906,-0.8494892243522878,0.2211482815631954,-0.6820678653255524,0.00169190783137413,-0.3127459770289886,-0.016576803235720635,-0.9060998232699623,0.0710962323902658,-0.8227938920003554,0.08394340532908492,-0.6326078777069198,-0.15297820022773503,-0.32083492465877794,-0.11606558514349184,-0.8532634530564598,-0.03447563068696059,-0.765184076386453,-0.023309038999891337,-0.6074830464110139,-0.270757638450623,-0.35910035809689395,-0.2250601990009249,-0.7962610252749085,-0.1546902835290649,-0.7314690963123842,-0.15174147931501095,-0.5838373956229141,0.0,0.0,0.0,0.0,0.0,0.0,0.0,0.0,0.0,0.0,0.0,0.0,0.0,0.0,0.0,0.0,0.0,0.0,0.0,0.0,0.0,0.0,0.0,0.0,0.0,0.0,0.0,0.0,0.0,0.0,0.0,0.0,0.0,0.0,0.0,0.0,0.0,0.0,0.0,0.0,0.0,0.0,come
0.0,0.0,0.2067448023510389,-0.20835179118815492,0.31216718087939266,-0.5794958179182099,0.24323767009372443,-0.8832216855321942,0.07780136906916238,-1.0,0.2284092872577873,-0.34164760441338865,0.12722374190906008,-0.8718988137435942,0.17498188582273205,-0.8695900116400033,0.21926224991236223,-0.7277497818832629,0.027926763972447963,-0.28708180070920825,-0.024691454587988684,-0.8989129360468217,0.05605617919205436,-0.8604451074656009,0.09517249176418222,-0.6827149863085973,-0.1425665744899766,-0.2986453652948718,-0.1218712602845508,-0.86369072717667,-0.051787348447087045,-0.7956639032621162,-0.034532128044301696,-0.6364273082865872,-0.27972449385184556,-0.3431813543787246,-0.23925717296532814,-0.8059066794562121,-0.17920947526126013,-0.767015771955485,-0.16940222148430306,-0.6251371451203357,0.0,0.0,0.0,0.0,0.0,0.0,0.0,0.0,0.0,0.0,0.0,0.0,0.0,0.0,0.0,0.0,0.0,0.0,0.0,0.0,0.0,0.0,0.0,0.0,0.0,0.0,0.0,0.0,0.0,0.0,0.0,0.0,0.0,0.0,0.0,0.0,0.0,0.0,0.0,0.0,0.0,0.0,come
0.0,0.0,0.1995580076355241,-0.2319184451871264,0.3055632402617606,-0.5858770110077728,0.271435120680227,-0.8785440767202743,0.12613453209959666,-1.0,0.23272360279466217,-0.37476727316364067,0.1639582568355761,-0.8230949094350387,0.14223480997058893,-0.9533400208241566,0.13212776460798778,-0.9311735755967903,0.03339877110170423,-0.31366116409765943,-0.030307842544082468,-0.9174226621147656,0.011316039271283862,-0.9423620687053453,0.04922024383952034,-0.7945008561760726,-0.14483351812556722,-0.30316142026783977,-0.1444458496478648,-0.8722382662919564,-0.08608252200800055,-0.8395329151735382,-0.0531641149050805,-0.6714335398263791,-0.29698567099700857,-0.32571301897815047,-0.2752198285061003,-0.8015338593744273,-0.209989128036946,-0.7865082028350459,-0.17700173822066276,-0.6346359329516769,0.0,0.0,0.0,0.0,0.0,0.0,0.0,0.0,0.0,0.0,0.0,0.0,0.0,0.0,0.0,0.0,0.0,0.0,0.0,0.0,0.0,0.0,0.0,0.0,0.0,0.0,0.0,0.0,0.0,0.0,0.0,0.0,0.0,0.0,0.0,0.0,0.0,0.0,0.0,0.0,0.0,0.0,come
0.0,0.0,0.1593039331505546,-0.14103597080726774,0.24923400751044938,-0.40326017739241377,0.2419669420201753,-0.6314334200550559,0.1560026916703804,-0.7686330381979367,0.2067721293202032,-0.2785520435912795,0.16525433617873936,-0.6330543123960201,0.1283750068069699,-0.8512885455089002,0.0923455762475092,-1.0,0.049538070688020734,-0.24770007768280744,-0.002323538335187422,-0.7171089993143019,0.030028739304722205,-0.760199341418717,0.06025168562801382,-0.6765880799677266,-0.09473023839397741,-0.24316913625386608,-0.0938058796661084,-0.677684974544711,-0.0425780134316797,-0.6620261654365963,-0.017734796007614916,-0.540981292779722,-0.21544115277285392,-0.26359337995783566,-0.20066752758628736,-0.6314584252505798,-0.1419533836474912,-0.6389719308345179,-0.1142262336729965,-0.5476357309796591,0.0,0.0,0.0,0.0,0.0,0.0,0.0,0.0,0.0,0.0,0.0,0.0,0.0,0.0,0.0,0.0,0.0,0.0,0.0,0.0,0.0,0.0,0.0,0.0,0.0,0.0,0.0,0.0,0.0,0.0,0.0,0.0,0.0,0.0,0.0,0.0,0.0,0.0,0.0,0.0,0.0,0.0,come
0.0,0.0,0.17499124980113184,-0.14895308226702123,0.2706655454290628,-0.4548245793465003,0.23862512026788488,-0.7260619559535444,0.1452984537527368,-0.9071806177413123,0.23229285514064713,-0.28292218762547633,0.19681841253967894,-0.6177994954430782,0.15654113351061008,-0.8472441040326674,0.1173790313416214,-1.0,0.05522701273513792,-0.2550406448631408,-0.0001618218595877179,-0.7589081570035683,0.02347265468154579,-0.8251081463972666,0.051832693167268955,-0.7480133639400895,-0.10223535383379925,-0.2603922816427646,-0.1013453336060668,-0.7343839632718926,-0.048910808578982855,-0.7250837519034523,-0.020495314287445925,-0.5983611748751866,-0.23602597028720348,-0.29254422448995054,-0.21210572967567445,-0.6913044993446821,-0.14871277377516157,-0.6979207103191739,-0.11856208853231513,-0.601975196405979,0.0,0.0,0.0,0.0,0.0,0.0,0.0,0.0,0.0,0.0,0.0,0.0,0.0,0.0,0.0,0.0,0.0,0.0,0.0,0.0,0.0,0.0,0.0,0.0,0.0,0.0,0.0,0.0,0.0,0.0,0.0,0.0,0.0,0.0,0.0,0.0,0.0,0.0,0.0,0.0,0.0,0.0,come
0.0,0.0,0.1764652101770595,-0.16496425081141453,0.29513836980734853,-0.4566324103737511,0.28771641324505276,-0.7166804218984938,0.20179728165319766,-0.8734375559835876,0.25231779774620117,-0.3246751561980704,0.214774045607242,-0.7066336458736158,0.17873544117846918,-0.9162151944244362,0.14809010253413377,-1.0,0.07938117518276132,-0.29179572492336814,0.0056227598843077925,-0.8005220604678344,0.030406578295479676,-0.9028758112600986,0.06910861155760703,-0.8302447895881956,-0.07986054913026987,-0.28667118035950573,-0.10023023539978923,-0.7746275276782857,-0.0470277579754605,-0.8272144172950213,-0.003456619746500138,-0.7222997841581736,-0.22481927725728915,-0.31025532840204156,-0.2108142685408376,-0.7165031276679075,-0.14815156865240323,-0.7693154960099532,-0.10532234809220288,-0.6969649328073398,0.0,0.0,0.0,0.0,0.0,0.0,0.0,0.0,0.0,0.0,0.0,0.0,0.0,0.0,0.0,0.0,0.0,0.0,0.0,0.0,0.0,0.0,0.0,0.0,0.0,0.0,0.0,0.0,0.0,0.0,0.0,0.0,0.0,0.0,0.0,0.0,0.0,0.0,0.0,0.0,0.0,0.0,come
0.0,0.0,0.15285494672083938,-0.16359070114038593,0.23188643638995823,-0.45984501900643215,0.19183000726695612,-0.7141571966330243,0.10631741666109676,-0.8850435804051008,0.23423973560225433,-0.3128175738036898,0.1889374458711317,-0.649677537710667,0.14458967295853284,-0.8681924904327892,0.10439046450212817,-1.0,0.0684120634315676,-0.2666933074320625,-0.015362999389916992,-0.7558083742069988,0.0022853225973892997,-0.8290135000419521,0.039023696534188114,-0.7614049258870024,-0.08524239067212945,-0.24089376449658198,-0.11601019933644585,-0.7161743102435639,-0.0759625872639128,-0.746443528924903,-0.03817981947800217,-0.6479240823512514,-0.22405262925867092,-0.24214862987302024,-0.22276306452232206,-0.6280976644770991,-0.17313899795643523,-0.6873536476280001,-0.13906166673540174,-0.6385458692829605,0.0,0.0,0.0,0.0,0.0,0.0,0.0,0.0,0.0,0.0,0.0,0.0,0.0,0.0,0.0,0.0,0.0,0.0,0.0,0.0,0.0,0.0,0.0,0.0,0.0,0.0,0.0,0.0,0.0,0.0,0.0,0.0,0.0,0.0,0.0,0.0,0.0,0.0,0.0,0.0,0.0,0.0,come
0.0,0.0,0.15930852245345078,-0.16944388366504917,0.24882091055453054,-0.4718705557451896,0.21412894152154976,-0.7348458818891749,0.11894168462878997,-0.9131874132236842,0.22852713213168463,-0.30074414644721104,0.1782906394328449,-0.6336140166981672,0.14397459566243542,-0.8563360979913726,0.11540146399974358,-1.0,0.05867161452168079,-0.26051958101062883,-0.013578015598227276,-0.7634625950146181,0.019572575506992998,-0.825452867632132,0.06600960816609767,-0.7458227870879653,-0.09294660736588578,-0.2475188089158113,-0.10768754509275541,-0.7306606556114086,-0.05734364517603818,-0.7324351240722069,-0.019018950344687195,-0.6110188558713228,-0.22508335306214605,-0.26354385335484476,-0.21262664632490177,-0.6600704951247808,-0.15191373232209343,-0.6808372027111607,-0.12017405592710705,-0.59508884713816,0.0,0.0,0.0,0.0,0.0,0.0,0.0,0.0,0.0,0.0,0.0,0.0,0.0,0.0,0.0,0.0,0.0,0.0,0.0,0.0,0.0,0.0,0.0,0.0,0.0,0.0,0.0,0.0,0.0,0.0,0.0,0.0,0.0,0.0,0.0,0.0,0.0,0.0,0.0,0.0,0.0,0.0,come
0.0,0.0,0.11920898873858403,-0.1094780220752928,0.18194484080140663,-0.347651340103543,0.16592124019326326,-0.5654862349849558,0.1014375424436345,-0.6995727134255367,0.13160748693320265,-0.2911263327920848,0.11409521678385064,-0.6198698525032804,0.10095636705857026,-0.8379442728799072,0.08361086188814779,-1.0,-0.00047480220115609555,-0.2759809923330598,-0.02206254642687444,-0.6530070452007447,0.011753921455465253,-0.6041139256192788,0.03470287154422954,-0.4694890901713466,-0.1129807947643586,-0.2691002551397958,-0.09549932833722924,-0.6245447599327841,-0.050973964127472175,-0.5467437633084472,-0.03606567070325252,-0.41280546139373037,-0.19912836088083066,-0.2771789738749029,-0.18533581722275055,-0.571566783531976,-0.1327610332205752,-0.5292244118436418,-0.11215546744825505,-0.4215977996936623,0.0,0.0,0.0,0.0,0.0,0.0,0.0,0.0,0.0,0.0,0.0,0.0,0.0,0.0,0.0,0.0,0.0,0.0,0.0,0.0,0.0,0.0,0.0,0.0,0.0,0.0,0.0,0.0,0.0,0.0,0.0,0.0,0.0,0.0,0.0,0.0,0.0,0.0,0.0,0.0,0.0,0.0,come
0.0,0.0,0.15787605179518116,-0.19124480134066296,0.19064893081306505,-0.47566293340456217,0.10709423471938331,-0.6824874530102485,0.0020137386850690706,-0.773581914588537,0.11366253182770981,-0.28233596980581155,0.0938449428530526,-0.6109447529959325,0.06882094200416121,-0.8232327302514978,0.029095020492768645,-1.0,-0.04342390461680741,-0.2601330692134628,-0.042342665802529385,-0.69323965036286,0.03438174773747119,-0.6629179452254662,0.07194500866957772,-0.5483430381072649,-0.1684332236696166,-0.2726335437419187,-0.12283238831658343,-0.6808077823581525,-0.044402142170097525,-0.6216621897098448,-0.019773497848728103,-0.5142748679210074,-0.2505588916112974,-0.30725056611816515,-0.1883197850694824,-0.6261697297954931,-0.11367698493537952,-0.5845286800424995,-0.09920027662150376,-0.49251617170108963,0.0,0.0,0.0,0.0,0.0,0.0,0.0,0.0,0.0,0.0,0.0,0.0,0.0,0.0,0.0,0.0,0.0,0.0,0.0,0.0,0.0,0.0,0.0,0.0,0.0,0.0,0.0,0.0,0.0,0.0,0.0,0.0,0.0,0.0,0.0,0.0,0.0,0.0,0.0,0.0,0.0,0.0,come
0.0,0.0,0.1488829963413752,-0.1848397400510913,0.1875726680549898,-0.4643086112834882,0.11763582787331488,-0.6719858223530173,0.017739571396483,-0.7619760000304568,0.11295042772788359,-0.2802537052617953,0.0851977979723376,-0.6177054978356626,0.06259922258981905,-0.82884031873056,0.0275289625266973,-1.0,-0.044038649697145056,-0.256594471326813,-0.05688552425694891,-0.6816375867543315,0.021215645665424283,-0.6525964434055287,0.057846246388012196,-0.5418661270734428,-0.1680869694327799,-0.2651465543825452,-0.13087007503797585,-0.6655344980526674,-0.047936360486852174,-0.6196395055336225,-0.023439183452812876,-0.5237555536097035,-0.25170044200451525,-0.29845488774760437,-0.1963960071116661,-0.6147976335055413,-0.12080333654398916,-0.587249254759829,-0.1046012631963665,-0.5043892076279091,0.0,0.0,0.0,0.0,0.0,0.0,0.0,0.0,0.0,0.0,0.0,0.0,0.0,0.0,0.0,0.0,0.0,0.0,0.0,0.0,0.0,0.0,0.0,0.0,0.0,0.0,0.0,0.0,0.0,0.0,0.0,0.0,0.0,0.0,0.0,0.0,0.0,0.0,0.0,0.0,0.0,0.0,come
0.0,0.0,0.1525451737990136,-0.17669076847605827,0.1990659481514167,-0.45171969276597107,0.12958871556892398,-0.6582917999084361,0.029019436236843468,-0.7469714482060199,0.12297392740335474,-0.27761867626039505,0.09628326485943864,-0.6171229099829103,0.07213709237070934,-0.829055376123627,0.03478252997927775,-1.0,-0.03878753536929774,-0.2571267774691193,-0.051882481577918964,-0.6762230299173556,0.02699208763939466,-0.6475302498862192,0.06375073358008461,-0.538054388643458,-0.16501704640771586,-0.26655416031154067,-0.12105790385714338,-0.6585331325887138,-0.03885841360261155,-0.6050568537807085,-0.016604381777129175,-0.5048279055308712,-0.24943167405719913,-0.3001304120972195,-0.186530323653511,-0.6144894369282915,-0.11395255357132883,-0.5768203523765298,-0.1021528685557385,-0.4860861983323199,0.0,0.0,0.0,0.0,0.0,0.0,0.0,0.0,0.0,0.0,0.0,0.0,0.0,0.0,0.0,0.0,0.0,0.0,0.0,0.0,0.0,0.0,0.0,0.0,0.0,0.0,0.0,0.0,0.0,0.0,0.0,0.0,0.0,0.0,0.0,0.0,0.0,0.0,0.0,0.0,0.0,0.0,come
0.0,0.0,0.1517369166620499,-0.18227424208173615,0.19734384370479677,-0.4584135205444386,0.1379348761898677,-0.6648551332688196,0.042817645486459194,-0.758719765259564,0.13574085704037311,-0.2823683032473748,0.09825772516750854,-0.6340850812763688,0.06934887917184118,-0.8391590462699248,0.029474992306476027,-1.0,-0.02314850947830022,-0.25444131671073844,-0.0446606539232524,-0.6720126380032181,0.021563097612924957,-0.6502342025970749,0.05278283153224668,-0.5441317115128683,-0.15343515339936487,-0.26203940459201275,-0.12101438052068476,-0.6583850919118316,-0.05235640204314116,-0.614751791347586,-0.03299116528681983,-0.5156377698849793,-0.24588472290575403,-0.29801031922968513,-0.19609387352857563,-0.6209239993060663,-0.13328762375857256,-0.5867560584732086,-0.12311923162622697,-0.49381303179841635,0.0,0.0,0.0,0.0,0.0,0.0,0.0,0.0,0.0,0.0,0.0,0.0,0.0,0.0,0.0,0.0,0.0,0.0,0.0,0.0,0.0,0.0,0.0,0.0,0.0,0.0,0.0,0.0,0.0,0.0,0.0,0.0,0.0,0.0,0.0,0.0,0.0,0.0,0.0,0.0,0.0,0.0,come
0.0,0.0,0.1512992957339574,-0.168547239295228,0.20117270441512666,-0.4472930050527213,0.13696452975689824,-0.6597906847237452,0.03912415610559108,-0.7609571321889466,0.13684230580993717,-0.2957332286413392,0.09746162516830519,-0.6370368334461354,0.06577584773603042,-0.8401476307033634,0.024842693928228726,-1.0,-0.01937655584369452,-0.26745993547949837,-0.039302182467859735,-0.6817787103166485,0.020617118494450835,-0.6537744347689025,0.04899431242210696,-0.5455325325478518,-0.14763236910715824,-0.27225956784985483,-0.11553827624048717,-0.6612646597161427,-0.05527999642697968,-0.6074671752182307,-0.039850628594427735,-0.5063400809488993,-0.2388737948213901,-0.3022802261955069,-0.1923482187317256,-0.616424295746971,-0.13385396153943455,-0.5764803855030739,-0.12468674908142041,-0.4847516256357545,0.0,0.0,0.0,0.0,0.0,0.0,0.0,0.0,0.0,0.0,0.0,0.0,0.0,0.0,0.0,0.0,0.0,0.0,0.0,0.0,0.0,0.0,0.0,0.0,0.0,0.0,0.0,0.0,0.0,0.0,0.0,0.0,0.0,0.0,0.0,0.0,0.0,0.0,0.0,0.0,0.0,0.0,come
0.0,0.0,0.14723155207315722,-0.16983783683979065,0.1990906962222916,-0.4488441615555309,0.13944483330479826,-0.6612223419576405,0.04972090177555316,-0.7676107580594805,0.13556175494076453,-0.30389604503842166,0.08984646450404359,-0.6375892140768568,0.06303125597977702,-0.8413248332376569,0.026015177303536,-1.0,-0.01805368119269905,-0.27471473316346573,-0.0433517048868836,-0.6917766945639001,0.019262225601670478,-0.6519950214684486,0.04822658696987703,-0.5299207060585003,-0.1443772051739129,-0.27576654446939863,-0.1204348074218055,-0.6693565172435788,-0.058744490212468824,-0.6103155559807841,-0.043088594697847114,-0.5025616525501966,-0.23552023220837992,-0.30231025013512197,-0.19536435096129637,-0.6206490303109652,-0.13702207943493835,-0.5777620694980177,-0.1275291309558579,-0.4821116543965838,0.0,0.0,0.0,0.0,0.0,0.0,0.0,0.0,0.0,0.0,0.0,0.0,0.0,0.0,0.0,0.0,0.0,0.0,0.0,0.0,0.0,0.0,0.0,0.0,0.0,0.0,0.0,0.0,0.0,0.0,0.0,0.0,0.0,0.0,0.0,0.0,0.0,0.0,0.0,0.0,0.0,0.0,come
0.0,0.0,0.15251727075494498,-0.18028143533913052,0.20608012478235765,-0.4465674276104368,0.1509223894957448,-0.6572508369301416,0.0661342445397593,-0.7699516540367731,0.13816266438775054,-0.30289513250700123,0.09186295541757852,-0.6230396438698552,0.05733134603208034,-0.831565193246596,0.014726775329203023,-1.0,-0.013084641662492704,-0.2795634687587333,-0.03134747215370623,-0.699980739018653,0.03187084881974737,-0.6652751957712245,0.0619220299274248,-0.5393878068087569,-0.1397298692368376,-0.2852168818001277,-0.11109356021689305,-0.685847318920899,-0.046200703925865026,-0.6223652845112458,-0.027936523365865492,-0.506110411325457,-0.2322408576716984,-0.3146231800510236,-0.18886854785251309,-0.6373046956742446,-0.12329300677869537,-0.5963006315171758,-0.10755773006634688,-0.49349671865781564,0.0,0.0,0.0,0.0,0.0,0.0,0.0,0.0,0.0,0.0,0.0,0.0,0.0,0.0,0.0,0.0,0.0,0.0,0.0,0.0,0.0,0.0,0.0,0.0,0.0,0.0,0.0,0.0,0.0,0.0,0.0,0.0,0.0,0.0,0.0,0.0,0.0,0.0,0.0,0.0,0.0,0.0,come
0.0,0.0,0.14910300673462626,-0.15953247760737901,0.210093485491191,-0.4175997207957863,0.16458469051325023,-0.6295440191934814,0.09337473174740879,-0.7517394883637033,0.13899519032767163,-0.3047521226256227,0.08321537829322861,-0.6339043246363812,0.056186909499588836,-0.8410125040630633,0.02454836141574981,-1.0,-0.006961344050025294,-0.28677383057240935,-0.019758128499941907,-0.6841787142049213,0.039539087007646016,-0.6557573888981063,0.06724115405011119,-0.5375074423564908,-0.1275327181135994,-0.2911947146497673,-0.09599430560836093,-0.6623034980544764,-0.041398715461701874,-0.60426758396583,-0.026707492446884067,-0.4931618475760183,-0.2164815929106723,-0.3201718715317036,-0.16749698576085634,-0.6196871068322302,-0.115084260811817,-0.5762160595768266,-0.10494864152412228,-0.47984901453480355,0.0,0.0,0.0,0.0,0.0,0.0,0.0,0.0,0.0,0.0,0.0,0.0,0.0,0.0,0.0,0.0,0.0,0.0,0.0,0.0,0.0,0.0,0.0,0.0,0.0,0.0,0.0,0.0,0.0,0.0,0.0,0.0,0.0,0.0,0.0,0.0,0.0,0.0,0.0,0.0,0.0,0.0,come
0.0,0.0,0.1468028329288259,-0.15242425301542242,0.21072052856645504,-0.41435964288356675,0.1665711947441118,-0.6299542324851765,0.09671230103522732,-0.7530519619933993,0.14476932636917858,-0.3018602045943631,0.08615667714134369,-0.6313472752600777,0.05743430480175354,-0.8410281282071417,0.024731842670139365,-1.0,-0.0017141824827027119,-0.2783713881995796,-0.01795068837374398,-0.6723330992682554,0.04159769160692863,-0.6472760317208867,0.06866488946666298,-0.530200068903191,-0.12328655511733287,-0.2763079237307946,-0.09569759034011759,-0.6483141186632781,-0.041057314473165206,-0.5925082077862421,-0.026409712535705517,-0.47879728980782,-0.21475259079175577,-0.2987818024766113,-0.1705635400444194,-0.6044686760555964,-0.1175443955787573,-0.5631403786770497,-0.10749351706307184,-0.463309050783649,0.0,0.0,0.0,0.0,0.0,0.0,0.0,0.0,0.0,0.0,0.0,0.0,0.0,0.0,0.0,0.0,0.0,0.0,0.0,0.0,0.0,0.0,0.0,0.0,0.0,0.0,0.0,0.0,0.0,0.0,0.0,0.0,0.0,0.0,0.0,0.0,0.0,0.0,0.0,0.0,0.0,0.0,come
0.0,0.0,0.16898847116173274,-0.16559066534531178,0.2466498246138903,-0.44820664481141637,0.20960800534875834,-0.6879074802264227,0.11488030232815521,-0.8029194295264196,0.16306284134088883,-0.327444173850818,0.10213354006035041,-0.6589474205532003,0.07584280593518118,-0.8513675366147878,0.04613809438860468,-1.0,0.003230025414687961,-0.3102752356632405,-0.012514295446126571,-0.7074599613801859,0.04877886694660389,-0.6851466840376657,0.07753602351351364,-0.5701648038156902,-0.1282552303771471,-0.31475173806851403,-0.09912360008227304,-0.6941284945195947,-0.03670676382432179,-0.6467497348109463,-0.015020136175021239,-0.5392421682685821,-0.22367629096153838,-0.3421257170464383,-0.17215229406850796,-0.6482643066904457,-0.11236081680755335,-0.6161485099129411,-0.09569218764923991,-0.5289438880682361,0.0,0.0,0.0,0.0,0.0,0.0,0.0,0.0,0.0,0.0,0.0,0.0,0.0,0.0,0.0,0.0,0.0,0.0,0.0,0.0,0.0,0.0,0.0,0.0,0.0,0.0,0.0,0.0,0.0,0.0,0.0,0.0,0.0,0.0,0.0,0.0,0.0,0.0,0.0,0.0,0.0,0.0,come
0.0,0.0,0.16185164254135226,-0.1648944333086991,0.2456633880960599,-0.45814728898577306,0.1962716581808621,-0.6961187199066448,0.09650666983716788,-0.7995631307721759,0.16818679629407515,-0.3263666108511801,0.10192655087004594,-0.655452851801241,0.07636936059754869,-0.8494610758998087,0.048967483332608794,-1.0,0.009593210378642693,-0.29903203690212005,-0.0077542847595438455,-0.713848822610981,0.056898799382171274,-0.6888538900007175,0.08992011070217,-0.5724626257092381,-0.1235767443736261,-0.29948273342596926,-0.09428723169677158,-0.6906045618554136,-0.036803914800810994,-0.6376928947077596,-0.019257652282263296,-0.5282126596227767,-0.22529248135541022,-0.32153805622786125,-0.17713001900729441,-0.6395480569244637,-0.12092939332214929,-0.6024351230079397,-0.11361087789188207,-0.5094203691783287,0.0,0.0,0.0,0.0,0.0,0.0,0.0,0.0,0.0,0.0,0.0,0.0,0.0,0.0,0.0,0.0,0.0,0.0,0.0,0.0,0.0,0.0,0.0,0.0,0.0,0.0,0.0,0.0,0.0,0.0,0.0,0.0,0.0,0.0,0.0,0.0,0.0,0.0,0.0,0.0,0.0,0.0,come
0.0,0.0,0.16427458025303132,-0.1586955506768264,0.2548367859950998,-0.4483053077578514,0.20826378668375756,-0.6835103081133219,0.1173691895166981,-0.7983121518909437,0.18030338078952646,-0.3253260513172038,0.11308656608090084,-0.6534627069023878,0.08340478113099034,-0.8488099166713532,0.04907004678415939,-1.0,0.020016967083433698,-0.29677063028629697,-0.0010526170585507628,-0.7045326730424983,0.0594147682597757,-0.6698451209819899,0.08797522954373507,-0.5460108784577462,-0.11473711631736828,-0.2972184169785434,-0.08723776093920606,-0.6875854853445358,-0.03321022736316243,-0.6254174125356929,-0.01655378268338828,-0.5060957881523281,-0.21929583950985396,-0.32104157094607144,-0.16855985645359306,-0.639351855290621,-0.11836397630338291,-0.59123972186292,-0.11304279546228671,-0.48895813194427495,0.0,0.0,0.0,0.0,0.0,0.0,0.0,0.0,0.0,0.0,0.0,0.0,0.0,0.0,0.0,0.0,0.0,0.0,0.0,0.0,0.0,0.0,0.0,0.0,0.0,0.0,0.0,0.0,0.0,0.0,0.0,0.0,0.0,0.0,0.0,0.0,0.0,0.0,0.0,0.0,0.0,0.0,come
0.0,0.0,0.1797471318330902,-0.17078741773033584,0.27649199964286497,-0.45791334981436665,0.22747787566142416,-0.7015906108960482,0.1175775482679246,-0.8153738949656376,0.20298988255342096,-0.3296078550788565,0.13859677857095132,-0.6239214255601078,0.0791784356657287,-0.7840973796103089,0.0300608371269077,-0.9028731632526961,0.034604848403860605,-0.3057043453992551,0.022914292911046765,-0.7100172832074985,0.06638395446646449,-0.9044746537593489,0.10556710857200972,-1.0,-0.1163352622961773,-0.30331674389810537,-0.08497714986131454,-0.7407829298909615,-0.024635222621075578,-0.715005052514816,0.010585447219993414,-0.5921783877717907,-0.2339086715818067,-0.3257145509470287,-0.17632981066521133,-0.6800575555052308,-0.11713822486144757,-0.6514678309426769,-0.09517264582078089,-0.5435704753384653,0.0,0.0,0.0,0.0,0.0,0.0,0.0,0.0,0.0,0.0,0.0,0.0,0.0,0.0,0.0,0.0,0.0,0.0,0.0,0.0,0.0,0.0,0.0,0.0,0.0,0.0,0.0,0.0,0.0,0.0,0.0,0.0,0.0,0.0,0.0,0.0,0.0,0.0,0.0,0.0,0.0,0.0,come
0.0,0.0,0.15618946349306073,-0.15181150296665175,0.2299406499696494,-0.42491030081200176,0.16934034026066652,-0.6466130997212506,0.05100171056571034,-0.7604516867866092,0.17902363209269403,-0.288788755756766,0.14806038163828517,-0.5366887877926961,0.10733537823216617,-0.6899417659870196,0.0679105067370343,-0.8153773030958719,0.032910615789493065,-0.26874916263290594,0.03870172622960896,-0.6577254036428053,0.06460834163501077,-0.8747678386454155,0.07753941396624925,-1.0,-0.10512543723662769,-0.2741474009683292,-0.07511335082515888,-0.7160704518539059,-0.02489511844371661,-0.6747608139675522,0.0005438460281253373,-0.5479345039430253,-0.21575504948290722,-0.3010598482726232,-0.16385514321137115,-0.6504568448262823,-0.10922524317990172,-0.6109634260713555,-0.09047218581632563,-0.497895287545841,0.0,0.0,0.0,0.0,0.0,0.0,0.0,0.0,0.0,0.0,0.0,0.0,0.0,0.0,0.0,0.0,0.0,0.0,0.0,0.0,0.0,0.0,0.0,0.0,0.0,0.0,0.0,0.0,0.0,0.0,0.0,0.0,0.0,0.0,0.0,0.0,0.0,0.0,0.0,0.0,0.0,0.0,come
0.0,0.0,0.16256666184469135,-0.1622561305622001,0.24451480665597583,-0.4416190877156594,0.18310621436734553,-0.6686086165654592,0.06731781992897849,-0.7748848544701331,0.18694042130315308,-0.30569978106660717,0.145038732443124,-0.560824799369981,0.10610800890818203,-0.743944566335993,0.07171210273576882,-0.8978767497215089,0.0330114787564489,-0.275445077651971,0.024543756185214528,-0.6796890444622461,0.05631752913735058,-0.8913385047300042,0.08101625634210059,-1.0,-0.11299007743542408,-0.2730607041517797,-0.08515775372158779,-0.7173693934593391,-0.029748543316609623,-0.6904807430830925,0.0015187749157897497,-0.5691740840137376,-0.23318689652266833,-0.29712746778827187,-0.18941170820783676,-0.654189240827616,-0.1300878591401819,-0.6314550511861028,-0.10783743834672438,-0.5285867026026587,0.0,0.0,0.0,0.0,0.0,0.0,0.0,0.0,0.0,0.0,0.0,0.0,0.0,0.0,0.0,0.0,0.0,0.0,0.0,0.0,0.0,0.0,0.0,0.0,0.0,0.0,0.0,0.0,0.0,0.0,0.0,0.0,0.0,0.0,0.0,0.0,0.0,0.0,0.0,0.0,0.0,0.0,come
0.0,0.0,-0.2293386526732715,-0.20729645979383385,-0.28644342374817766,-0.5916737430670609,-0.18640605300398078,-0.9016901361218447,-0.03304864651065893,-1.0,-0.2670306198926745,-0.2209235741866695,-0.3125560876988235,-0.558257131392275,-0.29818431471541385,-0.7970486070037873,-0.24318236578631422,-0.9945719396013435,-0.05686807438225149,-0.1856363580820149,0.00764813985800036,-0.7668984326567475,0.007984752185108987,-0.8147589403246408,0.012922077519372722,-0.7191720645992475,0.14148191653346495,-0.20936390950813255,0.1525401655108227,-0.7867152631812265,0.10898877798125858,-0.7259157956971045,0.08821195344712385,-0.5582885990748502,0.315801623135224,-0.2629377539378819,0.2726467973134409,-0.700187634670771,0.2192816272604764,-0.634046470646739,0.22161816011445967,-0.47325580033227116,0.0,0.0,0.0,0.0,0.0,0.0,0.0,0.0,0.0,0.0,0.0,0.0,0.0,0.0,0.0,0.0,0.0,0.0,0.0,0.0,0.0,0.0,0.0,0.0,0.0,0.0,0.0,0.0,0.0,0.0,0.0,0.0,0.0,0.0,0.0,0.0,0.0,0.0,0.0,0.0,0.0,0.0,come
0.0,0.0,-0.23800737385867726,-0.35022123260330223,-0.32167630366104727,-0.7458932592691155,-0.22504557430928324,-0.9898549089159462,-0.0400833559310044,-1.0,-0.3186051257693735,-0.21617465501356703,-0.3320486346795931,-0.517404417465726,-0.31803793826147836,-0.7829941436942391,-0.27583236626529833,-0.9746984684674063,-0.07701482800224797,-0.07818738044989858,0.05142275498454095,-0.8176022663920137,0.01751628295540483,-0.8197865207839623,-0.038653947967528975,-0.6351582145762558,0.16752004455530872,-0.05752581047038526,0.24730877177025945,-0.8265366275965567,0.17453135798809424,-0.7755063141542268,0.11766888039628175,-0.5721424332610769,0.3923237816767416,-0.09744649124136727,0.40755868236208265,-0.699751060686958,0.3287736566737239,-0.6281843767843037,0.2954582330473956,-0.42381974188687466,0.0,0.0,0.0,0.0,0.0,0.0,0.0,0.0,0.0,0.0,0.0,0.0,0.0,0.0,0.0,0.0,0.0,0.0,0.0,0.0,0.0,0.0,0.0,0.0,0.0,0.0,0.0,0.0,0.0,0.0,0.0,0.0,0.0,0.0,0.0,0.0,0.0,0.0,0.0,0.0,0.0,0.0,come
0.0,0.0,-0.21566085156712006,-0.25655592633268565,-0.3210839951001098,-0.595654304300076,-0.31281110078567204,-0.8626351693841345,-0.2508713145222607,-1.0,-0.2888648939765143,-0.3077124693756864,-0.3070247951339022,-0.631664273042156,-0.30993473853172254,-0.8380132212553857,-0.2980065683872603,-0.9840766241446313,-0.09347089634197854,-0.22366731435329898,0.00034890597279716145,-0.8379017065134747,-0.022365147419109572,-0.814133648728563,-0.07996969248965109,-0.65349750781448,0.09185752302103574,-0.21170841429416237,0.12779526062346877,-0.7985293993410493,0.08654420461265523,-0.7443281659204191,0.03158338261383797,-0.5873998901748754,0.260502027540762,-0.22698002027540762,0.26370870997719015,-0.6950585029990707,0.21002027540762017,-0.6584565345949143,0.16474180535608685,-0.5117679733040467,0.0,0.0,0.0,0.0,0.0,0.0,0.0,0.0,0.0,0.0,0.0,0.0,0.0,0.0,0.0,0.0,0.0,0.0,0.0,0.0,0.0,0.0,0.0,0.0,0.0,0.0,0.0,0.0,0.0,0.0,0.0,0.0,0.0,0.0,0.0,0.0,0.0,0.0,0.0,0.0,0.0,0.0,come
0.0,0.0,-0.23423022768152899,-0.22217729073513784,-0.3368186824179578,-0.569425360358915,-0.30475678958285757,-0.848722865733392,-0.22479858687589535,-1.0,-0.3046427176073338,-0.20172242784800093,-0.35611831587768655,-0.5266824613688825,-0.35672842989775755,-0.7935519016871799,-0.32606642551512877,-0.9963796598460983,-0.07277331975636962,-0.1212102623726216,0.005772018368537179,-0.8031657981310598,-0.028280294779915404,-0.8486530305632678,-0.09088021097771126,-0.7361860843042624,0.134201963311999,-0.14130509664621313,0.1570095164575072,-0.8114181446871479,0.0968455736770482,-0.8110713281328151,0.03304430380941416,-0.6834657213123727,0.30711396250417594,-0.19944476321158736,0.30754524186561827,-0.716049018627116,0.23841160849271167,-0.7065922513160154,0.18533699716318214,-0.5850103997780374,0.0,0.0,0.0,0.0,0.0,0.0,0.0,0.0,0.0,0.0,0.0,0.0,0.0,0.0,0.0,0.0,0.0,0.0,0.0,0.0,0.0,0.0,0.0,0.0,0.0,0.0,0.0,0.0,0.0,0.0,0.0,0.0,0.0,0.0,0.0,0.0,0.0,0.0,0.0,0.0,0.0,0.0,come
0.0,0.0,-0.2089349454150178,-0.17889324359549025,-0.3551928503199984,-0.46004909923478365,-0.35250817158792636,-0.6854153050874023,-0.24146741313951628,-0.7943780488989849,-0.2670326436824342,-0.28215055662275673,-0.25732137101015906,-0.618357799161232,-0.23727177748777695,-0.8327719437289479,-0.1930075837236586,-1.0,-0.08336466637910676,-0.23995930787907105,-0.00918192022705122,-0.7868777626768927,-0.025627227726745985,-0.7705702853729316,-0.05073798828327158,-0.643588435022093,0.07715132340223646,-0.25043904990319144,0.0996899929574579,-0.7463810332131693,0.0635221878098539,-0.6940509741479136,0.030840272018717023,-0.5631526338980746,0.21830423021466022,-0.27740898665550223,0.2088873121443083,-0.671985257555524,0.1604733205100203,-0.6265712114228597,0.13297181335531294,-0.4902319053772999,0.0,0.0,0.0,0.0,0.0,0.0,0.0,0.0,0.0,0.0,0.0,0.0,0.0,0.0,0.0,0.0,0.0,0.0,0.0,0.0,0.0,0.0,0.0,0.0,0.0,0.0,0.0,0.0,0.0,0.0,0.0,0.0,0.0,0.0,0.0,0.0,0.0,0.0,0.0,0.0,0.0,0.0,come
0.0,0.0,-0.2507371414977797,-0.25012520450068443,-0.38672005421354877,-0.5900569889152282,-0.3503808825247905,-0.8273951620980936,-0.20524591207305265,-0.9037456491436012,-0.3002929524473306,-0.2979543671329839,-0.2750539422723782,-0.5889510158258489,-0.24340146197121965,-0.812603032870355,-0.1903245352826283,-1.0,-0.07536554497345664,-0.24214028746953356,0.021152517862508765,-0.8972102350505826,0.003920074663617242,-0.8858304501519148,-0.026818021518480183,-0.7439291467730627,0.12675390638042136,-0.2641050695302327,0.17006879465627192,-0.8785657198424093,0.11501598444125405,-0.8167866890921839,0.06931438537110614,-0.6653922761343528,0.29741272724616874,-0.3023404372975861,0.30466806721812295,-0.790096219658776,0.23966815068779004,-0.7223804088344296,0.2006656445110347,-0.570283285616507,0.0,0.0,0.0,0.0,0.0,0.0,0.0,0.0,0.0,0.0,0.0,0.0,0.0,0.0,0.0,0.0,0.0,0.0,0.0,0.0,0.0,0.0,0.0,0.0,0.0,0.0,0.0,0.0,0.0,0.0,0.0,0.0,0.0,0.0,0.0,0.0,0.0,0.0,0.0,0.0,0.0,0.0,come
0.0,0.0,-0.24829734689309982,-0.2489778703750651,-0.3879088838595451,-0.5468100285730235,-0.3480410910705588,-0.7569308403767193,-0.20876206952888568,-0.83348672319813,-0.29463184127759673,-0.2563574849388566,-0.23166555785512313,-0.5852827162144099,-0.18539264988545695,-0.8212524090403224,-0.13850400580576797,-1.0,-0.08353973104790118,-0.18532363725012688,0.02704821563285995,-0.8146656075339775,0.027411204169336265,-0.8807448857668033,0.001992787859512297,-0.8069812618531442,0.12038825305076821,-0.19224743552120033,0.18929845775325588,-0.7963420486432807,0.15271523107581353,-0.8182565692602614,0.09811240839500937,-0.7104557599558728,0.296378795630924,-0.2325019039292901,0.31919432165572964,-0.7205613095960597,0.2670623817886539,-0.7296133602316162,0.21762027020175248,-0.6269223027839108,0.0,0.0,0.0,0.0,0.0,0.0,0.0,0.0,0.0,0.0,0.0,0.0,0.0,0.0,0.0,0.0,0.0,0.0,0.0,0.0,0.0,0.0,0.0,0.0,0.0,0.0,0.0,0.0,0.0,0.0,0.0,0.0,0.0,0.0,0.0,0.0,0.0,0.0,0.0,0.0,0.0,0.0,come
0.0,0.0,-0.22836665465617959,-0.20514143081972774,-0.32198337858824416,-0.5153408413546229,-0.26422795993386855,-0.7890938020819304,-0.1266993927992018,-1.0,-0.3383996963862658,-0.1584216139694322,-0.2892707589623259,-0.48997266569604864,-0.23606061179874335,-0.7758165686580695,-0.17900301933510618,-0.9384174054094131,-0.09622453761180488,-0.09857285009391917,0.039257623881151116,-0.6609735535475254,0.05067447641699522,-0.836491309110199,0.018406849338085254,-0.8276968055215881,0.15288941115097715,-0.09548123870349681,0.23769296234352252,-0.6719363456630629,0.2032211752977263,-0.7892623578444171,0.1485891055903172,-0.7376570909035629,0.3748680157706319,-0.10884915086034115,0.4062707277581737,-0.5801102600052647,0.3526247892719591,-0.6581859826147533,0.30187283587869423,-0.6082492043607937,0.0,0.0,0.0,0.0,0.0,0.0,0.0,0.0,0.0,0.0,0.0,0.0,0.0,0.0,0.0,0.0,0.0,0.0,0.0,0.0,0.0,0.0,0.0,0.0,0.0,0.0,0.0,0.0,0.0,0.0,0.0,0.0,0.0,0.0,0.0,0.0,0.0,0.0,0.0,0.0,0.0,0.0,come
0.0,0.0,-0.25925941378406675,-0.09926426393146168,-0.4435073866962543,-0.36257042166294867,-0.4466507255012145,-0.6328487966549629,-0.3247491808857256,-0.8795841389749761,-0.31024789207639764,-0.8239623357371115,-0.32465869695314264,-0.9031303007743287,-0.30326654819442833,-0.9648536415871456,-0.26421490846650597,-1.0,-0.017510466279089476,-0.9273870352431006,-0.058862275371029754,-0.4472550382209868,-0.1594879704610378,-0.11103239037949796,-0.22006865826930574,0.047580467465550266,0.23383147302366272,-0.8260562434565384,0.14754904581172823,-0.2714382381969968,0.051349240599905865,-0.04803575549520396,-0.005695142160166991,0.010961854633781276,0.425408905235682,-0.6415683707807303,0.3253091643013506,-0.17162116176675746,0.2603814667002179,-0.04322785131951389,0.2400988543482484,-0.053369874587183355,0.0,0.0,0.0,0.0,0.0,0.0,0.0,0.0,0.0,0.0,0.0,0.0,0.0,0.0,0.0,0.0,0.0,0.0,0.0,0.0,0.0,0.0,0.0,0.0,0.0,0.0,0.0,0.0,0.0,0.0,0.0,0.0,0.0,0.0,0.0,0.0,0.0,0.0,0.0,0.0,0.0,0.0,come
0.0,0.0,-0.3718021787808375,-0.361805410092409,-0.6440089210179768,-0.5909528959209157,-0.7178697619059218,-0.8644444498570266,-0.5582872181330164,-1.0,-0.5823982421015541,0.2382438714684931,-0.626429936559124,-0.159968596198094,-0.602375744703653,-0.6571249608264363,-0.5548805388983339,-0.9029201963468317,-0.14376170132613678,0.45549193065183186,0.1269655792247775,-0.4924246852718767,0.1185256044907112,-0.8816905605107745,0.04695489478752097,-0.9117027875339572,0.2660455322652144,0.4548797676053708,0.43592788167229307,-0.5541780533864632,0.36021025446172683,-0.8356244793772499,0.2745632452110826,-0.7569578744140203,0.6146833477037391,0.3632574705812626,0.6947390918877842,-0.5016582798705527,0.5944320360997583,-0.691383764526694,0.5099539416317961,-0.5845609069755736,0.0,0.0,0.0,0.0,0.0,0.0,0.0,0.0,0.0,0.0,0.0,0.0,0.0,0.0,0.0,0.0,0.0,0.0,0.0,0.0,0.0,0.0,0.0,0.0,0.0,0.0,0.0,0.0,0.0,0.0,0.0,0.0,0.0,0.0,0.0,0.0,0.0,0.0,0.0,0.0,0.0,0.0,come
0.0,0.0,-0.21232755417237614,-0.27223651206540167,-0.3865664990593864,-0.5788881598810879,-0.42244365027753905,-0.8033641452028706,-0.4373417795015909,-1.0,-0.2806751805745872,-0.11144906751515433,0.006395156420558794,-0.7495264997561372,-0.018813143042943077,-0.727797164224168,-0.09957977216248229,-0.5865048075806489,0.002944062521773463,0.08500389019207097,0.24896648628562137,-0.7493058619968879,0.1823755428850129,-0.6417025686880182,0.0857661065564252,-0.39818902849710847,0.23516065912627448,0.19107607357688644,0.43792429221729334,-0.6207840769212903,0.36282848897972453,-0.5083650742039622,0.2642645214483127,-0.26004801774392083,0.4407426492788629,0.2390830759226142,0.5623906972153192,-0.40000638688250456,0.4870275158510811,-0.32431776482337366,0.41050279280953156,-0.11196350186961469,0.0,0.0,0.0,0.0,0.0,0.0,0.0,0.0,0.0,0.0,0.0,0.0,0.0,0.0,0.0,0.0,0.0,0.0,0.0,0.0,0.0,0.0,0.0,0.0,0.0,0.0,0.0,0.0,0.0,0.0,0.0,0.0,0.0,0.0,0.0,0.0,0.0,0.0,0.0,0.0,0.0,0.0,come
0.0,0.0,-0.39508759072040434,-0.37981057969171417,-0.6563765059421727,-0.6559222147650513,-0.7959929386390818,-0.829596702639961,-0.9095365127344874,-1.0,-0.8849485540970374,0.04044367634767536,-0.9142150502697446,-0.23497843587106657,-0.9379749198925873,-0.581118908877864,-0.9485338818151946,-0.8949319335088259,-0.5853409499390235,0.3262626611612653,-0.30344077785234946,-0.5256060707415164,-0.25104622964051454,-0.8325212939800538,-0.2534935579599827,-0.9540427136620353,-0.206216033832196,0.43570750705143707,0.04514518572643585,-0.47178138744053966,0.021732650377363067,-0.7490445550850106,-0.020923306387054613,-0.8341719587668274,0.15104722202415388,0.4102385322719484,0.29645458080612425,-0.2798198419390147,0.2453484773527027,-0.5198498780838322,0.19064810737737997,-0.5873657801127788,0.0,0.0,0.0,0.0,0.0,0.0,0.0,0.0,0.0,0.0,0.0,0.0,0.0,0.0,0.0,0.0,0.0,0.0,0.0,0.0,0.0,0.0,0.0,0.0,0.0,0.0,0.0,0.0,0.0,0.0,0.0,0.0,0.0,0.0,0.0,0.0,0.0,0.0,0.0,0.0,0.0,0.0,come
0.0,0.0,-0.17613101688533936,-0.2171168573722015,-0.27120663414060614,-0.5418642991544579,-0.26480995510124156,-0.8039352441205191,-0.2118586408821199,-0.9674035532567054,-0.23087609853260985,-0.3162286944865777,-0.22642134374674455,-0.6324195662970995,-0.23230309406780503,-0.8500253087735209,-0.24106433874939645,-1.0,-0.046342071740322906,-0.22760497737771712,0.12583539484928635,-0.855705410198809,0.08099585593148173,-0.8065960153486581,0.004629711678821074,-0.6262974798859009,0.15460407871093404,-0.18106255351908662,0.2858977179742434,-0.7654287340815163,0.22650239233829292,-0.6898138562401148,0.17675822491913512,-0.5252672766419688,0.34216532442994746,-0.15934369227989473,0.41529806213898257,-0.6322429884323127,0.3502189608749271,-0.5844390162300345,0.31426612985843083,-0.4335810034204667,0.0,0.0,0.0,0.0,0.0,0.0,0.0,0.0,0.0,0.0,0.0,0.0,0.0,0.0,0.0,0.0,0.0,0.0,0.0,0.0,0.0,0.0,0.0,0.0,0.0,0.0,0.0,0.0,0.0,0.0,0.0,0.0,0.0,0.0,0.0,0.0,0.0,0.0,0.0,0.0,0.0,0.0,come
0.0,0.0,-0.21948516243618799,-0.27133135883476417,-0.2989263325836177,-0.6112299588776784,-0.2631405058093422,-0.8662070834286347,-0.18733747171916862,-1.0,-0.2655394986777131,-0.2764608788509642,-0.2601385909023081,-0.4887019236272389,-0.278787862390589,-0.6783869827113094,-0.2767803422024823,-0.8194601256666846,-0.05940041203488165,-0.1393214015679303,0.08997399131267804,-0.8086427011573314,0.04697453637751036,-0.783696047374646,-0.029841727241566116,-0.6223787095470426,0.1334508722598213,-0.11904453194248495,0.21924769814688364,-0.7631640233068807,0.15383357062418976,-0.7233576409910398,0.08287795063947823,-0.5880288028990206,0.3037036104353588,-0.1338561848833272,0.3457926468485617,-0.6380652966440947,0.2743744813923524,-0.6089441829886078,0.2152420231457962,-0.4776060352974745,0.0,0.0,0.0,0.0,0.0,0.0,0.0,0.0,0.0,0.0,0.0,0.0,0.0,0.0,0.0,0.0,0.0,0.0,0.0,0.0,0.0,0.0,0.0,0.0,0.0,0.0,0.0,0.0,0.0,0.0,0.0,0.0,0.0,0.0,0.0,0.0,0.0,0.0,0.0,0.0,0.0,0.0,come
0.0,0.0,-0.2956074277172108,-0.3426351373884095,-0.35184032756888267,-0.6475076375225284,-0.18603859431887218,-0.9102906100883444,0.06104914258206984,-1.0,-0.3162501250567286,-0.021919218428069546,-0.26392088005138564,-0.4397438258224383,-0.24251406797576291,-0.7026636720715339,-0.19585551126815498,-0.8606246021746097,-0.017683093925215353,0.15863572896110845,0.20483233698764802,-0.7863616394103412,0.14218348323224883,-0.7394310752558769,0.0452703907714659,-0.5033030925622782,0.2788888292805287,0.17309678158352992,0.40419335147682933,-0.7290510042961518,0.31260267338662323,-0.6389611519428379,0.2360318521300242,-0.43485030165857846,0.5264031364952507,0.13023443968060874,0.5902423853139178,-0.5593427163336412,0.4993779787062827,-0.4656935682418256,0.4497798276609534,-0.2785536047511407,0.0,0.0,0.0,0.0,0.0,0.0,0.0,0.0,0.0,0.0,0.0,0.0,0.0,0.0,0.0,0.0,0.0,0.0,0.0,0.0,0.0,0.0,0.0,0.0,0.0,0.0,0.0,0.0,0.0,0.0,0.0,0.0,0.0,0.0,0.0,0.0,0.0,0.0,0.0,0.0,0.0,0.0,come
0.0,0.0,-0.2007644394315297,-0.23273629374333396,-0.2439612297709406,-0.5225582967828345,-0.14493977646826203,-0.7503611752158031,-0.03585078953407315,-0.8880957586988744,-0.214514264436545,-0.20855992477741359,-0.11559852975347717,-0.5813327978847617,-0.07974593614739701,-0.815378126276381,-0.034604897406033105,-1.0,0.0005629606697869896,-0.09077476954784182,0.14509276177445637,-0.6501289189856209,0.09427358679823403,-0.6311190514333713,0.04118362638679015,-0.49681797779403847,0.18552183504431521,-0.06301262706079146,0.27614506254356835,-0.5969519120998388,0.1993785513157458,-0.5776570011704819,0.1360794376202414,-0.4751072340400966,0.34448529464825645,-0.06942628345290723,0.38062644957185765,-0.5004889035138993,0.3073639874032476,-0.49702328118843603,0.24782050060833308,-0.3974177595734885,0.0,0.0,0.0,0.0,0.0,0.0,0.0,0.0,0.0,0.0,0.0,0.0,0.0,0.0,0.0,0.0,0.0,0.0,0.0,0.0,0.0,0.0,0.0,0.0,0.0,0.0,0.0,0.0,0.0,0.0,0.0,0.0,0.0,0.0,0.0,0.0,0.0,0.0,0.0,0.0,0.0,0.0,come
0.0,0.0,-0.20542545495256453,-0.0827610610020773,-0.28211451946454996,-0.30550732685908266,-0.19720832924777013,-0.4837282134445274,-0.061434421010662994,-0.6024890023434605,-0.24063908650451815,-0.533436156687667,-0.2389679135156857,-0.6386433174489107,-0.22335747847132156,-0.8339345984893827,-0.19520453426154857,-1.0,-0.03748489577318905,-0.6433502569873326,0.05610162570507245,-0.338334495208816,0.00021909122369121261,-0.1513620078394621,-0.062122093125632875,-0.06259595667332034,0.14783782726751538,-0.5847728263120033,0.2022625339364335,-0.15621556426277378,0.11548285425818251,-0.0677186505389329,0.04791146935141769,-0.10805849772743828,0.2918561085951044,-0.46894845295090115,0.30513401913952753,-0.08936753257128388,0.2434658637523209,-0.02191783411828665,0.20825677343131518,-0.09796195115748563,0.0,0.0,0.0,0.0,0.0,0.0,0.0,0.0,0.0,0.0,0.0,0.0,0.0,0.0,0.0,0.0,0.0,0.0,0.0,0.0,0.0,0.0,0.0,0.0,0.0,0.0,0.0,0.0,0.0,0.0,0.0,0.0,0.0,0.0,0.0,0.0,0.0,0.0,0.0,0.0,0.0,0.0,come
0.0,0.0,-0.15796954733549076,-0.17985981353304822,-0.2524620415443079,-0.4684659567738614,-0.23125549001497786,-0.6938210994026374,-0.11122028610336515,-0.7973725539469617,-0.20673717495767638,-0.2997203918771043,-0.19190831837462213,-0.6393983913726304,-0.1644420901493661,-0.8483532356874379,-0.1189740757324902,-1.0,-0.025967029110477702,-0.2539285572330117,0.05144672667481837,-0.753968587365812,0.025273989776021518,-0.6731529296123331,-0.004186398382518907,-0.506494771311148,0.14154089826864497,-0.23529052740123813,0.16531634824972247,-0.6805655683214527,0.1278828053343119,-0.5966121132877247,0.10889119169422781,-0.4546662042636895,0.2746289395066517,-0.23475591320412298,0.2655826004365451,-0.6066981997366111,0.22203009851556965,-0.544530179046778,0.21361378664146433,-0.4158575085509073,0.0,0.0,0.0,0.0,0.0,0.0,0.0,0.0,0.0,0.0,0.0,0.0,0.0,0.0,0.0,0.0,0.0,0.0,0.0,0.0,0.0,0.0,0.0,0.0,0.0,0.0,0.0,0.0,0.0,0.0,0.0,0.0,0.0,0.0,0.0,0.0,0.0,0.0,0.0,0.0,0.0,0.0,come
0.0,0.0,-0.1568167837462306,-0.18256238627222396,-0.26825172177937995,-0.45548151748880467,-0.28215081539857956,-0.6941040079496522,-0.18000144108954974,-0.8285684173395336,-0.20085863126605094,-0.3293511225442328,-0.18358050528471198,-0.6499961284161351,-0.15814043525206162,-0.8469562898181646,-0.11613127680534106,-1.0,-0.038636363636363635,-0.2944191118586614,0.012562967009803711,-0.7829144853159428,-0.0043451000804429095,-0.725309404077208,-0.022341619956724297,-0.5828706073654732,0.11482375689894736,-0.2866163647548212,0.12714324430124363,-0.7181413816392286,0.09619046902087644,-0.6512270769971995,0.08318162460262493,-0.5272815458804196,0.24425575252835935,-0.28518968610058376,0.2273858635567811,-0.6334683368966244,0.1835827637086332,-0.5854768285705683,0.17299882131780112,-0.47571011300723126,0.0,0.0,0.0,0.0,0.0,0.0,0.0,0.0,0.0,0.0,0.0,0.0,0.0,0.0,0.0,0.0,0.0,0.0,0.0,0.0,0.0,0.0,0.0,0.0,0.0,0.0,0.0,0.0,0.0,0.0,0.0,0.0,0.0,0.0,0.0,0.0,0.0,0.0,0.0,0.0,0.0,0.0,come
0.0,0.0,-0.14735430001576802,-0.17468495462767225,-0.2834169908547663,-0.4229530703309229,-0.3069412042835069,-0.6381390722164514,-0.2034786299023245,-0.7644292361751679,-0.1931332128358363,-0.3200734484804643,-0.16129429615448154,-0.6518837925263982,-0.13991402555923968,-0.8455388097993525,-0.10486566327768378,-1.0,-0.03267774025837889,-0.2937839700880776,0.01535657521138111,-0.764205431941066,-0.00713652434235944,-0.689237869180233,-0.029659921504866748,-0.5438007222330709,0.11359049000079394,-0.28951112265024903,0.12333791630738937,-0.703257700623799,0.09561571486102133,-0.6158756373831801,0.08226232023510945,-0.4884584908385117,0.2360843856960787,-0.28630422027998087,0.21738589577755274,-0.6132289090494535,0.1846914586617878,-0.5523143502965295,0.1807633847426992,-0.4378415806594219,0.0,0.0,0.0,0.0,0.0,0.0,0.0,0.0,0.0,0.0,0.0,0.0,0.0,0.0,0.0,0.0,0.0,0.0,0.0,0.0,0.0,0.0,0.0,0.0,0.0,0.0,0.0,0.0,0.0,0.0,0.0,0.0,0.0,0.0,0.0,0.0,0.0,0.0,0.0,0.0,0.0,0.0,come
0.0,0.0,-0.15476055058895474,-0.17224537171852478,-0.2499492672646001,-0.4150840934901938,-0.23366110168751184,-0.6170818257596715,-0.11283767981683435,-0.7182074099823823,-0.1978388992224924,-0.3177664219361978,-0.18227157074008823,-0.639167628237795,-0.16107040611668438,-0.839243204088467,-0.11893049933751693,-1.0,-0.04117348229495785,-0.2838159844061676,0.0007153770693496018,-0.7369064042457157,-0.02601667946739273,-0.666723238595827,-0.04350070434326815,-0.5219804694893785,0.10462568796319215,-0.2750346711608742,0.10796699596686128,-0.6671598131215328,0.06912630949607607,-0.5867598025654839,0.05793541882034332,-0.46691634149182454,0.22467913251117486,-0.27596128296035294,0.2015638877564392,-0.5924819091160582,0.1580671646816441,-0.5331398512689098,0.15238225455366114,-0.4238740517756002,0.0,0.0,0.0,0.0,0.0,0.0,0.0,0.0,0.0,0.0,0.0,0.0,0.0,0.0,0.0,0.0,0.0,0.0,0.0,0.0,0.0,0.0,0.0,0.0,0.0,0.0,0.0,0.0,0.0,0.0,0.0,0.0,0.0,0.0,0.0,0.0,0.0,0.0,0.0,0.0,0.0,0.0,come
0.0,0.0,-0.15965026729059867,-0.1751690436552637,-0.28730679455444286,-0.44043756837164516,-0.3024517805322247,-0.6533162723753668,-0.18350543265729413,-0.7730975542123028,-0.2266740324364734,-0.31948082749878365,-0.22003557103083873,-0.6352892660199145,-0.19536578639707713,-0.8371812751330866,-0.14839452965894676,-1.0,-0.06302303991126541,-0.2893955260947335,-0.002886591184031837,-0.7804245568095365,-0.01319680673310249,-0.6949565722608935,-0.029785278753165282,-0.5322797963248685,0.09349863739183695,-0.2889323510501174,0.11400924217046264,-0.7158898496611001,0.09347299008947607,-0.6259287624592563,0.08258888440837006,-0.49164634350727116,0.22710584667077702,-0.2925280520543743,0.21826958920639628,-0.641134311621326,0.18460699699037794,-0.5744947481434908,0.17399701272410917,-0.4506919185096327,0.0,0.0,0.0,0.0,0.0,0.0,0.0,0.0,0.0,0.0,0.0,0.0,0.0,0.0,0.0,0.0,0.0,0.0,0.0,0.0,0.0,0.0,0.0,0.0,0.0,0.0,0.0,0.0,0.0,0.0,0.0,0.0,0.0,0.0,0.0,0.0,0.0,0.0,0.0,0.0,0.0,0.0,come
0.0,0.0,-0.16177762653897088,-0.16695060797181388,-0.30011179113975367,-0.42393165753091455,-0.32784041630529054,-0.6320290214712697,-0.21812195799110093,-0.75148461090541,-0.23565596829554136,-0.3149379989140289,-0.19940369868970956,-0.6441579915923236,-0.1706008958032869,-0.8436329417777002,-0.12915992029660278,-1.0,-0.06907685088044736,-0.28232078406128613,-0.01114569948084686,-0.757134608817004,-0.018301192356925768,-0.6928279227240676,-0.042769078816438946,-0.54809279401684,0.0924604861317563,-0.28462859543646457,0.10993847801891359,-0.7018952897847468,0.08968118641111131,-0.6200720377190676,0.06969637035053279,-0.4865076693635767,0.2304469925726458,-0.29607084855617444,0.2165805915839699,-0.6348097953607905,0.18501863595153917,-0.565191924502898,0.17506160797427084,-0.43915736507055125,0.0,0.0,0.0,0.0,0.0,0.0,0.0,0.0,0.0,0.0,0.0,0.0,0.0,0.0,0.0,0.0,0.0,0.0,0.0,0.0,0.0,0.0,0.0,0.0,0.0,0.0,0.0,0.0,0.0,0.0,0.0,0.0,0.0,0.0,0.0,0.0,0.0,0.0,0.0,0.0,0.0,0.0,come
0.0,0.0,-0.16660651329803075,-0.16064802077690263,-0.2804409135559457,-0.4334623380822586,-0.2697973126925735,-0.6580646167722246,-0.14197010436668547,-0.7585989772272819,-0.22546900718815027,-0.2973235650880721,-0.2055736055054632,-0.6177977863560342,-0.18008654048877154,-0.8289075108276064,-0.13644213978650163,-1.0,-0.05787959493737904,-0.2619748930002751,0.007145960199033197,-0.7395021144677242,-0.006828057327460285,-0.6555143030292716,-0.03282081245101459,-0.4909209776186924,0.10537014766765654,-0.25390677811466816,0.1305635366115383,-0.6775214543075485,0.10301601190493073,-0.5899121500823002,0.08517445185981452,-0.44743919191689996,0.24289020272985204,-0.25807024211671786,0.23457343816328247,-0.6069165265057723,0.19664549835352313,-0.5383799764208249,0.18737939781396276,-0.4102521194312635,0.0,0.0,0.0,0.0,0.0,0.0,0.0,0.0,0.0,0.0,0.0,0.0,0.0,0.0,0.0,0.0,0.0,0.0,0.0,0.0,0.0,0.0,0.0,0.0,0.0,0.0,0.0,0.0,0.0,0.0,0.0,0.0,0.0,0.0,0.0,0.0,0.0,0.0,0.0,0.0,0.0,0.0,come
0.0,0.0,-0.20931182750868677,-0.2440821861597489,-0.3044154159941982,-0.5655533039367245,-0.2669775290391171,-0.8343608980484791,-0.15873905444443592,-1.0,-0.23002261249469247,-0.3611490789879345,-0.18335650172309184,-0.6949893739926688,-0.18828747381898814,-0.8561230927221999,-0.17256328700752543,-0.9358022388673785,-0.027282890976177337,-0.2914086783265657,0.052662536220037894,-0.8353727002127396,-0.008769171522519785,-0.7678994736917174,-0.04859876042714684,-0.5865459496644332,0.15766350720780126,-0.2596807480006978,0.1886692859564449,-0.7649823411886426,0.114776239435708,-0.7041230225038757,0.07674829912567215,-0.5580456484936523,0.31113081125204756,-0.2454564904223303,0.29224734843539313,-0.6600493942023802,0.21922895891460026,-0.60990780553474,0.1925360115772462,-0.476852639166684,0.0,0.0,0.0,0.0,0.0,0.0,0.0,0.0,0.0,0.0,0.0,0.0,0.0,0.0,0.0,0.0,0.0,0.0,0.0,0.0,0.0,0.0,0.0,0.0,0.0,0.0,0.0,0.0,0.0,0.0,0.0,0.0,0.0,0.0,0.0,0.0,0.0,0.0,0.0,0.0,0.0,0.0,come
0.0,0.0,-0.21702755491451065,-0.2619283031341086,-0.3286513416869497,-0.5794248625259173,-0.30763700832356744,-0.8402937588268878,-0.20560257219267405,-1.0,-0.263599266804892,-0.2674508248444965,-0.27563436401334174,-0.650084678025181,-0.3231439646623997,-0.7461238618948887,-0.3546221941765077,-0.7203589050151747,-0.05381700171279185,-0.20451624147360198,0.0237736710838667,-0.9123226058475314,-0.033083325821088375,-0.8269847050692629,-0.06476877310015325,-0.6096413954746236,0.15347648667327743,-0.19350990113885633,0.1913845968929355,-0.8340113585143785,0.11393839959133388,-0.7498369542354038,0.09162991676432584,-0.5982927371615734,0.3346102947804922,-0.19109179963340245,0.3217106283241684,-0.7212144595690976,0.25238029988881877,-0.6559064875747468,0.24215126656450014,-0.5057534180714565,0.0,0.0,0.0,0.0,0.0,0.0,0.0,0.0,0.0,0.0,0.0,0.0,0.0,0.0,0.0,0.0,0.0,0.0,0.0,0.0,0.0,0.0,0.0,0.0,0.0,0.0,0.0,0.0,0.0,0.0,0.0,0.0,0.0,0.0,0.0,0.0,0.0,0.0,0.0,0.0,0.0,0.0,come
0.0,0.0,-0.28066040126049385,-0.22050592908723068,-0.41481285870521695,-0.5156413644211912,-0.3615432971186023,-0.778423873056466,-0.25719133290305357,-1.0,-0.32008543630397207,-0.14045188641193293,-0.2230362115459176,-0.6293834751142804,-0.22000137828511795,-0.7459209565067074,-0.22823590797572482,-0.6840764925076016,-0.03285805661219255,-0.040120547827796595,0.09428570518539238,-0.7821695655535277,0.018587159305147403,-0.7267639515897621,-0.05675885251393704,-0.49741122729050863,0.2251961522680753,-0.02884872365296518,0.2957594278611071,-0.7485845793638867,0.18095464775983788,-0.7292040374488175,0.09377825882630915,-0.5796751590457055,0.43994151554030947,-0.034006289728851356,0.46027208969740563,-0.6028184772439625,0.35727712825609,-0.6019527057097778,0.289299150704185,-0.47112622977923985,0.0,0.0,0.0,0.0,0.0,0.0,0.0,0.0,0.0,0.0,0.0,0.0,0.0,0.0,0.0,0.0,0.0,0.0,0.0,0.0,0.0,0.0,0.0,0.0,0.0,0.0,0.0,0.0,0.0,0.0,0.0,0.0,0.0,0.0,0.0,0.0,0.0,0.0,0.0,0.0,0.0,0.0,come
0.0,0.0,-0.3077179191744768,-0.20277535292324086,-0.4107961485287879,-0.4885624766174741,-0.31976614789033675,-0.774013965968766,-0.18696652785824716,-1.0,-0.24895416338739482,-0.028436731583818188,-0.15658117786472117,-0.543100223099877,-0.145990497222141,-0.7369691830988269,-0.14898510141527307,-0.7501272427086796,0.03645317140144791,0.07946180361840673,0.15583502542765781,-0.6101262522144408,0.09915518598319382,-0.7445240884022075,0.03184722402055932,-0.6819430513547395,0.27736106080739603,0.07698139123866078,0.3572754486909067,-0.6034753220747154,0.2796087667093693,-0.7101852641904709,0.2242258183660306,-0.6504876990759166,0.48746636943883725,0.017260555476329275,0.5247514664983224,-0.5379132553786522,0.4414743208401778,-0.6264887993598782,0.37383907810047073,-0.5489545810656883,0.0,0.0,0.0,0.0,0.0,0.0,0.0,0.0,0.0,0.0,0.0,0.0,0.0,0.0,0.0,0.0,0.0,0.0,0.0,0.0,0.0,0.0,0.0,0.0,0.0,0.0,0.0,0.0,0.0,0.0,0.0,0.0,0.0,0.0,0.0,0.0,0.0,0.0,0.0,0.0,0.0,0.0,come
0.0,0.0,-0.3013050364078586,-0.16175906648529417,-0.5374567642525103,-0.4262976763286264,-0.5196789646670904,-0.7343883283486096,-0.3770549718656253,-1.0,-0.28181365940119907,-0.47065253330152773,-0.2509077431053042,-0.6065286544869307,-0.3375560687061509,-0.43948203159323446,-0.41400332449117316,-0.2829112548066979,0.07095361715811865,-0.4417342158382866,0.16071167059455851,-0.5987058338630075,0.026931850950469308,-0.32288629847650135,-0.08238344276575925,-0.10485697290132058,0.372074462865192,-0.34638193602543643,0.4344232038009714,-0.4512324924474264,0.2568590276844662,-0.18929708601252798,0.11482459610149813,0.0399388094335834,0.5978152642759116,-0.21032841805853944,0.6568313990793484,-0.1888215116621399,0.5131898281440371,0.01352367378921035,0.39708571057601866,0.207129236952278,0.0,0.0,0.0,0.0,0.0,0.0,0.0,0.0,0.0,0.0,0.0,0.0,0.0,0.0,0.0,0.0,0.0,0.0,0.0,0.0,0.0,0.0,0.0,0.0,0.0,0.0,0.0,0.0,0.0,0.0,0.0,0.0,0.0,0.0,0.0,0.0,0.0,0.0,0.0,0.0,0.0,0.0,come
0.0,0.0,-0.34204226351990913,-0.2726878330857002,-0.5435270226082367,-0.5754057263491226,-0.47935388545007085,-0.8539596683054436,-0.24611788437157592,-1.0,-0.4964843144960044,0.15746133480957106,-0.5168606260433578,-0.5965808699094179,-0.5240633802210914,-0.7829005489998107,-0.49707429567970995,-0.7392526976714836,-0.12778605213490365,0.27648873890670445,0.07583830750873409,-0.8901251025430681,-0.017204288738333035,-0.7643061921671438,-0.10376856531491478,-0.4161161848815663,0.20315628280661094,0.25107849492591083,0.2855116325430107,-0.8096585530957967,0.17621829052817567,-0.6883124566163943,0.14358091150031266,-0.42722704899694236,0.4630158346575492,0.1492912337867219,0.47286355461601565,-0.6916924338991607,0.3747916869840578,-0.6019930643597584,0.3572500100391815,-0.36350119322842867,0.0,0.0,0.0,0.0,0.0,0.0,0.0,0.0,0.0,0.0,0.0,0.0,0.0,0.0,0.0,0.0,0.0,0.0,0.0,0.0,0.0,0.0,0.0,0.0,0.0,0.0,0.0,0.0,0.0,0.0,0.0,0.0,0.0,0.0,0.0,0.0,0.0,0.0,0.0,0.0,0.0,0.0,come
0.0,0.0,-0.2203178973615287,-0.2099622116341777,-0.3850221953875711,-0.539346391996944,-0.3612677643214549,-0.8189619873150321,-0.1810818846267121,-1.0,-0.18151602610240652,-0.3215655645187134,-0.11917094492278284,-0.7408210996317809,-0.1591375208614262,-0.7699467280178682,-0.18123626299563214,-0.7594772295720794,0.07006463545086877,-0.23847032654458483,0.14513232540620333,-0.9194859581810108,0.10045008797278057,-0.8416517925948231,0.06903396273250222,-0.651966810939653,0.27362472271661165,-0.20158432390667305,0.32340653292633736,-0.8809368910383738,0.2617257619602543,-0.7671053521734287,0.20579717479954973,-0.5738279578971784,0.4263919104717365,-0.17943191812198586,0.4609340069350731,-0.7437135958257309,0.4034175098133268,-0.6697928074431229,0.3571800438363355,-0.502880797009485,0.0,0.0,0.0,0.0,0.0,0.0,0.0,0.0,0.0,0.0,0.0,0.0,0.0,0.0,0.0,0.0,0.0,0.0,0.0,0.0,0.0,0.0,0.0,0.0,0.0,0.0,0.0,0.0,0.0,0.0,0.0,0.0,0.0,0.0,0.0,0.0,0.0,0.0,0.0,0.0,0.0,0.0,come
0.0,0.0,-0.17840804463439103,-0.2167383547023229,-0.29459866151795405,-0.5279942924413784,-0.30426268969845216,-0.8042715075558732,-0.21265007535259978,-1.0,-0.21216474964155982,-0.3087993055650987,-0.129151378563216,-0.8501717764432657,-0.13179994228311506,-0.9819263697453586,-0.12841491569212166,-0.9353777020434526,0.007123569102227597,-0.24792104696596995,0.08141516305019995,-0.930159362732299,0.01366813707302102,-0.9023684535997472,-0.02195165523780731,-0.7089818466654757,0.20127263440934098,-0.22719610456833725,0.2219657409061551,-0.8498644111274489,0.1451060891313609,-0.7966489851447732,0.1258079218714929,-0.6370645467163215,0.35429922082205334,-0.2399020645238128,0.3354627886416835,-0.7354049572391174,0.27166684989487283,-0.6882594236556776,0.2653262378210502,-0.5289903667770617,0.0,0.0,0.0,0.0,0.0,0.0,0.0,0.0,0.0,0.0,0.0,0.0,0.0,0.0,0.0,0.0,0.0,0.0,0.0,0.0,0.0,0.0,0.0,0.0,0.0,0.0,0.0,0.0,0.0,0.0,0.0,0.0,0.0,0.0,0.0,0.0,0.0,0.0,0.0,0.0,0.0,0.0,come
0.0,0.0,-0.1855353936935606,-0.20675414915002305,-0.2646233194095604,-0.5400615153183888,-0.24172766711885352,-0.8157934088171956,-0.14918673525579895,-0.9980003044426238,-0.23690135611280494,-0.2542169780487914,-0.22450203484077202,-0.5935323850841022,-0.19831851414091217,-0.8382263530907642,-0.15158097502227355,-1.0,-0.027756660801669063,-0.21540278206832947,0.052165236234044746,-0.8521530361436074,0.02866763819680425,-0.812766443259506,0.0026121624828191387,-0.6333628821762275,0.165818704417552,-0.22320681056057737,0.18067460903746882,-0.7910502822809916,0.14149205986774654,-0.7215346146786116,0.12845049897250616,-0.5663496881701655,0.3171611620754033,-0.25214587278775424,0.29491110723096003,-0.7138239336673248,0.24639907055457805,-0.6450886241431955,0.24525964926418903,-0.48599049064510497,0.0,0.0,0.0,0.0,0.0,0.0,0.0,0.0,0.0,0.0,0.0,0.0,0.0,0.0,0.0,0.0,0.0,0.0,0.0,0.0,0.0,0.0,0.0,0.0,0.0,0.0,0.0,0.0,0.0,0.0,0.0,0.0,0.0,0.0,0.0,0.0,0.0,0.0,0.0,0.0,0.0,0.0,come
0.0,0.0,-0.1716632348336013,-0.19954396274376365,-0.26306771761816206,-0.48695349443413244,-0.24804641371986796,-0.7267002006616411,-0.1466419790451165,-0.8796399724287056,-0.20234122013474246,-0.27711884347517274,-0.19671182574102228,-0.6137022860031945,-0.17322724099865466,-0.8362344277294445,-0.12395219022093774,-1.0,-0.007708503540007243,-0.23796773668714102,0.05592371708632999,-0.7856478379451688,0.039543420415003964,-0.8374133367389247,0.028271838791901458,-0.7641665893993972,0.16536937836878005,-0.24179071708108166,0.19038779130489547,-0.7513018077042174,0.13613993569030577,-0.7557911089573467,0.10957829127952849,-0.6571159218976608,0.3059630796575981,-0.2605664448950244,0.29621067460449363,-0.6753672527899316,0.23339140041531886,-0.6703511491246639,0.2139390737374674,-0.5727492481748888,0.0,0.0,0.0,0.0,0.0,0.0,0.0,0.0,0.0,0.0,0.0,0.0,0.0,0.0,0.0,0.0,0.0,0.0,0.0,0.0,0.0,0.0,0.0,0.0,0.0,0.0,0.0,0.0,0.0,0.0,0.0,0.0,0.0,0.0,0.0,0.0,0.0,0.0,0.0,0.0,0.0,0.0,come
0.0,0.0,-0.16345429543694573,-0.19592904993152163,-0.2872393982952419,-0.5064885416559323,-0.31602469091739893,-0.7700059492855453,-0.24906707813168807,-0.945174832838146,-0.21835712754318135,-0.32172816314363567,-0.2143771133222022,-0.670255507613301,-0.1973828170457713,-0.8659694080548852,-0.15892233229084693,-1.0,-0.013487309321879472,-0.2842848629515343,0.05274052946379268,-0.8157825220697884,0.04208158136885847,-0.8518268478915727,0.03859432482898003,-0.7704470560084894,0.17165536168363524,-0.2730965867890673,0.2018657683337652,-0.7836606529535677,0.15838093976593445,-0.7628391589163,0.1427755641453375,-0.6340299635879596,0.3249280091207298,-0.2743671249568633,0.3278997614504896,-0.7080021786399284,0.2730709498171355,-0.6827995271738079,0.26331985214002107,-0.5428518215696915,0.0,0.0,0.0,0.0,0.0,0.0,0.0,0.0,0.0,0.0,0.0,0.0,0.0,0.0,0.0,0.0,0.0,0.0,0.0,0.0,0.0,0.0,0.0,0.0,0.0,0.0,0.0,0.0,0.0,0.0,0.0,0.0,0.0,0.0,0.0,0.0,0.0,0.0,0.0,0.0,0.0,0.0,come
0.0,0.0,-0.16725960985573635,-0.17827822397309848,-0.2957723666810777,-0.4777031951658079,-0.3278644119085874,-0.7369342848518713,-0.26370393086554894,-0.9203563142610749,-0.23357527480213156,-0.29121118060514734,-0.23016434943249828,-0.6484233609292664,-0.20912201674135789,-0.8560600156329848,-0.17620821165812456,-1.0,-0.034058988496631346,-0.2528692416834577,0.020090594137199116,-0.7703639428936558,0.029359953918489647,-0.8360153709965228,0.032505083004853635,-0.7931970367903182,0.1558725112062201,-0.24512256204261523,0.18506161421865414,-0.7540754795439677,0.15408682729359727,-0.7449399064305692,0.13806834899382017,-0.6234976607642291,0.3178048984198703,-0.25534594515965164,0.3191875722086249,-0.6908908541961414,0.2733738890565806,-0.6672631639607657,0.26677467761094076,-0.5289412041866342,0.0,0.0,0.0,0.0,0.0,0.0,0.0,0.0,0.0,0.0,0.0,0.0,0.0,0.0,0.0,0.0,0.0,0.0,0.0,0.0,0.0,0.0,0.0,0.0,0.0,0.0,0.0,0.0,0.0,0.0,0.0,0.0,0.0,0.0,0.0,0.0,0.0,0.0,0.0,0.0,0.0,0.0,come
0.0,0.0,-0.13758500819493408,-0.18646324192537728,-0.21496477533064656,-0.4177734809267264,-0.20950109172606254,-0.6292249282540081,-0.13372730373122166,-0.7614755956110763,-0.18164465940168165,-0.3514676264623904,-0.2142649481747295,-0.619124580630539,-0.20354799143477792,-0.8151312329128851,-0.17912027135531866,-0.9642265646604167,-0.0349239447329002,-0.3329424737562129,0.0008371261692994676,-0.6938814742882062,0.01844666540800278,-0.8806384522390813,0.02249177173571327,-1.0,0.11488185833838305,-0.32537113740351975,0.1363866254203371,-0.6932557262397445,0.10653887357610065,-0.780584994862845,0.07531942180020187,-0.7733897524403098,0.24966110689883997,-0.3309772808301333,0.23202167797672218,-0.648137571676106,0.18504090155886527,-0.7075956781668119,0.15348556715351727,-0.6886159442323018,0.0,0.0,0.0,0.0,0.0,0.0,0.0,0.0,0.0,0.0,0.0,0.0,0.0,0.0,0.0,0.0,0.0,0.0,0.0,0.0,0.0,0.0,0.0,0.0,0.0,0.0,0.0,0.0,0.0,0.0,0.0,0.0,0.0,0.0,0.0,0.0,0.0,0.0,0.0,0.0,0.0,0.0,come
0.0,0.0,-0.1475465611989254,-0.21168707612433232,-0.2428301869696599,-0.440404157096194,-0.2417123104593374,-0.6514839329319397,-0.15231673394312534,-0.772087744811558,-0.18331317304773684,-0.3950983323592971,-0.20280239295794428,-0.6764362504587031,-0.1866748440409367,-0.8585178339245507,-0.1601049467451332,-1.0,-0.025616700871196163,-0.3661952784158093,0.013299898972051954,-0.722982046019816,0.029718752689925746,-0.8903980410544962,0.027860042313947748,-0.9967637078616053,0.12373431914864699,-0.3502086249779143,0.145671314858357,-0.7091980736733853,0.1123615396115634,-0.7817130353235386,0.07297774213862122,-0.7620762375923635,0.250757143310183,-0.3417519514703417,0.24164208923984398,-0.6562188818063616,0.19848933770064014,-0.699579578763291,0.17024885494108213,-0.6577431353094944,0.0,0.0,0.0,0.0,0.0,0.0,0.0,0.0,0.0,0.0,0.0,0.0,0.0,0.0,0.0,0.0,0.0,0.0,0.0,0.0,0.0,0.0,0.0,0.0,0.0,0.0,0.0,0.0,0.0,0.0,0.0,0.0,0.0,0.0,0.0,0.0,0.0,0.0,0.0,0.0,0.0,0.0,come
0.0,0.0,-0.1437326233803297,-0.1665873303637924,-0.24057692909315118,-0.404029293888899,-0.2430405182314824,-0.61029332825581,-0.14044877564391256,-0.7149258706343371,-0.18369111192585555,-0.3599075062495625,-0.19582450224628645,-0.6648659013920651,-0.17958779332769315,-0.8575637655687648,-0.1427721477136178,-1.0,-0.022403559127827325,-0.3327981227567801,0.034448047775533855,-0.7427127073800317,0.03611219706192351,-0.7757391161283164,0.027091828225763434,-0.733878581921541,0.12942744396887676,-0.31189362588510616,0.15506466077484898,-0.6960566593992362,0.11835119581752515,-0.6776927247597461,0.08995071246250656,-0.5852286832356878,0.25638432170611986,-0.29567931118533836,0.24653345369944618,-0.6236119241675484,0.20381597488786574,-0.5961575121575851,0.18856539933393515,-0.49238045144494474,0.0,0.0,0.0,0.0,0.0,0.0,0.0,0.0,0.0,0.0,0.0,0.0,0.0,0.0,0.0,0.0,0.0,0.0,0.0,0.0,0.0,0.0,0.0,0.0,0.0,0.0,0.0,0.0,0.0,0.0,0.0,0.0,0.0,0.0,0.0,0.0,0.0,0.0,0.0,0.0,0.0,0.0,come
0.0,0.0,-0.1617033599881813,-0.20808514354018418,-0.26124017564658575,-0.4711213600698751,-0.24936326522825225,-0.6879152106293921,-0.1469027161235455,-0.8053405249976947,-0.18335576651908786,-0.3842015909747417,-0.15934989337000913,-0.6979160984992553,-0.13986347349855213,-0.8744737903506891,-0.10136355286873688,-1.0,-0.01211000683146151,-0.34309761896783536,0.04860427102093049,-0.7924370609110524,0.03753683865007581,-0.8120905372884553,0.024840177309813017,-0.7396041567963503,0.14468866708720227,-0.32307652044045193,0.1697690339853592,-0.7317608171533523,0.1305311785408458,-0.7042273122956278,0.10451463481031993,-0.606101060136184,0.27369787035974874,-0.3086942516174274,0.2628453122794848,-0.6445287037564722,0.21749839853225084,-0.610015269894094,0.20489468224654067,-0.5034033788462436,0.0,0.0,0.0,0.0,0.0,0.0,0.0,0.0,0.0,0.0,0.0,0.0,0.0,0.0,0.0,0.0,0.0,0.0,0.0,0.0,0.0,0.0,0.0,0.0,0.0,0.0,0.0,0.0,0.0,0.0,0.0,0.0,0.0,0.0,0.0,0.0,0.0,0.0,0.0,0.0,0.0,0.0,come
0.0,0.0,-0.15700820617148967,-0.17842127506450706,-0.26154843275350254,-0.44105592397502486,-0.24998286197414823,-0.664029834244707,-0.1435084043263071,-0.7763742677100435,-0.17300854408488828,-0.3536529153917014,-0.1560986790217407,-0.664514776902142,-0.13762354093079907,-0.8522132058125721,-0.1084033799649207,-1.0,-0.005421848178556764,-0.31932169886422784,0.037869843791222144,-0.7365833493172834,0.011499673050321629,-0.6751345825511584,-0.010396607386408357,-0.5462148506014235,0.14090873314558827,-0.29660971764150296,0.1528584957637339,-0.668530499107784,0.1075813317619437,-0.6086136525784016,0.08694126284976864,-0.4893669224791118,0.2581800316724567,-0.2785745132512139,0.24024627054630024,-0.5898827712868707,0.19189141716124586,-0.5372557600500961,0.18374721954284287,-0.42255655029196965,0.0,0.0,0.0,0.0,0.0,0.0,0.0,0.0,0.0,0.0,0.0,0.0,0.0,0.0,0.0,0.0,0.0,0.0,0.0,0.0,0.0,0.0,0.0,0.0,0.0,0.0,0.0,0.0,0.0,0.0,0.0,0.0,0.0,0.0,0.0,0.0,0.0,0.0,0.0,0.0,0.0,0.0,come
0.0,0.0,-0.15508336172058554,-0.1755346291441739,-0.2569332502381994,-0.43391931689899654,-0.24619169070171903,-0.6601121692116856,-0.13595342677540942,-0.7767828538845516,-0.17602831380643782,-0.3600489259477616,-0.16001905595138935,-0.6675639957757925,-0.14567292999311793,-0.8555651997947821,-0.1201201391536189,-1.0,-0.015195208262557268,-0.3256050863809872,0.03672741922770387,-0.7406224114398399,0.016569435526212074,-0.6850153567735979,-0.0013698481746804764,-0.5620556088984932,0.1298429843076499,-0.30307236882438976,0.15123379679459906,-0.6695968149733498,0.10929134355520256,-0.6165648951023808,0.09001413293346873,-0.501428965875834,0.24719519351194177,-0.2869854397596387,0.23577660377219334,-0.5956549757283232,0.19041097058588985,-0.5475534490857153,0.18244183532689437,-0.43339474813554524,0.0,0.0,0.0,0.0,0.0,0.0,0.0,0.0,0.0,0.0,0.0,0.0,0.0,0.0,0.0,0.0,0.0,0.0,0.0,0.0,0.0,0.0,0.0,0.0,0.0,0.0,0.0,0.0,0.0,0.0,0.0,0.0,0.0,0.0,0.0,0.0,0.0,0.0,0.0,0.0,0.0,0.0,come
0.0,0.0,-0.1565072065099606,-0.22661929762260433,-0.25848209560298946,-0.481569910165163,-0.26075303276023254,-0.701233360146798,-0.1486579856699842,-0.7902297792927794,-0.1803240613235529,-0.4270377196658614,-0.1731581650045957,-0.7004723620360939,-0.1556190369337919,-0.8672723345203516,-0.12227320644447112,-1.0,-0.015062330517369566,-0.40788534159753254,0.03291875266368376,-0.7977367032840952,0.03993450542610944,-0.8018810715807819,0.042818200901978215,-0.7386352242621834,0.13782010847396017,-0.3806462798031152,0.1565617810909484,-0.7470930151389887,0.128331746439897,-0.7112367539242297,0.10616824759497437,-0.6068886320640132,0.26640023271616675,-0.3470920505649992,0.26453454355216555,-0.6547931839140534,0.21762870653420188,-0.6442052075319014,0.188724485431506,-0.5554047492069552,0.0,0.0,0.0,0.0,0.0,0.0,0.0,0.0,0.0,0.0,0.0,0.0,0.0,0.0,0.0,0.0,0.0,0.0,0.0,0.0,0.0,0.0,0.0,0.0,0.0,0.0,0.0,0.0,0.0,0.0,0.0,0.0,0.0,0.0,0.0,0.0,0.0,0.0,0.0,0.0,0.0,0.0,come
0.0,0.0,-0.15101285539774917,-0.18690930710623344,-0.24249269309647342,-0.4214496353458698,-0.23678053005420227,-0.6292399317003954,-0.13869465508554182,-0.7266665244162358,-0.18806832482174646,-0.4015419300118181,-0.1857879938373234,-0.6841286344783039,-0.17260453103185067,-0.8589254790404497,-0.14294725596494043,-1.0,-0.04091999334655939,-0.3907861001284618,0.0056497264184752274,-0.7538360334243251,0.0012884979372879276,-0.730478189371856,-0.006576455646234817,-0.6436541840297058,0.09908001150288712,-0.367132439838979,0.11471729424162173,-0.7038147201069206,0.089172349813854,-0.6580310956209013,0.07174489389653511,-0.5591433646720732,0.2197684292303298,-0.33781947547416674,0.21439645486062447,-0.6174118891940268,0.17540108559709539,-0.5924023236607889,0.15432296634823583,-0.5063525324537084,0.0,0.0,0.0,0.0,0.0,0.0,0.0,0.0,0.0,0.0,0.0,0.0,0.0,0.0,0.0,0.0,0.0,0.0,0.0,0.0,0.0,0.0,0.0,0.0,0.0,0.0,0.0,0.0,0.0,0.0,0.0,0.0,0.0,0.0,0.0,0.0,0.0,0.0,0.0,0.0,0.0,0.0,come
0.0,0.0,-0.14821300534357884,-0.1876010386670963,-0.21650693870116686,-0.4165474350682821,-0.18078368791539404,-0.6060003966424998,-0.06554979596950199,-0.679963359108932,-0.1782611017138377,-0.38527924695248655,-0.1632955906575436,-0.668301930927806,-0.14501247482267815,-0.849184779468157,-0.10989736297457836,-1.0,-0.0337376112783307,-0.3670491785848184,0.019778384093248894,-0.7282922598775771,0.005725312587112262,-0.6511834323629769,-0.010072431173511677,-0.5212215294590268,0.10434725727258817,-0.3413166496930181,0.12136139448038215,-0.6705768467106179,0.09668253390761743,-0.5938960972319623,0.08393068556743685,-0.48067777789591787,0.22209633882330315,-0.30797117361338083,0.2062219709433943,-0.5772151535926426,0.17128079469035304,-0.5217607875896202,0.16360486085845827,-0.42826271971937313,0.0,0.0,0.0,0.0,0.0,0.0,0.0,0.0,0.0,0.0,0.0,0.0,0.0,0.0,0.0,0.0,0.0,0.0,0.0,0.0,0.0,0.0,0.0,0.0,0.0,0.0,0.0,0.0,0.0,0.0,0.0,0.0,0.0,0.0,0.0,0.0,0.0,0.0,0.0,0.0,0.0,0.0,come
0.0,0.0,-0.13314563968613946,-0.1751773896174781,-0.21902747728381528,-0.3842701212495553,-0.22715790717913714,-0.5727540208892715,-0.13563320821711122,-0.670404933882315,-0.16294002649110995,-0.4022898702213734,-0.1465106711892376,-0.6880621973251627,-0.13511230909539695,-0.85968982456303,-0.1108619344999774,-1.0,-0.03221601727136932,-0.383346988345534,0.014722034554327055,-0.729626354830224,-0.0026046114926917678,-0.6628826638514551,-0.019127369395699076,-0.5406937518758742,0.09484304075296866,-0.35328224388740237,0.10622761263646804,-0.6595964219618949,0.07985076442960097,-0.597386117777667,0.06838785488063356,-0.4949172065900982,0.20379300314857154,-0.31653005860259975,0.1882454101196967,-0.5702203304783349,0.15171699707160827,-0.5258133037288033,0.14240095673929898,-0.43649978967032127,0.0,0.0,0.0,0.0,0.0,0.0,0.0,0.0,0.0,0.0,0.0,0.0,0.0,0.0,0.0,0.0,0.0,0.0,0.0,0.0,0.0,0.0,0.0,0.0,0.0,0.0,0.0,0.0,0.0,0.0,0.0,0.0,0.0,0.0,0.0,0.0,0.0,0.0,0.0,0.0,0.0,0.0,come
0.0,0.0,-0.13713317835600838,-0.16407822721409934,-0.21662541163415308,-0.38173754875399823,-0.2187524122615165,-0.5655278998950651,-0.13573213686721555,-0.6559262452649499,-0.16826392491849188,-0.37941288887994806,-0.16365179785704628,-0.6725724286637252,-0.15416368618354848,-0.8539003432487321,-0.13068749862574192,-1.0,-0.03721607828148267,-0.3623929072844801,0.005366623984744917,-0.7300208606528041,-0.005089199290578742,-0.6540656752671441,-0.016754018798446985,-0.522523563555284,0.08962115856856342,-0.340380216859094,0.10230316296899628,-0.6624047902309081,0.08191010878509972,-0.5921709628508218,0.0745947283694118,-0.48812196581360523,0.19819351144341776,-0.3150356231084946,0.18406169401225814,-0.5782941141520745,0.1566126725541832,-0.5235932626500748,0.15317971740107797,-0.4351368901393533,0.0,0.0,0.0,0.0,0.0,0.0,0.0,0.0,0.0,0.0,0.0,0.0,0.0,0.0,0.0,0.0,0.0,0.0,0.0,0.0,0.0,0.0,0.0,0.0,0.0,0.0,0.0,0.0,0.0,0.0,0.0,0.0,0.0,0.0,0.0,0.0,0.0,0.0,0.0,0.0,0.0,0.0,come
0.0,0.0,-0.13725327404405419,-0.16842025029081767,-0.21765685391571915,-0.38924912754699986,-0.2087561916019363,-0.5735752279635259,-0.1094536849412736,-0.6559350257045292,-0.174255717850576,-0.3687251397801043,-0.16375637922623737,-0.6696273781380164,-0.1535794026042253,-0.8526124338624339,-0.12844114694735262,-1.0,-0.0436548979323802,-0.34973873316071896,0.0030235656122180946,-0.7274123794513866,-0.006684819317798041,-0.6545831926151076,-0.016921835716161956,-0.5215845341288604,0.08547236763105558,-0.3276211114863597,0.10253585969454763,-0.6616744530751623,0.08231840312957334,-0.5943034916882435,0.07327796071147134,-0.485782768584187,0.2001839890802657,-0.3041652594844084,0.18713295996097415,-0.5814716312056738,0.1588402707418665,-0.5282435551052572,0.15358749390221021,-0.4330143720214642,0.0,0.0,0.0,0.0,0.0,0.0,0.0,0.0,0.0,0.0,0.0,0.0,0.0,0.0,0.0,0.0,0.0,0.0,0.0,0.0,0.0,0.0,0.0,0.0,0.0,0.0,0.0,0.0,0.0,0.0,0.0,0.0,0.0,0.0,0.0,0.0,0.0,0.0,0.0,0.0,0.0,0.0,come
0.0,0.0,-0.16781555156537548,-0.2040139509714697,-0.2765242313996364,-0.47557881214376274,-0.28422365158125174,-0.7101690708371253,-0.19080214731814432,-0.8524277798523733,-0.1995646889932895,-0.4205279298940764,-0.1783102251967201,-0.7376869651549947,-0.16800058809192123,-0.8989186264140481,-0.1429910288030876,-1.0,-0.041200255361587085,-0.39758843180705217,0.007335775890020103,-0.8490437357029934,-0.004310065316216803,-0.811814777877905,-0.012257272326809166,-0.682541887573819,0.11075120916618404,-0.37687076959542404,0.12310421413701424,-0.7682476202402009,0.09367306449557142,-0.714293820115427,0.08142976773723248,-0.5994783758824174,0.24245221473628661,-0.3527556466886847,0.22701354400291587,-0.6720725097214054,0.1869425145737228,-0.6280081013575308,0.17780654570905327,-0.5205530300150489,0.0,0.0,0.0,0.0,0.0,0.0,0.0,0.0,0.0,0.0,0.0,0.0,0.0,0.0,0.0,0.0,0.0,0.0,0.0,0.0,0.0,0.0,0.0,0.0,0.0,0.0,0.0,0.0,0.0,0.0,0.0,0.0,0.0,0.0,0.0,0.0,0.0,0.0,0.0,0.0,0.0,0.0,come
0.0,0.0,-0.14548556441670413,-0.17571713798345326,-0.2526202550209658,-0.3949740911397207,-0.27203347386008686,-0.5939066948977947,-0.1966311312332386,-0.7177253633139393,-0.18256935799003896,-0.3894660528400382,-0.16031684301059473,-0.6863869497527345,-0.14426929819552378,-0.8635492685925851,-0.11925219877538216,-1.0,-0.04585361387031508,-0.3640565283309532,0.007412683531051013,-0.7564109304474326,-0.0048285894758131566,-0.7077391510185066,-0.02100304355843021,-0.588199173844566,0.08760739177934843,-0.3418553304785247,0.10802519369071016,-0.6858818282279919,0.07714599294993234,-0.63991325393098,0.059450514315843334,-0.5379227279782234,0.20390244111045233,-0.31959753285365233,0.19526594472189512,-0.6008402927994273,0.15323608570060834,-0.5763937190855187,0.13382777217509906,-0.4936818302907392,0.0,0.0,0.0,0.0,0.0,0.0,0.0,0.0,0.0,0.0,0.0,0.0,0.0,0.0,0.0,0.0,0.0,0.0,0.0,0.0,0.0,0.0,0.0,0.0,0.0,0.0,0.0,0.0,0.0,0.0,0.0,0.0,0.0,0.0,0.0,0.0,0.0,0.0,0.0,0.0,0.0,0.0,come
0.0,0.0,-0.13876654888955628,-0.174337085274326,-0.24538138841447604,-0.3934376995415417,-0.26036137591750924,-0.577659949078648,-0.16105032191785676,-0.6681258679637055,-0.18126759905996614,-0.4013288229562975,-0.16297129680833725,-0.6757313254775618,-0.14681785536508177,-0.8537099789770424,-0.11915237135687393,-1.0,-0.04567624254281262,-0.3628905088298621,0.013479325144244174,-0.7351872211305772,0.0004636878074909957,-0.6498962781080951,-0.020891243399321587,-0.5139664722558296,0.08678671802625144,-0.33477135609195363,0.113742435901728,-0.6640649646778635,0.08788001934415117,-0.589669890936229,0.071824813736791,-0.47663245599608817,0.20324737860604325,-0.3073928820072758,0.20112956549214567,-0.5875316731151243,0.16626354133346105,-0.5295109492636344,0.15471960877700539,-0.42887615515690486,0.0,0.0,0.0,0.0,0.0,0.0,0.0,0.0,0.0,0.0,0.0,0.0,0.0,0.0,0.0,0.0,0.0,0.0,0.0,0.0,0.0,0.0,0.0,0.0,0.0,0.0,0.0,0.0,0.0,0.0,0.0,0.0,0.0,0.0,0.0,0.0,0.0,0.0,0.0,0.0,0.0,0.0,come
0.0,0.0,-0.1400056893492984,-0.17204386816070383,-0.24691739265389065,-0.38945308133543655,-0.25888300413297227,-0.5733372045042231,-0.1553344009220366,-0.6575268550250578,-0.17641434508520693,-0.383591045854541,-0.1617191423122484,-0.6703643360473112,-0.1483161507320451,-0.8499542968651588,-0.12086736404815547,-1.0,-0.039964009851428735,-0.3521641174256257,0.009666634950460346,-0.7279842850681976,-0.005594200679444303,-0.6437151401999002,-0.025538843261851202,-0.5109654502890048,0.09066477086916185,-0.330863056677513,0.11065490867811663,-0.6622192229072869,0.08315304422992113,-0.586746066436239,0.06768234352271496,-0.47485520410357157,0.20315074011683468,-0.3085928986843319,0.19591602070375244,-0.5839065283448714,0.16017646277548767,-0.5255214768044055,0.14853763421397578,-0.4264764118257259,0.0,0.0,0.0,0.0,0.0,0.0,0.0,0.0,0.0,0.0,0.0,0.0,0.0,0.0,0.0,0.0,0.0,0.0,0.0,0.0,0.0,0.0,0.0,0.0,0.0,0.0,0.0,0.0,0.0,0.0,0.0,0.0,0.0,0.0,0.0,0.0,0.0,0.0,0.0,0.0,0.0,0.0,come
0.0,0.0,-0.16631070014890315,-0.1813811629929392,-0.2890100637504511,-0.4469665652318783,-0.29555350627480853,-0.6832087865293126,-0.19130651786491984,-0.8326165612915446,-0.2052218407856334,-0.404426999442823,-0.17598470320992024,-0.6941966489190351,-0.1554959359260268,-0.8673188725391925,-0.1207444050718316,-1.0,-0.05399708830080369,-0.38294374724349467,-0.006072261571792188,-0.807016282564784,-0.01548758518379237,-0.7337540042776816,-0.029417978152578014,-0.588435328063886,0.09570406849820749,-0.3594112450210082,0.11293507850942017,-0.7268347783527747,0.09721743314221563,-0.6467716224081936,0.08476487268574526,-0.5280564200478647,0.22687155480036333,-0.3280362344788874,0.21606785116322796,-0.6354375636847789,0.18881691827194938,-0.5678048470251863,0.1829165105511075,-0.4566606156045509,0.0,0.0,0.0,0.0,0.0,0.0,0.0,0.0,0.0,0.0,0.0,0.0,0.0,0.0,0.0,0.0,0.0,0.0,0.0,0.0,0.0,0.0,0.0,0.0,0.0,0.0,0.0,0.0,0.0,0.0,0.0,0.0,0.0,0.0,0.0,0.0,0.0,0.0,0.0,0.0,0.0,0.0,come
0.0,0.0,-0.15791084212250578,-0.1873324934998274,-0.26630405494453313,-0.45497846792812435,-0.25948534319790884,-0.6737476262964996,-0.13633955311680143,-0.7817150531352095,-0.19843374252540177,-0.390309153705005,-0.1721645348021349,-0.6796037842663009,-0.1521730025008257,-0.8580593336502718,-0.11879442273718493,-1.0,-0.04424012408620085,-0.36385386470143494,0.012956726164655388,-0.7833955204966863,0.0034504404857375035,-0.718116339883928,-0.015728470195781517,-0.5803340232346822,0.10702274753612379,-0.3409652002661429,0.12849772780750632,-0.7070720490710343,0.11148189529186349,-0.631910418470788,0.09735105627471413,-0.5129936756375185,0.23526516382355814,-0.31357430258870406,0.23039370263597805,-0.620728200744752,0.20148147377441133,-0.5545246163524228,0.19577858275161258,-0.4409662140422937,0.0,0.0,0.0,0.0,0.0,0.0,0.0,0.0,0.0,0.0,0.0,0.0,0.0,0.0,0.0,0.0,0.0,0.0,0.0,0.0,0.0,0.0,0.0,0.0,0.0,0.0,0.0,0.0,0.0,0.0,0.0,0.0,0.0,0.0,0.0,0.0,0.0,0.0,0.0,0.0,0.0,0.0,come
0.0,0.0,-0.15679207622087965,-0.17757573504455695,-0.26755672689702353,-0.4404990421038358,-0.2708080642473782,-0.6622677172009159,-0.1563628082204421,-0.7828711637014188,-0.19356055206271966,-0.37129729603952794,-0.17495666532849166,-0.6669351040393183,-0.15750177256926662,-0.851358265468425,-0.12547904837836993,-1.0,-0.043030974427662724,-0.35150362818383796,0.013654867992734807,-0.7861432289458756,0.0037407831078628793,-0.7150230159861543,-0.014202753038776139,-0.5696287406828116,0.10428056421595203,-0.3331940775458601,0.12443944419288656,-0.7014977307636451,0.10580319519818943,-0.6274001898407643,0.09329116967640147,-0.5110391414853956,0.23028931058489302,-0.30863219167658706,0.22454527680832154,-0.6202615031119925,0.19604281767771092,-0.5582126189814554,0.19011223285422033,-0.4484002478788678,0.0,0.0,0.0,0.0,0.0,0.0,0.0,0.0,0.0,0.0,0.0,0.0,0.0,0.0,0.0,0.0,0.0,0.0,0.0,0.0,0.0,0.0,0.0,0.0,0.0,0.0,0.0,0.0,0.0,0.0,0.0,0.0,0.0,0.0,0.0,0.0,0.0,0.0,0.0,0.0,0.0,0.0,come
0.0,0.0,-0.15433472270499585,-0.1599756783731647,-0.26880276207493053,-0.4104437146940028,-0.28604883331402237,-0.6350770100152658,-0.19270239394734007,-0.7661673262878875,-0.1834215792693958,-0.3883184537421562,-0.15774767811297513,-0.686741156095449,-0.13857368853275442,-0.8619912836493214,-0.10724625418488502,-1.0,-0.03175519718507406,-0.3630411892289648,0.018695662558517245,-0.7612859767984079,0.008970823195087296,-0.6905156835363015,-0.005098343527479474,-0.5567914560249132,0.1135407328808474,-0.33324592589882285,0.13166926348056404,-0.6794695690000386,0.11527058699174102,-0.6086428674517074,0.10483556222291335,-0.4936662641859217,0.23740227645548623,-0.29700080699422093,0.2262951799881695,-0.5956405033855136,0.1987482442285684,-0.5313673266944338,0.1945243561832629,-0.41528695047657377,0.0,0.0,0.0,0.0,0.0,0.0,0.0,0.0,0.0,0.0,0.0,0.0,0.0,0.0,0.0,0.0,0.0,0.0,0.0,0.0,0.0,0.0,0.0,0.0,0.0,0.0,0.0,0.0,0.0,0.0,0.0,0.0,0.0,0.0,0.0,0.0,0.0,0.0,0.0,0.0,0.0,0.0,come
0.0,0.0,-0.15003269821436033,-0.1501726536199365,-0.2727374673206645,-0.39177847576480845,-0.3135131978450895,-0.6065299768872207,-0.22399535428603362,-0.7469243792751216,-0.18901027866732248,-0.35800466887205507,-0.16150073476587928,-0.6633251894054765,-0.14390549586753976,-0.8577290372729437,-0.1140553488388484,-1.0,-0.03614751098373044,-0.33874393547552367,0.008708322362608345,-0.7627171888899573,0.00021584848971503972,-0.7211081447501368,-0.010012726880046638,-0.5979629943811429,0.11035609588858342,-0.32134566619024774,0.12302533243184599,-0.6877886894887952,0.10112709410792776,-0.6254972066814106,0.089208985137038,-0.5102711157718163,0.2349670022407968,-0.30487372045267014,0.22310905395683633,-0.6122444869904402,0.19470515473882458,-0.5528621132158681,0.18994125900459485,-0.4406624320926807,0.0,0.0,0.0,0.0,0.0,0.0,0.0,0.0,0.0,0.0,0.0,0.0,0.0,0.0,0.0,0.0,0.0,0.0,0.0,0.0,0.0,0.0,0.0,0.0,0.0,0.0,0.0,0.0,0.0,0.0,0.0,0.0,0.0,0.0,0.0,0.0,0.0,0.0,0.0,0.0,0.0,0.0,come
0.0,0.0,-0.14626905478504396,-0.1593923088071743,-0.2622722104322629,-0.40879427481125136,-0.2988978394076388,-0.6244680199359607,-0.21741169193193244,-0.7710113759687702,-0.18347690465672126,-0.3711688096944511,-0.16200059865655891,-0.6752534702905476,-0.14695848102602363,-0.8602483079983405,-0.11915855384098945,-1.0,-0.03423311945389772,-0.34741404771023826,0.012512644254067453,-0.7564075426742018,0.00786097820083284,-0.7245074157211595,0.001225577476966415,-0.6144905766377515,0.11096774177482245,-0.32678953237551606,0.1288691666471597,-0.6902803973844386,0.10755908496191657,-0.6370335820430924,0.09760878540951445,-0.5246774003164613,0.23582922151238975,-0.31028538784926407,0.22391735053134504,-0.6174701630467535,0.19348622317936437,-0.5693540137133192,0.18924644479186226,-0.457504100199768,0.0,0.0,0.0,0.0,0.0,0.0,0.0,0.0,0.0,0.0,0.0,0.0,0.0,0.0,0.0,0.0,0.0,0.0,0.0,0.0,0.0,0.0,0.0,0.0,0.0,0.0,0.0,0.0,0.0,0.0,0.0,0.0,0.0,0.0,0.0,0.0,0.0,0.0,0.0,0.0,0.0,0.0,come
0.0,0.0,-0.16023104464159865,-0.14977527331489726,-0.2876228601830768,-0.4104664170585818,-0.31908447202132917,-0.6454152381368331,-0.23101312626185425,-0.7962329990887849,-0.18553686748470885,-0.3305737975037868,-0.15100499183082766,-0.6507371114680092,-0.13216961504636476,-0.8541413137776119,-0.10805281374882623,-1.0,-0.02203728537311181,-0.3007429182308531,0.012779469073280354,-0.731275175046603,0.0029855198194245645,-0.7620587108390922,-0.015412984914327915,-0.6970252003581333,0.13248563694729049,-0.28324843217403217,0.14224993200628122,-0.6856523823609404,0.11598475253264195,-0.6777819853371794,0.09545486805248123,-0.5773775964170784,0.2640944278899316,-0.2775049481560302,0.23950861882423474,-0.6213231279889939,0.20389541970487748,-0.6028045175622316,0.1950228597860332,-0.49714649718198295,0.0,0.0,0.0,0.0,0.0,0.0,0.0,0.0,0.0,0.0,0.0,0.0,0.0,0.0,0.0,0.0,0.0,0.0,0.0,0.0,0.0,0.0,0.0,0.0,0.0,0.0,0.0,0.0,0.0,0.0,0.0,0.0,0.0,0.0,0.0,0.0,0.0,0.0,0.0,0.0,0.0,0.0,come
0.0,0.0,-0.15352240267689546,-0.14210770540159262,-0.27130323769106107,-0.39531450023900855,-0.30504354618693963,-0.6201119259423348,-0.22466229844586166,-0.7702806309824999,-0.18181541546676616,-0.3071017010411444,-0.1667023819239603,-0.6360851569877931,-0.1454245607489711,-0.8412393466323116,-0.1166029310606149,-1.0,-0.023948187615860837,-0.27609565004488695,0.017647223420503434,-0.7252577211411783,-0.0012820183978267713,-0.6797460680183278,-0.025572396264471674,-0.5516867006330811,0.12546933112590503,-0.25860885380839677,0.1400276317170139,-0.6709792354059064,0.10243543855149176,-0.6130510312343332,0.08425015448111833,-0.48380991244126803,0.2488971796994322,-0.2548210933765492,0.2381756071399424,-0.5959914190110877,0.1962332256823402,-0.5404103951218944,0.18721432652061887,-0.4189838057152184,0.0,0.0,0.0,0.0,0.0,0.0,0.0,0.0,0.0,0.0,0.0,0.0,0.0,0.0,0.0,0.0,0.0,0.0,0.0,0.0,0.0,0.0,0.0,0.0,0.0,0.0,0.0,0.0,0.0,0.0,0.0,0.0,0.0,0.0,0.0,0.0,0.0,0.0,0.0,0.0,0.0,0.0,come
0.0,0.0,-0.15149284493061183,-0.14215986680604412,-0.27695424502079813,-0.3999114932974952,-0.3132992634628049,-0.6232259876580506,-0.2337976630404735,-0.7747093847197867,-0.18196747087082057,-0.3029581627370919,-0.17105366599474045,-0.6358089160355063,-0.1488370606536852,-0.8396293076158454,-0.1157541230616414,-1.0,-0.02221438917428192,-0.2799193595231369,0.020758250963857586,-0.730615130913637,0.012599607948433764,-0.6926920850886735,-0.005828401973461519,-0.5736195438848843,0.12891243831766347,-0.27109714951964003,0.14012810843634038,-0.6737968138986783,0.11250487265089237,-0.6164333198574842,0.09523078577575518,-0.49150753228430105,0.25472026026662586,-0.2707955175577562,0.237304455358353,-0.6095321765253817,0.20348703344149005,-0.554187493774321,0.19793635215683184,-0.42970540611722685,0.0,0.0,0.0,0.0,0.0,0.0,0.0,0.0,0.0,0.0,0.0,0.0,0.0,0.0,0.0,0.0,0.0,0.0,0.0,0.0,0.0,0.0,0.0,0.0,0.0,0.0,0.0,0.0,0.0,0.0,0.0,0.0,0.0,0.0,0.0,0.0,0.0,0.0,0.0,0.0,0.0,0.0,come
0.0,0.0,-0.16042696917616034,-0.14725891029826405,-0.28720993159475283,-0.42149768355180267,-0.31441197252859326,-0.6583673212450555,-0.24576261261393148,-0.83346899219132,-0.23443790386569188,-0.3218184337940855,-0.21435551306863265,-0.6647711025161303,-0.18985188785404278,-0.8667422550015664,-0.15899998926440692,-1.0,-0.05259220654500312,-0.2797188055383949,-0.0029393565866279404,-0.7888242964038691,-0.017890011896989057,-0.7758918105968111,-0.034976074266880985,-0.6517861586974407,0.1216145063237523,-0.25362057876558247,0.1537821250423324,-0.7125352200650187,0.1157120040521984,-0.6691536643995046,0.09653591690260573,-0.5357151222540061,0.2675176820097811,-0.23658734039344972,0.26250416004231775,-0.6239006996678798,0.22336718949004958,-0.5759306539244936,0.2200150005514191,-0.44068218838233153,0.0,0.0,0.0,0.0,0.0,0.0,0.0,0.0,0.0,0.0,0.0,0.0,0.0,0.0,0.0,0.0,0.0,0.0,0.0,0.0,0.0,0.0,0.0,0.0,0.0,0.0,0.0,0.0,0.0,0.0,0.0,0.0,0.0,0.0,0.0,0.0,0.0,0.0,0.0,0.0,0.0,0.0,come
0.0,0.0,-0.16834186009805863,-0.1896932877991698,-0.28273928306814744,-0.47497288157062706,-0.3262034148612009,-0.6855282589616482,-0.29359809029959455,-0.7742140682067454,-0.25624276799995177,-0.3223509139840617,-0.24521670113228866,-0.615506664749862,-0.21628518232933988,-0.8336891318181864,-0.1744203844131612,-1.0,-0.05421599841562021,-0.288327966615429,0.0005840892480328458,-0.7441719253129804,0.017223846926393695,-0.7808531824821481,0.01516382647824343,-0.7295071131212986,0.14363091390363633,-0.2798817948127647,0.16586890564194023,-0.7186871362636987,0.14926169510541254,-0.6921326897963328,0.1364077103802009,-0.5723938912910383,0.31320906273279375,-0.28240740275316145,0.2989184798398731,-0.6479055223074843,0.2675616334794729,-0.6004920021996338,0.2665138417087978,-0.47460091423539097,0.0,0.0,0.0,0.0,0.0,0.0,0.0,0.0,0.0,0.0,0.0,0.0,0.0,0.0,0.0,0.0,0.0,0.0,0.0,0.0,0.0,0.0,0.0,0.0,0.0,0.0,0.0,0.0,0.0,0.0,0.0,0.0,0.0,0.0,0.0,0.0,0.0,0.0,0.0,0.0,0.0,0.0,come
0.0,0.0,-0.1761154792575411,-0.20235552014649538,-0.26696700124223727,-0.5103227338931535,-0.27041613071249554,-0.7554752427343637,-0.20546148876742681,-0.8975102941997306,-0.23859252990643048,-0.3194417015772133,-0.24038254800559972,-0.6094912133551895,-0.20716978402392264,-0.8321094930906027,-0.16187805850554576,-1.0,-0.038277077230714475,-0.28841956031859145,0.0041209337879776564,-0.7212475135856404,0.020763233781645074,-0.7994366254998797,0.022593299828219334,-0.7892361629961472,0.15536576165814522,-0.2821065020095309,0.17011003924448545,-0.7248333066764183,0.1472315229408409,-0.7248520791517644,0.127830920569652,-0.6206628385834941,0.32065915917832627,-0.28926882710324936,0.3025633689935275,-0.6602522369907372,0.2641263502728642,-0.6312252344118996,0.2541733089941933,-0.5074190074066176,0.0,0.0,0.0,0.0,0.0,0.0,0.0,0.0,0.0,0.0,0.0,0.0,0.0,0.0,0.0,0.0,0.0,0.0,0.0,0.0,0.0,0.0,0.0,0.0,0.0,0.0,0.0,0.0,0.0,0.0,0.0,0.0,0.0,0.0,0.0,0.0,0.0,0.0,0.0,0.0,0.0,0.0,come
0.0,0.0,-0.17975315015777862,-0.16236346590509768,-0.2837333309169637,-0.4511717256459774,-0.27992091840906813,-0.6468910383774019,-0.2478751049242225,-0.7011103955317199,-0.20968257742954552,-0.3626457391372765,-0.17642353272950612,-0.7031253384206755,-0.15923120988955275,-0.8905903913060198,-0.13456324339281286,-1.0,-0.03092496420752431,-0.29529621229634534,0.02348357701095367,-0.767280616103542,-0.008145854725203516,-0.697384176697916,-0.026008388633573895,-0.5403728959350621,0.13749217074127001,-0.24777454563778237,0.1708469125204931,-0.6850673216796539,0.11726362047908655,-0.61838214915749,0.09308839448590335,-0.48626780065127057,0.2850894447226707,-0.2088640690398069,0.2885889078907877,-0.567927466476186,0.23865271331055757,-0.5236104364184627,0.226238724651877,-0.417435521606544,0.0,0.0,0.0,0.0,0.0,0.0,0.0,0.0,0.0,0.0,0.0,0.0,0.0,0.0,0.0,0.0,0.0,0.0,0.0,0.0,0.0,0.0,0.0,0.0,0.0,0.0,0.0,0.0,0.0,0.0,0.0,0.0,0.0,0.0,0.0,0.0,0.0,0.0,0.0,0.0,0.0,0.0,come
0.0,0.0,-0.22309936864006283,-0.10272907432781378,-0.3710577100662256,-0.35392034324019317,-0.3596581482846602,-0.6255876851557679,-0.2484874468622389,-0.8155330390149015,-0.2654390650350816,-0.7200614109955253,-0.23784704327095693,-0.8549440806461828,-0.2186330541980653,-0.941687906755766,-0.20242363570793953,-1.0,-0.038539135863348346,-0.8106590579496051,-0.007247907147931446,-0.4542479339105762,-0.06874396018778367,-0.2185514413804013,-0.11461963789876672,-0.11631919832895106,0.17199888073850061,-0.7248760372843388,0.19120690783607588,-0.24409572335586607,0.11419607267462427,-0.11049050628299456,0.06159316699333875,-0.12075967754457768,0.3453271494842096,-0.5845632005155387,0.32409629040596283,-0.1796080835906036,0.2633666824151141,-0.07587554257287588,0.23787672065919838,-0.12042845669366867,0.0,0.0,0.0,0.0,0.0,0.0,0.0,0.0,0.0,0.0,0.0,0.0,0.0,0.0,0.0,0.0,0.0,0.0,0.0,0.0,0.0,0.0,0.0,0.0,0.0,0.0,0.0,0.0,0.0,0.0,0.0,0.0,0.0,0.0,0.0,0.0,0.0,0.0,0.0,0.0,0.0,0.0,come
0.0,0.0,-0.2014413830561897,-0.1506876671667896,-0.32593871211083547,-0.4405716069020125,-0.3288782977256178,-0.7100874022949393,-0.23984441655871036,-0.898277746274069,-0.24188217873682438,-0.2654122900267783,-0.21987928902059017,-0.6573571890999524,-0.19318089249041595,-0.8762686510919251,-0.17440089611440804,-1.0,-0.03786586580804079,-0.23651399941826579,-0.0025739144327177436,-0.7528938344070294,-0.027010700705414798,-0.8089064005883233,-0.06166845346475983,-0.7398007526440362,0.14852376479072799,-0.22778730912268927,0.15905071716005387,-0.7063052272362638,0.10413866215119358,-0.7729381662554887,0.05499374150556337,-0.730791544409586,0.3025822410397021,-0.2240168680359159,0.2764114219385108,-0.628586843915834,0.21646312362393794,-0.6837857042763784,0.18106951543434763,-0.6493719955672664,0.0,0.0,0.0,0.0,0.0,0.0,0.0,0.0,0.0,0.0,0.0,0.0,0.0,0.0,0.0,0.0,0.0,0.0,0.0,0.0,0.0,0.0,0.0,0.0,0.0,0.0,0.0,0.0,0.0,0.0,0.0,0.0,0.0,0.0,0.0,0.0,0.0,0.0,0.0,0.0,0.0,0.0,come
0.0,0.0,-0.27595306029505456,-0.12569931114119615,-0.45718539086764354,-0.4136615159870988,-0.4798786284542486,-0.6736102124313132,-0.40091790808911365,-0.8853817218483714,-0.32502320667755036,-0.09638890409731624,-0.2908009787867325,-0.5996014424225532,-0.24240852338337182,-0.8613820976347853,-0.20744187753842477,-1.0,-0.0587399582901967,-0.041107549573942824,0.02385108281237557,-0.6593545930556661,-0.003368545681691487,-0.7305346992713228,-0.05999766066735685,-0.642685603647368,0.1864667429023652,-0.029175086605080832,0.23913579079397945,-0.628215649139922,0.1819804815043402,-0.6808795641873059,0.11463383222505376,-0.5955041884008919,0.40617720693637016,-0.03250956886597117,0.40660743260731064,-0.5081251368758462,0.3520617857569483,-0.5516942741100581,0.30598688729393964,-0.4822910652424942,0.0,0.0,0.0,0.0,0.0,0.0,0.0,0.0,0.0,0.0,0.0,0.0,0.0,0.0,0.0,0.0,0.0,0.0,0.0,0.0,0.0,0.0,0.0,0.0,0.0,0.0,0.0,0.0,0.0,0.0,0.0,0.0,0.0,0.0,0.0,0.0,0.0,0.0,0.0,0.0,0.0,0.0,come
0.0,0.0,-0.247533778820813,-0.21410885114374836,-0.403846702889128,-0.5151090437280585,-0.4169803299265117,-0.7729324568930389,-0.3094614439462861,-0.9089302019435962,-0.27494044680598145,-0.17526002775082808,-0.2519092320557882,-0.5820427329530442,-0.2519037815564446,-0.8396333319317764,-0.2261048811038455,-1.0,-0.057599968646651394,-0.09802619250436949,0.009236130685325023,-0.7150998038339331,-0.0365269106725449,-0.8363004813569563,-0.07467832969707162,-0.8028473927666163,0.13240924010176341,-0.09216534842446827,0.19054193017235518,-0.7002651019061694,0.1234094274951218,-0.7673952686551127,0.07798509573931871,-0.6999539043484084,0.30914804023402886,-0.1434143173716758,0.3201463692666587,-0.6505230662536745,0.23951168197737888,-0.7025727395092163,0.17744866278487295,-0.6293522886127648,0.0,0.0,0.0,0.0,0.0,0.0,0.0,0.0,0.0,0.0,0.0,0.0,0.0,0.0,0.0,0.0,0.0,0.0,0.0,0.0,0.0,0.0,0.0,0.0,0.0,0.0,0.0,0.0,0.0,0.0,0.0,0.0,0.0,0.0,0.0,0.0,0.0,0.0,0.0,0.0,0.0,0.0,come
0.0,0.0,-0.36462540880119504,-0.1617133972419779,-0.6050986809708166,-0.42102154708735307,-0.6093247338145862,-0.6586228061982108,-0.43068774546339483,-0.877401895655699,-0.42370834071987135,-0.6592493117017376,-0.5241900383083334,-0.7978874818990106,-0.48537719634339366,-0.8864757413383708,-0.43395894927529327,-1.0,-0.13116744153833151,-0.5413468216282916,-0.18988549436430976,-0.8334496117381461,-0.2361072722293493,-0.8940255774366521,-0.24278120788481958,-0.8939617196241729,0.11755762611600264,-0.42653682880197025,0.0577582794354334,-0.812259937514654,-0.018749733925781338,-0.8446822327232847,-0.04573649026025394,-0.791470565996255,0.3338121080766472,-0.32811065383410565,0.26181020060248733,-0.748111429023471,0.17342193366539396,-0.7854580829058673,0.12282224208909721,-0.7280699246223652,0.0,0.0,0.0,0.0,0.0,0.0,0.0,0.0,0.0,0.0,0.0,0.0,0.0,0.0,0.0,0.0,0.0,0.0,0.0,0.0,0.0,0.0,0.0,0.0,0.0,0.0,0.0,0.0,0.0,0.0,0.0,0.0,0.0,0.0,0.0,0.0,0.0,0.0,0.0,0.0,0.0,0.0,come
0.0,0.0,-0.2442260604475807,-0.1266566317597596,-0.44618500074526624,-0.3715914879925641,-0.487452137905107,-0.580763365997234,-0.36707779801352663,-0.7483612070603383,-0.36661795287322485,-0.3917347232669244,-0.38582059581514977,-0.6025049595523674,-0.3550191880835817,-0.8206572239365109,-0.3050419496972662,-1.0,-0.10245609199670526,-0.37379038384527985,-0.05810337953023143,-0.767272518645351,-0.09141663728366736,-0.8725427475790378,-0.12397410567327816,-0.9099998010701273,0.14019568356772943,-0.35299298642462185,0.15607677424544314,-0.7522668635591898,0.0897349590997299,-0.8335005977986824,0.04382670152071797,-0.8525779725816974,0.35920478792489907,-0.3232293295284872,0.32871056827921913,-0.7135937431077286,0.25629043646078964,-0.746392377929855,0.20927062218056547,-0.728296390518368,0.0,0.0,0.0,0.0,0.0,0.0,0.0,0.0,0.0,0.0,0.0,0.0,0.0,0.0,0.0,0.0,0.0,0.0,0.0,0.0,0.0,0.0,0.0,0.0,0.0,0.0,0.0,0.0,0.0,0.0,0.0,0.0,0.0,0.0,0.0,0.0,0.0,0.0,0.0,0.0,0.0,0.0,come
0.0,0.0,-0.23480975321993905,-0.18275574412244497,-0.42467692759927683,-0.4913499565591648,-0.4575286829902544,-0.7803009857959504,-0.3688129415565263,-1.0,-0.30498212705591526,-0.22976941243511464,-0.21729271297546646,-0.6725792519347725,-0.20567417066128388,-0.8636702690121374,-0.20247116150560115,-0.9496357190010013,-0.06771603538672376,-0.20089956639425016,-0.010939340341386775,-0.8399054735452336,-0.04677752774494912,-0.9423149851819599,-0.08272331398393593,-0.8857468412593629,0.13038909645069316,-0.2267656743161329,0.1405854028761244,-0.8167361084636391,0.07357565728090469,-0.878367918792726,0.016657503626757948,-0.7997164306682264,0.2927282750677697,-0.274559622295482,0.26168312669675087,-0.7512400201453111,0.19723154968407577,-0.7793912865509983,0.1552279991733199,-0.6894456829039747,0.0,0.0,0.0,0.0,0.0,0.0,0.0,0.0,0.0,0.0,0.0,0.0,0.0,0.0,0.0,0.0,0.0,0.0,0.0,0.0,0.0,0.0,0.0,0.0,0.0,0.0,0.0,0.0,0.0,0.0,0.0,0.0,0.0,0.0,0.0,0.0,0.0,0.0,0.0,0.0,0.0,0.0,come
0.0,0.0,-0.23885250467072539,-0.20035126278867138,-0.43339207034530036,-0.5143654940429973,-0.483323580424872,-0.7604802488453936,-0.37802325890823457,-0.9596147912934675,-0.27902443162851087,-0.36818700501574386,-0.1844711916824597,-0.9265544076603321,-0.23239780062912188,-1.0,-0.2810908538093912,-0.9481742476318349,-0.06612458763113402,-0.27741276460308123,-0.011543561776221997,-0.9041533689426469,-0.08305934291305192,-0.9727636967325869,-0.13691542160097528,-0.8888484603534391,0.12910541018994065,-0.2511096842560656,0.155438263035546,-0.8475181724217609,0.07804241342723878,-0.8951520623778636,0.013312917654801843,-0.8092481284822955,0.3045053431096031,-0.26853818876238356,0.2854542374301433,-0.7473192236280872,0.22438214819906682,-0.7805216194447614,0.1754289149979357,-0.6918135377395401,0.0,0.0,0.0,0.0,0.0,0.0,0.0,0.0,0.0,0.0,0.0,0.0,0.0,0.0,0.0,0.0,0.0,0.0,0.0,0.0,0.0,0.0,0.0,0.0,0.0,0.0,0.0,0.0,0.0,0.0,0.0,0.0,0.0,0.0,0.0,0.0,0.0,0.0,0.0,0.0,0.0,0.0,come
0.0,0.0,-0.22841550737226515,-0.17772671401238463,-0.4022781266636525,-0.506872625026823,-0.451169218579222,-0.7846672510318109,-0.34932524829579964,-1.0,-0.24030696854114852,-0.39801864848008317,-0.15508705166669437,-0.92595982766771,-0.20985993448459073,-0.9844105949043043,-0.2607534140095077,-0.9152960875777009,-0.019328391831873872,-0.3274733175549466,0.00898652766483307,-0.898998265116489,-0.05608202966326156,-0.9599723073211662,-0.10384002331125995,-0.8833059230712585,0.1730009842356021,-0.30294027519005723,0.17288234280274087,-0.8488428963079155,0.10107814577297335,-0.890013980949274,0.039074074220707904,-0.8143949141756585,0.3380730519776168,-0.3089119379675548,0.3005945004746977,-0.7595139475607506,0.249780599129998,-0.7755628737568054,0.21652562984875923,-0.6900404806152568,0.0,0.0,0.0,0.0,0.0,0.0,0.0,0.0,0.0,0.0,0.0,0.0,0.0,0.0,0.0,0.0,0.0,0.0,0.0,0.0,0.0,0.0,0.0,0.0,0.0,0.0,0.0,0.0,0.0,0.0,0.0,0.0,0.0,0.0,0.0,0.0,0.0,0.0,0.0,0.0,0.0,0.0,come
0.0,0.0,-0.1630338401376017,-0.25252926099250134,-0.28219443629032237,-0.5254220137046763,-0.31863197588379866,-0.7736329190158504,-0.24128069172032648,-0.9517020793905012,-0.17177687244354672,-0.4341060798558885,-0.0969964100360442,-0.7855345693453871,-0.07455371434313825,-0.9450600515143623,-0.058577710233927056,-1.0,0.005435658225731953,-0.38599538669696504,0.059865102971600415,-0.8179349441733442,0.05473115373845188,-0.9605864066342403,0.03576743785878947,-0.9859709981647979,0.16459204817271372,-0.3623203240177379,0.19610781409969594,-0.7754182248552718,0.15906032804207884,-0.9002716546733067,0.11429244927779868,-0.9214150664704082,0.29561069374182336,-0.3500372239881499,0.30121142922161176,-0.6890070439956529,0.26035049538331617,-0.7752981474741432,0.2237109226815914,-0.7730947858204235,0.0,0.0,0.0,0.0,0.0,0.0,0.0,0.0,0.0,0.0,0.0,0.0,0.0,0.0,0.0,0.0,0.0,0.0,0.0,0.0,0.0,0.0,0.0,0.0,0.0,0.0,0.0,0.0,0.0,0.0,0.0,0.0,0.0,0.0,0.0,0.0,0.0,0.0,0.0,0.0,0.0,0.0,come
0.0,0.0,-0.14140821538687184,-0.21000900208631587,-0.25476913953021224,-0.45538249301461486,-0.28664024495877855,-0.6890341409703336,-0.22719958592528589,-0.8547282209560492,-0.13503799050476514,-0.4147806392437822,-0.10162165092098677,-0.7160567673476155,-0.08686078013121577,-0.8866415203429083,-0.07922069778391379,-1.0,0.010545619958911375,-0.37709006231314296,0.04081324869033992,-0.7341225835456316,0.03932753246118315,-0.896349744338623,0.020973692013863426,-0.9892151392347482,0.14561103122246633,-0.3482721202092055,0.1645285914551389,-0.700377619984419,0.14043605383396413,-0.8259551298606749,0.10298769360596795,-0.8794689725611733,0.2615810724492583,-0.32220008013663615,0.2636508083278332,-0.6194521587470626,0.23165014512808577,-0.7256113075556945,0.19533283805916293,-0.7661793636470885,0.0,0.0,0.0,0.0,0.0,0.0,0.0,0.0,0.0,0.0,0.0,0.0,0.0,0.0,0.0,0.0,0.0,0.0,0.0,0.0,0.0,0.0,0.0,0.0,0.0,0.0,0.0,0.0,0.0,0.0,0.0,0.0,0.0,0.0,0.0,0.0,0.0,0.0,0.0,0.0,0.0,0.0,come
0.0,0.0,-0.15764137575679504,-0.19748621081353274,-0.2882811237455061,-0.45544950991299055,-0.32524492639911934,-0.7110676519152623,-0.24098649772229574,-0.8873003641984706,-0.1559852681133114,-0.41382736289859823,-0.10859473258932231,-0.7548794397667256,-0.09790825945920625,-0.9208536999519867,-0.09102795311091073,-1.0,0.006294426943660487,-0.3673022378883515,0.05197463492323727,-0.778461466396543,0.04957596055882801,-0.8857114751794644,0.03396870937898891,-0.8940475214596044,0.15604569461197054,-0.3332418348108159,0.1846270771608914,-0.7386488353846334,0.1609188106753481,-0.8283821858934574,0.13030681671799796,-0.8271542163877601,0.28164943262328296,-0.30478821449064913,0.2878481842773998,-0.6438220931458082,0.2621177379878913,-0.7332139636738374,0.24179803965196212,-0.7436796927148596,0.0,0.0,0.0,0.0,0.0,0.0,0.0,0.0,0.0,0.0,0.0,0.0,0.0,0.0,0.0,0.0,0.0,0.0,0.0,0.0,0.0,0.0,0.0,0.0,0.0,0.0,0.0,0.0,0.0,0.0,0.0,0.0,0.0,0.0,0.0,0.0,0.0,0.0,0.0,0.0,0.0,0.0,come
0.0,0.0,-0.14025359111780242,-0.24158667529164457,-0.24183134873533174,-0.4807409567900962,-0.2642656310809845,-0.7112769526882309,-0.21598178694127748,-0.8675882037836354,-0.13886850556372848,-0.46022170193876677,-0.1318602329979535,-0.7193900063804833,-0.10709493417865176,-0.8765747129885637,-0.08430820293643433,-1.0,0.007900260602589434,-0.42941910244338094,0.023227871504302635,-0.7213425401736586,0.037702875982995966,-0.883152435306047,0.03374187988629855,-0.9973202852596715,0.14071800734770457,-0.40283154906309265,0.1521587522492748,-0.6810234895330951,0.14289260049261215,-0.8209744930692773,0.11413431490994518,-0.9019077909848977,0.2546794623449997,-0.3769133728046681,0.2534414235449542,-0.6247029280505638,0.23366975747985913,-0.7356368525420004,0.20488422467420264,-0.797685728985662,0.0,0.0,0.0,0.0,0.0,0.0,0.0,0.0,0.0,0.0,0.0,0.0,0.0,0.0,0.0,0.0,0.0,0.0,0.0,0.0,0.0,0.0,0.0,0.0,0.0,0.0,0.0,0.0,0.0,0.0,0.0,0.0,0.0,0.0,0.0,0.0,0.0,0.0,0.0,0.0,0.0,0.0,come
0.0,0.0,-0.1381303761538493,-0.19268048926896822,-0.2566459398931152,-0.41609593327140937,-0.2964243016148315,-0.6334412527266182,-0.2524953136071731,-0.7945648765609363,-0.1461362687893747,-0.43844225622224176,-0.12748069351787336,-0.7167029457261326,-0.1183659495958484,-0.8713853109175318,-0.11542884760929115,-0.9844722136385295,-0.014158390292897845,-0.4270845516741083,0.010456720212222258,-0.7376352728029021,0.012535389718106475,-0.8952635006569369,-0.004150057410872068,-1.0,0.11002726504435632,-0.4097611680415998,0.12838395335406466,-0.7180291072893831,0.114428879011195,-0.8351934789623172,0.08449399017621019,-0.8962469718780023,0.21751427535100729,-0.38844769466791124,0.22381069840109696,-0.6468869563317843,0.20126993395132886,-0.7430361727177529,0.17447990027847574,-0.7881133781667569,0.0,0.0,0.0,0.0,0.0,0.0,0.0,0.0,0.0,0.0,0.0,0.0,0.0,0.0,0.0,0.0,0.0,0.0,0.0,0.0,0.0,0.0,0.0,0.0,0.0,0.0,0.0,0.0,0.0,0.0,0.0,0.0,0.0,0.0,0.0,0.0,0.0,0.0,0.0,0.0,0.0,0.0,come
0.0,0.0,-0.18590361386100468,-0.18548654310400817,-0.33303189387276133,-0.4514797136563634,-0.36730503765332956,-0.6961380156073353,-0.27787026141020826,-0.857072011924013,-0.21186891731678884,-0.48225488458519694,-0.1601298519735937,-0.8441124084811084,-0.15437975207475846,-0.9630635752884957,-0.15029669678859645,-1.0,-0.03320356575544985,-0.4517524402285729,0.026999930648742485,-0.9008191704488787,0.01840367715778732,-0.9405219397656808,-0.000921793797795951,-0.8828863663133422,0.13387489693632565,-0.41572308593281293,0.1600223850447866,-0.8522509987131489,0.1367543501401886,-0.823600122850799,0.11371721089056921,-0.713385012863007,0.27647498015783467,-0.3815794253532786,0.27727939970432147,-0.7393410970047962,0.24613119056294508,-0.7075179515179669,0.23496976615416454,-0.59873417442832,0.0,0.0,0.0,0.0,0.0,0.0,0.0,0.0,0.0,0.0,0.0,0.0,0.0,0.0,0.0,0.0,0.0,0.0,0.0,0.0,0.0,0.0,0.0,0.0,0.0,0.0,0.0,0.0,0.0,0.0,0.0,0.0,0.0,0.0,0.0,0.0,0.0,0.0,0.0,0.0,0.0,0.0,come
0.0,0.0,-0.1631263521529765,-0.2022230142667717,-0.2914399369909175,-0.4393240979831112,-0.3155920062211499,-0.6601400257220622,-0.24325742998713898,-0.8113767783615644,-0.15183855418083209,-0.4481334057804851,-0.11261677118331456,-0.7529772289961417,-0.10208144322702212,-0.8991635344904938,-0.08799462628236443,-1.0,0.001735117593691116,-0.4185338424573542,0.04551733248257779,-0.7900778142229046,0.03550878338633939,-0.8667245745391464,0.020991520692302323,-0.8714400366888329,0.13658826256442977,-0.3864263780744345,0.14944044545028565,-0.7637134482517971,0.11549691933441672,-0.7663669082679481,0.08964637149437205,-0.693520881728363,0.24597968156485847,-0.3535734225297349,0.23916682452169924,-0.6757295394953291,0.20074150324516715,-0.6618441123396109,0.1851396518548797,-0.5681973619931607,0.0,0.0,0.0,0.0,0.0,0.0,0.0,0.0,0.0,0.0,0.0,0.0,0.0,0.0,0.0,0.0,0.0,0.0,0.0,0.0,0.0,0.0,0.0,0.0,0.0,0.0,0.0,0.0,0.0,0.0,0.0,0.0,0.0,0.0,0.0,0.0,0.0,0.0,0.0,0.0,0.0,0.0,come
0.0,0.0,-0.16513746497465268,-0.18038726678689854,-0.28782634003538765,-0.4211726626326884,-0.3025682210350576,-0.6539345901258051,-0.23188795298535908,-0.8067139069960582,-0.16703020369195473,-0.4409768251235096,-0.13038574460752736,-0.7466073057303356,-0.11911260595890603,-0.8965330842641968,-0.10760870491761357,-1.0,-0.013821023367279963,-0.41006197096655955,0.012331966619215262,-0.7476182763814996,0.008341421179725545,-0.8212754401838306,0.0012895903632650625,-0.8421017765659877,0.1228884632198843,-0.3725810438740805,0.1270888258638977,-0.7116697577055764,0.10469683666771798,-0.7392041559150063,0.08964662301462145,-0.7129535029000561,0.23689665376264474,-0.3333943016910804,0.2227101855719315,-0.630729513596715,0.1900393452923863,-0.6319582167851329,0.17851035873505677,-0.570861102958995,0.0,0.0,0.0,0.0,0.0,0.0,0.0,0.0,0.0,0.0,0.0,0.0,0.0,0.0,0.0,0.0,0.0,0.0,0.0,0.0,0.0,0.0,0.0,0.0,0.0,0.0,0.0,0.0,0.0,0.0,0.0,0.0,0.0,0.0,0.0,0.0,0.0,0.0,0.0,0.0,0.0,0.0,come
0.0,0.0,-0.16285498606192042,-0.194861418982473,-0.2889650768641655,-0.4459938002524085,-0.30919525480268695,-0.6936066474192677,-0.2354351724319149,-0.8556355787243194,-0.167267924661153,-0.44674204565138803,-0.13330618084374427,-0.7437485283189071,-0.11798794184554103,-0.8943634646032476,-0.10327903940903665,-1.0,-0.014770257028544809,-0.4181365194522119,0.007438064388901886,-0.7484178551302005,0.011204292423383931,-0.8578713859785496,0.009476669565596733,-0.9178101028180509,0.1268066758898393,-0.3847700810008171,0.13858050730170668,-0.7278723579577416,0.11702795294804351,-0.7962752022596858,0.09705901036191046,-0.8074657186000336,0.24907706621474313,-0.3482624405045414,0.24153453319615076,-0.6519413945018632,0.20416805596763335,-0.6842912090477231,0.18309842985818034,-0.6531766499474341,0.0,0.0,0.0,0.0,0.0,0.0,0.0,0.0,0.0,0.0,0.0,0.0,0.0,0.0,0.0,0.0,0.0,0.0,0.0,0.0,0.0,0.0,0.0,0.0,0.0,0.0,0.0,0.0,0.0,0.0,0.0,0.0,0.0,0.0,0.0,0.0,0.0,0.0,0.0,0.0,0.0,0.0,come
0.0,0.0,-0.1784965481221367,-0.1963297342046018,-0.30244614819020565,-0.44680158806181647,-0.30559781622770565,-0.69178832478101,-0.22257147107630842,-0.8467629514318297,-0.1799200029111256,-0.4437545385999733,-0.14154371531332327,-0.7358014398298703,-0.13417840704706444,-0.8841305126096154,-0.12653670239038728,-1.0,-0.024967182945513255,-0.42589499719857676,0.01439749600389149,-0.7737335667228379,0.012784871565313296,-0.8450804920872503,0.0038947007346846166,-0.8742698773955915,0.11631806294559888,-0.39805120477253353,0.1299044305297874,-0.7681697849780569,0.1114510248606914,-0.7370828167066501,0.09843403919209844,-0.6559242208324214,0.23606940786956446,-0.36631752781221955,0.2313560868478664,-0.680438413372341,0.20196442112214258,-0.6311250697680143,0.19368510504400668,-0.5192326936527295,0.0,0.0,0.0,0.0,0.0,0.0,0.0,0.0,0.0,0.0,0.0,0.0,0.0,0.0,0.0,0.0,0.0,0.0,0.0,0.0,0.0,0.0,0.0,0.0,0.0,0.0,0.0,0.0,0.0,0.0,0.0,0.0,0.0,0.0,0.0,0.0,0.0,0.0,0.0,0.0,0.0,0.0,come
0.0,0.0,-0.19540868225033778,-0.20368986741233866,-0.3401371949109524,-0.4673674808400844,-0.3393349515673829,-0.7170422756818856,-0.23726586994110008,-0.8623760018508093,-0.18833185078386802,-0.46010124649971906,-0.13811805575760727,-0.7539997056557873,-0.14602820337320727,-0.8954332297667308,-0.1565884375830668,-1.0,-0.028067500302959854,-0.4412471155255838,0.023345987497997923,-0.8265013179106758,0.005935047102136029,-0.8953863380783391,-0.014646025661052752,-0.9074612303192617,0.11913370148016722,-0.4134697222345415,0.13264486353812477,-0.8114516282573834,0.10009595847317272,-0.748260275988659,0.08220960415223076,-0.6258130835155095,0.24734447566476736,-0.37872806577717466,0.2429260639540484,-0.718609192522301,0.19966579785219118,-0.6585443294530932,0.186294887139333,-0.524945954504328,0.0,0.0,0.0,0.0,0.0,0.0,0.0,0.0,0.0,0.0,0.0,0.0,0.0,0.0,0.0,0.0,0.0,0.0,0.0,0.0,0.0,0.0,0.0,0.0,0.0,0.0,0.0,0.0,0.0,0.0,0.0,0.0,0.0,0.0,0.0,0.0,0.0,0.0,0.0,0.0,0.0,0.0,come
0.0,0.0,-0.19910719326749438,-0.19913757254126352,-0.34694663937881837,-0.4715496668167479,-0.34145974130042206,-0.7238501086632231,-0.23349194562339273,-0.8693318651928325,-0.1812006175590483,-0.47512639640767956,-0.12151508889806636,-0.7986708207935238,-0.14566661154452526,-0.9269676526651651,-0.17401778219264413,-1.0,-0.01810303789871722,-0.4517228917285549,0.029805650029046598,-0.8861863435993306,-0.0070125967945280625,-0.8911931918327902,-0.0323049184904023,-0.8189266314744752,0.12930364685985782,-0.4197727802280222,0.13840008987679486,-0.8287884315725487,0.09749095858359215,-0.7527413712115111,0.08194852088761359,-0.6236429277480561,0.2550765629348213,-0.3771609766191365,0.24843568234858154,-0.7258600128796657,0.19959211526011106,-0.6562218328962253,0.18880460710284616,-0.5185604465867882,0.0,0.0,0.0,0.0,0.0,0.0,0.0,0.0,0.0,0.0,0.0,0.0,0.0,0.0,0.0,0.0,0.0,0.0,0.0,0.0,0.0,0.0,0.0,0.0,0.0,0.0,0.0,0.0,0.0,0.0,0.0,0.0,0.0,0.0,0.0,0.0,0.0,0.0,0.0,0.0,0.0,0.0,come
0.0,0.0,-0.15882182575903728,-0.16597896684739782,-0.2745471163158102,-0.4094357406186323,-0.27003075693050727,-0.6259990363564291,-0.1742323244829774,-0.7424120267324709,-0.1478123899224382,-0.4258318384380528,-0.10249126817989421,-0.7465770977243998,-0.09297360825969235,-0.898107889687766,-0.07391585299252601,-1.0,-0.006342627118888086,-0.4019295906722374,0.025236015890520876,-0.7857037621451244,-0.006077601141783259,-0.7172126033829265,-0.017682955506349584,-0.5953683201216264,0.12119053652103555,-0.36569649642616847,0.1299471915644715,-0.7064714328631252,0.09140756748144459,-0.6241818867642019,0.07948427792478781,-0.513998506544426,0.22807003020504302,-0.31987495668882854,0.21533306650772308,-0.608451893166097,0.1733007143823803,-0.545174631603094,0.1677699617709926,-0.44209716291431156,0.0,0.0,0.0,0.0,0.0,0.0,0.0,0.0,0.0,0.0,0.0,0.0,0.0,0.0,0.0,0.0,0.0,0.0,0.0,0.0,0.0,0.0,0.0,0.0,0.0,0.0,0.0,0.0,0.0,0.0,0.0,0.0,0.0,0.0,0.0,0.0,0.0,0.0,0.0,0.0,0.0,0.0,come
0.0,0.0,-0.15473755216161708,-0.18152856617353663,-0.2660751278393462,-0.426665382252513,-0.25907861228494916,-0.6443884559500249,-0.1563425976426278,-0.7521859831694525,-0.15231971334898242,-0.41838398033335267,-0.10027083666832413,-0.7038643866426595,-0.09273800737310389,-0.8734919348707582,-0.08425166584265832,-1.0,-0.01058886139046332,-0.39842621489287655,0.017683478797958348,-0.7851550528711142,-0.014948904399449025,-0.7227422053296576,-0.03225567680362205,-0.5901347076564778,0.11568286209028014,-0.3674758475834834,0.12391798732302119,-0.6996983043372116,0.08475374427975296,-0.62865296593422,0.07272995145197826,-0.5161005091852139,0.22276534367286727,-0.32521177486675384,0.2135686786164404,-0.6038968275442615,0.17159111997608723,-0.5498588797169756,0.16389679448948552,-0.44909092282795887,0.0,0.0,0.0,0.0,0.0,0.0,0.0,0.0,0.0,0.0,0.0,0.0,0.0,0.0,0.0,0.0,0.0,0.0,0.0,0.0,0.0,0.0,0.0,0.0,0.0,0.0,0.0,0.0,0.0,0.0,0.0,0.0,0.0,0.0,0.0,0.0,0.0,0.0,0.0,0.0,0.0,0.0,come
0.0,0.0,-0.1765543583841068,-0.20130436793660095,-0.30244269006279173,-0.46854467584197695,-0.3001983567028678,-0.7008677686781426,-0.19049590516417889,-0.824457066398884,-0.15702624489109152,-0.4425919234835164,-0.09812844853417815,-0.7306696734119565,-0.10844339929358468,-0.8613107898940645,-0.13444455095568514,-0.9389699528810658,-0.012126639928621083,-0.4119443046018889,0.03705724189663598,-0.8629000567786844,0.025195256331962915,-0.9643411091752879,0.020515941939605445,-1.0,0.1251493373250469,-0.38071348081490486,0.13085857817325475,-0.773159703624652,0.08786216521859794,-0.6963675719302809,0.07519428432378732,-0.5794437029623457,0.2502151489820393,-0.3410501844469307,0.24144468569612879,-0.6629985982971758,0.19799310477510748,-0.5930016752058144,0.19268084547282163,-0.4788594925312903,0.0,0.0,0.0,0.0,0.0,0.0,0.0,0.0,0.0,0.0,0.0,0.0,0.0,0.0,0.0,0.0,0.0,0.0,0.0,0.0,0.0,0.0,0.0,0.0,0.0,0.0,0.0,0.0,0.0,0.0,0.0,0.0,0.0,0.0,0.0,0.0,0.0,0.0,0.0,0.0,0.0,0.0,come
0.0,0.0,-0.14699983734101707,-0.16136487566774982,-0.2500834284976075,-0.38291335112320335,-0.24990028321470123,-0.5795807114880789,-0.16254513283014652,-0.6846315471779898,-0.12778671052600646,-0.3743144785861632,-0.09022132928324034,-0.6200793278792012,-0.09388613804027159,-0.7254221213306155,-0.11079595544464843,-0.791493685237964,-0.00839602458311219,-0.354648078390659,0.03567314119572152,-0.7273135777486989,0.03680470141553616,-0.8855566995294532,0.03734853991453295,-1.0,0.10476861731692384,-0.32253787418702695,0.1066207803399584,-0.6528871857521925,0.07446176724674987,-0.5817775593069988,0.06466965169595779,-0.4797083198670428,0.20860337280621674,-0.27841105570605584,0.19676173168118974,-0.5465053002983723,0.1592945279525488,-0.4889450663784106,0.15333032792968923,-0.389462026404042,0.0,0.0,0.0,0.0,0.0,0.0,0.0,0.0,0.0,0.0,0.0,0.0,0.0,0.0,0.0,0.0,0.0,0.0,0.0,0.0,0.0,0.0,0.0,0.0,0.0,0.0,0.0,0.0,0.0,0.0,0.0,0.0,0.0,0.0,0.0,0.0,0.0,0.0,0.0,0.0,0.0,0.0,come
0.0,0.0,-0.15621090494385498,-0.19199201641464025,-0.2676353740863004,-0.43783248593368895,-0.27423719479123193,-0.6596353882595435,-0.18072365542112628,-0.7935135646794683,-0.17511332899868315,-0.4411649697160821,-0.1250026891197834,-0.749663575296746,-0.10250823376840972,-0.9014671078257309,-0.07209650358747562,-1.0,-0.03354287798330949,-0.40879024536667824,0.021512578626698795,-0.8099684468175627,0.011729244487684084,-0.7739446185587988,0.0029873906224255633,-0.6609494503692256,0.10403008574558978,-0.3700150362923606,0.13592127472123636,-0.7267575897084032,0.10913422491468847,-0.6608785841537574,0.0938172517221123,-0.5497203695065712,0.22563385400597857,-0.32366296331635663,0.2373733487855429,-0.6154422039190536,0.2013633141294326,-0.56105263664082,0.18779344624177477,-0.45668213996735596,0.0,0.0,0.0,0.0,0.0,0.0,0.0,0.0,0.0,0.0,0.0,0.0,0.0,0.0,0.0,0.0,0.0,0.0,0.0,0.0,0.0,0.0,0.0,0.0,0.0,0.0,0.0,0.0,0.0,0.0,0.0,0.0,0.0,0.0,0.0,0.0,0.0,0.0,0.0,0.0,0.0,0.0,come
0.0,0.0,-0.15228792314057313,-0.1768563880142831,-0.2567304308612423,-0.4203495799301805,-0.24886408212244923,-0.6326601529960233,-0.15550029681052216,-0.7508320321534293,-0.1796387981806756,-0.40913526881475987,-0.13540289563659536,-0.6863885408636989,-0.1099754316511132,-0.8611307193439037,-0.07888792207349349,-1.0,-0.048841975015954,-0.3781913510411334,0.012527399009610907,-0.7460320295553224,0.016725197531520023,-0.7053916054700359,0.012285334312572217,-0.6083854829846032,0.08301346074573557,-0.34502350010937566,0.12490155610368395,-0.6772149035765958,0.10409628677162246,-0.6056138596015478,0.0838674724200508,-0.49622219010673346,0.20174393289832054,-0.30609295516340124,0.2236215012836272,-0.5933876786169534,0.19051338361443537,-0.5362720088075825,0.17179390702163921,-0.4318471310983891,0.0,0.0,0.0,0.0,0.0,0.0,0.0,0.0,0.0,0.0,0.0,0.0,0.0,0.0,0.0,0.0,0.0,0.0,0.0,0.0,0.0,0.0,0.0,0.0,0.0,0.0,0.0,0.0,0.0,0.0,0.0,0.0,0.0,0.0,0.0,0.0,0.0,0.0,0.0,0.0,0.0,0.0,come
0.0,0.0,-0.14323640290351228,-0.17007865841755648,-0.24351680193898473,-0.4127688191759089,-0.2326861776251725,-0.620821292724181,-0.13238151871339157,-0.7395195641797848,-0.17416436009780678,-0.38839001305519855,-0.12431934121459609,-0.6787522976359597,-0.0973026402643988,-0.8599978335366273,-0.063806408443791,-1.0,-0.042588269277856826,-0.35350521361667364,0.023232611592610104,-0.7386107779296057,0.011662117469706185,-0.6702344858091007,-0.006687827296761476,-0.5452523422064302,0.08879554791776917,-0.3202858828958845,0.12932601550149678,-0.6591731105787729,0.10596883226495847,-0.5842364965579184,0.08492762094112523,-0.47553961299291275,0.2042471709034942,-0.28360856068974777,0.22168674970690685,-0.56970178406002,0.18841122634238922,-0.508325876712437,0.17015606434847563,-0.40702994797102804,0.0,0.0,0.0,0.0,0.0,0.0,0.0,0.0,0.0,0.0,0.0,0.0,0.0,0.0,0.0,0.0,0.0,0.0,0.0,0.0,0.0,0.0,0.0,0.0,0.0,0.0,0.0,0.0,0.0,0.0,0.0,0.0,0.0,0.0,0.0,0.0,0.0,0.0,0.0,0.0,0.0,0.0,come
0.0,0.0,-0.18617401581900914,-0.21110796330957365,-0.30659730056733214,-0.5008692224700028,-0.2983073537060791,-0.7618274443627634,-0.1910478203931629,-0.9209413469393011,-0.16937002786550875,-0.4959559459575976,-0.11120966653770634,-0.9021972152407592,-0.12465210105488055,-1.0,-0.13464074097506326,-0.9938057051227858,-0.010281880028822913,-0.4439845605933444,0.0509505738547959,-0.9338167572654961,0.016314787867725895,-0.8837436641940251,-0.00981899456854932,-0.7389608746309654,0.13940522787625856,-0.3946793506894152,0.17294181836301753,-0.828997765496375,0.13599300478870197,-0.7546292745169727,0.11541552753265673,-0.6245426434105098,0.2740133555122702,-0.3384881071889877,0.2812823508926537,-0.7038067745043752,0.24155482484257415,-0.6402174819814801,0.23102715501385998,-0.5154685207093304,0.0,0.0,0.0,0.0,0.0,0.0,0.0,0.0,0.0,0.0,0.0,0.0,0.0,0.0,0.0,0.0,0.0,0.0,0.0,0.0,0.0,0.0,0.0,0.0,0.0,0.0,0.0,0.0,0.0,0.0,0.0,0.0,0.0,0.0,0.0,0.0,0.0,0.0,0.0,0.0,0.0,0.0,come
0.0,0.0,-0.190163995043478,-0.2126252857687377,-0.3211599951847116,-0.513393146332221,-0.313439408687036,-0.7862904402902852,-0.19472614715487907,-0.9504753707174307,-0.19094495029994074,-0.46853645537503785,-0.09893457574445831,-0.839913625069748,-0.11536813741476286,-0.9716946117423532,-0.14085622054910413,-1.0,-0.02191164724287208,-0.4263612572795789,0.03440748738419468,-0.9346774993973939,-0.00653024832375419,-0.8907076889201382,-0.03321395199224216,-0.7354671844491764,0.13469865664019093,-0.3930087128361632,0.1620589194459527,-0.8447847952543276,0.11481307256267034,-0.7813558817830023,0.0938651780419514,-0.6530979513616951,0.2711407701736812,-0.35459761342965024,0.2723340275466745,-0.7217789209917381,0.22606208107755701,-0.670474414332211,0.21543577942754227,-0.5517428035487452,0.0,0.0,0.0,0.0,0.0,0.0,0.0,0.0,0.0,0.0,0.0,0.0,0.0,0.0,0.0,0.0,0.0,0.0,0.0,0.0,0.0,0.0,0.0,0.0,0.0,0.0,0.0,0.0,0.0,0.0,0.0,0.0,0.0,0.0,0.0,0.0,0.0,0.0,0.0,0.0,0.0,0.0,come
0.0,0.0,-0.2036737297082994,-0.231421270140873,-0.33121657552369504,-0.5485841596531826,-0.3106727055169868,-0.8198161626869723,-0.18166783737623157,-0.9741059154589684,-0.20346558760283212,-0.49940171713645876,-0.10459234169205599,-0.893972497662172,-0.12396751316868704,-0.9969113377834661,-0.1495669811063277,-1.0,-0.021357477242986155,-0.44334900504051517,0.045034539523298556,-0.9667018597762868,0.002401031948161268,-0.9191549631621512,-0.024756413405558213,-0.7653829082149337,0.14121773905099266,-0.3988060198891345,0.17387795029583758,-0.8637969199565042,0.12701351271764066,-0.7937620572311785,0.10482303611674919,-0.6586676319633876,0.28093251685319015,-0.353997290848786,0.2870431898459978,-0.729617802829526,0.2393217641372158,-0.6761969607517823,0.22514641051828677,-0.5553139440846129,0.0,0.0,0.0,0.0,0.0,0.0,0.0,0.0,0.0,0.0,0.0,0.0,0.0,0.0,0.0,0.0,0.0,0.0,0.0,0.0,0.0,0.0,0.0,0.0,0.0,0.0,0.0,0.0,0.0,0.0,0.0,0.0,0.0,0.0,0.0,0.0,0.0,0.0,0.0,0.0,0.0,0.0,come
0.0,0.0,-0.15191185621429093,-0.1715526009509471,-0.2556283150416076,-0.44559384440208216,-0.2571614667639923,-0.6733304299208696,-0.1626944667274157,-0.8106593404346532,-0.17385749697220426,-0.3608289674233941,-0.1194622462098313,-0.6643537056107878,-0.09481027517216577,-0.8553880224466952,-0.06467567088024968,-1.0,-0.023827747217733442,-0.32704237914432027,0.037658032081571806,-0.7800465136672803,0.028788311470273987,-0.7251529346389147,0.012063928689645427,-0.589888218620143,0.12085306710994823,-0.30060587720655374,0.15376033943118106,-0.695260508569724,0.13163556403103607,-0.6269160420808516,0.11362327473574517,-0.5084497708507839,0.24271846645297732,-0.27310092856946505,0.2509000465045799,-0.6070890064036375,0.219330206826109,-0.5511458369540795,0.2081630872679911,-0.43741930705676896,0.0,0.0,0.0,0.0,0.0,0.0,0.0,0.0,0.0,0.0,0.0,0.0,0.0,0.0,0.0,0.0,0.0,0.0,0.0,0.0,0.0,0.0,0.0,0.0,0.0,0.0,0.0,0.0,0.0,0.0,0.0,0.0,0.0,0.0,0.0,0.0,0.0,0.0,0.0,0.0,0.0,0.0,come
0.0,0.0,-0.1418677569303602,-0.1625760220180767,-0.24861351141538796,-0.42618895356038783,-0.26493896644036635,-0.6543075142562179,-0.17878922940020078,-0.8145728133139736,-0.1836883347733332,-0.37220836056398304,-0.13263330558565756,-0.6917092180965123,-0.1028700319182311,-0.8734594175443504,-0.06755861157558202,-1.0,-0.04094123156272177,-0.33225324208243057,0.023095062134112693,-0.7772467450923993,0.019147321304273764,-0.7363625142858146,0.0035467624337832083,-0.6083955975246764,0.10273520320659946,-0.29902048585252194,0.13685201924082446,-0.68563578753012,0.11873860395940407,-0.6125007481349243,0.10068810874341175,-0.49416103985164017,0.22766277388041198,-0.2695495602939748,0.23288711241404123,-0.5888110146507289,0.20488231207343977,-0.5294173229244107,0.19223329620245616,-0.4137809851177603,0.0,0.0,0.0,0.0,0.0,0.0,0.0,0.0,0.0,0.0,0.0,0.0,0.0,0.0,0.0,0.0,0.0,0.0,0.0,0.0,0.0,0.0,0.0,0.0,0.0,0.0,0.0,0.0,0.0,0.0,0.0,0.0,0.0,0.0,0.0,0.0,0.0,0.0,0.0,0.0,0.0,0.0,come
0.0,0.0,-0.1484187418915226,-0.18505900008932039,-0.253924901017987,-0.4625964284229824,-0.25158775815579065,-0.6925899902808816,-0.14652908527973638,-0.8405001145246431,-0.1804731503827953,-0.37115911319898726,-0.12367146992158379,-0.700601188049464,-0.08994639450776955,-0.8814150381910943,-0.05140929427173382,-1.0,-0.03243114592738872,-0.3253289156594541,0.03160902259628692,-0.7886412336470748,0.019938010773275696,-0.7472465445836919,-0.0017942562575115342,-0.609823826608806,0.11386468935522184,-0.28984573221043175,0.14391624313183776,-0.6888084661568625,0.12215777693075724,-0.6216331302547576,0.10097370266572689,-0.49965554171040566,0.2398823668308334,-0.2582011141169531,0.24083316456793258,-0.5860621740580017,0.20707127766168093,-0.5310971991428781,0.19231495426531336,-0.41282331102682174,0.0,0.0,0.0,0.0,0.0,0.0,0.0,0.0,0.0,0.0,0.0,0.0,0.0,0.0,0.0,0.0,0.0,0.0,0.0,0.0,0.0,0.0,0.0,0.0,0.0,0.0,0.0,0.0,0.0,0.0,0.0,0.0,0.0,0.0,0.0,0.0,0.0,0.0,0.0,0.0,0.0,0.0,come
0.0,0.0,-0.16351513149236369,-0.19834584836136715,-0.2755544477177512,-0.4875137378883739,-0.29401105846000836,-0.716395662049551,-0.20944912394803764,-0.8564521222707251,-0.20402631551006672,-0.4018441301839463,-0.18503636234790172,-0.6810498746768772,-0.16197411758373167,-0.8634954521447402,-0.12217578521708147,-1.0,-0.040529455933940604,-0.35548556259353553,0.03781447140704373,-0.8474633271529811,0.033131058282227524,-0.7870561251537372,0.011982426367264034,-0.6445490058966437,0.12571522823475265,-0.3215894295483059,0.1677935994465091,-0.7627537358043878,0.14688188514816672,-0.6689476931829209,0.129465539042517,-0.5311668272866871,0.2738799747452487,-0.2825443198908821,0.28352964531988323,-0.6524066706321663,0.2441910738726166,-0.5764399442854705,0.2313381388473038,-0.44673526536624947,0.0,0.0,0.0,0.0,0.0,0.0,0.0,0.0,0.0,0.0,0.0,0.0,0.0,0.0,0.0,0.0,0.0,0.0,0.0,0.0,0.0,0.0,0.0,0.0,0.0,0.0,0.0,0.0,0.0,0.0,0.0,0.0,0.0,0.0,0.0,0.0,0.0,0.0,0.0,0.0,0.0,0.0,come
0.0,0.0,-0.16019977661627108,-0.18566271812998214,-0.2772827158443499,-0.4645022536761972,-0.2984284971302485,-0.7097318278572007,-0.2156241023488079,-0.8734294296777235,-0.198218727406513,-0.3542651632813411,-0.16372147978771656,-0.6579974202291762,-0.13963799576183902,-0.8493953647282272,-0.10133357852798153,-1.0,-0.02801004347690763,-0.3119123020474941,0.0336503519564846,-0.7548868457585484,0.039612716003536316,-0.8268034814788944,0.03928293870537701,-0.8241039644315702,0.13493510538736833,-0.28748692354607536,0.16821291353728682,-0.7146868030395583,0.14192683553260102,-0.7076802234122399,0.12046493847206195,-0.6196425147562273,0.2770419166428481,-0.27169990455940873,0.2786172684983562,-0.6317152624877611,0.23920983173517268,-0.5986099459217501,0.22613504095249568,-0.4847545713239632,0.0,0.0,0.0,0.0,0.0,0.0,0.0,0.0,0.0,0.0,0.0,0.0,0.0,0.0,0.0,0.0,0.0,0.0,0.0,0.0,0.0,0.0,0.0,0.0,0.0,0.0,0.0,0.0,0.0,0.0,0.0,0.0,0.0,0.0,0.0,0.0,0.0,0.0,0.0,0.0,0.0,0.0,come
0.0,0.0,-0.15657772547796436,-0.17831597751423084,-0.268639369944778,-0.45596607758488283,-0.2840501322066819,-0.7055555161731659,-0.2003698006384673,-0.8617238617111018,-0.19146233113815894,-0.36233042927592324,-0.1630647139302601,-0.6662335391457015,-0.1362436525433541,-0.8539703356088478,-0.09536425953624873,-1.0,-0.020472186974983517,-0.32801576555820994,0.042122655664802305,-0.7407151684424186,0.046607522193945664,-0.8053284373146566,0.044995876663807506,-0.7999626654946468,0.14165420214035412,-0.2989206074654833,0.1782489880694989,-0.7024869979040692,0.15222577451376532,-0.6962823811852996,0.1344087088641095,-0.6106658538141451,0.2805983445218702,-0.2748266190297282,0.2844735716598023,-0.6182908357967019,0.24717462860437475,-0.590483954433,0.23788199933364998,-0.48108723750652765,0.0,0.0,0.0,0.0,0.0,0.0,0.0,0.0,0.0,0.0,0.0,0.0,0.0,0.0,0.0,0.0,0.0,0.0,0.0,0.0,0.0,0.0,0.0,0.0,0.0,0.0,0.0,0.0,0.0,0.0,0.0,0.0,0.0,0.0,0.0,0.0,0.0,0.0,0.0,0.0,0.0,0.0,come
0.0,0.0,-0.14387950839758054,-0.15047067525334992,-0.2528996061869387,-0.4280307701255743,-0.2800934249292302,-0.6601755555460371,-0.2032441954335359,-0.8109165278172603,-0.19903486606095186,-0.3139176362830125,-0.16180477702074073,-0.6415949462798767,-0.12266209423604572,-0.8452492086654654,-0.07752316855735561,-1.0,-0.04610198561226332,-0.2707665997649611,0.0345271188614792,-0.743299666062575,0.04346833681217694,-0.7443443336028789,0.03188095839792996,-0.6672934521618238,0.1131728428821372,-0.24307840123935354,0.17411354864365677,-0.6859362815922321,0.15371029434871833,-0.6324553451967949,0.13420720351697224,-0.5069270655685559,0.2578802627043544,-0.2236609758511369,0.2834304321077689,-0.588147825191096,0.2502614486792981,-0.5366669514666939,0.23761700377897324,-0.4074949598285429,0.0,0.0,0.0,0.0,0.0,0.0,0.0,0.0,0.0,0.0,0.0,0.0,0.0,0.0,0.0,0.0,0.0,0.0,0.0,0.0,0.0,0.0,0.0,0.0,0.0,0.0,0.0,0.0,0.0,0.0,0.0,0.0,0.0,0.0,0.0,0.0,0.0,0.0,0.0,0.0,0.0,0.0,come
0.0,0.0,-0.18019671761354322,-0.1754462849848574,-0.305878875437826,-0.47278011661977565,-0.3146984789535284,-0.7192867086813918,-0.1867233054599867,-0.8456040098621658,-0.23810145662410553,-0.3459849047117696,-0.2241243600177974,-0.6583093621277732,-0.19495687094642095,-0.8518010782621828,-0.14155966643742882,-1.0,-0.06422068770397828,-0.2983281249029244,0.03471531574844882,-0.8175246040390147,0.025002855516595212,-0.7821940977069365,0.007603679147942522,-0.6540975348886778,0.11346592329246082,-0.2703689136276722,0.1780857859313596,-0.747339829414545,0.14419629991956762,-0.6775462247203147,0.1257574287638218,-0.5330272155821837,0.272387011151091,-0.24967155585270984,0.3016062340586903,-0.6435634266390307,0.2525259971487846,-0.5793322248990533,0.2363834870373884,-0.43615590594908055,0.0,0.0,0.0,0.0,0.0,0.0,0.0,0.0,0.0,0.0,0.0,0.0,0.0,0.0,0.0,0.0,0.0,0.0,0.0,0.0,0.0,0.0,0.0,0.0,0.0,0.0,0.0,0.0,0.0,0.0,0.0,0.0,0.0,0.0,0.0,0.0,0.0,0.0,0.0,0.0,0.0,0.0,come
0.0,0.0,-0.186148284544183,-0.19011272910927737,-0.28500435543788294,-0.4979971991217756,-0.2364642645023822,-0.729747432765459,-0.08978496024280992,-0.8373040901272436,-0.22727515530819403,-0.26980881390009703,-0.21527739618591055,-0.6072266336066419,-0.18437951046147938,-0.825522406259571,-0.1322324733304684,-1.0,-0.04688800186871162,-0.21834568669350787,0.03588852355800416,-0.7746017658624303,0.012672693276250353,-0.7135608348167071,-0.018860064016946256,-0.5516517278467586,0.12356538181066686,-0.21582809254150692,0.16959149079447172,-0.7170491257052274,0.1285943308595964,-0.6354331017219688,0.10176914624879566,-0.4907386467997109,0.266140460299401,-0.22610578755489724,0.27957707920986075,-0.6231962806158604,0.22741482705332242,-0.5550944831193123,0.20546655069679343,-0.4148117288362826,0.0,0.0,0.0,0.0,0.0,0.0,0.0,0.0,0.0,0.0,0.0,0.0,0.0,0.0,0.0,0.0,0.0,0.0,0.0,0.0,0.0,0.0,0.0,0.0,0.0,0.0,0.0,0.0,0.0,0.0,0.0,0.0,0.0,0.0,0.0,0.0,0.0,0.0,0.0,0.0,0.0,0.0,come
0.0,0.0,-0.1825233565791223,-0.18918570883907665,-0.2892236155533996,-0.5054773554078598,-0.25312840267698317,-0.7453996081874108,-0.11995200680343117,-0.8707673307849766,-0.2173362237660815,-0.2653070059299286,-0.21186853731723745,-0.6065149006349649,-0.18029433190240066,-0.824647714774499,-0.12734293710012537,-1.0,-0.035883155025276635,-0.21506709488435155,0.04003795066413662,-0.7869930526331982,0.014347746308490335,-0.7293341932846882,-0.01989113631144596,-0.5696594658559391,0.1309872556527701,-0.21875206701467595,0.16581726326707533,-0.7305975306797168,0.12390386417749572,-0.6487908856876333,0.09571071793119437,-0.5064407353243331,0.266651430731248,-0.23737887706028485,0.27503211083264023,-0.6369123497877773,0.2195361316912218,-0.5705518668232745,0.1911992695540962,-0.4323617860764793,0.0,0.0,0.0,0.0,0.0,0.0,0.0,0.0,0.0,0.0,0.0,0.0,0.0,0.0,0.0,0.0,0.0,0.0,0.0,0.0,0.0,0.0,0.0,0.0,0.0,0.0,0.0,0.0,0.0,0.0,0.0,0.0,0.0,0.0,0.0,0.0,0.0,0.0,0.0,0.0,0.0,0.0,come
0.0,0.0,-0.18076079542743975,-0.20114653535899232,-0.2952505835395223,-0.5102623875630762,-0.26827324305286043,-0.7463748775652208,-0.1317984879331634,-0.8556799637605947,-0.22003168369256848,-0.2927395692444694,-0.19905670959781221,-0.6173010066835743,-0.16119057104999293,-0.8347750444934112,-0.10352072784816926,-1.0,-0.04180113540394774,-0.23914010492751905,0.042096182269767815,-0.7820201061652976,0.013109815454954531,-0.710799918684826,-0.023517792421958707,-0.5389289949195207,0.1255455573420253,-0.23057085229218965,0.16960177053906544,-0.7169314352343119,0.1270289575712722,-0.6355017236496072,0.09638136730691621,-0.49053486216175446,0.2656586507612123,-0.23097227075202353,0.2741296977026744,-0.6212247217039741,0.22042536603647406,-0.5545856042056965,0.1953404729087667,-0.4147834596684043,0.0,0.0,0.0,0.0,0.0,0.0,0.0,0.0,0.0,0.0,0.0,0.0,0.0,0.0,0.0,0.0,0.0,0.0,0.0,0.0,0.0,0.0,0.0,0.0,0.0,0.0,0.0,0.0,0.0,0.0,0.0,0.0,0.0,0.0,0.0,0.0,0.0,0.0,0.0,0.0,0.0,0.0,come
0.0,0.0,-0.18594458712696624,-0.2086805521462927,-0.3187063098091857,-0.5211059477337792,-0.32084841786045415,-0.7585846797778735,-0.2063376287707811,-0.9009931358096037,-0.21270059907956915,-0.3171724921812939,-0.16970823567256302,-0.6710453290916648,-0.15138097355456215,-0.868158544516713,-0.1190664214802731,-1.0,-0.025036223905112304,-0.25580131860157723,0.05185477147964191,-0.843022263616518,0.02444067438414686,-0.832109972923829,-0.007270964161361074,-0.7031863009817274,0.14513278825648815,-0.24269759269415617,0.18110094020846454,-0.7630002791309629,0.1352533288821997,-0.7131934031581542,0.1021897520129457,-0.581906702930314,0.2864385133400755,-0.24154413191439422,0.30074070229724315,-0.6610580980474392,0.24799850943130688,-0.620087563897379,0.2221648686798695,-0.48960950186110686,0.0,0.0,0.0,0.0,0.0,0.0,0.0,0.0,0.0,0.0,0.0,0.0,0.0,0.0,0.0,0.0,0.0,0.0,0.0,0.0,0.0,0.0,0.0,0.0,0.0,0.0,0.0,0.0,0.0,0.0,0.0,0.0,0.0,0.0,0.0,0.0,0.0,0.0,0.0,0.0,0.0,0.0,come
0.0,0.0,-0.16818385242992284,-0.198894815127856,-0.2799968660708244,-0.49951222291733194,-0.28384328929608865,-0.7479034132524843,-0.19992533176320315,-0.9191586349839089,-0.21853184914879398,-0.2837713513763766,-0.19671566596588527,-0.6231765933477604,-0.15987383560879542,-0.8429837379940242,-0.10843478044095808,-1.0,-0.033237930514617285,-0.2316344034197815,0.05176704934632648,-0.7554143968432786,0.03977846444592963,-0.8376501229236235,0.01718224154284283,-0.792639777396061,0.13978736765381478,-0.22598335931091545,0.18792701268885187,-0.7200145300352686,0.14062889886311972,-0.7378541844483513,0.09937606319140829,-0.6403996709374365,0.28532573276368633,-0.23915678311666883,0.307821646191267,-0.6490120406983438,0.25083019445793114,-0.6589112207722524,0.2119218701959774,-0.5615758915375603,0.0,0.0,0.0,0.0,0.0,0.0,0.0,0.0,0.0,0.0,0.0,0.0,0.0,0.0,0.0,0.0,0.0,0.0,0.0,0.0,0.0,0.0,0.0,0.0,0.0,0.0,0.0,0.0,0.0,0.0,0.0,0.0,0.0,0.0,0.0,0.0,0.0,0.0,0.0,0.0,0.0,0.0,come
0.0,0.0,-0.1918550854954968,-0.25601975579495845,-0.3478753686741968,-0.5548298462280855,-0.36844293905685327,-0.8139086914159067,-0.24811809704124535,-0.9683944197526306,-0.23921190410581428,-0.3745445052547198,-0.17650241739522532,-0.6946698643700863,-0.14466136030725377,-0.8846445631350854,-0.10947919537062552,-1.0,-0.05028458945153409,-0.3127111347847813,0.046755073761208556,-0.8413149786211815,0.04008090066595382,-0.9378971364381293,0.015903388572385397,-0.918828786186765,0.12703210844064494,-0.28890846068551973,0.18694224225108477,-0.8037006517144586,0.1506422874742406,-0.8413110232431199,0.11209079965878271,-0.7607399721277692,0.28027518883634095,-0.2780145584281855,0.30592383787696403,-0.7029816958287901,0.25718382355849545,-0.7247513056043752,0.22541172189473158,-0.6441119582944937,0.0,0.0,0.0,0.0,0.0,0.0,0.0,0.0,0.0,0.0,0.0,0.0,0.0,0.0,0.0,0.0,0.0,0.0,0.0,0.0,0.0,0.0,0.0,0.0,0.0,0.0,0.0,0.0,0.0,0.0,0.0,0.0,0.0,0.0,0.0,0.0,0.0,0.0,0.0,0.0,0.0,0.0,come
0.0,0.0,-0.1701238341921938,-0.20997588199303976,-0.2772609069478139,-0.501949557272977,-0.27039439299830464,-0.7438284438605179,-0.15696147416080092,-0.8871072431694438,-0.2103950006652483,-0.370970377951687,-0.19850163543266744,-0.6465691442897806,-0.16931941057286576,-0.8465770831643668,-0.11915625934931122,-1.0,-0.04222464417792586,-0.3220818571477927,0.05955258561059379,-0.8140367633600356,0.0569307967812274,-0.8400554447080663,0.03912027468506068,-0.7689145524716731,0.12299289201194849,-0.3008181696336577,0.1888393634884787,-0.756635759778476,0.1465323902407709,-0.7164361411874939,0.11075403871867544,-0.6024944237981977,0.2665916965742531,-0.2794052606805429,0.29350901442057364,-0.6517646966578073,0.24128959666841698,-0.6142789970457095,0.2122068527679352,-0.502832634557186,0.0,0.0,0.0,0.0,0.0,0.0,0.0,0.0,0.0,0.0,0.0,0.0,0.0,0.0,0.0,0.0,0.0,0.0,0.0,0.0,0.0,0.0,0.0,0.0,0.0,0.0,0.0,0.0,0.0,0.0,0.0,0.0,0.0,0.0,0.0,0.0,0.0,0.0,0.0,0.0,0.0,0.0,come
0.0,0.0,-0.16307399656574723,-0.19798004431278096,-0.2682400911426101,-0.49669539480562536,-0.27066568824986553,-0.7459201415031625,-0.17120261773015627,-0.8961134865549715,-0.2228680932061979,-0.3359691333494444,-0.2008628970196729,-0.6251576521816418,-0.1642269907390744,-0.8429912816599002,-0.10865396928466615,-1.0,-0.05145943500102469,-0.287998307603371,0.04585900269554318,-0.7892148401050011,0.0554553714862019,-0.8475214787707305,0.04584014931874425,-0.7970576000043094,0.11842075301366331,-0.2764394736822775,0.18037466311831424,-0.7452526829946704,0.14918689303450977,-0.7310296465677427,0.11526134330554541,-0.6261593296424788,0.264763601915601,-0.27003985407976056,0.2902089272453086,-0.6554978772811668,0.24353004750806104,-0.6325205079442499,0.2156887518060678,-0.5249686042306488,0.0,0.0,0.0,0.0,0.0,0.0,0.0,0.0,0.0,0.0,0.0,0.0,0.0,0.0,0.0,0.0,0.0,0.0,0.0,0.0,0.0,0.0,0.0,0.0,0.0,0.0,0.0,0.0,0.0,0.0,0.0,0.0,0.0,0.0,0.0,0.0,0.0,0.0,0.0,0.0,0.0,0.0,come
0.0,0.0,-0.18043851027919108,-0.19540389136871067,-0.295896401518165,-0.4987377591522559,-0.29143443581028566,-0.7506461747848022,-0.1971289008235837,-0.9165427843713703,-0.22796977867641569,-0.34068043263540665,-0.18982202807944296,-0.650952280123715,-0.16246054349914754,-0.8531384670743991,-0.11772889666221563,-1.0,-0.05036968859503647,-0.2910096090884278,0.03969406601153678,-0.8287310642454032,0.028367556505870587,-0.8168581915918335,0.007944174023516624,-0.6962996870406432,0.1217288281220358,-0.26595034019183905,0.1732058078010964,-0.7460388059811098,0.13592117389745165,-0.6930538199522911,0.10901229929048674,-0.5613624319034954,0.27025294998157984,-0.24118677321400814,0.28655351825310665,-0.6440544453814322,0.23361846864103183,-0.5896558181433199,0.2114469443931073,-0.450375318681238,0.0,0.0,0.0,0.0,0.0,0.0,0.0,0.0,0.0,0.0,0.0,0.0,0.0,0.0,0.0,0.0,0.0,0.0,0.0,0.0,0.0,0.0,0.0,0.0,0.0,0.0,0.0,0.0,0.0,0.0,0.0,0.0,0.0,0.0,0.0,0.0,0.0,0.0,0.0,0.0,0.0,0.0,come
0.0,0.0,-0.18451889357010035,-0.19644913103941736,-0.30533587141619983,-0.503142871895088,-0.29708208564243327,-0.7521018345797396,-0.20018590257941357,-0.9121681888556824,-0.23419785251565564,-0.3620891368242495,-0.17831194487084334,-0.6848203704397036,-0.1524879549957678,-0.869383678012915,-0.11793373822264214,-1.0,-0.05273593929743654,-0.30234532854004686,0.05065386466673959,-0.8316978457862613,0.031091637467212555,-0.8077529475359282,0.0006666994571703411,-0.6873887967573618,0.11860007062193552,-0.2729031268192306,0.17887488930146195,-0.7529707829271104,0.13816474487397556,-0.6995829488402072,0.10862820927878265,-0.5719672026445786,0.268189736621291,-0.24978410879203944,0.2924629069662446,-0.6484194854876327,0.24025186043284932,-0.5961037051066804,0.21709748249684513,-0.46369932184833706,0.0,0.0,0.0,0.0,0.0,0.0,0.0,0.0,0.0,0.0,0.0,0.0,0.0,0.0,0.0,0.0,0.0,0.0,0.0,0.0,0.0,0.0,0.0,0.0,0.0,0.0,0.0,0.0,0.0,0.0,0.0,0.0,0.0,0.0,0.0,0.0,0.0,0.0,0.0,0.0,0.0,0.0,come
0.0,0.0,-0.18335066826781377,-0.200783116829339,-0.3035295063319197,-0.5055536745595425,-0.29605725643605113,-0.7581255374032674,-0.19671797320108442,-0.917983431537564,-0.23014670956961458,-0.3554208004598832,-0.1766846755119489,-0.6793883163353542,-0.1497886924262981,-0.8685396515312797,-0.11408611605718336,-1.0,-0.048864054328577794,-0.29800189506965236,0.057333651614097564,-0.8331734622045652,0.03704812453871618,-0.8043586602003707,0.003346210713233091,-0.6754208491763267,0.12107351554907085,-0.27242040342086865,0.18078002333517643,-0.7549884420237785,0.13694752508287886,-0.7020653336223842,0.10454207761016615,-0.5747217682120335,0.26764253822413947,-0.2526485912422449,0.292195991123864,-0.648830683564777,0.2381872367789662,-0.5956659416035992,0.2112429026231369,-0.46460141423835494,0.0,0.0,0.0,0.0,0.0,0.0,0.0,0.0,0.0,0.0,0.0,0.0,0.0,0.0,0.0,0.0,0.0,0.0,0.0,0.0,0.0,0.0,0.0,0.0,0.0,0.0,0.0,0.0,0.0,0.0,0.0,0.0,0.0,0.0,0.0,0.0,0.0,0.0,0.0,0.0,0.0,0.0,come
0.0,0.0,-0.167235569339782,-0.19724710061469022,-0.2910866418276814,-0.5025001539992198,-0.2956342854529537,-0.7460989197654732,-0.1899915207096284,-0.8940896032793434,-0.22717778229923635,-0.3353834673904319,-0.1947950130386006,-0.6457651614565153,-0.15984477345314785,-0.8475757722827537,-0.11032690767700111,-1.0,-0.056699479389304426,-0.2888862029765716,0.054417840949605854,-0.820704541763655,0.04745205957623148,-0.7975418924544115,0.015456505020374564,-0.6765409721924076,0.11190073303628595,-0.27114385953777836,0.17647073921492132,-0.7365873679573357,0.15121731716559303,-0.6786227616446744,0.12516624915767094,-0.5465119643393807,0.26206397220920746,-0.25630790137329973,0.28754850975421725,-0.6494669760339881,0.24716886434442065,-0.5947242200639516,0.22685240061450354,-0.4585569433114872,0.0,0.0,0.0,0.0,0.0,0.0,0.0,0.0,0.0,0.0,0.0,0.0,0.0,0.0,0.0,0.0,0.0,0.0,0.0,0.0,0.0,0.0,0.0,0.0,0.0,0.0,0.0,0.0,0.0,0.0,0.0,0.0,0.0,0.0,0.0,0.0,0.0,0.0,0.0,0.0,0.0,0.0,come
0.0,0.0,-0.1756000639303214,-0.20765492743862984,-0.2888440450772514,-0.5193594127153038,-0.2704195677782073,-0.7545276009145132,-0.16424582938891447,-0.8946930092375671,-0.22266409579348503,-0.3322521186025852,-0.18352225562930613,-0.6320086005406756,-0.14599927782414698,-0.8429695543227871,-0.09455119229594093,-1.0,-0.04552405788152947,-0.27512759881993004,0.07150884210075764,-0.8187509363014488,0.06033788358762029,-0.815880218984118,0.02889249825034003,-0.7048579758767766,0.12463783063109336,-0.2607100363774457,0.19122371924207052,-0.7439315144155134,0.15448712081783456,-0.696662691512066,0.12341682524027374,-0.5737338813855759,0.27477743915349695,-0.25293731140213677,0.2988718620525731,-0.6489583319103828,0.2526951821399446,-0.5966210730549633,0.23038320399282194,-0.462469167507915,0.0,0.0,0.0,0.0,0.0,0.0,0.0,0.0,0.0,0.0,0.0,0.0,0.0,0.0,0.0,0.0,0.0,0.0,0.0,0.0,0.0,0.0,0.0,0.0,0.0,0.0,0.0,0.0,0.0,0.0,0.0,0.0,0.0,0.0,0.0,0.0,0.0,0.0,0.0,0.0,0.0,0.0,come
0.0,0.0,-0.1773411753372174,-0.22175513834354102,-0.2919305273474734,-0.5365684162298544,-0.27292543485423676,-0.7684587897916757,-0.1545063669168627,-0.8886451579930253,-0.22490880255739543,-0.34791753684250043,-0.1680904948191983,-0.6574892938691302,-0.13223227775492485,-0.8572066615121351,-0.08836897068497754,-1.0,-0.043851999966530976,-0.28579337082618067,0.07843997703301155,-0.8286946695374648,0.05992222069701961,-0.806111444168124,0.021795798687426208,-0.6749879409742064,0.12822707558278507,-0.2650660934115996,0.19357365300173066,-0.7490042399376391,0.15519417801767935,-0.6929795777882356,0.1206076708746429,-0.5653637642161384,0.28022270018604706,-0.25222484220371827,0.3050993453413264,-0.647149400079014,0.2552818306833629,-0.5885609653009872,0.22845934610116375,-0.45318033767081356,0.0,0.0,0.0,0.0,0.0,0.0,0.0,0.0,0.0,0.0,0.0,0.0,0.0,0.0,0.0,0.0,0.0,0.0,0.0,0.0,0.0,0.0,0.0,0.0,0.0,0.0,0.0,0.0,0.0,0.0,0.0,0.0,0.0,0.0,0.0,0.0,0.0,0.0,0.0,0.0,0.0,0.0,come
0.0,0.0,-0.19607732894016436,-0.21843363229470242,-0.2612390406065323,-0.5660549129754799,-0.18841980952568016,-0.8216271093226352,-0.014520413750095138,-0.9492571796149757,-0.21582486085161023,-0.3515756238046251,-0.254825324884176,-0.635432446433701,-0.241202777320838,-0.8442313877519955,-0.18981829073972684,-1.0,-0.033720190818047675,-0.2948148657374558,0.07225846368392753,-0.9165701364353951,0.05343371822665904,-0.8637870458802992,0.021297989928774685,-0.6963164652994484,0.1504877252337963,-0.27502105332937227,0.20726959801030692,-0.8199931745474455,0.16530853255225278,-0.7193275701634426,0.1391390600026025,-0.5699132578277875,0.3106113690433809,-0.2551548125578506,0.3304844843714323,-0.6882175011478054,0.27652338945099303,-0.5986950618587328,0.2561842773981768,-0.45045973596792527,0.0,0.0,0.0,0.0,0.0,0.0,0.0,0.0,0.0,0.0,0.0,0.0,0.0,0.0,0.0,0.0,0.0,0.0,0.0,0.0,0.0,0.0,0.0,0.0,0.0,0.0,0.0,0.0,0.0,0.0,0.0,0.0,0.0,0.0,0.0,0.0,0.0,0.0,0.0,0.0,0.0,0.0,come
0.0,0.0,-0.2182853091209895,-0.23607833701781272,-0.2995383266590404,-0.611255663123782,-0.21317685341379036,-0.8545582590448957,-0.027756426191618125,-0.95199965293322,-0.2480190045677608,-0.3791451723915829,-0.23568282993568085,-0.8981646448607234,-0.2133591699354999,-0.9669953864604565,-0.1935771619412531,-0.9042771722148556,-0.0334301961938698,-0.3230648764692449,0.09632141151846507,-1.0,0.06830029367598547,-0.8944248938438764,0.017228645146042186,-0.6686377256266764,0.17201231128909225,-0.2895479135803718,0.2377307634777156,-0.8798560737484968,0.19535654457758725,-0.7611062700381827,0.1586526356581307,-0.582667634053213,0.3477766167483143,-0.26406512079999955,0.37147616763751323,-0.7398968700644788,0.31813953575027376,-0.6532611235701461,0.2929189061434546,-0.4898445705075213,0.0,0.0,0.0,0.0,0.0,0.0,0.0,0.0,0.0,0.0,0.0,0.0,0.0,0.0,0.0,0.0,0.0,0.0,0.0,0.0,0.0,0.0,0.0,0.0,0.0,0.0,0.0,0.0,0.0,0.0,0.0,0.0,0.0,0.0,0.0,0.0,0.0,0.0,0.0,0.0,0.0,0.0,come
0.0,0.0,-0.2155386404232203,-0.23028834644716453,-0.3037050190328122,-0.6041303964664999,-0.22604496321024484,-0.8506443797302523,-0.04327103934675495,-0.9623605422312717,-0.24978415449329577,-0.3804129081137391,-0.2343250914811395,-0.8905167401935639,-0.2145751618512468,-0.9566451741890338,-0.19691476404311123,-0.8885174399486495,-0.03873460078446228,-0.3240494774197452,0.08989287959740407,-1.0,0.06013987209739749,-0.8924066050566513,0.00982524537464519,-0.6616444770646064,0.16453872723494145,-0.2904115138648841,0.22748459091949397,-0.8803463524608492,0.1851775562763559,-0.7584769015055257,0.14959119571307938,-0.5744347373156238,0.3382314874004625,-0.2657848700323308,0.3610231155937527,-0.7391318301752281,0.3081376781284445,-0.6528238800630306,0.2820002472818724,-0.4894331720739846,0.0,0.0,0.0,0.0,0.0,0.0,0.0,0.0,0.0,0.0,0.0,0.0,0.0,0.0,0.0,0.0,0.0,0.0,0.0,0.0,0.0,0.0,0.0,0.0,0.0,0.0,0.0,0.0,0.0,0.0,0.0,0.0,0.0,0.0,0.0,0.0,0.0,0.0,0.0,0.0,0.0,0.0,come
0.0,0.0,-0.1937159065470543,-0.2164446483697855,-0.27156845022965415,-0.5600812515975768,-0.22328142687458283,-0.8397626139680442,-0.10123596598882155,-1.0,-0.2158999696304463,-0.3412968547893058,-0.1650607924072033,-0.7656030669847116,-0.1649968326301916,-0.8725587834578243,-0.15459781207664922,-0.9038909091156517,-0.02702028409481379,-0.2730091328664572,0.06165404973122151,-0.8482765221576399,0.013402635188174427,-0.7801065134414193,-0.016254742265913454,-0.605697727454689,0.15071191541160725,-0.2393495063870188,0.18754106637278434,-0.7612154716432514,0.12656437789704336,-0.6781001950319584,0.10110600516531901,-0.5268881685979722,0.2957117918013999,-0.2243280310980601,0.3020076338942364,-0.6468465448452162,0.2372925871752482,-0.5812728040986876,0.2220609745338024,-0.4321478623032188,0.0,0.0,0.0,0.0,0.0,0.0,0.0,0.0,0.0,0.0,0.0,0.0,0.0,0.0,0.0,0.0,0.0,0.0,0.0,0.0,0.0,0.0,0.0,0.0,0.0,0.0,0.0,0.0,0.0,0.0,0.0,0.0,0.0,0.0,0.0,0.0,0.0,0.0,0.0,0.0,0.0,0.0,come
0.0,0.0,-0.20165851033407847,-0.2081766168763244,-0.3273685874886605,-0.5325186306181867,-0.30963727329434276,-0.793296379019978,-0.18339702083706236,-0.9451911340613939,-0.2422392071204889,-0.2661864748526828,-0.17573962387111955,-0.6391847405225887,-0.14156935643052204,-0.8522309940951139,-0.09532493294807261,-1.0,-0.034521215340082824,-0.19717923279880245,0.05618251261336309,-0.8179741626338546,0.025136760596057794,-0.828250179872528,-0.00032983472371415483,-0.7097949417991851,0.14882196689876304,-0.19323740288232383,0.19520620652298604,-0.7545565165699722,0.1350335382797125,-0.7240587687593499,0.1016510268862218,-0.5914112539326222,0.29648939496910554,-0.21307768874534014,0.3125820921327381,-0.6644213195218757,0.24931681282067103,-0.631787622095736,0.2255586253070501,-0.4984011461170172,0.0,0.0,0.0,0.0,0.0,0.0,0.0,0.0,0.0,0.0,0.0,0.0,0.0,0.0,0.0,0.0,0.0,0.0,0.0,0.0,0.0,0.0,0.0,0.0,0.0,0.0,0.0,0.0,0.0,0.0,0.0,0.0,0.0,0.0,0.0,0.0,0.0,0.0,0.0,0.0,0.0,0.0,come
0.0,0.0,-0.21926714793077962,-0.22502737742285878,-0.34451756321460497,-0.5749399323810938,-0.29839924048298655,-0.833751370103805,-0.15121976834829703,-0.958497996431197,-0.25685199821904997,-0.27217916396919134,-0.1875546993759279,-0.6456942376996357,-0.1494987256740319,-0.8565521655159356,-0.10134244286981463,-1.0,-0.03657049273444368,-0.20055262702458568,0.0631571629248801,-0.8295287631814711,0.04057134376428347,-0.8689246404694766,0.013054999898921716,-0.7792931028616987,0.155916826871637,-0.19598684700347266,0.20683797052557257,-0.7703503866367607,0.14814785139618694,-0.7494767349840814,0.10498988970633553,-0.6223192683312863,0.3153139516135792,-0.2150521835128007,0.33179045140575236,-0.6794721346895245,0.2662842045213056,-0.649864333221079,0.23603517228423607,-0.512359901801215,0.0,0.0,0.0,0.0,0.0,0.0,0.0,0.0,0.0,0.0,0.0,0.0,0.0,0.0,0.0,0.0,0.0,0.0,0.0,0.0,0.0,0.0,0.0,0.0,0.0,0.0,0.0,0.0,0.0,0.0,0.0,0.0,0.0,0.0,0.0,0.0,0.0,0.0,0.0,0.0,0.0,0.0,come
0.0,0.0,-0.2296730684286539,-0.23815117069692573,-0.36379491752265214,-0.5978867402629415,-0.30878230865988715,-0.8639141681927995,-0.15747085458476778,-1.0,-0.2727781187565726,-0.3155700843770869,-0.20510743037828794,-0.6277658573061646,-0.18673069531550282,-0.7675174409274917,-0.1759279632206118,-0.8690680029359101,-0.04281099058291933,-0.2246271796678848,0.08667524720043543,-0.8954357736569893,0.06086126831979804,-0.9021000249806028,0.025301545654119566,-0.7949911409848975,0.16660490446987355,-0.21898889769367824,0.2503421735991975,-0.8402352588249632,0.17682117141932285,-0.8057286643318351,0.1167312412492066,-0.6846080333868789,0.35012424127622754,-0.23802268326966863,0.38147627642332915,-0.7453712817916772,0.30703545866978565,-0.6967757376033069,0.2606268201236678,-0.5624837667440349,0.0,0.0,0.0,0.0,0.0,0.0,0.0,0.0,0.0,0.0,0.0,0.0,0.0,0.0,0.0,0.0,0.0,0.0,0.0,0.0,0.0,0.0,0.0,0.0,0.0,0.0,0.0,0.0,0.0,0.0,0.0,0.0,0.0,0.0,0.0,0.0,0.0,0.0,0.0,0.0,0.0,0.0,come
0.0,0.0,-0.22167912095992404,-0.263663632977087,-0.3272889325748839,-0.6472017984788839,-0.24899800655614326,-0.9048832075468638,-0.08391779571715048,-1.0,-0.2793215208132948,-0.33324493407361633,-0.18326883161049393,-0.7029073894752436,-0.1651817213038972,-0.8226932524061089,-0.168529539139786,-0.8594932965246386,-0.05463641952180055,-0.2388545294212741,0.09401504571620431,-0.9261309293060036,0.06993962898262995,-0.9072921549576846,0.024616084988724363,-0.752625079545817,0.15479588962365703,-0.23206454713897282,0.24886716483839696,-0.8626478254593112,0.18671640273945792,-0.8078862412364434,0.12521052270184904,-0.6600045524267084,0.33705056275455336,-0.25250721386619435,0.38011316727248545,-0.7573372737235768,0.3150027871448553,-0.6947973656479937,0.26849666650987286,-0.5434818927498009,0.0,0.0,0.0,0.0,0.0,0.0,0.0,0.0,0.0,0.0,0.0,0.0,0.0,0.0,0.0,0.0,0.0,0.0,0.0,0.0,0.0,0.0,0.0,0.0,0.0,0.0,0.0,0.0,0.0,0.0,0.0,0.0,0.0,0.0,0.0,0.0,0.0,0.0,0.0,0.0,0.0,0.0,come
0.0,0.0,-0.22836302117916144,-0.20954538562738248,-0.3502611794806459,-0.5781715427599364,-0.2831871849108897,-0.8545848191473466,-0.12760274852776113,-1.0,-0.2943244954515448,-0.32982388168045323,-0.1936082503162414,-0.7490662726937768,-0.17338641217294778,-0.8318313988284828,-0.18361042692656843,-0.8300078341461455,-0.0686662772065972,-0.24577535345152338,0.07221627086388316,-0.9283336603293644,0.048872744243333474,-0.9106241423233485,0.005122463911883329,-0.7752805309498304,0.14506075934807355,-0.23805705470776597,0.24239459055923476,-0.8600783524683339,0.17793472975773034,-0.8076148891153249,0.1166271015227742,-0.6703315904857639,0.3322793788047685,-0.25608109428189885,0.3786641556306653,-0.7579741398880766,0.31439127418658475,-0.69229526723464,0.26922317025082754,-0.5417907806931637,0.0,0.0,0.0,0.0,0.0,0.0,0.0,0.0,0.0,0.0,0.0,0.0,0.0,0.0,0.0,0.0,0.0,0.0,0.0,0.0,0.0,0.0,0.0,0.0,0.0,0.0,0.0,0.0,0.0,0.0,0.0,0.0,0.0,0.0,0.0,0.0,0.0,0.0,0.0,0.0,0.0,0.0,come
0.0,0.0,-0.20401085466326369,-0.23572287666765274,-0.3167766540869318,-0.5775735300618949,-0.26393734670579616,-0.8465899689350693,-0.1237780988323052,-1.0,-0.25549067660515407,-0.323352910698366,-0.19534566650911472,-0.6714688429885893,-0.15113340135602452,-0.8690346781835365,-0.09752056532767729,-0.9877493474141483,-0.055498154217158445,-0.25021656023279626,0.057100409424519445,-0.8692471333083911,0.04463035460806577,-0.870753518456439,0.01828111930757313,-0.726916346489299,0.13645126175860803,-0.2331825095623753,0.21172416301901512,-0.7941933816565588,0.16296015418027562,-0.7678214103736204,0.11329251635032915,-0.6347883772647249,0.30255264453579817,-0.23278462986957377,0.3355330817386357,-0.6908366159460582,0.27561795768732616,-0.6594788963347828,0.23373688860101205,-0.5227110991761238,0.0,0.0,0.0,0.0,0.0,0.0,0.0,0.0,0.0,0.0,0.0,0.0,0.0,0.0,0.0,0.0,0.0,0.0,0.0,0.0,0.0,0.0,0.0,0.0,0.0,0.0,0.0,0.0,0.0,0.0,0.0,0.0,0.0,0.0,0.0,0.0,0.0,0.0,0.0,0.0,0.0,0.0,come
0.0,0.0,-0.19969442843292498,-0.23733902901729023,-0.3449935843497888,-0.5858297500657025,-0.3331356738862056,-0.8499704062950669,-0.1906798049465657,-1.0,-0.24864882100004637,-0.39303918515721104,-0.15802789979659848,-0.8841627300413649,-0.12752374673972336,-0.9793023504910567,-0.11330372306475942,-0.9789702494926005,-0.03566993853785013,-0.30906980801636047,0.06740946313927372,-0.9304978588733632,0.050073680595584355,-0.942512571803383,0.020842029244764235,-0.8457193478784185,0.15940295804540205,-0.27644385257034576,0.22221835737269738,-0.8596043719177825,0.17752675580113914,-0.8064149324534727,0.13682492121228182,-0.6622985585215515,0.32884265424614456,-0.2743068668437872,0.3505172825028324,-0.7461456407810088,0.3022682249739951,-0.6844993584349789,0.2772723106720642,-0.5303763369618749,0.0,0.0,0.0,0.0,0.0,0.0,0.0,0.0,0.0,0.0,0.0,0.0,0.0,0.0,0.0,0.0,0.0,0.0,0.0,0.0,0.0,0.0,0.0,0.0,0.0,0.0,0.0,0.0,0.0,0.0,0.0,0.0,0.0,0.0,0.0,0.0,0.0,0.0,0.0,0.0,0.0,0.0,come
0.0,0.0,-0.1782565300769044,-0.20851587236735902,-0.31470066564889776,-0.5394509495535598,-0.32674156733711585,-0.7992241871939648,-0.21925368469282608,-0.969603391052749,-0.23748115954457674,-0.38435365068629285,-0.1742438400576466,-0.8319483963667754,-0.15105898933446166,-0.9606913061664012,-0.1328255815427316,-1.0,-0.03996549725722882,-0.30878498513124336,0.054525471324887526,-0.8948213794031517,0.04265460230289762,-0.9047285801315009,0.019980254097032156,-0.8059812664723359,0.14969630089282657,-0.27113400866371046,0.21042182933574535,-0.82351741897694,0.17219495317157443,-0.7742109122407609,0.14063009440655902,-0.6284453189238401,0.31522047209482135,-0.25598101027720044,0.34255838080359513,-0.7135414770485565,0.2976028765050453,-0.6610772978478799,0.2772573420806443,-0.5077110690591516,0.0,0.0,0.0,0.0,0.0,0.0,0.0,0.0,0.0,0.0,0.0,0.0,0.0,0.0,0.0,0.0,0.0,0.0,0.0,0.0,0.0,0.0,0.0,0.0,0.0,0.0,0.0,0.0,0.0,0.0,0.0,0.0,0.0,0.0,0.0,0.0,0.0,0.0,0.0,0.0,0.0,0.0,come
0.0,0.0,-0.16499860880496348,-0.2081377903619209,-0.28787253250542216,-0.4943559017195771,-0.3075433046987362,-0.7451630950986897,-0.22357229860450126,-0.9097822529552886,-0.21131189191515512,-0.31629069370589336,-0.16913328549223783,-0.6640699360750885,-0.1331980421181795,-0.8613138686131386,-0.0902661636345621,-1.0,-0.028629968142634524,-0.2523412611433221,0.05471700190463608,-0.7389637698783255,0.05851776676164826,-0.847484739391137,0.046315910367005254,-0.8637236886485491,0.140112856944115,-0.22768958535381892,0.20185376738618474,-0.7078723123162797,0.16736914509563716,-0.7600791579967192,0.12933422309764087,-0.7124620048621766,0.2822181754126795,-0.2213814166368911,0.30870029855646,-0.6243240443541002,0.2646046704118838,-0.6604172984593766,0.23450043587441613,-0.5971146715028209,0.0,0.0,0.0,0.0,0.0,0.0,0.0,0.0,0.0,0.0,0.0,0.0,0.0,0.0,0.0,0.0,0.0,0.0,0.0,0.0,0.0,0.0,0.0,0.0,0.0,0.0,0.0,0.0,0.0,0.0,0.0,0.0,0.0,0.0,0.0,0.0,0.0,0.0,0.0,0.0,0.0,0.0,come
0.0,0.0,-0.15848236358250906,-0.21334578753462963,-0.2522619083070417,-0.5111611572586906,-0.23231180997901593,-0.7323179476664399,-0.11814104905808094,-0.8501463156485342,-0.20266302891237223,-0.3197332788367309,-0.1584424686142534,-0.6306223774173112,-0.11856727735141057,-0.841201204532523,-0.06560403596139258,-1.0,-0.038008538659815495,-0.25417163838291484,0.05334559658435422,-0.773563434477118,0.027411707661493354,-0.735587061845839,-0.00825848575067668,-0.594178380746211,0.11738861404425636,-0.2363491580343124,0.15901861560595684,-0.6976668376884014,0.11896315819025513,-0.636022405741602,0.09094325116939994,-0.5112279898550847,0.24780321937617908,-0.23331463990756188,0.25446965720561093,-0.5946975836379256,0.206707196620362,-0.5430546270093254,0.18575176782446942,-0.4204638682297614,0.0,0.0,0.0,0.0,0.0,0.0,0.0,0.0,0.0,0.0,0.0,0.0,0.0,0.0,0.0,0.0,0.0,0.0,0.0,0.0,0.0,0.0,0.0,0.0,0.0,0.0,0.0,0.0,0.0,0.0,0.0,0.0,0.0,0.0,0.0,0.0,0.0,0.0,0.0,0.0,0.0,0.0,come
