0,1,2,3,4,5,6,7,8,9,10,11,12,13,14,15,16,17,18,19,20,21,22,23,24,25,26,27,28,29,30,31,32,33,34,35,36,37,38,39,40,41,42,43,44,45,46,47,48,49,50,51,52,53,54,55,56,57,58,59,60,61,62,63,64,65,66,67,68,69,70,71,72,73,74,75,76,77,78,79,80,81,82,83,84
0.0,0.0,0.06764705985195846,-0.3092875103195142,0.01996067657549828,-0.5953218901678501,-0.13607177661385664,-0.7549957637979029,-0.2830636185592857,-0.7976165375175751,0.032705648117940904,-0.7424434581535614,-0.16108512510870238,-0.9354827994110227,-0.26602947053942605,-0.98499443856423,-0.3295125342978517,-1.0,-0.10493507928498923,-0.6770660795077263,-0.2819943403081186,-0.9078987073901533,-0.36188302767290714,-0.9663572473323117,-0.4127456009410208,-0.9928650677844786,-0.23601432651030307,-0.5811327985543414,-0.3857157293348341,-0.8165439514272137,-0.4420584410566483,-0.8937456313619521,-0.4729272943239088,-0.9442852881928673,-0.35159882973824363,-0.4677480433571701,-0.42324274539463813,-0.6854300872800995,-0.4468173936395078,-0.7848775102950376,-0.4624023514330881,-0.8715397501917043,0.0,0.0,0.0,0.0,0.0,0.0,0.0,0.0,0.0,0.0,0.0,0.0,0.0,0.0,0.0,0.0,0.0,0.0,0.0,0.0,0.0,0.0,0.0,0.0,0.0,0.0,0.0,0.0,0.0,0.0,0.0,0.0,0.0,0.0,0.0,0.0,0.0,0.0,0.0,0.0,0.0,0.0,eat
0.0,0.0,0.06470998321530642,-0.32367698390692834,0.01685582393647161,-0.6011672285159548,-0.13096377151132338,-0.74801378824077,-0.2760836935027249,-0.7751299941887185,0.027653136589975938,-0.7490275685398007,-0.17131782115962516,-0.9328919567789824,-0.27573512020167873,-0.9828410087942678,-0.34358761516816977,-0.9999830806421484,-0.10702046310008904,-0.6799993508491273,-0.2898539790358797,-0.9115007090592112,-0.37326589530508536,-0.9703013475750589,-0.4309451947469883,-1.0,-0.23585274081511942,-0.5805366613134739,-0.3879135703954054,-0.8226126181808514,-0.4488964607811011,-0.9004772294793223,-0.4874344418044875,-0.9524369227348174,-0.34842050888594317,-0.45941995607182234,-0.4207429946089401,-0.6797455604813523,-0.4453984698685228,-0.7741500526053912,-0.46557273234853463,-0.8527566985982139,0.0,0.0,0.0,0.0,0.0,0.0,0.0,0.0,0.0,0.0,0.0,0.0,0.0,0.0,0.0,0.0,0.0,0.0,0.0,0.0,0.0,0.0,0.0,0.0,0.0,0.0,0.0,0.0,0.0,0.0,0.0,0.0,0.0,0.0,0.0,0.0,0.0,0.0,0.0,0.0,0.0,0.0,eat
0.0,0.0,0.06238837992676688,-0.3200762046453983,0.01147343337919724,-0.5928270006974742,-0.14243998433437627,-0.7383316644925549,-0.2887275954369363,-0.7703530407903861,0.0323605978178307,-0.7394241180490889,-0.17241534736984795,-0.9237733185580548,-0.2837214069813525,-0.9733817948223978,-0.35708073171684485,-0.9912680507750511,-0.10351999086505828,-0.6650411189235192,-0.29124070604819285,-0.8984866246223406,-0.37733886727390437,-0.962336061017137,-0.43685788721752544,-1.0,-0.23267457805149958,-0.5631911930614508,-0.39158967684809787,-0.8046998874492378,-0.45113991452018354,-0.8815455813892924,-0.48818116833100006,-0.9330060869562314,-0.3441861404637519,-0.44493910539672726,-0.414544556713264,-0.6670290371617843,-0.43251645274453915,-0.7562509745106413,-0.44606311056117454,-0.8302096128567628,0.0,0.0,0.0,0.0,0.0,0.0,0.0,0.0,0.0,0.0,0.0,0.0,0.0,0.0,0.0,0.0,0.0,0.0,0.0,0.0,0.0,0.0,0.0,0.0,0.0,0.0,0.0,0.0,0.0,0.0,0.0,0.0,0.0,0.0,0.0,0.0,0.0,0.0,0.0,0.0,0.0,0.0,eat
0.0,0.0,0.04814339700902567,-0.3237193727977497,-0.012589781078039063,-0.5999364090041005,-0.1565104200645387,-0.7436015852424939,-0.30177447034400257,-0.7667213073100116,-0.0028677753658370767,-0.7786586969614354,-0.20585147038726642,-0.9495031867604371,-0.318189153683505,-0.984768377008078,-0.3899695504885725,-1.0,-0.12956528068969447,-0.7000668186166418,-0.3104351382142742,-0.9268154164901203,-0.3923794500820983,-0.97369386085933,-0.4481877596260355,-0.9941143992402044,-0.24935533426133152,-0.5876827811927227,-0.39610305999048195,-0.8240362976855212,-0.4478888613434731,-0.8678546828999967,-0.47367926789320836,-0.8848281910009813,-0.3535097972024082,-0.46149860491243877,-0.40955846148246683,-0.6755739842780534,-0.4176967011655831,-0.7595999398426432,-0.42058233145467494,-0.8269816732947346,0.0,0.0,0.0,0.0,0.0,0.0,0.0,0.0,0.0,0.0,0.0,0.0,0.0,0.0,0.0,0.0,0.0,0.0,0.0,0.0,0.0,0.0,0.0,0.0,0.0,0.0,0.0,0.0,0.0,0.0,0.0,0.0,0.0,0.0,0.0,0.0,0.0,0.0,0.0,0.0,0.0,0.0,eat
0.0,0.0,0.05249773227938318,-0.3317272035489483,-0.0005117880115467646,-0.6106595965249422,-0.14134895602138411,-0.7559529389383484,-0.284175721466009,-0.7734109413039463,0.014460337635339496,-0.794003774479665,-0.18549541079517726,-0.9623675554661028,-0.29048949680037717,-0.988164083716801,-0.3534685441647206,-0.9971436370103033,-0.11315029818113642,-0.723024808449982,-0.29290368873363315,-0.941995290861017,-0.372884954190665,-0.9813336954334034,-0.42675262407671377,-1.0,-0.23324850633721075,-0.6149982492369706,-0.3770723106487749,-0.8526967264867011,-0.43459314748593186,-0.8977985188820482,-0.46778199691755423,-0.9236432965075724,-0.3401911778085961,-0.48898880338793327,-0.41294554851267856,-0.7110913595019561,-0.4404871532593142,-0.8112405189978467,-0.46407523869655004,-0.8980738849569477,0.0,0.0,0.0,0.0,0.0,0.0,0.0,0.0,0.0,0.0,0.0,0.0,0.0,0.0,0.0,0.0,0.0,0.0,0.0,0.0,0.0,0.0,0.0,0.0,0.0,0.0,0.0,0.0,0.0,0.0,0.0,0.0,0.0,0.0,0.0,0.0,0.0,0.0,0.0,0.0,0.0,0.0,eat
0.0,0.0,0.04937174053857704,-0.3292409984997639,0.00711514688876103,-0.5863691304561998,-0.1102172544238869,-0.72594637686453,-0.24128735468871526,-0.7384807370290902,0.022603735611288398,-0.7567057402711684,-0.17675408158375602,-0.9335355541205892,-0.2825942791310359,-0.977708241111428,-0.35683652922377446,-0.9934042558182319,-0.09694869340060325,-0.6914875257900199,-0.28643685386722123,-0.9260400704109012,-0.37499970678879446,-0.9788737137662158,-0.43968410932656254,-1.0,-0.21326876208239604,-0.5902871023595292,-0.3832012430814722,-0.8362360125688754,-0.4477641724055081,-0.8920831969203106,-0.48500082266686817,-0.9234675190679436,-0.3186272555062551,-0.46458025391755303,-0.41450279589450695,-0.6921195215999479,-0.4400669593863944,-0.7828169520980016,-0.4540859735466526,-0.8591433474398641,0.0,0.0,0.0,0.0,0.0,0.0,0.0,0.0,0.0,0.0,0.0,0.0,0.0,0.0,0.0,0.0,0.0,0.0,0.0,0.0,0.0,0.0,0.0,0.0,0.0,0.0,0.0,0.0,0.0,0.0,0.0,0.0,0.0,0.0,0.0,0.0,0.0,0.0,0.0,0.0,0.0,0.0,eat
0.0,0.0,0.047475788144676005,-0.3246022039198202,-0.003146018223408464,-0.589432069905268,-0.13620193694842592,-0.7337348615236515,-0.2747669857871874,-0.7536927807266469,0.017204860378914614,-0.7705247648101176,-0.18946868809801626,-0.9350636266202881,-0.2952229659665027,-0.9732824427480916,-0.36551131917206736,-0.9966511424273644,-0.1061870687571839,-0.7048523456730618,-0.29748532761902086,-0.9228875754538949,-0.3802302260085567,-0.9695710851503522,-0.4383063784607372,-1.0,-0.22342620430006033,-0.6005500762153793,-0.38832622726174243,-0.8320704408174359,-0.4544113541836118,-0.891057529389949,-0.4955654833032421,-0.935213915181019,-0.32837481498440546,-0.47197034662767867,-0.424262933351542,-0.6805789021638206,-0.4569019937836099,-0.768358467337844,-0.4823101326622899,-0.848588124325124,0.0,0.0,0.0,0.0,0.0,0.0,0.0,0.0,0.0,0.0,0.0,0.0,0.0,0.0,0.0,0.0,0.0,0.0,0.0,0.0,0.0,0.0,0.0,0.0,0.0,0.0,0.0,0.0,0.0,0.0,0.0,0.0,0.0,0.0,0.0,0.0,0.0,0.0,0.0,0.0,0.0,0.0,eat
0.0,0.0,0.05623193637870687,-0.34207233955147237,0.0071047650268235485,-0.6056132692362222,-0.12762400142192123,-0.7462721250184138,-0.26822614633755,-0.7588567504258502,0.025004996780620927,-0.7922425067309574,-0.18194471243786875,-0.9547734297141427,-0.2873200726729007,-0.9826578861646925,-0.3546057868598156,-0.9999398311537687,-0.10384762481750512,-0.7306102435040123,-0.29511747102731734,-0.9430183736291704,-0.3741369747242434,-0.9765780663116013,-0.4231002378398416,-1.0,-0.22586900758058304,-0.625761879370454,-0.3892640796829171,-0.8529404238514839,-0.45229250220100403,-0.8958359700428306,-0.48735243936259753,-0.9295858516070269,-0.33276172929413644,-0.49929803012730206,-0.41432665182501793,-0.7106231210202977,-0.44204322336266394,-0.8023605552408795,-0.4658785585204273,-0.8903969138223055,0.0,0.0,0.0,0.0,0.0,0.0,0.0,0.0,0.0,0.0,0.0,0.0,0.0,0.0,0.0,0.0,0.0,0.0,0.0,0.0,0.0,0.0,0.0,0.0,0.0,0.0,0.0,0.0,0.0,0.0,0.0,0.0,0.0,0.0,0.0,0.0,0.0,0.0,0.0,0.0,0.0,0.0,eat
0.0,0.0,0.04911061427518332,-0.338295066634862,-0.002280571244520093,-0.5958190313316596,-0.13184019762030863,-0.7361363235129624,-0.26991128379079526,-0.7516788427406476,0.023518285673470984,-0.7628421530694892,-0.1829574720125494,-0.9285587220984625,-0.2904428263585386,-0.9678802984789004,-0.3615423049503456,-0.9873596584500066,-0.10540491005068535,-0.697579878953518,-0.29779193266031384,-0.9207840933440606,-0.3801913402306379,-0.9683610748366978,-0.437554495848545,-1.0,-0.22649283249037436,-0.5944518340927376,-0.38802290746049006,-0.8293274252084487,-0.45265313080755604,-0.889301833216761,-0.4945809058675604,-0.932522852880413,-0.3317880770158579,-0.46705250064350584,-0.41259455492979386,-0.6749321792005434,-0.441797759925825,-0.7691421090011307,-0.46778495180107516,-0.8565618729187134,0.0,0.0,0.0,0.0,0.0,0.0,0.0,0.0,0.0,0.0,0.0,0.0,0.0,0.0,0.0,0.0,0.0,0.0,0.0,0.0,0.0,0.0,0.0,0.0,0.0,0.0,0.0,0.0,0.0,0.0,0.0,0.0,0.0,0.0,0.0,0.0,0.0,0.0,0.0,0.0,0.0,0.0,eat
0.0,0.0,0.04796702466694927,-0.32870255453687,0.004340856019735157,-0.5796570038311065,-0.11962408972122827,-0.7170088620542104,-0.25281243948388865,-0.727697629398835,0.023211235250705564,-0.7513670402389301,-0.1796277897303452,-0.9118908710260671,-0.28279815185875545,-0.9524761778639634,-0.3522541773169477,-0.9784011967799273,-0.09966167542535131,-0.6903321956027122,-0.2840096386568435,-0.9033026574184184,-0.3660431996028479,-0.9601819792253805,-0.42863490958601824,-1.0,-0.21904187066072447,-0.5879184720293286,-0.3729687382503083,-0.8155029716530057,-0.4383971773455629,-0.8774202285354552,-0.48473979153509783,-0.9259003300062089,-0.32825818743474244,-0.45932851489220394,-0.410526659031516,-0.6697532240322247,-0.4414140822613178,-0.7632306935720328,-0.47063916326556415,-0.8490209948898615,0.0,0.0,0.0,0.0,0.0,0.0,0.0,0.0,0.0,0.0,0.0,0.0,0.0,0.0,0.0,0.0,0.0,0.0,0.0,0.0,0.0,0.0,0.0,0.0,0.0,0.0,0.0,0.0,0.0,0.0,0.0,0.0,0.0,0.0,0.0,0.0,0.0,0.0,0.0,0.0,0.0,0.0,eat
0.0,0.0,0.04706571032552381,-0.3316726325846779,-0.0030086393669846996,-0.5898463888253421,-0.13454031031744965,-0.731405175546016,-0.2732411755998439,-0.7449899745663495,0.021269731264550337,-0.7527495929270229,-0.1842849645409159,-0.9210968093552772,-0.28955470926242416,-0.963218769764907,-0.3611689386497288,-0.9850594124692172,-0.10411547415591231,-0.691719260943871,-0.29135054029686047,-0.9147881874823377,-0.3736278949280726,-0.9661678620930952,-0.4366604540377602,-1.0,-0.2246635760519977,-0.5913777906366486,-0.3797233922299525,-0.8320245320342883,-0.43982653981241,-0.8865756752028636,-0.48165026039213577,-0.9242376633338267,-0.33504797405498515,-0.4641678217222215,-0.4194348750521457,-0.6802875751907523,-0.44843731076152926,-0.7737239439652273,-0.47605553013685725,-0.8554514136534295,0.0,0.0,0.0,0.0,0.0,0.0,0.0,0.0,0.0,0.0,0.0,0.0,0.0,0.0,0.0,0.0,0.0,0.0,0.0,0.0,0.0,0.0,0.0,0.0,0.0,0.0,0.0,0.0,0.0,0.0,0.0,0.0,0.0,0.0,0.0,0.0,0.0,0.0,0.0,0.0,0.0,0.0,eat
0.0,0.0,0.05313717714287261,-0.3151016535536447,0.012495381229587741,-0.5675995116623107,-0.09822246705277106,-0.7084557674061662,-0.22326493267084713,-0.7230855957976972,0.019201565171019702,-0.7493526953993663,-0.18045045362077763,-0.9238586392324111,-0.28346392215832267,-0.9705434110279318,-0.3478708991071054,-0.9939022079414428,-0.09946056822042329,-0.6860010990304981,-0.2854214010473273,-0.9162557709252294,-0.36238162074514807,-0.9713301246695802,-0.41136884113189315,-1.0,-0.21551182743596997,-0.5843221675263558,-0.37538845043467195,-0.8213256581663244,-0.43325690649984505,-0.8753984323927058,-0.46229306893438704,-0.9110299621159315,-0.3214684509219269,-0.46081963041715784,-0.4035049192442676,-0.672798183080615,-0.4281715218459381,-0.7651258809500929,-0.4433043394109359,-0.847539971820425,0.0,0.0,0.0,0.0,0.0,0.0,0.0,0.0,0.0,0.0,0.0,0.0,0.0,0.0,0.0,0.0,0.0,0.0,0.0,0.0,0.0,0.0,0.0,0.0,0.0,0.0,0.0,0.0,0.0,0.0,0.0,0.0,0.0,0.0,0.0,0.0,0.0,0.0,0.0,0.0,0.0,0.0,eat
0.0,0.0,0.04738441971128266,-0.3147991600537208,0.004120239104796558,-0.5741003426518562,-0.12358913707777652,-0.7106216731390538,-0.2561415310148527,-0.7173691658753621,0.018486967773223856,-0.7399376286113465,-0.19698089613196523,-0.9184769811366128,-0.3074427830852428,-0.9705010118567095,-0.37860040794909555,-0.9958216446821494,-0.10088907785935944,-0.6780007755508431,-0.2992547430678881,-0.9061894100903773,-0.387830865787954,-0.9645992102207047,-0.4525332489868908,-1.0,-0.21803399531262682,-0.5855415545953392,-0.38770060531041906,-0.8194993922847721,-0.45310338907702435,-0.8790945627606671,-0.49432114418131456,-0.9187515301431095,-0.3313786468341193,-0.46705061220754435,-0.4342253058699713,-0.6794085907118935,-0.4693301705644053,-0.7640338129479582,-0.494465933712113,-0.8350792134003964,0.0,0.0,0.0,0.0,0.0,0.0,0.0,0.0,0.0,0.0,0.0,0.0,0.0,0.0,0.0,0.0,0.0,0.0,0.0,0.0,0.0,0.0,0.0,0.0,0.0,0.0,0.0,0.0,0.0,0.0,0.0,0.0,0.0,0.0,0.0,0.0,0.0,0.0,0.0,0.0,0.0,0.0,eat
0.0,0.0,0.04496694496582348,-0.3217517519864796,0.004519600056686164,-0.5721934656622205,-0.10998067300885603,-0.706498212244823,-0.23457944338129566,-0.7116227365891175,0.02188262633656832,-0.7530097532146798,-0.18433096563248402,-0.9080827740332511,-0.294736105177982,-0.9476152559186574,-0.37208043318016515,-0.9653565298008474,-0.09951276407239108,-0.6981444797090383,-0.2871174576051727,-0.9215844802256028,-0.37838727864613864,-0.9726421291703667,-0.44857327927077395,-1.0,-0.2171249987680615,-0.6036940483266536,-0.37740444660132805,-0.8357324698548896,-0.4454665852397794,-0.8845393246666035,-0.490511354734739,-0.91462479231216,-0.3270030385550874,-0.4793103999059309,-0.4234558372984761,-0.6797765314524946,-0.4623939300945415,-0.7589770934203609,-0.49468601200944634,-0.8293406631125666,0.0,0.0,0.0,0.0,0.0,0.0,0.0,0.0,0.0,0.0,0.0,0.0,0.0,0.0,0.0,0.0,0.0,0.0,0.0,0.0,0.0,0.0,0.0,0.0,0.0,0.0,0.0,0.0,0.0,0.0,0.0,0.0,0.0,0.0,0.0,0.0,0.0,0.0,0.0,0.0,0.0,0.0,eat
0.0,0.0,0.06835946357810996,-0.33377112139990905,0.04050301627620322,-0.6227658152168102,-0.07321175803864063,-0.7680684365250935,-0.20247120425025597,-0.777561014100045,0.03867824383812067,-0.8321253602810201,-0.16955229471863145,-1.0,-0.262327353630132,-0.9900277237097634,-0.2984647797533958,-0.9687546895987971,-0.09421710478043183,-0.7780705787614777,-0.304500650598296,-0.9929180836091631,-0.36163273071719937,-0.9397419508509767,-0.35962101957915565,-0.8896139881767725,-0.2196714082236067,-0.6785329109821508,-0.4017633444550184,-0.9109419608800351,-0.4407992422161417,-0.8758878205565463,-0.43101390462586636,-0.8410342614022467,-0.3274631386012192,-0.5528699146313271,-0.443524417623268,-0.749536063867404,-0.46130055502726836,-0.7706796788783973,-0.4558634779668591,-0.7778445562307553,0.0,0.0,0.0,0.0,0.0,0.0,0.0,0.0,0.0,0.0,0.0,0.0,0.0,0.0,0.0,0.0,0.0,0.0,0.0,0.0,0.0,0.0,0.0,0.0,0.0,0.0,0.0,0.0,0.0,0.0,0.0,0.0,0.0,0.0,0.0,0.0,0.0,0.0,0.0,0.0,0.0,0.0,eat
0.0,0.0,0.05485402086011936,-0.31680750904145843,0.025217654613895035,-0.5750377823939171,-0.06719216833004894,-0.7304695269869849,-0.18207354425854572,-0.756933949335023,0.01878080606541566,-0.7822442229335542,-0.1989975276541149,-0.9167645830471031,-0.3126916033884194,-0.9417395827566007,-0.3913917660013821,-0.9523258301702754,-0.10132106798233473,-0.7248720593472378,-0.2957683035277922,-0.9293173604888095,-0.39253190228457885,-0.9743219846026919,-0.46663050766823677,-1.0,-0.21775304292667788,-0.6234997262442558,-0.38798092664097944,-0.8443379041314902,-0.46671526600104035,-0.8918992906957908,-0.5167107204936763,-0.9206347578885059,-0.3251480024033089,-0.4862483022700879,-0.4535223580861842,-0.6946328152822008,-0.4993711478533927,-0.7645936418946768,-0.5293892683647041,-0.8183690446163763,0.0,0.0,0.0,0.0,0.0,0.0,0.0,0.0,0.0,0.0,0.0,0.0,0.0,0.0,0.0,0.0,0.0,0.0,0.0,0.0,0.0,0.0,0.0,0.0,0.0,0.0,0.0,0.0,0.0,0.0,0.0,0.0,0.0,0.0,0.0,0.0,0.0,0.0,0.0,0.0,0.0,0.0,eat
0.0,0.0,0.05134722547029654,-0.31317478033737395,0.019940941486253656,-0.572328952239785,-0.06721025226344379,-0.732149663082838,-0.18077891511514774,-0.7634574253024345,0.015837458861197494,-0.7813897500547153,-0.19387855982316538,-0.9180612553104595,-0.3046715679824038,-0.9439083890771067,-0.3811234344755267,-0.9490581114775469,-0.10065787993435518,-0.7284409493270861,-0.29662721477949194,-0.9364231213194962,-0.39515920639866475,-0.9800740583671569,-0.47024983619478267,-1.0,-0.21569823294908708,-0.6279801129216237,-0.3857665709176024,-0.8540354037449179,-0.4653230661609443,-0.9068812509332295,-0.5175353399955409,-0.9374639066027309,-0.3230419566354238,-0.4933063154155539,-0.4530565951287294,-0.7047722033625581,-0.5018078232417275,-0.7843965388520067,-0.5356577197086483,-0.8488740905486606,0.0,0.0,0.0,0.0,0.0,0.0,0.0,0.0,0.0,0.0,0.0,0.0,0.0,0.0,0.0,0.0,0.0,0.0,0.0,0.0,0.0,0.0,0.0,0.0,0.0,0.0,0.0,0.0,0.0,0.0,0.0,0.0,0.0,0.0,0.0,0.0,0.0,0.0,0.0,0.0,0.0,0.0,eat
0.0,0.0,0.040640546532853865,-0.2891675872172734,0.0006549619636323752,-0.5687937261538221,-0.14547833376422936,-0.7226063725605409,-0.28891030311577,-0.7441474134486568,0.04411873927656474,-0.6922186444794384,-0.19254565539285967,-0.9209413903056228,-0.3278410542067204,-0.9766084565304252,-0.4140675801662475,-0.9882351282111547,-0.0819050305152733,-0.5999282362250374,-0.28831519652776144,-0.8878460682695999,-0.38827242030382086,-0.9627035200288309,-0.4623182206344356,-1.0,-0.21189868459194147,-0.49350224457658587,-0.39018434515555345,-0.7966427715232567,-0.46870848708487084,-0.8880275146700511,-0.5207718523045103,-0.9467556662827775,-0.33893999576938444,-0.3826942753503968,-0.44740890466229505,-0.6424029896349919,-0.4912377684286397,-0.774586849053204,-0.5261439506114807,-0.8881444050109291,0.0,0.0,0.0,0.0,0.0,0.0,0.0,0.0,0.0,0.0,0.0,0.0,0.0,0.0,0.0,0.0,0.0,0.0,0.0,0.0,0.0,0.0,0.0,0.0,0.0,0.0,0.0,0.0,0.0,0.0,0.0,0.0,0.0,0.0,0.0,0.0,0.0,0.0,0.0,0.0,0.0,0.0,eat
0.0,0.0,0.043831514778726335,-0.3024087890778528,0.010686866386374037,-0.5707870400673802,-0.14016424825355095,-0.7199177832194439,-0.28627328262481583,-0.736307340361272,0.04694976282126578,-0.6756860638850806,-0.18275928338577238,-0.8858804305949957,-0.3070283272495665,-0.924322185290226,-0.38607754404118133,-0.9122455121945825,-0.08295771191787647,-0.5908624243788236,-0.27648187019563997,-0.8886471920375134,-0.36542890182255966,-0.9724337069671758,-0.4323034118409738,-1.0,-0.20932551335424918,-0.48440472486459846,-0.36942377418301037,-0.8005624383366674,-0.438996302516387,-0.914557074579419,-0.4877335360956713,-0.9782374202318198,-0.3307151168229676,-0.3642841793071829,-0.4327373901940618,-0.6389787281863859,-0.46524362414964004,-0.771947962050207,-0.49400051826340513,-0.881848795605461,0.0,0.0,0.0,0.0,0.0,0.0,0.0,0.0,0.0,0.0,0.0,0.0,0.0,0.0,0.0,0.0,0.0,0.0,0.0,0.0,0.0,0.0,0.0,0.0,0.0,0.0,0.0,0.0,0.0,0.0,0.0,0.0,0.0,0.0,0.0,0.0,0.0,0.0,0.0,0.0,0.0,0.0,eat
0.0,0.0,0.035887882021692866,-0.2983712265089442,-0.0008687997781274681,-0.5592387601666455,-0.13094549050108223,-0.7213341291804584,-0.26747939539735077,-0.7541025316379378,0.03124031568602625,-0.6988282356913319,-0.1680114674335739,-0.9054090473348165,-0.283114776831202,-0.9473691826288277,-0.36004154080826717,-0.9502830683524156,-0.09079048118605339,-0.6267865863584567,-0.26323487739733875,-0.8905022880604844,-0.35246652317301835,-0.9632849192998957,-0.42215107831256293,-1.0,-0.20853606333013788,-0.5296483199787774,-0.344398622943308,-0.8092264004196285,-0.4130681715412303,-0.9128273072030194,-0.4629653746209175,-0.9812972911052026,-0.3166841511868372,-0.4192136789239182,-0.40029512664218836,-0.6664737340303025,-0.43997654662639196,-0.7846871778175701,-0.47597355617052833,-0.885491164288169,0.0,0.0,0.0,0.0,0.0,0.0,0.0,0.0,0.0,0.0,0.0,0.0,0.0,0.0,0.0,0.0,0.0,0.0,0.0,0.0,0.0,0.0,0.0,0.0,0.0,0.0,0.0,0.0,0.0,0.0,0.0,0.0,0.0,0.0,0.0,0.0,0.0,0.0,0.0,0.0,0.0,0.0,eat
0.0,0.0,0.04238169579157644,-0.3383562471672458,0.014039717312114956,-0.589938728575985,-0.09175336992832082,-0.7345221668261402,-0.21710463144818787,-0.7422571385405651,0.01755350757919122,-0.7811696966644844,-0.19116348558862534,-0.9199704554229406,-0.29615081163653456,-0.9375860737607224,-0.36939718990784104,-0.9470933843648756,-0.10605798123247889,-0.7234902888989609,-0.2960494200198083,-0.9396283426499471,-0.38801631666414865,-0.9766725420086955,-0.45859730405734334,-1.0,-0.22180524080508973,-0.6223001124708332,-0.3772382535126152,-0.8527045038693324,-0.45447885716204195,-0.9055020060096356,-0.505706300045324,-0.9447714491950782,-0.3259680045659801,-0.49514327441204614,-0.43427187725571165,-0.7087730607174632,-0.47751456245488577,-0.792967047724564,-0.5124845982105387,-0.8608020681203942,0.0,0.0,0.0,0.0,0.0,0.0,0.0,0.0,0.0,0.0,0.0,0.0,0.0,0.0,0.0,0.0,0.0,0.0,0.0,0.0,0.0,0.0,0.0,0.0,0.0,0.0,0.0,0.0,0.0,0.0,0.0,0.0,0.0,0.0,0.0,0.0,0.0,0.0,0.0,0.0,0.0,0.0,eat
0.0,0.0,0.03667349768443336,-0.3150674226399603,0.004946690033913283,-0.5766056051715696,-0.1152240469411274,-0.7237055001508539,-0.2403711501334604,-0.729867594761824,0.022638311623006956,-0.7548410922813896,-0.20995602978829342,-0.9265649652871089,-0.32796798929019516,-0.9676433977911028,-0.40711667850966204,-0.9822562802223076,-0.09165192474779366,-0.6776727936994166,-0.30225093850929935,-0.9200395022974311,-0.4031740326800726,-0.9749229655739786,-0.4820757501067518,-1.0,-0.20471719421578213,-0.5760556065729449,-0.3859239267525847,-0.84282306235131,-0.4704103721558263,-0.9062130387257706,-0.5262774360437031,-0.9388716785343922,-0.31657398354950234,-0.45329150090594794,-0.452550255792214,-0.693090230435564,-0.5086956163331119,-0.7879623508153532,-0.5504505009504622,-0.8607844074737819,0.0,0.0,0.0,0.0,0.0,0.0,0.0,0.0,0.0,0.0,0.0,0.0,0.0,0.0,0.0,0.0,0.0,0.0,0.0,0.0,0.0,0.0,0.0,0.0,0.0,0.0,0.0,0.0,0.0,0.0,0.0,0.0,0.0,0.0,0.0,0.0,0.0,0.0,0.0,0.0,0.0,0.0,eat
0.0,0.0,0.023856307821870308,-0.3194462080830142,-0.028422328887082925,-0.5814617600830745,-0.1618001215891622,-0.7202333082191201,-0.2966875889069799,-0.730488748926532,0.01898678415478131,-0.729621509053815,-0.21090671715846315,-0.9167186352165231,-0.3351001072605786,-0.9675462284941913,-0.4186122343529202,-0.9897213576474033,-0.0990252487200687,-0.6386798389304167,-0.30531515202250936,-0.8895761592435512,-0.41034680502372056,-0.958197219627714,-0.4914807634846237,-1.0,-0.2180120642284246,-0.5281889015243795,-0.39388053472894363,-0.7826234727281906,-0.4813805229713532,-0.8666463495503427,-0.5452287854659879,-0.9299843326187853,-0.33152924865234495,-0.403687932855693,-0.45569316639436086,-0.6445689808426524,-0.5047762467827314,-0.7510087228779823,-0.5430771464108466,-0.8471575946666315,0.0,0.0,0.0,0.0,0.0,0.0,0.0,0.0,0.0,0.0,0.0,0.0,0.0,0.0,0.0,0.0,0.0,0.0,0.0,0.0,0.0,0.0,0.0,0.0,0.0,0.0,0.0,0.0,0.0,0.0,0.0,0.0,0.0,0.0,0.0,0.0,0.0,0.0,0.0,0.0,0.0,0.0,eat
0.0,0.0,0.024897535663237373,-0.30948344370056513,-0.025688280667104553,-0.5676531848287494,-0.16320989026439245,-0.7026999204700013,-0.2939163346843412,-0.714642781551834,0.018215072316424327,-0.7221806706574389,-0.21137822542123721,-0.8996479605672107,-0.33685403132674197,-0.9465184293083381,-0.4234284626295551,-0.9714466351886992,-0.09408225752232625,-0.6421225976641441,-0.2976189283218806,-0.8762098413742444,-0.40176587570909694,-0.9500257660190392,-0.48261378270971067,-1.0,-0.20907401148523716,-0.5371991775523163,-0.38047801203547904,-0.783788937890381,-0.46674634849808555,-0.8687223607443084,-0.5279012431155232,-0.9325759308031315,-0.32209193959364085,-0.41353321812263655,-0.44075941279591824,-0.639293042385329,-0.49437975862842787,-0.7424026683696229,-0.5379194721564533,-0.8354636987613787,0.0,0.0,0.0,0.0,0.0,0.0,0.0,0.0,0.0,0.0,0.0,0.0,0.0,0.0,0.0,0.0,0.0,0.0,0.0,0.0,0.0,0.0,0.0,0.0,0.0,0.0,0.0,0.0,0.0,0.0,0.0,0.0,0.0,0.0,0.0,0.0,0.0,0.0,0.0,0.0,0.0,0.0,eat
0.0,0.0,0.030420736477306587,-0.31324941818664825,-0.004386567528043061,-0.5667193298450097,-0.11739298012125476,-0.7169875791701845,-0.24502574469008628,-0.7323958830688153,0.000711132404107271,-0.7543496075717488,-0.19546024038820844,-0.9177893083413318,-0.305158369741202,-0.9434918983449446,-0.3818366536373982,-0.9466676805497944,-0.11842067903843412,-0.6946340670605363,-0.2960784588889429,-0.9262005132293799,-0.38699440329986323,-0.9763554186885857,-0.4580900204201719,-1.0,-0.23024600481638,-0.5938823684527437,-0.372769144359878,-0.8506576261362535,-0.4435860524057913,-0.9080534194568306,-0.49302852003196995,-0.9378625624851712,-0.32845570695992693,-0.46684031047016,-0.41702775374519396,-0.692382854888195,-0.45479577054084247,-0.7855252083219788,-0.4898984278393161,-0.8586282487638404,0.0,0.0,0.0,0.0,0.0,0.0,0.0,0.0,0.0,0.0,0.0,0.0,0.0,0.0,0.0,0.0,0.0,0.0,0.0,0.0,0.0,0.0,0.0,0.0,0.0,0.0,0.0,0.0,0.0,0.0,0.0,0.0,0.0,0.0,0.0,0.0,0.0,0.0,0.0,0.0,0.0,0.0,eat
0.0,0.0,0.04328378745334371,-0.36760424545849657,-0.009252269022698599,-0.643980565066187,-0.13644639777403905,-0.7814720200581097,-0.2713159276038523,-0.7842395470617912,0.012008875888262235,-0.837300134172097,-0.22397567284431014,-0.986753144453771,-0.3422596969006464,-0.9784239911066395,-0.40261129622767466,-0.9603234981716049,-0.11719637829979274,-0.7800964466598573,-0.3374737643681717,-1.0,-0.4284319628074656,-0.9932746509377851,-0.46622000875067066,-0.973777836342074,-0.2395452417682179,-0.6771453885348742,-0.4338097668259308,-0.8983306020854552,-0.49322259827942305,-0.8845384676425387,-0.4984464283504258,-0.8630192434673913,-0.35190327087257,-0.5450098972851809,-0.4732241853394962,-0.7505778573087393,-0.5064831039982993,-0.8118755046013822,-0.5163290645300082,-0.8588277304531348,0.0,0.0,0.0,0.0,0.0,0.0,0.0,0.0,0.0,0.0,0.0,0.0,0.0,0.0,0.0,0.0,0.0,0.0,0.0,0.0,0.0,0.0,0.0,0.0,0.0,0.0,0.0,0.0,0.0,0.0,0.0,0.0,0.0,0.0,0.0,0.0,0.0,0.0,0.0,0.0,0.0,0.0,eat
0.0,0.0,0.04853952466350332,-0.36176542055935446,-0.0050558355657124455,-0.6459972212656658,-0.13337738462065954,-0.7839776299960197,-0.27242888810376725,-0.7811060972646461,0.015900949450588765,-0.8449048089694682,-0.21328947584185662,-0.9936871002028893,-0.32945629829057155,-0.9852051776288034,-0.38358087026262316,-0.9725734150853671,-0.116078123579141,-0.7823374462775544,-0.3334563191608938,-0.9944675011814094,-0.42654913693763796,-1.0,-0.46856184100094067,-0.9985789546651879,-0.24261861424041717,-0.6738218330404034,-0.43027933435597915,-0.8799237189721665,-0.48858244299047865,-0.8823279055588104,-0.5003216265732869,-0.881775960072092,-0.3571158109089174,-0.5392831640601125,-0.4803643809191588,-0.7331241083527502,-0.5182509104678082,-0.7993083724279191,-0.5372259465809195,-0.8597715594155714,0.0,0.0,0.0,0.0,0.0,0.0,0.0,0.0,0.0,0.0,0.0,0.0,0.0,0.0,0.0,0.0,0.0,0.0,0.0,0.0,0.0,0.0,0.0,0.0,0.0,0.0,0.0,0.0,0.0,0.0,0.0,0.0,0.0,0.0,0.0,0.0,0.0,0.0,0.0,0.0,0.0,0.0,eat
0.0,0.0,0.022759477171904005,-0.3207923141511615,-0.035275820620260065,-0.5707605399185769,-0.15787196471572879,-0.70790995858533,-0.2915836818358205,-0.7084602612517966,-0.015328363032100088,-0.7211135043192675,-0.24502361433923794,-0.8987943368852869,-0.36373045715684166,-0.9518285732828732,-0.4418359151587427,-0.9707866353521464,-0.12293822413138036,-0.658130214861417,-0.3352992794685726,-0.9045282337718178,-0.43804227460238265,-0.9728154539050532,-0.5115522997107869,-1.0,-0.2336910300665366,-0.5623383401411317,-0.42157139129223775,-0.8178853098934143,-0.5034096455753367,-0.8938801475946906,-0.5535236947888906,-0.9350014129392787,-0.3448852950203693,-0.436643532321155,-0.48486194433965707,-0.6670324083651413,-0.5401477569419938,-0.7582170193606483,-0.5795903963396084,-0.829360202165245,0.0,0.0,0.0,0.0,0.0,0.0,0.0,0.0,0.0,0.0,0.0,0.0,0.0,0.0,0.0,0.0,0.0,0.0,0.0,0.0,0.0,0.0,0.0,0.0,0.0,0.0,0.0,0.0,0.0,0.0,0.0,0.0,0.0,0.0,0.0,0.0,0.0,0.0,0.0,0.0,0.0,0.0,eat
0.0,0.0,0.04015061774515251,-0.3303629570769476,0.0008868102932825401,-0.5939395719202465,-0.12062224920632698,-0.7333856245217217,-0.25139791283716806,-0.7361283508504262,-0.009669885978118973,-0.7622228376358601,-0.24553547189951896,-0.9043890792231992,-0.3687426860346672,-0.9450672756757532,-0.45184572300990994,-0.9620334556610219,-0.1350878085609804,-0.6916502218050158,-0.35225559532220374,-0.9145885927580688,-0.45416980112160843,-0.9734513516088419,-0.5296849245323416,-1.0,-0.25438889141200893,-0.5853719668919605,-0.440411436267297,-0.8235814364687671,-0.5255657129159121,-0.8976971957740433,-0.5811967533933213,-0.9398778817492939,-0.36664261545180715,-0.4507960291933714,-0.49953986258367417,-0.6690934148957495,-0.5542830683431262,-0.7589480934261644,-0.5971081174386788,-0.8289531779872992,0.0,0.0,0.0,0.0,0.0,0.0,0.0,0.0,0.0,0.0,0.0,0.0,0.0,0.0,0.0,0.0,0.0,0.0,0.0,0.0,0.0,0.0,0.0,0.0,0.0,0.0,0.0,0.0,0.0,0.0,0.0,0.0,0.0,0.0,0.0,0.0,0.0,0.0,0.0,0.0,0.0,0.0,eat
0.0,0.0,0.03980906975606782,-0.32895100922090303,-0.010731032763919289,-0.5853025652776019,-0.1238906006819033,-0.724648881438737,-0.254902729288142,-0.7258970498872093,-0.012047873926276995,-0.7661774489527243,-0.24393117453119986,-0.9112236003663438,-0.3638025790121447,-0.951478540279394,-0.44333328643489456,-0.970589654070416,-0.12973314118373,-0.6993990970040608,-0.3429967566379715,-0.9060416578732094,-0.4425577872512624,-0.9640824956937184,-0.5172254615643845,-1.0,-0.2462941858665525,-0.591236557734993,-0.42520536491340205,-0.8166358141937455,-0.5107186381765351,-0.8906050367583264,-0.5685638425096828,-0.9432666236540985,-0.3571383108656313,-0.45567126070373115,-0.4854018559722147,-0.6622669231341288,-0.5416501684658918,-0.7564909114175589,-0.5863594550937399,-0.8380526562270743,0.0,0.0,0.0,0.0,0.0,0.0,0.0,0.0,0.0,0.0,0.0,0.0,0.0,0.0,0.0,0.0,0.0,0.0,0.0,0.0,0.0,0.0,0.0,0.0,0.0,0.0,0.0,0.0,0.0,0.0,0.0,0.0,0.0,0.0,0.0,0.0,0.0,0.0,0.0,0.0,0.0,0.0,eat
0.0,0.0,0.05857592469948366,-0.3676663365040665,-0.0027088962214941712,-0.6603169951686857,-0.12861923656247987,-0.7930364995731329,-0.2696986924388857,-0.7905972035813851,-0.024242140078809225,-0.9370323266304464,-0.28362295821782524,-1.0,-0.4015750123566772,-0.9460768282509783,-0.4629954148424695,-0.9141452207498403,-0.15518228296693098,-0.8798458199265827,-0.4082142110579074,-0.9978959460330671,-0.5048951977947482,-0.9376508442589804,-0.5412166003411029,-0.8817154389111277,-0.28200770118917146,-0.7604988776425218,-0.5053742266087612,-0.9002611996428774,-0.5800296560252721,-0.8579402151722413,-0.5984660137652407,-0.8144083740175709,-0.3952808238045281,-0.6027307768198504,-0.5439723835590747,-0.7258036724239991,-0.5838739990114659,-0.7246326696869707,-0.5947205241966206,-0.7121931587964889,0.0,0.0,0.0,0.0,0.0,0.0,0.0,0.0,0.0,0.0,0.0,0.0,0.0,0.0,0.0,0.0,0.0,0.0,0.0,0.0,0.0,0.0,0.0,0.0,0.0,0.0,0.0,0.0,0.0,0.0,0.0,0.0,0.0,0.0,0.0,0.0,0.0,0.0,0.0,0.0,0.0,0.0,eat
0.0,0.0,0.05738176871949299,-0.38859587000527634,-0.012262790123803543,-0.6934771923418751,-0.1468023938160421,-0.8170299588124008,-0.2956892452818833,-0.8058910504743696,-0.05945057789030416,-0.9360205917933759,-0.35299999398135423,-1.0,-0.48003394516211223,-0.9394279477822294,-0.5363347651022868,-0.8997851343462046,-0.19733975857205624,-0.8675292054785726,-0.4738860991351206,-0.9865407030981982,-0.5823280523060441,-0.91416247534863,-0.6147958375045892,-0.8392303355796257,-0.33090153294907626,-0.7391799795767287,-0.5766673153429324,-0.8858620004774792,-0.6596319397493434,-0.8301104822740851,-0.6723894625549953,-0.7729839041350103,-0.44803160190269453,-0.572516455980628,-0.6318001167617279,-0.6960756423399692,-0.6852244252694849,-0.697265327986101,-0.6961683294847437,-0.6926606627331473,0.0,0.0,0.0,0.0,0.0,0.0,0.0,0.0,0.0,0.0,0.0,0.0,0.0,0.0,0.0,0.0,0.0,0.0,0.0,0.0,0.0,0.0,0.0,0.0,0.0,0.0,0.0,0.0,0.0,0.0,0.0,0.0,0.0,0.0,0.0,0.0,0.0,0.0,0.0,0.0,0.0,0.0,eat
0.0,0.0,0.056771345520495134,-0.3720567135948714,-0.008783013609083809,-0.6707041606270819,-0.14631966581624398,-0.7949712700760302,-0.2914892335997372,-0.7896578007815588,-0.048375793713043166,-0.9225064109364165,-0.3328677784554036,-0.989713012040396,-0.47190635711772655,-0.9437914161237355,-0.5457415859147395,-0.9190241696705879,-0.189883724597394,-0.8672869605178063,-0.46175862604242995,-1.0,-0.5772963767406598,-0.9579128833506517,-0.6300591718884585,-0.9079356354680731,-0.32501082312696417,-0.7507305866687747,-0.5751116819733192,-0.8992120108243558,-0.6576058219207538,-0.8628917675016209,-0.6806937941807825,-0.8193772677881215,-0.442018962691852,-0.5916255005568227,-0.6264155564684618,-0.7072287839064915,-0.6807974176858701,-0.721898677510136,-0.6998641426219859,-0.72623857735167,0.0,0.0,0.0,0.0,0.0,0.0,0.0,0.0,0.0,0.0,0.0,0.0,0.0,0.0,0.0,0.0,0.0,0.0,0.0,0.0,0.0,0.0,0.0,0.0,0.0,0.0,0.0,0.0,0.0,0.0,0.0,0.0,0.0,0.0,0.0,0.0,0.0,0.0,0.0,0.0,0.0,0.0,eat
0.0,0.0,0.05611288530306501,-0.3566048844019816,0.025153856201479214,-0.6427219533064649,-0.10095314177108318,-0.7785095399363563,-0.24075054945262972,-0.7571523493477558,0.022399115575301987,-0.832077811200315,-0.24528739070104666,-0.9722413313317672,-0.38284458393989246,-0.9920534289440855,-0.46822564187993254,-1.0,-0.11274635449301755,-0.7528032969050815,-0.36980802759283904,-0.957228070640394,-0.4877481055479098,-0.9729179010814893,-0.5648853863584306,-0.9652072018521428,-0.24419662548059357,-0.6311869501924268,-0.46804996848101194,-0.8336441061385359,-0.5635345184977653,-0.8624057033277616,-0.6207381690212833,-0.8727329518242206,-0.36621240201191474,-0.47777068942343914,-0.5272238870389756,-0.6531415817799425,-0.5873522724906437,-0.7044817540080227,-0.6302029519945935,-0.7435134301177655,0.0,0.0,0.0,0.0,0.0,0.0,0.0,0.0,0.0,0.0,0.0,0.0,0.0,0.0,0.0,0.0,0.0,0.0,0.0,0.0,0.0,0.0,0.0,0.0,0.0,0.0,0.0,0.0,0.0,0.0,0.0,0.0,0.0,0.0,0.0,0.0,0.0,0.0,0.0,0.0,0.0,0.0,eat
0.0,0.0,0.08827984359391673,-0.3323742870580252,0.058099422224477414,-0.6261741627026172,-0.07852226090552246,-0.7629359539354852,-0.2268380479078831,-0.7618923379043917,0.019030088404426205,-0.8628364393153939,-0.20970282692711123,-1.0,-0.28251322128219364,-0.9299985837721494,-0.28978066644501815,-0.8871535259150763,-0.13209846343064913,-0.7994750111518476,-0.3414779057095188,-0.9904643182529049,-0.3869301102915839,-0.9038029125823892,-0.3675811812854956,-0.82703162429217,-0.2693956948188024,-0.6889744011135943,-0.44841787658218024,-0.8842888832172455,-0.46451099621405184,-0.7989702433109741,-0.4269442271296242,-0.729544784987076,-0.3846327160750949,-0.5545546872219138,-0.49223005901959166,-0.7423843672680207,-0.48259251489500604,-0.7006200351557738,-0.4454578089061798,-0.6548361151734046,0.0,0.0,0.0,0.0,0.0,0.0,0.0,0.0,0.0,0.0,0.0,0.0,0.0,0.0,0.0,0.0,0.0,0.0,0.0,0.0,0.0,0.0,0.0,0.0,0.0,0.0,0.0,0.0,0.0,0.0,0.0,0.0,0.0,0.0,0.0,0.0,0.0,0.0,0.0,0.0,0.0,0.0,eat
0.0,0.0,0.08241897451803244,-0.33898602770542713,0.056731477087155875,-0.6299229076124528,-0.07721159487445861,-0.7692620730116853,-0.22076935437460996,-0.7707108717829904,0.014579541929962893,-0.8584900654332382,-0.20857545375390973,-1.0,-0.2770098019065699,-0.9368227323515234,-0.2848924331373949,-0.9008725677407783,-0.13520577277364434,-0.7915445009547797,-0.34472853240458745,-0.9839518536926245,-0.3838744997216004,-0.8961988183900658,-0.3637889992937246,-0.8236796574003834,-0.2700079596115112,-0.6776319968908935,-0.44819376609205497,-0.8780053138814877,-0.45989588977619666,-0.7922556343212469,-0.424263735935217,-0.7217372132391134,-0.3824171060646261,-0.5399568760953808,-0.48538794698076615,-0.7266097660322645,-0.4771645098486179,-0.6906042952006906,-0.4482737358978479,-0.6508383750434416,0.0,0.0,0.0,0.0,0.0,0.0,0.0,0.0,0.0,0.0,0.0,0.0,0.0,0.0,0.0,0.0,0.0,0.0,0.0,0.0,0.0,0.0,0.0,0.0,0.0,0.0,0.0,0.0,0.0,0.0,0.0,0.0,0.0,0.0,0.0,0.0,0.0,0.0,0.0,0.0,0.0,0.0,eat
0.0,0.0,0.06262796826425722,-0.3570739038722897,0.00038675712658019294,-0.6580339897633124,-0.1691323722676576,-0.7556886171963048,-0.31929585450506304,-0.7001731124898573,0.05186838500279625,-0.8812083220851469,-0.25485554234565105,-1.0,-0.26913113464485255,-0.8598156251426167,-0.21078340750045832,-0.7931564873480141,-0.08136364374718151,-0.7929762585270278,-0.35874856223038193,-0.9395123456742376,-0.36959903341658923,-0.8048910853255837,-0.30560619925263055,-0.723832592951274,-0.22082710332061933,-0.6788519656157445,-0.46300087948570584,-0.8380423591875316,-0.45694000855506767,-0.7075570795505264,-0.38779170189379497,-0.6319750680885922,-0.35692074805016394,-0.5523889600951732,-0.521852551166034,-0.6938411248134864,-0.49979385845153274,-0.5953371787305238,-0.44204792539609733,-0.5332038728311628,0.0,0.0,0.0,0.0,0.0,0.0,0.0,0.0,0.0,0.0,0.0,0.0,0.0,0.0,0.0,0.0,0.0,0.0,0.0,0.0,0.0,0.0,0.0,0.0,0.0,0.0,0.0,0.0,0.0,0.0,0.0,0.0,0.0,0.0,0.0,0.0,0.0,0.0,0.0,0.0,0.0,0.0,eat
0.0,0.0,0.04149321695851122,-0.3489240101720414,-0.009616652785312249,-0.6454765270666245,-0.1498932177651759,-0.7974981295463116,-0.2965404169246313,-0.8262609681185958,0.007708890856254373,-0.8622095755128875,-0.2694627008342929,-0.9859644381883118,-0.41429934115663614,-0.9939496116917976,-0.4993359133158153,-1.0,-0.11896690456552032,-0.8095896295190866,-0.37948732427314474,-0.9953782148107666,-0.5046401368103269,-0.9889983039875451,-0.5797966801715776,-0.9685497581014341,-0.24800703411586528,-0.7092498220296086,-0.48178692356247316,-0.8985316686463561,-0.5851912501083956,-0.9133323518913261,-0.6404808528058822,-0.9144798323750829,-0.3741492208627682,-0.5686747911242687,-0.5544347398203961,-0.717023246058939,-0.6264876408890251,-0.7562799852380366,-0.6724005735385757,-0.7903345440025491,0.0,0.0,0.0,0.0,0.0,0.0,0.0,0.0,0.0,0.0,0.0,0.0,0.0,0.0,0.0,0.0,0.0,0.0,0.0,0.0,0.0,0.0,0.0,0.0,0.0,0.0,0.0,0.0,0.0,0.0,0.0,0.0,0.0,0.0,0.0,0.0,0.0,0.0,0.0,0.0,0.0,0.0,eat
0.0,0.0,0.048215381032509046,-0.33346740731264907,0.002318618816606477,-0.6279266668634725,-0.1312969668939774,-0.7992154007130932,-0.27506322387648463,-0.8482016046236253,0.01652882057539468,-0.8641539480891793,-0.2648924620082724,-0.9914721568936166,-0.4225347608317015,-1.0,-0.519277132145282,-0.9995170056647281,-0.110886971125303,-0.8100069210054155,-0.37233984104648227,-0.9861169879522024,-0.5064355510071539,-0.9927895259931315,-0.5947074809180336,-0.9842473324608274,-0.24417167701537382,-0.707610071866933,-0.47425287582535447,-0.8937826574692737,-0.5846580826518931,-0.915940125102913,-0.6502985708615832,-0.9120019582181199,-0.37685120494376273,-0.5669168560922888,-0.5501662189333779,-0.7128569975956887,-0.6270660513204032,-0.7629022629391641,-0.6789161902325261,-0.7952444328547671,0.0,0.0,0.0,0.0,0.0,0.0,0.0,0.0,0.0,0.0,0.0,0.0,0.0,0.0,0.0,0.0,0.0,0.0,0.0,0.0,0.0,0.0,0.0,0.0,0.0,0.0,0.0,0.0,0.0,0.0,0.0,0.0,0.0,0.0,0.0,0.0,0.0,0.0,0.0,0.0,0.0,0.0,eat
0.0,0.0,0.019958435870941548,-0.38421569753027873,-0.06879420764427228,-0.696138013540788,-0.21281524594882853,-0.7964268659348851,-0.35798354073800454,-0.7651397922459106,-0.004973801953081453,-0.8890056389444908,-0.3136007713823151,-1.0,-0.4412769405606332,-0.9307132790570367,-0.4899367553024215,-0.8959166321408188,-0.1333117858765156,-0.8037130677422092,-0.4365373320088719,-0.9597124953618891,-0.5447338514706347,-0.8681437073938559,-0.5677559363659507,-0.7989360215241623,-0.26956908414157094,-0.6736816533804548,-0.5411194527777916,-0.8533084081670685,-0.6408076386150393,-0.7861980635575101,-0.6650219051945178,-0.7399296837432342,-0.39809841613713165,-0.5124130822181069,-0.5968737052807076,-0.6276745052820387,-0.6695526947632192,-0.6214403018973409,-0.7014292037091576,-0.6265859011412664,0.0,0.0,0.0,0.0,0.0,0.0,0.0,0.0,0.0,0.0,0.0,0.0,0.0,0.0,0.0,0.0,0.0,0.0,0.0,0.0,0.0,0.0,0.0,0.0,0.0,0.0,0.0,0.0,0.0,0.0,0.0,0.0,0.0,0.0,0.0,0.0,0.0,0.0,0.0,0.0,0.0,0.0,eat
0.0,0.0,0.01794443271978508,-0.39366131276306443,-0.07961487345923716,-0.695573826523695,-0.23261465802776213,-0.7870668280720814,-0.3871544924482712,-0.7613199148628851,-0.035977056328529926,-0.9081099200709739,-0.3236899594453539,-1.0,-0.47969832573326776,-0.9614074914869466,-0.5658125605763911,-0.9375779622815027,-0.16626220248189344,-0.8558105291146205,-0.44023048974024054,-0.9836469521272652,-0.5630803980612045,-0.9142938125535562,-0.6206984455149229,-0.8511329019146198,-0.2992970615761072,-0.7461984681110959,-0.5605395351857515,-0.8952660798096832,-0.6652379157640995,-0.8325158491312759,-0.7118272757307887,-0.7801072067751663,-0.42240671619689296,-0.5931754292285667,-0.6308246023621995,-0.6677831662459683,-0.7070267955511426,-0.6567035825245147,-0.7459137124547035,-0.6554991845633475,0.0,0.0,0.0,0.0,0.0,0.0,0.0,0.0,0.0,0.0,0.0,0.0,0.0,0.0,0.0,0.0,0.0,0.0,0.0,0.0,0.0,0.0,0.0,0.0,0.0,0.0,0.0,0.0,0.0,0.0,0.0,0.0,0.0,0.0,0.0,0.0,0.0,0.0,0.0,0.0,0.0,0.0,eat
0.0,0.0,0.023495913524914317,-0.340322488795149,-0.059399103611916686,-0.6462253625098866,-0.233317374110203,-0.7919911415765885,-0.40167972581070394,-0.7930250461376219,-0.01425025046137622,-0.8854475085684155,-0.3463533878196678,-0.9869734774584762,-0.5426147113103085,-1.0,-0.672483838650145,-0.981558449775903,-0.115289427893488,-0.8197534405483786,-0.45154083838650144,-0.9850748220406012,-0.6310251515950435,-0.9786592143422094,-0.7595887160558924,-0.9382470867387293,-0.23682151331399948,-0.7052089638808331,-0.5512896388083312,-0.8976649617716846,-0.7158825204323754,-0.9115258634326391,-0.8333747429475349,-0.8930509886633272,-0.3676469285525969,-0.5390958080674928,-0.6362436066438175,-0.6744010545742156,-0.7682163986290536,-0.7191031900870024,-0.8703384128658054,-0.7596574742947535,0.0,0.0,0.0,0.0,0.0,0.0,0.0,0.0,0.0,0.0,0.0,0.0,0.0,0.0,0.0,0.0,0.0,0.0,0.0,0.0,0.0,0.0,0.0,0.0,0.0,0.0,0.0,0.0,0.0,0.0,0.0,0.0,0.0,0.0,0.0,0.0,0.0,0.0,0.0,0.0,0.0,0.0,eat
0.0,0.0,0.0013160168500611128,-0.37411457923829955,-0.08912923832056069,-0.669578021089065,-0.2557247784109328,-0.7898052000745042,-0.419647080439743,-0.7668350299299231,-0.01591119030570693,-0.8997762771354896,-0.3606634574916046,-0.9900377944903042,-0.5608977337180756,-0.9870874781206943,-0.6937355495673753,-0.9688511845623234,-0.12471130668700536,-0.8364691394048661,-0.46892539445818154,-1.0,-0.6574151663163595,-0.9863672427008365,-0.7921832803633048,-0.9536547637917935,-0.24795733582689797,-0.7175319092040873,-0.5719207413085076,-0.9169778366785248,-0.7435802133292746,-0.9101307649841973,-0.8639646416124528,-0.8953993648642001,-0.3727195172867012,-0.5457673240163825,-0.6385334779129906,-0.6818472503867113,-0.7726561971149379,-0.7226832952893745,-0.8748127408931003,-0.7701582878158283,0.0,0.0,0.0,0.0,0.0,0.0,0.0,0.0,0.0,0.0,0.0,0.0,0.0,0.0,0.0,0.0,0.0,0.0,0.0,0.0,0.0,0.0,0.0,0.0,0.0,0.0,0.0,0.0,0.0,0.0,0.0,0.0,0.0,0.0,0.0,0.0,0.0,0.0,0.0,0.0,0.0,0.0,eat
0.0,0.0,0.010163765447965534,-0.35652848979570606,-0.06620838406619105,-0.6488316741214528,-0.19816438442856343,-0.7679668004468103,-0.34648435925321813,-0.7772398060007308,-0.010041529783673217,-0.9174436794842176,-0.3276483635375348,-1.0,-0.5169623657195714,-0.9505704114270407,-0.6362535375738128,-0.9076154119233522,-0.12465957150764688,-0.8633097516752137,-0.4513044756024983,-0.9971500017988582,-0.6311846586439037,-0.9301899984352101,-0.7496990705321456,-0.86071896243594,-0.24906470211125267,-0.753217463748673,-0.5628718272367934,-0.9168095277932258,-0.7379137319631958,-0.8590293361259703,-0.8569712689839138,-0.8015733723909513,-0.36420419597757975,-0.6014488827356862,-0.6203416616854911,-0.669890885163928,-0.7592564257164766,-0.6532390933928156,-0.8642794012533057,-0.6499556353892187,0.0,0.0,0.0,0.0,0.0,0.0,0.0,0.0,0.0,0.0,0.0,0.0,0.0,0.0,0.0,0.0,0.0,0.0,0.0,0.0,0.0,0.0,0.0,0.0,0.0,0.0,0.0,0.0,0.0,0.0,0.0,0.0,0.0,0.0,0.0,0.0,0.0,0.0,0.0,0.0,0.0,0.0,eat
0.0,0.0,-0.00825426834097906,-0.38195911516459413,-0.08868653213823681,-0.6671384380730778,-0.23235520837796766,-0.767476425496258,-0.39195417671344995,-0.7527060851153524,0.004781771099110516,-0.9356841399542338,-0.33100693763658107,-1.0,-0.5172181414716931,-0.9486747335248985,-0.6306917164298936,-0.905750893444152,-0.10058252948246676,-0.8956108379309404,-0.43732300456925755,-0.9868908143510265,-0.5943367521611675,-0.9047333387868377,-0.6893493493233542,-0.8310508686436918,-0.2254777334716619,-0.7910515784648905,-0.5471942369443755,-0.927993833211928,-0.703788584084164,-0.8591173719649192,-0.8042386713185924,-0.7976035743825529,-0.3517592528872194,-0.6414281948770819,-0.6175518007168328,-0.7020625066816248,-0.7480178026619161,-0.6958100206843628,-0.84495946877674,-0.7060405351186202,0.0,0.0,0.0,0.0,0.0,0.0,0.0,0.0,0.0,0.0,0.0,0.0,0.0,0.0,0.0,0.0,0.0,0.0,0.0,0.0,0.0,0.0,0.0,0.0,0.0,0.0,0.0,0.0,0.0,0.0,0.0,0.0,0.0,0.0,0.0,0.0,0.0,0.0,0.0,0.0,0.0,0.0,eat
0.0,0.0,0.0027511447400202483,-0.37444947126972356,-0.07852710973915517,-0.6577963947327399,-0.2197399774221123,-0.7544496254434636,-0.38160955671623636,-0.7370879492665613,0.01665461827438472,-0.9263512043538664,-0.3130870379284531,-1.0,-0.48725968168261796,-0.948034456117871,-0.5867762613553242,-0.8903602012481221,-0.09329138665574888,-0.8763338169820661,-0.41783053565096434,-0.9609212394883487,-0.5649444032362781,-0.87575994806058,-0.64636355538349,-0.7960384200960331,-0.22268469585803682,-0.7657527018947953,-0.5357524620689773,-0.8936393910479874,-0.6943822515190397,-0.8275909325284322,-0.7927562324734436,-0.7721868859816671,-0.349637777362841,-0.6142967022236993,-0.6058021574045365,-0.6736664399741673,-0.7269488845529903,-0.6579865423455308,-0.8122429367014015,-0.6663800177128497,0.0,0.0,0.0,0.0,0.0,0.0,0.0,0.0,0.0,0.0,0.0,0.0,0.0,0.0,0.0,0.0,0.0,0.0,0.0,0.0,0.0,0.0,0.0,0.0,0.0,0.0,0.0,0.0,0.0,0.0,0.0,0.0,0.0,0.0,0.0,0.0,0.0,0.0,0.0,0.0,0.0,0.0,eat
0.0,0.0,0.027956802670500554,-0.3647241088691686,-0.05953885941863732,-0.6827565977558541,-0.23040586320294812,-0.8106212714623304,-0.39993307223241287,-0.8078644258258556,-0.0046353676069604876,-0.9012042866822005,-0.33045543932708676,-1.0,-0.5293217986217837,-0.9808632029481269,-0.665265728025383,-0.950245814948854,-0.10647712061871004,-0.8523825458992282,-0.4214470444367326,-0.9873403235668369,-0.5972216713763985,-0.9559776411680135,-0.7276060515922198,-0.9121217754862592,-0.21407135656801018,-0.751108026374498,-0.49907333961297573,-0.8814263050914679,-0.6497198948986168,-0.865219456976187,-0.7646022342306612,-0.8496294184720639,-0.32186431014823264,-0.6002214400211525,-0.5571848197907887,-0.6858873299952076,-0.6716168426619074,-0.6962218862062697,-0.7624948358204022,-0.7183274668253102,0.0,0.0,0.0,0.0,0.0,0.0,0.0,0.0,0.0,0.0,0.0,0.0,0.0,0.0,0.0,0.0,0.0,0.0,0.0,0.0,0.0,0.0,0.0,0.0,0.0,0.0,0.0,0.0,0.0,0.0,0.0,0.0,0.0,0.0,0.0,0.0,0.0,0.0,0.0,0.0,0.0,0.0,eat
0.0,0.0,-0.04132351912900074,-0.3309313716294228,-0.14479603861784804,-0.6303510124309086,-0.30929367744444125,-0.7573845293257908,-0.4748418636300845,-0.7574736382535674,-0.05996775024259799,-0.9126668554013654,-0.3660249402671733,-1.0,-0.5411244097066483,-0.9649712378551779,-0.65453790412391,-0.9403055455598173,-0.1413924186635878,-0.86884615450209,-0.44139020159935605,-0.9831622498767824,-0.5940977486565443,-0.9356590905602521,-0.7094946628442206,-0.8976227955133441,-0.23563342377818444,-0.7710254433702105,-0.5035221476189583,-0.9003190867059713,-0.6478526027481364,-0.8746318394299757,-0.7621264886307241,-0.8547874091216844,-0.34265111424531985,-0.6272228200715941,-0.5654396353099882,-0.6768014925958582,-0.6775936667002068,-0.6761129236084937,-0.7732118097895324,-0.6768552137676278,0.0,0.0,0.0,0.0,0.0,0.0,0.0,0.0,0.0,0.0,0.0,0.0,0.0,0.0,0.0,0.0,0.0,0.0,0.0,0.0,0.0,0.0,0.0,0.0,0.0,0.0,0.0,0.0,0.0,0.0,0.0,0.0,0.0,0.0,0.0,0.0,0.0,0.0,0.0,0.0,0.0,0.0,eat
0.0,0.0,-0.018270965955071255,-0.3402203594472838,-0.13762209133751951,-0.6404449599051398,-0.3214010914110881,-0.747147920390173,-0.49415606053393457,-0.7369720915538976,-0.05035853849582607,-0.9205446669292054,-0.36479615020101525,-1.0,-0.5470682932528984,-0.9657296052830875,-0.6685122275258897,-0.939700186517914,-0.14279785526036776,-0.8779341950951415,-0.444380877369881,-0.9849387866382202,-0.6056591525768467,-0.9430916967071582,-0.7305305158020919,-0.910279690319677,-0.24502914612877957,-0.7799036684741449,-0.5161794553330707,-0.9054263297515547,-0.6622467835396859,-0.875338956278643,-0.7773599276431665,-0.8481389320442969,-0.3554923250691328,-0.6357439295126732,-0.5752601946537301,-0.675956066592521,-0.6910133851486734,-0.6684278400706258,-0.7890962752675516,-0.6614989808591941,0.0,0.0,0.0,0.0,0.0,0.0,0.0,0.0,0.0,0.0,0.0,0.0,0.0,0.0,0.0,0.0,0.0,0.0,0.0,0.0,0.0,0.0,0.0,0.0,0.0,0.0,0.0,0.0,0.0,0.0,0.0,0.0,0.0,0.0,0.0,0.0,0.0,0.0,0.0,0.0,0.0,0.0,eat
0.0,0.0,-0.13645795104206082,-0.27054131021709876,-0.2960548963154945,-0.5657853934150595,-0.45588417985067764,-0.7196744040049426,-0.5868328691309695,-0.7868642585042916,-0.08783287197592786,-0.964859074990256,-0.48134276342180204,-1.0,-0.6976316670412528,-0.9445987044059869,-0.8462992308181057,-0.915187051267097,-0.12787945342661003,-0.9471402004936951,-0.5233798673680438,-0.9844067835185876,-0.7113638066300805,-0.909474374986368,-0.8448734325465127,-0.8652091945259209,-0.20129312838253688,-0.8838237567295117,-0.5693060293201403,-0.8850115268227411,-0.6938355443400976,-0.802029782920198,-0.7691980157364127,-0.7565720907693431,-0.2916760313210943,-0.7886964116540872,-0.5730708574799169,-0.750365340062608,-0.6526462379693826,-0.6651118969518168,-0.6967596873201156,-0.6221131970977632,0.0,0.0,0.0,0.0,0.0,0.0,0.0,0.0,0.0,0.0,0.0,0.0,0.0,0.0,0.0,0.0,0.0,0.0,0.0,0.0,0.0,0.0,0.0,0.0,0.0,0.0,0.0,0.0,0.0,0.0,0.0,0.0,0.0,0.0,0.0,0.0,0.0,0.0,0.0,0.0,0.0,0.0,eat
0.0,0.0,-0.28918470806571234,-0.21093315918180935,-0.4742781184745468,-0.45792483760649266,-0.6185584564951744,-0.6157704900767589,-0.7039135371148952,-0.7099978493533542,-0.13015792242612628,-0.9830915865423655,-0.537489412863623,-0.9557360502020968,-0.762938206557553,-0.8723898802478608,-0.9182621397113212,-0.8096279086019468,-0.1474541412743541,-0.9728108065810772,-0.5564347888995136,-1.0,-0.7715102805338919,-0.9023842649439183,-0.9376839061255042,-0.8205533904181556,-0.20764517972171517,-0.8883376387277818,-0.5870020231826912,-0.9194654191275659,-0.7941284885875468,-0.8522805959013695,-0.9583434016733704,-0.8089802539141031,-0.310903286355402,-0.7278418187088541,-0.6196131099876129,-0.7216659686497728,-0.7845652470266202,-0.6799316123894964,-0.9199024384002141,-0.6580215920986128,0.0,0.0,0.0,0.0,0.0,0.0,0.0,0.0,0.0,0.0,0.0,0.0,0.0,0.0,0.0,0.0,0.0,0.0,0.0,0.0,0.0,0.0,0.0,0.0,0.0,0.0,0.0,0.0,0.0,0.0,0.0,0.0,0.0,0.0,0.0,0.0,0.0,0.0,0.0,0.0,0.0,0.0,eat
0.0,0.0,-0.3067433493739072,-0.20442750657442013,-0.4834497009307,-0.45301209808875914,-0.6339277158097648,-0.6121889099007083,-0.7440471460924999,-0.705178008955947,-0.13319792026327537,-0.9755331889633533,-0.524673157055565,-0.9570424668293357,-0.7415589550078999,-0.8806318377701339,-0.8954535976681215,-0.8281347138532097,-0.14325710810268086,-0.9566167728253128,-0.5398729370815594,-1.0,-0.7464881448553868,-0.9159986304595618,-0.9177192239848715,-0.8525943015753086,-0.1992373142946024,-0.869537789733166,-0.5727178298851637,-0.9208979639402507,-0.7746316229969147,-0.8697443765292359,-0.9420242327756453,-0.8426160148588396,-0.30592904104720725,-0.7078135556573241,-0.6170323830822269,-0.7025063456818303,-0.7745362752448824,-0.6788114661932024,-0.902616236373819,-0.6738442335557633,0.0,0.0,0.0,0.0,0.0,0.0,0.0,0.0,0.0,0.0,0.0,0.0,0.0,0.0,0.0,0.0,0.0,0.0,0.0,0.0,0.0,0.0,0.0,0.0,0.0,0.0,0.0,0.0,0.0,0.0,0.0,0.0,0.0,0.0,0.0,0.0,0.0,0.0,0.0,0.0,0.0,0.0,eat
0.0,0.0,-0.29532305118078156,-0.19748291562191483,-0.5126730847396018,-0.42783322624472603,-0.6731731432638138,-0.5631841714971777,-0.7800378604733399,-0.6395234499356234,-0.21441493320584767,-0.9341476676990305,-0.600676213932911,-0.9270319137219769,-0.8093636763675282,-0.8489023376595155,-0.9590513249930981,-0.7876425509049523,-0.22787846521365288,-0.8854989843456376,-0.6231737112203014,-0.9186236883291856,-0.8338519846128241,-0.8423471320419814,-1.0,-0.7815496124808191,-0.27954867708117775,-0.7824459959808435,-0.6332458021842124,-0.7824292042238183,-0.8197538229645057,-0.7263343643801397,-0.9651768591808685,-0.6861393429385476,-0.35965029684369293,-0.6229356633707082,-0.6348795413677282,-0.6175188401044447,-0.7789384942633926,-0.5840686723597308,-0.9014368311386343,-0.5586217523383756,0.0,0.0,0.0,0.0,0.0,0.0,0.0,0.0,0.0,0.0,0.0,0.0,0.0,0.0,0.0,0.0,0.0,0.0,0.0,0.0,0.0,0.0,0.0,0.0,0.0,0.0,0.0,0.0,0.0,0.0,0.0,0.0,0.0,0.0,0.0,0.0,0.0,0.0,0.0,0.0,0.0,0.0,eat
0.0,0.0,-0.2591487194661079,-0.1943193952550752,-0.4473641039885911,-0.4090331307385501,-0.6066405396891533,-0.5254476358406577,-0.727607640429988,-0.585880864605695,-0.22664851063144556,-0.8948006710889294,-0.6029977586756964,-0.8872836296772674,-0.8153926745832616,-0.8145618648784381,-0.9623448459102122,-0.7546499679451374,-0.23899541972747831,-0.8602060770383521,-0.6297925038923762,-0.8743786539775706,-0.8356476239647588,-0.8106493600601444,-1.0,-0.7651420226668639,-0.2846205096773479,-0.7677562300663541,-0.6370846077279896,-0.7559890258642987,-0.8170472489681555,-0.7074940947596087,-0.9614491213344485,-0.6807909348647204,-0.35684710987923823,-0.6214069115718557,-0.6205957272931304,-0.6058021817435228,-0.7489213563886801,-0.5658795361153129,-0.8589223728851088,-0.5469520706837397,0.0,0.0,0.0,0.0,0.0,0.0,0.0,0.0,0.0,0.0,0.0,0.0,0.0,0.0,0.0,0.0,0.0,0.0,0.0,0.0,0.0,0.0,0.0,0.0,0.0,0.0,0.0,0.0,0.0,0.0,0.0,0.0,0.0,0.0,0.0,0.0,0.0,0.0,0.0,0.0,0.0,0.0,eat
0.0,0.0,-0.20937561541996258,-0.1930172399645518,-0.39549656185380905,-0.4048319698362162,-0.58445920996488,-0.5017801022417698,-0.7397204352249975,-0.5277682615616897,-0.2179289271999212,-0.8760923704335839,-0.6043885597531755,-0.8599534947648275,-0.8213010183148981,-0.799378733547773,-0.9773710079758428,-0.7549895173466373,-0.23686283519873963,-0.8290296673449963,-0.6249266624544589,-0.8586113663964289,-0.8327991146158138,-0.7981166097745102,-1.0,-0.7507826090524173,-0.2847614837365018,-0.7206731873830702,-0.6190309392129189,-0.7087555798076608,-0.7817382331703154,-0.6583562748219385,-0.9116574900712247,-0.635380083368891,-0.3564630378770473,-0.5619830472314308,-0.5980440927889191,-0.5518224636491942,-0.7187484614500935,-0.5159091188827256,-0.823680642170217,-0.5003082228312601,0.0,0.0,0.0,0.0,0.0,0.0,0.0,0.0,0.0,0.0,0.0,0.0,0.0,0.0,0.0,0.0,0.0,0.0,0.0,0.0,0.0,0.0,0.0,0.0,0.0,0.0,0.0,0.0,0.0,0.0,0.0,0.0,0.0,0.0,0.0,0.0,0.0,0.0,0.0,0.0,0.0,0.0,eat
0.0,0.0,-0.2857477249204605,-0.20199707568748582,-0.46882522135945476,-0.44819592785976675,-0.6019612633763567,-0.5994603343597013,-0.6894619577792268,-0.7065208070067003,-0.1416673543277614,-0.962911605615845,-0.5086750469632078,-0.9719374945728708,-0.7289482668513374,-0.9232942364292106,-0.8952980700723959,-0.8777333180160195,-0.13392456007218553,-0.9612018913646486,-0.5254377974134234,-1.0,-0.7404357128564579,-0.9388461640106768,-0.9157671789876658,-0.9083825078433816,-0.16505700036297719,-0.8989353927569601,-0.5340268193220363,-0.92832144353817,-0.7418282939910286,-0.8942959725712215,-0.9057855759444823,-0.8889327553744085,-0.23475131747775618,-0.7761973258343217,-0.5345095304434309,-0.7722212963517286,-0.6836489293251591,-0.7337111963631088,-0.8016898664643055,-0.7181468639148357,0.0,0.0,0.0,0.0,0.0,0.0,0.0,0.0,0.0,0.0,0.0,0.0,0.0,0.0,0.0,0.0,0.0,0.0,0.0,0.0,0.0,0.0,0.0,0.0,0.0,0.0,0.0,0.0,0.0,0.0,0.0,0.0,0.0,0.0,0.0,0.0,0.0,0.0,0.0,0.0,0.0,0.0,eat
0.0,0.0,-0.30062258176387596,-0.13751008568363948,-0.49297110272322264,-0.3638089178835341,-0.62723866942967,-0.508228860834931,-0.7259381887899042,-0.5825475769947255,-0.24615611505757962,-0.8501434771863472,-0.5999259082903691,-0.870424572676568,-0.8109025548049631,-0.8058087497678342,-0.9639099886396068,-0.7364962574123168,-0.24396155083209722,-0.8091695537434181,-0.6131456410468071,-0.8525439076430733,-0.834012423448214,-0.7884092781746058,-1.0,-0.7165549167047108,-0.27171876156110025,-0.7109683413976857,-0.6083311899420504,-0.7637939183390572,-0.8206401785449133,-0.7114379580083222,-0.9748068053637968,-0.6511483459982171,-0.3198854195870897,-0.5549021078386713,-0.5778091302931908,-0.5832024228794394,-0.7352152560467543,-0.5506508946624272,-0.8593178629977848,-0.5037033271305016,0.0,0.0,0.0,0.0,0.0,0.0,0.0,0.0,0.0,0.0,0.0,0.0,0.0,0.0,0.0,0.0,0.0,0.0,0.0,0.0,0.0,0.0,0.0,0.0,0.0,0.0,0.0,0.0,0.0,0.0,0.0,0.0,0.0,0.0,0.0,0.0,0.0,0.0,0.0,0.0,0.0,0.0,eat
0.0,0.0,-0.31305720240839213,-0.186655454370966,-0.4903476881113079,-0.4357006924943474,-0.6183924427325805,-0.6166087195862258,-0.7234435481737523,-0.7327291527005478,-0.224238596751924,-0.9716844504258365,-0.5822761297992087,-0.9901841754656733,-0.812867797915256,-0.9169783538526225,-0.9739944535159721,-0.8335199234952193,-0.2034671435269537,-0.9400710674927292,-0.5899812058959114,-0.9712290916295597,-0.818314654616826,-0.909224871258417,-1.0,-0.8485608354286029,-0.2160083664439405,-0.8405214167793806,-0.5758149881150791,-0.8787563582778769,-0.8091320546137865,-0.8369387730979202,-0.9988703274361836,-0.7864254672212025,-0.25901416227771706,-0.6737047462570801,-0.534366643195144,-0.6839410318801815,-0.7014726269699615,-0.6389173605400364,-0.8450457356971465,-0.5835369501992828,0.0,0.0,0.0,0.0,0.0,0.0,0.0,0.0,0.0,0.0,0.0,0.0,0.0,0.0,0.0,0.0,0.0,0.0,0.0,0.0,0.0,0.0,0.0,0.0,0.0,0.0,0.0,0.0,0.0,0.0,0.0,0.0,0.0,0.0,0.0,0.0,0.0,0.0,0.0,0.0,0.0,0.0,eat
0.0,0.0,-0.29831057746040524,-0.19878077422803386,-0.4969559850009082,-0.437455383949676,-0.6306300104475315,-0.6125307901365121,-0.6744101425515348,-0.7548596062333467,-0.20273533267231195,-0.9610404260464018,-0.5626649419947959,-0.9756872173352663,-0.7952035070384893,-0.9277407994039237,-0.9741362853298378,-0.8602819098041348,-0.19010747189405763,-0.9599794751706257,-0.5894606042444976,-0.9753354953437331,-0.8182667510490919,-0.9005610197161001,-1.0,-0.8158637031003599,-0.2111159190067556,-0.9128857516727041,-0.5935939161351307,-0.9126711318390548,-0.8078325247969789,-0.8681233433489256,-0.9801358063400203,-0.81973148802699,-0.25773585909831903,-0.8005869360733711,-0.5578744653305088,-0.7938029824636506,-0.7185402611767183,-0.7548601847234644,-0.8528402129306425,-0.7200634256564995,0.0,0.0,0.0,0.0,0.0,0.0,0.0,0.0,0.0,0.0,0.0,0.0,0.0,0.0,0.0,0.0,0.0,0.0,0.0,0.0,0.0,0.0,0.0,0.0,0.0,0.0,0.0,0.0,0.0,0.0,0.0,0.0,0.0,0.0,0.0,0.0,0.0,0.0,0.0,0.0,0.0,0.0,eat
0.0,0.0,-0.3223575092602859,-0.16481555230223038,-0.5160066615226919,-0.4170205977721008,-0.6711699072953177,-0.5988865029494888,-0.8015306341796755,-0.7290939288276037,-0.16653806729857606,-0.9594284078643982,-0.5146722073760978,-0.9710747588479005,-0.7377234744004291,-0.9212128994594301,-0.9061294380924151,-0.8589721252384368,-0.12784172547919292,-0.975684537076216,-0.5312581317415673,-1.0,-0.7589044691485968,-0.9350518508126651,-0.9419057068703741,-0.8845434119033989,-0.13110630151988614,-0.9264172140625107,-0.5345391126869876,-0.9444083033708119,-0.7519849934719793,-0.8980435171210637,-0.9279128888245264,-0.8717017656202978,-0.18326824168837016,-0.7963885450772841,-0.5224068371117412,-0.7809809454203163,-0.6939376523110551,-0.7495830891453836,-0.8315544382621209,-0.7290401886224632,0.0,0.0,0.0,0.0,0.0,0.0,0.0,0.0,0.0,0.0,0.0,0.0,0.0,0.0,0.0,0.0,0.0,0.0,0.0,0.0,0.0,0.0,0.0,0.0,0.0,0.0,0.0,0.0,0.0,0.0,0.0,0.0,0.0,0.0,0.0,0.0,0.0,0.0,0.0,0.0,0.0,0.0,eat
0.0,0.0,-0.31186305318750324,-0.14961204055454816,-0.5090246724156322,-0.4059529963268979,-0.6664916268040729,-0.5871734070688754,-0.8059037663655434,-0.7027210493639763,-0.16586886779293877,-0.959023168166813,-0.520022645782223,-0.9530061728901543,-0.7387491760818968,-0.9067825211757209,-0.9097811728217793,-0.8617764905054549,-0.13544912767243478,-0.9672314437233167,-0.5291848885898625,-1.0,-0.7535208994860939,-0.9395981194154762,-0.9305228495395631,-0.8938027683648269,-0.15049599186064638,-0.9042860151354781,-0.5332387024076186,-0.9204728264288312,-0.7360770831794897,-0.876576110887753,-0.8932831187727518,-0.8609888111237832,-0.21563652972532416,-0.7638159784044569,-0.5288977138152946,-0.7650204714589299,-0.6878809510134535,-0.7320976613033359,-0.81100617836015,-0.7103588043683385,0.0,0.0,0.0,0.0,0.0,0.0,0.0,0.0,0.0,0.0,0.0,0.0,0.0,0.0,0.0,0.0,0.0,0.0,0.0,0.0,0.0,0.0,0.0,0.0,0.0,0.0,0.0,0.0,0.0,0.0,0.0,0.0,0.0,0.0,0.0,0.0,0.0,0.0,0.0,0.0,0.0,0.0,eat
0.0,0.0,-0.33219143784432364,-0.10739711559978743,-0.5303239619317057,-0.3034820864246692,-0.6657217158045907,-0.4024287920585793,-0.7601549872752686,-0.44904524982497807,-0.2876297211005323,-0.8253283249020907,-0.6218921922237061,-0.7730263488910005,-0.8051987631302407,-0.6725908185469128,-0.9344850041760886,-0.5915608029398898,-0.2630581235825138,-0.7870266680275493,-0.637428775287139,-0.7954837865695265,-0.8451794807657935,-0.6999622882186383,-1.0,-0.6155640882254426,-0.27277501687925665,-0.6745736819684496,-0.6226516988750197,-0.6890359344878793,-0.8239305451532694,-0.6173600698841956,-0.9662539454813188,-0.5555577917475889,-0.3128074863875803,-0.4974092916654088,-0.5966157150311877,-0.5058319089588721,-0.7662923760386913,-0.473920650003522,-0.8971541741000085,-0.43721515505675695,0.0,0.0,0.0,0.0,0.0,0.0,0.0,0.0,0.0,0.0,0.0,0.0,0.0,0.0,0.0,0.0,0.0,0.0,0.0,0.0,0.0,0.0,0.0,0.0,0.0,0.0,0.0,0.0,0.0,0.0,0.0,0.0,0.0,0.0,0.0,0.0,0.0,0.0,0.0,0.0,0.0,0.0,eat
0.0,0.0,-0.30152163050739605,-0.18672145863104642,-0.4894545331293851,-0.41766444969500693,-0.6277707134508551,-0.5780468417720758,-0.7201455044822335,-0.6910101671639637,-0.2791110100359606,-0.9270826613718838,-0.6278565422895636,-0.8827851403492851,-0.8252382706965038,-0.790045713423521,-0.9681389137021095,-0.7048712512751323,-0.27004486060193894,-0.9136020668896394,-0.6519389117340596,-0.8884312565669995,-0.8477276131601303,-0.7805006718703361,-1.0,-0.6899917013899899,-0.28412133683063073,-0.8383755498239142,-0.6404673680941952,-0.8301939294410411,-0.8341606431586762,-0.7487576685607323,-0.9860142727345287,-0.683951428530818,-0.3218187841606978,-0.7053113290787012,-0.5776658054626502,-0.6989610883752765,-0.717343766912928,-0.6467328733199141,-0.8402266100014104,-0.6075074539886356,0.0,0.0,0.0,0.0,0.0,0.0,0.0,0.0,0.0,0.0,0.0,0.0,0.0,0.0,0.0,0.0,0.0,0.0,0.0,0.0,0.0,0.0,0.0,0.0,0.0,0.0,0.0,0.0,0.0,0.0,0.0,0.0,0.0,0.0,0.0,0.0,0.0,0.0,0.0,0.0,0.0,0.0,eat
0.0,0.0,-0.2961119654926624,-0.14918533254796443,-0.4857332923841371,-0.37299541842667994,-0.6186504871502797,-0.5390831811108081,-0.709411019153681,-0.6613451810970564,-0.25337716272492455,-0.9316574339980702,-0.6255543612039981,-0.886161425398739,-0.8328625321730042,-0.7929513904009278,-0.9769872774819911,-0.7106343381929945,-0.24199256038669487,-0.9260960594802355,-0.648626673970292,-0.9038986919940502,-0.8522780664339591,-0.7943488963198437,-1.0,-0.6986022648878214,-0.2586337102034549,-0.8534830500122619,-0.63449748231201,-0.8370963047170266,-0.8199652543013846,-0.7484626861908767,-0.9513267997973932,-0.679315078853942,-0.29632740715953915,-0.7256791569355028,-0.574699814124264,-0.7150698008081354,-0.7255049700559002,-0.6535337017233042,-0.8467333084276655,-0.6072590090141711,0.0,0.0,0.0,0.0,0.0,0.0,0.0,0.0,0.0,0.0,0.0,0.0,0.0,0.0,0.0,0.0,0.0,0.0,0.0,0.0,0.0,0.0,0.0,0.0,0.0,0.0,0.0,0.0,0.0,0.0,0.0,0.0,0.0,0.0,0.0,0.0,0.0,0.0,0.0,0.0,0.0,0.0,eat
0.0,0.0,-0.2844168886172117,-0.16840151945160023,-0.49606414630647266,-0.404912644007959,-0.6485588288496205,-0.5810561311369066,-0.7484989489836017,-0.6878213084998223,-0.2498269097622894,-0.9624048003692591,-0.6036882254975955,-0.9521322846040132,-0.8041666406771415,-0.8725007952794706,-0.9559402698336462,-0.7893538588207409,-0.233963111507538,-0.981915656713718,-0.6139364150672713,-1.0,-0.8150516775718715,-0.9008869705154035,-0.9758203853518878,-0.7881980526568572,-0.24277293679555392,-0.9426550483093294,-0.5866343149057204,-0.954410214507145,-0.782029178959712,-0.8842434865051989,-0.9428234604325073,-0.7991760280936372,-0.26942072467112854,-0.8394651979466196,-0.539018593945896,-0.8414736684526668,-0.7012861696221955,-0.7818314506521291,-0.8516189395026229,-0.7124450321542406,0.0,0.0,0.0,0.0,0.0,0.0,0.0,0.0,0.0,0.0,0.0,0.0,0.0,0.0,0.0,0.0,0.0,0.0,0.0,0.0,0.0,0.0,0.0,0.0,0.0,0.0,0.0,0.0,0.0,0.0,0.0,0.0,0.0,0.0,0.0,0.0,0.0,0.0,0.0,0.0,0.0,0.0,eat
0.0,0.0,-0.31941849492357893,-0.12291202981588668,-0.5253117236010133,-0.33958666406073623,-0.6642410218567905,-0.45897581519694175,-0.7560572994295286,-0.528627788133524,-0.2532910248615509,-0.8917842267939097,-0.6057748790110169,-0.8346856560312582,-0.8090785996624923,-0.730629445895091,-0.961266200667111,-0.6413756064337607,-0.23017981461439718,-0.8626846100497599,-0.6096209724704383,-0.8546248136913132,-0.82473421404398,-0.7503520442387371,-1.0,-0.6598405365473623,-0.24395894251920205,-0.7549317323824936,-0.606461372044033,-0.7527103751944296,-0.8209893620649797,-0.6779811690846417,-0.9937002894856662,-0.6205528867627577,-0.2955374163065917,-0.5705255190791465,-0.5909286550746073,-0.5496795192816294,-0.7553377811007602,-0.5055723419103455,-0.8895509588434433,-0.4699201816499546,0.0,0.0,0.0,0.0,0.0,0.0,0.0,0.0,0.0,0.0,0.0,0.0,0.0,0.0,0.0,0.0,0.0,0.0,0.0,0.0,0.0,0.0,0.0,0.0,0.0,0.0,0.0,0.0,0.0,0.0,0.0,0.0,0.0,0.0,0.0,0.0,0.0,0.0,0.0,0.0,0.0,0.0,eat
0.0,0.0,-0.31775829387548726,-0.13833503161227576,-0.5280083548700126,-0.3634059342981324,-0.6752005643511563,-0.497421670333698,-0.7578589100029918,-0.5977844359634762,-0.2351832982085825,-0.9353198597070718,-0.5937797727802132,-0.8701191959983176,-0.7939328938783576,-0.7626976250222175,-0.9363007399933099,-0.6777634383911134,-0.21674639193922848,-0.9036137462340711,-0.6004356278682607,-0.8806588291921454,-0.7985552301287564,-0.7710210317955353,-0.9644713789399427,-0.6933752769593042,-0.23857636017791634,-0.7974104098059326,-0.6033622611139753,-0.8022673403847789,-0.8164445656361812,-0.7421559936366978,-1.0,-0.7029500374798939,-0.3049831147282183,-0.6157046827235905,-0.6058600007286223,-0.5863268489620995,-0.7649690501082446,-0.5370476883350868,-0.9007787427731148,-0.5027731809555772,0.0,0.0,0.0,0.0,0.0,0.0,0.0,0.0,0.0,0.0,0.0,0.0,0.0,0.0,0.0,0.0,0.0,0.0,0.0,0.0,0.0,0.0,0.0,0.0,0.0,0.0,0.0,0.0,0.0,0.0,0.0,0.0,0.0,0.0,0.0,0.0,0.0,0.0,0.0,0.0,0.0,0.0,eat
0.0,0.0,-0.27756427037464965,-0.16980989407754205,-0.48427317007225135,-0.4269813273789304,-0.64983436548203,-0.5730753830387734,-0.7759984327302744,-0.6511862501868866,-0.17183600263732085,-0.9433285349064078,-0.561676016247821,-0.939551277387838,-0.786322592914864,-0.8471705797809603,-0.9455425325268616,-0.7481146650276019,-0.179702711388082,-0.9204312741341494,-0.5830884951747454,-0.9479260885679245,-0.7974836613849601,-0.8435153355853289,-0.9695768658157049,-0.7328114447351252,-0.2276974825730032,-0.8409731049411959,-0.6004854182622439,-0.9002011214914726,-0.8194787109664773,-0.8278649787966049,-1.0,-0.7471958416943011,-0.30898928860504404,-0.6955292141711887,-0.6170608995417913,-0.7389963172598443,-0.7865855230333085,-0.6994657191253306,-0.9289023211745816,-0.6551863395487569,0.0,0.0,0.0,0.0,0.0,0.0,0.0,0.0,0.0,0.0,0.0,0.0,0.0,0.0,0.0,0.0,0.0,0.0,0.0,0.0,0.0,0.0,0.0,0.0,0.0,0.0,0.0,0.0,0.0,0.0,0.0,0.0,0.0,0.0,0.0,0.0,0.0,0.0,0.0,0.0,0.0,0.0,eat
0.0,0.0,-0.1947982668521158,-0.23805827910091523,-0.3970024783785795,-0.49505812455998766,-0.5729908248478917,-0.6021715862195283,-0.7164860827309099,-0.6312018132802171,-0.2005094126872378,-0.9362730452003595,-0.5726571309190607,-0.9479918265020519,-0.7821350687707128,-0.8563273062371574,-0.9265730263120239,-0.7687272123678532,-0.24105522834852985,-0.8716606281230146,-0.6102752545632502,-0.9189535862080808,-0.8164528850501686,-0.8326796824470125,-0.9746879131823412,-0.7465345627922684,-0.31157454310260946,-0.7452581692051445,-0.642713967637985,-0.8216197033958937,-0.8427998237088677,-0.7561687586929272,-1.0,-0.6971759076417627,-0.40551310449828576,-0.5609177441603562,-0.6609778434099742,-0.5761612033586895,-0.8012037021137765,-0.5298080830628867,-0.9183789229069721,-0.4921504656260911,0.0,0.0,0.0,0.0,0.0,0.0,0.0,0.0,0.0,0.0,0.0,0.0,0.0,0.0,0.0,0.0,0.0,0.0,0.0,0.0,0.0,0.0,0.0,0.0,0.0,0.0,0.0,0.0,0.0,0.0,0.0,0.0,0.0,0.0,0.0,0.0,0.0,0.0,0.0,0.0,0.0,0.0,eat
0.0,0.0,-0.1583540294035263,-0.25678584523296455,-0.35799766909717573,-0.5221830489682568,-0.5458096086293694,-0.6311419377135515,-0.6998678999126935,-0.6577280305391543,-0.18376122105157283,-0.9753202652293741,-0.5592272115653948,-0.9747466034956526,-0.7725404911035649,-0.8862114759246276,-0.9171541232010207,-0.8057280796600367,-0.23804622859806077,-0.9061095267027549,-0.6040190238160259,-0.9260280445152149,-0.8053099673872427,-0.8520473174442873,-0.9641347385804182,-0.7959296331664198,-0.3180600526178214,-0.7722790978365175,-0.6443870327887737,-0.8272383479711614,-0.8402009979725941,-0.7786402521070812,-1.0,-0.740700218178586,-0.41732926253766667,-0.5835958474141656,-0.6665540005157693,-0.5974888703191161,-0.7970383616548358,-0.5594272037294445,-0.9105643229183418,-0.5344866604641807,0.0,0.0,0.0,0.0,0.0,0.0,0.0,0.0,0.0,0.0,0.0,0.0,0.0,0.0,0.0,0.0,0.0,0.0,0.0,0.0,0.0,0.0,0.0,0.0,0.0,0.0,0.0,0.0,0.0,0.0,0.0,0.0,0.0,0.0,0.0,0.0,0.0,0.0,0.0,0.0,0.0,0.0,eat
0.0,0.0,-0.04518364510578392,-0.3580704581956765,-0.19665005890148313,-0.6653935107811904,-0.41120706750385233,-0.7486184695052107,-0.5935685310470082,-0.7045853273793307,-0.1319410075102902,-0.9730637366291948,-0.511631708716015,-0.9620833991071243,-0.729050930542315,-0.8940537309609452,-0.881124616662856,-0.8356331221269025,-0.2145609409856013,-0.8913196010765742,-0.5847369600767601,-0.9219051160867618,-0.7942869212866084,-0.8456135107699551,-0.959952609164363,-0.7707622812541606,-0.31358228315293996,-0.753781126919916,-0.6481825929123848,-0.8123371220909493,-0.8462022447167027,-0.7600892313932265,-1.0,-0.7186610122740916,-0.4223941360301243,-0.5662272322032975,-0.6902371845034889,-0.5895653649167374,-0.83527134286955,-0.5788007467033989,-0.9562567306952285,-0.5766817539103338,0.0,0.0,0.0,0.0,0.0,0.0,0.0,0.0,0.0,0.0,0.0,0.0,0.0,0.0,0.0,0.0,0.0,0.0,0.0,0.0,0.0,0.0,0.0,0.0,0.0,0.0,0.0,0.0,0.0,0.0,0.0,0.0,0.0,0.0,0.0,0.0,0.0,0.0,0.0,0.0,0.0,0.0,eat
0.0,0.0,-0.009402340723376094,-0.3414829328611724,-0.1468244706132347,-0.6443612800113934,-0.37211556339727586,-0.7382484869617899,-0.5602092850163299,-0.6940167385061937,-0.06282789087927174,-0.9692814672104882,-0.43118127466510836,-1.0,-0.6467365903474125,-0.9432932098224706,-0.7946314482498263,-0.8979096929955189,-0.17097769762745887,-0.9135840285105058,-0.5226796077657898,-0.967525557333255,-0.7117504675173627,-0.901954445808959,-0.8650356918211447,-0.841052008728121,-0.29318156515036004,-0.7945788896342542,-0.6081478287357731,-0.8589417181467945,-0.7789684156629195,-0.8171186236650535,-0.9231480011054264,-0.7731592757761862,-0.4253026217706828,-0.617469353523377,-0.6700912654927822,-0.643584768852295,-0.7955656352556412,-0.6322784498938373,-0.9054459202928815,-0.6163181502984255,0.0,0.0,0.0,0.0,0.0,0.0,0.0,0.0,0.0,0.0,0.0,0.0,0.0,0.0,0.0,0.0,0.0,0.0,0.0,0.0,0.0,0.0,0.0,0.0,0.0,0.0,0.0,0.0,0.0,0.0,0.0,0.0,0.0,0.0,0.0,0.0,0.0,0.0,0.0,0.0,0.0,0.0,eat
0.0,0.0,0.044234254051053225,-0.3568985744063518,-0.04246037980915271,-0.6883496213430538,-0.23950078035802197,-0.8136175093485843,-0.4222538206119264,-0.8003896552807718,0.011924813290177964,-0.9392059202463627,-0.3493835695356608,-1.0,-0.5543893829410594,-0.9916386471001057,-0.686850181734385,-0.9806754024866711,-0.11973467827252826,-0.8593669149147891,-0.4670285642459856,-0.9809503608501189,-0.6421450942190658,-0.9413039834920236,-0.765478322806356,-0.8959358535231332,-0.2603714294692518,-0.7277844116938482,-0.5737171228356849,-0.870089767359038,-0.724931129476584,-0.8397244131602929,-0.8323591951314039,-0.8152855900868344,-0.3954812556955661,-0.5469356545056511,-0.629352459960825,-0.6340969319883941,-0.7396552807717689,-0.6433910484031465,-0.82679403785522,-0.6660219547706585,0.0,0.0,0.0,0.0,0.0,0.0,0.0,0.0,0.0,0.0,0.0,0.0,0.0,0.0,0.0,0.0,0.0,0.0,0.0,0.0,0.0,0.0,0.0,0.0,0.0,0.0,0.0,0.0,0.0,0.0,0.0,0.0,0.0,0.0,0.0,0.0,0.0,0.0,0.0,0.0,0.0,0.0,eat
0.0,0.0,0.035703575667438196,-0.3715413140869878,-0.053334371708195764,-0.7023063553092899,-0.231839607494302,-0.8341858626948154,-0.41187358055757695,-0.8194001463501713,-0.008287445087079364,-0.9429734976730121,-0.36113851735240704,-1.0,-0.5537958248227893,-0.9810619641770787,-0.6791957719263556,-0.9675384801327367,-0.14372810626215898,-0.8639929525363234,-0.4796856960659921,-0.9834680944995294,-0.6479883931267001,-0.9408101043313886,-0.7643757184129654,-0.894390702364511,-0.28315268813506694,-0.7344250091911346,-0.5830112432735307,-0.8655014617317565,-0.7282959004252448,-0.8324750726820261,-0.8282413351747631,-0.809746800043895,-0.4128409885665825,-0.5571885798318945,-0.6346762925364953,-0.6416726803067994,-0.7343092034231983,-0.6458659616505913,-0.8088259166228813,-0.6652586236105205,0.0,0.0,0.0,0.0,0.0,0.0,0.0,0.0,0.0,0.0,0.0,0.0,0.0,0.0,0.0,0.0,0.0,0.0,0.0,0.0,0.0,0.0,0.0,0.0,0.0,0.0,0.0,0.0,0.0,0.0,0.0,0.0,0.0,0.0,0.0,0.0,0.0,0.0,0.0,0.0,0.0,0.0,eat
0.0,0.0,0.05257350951606974,-0.3511638734574525,-0.04240477865504224,-0.6814285954210154,-0.2383897231298623,-0.79708630428657,-0.417287448939414,-0.7603002894288492,0.0017849045407299729,-0.9032545350384319,-0.3277487809839088,-1.0,-0.49570941791398493,-0.9494138645935774,-0.5773797638663664,-0.9000196871331988,-0.12309403358568942,-0.845602491588649,-0.41245430439107045,-0.9555840547283642,-0.5476279337094104,-0.8867159435921647,-0.6256076419666233,-0.8155796134604009,-0.25951980189705587,-0.7460509103666285,-0.5080148092027551,-0.8528634048850215,-0.6097678970969409,-0.8011203005133584,-0.6692011129295014,-0.7560442298038937,-0.400318726289134,-0.6003493299843436,-0.5889335918474742,-0.6949833265843477,-0.6462208168574111,-0.6762679540123497,-0.6788944601713434,-0.6614662155731755,0.0,0.0,0.0,0.0,0.0,0.0,0.0,0.0,0.0,0.0,0.0,0.0,0.0,0.0,0.0,0.0,0.0,0.0,0.0,0.0,0.0,0.0,0.0,0.0,0.0,0.0,0.0,0.0,0.0,0.0,0.0,0.0,0.0,0.0,0.0,0.0,0.0,0.0,0.0,0.0,0.0,0.0,eat
0.0,0.0,0.04785443501230999,-0.35172645128828695,-0.04842640944983807,-0.674279471723498,-0.23811865529949128,-0.7749592781545871,-0.4107897622500517,-0.7282328405389958,0.015904991171996133,-0.8998383887366156,-0.31898080080067304,-1.0,-0.43835346106061834,-0.8984633713039285,-0.46418346205416755,-0.8338717337069321,-0.10832102031124524,-0.844507723705811,-0.41742056391666216,-0.9365719088085886,-0.5013485835542993,-0.8110296724842467,-0.4998473215644845,-0.7222510361624571,-0.24385526266615742,-0.7465843327314309,-0.5111295743142915,-0.8403689987120321,-0.5579594686608141,-0.7145282418645181,-0.5347108726187861,-0.6335644626585007,-0.37718956828007516,-0.6171886749972882,-0.583978152855269,-0.6573134793638004,-0.5914580289259551,-0.5686729372687606,-0.5545244317399781,-0.5248145754582404,0.0,0.0,0.0,0.0,0.0,0.0,0.0,0.0,0.0,0.0,0.0,0.0,0.0,0.0,0.0,0.0,0.0,0.0,0.0,0.0,0.0,0.0,0.0,0.0,0.0,0.0,0.0,0.0,0.0,0.0,0.0,0.0,0.0,0.0,0.0,0.0,0.0,0.0,0.0,0.0,0.0,0.0,eat
0.0,0.0,0.1316131802290393,-0.3320576111551193,0.09193134375334745,-0.6746132608984099,-0.08849958937967899,-0.7985597652036417,-0.26793912680475673,-0.7693332081415232,-0.013008927851166334,-0.9180923765681487,-0.271606277046831,-1.0,-0.2817384381616376,-0.8874243504242195,-0.21979141457488344,-0.7960656269574996,-0.17553390560096696,-0.8459889469737745,-0.39573087111018246,-0.9547612340914932,-0.39792613595037113,-0.8446612084800701,-0.332192060106175,-0.7408357611287364,-0.32615023281709343,-0.7296901634943327,-0.4982572330229546,-0.8364981734779386,-0.48070348980987154,-0.7293551431572758,-0.41378494074768607,-0.6427175615456604,-0.4550581238243982,-0.5825950763471675,-0.5504824954077969,-0.692863934575818,-0.5167375719577398,-0.5929361843564017,-0.45594680935006493,-0.5075086433042879,0.0,0.0,0.0,0.0,0.0,0.0,0.0,0.0,0.0,0.0,0.0,0.0,0.0,0.0,0.0,0.0,0.0,0.0,0.0,0.0,0.0,0.0,0.0,0.0,0.0,0.0,0.0,0.0,0.0,0.0,0.0,0.0,0.0,0.0,0.0,0.0,0.0,0.0,0.0,0.0,0.0,0.0,eat
0.0,0.0,0.0965978726678791,-0.33552193770606226,0.04345532147339534,-0.6436426064695694,-0.11830212278005502,-0.7636805837049048,-0.2670315544871448,-0.7587066930541978,-0.01937489297226058,-0.8686139392927824,-0.2371431234541943,-1.0,-0.26565249529077944,-0.8797916454417564,-0.22491627450257842,-0.7808253979264256,-0.1701167713280544,-0.81082914796165,-0.3549250101337657,-0.9557422143416087,-0.3552748689113409,-0.8283736769203757,-0.29752562704707486,-0.7258160661913732,-0.3066249899746168,-0.7047530070730433,-0.4419592091544213,-0.8427256903424671,-0.42873003864920695,-0.7283409453990536,-0.37302142288908785,-0.641856028994492,-0.42422912931985635,-0.5711810876836271,-0.4844351861686562,-0.7086179277695528,-0.459694491349991,-0.6192647763309915,-0.4150157479802917,-0.5337518343741668,0.0,0.0,0.0,0.0,0.0,0.0,0.0,0.0,0.0,0.0,0.0,0.0,0.0,0.0,0.0,0.0,0.0,0.0,0.0,0.0,0.0,0.0,0.0,0.0,0.0,0.0,0.0,0.0,0.0,0.0,0.0,0.0,0.0,0.0,0.0,0.0,0.0,0.0,0.0,0.0,0.0,0.0,eat
0.0,0.0,0.09723222245079888,-0.33759471645066175,0.04471730782417884,-0.6431379860111088,-0.11762197421655352,-0.7662920866762669,-0.26022166220942194,-0.7531312144277583,-0.0024583419049578276,-0.855071830213262,-0.21139983199615991,-1.0,-0.23874845710759104,-0.8783849345127889,-0.20072001645751902,-0.7796963930604128,-0.14755622985668243,-0.7991668380991566,-0.33062427141191797,-0.9551498319961599,-0.33301189741479803,-0.8255202976068025,-0.2786892271823356,-0.7208316190084345,-0.2799231125282864,-0.6980478125214291,-0.41734082493314134,-0.8412912295138174,-0.407974610848248,-0.7263491736953988,-0.35404837824864566,-0.6356193855859562,-0.3978459507645889,-0.5728378077213193,-0.4657336453404649,-0.712223136528835,-0.4461864842624974,-0.6266251800041144,-0.40419795309607076,-0.5423943975862305,0.0,0.0,0.0,0.0,0.0,0.0,0.0,0.0,0.0,0.0,0.0,0.0,0.0,0.0,0.0,0.0,0.0,0.0,0.0,0.0,0.0,0.0,0.0,0.0,0.0,0.0,0.0,0.0,0.0,0.0,0.0,0.0,0.0,0.0,0.0,0.0,0.0,0.0,0.0,0.0,0.0,0.0,eat
0.0,0.0,0.07882770593564359,-0.17728040885788884,0.1024123957058462,-0.38480031388256025,0.108432554205359,-0.5324313285820048,0.10021340101047545,-0.6420400689395668,-0.010575718053522845,-0.49493661731448035,-0.022295304653700262,-0.6896653887528443,-0.017433688640658623,-0.8528630079410471,-0.006673847580389607,-0.9784069481803791,-0.053926204756662405,-0.4787463703835174,-0.07067807926512909,-0.6916383348991358,-0.07081608417530887,-0.8582155021789054,-0.06699072781693352,-1.0,-0.09299941269302782,-0.4497391357818083,-0.11238927726304469,-0.6401873093479635,-0.11802826270684577,-0.7987039417346763,-0.12106140100488537,-0.9388170079347583,-0.12318475503429684,-0.4034281817206732,-0.15614067696474446,-0.548659657880587,-0.17289097926537367,-0.6643154589606588,-0.18039023596044604,-0.767111997448132,0.0,0.0,0.10320418294559502,-0.34858147403056977,0.06793612748153366,-0.6275710572055477,-0.041689258694341265,-0.7558760385998516,-0.16054697199264217,-0.7613074154213603,0.0345949397236256,-0.8460034491903187,-0.12059244319899734,-1.0,-0.16533479273609303,-0.9280087091210983,-0.1573418600290867,-0.8662117012345805,-0.12892615658513268,-0.793135993027298,-0.25558593162765636,-0.9693449409904683,-0.25847517748465854,-0.8668417443241225,-0.21487974284782854,-0.7655103771306182,-0.2673903716578579,-0.679170403852553,-0.3471246049562264,-0.8367973034831417,-0.3298604952848116,-0.7406105843860796,-0.2860822130221292,-0.6479946725042777,-0.3710751102575407,-0.5380800239179897,-0.37528905126996753,-0.6211038253581365,-0.33488141508015734,-0.5469985963383179,-0.2895288696554019,-0.4785388405518029,eat
0.0,0.0,0.11553115899173495,-0.3524847220177697,0.0859135239088908,-0.6477873074165037,-0.04039852312121064,-0.7909320365449163,-0.17396368407052448,-0.8000953824725238,0.06253147492465387,-0.8675698732566658,-0.10188836635133634,-0.9841607418483711,-0.12130016295940477,-0.8673288345174361,-0.08864414848330678,-0.7905739218466322,-0.10523622226870827,-0.8117508967932379,-0.2335897813348209,-1.0,-0.22996860470421535,-0.87833182253695,-0.18018463567424992,-0.761167195660614,-0.25402685343725545,-0.6983705781228076,-0.3344003601807446,-0.8665265198568575,-0.31309770074868354,-0.7551274535376309,-0.2619449760209497,-0.6554484654871264,-0.37288563830931987,-0.5579534605845706,-0.3834470089244593,-0.6508433342888797,-0.3467677996348263,-0.5706686845052551,-0.3063524898871336,-0.5030710917935779,0.0,0.0,0.0,0.0,0.0,0.0,0.0,0.0,0.0,0.0,0.0,0.0,0.0,0.0,0.0,0.0,0.0,0.0,0.0,0.0,0.0,0.0,0.0,0.0,0.0,0.0,0.0,0.0,0.0,0.0,0.0,0.0,0.0,0.0,0.0,0.0,0.0,0.0,0.0,0.0,0.0,0.0,eat
0.0,0.0,0.13408952461670381,-0.3123388103333543,0.11020365766046131,-0.5861232871270083,0.0003790750568612585,-0.7288359416125092,-0.12224549827678108,-0.7688751237373821,0.04842228630264426,-0.8801737951537986,-0.07787178324190286,-0.9875405974487752,-0.08479114454181579,-0.8822905734462061,-0.05165063184693976,-0.7957356539127498,-0.11321680775763034,-0.8317026760381525,-0.20350743748572261,-1.0,-0.19407856620239627,-0.8949357889892766,-0.1525437757199943,-0.7789884820775299,-0.2515403027965476,-0.7148043707850661,-0.3019668036192564,-0.8695133437730714,-0.27647648906972666,-0.7673104045343336,-0.2330020427013981,-0.668595286888638,-0.3532991945068879,-0.5655659143654549,-0.3508136870925771,-0.6472967313466931,-0.3110972981383939,-0.5642859152924506,-0.27351837934653417,-0.49244167375708076,0.0,0.0,0.0,0.0,0.0,0.0,0.0,0.0,0.0,0.0,0.0,0.0,0.0,0.0,0.0,0.0,0.0,0.0,0.0,0.0,0.0,0.0,0.0,0.0,0.0,0.0,0.0,0.0,0.0,0.0,0.0,0.0,0.0,0.0,0.0,0.0,0.0,0.0,0.0,0.0,0.0,0.0,eat
0.0,0.0,0.13048916156502563,-0.3122109116072404,0.11472028990785592,-0.581826293675731,0.015102954371629026,-0.7329121237505256,-0.1051160161177643,-0.7746968814046427,0.038590506808993896,-0.875876577259649,-0.08905991848410903,-0.9940597198263731,-0.09351026563850252,-0.8902043525909935,-0.056857913365361376,-0.7978384382853189,-0.12053558125598042,-0.82445567780364,-0.21330088038486625,-1.0,-0.2017510023938257,-0.9018634923367779,-0.15697644581444706,-0.7839890970012615,-0.25680278584364974,-0.7045686312813093,-0.3104995579865376,-0.8569991259059621,-0.2829324861684551,-0.765230012548547,-0.23487014405996814,-0.6699421740440424,-0.3573985107291732,-0.5539355752962484,-0.3529676154780864,-0.6301071592937055,-0.3100306429557622,-0.5536495909306122,-0.2671528538839243,-0.48352382402897753,0.0,0.0,0.0,0.0,0.0,0.0,0.0,0.0,0.0,0.0,0.0,0.0,0.0,0.0,0.0,0.0,0.0,0.0,0.0,0.0,0.0,0.0,0.0,0.0,0.0,0.0,0.0,0.0,0.0,0.0,0.0,0.0,0.0,0.0,0.0,0.0,0.0,0.0,0.0,0.0,0.0,0.0,eat
0.0,0.0,-0.21641848173394398,-0.17338524470124614,-0.2889822032431569,-0.4451568990307807,-0.23827334513792736,-0.6610249527372457,-0.1503284262168495,-0.7780239841836192,-0.30071177042283526,-0.7693407012195121,-0.2564374700447332,-0.9078451179571839,-0.21152870047395889,-0.829998036265843,-0.18131090904249653,-0.7440879952604111,-0.1906349018798594,-0.8469552135477687,-0.14435567885291298,-1.0,-0.11518798594099477,-0.9180765057514112,-0.09594838374693791,-0.8105845271061881,-0.06355009851954414,-0.8655507775055916,-0.031231277958249013,-0.9968617697571627,-0.016658456704654382,-0.911713923873682,-0.006451199542017254,-0.8076139631483651,0.061146604404089894,-0.8354253481467675,0.08472597587602514,-0.9391442113111087,0.07800850729577165,-0.8590117923900309,0.07254791178506763,-0.7687936015550112,0.0,0.0,0.0,0.0,0.0,0.0,0.0,0.0,0.0,0.0,0.0,0.0,0.0,0.0,0.0,0.0,0.0,0.0,0.0,0.0,0.0,0.0,0.0,0.0,0.0,0.0,0.0,0.0,0.0,0.0,0.0,0.0,0.0,0.0,0.0,0.0,0.0,0.0,0.0,0.0,0.0,0.0,eat
0.0,0.0,-0.17273805555591584,-0.07447078949996563,-0.23248021742993255,-0.27809702116842,-0.1997637505236658,-0.44577675689066376,-0.12115162378551686,-0.536459137206277,-0.26358418276358064,-0.523042916601276,-0.28635067515599727,-0.7411690166237141,-0.2919375245620338,-0.8929779496165404,-0.29200934621864655,-1.0,-0.1786846617475587,-0.6077658828000264,-0.12922677744819439,-0.7952683957473797,-0.079706799030359,-0.7685873798811165,-0.05545410093552977,-0.7136978004090754,-0.07094261141597936,-0.6458611919217335,-0.013950262448979062,-0.7828972369900662,0.010841017007627686,-0.723892260381553,0.01713927370309219,-0.6546033304496587,0.04083620511876027,-0.64671462126803,0.07985465761011248,-0.7237936879950506,0.09385712451378522,-0.6589460277273748,0.09456464078795652,-0.5895144272360692,0.0,0.0,0.0,0.0,0.0,0.0,0.0,0.0,0.0,0.0,0.0,0.0,0.0,0.0,0.0,0.0,0.0,0.0,0.0,0.0,0.0,0.0,0.0,0.0,0.0,0.0,0.0,0.0,0.0,0.0,0.0,0.0,0.0,0.0,0.0,0.0,0.0,0.0,0.0,0.0,0.0,0.0,eat
0.0,0.0,-0.17088587515073944,-0.07870657158212066,-0.2303783972252729,-0.2767625577200219,-0.19834696971687746,-0.4485800289765806,-0.11904465091744751,-0.544911616942551,-0.2596536526290591,-0.5273923545026024,-0.27920467265789467,-0.7634229795628901,-0.27054871234959305,-0.9079318983057256,-0.2627331754288082,-1.0,-0.16394553223236,-0.6102617858764646,-0.11711191747603152,-0.8041231860394539,-0.07340317152873094,-0.7642497831242984,-0.0553685989621372,-0.6931424335777104,-0.05013570153801486,-0.6431269069759468,-0.006275054471292772,-0.7838450275296744,0.010679866468020167,-0.7271118822247169,0.013344224921333487,-0.6493852971894127,0.061671534018640256,-0.6378859978894077,0.09278017824987478,-0.706802958931257,0.10291845633852285,-0.6411082885134233,0.10221823704329919,-0.5649590395747282,0.0,0.0,0.0,0.0,0.0,0.0,0.0,0.0,0.0,0.0,0.0,0.0,0.0,0.0,0.0,0.0,0.0,0.0,0.0,0.0,0.0,0.0,0.0,0.0,0.0,0.0,0.0,0.0,0.0,0.0,0.0,0.0,0.0,0.0,0.0,0.0,0.0,0.0,0.0,0.0,0.0,0.0,eat
0.0,0.0,-0.20646859502688383,-0.2342538370730011,-0.2529179974093674,-0.5625474720533634,-0.15865628195134368,-0.763411764999505,-0.03518609876849278,-0.8788242820644863,-0.33368704259402693,-0.704392927589572,-0.2230323379835494,-0.8634173389361102,-0.12298766329762409,-0.7692361127865274,-0.09110932153544483,-0.6665879105474687,-0.25205216539117803,-0.8286089367674329,-0.10820841198546118,-0.9570004068141791,-0.03488785156357241,-0.8339686511822153,-0.03973925623719347,-0.7274548823109042,-0.12915351869306993,-0.9140827588157631,0.022112721636774003,-1.0,0.06670379851300683,-0.8620671151883117,0.04587308229543029,-0.7530991503490366,0.017353661286015325,-0.9655988279758374,0.1531281015421502,-0.9604146509675772,0.1703195363150289,-0.8242541948032608,0.14315325081134056,-0.7295168228894122,0.0,0.0,0.0,0.0,0.0,0.0,0.0,0.0,0.0,0.0,0.0,0.0,0.0,0.0,0.0,0.0,0.0,0.0,0.0,0.0,0.0,0.0,0.0,0.0,0.0,0.0,0.0,0.0,0.0,0.0,0.0,0.0,0.0,0.0,0.0,0.0,0.0,0.0,0.0,0.0,0.0,0.0,eat
0.0,0.0,-0.17730004067790894,-0.20165662364925105,-0.20898876404494382,-0.5208171833604168,-0.09907684330995935,-0.7230268579582219,0.018246465974931448,-0.8202584417199379,-0.28831068648713587,-0.7190130232538533,-0.13081931210072947,-0.864519378913668,-0.049210996102929866,-0.7735905526083392,-0.03341237072117928,-0.6705380233065449,-0.1825365310806624,-0.8116511648003305,-0.03866256093782603,-0.9476709262549556,0.02826166223003463,-0.8453274150137314,0.03974800773091036,-0.7393094029199573,-0.05611654537062212,-0.875217036667025,0.08073700783418589,-1.0,0.1415662891841023,-0.9141565446118632,0.1567119603590616,-0.8294191911208345,0.08189032139763394,-0.9108323374622465,0.18494032150301712,-0.9680676307120321,0.2275349397945871,-0.8754353906238473,0.2395444074198192,-0.8016549375183103,0.0,0.0,0.0,0.0,0.0,0.0,0.0,0.0,0.0,0.0,0.0,0.0,0.0,0.0,0.0,0.0,0.0,0.0,0.0,0.0,0.0,0.0,0.0,0.0,0.0,0.0,0.0,0.0,0.0,0.0,0.0,0.0,0.0,0.0,0.0,0.0,0.0,0.0,0.0,0.0,0.0,0.0,eat
0.0,0.0,-0.1661096707087579,-0.21128238452128367,-0.18205917691363327,-0.5439295581465837,-0.06348401952938457,-0.738181080745152,0.0587080862903982,-0.8323660952787997,-0.28047126960625046,-0.70757254285409,-0.1176289983885423,-0.857558914152262,-0.03231594165607262,-0.7728538065509354,-0.017238018190500904,-0.6745871593642265,-0.17290417823289161,-0.798784973974631,-0.023337570951021718,-0.9465789777819451,0.04916232547084439,-0.8413143738102143,0.06017300819248524,-0.7358404329784056,-0.03572028234309003,-0.8639628775968129,0.10414552400723084,-1.0,0.16695748499207355,-0.9094570107132499,0.18302670571380597,-0.8230968335619321,0.11709300880305108,-0.899728952378045,0.2217596943681843,-0.9596250253493854,0.258070917222536,-0.8589008506490533,0.26975845579176216,-0.7817488786304136,0.0,0.0,0.0,0.0,0.0,0.0,0.0,0.0,0.0,0.0,0.0,0.0,0.0,0.0,0.0,0.0,0.0,0.0,0.0,0.0,0.0,0.0,0.0,0.0,0.0,0.0,0.0,0.0,0.0,0.0,0.0,0.0,0.0,0.0,0.0,0.0,0.0,0.0,0.0,0.0,0.0,0.0,eat
0.0,0.0,-0.16921973255865072,-0.17137721237710002,-0.18734704806936975,-0.4741952802325824,-0.07655267718888617,-0.6705332707500623,0.04395379436244329,-0.7644259398481216,-0.27630018299833964,-0.65879890742753,-0.13656978249352889,-0.7868298035509937,-0.03849714889386141,-0.7258586290089447,0.0007864354756558033,-0.6423397143698325,-0.16993489593162853,-0.7608392434410793,-0.05826283464028459,-0.8904767592996772,0.03553880155404268,-0.8342934714309884,0.08882635495816261,-0.7633561922135339,-0.029965811593861805,-0.8237882743403112,0.05307395912755841,-0.9953551015949409,0.16275484217336839,-0.9901466873126332,0.23818470620573526,-0.9654345844214726,0.12567114563355125,-0.8501420779392638,0.18375901947349232,-1.0,0.2698646007674296,-0.9892310295199724,0.3380318153337599,-0.958830036239977,0.0,0.0,0.0,0.0,0.0,0.0,0.0,0.0,0.0,0.0,0.0,0.0,0.0,0.0,0.0,0.0,0.0,0.0,0.0,0.0,0.0,0.0,0.0,0.0,0.0,0.0,0.0,0.0,0.0,0.0,0.0,0.0,0.0,0.0,0.0,0.0,0.0,0.0,0.0,0.0,0.0,0.0,eat
0.0,0.0,-0.17211804813275308,-0.17711151958181118,-0.1939492603461375,-0.4705596023481993,-0.09862518524678555,-0.66703395885996,0.015542877597240157,-0.764904824167525,-0.29165312672168214,-0.6251310116790783,-0.15230935343165858,-0.7854323600090211,-0.05757418119677898,-0.7472436137032228,-0.017119763317995345,-0.6733921211756906,-0.1906660025879185,-0.7396294567133797,-0.08219036612764503,-0.8826284502001953,0.010613810337120902,-0.8299801725489913,0.06314683838706601,-0.7628072814246116,-0.05237326046545472,-0.821014657489484,0.034309128355966695,-0.9806163729459019,0.1400128989161566,-0.963478079299861,0.20875544441376143,-0.9332505946653445,0.10606669381435052,-0.8651489273425838,0.18208668668243402,-1.0,0.2623248149565961,-0.9882612631627473,0.3178285709636991,-0.9627436455663478,0.0,0.0,0.0,0.0,0.0,0.0,0.0,0.0,0.0,0.0,0.0,0.0,0.0,0.0,0.0,0.0,0.0,0.0,0.0,0.0,0.0,0.0,0.0,0.0,0.0,0.0,0.0,0.0,0.0,0.0,0.0,0.0,0.0,0.0,0.0,0.0,0.0,0.0,0.0,0.0,0.0,0.0,eat
0.0,0.0,-0.1758433599985065,-0.17014402927257283,-0.19984434944133816,-0.4712319496690967,-0.097364675024036,-0.6772810857734922,0.01931653769683845,-0.772057107653247,-0.29000616068178214,-0.6520614948054251,-0.14496970998123793,-0.8006972771653397,-0.04917250842426562,-0.7504177128935602,-0.011167635885037944,-0.6758412597660808,-0.1801619045841073,-0.7623512335365114,-0.07083827276885309,-0.8863274869085512,0.02014309583593918,-0.8228122578898731,0.06715049798844405,-0.7601413223063352,-0.03659538322240995,-0.8371960496961663,0.04629098953617534,-0.9760629509665736,0.1460417619549897,-0.9539927752004556,0.21109482782761294,-0.9312771280021656,0.12414893914926585,-0.874685665213617,0.1873099289654722,-1.0,0.2657858136300417,-0.9953468183812342,0.3234698639982825,-0.9840615694803558,0.0,0.0,0.0,0.0,0.0,0.0,0.0,0.0,0.0,0.0,0.0,0.0,0.0,0.0,0.0,0.0,0.0,0.0,0.0,0.0,0.0,0.0,0.0,0.0,0.0,0.0,0.0,0.0,0.0,0.0,0.0,0.0,0.0,0.0,0.0,0.0,0.0,0.0,0.0,0.0,0.0,0.0,eat
0.0,0.0,-0.17500581624208916,-0.23161306725539144,-0.17325505374993005,-0.5855129925522652,-0.03383089607430654,-0.7879255795872971,0.09409943467108538,-0.8561729225217655,-0.24926646634579988,-0.8037560653343137,-0.048986501410131944,-0.9808819877117775,0.06804021600099736,-1.0,0.14851884609683527,-0.9804088351907678,-0.09925993841164073,-0.8507905671842222,0.02989499351623983,-0.9682693317653203,0.0952121284108456,-0.916082179328732,0.1364789795611854,-0.8556482336784468,0.06875338053733242,-0.8389524285387538,0.15262751804016692,-0.9600549328113603,0.19502718663707336,-0.9325188303905275,0.23281950801954257,-0.8996082257860271,0.2504297147636348,-0.7882858430213439,0.27921446865070054,-0.805870036193223,0.2754488813673126,-0.7294190923913737,0.27692772840652635,-0.6569025786812395,0.0,0.0,0.0,0.0,0.0,0.0,0.0,0.0,0.0,0.0,0.0,0.0,0.0,0.0,0.0,0.0,0.0,0.0,0.0,0.0,0.0,0.0,0.0,0.0,0.0,0.0,0.0,0.0,0.0,0.0,0.0,0.0,0.0,0.0,0.0,0.0,0.0,0.0,0.0,0.0,0.0,0.0,eat
0.0,0.0,-0.20110016617860396,-0.2542886107517802,-0.17902295817552094,-0.616134297840169,-0.021538907148625528,-0.8037467506805468,0.12009779254920924,-0.8701003699130815,-0.2499819584528944,-0.8021036198461927,-0.0680880623869335,-0.9501066537716651,0.014069461183672768,-0.9025123161173608,0.03980382578983929,-0.8318336348439959,-0.084422167293007,-0.85858176257324,0.023624362716099686,-1.0,0.08948067345290665,-0.9702277653273375,0.1265775307872251,-0.9259756549572525,0.1022030324526931,-0.8508108877668492,0.16916736419133369,-0.9810021281661688,0.21701060155672777,-0.9521140520332946,0.24564585056689733,-0.9302192232070753,0.2977935310621439,-0.7903331672365504,0.30971273438669783,-0.7937181051220812,0.30781383087092806,-0.7123254449634628,0.3026546847883984,-0.6569916517956862,0.0,0.0,0.0,0.0,0.0,0.0,0.0,0.0,0.0,0.0,0.0,0.0,0.0,0.0,0.0,0.0,0.0,0.0,0.0,0.0,0.0,0.0,0.0,0.0,0.0,0.0,0.0,0.0,0.0,0.0,0.0,0.0,0.0,0.0,0.0,0.0,0.0,0.0,0.0,0.0,0.0,0.0,eat
0.0,0.0,-0.1488940018051744,-0.1581471119543368,-0.1650204811337208,-0.4347724797045183,-0.07732121283617342,-0.5978874282375277,0.030791505750545605,-0.6793256608470232,-0.23722639662321207,-0.5718176374960271,-0.11181069517037341,-0.7248322660285611,-0.02682937282707541,-0.7707509126654584,0.02189293796590707,-0.7764515974350737,-0.14460193867414312,-0.6690942174585911,-0.05674247918257086,-0.836596495143979,0.021844986694583075,-0.8918558796957767,0.07774768210768328,-0.9207013276561291,-0.019348974500532343,-0.7293918802796789,0.05012053591698744,-0.9136601290271111,0.12595101586677865,-0.961806175869138,0.17814491383411152,-1.0,0.1267763718200987,-0.7505553648349139,0.18239517873305952,-0.9162724124454342,0.23821767246226383,-0.9514554908236967,0.277505464535367,-0.9748862642522423,0.0,0.0,0.0,0.0,0.0,0.0,0.0,0.0,0.0,0.0,0.0,0.0,0.0,0.0,0.0,0.0,0.0,0.0,0.0,0.0,0.0,0.0,0.0,0.0,0.0,0.0,0.0,0.0,0.0,0.0,0.0,0.0,0.0,0.0,0.0,0.0,0.0,0.0,0.0,0.0,0.0,0.0,eat
0.0,0.0,-0.15684076018751544,-0.18396154347618623,-0.17515142771502423,-0.47468797086637843,-0.07461547732605471,-0.6602924921693087,0.044653870227601936,-0.7473134153821615,-0.2467576166382084,-0.6256237334352485,-0.11941921831532719,-0.795176177672796,-0.041770258203352,-0.7776155360198358,-0.011637050202896784,-0.728230767817707,-0.14946192140141035,-0.7240133284167958,-0.05084808033252043,-0.9007425435375683,0.03058080408687934,-0.8759262752344055,0.07115388837338922,-0.8323840024947097,-0.016962054694539194,-0.7940515869051038,0.06540010564880598,-0.9883181453840477,0.14559821284157204,-0.9730976382249746,0.18757905178628473,-0.9468489728364285,0.1347815314417209,-0.827367252364889,0.20160552133742965,-1.0,0.26251264044503325,-0.9923155951168566,0.3001568602501072,-0.9679545396503374,0.0,0.0,0.0,0.0,0.0,0.0,0.0,0.0,0.0,0.0,0.0,0.0,0.0,0.0,0.0,0.0,0.0,0.0,0.0,0.0,0.0,0.0,0.0,0.0,0.0,0.0,0.0,0.0,0.0,0.0,0.0,0.0,0.0,0.0,0.0,0.0,0.0,0.0,0.0,0.0,0.0,0.0,eat
0.0,0.0,-0.16078529536739514,-0.1852384236802775,-0.18342712892039736,-0.477064577461193,-0.08181764683992672,-0.6591347497721819,0.03284388854609196,-0.7484887847709314,-0.26116438646608864,-0.6286599101535489,-0.11057811717078009,-0.8150813438370544,-0.026522963115530835,-0.7827303040084741,-0.002782712995888456,-0.7173847949896455,-0.1641378782148751,-0.7301157826688602,-0.035568186636919776,-0.9211991584792047,0.04928876607816174,-0.874748491380989,0.07575374699163238,-0.8062009801588366,-0.03538039353472485,-0.7962414551974987,0.07835775364833535,-1.0,0.15770726257370013,-0.9474123062464139,0.18133847153722935,-0.886476906208163,0.11104630181726606,-0.8167719144598092,0.20836553364828342,-0.9810653494033459,0.26269745319668,-0.9187643386956774,0.27880525509139986,-0.8480801400573071,0.0,0.0,0.0,0.0,0.0,0.0,0.0,0.0,0.0,0.0,0.0,0.0,0.0,0.0,0.0,0.0,0.0,0.0,0.0,0.0,0.0,0.0,0.0,0.0,0.0,0.0,0.0,0.0,0.0,0.0,0.0,0.0,0.0,0.0,0.0,0.0,0.0,0.0,0.0,0.0,0.0,0.0,eat
0.0,0.0,-0.16474892273216757,-0.18466606715305842,-0.17489820646409135,-0.495580739791182,-0.06241009313987449,-0.6715870911911862,0.0422818542729875,-0.7506231927812965,-0.24783497015616954,-0.6301492110799156,-0.12254759110158203,-0.8324576075532256,-0.0358731399067794,-0.9047592716071109,0.02748425469533784,-0.9299767836471631,-0.13891124507782646,-0.7072689141430857,-0.06456018895980084,-0.9081097400511148,0.005324181332954467,-0.9706740168972426,0.05941925213637266,-1.0,-0.003497386949439046,-0.7402747214602731,0.048981580294192195,-0.9289665171111624,0.10037924348271124,-0.9680165678868436,0.13818492680713798,-0.9944853089567011,0.1531278304011521,-0.7320706952474285,0.18063065172080317,-0.8448968422208266,0.19822696810253942,-0.8432476416350899,0.21301568799030016,-0.8393869946447398,0.0,0.0,0.0,0.0,0.0,0.0,0.0,0.0,0.0,0.0,0.0,0.0,0.0,0.0,0.0,0.0,0.0,0.0,0.0,0.0,0.0,0.0,0.0,0.0,0.0,0.0,0.0,0.0,0.0,0.0,0.0,0.0,0.0,0.0,0.0,0.0,0.0,0.0,0.0,0.0,0.0,0.0,eat
0.0,0.0,-0.17238774411043067,-0.187835072111069,-0.18931319941752608,-0.48680177933813407,-0.0857333785482037,-0.6616947597295086,0.01944146336598113,-0.7504633859288664,-0.24983822385350382,-0.6330234784863658,-0.1269366260397758,-0.8416879774989527,-0.030966467854221937,-0.9175424388103169,0.04292194450539586,-0.9450615387684267,-0.13590353274421016,-0.7120931160359857,-0.05970995990504877,-0.9188665695876803,0.019658893698509903,-0.9772623725838304,0.08230675629849793,-1.0,0.002876862619935768,-0.7457664917915062,0.05828210089565339,-0.9355947417765454,0.11772755380902036,-0.9702323911352257,0.15858650336119368,-0.9911567692645269,0.15770202070575093,-0.735515349783567,0.18732839959306616,-0.8642025892162534,0.20651692565478447,-0.8635315473459536,0.21572360415710837,-0.8550346093235722,0.0,0.0,0.0,0.0,0.0,0.0,0.0,0.0,0.0,0.0,0.0,0.0,0.0,0.0,0.0,0.0,0.0,0.0,0.0,0.0,0.0,0.0,0.0,0.0,0.0,0.0,0.0,0.0,0.0,0.0,0.0,0.0,0.0,0.0,0.0,0.0,0.0,0.0,0.0,0.0,0.0,0.0,eat
0.0,0.0,-0.1641399172568224,-0.2038493600605704,-0.1808228100702735,-0.49332151326685836,-0.09122701810073121,-0.6692494244227039,0.0066489908123257965,-0.7564816777442496,-0.26253363043523364,-0.6460526117722492,-0.1436630353458773,-0.8540391307124954,-0.04892783344935062,-0.889456205067033,0.012800415953509546,-0.8843804656449822,-0.1657481569117893,-0.7352767551395116,-0.07531712183279922,-0.9367538294859126,0.011224723521511883,-0.955166200359891,0.06716038091642403,-0.9408446085728571,-0.039187263295235454,-0.782030840934805,0.024802204423411706,-0.9925576706277993,0.10423248155894689,-1.0,0.151525223894381,-0.9851194096584698,0.1062605803902168,-0.7913251072939547,0.1488225838670739,-0.964554039985077,0.20031595216697376,-0.9574534564540533,0.23090464599402677,-0.9258907869796462,0.0,0.0,0.0,0.0,0.0,0.0,0.0,0.0,0.0,0.0,0.0,0.0,0.0,0.0,0.0,0.0,0.0,0.0,0.0,0.0,0.0,0.0,0.0,0.0,0.0,0.0,0.0,0.0,0.0,0.0,0.0,0.0,0.0,0.0,0.0,0.0,0.0,0.0,0.0,0.0,0.0,0.0,eat
0.0,0.0,-0.1604289367715723,-0.20402840842938644,-0.1751038818697532,-0.4905729461500476,-0.08214155234642546,-0.6686487528153492,0.014108261971005415,-0.7583709716919396,-0.26830247991617184,-0.6428940786330551,-0.14294346015954648,-0.8466538997354275,-0.05083205864758854,-0.862501756456735,0.0011004452366900727,-0.8429968564442892,-0.17296843195586978,-0.7364604285352957,-0.08053765642501837,-0.9355759772925273,0.00477796379491009,-0.9358252937799351,0.05341274525154468,-0.9070976911125297,-0.04610668818577089,-0.7891529261565515,0.021899301833540094,-1.0,0.1015773985169483,-0.997027874466539,0.14366732107226163,-0.9759873294229588,0.10028384340836917,-0.803879460898262,0.1455394028448577,-0.9691638462989951,0.19398147590542836,-0.9510785648042203,0.21862325910045327,-0.9153729108201749,0.0,0.0,0.0,0.0,0.0,0.0,0.0,0.0,0.0,0.0,0.0,0.0,0.0,0.0,0.0,0.0,0.0,0.0,0.0,0.0,0.0,0.0,0.0,0.0,0.0,0.0,0.0,0.0,0.0,0.0,0.0,0.0,0.0,0.0,0.0,0.0,0.0,0.0,0.0,0.0,0.0,0.0,eat
0.0,0.0,-0.18053451992703554,-0.17408814169634468,-0.20857075736159258,-0.4586049100973649,-0.1172256133673413,-0.646423241232815,-0.018603172848377647,-0.7372367475540323,-0.28107721282089754,-0.5971955273735164,-0.17881464342964537,-0.8206448352377267,-0.09066899879182229,-0.874298980550708,-0.03650512883280558,-0.8734477285469492,-0.18413792967300235,-0.6908904980376983,-0.1091762281165852,-0.928250037508785,-0.027937727520392933,-0.9584051264638297,0.01815385708758104,-0.9428966257886715,-0.060906765005488125,-0.7491767808776266,0.0034993722213886936,-0.9950148850651863,0.0738927011852776,-1.0,0.1054371945008173,-0.9685779037721993,0.0810371376453959,-0.7753105332564733,0.13215568909560396,-0.9755016306450721,0.17841626065052077,-0.9668540789816562,0.19737833334649432,-0.9272787573931789,0.0,0.0,0.0,0.0,0.0,0.0,0.0,0.0,0.0,0.0,0.0,0.0,0.0,0.0,0.0,0.0,0.0,0.0,0.0,0.0,0.0,0.0,0.0,0.0,0.0,0.0,0.0,0.0,0.0,0.0,0.0,0.0,0.0,0.0,0.0,0.0,0.0,0.0,0.0,0.0,0.0,0.0,eat
0.0,0.0,-0.19047960950392342,-0.16559871291444261,-0.2232949452703781,-0.43517843952192403,-0.13567467609218287,-0.6240874331610273,-0.03535075851966431,-0.7283794483060566,-0.2807716816203605,-0.6145029693419686,-0.17731238554502712,-0.8207777065418395,-0.10399584186766322,-0.7794707044046312,-0.09042181864440048,-0.6975563558434129,-0.19012490395830317,-0.7115420560200633,-0.10198701442118026,-0.936828464164009,-0.03081333708460137,-0.8790551643215389,-0.017494904766048473,-0.7902262038038951,-0.06956247909910254,-0.7702417265614361,-0.0009673432866805141,-1.0,0.0533708928395135,-0.928918413432141,0.05595567780561746,-0.836588052627533,0.06783304567975279,-0.7832483769977551,0.11953420801353579,-0.9499041826768679,0.15184636138056548,-0.8773331449895012,0.15247343708112845,-0.7939032008956217,0.0,0.0,0.0,0.0,0.0,0.0,0.0,0.0,0.0,0.0,0.0,0.0,0.0,0.0,0.0,0.0,0.0,0.0,0.0,0.0,0.0,0.0,0.0,0.0,0.0,0.0,0.0,0.0,0.0,0.0,0.0,0.0,0.0,0.0,0.0,0.0,0.0,0.0,0.0,0.0,0.0,0.0,eat
0.0,0.0,-0.18698446013132686,-0.16314533070582116,-0.2205845611460552,-0.43505665332507454,-0.14140291133378322,-0.6300420265925892,-0.04479718329053168,-0.7457385373883458,-0.28273960874501136,-0.6095753801237354,-0.17203224002084969,-0.81951124116073,-0.095256426888858,-0.7849033026503662,-0.07762273539723157,-0.7058384896142308,-0.1949699746808739,-0.7082799355261178,-0.10551496530890912,-0.9320564312004622,-0.03178306779112279,-0.8798921790963417,-0.01893718185076383,-0.793753640322123,-0.07741100483092159,-0.7705645237351889,-0.002912642663093168,-1.0,0.0579521958577032,-0.931413925172878,0.06014225984268034,-0.8406958467317077,0.058959263424006626,-0.7885212005816046,0.12333189998156019,-0.9515664404742611,0.16083708256837645,-0.8836328807560399,0.16009140601029934,-0.8004681940268112,0.0,0.0,0.0,0.0,0.0,0.0,0.0,0.0,0.0,0.0,0.0,0.0,0.0,0.0,0.0,0.0,0.0,0.0,0.0,0.0,0.0,0.0,0.0,0.0,0.0,0.0,0.0,0.0,0.0,0.0,0.0,0.0,0.0,0.0,0.0,0.0,0.0,0.0,0.0,0.0,0.0,0.0,eat
0.0,0.0,-0.2266193856085001,-0.19151600980838435,-0.294825871205948,-0.4733897933607953,-0.2300452017406323,-0.6991411107302151,-0.1276277609496674,-0.8102808202626683,-0.2202900179645542,-0.7486239975722563,-0.2166053174331106,-0.9765722731436471,-0.19510704738783394,-0.9037444574948158,-0.1752943358266411,-0.794980789728546,-0.07224523208742875,-0.770855086553934,-0.06374063604637441,-1.0,-0.06658948839422361,-0.9186559741040671,-0.05837262494169481,-0.7932896114673426,0.07323056634240553,-0.7406184377394259,0.07205865548705671,-0.942799285913654,0.05023706093149679,-0.8667798115126754,0.05042176427282894,-0.753179014253628,0.20193020611469215,-0.6696148017436295,0.18533163241412512,-0.8271847351867359,0.15622605740789652,-0.7766423330317386,0.15425201703167118,-0.695979049470898,0.0,0.0,0.0,0.0,0.0,0.0,0.0,0.0,0.0,0.0,0.0,0.0,0.0,0.0,0.0,0.0,0.0,0.0,0.0,0.0,0.0,0.0,0.0,0.0,0.0,0.0,0.0,0.0,0.0,0.0,0.0,0.0,0.0,0.0,0.0,0.0,0.0,0.0,0.0,0.0,0.0,0.0,eat
0.0,0.0,0.1296323706987216,-0.2758327110282113,0.13879908280942846,-0.5758075220459241,0.033867495565960075,-0.7473645238967022,-0.10018722944566061,-0.766613877385673,0.059866680170038614,-0.7625869789655304,-0.021389860525748594,-0.9856177959603402,-0.04080281255947141,-0.9268061594666613,-0.01823548767761664,-0.8205127349039536,-0.09117892227511043,-0.7299381256206822,-0.15735954174600825,-1.0,-0.16159603920874693,-0.9335318774175766,-0.14151607995628468,-0.8121321119459213,-0.23910465224551058,-0.6478821407889753,-0.28317943570002185,-0.8907848018806784,-0.2715301805927609,-0.8203498783027152,-0.24667321802789188,-0.7167011113942863,-0.3738868528722303,-0.5406761257045217,-0.40877897243049194,-0.7111736322178583,-0.3857123195639746,-0.6503142316266036,-0.359790297085312,-0.5687701878192908,0.0,0.0,0.0,0.0,0.0,0.0,0.0,0.0,0.0,0.0,0.0,0.0,0.0,0.0,0.0,0.0,0.0,0.0,0.0,0.0,0.0,0.0,0.0,0.0,0.0,0.0,0.0,0.0,0.0,0.0,0.0,0.0,0.0,0.0,0.0,0.0,0.0,0.0,0.0,0.0,0.0,0.0,eat
0.0,0.0,0.10437904521235625,-0.3127798514884067,0.1002051852489381,-0.5862906311272604,0.009415956136499903,-0.7296653607231894,-0.10827517822620715,-0.7544948009370391,0.05454694706480946,-0.7898637619127865,-0.0721869478459165,-1.0,-0.09772806336803233,-0.9218686828871742,-0.07054156031918349,-0.8296007747424697,-0.10043698599720971,-0.7399911619184278,-0.19186556569146415,-0.9962774463296287,-0.19221163950752648,-0.9090784166381587,-0.15591909177501515,-0.7999299173400701,-0.23904551612009667,-0.6369870097558824,-0.29185016052473034,-0.860688473536021,-0.27796562116452933,-0.767073517361189,-0.24420697022318688,-0.6702856754370041,-0.3548337869299094,-0.5085209376466836,-0.3826014191557824,-0.6358934598919613,-0.3523432849746104,-0.5591355893344172,-0.3201602281989769,-0.48444331296427956,0.0,0.0,0.0,0.0,0.0,0.0,0.0,0.0,0.0,0.0,0.0,0.0,0.0,0.0,0.0,0.0,0.0,0.0,0.0,0.0,0.0,0.0,0.0,0.0,0.0,0.0,0.0,0.0,0.0,0.0,0.0,0.0,0.0,0.0,0.0,0.0,0.0,0.0,0.0,0.0,0.0,0.0,eat
0.0,0.0,0.11300838293231988,-0.30629106455866073,0.11449466033823143,-0.5825006866729866,0.032374627406428116,-0.7384109015526469,-0.0815906445748559,-0.7732596892141219,0.05758078070888877,-0.7884295512703361,-0.05990246571711638,-1.0,-0.08715135982626372,-0.9345136627439916,-0.07056540172774405,-0.8516166473044479,-0.09412532111536355,-0.7436335350067848,-0.18062260488284165,-0.996119362468218,-0.18140991865730582,-0.9202062833339212,-0.1505685937329111,-0.815111294461408,-0.22884753294694396,-0.6434947041570523,-0.2721316217630627,-0.870523221659465,-0.2601594648831338,-0.7855236153163523,-0.23137299328503289,-0.6877784320913369,-0.3403899447562231,-0.5201721545286752,-0.35998158897019716,-0.6514134419755092,-0.33188089973220647,-0.5809485029103891,-0.3050349250252849,-0.5045174354375986,0.0,0.0,0.0,0.0,0.0,0.0,0.0,0.0,0.0,0.0,0.0,0.0,0.0,0.0,0.0,0.0,0.0,0.0,0.0,0.0,0.0,0.0,0.0,0.0,0.0,0.0,0.0,0.0,0.0,0.0,0.0,0.0,0.0,0.0,0.0,0.0,0.0,0.0,0.0,0.0,0.0,0.0,eat
0.0,0.0,0.1015474297367799,-0.2671227783644601,0.0905553334424818,-0.5558486188438508,-0.005833663724214923,-0.7071964302446204,-0.12270934083101115,-0.7320105916258666,0.07469723802114923,-0.7572745736623837,-0.055409968679277874,-0.9682441289067958,-0.10285721145205376,-0.918389395302992,-0.09303451548246683,-0.8531190510884893,-0.051036804932888695,-0.7338188773290056,-0.1593605544297998,-1.0,-0.17917066942583346,-0.9250316691747474,-0.1539296952656793,-0.8310928441169694,-0.17073711567259858,-0.6671720619025246,-0.2409218088992465,-0.9408187402820899,-0.2436247342006747,-0.8659727846832899,-0.2121212828524965,-0.7785228476548471,-0.27725191257140364,-0.5793336585557789,-0.2976929102062606,-0.8222921646843769,-0.28342002412159095,-0.7789970099764153,-0.2556741924652206,-0.7067429416670307,0.0,0.0,0.0,0.0,0.0,0.0,0.0,0.0,0.0,0.0,0.0,0.0,0.0,0.0,0.0,0.0,0.0,0.0,0.0,0.0,0.0,0.0,0.0,0.0,0.0,0.0,0.0,0.0,0.0,0.0,0.0,0.0,0.0,0.0,0.0,0.0,0.0,0.0,0.0,0.0,0.0,0.0,eat
0.0,0.0,0.0700625942423262,-0.30636738945347786,0.04256597004916171,-0.5759841853002339,-0.05905128634147376,-0.7032299679403555,-0.1821174986138235,-0.7051876160828117,0.04454583741387105,-0.7709265516676032,-0.14473197389847364,-0.9704215020126912,-0.21604658764927698,-0.9088214015548742,-0.215147719112672,-0.846327145728809,-0.0780608409436975,-0.7311150918680677,-0.24608562951601484,-1.0,-0.29255746951337547,-0.9331558264355553,-0.27324761875585146,-0.8532305907518883,-0.1963101951554689,-0.6490605140518064,-0.33009145903196235,-0.92239566307714,-0.3486482128170574,-0.8598667317981646,-0.3146076910154555,-0.7937483861606565,-0.30063819666098957,-0.5448712143579267,-0.3607772149282201,-0.783487481993172,-0.35453024692625673,-0.7799250000252491,-0.32685250240624075,-0.7581121202154187,0.0,0.0,0.0,0.0,0.0,0.0,0.0,0.0,0.0,0.0,0.0,0.0,0.0,0.0,0.0,0.0,0.0,0.0,0.0,0.0,0.0,0.0,0.0,0.0,0.0,0.0,0.0,0.0,0.0,0.0,0.0,0.0,0.0,0.0,0.0,0.0,0.0,0.0,0.0,0.0,0.0,0.0,eat
0.0,0.0,0.06680618158403091,-0.30641288683227147,0.0338688626434644,-0.5872058221648075,-0.07719381041702496,-0.7169673603084393,-0.200876817593411,-0.7203612456489077,0.07130325463705457,-0.7628726341456261,-0.1221995363278714,-0.964612337838072,-0.21822952703576462,-0.9134154291633504,-0.2333308669922237,-0.8564369503225574,-0.04615457426286397,-0.7213471155140855,-0.23519528755537603,-1.0,-0.3050174043692899,-0.9236724085754013,-0.2980543234959652,-0.8358003410216518,-0.1643079780135689,-0.6448225500900547,-0.3333689952926214,-0.8982977580292735,-0.3656583997578986,-0.8135379463244186,-0.33163589072909044,-0.7361758247911275,-0.2740634902859489,-0.5517988292212095,-0.36943290152366554,-0.7612471820386376,-0.37963888766682796,-0.7223766462826907,-0.3552734372396177,-0.6708961083803605,0.0,0.0,0.0,0.0,0.0,0.0,0.0,0.0,0.0,0.0,0.0,0.0,0.0,0.0,0.0,0.0,0.0,0.0,0.0,0.0,0.0,0.0,0.0,0.0,0.0,0.0,0.0,0.0,0.0,0.0,0.0,0.0,0.0,0.0,0.0,0.0,0.0,0.0,0.0,0.0,0.0,0.0,eat
0.0,0.0,0.07280287314585207,-0.3060675277994067,0.04442124910062967,-0.5872390061743601,-0.06808968532708179,-0.7161309987286995,-0.19496668507134304,-0.717873786039084,0.06999445171259266,-0.764921986239844,-0.13442078870367338,-0.9691117329643885,-0.22928272506606023,-0.9126079202390838,-0.24060882624652477,-0.8491541298111062,-0.05191899836441461,-0.719578262945808,-0.25168389346616066,-1.0,-0.3188390065776275,-0.9276534911363504,-0.30953663566772516,-0.8333346215486611,-0.17137957443862656,-0.6376376864145595,-0.3390000245321006,-0.8910546215621034,-0.36552997906706103,-0.8124625087332598,-0.3300928556810128,-0.7310492043366033,-0.27806195061116856,-0.5424921186426154,-0.369576431439668,-0.7408156688206747,-0.3758324531462083,-0.7031730087747627,-0.34972021643361734,-0.6528613670832307,0.0,0.0,0.0,0.0,0.0,0.0,0.0,0.0,0.0,0.0,0.0,0.0,0.0,0.0,0.0,0.0,0.0,0.0,0.0,0.0,0.0,0.0,0.0,0.0,0.0,0.0,0.0,0.0,0.0,0.0,0.0,0.0,0.0,0.0,0.0,0.0,0.0,0.0,0.0,0.0,0.0,0.0,eat
0.0,0.0,0.06926753714786088,-0.3287385333870987,0.04635067715653308,-0.5893959665867498,-0.0532664978344826,-0.7334680841371422,-0.1805196229452049,-0.7511725175848112,0.07038648622656694,-0.7711232851751058,-0.12017972022898639,-0.9529123551752239,-0.22319423518514456,-0.9536577588286803,-0.277456179274809,-0.9343714094337936,-0.06267397110506345,-0.7341490368635681,-0.2338019804318887,-0.9765722567441484,-0.3190570593167864,-1.0,-0.36858911521699883,-0.9938984206148483,-0.18947593972657284,-0.6518981810328683,-0.3371735062822782,-0.897620546010707,-0.401719253786492,-0.9400316180725798,-0.43110212772419054,-0.9642698907877354,-0.2992510532327539,-0.540661617448317,-0.40373984096480675,-0.7587709781862294,-0.43742236784607363,-0.8183803245829671,-0.45450085119090805,-0.8557487021236749,0.0,0.0,0.0,0.0,0.0,0.0,0.0,0.0,0.0,0.0,0.0,0.0,0.0,0.0,0.0,0.0,0.0,0.0,0.0,0.0,0.0,0.0,0.0,0.0,0.0,0.0,0.0,0.0,0.0,0.0,0.0,0.0,0.0,0.0,0.0,0.0,0.0,0.0,0.0,0.0,0.0,0.0,eat
0.0,0.0,0.05432101078090927,-0.3342510046158977,0.005269529421957409,-0.6026347312600207,-0.1000765692429814,-0.7370366665986497,-0.22521459625864415,-0.7413963299615882,0.03240561561303396,-0.7749011440562164,-0.17149035056938547,-0.943178864614272,-0.28385813983905406,-0.9637508693067723,-0.34824220233079584,-0.9646132350053571,-0.09429992329695319,-0.7207443774793432,-0.2812800745019738,-0.9504815432666399,-0.3767611511277489,-0.9894893744704295,-0.4373880020110716,-1.0,-0.2195209086885853,-0.6248250933030848,-0.3784694915554729,-0.859137346623176,-0.45640888577869315,-0.9077683494394121,-0.49890230681151826,-0.9324779031333847,-0.331813098793056,-0.5059925718802549,-0.44346838265621347,-0.7182977744074079,-0.48920688112967897,-0.7884263699254479,-0.517183924406187,-0.8371627432595483,0.0,0.0,0.0,0.0,0.0,0.0,0.0,0.0,0.0,0.0,0.0,0.0,0.0,0.0,0.0,0.0,0.0,0.0,0.0,0.0,0.0,0.0,0.0,0.0,0.0,0.0,0.0,0.0,0.0,0.0,0.0,0.0,0.0,0.0,0.0,0.0,0.0,0.0,0.0,0.0,0.0,0.0,eat
0.0,0.0,0.05292939213135526,-0.3290273894292411,0.00817859509464926,-0.5945306774251709,-0.10852544111729309,-0.7355032311304424,-0.23710700512558744,-0.7460872363406591,0.038010564269541074,-0.7681734571306144,-0.16200743198469583,-0.9417165549817345,-0.27437363501923895,-0.9668052735045966,-0.3413417779697081,-0.9650230422299835,-0.08618064961125749,-0.7168844670583249,-0.2697916147490342,-0.9408257738472947,-0.36655091752463864,-0.9829784871171239,-0.43342807569532277,-1.0,-0.2093171759528565,-0.6268419818492055,-0.36627294564228063,-0.861474669268653,-0.44180168596134956,-0.9118273858166102,-0.487397102736869,-0.9403213435240747,-0.32078356627555477,-0.5147460571310827,-0.4352695139773695,-0.7227733900293393,-0.479115146256361,-0.7936592305564355,-0.509631173793975,-0.8461320262745312,0.0,0.0,0.0,0.0,0.0,0.0,0.0,0.0,0.0,0.0,0.0,0.0,0.0,0.0,0.0,0.0,0.0,0.0,0.0,0.0,0.0,0.0,0.0,0.0,0.0,0.0,0.0,0.0,0.0,0.0,0.0,0.0,0.0,0.0,0.0,0.0,0.0,0.0,0.0,0.0,0.0,0.0,eat
0.0,0.0,0.05398167556556124,-0.30469806489919893,0.027526727141104813,-0.5668939961796844,-0.08679067196646227,-0.7032493842802796,-0.2093366898420513,-0.7183100713856563,0.07421755024022847,-0.736481257177519,-0.14636944978606103,-0.8989129605394353,-0.26478128083808417,-0.9202789638339606,-0.3393902883959996,-0.916406069159383,-0.046201581602980844,-0.6854658085597385,-0.23923684738678996,-0.9103915406746916,-0.34197211131109667,-0.9698202758860369,-0.4186397162784047,-1.0,-0.16753603747730927,-0.6026394033690337,-0.33335299703697907,-0.8433731501958569,-0.4177218274163753,-0.906968132617147,-0.4734777247641478,-0.9490153293531433,-0.28616684096830064,-0.4958433709059688,-0.40443023243138915,-0.7001225347967404,-0.4544973348200803,-0.7777705463795167,-0.49235295664089224,-0.8436309157023437,0.0,0.0,0.0,0.0,0.0,0.0,0.0,0.0,0.0,0.0,0.0,0.0,0.0,0.0,0.0,0.0,0.0,0.0,0.0,0.0,0.0,0.0,0.0,0.0,0.0,0.0,0.0,0.0,0.0,0.0,0.0,0.0,0.0,0.0,0.0,0.0,0.0,0.0,0.0,0.0,0.0,0.0,eat
0.0,0.0,0.04144035127495168,-0.32239158842832827,-0.002971310681525017,-0.6013326429471629,-0.11652725874355331,-0.7513349842860786,-0.24604675872788825,-0.7746884082163141,0.05618910202746475,-0.7728456565804931,-0.17795422227627328,-0.9433416195395008,-0.3036598664527233,-0.9722819160709166,-0.3846381890231968,-0.9799790256459148,-0.05437666988839393,-0.7152985779819141,-0.26913539238650486,-0.9500253841564459,-0.3800515229314776,-0.9873951745510272,-0.46044905869753505,-1.0,-0.17224640857138912,-0.6227223741378736,-0.3584121612175232,-0.8645537121675846,-0.4544036879288314,-0.9162521598430393,-0.5180860851364731,-0.9446595069982452,-0.2912709831972718,-0.5014807705329527,-0.42716869464796875,-0.7049778212881271,-0.49037137004036196,-0.7874249550345019,-0.5373625474036909,-0.8567053419921324,0.0,0.0,0.0,0.0,0.0,0.0,0.0,0.0,0.0,0.0,0.0,0.0,0.0,0.0,0.0,0.0,0.0,0.0,0.0,0.0,0.0,0.0,0.0,0.0,0.0,0.0,0.0,0.0,0.0,0.0,0.0,0.0,0.0,0.0,0.0,0.0,0.0,0.0,0.0,0.0,0.0,0.0,eat
0.0,0.0,0.04373001472114245,-0.3200388548839107,0.0026529183624513764,-0.5980803305439515,-0.11532937498921543,-0.7466139849838257,-0.2454993261973066,-0.7673477549327331,0.05768684871801552,-0.7731604239120615,-0.18223157091270067,-0.9450022719483234,-0.3116460104891946,-0.9719861835768079,-0.3930027375031846,-0.9768836447802876,-0.05291186633703398,-0.7128230252066153,-0.2718488516595373,-0.9448987401259907,-0.38651000655363205,-0.9869272465644183,-0.46908069493536536,-1.0,-0.17133975253187747,-0.618449370739674,-0.3607772736146444,-0.8594481077191094,-0.45944242361905974,-0.9119096444629253,-0.5233080244267433,-0.9376653844735424,-0.2917137663151434,-0.4975620962554976,-0.4274463537682369,-0.702900548887828,-0.49013588720850804,-0.7831424479456546,-0.5355731619802728,-0.8471538729867544,0.0,0.0,0.0,0.0,0.0,0.0,0.0,0.0,0.0,0.0,0.0,0.0,0.0,0.0,0.0,0.0,0.0,0.0,0.0,0.0,0.0,0.0,0.0,0.0,0.0,0.0,0.0,0.0,0.0,0.0,0.0,0.0,0.0,0.0,0.0,0.0,0.0,0.0,0.0,0.0,0.0,0.0,eat
0.0,0.0,0.04736748342052088,-0.2953027756694339,0.01682983030959502,-0.5655769223904823,-0.09212112519474012,-0.7165570237705453,-0.2121413999093349,-0.7516340972154393,0.08361859523615597,-0.7352329304458523,-0.15299361937078942,-0.9064030521103648,-0.28306201408261944,-0.9484117545318758,-0.37194788152271935,-0.959474908255943,-0.019005922436236704,-0.6759793631442162,-0.2370691095837291,-0.9034760686653442,-0.3558588830540314,-0.9624963209894891,-0.4496132130912093,-1.0,-0.13406687475723397,-0.5932232869764488,-0.3237269650134619,-0.8344459872582115,-0.4269180584170082,-0.9023023547938764,-0.5025101641284875,-0.9447565947176061,-0.25466216218408777,-0.4908960106383842,-0.3939771636881419,-0.6920021637611543,-0.46359653577555815,-0.777603774056348,-0.5197534065122461,-0.8511674348105297,0.0,0.0,0.0,0.0,0.0,0.0,0.0,0.0,0.0,0.0,0.0,0.0,0.0,0.0,0.0,0.0,0.0,0.0,0.0,0.0,0.0,0.0,0.0,0.0,0.0,0.0,0.0,0.0,0.0,0.0,0.0,0.0,0.0,0.0,0.0,0.0,0.0,0.0,0.0,0.0,0.0,0.0,eat
0.0,0.0,0.028887937087107032,-0.3226010528855407,-0.015922386287548353,-0.6066507450710372,-0.12458693760487516,-0.741730619613924,-0.2502544789653312,-0.7529690342133584,0.04428442276986969,-0.7786975014299617,-0.19449410530481903,-0.9431136162172565,-0.3290402856128233,-0.9753470537367407,-0.42084111566831395,-0.9895829662420607,-0.060744569534090014,-0.7181396401647099,-0.28670122068578524,-0.943898062029163,-0.41014859402913056,-0.9822505157350003,-0.5027758877283534,-1.0,-0.17512524024711906,-0.6209984792255707,-0.3742751924010073,-0.8550510177803199,-0.4848003881905495,-0.9077881406702792,-0.5625289719727508,-0.9407453692283086,-0.29090673125665845,-0.49635630850305373,-0.4413603882989826,-0.6938140263655118,-0.5133691252971745,-0.7674336728193423,-0.5676619245251308,-0.8293960817694116,0.0,0.0,0.0,0.0,0.0,0.0,0.0,0.0,0.0,0.0,0.0,0.0,0.0,0.0,0.0,0.0,0.0,0.0,0.0,0.0,0.0,0.0,0.0,0.0,0.0,0.0,0.0,0.0,0.0,0.0,0.0,0.0,0.0,0.0,0.0,0.0,0.0,0.0,0.0,0.0,0.0,0.0,eat
0.0,0.0,0.031120664558617755,-0.31974169469423674,-0.017300847736172804,-0.5969295556596015,-0.12601774624797255,-0.7390092125404315,-0.25122417986656775,-0.7602633227662574,0.04226673839578104,-0.7833828818736861,-0.1999464714776153,-0.9440549800978539,-0.3322504651883493,-0.967549507175371,-0.41958177991057116,-0.9675629228451416,-0.06055665638579173,-0.7231019175016803,-0.2845134874436039,-0.9442209990112651,-0.40652330234760803,-0.9830482950696072,-0.49965588807038397,-1.0,-0.1732194387688708,-0.6274894452218079,-0.37114718733775426,-0.8598605843597439,-0.4814380793053903,-0.9145831013540435,-0.5606203808172021,-0.9473716690568919,-0.2875782972026987,-0.5051207611514401,-0.4369886114379317,-0.7095759038472116,-0.5124242517745577,-0.7888812941291687,-0.5721508135932932,-0.8520047035338216,0.0,0.0,0.0,0.0,0.0,0.0,0.0,0.0,0.0,0.0,0.0,0.0,0.0,0.0,0.0,0.0,0.0,0.0,0.0,0.0,0.0,0.0,0.0,0.0,0.0,0.0,0.0,0.0,0.0,0.0,0.0,0.0,0.0,0.0,0.0,0.0,0.0,0.0,0.0,0.0,0.0,0.0,eat
0.0,0.0,0.041088914399403646,-0.3038645225014919,0.004354414120262207,-0.5685768145315071,-0.1043155714771934,-0.7170207692766231,-0.22429895759421745,-0.7460607727122099,0.07181722677629779,-0.742125871956445,-0.16603883879726256,-0.9136844041660337,-0.3001962643120077,-0.9575326845458199,-0.3958356969017544,-0.9709132059217724,-0.026803987588301315,-0.6871276378224789,-0.24466250165850395,-0.9122784414998388,-0.36856925111255967,-0.9668885696869706,-0.46934764229643344,-1.0,-0.13707767438968657,-0.6021856357854835,-0.32983621352172654,-0.844486812409904,-0.43809245446405165,-0.9052162592996402,-0.5199164690883709,-0.9433852453079561,-0.25377065278074223,-0.4906021314740142,-0.39623181494493126,-0.6967751632704993,-0.47079975463756163,-0.7829548739504955,-0.5321365184300649,-0.8566450083678334,0.0,0.0,0.0,0.0,0.0,0.0,0.0,0.0,0.0,0.0,0.0,0.0,0.0,0.0,0.0,0.0,0.0,0.0,0.0,0.0,0.0,0.0,0.0,0.0,0.0,0.0,0.0,0.0,0.0,0.0,0.0,0.0,0.0,0.0,0.0,0.0,0.0,0.0,0.0,0.0,0.0,0.0,eat
0.0,0.0,0.025693334864417067,-0.3057117078692236,-0.012438852343378336,-0.5816686625436769,-0.11301957053101265,-0.7235499270001148,-0.2345297659082334,-0.7473597007824931,0.05053757443527617,-0.7605364261224757,-0.1805731721320888,-0.9370448990304959,-0.31736905132958215,-0.9787142177529159,-0.4122741514788628,-0.9980800209977198,-0.04302662445250086,-0.702350432257747,-0.26155842451483785,-0.9259876310306928,-0.388577896619039,-0.9746075230892896,-0.48761659476041275,-1.0,-0.15108154661329745,-0.6112219688643187,-0.34699584966944996,-0.8427920405518463,-0.4602972489706196,-0.9018622352728883,-0.5434108171065798,-0.9385340966879377,-0.26501517413343395,-0.4961889138601355,-0.4154723666726816,-0.6918023589625814,-0.49048868911891597,-0.7729910267556882,-0.5485208090683902,-0.8397706655292901,0.0,0.0,0.0,0.0,0.0,0.0,0.0,0.0,0.0,0.0,0.0,0.0,0.0,0.0,0.0,0.0,0.0,0.0,0.0,0.0,0.0,0.0,0.0,0.0,0.0,0.0,0.0,0.0,0.0,0.0,0.0,0.0,0.0,0.0,0.0,0.0,0.0,0.0,0.0,0.0,0.0,0.0,eat
0.0,0.0,0.0303225308160143,-0.30460633887180766,-0.01377776974385857,-0.5818724107728284,-0.11617255324708191,-0.7318700279854272,-0.2387145437126457,-0.7651041606754627,0.04843664496960714,-0.7702960079272871,-0.18642074109618081,-0.9378325837138947,-0.3185037409762198,-0.9757908800044698,-0.4116220866315767,-0.9875355569395807,-0.04581032026305973,-0.7128797053888791,-0.2637045606550858,-0.9306391950451168,-0.38798779355529955,-0.978107278018704,-0.4892089310158398,-1.0,-0.15435598186452293,-0.6221964041273165,-0.34975375124685515,-0.8542815402995082,-0.45982932669001253,-0.9145956409780274,-0.5427983126578597,-0.946601241350071,-0.2687189313280671,-0.506258843017036,-0.4184066218483528,-0.7104959320067507,-0.4959494257482363,-0.7949261418070731,-0.557427312659503,-0.859343238060181,0.0,0.0,0.0,0.0,0.0,0.0,0.0,0.0,0.0,0.0,0.0,0.0,0.0,0.0,0.0,0.0,0.0,0.0,0.0,0.0,0.0,0.0,0.0,0.0,0.0,0.0,0.0,0.0,0.0,0.0,0.0,0.0,0.0,0.0,0.0,0.0,0.0,0.0,0.0,0.0,0.0,0.0,eat
0.0,0.0,0.030006393699684938,-0.3030000292228363,-0.012821118027182376,-0.5728032375049092,-0.11981973042415181,-0.7224321877660362,-0.23860799106487696,-0.7517237459308806,0.06057091146026513,-0.7399912588395066,-0.17682128116125773,-0.9109538430117119,-0.3093362466253244,-0.9536606098324247,-0.4030718660193969,-0.9764929577781396,-0.03806418940508407,-0.6818891953540186,-0.2577296810568262,-0.9119496673574174,-0.37676521185111256,-0.9650254029941525,-0.47101367596627236,-1.0,-0.14884186046063538,-0.5946375131944317,-0.3400372446654676,-0.8337994536292996,-0.44510072726326855,-0.9002117210548609,-0.5225871651376058,-0.9464550933316378,-0.2652910096746856,-0.4851552808394854,-0.40578573623724834,-0.6874977320188838,-0.4793611309944146,-0.7756713786081774,-0.5380768740428317,-0.8542628250518706,0.0,0.0,0.0,0.0,0.0,0.0,0.0,0.0,0.0,0.0,0.0,0.0,0.0,0.0,0.0,0.0,0.0,0.0,0.0,0.0,0.0,0.0,0.0,0.0,0.0,0.0,0.0,0.0,0.0,0.0,0.0,0.0,0.0,0.0,0.0,0.0,0.0,0.0,0.0,0.0,0.0,0.0,eat
0.0,0.0,0.04225062988840141,-0.30091366344636256,0.007176696104827308,-0.569218334434681,-0.10335502511683012,-0.7269292832009735,-0.22944385745166893,-0.763644476626426,0.07956559464902455,-0.7438847899338645,-0.16807732327867714,-0.9257709888645561,-0.3024771809012504,-0.9658197801181103,-0.3924316374721196,-0.9749117610115222,-0.021344406562083078,-0.6824311973613916,-0.24961795497570877,-0.9244259205301375,-0.373030464336093,-0.9761588484904362,-0.468231233533996,-1.0,-0.13524923920275067,-0.5927469109527498,-0.3365317925388703,-0.8535250459947835,-0.44871184087395066,-0.9205680448129095,-0.5314751451481968,-0.9578550609360609,-0.25446624045529936,-0.47840614381726343,-0.40661894410047633,-0.7028863875036823,-0.482914869414007,-0.7924527756370121,-0.5423532688501513,-0.8654025744228847,0.0,0.0,0.0,0.0,0.0,0.0,0.0,0.0,0.0,0.0,0.0,0.0,0.0,0.0,0.0,0.0,0.0,0.0,0.0,0.0,0.0,0.0,0.0,0.0,0.0,0.0,0.0,0.0,0.0,0.0,0.0,0.0,0.0,0.0,0.0,0.0,0.0,0.0,0.0,0.0,0.0,0.0,eat
0.0,0.0,0.04026803174783639,-0.30378194671802744,0.005336483323007867,-0.5743325943318813,-0.10256511547018124,-0.7320588207900603,-0.22824803342431949,-0.7702386354840812,0.07986257977345639,-0.7439673105068279,-0.16629909293272455,-0.9225323501819883,-0.3027179259399145,-0.9583522419428447,-0.3956647817472744,-0.9644691570469618,-0.021711419451250474,-0.6852595706469009,-0.2467539015968662,-0.9290272768936632,-0.37216575600233937,-0.9781556180971531,-0.4697743267491227,-1.0,-0.1351980835421711,-0.5960931520804609,-0.33261039014844584,-0.8538360470198907,-0.44675769134790205,-0.9200413917892796,-0.5313924669384368,-0.9578656764496841,-0.25296106416209085,-0.4811159596372245,-0.403476807526574,-0.7044758565559963,-0.4805805770120768,-0.7931663080855623,-0.5413787820832133,-0.8650781186519663,0.0,0.0,0.0,0.0,0.0,0.0,0.0,0.0,0.0,0.0,0.0,0.0,0.0,0.0,0.0,0.0,0.0,0.0,0.0,0.0,0.0,0.0,0.0,0.0,0.0,0.0,0.0,0.0,0.0,0.0,0.0,0.0,0.0,0.0,0.0,0.0,0.0,0.0,0.0,0.0,0.0,0.0,eat
0.0,0.0,0.03157507480879628,-0.30768682054112,-0.008270330803324776,-0.5848081258815483,-0.11643389333013655,-0.725477063974772,-0.24011765976355104,-0.7489267856275963,0.05104269971496536,-0.7651527235487622,-0.16952147138772009,-0.9314807237521933,-0.29878869359287963,-0.9578157978080304,-0.3849836842353816,-0.9660590485041047,-0.057253951631626,-0.7096398246662129,-0.2692406638853415,-0.9378234132625816,-0.38865402950344663,-0.9810145331009728,-0.4767271246573293,-1.0,-0.17302537306975802,-0.6176605891640602,-0.3621303854324875,-0.8464904676371252,-0.46650372367986953,-0.9077744015709104,-0.5385021332189364,-0.947426283489754,-0.28813234114462327,-0.5025869758554424,-0.4257385851568648,-0.6949118790192906,-0.4961465337627842,-0.7723593345294815,-0.5533796799461568,-0.8385824158295776,0.0,0.0,0.0,0.0,0.0,0.0,0.0,0.0,0.0,0.0,0.0,0.0,0.0,0.0,0.0,0.0,0.0,0.0,0.0,0.0,0.0,0.0,0.0,0.0,0.0,0.0,0.0,0.0,0.0,0.0,0.0,0.0,0.0,0.0,0.0,0.0,0.0,0.0,0.0,0.0,0.0,0.0,eat
0.0,0.0,0.027421494208988862,-0.30947187737627135,-0.013618166138376197,-0.5753835337820137,-0.11946768972086759,-0.7183741188873457,-0.23942935705785656,-0.7462905467981645,0.04788555271633511,-0.7450259641008938,-0.1750780962676326,-0.9137591569108743,-0.3004661873915241,-0.9496977813075046,-0.3902792853832979,-0.9551889002273571,-0.05343435547394124,-0.6890398158706403,-0.2571175800578368,-0.9133142583611289,-0.3710275435544845,-0.9668563328249082,-0.4656675995938548,-1.0,-0.1649419942800579,-0.6019563425769824,-0.34315796384338804,-0.8440050557812272,-0.4410193913303423,-0.9090692378148469,-0.5150663172917024,-0.9499514627155257,-0.2806175293852943,-0.4903355669620122,-0.4167150552266975,-0.7036217164033075,-0.48433262349281053,-0.7918964724899085,-0.5387635389703722,-0.8643228331751542,0.0,0.0,0.0,0.0,0.0,0.0,0.0,0.0,0.0,0.0,0.0,0.0,0.0,0.0,0.0,0.0,0.0,0.0,0.0,0.0,0.0,0.0,0.0,0.0,0.0,0.0,0.0,0.0,0.0,0.0,0.0,0.0,0.0,0.0,0.0,0.0,0.0,0.0,0.0,0.0,0.0,0.0,eat
0.0,0.0,0.026231244405448762,-0.31107382465362843,-0.01602114882804043,-0.5734710969815062,-0.12020514515130452,-0.7145747001573755,-0.24099047770978854,-0.740520440448653,0.043127580457085125,-0.7440601217222419,-0.1778079741109174,-0.9141772100613929,-0.3017509441893266,-0.951740309002812,-0.39168758886394683,-0.9564796139933732,-0.055535931104248884,-0.6911541836164952,-0.255634433188872,-0.9155366780994921,-0.3701814058956916,-0.969540635908188,-0.46770321752374877,-1.0,-0.16429305762878388,-0.6043156700610637,-0.3421731990767645,-0.847938989480028,-0.44124344321759973,-0.9124410791675688,-0.517250525745381,-0.9528801097956399,-0.27782715542945263,-0.4911490559372828,-0.4145510242064442,-0.7101281793193733,-0.4813599364927434,-0.8012976826688241,-0.5355379821759338,-0.8750251636109497,0.0,0.0,0.0,0.0,0.0,0.0,0.0,0.0,0.0,0.0,0.0,0.0,0.0,0.0,0.0,0.0,0.0,0.0,0.0,0.0,0.0,0.0,0.0,0.0,0.0,0.0,0.0,0.0,0.0,0.0,0.0,0.0,0.0,0.0,0.0,0.0,0.0,0.0,0.0,0.0,0.0,0.0,eat
0.0,0.0,0.029359641610119242,-0.32081691811054747,-0.017475459516437183,-0.5920656828513077,-0.1267296923380987,-0.7252394755912774,-0.24982838131629226,-0.7354189999341195,0.027838461031688518,-0.7570729297055142,-0.18704888332564729,-0.9337650701627248,-0.30163218920877527,-0.960866328480137,-0.37644805323143815,-0.9703633309177153,-0.0805985242769616,-0.6984079978918243,-0.2848978852361816,-0.9328229791158837,-0.39066308715989195,-0.9789301007971539,-0.468967652678042,-1.0,-0.19674682126622306,-0.6044021345279663,-0.37608175769154756,-0.8494802029119178,-0.4658683048949206,-0.9079544106989921,-0.5253636603201792,-0.9454140588971606,-0.31054384346794917,-0.48821990908491997,-0.4429570459187035,-0.700392977139469,-0.5010135713815139,-0.7915646617036696,-0.5462761051452665,-0.8672277488635615,0.0,0.0,0.0,0.0,0.0,0.0,0.0,0.0,0.0,0.0,0.0,0.0,0.0,0.0,0.0,0.0,0.0,0.0,0.0,0.0,0.0,0.0,0.0,0.0,0.0,0.0,0.0,0.0,0.0,0.0,0.0,0.0,0.0,0.0,0.0,0.0,0.0,0.0,0.0,0.0,0.0,0.0,eat
0.0,0.0,0.0407962789034625,-0.3147418045480069,0.007613479847207919,-0.5657609639901193,-0.10975447007486006,-0.7041082386356483,-0.23161767483085352,-0.7268551975243049,0.04993566516677956,-0.7115142984481582,-0.16394492132517166,-0.8776700214785177,-0.2849605052109956,-0.9082548767314379,-0.36705571824616445,-0.9105670278314251,-0.06644397078115832,-0.6492203021093265,-0.2528091408341118,-0.8914872173862683,-0.35032834685917597,-0.9609269755577994,-0.42370656769258275,-1.0,-0.18324946303705736,-0.5590256357313901,-0.33873328364485156,-0.8156290838770109,-0.41910838971549147,-0.8952900229389562,-0.4732352615317985,-0.9462309985622235,-0.293144626215878,-0.447477092518778,-0.40469663167489633,-0.6707627139983029,-0.4545885466370886,-0.7657569981442359,-0.4969110467063335,-0.8429594275081143,0.0,0.0,0.0,0.0,0.0,0.0,0.0,0.0,0.0,0.0,0.0,0.0,0.0,0.0,0.0,0.0,0.0,0.0,0.0,0.0,0.0,0.0,0.0,0.0,0.0,0.0,0.0,0.0,0.0,0.0,0.0,0.0,0.0,0.0,0.0,0.0,0.0,0.0,0.0,0.0,0.0,0.0,eat
0.0,0.0,0.048531951249726285,-0.309306973348811,-0.015374106050378474,-0.5761911430943635,-0.14173526574048348,-0.6986875100468762,-0.27798885876218604,-0.6936777372865979,-0.0067088066752982204,-0.723894212902243,-0.20373302300277804,-0.9174834891616643,-0.31813981499839733,-0.9672959420808298,-0.38610990449766913,-0.9846734397302246,-0.1219542803655009,-0.6805023810085981,-0.30622102577919286,-0.9181242251574105,-0.399363856861972,-0.9798037167862804,-0.4592058819629098,-1.0,-0.24119489338909883,-0.5987356056766427,-0.3995705354592874,-0.8418048378316925,-0.4720464771325819,-0.911983380323874,-0.5135099556659853,-0.9508758288571838,-0.3556945128611336,-0.48904651950331157,-0.4652681307101431,-0.7012760058439262,-0.5110430735662602,-0.7858153147223407,-0.5408659218690214,-0.8487348779351029,0.0,0.0,0.0,0.0,0.0,0.0,0.0,0.0,0.0,0.0,0.0,0.0,0.0,0.0,0.0,0.0,0.0,0.0,0.0,0.0,0.0,0.0,0.0,0.0,0.0,0.0,0.0,0.0,0.0,0.0,0.0,0.0,0.0,0.0,0.0,0.0,0.0,0.0,0.0,0.0,0.0,0.0,eat
0.0,0.0,0.046257756279750865,-0.31505579133931993,-0.018648175247865044,-0.5804759359382166,-0.15009186317206893,-0.7089847407498281,-0.28544959403974995,-0.6956743983619438,-0.002695691599379855,-0.7424696053145303,-0.20411474312227035,-0.9329679577491072,-0.3207558192179509,-0.9780196954900554,-0.3936323129884237,-0.9870914474267115,-0.12040615173309992,-0.6964763552535965,-0.30964266345754093,-0.9347292770736719,-0.4067057356956497,-0.9859610484572148,-0.4757259559790251,-1.0,-0.2406130312964407,-0.6130962059422701,-0.39781994948093496,-0.864326808954785,-0.47552603471425053,-0.9279958899303619,-0.5271933488531951,-0.9591381705841173,-0.35716712866004396,-0.5027052657508585,-0.4686235583194021,-0.7198294957213279,-0.5171450334657163,-0.8091005068458429,-0.552855644838575,-0.8744390602012908,0.0,0.0,0.0,0.0,0.0,0.0,0.0,0.0,0.0,0.0,0.0,0.0,0.0,0.0,0.0,0.0,0.0,0.0,0.0,0.0,0.0,0.0,0.0,0.0,0.0,0.0,0.0,0.0,0.0,0.0,0.0,0.0,0.0,0.0,0.0,0.0,0.0,0.0,0.0,0.0,0.0,0.0,eat
0.0,0.0,0.0720323884794034,-0.31012478534554044,0.04911568899095393,-0.5964774377757658,-0.09091628249817399,-0.7505359028962388,-0.23290113609737997,-0.76397076643416,0.040654875853212716,-0.7687795626496045,-0.17187038574617292,-0.96912897636597,-0.27172212626157155,-0.9804671564849865,-0.31803251652625647,-0.9755450622686483,-0.09765583754541557,-0.7109684196906563,-0.2905882546174801,-0.968638577030741,-0.3635035630210074,-0.9986286919477636,-0.39623428283538636,-1.0,-0.22603588060535992,-0.619706544769638,-0.3897669111512384,-0.8913911284983691,-0.43543304473628547,-0.9335336272153866,-0.4457766829362149,-0.9545443727598085,-0.3366130534716284,-0.5115512004727677,-0.4193675222900409,-0.7396351603250513,-0.4368010007766612,-0.8185002897814254,-0.44016072226469966,-0.8775087713770366,0.0,0.0,0.0,0.0,0.0,0.0,0.0,0.0,0.0,0.0,0.0,0.0,0.0,0.0,0.0,0.0,0.0,0.0,0.0,0.0,0.0,0.0,0.0,0.0,0.0,0.0,0.0,0.0,0.0,0.0,0.0,0.0,0.0,0.0,0.0,0.0,0.0,0.0,0.0,0.0,0.0,0.0,eat
0.0,0.0,0.06386409852384577,-0.3168494780493258,0.024238699940911244,-0.585266471656029,-0.10541553768105913,-0.7310011019254417,-0.24685891361862733,-0.7429426200273618,0.028108081851234742,-0.7646241342964978,-0.16273129787653112,-0.9555659877670306,-0.2596937499001879,-0.9806777107632031,-0.3090138965041815,-0.9840699908971376,-0.10787723645616519,-0.7067224771496862,-0.2895671748654533,-0.9429314410736054,-0.36676550281337,-0.9818431832336987,-0.409483079854993,-1.0,-0.2356340463021618,-0.6091648123798928,-0.3918030321581236,-0.8579986744954832,-0.44417543238596136,-0.9019629045051184,-0.46633238489670115,-0.9286786077411593,-0.3429426865687532,-0.4917016230776192,-0.4165401271206741,-0.7086904388005515,-0.43082223866533936,-0.7881172379466923,-0.4362446966511049,-0.8531105438827168,0.0,0.0,0.0,0.0,0.0,0.0,0.0,0.0,0.0,0.0,0.0,0.0,0.0,0.0,0.0,0.0,0.0,0.0,0.0,0.0,0.0,0.0,0.0,0.0,0.0,0.0,0.0,0.0,0.0,0.0,0.0,0.0,0.0,0.0,0.0,0.0,0.0,0.0,0.0,0.0,0.0,0.0,eat
0.0,0.0,0.06864421012835707,-0.2906009058499466,0.044730845883795264,-0.573759250079726,-0.07796687616401582,-0.7264811856965192,-0.21126355936064212,-0.7481316249881856,0.0429795949173944,-0.7637436312737861,-0.1516023725353803,-0.9852505298630617,-0.21148386816014275,-0.9366928385360889,-0.20647320290236446,-0.877698697798204,-0.08598366859028887,-0.7148799555030623,-0.2708747687267579,-1.0,-0.3111348419046376,-0.9693131601189395,-0.2957207055593294,-0.9196202665056509,-0.21235422391125636,-0.6320163082908865,-0.36404329203903274,-0.9547805989543492,-0.38772104826190634,-0.9476987589950927,-0.36505746047870924,-0.9239244476810798,-0.329034931864064,-0.5283270198543106,-0.40042144257385953,-0.801323280724408,-0.416795690107115,-0.8985335185559166,-0.4135046574232166,-0.9673225613209825,0.0,0.0,0.0,0.0,0.0,0.0,0.0,0.0,0.0,0.0,0.0,0.0,0.0,0.0,0.0,0.0,0.0,0.0,0.0,0.0,0.0,0.0,0.0,0.0,0.0,0.0,0.0,0.0,0.0,0.0,0.0,0.0,0.0,0.0,0.0,0.0,0.0,0.0,0.0,0.0,0.0,0.0,eat
0.0,0.0,0.08829900092932264,-0.3061111917927852,0.06858785290001414,-0.5940442597232091,-0.04736386921232906,-0.7242884690402709,-0.16820055915656318,-0.7414496781886609,0.04419883206221708,-0.766158784573635,-0.11402437078605586,-0.9827547806062674,-0.1901301637809039,-1.0,-0.2233142106911829,-0.9878289343007319,-0.10057947532019952,-0.7136107017330207,-0.23683660398026216,-0.9948734213074729,-0.24261540174806434,-0.9468023030529583,-0.21095265664491736,-0.8674350890606287,-0.22696474891030896,-0.622862378844527,-0.3190816573072307,-0.9010388615765141,-0.2962917617208945,-0.8513090294081446,-0.25598800932839344,-0.782180971093312,-0.32422158646510285,-0.5188941646744082,-0.3239317836807819,-0.7339441116958543,-0.27186301510816807,-0.7015311355645326,-0.22727408896098863,-0.6479462751224824,0.0,0.0,0.0,0.0,0.0,0.0,0.0,0.0,0.0,0.0,0.0,0.0,0.0,0.0,0.0,0.0,0.0,0.0,0.0,0.0,0.0,0.0,0.0,0.0,0.0,0.0,0.0,0.0,0.0,0.0,0.0,0.0,0.0,0.0,0.0,0.0,0.0,0.0,0.0,0.0,0.0,0.0,eat
0.0,0.0,0.07096991436842622,-0.3077729399238311,0.044790005440637035,-0.5726150445306009,-0.06531632861447709,-0.7167969145819985,-0.18814159374810008,-0.7389251857845041,0.02086616812347908,-0.7310485775618152,-0.12937710162143456,-0.9432047378750961,-0.20340686767404192,-0.9891726646182435,-0.24560563331977073,-1.0,-0.10232700255195497,-0.6843928545260956,-0.2244968969661823,-0.9475338636785254,-0.25333320861959036,-0.9713420289990631,-0.26057627102790626,-0.9590078398176685,-0.21110451167554473,-0.5978181330664459,-0.2921497375555171,-0.8840355496524384,-0.307730849035573,-0.9253812732961375,-0.30423512281965304,-0.9405767075260068,-0.3038934071638692,-0.490294308844231,-0.3362946611605549,-0.743276136492956,-0.33243258832461114,-0.827428917063802,-0.327586835840859,-0.8800163375003313,0.0,0.0,0.0,0.0,0.0,0.0,0.0,0.0,0.0,0.0,0.0,0.0,0.0,0.0,0.0,0.0,0.0,0.0,0.0,0.0,0.0,0.0,0.0,0.0,0.0,0.0,0.0,0.0,0.0,0.0,0.0,0.0,0.0,0.0,0.0,0.0,0.0,0.0,0.0,0.0,0.0,0.0,eat
0.0,0.0,0.0752486961253754,-0.317916546938215,0.04816961686047842,-0.582303986512431,-0.058804046270702424,-0.7259081985805503,-0.17720870385580711,-0.7523086400288874,0.02933145751695482,-0.7376459309702963,-0.12801874629689436,-0.9594775347042983,-0.2013930034507223,-0.9947400006611553,-0.2374154801894973,-1.0,-0.10311671171846988,-0.6868924045965554,-0.23270729127198658,-0.9698910492281011,-0.25795516095318255,-0.9884628392553356,-0.252685943583106,-0.9722661226544879,-0.21974228927580602,-0.5985912941098688,-0.3001079463243577,-0.8816388896658877,-0.3081203226438076,-0.9159897241202184,-0.2939340904409652,-0.9260583571306875,-0.31293372426262106,-0.4931805640672242,-0.3259079442900336,-0.7150954479454598,-0.30693628242521953,-0.7763022217362447,-0.29204153327009974,-0.813037983374486,0.0,0.0,0.0,0.0,0.0,0.0,0.0,0.0,0.0,0.0,0.0,0.0,0.0,0.0,0.0,0.0,0.0,0.0,0.0,0.0,0.0,0.0,0.0,0.0,0.0,0.0,0.0,0.0,0.0,0.0,0.0,0.0,0.0,0.0,0.0,0.0,0.0,0.0,0.0,0.0,0.0,0.0,eat
0.0,0.0,0.086512584602403,-0.3228537774143743,0.07113816479887974,-0.5821717029716841,-0.023697227097431044,-0.718236351199678,-0.12950240374605415,-0.744131860796101,0.016405449803784725,-0.7626645766304816,-0.09055116203924435,-0.9793542214287029,-0.11703094348929088,-0.9199279634768759,-0.10808997011820691,-0.8553055596533492,-0.11813880039627189,-0.7225163846290664,-0.19878251948998554,-1.0,-0.1954221493263281,-0.9296033116916026,-0.16918350106669963,-0.8390079257606752,-0.2326351015680759,-0.6392976729517317,-0.26475326780665315,-0.8887520566530649,-0.24730936355363825,-0.8224862671904238,-0.22224700625235444,-0.7452161531476597,-0.3226207142771831,-0.5402393836028785,-0.31714824978299627,-0.7364785451178921,-0.2880605499321631,-0.6923214734755104,-0.26491466887119003,-0.6333784503109069,0.0,0.0,0.0,0.0,0.0,0.0,0.0,0.0,0.0,0.0,0.0,0.0,0.0,0.0,0.0,0.0,0.0,0.0,0.0,0.0,0.0,0.0,0.0,0.0,0.0,0.0,0.0,0.0,0.0,0.0,0.0,0.0,0.0,0.0,0.0,0.0,0.0,0.0,0.0,0.0,0.0,0.0,eat
0.0,0.0,0.10010702323887136,-0.3233887683623833,0.08784415869096394,-0.6018516309761357,-0.01757792226631379,-0.757481150048515,-0.13715672779670743,-0.782463017346146,-0.010561775296328652,-0.7517892544799863,-0.1053511619435678,-1.0,-0.09676383646075438,-0.9426290967818886,-0.074888866681925,-0.8556172694245566,-0.14820623249186848,-0.6852137080006319,-0.2081759952032958,-0.9627945959711554,-0.17681657441822232,-0.9054968682808264,-0.1507370742038535,-0.8161650220977199,-0.26888557217137904,-0.5853800453236969,-0.28491745993881623,-0.862231756889621,-0.246673092359121,-0.8070880330611547,-0.2235483361432306,-0.7222221505868548,-0.367597424995084,-0.47264911528530396,-0.36114991957139125,-0.726767092288202,-0.31397362457408295,-0.6885436780534665,-0.2900971268128673,-0.6119630705354063,0.0,0.0,0.0,0.0,0.0,0.0,0.0,0.0,0.0,0.0,0.0,0.0,0.0,0.0,0.0,0.0,0.0,0.0,0.0,0.0,0.0,0.0,0.0,0.0,0.0,0.0,0.0,0.0,0.0,0.0,0.0,0.0,0.0,0.0,0.0,0.0,0.0,0.0,0.0,0.0,0.0,0.0,eat
0.0,0.0,0.11974283667502714,-0.3093532521885975,0.12469362958973873,-0.5878395920490791,0.039322120666643395,-0.7587026150146017,-0.06479312413881368,-0.7971202095601863,0.010455404468777893,-0.7569367779124095,-0.07537484978583574,-1.0,-0.07328656125496766,-0.9705911000081444,-0.0656910017768071,-0.9031279450702329,-0.13044357016892133,-0.6976136932157216,-0.18536436180379995,-0.9768739165050254,-0.15867768320310618,-0.9485507137977631,-0.1421163118869891,-0.8689185078809456,-0.25271814919528424,-0.6020540488430809,-0.2630565403621096,-0.8719109901087193,-0.22865329989146352,-0.8396691714826616,-0.2127733980895584,-0.7674287490380476,-0.3510116498044515,-0.4916067887660582,-0.3379789608753393,-0.7353674367272177,-0.29655625198415664,-0.7147933734569286,-0.27739997772758174,-0.6499570341781893,0.0,0.0,0.0,0.0,0.0,0.0,0.0,0.0,0.0,0.0,0.0,0.0,0.0,0.0,0.0,0.0,0.0,0.0,0.0,0.0,0.0,0.0,0.0,0.0,0.0,0.0,0.0,0.0,0.0,0.0,0.0,0.0,0.0,0.0,0.0,0.0,0.0,0.0,0.0,0.0,0.0,0.0,eat
0.0,0.0,0.14920386218812387,-0.29144992358726995,0.18852195947928674,-0.5676038866026367,0.16696139589306308,-0.7855798765390282,0.1326596761119754,-0.8916582518202729,0.004709183914726278,-0.7872996240902828,-0.027319772770641414,-1.0,0.011960093003196356,-0.9106492550052266,0.030070094468737853,-0.8160450300201252,-0.13898665686508935,-0.7359040563304518,-0.14573418430877919,-0.9856598273612238,-0.09108424247769745,-0.9250420798213717,-0.06688972856628791,-0.8240206611168365,-0.24983424625054454,-0.640914833258603,-0.23392959967912355,-0.8780605754916523,-0.17285106174624804,-0.8499285506599464,-0.1467114355498782,-0.7683431634165965,-0.3254159438171085,-0.531180652974194,-0.29302747672321017,-0.753056593041931,-0.23202707864592015,-0.7476619247288496,-0.20104814723024395,-0.6933999992621988,0.0,0.0,0.0,0.0,0.0,0.0,0.0,0.0,0.0,0.0,0.0,0.0,0.0,0.0,0.0,0.0,0.0,0.0,0.0,0.0,0.0,0.0,0.0,0.0,0.0,0.0,0.0,0.0,0.0,0.0,0.0,0.0,0.0,0.0,0.0,0.0,0.0,0.0,0.0,0.0,0.0,0.0,eat
0.0,0.0,0.17610322745213866,-0.24842084418548452,0.19430765512982306,-0.5251419729882125,0.12438276991649437,-0.7161449802647477,0.035569100233600943,-0.7812837311709583,0.01990474720081626,-0.784421569153935,0.02252369572805628,-1.0,0.06638059501114303,-0.9139972612302983,0.07159029884810568,-0.8058306258894289,-0.12723699755658782,-0.7445701205595683,-0.10694694304970062,-0.991595736111484,-0.047892892624117285,-0.9258760035442902,-0.03486326289504068,-0.8194543269876219,-0.23615075316166798,-0.6541551432483956,-0.1999567032730983,-0.8822389442311307,-0.13696802083613027,-0.838780106328706,-0.12256330048599737,-0.7487668823671563,-0.30655055983674784,-0.5482516848803802,-0.24715248503074402,-0.7297857986735763,-0.18399833525763232,-0.6905418467900009,-0.16481150820288376,-0.6100022151813763,0.0,0.0,0.0,0.0,0.0,0.0,0.0,0.0,0.0,0.0,0.0,0.0,0.0,0.0,0.0,0.0,0.0,0.0,0.0,0.0,0.0,0.0,0.0,0.0,0.0,0.0,0.0,0.0,0.0,0.0,0.0,0.0,0.0,0.0,0.0,0.0,0.0,0.0,0.0,0.0,0.0,0.0,eat
0.0,0.0,0.17670372269050016,-0.2576779087412866,0.20194239466469507,-0.5346350938178461,0.13463768086341965,-0.7307225958687605,0.050493002382124334,-0.8049357425535637,0.013528205945166889,-0.7862586351156035,0.016763034114280696,-1.0,0.05507411545167433,-0.9122756674066979,0.055849888723000264,-0.8053551162570625,-0.13197234312121603,-0.7410820113870853,-0.10941568852515936,-0.9940848564564148,-0.052996990176715636,-0.9286863867619516,-0.04046820078469177,-0.8238507901041422,-0.23777331625883255,-0.6532429637466411,-0.19671996661349608,-0.8897258208253084,-0.1343976983464013,-0.8520931581494999,-0.11868752370040106,-0.7653941125650761,-0.30329501101877177,-0.5522293865229904,-0.24525294157293734,-0.7451760110071981,-0.18314955097739263,-0.7123018101830199,-0.16235787418380415,-0.6367862902923838,0.0,0.0,0.0,0.0,0.0,0.0,0.0,0.0,0.0,0.0,0.0,0.0,0.0,0.0,0.0,0.0,0.0,0.0,0.0,0.0,0.0,0.0,0.0,0.0,0.0,0.0,0.0,0.0,0.0,0.0,0.0,0.0,0.0,0.0,0.0,0.0,0.0,0.0,0.0,0.0,0.0,0.0,eat
0.0,0.0,-0.16723330809664635,-0.18173188624952386,-0.20876778662076703,-0.4570519625414494,-0.14780511864964105,-0.6557022395699074,-0.06213671518470481,-0.7734645370421115,-0.2595151782095755,-0.6237037442989106,-0.161863238807394,-0.8604049236573305,-0.07557812649060526,-0.8506424529789102,-0.03906815055679709,-0.8012966109091499,-0.19436071683016387,-0.7021242118609723,-0.11314899049869181,-0.9607099289786855,-0.035455177140568346,-0.9356599799594996,-0.007463428792962415,-0.8757313057380648,-0.09112203122177365,-0.7471013330789367,-0.029580374111895274,-1.0,0.036316810407528516,-0.9646777721621075,0.0570437081827082,-0.8967112469697369,0.03654515844647556,-0.7581740140608265,0.08269277479741301,-0.9684879706253082,0.12635325813747839,-0.9324177760998426,0.1450219789216154,-0.8620003152894404,0.0,0.0,0.0,0.0,0.0,0.0,0.0,0.0,0.0,0.0,0.0,0.0,0.0,0.0,0.0,0.0,0.0,0.0,0.0,0.0,0.0,0.0,0.0,0.0,0.0,0.0,0.0,0.0,0.0,0.0,0.0,0.0,0.0,0.0,0.0,0.0,0.0,0.0,0.0,0.0,0.0,0.0,eat
0.0,0.0,-0.12706810077524622,-0.17928565922973008,-0.16219555731047847,-0.43658680715665976,-0.1097325650737586,-0.6095165427778236,-0.0420577492843205,-0.7033976689875823,-0.240614017176308,-0.635689384955112,-0.14020218875548168,-0.8671408789910034,-0.05813704265138802,-0.8462364115552659,-0.023717152102684626,-0.7704423352314448,-0.17606019956538613,-0.7121105682569604,-0.09463027395278206,-0.951283084541458,-0.012010366365700392,-0.9203094088358866,0.018526531865147997,-0.8365833589134383,-0.0768045468129443,-0.7546950197902116,-0.005934697034646054,-1.0,0.06539762301100598,-0.9628103587930879,0.08262835916360495,-0.8838820998313741,0.04632917605918538,-0.7617257172683963,0.11671593372341303,-0.973673339129988,0.16569789062172502,-0.9409904165883487,0.17593105947611043,-0.8633562630238795,0.0,0.0,0.0,0.0,0.0,0.0,0.0,0.0,0.0,0.0,0.0,0.0,0.0,0.0,0.0,0.0,0.0,0.0,0.0,0.0,0.0,0.0,0.0,0.0,0.0,0.0,0.0,0.0,0.0,0.0,0.0,0.0,0.0,0.0,0.0,0.0,0.0,0.0,0.0,0.0,0.0,0.0,eat
0.0,0.0,-0.06052248234237222,-0.18345805080048017,-0.06291399420466018,-0.4464119447123469,-0.00855651073972266,-0.623205632652784,0.04777588470343431,-0.729145840532729,-0.18922034675069074,-0.5739609940215291,-0.10923533075838164,-0.7858491303129996,-0.027914045160168603,-0.8709040649834054,0.03562037096227779,-0.9065614944972683,-0.1519588995957221,-0.6233733225987063,-0.08047264476691561,-0.8462965690884121,-0.002354453310702911,-0.9235247376640574,0.05764612109684666,-0.9759900732493154,-0.08303030246880982,-0.6499220689542293,-0.030446688339742917,-0.8737418235710299,0.037388681515410645,-0.9468416695001017,0.08488508297564111,-1.0,0.01315887402532149,-0.6656694828077658,0.043003978544333916,-0.8367990799596926,0.07508989014918846,-0.8885346708999885,0.10056671790011423,-0.9241040863538369,0.0,0.0,0.0,0.0,0.0,0.0,0.0,0.0,0.0,0.0,0.0,0.0,0.0,0.0,0.0,0.0,0.0,0.0,0.0,0.0,0.0,0.0,0.0,0.0,0.0,0.0,0.0,0.0,0.0,0.0,0.0,0.0,0.0,0.0,0.0,0.0,0.0,0.0,0.0,0.0,0.0,0.0,eat
0.0,0.0,-0.05043370855200804,-0.17724274238149543,-0.052216576961902836,-0.4406914532801285,-0.006048972851862333,-0.6144238587076785,0.02853691157709253,-0.7098457208167829,-0.182203705936253,-0.5861220817884588,-0.0952396091413556,-0.8022432538859386,-0.014069362520668715,-0.8762297747208524,0.044635608956269675,-0.9005666839686324,-0.14121457280880154,-0.6289367349270658,-0.06407057439273406,-0.8712097914226529,0.018839731650604378,-0.9545894224658418,0.07907260624576828,-1.0,-0.07018533458528636,-0.6455239583959599,-0.008906472750348374,-0.8791571539955737,0.059561780765733166,-0.9448116609163075,0.10634570838329027,-0.9854279466511883,0.030902422894246377,-0.6424407669985517,0.06620283968380526,-0.8310647193194126,0.09674642253792451,-0.8816869762784699,0.12014531132993359,-0.9085615771082718,0.0,0.0,0.0,0.0,0.0,0.0,0.0,0.0,0.0,0.0,0.0,0.0,0.0,0.0,0.0,0.0,0.0,0.0,0.0,0.0,0.0,0.0,0.0,0.0,0.0,0.0,0.0,0.0,0.0,0.0,0.0,0.0,0.0,0.0,0.0,0.0,0.0,0.0,0.0,0.0,0.0,0.0,eat
0.0,0.0,-0.050782328664825516,-0.190871866045876,-0.041647128317131514,-0.46710542338845923,0.021906163095793883,-0.6549325656805846,0.08145802339250695,-0.765354570018527,-0.21646970523877035,-0.6554001139541721,-0.07529551074760729,-0.8649090784976847,0.040234878689575045,-0.8866022206999365,0.11329452762702615,-0.85504356980482,-0.15300868857683175,-0.7274557175528187,-0.020252764211941037,-0.9494101104998719,0.10376518717195726,-0.9726925051977441,0.19178226451843727,-0.9461900990221278,-0.055037258074641014,-0.7684174742994236,0.069178963963794,-0.9839815834690299,0.1987056150729605,-1.0,0.2843760323023374,-0.9761591543928099,0.06665427189218467,-0.7931227525180887,0.14355755869137252,-0.9563495834086567,0.22501901237202024,-0.9538293507116304,0.28578759587226565,-0.916843297920182,0.0,0.0,0.0,0.0,0.0,0.0,0.0,0.0,0.0,0.0,0.0,0.0,0.0,0.0,0.0,0.0,0.0,0.0,0.0,0.0,0.0,0.0,0.0,0.0,0.0,0.0,0.0,0.0,0.0,0.0,0.0,0.0,0.0,0.0,0.0,0.0,0.0,0.0,0.0,0.0,0.0,0.0,eat
0.0,0.0,-0.10921157046288751,-0.19937126280896103,-0.11510780626720137,-0.47883120967549303,-0.04936044767998896,-0.6570439664850433,0.014610376684970554,-0.7570437674335898,-0.18965937651776732,-0.6382319453696651,-0.08424819593032669,-0.8628840697794775,0.0029111275070530566,-0.9557432315870771,0.06552541621658921,-1.0,-0.10669058380464294,-0.6719117830498398,-0.028284548033769744,-0.8885218969868918,0.04323530270418035,-0.9200864812214858,0.08567904412838022,-0.9229355710255396,-0.005353820593597974,-0.6713667138197443,0.03940754325388084,-0.8458173981586413,0.08605392436575572,-0.8122258066228399,0.11141971458675591,-0.7718578401059485,0.10966474427196267,-0.6465605899354278,0.11728675617789361,-0.7494758311725193,0.11870798355569592,-0.7048849880701828,0.11837822164777448,-0.6529763500333079,0.0,0.0,0.0,0.0,0.0,0.0,0.0,0.0,0.0,0.0,0.0,0.0,0.0,0.0,0.0,0.0,0.0,0.0,0.0,0.0,0.0,0.0,0.0,0.0,0.0,0.0,0.0,0.0,0.0,0.0,0.0,0.0,0.0,0.0,0.0,0.0,0.0,0.0,0.0,0.0,0.0,0.0,eat
0.0,0.0,-0.0551693887394693,-0.21406372194740464,-0.05258442119985576,-0.5326441907693557,-0.00942553154956004,-0.7438954336923046,0.03157492581486575,-0.8662263688542631,-0.2087084215932204,-0.7182420503662817,-0.09056557091724202,-0.9408704285020769,0.004198621038451392,-0.961345291409822,0.06197366017979261,-0.9384872164301535,-0.16057823038991487,-0.7651351722609256,-0.061880001935603716,-1.0,0.027841474055885874,-0.9928285101939194,0.08523095342531614,-0.9505402519718963,-0.08620304795146005,-0.7816279988199061,-0.015178098956178868,-0.9953014780831904,0.06041737235552045,-0.9710662366712611,0.10838717381565248,-0.9329258679387538,0.009525823919378984,-0.7769848913642416,0.03546252343407318,-0.9277711523242074,0.059830057115919245,-0.9089122843714049,0.07542415477337046,-0.8778591130252081,0.0,0.0,0.0,0.0,0.0,0.0,0.0,0.0,0.0,0.0,0.0,0.0,0.0,0.0,0.0,0.0,0.0,0.0,0.0,0.0,0.0,0.0,0.0,0.0,0.0,0.0,0.0,0.0,0.0,0.0,0.0,0.0,0.0,0.0,0.0,0.0,0.0,0.0,0.0,0.0,0.0,0.0,eat
0.0,0.0,-0.14770895374308393,-0.17819387820197966,-0.17562959400007594,-0.49452330418508245,-0.07890340061187454,-0.7034236246814702,0.02782905867835258,-0.8057460787233685,-0.18152760421416156,-0.7202855936306186,-0.06336075431910858,-0.9623263129921776,0.03563423569889073,-0.9927994962230426,0.09361007146885503,-0.9933016294084887,-0.09182070831697715,-0.7697247738737325,-0.0031791331764444352,-0.9898504911159998,0.0664788331097934,-0.9531806791048019,0.09920085288280416,-0.8914433452480707,0.014694538254682109,-0.7858403920943964,0.08495835190730379,-1.0,0.15054719993237053,-0.9779030088462326,0.18507423782796675,-0.9240326891443346,0.12359129724523395,-0.7762595500213495,0.17295141988627447,-0.9634382072866844,0.21704521038128072,-0.9584579697303314,0.24237103924348918,-0.9194375638673883,0.0,0.0,0.0,0.0,0.0,0.0,0.0,0.0,0.0,0.0,0.0,0.0,0.0,0.0,0.0,0.0,0.0,0.0,0.0,0.0,0.0,0.0,0.0,0.0,0.0,0.0,0.0,0.0,0.0,0.0,0.0,0.0,0.0,0.0,0.0,0.0,0.0,0.0,0.0,0.0,0.0,0.0,eat
0.0,0.0,0.0899217159729369,-0.3099967389676426,0.06629559429523392,-0.6014729701998623,-0.05584373533353585,-0.7505941662556688,-0.19754155891207031,-0.7492527923792716,0.024863542928776666,-0.8280261668008425,-0.15363428003374224,-0.9961999540298391,-0.20508466941332604,-0.9163862833355857,-0.18209843389594804,-0.8283684404449634,-0.13319988896319576,-0.757383427718467,-0.29128680644829685,-1.0,-0.3297623681486076,-0.9113877020964164,-0.2985423146861574,-0.7927789116314132,-0.2852444638489345,-0.6352109872534831,-0.402668964404696,-0.8661213388944138,-0.4148017758188483,-0.7815516430867462,-0.37223202071968325,-0.6771231457450458,-0.4199027696444474,-0.48733029252653776,-0.4999959573979041,-0.6578699645059536,-0.4939601599638399,-0.6022911158621311,-0.4586366728691733,-0.531040831436198,0.0,0.0,0.0,0.0,0.0,0.0,0.0,0.0,0.0,0.0,0.0,0.0,0.0,0.0,0.0,0.0,0.0,0.0,0.0,0.0,0.0,0.0,0.0,0.0,0.0,0.0,0.0,0.0,0.0,0.0,0.0,0.0,0.0,0.0,0.0,0.0,0.0,0.0,0.0,0.0,0.0,0.0,eat
0.0,0.0,0.08790736319912514,-0.3101271671179984,0.0700770853284336,-0.6057872799280313,-0.03736087755391926,-0.7658168494140324,-0.17303724136245682,-0.76960085775947,0.03424890298123346,-0.817138464922128,-0.14367967510221785,-1.0,-0.1993389631435296,-0.9252205874491584,-0.1791909324315862,-0.8431950471110948,-0.11857845001519712,-0.7444309019456905,-0.2754009674231629,-0.9952109956944019,-0.3120241351765387,-0.9163237767076149,-0.2801181863030353,-0.808289002014574,-0.26797613974636836,-0.6232884139850228,-0.3826869590319048,-0.8598297921735558,-0.39430130634201327,-0.779228505228881,-0.3540430468178437,-0.6815170856949975,-0.40151039590425963,-0.4778393045061392,-0.4733836442253207,-0.6462704416636501,-0.46397097119571606,-0.5846418900033449,-0.42998668151250363,-0.5133085597247106,0.0,0.0,0.0,0.0,0.0,0.0,0.0,0.0,0.0,0.0,0.0,0.0,0.0,0.0,0.0,0.0,0.0,0.0,0.0,0.0,0.0,0.0,0.0,0.0,0.0,0.0,0.0,0.0,0.0,0.0,0.0,0.0,0.0,0.0,0.0,0.0,0.0,0.0,0.0,0.0,0.0,0.0,eat
0.0,0.0,0.06751001017382033,-0.3338070761120844,0.0271819627152229,-0.6349062998913831,-0.11001594305323338,-0.7647717325339247,-0.24875416004221895,-0.7534536810109767,0.02646228789285795,-0.8119300339977936,-0.19097381322996052,-0.9865428944315437,-0.24537361145473796,-0.893328362917294,-0.22026154595471373,-0.8155628016134622,-0.10576372254575538,-0.7620557551981343,-0.30529005373152873,-1.0,-0.3363791924479262,-0.8921005518123343,-0.2939353897690051,-0.7982861680052397,-0.2285614750597171,-0.6698778364932827,-0.3974439339659519,-0.901480362973507,-0.40145724905963354,-0.7953094657209563,-0.3469317111433843,-0.7134492283466081,-0.3422038987440454,-0.5562923654927387,-0.4361218328852932,-0.7620572344886222,-0.41553861521398494,-0.6856023245570727,-0.3656203275223105,-0.610128554041625,0.0,0.0,0.0,0.0,0.0,0.0,0.0,0.0,0.0,0.0,0.0,0.0,0.0,0.0,0.0,0.0,0.0,0.0,0.0,0.0,0.0,0.0,0.0,0.0,0.0,0.0,0.0,0.0,0.0,0.0,0.0,0.0,0.0,0.0,0.0,0.0,0.0,0.0,0.0,0.0,0.0,0.0,eat
0.0,0.0,0.06621600379587286,-0.32835282696466983,0.04026856382684532,-0.5974744637310753,-0.056857678055255566,-0.7426855218306354,-0.18327640009198587,-0.7517647606766201,0.010535075437151232,-0.8187692668201705,-0.20045898332319353,-0.9684013233157998,-0.297905793072532,-0.9331315805560488,-0.33000951879160834,-0.8998456471177274,-0.11962966952036352,-0.7663962640926146,-0.3287083261772591,-1.0,-0.41611128253345403,-0.9548566941556949,-0.43824574783643977,-0.8838165260194859,-0.24279759323030528,-0.6615247241151454,-0.42479572440332897,-0.8938283590127237,-0.4870819518471404,-0.8588351560703401,-0.48789883591291616,-0.8141761587746084,-0.3516473040278752,-0.5241135443380656,-0.4814689212909461,-0.7231177826746349,-0.5155582756723556,-0.7351934759890665,-0.515138735659955,-0.727205841685321,0.0,0.0,0.0,0.0,0.0,0.0,0.0,0.0,0.0,0.0,0.0,0.0,0.0,0.0,0.0,0.0,0.0,0.0,0.0,0.0,0.0,0.0,0.0,0.0,0.0,0.0,0.0,0.0,0.0,0.0,0.0,0.0,0.0,0.0,0.0,0.0,0.0,0.0,0.0,0.0,0.0,0.0,eat
0.0,0.0,0.05996184941609644,-0.3436454509495133,0.0206759899004462,-0.6165112178243077,-0.09736125128000385,-0.750010166095517,-0.23451592749910352,-0.7411246289375136,0.01633266421941022,-0.8308542847320033,-0.2204109320646046,-0.9537897355706138,-0.3248400226241835,-0.8888339303603974,-0.3599625887684977,-0.8504648678222745,-0.12901995142454725,-0.7819882664773925,-0.3691959912312805,-1.0,-0.4496016738938364,-0.9185266924700655,-0.45448694488497526,-0.8380086282425224,-0.2599466926918712,-0.6806507779835642,-0.4757998868790826,-0.8973398100603681,-0.5208641550865597,-0.8123908068922431,-0.4981771266547631,-0.7399324231905274,-0.3676707072275394,-0.5495743178549908,-0.5200926408558744,-0.714510160550374,-0.5396621898878772,-0.6790637580543202,-0.5191817586975568,-0.6441940504312272,0.0,0.0,0.0,0.0,0.0,0.0,0.0,0.0,0.0,0.0,0.0,0.0,0.0,0.0,0.0,0.0,0.0,0.0,0.0,0.0,0.0,0.0,0.0,0.0,0.0,0.0,0.0,0.0,0.0,0.0,0.0,0.0,0.0,0.0,0.0,0.0,0.0,0.0,0.0,0.0,0.0,0.0,eat
0.0,0.0,0.054600818078087386,-0.33859936193764545,0.011103070869702863,-0.6070274346052814,-0.10347160489067454,-0.7380533834134927,-0.23979793456413284,-0.7314169714503055,0.010716422580260104,-0.8292764301723569,-0.2234649173210278,-0.955562879095117,-0.3367628752397553,-0.9065104454351406,-0.384594197235854,-0.8775807753873711,-0.12623047203713603,-0.7858947145215904,-0.3639995225282869,-1.0,-0.45820862103351867,-0.9393344014662237,-0.48411702208899804,-0.8700261200752388,-0.2539712078625653,-0.6867514945087045,-0.47256020480867394,-0.9088829756867548,-0.5395675025634448,-0.8479452775897465,-0.5428590175797078,-0.7851440311216655,-0.36263902471212683,-0.5560069129600207,-0.5237438379087332,-0.7222315722980402,-0.5570819657302833,-0.7082114013424072,-0.5494765234424525,-0.6834625744474043,0.0,0.0,0.0,0.0,0.0,0.0,0.0,0.0,0.0,0.0,0.0,0.0,0.0,0.0,0.0,0.0,0.0,0.0,0.0,0.0,0.0,0.0,0.0,0.0,0.0,0.0,0.0,0.0,0.0,0.0,0.0,0.0,0.0,0.0,0.0,0.0,0.0,0.0,0.0,0.0,0.0,0.0,eat
0.0,0.0,0.03550231802885181,-0.3735344645000353,-0.015119745212937033,-0.658777916362695,-0.15339193122004408,-0.775864259995764,-0.2973383851457887,-0.7565014629860605,-0.0061778802783203505,-0.8498658602593369,-0.28253869264741643,-0.9651828928686293,-0.414531020795582,-0.9309709834560986,-0.4778759638842476,-0.9035343076114497,-0.14483679664885982,-0.7873206567356192,-0.4005032201382188,-1.0,-0.5061653291914747,-0.9613089214694185,-0.5435832568501479,-0.8968685038320037,-0.2745973846672785,-0.675226900116882,-0.5075443798586434,-0.9034472344464578,-0.5804473678017555,-0.8587987041002831,-0.5854407392590152,-0.8068968222216992,-0.3924842523082233,-0.5269981722479781,-0.5718557566344261,-0.7184555887636395,-0.6219726386306764,-0.7265914385898854,-0.6316879642921579,-0.7202111720361785,0.0,0.0,0.0,0.0,0.0,0.0,0.0,0.0,0.0,0.0,0.0,0.0,0.0,0.0,0.0,0.0,0.0,0.0,0.0,0.0,0.0,0.0,0.0,0.0,0.0,0.0,0.0,0.0,0.0,0.0,0.0,0.0,0.0,0.0,0.0,0.0,0.0,0.0,0.0,0.0,0.0,0.0,eat
0.0,0.0,0.03342316530480759,-0.3552504969916874,-0.02761903734797167,-0.6375561549679397,-0.17411265464460052,-0.7575739056696397,-0.32443162005509746,-0.7421574771635465,0.0019512191225066035,-0.8454418762379856,-0.2773670964141905,-0.9584152665620957,-0.41819758480214,-0.9253204333184346,-0.48973642764332276,-0.8903027405341907,-0.13132323812102992,-0.7907586108278482,-0.38735434259093937,-1.0,-0.500641286039137,-0.9691639475419632,-0.5492979405750924,-0.9083338426075158,-0.25915265563518874,-0.6840187364967448,-0.5013730431389184,-0.9187733642013403,-0.5754910102122455,-0.8682553624574256,-0.5838027643003192,-0.8040061304628643,-0.37790900408737466,-0.5408515783305633,-0.565111003797388,-0.7283040211091153,-0.6107084183621503,-0.7311575542536777,-0.6125537883408566,-0.7139860271141569,0.0,0.0,0.0,0.0,0.0,0.0,0.0,0.0,0.0,0.0,0.0,0.0,0.0,0.0,0.0,0.0,0.0,0.0,0.0,0.0,0.0,0.0,0.0,0.0,0.0,0.0,0.0,0.0,0.0,0.0,0.0,0.0,0.0,0.0,0.0,0.0,0.0,0.0,0.0,0.0,0.0,0.0,eat
0.0,0.0,0.047548133643851104,-0.3438832823179905,-0.0022228256080674014,-0.6355108252603896,-0.12316886018686089,-0.7655610750740909,-0.2637913869195784,-0.7519597746313997,-0.005818021752990049,-0.853938627685283,-0.2776016130337722,-0.9493618397261,-0.4195873399017332,-0.9108700757435302,-0.4980189938953035,-0.8818700761422433,-0.13764413977446394,-0.796421470063224,-0.3999985646327912,-1.0,-0.5303051869785081,-0.9756920563190247,-0.6008770093645749,-0.9261447751238104,-0.264021843099213,-0.682704104233177,-0.5043473684336436,-0.8945523428581909,-0.6098081831082,-0.8682731615438012,-0.6584914529863413,-0.8284114193030575,-0.37610647872925346,-0.5310463946566063,-0.5589060747531268,-0.6711876746612633,-0.6434575763266481,-0.6987921783651088,-0.6974991517378509,-0.7160791828294996,0.0,0.0,0.0,0.0,0.0,0.0,0.0,0.0,0.0,0.0,0.0,0.0,0.0,0.0,0.0,0.0,0.0,0.0,0.0,0.0,0.0,0.0,0.0,0.0,0.0,0.0,0.0,0.0,0.0,0.0,0.0,0.0,0.0,0.0,0.0,0.0,0.0,0.0,0.0,0.0,0.0,0.0,eat
0.0,0.0,0.003045190355916604,-0.3850144358665092,-0.08590790463502683,-0.6665827551281998,-0.22584629479426263,-0.7916435874914373,-0.3756590698006716,-0.769829669382935,-0.04553706886769854,-0.8725151187859583,-0.3566302022702344,-0.9848791127510517,-0.5200992649685436,-0.9443061328267822,-0.6162278471437157,-0.9065018134137988,-0.15751862794128155,-0.8136785613723949,-0.4581431315113743,-1.0,-0.5921777355651842,-0.9421388616888493,-0.6667218605667601,-0.8677926782629891,-0.2763924202245019,-0.6956742831447075,-0.5501380547932541,-0.9136054364590732,-0.6747046636043859,-0.8721969833871964,-0.7468974444103569,-0.8193768412558994,-0.39310776679036263,-0.533208796843021,-0.6073259395920975,-0.6512677086266385,-0.7031485738540612,-0.679816263148826,-0.7711186010447617,-0.709149019327671,0.0,0.0,0.0,0.0,0.0,0.0,0.0,0.0,0.0,0.0,0.0,0.0,0.0,0.0,0.0,0.0,0.0,0.0,0.0,0.0,0.0,0.0,0.0,0.0,0.0,0.0,0.0,0.0,0.0,0.0,0.0,0.0,0.0,0.0,0.0,0.0,0.0,0.0,0.0,0.0,0.0,0.0,eat
0.0,0.0,-0.002270035109534745,-0.36684168768313796,-0.09044697828264756,-0.654022480009087,-0.22525913672050812,-0.7800807408274099,-0.36705775949755187,-0.7606321424331736,-0.04388606439281685,-0.8932297782829892,-0.3272663840936983,-0.9710310041702714,-0.4791896367516805,-0.9332705330141505,-0.575932161990662,-0.9100991795249324,-0.1606822745102728,-0.8396102337760386,-0.45550500594838017,-1.0,-0.590426481351636,-0.9578625800341103,-0.6794028048342011,-0.9146093583862767,-0.27860325371699035,-0.7256917073687321,-0.5556034766211151,-0.9077326380318846,-0.6921792251647655,-0.8903828399693571,-0.7884178675163783,-0.8766477610946044,-0.3895245309832463,-0.5661726336933676,-0.6098938685992995,-0.6598649593861853,-0.7194439865847586,-0.6814080879181694,-0.8105408883882324,-0.7114518915678187,0.0,0.0,0.0,0.0,0.0,0.0,0.0,0.0,0.0,0.0,0.0,0.0,0.0,0.0,0.0,0.0,0.0,0.0,0.0,0.0,0.0,0.0,0.0,0.0,0.0,0.0,0.0,0.0,0.0,0.0,0.0,0.0,0.0,0.0,0.0,0.0,0.0,0.0,0.0,0.0,0.0,0.0,eat
0.0,0.0,0.0006921984359224463,-0.36944187757756214,-0.09317427314886116,-0.6645652583123706,-0.2299583311942776,-0.7826723651111454,-0.3736301487071547,-0.760594315245478,-0.028806663586426407,-0.9014408679432552,-0.3198684052911683,-0.9797345859643719,-0.4846745212793265,-0.9435396238684395,-0.5882073857316427,-0.9185853996611736,-0.14365684412273047,-0.8466900251552955,-0.44022323185652923,-1.0,-0.5754877047076339,-0.9486472611530367,-0.6608279001317658,-0.899990588154765,-0.2637104916405702,-0.7330522614097232,-0.5394895357393432,-0.9135149819463696,-0.677453924739463,-0.8887417218543047,-0.773895819429471,-0.8660193884011842,-0.37568278659068743,-0.5760464260656776,-0.593018549891336,-0.6705888392627958,-0.7016949877646012,-0.6925338398617314,-0.7907507230008385,-0.7195676540547941,0.0,0.0,0.0,0.0,0.0,0.0,0.0,0.0,0.0,0.0,0.0,0.0,0.0,0.0,0.0,0.0,0.0,0.0,0.0,0.0,0.0,0.0,0.0,0.0,0.0,0.0,0.0,0.0,0.0,0.0,0.0,0.0,0.0,0.0,0.0,0.0,0.0,0.0,0.0,0.0,0.0,0.0,eat
0.0,0.0,-0.04142836484960003,-0.32227990133309303,-0.13579399825216226,-0.5964121124735676,-0.260942952169184,-0.7173000308072118,-0.3953893968702388,-0.7198077797640628,-0.04164254832226439,-0.899361012320789,-0.3437527375456083,-0.9732748485312085,-0.5211259931134355,-0.9273591093991336,-0.6387978061912017,-0.8872242283003011,-0.12858217666573757,-0.8549982081519655,-0.4248230681048954,-1.0,-0.5761476734267889,-0.9365899560106546,-0.6890743375925527,-0.8741456238041249,-0.22898853845976516,-0.748578362439512,-0.49879390813582836,-0.9329794346143125,-0.6470696473517324,-0.8938127801727299,-0.7620371321210241,-0.8589901521708606,-0.3360274624288238,-0.5889869457059567,-0.5621180272486644,-0.6740446096810091,-0.6782482222981342,-0.6934963251397327,-0.7754187789865475,-0.7208120529548727,0.0,0.0,0.0,0.0,0.0,0.0,0.0,0.0,0.0,0.0,0.0,0.0,0.0,0.0,0.0,0.0,0.0,0.0,0.0,0.0,0.0,0.0,0.0,0.0,0.0,0.0,0.0,0.0,0.0,0.0,0.0,0.0,0.0,0.0,0.0,0.0,0.0,0.0,0.0,0.0,0.0,0.0,eat
0.0,0.0,0.13710835513444128,-0.25997507879401943,0.21958926844584817,-0.5438535387716709,0.3370372129410849,-0.7393125098121477,0.4513304282779829,-0.8586852843510921,-0.027384302410721,-0.7687558790430996,0.25558995579091515,-0.9765567178415517,0.4345300525469367,-0.9961424242304308,0.5520467645308837,-0.9694339231835818,-0.011029513620910066,-0.6908932715382413,0.2832221179990739,-0.98571681119383,0.46753300509638,-1.0,0.58975690940106,-0.9535309879167112,0.05995288190198011,-0.5827337204101907,0.32509657132227515,-0.8741373555552917,0.4990303289361719,-0.9295804424602467,0.6095147818767819,-0.9290392076929876,0.17132257196344539,-0.46342690988919366,0.372282777190698,-0.7006127397627142,0.4952383873644604,-0.7949017070168565,0.5827681866095682,-0.8435112514825414,0.0,0.0,0.0,0.0,0.0,0.0,0.0,0.0,0.0,0.0,0.0,0.0,0.0,0.0,0.0,0.0,0.0,0.0,0.0,0.0,0.0,0.0,0.0,0.0,0.0,0.0,0.0,0.0,0.0,0.0,0.0,0.0,0.0,0.0,0.0,0.0,0.0,0.0,0.0,0.0,0.0,0.0,eat
0.0,0.0,0.15207664169795287,-0.28029674536264226,0.22861907411536497,-0.5286427103609114,0.33541924874235757,-0.7020503940825019,0.4427266317546598,-0.80852130174781,-0.0275559787313965,-0.7545054500629073,0.2405866810760719,-0.9404226000004018,0.4123820112771005,-0.9510066830982096,0.5293931444174603,-0.9270701300127422,-0.0052137004517669935,-0.7082296318169309,0.2704547265460482,-0.9907678030143243,0.44429931254013305,-1.0,0.5653609147561818,-0.9504043940650927,0.06962514789393018,-0.6222388948146899,0.3131487831351036,-0.9091089269345397,0.48121203051419215,-0.941774486112534,0.5888414824813907,-0.9294273935381316,0.18245089118019858,-0.5116811932487383,0.36934546348133107,-0.7339529645409446,0.48281584686391216,-0.8188238256033437,0.5686155855930053,-0.8740318680869841,0.0,0.0,0.0,0.0,0.0,0.0,0.0,0.0,0.0,0.0,0.0,0.0,0.0,0.0,0.0,0.0,0.0,0.0,0.0,0.0,0.0,0.0,0.0,0.0,0.0,0.0,0.0,0.0,0.0,0.0,0.0,0.0,0.0,0.0,0.0,0.0,0.0,0.0,0.0,0.0,0.0,0.0,eat
0.0,0.0,0.1403213992617076,-0.27107292035312175,0.2281546822942841,-0.5219016672877566,0.3463226210665126,-0.6891291671340759,0.46656620407335414,-0.7899242432398735,-0.03123590175133459,-0.7570539431336342,0.23654859938729164,-0.9491995928243453,0.40398170140660367,-0.9635653500602741,0.5217365256775234,-0.94307181454684,0.008490814063049712,-0.701720563725039,0.2712984923317683,-0.9802246828881688,0.4361501062567311,-1.0,0.5575627043215007,-0.9690832678381591,0.0884785682309218,-0.6117279369245874,0.32660235115809244,-0.8866242936332439,0.47748604110584797,-0.9284903834098496,0.57844191755978,-0.929583339555809,0.20002313024446167,-0.5023017371647113,0.3839731716948322,-0.7067935889630531,0.4880043982194574,-0.7898724953956574,0.5669646624738178,-0.8452406049010418,0.0,0.0,0.0,0.0,0.0,0.0,0.0,0.0,0.0,0.0,0.0,0.0,0.0,0.0,0.0,0.0,0.0,0.0,0.0,0.0,0.0,0.0,0.0,0.0,0.0,0.0,0.0,0.0,0.0,0.0,0.0,0.0,0.0,0.0,0.0,0.0,0.0,0.0,0.0,0.0,0.0,0.0,eat
0.0,0.0,0.15686799528352868,-0.24347597800188686,0.25718017213307365,-0.5050957972224139,0.3830762772788666,-0.6769841220034822,0.491771103315406,-0.786308426822525,-0.025669869320832314,-0.7517751266802081,0.2363841874093087,-0.9423532709537467,0.40912006850179516,-0.9755216254114885,0.5308552683416974,-0.9680229659520139,-0.0007949108967640851,-0.7038067864471876,0.2647632037140468,-0.9772596213853344,0.4359083914001798,-1.0,0.558198285642166,-0.9691769813328425,0.07329427113295024,-0.6222848388875989,0.31675717494245614,-0.8833349719654451,0.47647499551991007,-0.9318220961521432,0.5822181918845176,-0.9324611626757259,0.18908141072976306,-0.5199163530603721,0.38267725292739885,-0.7220904343630219,0.49566058838746746,-0.7950639519762251,0.5785004145390598,-0.8342900155704915,0.0,0.0,0.0,0.0,0.0,0.0,0.0,0.0,0.0,0.0,0.0,0.0,0.0,0.0,0.0,0.0,0.0,0.0,0.0,0.0,0.0,0.0,0.0,0.0,0.0,0.0,0.0,0.0,0.0,0.0,0.0,0.0,0.0,0.0,0.0,0.0,0.0,0.0,0.0,0.0,0.0,0.0,eat
0.0,0.0,0.159361375876495,-0.24866118509342774,0.23125339604568154,-0.506096042330835,0.3278214770678615,-0.6840327733736892,0.42321214710918575,-0.8007040630955494,-0.06626127711698218,-0.7611491337730245,0.1941234117387374,-0.9692170156526401,0.36547272092302663,-0.9967387598444305,0.48149338615245857,-0.9763139523114873,-0.05018409892393928,-0.7121213743704038,0.22079711604260027,-0.9764535075517002,0.3954157830758873,-1.0,0.5206868190421052,-0.9664342012586915,0.018463952777822878,-0.6313126724793957,0.2682547062759442,-0.8836879613915591,0.43281503300101454,-0.922854277730818,0.5415035211790622,-0.9155974052397465,0.12451989024878485,-0.5289623756999784,0.314752681515943,-0.7323966090840098,0.42314668741111555,-0.818767485425286,0.5025415289105606,-0.8692094506532325,0.0,0.0,0.0,0.0,0.0,0.0,0.0,0.0,0.0,0.0,0.0,0.0,0.0,0.0,0.0,0.0,0.0,0.0,0.0,0.0,0.0,0.0,0.0,0.0,0.0,0.0,0.0,0.0,0.0,0.0,0.0,0.0,0.0,0.0,0.0,0.0,0.0,0.0,0.0,0.0,0.0,0.0,eat
0.0,0.0,0.17474767043555456,-0.2523256614359243,0.2554759223343687,-0.49841041067466,0.3513529959855773,-0.6800447639708225,0.44287129506822814,-0.808034735365311,-0.04468023352770321,-0.7675335605594503,0.21762879399135235,-0.9914211851098058,0.39401342209486584,-1.0,0.5085401396141982,-0.9598036147545114,-0.03387404207728101,-0.707181679415315,0.25013217009457345,-0.9887458495042113,0.4309428109758304,-0.9995543472784315,0.5486817053171054,-0.9552708014439716,0.030295337180991068,-0.6165545083662782,0.29633280323367883,-0.8838957570028861,0.47036994852994923,-0.9220845760870414,0.5810692330018614,-0.905736998188294,0.13380172995573988,-0.5075157770288731,0.3348381209067188,-0.7234973235999372,0.45341971048185137,-0.8231457688893241,0.5410318066889067,-0.8828114299988149,0.0,0.0,0.0,0.0,0.0,0.0,0.0,0.0,0.0,0.0,0.0,0.0,0.0,0.0,0.0,0.0,0.0,0.0,0.0,0.0,0.0,0.0,0.0,0.0,0.0,0.0,0.0,0.0,0.0,0.0,0.0,0.0,0.0,0.0,0.0,0.0,0.0,0.0,0.0,0.0,0.0,0.0,eat
0.0,0.0,0.20663077544486913,-0.23648899327553838,0.29521340254766587,-0.4955535525951635,0.3956590196797092,-0.6851998264655063,0.5094724027795439,-0.8107669925425047,-0.039348011459260535,-0.7695087926636797,0.21481158043548182,-0.9685177012663531,0.3853849548585918,-0.9989976887000621,0.505160968202796,-0.9808618381192451,-0.03884124585798595,-0.7334248378724073,0.2422820159921012,-0.9789305188830961,0.42011522839981746,-1.0,0.5469287386585484,-0.9693131923614903,0.020640132843646918,-0.6566691101121243,0.2895836294140967,-0.9051132836166982,0.45599572895707263,-0.9452483712441376,0.5670325601573778,-0.9340797061881503,0.12405846317253966,-0.5565064215242612,0.3453078367279772,-0.7458834177319341,0.46464664786709653,-0.8154827176100111,0.5511055344039614,-0.8497617640678878,0.0,0.0,0.0,0.0,0.0,0.0,0.0,0.0,0.0,0.0,0.0,0.0,0.0,0.0,0.0,0.0,0.0,0.0,0.0,0.0,0.0,0.0,0.0,0.0,0.0,0.0,0.0,0.0,0.0,0.0,0.0,0.0,0.0,0.0,0.0,0.0,0.0,0.0,0.0,0.0,0.0,0.0,eat
0.0,0.0,0.18770149098477032,-0.2926796040083558,0.26024484381028234,-0.5467389220227463,0.3296477900713316,-0.7251703721989211,0.4102864907790584,-0.8468885871780123,-0.08054147269581256,-0.7684001586699053,0.1649897260460065,-0.9680013103463802,0.34085734535312207,-0.9990583826071701,0.477079806149468,-0.9877651840656291,-0.09406703415361949,-0.7087724119300517,0.17899987502028009,-0.9647328189758029,0.3539371328720728,-1.0,0.4853519498776984,-0.9986985807427211,-0.057059646377257106,-0.6207265280711437,0.2049166711302281,-0.8829817211337602,0.371539866589971,-0.9264874721415547,0.48745545171629756,-0.9290732326819638,0.017009274116234246,-0.5142989219916955,0.230291629696734,-0.7132383021699119,0.3513410867335968,-0.7855922447366848,0.4385113362816127,-0.8259680688459714,0.0,0.0,0.0,0.0,0.0,0.0,0.0,0.0,0.0,0.0,0.0,0.0,0.0,0.0,0.0,0.0,0.0,0.0,0.0,0.0,0.0,0.0,0.0,0.0,0.0,0.0,0.0,0.0,0.0,0.0,0.0,0.0,0.0,0.0,0.0,0.0,0.0,0.0,0.0,0.0,0.0,0.0,eat
0.0,0.0,0.18025487664254322,-0.22626923233076743,0.25556171932834776,-0.5090554971008977,0.32694288800749466,-0.6985267529029915,0.39016896789985545,-0.8341404629381238,-0.04266903335305151,-0.7424524876198599,0.15916946154975714,-0.9329618880268461,0.3270182066127838,-0.9909097842472939,0.4545563202934125,-0.9990718926522052,-0.051701764124894564,-0.7070485693069664,0.17799000634042264,-0.9341320773402553,0.34145888913215133,-0.9910706663059469,0.47020418741090303,-1.0,-0.01469395793010054,-0.6424714975046206,0.21639547541976367,-0.8684504591399412,0.3660408329289148,-0.9418502423286008,0.48283361873456393,-0.9626533549411092,0.05888985308508422,-0.5616434405842448,0.2541312349860803,-0.7460279395978935,0.3708578087180622,-0.8265782473038026,0.46904139715443655,-0.8729953772968855,0.0,0.0,0.0,0.0,0.0,0.0,0.0,0.0,0.0,0.0,0.0,0.0,0.0,0.0,0.0,0.0,0.0,0.0,0.0,0.0,0.0,0.0,0.0,0.0,0.0,0.0,0.0,0.0,0.0,0.0,0.0,0.0,0.0,0.0,0.0,0.0,0.0,0.0,0.0,0.0,0.0,0.0,eat
0.0,0.0,0.20861810948563986,-0.26375529974675943,0.3012282843245596,-0.5199078987105145,0.3850096251668165,-0.7026772473203907,0.4614925841506149,-0.8487832304455584,-0.037381246024662695,-0.7943850100469533,0.2236039712037954,-0.9815894431912701,0.40539245542138996,-0.9941042689850299,0.5338563766519266,-0.9693192535392101,-0.053411029209555316,-0.751274216869096,0.2334938090184692,-0.9852767003477207,0.41780795050589065,-1.0,0.5526492828786757,-0.9759539544166946,-0.014094416053529762,-0.6707585576253086,0.25771573955192784,-0.8983638059984782,0.43349334505337284,-0.9320164597944719,0.5602779235284292,-0.9202368077851656,0.06750417990373146,-0.5694513570557281,0.29110224609720997,-0.7506440679109929,0.42384139479717975,-0.8136948155696564,0.5266493115601544,-0.841089002002642,0.0,0.0,0.0,0.0,0.0,0.0,0.0,0.0,0.0,0.0,0.0,0.0,0.0,0.0,0.0,0.0,0.0,0.0,0.0,0.0,0.0,0.0,0.0,0.0,0.0,0.0,0.0,0.0,0.0,0.0,0.0,0.0,0.0,0.0,0.0,0.0,0.0,0.0,0.0,0.0,0.0,0.0,eat
0.0,0.0,0.22388253134202035,-0.1884087422636785,0.32449658808386084,-0.45434336042882584,0.41120003350201895,-0.6512140073704442,0.5001093223775854,-0.7872877470773897,-0.03644005783506427,-0.7315668365277802,0.2356655440551549,-0.9559351471443936,0.41262739583517005,-0.9772605046462011,0.5438276938268122,-0.9557120942288364,-0.06466374552571721,-0.7144552395394353,0.2391850193077425,-0.9757864158129529,0.417956420926419,-1.0,0.5537550914252464,-0.9765481459277414,-0.027144790436055225,-0.6634775095657081,0.27365264577786397,-0.9087978064993917,0.44400247738613724,-0.9406754183344207,0.5693039955565743,-0.9302417435155961,0.0568176608537725,-0.5936169837603371,0.3158449121012819,-0.7689652284308712,0.45475442138486766,-0.8198411298996703,0.5640261051258089,-0.8406115000088163,0.0,0.0,0.0,0.0,0.0,0.0,0.0,0.0,0.0,0.0,0.0,0.0,0.0,0.0,0.0,0.0,0.0,0.0,0.0,0.0,0.0,0.0,0.0,0.0,0.0,0.0,0.0,0.0,0.0,0.0,0.0,0.0,0.0,0.0,0.0,0.0,0.0,0.0,0.0,0.0,0.0,0.0,eat
0.0,0.0,0.19788659145968857,-0.24248659752709747,0.27670851734195484,-0.519818757828041,0.3558166949090105,-0.7178555176583269,0.4272352984515106,-0.8625337499620787,-0.10423331787588681,-0.739754963357184,0.13817483672169228,-0.9538720903523864,0.3183487113256855,-1.0,0.4507484582280566,-0.991678548675788,-0.1257000273033401,-0.7074148070780659,0.1460704859561153,-0.9701414139663086,0.3338487741667064,-0.9962642096549811,0.46852639972956694,-0.9731231120607088,-0.08021526300050706,-0.6447506078243572,0.17314868185541366,-0.9115696820244343,0.3546853398399071,-0.9570271429871587,0.48139689088631843,-0.946876801262021,0.016160977026189537,-0.5650135866621017,0.2340394641611157,-0.7722858096307115,0.37004086833289274,-0.8342279872237703,0.4740672442262103,-0.8534127008204003,0.0,0.0,0.0,0.0,0.0,0.0,0.0,0.0,0.0,0.0,0.0,0.0,0.0,0.0,0.0,0.0,0.0,0.0,0.0,0.0,0.0,0.0,0.0,0.0,0.0,0.0,0.0,0.0,0.0,0.0,0.0,0.0,0.0,0.0,0.0,0.0,0.0,0.0,0.0,0.0,0.0,0.0,eat
0.0,0.0,0.23081735314784768,-0.23959334817856456,0.338034421678409,-0.4867513843192888,0.4344602683306558,-0.6693481714757122,0.523865274653023,-0.7948318746549724,-0.024931924897189536,-0.7920198168773088,0.24785650929126574,-0.9807449139723872,0.4329862307969727,-0.9939066912531579,0.5628444183732332,-0.9596848297745835,-0.04395684485965408,-0.7520892167087715,0.25972789453210493,-0.9915456614915116,0.44648915893465235,-1.0,0.5788257853337031,-0.9606732811534975,0.006874854346306222,-0.674734367537325,0.30273394752302324,-0.9094151433764011,0.4862381073482122,-0.9337343258903372,0.6121183430169964,-0.9057550820401353,0.10590075788656601,-0.5788833822316228,0.35923805506795103,-0.7509824701625916,0.5046996853437161,-0.7943879354879299,0.6159917344020954,-0.8042285870240392,0.0,0.0,0.0,0.0,0.0,0.0,0.0,0.0,0.0,0.0,0.0,0.0,0.0,0.0,0.0,0.0,0.0,0.0,0.0,0.0,0.0,0.0,0.0,0.0,0.0,0.0,0.0,0.0,0.0,0.0,0.0,0.0,0.0,0.0,0.0,0.0,0.0,0.0,0.0,0.0,0.0,0.0,eat
0.0,0.0,0.19461284541448862,-0.2685230589199199,0.2738694668548586,-0.5238295535588186,0.35716062075263316,-0.709871566908281,0.44703702988935684,-0.8394244239546444,-0.10517943000304393,-0.7589842197740118,0.15657130751571752,-0.9695097506866402,0.34489693158861057,-0.9960621805291539,0.4818192743499615,-0.9706474989276043,-0.11970699254630161,-0.7212521195714627,0.17137124540887444,-0.9770687149059055,0.3633899458845883,-1.0,0.5003079025694513,-0.9724014909151197,-0.07138471066369233,-0.6474309434187361,0.2073236950764537,-0.9079130083133694,0.3903143150132767,-0.9446205210483425,0.5155637731135265,-0.9267582245513263,0.02496949483802658,-0.5590475547184972,0.2656795655328074,-0.7520537803154642,0.399379238594666,-0.7984470657586904,0.49844601310033326,-0.8053380305288468,0.0,0.0,0.0,0.0,0.0,0.0,0.0,0.0,0.0,0.0,0.0,0.0,0.0,0.0,0.0,0.0,0.0,0.0,0.0,0.0,0.0,0.0,0.0,0.0,0.0,0.0,0.0,0.0,0.0,0.0,0.0,0.0,0.0,0.0,0.0,0.0,0.0,0.0,0.0,0.0,0.0,0.0,eat
0.0,0.0,-0.04894199371830118,-0.2801542037134586,0.0058966829047619775,-0.5574305605103084,0.16152470857198375,-0.7205979910100966,0.3036978606094371,-0.778232349989905,-0.11331479538937272,-0.7234834281862771,0.12758391411469489,-0.928205252763234,0.27207892655513033,-0.9658377597197069,0.3681144960295352,-0.9556607396859758,-0.01633860299754531,-0.6774564736564861,0.19031418361445124,-0.9501596990613885,0.31460809971779413,-1.0,0.39984197079571726,-0.9950898610830693,0.10322601212316258,-0.6025337804502239,0.29212537135344957,-0.8616291884949882,0.39703414402365733,-0.9142479039498193,0.4588469408976848,-0.9236920844219031,0.23802048307448018,-0.5061401404805241,0.37813401817715364,-0.7257517772592788,0.44467326968647675,-0.8013048415229704,0.4915249059187326,-0.8444118231955297,0.0,0.0,0.0,0.0,0.0,0.0,0.0,0.0,0.0,0.0,0.0,0.0,0.0,0.0,0.0,0.0,0.0,0.0,0.0,0.0,0.0,0.0,0.0,0.0,0.0,0.0,0.0,0.0,0.0,0.0,0.0,0.0,0.0,0.0,0.0,0.0,0.0,0.0,0.0,0.0,0.0,0.0,eat
0.0,0.0,-0.0757041346248063,-0.31147047189086596,-0.045067700716019905,-0.5693454206299379,0.08512580248302493,-0.7152000900014879,0.21810427107867508,-0.7505082543703343,-0.1148321000468153,-0.7060751004351281,0.08494035586878654,-0.9382695036490523,0.18802109228418695,-0.939886627157949,0.234357342197996,-0.8793145370548465,0.0076624653875326165,-0.654369971439044,0.17495908198482313,-0.9563187939800618,0.2627785781942363,-1.0,0.3012456859165817,-0.9596368730289493,0.14055692049747598,-0.575892303058236,0.2918427078834771,-0.8666141657987088,0.35271183918766397,-0.8993082950161676,0.35944598277632817,-0.8651545448936857,0.2751762831562941,-0.47634920577316,0.35708652844663963,-0.7191496311027723,0.38244100003266185,-0.8016632129805372,0.3855772615595661,-0.8415516546846138,0.0,0.0,0.0,0.0,0.0,0.0,0.0,0.0,0.0,0.0,0.0,0.0,0.0,0.0,0.0,0.0,0.0,0.0,0.0,0.0,0.0,0.0,0.0,0.0,0.0,0.0,0.0,0.0,0.0,0.0,0.0,0.0,0.0,0.0,0.0,0.0,0.0,0.0,0.0,0.0,0.0,0.0,eat
0.0,0.0,-0.08404579803998194,-0.30124391617903057,-0.05734076333450062,-0.5400325147136692,0.06824435771598517,-0.6818755001124989,0.19602972000466912,-0.7203869961445872,-0.11413662608248451,-0.6507439305585866,0.07193821189375368,-0.8993996112444744,0.1827359050746299,-0.9219880328259887,0.23915773019554504,-0.8613492760316486,0.005920486130495317,-0.6204764877342387,0.15457650515887716,-0.9530380618388576,0.25242092512988124,-1.0,0.2979657157550874,-0.9447547609018181,0.13645691123753842,-0.5527900567907876,0.26709636163399125,-0.8647540165483314,0.33738312381474395,-0.8961508466175055,0.3499488256977891,-0.8519166256426393,0.2649560070172233,-0.45954760225133096,0.3269870431741939,-0.7172600348154426,0.3458190172165578,-0.8029506848897934,0.34166163382206904,-0.8355892319117874,0.0,0.0,0.0,0.0,0.0,0.0,0.0,0.0,0.0,0.0,0.0,0.0,0.0,0.0,0.0,0.0,0.0,0.0,0.0,0.0,0.0,0.0,0.0,0.0,0.0,0.0,0.0,0.0,0.0,0.0,0.0,0.0,0.0,0.0,0.0,0.0,0.0,0.0,0.0,0.0,0.0,0.0,eat
0.0,0.0,-0.07424436063749504,-0.3218789875565705,-0.04023495688807789,-0.5457819474312584,0.07729405391585356,-0.6583539132835053,0.20504823201567135,-0.6945673938156346,-0.08649653759513812,-0.6732999804074646,0.06809924703917405,-0.9093249453695362,0.1421087976491628,-0.9055352750748572,0.16483830817956643,-0.8330809445404416,0.04155920533744721,-0.651352335533683,0.18617614790728693,-0.9830910078273347,0.26359670217911046,-1.0,0.28668151516051693,-0.9273837890628259,0.1733620623763576,-0.57864567183538,0.3024631855593335,-0.8797579070232396,0.3402836211411133,-0.8771744960596307,0.32461560079825397,-0.8209833049569782,0.2965572210508608,-0.4721777653762184,0.32513044723383105,-0.682316885728123,0.31708699386089434,-0.7072150929944503,0.29605255472308606,-0.6904539627154386,0.0,0.0,0.0,0.0,0.0,0.0,0.0,0.0,0.0,0.0,0.0,0.0,0.0,0.0,0.0,0.0,0.0,0.0,0.0,0.0,0.0,0.0,0.0,0.0,0.0,0.0,0.0,0.0,0.0,0.0,0.0,0.0,0.0,0.0,0.0,0.0,0.0,0.0,0.0,0.0,0.0,0.0,eat
0.0,0.0,-0.09873359375227915,-0.30608026699262797,-0.08082110006097187,-0.5908750776735,0.030633261470151496,-0.7753853772525315,0.16291579025675285,-0.8250391649478822,-0.08947695467368379,-0.685484317975617,0.07397489213229438,-1.0,0.09840010823236994,-0.9286818697652437,0.08196614602326267,-0.8130245696231705,0.04067885180333799,-0.6182343828858659,0.19067604388808015,-0.976862778275342,0.19665580939433633,-0.9066313477118043,0.16120314428162588,-0.7762518196749528,0.17005081232623745,-0.5384910482202923,0.2784135497591757,-0.8315969234000717,0.2694305912521406,-0.7665087183945435,0.2303892645741742,-0.6673491967174376,0.28304460428086736,-0.44719988855858406,0.32649964554628175,-0.6923210446319954,0.3077354783374808,-0.641404424399252,0.284045060840595,-0.5597662939311105,0.0,0.0,0.0,0.0,0.0,0.0,0.0,0.0,0.0,0.0,0.0,0.0,0.0,0.0,0.0,0.0,0.0,0.0,0.0,0.0,0.0,0.0,0.0,0.0,0.0,0.0,0.0,0.0,0.0,0.0,0.0,0.0,0.0,0.0,0.0,0.0,0.0,0.0,0.0,0.0,0.0,0.0,eat
0.0,0.0,-0.09816992081680666,-0.32738034877690503,-0.0712610713054362,-0.5923557651912652,0.0403820161727254,-0.7446099365781156,0.15451080547821375,-0.7978597649131245,-0.06823085826700932,-0.6987004163419277,0.07168335269695117,-0.9943712715377996,0.11367789708212975,-0.9835846257703195,0.1121593500198465,-0.9068322666442609,0.0699973055115327,-0.6442014897913655,0.19163245438926377,-1.0,0.21060741158166474,-0.9682934037183941,0.1861494963044946,-0.8661284691539016,0.19994571185198276,-0.5628913165038867,0.2886445419224741,-0.8690728496967977,0.283110156772872,-0.8251878174353685,0.24555499943502662,-0.7442054011455922,0.3056315895453848,-0.46271718880831175,0.3251173768430446,-0.702105467493749,0.30503257288881036,-0.6824089016627601,0.281174941836714,-0.6237023720190411,0.0,0.0,0.0,0.0,0.0,0.0,0.0,0.0,0.0,0.0,0.0,0.0,0.0,0.0,0.0,0.0,0.0,0.0,0.0,0.0,0.0,0.0,0.0,0.0,0.0,0.0,0.0,0.0,0.0,0.0,0.0,0.0,0.0,0.0,0.0,0.0,0.0,0.0,0.0,0.0,0.0,0.0,eat
0.0,0.0,-0.08663254324881942,-0.320820806291259,-0.05830210324525384,-0.5643017637642636,0.0515240954658796,-0.673866691894362,0.17049083691626943,-0.6872823385527113,-0.06720306256935198,-0.6824404653143665,0.07690815468174682,-0.9698305907891362,0.10643804864687453,-0.9431772346916785,0.10043258211495291,-0.8676222225485732,0.06556849916956939,-0.6407068445037037,0.1941301892521138,-1.0,0.19461550362551353,-0.9472400776093162,0.16400876503031592,-0.8383561606407652,0.19117527021013328,-0.5670445925698745,0.2807596587293916,-0.8646573991316254,0.2651645372829704,-0.8044384578000198,0.22919423811278625,-0.7219152055721331,0.2921554959547459,-0.4656285743266989,0.3084464851251657,-0.6856047423513464,0.2839587718438428,-0.6494834868454532,0.2627253287996342,-0.5873796404985111,0.0,0.0,0.0,0.0,0.0,0.0,0.0,0.0,0.0,0.0,0.0,0.0,0.0,0.0,0.0,0.0,0.0,0.0,0.0,0.0,0.0,0.0,0.0,0.0,0.0,0.0,0.0,0.0,0.0,0.0,0.0,0.0,0.0,0.0,0.0,0.0,0.0,0.0,0.0,0.0,0.0,0.0,eat
0.0,0.0,-0.08660723718197026,-0.3224006238796714,-0.057486470584011955,-0.5638541595795855,0.05391885529978054,-0.6735059350280332,0.17418048269988645,-0.6888646299406856,-0.06814640932427965,-0.6824774532526156,0.07868959285423924,-0.9685167780485161,0.10645801615974164,-0.9363073831345303,0.10088060437830329,-0.8599840064165791,0.06557352108072588,-0.6414377404123117,0.19288148782036313,-1.0,0.19325124114378395,-0.9440740833177489,0.16573786728744655,-0.8344718818238975,0.19230642994704475,-0.5680539282572566,0.2797841173938596,-0.8681602900315667,0.26351804816742186,-0.8026146329322174,0.22949612690658866,-0.7168503239230571,0.29512281178000244,-0.4679285574355291,0.3093454084090419,-0.6916599172012391,0.2847611714906683,-0.6518602370045297,0.2657174223047923,-0.5880841991396013,0.0,0.0,0.0,0.0,0.0,0.0,0.0,0.0,0.0,0.0,0.0,0.0,0.0,0.0,0.0,0.0,0.0,0.0,0.0,0.0,0.0,0.0,0.0,0.0,0.0,0.0,0.0,0.0,0.0,0.0,0.0,0.0,0.0,0.0,0.0,0.0,0.0,0.0,0.0,0.0,0.0,0.0,eat
0.0,0.0,-0.07759028354146963,-0.33173807363861213,-0.04156493080352835,-0.5717704866501407,0.06836064059471189,-0.6834089085459504,0.1869159522752528,-0.6958957075852789,-0.05052435043001354,-0.7001786093425577,0.08951836829232648,-0.9671409821239001,0.11220489131783501,-0.8946253133073956,0.09478513799312309,-0.8007757890934559,0.07652955360761919,-0.660455436589892,0.20425591389251177,-1.0,0.20960506034527923,-0.9280320159486907,0.17880459958694436,-0.8143431367412722,0.1993131364379603,-0.5816091660853189,0.2865464977127526,-0.8677777302895525,0.2763821026683174,-0.7927711125755867,0.2392484551773961,-0.7059049999586393,0.29970885505276246,-0.47354706711189176,0.3180743899984283,-0.6939131507763405,0.29718412824026713,-0.6525782889349065,0.27571257613817785,-0.5902532102806186,0.0,0.0,0.0,0.0,0.0,0.0,0.0,0.0,0.0,0.0,0.0,0.0,0.0,0.0,0.0,0.0,0.0,0.0,0.0,0.0,0.0,0.0,0.0,0.0,0.0,0.0,0.0,0.0,0.0,0.0,0.0,0.0,0.0,0.0,0.0,0.0,0.0,0.0,0.0,0.0,0.0,0.0,eat
0.0,0.0,-0.09358143136850747,-0.3191484406744431,-0.0666485110607265,-0.5589512061428282,0.04870539638600324,-0.6837073307053471,0.17212313880418398,-0.7195372510280742,-0.08199619670759035,-0.6771914725888005,0.04872607778779214,-0.9793123416525865,0.09321577028141653,-0.9024578194989817,0.08246370066399465,-0.7877396479156449,0.05498333148533133,-0.6400424611771854,0.17389026900073376,-1.0,0.1974309180352599,-0.9219358765316837,0.1691512735051083,-0.7955905861039749,0.1861842327078281,-0.5672832041643654,0.26941679489715087,-0.8443437756453727,0.26716130554911555,-0.7580811274040392,0.22982407600189225,-0.6596185376267691,0.29522944364248493,-0.47054325350080517,0.3076109991689205,-0.6537363298541075,0.28922088814628943,-0.5984130586889521,0.26542893401103446,-0.5265199874451726,0.0,0.0,0.0,0.0,0.0,0.0,0.0,0.0,0.0,0.0,0.0,0.0,0.0,0.0,0.0,0.0,0.0,0.0,0.0,0.0,0.0,0.0,0.0,0.0,0.0,0.0,0.0,0.0,0.0,0.0,0.0,0.0,0.0,0.0,0.0,0.0,0.0,0.0,0.0,0.0,0.0,0.0,eat
0.0,0.0,-0.10701862014578416,-0.29625842261902663,-0.09369007440024187,-0.555671564899887,0.01224164820814308,-0.713335311325934,0.1317096410225329,-0.7644401094614528,-0.0989415038052866,-0.6614792518677582,0.027271103149025297,-0.9717882345147493,0.07887944370015229,-0.9329530983186828,0.08484178760728907,-0.8530681554702184,0.03693989275145583,-0.628674996317692,0.14977391685524546,-1.0,0.16787043490701203,-0.9291622590554827,0.14526670129328298,-0.8027547892909319,0.16897072265560306,-0.5657832885935838,0.24448834241166162,-0.8576500743156721,0.23778213703542134,-0.7824383151731531,0.2102516866380492,-0.6849001407381671,0.2796862743992552,-0.4812995129486866,0.289192971971469,-0.6970299102080627,0.2629837478073529,-0.6479396341089555,0.24452111319168368,-0.5755303052192929,0.0,0.0,0.0,0.0,0.0,0.0,0.0,0.0,0.0,0.0,0.0,0.0,0.0,0.0,0.0,0.0,0.0,0.0,0.0,0.0,0.0,0.0,0.0,0.0,0.0,0.0,0.0,0.0,0.0,0.0,0.0,0.0,0.0,0.0,0.0,0.0,0.0,0.0,0.0,0.0,0.0,0.0,eat
0.0,0.0,-0.1070514505336361,-0.3123135577032176,-0.09376261200900238,-0.5691723362359805,0.014400311090237712,-0.7109690188018574,0.13330399806968937,-0.7531069527088261,-0.10962501849162885,-0.6670961033290677,0.01616473563792888,-0.9708144646906836,0.051114093709111956,-0.875255471726838,0.03739438227905915,-0.7472438496483359,0.020706674652177848,-0.63051283929446,0.13556895330917573,-1.0,0.14787055428926796,-0.9091403941912587,0.119819830494599,-0.7724973106349486,0.15364640558641085,-0.5591035545578454,0.2365386327828214,-0.8788126866218272,0.23042993216624225,-0.7891957900844655,0.19740460114813266,-0.6803809921854017,0.27065335413013225,-0.46007208503707664,0.2796144333805857,-0.6879338351566439,0.25663364743968137,-0.6293440965385108,0.23927431667147808,-0.5537355962778326,0.0,0.0,0.0,0.0,0.0,0.0,0.0,0.0,0.0,0.0,0.0,0.0,0.0,0.0,0.0,0.0,0.0,0.0,0.0,0.0,0.0,0.0,0.0,0.0,0.0,0.0,0.0,0.0,0.0,0.0,0.0,0.0,0.0,0.0,0.0,0.0,0.0,0.0,0.0,0.0,0.0,0.0,eat
0.0,0.0,-0.10142637165187154,-0.3182716239255323,-0.08023279585723905,-0.5650446104533067,0.034525321144623394,-0.7045266903113635,0.15616303212290242,-0.7435918307634887,-0.11580130952358623,-0.6815892087154027,0.030747733841488004,-0.9726815599498098,0.1128495360775436,-0.9795015107723414,0.14700293151728058,-0.9391305978757284,0.018192287277440072,-0.647828932931461,0.15008805805266978,-1.0,0.21169418441738205,-0.9851218464620168,0.22141264247305273,-0.912795707193377,0.15450596525317392,-0.5769784928287548,0.25581248792601247,-0.8747096147389862,0.28291973869546544,-0.8389931185304527,0.26636895104947567,-0.7688887805225716,0.275555872318637,-0.4803843419840914,0.28955588357206224,-0.6937864212419655,0.28361182434903626,-0.6815078089393459,0.2692033137586253,-0.6356624797672792,0.0,0.0,0.0,0.0,0.0,0.0,0.0,0.0,0.0,0.0,0.0,0.0,0.0,0.0,0.0,0.0,0.0,0.0,0.0,0.0,0.0,0.0,0.0,0.0,0.0,0.0,0.0,0.0,0.0,0.0,0.0,0.0,0.0,0.0,0.0,0.0,0.0,0.0,0.0,0.0,0.0,0.0,eat
0.0,0.0,-0.11584377789058735,-0.2906489217624927,-0.09166017604401283,-0.5426861831290238,0.05144275087554682,-0.7013735684740836,0.18509801909251017,-0.7525036698744088,-0.14394612752653213,-0.6344893055919539,0.012495349659769197,-0.9348248631471303,0.059606090983562995,-0.8685926558528312,0.06206202041934615,-0.7569434390342686,0.001940039475203378,-0.6065495116913677,0.12174306664052091,-0.9473286429803228,0.1666020353370878,-1.0,0.18130114228849886,-0.9999563830157663,0.14473104997809988,-0.563644327317977,0.23430420830592,-0.8644431778821572,0.2400818093351342,-0.8563769680331489,0.2148686267430758,-0.8102107726620472,0.2729332788426471,-0.5101284868388499,0.28569252958349445,-0.7581775431175881,0.2668298332841573,-0.7868207067051034,0.2484227328789592,-0.7896631412658822,0.0,0.0,0.0,0.0,0.0,0.0,0.0,0.0,0.0,0.0,0.0,0.0,0.0,0.0,0.0,0.0,0.0,0.0,0.0,0.0,0.0,0.0,0.0,0.0,0.0,0.0,0.0,0.0,0.0,0.0,0.0,0.0,0.0,0.0,0.0,0.0,0.0,0.0,0.0,0.0,0.0,0.0,eat
0.0,0.0,-0.11591115093297771,-0.2840640678929751,-0.0984701904057415,-0.5409216810714993,0.04150753630479207,-0.7015103865118972,0.17815673460032358,-0.7502493000992735,-0.1529400295588058,-0.6377520721675416,0.003977452852514061,-0.9430081368575686,0.058352595176824465,-0.8931094196740197,0.06555346110397525,-0.8033398027329244,-0.011174597882660769,-0.6145217679916533,0.10235759755075675,-0.941179315980062,0.15173334266038183,-1.0,0.17359026375206324,-0.9990180552806226,0.13313257853697308,-0.5733697633956013,0.22603295821730335,-0.8571238805681364,0.2434839651664506,-0.8830503467131828,0.22988520288563005,-0.8699155802887714,0.2701812151258928,-0.5195317325538302,0.2930589643106443,-0.7625081673689239,0.28140734743206014,-0.8204641149251132,0.2661981809278726,-0.852771547342461,0.0,0.0,0.0,0.0,0.0,0.0,0.0,0.0,0.0,0.0,0.0,0.0,0.0,0.0,0.0,0.0,0.0,0.0,0.0,0.0,0.0,0.0,0.0,0.0,0.0,0.0,0.0,0.0,0.0,0.0,0.0,0.0,0.0,0.0,0.0,0.0,0.0,0.0,0.0,0.0,0.0,0.0,eat
0.0,0.0,-0.10757947022949277,-0.2653136994988945,-0.09386438241969215,-0.5013435052390721,0.029818370855309605,-0.6372186848938425,0.1557299401571788,-0.6586645783946276,-0.13060502940288804,-0.5929584636841426,0.012504869458622565,-0.8445060540832322,0.06139789027796798,-0.7996767876065132,0.06980476960979183,-0.7060568752767116,0.007562452053282846,-0.5647328877584802,0.12517018176209918,-0.8472273003455487,0.18573361634914914,-0.9516444477535343,0.22504942583598467,-1.0,0.14083321921405276,-0.5094676900617839,0.23345431085028392,-0.7498680426571223,0.2575577986457254,-0.8212446668625529,0.25415349863123343,-0.8524131906820167,0.2581843467347039,-0.4337560843303813,0.2737814055152186,-0.6053760817510639,0.26120041960440715,-0.6655915079300713,0.24764122094777946,-0.7045495036143681,0.0,0.0,0.0,0.0,0.0,0.0,0.0,0.0,0.0,0.0,0.0,0.0,0.0,0.0,0.0,0.0,0.0,0.0,0.0,0.0,0.0,0.0,0.0,0.0,0.0,0.0,0.0,0.0,0.0,0.0,0.0,0.0,0.0,0.0,0.0,0.0,0.0,0.0,0.0,0.0,0.0,0.0,eat
0.0,0.0,-0.08695597305582457,-0.301669985051045,-0.0603231440544191,-0.5312255042297682,0.06358768431095269,-0.6658039588409764,0.19798639810949442,-0.699411344331476,-0.12655592084625653,-0.6520455838565707,0.05083996829927332,-0.8880732145445472,0.15554503111300846,-0.8892836255939379,0.216921741174672,-0.8288272533945233,-0.0022659601548691553,-0.632834409855205,0.13654857256589115,-0.9443996945307593,0.22550477061322446,-1.0,0.28024369032226426,-0.9776057730513535,0.13196220719554574,-0.5755322455378487,0.2511779603510156,-0.8645810723008771,0.31809057927381107,-0.8963932130446038,0.3422068566162287,-0.8771622080608977,0.26542778313414617,-0.49014328065022544,0.32807529860050955,-0.7232590020040109,0.3535496376699245,-0.7976331181731843,0.364570615964734,-0.8392496965859702,0.0,0.0,0.0,0.0,0.0,0.0,0.0,0.0,0.0,0.0,0.0,0.0,0.0,0.0,0.0,0.0,0.0,0.0,0.0,0.0,0.0,0.0,0.0,0.0,0.0,0.0,0.0,0.0,0.0,0.0,0.0,0.0,0.0,0.0,0.0,0.0,0.0,0.0,0.0,0.0,0.0,0.0,eat
0.0,0.0,-0.07726495505200867,-0.2985492713467533,-0.04515897205152688,-0.5509605920895874,0.07674502577078816,-0.6956895203459944,0.19970672629642058,-0.7358843223827456,-0.12266132415421396,-0.683643675599117,0.055743346672120206,-0.9062209923371661,0.16954313051309602,-0.9409883764665872,0.239258439491393,-0.9234178457503479,-0.011194049433868388,-0.6391459864153605,0.1310841085329632,-0.9066824908041444,0.22361052748330085,-0.9867043656215482,0.28134944391009215,-1.0,0.11419987747023265,-0.5633335794191977,0.24253738784869988,-0.8067626494840419,0.31186712343002176,-0.8643156019720925,0.34349866221426195,-0.8709074375428828,0.2441624292663504,-0.4607031781114671,0.31291258015430634,-0.6347090932692251,0.33419049355144237,-0.7012691382784463,0.34466255505004934,-0.7389097789740738,0.0,0.0,0.0,0.0,0.0,0.0,0.0,0.0,0.0,0.0,0.0,0.0,0.0,0.0,0.0,0.0,0.0,0.0,0.0,0.0,0.0,0.0,0.0,0.0,0.0,0.0,0.0,0.0,0.0,0.0,0.0,0.0,0.0,0.0,0.0,0.0,0.0,0.0,0.0,0.0,0.0,0.0,eat
0.0,0.0,-0.07586856592492969,-0.2734582408754384,-0.05145305224093459,-0.5097940490829458,0.05840528532220224,-0.6482906777624073,0.17392889646494952,-0.6788268559261502,-0.13171438100324706,-0.6409160309495827,0.04829557334207285,-0.8597953579705646,0.1696962598791268,-0.9019908350669011,0.2534217212110168,-0.88736359096208,-0.022095722861235133,-0.613830216537608,0.12548441590805012,-0.8943146341455123,0.23064690665659446,-0.9805788275018706,0.3022241910309581,-1.0,0.09731358465562147,-0.5587913221770778,0.23221808175550046,-0.8199596182671756,0.3156028923356641,-0.8657734046954728,0.3570133768314652,-0.8626103162782444,0.22061555794819457,-0.47946185340526665,0.31378744820969673,-0.6897528378213447,0.3596581797486868,-0.7737762835682929,0.3874273354889749,-0.8278476210032607,0.0,0.0,0.0,0.0,0.0,0.0,0.0,0.0,0.0,0.0,0.0,0.0,0.0,0.0,0.0,0.0,0.0,0.0,0.0,0.0,0.0,0.0,0.0,0.0,0.0,0.0,0.0,0.0,0.0,0.0,0.0,0.0,0.0,0.0,0.0,0.0,0.0,0.0,0.0,0.0,0.0,0.0,eat
0.0,0.0,-0.08925103772983631,-0.2698955286421571,-0.06993505797862026,-0.5098830121489991,0.04114763224020818,-0.6500518017376635,0.15967716126477605,-0.6818518985608067,-0.14091157497623494,-0.6396972174872902,0.038509065982124335,-0.8602895608650076,0.1600000745836537,-0.8879797593524511,0.23669631027884794,-0.8563979892246961,-0.03357586581451452,-0.6110608236476288,0.1179348938945821,-0.8946553353755694,0.22319700797502667,-0.9846205115896217,0.2908284481040157,-1.0,0.08486755299168595,-0.5547491480512647,0.22734453715418612,-0.8187017155596419,0.30526631788638064,-0.8672431305064773,0.3376618973810289,-0.8539733424460998,0.20814365354129968,-0.47563385935150193,0.2999518935433609,-0.685433270005031,0.34373809204165295,-0.7662477099428147,0.36767113897375603,-0.8076179065860078,0.0,0.0,0.0,0.0,0.0,0.0,0.0,0.0,0.0,0.0,0.0,0.0,0.0,0.0,0.0,0.0,0.0,0.0,0.0,0.0,0.0,0.0,0.0,0.0,0.0,0.0,0.0,0.0,0.0,0.0,0.0,0.0,0.0,0.0,0.0,0.0,0.0,0.0,0.0,0.0,0.0,0.0,eat
0.0,0.0,-0.06314580479646156,-0.28435888116204455,-0.04364761006974637,-0.5486129343424629,0.07169991874990402,-0.706114892462463,0.203315201373719,-0.7457127959028305,-0.12785024385998656,-0.712506664189916,0.10655939118739959,-0.9403714979636283,0.24912954161343237,-0.9491499455529285,0.3362240133159473,-0.9109185209996029,-0.027233042973329347,-0.6807880454854273,0.1809467427926192,-0.9806060189427541,0.3082932872501706,-1.0,0.3864886429039998,-0.9614712922421882,0.09702530307894716,-0.6150270260782824,0.2785245611507529,-0.894318928932128,0.38733368778169686,-0.93008250066002,0.44402318150803394,-0.9257486746580877,0.23598838072434716,-0.5213224824354259,0.36438346096155944,-0.7582714572288818,0.4296574185871844,-0.8398320002515755,0.4711324478949936,-0.8913519474792359,0.0,0.0,0.0,0.0,0.0,0.0,0.0,0.0,0.0,0.0,0.0,0.0,0.0,0.0,0.0,0.0,0.0,0.0,0.0,0.0,0.0,0.0,0.0,0.0,0.0,0.0,0.0,0.0,0.0,0.0,0.0,0.0,0.0,0.0,0.0,0.0,0.0,0.0,0.0,0.0,0.0,0.0,eat
0.0,0.0,-0.067316210156371,-0.2922428230444216,-0.04550326623309889,-0.5449315125995684,0.06651068889799192,-0.6997638440371886,0.1908810361623317,-0.738571440978379,-0.1225839790289452,-0.7080372638621306,0.10426832180899955,-0.9173291288935337,0.24483178139615,-0.9446622094007877,0.3397752718724714,-0.9243613367165708,-0.0246751498501137,-0.6729428087143938,0.1793609241854682,-0.9531031747525175,0.3007516389064597,-1.0,0.38382870840130445,-0.9913401036683424,0.09347140580467449,-0.6030046739050194,0.279463767465626,-0.859762222862329,0.38021580442841285,-0.9053678981323197,0.4379540556149826,-0.913574010251036,0.2241596307195266,-0.5047082826113074,0.35425131394774895,-0.7258586074976442,0.41694048117048826,-0.8028119422688053,0.460471378302601,-0.8548161920629016,0.0,0.0,0.0,0.0,0.0,0.0,0.0,0.0,0.0,0.0,0.0,0.0,0.0,0.0,0.0,0.0,0.0,0.0,0.0,0.0,0.0,0.0,0.0,0.0,0.0,0.0,0.0,0.0,0.0,0.0,0.0,0.0,0.0,0.0,0.0,0.0,0.0,0.0,0.0,0.0,0.0,0.0,eat
0.0,0.0,0.07159011483050025,-0.24058423216096114,0.13844172781403924,-0.5197941010741263,0.25402097140386265,-0.7221829035351304,0.35350864057134423,-0.8513387494265432,-0.12507839837026585,-0.7401586017794828,0.12093706052518945,-0.9688387302045259,0.2808580195903477,-1.0,0.3816322824442937,-0.9791585735871909,-0.08241375813137096,-0.7214656476922778,0.146553236017447,-0.9526468351589368,0.2875247643655288,-0.9885898105734275,0.3921514856056382,-0.9788685957272933,-0.0014539167697638035,-0.6741183409897984,0.20480638302780088,-0.8817783697752268,0.3253172639710198,-0.9235113829124688,0.4110976211197612,-0.9359251447051764,0.10322021877950809,-0.6040582987306512,0.2622132120796282,-0.789179505448618,0.34467658132213064,-0.8532649786196248,0.40657641960089236,-0.8905047994631016,0.0,0.0,0.0,0.0,0.0,0.0,0.0,0.0,0.0,0.0,0.0,0.0,0.0,0.0,0.0,0.0,0.0,0.0,0.0,0.0,0.0,0.0,0.0,0.0,0.0,0.0,0.0,0.0,0.0,0.0,0.0,0.0,0.0,0.0,0.0,0.0,0.0,0.0,0.0,0.0,0.0,0.0,eat
0.0,0.0,-0.03992614249720076,-0.2843796665621022,-0.0002655044752481732,-0.5575467460910187,0.13633050116155881,-0.7294317757690978,0.27591626952630055,-0.7952850721736797,-0.15352968384687146,-0.6903280087313203,0.09698653350882305,-0.9389514601257676,0.2567199424560448,-0.9701094429169099,0.3635956338933301,-0.9381610866072994,-0.07975944215407298,-0.6566612226155484,0.15164101115714182,-0.9630742255251202,0.29801156311992133,-1.0,0.3953674213542998,-0.9623657174370017,0.026118421321925756,-0.6047034666660713,0.24582700271681593,-0.8856812524815458,0.3727206524525953,-0.9319538264088203,0.44922036201637533,-0.9174528538847193,0.158574454934383,-0.537130251992958,0.32938537295471315,-0.7568440430061433,0.4200818505457261,-0.8202067697501281,0.48390544245102124,-0.8461603438645767,0.0,0.0,0.0,0.0,0.0,0.0,0.0,0.0,0.0,0.0,0.0,0.0,0.0,0.0,0.0,0.0,0.0,0.0,0.0,0.0,0.0,0.0,0.0,0.0,0.0,0.0,0.0,0.0,0.0,0.0,0.0,0.0,0.0,0.0,0.0,0.0,0.0,0.0,0.0,0.0,0.0,0.0,eat
0.0,0.0,0.039555680811598305,-0.24983674244023366,0.08550531495112162,-0.5322318154659011,0.20573324038016477,-0.7419005423916272,0.32082516094704217,-0.8668928882078408,-0.1430453800867994,-0.7258687831388124,0.10158689771081904,-0.9669038798059242,0.2626940597068172,-1.0,0.37151031023310177,-0.9756610267217539,-0.08276293024594937,-0.6873662419497955,0.1564328803197528,-0.9406225504234808,0.31113068553722484,-0.9765825714330267,0.4302122899758527,-0.9652410678052289,0.007506044428115519,-0.6211131484234663,0.22299023953696848,-0.8556103360576522,0.3537664859708795,-0.9149927299516484,0.4552942420380324,-0.9239331969462374,0.11465434847017113,-0.5421596246274172,0.2790074548897588,-0.732216526114934,0.36727112849482424,-0.8145656550212776,0.4428277160181814,-0.8589705702813811,0.0,0.0,0.0,0.0,0.0,0.0,0.0,0.0,0.0,0.0,0.0,0.0,0.0,0.0,0.0,0.0,0.0,0.0,0.0,0.0,0.0,0.0,0.0,0.0,0.0,0.0,0.0,0.0,0.0,0.0,0.0,0.0,0.0,0.0,0.0,0.0,0.0,0.0,0.0,0.0,0.0,0.0,eat
0.0,0.0,0.0727300612662151,-0.29203834668692413,0.1583853539573061,-0.5588778085208208,0.2961254824145863,-0.735946461748756,0.4318313734805423,-0.8254641812879706,-0.07457963305584249,-0.7472371110213485,0.17817567491389724,-0.9674751391503905,0.33932032173024285,-0.9897415342484712,0.4547571219691029,-0.9628324515388865,-0.030059672259377807,-0.6986028006190769,0.21037124783795458,-0.9757415490217194,0.3627569135885503,-1.0,0.4752518935999568,-0.9683506484872777,0.05268490177928223,-0.6107474602648222,0.2724472701953218,-0.883636955979997,0.40837145544096787,-0.9245522442313382,0.5005182299938147,-0.9182378469623674,0.16203434624683688,-0.4992626982871196,0.3293810358923839,-0.7068497720060166,0.42580272193209207,-0.7771218369212239,0.49907997653386166,-0.8133913274035589,0.0,0.0,0.0,0.0,0.0,0.0,0.0,0.0,0.0,0.0,0.0,0.0,0.0,0.0,0.0,0.0,0.0,0.0,0.0,0.0,0.0,0.0,0.0,0.0,0.0,0.0,0.0,0.0,0.0,0.0,0.0,0.0,0.0,0.0,0.0,0.0,0.0,0.0,0.0,0.0,0.0,0.0,eat
0.0,0.0,0.10494828316965639,-0.28018529795321395,0.1846204843852472,-0.5422944326004913,0.31294154145112196,-0.7211029057474223,0.43965204597175167,-0.821953008966581,-0.08653606672442332,-0.7399826571157664,0.1728826566788178,-0.9503288832112062,0.33366104472803726,-0.972932627701186,0.45244728911175913,-0.9546578514287621,-0.04580670429985156,-0.6892763695456411,0.19694362450391445,-0.9762522448230537,0.3555527617331603,-1.0,0.48353299894854296,-0.9635449872272002,0.03150319429234001,-0.5984208680260532,0.24923146712617764,-0.8785525404783157,0.39324195547971186,-0.9155926670503869,0.4949599973624198,-0.9125785166709766,0.13415968244170015,-0.4826823396130781,0.3129733195257599,-0.6841751941143828,0.41764692096276446,-0.7560528294601818,0.4969727411648015,-0.7953043128011221,0.0,0.0,0.0,0.0,0.0,0.0,0.0,0.0,0.0,0.0,0.0,0.0,0.0,0.0,0.0,0.0,0.0,0.0,0.0,0.0,0.0,0.0,0.0,0.0,0.0,0.0,0.0,0.0,0.0,0.0,0.0,0.0,0.0,0.0,0.0,0.0,0.0,0.0,0.0,0.0,0.0,0.0,eat
0.0,0.0,0.07451359484033254,-0.27905336311365914,0.1497878885323409,-0.5421833980102482,0.28163442601435434,-0.722308638739615,0.4144754032774483,-0.8189203667056169,-0.06623155300328347,-0.7271896410143761,0.18819634079467157,-0.9435461135762838,0.34845340427109506,-0.9713408640603198,0.4654802910203436,-0.951687990157108,-0.019471075402563737,-0.6733035345038487,0.22576598230864667,-0.968497908226848,0.3879802047800516,-1.0,0.5069924025276534,-0.9641696368351914,0.06448890434385413,-0.5820026224978916,0.28802889585067226,-0.875665289333206,0.43580986374826874,-0.9215106285707941,0.532937249184484,-0.9175392135599081,0.17298652708559756,-0.47229267932925273,0.3407050609768428,-0.690907656274348,0.4402358741375475,-0.7778144767117509,0.5153077509602411,-0.8289337567500376,0.0,0.0,0.0,0.0,0.0,0.0,0.0,0.0,0.0,0.0,0.0,0.0,0.0,0.0,0.0,0.0,0.0,0.0,0.0,0.0,0.0,0.0,0.0,0.0,0.0,0.0,0.0,0.0,0.0,0.0,0.0,0.0,0.0,0.0,0.0,0.0,0.0,0.0,0.0,0.0,0.0,0.0,eat
0.0,0.0,0.07653086067379523,-0.2869641052397807,0.1432898575222707,-0.5446223178293316,0.2648294055728265,-0.71541626370355,0.38659875641260627,-0.8137132686665778,-0.0725881890471359,-0.7109072994154181,0.1779564297078595,-0.9262216264811988,0.33946563033064286,-0.9548858131515285,0.46123735639305025,-0.9335404791378259,-0.026582304037205486,-0.6641961712202983,0.21053161836981346,-0.9655992548134876,0.372688463029066,-1.0,0.4971798190001184,-0.9664048511546947,0.05921232075481408,-0.5809857886471484,0.276851001096957,-0.875696682486969,0.4300647366927163,-0.9265980992676793,0.5336907515560677,-0.9309281301178625,0.17408798378831383,-0.47907290310398054,0.34149981057599543,-0.6943219115475011,0.4422177612022427,-0.784688048156847,0.5182923811963126,-0.8444894241233152,0.0,0.0,0.0,0.0,0.0,0.0,0.0,0.0,0.0,0.0,0.0,0.0,0.0,0.0,0.0,0.0,0.0,0.0,0.0,0.0,0.0,0.0,0.0,0.0,0.0,0.0,0.0,0.0,0.0,0.0,0.0,0.0,0.0,0.0,0.0,0.0,0.0,0.0,0.0,0.0,0.0,0.0,eat
0.0,0.0,0.10713544069915758,-0.2558096648392287,0.18850424206506666,-0.535386400094255,0.30080006399251,-0.7233123847179266,0.4057237438613096,-0.8413813240381323,-0.05694210372224413,-0.7319218203820085,0.18722951441742583,-0.9624099169476519,0.351762966068602,-1.0,0.4685615122092114,-0.9846618937606121,-0.031379184387088484,-0.6620190661428003,0.21503453585925114,-0.9359523240038505,0.37731898965914135,-0.9789372436014385,0.5003150370183274,-0.9695030768812478,0.037604465605405,-0.5733094491009328,0.25652918653462037,-0.8419676593517921,0.3985909826514887,-0.9137492084670287,0.5037737454965863,-0.934869889120367,0.13903653444306224,-0.47752361595509807,0.3061755924528242,-0.6909595211910172,0.40327240516085405,-0.7835303611754605,0.4799562376344522,-0.8369755342921439,0.0,0.0,0.0,0.0,0.0,0.0,0.0,0.0,0.0,0.0,0.0,0.0,0.0,0.0,0.0,0.0,0.0,0.0,0.0,0.0,0.0,0.0,0.0,0.0,0.0,0.0,0.0,0.0,0.0,0.0,0.0,0.0,0.0,0.0,0.0,0.0,0.0,0.0,0.0,0.0,0.0,0.0,eat
0.0,0.0,0.16154581689552178,-0.2754506254013884,0.25717463327115,-0.5359760237316126,0.3701605553686657,-0.7019554114804734,0.49395761338267224,-0.7992937602577042,-0.05507487486875236,-0.7850539771858467,0.21695485081093205,-0.9893538028685892,0.38503134652435855,-1.0,0.4991814224695964,-0.9574735211066597,-0.03390378910670051,-0.7281030000917459,0.2515414334791074,-0.9788543992171015,0.4253687676483481,-0.9689450238029705,0.5525139402835968,-0.9157022131155896,0.038942067545388745,-0.6374021631650305,0.30108810666992875,-0.869067147823073,0.4658213808781104,-0.8860560465661539,0.5797514704832971,-0.8634233462797027,0.14679286828343374,-0.5242292832604463,0.34652558182207405,-0.7199343506937012,0.4633042804570986,-0.7805751450095314,0.5510123653118851,-0.8089421694853054,0.0,0.0,0.0,0.0,0.0,0.0,0.0,0.0,0.0,0.0,0.0,0.0,0.0,0.0,0.0,0.0,0.0,0.0,0.0,0.0,0.0,0.0,0.0,0.0,0.0,0.0,0.0,0.0,0.0,0.0,0.0,0.0,0.0,0.0,0.0,0.0,0.0,0.0,0.0,0.0,0.0,0.0,eat
0.0,0.0,0.16255529823556877,-0.26681015238114714,0.2605277530682426,-0.5288436960011451,0.3847717691004707,-0.7077496770719371,0.5063113691127402,-0.814511483969476,-0.06853146972315095,-0.7696598434267524,0.20678430109505844,-0.9865200965205566,0.3838057540838897,-1.0,0.5057952380465494,-0.967759168941648,-0.04132137221421293,-0.7089399950240108,0.23812259508058717,-0.988806580575238,0.4133085130312976,-0.9990691321670433,0.5448904089513273,-0.9648327931317717,0.035707834456339106,-0.6166477510914798,0.28859778500318667,-0.8816477170093624,0.45036578632557284,-0.9269011005115726,0.565551414578285,-0.9318907225068079,0.15062165782235717,-0.5078035268175142,0.3514369020718519,-0.7153887576727367,0.4616401507792876,-0.7969153127545509,0.5445809007222001,-0.8486596355258359,0.0,0.0,0.0,0.0,0.0,0.0,0.0,0.0,0.0,0.0,0.0,0.0,0.0,0.0,0.0,0.0,0.0,0.0,0.0,0.0,0.0,0.0,0.0,0.0,0.0,0.0,0.0,0.0,0.0,0.0,0.0,0.0,0.0,0.0,0.0,0.0,0.0,0.0,0.0,0.0,0.0,0.0,eat
0.0,0.0,0.15434271306732456,-0.25763419515039576,0.2637021705424337,-0.5295292505026796,0.4000819310190317,-0.7089607873019512,0.5178535375573615,-0.8197725990889896,-0.0577698350568372,-0.7685442199554785,0.2154675082940503,-0.9865532397487449,0.3957839174663299,-1.0,0.5200227340124881,-0.9650857496905335,-0.037624660411773925,-0.7093454766652902,0.24257399734364612,-0.9858993546683965,0.42401125932795725,-0.9964440114156351,0.5607034170922781,-0.9598355648355713,0.03559657461475705,-0.6188839927108747,0.29256451036555475,-0.884435147061186,0.4639023740022934,-0.9337635254565798,0.5855204399873738,-0.9381436002843054,0.1521411697074928,-0.5089861438017469,0.36055618440253967,-0.7229172826689626,0.4783866232306352,-0.8046681142449256,0.5670188788693086,-0.8536595638074174,0.0,0.0,0.0,0.0,0.0,0.0,0.0,0.0,0.0,0.0,0.0,0.0,0.0,0.0,0.0,0.0,0.0,0.0,0.0,0.0,0.0,0.0,0.0,0.0,0.0,0.0,0.0,0.0,0.0,0.0,0.0,0.0,0.0,0.0,0.0,0.0,0.0,0.0,0.0,0.0,0.0,0.0,eat
0.0,0.0,0.07072886826252259,-0.2256512716373186,0.14547278134288058,-0.49980095892447274,0.26015025501612904,-0.6887938194806623,0.3679339368393117,-0.8051497049237051,-0.058036850313552685,-0.7284831978258332,0.20375990271342537,-0.9589555466532965,0.37523588886957265,-1.0,0.4979293849294832,-0.9904808815588023,-0.013462147342465708,-0.6426519829782088,0.25570920350816195,-0.9064057632889312,0.4243782485897058,-0.9581383864571444,0.5517888921642483,-0.9591121760228569,0.06644087682212867,-0.5354515670915396,0.3026948649922021,-0.7932307557933971,0.4465371052037064,-0.8768397652155144,0.5567134791120248,-0.9094883804523187,0.16425003926232187,-0.42724124870140395,0.3319389960099403,-0.6389844202067844,0.43093820572448854,-0.7425239920081229,0.5139066304193551,-0.8105137359338008,0.0,0.0,0.0,0.0,0.0,0.0,0.0,0.0,0.0,0.0,0.0,0.0,0.0,0.0,0.0,0.0,0.0,0.0,0.0,0.0,0.0,0.0,0.0,0.0,0.0,0.0,0.0,0.0,0.0,0.0,0.0,0.0,0.0,0.0,0.0,0.0,0.0,0.0,0.0,0.0,0.0,0.0,eat
0.0,0.0,0.059935009320368784,-0.18208939028123874,0.1295903300689436,-0.46719772745769017,0.2244240167107818,-0.6579928459872034,0.31856458569895013,-0.7814390959436049,-0.010870921612016882,-0.7048043497637936,0.17626154388711696,-0.9062518165999449,0.3351920461019156,-0.9778648023345489,0.46877637703120095,-1.0,0.03920891190023136,-0.6661250130795197,0.23998670733266936,-0.8729596918271411,0.39745075318655854,-0.9406220813294217,0.529088657828141,-0.9598972240415135,0.10308463514922278,-0.6001596670244965,0.29609028937710485,-0.7969031572991471,0.4362110860070455,-0.8621124102357414,0.5518904265667327,-0.8731441614962195,0.1727998310319838,-0.5203660715323771,0.3255000251901859,-0.6980053248177587,0.4368960652929619,-0.7794114797490282,0.5341869576843631,-0.8216019408069385,0.0,0.0,0.0,0.0,0.0,0.0,0.0,0.0,0.0,0.0,0.0,0.0,0.0,0.0,0.0,0.0,0.0,0.0,0.0,0.0,0.0,0.0,0.0,0.0,0.0,0.0,0.0,0.0,0.0,0.0,0.0,0.0,0.0,0.0,0.0,0.0,0.0,0.0,0.0,0.0,0.0,0.0,eat
0.0,0.0,0.024801189667090717,-0.28144182406768886,0.1085660428714992,-0.5556834901327172,0.25427142433921446,-0.7191718469797344,0.38690196117482945,-0.7974993423471196,-0.06545347344451609,-0.7471223018597677,0.20820896017818452,-0.9697537764212564,0.38222494964909964,-1.0,0.4961007615495879,-0.9695940310843679,-0.010214365794415635,-0.6743024937699319,0.24505204378598938,-0.960503069185083,0.41671583503659204,-0.9945006111815097,0.5294035150612882,-0.9567015450900922,0.08112760291541464,-0.5761400215593966,0.3054092260608128,-0.8446723477917385,0.4589904675600788,-0.8845812970989417,0.5580149422053818,-0.8699303676300347,0.1987360617007028,-0.47235451349039,0.3591564782335568,-0.6849054349097916,0.4600086884866349,-0.7498006295211043,0.5353755011231964,-0.7692862412378645,0.0,0.0,0.0,0.0,0.0,0.0,0.0,0.0,0.0,0.0,0.0,0.0,0.0,0.0,0.0,0.0,0.0,0.0,0.0,0.0,0.0,0.0,0.0,0.0,0.0,0.0,0.0,0.0,0.0,0.0,0.0,0.0,0.0,0.0,0.0,0.0,0.0,0.0,0.0,0.0,0.0,0.0,eat
0.0,0.0,0.029778368302640242,-0.2689413395000848,0.10277724860962743,-0.5525134415408519,0.2499427292698042,-0.7379850027047861,0.3852407098837625,-0.8448328940567852,-0.11911970265840682,-0.7318881818130667,0.13912768438964673,-0.9604470251774186,0.30292257559937336,-1.0,0.4182626110147891,-0.984852394238042,-0.064618464404935,-0.6742376562486184,0.18094074308069105,-0.9263301478750349,0.34396720175614165,-0.9630553552754582,0.4707633927100188,-0.9391306584486183,0.027558072520418524,-0.5933034641356622,0.24595527979866424,-0.8397926678996954,0.39194460051555713,-0.8908982542273837,0.5015280232716095,-0.8905912027335621,0.14359540419470923,-0.5025753743094356,0.3056356006112093,-0.7077753958512681,0.39864668259797714,-0.7823085288777107,0.4745734033925171,-0.8170346863694055,0.0,0.0,0.0,0.0,0.0,0.0,0.0,0.0,0.0,0.0,0.0,0.0,0.0,0.0,0.0,0.0,0.0,0.0,0.0,0.0,0.0,0.0,0.0,0.0,0.0,0.0,0.0,0.0,0.0,0.0,0.0,0.0,0.0,0.0,0.0,0.0,0.0,0.0,0.0,0.0,0.0,0.0,eat
0.0,0.0,0.09909727459054084,-0.24385701296530723,0.16843343934502528,-0.5111196322084686,0.2829842437890397,-0.7083213713653277,0.38874350155259013,-0.8401208005495442,-0.1019823413363231,-0.731621419106575,0.14006198365282116,-0.9516885767270616,0.30191980590024237,-1.0,0.4076092910704675,-0.9850534709965926,-0.07151490894376689,-0.6734326756450066,0.16996143914670317,-0.8953039246184099,0.3221296674666191,-0.9461775414617138,0.4425075830213892,-0.947273510964893,-0.0005971654334177535,-0.6021550734871343,0.22473752310092596,-0.8082525184107683,0.35246315247370835,-0.8715152688024144,0.45277634944993606,-0.886576152887146,0.09787015660248655,-0.5230413493579722,0.27075024930207414,-0.7065380718453791,0.3629892178352343,-0.7825050320234213,0.4420897471473205,-0.8167027991404976,0.0,0.0,0.0,0.0,0.0,0.0,0.0,0.0,0.0,0.0,0.0,0.0,0.0,0.0,0.0,0.0,0.0,0.0,0.0,0.0,0.0,0.0,0.0,0.0,0.0,0.0,0.0,0.0,0.0,0.0,0.0,0.0,0.0,0.0,0.0,0.0,0.0,0.0,0.0,0.0,0.0,0.0,eat
0.0,0.0,-0.005447845328177938,-0.278437371427577,0.05863358252645614,-0.5633403949330501,0.22239957937007437,-0.7424843268533178,0.3790378214750802,-0.8220899490081511,-0.11726716505291228,-0.7256152106277836,0.13522369581727625,-0.9395062736091597,0.29797830805838604,-0.9913885220899076,0.412166157107266,-1.0,-0.042967893821604354,-0.6506940269473297,0.18691224405153795,-0.9248836659107869,0.34040259819359503,-0.9854946482797139,0.45489580998399437,-0.9896968042152489,0.06520323195594159,-0.555098086904496,0.2771048794645835,-0.8100241845633955,0.4053491514271876,-0.8841063457858077,0.49352398962015276,-0.9150697963102071,0.20069810811829844,-0.4554172469042143,0.35689922988096656,-0.6766788632219374,0.44008095220140847,-0.7714639553880365,0.5072781572829428,-0.8345592728969229,0.0,0.0,0.0,0.0,0.0,0.0,0.0,0.0,0.0,0.0,0.0,0.0,0.0,0.0,0.0,0.0,0.0,0.0,0.0,0.0,0.0,0.0,0.0,0.0,0.0,0.0,0.0,0.0,0.0,0.0,0.0,0.0,0.0,0.0,0.0,0.0,0.0,0.0,0.0,0.0,0.0,0.0,eat
0.0,0.0,-0.040559818494873744,-0.25658183661176215,0.011222900219336463,-0.5406982108229772,0.1605289498298082,-0.7268561896635077,0.2998229808354304,-0.8232006229499995,-0.12273943820505766,-0.6845155181880324,0.11213571551293937,-0.924386122386384,0.27109990941965845,-0.9917370553967062,0.38369303720518844,-1.0,-0.044682474692656265,-0.615736376351683,0.16257633618305348,-0.907881555849608,0.31272504130242146,-0.9817691173111786,0.42317770107995223,-0.9926112848589772,0.06352638413855799,-0.5317180864216009,0.2560118652456474,-0.8131822485493408,0.3845865390805583,-0.8882396864911456,0.4706362233615271,-0.912907555154981,0.19450969955948183,-0.438440837177223,0.3404030968717593,-0.6727126003446892,0.4172397475887956,-0.7729582621039981,0.47274593751883676,-0.8393304025597045,0.0,0.0,0.0,0.0,0.0,0.0,0.0,0.0,0.0,0.0,0.0,0.0,0.0,0.0,0.0,0.0,0.0,0.0,0.0,0.0,0.0,0.0,0.0,0.0,0.0,0.0,0.0,0.0,0.0,0.0,0.0,0.0,0.0,0.0,0.0,0.0,0.0,0.0,0.0,0.0,0.0,0.0,eat
0.0,0.0,-0.015492873576956405,-0.2595529426997739,0.05691053873965399,-0.5501812730948895,0.22903739338585605,-0.7335094603971408,0.3787879353791297,-0.8376692795224483,-0.11732017111383353,-0.7017742187162811,0.11900072376437154,-0.9426914738565021,0.2780020866326033,-0.9989263885153866,0.39077217026390837,-0.997760231471798,-0.045239423246116406,-0.6438498288529663,0.16512513985584473,-0.9361468843271813,0.31731257656796247,-0.9986371317682758,0.4347587009425537,-1.0,0.05938229366905376,-0.5652952493833062,0.25283363711516815,-0.8535709305684206,0.3856192916405215,-0.9225348021102048,0.4797026424039601,-0.9461202245661564,0.19207934515924477,-0.4710402950833823,0.33896636985687395,-0.7069592600339306,0.4187736343927517,-0.8020288642543401,0.4774960740762874,-0.8639044929831377,0.0,0.0,0.0,0.0,0.0,0.0,0.0,0.0,0.0,0.0,0.0,0.0,0.0,0.0,0.0,0.0,0.0,0.0,0.0,0.0,0.0,0.0,0.0,0.0,0.0,0.0,0.0,0.0,0.0,0.0,0.0,0.0,0.0,0.0,0.0,0.0,0.0,0.0,0.0,0.0,0.0,0.0,eat
0.0,0.0,-0.06801214467100897,-0.26295477938108275,-0.04242964952927478,-0.5247109878275107,0.07449162073336962,-0.6955904034844397,0.1923171841531119,-0.7659134533228948,-0.13345070002742088,-0.6721220984529056,0.08756124991555161,-0.8970301987418184,0.2337201400452246,-0.9685041310162021,0.33857522661972,-0.9821362857812767,-0.04329678539778169,-0.6194799569213895,0.15531071043940978,-0.9021034601979867,0.28870259465173487,-0.9795221612427623,0.3844211609765015,-1.0,0.06987974550237847,-0.5460090687628412,0.25627997917602224,-0.8153143665576454,0.3713225212909277,-0.8899536229349887,0.4448595772414588,-0.9161091748697507,0.198362694877063,-0.45382084225836833,0.33833062436166955,-0.6796473435519189,0.4103275405054186,-0.7710328136611653,0.46110824096998404,-0.8300083852276927,0.0,0.0,0.0,0.0,0.0,0.0,0.0,0.0,0.0,0.0,0.0,0.0,0.0,0.0,0.0,0.0,0.0,0.0,0.0,0.0,0.0,0.0,0.0,0.0,0.0,0.0,0.0,0.0,0.0,0.0,0.0,0.0,0.0,0.0,0.0,0.0,0.0,0.0,0.0,0.0,0.0,0.0,eat
0.0,0.0,-0.07863145402835374,-0.26973065273400154,-0.0517222463569218,-0.5196232522045742,0.06007195935939854,-0.6711948364156314,0.17415463023876473,-0.7221507111743569,-0.08218702440855362,-0.6565469715060066,0.10351321297776156,-0.9065999182590545,0.20696293003915447,-0.9547667951722206,0.2686556427575071,-0.9440251347379327,0.039237663205603394,-0.5939878208402438,0.20335632180212662,-0.8952807664841226,0.3013721146028953,-0.9824771364466962,0.36430098832599445,-1.0,0.16508476102025882,-0.5067090669355464,0.310386726299245,-0.7811203332008493,0.3934868059102642,-0.864419339891631,0.4378608065026248,-0.8831124572959822,0.28461080017312684,-0.40256611914164775,0.3738585302945849,-0.6171493628908163,0.40836896271383155,-0.7149346815900824,0.42765725386591674,-0.7742989427929925,0.0,0.0,0.0,0.0,0.0,0.0,0.0,0.0,0.0,0.0,0.0,0.0,0.0,0.0,0.0,0.0,0.0,0.0,0.0,0.0,0.0,0.0,0.0,0.0,0.0,0.0,0.0,0.0,0.0,0.0,0.0,0.0,0.0,0.0,0.0,0.0,0.0,0.0,0.0,0.0,0.0,0.0,eat
0.0,0.0,-0.0737686893172318,-0.27735401948154054,-0.04287306417117147,-0.514740417556165,0.07399253353426767,-0.6529476697147051,0.19198582530141137,-0.693870964055269,-0.08552839255024376,-0.6414192984454256,0.08608603263317648,-0.8839533253280125,0.18106809947983807,-0.9239974005696204,0.23299404645319233,-0.9123102102519863,0.0381782469923889,-0.5904159206834815,0.1878793873762108,-0.8843974669347017,0.28500235864020945,-0.9755024573602382,0.3477151929139118,-1.0,0.16546521173180154,-0.5131151824310665,0.30040228904357436,-0.7786330448449031,0.3830177510828661,-0.8634136479553132,0.4248242054417002,-0.9018167243945664,0.28838189399794045,-0.4151151595737344,0.3704556766775213,-0.6242179738236258,0.40265180519720556,-0.7101296207771571,0.41836582686989726,-0.7670585648196497,0.0,0.0,0.0,0.0,0.0,0.0,0.0,0.0,0.0,0.0,0.0,0.0,0.0,0.0,0.0,0.0,0.0,0.0,0.0,0.0,0.0,0.0,0.0,0.0,0.0,0.0,0.0,0.0,0.0,0.0,0.0,0.0,0.0,0.0,0.0,0.0,0.0,0.0,0.0,0.0,0.0,0.0,eat
0.0,0.0,-0.08158217899693171,-0.2787692617860309,-0.04081765815284556,-0.531060905905157,0.08626158324955742,-0.6743452682594054,0.20985251661810725,-0.7268793122781957,-0.08107874206798685,-0.6421557806163694,0.09763335803957714,-0.8847131386293778,0.18088096187906028,-0.9282032908404173,0.2181704590164831,-0.9067666846265561,0.05045133501627525,-0.5904668542361571,0.19680183730059345,-0.8861841825079012,0.2822421365574135,-0.9812386228528718,0.33204332097239714,-1.0,0.18291678502090522,-0.5160589933527571,0.31732643538132077,-0.7897583307383312,0.3818097317073838,-0.877694716002574,0.4064605590279311,-0.9070694891433836,0.3057569585454756,-0.4246393793562337,0.3725669657072908,-0.6389312055487854,0.3873266346462286,-0.7207876668306369,0.3867188766772928,-0.7646232115486127,0.0,0.0,0.0,0.0,0.0,0.0,0.0,0.0,0.0,0.0,0.0,0.0,0.0,0.0,0.0,0.0,0.0,0.0,0.0,0.0,0.0,0.0,0.0,0.0,0.0,0.0,0.0,0.0,0.0,0.0,0.0,0.0,0.0,0.0,0.0,0.0,0.0,0.0,0.0,0.0,0.0,0.0,eat
0.0,0.0,-0.09198821885554709,-0.2928913407492059,-0.05453790563261011,-0.5426514465493015,0.07364233193996987,-0.6704411586801767,0.19950447313126235,-0.7094768681699645,-0.08179775597621378,-0.6347543761360963,0.08379560192009321,-0.8930860749393854,0.1496873251689047,-0.9421861829553948,0.1757264654100165,-0.9103631553829283,0.0644515750409807,-0.5837409870838849,0.20108752037289992,-0.9166464063242022,0.263524219037205,-1.0,0.28961797411452517,-0.9861892977628275,0.20586465464827067,-0.5084633420912823,0.3302913456821589,-0.8173511530386012,0.3611636052995575,-0.8772986679852528,0.3538622476804355,-0.862234760796805,0.3305906506447487,-0.4153648173182667,0.368832585364555,-0.6346674622032056,0.35851664538841327,-0.6833420051514123,0.3391330765848775,-0.6827363481505929,0.0,0.0,0.0,0.0,0.0,0.0,0.0,0.0,0.0,0.0,0.0,0.0,0.0,0.0,0.0,0.0,0.0,0.0,0.0,0.0,0.0,0.0,0.0,0.0,0.0,0.0,0.0,0.0,0.0,0.0,0.0,0.0,0.0,0.0,0.0,0.0,0.0,0.0,0.0,0.0,0.0,0.0,eat
0.0,0.0,-0.07931300213213478,-0.30926651996002585,-0.0334717152734528,-0.5585271192684533,0.100316338625483,-0.680486318121045,0.22839166394039204,-0.7134229574238241,-0.07254432027846512,-0.655075752831079,0.10518278747544894,-0.914306542709021,0.17766681202475781,-0.9584118960750593,0.2071644552397572,-0.9308131793237776,0.07114312533381466,-0.5995173229629865,0.21766563723055102,-0.9312309703761248,0.28087909617091,-1.0,0.30626690468567835,-0.983050287027121,0.21362426735826517,-0.5216883737775041,0.33739895116551644,-0.8235132337455356,0.367450731581697,-0.8805568835743931,0.36260781751633725,-0.8782695359134978,0.34172974053775235,-0.42787561029975535,0.37805091526971835,-0.6451899762823832,0.3681816714209525,-0.6994880309087578,0.3523069729482239,-0.7104606866010831,0.0,0.0,0.0,0.0,0.0,0.0,0.0,0.0,0.0,0.0,0.0,0.0,0.0,0.0,0.0,0.0,0.0,0.0,0.0,0.0,0.0,0.0,0.0,0.0,0.0,0.0,0.0,0.0,0.0,0.0,0.0,0.0,0.0,0.0,0.0,0.0,0.0,0.0,0.0,0.0,0.0,0.0,eat
0.0,0.0,-0.1065789343037428,-0.3272459335971179,-0.07077832994914618,-0.6067251824896034,0.06177651622341262,-0.7500252366035007,0.19257493616380458,-0.7936071959899451,-0.04602577277789638,-0.676726969737589,0.1306678929173679,-0.995815274681812,0.14068682450714154,-0.9895656987394937,0.12160319454028838,-0.894693031884173,0.10366431345681892,-0.6186426513492895,0.258520249685163,-0.9935340512112742,0.25939298107999426,-1.0,0.23309581966005882,-0.9157883501218804,0.23667052248870973,-0.5405022663297373,0.36311149117711794,-0.8721964615799603,0.3373891864877433,-0.8681077180980372,0.2927756292188568,-0.8009568396160065,0.33764031137831574,-0.4456142920263917,0.3636294621210993,-0.6831097618492059,0.322791879936652,-0.680710215942583,0.2898680415237282,-0.6243515020329946,0.0,0.0,0.0,0.0,0.0,0.0,0.0,0.0,0.0,0.0,0.0,0.0,0.0,0.0,0.0,0.0,0.0,0.0,0.0,0.0,0.0,0.0,0.0,0.0,0.0,0.0,0.0,0.0,0.0,0.0,0.0,0.0,0.0,0.0,0.0,0.0,0.0,0.0,0.0,0.0,0.0,0.0,eat
0.0,0.0,-0.09599510628489197,-0.3191340628307576,-0.07535138798883534,-0.5880689030759225,0.0381283935560932,-0.7206934514873393,0.15654111257824668,-0.7455055608818116,-0.04432147040218192,-0.6457311957721764,0.10027633414985418,-0.9469640147321537,0.1441758259593347,-0.9800240280484379,0.15662767228957006,-0.929735540760543,0.09636742897176724,-0.5910173432428746,0.21700906056049732,-0.9607602415788801,0.24190792287993435,-1.0,0.23257647685744967,-0.9486789790127479,0.2223278456794918,-0.5105983478687955,0.3101175550436682,-0.8506547430664319,0.2966855359108806,-0.861075141171547,0.26186708524469926,-0.8101080875752422,0.3183532865060752,-0.4115964508972648,0.33781028661697987,-0.672969295647399,0.30354519981961575,-0.697551094381386,0.27407702809596846,-0.6601190427887066,0.0,0.0,0.0,0.0,0.0,0.0,0.0,0.0,0.0,0.0,0.0,0.0,0.0,0.0,0.0,0.0,0.0,0.0,0.0,0.0,0.0,0.0,0.0,0.0,0.0,0.0,0.0,0.0,0.0,0.0,0.0,0.0,0.0,0.0,0.0,0.0,0.0,0.0,0.0,0.0,0.0,0.0,eat
0.0,0.0,-0.10880699645238051,-0.3101270246593726,-0.10299474070070144,-0.586047635023889,-0.0007973989301224581,-0.7515800419998384,0.11649344063173722,-0.8076270712568265,-0.08269164756171056,-0.6743898063409816,0.0654331155678987,-0.9591953862307631,0.08559602803302828,-0.9135341528272228,0.08252894478512361,-0.8007372493833603,0.05789442414866452,-0.627338415562307,0.18176016445794735,-1.0,0.17721147633159992,-0.9658526091467695,0.15612942908799463,-0.8542408342808149,0.18897034382707995,-0.5490562462333725,0.27545036439208964,-0.8515005156784899,0.2499322395357651,-0.7950310028393381,0.21776892943902879,-0.7020997589358384,0.29820817257211735,-0.4448037625890788,0.312901126415786,-0.6667322914142638,0.27863238802631823,-0.6255863512950985,0.26128920399122724,-0.5516074568352252,0.0,0.0,0.0,0.0,0.0,0.0,0.0,0.0,0.0,0.0,0.0,0.0,0.0,0.0,0.0,0.0,0.0,0.0,0.0,0.0,0.0,0.0,0.0,0.0,0.0,0.0,0.0,0.0,0.0,0.0,0.0,0.0,0.0,0.0,0.0,0.0,0.0,0.0,0.0,0.0,0.0,0.0,eat
0.0,0.0,-0.11198924657388006,-0.30778613020018364,-0.0988730711394575,-0.5749460879856275,0.015020062589789811,-0.7147890492269307,0.13660957483475625,-0.7514324429844227,-0.08257688753053997,-0.6941392988845475,0.0462852181949617,-0.997436319769162,0.07702402630479276,-0.9297515777080302,0.06495539867438974,-0.8122760020619249,0.05677175315465351,-0.6529576115833814,0.16677818904434663,-1.0,0.17966540999057493,-0.9269789598260174,0.15499208477073287,-0.7986107933835394,0.18619928686681977,-0.5810975479565288,0.26755057206213834,-0.8724157310225135,0.26419479699495807,-0.7992833591073939,0.23472067171167213,-0.6980092207083138,0.29342204795500365,-0.4854182108226653,0.3236787362474798,-0.7085967930358184,0.3092515533065527,-0.6626087772114602,0.29169259323652047,-0.589986929958609,0.0,0.0,0.0,0.0,0.0,0.0,0.0,0.0,0.0,0.0,0.0,0.0,0.0,0.0,0.0,0.0,0.0,0.0,0.0,0.0,0.0,0.0,0.0,0.0,0.0,0.0,0.0,0.0,0.0,0.0,0.0,0.0,0.0,0.0,0.0,0.0,0.0,0.0,0.0,0.0,0.0,0.0,eat
0.0,0.0,-0.12017760277010955,-0.3285736629242089,-0.11663753968817639,-0.6084449220673829,-0.014407472651494247,-0.7845756251627598,0.10458991504081463,-0.8514815172730162,-0.08470653162304993,-0.6934526200503056,0.036562993252088276,-1.0,0.06179304981004398,-0.9360832616316774,0.05024200036559112,-0.822251303922265,0.05501234355164401,-0.6553325656695964,0.1641290684140525,-0.9971982990310283,0.173234887638945,-0.9321393794808683,0.14676698300777483,-0.8026696690158419,0.18638316666336782,-0.5897780411689757,0.26322366763963584,-0.8911609613882217,0.26118497319580586,-0.8241033217950913,0.2334636964522525,-0.7179072508517846,0.2958084318042543,-0.5004791106588441,0.3333719493807655,-0.7399967942859117,0.32396884480579236,-0.6878624135456556,0.30797830826006956,-0.601570877523481,0.0,0.0,0.0,0.0,0.0,0.0,0.0,0.0,0.0,0.0,0.0,0.0,0.0,0.0,0.0,0.0,0.0,0.0,0.0,0.0,0.0,0.0,0.0,0.0,0.0,0.0,0.0,0.0,0.0,0.0,0.0,0.0,0.0,0.0,0.0,0.0,0.0,0.0,0.0,0.0,0.0,0.0,eat
0.0,0.0,-0.12732242225349172,-0.3267207701645388,-0.11917709545870322,-0.6043140215634851,-0.007708813478502742,-0.7696861467308055,0.11908574126622755,-0.8262906847551863,-0.08264009330983446,-0.69077014895603,0.040686313466815636,-1.0,0.058346306018235,-0.9380552348094924,0.04398090794769787,-0.8221546188212232,0.0629311567271747,-0.6485111409262108,0.16839382578112705,-0.9975788217218065,0.171739064377241,-0.9453409751407517,0.14680657687854606,-0.8247775944201093,0.19566314962764889,-0.5786760225826005,0.2721936147899516,-0.8842649513115267,0.2598683954230186,-0.8276475574732793,0.22960931571229778,-0.728893091051886,0.3022639477789049,-0.48844885645587804,0.33619959547039036,-0.7296379491159096,0.31728908284286456,-0.6846581833877953,0.29865107451229717,-0.6030027285491006,0.0,0.0,0.0,0.0,0.0,0.0,0.0,0.0,0.0,0.0,0.0,0.0,0.0,0.0,0.0,0.0,0.0,0.0,0.0,0.0,0.0,0.0,0.0,0.0,0.0,0.0,0.0,0.0,0.0,0.0,0.0,0.0,0.0,0.0,0.0,0.0,0.0,0.0,0.0,0.0,0.0,0.0,eat
0.0,0.0,-0.1300552659520295,-0.3283058213235343,-0.11673649539021165,-0.593402502595896,-0.011849031041101589,-0.7498563038421602,0.09815413359118648,-0.8039801006673043,-0.07529073839729129,-0.6817515439776579,0.04092482183822602,-0.999093143595873,0.049899929722530816,-0.93770747169293,0.036649056326942805,-0.8240382502978305,0.07009719050110841,-0.6398531392098721,0.16686333432057374,-1.0,0.1590100905334571,-0.9425328530584357,0.13171152757307822,-0.8164973724967309,0.1993691026531013,-0.5675079281647981,0.26415333989672607,-0.8731708249778847,0.24596236233751995,-0.8148381842736896,0.21664893145859113,-0.7173604859564077,0.30069742876553196,-0.47106273503052837,0.3188208993721073,-0.7117082419745745,0.2958714620796278,-0.6727305859954681,0.2783795521830695,-0.5940053826063849,0.0,0.0,0.0,0.0,0.0,0.0,0.0,0.0,0.0,0.0,0.0,0.0,0.0,0.0,0.0,0.0,0.0,0.0,0.0,0.0,0.0,0.0,0.0,0.0,0.0,0.0,0.0,0.0,0.0,0.0,0.0,0.0,0.0,0.0,0.0,0.0,0.0,0.0,0.0,0.0,0.0,0.0,eat
0.0,0.0,-0.1399135879760585,-0.31103747686722333,-0.11984016643308879,-0.5720239862080421,0.010036338337970751,-0.6944879467479664,0.12666501057897397,-0.7212338871295544,-0.053905095747069975,-0.7089122967490651,0.008173425900441818,-0.9767750460607149,0.0016981106075396185,-0.891237496010306,-0.004803275031349591,-0.7628123646436947,0.10544132812770596,-0.666219125727223,0.15325918430356608,-1.0,0.12718064477924562,-0.9435688739435458,0.1056377868063938,-0.8162085299937468,0.23479903301362398,-0.5854006807339771,0.2551588559289367,-0.8610618153973698,0.21636506379972315,-0.8013268316373332,0.19011986027784286,-0.7035213216324655,0.3286008827419151,-0.48221648591847505,0.29302547482479796,-0.7008241581233522,0.24997960926510301,-0.665597906625704,0.2351021938941015,-0.5901559118420078,0.0,0.0,0.0,0.0,0.0,0.0,0.0,0.0,0.0,0.0,0.0,0.0,0.0,0.0,0.0,0.0,0.0,0.0,0.0,0.0,0.0,0.0,0.0,0.0,0.0,0.0,0.0,0.0,0.0,0.0,0.0,0.0,0.0,0.0,0.0,0.0,0.0,0.0,0.0,0.0,0.0,0.0,eat
0.0,0.0,-0.1504083440979599,-0.28949301277876827,-0.14744478013472687,-0.5458178091405024,-0.03201453313547772,-0.6916843704739638,0.07265820442470633,-0.7487557515132752,-0.052689199432054745,-0.7025180329735635,-0.013842775956984197,-0.9782269859401522,-0.027954044830666196,-0.8975460210025871,-0.029004707967247068,-0.7673267784764406,0.10521132474298342,-0.6609907726688801,0.1266855981751734,-1.0,0.09210890599367288,-0.9578040873553892,0.07382665570631963,-0.8387711600530936,0.23211826499129934,-0.5816891033510905,0.225553088291289,-0.8547173974157779,0.18282623935547465,-0.7954560821029633,0.1639641226562472,-0.6931330579012359,0.3246396074202973,-0.4828829982954525,0.2677876112493016,-0.691800023486458,0.2225525153640579,-0.6524381434310869,0.21340471793119892,-0.5689697629647027,0.0,0.0,0.0,0.0,0.0,0.0,0.0,0.0,0.0,0.0,0.0,0.0,0.0,0.0,0.0,0.0,0.0,0.0,0.0,0.0,0.0,0.0,0.0,0.0,0.0,0.0,0.0,0.0,0.0,0.0,0.0,0.0,0.0,0.0,0.0,0.0,0.0,0.0,0.0,0.0,0.0,0.0,eat
0.0,0.0,0.0639999363422242,-0.22067071769990618,0.12989507537910974,-0.46589465468424357,0.16369545151353282,-0.6398831187881774,0.1440651578851226,-0.7229862692945335,0.11884162914086913,-0.6378287716540227,0.10663594256407985,-0.929759871798775,0.08076303531345919,-0.8670977866468128,0.07397915761388514,-0.7582589044773558,0.11489571195686771,-0.6715518243488224,0.12264327843080815,-1.0,0.1069748164303487,-0.9422485587049241,0.09695788484585131,-0.8192136465664933,0.10250579839305632,-0.6730159531921607,0.1176480458446695,-0.9437438245038153,0.10797483165286031,-0.8864891906328967,0.10141289125314483,-0.7955585554666806,0.08471379602387998,-0.6515418328457516,0.09715525854744027,-0.86153292075714,0.08457073901142242,-0.8267266479752676,0.07993963582216786,-0.7616109707257264,0.0,0.0,0.0,0.0,0.0,0.0,0.0,0.0,0.0,0.0,0.0,0.0,0.0,0.0,0.0,0.0,0.0,0.0,0.0,0.0,0.0,0.0,0.0,0.0,0.0,0.0,0.0,0.0,0.0,0.0,0.0,0.0,0.0,0.0,0.0,0.0,0.0,0.0,0.0,0.0,0.0,0.0,eat
0.0,0.0,0.08360159236940047,-0.23975321521816936,0.129031919780738,-0.4682480080159724,0.13162165124430922,-0.6257157239036054,0.09165257714730703,-0.7175151162106264,0.22717700834004825,-0.5499320387889711,0.17972560449619734,-0.8521517216276321,0.10072145781364487,-0.8237947456410444,0.07558748052331148,-0.7290316491537154,0.19971039525753206,-0.6163527054921725,0.1623936351230575,-1.0,0.09837495238655823,-0.9603413012694437,0.07686551663713449,-0.8358870375745324,0.14408977645531373,-0.6505934512319957,0.1017640484178806,-0.9749101687427142,0.05757775960066277,-0.911690681432077,0.05152450967457777,-0.8106307706984004,0.06597362469038577,-0.661835297747233,0.03990564588860045,-0.8918966827216148,0.010650526471043923,-0.8443400726227615,0.008634862578980804,-0.766602122121797,0.0,0.0,0.0,0.0,0.0,0.0,0.0,0.0,0.0,0.0,0.0,0.0,0.0,0.0,0.0,0.0,0.0,0.0,0.0,0.0,0.0,0.0,0.0,0.0,0.0,0.0,0.0,0.0,0.0,0.0,0.0,0.0,0.0,0.0,0.0,0.0,0.0,0.0,0.0,0.0,0.0,0.0,eat
0.0,0.0,-0.10293451806854004,-0.32858850922319915,-0.07064418330422974,-0.5725999908457867,0.033750069562142125,-0.6664349575037053,0.14315691276462839,-0.676672858383333,-0.026659835033174144,-0.677507604088838,0.013154900813440756,-0.9416326703992587,0.018466484877601913,-0.8985864643431869,0.02541759512231906,-0.8010183568318915,0.1079905744532251,-0.6626175188591611,0.1321846990947537,-1.0,0.11488817535784578,-0.9546007001326703,0.10225354997426613,-0.8371020921987333,0.23477576952193602,-0.5929101606169281,0.2289995597416141,-0.8602517145215788,0.20020758331074964,-0.8100171460390081,0.17920277998309433,-0.7204250584404316,0.34646672064798656,-0.49105965945668095,0.3449686237694087,-0.6400085878374752,0.3078438436104744,-0.603891265069465,0.28015267778848696,-0.5381715874953447,0.0,0.0,0.0,0.0,0.0,0.0,0.0,0.0,0.0,0.0,0.0,0.0,0.0,0.0,0.0,0.0,0.0,0.0,0.0,0.0,0.0,0.0,0.0,0.0,0.0,0.0,0.0,0.0,0.0,0.0,0.0,0.0,0.0,0.0,0.0,0.0,0.0,0.0,0.0,0.0,0.0,0.0,eat
0.0,0.0,0.09172556398985045,-0.24561049089016276,0.1258729761464177,-0.4594264117385505,0.13813374806633952,-0.5901528423810449,0.12067622203347862,-0.6526243866202677,0.19014988031939678,-0.5770641908712588,0.1337528921703059,-0.8482871961723507,0.067189209841766,-0.8444155486270678,0.04575852740938754,-0.794588013834492,0.1780508569344193,-0.641381532177974,0.15305921061389893,-1.0,0.09893818410311436,-0.9560483301959887,0.07365282773714465,-0.8427701067407204,0.13904949105790199,-0.6644995913020557,0.11526330398340713,-0.9555857160734113,0.07444459680017466,-0.900340936623862,0.06090281642140352,-0.8200487641879425,0.07762931229581743,-0.6618856551015355,0.05809834310924616,-0.8756999118703456,0.030326851854317154,-0.85311369257927,0.020631258603291416,-0.7981611255035505,0.0,0.0,0.0,0.0,0.0,0.0,0.0,0.0,0.0,0.0,0.0,0.0,0.0,0.0,0.0,0.0,0.0,0.0,0.0,0.0,0.0,0.0,0.0,0.0,0.0,0.0,0.0,0.0,0.0,0.0,0.0,0.0,0.0,0.0,0.0,0.0,0.0,0.0,0.0,0.0,0.0,0.0,eat
0.0,0.0,0.10550321630230178,-0.20483774831491328,0.1513052523437343,-0.4232085790905919,0.16344657524677866,-0.5686767773517492,0.13485965600738317,-0.6529451167657933,0.19337039420337415,-0.5830658710177604,0.1616932020255637,-0.866297178227266,0.1004826348011718,-0.8765521792865717,0.07930838380273918,-0.8350155370317103,0.1780692762817351,-0.645232778705288,0.1580546601704708,-1.0,0.10065413358189948,-0.9713130809912465,0.07432075115477493,-0.8774164277051091,0.13303428954200106,-0.671076211685838,0.12182904355739542,-0.9799670972752287,0.08134478767264787,-0.9428640527023496,0.06842867248741107,-0.8728895847686677,0.06802966187557392,-0.6634063776459165,0.06270446822692666,-0.8863416130506454,0.04074323387063028,-0.8752154443136375,0.03285774958673901,-0.8226004091588586,0.0,0.0,0.0,0.0,0.0,0.0,0.0,0.0,0.0,0.0,0.0,0.0,0.0,0.0,0.0,0.0,0.0,0.0,0.0,0.0,0.0,0.0,0.0,0.0,0.0,0.0,0.0,0.0,0.0,0.0,0.0,0.0,0.0,0.0,0.0,0.0,0.0,0.0,0.0,0.0,0.0,0.0,eat
0.0,0.0,0.10804363889508492,-0.21380933299381297,0.15562781329801267,-0.4218728101429736,0.17248786181784206,-0.5630705143009795,0.14667148311840247,-0.6423991851511162,0.22756665225679057,-0.5494317968720699,0.17885189476710942,-0.8409491831442613,0.10097013339334159,-0.8668155687196463,0.07316795533070007,-0.8392229589463288,0.20088913541401415,-0.6225454684229608,0.1673776196858647,-1.0,0.09658828088862219,-0.9725287884978921,0.06656375777985263,-0.8694978454274305,0.13986989000461247,-0.6567932696008859,0.11547969424743271,-0.9781489691674711,0.06764499197587037,-0.9384244280957053,0.05504062729677962,-0.8627034901509484,0.05591311568498563,-0.6607829629205595,0.0436364276403795,-0.8806928057871115,0.018253332201598773,-0.8652387071643404,0.011737469165168105,-0.8119109798649946,0.0,0.0,0.0,0.0,0.0,0.0,0.0,0.0,0.0,0.0,0.0,0.0,0.0,0.0,0.0,0.0,0.0,0.0,0.0,0.0,0.0,0.0,0.0,0.0,0.0,0.0,0.0,0.0,0.0,0.0,0.0,0.0,0.0,0.0,0.0,0.0,0.0,0.0,0.0,0.0,0.0,0.0,eat
0.0,0.0,0.17164855930083409,-0.1978810677781244,0.239014571271861,-0.40871651815005544,0.24223024410144378,-0.5780367502618683,0.19395511977837288,-0.6853334821655486,0.28652144894805853,-0.5305622635253767,0.23214652930250512,-0.8304588450686539,0.15018615654424886,-0.8626139122906508,0.11609427723521569,-0.8338314893752734,0.21679538327783685,-0.6201838410073284,0.18873669023066003,-0.9888967180835461,0.1227018628278586,-0.9646144763913237,0.09390880903996245,-0.8679506102951363,0.11871129905607819,-0.6782586365042236,0.11418188293349625,-1.0,0.07167350862977688,-0.9509215803722201,0.06280237772752476,-0.8675639123072615,0.004159827195167205,-0.7007824654388674,0.026918365862142166,-0.9394412346961115,0.0052154396148169115,-0.9077648889522312,-0.0008094412778840312,-0.8376964759654244,0.0,0.0,0.0,0.0,0.0,0.0,0.0,0.0,0.0,0.0,0.0,0.0,0.0,0.0,0.0,0.0,0.0,0.0,0.0,0.0,0.0,0.0,0.0,0.0,0.0,0.0,0.0,0.0,0.0,0.0,0.0,0.0,0.0,0.0,0.0,0.0,0.0,0.0,0.0,0.0,0.0,0.0,eat
0.0,0.0,0.07481288996454757,-0.22346636234099496,0.1570164844873339,-0.41603221356399833,0.23891499684705203,-0.5499610136768236,0.29219236062592097,-0.6448811200827386,0.1424206859323405,-0.6086194626857929,0.13548225514400625,-0.9136491036387775,0.09732039949228621,-0.8814267859545489,0.09303174183759319,-0.8035935501545673,0.14451589685564362,-0.6473506321295934,0.1483414196857427,-1.0,0.11269041293081508,-0.9573345350739119,0.10482603670388063,-0.8540611428747429,0.12895022232741055,-0.6477581648383891,0.12888878442103283,-0.9397655633240015,0.10594650849512792,-0.890184686561309,0.10491357356257183,-0.8129976024627036,0.10547575472172195,-0.6147966470141015,0.1155329292588708,-0.818687822488219,0.1005197095721555,-0.8053177020601961,0.09597395292138056,-0.7609948726095548,0.0,0.0,0.0,0.0,0.0,0.0,0.0,0.0,0.0,0.0,0.0,0.0,0.0,0.0,0.0,0.0,0.0,0.0,0.0,0.0,0.0,0.0,0.0,0.0,0.0,0.0,0.0,0.0,0.0,0.0,0.0,0.0,0.0,0.0,0.0,0.0,0.0,0.0,0.0,0.0,0.0,0.0,eat
0.0,0.0,0.041627552189659585,-0.2258114316234194,0.11222986239694793,-0.4318919069230467,0.19452927904387757,-0.561432662210413,0.2448657354624394,-0.6420214297791658,0.13842913064059525,-0.609994064507963,0.11198263013574282,-0.9086848362401903,0.07187315115176353,-0.8754451219492706,0.06692770685765079,-0.8019303613682252,0.16283976057305466,-0.6511937946140763,0.15256899410190444,-1.0,0.11679814564617116,-0.9412370306941968,0.1086396408404043,-0.8273861748742344,0.16346447350715343,-0.6523629938532338,0.1534740207956372,-0.9382443536913998,0.1270164931246418,-0.8804370721179862,0.12484446102248359,-0.8033069991820719,0.14451149174544697,-0.6253186291666307,0.14519789288434548,-0.8370533238595593,0.12223581706666513,-0.8174882544699177,0.11454620654297702,-0.7691720068515459,0.0,0.0,0.0,0.0,0.0,0.0,0.0,0.0,0.0,0.0,0.0,0.0,0.0,0.0,0.0,0.0,0.0,0.0,0.0,0.0,0.0,0.0,0.0,0.0,0.0,0.0,0.0,0.0,0.0,0.0,0.0,0.0,0.0,0.0,0.0,0.0,0.0,0.0,0.0,0.0,0.0,0.0,eat
0.0,0.0,-0.12452579996074595,-0.3185162609085556,-0.08773949355898558,-0.5602302265724357,0.03283409421290054,-0.6736756945652296,0.13729692813158723,-0.7119193472977738,-0.015801189429491914,-0.6895601791643995,0.023787313283983872,-0.9827448151948261,0.008007984847300167,-0.9071086523256426,0.009067524936690883,-0.7892577953587676,0.12547571594751447,-0.655039277980874,0.14343635658630224,-1.0,0.1098337766700123,-0.9289358164442537,0.0970803606904244,-0.802723528651464,0.24153540762773124,-0.57940854046757,0.22068161618160262,-0.876454434191231,0.1739691424905894,-0.812501615639067,0.15179619171931125,-0.7160901694147158,0.32873268473735695,-0.48018803645200875,0.28997681458208,-0.6591532934303728,0.2397199878089062,-0.6218686521341594,0.2198365372187392,-0.5506187299241886,0.0,0.0,0.0,0.0,0.0,0.0,0.0,0.0,0.0,0.0,0.0,0.0,0.0,0.0,0.0,0.0,0.0,0.0,0.0,0.0,0.0,0.0,0.0,0.0,0.0,0.0,0.0,0.0,0.0,0.0,0.0,0.0,0.0,0.0,0.0,0.0,0.0,0.0,0.0,0.0,0.0,0.0,eat
0.0,0.0,-0.10740163369173539,-0.31676751783106866,-0.07929556352004559,-0.5652783848273227,0.034731813605032524,-0.6975115825053178,0.13472323397146382,-0.7447083086466518,-0.0044008663811105605,-0.702405534996811,0.03627728080655031,-0.987804941221416,0.023224420550974356,-0.9275642582178321,0.024434148884161996,-0.8203126871736097,0.1376205600396282,-0.6685635750847441,0.15748516370912127,-1.0,0.12646509384176566,-0.9463112432050921,0.113316886337662,-0.8295906705388334,0.2581080774821851,-0.591342664089539,0.2586757902166277,-0.8890462361309414,0.217255585665213,-0.8462426061365425,0.19294640804737254,-0.7552560777800441,0.35573912733795016,-0.48569208504521305,0.3776670519407779,-0.6523101877482833,0.34740911254212925,-0.6313626076905893,0.33098704637211,-0.5695309692395855,0.0,0.0,0.0,0.0,0.0,0.0,0.0,0.0,0.0,0.0,0.0,0.0,0.0,0.0,0.0,0.0,0.0,0.0,0.0,0.0,0.0,0.0,0.0,0.0,0.0,0.0,0.0,0.0,0.0,0.0,0.0,0.0,0.0,0.0,0.0,0.0,0.0,0.0,0.0,0.0,0.0,0.0,eat
0.0,0.0,-0.11699943120855255,-0.3170831340408754,-0.08222058120144266,-0.5499298705999457,0.03921510012022183,-0.6683577439662862,0.15112400946262136,-0.704886758793645,-0.01721547500549401,-0.6700275993122794,0.021919315640472097,-0.9735211422366431,0.013721124138733404,-0.9137857595304885,0.013183357679330895,-0.8091698230282973,0.13192438951872487,-0.6481145856225035,0.15461173520172705,-1.0,0.1290190286593327,-0.9414497072016753,0.11195140711247852,-0.8194759362436496,0.2573929961089494,-0.5751683751955221,0.2632232700337397,-0.8826166345644221,0.22327746680972632,-0.8325025530979743,0.20113160412115258,-0.74282094703776,0.3587598730560906,-0.47344228705870184,0.3550819576767455,-0.6684705327248989,0.3063321677417687,-0.655038005610352,0.2814430174386287,-0.6062182478638003,0.0,0.0,0.0,0.0,0.0,0.0,0.0,0.0,0.0,0.0,0.0,0.0,0.0,0.0,0.0,0.0,0.0,0.0,0.0,0.0,0.0,0.0,0.0,0.0,0.0,0.0,0.0,0.0,0.0,0.0,0.0,0.0,0.0,0.0,0.0,0.0,0.0,0.0,0.0,0.0,0.0,0.0,eat
0.0,0.0,-0.11383244251756258,-0.32757061805470006,-0.09511817240929335,-0.5912030545290818,0.007497860813591445,-0.7474817036058863,0.10466623213318639,-0.8030132229445631,-0.0007397915899509207,-0.697454459485619,0.047184292776838284,-0.9923523878367372,0.026525911466072354,-0.9521917986066816,0.024861214367230818,-0.858663613642846,0.14880386524503605,-0.6490847735417589,0.1771746070853307,-1.0,0.13573415848208578,-0.9623313927639218,0.11503526793704068,-0.8513785923306723,0.2696213283110737,-0.5659435546985897,0.2765970516582389,-0.8770322270881266,0.22983229509051323,-0.8422504008587958,0.20308092649267398,-0.752475296838055,0.3589066690485211,-0.461489830023917,0.3770368756887815,-0.6459406592844674,0.3452062467895602,-0.6379204949829977,0.3316653711459365,-0.5835999361149453,0.0,0.0,0.0,0.0,0.0,0.0,0.0,0.0,0.0,0.0,0.0,0.0,0.0,0.0,0.0,0.0,0.0,0.0,0.0,0.0,0.0,0.0,0.0,0.0,0.0,0.0,0.0,0.0,0.0,0.0,0.0,0.0,0.0,0.0,0.0,0.0,0.0,0.0,0.0,0.0,0.0,0.0,eat
0.0,0.0,-0.12650459600241287,-0.3200927409150314,-0.12050443455392704,-0.5977994639501539,-0.03025081396944945,-0.7799484386671167,0.06101594695497597,-0.8557130794731874,-0.014295854690913004,-0.7005130587641833,0.04994327163435256,-1.0,0.03183566587793064,-0.9458714999483978,0.02733775874759573,-0.8372156471512687,0.13670957086379368,-0.6524674880557072,0.18303557895461084,-0.9995912696560977,0.14509484417325944,-0.9655760492193081,0.11888654360931374,-0.8578183813529042,0.2575542734290194,-0.5759092291652261,0.27183207586307667,-0.8784139627735215,0.22622866895941682,-0.8398468487401398,0.1998815703828543,-0.7506782369144129,0.3443912489470936,-0.48013860045961726,0.3278855255301488,-0.7016966737184005,0.28208694988727556,-0.6816774020826855,0.2627373147983205,-0.6090259240626706,0.0,0.0,0.0,0.0,0.0,0.0,0.0,0.0,0.0,0.0,0.0,0.0,0.0,0.0,0.0,0.0,0.0,0.0,0.0,0.0,0.0,0.0,0.0,0.0,0.0,0.0,0.0,0.0,0.0,0.0,0.0,0.0,0.0,0.0,0.0,0.0,0.0,0.0,0.0,0.0,0.0,0.0,eat
0.0,0.0,-0.13084517923362177,-0.32704367531932427,-0.12051091882983107,-0.6050470402417251,-0.01802911687954951,-0.7835438126630957,0.08183989149842055,-0.861583917044362,-0.02244386073341574,-0.6896525202582063,0.05040808268095042,-1.0,0.036594561186650186,-0.9568081307512705,0.03206856887790139,-0.8483882708419174,0.1335125669550886,-0.639254566680401,0.17886571212745503,-0.9967295014421096,0.14412666529322896,-0.968094355170993,0.12265863205603626,-0.8549416288971295,0.26133154786430435,-0.5593833264661447,0.27737141189397063,-0.8710599505562423,0.2352875635214943,-0.8213655404477407,0.2136481939294053,-0.7180263700041203,0.3565272627386348,-0.4598581925559676,0.34424769949182804,-0.6793321659112759,0.3051370004120313,-0.6445656503227578,0.2918565444307101,-0.5570677104793298,0.0,0.0,0.0,0.0,0.0,0.0,0.0,0.0,0.0,0.0,0.0,0.0,0.0,0.0,0.0,0.0,0.0,0.0,0.0,0.0,0.0,0.0,0.0,0.0,0.0,0.0,0.0,0.0,0.0,0.0,0.0,0.0,0.0,0.0,0.0,0.0,0.0,0.0,0.0,0.0,0.0,0.0,eat
0.0,0.0,-0.1218735375938746,-0.33001517880424175,-0.09964012937383547,-0.5972318972469206,-0.00023536644120069694,-0.7450375325722634,0.09654496569659314,-0.8038577302248155,-0.025251900804183065,-0.7016606889692055,0.05377803718548015,-1.0,0.04895121197312367,-0.9603876379950164,0.046497391628690876,-0.859472592674457,0.12059827628186642,-0.6548730178191219,0.18258236530322208,-0.9955537673308616,0.14893066273871217,-0.9542453164150393,0.12209906112447483,-0.8407506859817958,0.24325769257999955,-0.5752500876364409,0.26424795845946364,-0.8686292624551673,0.22136101551208173,-0.8225696213242341,0.1969283211620851,-0.729662560849046,0.3353484822059171,-0.4756712606005557,0.3225235150587898,-0.7060620241513943,0.27784671652590154,-0.6776778329019145,0.2591646995235686,-0.5977582339400825,0.0,0.0,0.0,0.0,0.0,0.0,0.0,0.0,0.0,0.0,0.0,0.0,0.0,0.0,0.0,0.0,0.0,0.0,0.0,0.0,0.0,0.0,0.0,0.0,0.0,0.0,0.0,0.0,0.0,0.0,0.0,0.0,0.0,0.0,0.0,0.0,0.0,0.0,0.0,0.0,0.0,0.0,eat
0.0,0.0,-0.1204427428465994,-0.3184845895774914,-0.10313988176174585,-0.5919458364974378,0.001966277243714419,-0.7576990150025026,0.11355578106852297,-0.8175406938838176,-0.055289843448255445,-0.6697442531485566,0.04466258310722752,-0.9907772234044824,0.05223560765608875,-0.9614049243678618,0.0504259578888957,-0.8717093599891497,0.08950743928878045,-0.6368989549677072,0.164518575330243,-1.0,0.15146135156775498,-0.9578878629884798,0.13014366354077236,-0.8476413967453155,0.2188228705031563,-0.5744510637243191,0.26282985574437295,-0.9102366210874973,0.23359525119260635,-0.8670687116133594,0.2076546429547584,-0.779927379928688,0.32067720213068446,-0.49578861418074194,0.3415728565615897,-0.7495275357988449,0.30117208987869803,-0.7315873213672236,0.27552511512980116,-0.6706716255040479,0.0,0.0,0.0,0.0,0.0,0.0,0.0,0.0,0.0,0.0,0.0,0.0,0.0,0.0,0.0,0.0,0.0,0.0,0.0,0.0,0.0,0.0,0.0,0.0,0.0,0.0,0.0,0.0,0.0,0.0,0.0,0.0,0.0,0.0,0.0,0.0,0.0,0.0,0.0,0.0,0.0,0.0,eat
0.0,0.0,-0.11147865688414796,-0.32448479176929207,-0.0901942004684522,-0.5796962195879981,0.014354410023285394,-0.7196545473755562,0.12465970666165374,-0.7640072559321499,-0.051038512149707116,-0.672322213882596,0.04360282827672984,-0.9682587272205856,0.06362422010392668,-0.9318813007438428,0.060701710934530584,-0.8464416019583333,0.08617088351402269,-0.6373917201691038,0.1656242324532817,-1.0,0.16139063342586202,-0.9537129021944803,0.1392326316612764,-0.8413121601354587,0.2078513082769494,-0.5700167265153001,0.2577859253028679,-0.888129937169226,0.23498524252075034,-0.8403928192617006,0.20819503199169026,-0.7532866436236849,0.30467368201508543,-0.4815596686530833,0.30893060760198854,-0.7207786817200731,0.2747520523941969,-0.6941606760860228,0.25325285441619794,-0.6285492389366931,0.0,0.0,0.0,0.0,0.0,0.0,0.0,0.0,0.0,0.0,0.0,0.0,0.0,0.0,0.0,0.0,0.0,0.0,0.0,0.0,0.0,0.0,0.0,0.0,0.0,0.0,0.0,0.0,0.0,0.0,0.0,0.0,0.0,0.0,0.0,0.0,0.0,0.0,0.0,0.0,0.0,0.0,eat
0.0,0.0,-0.09697644425307418,-0.32322866678166995,-0.07203896029806672,-0.5717212864246799,0.03299495660890696,-0.7051748751376983,0.14305715345193157,-0.7455834672396908,-0.06610044538861821,-0.6666753824650813,0.044818503119350296,-0.9632717386727446,0.08060630715922473,-0.9050601661751861,0.07530449830279634,-0.8029640958909878,0.0697133702158756,-0.6288027481251978,0.1679487945711216,-1.0,0.17995673115451957,-0.9378191170737736,0.1527096172157167,-0.8149732209923514,0.19443950171893656,-0.5600605668755289,0.2575581253200509,-0.8817282002034743,0.25177921139455944,-0.8156707112498999,0.22293405015681644,-0.7251783116525018,0.29412525756882196,-0.46704579257848633,0.30613319415221996,-0.7167717542932664,0.2853655405855115,-0.673917871371115,0.2660862510883429,-0.6014512143936996,0.0,0.0,0.0,0.0,0.0,0.0,0.0,0.0,0.0,0.0,0.0,0.0,0.0,0.0,0.0,0.0,0.0,0.0,0.0,0.0,0.0,0.0,0.0,0.0,0.0,0.0,0.0,0.0,0.0,0.0,0.0,0.0,0.0,0.0,0.0,0.0,0.0,0.0,0.0,0.0,0.0,0.0,eat
0.0,0.0,-0.08862182004939537,-0.33368219766123447,-0.05775652859659412,-0.5841406571895076,0.053772079925487756,-0.7082237807328059,0.16783810559513176,-0.7379070116958726,-0.04958451519502379,-0.6763485321627123,0.07306810556445988,-0.977940778036747,0.1036564980269456,-0.948755113259355,0.10169042999601606,-0.8580774247064785,0.08404523353746043,-0.6281340279720804,0.1875771696186087,-1.0,0.18763050462412795,-0.9495559903390368,0.15995798632919864,-0.8282752549771103,0.20704018664866342,-0.5518274822162689,0.2765443892085392,-0.8790068987892442,0.25682952189683134,-0.8210714508450616,0.22365225167442948,-0.7289443451773397,0.30459587572159874,-0.45534394603383516,0.31029726853204004,-0.7097890694251372,0.278781051452774,-0.6756594370754286,0.2583586859208877,-0.6056948153944252,0.0,0.0,0.0,0.0,0.0,0.0,0.0,0.0,0.0,0.0,0.0,0.0,0.0,0.0,0.0,0.0,0.0,0.0,0.0,0.0,0.0,0.0,0.0,0.0,0.0,0.0,0.0,0.0,0.0,0.0,0.0,0.0,0.0,0.0,0.0,0.0,0.0,0.0,0.0,0.0,0.0,0.0,eat
0.0,0.0,-0.09597438372186969,-0.3137856622997324,-0.07617299268139863,-0.5701177392692529,0.027102895224085443,-0.7010332399469383,0.13749037445184242,-0.7416501198311602,-0.058914891883764614,-0.6686769828629204,0.05819446339475693,-0.9608279999611122,0.07163218119530786,-0.9097912232433228,0.058273244546416685,-0.8123117842858086,0.06307755384188858,-0.6322163953969011,0.17104209360742917,-1.0,0.16592131874954533,-0.936644197835228,0.1377806913766822,-0.8114146848737172,0.17915537889208222,-0.5638651977390144,0.25503688131233976,-0.874565991283117,0.2321698977554747,-0.8087223809206131,0.2012603643309787,-0.7137377901786388,0.2736659417683251,-0.4732038484089727,0.2883520893934756,-0.7016561139034653,0.25310121165411253,-0.6596607314846693,0.23243691557375978,-0.5876215702122767,0.0,0.0,0.0,0.0,0.0,0.0,0.0,0.0,0.0,0.0,0.0,0.0,0.0,0.0,0.0,0.0,0.0,0.0,0.0,0.0,0.0,0.0,0.0,0.0,0.0,0.0,0.0,0.0,0.0,0.0,0.0,0.0,0.0,0.0,0.0,0.0,0.0,0.0,0.0,0.0,0.0,0.0,eat
0.0,0.0,-0.0947792386760318,-0.3203887994569566,-0.06177186996945381,-0.5772446544163851,0.05820985138548313,-0.6996495570733995,0.18093456217806209,-0.7294000624281838,-0.0704129937858059,-0.6745351621974175,0.05024514648132675,-0.975467972842377,0.0814950186943786,-0.9111083319816314,0.07018229574874973,-0.813863145971542,0.06241438274474097,-0.6306425604824145,0.17432082088972428,-1.0,0.1837201472650867,-0.9260522488458283,0.1520625494961446,-0.8038184103167344,0.1873932553026472,-0.5599412793415871,0.2725005554472679,-0.8747258544005736,0.25923184028199003,-0.8029269685664554,0.2186915161733977,-0.7073839047056947,0.2851429441840241,-0.47122510539867485,0.29159158473535496,-0.6883146843900917,0.2614602742750902,-0.6460758161667187,0.23560999696037446,-0.5804359204681296,0.0,0.0,0.0,0.0,0.0,0.0,0.0,0.0,0.0,0.0,0.0,0.0,0.0,0.0,0.0,0.0,0.0,0.0,0.0,0.0,0.0,0.0,0.0,0.0,0.0,0.0,0.0,0.0,0.0,0.0,0.0,0.0,0.0,0.0,0.0,0.0,0.0,0.0,0.0,0.0,0.0,0.0,eat
0.0,0.0,-0.09211778857300279,-0.32229088191411887,-0.06125485171415869,-0.5798947420101849,0.055780051988009484,-0.7041920446889585,0.17580849401155957,-0.7342583525856261,-0.06832461411313528,-0.6724588337338355,0.05166410727095681,-0.9675368157480573,0.08274116053820955,-0.9302283953816318,0.08117074624341626,-0.8521256849679371,0.0695285074858915,-0.6268063514836767,0.18222584916931017,-1.0,0.1827338642147383,-0.9439366188155135,0.15298702618220897,-0.8312479713493153,0.19688464035262382,-0.5573842203025997,0.2778782632295301,-0.8674742173840703,0.25655731500751455,-0.8168950120423433,0.21492224301257695,-0.7350449235318024,0.29465332916920106,-0.47164525957182174,0.28431368872111135,-0.6827817676468743,0.2472026782280435,-0.6504597365686278,0.22194512482850232,-0.5912364336116392,0.0,0.0,0.0,0.0,0.0,0.0,0.0,0.0,0.0,0.0,0.0,0.0,0.0,0.0,0.0,0.0,0.0,0.0,0.0,0.0,0.0,0.0,0.0,0.0,0.0,0.0,0.0,0.0,0.0,0.0,0.0,0.0,0.0,0.0,0.0,0.0,0.0,0.0,0.0,0.0,0.0,0.0,eat
0.0,0.0,-0.09007468968814702,-0.3156710030871457,-0.06247836645971019,-0.5571065784919255,0.05650786039108526,-0.6822869311300414,0.17694586015658295,-0.7245391222171281,-0.09354623662406542,-0.654083113516671,0.06483251690487842,-0.9579303556220525,0.11168822005022842,-0.917948062652839,0.10857772944190557,-0.8369587577836863,0.03758619188607962,-0.6128486203330354,0.18605687172512958,-1.0,0.20816626213847853,-0.9419466359800968,0.18031261826042816,-0.828334829982314,0.167468350964303,-0.5442356312921569,0.28511531686247144,-0.8774286610971198,0.28059114241241095,-0.8128692621532226,0.24208712673586122,-0.7222934466433522,0.27784328786282037,-0.4552202390940628,0.3088518303467053,-0.7070995925697873,0.2868589889861145,-0.6785721055990587,0.2620414128272764,-0.6194368012761419,0.0,0.0,0.0,0.0,0.0,0.0,0.0,0.0,0.0,0.0,0.0,0.0,0.0,0.0,0.0,0.0,0.0,0.0,0.0,0.0,0.0,0.0,0.0,0.0,0.0,0.0,0.0,0.0,0.0,0.0,0.0,0.0,0.0,0.0,0.0,0.0,0.0,0.0,0.0,0.0,0.0,0.0,eat
0.0,0.0,-0.10260922803773716,-0.31709377265501854,-0.08229177861082708,-0.563033240720872,0.03449321193948137,-0.6844986202645214,0.15739696090638627,-0.7086967616909959,-0.09741898626635494,-0.6431678152502164,0.06352769114928482,-0.9349369746354806,0.08206809448781412,-0.8938862123416927,0.07393075313639096,-0.7969805793873855,0.0425274625644142,-0.6000811423782698,0.19019958994744648,-1.0,0.17814970173699998,-0.9430155070155952,0.14725923939697,-0.8158229037839723,0.1741188368285582,-0.5310131560569565,0.28535863145922913,-0.8711677466397499,0.25652088226058883,-0.8099630098571537,0.21788006260355017,-0.7185815696184453,0.27881823372155423,-0.43979064006214147,0.29853289119255144,-0.6935401495498138,0.2596741632936104,-0.66867620655531,0.23616335171930478,-0.6140584246126747,0.0,0.0,0.0,0.0,0.0,0.0,0.0,0.0,0.0,0.0,0.0,0.0,0.0,0.0,0.0,0.0,0.0,0.0,0.0,0.0,0.0,0.0,0.0,0.0,0.0,0.0,0.0,0.0,0.0,0.0,0.0,0.0,0.0,0.0,0.0,0.0,0.0,0.0,0.0,0.0,0.0,0.0,eat
0.0,0.0,-0.08929979657841368,-0.32601962090838155,-0.062075708478110156,-0.5612777735750903,0.053327440359547396,-0.6725883108408955,0.1743399679375248,-0.69174703874613,-0.08970722697586471,-0.6549663848332955,0.0716588721207417,-0.9371928511941217,0.1101958463861321,-0.9209059980870288,0.10992503211601629,-0.8430531131033001,0.04691114563071918,-0.6119949996079411,0.18388237126909301,-1.0,0.19930652202973914,-0.9778982394654457,0.18176197152788645,-0.8746962406903277,0.17776487034594105,-0.5396157408031094,0.29179028612702085,-0.8750271591479437,0.2799431980885487,-0.8388081685045077,0.2390424712078489,-0.7670378963810716,0.283799710739962,-0.4432891083958296,0.31280827144156437,-0.6990597148919869,0.28669870150775156,-0.7090974596308843,0.261135768796462,-0.6800346669899857,0.0,0.0,0.0,0.0,0.0,0.0,0.0,0.0,0.0,0.0,0.0,0.0,0.0,0.0,0.0,0.0,0.0,0.0,0.0,0.0,0.0,0.0,0.0,0.0,0.0,0.0,0.0,0.0,0.0,0.0,0.0,0.0,0.0,0.0,0.0,0.0,0.0,0.0,0.0,0.0,0.0,0.0,eat
0.0,0.0,-0.0828844554525156,-0.3394409074083498,-0.046760271675974185,-0.5702246701470823,0.0718548514712064,-0.6695988087860395,0.19718414670446838,-0.6794335738579843,-0.07802005293819532,-0.6696117052386785,0.07237994622527802,-0.9478296664419663,0.11664475431560617,-0.9221744395097117,0.11811216149425968,-0.8450958276141632,0.05748907461329812,-0.6294706250178633,0.19541053591383217,-1.0,0.21893244559265473,-0.9612147900701498,0.2031348139390437,-0.8519654542374606,0.1870754191521384,-0.55551016623876,0.30174300785707664,-0.8762139221737424,0.29432632765494393,-0.8230042042435604,0.2535320595356022,-0.7397593452227008,0.2916233008923648,-0.4576992867913138,0.31606399568352245,-0.6994143616290799,0.2892677812454906,-0.6900093621275104,0.2600381456155895,-0.6445497151278178,0.0,0.0,0.0,0.0,0.0,0.0,0.0,0.0,0.0,0.0,0.0,0.0,0.0,0.0,0.0,0.0,0.0,0.0,0.0,0.0,0.0,0.0,0.0,0.0,0.0,0.0,0.0,0.0,0.0,0.0,0.0,0.0,0.0,0.0,0.0,0.0,0.0,0.0,0.0,0.0,0.0,0.0,eat
0.0,0.0,-0.08731378690341342,-0.3362636054391994,-0.06111623688914489,-0.5826410615087528,0.05638136022003302,-0.7122287447018227,0.17786329170656895,-0.7514386706980376,-0.09618846367301777,-0.6544882849224509,0.08728717565350752,-0.9364491838924905,0.12084133567465646,-0.894177213416972,0.11468853457799284,-0.8019475233154816,0.04623949774767283,-0.6032598781134725,0.20145591548827266,-1.0,0.21210531752298284,-0.9504221909812374,0.19089457568186952,-0.8281925183871481,0.18408262092799732,-0.5288317136069274,0.3053630422261011,-0.872256896603039,0.28945441685472534,-0.8154121154718157,0.2470637461987055,-0.7271860178890626,0.295722591725652,-0.4380950546843678,0.3188393643412753,-0.6958362147597897,0.28837753660359916,-0.6772762685425263,0.26340988152741573,-0.6266872320273396,0.0,0.0,0.0,0.0,0.0,0.0,0.0,0.0,0.0,0.0,0.0,0.0,0.0,0.0,0.0,0.0,0.0,0.0,0.0,0.0,0.0,0.0,0.0,0.0,0.0,0.0,0.0,0.0,0.0,0.0,0.0,0.0,0.0,0.0,0.0,0.0,0.0,0.0,0.0,0.0,0.0,0.0,eat
0.0,0.0,-0.10678112071089363,-0.32310701633662103,-0.08982734550438504,-0.5829145817581478,0.030770099367660342,-0.7261892119966131,0.15507560182707364,-0.7621200794035109,-0.11172366360549708,-0.6595337309172464,0.05553803382861415,-0.9445966533855517,0.06825686072952683,-0.8980316906094871,0.05806080853389516,-0.787325880050859,0.03658253405940538,-0.6090870861686674,0.18334168712638016,-1.0,0.17685971008090437,-0.9771679508853605,0.15723325206083827,-0.8699201150841185,0.17721527724681635,-0.5399898904945162,0.2891854839394789,-0.8752545075085024,0.25907890936276134,-0.8410520965188754,0.22035642378367357,-0.7586936083571912,0.2915057853556592,-0.45576029428005876,0.3103956228956229,-0.7188120339928582,0.2705697994806489,-0.714389125343709,0.24815190027553358,-0.6669480762205742,0.0,0.0,0.0,0.0,0.0,0.0,0.0,0.0,0.0,0.0,0.0,0.0,0.0,0.0,0.0,0.0,0.0,0.0,0.0,0.0,0.0,0.0,0.0,0.0,0.0,0.0,0.0,0.0,0.0,0.0,0.0,0.0,0.0,0.0,0.0,0.0,0.0,0.0,0.0,0.0,0.0,0.0,eat
0.0,0.0,-0.09622174088263492,-0.31926489493401766,-0.06133172636545442,-0.5532928074972222,0.07223822793179993,-0.6523050807373804,0.20063581182617582,-0.6601211224459191,-0.10405346845469422,-0.6639495073776994,0.05909416379006316,-0.9207919051291394,0.10631188805740406,-0.8980946329869918,0.12193966217131652,-0.8160765277083022,0.037143952444598734,-0.6299932326703097,0.18151198624056736,-0.958672403670699,0.21469241400613162,-1.0,0.21941023911116658,-0.9665746314425375,0.16946386407975175,-0.5608106454267434,0.2926756325453744,-0.850392370671779,0.28372555461593596,-0.8226328739156501,0.24909961419670623,-0.7494615956625656,0.2815857270363267,-0.4677162520370076,0.28940314772187825,-0.6616655767002528,0.2552936341939414,-0.6540801688971045,0.22975601414968314,-0.6148341383686219,0.0,0.0,0.0,0.0,0.0,0.0,0.0,0.0,0.0,0.0,0.0,0.0,0.0,0.0,0.0,0.0,0.0,0.0,0.0,0.0,0.0,0.0,0.0,0.0,0.0,0.0,0.0,0.0,0.0,0.0,0.0,0.0,0.0,0.0,0.0,0.0,0.0,0.0,0.0,0.0,0.0,0.0,eat
0.0,0.0,-0.09413085196817526,-0.30796653279104375,-0.06158787687514953,-0.5399283621191374,0.06292188213176143,-0.6470268243310885,0.18294553518858817,-0.660927491673072,-0.10342120936009488,-0.6448549511074009,0.05868571127999688,-0.8928431686951623,0.13000646471639238,-0.8988080148909058,0.16420583249767118,-0.8389372752832344,0.03367014336060052,-0.6121516306865326,0.16108393441621574,-0.9301131919240252,0.2120060473095072,-1.0,0.22917945611543505,-0.9906656961108198,0.16353628470543122,-0.5431271241514,0.27891331680673553,-0.8276584661484713,0.28177917139642966,-0.8162904065984223,0.24962407928694688,-0.7524811106416698,0.27434135399327736,-0.4526014120569506,0.28317103671314137,-0.6352661308248198,0.25354481948848995,-0.6327847656667566,0.22478344896861474,-0.5942900095528486,0.0,0.0,0.0,0.0,0.0,0.0,0.0,0.0,0.0,0.0,0.0,0.0,0.0,0.0,0.0,0.0,0.0,0.0,0.0,0.0,0.0,0.0,0.0,0.0,0.0,0.0,0.0,0.0,0.0,0.0,0.0,0.0,0.0,0.0,0.0,0.0,0.0,0.0,0.0,0.0,0.0,0.0,eat
0.0,0.0,-0.09022141720946973,-0.295153170815855,-0.06542647153953712,-0.5306917193712275,0.05039368772692818,-0.6554181615521265,0.16457739318514686,-0.6835762470371827,-0.09937617040616101,-0.6263292247826714,0.06417068481926191,-0.8630985139884788,0.12912360318400237,-0.8484387673352807,0.15455398920862712,-0.7636311161756144,0.03818049425350272,-0.5876146355299234,0.17576054630288493,-0.910665147315675,0.22069551774870663,-0.9980560268971569,0.23729940337276015,-1.0,0.16756119285639645,-0.5158677633859633,0.2882331573473724,-0.8100927368056143,0.28655274851589596,-0.8401576409587834,0.25404527201524657,-0.8099514172592301,0.2754395916993012,-0.4202050460366668,0.2962230194944675,-0.6280436365566464,0.26717488625601066,-0.6781487139423675,0.2401405565535281,-0.6910330093931055,0.0,0.0,0.0,0.0,0.0,0.0,0.0,0.0,0.0,0.0,0.0,0.0,0.0,0.0,0.0,0.0,0.0,0.0,0.0,0.0,0.0,0.0,0.0,0.0,0.0,0.0,0.0,0.0,0.0,0.0,0.0,0.0,0.0,0.0,0.0,0.0,0.0,0.0,0.0,0.0,0.0,0.0,eat
0.0,0.0,-0.0765124169937059,-0.30051886724372523,-0.055658500198782115,-0.5240109769714528,0.05359342956224636,-0.6471250070525008,0.17547392805268316,-0.676946588623365,-0.09008274059524418,-0.6125116612280405,0.06835398567981515,-0.8404812888953619,0.14628936771542272,-0.8517377361931716,0.19211372961171228,-0.7929667869856103,0.042481312513038924,-0.5770546394958413,0.17149779371533613,-0.8896493562214866,0.23320733958676937,-0.9870480003044056,0.2703110382462038,-1.0,0.1690561523392653,-0.5128552328243724,0.28744074259225,-0.813105448991722,0.3076853561217675,-0.8591353174806237,0.29373649364094045,-0.8403969869092465,0.2819896515211752,-0.42903314478554494,0.3234931265999336,-0.6626241076126334,0.31255863416349466,-0.7510250727883686,0.2948366837632407,-0.7983604739805364,0.0,0.0,0.0,0.0,0.0,0.0,0.0,0.0,0.0,0.0,0.0,0.0,0.0,0.0,0.0,0.0,0.0,0.0,0.0,0.0,0.0,0.0,0.0,0.0,0.0,0.0,0.0,0.0,0.0,0.0,0.0,0.0,0.0,0.0,0.0,0.0,0.0,0.0,0.0,0.0,0.0,0.0,eat
0.0,0.0,-0.0758792035910605,-0.3006859252498144,-0.04938440422589896,-0.5241534919521282,0.06480103399655335,-0.6419868672901525,0.18482518101751255,-0.6604707477062033,-0.0896384077270467,-0.6296371475863196,0.08542613191289362,-0.8625782479275794,0.15410550443092727,-0.8612833681858741,0.18327214271604603,-0.7855969320681975,0.0450171651601741,-0.5866050446498512,0.1973787369984129,-0.9208365972113426,0.2500430831897227,-1.0,0.2730065936012097,-0.9871285139194463,0.17525901000619853,-0.5142402713730084,0.3060367552398014,-0.8184253009011709,0.33034384812920187,-0.8636020271236777,0.3167385855090628,-0.8480062530226349,0.2881029092221867,-0.41892220504192523,0.3419938491509376,-0.6639065043696231,0.3403018547909188,-0.754029385119441,0.32806469630608476,-0.8075962645341906,0.0,0.0,0.0,0.0,0.0,0.0,0.0,0.0,0.0,0.0,0.0,0.0,0.0,0.0,0.0,0.0,0.0,0.0,0.0,0.0,0.0,0.0,0.0,0.0,0.0,0.0,0.0,0.0,0.0,0.0,0.0,0.0,0.0,0.0,0.0,0.0,0.0,0.0,0.0,0.0,0.0,0.0,eat
0.0,0.0,-0.08417811115210354,-0.3062544993788957,-0.06038408287285947,-0.5365522287211332,0.053227047813284585,-0.6588866273968477,0.17347791452665498,-0.6874871322945209,-0.09620034792893849,-0.6367310293749853,0.07065907523859662,-0.878604512022064,0.13355987403811742,-0.8759311382582274,0.16118951487541297,-0.7994834954836945,0.04179879813903616,-0.5961295323685836,0.18631608473548142,-0.9313907761523592,0.23430019026932022,-1.0,0.25388915603051493,-0.9786862435419663,0.17486279053379042,-0.5263610059816695,0.30642946562923595,-0.8461430045971389,0.31551821099858923,-0.8590065647751658,0.2911524766101386,-0.8079837808185865,0.2915877332250028,-0.4336834730990686,0.33401005373691983,-0.6847381067857197,0.31583705374106513,-0.7502690991293486,0.29342202895907343,-0.7707182148675369,0.0,0.0,0.0,0.0,0.0,0.0,0.0,0.0,0.0,0.0,0.0,0.0,0.0,0.0,0.0,0.0,0.0,0.0,0.0,0.0,0.0,0.0,0.0,0.0,0.0,0.0,0.0,0.0,0.0,0.0,0.0,0.0,0.0,0.0,0.0,0.0,0.0,0.0,0.0,0.0,0.0,0.0,eat
0.0,0.0,-0.08752320289459055,-0.3017012315201312,-0.06530058432931352,-0.5299036347948521,0.04723665135286841,-0.6556444784850781,0.16590675364078486,-0.6814725475600448,-0.10013655887780773,-0.6282956859778464,0.055094339368665896,-0.8520661513010447,0.13257652748743778,-0.8802521998161268,0.18085352327289028,-0.8434576923232239,0.035380291908903315,-0.5888692736467614,0.16682847558833389,-0.8986593808343755,0.2224373505020171,-0.9903752576042902,0.2524121587878902,-1.0,0.1651083654259035,-0.521600060842398,0.28251282468909134,-0.8222988061698498,0.30225261575198914,-0.8662816679970332,0.28984318948772586,-0.8450928317694235,0.27948349246133075,-0.433970854876074,0.3241912133885581,-0.6752873524538197,0.31542055288510074,-0.7613628562544504,0.2989939467198275,-0.8045215862636171,0.0,0.0,0.0,0.0,0.0,0.0,0.0,0.0,0.0,0.0,0.0,0.0,0.0,0.0,0.0,0.0,0.0,0.0,0.0,0.0,0.0,0.0,0.0,0.0,0.0,0.0,0.0,0.0,0.0,0.0,0.0,0.0,0.0,0.0,0.0,0.0,0.0,0.0,0.0,0.0,0.0,0.0,eat
0.0,0.0,-0.09174138661820501,-0.2953469850968688,-0.07492883800475779,-0.5230571062315079,0.030797554926524185,-0.6544431356521337,0.14886741643135376,-0.6898803803615963,-0.10597877828273977,-0.6333670650544764,0.04772682746104124,-0.8631985315510956,0.1248952841814296,-0.8918585581531314,0.1698419131153959,-0.8523215148354727,0.03053707809381229,-0.5975817144919118,0.16564346729956972,-0.9133550414576511,0.22445510760120635,-0.9992672905485646,0.25349250711619953,-1.0,0.16247263960301472,-0.5312949227848881,0.28252112651323613,-0.825260158338237,0.31568793601463213,-0.8849353490647797,0.31291789487891875,-0.8821811465732232,0.2773179597484961,-0.4411837114006216,0.32896691754849466,-0.6796493048728967,0.33409726098194775,-0.777365475680967,0.32756588617730537,-0.8341291104294373,0.0,0.0,0.0,0.0,0.0,0.0,0.0,0.0,0.0,0.0,0.0,0.0,0.0,0.0,0.0,0.0,0.0,0.0,0.0,0.0,0.0,0.0,0.0,0.0,0.0,0.0,0.0,0.0,0.0,0.0,0.0,0.0,0.0,0.0,0.0,0.0,0.0,0.0,0.0,0.0,0.0,0.0,eat
0.0,0.0,-0.0973948302182401,-0.2906254857414615,-0.08118509078668756,-0.5345079312466309,0.01851985290762051,-0.6794008562431739,0.12887396508117221,-0.733201709192313,-0.09956786380813071,-0.6292131477281968,0.06208466424349231,-0.8720517959523861,0.13005518537695596,-0.8988844545232759,0.1643150346268253,-0.849946763593641,0.03539354623092076,-0.5848198523243019,0.17057009791861608,-0.9111118431188471,0.21253610142058682,-1.0,0.22564893343613468,-0.9953430582848578,0.16263747877320536,-0.5159189379208258,0.2830483478528211,-0.8125344200903183,0.3009342706234887,-0.8851181340390802,0.2860623897055922,-0.8880594326230914,0.2701357313906763,-0.4289910748813032,0.3113677827611492,-0.6619544812427021,0.30482586393783334,-0.7587442041285922,0.29008282781908473,-0.8128494121691939,0.0,0.0,0.0,0.0,0.0,0.0,0.0,0.0,0.0,0.0,0.0,0.0,0.0,0.0,0.0,0.0,0.0,0.0,0.0,0.0,0.0,0.0,0.0,0.0,0.0,0.0,0.0,0.0,0.0,0.0,0.0,0.0,0.0,0.0,0.0,0.0,0.0,0.0,0.0,0.0,0.0,0.0,eat
0.0,0.0,-0.0996531487867921,-0.2942207748559868,-0.08712823136735338,-0.560185829678901,0.018224472937120498,-0.711165097577845,0.14720478620147048,-0.7706502826637204,-0.08520976913439263,-0.6413066994111647,0.07855043153462654,-0.9399116912329986,0.1380560023478481,-0.9277654708386762,0.14615060534590907,-0.8199896198080215,0.04290920123577912,-0.5956632395381732,0.19609765755136926,-1.0,0.23286524519989582,-0.985657630708325,0.2190242546078172,-0.8777594653135931,0.1696819789802949,-0.5129552215561252,0.29722408836312897,-0.8558012821336914,0.29583198193714366,-0.797085245030933,0.25534904956596766,-0.6959646911856155,0.2801867626473236,-0.39981516940539424,0.32146106528097596,-0.6629857266850641,0.2990145429207715,-0.6296739789597255,0.2711852702651577,-0.55572300828689,0.0,0.0,0.0,0.0,0.0,0.0,0.0,0.0,0.0,0.0,0.0,0.0,0.0,0.0,0.0,0.0,0.0,0.0,0.0,0.0,0.0,0.0,0.0,0.0,0.0,0.0,0.0,0.0,0.0,0.0,0.0,0.0,0.0,0.0,0.0,0.0,0.0,0.0,0.0,0.0,0.0,0.0,eat
0.0,0.0,-0.0897566135198512,-0.297942741168922,-0.07237431371176291,-0.5565497176898709,0.050931482685724554,-0.6895894937183019,0.18598835249683696,-0.7169569400367946,-0.10427936397039984,-0.65573862188775,0.06957502997041572,-0.9179189524897639,0.11734689826947464,-0.8532835378154111,0.1218339801361642,-0.7375107630060056,0.03151855639670798,-0.618290578427219,0.1818614208394892,-1.0,0.21595696385434343,-0.9591615645387009,0.21107129891529108,-0.8447117463099039,0.1671244928846877,-0.5439805475582321,0.2862353332616401,-0.8946455984808734,0.28873310848604833,-0.8191804164895387,0.2589184090166023,-0.7141955478505384,0.28675787584994367,-0.44150843032969983,0.33242405630179866,-0.6977466433495269,0.30729130955379624,-0.657475137726781,0.28394776594999904,-0.5908015182604817,0.0,0.0,0.0,0.0,0.0,0.0,0.0,0.0,0.0,0.0,0.0,0.0,0.0,0.0,0.0,0.0,0.0,0.0,0.0,0.0,0.0,0.0,0.0,0.0,0.0,0.0,0.0,0.0,0.0,0.0,0.0,0.0,0.0,0.0,0.0,0.0,0.0,0.0,0.0,0.0,0.0,0.0,eat
0.0,0.0,-0.09344897516408712,-0.3037066791361163,-0.07807362939583416,-0.5646150630903686,0.023923341860804578,-0.72420723674798,0.14560044420603424,-0.7775746220137703,-0.08357585857557787,-0.6443128117437876,0.06314143927246411,-0.9479133653351955,0.12833222438779507,-0.9915005391394993,0.1538805910142451,-0.9705090512774727,0.056642426819555065,-0.5932700467713024,0.19723486814534927,-1.0,0.22191793126904058,-0.9875402090854333,0.20171061338753826,-0.8861848808405722,0.18972168666451036,-0.5201078930964428,0.30607349610504764,-0.8594220468031762,0.30481447769751757,-0.8326204570207844,0.2682075033295531,-0.7583267804733345,0.2966328501663056,-0.42875734231210977,0.340775281513401,-0.6797699719763365,0.31473015316487746,-0.6681483193227089,0.2822698624098612,-0.6158389296749842,0.0,0.0,0.0,0.0,0.0,0.0,0.0,0.0,0.0,0.0,0.0,0.0,0.0,0.0,0.0,0.0,0.0,0.0,0.0,0.0,0.0,0.0,0.0,0.0,0.0,0.0,0.0,0.0,0.0,0.0,0.0,0.0,0.0,0.0,0.0,0.0,0.0,0.0,0.0,0.0,0.0,0.0,eat
0.0,0.0,-0.08847683591027686,-0.3245344123230337,-0.060506427891557135,-0.5810149362252188,0.04811146625370246,-0.7266920366995667,0.16939591558801423,-0.7665846915673575,-0.0427342689642416,-0.6565857530898648,0.0903156840127965,-0.9544202116725583,0.11029538372618541,-0.9099502291504021,0.10262490729429273,-0.809655523520534,0.0911911738131273,-0.6070556099334365,0.21199864806765625,-1.0,0.2116123816837309,-0.9671993095488387,0.1852828957481941,-0.8548185133785563,0.21362128640196767,-0.5305496591944713,0.2962217609273801,-0.8702496424018242,0.27688465510636706,-0.8354469702052999,0.24054721307738924,-0.7501616247897812,0.3088760677798097,-0.43534209604187013,0.32185539933305146,-0.6779397516747382,0.2886996846319588,-0.6554038773618432,0.2627589502500968,-0.5898248629872663,0.0,0.0,0.0,0.0,0.0,0.0,0.0,0.0,0.0,0.0,0.0,0.0,0.0,0.0,0.0,0.0,0.0,0.0,0.0,0.0,0.0,0.0,0.0,0.0,0.0,0.0,0.0,0.0,0.0,0.0,0.0,0.0,0.0,0.0,0.0,0.0,0.0,0.0,0.0,0.0,0.0,0.0,eat
0.0,0.0,-0.07893797727827913,-0.32666456608168914,-0.04519261066129483,-0.5667377089226477,0.06917946194341874,-0.6962306300692839,0.19440613040384336,-0.7272756238914398,-0.0385444362230538,-0.6768403425605659,0.08628412417997529,-0.9726287876910441,0.1323205681492312,-0.9401411168267477,0.12665695441140548,-0.8534438382643975,0.08989612725296589,-0.6357316585298501,0.2128989488814385,-1.0,0.23961396440570557,-0.9516145591780812,0.21173135406303878,-0.8395374936716927,0.20977143747278384,-0.5564113275815068,0.2980730083091117,-0.8650847373619721,0.29812717507903747,-0.8003037587489954,0.2603577131002156,-0.7063467168918895,0.30509043726390545,-0.45135328417020404,0.3251132014685213,-0.668037003338514,0.3069181232099299,-0.6285742102449542,0.2811915627290139,-0.5571742647657553,0.0,0.0,0.0,0.0,0.0,0.0,0.0,0.0,0.0,0.0,0.0,0.0,0.0,0.0,0.0,0.0,0.0,0.0,0.0,0.0,0.0,0.0,0.0,0.0,0.0,0.0,0.0,0.0,0.0,0.0,0.0,0.0,0.0,0.0,0.0,0.0,0.0,0.0,0.0,0.0,0.0,0.0,eat
0.0,0.0,-0.08644694832141003,-0.3461868879461088,-0.056546022392799045,-0.5911298764945206,0.05792074219282398,-0.7080664244308279,0.1815592530513886,-0.7338183608192714,-0.05409508819955748,-0.6736453255539477,0.09223218972111946,-0.9758020316491853,0.11819436671180798,-0.9157700025808846,0.10133216420226016,-0.8142002302497079,0.07801630017138234,-0.6230251882740842,0.21842131781709356,-1.0,0.2229762892098723,-0.9271679430929437,0.18344000023198964,-0.7967984706083638,0.201013395951201,-0.5396386906505279,0.2966110664853281,-0.8598782634416242,0.28434153368344434,-0.7879868519877161,0.24181910318608757,-0.6892691021711329,0.29665003349350283,-0.434984543690897,0.3174051307406559,-0.6627911107373501,0.2934777565442825,-0.6198770164973626,0.26683211635439896,-0.5487138349915759,0.0,0.0,0.0,0.0,0.0,0.0,0.0,0.0,0.0,0.0,0.0,0.0,0.0,0.0,0.0,0.0,0.0,0.0,0.0,0.0,0.0,0.0,0.0,0.0,0.0,0.0,0.0,0.0,0.0,0.0,0.0,0.0,0.0,0.0,0.0,0.0,0.0,0.0,0.0,0.0,0.0,0.0,eat
0.0,0.0,-0.09616309528140575,-0.3351013206242951,-0.07160330337977953,-0.5939207625422928,0.04196547458798705,-0.7302812238512751,0.15707770946265506,-0.7633986975661222,-0.06852312002037327,-0.6818365045294139,0.06623676647142285,-0.9784509040637392,0.08783788700112781,-0.9385822388765598,0.08250227380216102,-0.8510532251609851,0.07497726197838979,-0.6300152799505221,0.19913031614945248,-1.0,0.20160694146323715,-0.965630661767381,0.17523847637064793,-0.8631782297085895,0.20684268927129187,-0.5549798086368102,0.29003819987630514,-0.869906137446793,0.2739596900352894,-0.8171743005784553,0.23896587477716738,-0.7291366827955034,0.3118059446283698,-0.46271692072616144,0.3256361188925674,-0.6872583403063266,0.2960690508240259,-0.651704078291556,0.27298759413540946,-0.5813864736057045,0.0,0.0,0.0,0.0,0.0,0.0,0.0,0.0,0.0,0.0,0.0,0.0,0.0,0.0,0.0,0.0,0.0,0.0,0.0,0.0,0.0,0.0,0.0,0.0,0.0,0.0,0.0,0.0,0.0,0.0,0.0,0.0,0.0,0.0,0.0,0.0,0.0,0.0,0.0,0.0,0.0,0.0,eat
0.0,0.0,-0.1155623851429956,-0.33732380077975044,-0.09218793561731216,-0.5937010557721529,0.028816427306737353,-0.7120167247854664,0.14762746846769262,-0.7304482178279966,-0.06259004278263763,-0.6905856302301446,0.04956348864603388,-0.9693949416938772,0.04475007699707046,-0.8940903471217693,0.032798927441755915,-0.7804926644781496,0.09083811493655587,-0.6375981438962123,0.19490038549623334,-1.0,0.16731755343450724,-0.942762348359561,0.1360552831667618,-0.8171932633766901,0.2219922243906284,-0.5568668979741378,0.2793471962118901,-0.8442057332529547,0.2411696037460717,-0.7873880988073118,0.20853835475871088,-0.6957951571397084,0.3200669692055508,-0.45804207032350447,0.2951002129644091,-0.6616183105602029,0.248917479575706,-0.6209696959965902,0.23094121802797002,-0.5500028463372019,0.0,0.0,0.0,0.0,0.0,0.0,0.0,0.0,0.0,0.0,0.0,0.0,0.0,0.0,0.0,0.0,0.0,0.0,0.0,0.0,0.0,0.0,0.0,0.0,0.0,0.0,0.0,0.0,0.0,0.0,0.0,0.0,0.0,0.0,0.0,0.0,0.0,0.0,0.0,0.0,0.0,0.0,eat
0.0,0.0,-0.11359880587730893,-0.33988253705076665,-0.08896564487991424,-0.5893440100576145,0.0345181109703269,-0.7016266599791123,0.15244374989276915,-0.7247122289158605,-0.0632129025993487,-0.6959269070754835,0.050265987252032095,-0.9746300033912325,0.052885705243122895,-0.9066286731811914,0.045546369902793184,-0.7938791355970997,0.0896000864417502,-0.6465342808342067,0.187410496466949,-1.0,0.1676159562417843,-0.9530907488710189,0.14073049119575443,-0.8341829666677253,0.22027442335358216,-0.5674378891567075,0.2782066403179947,-0.8555013712771732,0.24224625166595667,-0.7996456910357204,0.2089064936079465,-0.7058290139836323,0.31834912318935016,-0.4684945738454569,0.2927172095376498,-0.6756368234555017,0.24702208535611775,-0.6367730798195382,0.22797040392171036,-0.5649282310798246,0.0,0.0,0.0,0.0,0.0,0.0,0.0,0.0,0.0,0.0,0.0,0.0,0.0,0.0,0.0,0.0,0.0,0.0,0.0,0.0,0.0,0.0,0.0,0.0,0.0,0.0,0.0,0.0,0.0,0.0,0.0,0.0,0.0,0.0,0.0,0.0,0.0,0.0,0.0,0.0,0.0,0.0,eat
0.0,0.0,-0.13744189737097337,-0.33476501422943217,-0.11762129377666912,-0.5855292661552053,0.01568248493989774,-0.7103345280341421,0.13628586670596263,-0.7405457697460381,-0.0578684827819266,-0.7011975110360458,0.024559851109909877,-0.982764923546469,0.01720018476653742,-0.9063354802052552,0.011534802066721406,-0.7809978101481321,0.10095794506737815,-0.6549860397828993,0.16374261341215193,-1.0,0.13646510725031544,-0.9493503770073347,0.11423485187150507,-0.8224122943427292,0.23256620033425174,-0.5742923717916474,0.2622420229102005,-0.8700782353095371,0.21950041480371035,-0.8150195074639872,0.1913706304803859,-0.7120203101499032,0.3306444299761036,-0.47255565135517896,0.2905804488948368,-0.6865933032048634,0.2439562993132891,-0.6523611930760724,0.23038077634534906,-0.5751265842065701,0.0,0.0,0.0,0.0,0.0,0.0,0.0,0.0,0.0,0.0,0.0,0.0,0.0,0.0,0.0,0.0,0.0,0.0,0.0,0.0,0.0,0.0,0.0,0.0,0.0,0.0,0.0,0.0,0.0,0.0,0.0,0.0,0.0,0.0,0.0,0.0,0.0,0.0,0.0,0.0,0.0,0.0,eat
0.0,0.0,-0.13184512476455945,-0.32525863675384237,-0.1205874820832689,-0.5858306969744899,-0.008295151483341536,-0.7350433823547543,0.09953547715306357,-0.7846888873467809,-0.05505372465458445,-0.7038910789562027,0.029818301714053023,-0.9928463411120156,0.022936233874061365,-0.9187051553335234,0.01152852921294605,-0.8069001739098578,0.09524056943237472,-0.6613168044407074,0.15448616629333173,-1.0,0.12916972397402166,-0.9387423044799842,0.10462736898021613,-0.8150362808300753,0.2234998821696426,-0.5830038251714529,0.24594630106026186,-0.8713761000582283,0.20961597871233437,-0.8083807149924951,0.18169124078360535,-0.7038410582962611,0.32343341105322726,-0.48009935089387273,0.28812833610501803,-0.6737673694099711,0.246617881258703,-0.6328561057084493,0.23181810656302762,-0.5545998400043398,0.0,0.0,0.0,0.0,0.0,0.0,0.0,0.0,0.0,0.0,0.0,0.0,0.0,0.0,0.0,0.0,0.0,0.0,0.0,0.0,0.0,0.0,0.0,0.0,0.0,0.0,0.0,0.0,0.0,0.0,0.0,0.0,0.0,0.0,0.0,0.0,0.0,0.0,0.0,0.0,0.0,0.0,eat
0.0,0.0,-0.11427474291067136,-0.3208457601785333,-0.08633276623296116,-0.5694743874971587,0.031833272490580856,-0.6906858929764504,0.14162143639406818,-0.7251992313149611,-0.05598744343345984,-0.6932189030396121,0.02656406053050288,-0.9741794838238637,0.037739266994069556,-0.9160896936969204,0.03147424285212456,-0.812837246785092,0.09121040342188824,-0.6581135532397043,0.14952783728122437,-1.0,0.1380127149872919,-0.9412486310380692,0.11720621560375526,-0.8201686836613102,0.22208350839974378,-0.5816335245862119,0.24800596488569598,-0.8689292134754069,0.21683272146187915,-0.8022685162863421,0.18644521052740334,-0.7021466011860893,0.3284385912951241,-0.4767665635783804,0.295071392656165,-0.6398018363031485,0.2533218420889498,-0.5934579117389777,0.23385175950352313,-0.5206363692718845,0.0,0.0,0.0,0.0,0.0,0.0,0.0,0.0,0.0,0.0,0.0,0.0,0.0,0.0,0.0,0.0,0.0,0.0,0.0,0.0,0.0,0.0,0.0,0.0,0.0,0.0,0.0,0.0,0.0,0.0,0.0,0.0,0.0,0.0,0.0,0.0,0.0,0.0,0.0,0.0,0.0,0.0,eat
0.0,0.0,-0.10403572730345782,-0.309592087706799,-0.06985951988293765,-0.5667187943424272,0.03913081731300354,-0.6869448617525087,0.14181539261467263,-0.7188614865781158,-0.028687751914600577,-0.7163401079466261,0.029826225645361134,-0.9769000967801899,0.026030927323567994,-0.9086221027960412,0.018342260528566693,-0.7989925731292415,0.10886564091572715,-0.6790992496393069,0.15293122255937627,-1.0,0.13264525462848115,-0.9491827928394567,0.1128162307589009,-0.8353231816669345,0.2279032899310896,-0.5975892272998194,0.23900754329805454,-0.8618940736521721,0.198447349393685,-0.807608854560477,0.16679252060465458,-0.7168885069720766,0.3216780348660061,-0.48539432800612303,0.29695889917991525,-0.6401258737835498,0.24820017292099547,-0.6014799496981159,0.22348715628313795,-0.5318660186429208,0.0,0.0,0.0,0.0,0.0,0.0,0.0,0.0,0.0,0.0,0.0,0.0,0.0,0.0,0.0,0.0,0.0,0.0,0.0,0.0,0.0,0.0,0.0,0.0,0.0,0.0,0.0,0.0,0.0,0.0,0.0,0.0,0.0,0.0,0.0,0.0,0.0,0.0,0.0,0.0,0.0,0.0,eat
0.0,0.0,-0.10248793404743281,-0.33158898986129026,-0.059616897609222716,-0.5654153377926049,0.06375662771330333,-0.6555355270992005,0.18206096201907812,-0.6583719147812301,-0.025528308335263906,-0.7152484345964586,0.02264489874561279,-0.9765168988871701,0.019397110331745293,-0.8990814835592078,0.014320874220820776,-0.7810941784912292,0.11339062687903312,-0.678187634778386,0.1520249402887309,-1.0,0.13073695944876562,-0.9501843029403602,0.10816513307527535,-0.8366183679039927,0.2323627705766721,-0.5941317970003628,0.24633335616162297,-0.8715318885538191,0.20249288199729404,-0.8294657950847525,0.1643817077898098,-0.7489003918710754,0.3262768250152616,-0.4810524649801476,0.2917622533029204,-0.652979304790107,0.23876839957414864,-0.6274016807956303,0.20988613489422037,-0.5661670329569506,0.0,0.0,0.0,0.0,0.0,0.0,0.0,0.0,0.0,0.0,0.0,0.0,0.0,0.0,0.0,0.0,0.0,0.0,0.0,0.0,0.0,0.0,0.0,0.0,0.0,0.0,0.0,0.0,0.0,0.0,0.0,0.0,0.0,0.0,0.0,0.0,0.0,0.0,0.0,0.0,0.0,0.0,eat
0.0,0.0,-0.0999667833390983,-0.3292683245790867,-0.057143609094826374,-0.5626974282588781,0.06646078439706203,-0.6550783239709864,0.18527818626569537,-0.6666090170156923,-0.020784769768653802,-0.7170234733249943,0.025901966387093103,-0.977264895678107,0.023130532977017077,-0.906665433029523,0.019963017040539367,-0.7959875842921811,0.11682538302144763,-0.6800980545367877,0.1512711584572038,-1.0,0.12924419672894355,-0.9575474073023037,0.10922004272394928,-0.8514685621959089,0.23464628506302992,-0.5972430825322865,0.24545543115291238,-0.8669725040589059,0.19896600065517903,-0.8319916984502597,0.15901446559427418,-0.755389697473376,0.32692762887312476,-0.4848341095875184,0.29474408459001944,-0.640106306392311,0.24646729695498684,-0.6112611019169544,0.2213947662835199,-0.5449199759636918,0.0,0.0,0.0,0.0,0.0,0.0,0.0,0.0,0.0,0.0,0.0,0.0,0.0,0.0,0.0,0.0,0.0,0.0,0.0,0.0,0.0,0.0,0.0,0.0,0.0,0.0,0.0,0.0,0.0,0.0,0.0,0.0,0.0,0.0,0.0,0.0,0.0,0.0,0.0,0.0,0.0,0.0,eat
0.0,0.0,-0.10998051326698141,-0.3211685585942156,-0.06420282534579237,-0.5685219783874416,0.05538226331917214,-0.6647751781564194,0.16756993392686975,-0.6878256981209363,-0.023764726181436695,-0.7364262951696742,0.02110003562799109,-0.991506576690074,0.0184264545407249,-0.9410834202081175,0.01950253841204529,-0.84844438707672,0.1157489879609001,-0.7026719017642112,0.135073880336049,-1.0,0.11474847362705462,-0.9671603437409654,0.10137365333108546,-0.8737794449540952,0.23724191932795466,-0.6193550872622359,0.24099619419296672,-0.9015686194449805,0.2031735583670131,-0.8800255388815972,0.1747133132121894,-0.8102075182305335,0.3359100515058259,-0.509993618572391,0.30126314728848597,-0.6724812953046786,0.253330657392413,-0.6623546480040093,0.2279052124211953,-0.6130740897575123,0.0,0.0,0.0,0.0,0.0,0.0,0.0,0.0,0.0,0.0,0.0,0.0,0.0,0.0,0.0,0.0,0.0,0.0,0.0,0.0,0.0,0.0,0.0,0.0,0.0,0.0,0.0,0.0,0.0,0.0,0.0,0.0,0.0,0.0,0.0,0.0,0.0,0.0,0.0,0.0,0.0,0.0,eat
0.0,0.0,-0.104237793882426,-0.3151842824958719,-0.04766066596907412,-0.538450341814959,0.08751918514289596,-0.6027613667423021,0.2132341501204075,-0.6068126866963063,-0.02835923967802923,-0.7252441708702817,0.013775134760972123,-0.9623054193884367,0.012898885199662957,-0.8731783211524186,0.01735145564492,-0.7619130640108552,0.10739475058909911,-0.6961875542804096,0.13339306536938172,-1.0,0.11324757365558444,-0.929510267387117,0.10082093812720659,-0.8085603339387402,0.2243093752880804,-0.6155929725367408,0.2372663213206171,-0.8945786708112505,0.19940790888815932,-0.8375260586398239,0.1706896300764818,-0.7473296060111561,0.3178806340437025,-0.5074070420188997,0.2660345744981943,-0.6455229275598116,0.2192582445574034,-0.6065836779516008,0.20150764090264378,-0.5423263471649655,0.0,0.0,0.0,0.0,0.0,0.0,0.0,0.0,0.0,0.0,0.0,0.0,0.0,0.0,0.0,0.0,0.0,0.0,0.0,0.0,0.0,0.0,0.0,0.0,0.0,0.0,0.0,0.0,0.0,0.0,0.0,0.0,0.0,0.0,0.0,0.0,0.0,0.0,0.0,0.0,0.0,0.0,eat
0.0,0.0,-0.1062443935576767,-0.2958076505253366,-0.05036489281077791,-0.524121101034751,0.08908907183329645,-0.6080893871418067,0.22007264632853643,-0.6243174322979973,-0.03341235896526153,-0.7227632685018082,0.008489195825390547,-0.9698385156554123,0.013124951810453825,-0.8914924999827615,0.014888767557449775,-0.7856074515612786,0.10612043280637738,-0.6869958119758309,0.1346125999286638,-1.0,0.11818145346566679,-0.9394623331701418,0.10093868534530043,-0.8239453306445395,0.2277477130730168,-0.6024727584103687,0.23820022153086984,-0.8822949570070892,0.19831118755966884,-0.8347542066731316,0.16868691870870195,-0.7513121660817057,0.32447612086533695,-0.49142649205804934,0.28588060401325677,-0.6693206700086444,0.2311918160203051,-0.6498862569996295,0.20717712377206768,-0.5945938067892254,0.0,0.0,0.0,0.0,0.0,0.0,0.0,0.0,0.0,0.0,0.0,0.0,0.0,0.0,0.0,0.0,0.0,0.0,0.0,0.0,0.0,0.0,0.0,0.0,0.0,0.0,0.0,0.0,0.0,0.0,0.0,0.0,0.0,0.0,0.0,0.0,0.0,0.0,0.0,0.0,0.0,0.0,eat
0.0,0.0,-0.09277707783615027,-0.3182149111338262,-0.050846506763020896,-0.5437918875444727,0.06398618077511271,-0.6484604717870698,0.1729605946070158,-0.6950892623671762,-0.04644654162803781,-0.7248712767727673,0.023251004350203247,-0.9752046338777031,0.05521287469988352,-0.9151169959033605,0.06038145498054691,-0.8253966291867735,0.08152059016965,-0.702705366835445,0.1292127637657388,-1.0,0.1404145767466185,-0.9524748615304157,0.13142019476866268,-0.8518655161211084,0.20425923724851625,-0.6311436517935674,0.22951085966038304,-0.9018803337532983,0.21503411224950675,-0.8620739930745398,0.18841863376676887,-0.7854555827608339,0.3126018018874652,-0.5269352857742807,0.2910507840666873,-0.6723442761943249,0.25561096980214104,-0.6520560058953574,0.22836300821705058,-0.6014361217423,0.0,0.0,0.0,0.0,0.0,0.0,0.0,0.0,0.0,0.0,0.0,0.0,0.0,0.0,0.0,0.0,0.0,0.0,0.0,0.0,0.0,0.0,0.0,0.0,0.0,0.0,0.0,0.0,0.0,0.0,0.0,0.0,0.0,0.0,0.0,0.0,0.0,0.0,0.0,0.0,0.0,0.0,eat
0.0,0.0,-0.09482827975687087,-0.3279839223101702,-0.05365897306765236,-0.5407836765204281,0.06335816569902793,-0.6418086450840468,0.17662352676605947,-0.6767415121770446,-0.03160140252187877,-0.6966748702160479,0.012866902954227995,-0.9606856773629548,0.04523164732972884,-0.8930843128497991,0.050683206795959675,-0.7843027141395617,0.10713122828355774,-0.6797603550014728,0.14667534532508544,-1.0,0.15850318481424822,-0.9297225046481501,0.1464308225404397,-0.8078098423588214,0.22743121212985046,-0.6089592894902713,0.24811920169012122,-0.869167957379552,0.22810745065992646,-0.8068266833905048,0.1933167995388275,-0.7188168518008217,0.32736374664652207,-0.5031708777164359,0.32126968139187945,-0.6225527925325529,0.28862493942359774,-0.583206162480956,0.2558739314005898,-0.5209022637361941,0.0,0.0,0.0,0.0,0.0,0.0,0.0,0.0,0.0,0.0,0.0,0.0,0.0,0.0,0.0,0.0,0.0,0.0,0.0,0.0,0.0,0.0,0.0,0.0,0.0,0.0,0.0,0.0,0.0,0.0,0.0,0.0,0.0,0.0,0.0,0.0,0.0,0.0,0.0,0.0,0.0,0.0,eat
0.0,0.0,-0.0931633535889258,-0.3230218801353558,-0.04334112328949456,-0.543254414166287,0.0884706622401286,-0.6366257416669653,0.20811629389209418,-0.6599034617097631,-0.025964902962572374,-0.7258785457952155,0.021428991947250137,-0.9700619954232941,0.04437043417273737,-0.8907960985373995,0.04894250065271812,-0.7871307023247004,0.11489198794903167,-0.701240356409692,0.14997238746371655,-1.0,0.14920384386982496,-0.9362387182151871,0.13345701915151764,-0.8236355631549579,0.2374449349073652,-0.6248656168570215,0.2526692651673774,-0.8839716745931391,0.22383560206207734,-0.8344127712619729,0.1888822266134936,-0.7507365476074681,0.33743543209939747,-0.518215954990606,0.3145658208634309,-0.6507772465021988,0.2700822808786866,-0.6224911947045363,0.23724495999221856,-0.5650756769070888,0.0,0.0,0.0,0.0,0.0,0.0,0.0,0.0,0.0,0.0,0.0,0.0,0.0,0.0,0.0,0.0,0.0,0.0,0.0,0.0,0.0,0.0,0.0,0.0,0.0,0.0,0.0,0.0,0.0,0.0,0.0,0.0,0.0,0.0,0.0,0.0,0.0,0.0,0.0,0.0,0.0,0.0,eat
0.0,0.0,-0.11734555167733243,-0.31525816620350944,-0.103023727338101,-0.5575989343445923,0.009686702501315264,-0.6993200556786981,0.120352440967835,-0.7483367436480463,-0.06528254144039847,-0.6858649249159512,0.027638856490252068,-0.9677142084170938,0.058258147235748306,-0.8871142015620783,0.054055789842530975,-0.7712038771434818,0.08334667177354224,-0.6629934654399073,0.1538049162440239,-1.0,0.15964898327808835,-0.9214355334050559,0.1369811776583733,-0.788538081440911,0.2267745588414891,-0.5922177605463248,0.25916483949447255,-0.8663588121389678,0.24524117175507362,-0.7930910096472695,0.217428111353403,-0.6913911987591757,0.3534525817618654,-0.4852548950966341,0.36266658768978993,-0.6286448466423236,0.32872560937260303,-0.5766695207046424,0.30262297514990355,-0.5020736421661982,0.0,0.0,0.0,0.0,0.0,0.0,0.0,0.0,0.0,0.0,0.0,0.0,0.0,0.0,0.0,0.0,0.0,0.0,0.0,0.0,0.0,0.0,0.0,0.0,0.0,0.0,0.0,0.0,0.0,0.0,0.0,0.0,0.0,0.0,0.0,0.0,0.0,0.0,0.0,0.0,0.0,0.0,eat
0.0,0.0,-0.11534574801019234,-0.3109844247830494,-0.10933257819577312,-0.5680320388310309,0.00019231778772962037,-0.7148450487339668,0.11355953135705353,-0.7553125475326116,-0.0712943744270848,-0.692928224242204,0.025392341747530998,-1.0,0.05271274082629009,-0.9575921611067812,0.053234337625906736,-0.854164563453765,0.08695826283363686,-0.6533100869417736,0.16767183417663759,-0.9955024895310475,0.164292223429186,-0.9381648676624791,0.13723279100726735,-0.8131424894772052,0.22630688601999432,-0.5786689118885034,0.2618495014880652,-0.8595767191494001,0.24190767803949598,-0.7864212536898767,0.21234071106767835,-0.6758477798821124,0.3380507557432855,-0.4809832537141057,0.3255157751063048,-0.6474200812748768,0.29664657004674855,-0.5949272523895863,0.278749910823773,-0.5136937668172904,0.0,0.0,0.0,0.0,0.0,0.0,0.0,0.0,0.0,0.0,0.0,0.0,0.0,0.0,0.0,0.0,0.0,0.0,0.0,0.0,0.0,0.0,0.0,0.0,0.0,0.0,0.0,0.0,0.0,0.0,0.0,0.0,0.0,0.0,0.0,0.0,0.0,0.0,0.0,0.0,0.0,0.0,eat
0.0,0.0,-0.11212988498338589,-0.3301108476561268,-0.09644315200651674,-0.578272872014361,0.013274325664187691,-0.7182466651764471,0.12201693227774585,-0.7563113772783561,-0.056995586938544895,-0.6870981035355233,0.04424529518005373,-0.9841555597306085,0.06323719588205688,-0.9249392141239908,0.060647539286257934,-0.824505039090838,0.0968202781408093,-0.6447694662225264,0.1731068953742394,-1.0,0.16778118867414793,-0.9399652906819674,0.14437896925256344,-0.816075927147459,0.22941131296120812,-0.567283759303016,0.2750396325282947,-0.8496552381448685,0.25768205935553945,-0.7785566765725132,0.2283209041701922,-0.6798188834597962,0.32962864046714274,-0.463122549537232,0.33745160786013145,-0.6550420392787154,0.3155974912198179,-0.6057283402747398,0.2979925575871607,-0.5291316225063392,0.0,0.0,0.0,0.0,0.0,0.0,0.0,0.0,0.0,0.0,0.0,0.0,0.0,0.0,0.0,0.0,0.0,0.0,0.0,0.0,0.0,0.0,0.0,0.0,0.0,0.0,0.0,0.0,0.0,0.0,0.0,0.0,0.0,0.0,0.0,0.0,0.0,0.0,0.0,0.0,0.0,0.0,eat
0.0,0.0,-0.10420860947882182,-0.33342649840393523,-0.08337441376991146,-0.592899316382764,0.018876189778959312,-0.7368766392975742,0.11997648408707524,-0.787425247004321,-0.04367993590425596,-0.686018089532203,0.04886992593890036,-0.9761378824799607,0.06797720386421802,-0.9196606921286691,0.06709133746156086,-0.8215886617310846,0.1051755534398608,-0.6377427323547694,0.1741937657857493,-1.0,0.16668109185813684,-0.945714298420835,0.14336547813351935,-0.8241503020566674,0.23357366956687137,-0.5595552297248803,0.26696907113512347,-0.8615633190073507,0.2426682111314356,-0.7982496141973989,0.21341135708438258,-0.7028346698586821,0.32914529543191245,-0.4603470872117428,0.3144343369275437,-0.6792520475504485,0.28159792578290305,-0.6412458302359083,0.2619609069328839,-0.5671600994414543,0.0,0.0,0.0,0.0,0.0,0.0,0.0,0.0,0.0,0.0,0.0,0.0,0.0,0.0,0.0,0.0,0.0,0.0,0.0,0.0,0.0,0.0,0.0,0.0,0.0,0.0,0.0,0.0,0.0,0.0,0.0,0.0,0.0,0.0,0.0,0.0,0.0,0.0,0.0,0.0,0.0,0.0,eat
0.0,0.0,-0.09520912014223924,-0.32609486328518456,-0.06867402201930488,-0.5736033733690582,0.03546561554840968,-0.6999427962853337,0.13262770626167536,-0.7483167188169282,-0.0479620832877835,-0.6943482454891915,0.06201996492147209,-0.9804135718563224,0.09383970309071946,-0.9483313635179185,0.09352274500825397,-0.8725460672102394,0.09292440927882754,-0.6534004926944943,0.17848074634346567,-1.0,0.1855351263122649,-0.9567537854489426,0.16107727245538006,-0.8500891401635394,0.21714430393323667,-0.5799727869828547,0.2725148526832461,-0.8800121145366877,0.2622929545237344,-0.8262956263222343,0.2323227114560752,-0.7382967868975991,0.31372009094840597,-0.4841589713232003,0.3157234241648567,-0.7086876766560029,0.2931527084790069,-0.6773318592376092,0.2701065556694588,-0.608285188019397,0.0,0.0,0.0,0.0,0.0,0.0,0.0,0.0,0.0,0.0,0.0,0.0,0.0,0.0,0.0,0.0,0.0,0.0,0.0,0.0,0.0,0.0,0.0,0.0,0.0,0.0,0.0,0.0,0.0,0.0,0.0,0.0,0.0,0.0,0.0,0.0,0.0,0.0,0.0,0.0,0.0,0.0,eat
