0,1,2,3,4,5,6,7,8,9,10,11,12,13,14,15,16,17,18,19,20,21,22,23,24,25,26,27,28,29,30,31,32,33,34,35,36,37,38,39,40,41,42,43,44,45,46,47,48,49,50,51,52,53,54,55,56,57,58,59,60,61,62,63,64,65,66,67,68,69,70,71,72,73,74,75,76,77,78,79,80,81,82,83,84
0.0,0.0,-0.06565922909246795,-0.3377235626101618,-0.17079063856987295,-0.5963551739910091,-0.2979906492870225,-0.8012148654519288,-0.3516555508136422,-1.0,-0.4384894943227814,-0.4330444933945997,-0.6171841072327363,-0.4486783649457349,-0.531529968786302,-0.44388978942714924,-0.4527837221808634,-0.4304696216654833,-0.48214442507277133,-0.22691390109984746,-0.6105896154648468,-0.29535178086491226,-0.5318001175058896,-0.29961598156650276,-0.4606611333002888,-0.27661008904803003,-0.48972451184340715,-0.04438262520405644,-0.5954593733912315,-0.15556126286297167,-0.5273517349342713,-0.15725977796362675,-0.45487264772920827,-0.1291073571317846,-0.48044108725482126,0.10103531492152559,-0.5535542469575735,-0.012810668156860794,-0.490653765259977,-0.02126006885768582,-0.4334135460942688,-0.0011147366547565962,0,0,0,0,0,0,0,0,0,0,0,0,0,0,0,0,0,0,0,0,0,0,0,0,0,0,0,0,0,0,0,0,0,0,0,0,0,0,0,0,0,0,good
0.0,0.0,-0.07470052158457688,-0.3309837772299097,-0.1958979357926544,-0.5919958252566804,-0.3271180062500592,-0.7998591196355022,-0.3780216297860358,-1.0,-0.4415867469122141,-0.4218180283810211,-0.6262916688553642,-0.41277326786472385,-0.5485354383867993,-0.4104899037173988,-0.4653931173569604,-0.40845006626371666,-0.4744405473667169,-0.22062450646663262,-0.6166365415764995,-0.2650903451310592,-0.5444157210775453,-0.27314205408049297,-0.4696085058672883,-0.26012319281751256,-0.47772583268820573,-0.03715314883976064,-0.5882034222906148,-0.12564961262205399,-0.5269599894598065,-0.12705101057549972,-0.45542393708951157,-0.10824847645119262,-0.4709686558411531,0.1185515156264397,-0.5584736180850431,0.020373057405304026,-0.4989112772320625,0.01156028448189007,-0.4389221618763611,0.02586635826841154,0,0,0,0,0,0,0,0,0,0,0,0,0,0,0,0,0,0,0,0,0,0,0,0,0,0,0,0,0,0,0,0,0,0,0,0,0,0,0,0,0,0,good
0.0,0.0,-0.07333575065479746,-0.3356401023201419,-0.19774448610828163,-0.5974504443305699,-0.3273905582621985,-0.8048700104503379,-0.38057968434834183,-1.0,-0.4447507041636566,-0.42018006843128813,-0.6264313590793134,-0.4019658524951833,-0.5497186300392635,-0.40548823520004784,-0.46861682859012216,-0.4052773858997616,-0.4767229673119269,-0.21971974599351565,-0.6146273616686054,-0.25712420327471736,-0.5416946234645199,-0.26635672572764735,-0.469287965563251,-0.25154095552105327,-0.48025708318065735,-0.03747781128344473,-0.5922722080110914,-0.12331885489883057,-0.5298235297389641,-0.12482330724341222,-0.4608682471730897,-0.10411366463384533,-0.4723618806714638,0.11576443561569734,-0.5573466640616146,0.020438997629727073,-0.49894001728512316,0.012563524218293168,-0.4425020215806779,0.028633439273663273,0,0,0,0,0,0,0,0,0,0,0,0,0,0,0,0,0,0,0,0,0,0,0,0,0,0,0,0,0,0,0,0,0,0,0,0,0,0,0,0,0,0,good
0.0,0.0,-0.07647358008833958,-0.3324837703530215,-0.19798859414916828,-0.5908757310171328,-0.3263371634776243,-0.8028212976082744,-0.3703482684259731,-1.0,-0.41625311288109634,-0.4583197665236257,-0.6053285937449709,-0.4398133281835595,-0.5306719369511992,-0.41491158931152466,-0.4410053361537327,-0.40434257672826185,-0.45798761359630114,-0.26227581080868667,-0.6037494170950036,-0.2837648888719226,-0.5349698087023693,-0.27168799556281115,-0.4589988555226459,-0.2627258546341602,-0.4713199514064946,-0.0796132205472982,-0.5862601152261896,-0.14462630830827683,-0.5259999955089182,-0.1332111010560779,-0.4494272373634056,-0.11540920117875927,-0.4726234879088849,0.08148094920511594,-0.5602239103699828,0.010549364100237952,-0.5001018914191145,0.005944695321265797,-0.43425280748753164,0.013642783841985777,0,0,0,0,0,0,0,0,0,0,0,0,0,0,0,0,0,0,0,0,0,0,0,0,0,0,0,0,0,0,0,0,0,0,0,0,0,0,0,0,0,0,good
0.0,0.0,-0.0747602760592233,-0.34172703335139254,-0.18989116705996267,-0.6063988548581253,-0.32211170320504695,-0.8095925804555207,-0.37728690793579694,-1.0,-0.4122226686712962,-0.4574369587376762,-0.5979962693141828,-0.4393675042527019,-0.5199506472505232,-0.4249595725725841,-0.43110561191975116,-0.4190893619053422,-0.4510024314092293,-0.2627436966971368,-0.6006548255198342,-0.2916503365109895,-0.5256864428968763,-0.28824508736770516,-0.4446434482043141,-0.27860755095420253,-0.4599586298148572,-0.08604105154126479,-0.580395620663932,-0.14792136330177633,-0.5188748124776661,-0.14478906104623876,-0.4417779175675698,-0.12984429265175929,-0.4558659703158938,0.06815129738283868,-0.553141688664347,0.0006216437413237471,-0.4932174962660207,-0.00731625281386422,-0.4277861990149211,0.0001179476370127507,0,0,0,0,0,0,0,0,0,0,0,0,0,0,0,0,0,0,0,0,0,0,0,0,0,0,0,0,0,0,0,0,0,0,0,0,0,0,0,0,0,0,good
0.0,0.0,-0.07075810094418654,-0.3412125250543378,-0.19476720791917432,-0.6100822973322326,-0.33620215699575057,-0.8043799705602859,-0.3888371068715348,-1.0,-0.4252605667783227,-0.46288572469127537,-0.6212427928367432,-0.4361957300315387,-0.5463664397470995,-0.42390657525059333,-0.4556475643748157,-0.42228107501022044,-0.46246913752915303,-0.2672522641173708,-0.6115604991009466,-0.278896502454956,-0.5343592277830448,-0.27228194636892616,-0.4524223161513607,-0.2640432220558316,-0.4724688944367243,-0.08293359058950359,-0.5889832065312165,-0.1319998548105494,-0.5255254265245364,-0.12309112780345788,-0.4512758966974839,-0.10778163284629377,-0.46988356760672395,0.08263410959738898,-0.5613538094859106,0.02156152142116052,-0.5011408138978717,0.016760723456388054,-0.44158239184967696,0.024120096983888967,0,0,0,0,0,0,0,0,0,0,0,0,0,0,0,0,0,0,0,0,0,0,0,0,0,0,0,0,0,0,0,0,0,0,0,0,0,0,0,0,0,0,good
0.0,0.0,-0.06379336228732654,-0.33124261138422606,-0.18764245097010124,-0.5961188901730488,-0.3236798850446211,-0.8028281966264791,-0.3803189359710391,-1.0,-0.40448326858869166,-0.4677380253620415,-0.6008392333033117,-0.4378997204648397,-0.5263893020829054,-0.41248613145873647,-0.43805436302958883,-0.40907760666619597,-0.44471566860715184,-0.27416672825567484,-0.595639652424314,-0.2784475957211592,-0.5218078508857968,-0.2641321440541751,-0.444665883393999,-0.25656765540613996,-0.46123907244860973,-0.08929286382940149,-0.584271771751099,-0.137219061876962,-0.5189645865222396,-0.11839826870819818,-0.4473752123168617,-0.10101838296966814,-0.46491392610266263,0.07516553858734017,-0.5585248861631362,0.004701398314638361,-0.4949121604899041,0.012079743134734758,-0.43458790234740585,0.02496111631665202,0,0,0,0,0,0,0,0,0,0,0,0,0,0,0,0,0,0,0,0,0,0,0,0,0,0,0,0,0,0,0,0,0,0,0,0,0,0,0,0,0,0,good
0.0,0.0,-0.06579479235973223,-0.36064535364201855,-0.18949333780841163,-0.6379019867328319,-0.33529617045406146,-0.8253833961828836,-0.40822764500512904,-1.0,-0.4380563165857938,-0.4737111780283868,-0.6229907844257526,-0.4425715498985738,-0.5433963639292441,-0.43578999580925626,-0.45254252571980463,-0.4355810969257164,-0.476177809623252,-0.277094388291264,-0.6160616084587336,-0.28667681218911056,-0.5385141649110456,-0.2832302127205726,-0.45751083749999566,-0.2749130197273661,-0.48490247149429666,-0.09146126974079942,-0.5940486564958443,-0.1372941490091984,-0.530593531631759,-0.13401490075736291,-0.4573530027879877,-0.12055925944881565,-0.4780286537314157,0.07302826436710776,-0.5639626911236195,0.01773040879538575,-0.5062297708994339,0.010147611432757364,-0.4483763856524069,0.016990674637783844,0,0,0,0,0,0,0,0,0,0,0,0,0,0,0,0,0,0,0,0,0,0,0,0,0,0,0,0,0,0,0,0,0,0,0,0,0,0,0,0,0,0,good
0.0,0.0,-0.06195027660417136,-0.3378179428998951,-0.18848072458645576,-0.607377000572501,-0.32400527817414904,-0.8029568716314283,-0.37524091954842487,-1.0,-0.4072256414964662,-0.46213730629048183,-0.5925377128143696,-0.4179570919103383,-0.5177195606214847,-0.40375879896539535,-0.4323327289956212,-0.40880716560007957,-0.44358231127842596,-0.26764459292625564,-0.5871069688960574,-0.26603033526450115,-0.5145995592852382,-0.260439398693505,-0.4390715821260872,-0.2555334006164895,-0.457682515650172,-0.08339927687982827,-0.5730777246006926,-0.1261051359289027,-0.5101226847033056,-0.11661083465080299,-0.4407983894192585,-0.10377905565702585,-0.4595257961176879,0.07921633171380692,-0.5487652105950457,0.011564810931752885,-0.4874513326537757,0.012093031911071443,-0.4300064043430706,0.022120262420003162,0,0,0,0,0,0,0,0,0,0,0,0,0,0,0,0,0,0,0,0,0,0,0,0,0,0,0,0,0,0,0,0,0,0,0,0,0,0,0,0,0,0,good
0.0,0.0,-0.05893392019180189,-0.35614109271349886,-0.17628137167438201,-0.6175945010765269,-0.3154170985837216,-0.8163236022902025,-0.3862270895592247,-1.0,-0.4170116065397996,-0.4967942520367771,-0.614867741858604,-0.45942231918021303,-0.5398443943820603,-0.4327426829217355,-0.44810938879365353,-0.42308059910079354,-0.46147758507117753,-0.30072999408112905,-0.6165410698144217,-0.291519012253709,-0.534895540159011,-0.2727712527146586,-0.451518943458198,-0.26452561932544527,-0.4737921043883428,-0.10900894415352406,-0.5929458065819122,-0.1350514848405406,-0.5276290143102034,-0.12529308730420613,-0.4508383592958583,-0.11345780243059454,-0.46937051861741663,0.06156583988385352,-0.5586877305417426,0.027707637751340098,-0.49932518974661877,0.01942981789091145,-0.4384264206211596,0.02187156713471365,0,0,0,0,0,0,0,0,0,0,0,0,0,0,0,0,0,0,0,0,0,0,0,0,0,0,0,0,0,0,0,0,0,0,0,0,0,0,0,0,0,0,good
0.0,0.0,-0.07846401856828,-0.3423671184003017,-0.20993599274270786,-0.5996925998115427,-0.34524812338411065,-0.807156152625804,-0.41193096188919875,-1.0,-0.4396023046518213,-0.4950969023236599,-0.6363280272711468,-0.4268249461047912,-0.5611242868339721,-0.39874275580046353,-0.47426541030164704,-0.4085064715462082,-0.4781007481863427,-0.3002255730530677,-0.627179061180398,-0.26790860975405323,-0.5478343832981851,-0.24457449826195005,-0.46885591766919593,-0.245824539949027,-0.48737132007724443,-0.10302357161687656,-0.6159184148081628,-0.11654197739653775,-0.5483241034235139,-0.09680633242866564,-0.47271179793097684,-0.09013868260214095,-0.4814189761095959,0.07572402051853779,-0.588451608182815,0.04006017141218825,-0.5275926603861941,0.04440171404579961,-0.46727415463363114,0.047046608497924906,0,0,0,0,0,0,0,0,0,0,0,0,0,0,0,0,0,0,0,0,0,0,0,0,0,0,0,0,0,0,0,0,0,0,0,0,0,0,0,0,0,0,good
0.0,0.0,-0.08286007497156159,-0.3408729190294913,-0.2040864194753915,-0.5984918054868802,-0.3292804240908063,-0.8085026711755525,-0.38883901215196676,-1.0,-0.4126753972698348,-0.49357790602564,-0.6153426592502089,-0.4129622192060701,-0.5406798928071274,-0.3833797739567502,-0.454428401976653,-0.39523204687757396,-0.4525514475471459,-0.2930438659436396,-0.6054007556444828,-0.2583267099482615,-0.5290530728497813,-0.23637248002030378,-0.448922616975828,-0.2384850288960749,-0.4622676381513741,-0.0965619983297758,-0.5888209915171697,-0.10924977340937018,-0.524688724738444,-0.09072154439700629,-0.44930981358784466,-0.0861966228082208,-0.4564501975833887,0.07890697698910558,-0.553166918535159,0.044558034830272535,-0.492640338943957,0.04812029566842968,-0.43204016859305,0.04894695653451491,0,0,0,0,0,0,0,0,0,0,0,0,0,0,0,0,0,0,0,0,0,0,0,0,0,0,0,0,0,0,0,0,0,0,0,0,0,0,0,0,0,0,good
0.0,0.0,-0.07292104357958487,-0.33756078910253534,-0.19424968739819715,-0.5943446221110749,-0.30888790486241297,-0.8054952893525518,-0.3560881436297182,-1.0,-0.3995562777529604,-0.48207925227859566,-0.5975700614929849,-0.4016214328769315,-0.5172751916738355,-0.37847634987733264,-0.42812330328584647,-0.3917721514871913,-0.4340321438534,-0.28048135800855584,-0.586818900330906,-0.24372133670676682,-0.5104539374822403,-0.2301591977106429,-0.43007843818092084,-0.23788818381441174,-0.4443464752886893,-0.08426639200623708,-0.5688113458686168,-0.09995506857082292,-0.5052373400333832,-0.08391526361614124,-0.43080826504211267,-0.0812042923494976,-0.4401152481404826,0.08850360134183063,-0.5335222924262256,0.05168089712003194,-0.4746262270799318,0.056561581742364093,-0.41380948943981366,0.06024895002857795,0,0,0,0,0,0,0,0,0,0,0,0,0,0,0,0,0,0,0,0,0,0,0,0,0,0,0,0,0,0,0,0,0,0,0,0,0,0,0,0,0,0,good
0.0,0.0,-0.0776289168824047,-0.3366051423438371,-0.20553800026932326,-0.595799314145042,-0.3225211037494883,-0.8060282984123447,-0.37537714721761484,-1.0,-0.4173402001753305,-0.44910087670672805,-0.613654284105763,-0.3952830030517896,-0.5339460888366587,-0.3855146264707998,-0.4450742775186998,-0.392918853115524,-0.44965263788080445,-0.25238618793464207,-0.6060284606552776,-0.245144745032527,-0.5291957509657511,-0.24896042840787225,-0.4490851932232209,-0.25060746458101574,-0.45477288963857143,-0.06594445126465662,-0.5889207546026968,-0.1015429843722199,-0.5248257375698929,-0.10215464022900049,-0.45061460327006037,-0.09567682073075298,-0.44718073159664895,0.09694015236774632,-0.5577168417358047,0.04728948844262468,-0.4999007614060838,0.03562097671327185,-0.43828468118452485,0.038118977069124683,0,0,0,0,0,0,0,0,0,0,0,0,0,0,0,0,0,0,0,0,0,0,0,0,0,0,0,0,0,0,0,0,0,0,0,0,0,0,0,0,0,0,good
0.0,0.0,-0.07015984983700482,-0.337077691996391,-0.2053447776805403,-0.5926476260458773,-0.3244336858060313,-0.8031087373415212,-0.37055389890299395,-1.0,-0.41629179018124357,-0.4401652118327247,-0.6173807294890106,-0.38071227097126686,-0.5363667361037204,-0.37547175055263804,-0.446454812475893,-0.3854744823911654,-0.4483195125803537,-0.24261220704760111,-0.608817398625404,-0.23256744692403794,-0.5307106779636889,-0.2418033659233309,-0.4511383903302406,-0.24374209003949981,-0.4533681942140609,-0.05907875354952593,-0.5911291847800667,-0.09392291334648864,-0.5263494977281,-0.10002026847939631,-0.45362239755097117,-0.09345192540386131,-0.44577653018546,0.09643566249117914,-0.55740311294017,0.047324391250795655,-0.5009002865380013,0.03195803679101842,-0.4427176844855297,0.03274518589720559,0,0,0,0,0,0,0,0,0,0,0,0,0,0,0,0,0,0,0,0,0,0,0,0,0,0,0,0,0,0,0,0,0,0,0,0,0,0,0,0,0,0,good
0.0,0.0,-0.06991192008669174,-0.3326947541882307,-0.2074054715873482,-0.5895106040630911,-0.3282794846851027,-0.8010841357000605,-0.37261962424706385,-1.0,-0.4191352069998851,-0.436411887895131,-0.6191205917596668,-0.37861839254633617,-0.5405458819387415,-0.37355630358298864,-0.452483083131106,-0.3842447167129075,-0.4501742554988483,-0.2379236144521363,-0.6084683092421835,-0.22978852182058082,-0.5330857254470077,-0.2391884575461229,-0.45647375002343055,-0.24183604362730704,-0.4554804298401913,-0.05439205626378498,-0.5900516124440349,-0.09396947479400797,-0.5270256981018389,-0.10017524705324973,-0.4559777011639762,-0.09418788842106235,-0.4488154184807811,0.10137163214472673,-0.557372695960353,0.0467350830148361,-0.502556852061985,0.03023860602120731,-0.44586438958688585,0.03080908937545384,0,0,0,0,0,0,0,0,0,0,0,0,0,0,0,0,0,0,0,0,0,0,0,0,0,0,0,0,0,0,0,0,0,0,0,0,0,0,0,0,0,0,good
0.0,0.0,-0.06437115923402793,-0.336711749665258,-0.19064021442043758,-0.5905889644100334,-0.3064000156096943,-0.8032822384192511,-0.35434770239353647,-1.0,-0.41688663282110155,-0.43543706257208736,-0.608620890328389,-0.3892129916866097,-0.5277864157180889,-0.38633911597006815,-0.4395414297524867,-0.39673075146624015,-0.4489217098782758,-0.24111738121725323,-0.604095443456543,-0.24541850695729808,-0.5277207840487481,-0.25750592288292495,-0.44936148299737244,-0.25776271872845397,-0.4524566779814209,-0.061312259518263544,-0.5896501995762187,-0.10818691626531514,-0.5260005793598088,-0.11745721899923575,-0.45427157784400374,-0.11018861395602186,-0.4437249369915507,0.08904539214513087,-0.5548218877933145,0.027341525784854475,-0.4992861703156829,0.011186310843866351,-0.4409262443307405,0.0147727199851435,0,0,0,0,0,0,0,0,0,0,0,0,0,0,0,0,0,0,0,0,0,0,0,0,0,0,0,0,0,0,0,0,0,0,0,0,0,0,0,0,0,0,good
0.0,0.0,-0.06117896727402412,-0.33344936728018815,-0.18614725285732447,-0.5870083990232234,-0.30279136399234563,-0.8018111752523532,-0.35291142472992526,-1.0,-0.41661296083592875,-0.43082404648989514,-0.6077383451926448,-0.38920317424849904,-0.5269521633772648,-0.3855011868484098,-0.43838721252704327,-0.39225876542448884,-0.4485666459548365,-0.23769329283427545,-0.6012431500987618,-0.24329126575332816,-0.525598418709552,-0.25601941004855816,-0.4494047045757368,-0.25556151165907265,-0.4525830257287161,-0.05783718960460584,-0.5861311273491371,-0.10621839221528709,-0.523509945255826,-0.11556238122572575,-0.4533939791865369,-0.10747183402063955,-0.44514066341331326,0.09192365204785699,-0.5526459317214063,0.02895767026582873,-0.4977824674449105,0.012519833549532552,-0.44040565284367555,0.01651543728470658,0,0,0,0,0,0,0,0,0,0,0,0,0,0,0,0,0,0,0,0,0,0,0,0,0,0,0,0,0,0,0,0,0,0,0,0,0,0,0,0,0,0,good
0.0,0.0,-0.05780959358401743,-0.34158170599928034,-0.18464195073345124,-0.5946747751406659,-0.30301401603882666,-0.8089631927172859,-0.3592899963792041,-1.0,-0.43046264281949853,-0.43251791051267874,-0.6238665242449285,-0.38967587380650714,-0.5491154469028073,-0.3921751267702218,-0.461292505517336,-0.40286381796829857,-0.4610013167044092,-0.2375547144061923,-0.6219456948397727,-0.246358445238145,-0.5494646757749548,-0.26529842758041017,-0.47147366393478274,-0.2659881298899809,-0.4613756821472167,-0.056715446676860626,-0.6045644623118076,-0.10505448422298906,-0.5439644269511487,-0.12224761612107128,-0.4722527564085546,-0.1158527595718084,-0.4489397168548897,0.09508289137216867,-0.5670510961521842,0.030847091133907878,-0.5160100184767916,0.007867181749832941,-0.4584635115845699,0.010424333556079125,0,0,0,0,0,0,0,0,0,0,0,0,0,0,0,0,0,0,0,0,0,0,0,0,0,0,0,0,0,0,0,0,0,0,0,0,0,0,0,0,0,0,good
0.0,0.0,-0.05998682002332105,-0.3435646032263627,-0.18641415288203864,-0.5962229350943057,-0.30222636894487914,-0.8118546947406999,-0.36011327040406643,-1.0,-0.43297162378337034,-0.43102706504796523,-0.6207581218191782,-0.38806438156829204,-0.5442984650107472,-0.3857379677227151,-0.4552141148672527,-0.393140322932192,-0.46292975061048447,-0.23613015170062104,-0.6174221536286764,-0.24393371086340798,-0.5457278607975935,-0.25890743911801145,-0.4687722476128365,-0.26046473644883855,-0.4623837148754475,-0.0556526791603285,-0.600464173056053,-0.10501869155155527,-0.5416688718657008,-0.11860044126744028,-0.4703934245802012,-0.11197033253263268,-0.449343875038342,0.09516614680877823,-0.5618734745002165,0.031057169571554015,-0.5128749478577131,0.011902953031821449,-0.45626478550384675,0.014906860929051776,0,0,0,0,0,0,0,0,0,0,0,0,0,0,0,0,0,0,0,0,0,0,0,0,0,0,0,0,0,0,0,0,0,0,0,0,0,0,0,0,0,0,good
0.0,0.0,-0.0583198291365235,-0.3432579528924431,-0.18409658853534439,-0.5984468100499247,-0.3000136400251526,-0.8128497043660377,-0.3581295836704021,-1.0,-0.43196358313452354,-0.43424921669939415,-0.6206889156351576,-0.3883889929286335,-0.5439364655063209,-0.3854628214949639,-0.45471826199199844,-0.39349585266027676,-0.46176003220990425,-0.2377570765851668,-0.6154891207216574,-0.2419989242395257,-0.5434980974023615,-0.25512651909703604,-0.46683843947817893,-0.25713449093395857,-0.46180907339048416,-0.05556008316697936,-0.5989070536659212,-0.10250750558826398,-0.5395021705369166,-0.11464026506829592,-0.46777165168122603,-0.10830008398480896,-0.4488030091554022,0.09736776109996366,-0.5590841852629965,0.03546835471271448,-0.5094120462868678,0.0177571966860172,-0.4524316275867078,0.021017934774371964,0,0,0,0,0,0,0,0,0,0,0,0,0,0,0,0,0,0,0,0,0,0,0,0,0,0,0,0,0,0,0,0,0,0,0,0,0,0,0,0,0,0,good
0.0,0.0,-0.06512901229997914,-0.3483776740331032,-0.19835861069360622,-0.5977194375825671,-0.3120342313619168,-0.8029729756171784,-0.3590820567612941,-1.0,-0.4636369171973518,-0.38494628460551006,-0.6395848966950989,-0.3551303746972025,-0.5670917842482641,-0.3633459366028238,-0.47769793711448943,-0.37328807779770024,-0.49220929283406806,-0.1886273271182904,-0.6376705314648778,-0.20549272417092726,-0.5650148951049053,-0.22512380218926867,-0.487553486502995,-0.22168904254432134,-0.48111561203541414,-0.009786480376004112,-0.6201278784291925,-0.05843442890221303,-0.5612315778852411,-0.0768266453939949,-0.48879380826237695,-0.06872118504318565,-0.45655186754286475,0.14053397501804482,-0.5894913176746727,0.09698778792688263,-0.5496290059479664,0.06729336938940218,-0.4938291291040026,0.06301926791811541,0,0,0,0,0,0,0,0,0,0,0,0,0,0,0,0,0,0,0,0,0,0,0,0,0,0,0,0,0,0,0,0,0,0,0,0,0,0,0,0,0,0,good
0.0,0.0,-0.07940333558622605,-0.3497561391824465,-0.20510936939874364,-0.594877540612214,-0.307916589274846,-0.8071920822900069,-0.3518299162136101,-1.0,-0.4696886809101487,-0.3614585296146806,-0.6425212155698546,-0.34893965858738396,-0.5638723475027484,-0.3525683948191736,-0.4730832617443427,-0.3526374310627532,-0.49496760152997465,-0.16274980622781632,-0.6443071921570046,-0.19412633064744492,-0.5733519800924578,-0.2156740066738024,-0.4945581657996541,-0.20762246797995917,-0.4815303392623313,0.011075684792466144,-0.629817949034815,-0.04540104304499445,-0.568895705512305,-0.06503423345935685,-0.49367623525937976,-0.054647117953502744,-0.45627338472000795,0.1541053328705016,-0.5945988553432184,0.10765679184392071,-0.5522693274211212,0.08189133007886719,-0.4924190882523774,0.08393671558128592,0,0,0,0,0,0,0,0,0,0,0,0,0,0,0,0,0,0,0,0,0,0,0,0,0,0,0,0,0,0,0,0,0,0,0,0,0,0,0,0,0,0,good
0.0,0.0,-0.08473727652347302,-0.35328485757872563,-0.21304511739641235,-0.5972838380473092,-0.30932382772674555,-0.8151297710688546,-0.3529144320057715,-1.0,-0.4726938737935336,-0.37187533660819183,-0.6572589634847433,-0.35638666292587984,-0.5925343747416728,-0.35403572868941363,-0.5057838681072035,-0.3535322254592275,-0.4983431048864863,-0.16920996335197883,-0.6614416725325211,-0.19248915965060384,-0.5953477929775077,-0.20961265321152397,-0.5150797338697355,-0.20299196148325538,-0.4850638334381255,0.011267763518811232,-0.650706219642638,-0.040666966430612995,-0.5937864006533017,-0.0587248217072517,-0.5166689942209853,-0.04820135369724175,-0.45932911952064487,0.16090059443441057,-0.612873963873017,0.12414016177233136,-0.5804991445455069,0.09953363326427908,-0.5232641663514552,0.09778702815359604,0,0,0,0,0,0,0,0,0,0,0,0,0,0,0,0,0,0,0,0,0,0,0,0,0,0,0,0,0,0,0,0,0,0,0,0,0,0,0,0,0,0,good
0.0,0.0,-0.07959905587168596,-0.35423653369323777,-0.21358264661366602,-0.596645575671189,-0.3165424839117009,-0.8111541608569168,-0.3599706480887113,-1.0,-0.4775993017125673,-0.3689733287476145,-0.6585333791077466,-0.3504114109900807,-0.5970812293037364,-0.34850397132353034,-0.5136941441447034,-0.349939595157183,-0.5013226363578798,-0.16723512197060092,-0.6610253116778143,-0.18832187524444405,-0.5963385849746523,-0.20545779172807516,-0.5183149904581456,-0.19946355781420141,-0.4858393169100036,0.011280123268094447,-0.6486524070678011,-0.040025192482235517,-0.5925544357517206,-0.05737932378858181,-0.5179290016501138,-0.04697174940619494,-0.4581539708889631,0.15756475982711673,-0.6089363781181749,0.12244086471425963,-0.5774074402873607,0.09757399748447664,-0.5230629476818323,0.0938149910789559,0,0,0,0,0,0,0,0,0,0,0,0,0,0,0,0,0,0,0,0,0,0,0,0,0,0,0,0,0,0,0,0,0,0,0,0,0,0,0,0,0,0,good
0.0,0.0,-0.07862471922342237,-0.3485167054746647,-0.19220068402062884,-0.5974859125226908,-0.2813271354445011,-0.8158168933287896,-0.3169545546161267,-1.0,-0.43130794502395403,-0.3824858065244899,-0.6147805473367398,-0.36822319487437,-0.5444034373792689,-0.36580960001974416,-0.4568794572638985,-0.36706828910360645,-0.4603878395067002,-0.17891958406938802,-0.6151308160184481,-0.20713124254255194,-0.5457040511246726,-0.21984628045984866,-0.46840351838087907,-0.20857028677417733,-0.4542839251988099,-0.0016137039536696103,-0.6008333989889354,-0.058255661965092735,-0.5430268846242807,-0.07228381192312061,-0.47023317389305447,-0.05891601493593754,-0.43864618465013155,0.14121808069848701,-0.5718571296130179,0.09498419677569293,-0.5291113775304698,0.07527612531328796,-0.46945907061410297,0.07956731217988938,0,0,0,0,0,0,0,0,0,0,0,0,0,0,0,0,0,0,0,0,0,0,0,0,0,0,0,0,0,0,0,0,0,0,0,0,0,0,0,0,0,0,good
0.0,0.0,-0.07109707369555641,-0.3504449618580678,-0.18288368893303023,-0.598737092101886,-0.2793711914684956,-0.8130756490955363,-0.31722626328534603,-1.0,-0.41748282940207654,-0.38738562507672036,-0.5960462166918626,-0.3742763667060744,-0.5262234399749506,-0.3688535889388725,-0.43093228321853444,-0.3678302127690301,-0.45000505451988954,-0.1873379025317893,-0.573062428572085,-0.21401723394352987,-0.4975172132659485,-0.22012105903351015,-0.4173354606078946,-0.21338443431060616,-0.44226343369946874,-0.009384996215674395,-0.5646633919504473,-0.060208850136111,-0.5094942920028962,-0.06706297603566784,-0.4384385734700723,-0.058451912151131456,-0.4248588180694491,0.1394745531180808,-0.5432932757161828,0.10231037509132598,-0.5089373101683156,0.08133378933417532,-0.4578106773778726,0.07780383080093134,0,0,0,0,0,0,0,0,0,0,0,0,0,0,0,0,0,0,0,0,0,0,0,0,0,0,0,0,0,0,0,0,0,0,0,0,0,0,0,0,0,0,good
0.0,0.0,-0.0724950656677283,-0.34910713383810155,-0.18780054550473596,-0.5954990146239053,-0.28372240826878004,-0.8120459474555505,-0.32442214204087527,-1.0,-0.4251951253317913,-0.3798714680754208,-0.597576410323158,-0.36029311068023157,-0.5230243172041649,-0.35736703798148345,-0.4297235002055868,-0.35994105462151404,-0.45484616094128466,-0.17912367186189468,-0.5824118357073934,-0.20761537329119922,-0.5087630661068876,-0.21544307314800878,-0.42907800889943404,-0.20778759262377974,-0.44513530892091174,-0.002709142577901511,-0.5714047020183278,-0.0587380529047854,-0.5202722853886304,-0.06504161166825721,-0.4503230851238762,-0.05467665737510248,-0.4250166133697511,0.14213758304407936,-0.5449128975886147,0.09643255932335024,-0.5187656974195748,0.07946994863724001,-0.474051266052208,0.08112557256718252,0,0,0,0,0,0,0,0,0,0,0,0,0,0,0,0,0,0,0,0,0,0,0,0,0,0,0,0,0,0,0,0,0,0,0,0,0,0,0,0,0,0,good
0.0,0.0,-0.08198420144285612,-0.3635894034891293,-0.21731033503012162,-0.607540463407464,-0.3243247424928019,-0.820125789259738,-0.37388090037147426,-1.0,-0.4502625708382153,-0.38170598255013355,-0.6134631641280482,-0.36414429405120746,-0.5462157377934626,-0.3583953043177378,-0.4504900830015008,-0.35884435073584536,-0.4800019621605427,-0.1756073906640542,-0.5848569381012193,-0.19480139981517713,-0.510837596402565,-0.19932456667196474,-0.4290939178649443,-0.1953482026187459,-0.46886318466392196,0.007871147237995304,-0.5721719921626104,-0.040854433005931494,-0.5237393294333927,-0.04981074645088058,-0.45399014840685226,-0.04444926584251235,-0.44904465989920544,0.15983520664574632,-0.5627437755907229,0.1100388775035129,-0.5466004337851694,0.09535818924229658,-0.5108477940111203,0.09596477113049985,0,0,0,0,0,0,0,0,0,0,0,0,0,0,0,0,0,0,0,0,0,0,0,0,0,0,0,0,0,0,0,0,0,0,0,0,0,0,0,0,0,0,good
0.0,0.0,-0.09333810208986976,-0.3557083527450584,-0.2367467735307901,-0.6035919593542527,-0.33385727812570004,-0.8187704166683846,-0.37101406851892316,-1.0,-0.4517805877251932,-0.38149536935874656,-0.6063800327903548,-0.36378156896212893,-0.5294352184351607,-0.36267424170586804,-0.43205002934090836,-0.36482842783579533,-0.47632027216269296,-0.18102206683680272,-0.5664461632124103,-0.21520903507578476,-0.49015636574026356,-0.22099132416137912,-0.4108503641158629,-0.20983387686163596,-0.46322697769403826,-0.00541466880504856,-0.540656398035877,-0.07292040299428436,-0.48489767787668026,-0.07841478012184379,-0.4146540315232673,-0.0652471026711908,-0.44389289950017385,0.13901234517001923,-0.5288642045040699,0.07280290193265196,-0.48730610606978875,0.06205361621542136,-0.4350985291065934,0.06994542728470851,0,0,0,0,0,0,0,0,0,0,0,0,0,0,0,0,0,0,0,0,0,0,0,0,0,0,0,0,0,0,0,0,0,0,0,0,0,0,0,0,0,0,good
0.0,0.0,-0.09285217563033508,-0.36131752864809297,-0.23700865097823354,-0.6105428063400823,-0.33254828139454917,-0.8225236373466225,-0.37005464549757655,-1.0,-0.455890550733894,-0.38680230347264677,-0.6110720686083572,-0.3613623487409406,-0.5339675026314297,-0.36223248882474013,-0.4385786147930117,-0.3641818127066364,-0.47973116348058836,-0.18285232269626472,-0.5890769582003612,-0.20255005318884456,-0.5146530189483945,-0.20864418518821987,-0.4336435023821179,-0.19846477175717875,-0.4699955740158313,-0.0022585124911497826,-0.5680022354021308,-0.056439351761394634,-0.5130528015709442,-0.062492865551626794,-0.44084483073761965,-0.05095379258521595,-0.45310277597446935,0.14786323708918708,-0.5547796076981311,0.09300694501344953,-0.5133866762469615,0.08112541852512481,-0.4582192696986059,0.09095642576567076,0,0,0,0,0,0,0,0,0,0,0,0,0,0,0,0,0,0,0,0,0,0,0,0,0,0,0,0,0,0,0,0,0,0,0,0,0,0,0,0,0,0,good
0.0,0.0,-0.10179046892118936,-0.36305365377173887,-0.2597536593402423,-0.600127898237551,-0.3667650435602386,-0.8142538790655839,-0.40206900049619976,-1.0,-0.47977001726236057,-0.37842059509212683,-0.6455425903613817,-0.3576369541492267,-0.5667190058696282,-0.36405775779422006,-0.4712599607934798,-0.3691321895319939,-0.5027386751005257,-0.18116185936939713,-0.6281835790154673,-0.2027907069126408,-0.560108270149736,-0.21510596649179675,-0.4849361342314348,-0.21034755618956888,-0.4912868882316242,-0.009603008268695541,-0.5979255019367397,-0.0598543180197125,-0.5460561340611876,-0.0712615923295107,-0.47826386122863884,-0.06293011811966182,-0.47040695119472775,0.12913785025265753,-0.5687674702927437,0.07785938216567964,-0.5254624251931863,0.06100526028497259,-0.4694830052468071,0.06350221977570636,0,0,0,0,0,0,0,0,0,0,0,0,0,0,0,0,0,0,0,0,0,0,0,0,0,0,0,0,0,0,0,0,0,0,0,0,0,0,0,0,0,0,good
0.0,0.0,-0.09321853832788199,-0.350611086983879,-0.24445906600351838,-0.5923281127645837,-0.3418670295335992,-0.8162575389302122,-0.3807679280997695,-1.0,-0.46719204700042904,-0.368226912323796,-0.6363583405559438,-0.3333186453880661,-0.5634108470973695,-0.33963321711185457,-0.4653077578863997,-0.34837129980473747,-0.49093909369651895,-0.16627787177647835,-0.6179260272755144,-0.1740226510521361,-0.5494575480417172,-0.1873456132024214,-0.46981179140777607,-0.18455950914380606,-0.48160876317667395,0.011446514905339305,-0.5892372960787294,-0.024333693187992382,-0.5364631975482583,-0.03494112810141255,-0.4659044867814094,-0.02936779971716992,-0.46446905131681787,0.15674738688383913,-0.5602487067450903,0.1155432193411859,-0.5151566525376101,0.09943452655462254,-0.457196651297848,0.10082104369302743,0,0,0,0,0,0,0,0,0,0,0,0,0,0,0,0,0,0,0,0,0,0,0,0,0,0,0,0,0,0,0,0,0,0,0,0,0,0,0,0,0,0,good
0.0,0.0,-0.0924071444726223,-0.34979774788725665,-0.24017254933246832,-0.5926105443552864,-0.336141167421247,-0.8195540104774459,-0.3796168104264172,-1.0,-0.46071823302137827,-0.36399735523704835,-0.6235241278171636,-0.33609186976235894,-0.549945490336718,-0.3404244189744055,-0.4520328134249191,-0.34555927817690485,-0.48579550051612014,-0.1608048237947381,-0.6078194365992593,-0.1773086263000376,-0.540030639812112,-0.18870466449932582,-0.4610168413597574,-0.18302753104905795,-0.47683819115976317,0.017728341299358342,-0.5845311849087448,-0.028387925159380083,-0.5311433256050159,-0.036109218022471454,-0.46014905203612505,-0.026810023756955768,-0.4595621841045532,0.1622521428488101,-0.5532158819746309,0.11472092068458266,-0.5058969031662268,0.1009160709239021,-0.44733297783825626,0.10483655191852564,0,0,0,0,0,0,0,0,0,0,0,0,0,0,0,0,0,0,0,0,0,0,0,0,0,0,0,0,0,0,0,0,0,0,0,0,0,0,0,0,0,0,good
0.0,0.0,-0.0919376998317481,-0.34227483728319025,-0.23046410539114282,-0.5889237767445605,-0.3314599747584873,-0.8164760880277254,-0.3834771711912786,-1.0,-0.4463975679884542,-0.39739988564536194,-0.6173942797335105,-0.3729713047387101,-0.5435779508752155,-0.36263913209749815,-0.44877150765482793,-0.3602044368704997,-0.47648219340246795,-0.2038632336420312,-0.600928404603706,-0.22335309566354392,-0.530425676567214,-0.22514258920071772,-0.452838775615178,-0.216548472873574,-0.47422808755659024,-0.027616197805196054,-0.5772499498673441,-0.08379496377403106,-0.5230435032178083,-0.0823390667200421,-0.45479003549168395,-0.0675147099276077,-0.46431561283723993,0.11958818911901455,-0.5600093481561992,0.05222629992672059,-0.5151497531386025,0.04448947065133688,-0.4607535851371771,0.053779480424409276,0,0,0,0,0,0,0,0,0,0,0,0,0,0,0,0,0,0,0,0,0,0,0,0,0,0,0,0,0,0,0,0,0,0,0,0,0,0,0,0,0,0,good
0.0,0.0,-0.08554893815225614,-0.3438583719748386,-0.2309136155107889,-0.5868791878767595,-0.33624625891363713,-0.8124914690506798,-0.38861606987936753,-1.0,-0.4618580773920011,-0.38696386116357134,-0.6275285348205397,-0.3677997823788567,-0.555724739328891,-0.3677211241342773,-0.4625440235542885,-0.3713239801997148,-0.4873585790311001,-0.1917788253547911,-0.6073631057359596,-0.21269420682028672,-0.5364368894828528,-0.22071387755070565,-0.4589562050944323,-0.2141790739765367,-0.47569228894720567,-0.01694082663645779,-0.5839478187374735,-0.06405634398021513,-0.5281608082982906,-0.07048010062086033,-0.4585821928530502,-0.06186702283942382,-0.45409905849165877,0.12617746379600062,-0.5512917303194373,0.07902454522810505,-0.5024950857876119,0.06397498667822378,-0.4433066846398185,0.06641300668055268,0,0,0,0,0,0,0,0,0,0,0,0,0,0,0,0,0,0,0,0,0,0,0,0,0,0,0,0,0,0,0,0,0,0,0,0,0,0,0,0,0,0,good
0.0,0.0,-0.09591453477142817,-0.3397754426738731,-0.23835272484065656,-0.5869257770037847,-0.33546842102742797,-0.8101821774781836,-0.3809657018533801,-1.0,-0.44045032778537757,-0.380645259123639,-0.6342247999527516,-0.35135607532279717,-0.5591270709060349,-0.35050009816800937,-0.46341326177976205,-0.35263465378617254,-0.4657589185237447,-0.18000221875663433,-0.627116997112424,-0.18820483433549834,-0.5563342708511246,-0.19884050013009258,-0.4760797283858785,-0.19620273369972083,-0.46289807925909493,0.00045692020616878195,-0.6100052356271659,-0.04141572635547674,-0.5556371183618872,-0.049715711829803805,-0.48297862491360416,-0.04082631924236644,-0.4516769969208766,0.14867345489140063,-0.58622782640065,0.09692893753481772,-0.5434672781283272,0.08255530530250911,-0.48306821319856913,0.09073677086309632,0,0,0,0,0,0,0,0,0,0,0,0,0,0,0,0,0,0,0,0,0,0,0,0,0,0,0,0,0,0,0,0,0,0,0,0,0,0,0,0,0,0,good
0.0,0.0,-0.11004544083091805,-0.33519490849910605,-0.2719804538763514,-0.5824156368989188,-0.3800040395543856,-0.8071773572171294,-0.4334379516965713,-1.0,-0.43861913734734265,-0.35886287375228887,-0.6718319212901971,-0.3272633348931887,-0.5971462958699296,-0.3276689526998104,-0.49371832669355825,-0.33460102750969783,-0.45776712384558926,-0.14840873973383825,-0.6731034250600323,-0.15018290204579327,-0.5992934520153304,-0.16146580966051952,-0.5069117108011534,-0.16192337646901386,-0.45643722939764925,0.03852330182868798,-0.6555639874557706,0.012188898207385402,-0.5938913792085965,-0.0033563211129886633,-0.5085557928124192,0.0014533252763894696,-0.4463159014647956,0.19265723716090807,-0.6158265335553149,0.16625467644914857,-0.5679465931013388,0.1443804063326249,-0.49761699538609744,0.14363317188968858,0,0,0,0,0,0,0,0,0,0,0,0,0,0,0,0,0,0,0,0,0,0,0,0,0,0,0,0,0,0,0,0,0,0,0,0,0,0,0,0,0,0,good
0.0,0.0,-0.11347728347202181,-0.3421828617760751,-0.2817916588111442,-0.5827388807903415,-0.39173282762252254,-0.8025797330395676,-0.4389140197149996,-1.0,-0.4461226167987832,-0.35767333595389456,-0.6749902345073694,-0.32962511598447874,-0.5978186086955808,-0.3340624079671633,-0.4990899916330984,-0.33990280921698207,-0.46512990056243486,-0.14958968501100595,-0.6754192589890795,-0.15420072266699197,-0.6024362182919281,-0.17487933301377273,-0.5138583738637218,-0.17694497601857886,-0.463620818756975,0.03465959197286774,-0.6644991585862606,-0.004099247800351024,-0.6010417346965181,-0.02524610889787328,-0.516821702847252,-0.01822974106965723,-0.45557512076967277,0.18367833966498712,-0.6319750364845377,0.1369711487710677,-0.5840031578173436,0.11329778735090423,-0.5127957732565567,0.11971693009878859,0,0,0,0,0,0,0,0,0,0,0,0,0,0,0,0,0,0,0,0,0,0,0,0,0,0,0,0,0,0,0,0,0,0,0,0,0,0,0,0,0,0,good
0.0,0.0,-0.0965006983442293,-0.3205870737644687,-0.2566092055911554,-0.5803377076132359,-0.35623788290232433,-0.8009643548966219,-0.3990575715227165,-1.0,-0.33492727805511846,-0.3661952486508935,-0.593418569231854,-0.3416095377478796,-0.5297363816761973,-0.35433338183229063,-0.42659845838524557,-0.3581521652746651,-0.3507224510639408,-0.1506194213463066,-0.6049266789503521,-0.16362488542630788,-0.5394333202508415,-0.1939016840549693,-0.44301515164482785,-0.18881948239793517,-0.3578118574652326,0.02712273618890303,-0.5928384157387675,-0.009853846965819646,-0.5318373239008974,-0.03590227011799919,-0.4430245253928721,-0.029314563014206117,-0.3632967227339066,0.1726346875138823,-0.559240253645471,0.12774951388965305,-0.5081999917674039,0.10458412959247426,-0.4303328780952218,0.11369867312558662,0,0,0,0,0,0,0,0,0,0,0,0,0,0,0,0,0,0,0,0,0,0,0,0,0,0,0,0,0,0,0,0,0,0,0,0,0,0,0,0,0,0,good
0.0,0.0,-0.1068460133216222,-0.3104705833428896,-0.2608948598297685,-0.5703711731420236,-0.3511705460840169,-0.799325895840658,-0.396653254312599,-1.0,-0.3075919468748123,-0.34298703584454776,-0.5789125701859289,-0.30009438634384605,-0.5095581400135509,-0.32273534732872367,-0.40562142717024535,-0.3306117974108654,-0.3131387722886399,-0.12943152705510827,-0.5824540533410959,-0.12280306018421089,-0.5118533201772127,-0.1641394061515365,-0.4090394141745857,-0.15990735268358397,-0.3160493329317608,0.04857095210911683,-0.5686187039541031,0.031948118174894916,-0.5036882923548742,-0.006848575656724387,-0.4081173935927341,-0.004885238891542236,-0.3191388369770999,0.19439050238990255,-0.5269847490654828,0.17739297945385296,-0.47806452127809274,0.14481603904158585,-0.39485835957626536,0.14903591091642965,0,0,0,0,0,0,0,0,0,0,0,0,0,0,0,0,0,0,0,0,0,0,0,0,0,0,0,0,0,0,0,0,0,0,0,0,0,0,0,0,0,0,good
0.0,0.0,-0.09685373566252399,-0.31197328943470937,-0.2414283266908865,-0.577036292368451,-0.3322707883388186,-0.8012857355902178,-0.37504894020072366,-1.0,-0.30420489274649737,-0.37166985813606956,-0.5637621487757453,-0.33192363644281464,-0.4964434390962054,-0.34234969658102626,-0.3942528079247588,-0.3448122154741006,-0.31566131614527465,-0.16410876659190918,-0.572322832365074,-0.15559224729704246,-0.5027605765268623,-0.18531995285307504,-0.4055683164119037,-0.1832551180254822,-0.3213151674977086,0.013710651154249243,-0.5600718624966261,-0.003483843879424492,-0.4958253443890599,-0.030630711316289066,-0.4048998949506038,-0.027434859719821715,-0.3256621665647122,0.1642422865519107,-0.523763882481072,0.14198471463497903,-0.4737544950008073,0.11318178886344935,-0.3931094662364996,0.11812367070609052,0,0,0,0,0,0,0,0,0,0,0,0,0,0,0,0,0,0,0,0,0,0,0,0,0,0,0,0,0,0,0,0,0,0,0,0,0,0,0,0,0,0,good
0.0,0.0,-0.10038868217177682,-0.3177427524831541,-0.24206767016523914,-0.5841180367046355,-0.3320666352994805,-0.8034475693852353,-0.37440898481344975,-1.0,-0.3037846339612776,-0.3790545684295556,-0.5722954286166778,-0.34004767086073595,-0.4991457120316342,-0.35568168534801864,-0.3931823714179295,-0.3585851751080848,-0.3151270978551464,-0.1683370461411867,-0.5826817938622824,-0.16011342463893868,-0.5080901782860026,-0.1939761595419441,-0.4077526109411706,-0.1893812717787918,-0.3223041223269983,0.012857054872604674,-0.5679454311514704,-0.002185368338889627,-0.5019274898472128,-0.03608790577107345,-0.4093933130913032,-0.03256223963385025,-0.3301887938702429,0.16630544125712307,-0.5365070892494207,0.14227728285311234,-0.48354018777576346,0.10575154926107652,-0.399024125779344,0.11034643702422885,0,0,0,0,0,0,0,0,0,0,0,0,0,0,0,0,0,0,0,0,0,0,0,0,0,0,0,0,0,0,0,0,0,0,0,0,0,0,0,0,0,0,good
0.0,0.0,-0.10617641921834246,-0.31641919333182994,-0.2509755191687797,-0.5867329393045958,-0.3405548777208971,-0.8044451410370829,-0.38329430978762213,-1.0,-0.3378174631791275,-0.39941116616694017,-0.6076539227729797,-0.3501068579591568,-0.5252126008606162,-0.35222650969433245,-0.4176593459134073,-0.36015238149229317,-0.3488058878381178,-0.18923091865331043,-0.6045661508500074,-0.173362918141426,-0.5242334343068447,-0.19087536822956766,-0.4248578249330236,-0.19233348853824897,-0.35206227315870625,-0.006986305424099169,-0.5885191158405305,-0.01728360273266252,-0.5173432114245269,-0.03572728231468471,-0.42310999804500166,-0.03612370095778246,-0.3522815331022072,0.14768616148786629,-0.5493705864036326,0.12606571378907444,-0.4943746902328032,0.103481105920477,-0.41259302394893826,0.1078379593985608,0,0,0,0,0,0,0,0,0,0,0,0,0,0,0,0,0,0,0,0,0,0,0,0,0,0,0,0,0,0,0,0,0,0,0,0,0,0,0,0,0,0,good
0.0,0.0,-0.08891644950731412,-0.32650132685260524,-0.22606676918260862,-0.5761407885602723,-0.3273580160178172,-0.7980810322009185,-0.36886502426091144,-1.0,-0.41070897301249903,-0.4619099906843517,-0.6072617848527319,-0.365517126016945,-0.5469844820176921,-0.3244139684542436,-0.4649603776282654,-0.34029597395919836,-0.4360934177516669,-0.2705186215389419,-0.6036571984790681,-0.21086780501579358,-0.5381782271910991,-0.1864838266564549,-0.45907785834877646,-0.19810588455048114,-0.4365275373193475,-0.08034398200753616,-0.5869198977708159,-0.06442453866830437,-0.5309989250562265,-0.045355936226640685,-0.4557988616508731,-0.04922199002799474,-0.4245032218442594,0.08982332130145064,-0.5558841322925615,0.08298812862206068,-0.5083801007555672,0.08742132578522871,-0.4444775012555614,0.08385875740641836,0,0,0,0,0,0,0,0,0,0,0,0,0,0,0,0,0,0,0,0,0,0,0,0,0,0,0,0,0,0,0,0,0,0,0,0,0,0,0,0,0,0,good
0.0,0.0,-0.062235146283456055,-0.31654386522398786,-0.18748347343290042,-0.5757650228876285,-0.2837643004813756,-0.7955034020914727,-0.3157875485509582,-1.0,-0.4183707605307095,-0.4852497292881631,-0.5947274249951039,-0.4008143073015612,-0.5318215001207821,-0.3558574725992375,-0.44952376815636286,-0.3683185994463076,-0.4532935400268692,-0.3049095430018418,-0.588660888940707,-0.24702750401781326,-0.5239554257053177,-0.21653898821974868,-0.4464219172570509,-0.2295354424852604,-0.46134364514917153,-0.12228478504222799,-0.5729306451895593,-0.1073249555544887,-0.5155142077039903,-0.07625996261471438,-0.4412641042581581,-0.0775996147166651,-0.45403690215738857,0.0402246165264909,-0.5408454820270964,0.032688501929083784,-0.48445092933601874,0.052300917257812926,-0.4215792958977536,0.05154841074434515,0,0,0,0,0,0,0,0,0,0,0,0,0,0,0,0,0,0,0,0,0,0,0,0,0,0,0,0,0,0,0,0,0,0,0,0,0,0,0,0,0,0,good
0.0,0.0,-0.04888465236389851,-0.33338429153486854,-0.16996283798214515,-0.5979559016716538,-0.2552376413247034,-0.8121883025448376,-0.29023955600418755,-1.0,-0.40557220439934144,-0.4822260790586521,-0.5698646310363924,-0.40379241427219326,-0.49624595425602147,-0.37379751758619995,-0.406830797038729,-0.384892916585171,-0.44172667369590096,-0.3013772952735519,-0.5642862067389224,-0.25441818848089853,-0.49396388862035917,-0.23496751789344789,-0.4125085148906609,-0.2451404235675687,-0.44878532134017074,-0.12022913205443235,-0.5446206499119097,-0.11318978108206744,-0.48592223478691604,-0.09328535768535859,-0.41049791408597097,-0.09329659846510899,-0.4404984311618395,0.03859858950695692,-0.5148848531991634,0.024213014275040898,-0.457100313467878,0.03655051943643227,-0.3935955282679382,0.037185998184988765,0,0,0,0,0,0,0,0,0,0,0,0,0,0,0,0,0,0,0,0,0,0,0,0,0,0,0,0,0,0,0,0,0,0,0,0,0,0,0,0,0,0,good
0.0,0.0,-0.055683062012874505,-0.33267964629028324,-0.1756301118956252,-0.5911975930431467,-0.26228422552202985,-0.8049756242448466,-0.2889349289262017,-1.0,-0.4047431424281149,-0.47454489117540827,-0.5660279528215922,-0.39271605866315623,-0.492385670466192,-0.3629209836841034,-0.4055384942585425,-0.3758684607613596,-0.4399861390967311,-0.2964854543021054,-0.5582827147569117,-0.2485798991234262,-0.4888263885196519,-0.23022996998637746,-0.409306973171085,-0.24086949666219915,-0.44632456881773463,-0.118402182542229,-0.5377348423872289,-0.11190222562837011,-0.4807181267979297,-0.09184205170703624,-0.40750065545938075,-0.09217280659456308,-0.438560079498514,0.037984008624562034,-0.5122030952350395,0.023266882891868453,-0.4558313883454738,0.03451364913946892,-0.3938436321433613,0.03484880431374778,0,0,0,0,0,0,0,0,0,0,0,0,0,0,0,0,0,0,0,0,0,0,0,0,0,0,0,0,0,0,0,0,0,0,0,0,0,0,0,0,0,0,good
0.0,0.0,-0.04175025107381918,-0.3387003224663528,-0.15728084763840386,-0.6040826929622753,-0.24205164957605987,-0.8136524801256889,-0.26260251341289287,-1.0,-0.4300087532339151,-0.48780171451999926,-0.5712520202236709,-0.4074551612020326,-0.5003224297130705,-0.36701184965835276,-0.41299472351102506,-0.3696718947911846,-0.4693147672442189,-0.3061832859031898,-0.5626473604548018,-0.2511405035106367,-0.48916086567981193,-0.22899068141489487,-0.4096802926196205,-0.23369046088029907,-0.47089650482527057,-0.1244241606843131,-0.5429536833381148,-0.11040726170337418,-0.47813926545381796,-0.09093910218713601,-0.40328409318658387,-0.08905984991629651,-0.45511796713928265,0.03529909203060005,-0.5058869070453457,0.028176692948352258,-0.44187031950219785,0.03432887171217872,-0.3804795189348681,0.02759118990120827,0,0,0,0,0,0,0,0,0,0,0,0,0,0,0,0,0,0,0,0,0,0,0,0,0,0,0,0,0,0,0,0,0,0,0,0,0,0,0,0,0,0,good
0.0,0.0,-0.034087974834488846,-0.3530435900516904,-0.15379690456616119,-0.6154644593399714,-0.24680454910514227,-0.8159938174594682,-0.27140907359407285,-1.0,-0.44912460879762955,-0.4798718642178527,-0.585920805191172,-0.3992464663501134,-0.5100762116453673,-0.365704138701031,-0.4213050025328402,-0.3703136521729285,-0.49073878948865846,-0.29212211832362867,-0.5804088190317648,-0.25070479428115,-0.5021060739589333,-0.23478862380402282,-0.42066403144154946,-0.23539526368016747,-0.4915883044506768,-0.10752828764299042,-0.561241592048014,-0.10971452864154668,-0.49371099617864356,-0.09228303676398349,-0.417883568240412,-0.08549531725877665,-0.4746427453577075,0.05369146390857962,-0.5247827546271356,0.03786404327486192,-0.46081840503748495,0.041499499823413374,-0.39978115676472853,0.038213929488797246,0,0,0,0,0,0,0,0,0,0,0,0,0,0,0,0,0,0,0,0,0,0,0,0,0,0,0,0,0,0,0,0,0,0,0,0,0,0,0,0,0,0,good
0.0,0.0,-0.0399144661325607,-0.3607270743824826,-0.16244498056247608,-0.6189255912307706,-0.256604523057781,-0.8187118660899179,-0.2825684402372809,-1.0,-0.45308159963081845,-0.47557786838561944,-0.5915272256768085,-0.40726723893696753,-0.5174651117621116,-0.38223102176243284,-0.43056525078932995,-0.3879063844453077,-0.4927501759745779,-0.28765709929639377,-0.5901772962126766,-0.2671746806901124,-0.519214087312598,-0.25737888421895033,-0.4393858852324471,-0.2553723359201353,-0.493336331959612,-0.10614808443274851,-0.5680548821627495,-0.12294598967810526,-0.5086315165357689,-0.11102718040534028,-0.4361077198075817,-0.10130330715376819,-0.4778872609009314,0.050560197909334394,-0.5302453567537728,0.022711308228600468,-0.47179313713749965,0.021515630339477596,-0.41197109051664965,0.02148167673835136,0,0,0,0,0,0,0,0,0,0,0,0,0,0,0,0,0,0,0,0,0,0,0,0,0,0,0,0,0,0,0,0,0,0,0,0,0,0,0,0,0,0,good
0.0,0.0,-0.035623945654325334,-0.3574110627078048,-0.15267488292109818,-0.6251081810868772,-0.24304218109050893,-0.8260684187493303,-0.27973676994790236,-1.0,-0.4860569423839244,-0.4498037941009303,-0.612896565625017,-0.3895368959700162,-0.5346506336515361,-0.36286596803686966,-0.44855138124958005,-0.3677092847791072,-0.5196262191368393,-0.24594650052569744,-0.5967971497938067,-0.2279355071845316,-0.5140861490075305,-0.21230368060839264,-0.4347316219263951,-0.20612968656084926,-0.5079304953540695,-0.05639943562430883,-0.566248953598803,-0.0732322856307552,-0.49689992863589233,-0.06031193196984912,-0.42100247504526084,-0.051128660588309,-0.4782786178243208,0.10655768961879218,-0.5227228403278028,0.08035525888101805,-0.4564457405796654,0.07960457384006087,-0.3933865628467197,0.075928141972809,0,0,0,0,0,0,0,0,0,0,0,0,0,0,0,0,0,0,0,0,0,0,0,0,0,0,0,0,0,0,0,0,0,0,0,0,0,0,0,0,0,0,good
0.0,0.0,-0.04534571516338944,-0.3603367504087227,-0.1667482164983098,-0.6089631740660539,-0.25951504422589394,-0.8180800787276576,-0.2919036135967393,-1.0,-0.4897589102926654,-0.4398983467604215,-0.6173537583591441,-0.3960645104982809,-0.5393176134579213,-0.3850154246008812,-0.45239488490134644,-0.38784126371085176,-0.5269153959439038,-0.24814640210618474,-0.596845121063703,-0.25675895771068546,-0.5144880949844792,-0.25675208553386164,-0.43873952594349835,-0.24492094591390676,-0.5174859103194669,-0.06809399488572601,-0.5753669914228361,-0.11056026795991872,-0.5083179110231778,-0.10926658067282734,-0.4370161558004952,-0.095534253334552,-0.493556303401109,0.08436387351621112,-0.5479872081300601,0.04084100325535016,-0.48694784636286603,0.029106074110929303,-0.4261488389800865,0.029698112144304716,0,0,0,0,0,0,0,0,0,0,0,0,0,0,0,0,0,0,0,0,0,0,0,0,0,0,0,0,0,0,0,0,0,0,0,0,0,0,0,0,0,0,good
0.0,0.0,-0.051589773323205024,-0.3618835923414107,-0.17462276941842664,-0.6130351635172953,-0.27310441162695454,-0.8201887503273354,-0.30157592780364934,-1.0,-0.4929143417019528,-0.4502262118590123,-0.6201199671536415,-0.4058251690349912,-0.5452798059849566,-0.3895773663702244,-0.46307229002158534,-0.3925662892708505,-0.5266141653681506,-0.256321932602062,-0.6014609928981032,-0.2647673576663496,-0.5239001016705559,-0.26290487888759967,-0.44909686188735287,-0.2523381834815089,-0.5166288108510585,-0.0766081143633078,-0.5760983941248503,-0.11624082862528691,-0.5116574146688665,-0.11314866259118386,-0.44008291585958115,-0.09852471715825668,-0.49266546421463087,0.07476990797686534,-0.5475376512665745,0.033777939745666355,-0.48585962215748063,0.024669297201427354,-0.4232968472555445,0.02534994978007845,0,0,0,0,0,0,0,0,0,0,0,0,0,0,0,0,0,0,0,0,0,0,0,0,0,0,0,0,0,0,0,0,0,0,0,0,0,0,0,0,0,0,good
0.0,0.0,-0.04485525994126416,-0.3492047827205932,-0.17691899342785508,-0.604667003368958,-0.2721815534876101,-0.8212607501236833,-0.3141035688507809,-1.0,-0.5109476621444066,-0.4331613700558139,-0.6133441826293868,-0.3959657647302415,-0.5172624426654695,-0.3834081238135598,-0.42882423172857925,-0.3837425685224639,-0.5456636357010213,-0.23327276562230903,-0.593081090425206,-0.248881690426109,-0.5003994308312225,-0.24120655524529924,-0.4245641737151615,-0.22372577210931086,-0.5318473925890664,-0.042189377623230134,-0.5696225515712451,-0.0922274017613013,-0.49475547479860754,-0.08218503016452616,-0.4219089342856461,-0.06228347365820589,-0.5004357134057179,0.12125442889292673,-0.5364686637885716,0.07157858547626281,-0.46784686624985244,0.07001827351707474,-0.40577238022073997,0.07749570898085635,0,0,0,0,0,0,0,0,0,0,0,0,0,0,0,0,0,0,0,0,0,0,0,0,0,0,0,0,0,0,0,0,0,0,0,0,0,0,0,0,0,0,good
0.0,0.0,-0.04875092419790616,-0.3659380887419334,-0.16650679302639426,-0.6242990831162747,-0.272469575908829,-0.8176588452267411,-0.3189303522014768,-1.0,-0.5052341438789468,-0.4365185598484758,-0.6157224043896079,-0.4150539584988186,-0.5267975401142356,-0.4007911531088628,-0.4396567862619222,-0.39563213609812425,-0.5429919611197079,-0.23325304531035795,-0.6049577319748197,-0.27296248145878055,-0.5200614696586705,-0.2730061527683487,-0.4431949258213795,-0.2525508778391314,-0.5323135624458498,-0.04558490695109821,-0.5864633904633465,-0.11101796601028383,-0.5178099540657226,-0.10741065476119581,-0.4449072687077354,-0.08784529728709549,-0.5068180686836704,0.1128768979077778,-0.561462176523098,0.0502299462415341,-0.4995927574034322,0.042788416169867345,-0.43929917015350006,0.05289542309406037,0,0,0,0,0,0,0,0,0,0,0,0,0,0,0,0,0,0,0,0,0,0,0,0,0,0,0,0,0,0,0,0,0,0,0,0,0,0,0,0,0,0,good
0.0,0.0,-0.06927656896607555,-0.35517523893091685,-0.19056759113562072,-0.6183037230266903,-0.2913657612447476,-0.8234365646332095,-0.3419344929099466,-1.0,-0.5313389158148755,-0.4027038001700478,-0.634901294042567,-0.39094316351382835,-0.5432171874941791,-0.38053998630791375,-0.4532768303135568,-0.37311450830996157,-0.5641360187551205,-0.1962335586786707,-0.6011589557219481,-0.24450604323065606,-0.5120824493990297,-0.24600334650864697,-0.4368881653435473,-0.2261260365422238,-0.5449868710144151,-0.010566232816474749,-0.5676733798390478,-0.08930260628202545,-0.49541481318669983,-0.08696394751615297,-0.4225699340928649,-0.06472849234885189,-0.5115449963276667,0.1445801776532429,-0.5394742158644226,0.06804806386507134,-0.4770666152377617,0.06559191335872493,-0.42158558255986994,0.08310047521110543,0,0,0,0,0,0,0,0,0,0,0,0,0,0,0,0,0,0,0,0,0,0,0,0,0,0,0,0,0,0,0,0,0,0,0,0,0,0,0,0,0,0,good
0.0,0.0,-0.07553138154096393,-0.3576867846241622,-0.18247634743885383,-0.6287038475891459,-0.29710633982783907,-0.8226681767706385,-0.3553932716814671,-1.0,-0.5358228119466844,-0.4014753572129394,-0.6457644022290858,-0.4006586760464011,-0.5652280128445799,-0.3939584876425931,-0.4832428650990169,-0.3872682241835173,-0.5710825959572013,-0.19430659798983005,-0.6201085618811797,-0.24267652506700754,-0.5368544390591379,-0.24799204189574384,-0.4598042574042923,-0.22682553762007765,-0.5582611269973242,-0.009969181628757158,-0.5987743260395387,-0.08579434153379528,-0.5314917078504612,-0.09058497057112103,-0.455544754695066,-0.06922620593749894,-0.5313883466403211,0.14687386926522514,-0.5699735542758363,0.07321631728970744,-0.5126697590903987,0.06196936991913722,-0.4546035863646005,0.07728469392037586,0,0,0,0,0,0,0,0,0,0,0,0,0,0,0,0,0,0,0,0,0,0,0,0,0,0,0,0,0,0,0,0,0,0,0,0,0,0,0,0,0,0,good
0.0,0.0,-0.07946858269326999,-0.3543857774193183,-0.1921479831522888,-0.618546117595466,-0.2848230298030547,-0.8195256981294682,-0.3352463942228597,-1.0,-0.5191999258747035,-0.3937582604561812,-0.6394007011895056,-0.37096999636480704,-0.5532407047904789,-0.36112523042411726,-0.46243010940061957,-0.35826077205602674,-0.5488541245226013,-0.18426322061251818,-0.605791486278002,-0.22060672713388593,-0.5220962349561316,-0.2217336106363483,-0.4449197190925021,-0.20720942212540072,-0.5318150458031684,0.003542799593469077,-0.5722066200523142,-0.06728976489172205,-0.5041229563884766,-0.06270984289701453,-0.4325832270984816,-0.04299898946373138,-0.49991524025045714,0.16076318520821284,-0.5372657294484589,0.08563577577413685,-0.47493770026794085,0.07993318194154052,-0.41733042061630865,0.09488274857441735,0,0,0,0,0,0,0,0,0,0,0,0,0,0,0,0,0,0,0,0,0,0,0,0,0,0,0,0,0,0,0,0,0,0,0,0,0,0,0,0,0,0,good
0.0,0.0,-0.07391862253258376,-0.34830614868782617,-0.16980311089822775,-0.6118844379458996,-0.26057629767817075,-0.8136831623263671,-0.30860614616683896,-1.0,-0.49317694809287316,-0.3962190233695515,-0.6260972596868933,-0.3611006630196385,-0.5355765497768926,-0.3503526861118814,-0.4405450374366602,-0.3479486727002294,-0.5286821539314795,-0.18712078049764289,-0.5963077621196461,-0.20782640482012757,-0.51243628204805,-0.2055570121259485,-0.43415862051579396,-0.19138150099578996,-0.5188564801976454,0.00497567247334056,-0.568731691330325,-0.05292812665439786,-0.499088663120478,-0.045591297552121414,-0.42593818539340006,-0.028333375349786978,-0.4946042050066806,0.16983008546146672,-0.536772380064033,0.11352837371114528,-0.47113822572919556,0.10842135780371594,-0.40909370509491516,0.11963722993924421,0,0,0,0,0,0,0,0,0,0,0,0,0,0,0,0,0,0,0,0,0,0,0,0,0,0,0,0,0,0,0,0,0,0,0,0,0,0,0,0,0,0,good
0.0,0.0,-0.07825412563884775,-0.3466770407215858,-0.17194845873209963,-0.6117054475800741,-0.26897773849273227,-0.8164172672456984,-0.32343326828277025,-1.0,-0.5022904922237132,-0.39357751235902305,-0.6355326980434279,-0.3725585392503152,-0.5427932267998977,-0.3618089295286679,-0.44870423582772795,-0.3606544864117065,-0.5379629847447337,-0.18194604123361494,-0.6079384293667506,-0.20722942160723107,-0.518864996974373,-0.20536199161833754,-0.43817960862551447,-0.18854861499359588,-0.5279876752623837,0.010227570193795287,-0.5835741238570062,-0.047135714761205705,-0.5113865179663182,-0.04474649550310246,-0.4344877931342042,-0.027240402956455495,-0.5043362314952503,0.17419778340915337,-0.5525032621214024,0.11905729571512158,-0.4877055436793927,0.10967610024960797,-0.4235522412413229,0.11958133731211207,0,0,0,0,0,0,0,0,0,0,0,0,0,0,0,0,0,0,0,0,0,0,0,0,0,0,0,0,0,0,0,0,0,0,0,0,0,0,0,0,0,0,good
0.0,0.0,-0.06881986920009733,-0.3320865925428663,-0.1627282558841494,-0.5990070115545401,-0.24851380935031125,-0.8170022523634691,-0.2927765551339696,-1.0,-0.4931667260564599,-0.3620125977540426,-0.6145595746356203,-0.36105324128137817,-0.5263779655414637,-0.36245212671068183,-0.4409179437696548,-0.35475992510213045,-0.5241597456426353,-0.16091119513172744,-0.5796826405191424,-0.21322626265592046,-0.49458507443298316,-0.22136221946107879,-0.4232918539002189,-0.19910083408182266,-0.5092276613189161,0.01886726981784016,-0.547423305978439,-0.0578894780415693,-0.4792259174388452,-0.057931295573881124,-0.4119471800080165,-0.03294198351232572,-0.4800877367417291,0.1715744434375613,-0.5179628544647557,0.09748623246722106,-0.4527662075190592,0.08743200758409884,-0.3929346609954975,0.10211463253288348,0,0,0,0,0,0,0,0,0,0,0,0,0,0,0,0,0,0,0,0,0,0,0,0,0,0,0,0,0,0,0,0,0,0,0,0,0,0,0,0,0,0,good
0.0,0.0,-0.07588944896169836,-0.3402252709518904,-0.1705298772173716,-0.613871261597341,-0.26728474701711225,-0.8169862082070669,-0.30782918446064655,-1.0,-0.49533949830144586,-0.3884759185360764,-0.6229369192995089,-0.37615285820489996,-0.5270520584342632,-0.3700191441554069,-0.43199167975170105,-0.35951194488616856,-0.5305623064331696,-0.17662483622870973,-0.5906454297391994,-0.22244662639476465,-0.5046418534409474,-0.2202898876853991,-0.42761121445787953,-0.19684058927660597,-0.5192925080260434,0.006535432939615483,-0.5583384173275859,-0.06898709332213188,-0.48990962575134767,-0.06455172505759083,-0.4178478618887122,-0.0431385246748744,-0.49272717953333933,0.1600668503572131,-0.5279375902200619,0.0887186167535113,-0.45991583072466086,0.08315768549911488,-0.39820280803171076,0.09529155456876061,0,0,0,0,0,0,0,0,0,0,0,0,0,0,0,0,0,0,0,0,0,0,0,0,0,0,0,0,0,0,0,0,0,0,0,0,0,0,0,0,0,0,good
0.0,0.0,-0.08009848187606895,-0.3380726940822692,-0.17503460373099908,-0.6079878130130777,-0.27550649259570414,-0.8156037668944118,-0.3215475581105108,-1.0,-0.49642924353992796,-0.37056005238644885,-0.6378902918042223,-0.37224070129121556,-0.5407788707989742,-0.36395738455342563,-0.4462287794733427,-0.3516975695119499,-0.5280684966097576,-0.1603040273119971,-0.5998612530959732,-0.20030990335853824,-0.509886987772968,-0.20183659652412758,-0.430710476688051,-0.1815024046766027,-0.5163621545254999,0.02128614458518784,-0.5661711933872897,-0.0442755542147251,-0.49390059314457085,-0.04763373971147201,-0.4181632914326121,-0.030983073790653806,-0.49154415739007257,0.17407352154249542,-0.5334047643699112,0.10930649994076232,-0.46507559704014906,0.0994423357948961,-0.4014781825836221,0.10849626117864945,0,0,0,0,0,0,0,0,0,0,0,0,0,0,0,0,0,0,0,0,0,0,0,0,0,0,0,0,0,0,0,0,0,0,0,0,0,0,0,0,0,0,good
0.0,0.0,-0.06994933340013602,-0.3398750739846022,-0.1585601727098798,-0.6143387861028968,-0.2540224629030081,-0.8126506098425039,-0.3031061755223229,-1.0,-0.503380951437311,-0.3708717713643041,-0.6020482751632709,-0.4035571684583123,-0.5004479269916393,-0.394616014773365,-0.4103177626981507,-0.3683784482059178,-0.5355159741309076,-0.15836742950104,-0.5686310708034981,-0.24713754835872895,-0.4762158432300397,-0.24893897761225,-0.40339106531470986,-0.21416219518624302,-0.5198215171713448,0.019393967492764185,-0.542441456353478,-0.09442360807061244,-0.4670820398101657,-0.093357257669815,-0.39789732301929714,-0.0619720827072139,-0.4875390861167684,0.16571130095870584,-0.5122891088309293,0.06472058964839975,-0.44292118317035845,0.05786128695631366,-0.38762622249857265,0.08135670280866675,0,0,0,0,0,0,0,0,0,0,0,0,0,0,0,0,0,0,0,0,0,0,0,0,0,0,0,0,0,0,0,0,0,0,0,0,0,0,0,0,0,0,good
0.0,0.0,-0.07813962419391779,-0.3417464994009751,-0.1581193211754797,-0.6065002913329389,-0.2430818036789656,-0.8068522508441861,-0.2820653511898345,-1.0,-0.5077417325897952,-0.36031296255473333,-0.6049912421331615,-0.41553838845595686,-0.5065468116340801,-0.40658260473280594,-0.42549403683757064,-0.37314198149664857,-0.5400791524508887,-0.1488259881496595,-0.5833032524698937,-0.25745965186294856,-0.49414893683590794,-0.2603888932691632,-0.41995585041059263,-0.21895578908675215,-0.5233785967639248,0.025906193833038604,-0.5545455894481516,-0.10225687823749204,-0.4829623419771343,-0.10400666373814041,-0.41062336309595643,-0.06766343831509977,-0.4922988519926762,0.16884956296483428,-0.5249874983395184,0.05694034799402209,-0.4622979062109966,0.04374571023645078,-0.4060754762386209,0.06629089276605742,0,0,0,0,0,0,0,0,0,0,0,0,0,0,0,0,0,0,0,0,0,0,0,0,0,0,0,0,0,0,0,0,0,0,0,0,0,0,0,0,0,0,good
0.0,0.0,-0.08591057854512561,-0.3415219795561392,-0.16856696037850494,-0.5995071751343811,-0.25989839780046137,-0.8072827967238737,-0.3012567284492419,-1.0,-0.5169080319613525,-0.3709376425935767,-0.6235254113715689,-0.41079667808279824,-0.5188126483845193,-0.39509199951991075,-0.4325498732074238,-0.3602222076343137,-0.5487701111163381,-0.16077928289617605,-0.6055785871602595,-0.250910676029719,-0.5152908609356339,-0.2530875338311785,-0.43648458392949485,-0.2143425057690309,-0.5351595626036221,0.016058306161366158,-0.5678095676924968,-0.09980508447442478,-0.49410406024225906,-0.10171148960572758,-0.41737608321928826,-0.06678910970093337,-0.5080553576548749,0.16229932707011216,-0.5394660563117518,0.05601894027271002,-0.47306938917584734,0.044998351705452716,-0.4106770135085027,0.06675190457170546,0,0,0,0,0,0,0,0,0,0,0,0,0,0,0,0,0,0,0,0,0,0,0,0,0,0,0,0,0,0,0,0,0,0,0,0,0,0,0,0,0,0,good
0.0,0.0,-0.05535404321933672,-0.339548568364176,-0.13829984828343947,-0.6010433766008911,-0.2362363165032303,-0.8016144370147169,-0.27094587772309625,-1.0,-0.4916866001596861,-0.37497342791876004,-0.5904313996822315,-0.394125127623722,-0.501375856954734,-0.3823352240490795,-0.41916024204609037,-0.3584050499964243,-0.5293953904414476,-0.16726607608869437,-0.5757984675170933,-0.25438748223004853,-0.49232162994414586,-0.255297683405455,-0.4197912624941967,-0.21975368928494224,-0.5150544034213876,0.01206875700917909,-0.5550465516679903,-0.10265684810195562,-0.4862415122758515,-0.10347426177889836,-0.41464900223982804,-0.07324059274683234,-0.4849034576353065,0.1583887508168,-0.5225726454926796,0.05995561582833626,-0.4619409246380592,0.04360554217928214,-0.4078079288963017,0.056111235027787976,0,0,0,0,0,0,0,0,0,0,0,0,0,0,0,0,0,0,0,0,0,0,0,0,0,0,0,0,0,0,0,0,0,0,0,0,0,0,0,0,0,0,good
0.0,0.0,-0.06773832189302195,-0.35411530536625857,-0.17386200018747053,-0.614478530703473,-0.2844543997380912,-0.8096599237938015,-0.3227711733106686,-1.0,-0.5225394474601749,-0.38293448940690494,-0.6177570002000063,-0.4055731312533811,-0.53094812283217,-0.3906508664122147,-0.44822000465683876,-0.3646134924907868,-0.5616594003644757,-0.1750841979581889,-0.6037661031147684,-0.23641148112140364,-0.5156120156145632,-0.240598106968347,-0.43562882811274856,-0.21238096370358922,-0.5494272322841374,0.0037327498616818596,-0.5879982799297123,-0.078420744494105,-0.5167871435664252,-0.08567596667618577,-0.4385462672460945,-0.05952116083554913,-0.5200577680931491,0.15614999938129878,-0.5525824467910879,0.08877157558778032,-0.49524712099717494,0.06775805563151158,-0.4367900453964949,0.07142384018389256,0,0,0,0,0,0,0,0,0,0,0,0,0,0,0,0,0,0,0,0,0,0,0,0,0,0,0,0,0,0,0,0,0,0,0,0,0,0,0,0,0,0,good
0.0,0.0,-0.06503378546895619,-0.3531602871395741,-0.17373835725165496,-0.6116564556722596,-0.2841937956686442,-0.8050944169477633,-0.31261612819683005,-1.0,-0.5299936670951121,-0.38460693091946035,-0.6282267187930848,-0.4173808110986652,-0.5463178767090763,-0.40797682643650596,-0.46693980228726806,-0.3835076312102473,-0.5644488197931411,-0.17988418804936554,-0.6249668889235618,-0.2462096147622527,-0.546883967375364,-0.2597123097385073,-0.47116437260146715,-0.23563657665588303,-0.5478496655372255,-0.003999426965884119,-0.6102070305220476,-0.08444846863017312,-0.5485337948466036,-0.10698483095693107,-0.4757120926559453,-0.0924872274446629,-0.512612696376916,0.14701102452194947,-0.5614875582561407,0.08208370528009437,-0.5142967622375306,0.05032915542512866,-0.46302082356495056,0.04725935260712565,0,0,0,0,0,0,0,0,0,0,0,0,0,0,0,0,0,0,0,0,0,0,0,0,0,0,0,0,0,0,0,0,0,0,0,0,0,0,0,0,0,0,good
0.0,0.0,-0.06057224413995873,-0.34564950352374996,-0.15795409870171193,-0.6018183987627485,-0.2678770458324601,-0.8017126939133281,-0.3012568321893448,-1.0,-0.5104802304396312,-0.3760213673710087,-0.6198937750398879,-0.36217479696561306,-0.5367178261820663,-0.36805373049393686,-0.4565729753544019,-0.36472731667245417,-0.5446792676229565,-0.1666882869542471,-0.6127626750210722,-0.22181696080965937,-0.5311150102415915,-0.22874575306674091,-0.4554894624044105,-0.20576313241253344,-0.526247997956271,0.013741630424639785,-0.5981866493704366,-0.06769102977327764,-0.5321247898523345,-0.07986406754096254,-0.45646107506879996,-0.0646835661848504,-0.4890522818326865,0.16301079841580401,-0.5543465191591952,0.10120788059482307,-0.49687482312412135,0.07618703792371812,-0.437441009504258,0.07447709753758182,0,0,0,0,0,0,0,0,0,0,0,0,0,0,0,0,0,0,0,0,0,0,0,0,0,0,0,0,0,0,0,0,0,0,0,0,0,0,0,0,0,0,good
0.0,0.0,-0.08042339676576127,-0.3464636626777343,-0.18145053578570847,-0.6019861888035667,-0.2862914302720347,-0.8056210015107773,-0.3195409663288111,-1.0,-0.5266644804309791,-0.3680467374223523,-0.6447838375260405,-0.36155718112078067,-0.5720437575704729,-0.3445204656302899,-0.49463372653982707,-0.3233724644247009,-0.5570046043640045,-0.15843394756446394,-0.6239009142382707,-0.2081926212649964,-0.5442381758453814,-0.2126848427521548,-0.46771163677652816,-0.18939802063528471,-0.5402057462614422,0.021583984623054425,-0.603896706050502,-0.06193315047304201,-0.5380801185874895,-0.06832201356097986,-0.4623672383104316,-0.0452699400807138,-0.5086981724712488,0.17511763022161228,-0.5627027180722709,0.10152014148609687,-0.505752744326055,0.07886371347928037,-0.44782230074136137,0.079975736575028,0,0,0,0,0,0,0,0,0,0,0,0,0,0,0,0,0,0,0,0,0,0,0,0,0,0,0,0,0,0,0,0,0,0,0,0,0,0,0,0,0,0,good
0.0,0.0,-0.09037300926832638,-0.3446910254027381,-0.19769605448024835,-0.5957916301765227,-0.30131633821187365,-0.8039272510400116,-0.33354809470953994,-1.0,-0.5349354123505417,-0.3634658143991186,-0.6570906845985985,-0.3507267354008976,-0.5824930671563135,-0.3353138432278264,-0.501354494477516,-0.31690155388441604,-0.5659805725300758,-0.15484862575791514,-0.6317101110245963,-0.19634621228333704,-0.5491452928413959,-0.2036841069697745,-0.4699322348050653,-0.18683649684632112,-0.5483644661681993,0.025447899260801782,-0.6117163488629486,-0.050236763259359045,-0.544174690337773,-0.06076846749262425,-0.46532625006590733,-0.044159296206016,-0.5151261528294603,0.1794122134696308,-0.5677523727954904,0.11514886201055834,-0.5098933583815147,0.0882073915585541,-0.4493814849671197,0.08359611154065907,0,0,0,0,0,0,0,0,0,0,0,0,0,0,0,0,0,0,0,0,0,0,0,0,0,0,0,0,0,0,0,0,0,0,0,0,0,0,0,0,0,0,good
0.0,0.0,-0.08407792157556554,-0.33858489968835737,-0.18516269369363134,-0.5898173714410833,-0.284554046019368,-0.8051523838730312,-0.32094130389184666,-1.0,-0.514633400807015,-0.35737052614555803,-0.6227349314863677,-0.3522725675057378,-0.5370610074320489,-0.34851475708154284,-0.4534698155843865,-0.3337141767455523,-0.5418422349087557,-0.14948711747022153,-0.6064780158384138,-0.20321208791138207,-0.5249799759247205,-0.21253289083273105,-0.44688062268290424,-0.18963975077439627,-0.5240102276046695,0.02815510235133993,-0.5828927489617206,-0.057564711323952675,-0.5179408078129114,-0.06626860929398283,-0.442019819891445,-0.04425472293766655,-0.49183560839039264,0.1770098993832592,-0.5407433105172231,0.10396004591245873,-0.48404536349611255,0.08294445507431085,-0.42597144152573924,0.08864404591445704,0,0,0,0,0,0,0,0,0,0,0,0,0,0,0,0,0,0,0,0,0,0,0,0,0,0,0,0,0,0,0,0,0,0,0,0,0,0,0,0,0,0,good
0.0,0.0,-0.09378642398871162,-0.3441449666378911,-0.20265211933726274,-0.5987556139604449,-0.3027163795987241,-0.8118149346769591,-0.33842139715132813,-1.0,-0.5393748319028404,-0.3491783463716217,-0.6403575591816563,-0.3636740231682389,-0.5474205127355519,-0.35993980755761307,-0.46325000414184353,-0.3386358565209008,-0.5665334109297434,-0.13542326644461686,-0.6324237609983571,-0.2060720483372525,-0.5481278338581431,-0.21735548755490586,-0.4681317395284502,-0.19116014270501508,-0.5467281374993347,0.043088849417022304,-0.6169501861362099,-0.05453514239657993,-0.5488705457116763,-0.06613272722594127,-0.46860831590527835,-0.04120341175106216,-0.5112956708746622,0.1903856355932054,-0.566357655765922,0.112113605656313,-0.5089372523045393,0.08589499598329303,-0.44834712244100167,0.08927770126627613,0,0,0,0,0,0,0,0,0,0,0,0,0,0,0,0,0,0,0,0,0,0,0,0,0,0,0,0,0,0,0,0,0,0,0,0,0,0,0,0,0,0,good
0.0,0.0,-0.1015275066518408,-0.33733774230562397,-0.2069533807066099,-0.5966431336042346,-0.3045523151593487,-0.8122903454823195,-0.3385640291917524,-1.0,-0.5516490531179179,-0.3491287482220754,-0.6424153703716978,-0.37648399330233,-0.5510247046698216,-0.3705592598961943,-0.4693406355631966,-0.34579898262730085,-0.5763797519573787,-0.1360405924622052,-0.6441419154949143,-0.21926218312889534,-0.5624294510960339,-0.23339162487814558,-0.4825811933107651,-0.20563007657194216,-0.5532773282591131,0.040832569455894,-0.6285384240153462,-0.06347210813261353,-0.5621290734456066,-0.07944348567802008,-0.48416778026553636,-0.05528452048041772,-0.5141269014841342,0.1863907349501993,-0.5768488310500294,0.10145108990944755,-0.5224060082768102,0.07375802436691896,-0.4660193607175769,0.07807939810888745,0,0,0,0,0,0,0,0,0,0,0,0,0,0,0,0,0,0,0,0,0,0,0,0,0,0,0,0,0,0,0,0,0,0,0,0,0,0,0,0,0,0,good
0.0,0.0,-0.0806203074234854,-0.3338892074152947,-0.18503208015944522,-0.593241461217135,-0.28162407513582877,-0.8111350915990936,-0.3182148415103612,-1.0,-0.5286129767657739,-0.3645619351844268,-0.6215410762552216,-0.38635583039834004,-0.5402186911294946,-0.38507112239604663,-0.4690903568405821,-0.36589879050973323,-0.5580622901138504,-0.15153206650831355,-0.6456426952794386,-0.2253150681191471,-0.5790517923935894,-0.24342424987031425,-0.5064755508231632,-0.22494089059983072,-0.5414765746580391,0.032809812433450734,-0.6277332295847325,-0.06071136047178311,-0.5701793076146012,-0.0797612417069375,-0.4977655827668114,-0.06417397002211483,-0.5051290714500232,0.18622368744368908,-0.5633343571682092,0.10626545990662625,-0.5154630463865455,0.07788789690665356,-0.46532544297922296,0.07791547219264477,0,0,0,0,0,0,0,0,0,0,0,0,0,0,0,0,0,0,0,0,0,0,0,0,0,0,0,0,0,0,0,0,0,0,0,0,0,0,0,0,0,0,good
0.0,0.0,-0.08161963685151107,-0.33199102755318366,-0.18625490094106276,-0.5868481034400054,-0.27952746979273774,-0.8092549735338923,-0.31553270589536525,-1.0,-0.5034897371298598,-0.3692548981826698,-0.6241260351458285,-0.3553083287926373,-0.5578224761528519,-0.3320484828603216,-0.479813844804873,-0.3063430860913955,-0.5328248426521828,-0.15709626529066364,-0.6040838882468711,-0.19628468687564027,-0.5187201029728278,-0.19711879799729906,-0.43299402633000456,-0.17174965605867223,-0.5144119641056378,0.02814004858942848,-0.5890340962263367,-0.037298316902618034,-0.518527688244005,-0.04157718989322126,-0.4344289961730325,-0.020900007111271622,-0.48174828560831345,0.18616003913419563,-0.5404774320733958,0.1277834287456975,-0.481101677930441,0.10740105762168532,-0.4186063831769784,0.10885156865434895,0,0,0,0,0,0,0,0,0,0,0,0,0,0,0,0,0,0,0,0,0,0,0,0,0,0,0,0,0,0,0,0,0,0,0,0,0,0,0,0,0,0,good
0.0,0.0,-0.08380424119029473,-0.32823606224223756,-0.18882378096886357,-0.5884740530395061,-0.28405205242418746,-0.8117603805508685,-0.31456951996069704,-1.0,-0.5143847122570305,-0.37789323858231716,-0.6452596969851048,-0.3612427791053406,-0.5817946446866724,-0.33696308532742314,-0.5068313818303626,-0.31580837725538086,-0.5434724690018853,-0.16670943579291275,-0.6281947161755266,-0.20060021734361763,-0.5529306220690415,-0.20223457028363986,-0.4733400734205912,-0.18402068987142017,-0.5251393300134062,0.018486206277296805,-0.6087853994622028,-0.041529827007447,-0.5446192472735428,-0.046055686661912676,-0.4641946840903955,-0.02851320750614407,-0.4918954218296493,0.17579469864802935,-0.5524342969103676,0.1212685373668144,-0.4961510769500219,0.10287580223600218,-0.435495793831554,0.10226989707368357,0,0,0,0,0,0,0,0,0,0,0,0,0,0,0,0,0,0,0,0,0,0,0,0,0,0,0,0,0,0,0,0,0,0,0,0,0,0,0,0,0,0,good
0.0,0.0,-0.07889934758863136,-0.3305403059717757,-0.1817371242573485,-0.5918311235944913,-0.27305846683973173,-0.804640773969573,-0.2954099075223972,-1.0,-0.4956172760696954,-0.3866830188630581,-0.6010636665286789,-0.3482694140419973,-0.5356929243220867,-0.3106712267113386,-0.4640149155759829,-0.28364083973944815,-0.5273709072760826,-0.18191637940706523,-0.592826634478116,-0.20036083158914203,-0.5121106197714561,-0.19138556493098677,-0.4308368507320445,-0.17153776415954483,-0.5123581595267664,0.001395481996463902,-0.5856862183740398,-0.04564700147401896,-0.520025572874956,-0.0414192881120306,-0.4386271634742485,-0.023626989377520374,-0.48060156222797384,0.15952612160205099,-0.5484355152166989,0.11283389495648227,-0.49749752073363074,0.09064365494802246,-0.4406275993608716,0.08364857737181,0,0,0,0,0,0,0,0,0,0,0,0,0,0,0,0,0,0,0,0,0,0,0,0,0,0,0,0,0,0,0,0,0,0,0,0,0,0,0,0,0,0,good
0.0,0.0,-0.07223936318283632,-0.3330532889658727,-0.17635982043994797,-0.5956131053051021,-0.2673610635746992,-0.8083975259683785,-0.29467673386638815,-1.0,-0.4883217899392149,-0.39993073770705173,-0.6092152786602143,-0.36852553266116256,-0.5586941049728668,-0.3225960710617242,-0.4893321864176361,-0.2879360010242798,-0.5250206498173413,-0.1951089740240049,-0.5883685882646562,-0.20595839544668554,-0.5104816743837948,-0.19032874457787635,-0.429985405169952,-0.16743478009639773,-0.5157119544750827,-0.005803480841577995,-0.5811268350313714,-0.052299972831132864,-0.5179262139332004,-0.04629415559553006,-0.43859286478831905,-0.02631542919772013,-0.49098828537838674,0.1607713053056292,-0.5720404654791166,0.10583067541855128,-0.5404336953342244,0.0787755742950251,-0.49661269722576107,0.06660183932009316,0,0,0,0,0,0,0,0,0,0,0,0,0,0,0,0,0,0,0,0,0,0,0,0,0,0,0,0,0,0,0,0,0,0,0,0,0,0,0,0,0,0,good
0.0,0.0,-0.08171333230670312,-0.3282571892807194,-0.18463212774912083,-0.5883607628997536,-0.27587786026553907,-0.8072964652012088,-0.29696514741791785,-1.0,-0.49170605130401585,-0.3946311023801299,-0.603487414888383,-0.38223700199764077,-0.5250661098143704,-0.35277725542395605,-0.44854608857044015,-0.32582619453280315,-0.5267556984597899,-0.19236641163608406,-0.5965904526165386,-0.22139406544679288,-0.5166918846900049,-0.2122554170193343,-0.44025132008374984,-0.18894611868828948,-0.5187135516322474,-0.008056903060253482,-0.5905772247259471,-0.06718058715428323,-0.525851280128412,-0.06280643618944631,-0.4492026148044364,-0.03920592297523993,-0.4971482003765236,0.15363281422924602,-0.5779830323503286,0.0858387713834523,-0.5314167131109632,0.06401808685316779,-0.47763617259646507,0.06509138207001694,0,0,0,0,0,0,0,0,0,0,0,0,0,0,0,0,0,0,0,0,0,0,0,0,0,0,0,0,0,0,0,0,0,0,0,0,0,0,0,0,0,0,good
0.0,0.0,-0.06499526069518799,-0.3302467917004665,-0.17442857551364543,-0.5964173405697737,-0.27100876198860907,-0.8075946230027548,-0.29517048932625867,-1.0,-0.4909908025177425,-0.42049003805184554,-0.633498238280882,-0.3681935394183028,-0.5684404635741996,-0.33121297360089,-0.4863769589941508,-0.319323675145506,-0.5275551240506999,-0.21395884646917768,-0.6270561384488529,-0.20672306627141307,-0.5543067883160446,-0.18757149653220542,-0.47342442718287475,-0.17670260005058064,-0.5206327804412598,-0.020081976294439263,-0.6168776813714064,-0.05360855013419468,-0.5591037174297357,-0.040744899630350315,-0.4794253390209117,-0.026266654568245434,-0.4944819315319312,0.15154572392401316,-0.586970730692238,0.11829953471006929,-0.5457807436790597,0.1020061550924347,-0.4920765656757969,0.09318103352125086,0,0,0,0,0,0,0,0,0,0,0,0,0,0,0,0,0,0,0,0,0,0,0,0,0,0,0,0,0,0,0,0,0,0,0,0,0,0,0,0,0,0,good
0.0,0.0,-0.07126804988911065,-0.32457520409699714,-0.1777890156852794,-0.5898726257170914,-0.2766618855569093,-0.806826908829576,-0.2993009501630796,-1.0,-0.4748474634023145,-0.41995264481753497,-0.6182848353636553,-0.37163608136165044,-0.5659435013200542,-0.3316649239911528,-0.4997178725321345,-0.3177453558147473,-0.5127419274531082,-0.217528736149329,-0.6110313459633816,-0.20675246269144684,-0.542744021063278,-0.18849258268110478,-0.4711358345076147,-0.17967206506148556,-0.5100451295968691,-0.026952021533590446,-0.6048676736391684,-0.054931291793468055,-0.5461590651820631,-0.0458996134919678,-0.47071615265237615,-0.03251970483096048,-0.4896639845660738,0.14366197014115972,-0.5925559860753927,0.11193195826937025,-0.5594874434380318,0.08888868892612195,-0.513430059322954,0.07468417380683717,0,0,0,0,0,0,0,0,0,0,0,0,0,0,0,0,0,0,0,0,0,0,0,0,0,0,0,0,0,0,0,0,0,0,0,0,0,0,0,0,0,0,good
0.0,0.0,-0.06845490653663643,-0.324348763005852,-0.17475741123444674,-0.5934145563217563,-0.27608211235186164,-0.8075076951185647,-0.3009444159578086,-1.0,-0.46727251271269543,-0.42229327085368334,-0.6102425353965913,-0.38689170042278354,-0.5753004747094627,-0.33865045220207196,-0.5203470807207636,-0.31260878398253744,-0.5076880225797816,-0.22308750834150912,-0.614862558226581,-0.21740988561331998,-0.5543942721210025,-0.19419134603498725,-0.48397043848475796,-0.17835561224127755,-0.5083664941428011,-0.03420348195804102,-0.611240385909473,-0.05938242152809709,-0.5565962337493747,-0.05034690719709969,-0.4832902376481115,-0.03727705712452684,-0.4905290963108213,0.13840438252796788,-0.6009941415191025,0.10773195805593151,-0.5755958823490477,0.08438700261245541,-0.5345695811108937,0.06894184613793868,0,0,0,0,0,0,0,0,0,0,0,0,0,0,0,0,0,0,0,0,0,0,0,0,0,0,0,0,0,0,0,0,0,0,0,0,0,0,0,0,0,0,good
0.0,0.0,-0.07395524251995521,-0.3275218767610871,-0.186992332629655,-0.58998231376791,-0.28704163434006125,-0.809278905455474,-0.31290606115413955,-1.0,-0.4878324519314143,-0.42110981455527086,-0.6361275391952089,-0.3628768828283632,-0.5720072662993014,-0.33022055182999427,-0.5009014205549958,-0.3256893568594205,-0.522462888125853,-0.21458010794700275,-0.6298173625354021,-0.20602097720273083,-0.5613401848278758,-0.1915875406803124,-0.48818970311199006,-0.18208625378462787,-0.5172384896916827,-0.021249432902304168,-0.6170446580851895,-0.05022594289521152,-0.5591451181180992,-0.04424607372863622,-0.4825854161443781,-0.03214236415900663,-0.4946345400148091,0.15136975188762936,-0.6047479781759624,0.11694712542862576,-0.5739538458709352,0.09289194103254728,-0.5266764036380844,0.07728008189949853,0,0,0,0,0,0,0,0,0,0,0,0,0,0,0,0,0,0,0,0,0,0,0,0,0,0,0,0,0,0,0,0,0,0,0,0,0,0,0,0,0,0,good
0.0,0.0,-0.07592622318666067,-0.3239629128749502,-0.18630314238785825,-0.5899547404110423,-0.28357021898128865,-0.8077783921727695,-0.3087924470645157,-1.0,-0.48536009407519104,-0.42313662866310275,-0.624424819425472,-0.370823503518725,-0.5664195154181817,-0.32913038654135435,-0.4986203396674628,-0.3187090399128368,-0.5217928013016281,-0.21842924261467914,-0.6229456293779433,-0.19584969614731898,-0.5555507682261588,-0.17520015078950768,-0.4849094535380966,-0.16677576472471364,-0.5185619792168767,-0.022033298288566372,-0.6090956517508135,-0.038372996673172385,-0.5490906019393459,-0.03022758938689241,-0.47334018995112526,-0.02089908016581389,-0.4978328555603858,0.15351074443452115,-0.5971722078930759,0.13305923535713832,-0.5624689644635149,0.11049276246741838,-0.5128494510461591,0.09179663697562448,0,0,0,0,0,0,0,0,0,0,0,0,0,0,0,0,0,0,0,0,0,0,0,0,0,0,0,0,0,0,0,0,0,0,0,0,0,0,0,0,0,0,good
0.0,0.0,-0.07919382522137781,-0.3240132927956552,-0.18919082528997005,-0.5906267417309705,-0.28794227867896943,-0.809274409354236,-0.30958094841024336,-1.0,-0.480127776265317,-0.42364671035309787,-0.6307599158586937,-0.3895995589507782,-0.586865470028604,-0.34883551524912915,-0.5242326984466935,-0.32870811271640826,-0.5190667964212531,-0.22484222945592477,-0.6376077264626512,-0.21178206555739698,-0.5812103587486045,-0.19375416742616067,-0.5153738372188655,-0.18288906710189728,-0.5197956309316762,-0.03672594132778687,-0.6266514309090956,-0.054959280490901125,-0.5703986887580675,-0.05050470125394,-0.4967333645075553,-0.0403288802087442,-0.5023108199726728,0.1324222985875034,-0.5932736413001821,0.10315579132785961,-0.5466257709213885,0.08703538408465335,-0.4904048631786226,0.0809090788039796,0,0,0,0,0,0,0,0,0,0,0,0,0,0,0,0,0,0,0,0,0,0,0,0,0,0,0,0,0,0,0,0,0,0,0,0,0,0,0,0,0,0,good
0.0,0.0,-0.06825301275313167,-0.3171739166145068,-0.1766077965221369,-0.5814319483657847,-0.2684798115200171,-0.8033378568192278,-0.2891167302740094,-1.0,-0.49036473331366887,-0.4279186524103151,-0.6406113073376011,-0.3414710297016724,-0.5715898641904898,-0.29589179541918353,-0.4898942365742651,-0.2940917773003343,-0.5267662595382858,-0.21937597210949827,-0.6200892108845608,-0.1587549614633833,-0.5468241772254196,-0.12977590038127046,-0.4696726559040995,-0.1314027510873919,-0.5179295022936716,-0.01624806979042293,-0.5962707804328955,0.0032969932654248243,-0.5342143811470792,0.025749862419259733,-0.4575054476039745,0.026735905796048454,-0.489561251901504,0.1669717332217561,-0.5680566336551636,0.1885229451491671,-0.5134119314874559,0.18619891980233644,-0.4506374807789391,0.17186074593071687,0,0,0,0,0,0,0,0,0,0,0,0,0,0,0,0,0,0,0,0,0,0,0,0,0,0,0,0,0,0,0,0,0,0,0,0,0,0,0,0,0,0,good
0.0,0.0,-0.08480345708880273,-0.3187941441718745,-0.19739271328033123,-0.5812464842797193,-0.2856083891141559,-0.8050134726526412,-0.3097263095720886,-1.0,-0.5002632228632936,-0.44067706611172497,-0.6515991278157759,-0.3359529217684938,-0.5863638604158297,-0.2923281086477358,-0.5072031674325886,-0.2956964304716137,-0.5324478636796451,-0.2339747149503182,-0.6372413968909979,-0.16867079911224558,-0.562835639561217,-0.14120232715031977,-0.4794954836943564,-0.1423602538870988,-0.5230429218806161,-0.03445844844375366,-0.6142475020536354,-0.005405985170668056,-0.5486345624682805,0.012523632938811077,-0.4669957560668189,0.011507551433969617,-0.49509814188034945,0.14528590434956082,-0.5832124845805453,0.17267398676915063,-0.5254713207134445,0.1665800363572283,-0.4586601009565721,0.14999250050190577,0,0,0,0,0,0,0,0,0,0,0,0,0,0,0,0,0,0,0,0,0,0,0,0,0,0,0,0,0,0,0,0,0,0,0,0,0,0,0,0,0,0,good
0.0,0.0,-0.07880278977825673,-0.3242474282623244,-0.18153149635268337,-0.5806247291361595,-0.2678083065492632,-0.8082719648959437,-0.29186291413625237,-1.0,-0.4817260616400153,-0.43276727173573604,-0.6292533255639946,-0.37116497081828564,-0.5608790053084438,-0.33632517186737215,-0.4825832305637139,-0.33023760486529186,-0.5152302061710621,-0.23001364799702637,-0.6092909619759763,-0.20638688084618198,-0.5370371890729408,-0.19546940684320976,-0.4587737409622685,-0.19209255638714254,-0.5055465320346167,-0.0366093486367961,-0.5831186006733997,-0.053858019575983344,-0.5196244732939413,-0.047417938326323926,-0.4421279360921943,-0.04093998873391147,-0.4786221916493223,0.1359237469093429,-0.5465755472924801,0.11072785520377222,-0.4868598390010475,0.09730501574922824,-0.42331835053708905,0.08910410787366997,0,0,0,0,0,0,0,0,0,0,0,0,0,0,0,0,0,0,0,0,0,0,0,0,0,0,0,0,0,0,0,0,0,0,0,0,0,0,0,0,0,0,good
0.0,0.0,-0.07816679154025612,-0.3190770026863126,-0.17899875088257386,-0.582294747697686,-0.26220280133403595,-0.8076736359847375,-0.282037593601214,-1.0,-0.47968819773150617,-0.42721558880234306,-0.6297437288025542,-0.3655442853983329,-0.5649641733934606,-0.3319015662795213,-0.48739980305680763,-0.3268994776536279,-0.5117814472686866,-0.222410224855184,-0.6150704880673101,-0.20125030364286636,-0.5459018787539792,-0.1905598896110879,-0.46771172706859676,-0.1849830061447587,-0.502897828604274,-0.028029884961430527,-0.5889207045856797,-0.046907587630069573,-0.525789886368242,-0.04129428522924496,-0.44722295479198,-0.03422193625843625,-0.4765652220714767,0.1476164509737929,-0.5515292804851585,0.1214901316913874,-0.4931424447021402,0.10685731597343312,-0.4292061957348121,0.0976222025640907,0,0,0,0,0,0,0,0,0,0,0,0,0,0,0,0,0,0,0,0,0,0,0,0,0,0,0,0,0,0,0,0,0,0,0,0,0,0,0,0,0,0,good
0.0,0.0,-0.08195310945510219,-0.3195916058698519,-0.1843819016268915,-0.5783002730757906,-0.27323988381619463,-0.802125292274853,-0.29130402850930537,-1.0,-0.47438583084580416,-0.4262553092527482,-0.6207219469396329,-0.3808788171563557,-0.5477641624862891,-0.3477618405102003,-0.46702910571112305,-0.33545837336971235,-0.5101788331043924,-0.22512055746499504,-0.6105636643602222,-0.2288401765717692,-0.5397465552733192,-0.2187328427087696,-0.46396731072305664,-0.2080510270831041,-0.5038186399843971,-0.03797529697322642,-0.5887951903582431,-0.0820687936209512,-0.529124965902455,-0.07435993666602898,-0.4534011274334167,-0.05982125656120213,-0.48152113897488175,0.1275330854381986,-0.5525953758157172,0.07962263327533749,-0.49623008004960734,0.06840023259151554,-0.4348033947083098,0.0660237315285636,0,0,0,0,0,0,0,0,0,0,0,0,0,0,0,0,0,0,0,0,0,0,0,0,0,0,0,0,0,0,0,0,0,0,0,0,0,0,0,0,0,0,good
0.0,0.0,-0.08112086778911276,-0.3241955639731509,-0.17943079012673266,-0.5813974673595294,-0.2660211529157355,-0.8068175107521628,-0.286735640457103,-1.0,-0.4780794112202768,-0.42143939291624394,-0.6297413522580932,-0.36485191396574934,-0.5637890513177606,-0.33537055735938903,-0.4863174971141754,-0.32548754481005726,-0.5116999896986852,-0.221654740710081,-0.6235863034354223,-0.2171689815495243,-0.5582981062793796,-0.21070028549736416,-0.4823930404423263,-0.20178395468268906,-0.5041291853725567,-0.03502605914861354,-0.5952353903390616,-0.0697146376916369,-0.537340624227898,-0.06672000046607492,-0.46175270118216194,-0.05556386192848557,-0.4788757107973403,0.13120209987932369,-0.5497780450646772,0.08902698123545337,-0.4954823835600549,0.0742000790738456,-0.43589825478779426,0.06956093889731443,0,0,0,0,0,0,0,0,0,0,0,0,0,0,0,0,0,0,0,0,0,0,0,0,0,0,0,0,0,0,0,0,0,0,0,0,0,0,0,0,0,0,good
0.0,0.0,-0.08081923701798145,-0.3245748278363401,-0.1836330401333954,-0.5837796677228936,-0.27217080734932037,-0.8062133147024844,-0.28925355234310385,-1.0,-0.4806872358352526,-0.4223811180786718,-0.6357482639294473,-0.367661249853188,-0.5664300014973891,-0.34203788078975966,-0.48719138936590733,-0.33614583382894364,-0.5127757332943154,-0.21920856705424327,-0.618597358597101,-0.21797366209675206,-0.5470777577953643,-0.21226572823868928,-0.46967327355074684,-0.20398555685098807,-0.5043799298969581,-0.030791366121895383,-0.5932914296045636,-0.07077855090906379,-0.5326585049962598,-0.06647584266626565,-0.45615806740688614,-0.05328438476580616,-0.48026223607715496,0.13652563927314243,-0.5539727507262017,0.0922477210791273,-0.4963564690549657,0.08034141967988377,-0.43475053556651905,0.07874502436210877,0,0,0,0,0,0,0,0,0,0,0,0,0,0,0,0,0,0,0,0,0,0,0,0,0,0,0,0,0,0,0,0,0,0,0,0,0,0,0,0,0,0,good
0.0,0.0,-0.09189118366710859,-0.3217761563297679,-0.19809390424312062,-0.574552176160086,-0.2871588450022476,-0.8009214774897203,-0.3040370410988552,-1.0,-0.4866953281973319,-0.4170901112129547,-0.6453214394353283,-0.36313996134863247,-0.5881177173043851,-0.32700382813321854,-0.5105075510131758,-0.3163605602223611,-0.5227289470839369,-0.2188428267526848,-0.6203750191026565,-0.2077072217599575,-0.5494308554267363,-0.19448577996579353,-0.4726902163432435,-0.18681587476304043,-0.5124930534524467,-0.03067928543152887,-0.5977197437119421,-0.06159579595109765,-0.5360638589367062,-0.05299387116352422,-0.4585891859568561,-0.04178336475280128,-0.4859979065612636,0.13706590575769437,-0.5711488569540545,0.11143844148706816,-0.5185511248571982,0.09785009453788676,-0.4551818421970218,0.08979003120258922,0,0,0,0,0,0,0,0,0,0,0,0,0,0,0,0,0,0,0,0,0,0,0,0,0,0,0,0,0,0,0,0,0,0,0,0,0,0,0,0,0,0,good
0.0,0.0,-0.09054821413664998,-0.3234947520564977,-0.1955970708525272,-0.5752890792689548,-0.2845758663193383,-0.8009114114955529,-0.2976310253574064,-1.0,-0.48765217803781163,-0.4155284438096031,-0.6450883903942602,-0.36650849629950166,-0.5806940925262932,-0.3354440284078847,-0.503664108363482,-0.3279414189107335,-0.5246335019672667,-0.2166052377822169,-0.628097070271218,-0.2143932398851612,-0.556325493176941,-0.2030219011741749,-0.4808561499145359,-0.19374653103714637,-0.5164955796083232,-0.029141729469378607,-0.6049698567909824,-0.06581536642129991,-0.5432629515116016,-0.05775202603707311,-0.46508325394586897,-0.04403429073414008,-0.49268131674447296,0.13740452867796096,-0.5765132002538229,0.10726050582739255,-0.522918407203398,0.09319386872223813,-0.4583640167723991,0.08714081193088373,0,0,0,0,0,0,0,0,0,0,0,0,0,0,0,0,0,0,0,0,0,0,0,0,0,0,0,0,0,0,0,0,0,0,0,0,0,0,0,0,0,0,good
0.0,0.0,-0.07762921549515223,-0.32107440667390325,-0.18425761318239886,-0.5792169489303884,-0.2767009435251028,-0.8030896131934753,-0.2890415586717175,-1.0,-0.47539947747059214,-0.4166081694025387,-0.6367810259335563,-0.36973178485190844,-0.5689720242314821,-0.3427537004423178,-0.4912715620684817,-0.3378535450034337,-0.5085513308300658,-0.2183224046136919,-0.6251356859617643,-0.21776039243703063,-0.5600671714738265,-0.21165498567451616,-0.4884655394578469,-0.2034996363247011,-0.5019301789577841,-0.033306980719670955,-0.5986701160438035,-0.07083176417595238,-0.5415832474911942,-0.06714470584760343,-0.4670043701033059,-0.0553391041403602,-0.4789721949927265,0.1309383376531313,-0.5625753426301293,0.09460380622198593,-0.5108079175989307,0.08113593610391145,-0.44983098098181257,0.0789609224430119,0,0,0,0,0,0,0,0,0,0,0,0,0,0,0,0,0,0,0,0,0,0,0,0,0,0,0,0,0,0,0,0,0,0,0,0,0,0,0,0,0,0,good
0.0,0.0,-0.08982316545448832,-0.3188001369777684,-0.19779471225562714,-0.5773574662298375,-0.29066586147675594,-0.8053227234622705,-0.3039230968730015,-1.0,-0.48229947570258985,-0.4346482141372194,-0.6344543783713906,-0.3803767925780126,-0.5863716504172766,-0.32999863133354723,-0.5197762424815175,-0.3124301892136613,-0.5227390318546159,-0.23929117276811834,-0.6206126353533644,-0.2090604978352907,-0.5552343960140383,-0.18476108127489582,-0.4859138787161501,-0.17878129913918472,-0.5204281030622507,-0.049545478650192376,-0.6068329360784613,-0.05932270827544384,-0.5489976107911417,-0.04629920184582914,-0.47411038069608635,-0.03714290353235093,-0.5021290264151391,0.1232172687307128,-0.5854512422916822,0.11493921349153233,-0.5397546364424944,0.10231587377129467,-0.48252326532330747,0.09039915363691471,0,0,0,0,0,0,0,0,0,0,0,0,0,0,0,0,0,0,0,0,0,0,0,0,0,0,0,0,0,0,0,0,0,0,0,0,0,0,0,0,0,0,good
0.0,0.0,-0.0844823747428703,-0.3247361490116751,-0.1893070514556071,-0.5788318768995346,-0.28199182818204793,-0.8032663222826301,-0.3031608139090424,-1.0,-0.46317261098033385,-0.4168764254168202,-0.6254082853840417,-0.3667366505113709,-0.5756483275534089,-0.3222551828333661,-0.5023791174324209,-0.3075164243764403,-0.501629677959951,-0.2180548647463685,-0.6083697123199341,-0.198545520181115,-0.5363083100407833,-0.17772812011525474,-0.4595103039105148,-0.17144244813931783,-0.4982031554747736,-0.028925174533199784,-0.5958171893105151,-0.050289166136184026,-0.5341767729572857,-0.03498564870462576,-0.4555951557769543,-0.022490503429495934,-0.47907761436450924,0.13971138476848574,-0.5725805139332809,0.13292146837594807,-0.5199163147705906,0.12268431339143385,-0.4551556083500418,0.11506719043781106,0,0,0,0,0,0,0,0,0,0,0,0,0,0,0,0,0,0,0,0,0,0,0,0,0,0,0,0,0,0,0,0,0,0,0,0,0,0,0,0,0,0,good
0.0,0.0,-0.07785964495705806,-0.3211404422287294,-0.17819628114171418,-0.5810568481308293,-0.26876419945658103,-0.8054049063052527,-0.291125464257802,-1.0,-0.4589616237877233,-0.42005291356265495,-0.6182831593679304,-0.3670017302925259,-0.5590262116446068,-0.32643714171886845,-0.4828304598730997,-0.3138206154378271,-0.49914130470338003,-0.2209001144101686,-0.6049692771099254,-0.20595628799146753,-0.5362421153226871,-0.1899907327633112,-0.4617324767318857,-0.1835529290058774,-0.5007851933771643,-0.03162628600665505,-0.5887641238695007,-0.057679719035003206,-0.5293141032850536,-0.04353398792613682,-0.4538952694086445,-0.030043127642208296,-0.4874956162751495,0.1364406747632593,-0.5626134702171917,0.11278465540566869,-0.5064535076249771,0.10693369410091058,-0.4442001837808631,0.10618473039326524,0,0,0,0,0,0,0,0,0,0,0,0,0,0,0,0,0,0,0,0,0,0,0,0,0,0,0,0,0,0,0,0,0,0,0,0,0,0,0,0,0,0,good
0.0,0.0,-0.09340713002396646,-0.32421736028558285,-0.19839077160831306,-0.5780943361823395,-0.2917386314814136,-0.8022355795795936,-0.3167912191417478,-1.0,-0.4808135514338632,-0.418754053837443,-0.6301533096904799,-0.3634517184037176,-0.5706214796486594,-0.32068319505821247,-0.49555459269946484,-0.30918843543006114,-0.5141016243670977,-0.21478655957358192,-0.6212380425025376,-0.18250753906100023,-0.5467347329361455,-0.1640724783434022,-0.46666119707310566,-0.16294970314559537,-0.5041672317525673,-0.02428893702196105,-0.5977616612926937,-0.024145287198187558,-0.5319823047942691,-0.01751856316307569,-0.4492978165956714,-0.013780164090726542,-0.47599814364719606,0.14540632243166451,-0.5667743213093273,0.16613613068980673,-0.5162929411148132,0.15106618388257737,-0.45014146733915417,0.13717842840961397,0,0,0,0,0,0,0,0,0,0,0,0,0,0,0,0,0,0,0,0,0,0,0,0,0,0,0,0,0,0,0,0,0,0,0,0,0,0,0,0,0,0,good
0.0,0.0,-0.09334684295145064,-0.3181272989695744,-0.19845253465201823,-0.5756931926140655,-0.2962490256022996,-0.7998880203892719,-0.3230504433509537,-1.0,-0.47381823828895764,-0.41496431268422207,-0.6285176518233417,-0.3509666329687462,-0.5677982113712212,-0.3039138815132396,-0.4863739616574505,-0.2893262344400867,-0.5087905897542082,-0.2159770772940976,-0.6113298092616501,-0.17713651920781467,-0.5372937017368639,-0.15624040827263647,-0.4573905781832355,-0.15400172955591826,-0.5020249963460086,-0.027746126769140823,-0.5898018623176049,-0.024882158778105283,-0.5229467613456432,-0.013718149375167474,-0.440115039828506,-0.007376647341112275,-0.4805488904046186,0.13990158583225742,-0.558518367396653,0.13796146866093395,-0.5009599339845558,0.1246472375825193,-0.4346314645197437,0.11476136391318116,0,0,0,0,0,0,0,0,0,0,0,0,0,0,0,0,0,0,0,0,0,0,0,0,0,0,0,0,0,0,0,0,0,0,0,0,0,0,0,0,0,0,good
0.0,0.0,-0.09126431401072614,-0.32496955245428516,-0.19154678112531565,-0.5851481627881447,-0.29130373512795604,-0.8066264424701315,-0.32064269551278674,-1.0,-0.4787196198228676,-0.4189588397427764,-0.6333241421975578,-0.34219484016966045,-0.5657450949946632,-0.30513517305671983,-0.4852477690502702,-0.2990339078098546,-0.5132131737373524,-0.22109704602697888,-0.6150036283611579,-0.17819612204301544,-0.5417617269808234,-0.158091810285797,-0.46425762723043446,-0.15587448694912157,-0.5068243419749857,-0.03406018117530198,-0.5882447510904549,-0.031004204868278963,-0.5255497543508654,-0.016920850427395447,-0.4496357058219738,-0.009732985291587256,-0.4858064130004799,0.1292852334632459,-0.5578162899598751,0.1182257932278429,-0.4945289077251191,0.11368015061248538,-0.4297813257801129,0.10888915658199065,0,0,0,0,0,0,0,0,0,0,0,0,0,0,0,0,0,0,0,0,0,0,0,0,0,0,0,0,0,0,0,0,0,0,0,0,0,0,0,0,0,0,good
0.0,0.0,-0.10115107397831506,-0.32349767847935096,-0.21125717294939966,-0.5771820459975426,-0.30402084431833204,-0.8039288053137573,-0.3349249884192224,-1.0,-0.48374403191728016,-0.4275928360798221,-0.626580831249043,-0.3446582483209848,-0.5604009190757969,-0.3009546520122937,-0.47706714904587616,-0.2961559803684505,-0.514931321767445,-0.224819388529952,-0.6182118114864844,-0.17907438124044622,-0.5408269303216074,-0.15940040976280553,-0.45657143936110206,-0.16033818449174797,-0.5017234542749975,-0.034629124401715276,-0.5882484366054218,-0.02207588588893583,-0.520281062914503,-0.014371393562027593,-0.4376260441519381,-0.015501647510658932,-0.473698929061925,0.13196305430417724,-0.5435087464503846,0.1366961798697513,-0.48031276126413097,0.12472054537664332,-0.4125016833613693,0.11216281512753579,0,0,0,0,0,0,0,0,0,0,0,0,0,0,0,0,0,0,0,0,0,0,0,0,0,0,0,0,0,0,0,0,0,0,0,0,0,0,0,0,0,0,good
0.0,0.0,-0.09472420946379863,-0.3270966952268681,-0.20286482392461105,-0.5808825711591897,-0.2963790984351449,-0.8039290749827773,-0.3241145304407517,-1.0,-0.4788505477458069,-0.42420416045528675,-0.6209454667038721,-0.32956380352271947,-0.5462819436437235,-0.29052645516629055,-0.4613145688636498,-0.2884177615641421,-0.5120116336387205,-0.22422184411998833,-0.6069725618713145,-0.1693085335886899,-0.5285123191221878,-0.15167105363207897,-0.4475585391642247,-0.15417837602144235,-0.5015333159716155,-0.034701426160339034,-0.5813812083579989,-0.017126813651227205,-0.5132249929361925,-0.007643136270811891,-0.43524617786114056,-0.010627232738275967,-0.4767473857766088,0.1289137400669872,-0.541670054426,0.1257043393114188,-0.47675844904250947,0.11802854006509064,-0.4119984806448163,0.10858560360037306,0,0,0,0,0,0,0,0,0,0,0,0,0,0,0,0,0,0,0,0,0,0,0,0,0,0,0,0,0,0,0,0,0,0,0,0,0,0,0,0,0,0,good
0.0,0.0,-0.09328306130021552,-0.33493640536449226,-0.2006461857820853,-0.5874818839184021,-0.30191080428862677,-0.8055607165771396,-0.33311445027714537,-1.0,-0.48764818726308445,-0.42614157069406117,-0.6328583123095113,-0.32837295952765694,-0.5572127760098915,-0.29355174099821785,-0.47444326810976595,-0.29530507490369295,-0.5177340963244309,-0.21943674372246083,-0.6208867827541174,-0.1725600556279492,-0.5409524225875131,-0.1526878630271043,-0.459148807093316,-0.1523388445877148,-0.5039351470706012,-0.027177929707901307,-0.5918828666883937,-0.025565421517703458,-0.522931568556592,-0.01384284531011847,-0.4421379206921888,-0.013348701133611175,-0.4750945422510292,0.1374326397099492,-0.5499202973035101,0.11504439682966557,-0.48303542841744684,0.10954628140382096,-0.4168013857537051,0.10104549656025127,0,0,0,0,0,0,0,0,0,0,0,0,0,0,0,0,0,0,0,0,0,0,0,0,0,0,0,0,0,0,0,0,0,0,0,0,0,0,0,0,0,0,good
0.0,0.0,-0.09478093909875054,-0.330610597126785,-0.20005160212805087,-0.5884900553682901,-0.2965440988748627,-0.807164279254,-0.33238126407413215,-1.0,-0.48885131863559483,-0.4460108140027705,-0.6231188175276583,-0.33916335478842885,-0.5411996169407832,-0.2953048351697041,-0.4546281952518496,-0.29204327884216974,-0.5253197247151266,-0.24718057832886692,-0.6213511495791292,-0.171417548380381,-0.5366248860985086,-0.14227869541229607,-0.4514091086172555,-0.14384455976293592,-0.5167558417352865,-0.054742950490495934,-0.6045437927834995,-0.02032334431321621,-0.5288133648544233,-0.0038220788808278165,-0.44462759835434296,-0.008812993365537421,-0.4937522631557613,0.1143392484876581,-0.5744976943019893,0.11386134351470859,-0.5032818237550309,0.11190522235012576,-0.4317468984305852,0.10256188990327068,0,0,0,0,0,0,0,0,0,0,0,0,0,0,0,0,0,0,0,0,0,0,0,0,0,0,0,0,0,0,0,0,0,0,0,0,0,0,0,0,0,0,good
0.0,0.0,-0.08677101959457853,-0.3337904469046458,-0.18902279614516376,-0.5898275299631679,-0.282063575455779,-0.8066340399557039,-0.311468229069154,-1.0,-0.4711890591980961,-0.44125321788733707,-0.6119245169947471,-0.3283808963764816,-0.5352990119427481,-0.28878820913733094,-0.45115164039926625,-0.2895776200404473,-0.5072675040987293,-0.24550177682635757,-0.6005148619739303,-0.16763810403797916,-0.5209162300856007,-0.14377105960664033,-0.44131228331187156,-0.14933343816025543,-0.4981976020239886,-0.055645045077749256,-0.5846358897363847,-0.01809327383202134,-0.5132968906015076,-0.0033357424137782686,-0.4350457325832459,-0.01121821886557682,-0.4740770475871774,0.11249245762607335,-0.5555443129572996,0.11750650045582664,-0.49006933719267554,0.11108050316521481,-0.425714598877075,0.09786789862367533,0,0,0,0,0,0,0,0,0,0,0,0,0,0,0,0,0,0,0,0,0,0,0,0,0,0,0,0,0,0,0,0,0,0,0,0,0,0,0,0,0,0,good
0.0,0.0,-0.08672915349994245,-0.33660568075581876,-0.19263222083347636,-0.5941751758199377,-0.29215932930978433,-0.8058699528118065,-0.32078562183620024,-1.0,-0.478517963618448,-0.445631508063588,-0.6164287401741743,-0.3326842348627262,-0.5356901853807463,-0.2938277762185235,-0.45114972004094894,-0.29562403710441776,-0.5135898766484066,-0.24635063836317342,-0.6120200665924955,-0.17227850120443977,-0.5324610147177896,-0.14478052543053926,-0.4532038299771227,-0.14823675267692543,-0.5053876721096979,-0.05480150469156044,-0.5972572493543677,-0.02589394064827734,-0.5281679390854335,-0.010880139565594011,-0.44924008230170154,-0.015933940567510213,-0.4811983216591183,0.11530597616158271,-0.5650474203989492,0.11713171704852691,-0.5014937879984089,0.11177705850164867,-0.43903313673268707,0.09982958136379332,0,0,0,0,0,0,0,0,0,0,0,0,0,0,0,0,0,0,0,0,0,0,0,0,0,0,0,0,0,0,0,0,0,0,0,0,0,0,0,0,0,0,good
0.0,0.0,-0.08960407662122818,-0.33471906995470857,-0.2070629193483809,-0.5935629054409265,-0.3071899833931141,-0.8060526093954499,-0.3371327859231411,-1.0,-0.4960442617257158,-0.4489487190062255,-0.6371987424250999,-0.33928242011446313,-0.5617103589860325,-0.29669044148654383,-0.4744349550490827,-0.2979793054947659,-0.5306165947155723,-0.2528330443673371,-0.6294332675047161,-0.16972508106553907,-0.5507324219634618,-0.14613270993835215,-0.46942262324002765,-0.15457480116336655,-0.5197552458544863,-0.06307099824723447,-0.6134046332817426,-0.021047040552325227,-0.543157175441844,-0.00911327243253739,-0.46318345147209605,-0.018627250063595963,-0.491079993226377,0.1063475859696485,-0.569644321916752,0.12574171757807384,-0.5052621864202074,0.1210511222036825,-0.44108455977365274,0.10836390042603701,0,0,0,0,0,0,0,0,0,0,0,0,0,0,0,0,0,0,0,0,0,0,0,0,0,0,0,0,0,0,0,0,0,0,0,0,0,0,0,0,0,0,good
0.0,0.0,-0.08714969929363219,-0.33987522688110533,-0.19923695294134638,-0.597877285716349,-0.301080144451102,-0.8081556398911584,-0.3334540593937203,-1.0,-0.4807148324986093,-0.4584964594073758,-0.6278020664508333,-0.34075364574465805,-0.5469968316521409,-0.29809387045707103,-0.4580500282958543,-0.30082213352929615,-0.5162504207175549,-0.2576251090364222,-0.6217057651325922,-0.17851554652578117,-0.5415809001014099,-0.15223519741665198,-0.4578311895156966,-0.1580893536246486,-0.5066788501510207,-0.06358535828503926,-0.6056330415045253,-0.028737908610299342,-0.5328908121413506,-0.011565410692550335,-0.45063347261692227,-0.01738871063254474,-0.47787911958532675,0.10752293320996661,-0.5543189583974348,0.11640800652314635,-0.4834392658921816,0.11398940032484428,-0.4157359088615263,0.1019130010806259,0,0,0,0,0,0,0,0,0,0,0,0,0,0,0,0,0,0,0,0,0,0,0,0,0,0,0,0,0,0,0,0,0,0,0,0,0,0,0,0,0,0,good
0.0,0.0,-0.08108717137425252,-0.3406281823049389,-0.19180456746696142,-0.5977636079607779,-0.29196647740389686,-0.8103674004847587,-0.3236480542336491,-1.0,-0.4724271968084144,-0.45802833600461185,-0.624221514687765,-0.34637889838562375,-0.5498947894398348,-0.302199512063129,-0.4646652971122383,-0.3026292266858298,-0.5115962253973481,-0.2586286122402676,-0.6179337105052093,-0.18402159034578894,-0.5393415103442705,-0.15734529501111696,-0.4562058560369939,-0.16364821755610456,-0.505222676925671,-0.06465031117341888,-0.6004841407274559,-0.03272628877970317,-0.52937244008604,-0.015350324459921332,-0.44708462795806764,-0.021026441905540472,-0.4780350057405636,0.10718367199200868,-0.5475184477127573,0.11423655359602941,-0.47703829735015935,0.11235415194373585,-0.40978520007221503,0.09814796749618289,0,0,0,0,0,0,0,0,0,0,0,0,0,0,0,0,0,0,0,0,0,0,0,0,0,0,0,0,0,0,0,0,0,0,0,0,0,0,0,0,0,0,good
0.0,0.0,-0.09186414106369077,-0.32873130173967907,-0.2012629514376616,-0.5866801921305642,-0.296972402880384,-0.8049296717113498,-0.32028133564705735,-1.0,-0.4576509778033192,-0.45255171296926294,-0.6273529639996986,-0.3618545930158673,-0.5490958594761282,-0.3244770784997981,-0.4600210079544573,-0.32862671181652453,-0.4932151504689115,-0.25394815713680025,-0.6246177688157835,-0.19930183414737282,-0.5452736038651037,-0.174390538773059,-0.460926891643715,-0.1788962276776426,-0.4928197330820176,-0.06390984123699514,-0.6002459550128376,-0.04987769726727899,-0.5326794026453379,-0.03416064337422837,-0.45122038446356055,-0.03474297307540484,-0.4764535468917112,0.10119963517235407,-0.553577256527592,0.09969331535436303,-0.48765501519927756,0.09918408613711177,-0.4199988303922572,0.09094914792951314,0,0,0,0,0,0,0,0,0,0,0,0,0,0,0,0,0,0,0,0,0,0,0,0,0,0,0,0,0,0,0,0,0,0,0,0,0,0,0,0,0,0,good
0.0,0.0,-0.08730786903295783,-0.32992376402481993,-0.19398701216606817,-0.5870937256513038,-0.2804157233744806,-0.8062484931674931,-0.3016265700307065,-1.0,-0.4410361815586635,-0.4367235119654288,-0.6254051931545364,-0.35404356138546056,-0.5412488814078725,-0.3269219150227374,-0.44758702492503233,-0.3319130448651048,-0.4747023849367855,-0.2375844859377239,-0.6136345830327429,-0.19027247722623844,-0.5323032875636536,-0.17662457644255167,-0.4478164767354374,-0.18518216273523322,-0.47224220984328474,-0.05002561688020275,-0.583927849454467,-0.040557441008125805,-0.516057028379033,-0.031773313252710496,-0.43682420999485566,-0.035685286178561,-0.4548895528879438,0.11141043713538437,-0.5379430756949998,0.10501651971545181,-0.47591739688259854,0.09773529549749425,-0.41236646306262403,0.088217061645471,0,0,0,0,0,0,0,0,0,0,0,0,0,0,0,0,0,0,0,0,0,0,0,0,0,0,0,0,0,0,0,0,0,0,0,0,0,0,0,0,0,0,good
0.0,0.0,-0.08265171143551318,-0.32880239730179267,-0.19061377276049657,-0.5866014485769714,-0.28146628612619506,-0.8047396845697499,-0.30364048352183315,-1.0,-0.43988994154243644,-0.43876893234572906,-0.6191237298218931,-0.3540951599744962,-0.5394049799025011,-0.3215276209584283,-0.44663839111203035,-0.3234666702310093,-0.473917102302026,-0.23888458588318665,-0.6130084200558992,-0.19033261178845345,-0.536297318699831,-0.17051369446220754,-0.4529273453315671,-0.17728547640604522,-0.4745551665263207,-0.048781311401370535,-0.5846178450219148,-0.042461872672771545,-0.5190456660290714,-0.029532923387035313,-0.4402524727040533,-0.031396464875631414,-0.4595967696738228,0.11533814003692378,-0.5399729297559528,0.10704049116641001,-0.47632655099905946,0.10488265691725168,-0.4116527270386574,0.09763156469246641,0,0,0,0,0,0,0,0,0,0,0,0,0,0,0,0,0,0,0,0,0,0,0,0,0,0,0,0,0,0,0,0,0,0,0,0,0,0,0,0,0,0,good
0.0,0.0,-0.0903351998441102,-0.33309680242070394,-0.19624810499521422,-0.5886783804618113,-0.27940085371727325,-0.8075035448998175,-0.30080653364560317,-1.0,-0.4469293262790746,-0.432122368593597,-0.6283377514366495,-0.3604731108472096,-0.5519707436997602,-0.33823528330398145,-0.4631131880077602,-0.34471990695633736,-0.4834473706463912,-0.23424281307562494,-0.6181909429494792,-0.19823815108810347,-0.5398794795339483,-0.18604933324019163,-0.45820976737858793,-0.19443306726669535,-0.48174508340472155,-0.050025675246733604,-0.5962055784528918,-0.0473522631596363,-0.5318476005593404,-0.03922319816755948,-0.45569849539377494,-0.0417615547801917,-0.46454769284316283,0.10728012735902819,-0.5594300462889771,0.09093939538776975,-0.5027284392268748,0.08263752801910876,-0.4394805634092806,0.07492465938935806,0,0,0,0,0,0,0,0,0,0,0,0,0,0,0,0,0,0,0,0,0,0,0,0,0,0,0,0,0,0,0,0,0,0,0,0,0,0,0,0,0,0,good
0.0,0.0,-0.08473756381206025,-0.3266717020667173,-0.1855433516008933,-0.580372931531185,-0.26730324619912704,-0.8038194276824707,-0.28845242153477707,-1.0,-0.4374402293805443,-0.42806371538750426,-0.6195086845797186,-0.36827811846360387,-0.5358862613540968,-0.3437460158077893,-0.4429936517815389,-0.34147761017041883,-0.47489145048981274,-0.23404534484197037,-0.6049972508300117,-0.21074312750826174,-0.5245464612203641,-0.19995563698677105,-0.4430326427111346,-0.20232108671557986,-0.4730502121477912,-0.05109247633498135,-0.5816903298286058,-0.06742138252676573,-0.5139899455389549,-0.05771969655897,-0.437389850623892,-0.053121490042706825,-0.45585805915282984,0.10485762616784024,-0.5481174065164612,0.08026264290175697,-0.48506053248984193,0.07384114624915922,-0.42013073225460906,0.0712991852009741,0,0,0,0,0,0,0,0,0,0,0,0,0,0,0,0,0,0,0,0,0,0,0,0,0,0,0,0,0,0,0,0,0,0,0,0,0,0,0,0,0,0,good
0.0,0.0,-0.07859831171710177,-0.32898849984930495,-0.1760843194934653,-0.5815617737680989,-0.2591895345390599,-0.80378904683503,-0.2828008359217183,-1.0,-0.43592047285869784,-0.4212741579134836,-0.6180313495552627,-0.35980103269709296,-0.5343109001103437,-0.3370854328933702,-0.4421385746986721,-0.33572593922878996,-0.4716076797194332,-0.22538825774086924,-0.6014604967208256,-0.20458237540258,-0.5217875174669281,-0.1947366323513661,-0.44119243386230206,-0.19591753368221523,-0.4687733670757436,-0.04231691794965041,-0.5761653959294897,-0.06262886918921073,-0.5099572075830753,-0.05358791251217392,-0.43470308090456894,-0.048172355301601855,-0.4509917229801257,0.11250993217476642,-0.5410135924458183,0.08450306745410027,-0.47858897111387316,0.07909647722262768,-0.4156531074318821,0.07902623588634852,0,0,0,0,0,0,0,0,0,0,0,0,0,0,0,0,0,0,0,0,0,0,0,0,0,0,0,0,0,0,0,0,0,0,0,0,0,0,0,0,0,0,good
0.0,0.0,-0.08374931040435277,-0.327948639274758,-0.18819314927383082,-0.5799116497996395,-0.2655259546641765,-0.805776698556677,-0.2775901007616414,-1.0,-0.43991451319029357,-0.4425554660283542,-0.615921604564214,-0.37798754348230307,-0.5388021448281479,-0.3487609816666163,-0.45002294810398974,-0.3467089704036049,-0.48087623851890476,-0.2477693469676488,-0.61326887033348,-0.22005669411048182,-0.5361117613643057,-0.2059016069307372,-0.45394653604004853,-0.20818642875766238,-0.4834969580956352,-0.06255432886784403,-0.5935982985620042,-0.07747648715751364,-0.5270066657070808,-0.06578396716372191,-0.4491078412339523,-0.059263990787975396,-0.4700250636323263,0.09562905209475724,-0.5606949177633179,0.06949023962840463,-0.49755420849274495,0.06557728055747501,-0.4320993519721795,0.06425622787467261,0,0,0,0,0,0,0,0,0,0,0,0,0,0,0,0,0,0,0,0,0,0,0,0,0,0,0,0,0,0,0,0,0,0,0,0,0,0,0,0,0,0,good
0.0,0.0,-0.08178481670335776,-0.33071231567325343,-0.185584547815487,-0.5798148039072678,-0.264064860930313,-0.8061491859902646,-0.2810288051039941,-1.0,-0.44958312892663455,-0.4254700563457524,-0.6183621189355119,-0.37995571770173214,-0.5368238420764058,-0.3577563266591005,-0.44817464982711247,-0.35034142013011665,-0.48811726705246,-0.233265169217122,-0.6158214803801852,-0.22307942364755898,-0.5382559078312571,-0.21699749256723877,-0.45692674841353387,-0.21638634783306498,-0.48691975016065936,-0.05057110671617492,-0.5989819261653356,-0.07630875959624389,-0.5336566418110756,-0.07166732748832295,-0.45698103725149847,-0.06553242526028005,-0.46947840681235314,0.10535144314094133,-0.5647114383550904,0.07294785886536065,-0.5056844498188637,0.06475920462635773,-0.44280927870031467,0.0646155763899952,0,0,0,0,0,0,0,0,0,0,0,0,0,0,0,0,0,0,0,0,0,0,0,0,0,0,0,0,0,0,0,0,0,0,0,0,0,0,0,0,0,0,good
0.0,0.0,-0.07887633557239569,-0.32389425728550875,-0.1861596723939802,-0.5784418179448804,-0.2678289782846492,-0.8027900744116373,-0.2802576830377534,-1.0,-0.4541194930057273,-0.4228257993689556,-0.6228026321158678,-0.3604361235393771,-0.5445470736205283,-0.3341447137198842,-0.4555333536046798,-0.33311693012835447,-0.490242900750698,-0.229787295657588,-0.6174175620941618,-0.20557856923783685,-0.5417013188222084,-0.19573222341129903,-0.46093882660495755,-0.1986360279744581,-0.4885676187617893,-0.04651510544390958,-0.5989427308136313,-0.06373416630138753,-0.5345255254425143,-0.05474974759541025,-0.4583304045186674,-0.05031348189334376,-0.4712924826212694,0.11024821868833858,-0.5640616670154918,0.08186306837103935,-0.5049226463847897,0.07721066272823364,-0.442898118055583,0.07628344607624396,0,0,0,0,0,0,0,0,0,0,0,0,0,0,0,0,0,0,0,0,0,0,0,0,0,0,0,0,0,0,0,0,0,0,0,0,0,0,0,0,0,0,good
0.0,0.0,-0.0887708471277245,-0.3322553278453803,-0.1963049504335851,-0.5824619261069746,-0.27502091391077566,-0.8072393239481344,-0.2844951112059694,-1.0,-0.4582586358897405,-0.44234153944237903,-0.6303045485678623,-0.3762680024100956,-0.5481605029172347,-0.3505452999221677,-0.4575035238789409,-0.3532734819851947,-0.49581275419620746,-0.24837746371087974,-0.623572954354454,-0.2176054818549935,-0.544484653907224,-0.2045306995334045,-0.46170677014640354,-0.2126199296556439,-0.4944871192147165,-0.06425154431943024,-0.6002985288226035,-0.07340051330586198,-0.5354158932536963,-0.06173459584545557,-0.4583376081353224,-0.06057514593727626,-0.4775370657951427,0.09101915262368461,-0.5645467631748711,0.06471466503613015,-0.5046108117261836,0.06143216648063553,-0.4403350950324535,0.05693335800014256,0,0,0,0,0,0,0,0,0,0,0,0,0,0,0,0,0,0,0,0,0,0,0,0,0,0,0,0,0,0,0,0,0,0,0,0,0,0,0,0,0,0,good
0.0,0.0,-0.08187565417626125,-0.329077384690531,-0.18978354615867699,-0.5796284976624102,-0.2689958830507292,-0.8049439676226362,-0.28243974600516364,-1.0,-0.4565003140046054,-0.4392173609657386,-0.6153343102365502,-0.3824151838671412,-0.5329949061475124,-0.3589348963784802,-0.44544009489916964,-0.3587420277719629,-0.49551587467727304,-0.2417871746563394,-0.6136628288326007,-0.22411918219244994,-0.5338971460470309,-0.21420389365710696,-0.4506585723257274,-0.21398367176051916,-0.49341260205149673,-0.05377433535691857,-0.5972555997487963,-0.07353848300886191,-0.5318321122043124,-0.06270350987370037,-0.4534091131114367,-0.05502867908729328,-0.47505393901332776,0.10405359011932175,-0.5655248063638266,0.07701904961272765,-0.5053352871397669,0.07318372758356012,-0.4405208289721583,0.07230032796036565,0,0,0,0,0,0,0,0,0,0,0,0,0,0,0,0,0,0,0,0,0,0,0,0,0,0,0,0,0,0,0,0,0,0,0,0,0,0,0,0,0,0,good
0.0,0.0,-0.08326216045693124,-0.32672544508079376,-0.19067012873685285,-0.57460001766287,-0.2733312532858337,-0.8016512291890279,-0.28364769827609837,-1.0,-0.4558577745835729,-0.42572167912434244,-0.6155119865274936,-0.3621666306303513,-0.5346655972970825,-0.33980455120668135,-0.44960545079492603,-0.34317987584497317,-0.49157857610136163,-0.23026153505844388,-0.6092123218174927,-0.2070523023052814,-0.533395974692817,-0.1972507936525514,-0.45454537904159276,-0.20142648439396837,-0.4882029746155765,-0.045284775021268805,-0.5912143278544292,-0.06167996042188236,-0.5285904559041466,-0.049897884802096955,-0.45389838644975483,-0.04531495139803832,-0.4694130583979334,0.11050256956000905,-0.5586212108921771,0.08487230547795367,-0.5000103817809987,0.08429729323437328,-0.4377260632812463,0.08296399570664907,0,0,0,0,0,0,0,0,0,0,0,0,0,0,0,0,0,0,0,0,0,0,0,0,0,0,0,0,0,0,0,0,0,0,0,0,0,0,0,0,0,0,good
0.0,0.0,-0.08214945653812239,-0.3288574955059115,-0.18991167736727804,-0.5794173900229482,-0.2704041293596444,-0.8015762995350488,-0.279236252421606,-1.0,-0.4463190396944987,-0.4369346285206965,-0.6133740653410537,-0.38303669287803516,-0.5362796083703827,-0.35884509951912097,-0.4496233742798627,-0.35985573488600275,-0.48408662917351536,-0.24280963362084376,-0.6148945051188653,-0.22209974079334036,-0.5382733978982767,-0.21226707750134707,-0.4569748772704769,-0.215585573320348,-0.48277692537744943,-0.05905010090229492,-0.5971727727989903,-0.07429964637576876,-0.5321251791361002,-0.06598181445222595,-0.454962019150755,-0.06156743544405352,-0.46565487222851687,0.09649688936585295,-0.5617733341727252,0.07134317338103098,-0.5042408688435615,0.06336521106477475,-0.4413935943832902,0.05947017076344613,0,0,0,0,0,0,0,0,0,0,0,0,0,0,0,0,0,0,0,0,0,0,0,0,0,0,0,0,0,0,0,0,0,0,0,0,0,0,0,0,0,0,good
0.0,0.0,-0.08452066616372905,-0.3265951123608349,-0.19403218800722402,-0.5747671055940379,-0.272459022014951,-0.8015229579589878,-0.284660117047299,-1.0,-0.4500135736003475,-0.42156916535217065,-0.6172296138810781,-0.37603387970646734,-0.5374359897583614,-0.3520134650115447,-0.45068710993759004,-0.3502829024072423,-0.4863176679697323,-0.22701489381158127,-0.6168255492307341,-0.21440916260887458,-0.5390782525204033,-0.20574491918706994,-0.45890999702809593,-0.2065653361680726,-0.48397757926982604,-0.044582276021306266,-0.5986267802848456,-0.06753937772900807,-0.5334130603753744,-0.0606122693916741,-0.45734560386804746,-0.05469989484031731,-0.46558849415906545,0.10948466040280731,-0.5620940779096084,0.0806686212651167,-0.504753474841689,0.07319428251377363,-0.4429697323000251,0.0718052031182132,0,0,0,0,0,0,0,0,0,0,0,0,0,0,0,0,0,0,0,0,0,0,0,0,0,0,0,0,0,0,0,0,0,0,0,0,0,0,0,0,0,0,good
0.0,0.0,-0.08410196850399385,-0.3243019332456543,-0.1916941920909567,-0.575223205358459,-0.26692324496272823,-0.8031146599180107,-0.2723994050841024,-1.0,-0.4481856176872695,-0.42364006693020423,-0.6151380424633422,-0.38155154308657163,-0.5372917581393415,-0.3584528548209715,-0.45095055299428055,-0.3534014696172593,-0.4867107679864095,-0.2317731927177235,-0.6149233448757953,-0.22493492295215392,-0.5392111863362817,-0.2166643733826392,-0.4582294798124349,-0.21400339386784994,-0.48858789195123725,-0.05152742101128483,-0.5989814353724887,-0.08130007113752614,-0.5367140815772866,-0.07374017491428339,-0.46159764748042204,-0.06279449629159368,-0.47545943045797867,0.09994021098116798,-0.5680789879210588,0.06364231353038058,-0.5130696254025219,0.056802888700452976,-0.4526991760492785,0.05820629189544762,0,0,0,0,0,0,0,0,0,0,0,0,0,0,0,0,0,0,0,0,0,0,0,0,0,0,0,0,0,0,0,0,0,0,0,0,0,0,0,0,0,0,good
0.0,0.0,-0.08411104920213663,-0.32687088629237815,-0.19751285902726587,-0.5800463292435915,-0.272459446913721,-0.8068715462103834,-0.28269117562142904,-1.0,-0.4618569642721892,-0.42272967583777715,-0.6207889169770656,-0.37829319707026404,-0.542501494189347,-0.3685951020585692,-0.45629730505984634,-0.373609579009808,-0.49616940095193174,-0.22614640130963728,-0.6224672084493502,-0.22831993124854236,-0.5468233571978681,-0.2290641387807565,-0.46323514303347807,-0.228038266245419,-0.49259969448795987,-0.043772361284110446,-0.60578538116639,-0.07416188538574083,-0.542682671678044,-0.07411149164716284,-0.4639983981990238,-0.06694388222263384,-0.47373143886872054,0.10668174479320944,-0.565696862164876,0.07119855357971772,-0.5086571493491934,0.059492508055874055,-0.4454085079928819,0.05690712928918582,0,0,0,0,0,0,0,0,0,0,0,0,0,0,0,0,0,0,0,0,0,0,0,0,0,0,0,0,0,0,0,0,0,0,0,0,0,0,0,0,0,0,good
0.0,0.0,-0.08643993678224532,-0.32651528760388865,-0.20183774230599644,-0.5717983007657864,-0.2724983412295043,-0.8004872581627537,-0.2784916892120341,-1.0,-0.4652719688048324,-0.41085552638216255,-0.6266857614285809,-0.37428243433113595,-0.5522461294851068,-0.35651257187753466,-0.4636924321960549,-0.35181811528591034,-0.49781547334989384,-0.22004066936303818,-0.6210285526267243,-0.21491738203979477,-0.5480105943569746,-0.21268008320162968,-0.4666954569950518,-0.21238250249647228,-0.4916013591938224,-0.0420804520323492,-0.602185403666412,-0.06867672755579185,-0.5413538893858648,-0.06745404585767054,-0.46554656563438823,-0.06312551675917677,-0.4691680381387174,0.10568681566266445,-0.5609373610760808,0.08299023850609648,-0.5094249010937301,0.0702477964209267,-0.4504029133876842,0.0648886219533512,0,0,0,0,0,0,0,0,0,0,0,0,0,0,0,0,0,0,0,0,0,0,0,0,0,0,0,0,0,0,0,0,0,0,0,0,0,0,0,0,0,0,good
0.0,0.0,-0.08679919987429023,-0.3250240711158138,-0.19982059662391605,-0.5733518338641012,-0.2713210628785475,-0.8031079799616683,-0.28041803352786393,-1.0,-0.46141659502463533,-0.41341193429844303,-0.6270330006352226,-0.3664712866625694,-0.5552470785522263,-0.34353471367354654,-0.4694686638665098,-0.34364574112644936,-0.4945839231034782,-0.22273259796352596,-0.6200787688208217,-0.2103964165434545,-0.5480551691166522,-0.20703798776999238,-0.4666964661114485,-0.20983308872913609,-0.48972814048431024,-0.04431360462456643,-0.601488950948314,-0.06467804162134057,-0.5422699107715437,-0.06454244251902483,-0.46661410558286076,-0.06289037828812656,-0.46967206251998345,0.10554827843743725,-0.5630972655091094,0.08641697421675593,-0.51334286066176,0.0732062240898024,-0.45474235867206314,0.06607680551569825,0,0,0,0,0,0,0,0,0,0,0,0,0,0,0,0,0,0,0,0,0,0,0,0,0,0,0,0,0,0,0,0,0,0,0,0,0,0,0,0,0,0,good
0.0,0.0,-0.08887968398689931,-0.3259872987728215,-0.19618987785720338,-0.5686224674539317,-0.2719811752579,-0.7985213524256121,-0.2787676891334441,-1.0,-0.46263781022146966,-0.41704971308228245,-0.6182880389115193,-0.37619624646032823,-0.5354823601840222,-0.35309030239486844,-0.4483301328873159,-0.3469332685095024,-0.49793558546943695,-0.21918450206118564,-0.6145360675582403,-0.21999233984047126,-0.5369870233945454,-0.21534888705508382,-0.456429882863522,-0.21221071250707857,-0.4931901919821716,-0.03590895818909032,-0.5987118877465277,-0.07417623686898436,-0.5366057067419705,-0.0691852939082666,-0.4599261568001752,-0.057923844606698784,-0.47374488778143053,0.11542547327469975,-0.5581030480577375,0.07802076976454159,-0.5032578741504365,0.07113062386325739,-0.4421641811124944,0.07378169713894119,0,0,0,0,0,0,0,0,0,0,0,0,0,0,0,0,0,0,0,0,0,0,0,0,0,0,0,0,0,0,0,0,0,0,0,0,0,0,0,0,0,0,good
0.0,0.0,-0.08775410456836608,-0.32249600185052124,-0.1938801370016577,-0.5698674591993929,-0.2663451757106099,-0.7991904588064973,-0.27625863817531926,-1.0,-0.4565952419276655,-0.41571848327147665,-0.6161116262615064,-0.3611766581361472,-0.5409948128813472,-0.34008337550660106,-0.4572508410300513,-0.3417041278158484,-0.4914228618849062,-0.22073898079388413,-0.6117987428268722,-0.21197281675835003,-0.5394233851272087,-0.2085612274670666,-0.45920171222693873,-0.2097227511597842,-0.487742074943327,-0.037905688667428335,-0.5961761563863625,-0.06798779163143208,-0.5372469198052314,-0.06278258215437596,-0.4615318722441451,-0.05529792881709048,-0.4694677138316103,0.1154240976273652,-0.5597208261105331,0.08105678864366286,-0.5062019829708133,0.07431803390777113,-0.4450107748640212,0.07620226283741127,0,0,0,0,0,0,0,0,0,0,0,0,0,0,0,0,0,0,0,0,0,0,0,0,0,0,0,0,0,0,0,0,0,0,0,0,0,0,0,0,0,0,good
0.0,0.0,-0.09331590972862469,-0.32135455164949694,-0.2063308614262236,-0.5655750190403656,-0.2835888884435002,-0.7927744418166514,-0.2896300156331423,-1.0,-0.4668062692908967,-0.41914234176454085,-0.6232144947288251,-0.365758127229727,-0.5424333186355073,-0.3412841624243396,-0.45482518940153127,-0.34024131158055076,-0.49962945444342005,-0.22153814085862028,-0.6216506994829037,-0.20889533811680763,-0.5461945724936866,-0.20490030865434722,-0.46296709023129035,-0.207785785866036,-0.4928693630496653,-0.03703339078847156,-0.6041149637230929,-0.059928648735318876,-0.5413640117048142,-0.054817653425261556,-0.46316703411231813,-0.050874574097085824,-0.4709133763578787,0.11728031426624444,-0.563417004048583,0.09100220467390868,-0.5088328055477612,0.08256351465106025,-0.4463157894736842,0.07997210085381008,0,0,0,0,0,0,0,0,0,0,0,0,0,0,0,0,0,0,0,0,0,0,0,0,0,0,0,0,0,0,0,0,0,0,0,0,0,0,0,0,0,0,good
0.0,0.0,-0.09298253527196217,-0.32047634793427127,-0.20529889862630882,-0.5683102524355899,-0.27877724513474234,-0.7944038625471616,-0.28759787221131733,-1.0,-0.4679936087162365,-0.418771540485648,-0.6233700133400526,-0.3512077923300052,-0.5456021471286762,-0.32710483866518997,-0.4607928683449411,-0.333614563664111,-0.5001176299941233,-0.21738217611919666,-0.6196241875823613,-0.1955523206856482,-0.5438425646648584,-0.18976297799556543,-0.4604012010265772,-0.1945025743932645,-0.4929003402995168,-0.029384783773356044,-0.6040556550497989,-0.0464789367676316,-0.5418803341146128,-0.039628814902957686,-0.46365865949832186,-0.0380598741537536,-0.4701933707304774,0.12801226077709782,-0.5629474604414386,0.10624600666450984,-0.5072838114843867,0.10036418246180595,-0.4453867463284028,0.09791682959096887,0,0,0,0,0,0,0,0,0,0,0,0,0,0,0,0,0,0,0,0,0,0,0,0,0,0,0,0,0,0,0,0,0,0,0,0,0,0,0,0,0,0,good
0.0,0.0,-0.09115488039589865,-0.3220863283833233,-0.19730617447565427,-0.5723867146263245,-0.2768865879769896,-0.7975390893471506,-0.2863309146446766,-1.0,-0.46277750234855,-0.41067091839835973,-0.6202221933932845,-0.35113157558600505,-0.545367690247535,-0.3255136042702059,-0.458946880387905,-0.3260108756889732,-0.49532646468165553,-0.2092463506922581,-0.6156280116687253,-0.19516620872509832,-0.5421362586970456,-0.1894697364711282,-0.45893655526132643,-0.19321709128194606,-0.48976305333310904,-0.02341772014876842,-0.5949879171038885,-0.04662394173697606,-0.5333280930540375,-0.04042453589805037,-0.4550075115295859,-0.03723906781426563,-0.4699634573786269,0.13307422816764475,-0.5567185015776627,0.10227537478960473,-0.5005604711854861,0.09662386679654121,-0.4385577530126471,0.09426607418203764,0,0,0,0,0,0,0,0,0,0,0,0,0,0,0,0,0,0,0,0,0,0,0,0,0,0,0,0,0,0,0,0,0,0,0,0,0,0,0,0,0,0,good
0.0,0.0,-0.08623002902268401,-0.3226832176494758,-0.19327316384501214,-0.5713248161978506,-0.2693585433229966,-0.797335391540437,-0.27585720020065146,-1.0,-0.4639286959227556,-0.4068173426408628,-0.6161666660176927,-0.34172276200874285,-0.5431305052398447,-0.3160555560164212,-0.4566541482393306,-0.3212604407933352,-0.4921585593724071,-0.2044738916891649,-0.6076098584689167,-0.1866705582536887,-0.5371793567335319,-0.1816031431111376,-0.45524508448711043,-0.18782719931522515,-0.4812835600707596,-0.019557933546975593,-0.5822939449535693,-0.03978256096109559,-0.521823896996644,-0.03503037791113536,-0.4442928854893183,-0.03576749957125388,-0.45563988644195574,0.13609832397089502,-0.5401076969620735,0.10888102934282573,-0.4837605529529815,0.10288721784653818,-0.4212132236984783,0.09735558874164325,0,0,0,0,0,0,0,0,0,0,0,0,0,0,0,0,0,0,0,0,0,0,0,0,0,0,0,0,0,0,0,0,0,0,0,0,0,0,0,0,0,0,good
0.0,0.0,-0.08574808979568375,-0.3219099716565779,-0.19984336529894714,-0.5714408887051942,-0.27449016739178933,-0.797157719989982,-0.2765120825640738,-1.0,-0.4619994908858996,-0.4132083631571096,-0.6128579024225346,-0.3452782404359768,-0.537773323789725,-0.3206618209588042,-0.45108843667756515,-0.32814319792084373,-0.4912087148837865,-0.2110384011627509,-0.6035499759813105,-0.18546773489388665,-0.5319679518148138,-0.17963824158558933,-0.45120527973219504,-0.1873416716734115,-0.48188744472622114,-0.02500407154421697,-0.5794498556825756,-0.04069491337533068,-0.517481294846862,-0.03241325557938416,-0.4402998709423127,-0.0320803469639966,-0.4573220050884038,0.1320891059162617,-0.5354824814111767,0.10816724398198393,-0.4766683409038965,0.10582730357023105,-0.41321315320912955,0.10235622658862076,0,0,0,0,0,0,0,0,0,0,0,0,0,0,0,0,0,0,0,0,0,0,0,0,0,0,0,0,0,0,0,0,0,0,0,0,0,0,0,0,0,0,good
0.0,0.0,-0.0873419786513765,-0.3189469819577338,-0.19839296711772622,-0.569628950904873,-0.27562304662051157,-0.7975146952125413,-0.2879535062932573,-1.0,-0.4686909095609095,-0.40190214230296434,-0.6171657408982603,-0.33418277431500065,-0.5435986791338286,-0.31154409506938807,-0.45813292290021856,-0.3203760688896054,-0.49906223811571515,-0.20156483447079246,-0.6054609215811689,-0.1735427138399262,-0.5301912517243536,-0.16913493605787888,-0.4482641536720827,-0.1797537051986836,-0.4885351666819787,-0.016684092142047958,-0.5849978359341131,-0.031066484505532777,-0.5201193502422741,-0.023795642315365358,-0.4411637818859127,-0.02601944270849526,-0.46284828099111774,0.13907904761538803,-0.5440026730318266,0.11702269247523375,-0.48500873486158186,0.1118477978751982,-0.4216269304113961,0.10484698359955943,0,0,0,0,0,0,0,0,0,0,0,0,0,0,0,0,0,0,0,0,0,0,0,0,0,0,0,0,0,0,0,0,0,0,0,0,0,0,0,0,0,0,good
0.0,0.0,-0.09146157163322818,-0.3191375218937922,-0.20241574942765206,-0.5658950437379768,-0.280420899407437,-0.7955861264491183,-0.28985201692186835,-1.0,-0.47798378326855406,-0.39773725465044873,-0.6119592636386411,-0.33261803867764506,-0.5396242647884749,-0.3020508853720235,-0.4556426366167319,-0.3033346597466397,-0.5078461540096955,-0.19730439271944375,-0.603313186733363,-0.17398881064664598,-0.5292270388466653,-0.16578300138157226,-0.44805019015664316,-0.17131283381057047,-0.49611997532375174,-0.01071595490950684,-0.5831441452199336,-0.02869340257612378,-0.5197301912338372,-0.02006699154934169,-0.4404488851927274,-0.019051807010761666,-0.4697450203692437,0.1470384072835327,-0.5430395723539561,0.1214220945967733,-0.485300907429698,0.11519102300482575,-0.4211026215147545,0.10912719996513293,0,0,0,0,0,0,0,0,0,0,0,0,0,0,0,0,0,0,0,0,0,0,0,0,0,0,0,0,0,0,0,0,0,0,0,0,0,0,0,0,0,0,good
0.0,0.0,-0.08716974696599941,-0.32081110432338655,-0.19940427967016622,-0.5681339615543756,-0.275796849510947,-0.7968534110324909,-0.2865274028869851,-1.0,-0.4789117059647553,-0.39718080548110923,-0.6173158122583942,-0.3189695548690617,-0.5455148839671385,-0.2893533693724869,-0.46127091021967764,-0.2986735100166605,-0.5061972358321417,-0.19832218322530687,-0.5999512134761427,-0.1627633311126483,-0.5257084771194394,-0.15439800230530507,-0.4460369990473155,-0.16714489987594183,-0.49181460695470336,-0.011431150550036146,-0.5769517002777216,-0.018458750036784898,-0.5136791952776347,-0.009486780660256109,-0.43651050842578015,-0.014869962286173382,-0.46288873658858104,0.14803093547804944,-0.535700141573103,0.12939668159453932,-0.47753887587481575,0.12397059902831142,-0.4139114630957957,0.11367827343924784,0,0,0,0,0,0,0,0,0,0,0,0,0,0,0,0,0,0,0,0,0,0,0,0,0,0,0,0,0,0,0,0,0,0,0,0,0,0,0,0,0,0,good
0.0,0.0,-0.08725182824752563,-0.3215582689653147,-0.19789421128373813,-0.5698335487092132,-0.27972260565655377,-0.7959591324267967,-0.2932775191635584,-1.0,-0.4734841698728303,-0.4088835208082469,-0.6204956459807924,-0.3330677846632794,-0.5466794178977357,-0.3055475197509472,-0.463126486827807,-0.31365385180181504,-0.5020299788540046,-0.2062733119915416,-0.6066800787100943,-0.1726643954301154,-0.5320730785045082,-0.16678830508972364,-0.453188970307498,-0.17779780610296925,-0.4887158947399336,-0.018940350671091663,-0.5873676539692796,-0.028463758113307293,-0.5231957987018708,-0.02031410614114952,-0.44532677171135715,-0.021362227965579017,-0.4605873153396576,0.1398356045698846,-0.547404475902376,0.12479551528679256,-0.4883080266674499,0.12028216687714764,-0.4230034288819055,0.11369203207142647,0,0,0,0,0,0,0,0,0,0,0,0,0,0,0,0,0,0,0,0,0,0,0,0,0,0,0,0,0,0,0,0,0,0,0,0,0,0,0,0,0,0,good
0.0,0.0,-0.08691854803673353,-0.3195304190199398,-0.19765771299306378,-0.5659765396773082,-0.2845097826249794,-0.7898552081616754,-0.2975399244955132,-1.0,-0.4772656963940615,-0.4084182259441806,-0.6223004149750565,-0.3253644140162694,-0.5501891357432848,-0.29653113811029047,-0.47080792797111654,-0.30887589699030726,-0.5059942922203413,-0.20678229539632365,-0.6025988374705997,-0.17058059055295052,-0.5260904331021258,-0.16425222094051026,-0.44939963446240505,-0.1768007220865605,-0.49398229989063835,-0.01807575916465671,-0.5828062500936315,-0.025932944824796633,-0.5171583571781696,-0.017231202528801066,-0.4417529325403365,-0.02169218438675076,-0.46898529610043294,0.14244917679135893,-0.5414965693397852,0.12255883806984165,-0.4800499243457027,0.11721472337493072,-0.4165042471273839,0.10781748588036134,0,0,0,0,0,0,0,0,0,0,0,0,0,0,0,0,0,0,0,0,0,0,0,0,0,0,0,0,0,0,0,0,0,0,0,0,0,0,0,0,0,0,good
0.0,0.0,-0.08509327884611383,-0.3206043481073548,-0.19536331517555067,-0.5684291405740755,-0.2811772810690834,-0.7916401059126225,-0.29683226831802995,-1.0,-0.47212738115189623,-0.40702323714462657,-0.6289903079887308,-0.3205824059295331,-0.558352006252764,-0.29169363726023917,-0.4763166347054887,-0.3046069872217079,-0.5003862579923437,-0.2068825802185214,-0.6036703588794509,-0.1638789381953164,-0.5275378114796178,-0.15504948150255493,-0.450977391612262,-0.16856094496636984,-0.49013339709175346,-0.018120455746599623,-0.5817565545635758,-0.023377120588534608,-0.5169058805414876,-0.010821655113605626,-0.4423123120964578,-0.013590909280065797,-0.46698875009410545,0.1428019631439509,-0.5412741822661049,0.12316636218742327,-0.4798720241394221,0.12195878578040949,-0.4165852977572446,0.11586680492760784,0,0,0,0,0,0,0,0,0,0,0,0,0,0,0,0,0,0,0,0,0,0,0,0,0,0,0,0,0,0,0,0,0,0,0,0,0,0,0,0,0,0,good
0.0,0.0,-0.07813225424927685,-0.3152015519181409,-0.1852843809483646,-0.5648433800991801,-0.26707617932168753,-0.7913015141553107,-0.28831825056500476,-1.0,-0.45623115452665153,-0.40815753809349464,-0.6032961008440089,-0.3322661340254602,-0.5385399394644579,-0.2997207084076929,-0.4591687960174591,-0.30641258863242965,-0.48547760395800466,-0.20739346377164414,-0.5853691077045758,-0.16820293016560056,-0.5105653498237415,-0.15757068070856103,-0.4331515477968168,-0.1649982652100821,-0.47540834654393427,-0.01689819562679589,-0.5666069234411332,-0.018957324168019676,-0.49911669481307397,-0.006404729363188333,-0.42276504427068856,-0.0074375523551929645,-0.45138965298450956,0.14585960278103116,-0.5229377565045037,0.13405881417045412,-0.45944118678799334,0.1296296367292405,-0.39541191196851694,0.11997385355306062,0,0,0,0,0,0,0,0,0,0,0,0,0,0,0,0,0,0,0,0,0,0,0,0,0,0,0,0,0,0,0,0,0,0,0,0,0,0,0,0,0,0,good
0.0,0.0,-0.08465074473942939,-0.3237979180119422,-0.19247997999917174,-0.5707644334964791,-0.27936222052140197,-0.792431971876136,-0.2994982154168961,-1.0,-0.4751814875769395,-0.40718058876671276,-0.6118537500786075,-0.33433248002601335,-0.53686329802001,-0.30890082871529956,-0.4552228389825959,-0.31851549067215973,-0.5039073703972404,-0.20860833194012635,-0.5946066784974224,-0.18361419874749416,-0.5175854674963534,-0.17547659182205397,-0.4395532867158609,-0.1797812179338715,-0.48980498425548297,-0.022694574775335787,-0.5725561104524267,-0.03770784986494839,-0.50602440591865,-0.02667134988718858,-0.430031228287061,-0.025544769491988164,-0.4606222190182722,0.1344913823118442,-0.5277041763999429,0.11489624570342637,-0.4652318807680686,0.10974956018117314,-0.40222697105554983,0.10369524504849127,0,0,0,0,0,0,0,0,0,0,0,0,0,0,0,0,0,0,0,0,0,0,0,0,0,0,0,0,0,0,0,0,0,0,0,0,0,0,0,0,0,0,good
0.0,0.0,-0.07522056350818793,-0.3239869885739347,-0.1796718938629647,-0.5730687811008881,-0.26778687978378346,-0.7952377963640533,-0.29243416413675327,-1.0,-0.4695021455835383,-0.4110710250914721,-0.6169474754331072,-0.33166041355754644,-0.5441559000060439,-0.3039549559182927,-0.46122433087083264,-0.31370577688100804,-0.4987261324171405,-0.2126037729416268,-0.5912008604030194,-0.18147731446397605,-0.5139075500674902,-0.1737411259315738,-0.4366810712885434,-0.18164933307917971,-0.486754954058632,-0.02472690107689852,-0.5668739800923321,-0.039594113553982076,-0.4995498071376877,-0.027611312316067935,-0.42462059047326817,-0.026651262477161042,-0.4607115681743866,0.13508265416974674,-0.5201532980307743,0.1115722811373065,-0.4546816183387341,0.10706725307967561,-0.3911935767319253,0.0999393285695025,0,0,0,0,0,0,0,0,0,0,0,0,0,0,0,0,0,0,0,0,0,0,0,0,0,0,0,0,0,0,0,0,0,0,0,0,0,0,0,0,0,0,good
0.0,0.0,-0.0731472809847235,-0.32589443522717926,-0.17676103353408654,-0.5764602350032367,-0.2671888354560325,-0.7946580394623665,-0.29137217212161176,-1.0,-0.47126337331638757,-0.4127323754392816,-0.6160336763403131,-0.33100348930972623,-0.5441900635153363,-0.30486153251356185,-0.46131710626980593,-0.31592303018469214,-0.5001490741617648,-0.21375247141576023,-0.5940599500280026,-0.18053679949271914,-0.5183902952525823,-0.17284652142751078,-0.44080606055645777,-0.18059331126646003,-0.48757033279978423,-0.026353193909044104,-0.5708484210025813,-0.03816064699355415,-0.5045501721270681,-0.02623627299785606,-0.42965823627923366,-0.025643094241762046,-0.46027845884208546,0.13286736452861192,-0.5247081166886283,0.11382055835970874,-0.4613381520338198,0.11036671464321389,-0.3994532778192847,0.10346331431030108,0,0,0,0,0,0,0,0,0,0,0,0,0,0,0,0,0,0,0,0,0,0,0,0,0,0,0,0,0,0,0,0,0,0,0,0,0,0,0,0,0,0,good
0.0,0.0,-0.07641558127678262,-0.32452107718487494,-0.17855550505036544,-0.5688097234294542,-0.2655085927494468,-0.7906229896378356,-0.2868637975067461,-1.0,-0.4644189838610248,-0.40502047039858335,-0.6052899601254723,-0.33182028384092366,-0.5350832262785656,-0.30386190942001656,-0.45229668512629173,-0.3108937588880468,-0.49500788447010163,-0.20478889247383592,-0.5885212935980788,-0.17949184758033845,-0.5128718466562383,-0.16932911511879228,-0.4352732986782603,-0.17151852169246182,-0.48387800613934245,-0.01645095772715587,-0.5654138527355538,-0.03283438505674725,-0.49902929989933625,-0.019982284130790978,-0.4234452113247292,-0.016635382847989866,-0.4583698793891303,0.14324303084322562,-0.5205160112203138,0.12024833810061081,-0.4571898745474772,0.11676479636425817,-0.394673510273506,0.11172726565471115,0,0,0,0,0,0,0,0,0,0,0,0,0,0,0,0,0,0,0,0,0,0,0,0,0,0,0,0,0,0,0,0,0,0,0,0,0,0,0,0,0,0,good
0.0,0.0,-0.08036145387465313,-0.3256522331766143,-0.19015114093863716,-0.5732236578308714,-0.27605882705920737,-0.7960040422938707,-0.2963565309552204,-1.0,-0.47909249469379384,-0.4114281831176609,-0.6243043117668822,-0.3197755676478197,-0.5488212691737737,-0.2779379055656251,-0.46159800953189745,-0.2847015549637914,-0.5073700729576024,-0.21507848734279583,-0.5937677461350432,-0.15851140898897748,-0.512431484271336,-0.14186734742943571,-0.433356991535106,-0.1535610693560187,-0.4933899434627262,-0.026151717955025307,-0.5646526595805981,-0.016686980133866214,-0.49257886188683564,-0.00012875572297331935,-0.4165639071480488,-0.004680906360810891,-0.46479743029010173,0.13619732688812916,-0.5146864976972992,0.12733464129013233,-0.4454139317666199,0.12807538409143565,-0.3813895524268268,0.115669929140639,0,0,0,0,0,0,0,0,0,0,0,0,0,0,0,0,0,0,0,0,0,0,0,0,0,0,0,0,0,0,0,0,0,0,0,0,0,0,0,0,0,0,good
0.0,0.0,-0.0845183141364526,-0.3252355308544187,-0.19195744093446548,-0.5680549826710423,-0.27840605634335164,-0.7872630106866014,-0.3013443294293194,-1.0,-0.4823522355094911,-0.40465663356444087,-0.6224846718015379,-0.29826102389572057,-0.5441904854244486,-0.2550598255765227,-0.45644014402179717,-0.26414335460355387,-0.5105575996805358,-0.20434694726047994,-0.5984858319953855,-0.13271935633891466,-0.515398656410071,-0.11548858786660729,-0.4343831088265116,-0.1285986961787553,-0.49622628874365465,-0.010238382039016038,-0.5693092573937708,0.015546761892397773,-0.4946936743141956,0.029074687889778298,-0.4166985747363681,0.019272200210675428,-0.46726704507172334,0.1578582591504949,-0.5178108653961503,0.163323577406786,-0.44770253681479133,0.1587818128932704,-0.38312135693380156,0.14097587749930568,0,0,0,0,0,0,0,0,0,0,0,0,0,0,0,0,0,0,0,0,0,0,0,0,0,0,0,0,0,0,0,0,0,0,0,0,0,0,0,0,0,0,good
0.0,0.0,-0.08415343457872626,-0.32887812916416603,-0.1925667029468309,-0.5710423257280616,-0.2807285192606984,-0.7934069108626881,-0.3026760520399963,-1.0,-0.48171479722100724,-0.3986959484889481,-0.6113666093643512,-0.30510817931216877,-0.5402469763704238,-0.2626127821460904,-0.4601999816903844,-0.2666555452705246,-0.510177908431578,-0.19809620685796825,-0.5871305780752525,-0.14413410776225982,-0.5087493515344476,-0.12661302627429838,-0.4313997701126041,-0.13276139519270871,-0.4956809651201823,-0.007805999450711532,-0.5583260942538323,-0.0014305912988637867,-0.48894261969911196,0.013456753705154157,-0.41354463986003315,0.011207112268459652,-0.4677130272914993,0.1551735853278947,-0.5145709955344882,0.13999125207254676,-0.4465705072780722,0.136589732374452,-0.38340782634346804,0.12471655697850655,0,0,0,0,0,0,0,0,0,0,0,0,0,0,0,0,0,0,0,0,0,0,0,0,0,0,0,0,0,0,0,0,0,0,0,0,0,0,0,0,0,0,good
0.0,0.0,-0.08096863945999329,-0.3302431187297025,-0.18877598290712405,-0.5718608408151078,-0.2761267368296696,-0.7940245331805623,-0.29788204183967704,-1.0,-0.4744782177901365,-0.395965809393071,-0.6048393132910381,-0.30831748374481577,-0.5363106284690572,-0.2689708549634195,-0.45653955842864324,-0.2719413126250924,-0.5034409891599738,-0.19571116405770506,-0.5775438336705543,-0.1509164035857494,-0.4991552280580805,-0.13445548824622028,-0.4230715389940336,-0.13874772269632754,-0.4887527597704065,-0.006328102463392204,-0.5498648081683944,-0.009620609198708729,-0.4806924297833896,0.004704101230219369,-0.40622121130100947,0.004293043618634018,-0.4606946388134676,0.15558813807489907,-0.5061996469597718,0.13286425833838053,-0.4376644887895769,0.12919467906960183,-0.37492884374267954,0.11969706348695802,0,0,0,0,0,0,0,0,0,0,0,0,0,0,0,0,0,0,0,0,0,0,0,0,0,0,0,0,0,0,0,0,0,0,0,0,0,0,0,0,0,0,good
0.0,0.0,-0.08379486768568385,-0.3285270979075136,-0.1987765019984792,-0.5657362734403623,-0.28556320270489627,-0.7889843876169875,-0.3038675539250693,-1.0,-0.49536696472788505,-0.39857857470041397,-0.6263442803265139,-0.3019861706974252,-0.5505468402468143,-0.26780942971577687,-0.4644633349180184,-0.27868427911218535,-0.5242196596493068,-0.198358095585833,-0.597078754991035,-0.1476082476866834,-0.5156439803377899,-0.14073861742495428,-0.4347267409609965,-0.1522991081293516,-0.5074067847924758,-0.006654438019884424,-0.5714052053392458,-0.005607389395937617,-0.49793254363425415,0.003510400889516338,-0.4189976750151068,-0.0009673324959697921,-0.4760543903554224,0.15552533960929185,-0.5217920350784006,0.13974567663916804,-0.4509791247003933,0.13218255736773216,-0.38529819820898925,0.11676347563970127,0,0,0,0,0,0,0,0,0,0,0,0,0,0,0,0,0,0,0,0,0,0,0,0,0,0,0,0,0,0,0,0,0,0,0,0,0,0,0,0,0,0,good
0.0,0.0,-0.08693572753052964,-0.3290563133093686,-0.2014714522256502,-0.5698254930797254,-0.2882870918418192,-0.7917950766456944,-0.3085402521762807,-1.0,-0.5012519582044022,-0.38689824175448445,-0.635576128023724,-0.28587970443362076,-0.5603277065751886,-0.25597114220702405,-0.47517974617251046,-0.27135782320640567,-0.5267793964164599,-0.18829242908245744,-0.6030708731350409,-0.1368059867161084,-0.521505743996751,-0.12855244443536373,-0.44139251110083505,-0.13904637686839907,-0.5081194858069011,-0.0006571477535846034,-0.5745764711916181,0.003718972597856014,-0.5013614133346788,0.013372706602291761,-0.42296985751652355,0.008600879894155847,-0.4754405621115125,0.15846058969003557,-0.5230735584342371,0.1486684210065452,-0.45286090692227604,0.14218492454684534,-0.3877632500126134,0.12860123015057273,0,0,0,0,0,0,0,0,0,0,0,0,0,0,0,0,0,0,0,0,0,0,0,0,0,0,0,0,0,0,0,0,0,0,0,0,0,0,0,0,0,0,good
0.0,0.0,-0.08484233728158871,-0.33541296183353125,-0.20275393488053586,-0.5716923998758814,-0.29004290651515635,-0.7907377566633497,-0.30757251843054173,-1.0,-0.5033867257299992,-0.39549620689286213,-0.6313970832129597,-0.3111362201607122,-0.5606417787479001,-0.2781784525834858,-0.48090948972276615,-0.2870302485581913,-0.5325143645876802,-0.18984196278582052,-0.6062074278560652,-0.146868252388748,-0.5267223060379418,-0.13837982430798532,-0.4493407804491809,-0.1458603237783413,-0.5149087835307461,0.004627055714270429,-0.579848703709648,0.008097240501182337,-0.5078432253715534,0.01434810986635851,-0.429784397436309,0.00973560598765234,-0.48181748146245945,0.17276238778501804,-0.5346243807444976,0.16367690645095712,-0.46614579655249894,0.1509491862741951,-0.3986145796552499,0.13440974116992477,0,0,0,0,0,0,0,0,0,0,0,0,0,0,0,0,0,0,0,0,0,0,0,0,0,0,0,0,0,0,0,0,0,0,0,0,0,0,0,0,0,0,good
0.0,0.0,-0.08774449347571485,-0.33401673123777154,-0.20922591486280404,-0.5758636403258561,-0.3046606845256333,-0.795083764071078,-0.32304014685790877,-1.0,-0.5182430992059005,-0.39334375331737825,-0.6381330420801073,-0.3109118118948347,-0.573641266589049,-0.26169551149549786,-0.4997492817201777,-0.2601398498797329,-0.5473397970605979,-0.194534082582545,-0.6068197961284955,-0.14933229536253173,-0.5226205281740891,-0.1341808848240786,-0.4443083929778168,-0.13884139673815948,-0.526733645702706,-0.004329097733524011,-0.5798425523725026,0.006963581551622505,-0.5035866522938781,0.017051863730083862,-0.4255310610173207,0.012368480785313518,-0.49106152652478574,0.1620490199547585,-0.5313354696889798,0.16769082854408196,-0.46137298680988825,0.158222221838641,-0.3967280185660986,0.14055586098210796,0,0,0,0,0,0,0,0,0,0,0,0,0,0,0,0,0,0,0,0,0,0,0,0,0,0,0,0,0,0,0,0,0,0,0,0,0,0,0,0,0,0,good
0.0,0.0,-0.08304479151318697,-0.33644390267303087,-0.19973804229015116,-0.5712048684043709,-0.2889004629233041,-0.792808841115539,-0.3067470814587395,-1.0,-0.5107301578599306,-0.3691543511706717,-0.6229770662792411,-0.30045127312474945,-0.5504245034111039,-0.2742447942544057,-0.4728017567785198,-0.28189407931030935,-0.5365023248960907,-0.16271659910704803,-0.5932406258887545,-0.15405006493261741,-0.510298630075966,-0.15095205951185747,-0.4316057373706916,-0.1490687566174732,-0.5142618326417467,0.02913101654668124,-0.565930592343091,0.004913206163630196,-0.4933568278617466,0.00831445890056572,-0.4155152120503973,0.010027292258455804,-0.4791388975503785,0.19462823934950882,-0.5218076795241244,0.17382538779677975,-0.45543442319619243,0.15866644851134692,-0.39061188284031373,0.14749641071679442,0,0,0,0,0,0,0,0,0,0,0,0,0,0,0,0,0,0,0,0,0,0,0,0,0,0,0,0,0,0,0,0,0,0,0,0,0,0,0,0,0,0,good
0.0,0.0,-0.08878017582919988,-0.3341829276071193,-0.2107110093804968,-0.568587471752132,-0.296379050323692,-0.7949877933251341,-0.31075929670032365,-1.0,-0.5192295261549894,-0.374944189190404,-0.6335516822009429,-0.2904490849167622,-0.559207403028317,-0.25520405031299004,-0.48075142432610724,-0.26608325196263555,-0.5440465544557253,-0.169812120374124,-0.6021448045968844,-0.1397562603354342,-0.5194977176964037,-0.12953330391003148,-0.43988464125047033,-0.1317233564652997,-0.5207549859440235,0.021411659247342806,-0.5708969583697379,0.01535262799885446,-0.4981138835890321,0.022158657235799226,-0.41961274254425374,0.019784530677644897,-0.48470409247877905,0.18563905998971755,-0.5282461557428735,0.17678467237181922,-0.46015546975899574,0.16798293848032783,-0.39386207377771654,0.15557292605319226,0,0,0,0,0,0,0,0,0,0,0,0,0,0,0,0,0,0,0,0,0,0,0,0,0,0,0,0,0,0,0,0,0,0,0,0,0,0,0,0,0,0,good
0.0,0.0,-0.08823035940114117,-0.32846278939402673,-0.20487174340269845,-0.5642757025856818,-0.28865418906809065,-0.791005932141298,-0.30660365292963154,-1.0,-0.5046436574904827,-0.3721819294047872,-0.637794282201365,-0.2783103347066467,-0.5606285390492532,-0.24705896634291272,-0.47500007586967236,-0.2622125243920997,-0.5318832543493915,-0.16655777562259738,-0.6081600217117326,-0.11938548166620205,-0.5251436429668597,-0.11129300563993468,-0.44341054553762765,-0.12159957547666747,-0.5125520953686117,0.028647521207741136,-0.5773499980707426,0.036409205462442994,-0.5038580812256377,0.04603121408383902,-0.42312689701277256,0.039827242588291706,-0.47947096727762706,0.19531715040447206,-0.5326124702861847,0.1954567506016465,-0.4632012579625221,0.18654965106453822,-0.3936829610155611,0.16895915913858875,0,0,0,0,0,0,0,0,0,0,0,0,0,0,0,0,0,0,0,0,0,0,0,0,0,0,0,0,0,0,0,0,0,0,0,0,0,0,0,0,0,0,good
0.0,0.0,-0.08817482298519701,-0.3307408932306218,-0.2053598767599847,-0.556591541693841,-0.2929800418296402,-0.7874589791007492,-0.31625102281947,-1.0,-0.5145099808151071,-0.36880794174989057,-0.6477379471645628,-0.28796844266761695,-0.5659725045367341,-0.2688090662025849,-0.4774875920970005,-0.28632414684314234,-0.5420246895213119,-0.1595745416990307,-0.6256508851172631,-0.13379300382832895,-0.5382456635049363,-0.13116351445094704,-0.45389095230763643,-0.1347085678105522,-0.5204968264485114,0.03340965195594221,-0.5980829811489831,0.019117858211705033,-0.5240213369223556,0.023142533893599097,-0.4424507273479005,0.02463200123170818,-0.48559208489098865,0.19252143812309816,-0.552017614118974,0.1772881314883083,-0.48588509131420843,0.16713951344066955,-0.4182892663205659,0.1577650378248587,0,0,0,0,0,0,0,0,0,0,0,0,0,0,0,0,0,0,0,0,0,0,0,0,0,0,0,0,0,0,0,0,0,0,0,0,0,0,0,0,0,0,good
0.0,0.0,-0.07969871821202576,-0.33395797707093394,-0.19574257875245646,-0.5632750125930426,-0.2811640511331576,-0.7888636427510556,-0.30025380655789446,-1.0,-0.5003242843584682,-0.36728187012627633,-0.6350317906766085,-0.280700973069265,-0.55516357983989,-0.2639056375754772,-0.4704239693702614,-0.2819501164180847,-0.5265703470058826,-0.15470914935888982,-0.6056429802164922,-0.13362980130016408,-0.5206458879662398,-0.13501600883782972,-0.438918662997209,-0.13844304593812223,-0.5063079793409244,0.04047976789887517,-0.5778046813689989,0.022296495350843246,-0.5064100208190558,0.02436672669530458,-0.42727642214905404,0.02481423910999077,-0.4740006096545939,0.20199802402730907,-0.5339910540754977,0.18349997946199062,-0.4680411279042367,0.1702514500915563,-0.40034244428254245,0.15994526080029056,0,0,0,0,0,0,0,0,0,0,0,0,0,0,0,0,0,0,0,0,0,0,0,0,0,0,0,0,0,0,0,0,0,0,0,0,0,0,0,0,0,0,good
0.0,0.0,-0.09374751204867757,-0.33335341625571985,-0.21736765390009635,-0.5574779693927656,-0.30507479669268694,-0.7860230606459787,-0.3295136332201374,-1.0,-0.538991280712347,-0.37604009813663475,-0.6687230144696021,-0.2971624121712838,-0.5913270178280405,-0.27672000547403086,-0.5044478652355576,-0.29355824485012905,-0.564816699581142,-0.16411678104608213,-0.6514518446666285,-0.13813062707347207,-0.5653122456910297,-0.13556230819912563,-0.47844794011616826,-0.1409205753412985,-0.5413052637196125,0.03321729707677285,-0.6248573933198749,0.020253914125710773,-0.5502007790165594,0.02325516342693266,-0.46690406115422006,0.02173259101114215,-0.5008071183057703,0.19627499086585656,-0.5721362792685283,0.1786388856732305,-0.5057686042813635,0.16741927418310204,-0.4373374090189822,0.1571533146074427,0,0,0,0,0,0,0,0,0,0,0,0,0,0,0,0,0,0,0,0,0,0,0,0,0,0,0,0,0,0,0,0,0,0,0,0,0,0,0,0,0,0,good
0.0,0.0,-0.07665726825430498,-0.3264312326611649,-0.19351324187559082,-0.5618315988491236,-0.27841076897411765,-0.7919360386206783,-0.3043452382178303,-1.0,-0.5032753020844704,-0.3983432981218965,-0.6368136292769127,-0.3210438622325932,-0.5656738950000308,-0.2937305243819806,-0.48649367821181644,-0.30664678514570287,-0.5336427463684987,-0.1848651921662963,-0.6209106093590063,-0.1593502532216508,-0.5411042894244176,-0.1492152085397174,-0.460927250521581,-0.15295040809979754,-0.5194489468491977,0.014505409407611684,-0.599786012773328,-0.001606860772372375,-0.532254197877428,0.008911672086715285,-0.4535182259861639,0.010965455170808765,-0.48920219218483224,0.18158062210761972,-0.5574764747921399,0.1604566433868885,-0.4943766051616438,0.15439991926564692,-0.4279198752736627,0.14660328745342843,0,0,0,0,0,0,0,0,0,0,0,0,0,0,0,0,0,0,0,0,0,0,0,0,0,0,0,0,0,0,0,0,0,0,0,0,0,0,0,0,0,0,good
0.0,0.0,-0.07952766377793993,-0.32698560661880055,-0.19046376831040862,-0.5630132212624706,-0.2730150642909096,-0.7901508875938139,-0.2925557042519495,-1.0,-0.4832570535303072,-0.395692286077479,-0.6165634583895878,-0.34289840098536906,-0.5441391498311083,-0.324991426168557,-0.4664588556727192,-0.33229131846781584,-0.5151404588943487,-0.1947745605245409,-0.6107490391191666,-0.19171876412116945,-0.5352906400597031,-0.18986981589053595,-0.45719615781848577,-0.1839062178727979,-0.5046332235277774,-0.008559623943267874,-0.5938744759504522,-0.03897393436845493,-0.530937619999108,-0.03789574299895851,-0.4553541160113392,-0.030462852715980634,-0.47964696731051637,0.14715299464495654,-0.5557962060450543,0.11593438187312466,-0.49859010297674744,0.10364923577464222,-0.4351354625902719,0.1025651246135856,0,0,0,0,0,0,0,0,0,0,0,0,0,0,0,0,0,0,0,0,0,0,0,0,0,0,0,0,0,0,0,0,0,0,0,0,0,0,0,0,0,0,good
0.0,0.0,-0.06831954830000271,-0.31989885423314257,-0.17228386271853852,-0.5626727261561137,-0.2518776012630633,-0.7926923747398021,-0.26822662663456875,-1.0,-0.4614912935527393,-0.40992377448110157,-0.594992758137035,-0.37301754716556496,-0.5243536012676407,-0.35395144041932236,-0.4469026683699762,-0.3558491632663415,-0.49882989651593346,-0.2168145491830637,-0.5892976823368349,-0.2237844369942664,-0.514007864773801,-0.21815382655309065,-0.43962075296302244,-0.20893070279066342,-0.49251801310897353,-0.03556847575282379,-0.5805874205578886,-0.07510138035973196,-0.5163379632684776,-0.06997047181395222,-0.4430246383550577,-0.05834725314631004,-0.4723193758837762,0.11722586868978545,-0.5529247246776064,0.07680990309979199,-0.49211691651125683,0.06781526898266416,-0.4281558368042271,0.07076236581001487,0,0,0,0,0,0,0,0,0,0,0,0,0,0,0,0,0,0,0,0,0,0,0,0,0,0,0,0,0,0,0,0,0,0,0,0,0,0,0,0,0,0,good
0.0,0.0,-0.060518243540641316,-0.3220325227190195,-0.15336442311394577,-0.5676319749107434,-0.2256428782281694,-0.7913813813133658,-0.24257427611318855,-1.0,-0.44043019106097087,-0.41194374546544454,-0.5677822145013669,-0.385318119121121,-0.5083481119262301,-0.36096005363326894,-0.43437700775583576,-0.35663481436350886,-0.4790768720872205,-0.21910745603604542,-0.5698185649325695,-0.23174192613194963,-0.5008810532776767,-0.2248939451935033,-0.4271232289281424,-0.21200165188052403,-0.47522254711219125,-0.03712125844908954,-0.5666335233599914,-0.08016037132583041,-0.5053629494070065,-0.07396657433349112,-0.4329425594031487,-0.060172465990362016,-0.45696824810822684,0.11695434905866214,-0.5388033378858195,0.07418249655921139,-0.4807402659467246,0.06410549688158478,-0.41830854380088045,0.06922043771813996,0,0,0,0,0,0,0,0,0,0,0,0,0,0,0,0,0,0,0,0,0,0,0,0,0,0,0,0,0,0,0,0,0,0,0,0,0,0,0,0,0,0,good
0.0,0.0,-0.06472725157598294,-0.318814068875311,-0.15959197263809496,-0.5639582293211314,-0.2318823017497913,-0.7900280278317078,-0.2444720816024895,-1.0,-0.4358296137513484,-0.4157966306198748,-0.5618903517815402,-0.3859294841081784,-0.49856710180586933,-0.3594792199933109,-0.4253209479425066,-0.3558964152190716,-0.4744440388564108,-0.22409476293048,-0.5698413893929739,-0.2347324380484993,-0.5003764014381928,-0.22789419894354054,-0.42637166537968074,-0.21770134494069113,-0.4714016936013993,-0.04374869732290769,-0.5674077369045297,-0.08474830321065394,-0.5063958415750769,-0.07846599728483876,-0.43371456951345966,-0.06656768495777556,-0.45354564934747765,0.10840286848097504,-0.5382359729408567,0.06986487952730393,-0.48168067809679205,0.06202514040948151,-0.419908522705452,0.0665613463500992,0,0,0,0,0,0,0,0,0,0,0,0,0,0,0,0,0,0,0,0,0,0,0,0,0,0,0,0,0,0,0,0,0,0,0,0,0,0,0,0,0,0,good
0.0,0.0,-0.06172167305335677,-0.3193510374675763,-0.15622960226336816,-0.5691617899143997,-0.22712946487561791,-0.7961831909074288,-0.240713656052754,-1.0,-0.43442658262904765,-0.43762686645512455,-0.5693433444776098,-0.41196920631875045,-0.5097641238770497,-0.3836828967636949,-0.4344589836926714,-0.37575459180995235,-0.47648406827030815,-0.2539045091781896,-0.5733777294275872,-0.2627172364607902,-0.50528137337067,-0.25124038149989775,-0.4325949269708988,-0.24079130999853382,-0.4771272022315101,-0.07560598134495186,-0.5714675147660154,-0.11654318663555682,-0.5114918789177683,-0.1055442021102324,-0.43994381402151506,-0.09133552115934264,-0.4619211477579007,0.0776083308745934,-0.5463838421869088,0.03568968107578772,-0.49106038363583376,0.031139775292288365,-0.43017244968332036,0.037427391750580595,0,0,0,0,0,0,0,0,0,0,0,0,0,0,0,0,0,0,0,0,0,0,0,0,0,0,0,0,0,0,0,0,0,0,0,0,0,0,0,0,0,0,good
0.0,0.0,-0.055851968362458475,-0.31518932828334323,-0.1413300858246388,-0.5621742004162534,-0.2042754031875686,-0.7921296160957026,-0.21029318130125182,-1.0,-0.4266645680497337,-0.4591750082530547,-0.567410344731699,-0.4311406470252283,-0.5032320602120055,-0.39272383603408456,-0.4242325015632676,-0.38263835363858106,-0.4761094565390218,-0.27993292031221145,-0.5776444890628308,-0.28330793840476115,-0.5080334485790129,-0.2625287787404163,-0.4319575746642985,-0.25273349014731433,-0.48273525127432154,-0.10071507460547546,-0.5815416064472935,-0.13682495181855972,-0.5227324420271927,-0.1172939107072957,-0.4483743799513872,-0.10192504729018168,-0.47182339389851485,0.0547411036348378,-0.5610751003022436,0.023129943365863083,-0.509274080559796,0.026099617044001794,-0.4478601237352149,0.031681391447197206,0,0,0,0,0,0,0,0,0,0,0,0,0,0,0,0,0,0,0,0,0,0,0,0,0,0,0,0,0,0,0,0,0,0,0,0,0,0,0,0,0,0,good
0.0,0.0,-0.04695417651054045,-0.321065425824568,-0.1265481301544861,-0.5622799557171069,-0.1858110406233159,-0.7909705757022825,-0.18600048709772582,-1.0,-0.3975845310168817,-0.45950233556662823,-0.540178336980692,-0.46070245695335527,-0.47093133296654144,-0.4238976770513881,-0.39037076172990887,-0.4043697106984918,-0.45340145417351463,-0.28278666423705234,-0.5662105735452361,-0.30661744465431395,-0.49634465230492036,-0.2898291386653029,-0.42031969400957914,-0.272577702132339,-0.4669007931374909,-0.10887797285575669,-0.5773539032846671,-0.15928271863973553,-0.5213119353393629,-0.14687864464176642,-0.44913652940403137,-0.12753677640698813,-0.46261560200097773,0.03850750719103571,-0.5598060491052311,-0.00037572082180646995,-0.5156103894913776,-0.004005339042222068,-0.458194890549282,0.0028401110526421526,0,0,0,0,0,0,0,0,0,0,0,0,0,0,0,0,0,0,0,0,0,0,0,0,0,0,0,0,0,0,0,0,0,0,0,0,0,0,0,0,0,0,good
0.0,0.0,-0.03831796237993633,-0.3186558701487901,-0.12000771825781693,-0.5744710144829241,-0.18192876414279183,-0.8010364711419902,-0.18519613734429535,-1.0,-0.3843002293773984,-0.4946619904966407,-0.5295847333131672,-0.4922261273200554,-0.4626675058632987,-0.45180429536646805,-0.3809012795487871,-0.4320644101501194,-0.44281418667332234,-0.3234651993385901,-0.5568560239713625,-0.3449355884934205,-0.49002560996618344,-0.3210201800565101,-0.4150911948107263,-0.30088793876396647,-0.46310072529920115,-0.1509865534112936,-0.5686136503290093,-0.19991237267926637,-0.5130179473232295,-0.17857762953176354,-0.44263767730628734,-0.15503151734980256,-0.4651104904552687,6.443185348060872e-06,-0.5569686101574444,-0.04312186572944319,-0.5094207847664108,-0.03702695150519592,-0.45157522317159354,-0.02354916421712585,0,0,0,0,0,0,0,0,0,0,0,0,0,0,0,0,0,0,0,0,0,0,0,0,0,0,0,0,0,0,0,0,0,0,0,0,0,0,0,0,0,0,good
0.0,0.0,-0.02182452743580914,-0.33597777239569776,-0.0901703798964718,-0.6018458835601278,-0.16155216561733482,-0.8198520916388307,-0.19406100985349198,-1.0,-0.3750228902487714,-0.5289664587925138,-0.5287866378628865,-0.5324735750103462,-0.4614585544899114,-0.486828247209822,-0.3779278235273882,-0.4617155159922484,-0.43929123797762437,-0.35635261303265653,-0.5618469329499006,-0.3825084793820971,-0.4961570443068346,-0.35395917039831293,-0.4198636279767313,-0.33023288460917005,-0.46648676465835937,-0.18070352897271344,-0.5762114110365921,-0.23299267546787322,-0.5233339808045067,-0.2090943870503912,-0.4532533341580193,-0.18203646247232755,-0.4751763721900591,-0.027874502712603066,-0.575334371372091,-0.07797139752656745,-0.5305839784590163,-0.06972048356714687,-0.4727893579367746,-0.0537294513324644,0,0,0,0,0,0,0,0,0,0,0,0,0,0,0,0,0,0,0,0,0,0,0,0,0,0,0,0,0,0,0,0,0,0,0,0,0,0,0,0,0,0,good
0.0,0.0,-0.018916611947789222,-0.34015364427723777,-0.092002274804709,-0.6076784858269608,-0.1677680782437157,-0.82251951151488,-0.20278118439669668,-1.0,-0.38605278827118006,-0.524574256652696,-0.5463041281656205,-0.5307114462278442,-0.47981990074282854,-0.4891807854266191,-0.3953440360761237,-0.46618795415642483,-0.44920710676001757,-0.34838908445441086,-0.5795803569136232,-0.37509939961052585,-0.5117135912547335,-0.349895773287645,-0.4340770880248836,-0.32779907720584484,-0.47581929722321187,-0.1703729547244226,-0.5945974794966872,-0.22176672982051623,-0.538041782830711,-0.203253871089476,-0.4655875998524261,-0.1793388787266721,-0.4824407796376139,-0.015484709605422673,-0.5888605261242048,-0.067593845366035,-0.5409653007873539,-0.06429840317009582,-0.4804538425313217,-0.052420039805565394,0,0,0,0,0,0,0,0,0,0,0,0,0,0,0,0,0,0,0,0,0,0,0,0,0,0,0,0,0,0,0,0,0,0,0,0,0,0,0,0,0,0,good
0.0,0.0,-0.018276232655015105,-0.3427231287247709,-0.09589588764511174,-0.6041484600024023,-0.17255796455921996,-0.8251649475348661,-0.2135605172788509,-1.0,-0.37799395054409524,-0.5317321683886165,-0.541375580191572,-0.5439082218565919,-0.4735018403040861,-0.4990441831490916,-0.38788252487818486,-0.47386782287570717,-0.44308125623253525,-0.35664244277691654,-0.5718248722319266,-0.38750932128373583,-0.503654894285987,-0.3578936170737386,-0.42668160890024526,-0.33396068170682436,-0.47258529877246136,-0.1774325072130973,-0.586019465764074,-0.23574843083651498,-0.5329391359359309,-0.2127397863915774,-0.46323653992538744,-0.18524635840296336,-0.48262410560587377,-0.021567257839477015,-0.5818860466238548,-0.07948866704497781,-0.5353867104295874,-0.07137857779665811,-0.47592792785176685,-0.054625804835830925,0,0,0,0,0,0,0,0,0,0,0,0,0,0,0,0,0,0,0,0,0,0,0,0,0,0,0,0,0,0,0,0,0,0,0,0,0,0,0,0,0,0,good
0.0,0.0,-0.014344245067020147,-0.3482185644264964,-0.09719007210655965,-0.6080137627405537,-0.18410625558734758,-0.8260888146555952,-0.2363507579175693,-1.0,-0.389267878811657,-0.5121975826226834,-0.5477103434940154,-0.532401361421169,-0.4692653846477204,-0.48883546364826125,-0.37844996819240373,-0.4551008454935502,-0.457755448627229,-0.3277212309399635,-0.5787668881521608,-0.37576611468109733,-0.505402912566943,-0.34640819374889653,-0.4299810765820426,-0.31542416200295376,-0.48804745497193364,-0.13942271314592541,-0.5948775407543585,-0.21951410043353614,-0.5358308368340372,-0.1949830172657798,-0.46539137355569693,-0.1591185512550689,-0.4971099926296054,0.025329075505908925,-0.6002128446640305,-0.051339141839459916,-0.5498477228843744,-0.04475482928989191,-0.4912902183934782,-0.020911042420403942,0,0,0,0,0,0,0,0,0,0,0,0,0,0,0,0,0,0,0,0,0,0,0,0,0,0,0,0,0,0,0,0,0,0,0,0,0,0,0,0,0,0,good
0.0,0.0,-0.01150714371942687,-0.34667519072872227,-0.09246147594361197,-0.5998789401825079,-0.18181858370215204,-0.8195440193559685,-0.23804865856540716,-1.0,-0.377021078350526,-0.5113454472497148,-0.5369632008759834,-0.5443342475163184,-0.46222474619095144,-0.5098872885491355,-0.37813646093865566,-0.48068738852550164,-0.44358901552184093,-0.33262341045229105,-0.5708613099964465,-0.38748731167292083,-0.5001438435471887,-0.36839250585320815,-0.429156542926077,-0.33966018237185425,-0.47381197301998335,-0.14965543859529806,-0.5852443044926454,-0.23779344678723907,-0.5280848574911713,-0.2205376620152719,-0.46265593677685035,-0.18572582331727705,-0.4843972258258677,0.009110091321949404,-0.5870933571825708,-0.07812642929647583,-0.5384912410161543,-0.0759578943072981,-0.4833015664664306,-0.04913328311844649,0,0,0,0,0,0,0,0,0,0,0,0,0,0,0,0,0,0,0,0,0,0,0,0,0,0,0,0,0,0,0,0,0,0,0,0,0,0,0,0,0,0,good
0.0,0.0,-0.015905727615355532,-0.3418530449822846,-0.09385700037124542,-0.6026500421714264,-0.1779548654534754,-0.8222018445935889,-0.22980895402886817,-1.0,-0.3734497937620505,-0.5167739628651934,-0.5413454481376996,-0.5502065801111683,-0.4694302494871852,-0.5147538403370977,-0.38800192979184595,-0.4880614659232634,-0.4376968071183315,-0.3353410239872442,-0.5679456099801717,-0.38835007929596815,-0.49875607123121746,-0.36826518898444704,-0.42956225546132804,-0.3416600657976901,-0.467145635984459,-0.1523539867822945,-0.5786911973776729,-0.23617264793787712,-0.5245603650180747,-0.21763432839651065,-0.46021036099767504,-0.18474198443506543,-0.4791228343304495,0.006507915054942611,-0.5845134204362904,-0.0765583325777263,-0.5368913585358218,-0.07444377342738218,-0.48140984296489936,-0.04953406133932344,0,0,0,0,0,0,0,0,0,0,0,0,0,0,0,0,0,0,0,0,0,0,0,0,0,0,0,0,0,0,0,0,0,0,0,0,0,0,0,0,0,0,good
0.0,0.0,-0.01523332299270574,-0.34079631525919746,-0.10693387122898816,-0.6068391584010279,-0.18979489868472707,-0.8303600597377141,-0.23820619394441866,-1.0,-0.38172907189664496,-0.5195098130725665,-0.5514007546827944,-0.5513521972003437,-0.4792016120397849,-0.5143888002767262,-0.39559643687595913,-0.483880631638477,-0.44655245306224417,-0.33374329803793457,-0.5782545867089077,-0.3904502016422381,-0.508509570113573,-0.369203300398892,-0.43642178367590095,-0.3397064314128134,-0.4773104439423597,-0.14700975130333088,-0.5895039655849272,-0.23801676828849802,-0.5332503795376367,-0.21990293994108587,-0.4656494417433749,-0.18228581860709,-0.48854746897125395,0.017032523561531766,-0.5911902657175252,-0.07644217438690602,-0.5411556406293324,-0.0727339612748072,-0.4843933162941753,-0.04275220378906218,0,0,0,0,0,0,0,0,0,0,0,0,0,0,0,0,0,0,0,0,0,0,0,0,0,0,0,0,0,0,0,0,0,0,0,0,0,0,0,0,0,0,good
0.0,0.0,-0.011870704491833547,-0.3351175203432183,-0.10184783534212208,-0.6052691566841811,-0.18714889217708808,-0.8320220391289743,-0.23547581039322735,-1.0,-0.37319254268606245,-0.5085000023465853,-0.5438018637250768,-0.5581802298178581,-0.45966119331236605,-0.5193576524492651,-0.37666632697051144,-0.4891691680148358,-0.4377233027316264,-0.3218308192465584,-0.5697854349462866,-0.39503791076137307,-0.49404671313799464,-0.3682308557191982,-0.4228883581881412,-0.33363179663285125,-0.46786736965892045,-0.1393539783671655,-0.5792907814732399,-0.23934398861839093,-0.5189924232113489,-0.21823645400122962,-0.44962602135124424,-0.17776322149954846,-0.47943955498015794,0.018939625042489954,-0.582909215979039,-0.08218780861786797,-0.5303272681925728,-0.07486612730962657,-0.4693673404942177,-0.04098445286682324,0,0,0,0,0,0,0,0,0,0,0,0,0,0,0,0,0,0,0,0,0,0,0,0,0,0,0,0,0,0,0,0,0,0,0,0,0,0,0,0,0,0,good
0.0,0.0,-0.008573128046747685,-0.33166054613905727,-0.09037450948526544,-0.6065302614429885,-0.1819412210950402,-0.8293156464324186,-0.24023611511687884,-1.0,-0.36881697706102906,-0.5005093837741034,-0.5323620890002011,-0.5533683885294225,-0.4570278902069203,-0.5218453695858704,-0.37924778212506177,-0.49093386811135525,-0.43028524206649227,-0.314324475537053,-0.5594740885531253,-0.39217411803700325,-0.4881624478170689,-0.376393819819461,-0.42138226714962845,-0.3409508582763301,-0.4586511093710556,-0.1343703650412421,-0.5698360015493489,-0.23972737369305805,-0.5128441150757684,-0.22589339683179993,-0.44856074995680195,-0.18463877110682736,-0.471418945350765,0.019995079596835268,-0.5779615720366936,-0.086580788716218,-0.5281948415418205,-0.08556619644484813,-0.47238905486506466,-0.051839594856829756,0,0,0,0,0,0,0,0,0,0,0,0,0,0,0,0,0,0,0,0,0,0,0,0,0,0,0,0,0,0,0,0,0,0,0,0,0,0,0,0,0,0,good
0.0,0.0,-0.017757720594581108,-0.3336931910012569,-0.10041880528300347,-0.6071113733329777,-0.19246464319955311,-0.8268207987271081,-0.24911617806050315,-1.0,-0.37560023788265606,-0.49587863590929704,-0.5366946550152286,-0.5479319429646519,-0.4587212395004464,-0.5211604154473088,-0.384480981156116,-0.4930409908220603,-0.43557601025594356,-0.30825637975863385,-0.5628261275496674,-0.3898978328513437,-0.48912863708615717,-0.37596537834483257,-0.4232492636778604,-0.33712899485162934,-0.4611099516859698,-0.1315255716009534,-0.5736136980239734,-0.24188931552247098,-0.5136427900057902,-0.22770830816160328,-0.45110805301833234,-0.1843885584091362,-0.47136573830711026,0.017641289901441887,-0.5741749818371257,-0.09674825707018322,-0.5236872125519192,-0.0953146845465715,-0.4726135238486778,-0.06021914704317821,0,0,0,0,0,0,0,0,0,0,0,0,0,0,0,0,0,0,0,0,0,0,0,0,0,0,0,0,0,0,0,0,0,0,0,0,0,0,0,0,0,0,good
0.0,0.0,-0.007736101034214227,-0.33451796470997697,-0.08537738194354495,-0.6058363416235362,-0.17255989635372743,-0.8374769568506836,-0.22577171788123052,-1.0,-0.35915992301901756,-0.5233044184892435,-0.5320083238775005,-0.5974279079179761,-0.4528629242575918,-0.5610164859264589,-0.3734632226428216,-0.5219664036345867,-0.43125153000811045,-0.3437900117903652,-0.5638120660754489,-0.4375894451054467,-0.48993527808382337,-0.4126649993998726,-0.4225333735740641,-0.3737368427219751,-0.4691270094370425,-0.16455175868989186,-0.5809093623987107,-0.2807630199929505,-0.5211981139215933,-0.25984945195228243,-0.45497524593346406,-0.21409409427161796,-0.4883038500308614,-0.00830044244746827,-0.5896325858712599,-0.12304637955348623,-0.5374704330386112,-0.1119524154414198,-0.47971331962910546,-0.07254194003603298,0,0,0,0,0,0,0,0,0,0,0,0,0,0,0,0,0,0,0,0,0,0,0,0,0,0,0,0,0,0,0,0,0,0,0,0,0,0,0,0,0,0,good
0.0,0.0,-0.011565606720071193,-0.33840273810263016,-0.08939865148008626,-0.6168668894334113,-0.1794329027251535,-0.8367176342583593,-0.2360287402175517,-1.0,-0.3669967708286854,-0.5259692584388584,-0.5346350387397588,-0.5853474440433506,-0.46053009706859643,-0.550337660424975,-0.3843696750578109,-0.5150570370442021,-0.4348232536529825,-0.3408646340995374,-0.5628600990936541,-0.4231609184463408,-0.49149584987988504,-0.4015302446575453,-0.4230546731248013,-0.36331562785992594,-0.46897324583669675,-0.1601464906125004,-0.579979169052376,-0.26913640495162483,-0.5218895004972156,-0.25143353177234357,-0.4555829030215795,-0.206213900382764,-0.48268232461643257,-0.003433549245876636,-0.5793980180645129,-0.1121591763975004,-0.5293110716361811,-0.1064628046206262,-0.4761962115508166,-0.07284996756475426,0,0,0,0,0,0,0,0,0,0,0,0,0,0,0,0,0,0,0,0,0,0,0,0,0,0,0,0,0,0,0,0,0,0,0,0,0,0,0,0,0,0,good
0.0,0.0,-0.0035201976606030008,-0.33486286423139194,-0.07792303524078904,-0.606832432874795,-0.16314551624601306,-0.8301925848991945,-0.21415438383453025,-1.0,-0.357992969834313,-0.5180316859911478,-0.5233399635403801,-0.572026704159279,-0.4409908062666739,-0.5420270983010683,-0.36415812968588707,-0.510707568755929,-0.42607765435690653,-0.33466067851960346,-0.5513735239615642,-0.4221490235061951,-0.4738351530548847,-0.40472795641694426,-0.40863988889413744,-0.3647995879262636,-0.4619591494600709,-0.15497745418703443,-0.5656219000823486,-0.2729910277081678,-0.5019362591491291,-0.25415917371032143,-0.439726844696401,-0.2074347176335125,-0.4790322585497929,0.0019213660051804072,-0.5733433182586635,-0.12258772437875282,-0.5179334514154053,-0.11333923242240446,-0.4659223805441985,-0.0715668219264387,0,0,0,0,0,0,0,0,0,0,0,0,0,0,0,0,0,0,0,0,0,0,0,0,0,0,0,0,0,0,0,0,0,0,0,0,0,0,0,0,0,0,good
0.0,0.0,-0.004851476602936222,-0.33068527629054845,-0.0705002380494976,-0.6075958671266173,-0.16122911498486786,-0.8305507992059449,-0.22373645832463268,-1.0,-0.34569631566198644,-0.5060266893857767,-0.5068952220263998,-0.5636045983924002,-0.4260438679284682,-0.5323538501374006,-0.3532848046462807,-0.5000838045599704,-0.41556175505124326,-0.32464048957454567,-0.5363264925425079,-0.4163120982044664,-0.46212228783664516,-0.39855638988888237,-0.40268787116928245,-0.3582115939850043,-0.45048890633657135,-0.14808850429741988,-0.5531844340686418,-0.2687060965729225,-0.49229053732365546,-0.24988375945585503,-0.4346029306538148,-0.20503941041682328,-0.46650253780253864,0.00354902566758267,-0.5622147234310311,-0.1168870364647283,-0.5077187897619226,-0.10661165078277914,-0.4585317775197748,-0.06713413462743166,0,0,0,0,0,0,0,0,0,0,0,0,0,0,0,0,0,0,0,0,0,0,0,0,0,0,0,0,0,0,0,0,0,0,0,0,0,0,0,0,0,0,good
0.0,0.0,-0.018605110189936717,-0.33580743530289864,-0.08685090214479994,-0.6104802118131852,-0.18245913296055521,-0.8346912311573982,-0.2521610192228717,-1.0,-0.35606076335474424,-0.510794107995279,-0.5279955702375402,-0.5554668117008503,-0.45144289508220325,-0.5255184572087589,-0.37896054281038605,-0.49826198965579815,-0.4243924379090378,-0.32638569619239427,-0.5528417972410249,-0.4071881443722899,-0.48227542239543153,-0.39117029804902237,-0.420610232945428,-0.35746387200823176,-0.45811018912777524,-0.14882874740026494,-0.5683021481975036,-0.2628412013209472,-0.5101334726150456,-0.2463331365808371,-0.4500354720752121,-0.20415574708289033,-0.47313290285073606,0.0012614091056048576,-0.571719655466515,-0.11656870837154458,-0.5192511846270956,-0.10834231482862175,-0.46971202499304987,-0.07238838025956769,0,0,0,0,0,0,0,0,0,0,0,0,0,0,0,0,0,0,0,0,0,0,0,0,0,0,0,0,0,0,0,0,0,0,0,0,0,0,0,0,0,0,good
0.0,0.0,-0.023320480654958405,-0.33784233460979796,-0.0969811171266341,-0.6123367225670144,-0.20087204542453452,-0.8297440908490691,-0.2772885250231084,-1.0,-0.36994546414895024,-0.49641436682952594,-0.5415505083850521,-0.5417866103261587,-0.46136999867951933,-0.5179202429684405,-0.38678027201901494,-0.49212729433513797,-0.4357006470355209,-0.3074821074871253,-0.5649202429684406,-0.39299854747127955,-0.49172573616796517,-0.38059580087151723,-0.4290017166248514,-0.3462102205202694,-0.46763686781988645,-0.12702839033408161,-0.5789102073154628,-0.2485205334741846,-0.5181517232272547,-0.232317707645583,-0.4578152647563713,-0.18966776706721247,-0.48092222368942295,0.02635019146969497,-0.5840530833223293,-0.10202271226726528,-0.5293630001320481,-0.09384814472467978,-0.47936603723755444,-0.054465337382807344,0,0,0,0,0,0,0,0,0,0,0,0,0,0,0,0,0,0,0,0,0,0,0,0,0,0,0,0,0,0,0,0,0,0,0,0,0,0,0,0,0,0,good
0.0,0.0,-0.030264574849201274,-0.34108857375918,-0.1163335001505476,-0.6108456602497416,-0.2279545642451899,-0.82994174104113,-0.3047438849213637,-1.0,-0.3951731529200439,-0.48918414019033646,-0.5699598170556908,-0.5295035947263781,-0.4871197449679884,-0.5090968612177794,-0.4099950727535117,-0.48366294543222615,-0.4568413903128737,-0.2930171413058568,-0.5892391821440502,-0.3767965582938591,-0.5131862439932281,-0.36801740531148414,-0.4475579221907161,-0.3338865002461048,-0.4841677757049401,-0.10674095226958555,-0.5963947649100719,-0.22595662117098472,-0.5350866054362493,-0.21309967590411624,-0.4728311165016911,-0.1704616080441098,-0.493636176549449,0.0500590728689015,-0.5974049405884312,-0.07603671146348494,-0.5426840434741286,-0.07165782398062276,-0.49174254789384036,-0.03411673890976751,0,0,0,0,0,0,0,0,0,0,0,0,0,0,0,0,0,0,0,0,0,0,0,0,0,0,0,0,0,0,0,0,0,0,0,0,0,0,0,0,0,0,good
0.0,0.0,-0.03990194448418391,-0.33859853303380516,-0.12842514438313826,-0.6056735065802108,-0.2374136955510274,-0.8287498050618196,-0.3110563780550518,-1.0,-0.40616236642706993,-0.49028299223984934,-0.5806091608700752,-0.5329587942574112,-0.4952201802582077,-0.5120719898645034,-0.41715339991519385,-0.4843465607749582,-0.46712820294707863,-0.2922023438980161,-0.6041292095369558,-0.3779380244803689,-0.5269509606424647,-0.36868641954305204,-0.4579711994143477,-0.33212155893835055,-0.4928448343637669,-0.10541406158371,-0.6048165518947991,-0.2237088648218104,-0.5422064037675589,-0.21097041192854113,-0.4773766025207279,-0.1688717558098022,-0.5017133938318338,0.04915174503503732,-0.6009117307030534,-0.07368830770460132,-0.5455927216205453,-0.07096883953462295,-0.4939268218181256,-0.038161484855397755,0,0,0,0,0,0,0,0,0,0,0,0,0,0,0,0,0,0,0,0,0,0,0,0,0,0,0,0,0,0,0,0,0,0,0,0,0,0,0,0,0,0,good
0.0,0.0,-0.03036345877697346,-0.3490179205563451,-0.12096051313622323,-0.6232548417390057,-0.23869053022703238,-0.8396017009945015,-0.32627959200747203,-1.0,-0.4038277716366821,-0.49783332481462916,-0.5873769841905565,-0.5339190641733055,-0.4997674520911893,-0.5132727767898624,-0.41995914582063476,-0.4867185773611496,-0.46399347187543466,-0.29387774718672977,-0.6069068127509998,-0.37563162376926973,-0.528043446916903,-0.36840115111850585,-0.4580818726298613,-0.33298978798089673,-0.48974386163793576,-0.10060106450744218,-0.608599364835247,-0.2183781251883333,-0.5439919868237262,-0.2067339466291742,-0.47765327755235,-0.16442853608230645,-0.4970857131668397,0.062102624701749994,-0.6041587042211832,-0.06379034528215093,-0.5465033516650761,-0.06088228854605555,-0.4921383803731091,-0.024624649366322842,0,0,0,0,0,0,0,0,0,0,0,0,0,0,0,0,0,0,0,0,0,0,0,0,0,0,0,0,0,0,0,0,0,0,0,0,0,0,0,0,0,0,good
0.0,0.0,-0.030896227118276855,-0.3485542736236182,-0.11708997254044148,-0.6492652605279033,-0.24184039665794413,-0.8653872910842402,-0.3524628878550835,-1.0,-0.4215354047427617,-0.48791724764387445,-0.6027144514001592,-0.5283622057886698,-0.506631339277107,-0.502764838646521,-0.4127993792529768,-0.4669342391774257,-0.48185114991249317,-0.28175912113511437,-0.6194868451521407,-0.35956493047653215,-0.5344695475185524,-0.3511176129762564,-0.4578805603618341,-0.31721678541294185,-0.5075429310271147,-0.0844965300380538,-0.6243981109254855,-0.1939846870474962,-0.5531251273346339,-0.180066825215885,-0.48010610639759016,-0.1402892247817795,-0.5136168551798984,0.08541234557104055,-0.6159546445214553,-0.023299380743723706,-0.5524699440572367,-0.015311461756875077,-0.4931872865126162,0.018126240425677818,0,0,0,0,0,0,0,0,0,0,0,0,0,0,0,0,0,0,0,0,0,0,0,0,0,0,0,0,0,0,0,0,0,0,0,0,0,0,0,0,0,0,good
0.0,0.0,-0.034411443366659314,-0.3602953881488531,-0.11822485816260123,-0.6621960829992559,-0.24767611894887714,-0.8832603957503276,-0.37087425776574406,-1.0,-0.4327566153127117,-0.4876847897771225,-0.6197927604384037,-0.5414262835810327,-0.5186726092933975,-0.5239531630277624,-0.4255834865671036,-0.487458352595799,-0.4958672193634964,-0.2774897033914587,-0.6404970211548393,-0.3676907249928891,-0.5503531525879691,-0.36307449976595046,-0.47283563391415157,-0.3242089862936632,-0.5215764184404448,-0.07832938175882966,-0.6411584497197085,-0.1964324423340381,-0.5682901431194151,-0.18680849963496973,-0.495130392292146,-0.1438224094511061,-0.5268841591362811,0.09304949017801539,-0.6289469124432426,-0.02726042668304812,-0.5664616085063049,-0.023979141679835225,-0.5067283500559326,0.012891211313255903,0,0,0,0,0,0,0,0,0,0,0,0,0,0,0,0,0,0,0,0,0,0,0,0,0,0,0,0,0,0,0,0,0,0,0,0,0,0,0,0,0,0,good
0.0,0.0,-0.0330738657493492,-0.3621904053551506,-0.11495142246188174,-0.6657602733358126,-0.2402456768315359,-0.8859169300855336,-0.3618532679434734,-1.0,-0.43675309129788026,-0.48830327259204165,-0.6215305410933433,-0.5497640851617702,-0.5243412978802529,-0.5363706303458535,-0.4332708488285608,-0.49890456489401264,-0.49644570472294536,-0.2831596318333953,-0.6383226803644477,-0.3735092041651171,-0.5499572331721829,-0.3730364447750093,-0.47319252045370025,-0.3336830606173299,-0.5187811454072145,-0.08864517478616586,-0.6370492050948308,-0.20477407958348828,-0.5653915256600966,-0.19986286723689103,-0.4935145500185943,-0.15656168650055782,-0.5220481591669766,0.08059199516548902,-0.6296574005206397,-0.03979058200074377,-0.567589949795463,-0.04186756229081443,-0.5069478663071774,-0.004730150613611008,0,0,0,0,0,0,0,0,0,0,0,0,0,0,0,0,0,0,0,0,0,0,0,0,0,0,0,0,0,0,0,0,0,0,0,0,0,0,0,0,0,0,good
0.0,0.0,-0.033250876822985054,-0.3585244686445171,-0.11565015662284904,-0.6612545381419345,-0.2451894564526869,-0.8866770514620395,-0.3730943466055786,-1.0,-0.43670114645642016,-0.46183652327218855,-0.6150665773669051,-0.5202218075101847,-0.5187144970436508,-0.5026030564559613,-0.42870714467746207,-0.45313625918588,-0.49608965276711137,-0.2567849974677098,-0.622749186080353,-0.35955052549060834,-0.5378205242820887,-0.36119527544229985,-0.4684916748940068,-0.31984300877867783,-0.5182539239726991,-0.06455950537295756,-0.6204056058937842,-0.19582218432703014,-0.5500495148364631,-0.19244866969134064,-0.4834506056923643,-0.1469085917558282,-0.5197446469151621,0.10042819508565518,-0.6041376609393752,-0.030481191147949296,-0.5416904798167531,-0.036922105202386105,-0.48567936574478093,-0.0024239327382361603,0,0,0,0,0,0,0,0,0,0,0,0,0,0,0,0,0,0,0,0,0,0,0,0,0,0,0,0,0,0,0,0,0,0,0,0,0,0,0,0,0,0,good
0.0,0.0,-0.04435124040692486,-0.35691359385319416,-0.127304455891388,-0.655386844276149,-0.2609557009863873,-0.8760582094352022,-0.38069888909085076,-1.0,-0.44015858028656474,-0.4603767237926358,-0.6207896773535573,-0.5156520001217254,-0.5222488199623144,-0.500437553614711,-0.4322570158678983,-0.46389442456353613,-0.49945686190166394,-0.2433885813311006,-0.6291101870212715,-0.3486257773362032,-0.5446841348158615,-0.34919636534410875,-0.4714370839847975,-0.31070953595465234,-0.5178873686002643,-0.04876440451996174,-0.6241132753931197,-0.18327245690467006,-0.5578037522689869,-0.18002658220456288,-0.48890355397166263,-0.13637382376623453,-0.5174851811611785,0.11070332631218792,-0.6116252114773932,-0.025316835697795206,-0.5534716013722076,-0.025516901330837415,-0.4979643887285531,0.011952328040195715,0,0,0,0,0,0,0,0,0,0,0,0,0,0,0,0,0,0,0,0,0,0,0,0,0,0,0,0,0,0,0,0,0,0,0,0,0,0,0,0,0,0,good
0.0,0.0,-0.042550566307165034,-0.3534672048243168,-0.13733779593294249,-0.6586869532894779,-0.27155786659878295,-0.8868568826684687,-0.39385495277801114,-1.0,-0.4388715335407399,-0.45991642274210515,-0.6173452730158587,-0.5161826411996235,-0.5275403613364642,-0.5055868584225265,-0.4398132834393334,-0.4755200578206954,-0.49050248687076087,-0.24593755232349962,-0.6221807196906718,-0.3527056573020556,-0.5419550895524919,-0.3579511155491943,-0.46954277715934395,-0.3220116081907194,-0.5017121662235838,-0.05940986791721333,-0.6114064888059142,-0.1885836872895243,-0.5499220032656686,-0.19023562362204632,-0.48171301606929595,-0.15149104065751548,-0.4982567442371787,0.08931020791397379,-0.5980697586886491,-0.03780936284377087,-0.5428465504158299,-0.03778538783859091,-0.48605960654092717,-0.005975623852050438,0,0,0,0,0,0,0,0,0,0,0,0,0,0,0,0,0,0,0,0,0,0,0,0,0,0,0,0,0,0,0,0,0,0,0,0,0,0,0,0,0,0,good
0.0,0.0,-0.04621231810859722,-0.34672455312133516,-0.14548730529164372,-0.6522148331407017,-0.2780753896960749,-0.8812339956662224,-0.39937588516934464,-1.0,-0.4438228256792215,-0.46519308468283027,-0.6265214894215099,-0.5203800638526076,-0.535911841709035,-0.5069147969777229,-0.44923494203037884,-0.4808202310770036,-0.4966937943596157,-0.24990506495560738,-0.6310904130343937,-0.36104428356168156,-0.5509991443804523,-0.36361788543483525,-0.47774791918373777,-0.32750287984084436,-0.508185799489865,-0.062132698673375474,-0.6199183259989469,-0.20092975654435283,-0.5577687692507174,-0.19986394088614903,-0.48817940690788036,-0.16101850515693325,-0.5047515688124459,0.08745179313080652,-0.6030847194363584,-0.048339710823327185,-0.5482568654269013,-0.048754323132881514,-0.4925497905649112,-0.019215315377974416,0,0,0,0,0,0,0,0,0,0,0,0,0,0,0,0,0,0,0,0,0,0,0,0,0,0,0,0,0,0,0,0,0,0,0,0,0,0,0,0,0,0,good
0.0,0.0,-0.05194187137467592,-0.34874244463344317,-0.15307771406079385,-0.6496530286097582,-0.289467340592489,-0.8797144497465015,-0.41457520508324636,-1.0,-0.45333092146455817,-0.4420456658368751,-0.644001375696825,-0.49142576768657403,-0.5537744517106735,-0.4833188996443917,-0.46199870426749384,-0.45822058429073786,-0.5014904029231229,-0.22505045321524492,-0.6489017133713927,-0.3252965958102579,-0.5665188620689253,-0.33171683780712996,-0.4874417201800051,-0.2996658966542696,-0.5103671216222354,-0.03577607506398116,-0.6376880762719859,-0.1602533471472341,-0.5740245420587086,-0.16219675181831486,-0.49951332395758163,-0.12667900808532426,-0.5065969592597322,0.11447435687920225,-0.6217747886477063,-0.007146325775411282,-0.5639821299156221,-0.0066929358511483615,-0.5021647622090182,0.021974660627160927,0,0,0,0,0,0,0,0,0,0,0,0,0,0,0,0,0,0,0,0,0,0,0,0,0,0,0,0,0,0,0,0,0,0,0,0,0,0,0,0,0,0,good
0.0,0.0,-0.05704664599268659,-0.34681973683594464,-0.16296268695151395,-0.6468984737983055,-0.3052473620386396,-0.8773127519543779,-0.4376869905312755,-1.0,-0.4704737366580256,-0.41941225081585226,-0.6790835727696526,-0.46091185830156023,-0.5810476659055687,-0.4539439492712344,-0.47833484980670815,-0.43179049725239993,-0.5157791915922346,-0.19523372158173116,-0.6790143170173284,-0.29075652252626255,-0.5932517975281744,-0.2990049801713953,-0.5124002912253157,-0.26941775225871295,-0.5214241206665408,-0.0003382802099444237,-0.6619685255040648,-0.12143401155849243,-0.5950705901448479,-0.123253584521671,-0.5192332003102658,-0.0910527810769094,-0.5145446834212264,0.15286890490853558,-0.6428761777379628,0.0393171733976755,-0.5834377697072608,0.03885813456607272,-0.5196282507284534,0.06738389614524433,0,0,0,0,0,0,0,0,0,0,0,0,0,0,0,0,0,0,0,0,0,0,0,0,0,0,0,0,0,0,0,0,0,0,0,0,0,0,0,0,0,0,good
0.0,0.0,-0.046613178203022375,-0.34589323222523555,-0.16118033753739566,-0.6442748481530939,-0.3144642012269476,-0.8726364376060103,-0.45337649700436106,-1.0,-0.4677531367444516,-0.3793221936670258,-0.6783013796096576,-0.432644675703698,-0.5869518712509229,-0.4445102171974093,-0.48584851319363587,-0.4287580252620505,-0.510251975658124,-0.1666155257348173,-0.6815439079014007,-0.2663470448994438,-0.5981432219004429,-0.2925318057953604,-0.5152426543628951,-0.26637004926194036,-0.5124440921536648,0.011434979527928745,-0.6604985389512764,-0.10022095056199476,-0.5959867893372788,-0.11803248578257942,-0.5220545721442167,-0.0917202046410124,-0.4989059342560679,0.14266019549723113,-0.6305020276443605,0.04133412985183742,-0.5771396049625663,0.03178242872451497,-0.5151439348545436,0.054409302312101455,0,0,0,0,0,0,0,0,0,0,0,0,0,0,0,0,0,0,0,0,0,0,0,0,0,0,0,0,0,0,0,0,0,0,0,0,0,0,0,0,0,0,good
0.0,0.0,-0.048427899450725745,-0.35079358493021073,-0.15739208196065996,-0.6582211928986234,-0.30739277352678057,-0.8819901326321365,-0.4425321360530836,-1.0,-0.45655112048225893,-0.4124372275677722,-0.6653395427433113,-0.4520320347087644,-0.5707607039494231,-0.4464315444310742,-0.47193821053082735,-0.4274209894245026,-0.4987967603286254,-0.19381524734246508,-0.6668095903315983,-0.27668672549930645,-0.5816705437058689,-0.289981187693948,-0.49930732395842886,-0.26390265617740155,-0.5013607630655197,-0.007970769122272818,-0.6441126463878989,-0.1095249487173839,-0.5775407840447329,-0.11789084969228723,-0.5035624193066136,-0.09316556793032019,-0.4892795298306619,0.13034194273388552,-0.6164466717996241,0.034576256947037816,-0.556976168972997,0.035650318897360145,-0.494058422481329,0.05662748304254259,0,0,0,0,0,0,0,0,0,0,0,0,0,0,0,0,0,0,0,0,0,0,0,0,0,0,0,0,0,0,0,0,0,0,0,0,0,0,0,0,0,0,good
0.0,0.0,-0.04951090385776902,-0.3498729598499138,-0.17068291250932133,-0.6485691533693477,-0.3253515114909756,-0.8675492554738614,-0.4574348012403708,-1.0,-0.46875166603118473,-0.41528058495831127,-0.687068055054106,-0.4583859996018396,-0.599352651984222,-0.4460369546805775,-0.4980540755762359,-0.4274690160377645,-0.5098995151216582,-0.18949379645907216,-0.6902470112665886,-0.26691607926765487,-0.6055081099867392,-0.2748671392852684,-0.5203748443631627,-0.2531216784821317,-0.5092848972375094,0.0017223809989776052,-0.6721493573759207,-0.0915326812051437,-0.6042426011344196,-0.09979518360928996,-0.5246646848628203,-0.08081811832111296,-0.49394441951255724,0.1430512580855235,-0.6353139561956115,0.062324244254512204,-0.5779939634839707,0.058679389802370745,-0.5136794235447745,0.07072981445052183,0,0,0,0,0,0,0,0,0,0,0,0,0,0,0,0,0,0,0,0,0,0,0,0,0,0,0,0,0,0,0,0,0,0,0,0,0,0,0,0,0,0,good
0.0,0.0,-0.052301820225925624,-0.3375219207882492,-0.16628749336150234,-0.6359700163075787,-0.30811636793157676,-0.851142727214509,-0.4291883340977174,-1.0,-0.46119737474505257,-0.393287888598732,-0.6611130229696871,-0.4475282148279295,-0.5821279999379005,-0.4362463265901506,-0.4822807905003341,-0.4077746914917909,-0.5012630934461129,-0.1690625632719174,-0.6702131822936308,-0.25657801536573677,-0.5886445627065535,-0.26340636920590954,-0.5037926764029143,-0.23298215869389297,-0.4985877222885982,0.020834047585009965,-0.6572738528255581,-0.07830451637776399,-0.5886243480364601,-0.08258598350353547,-0.5101695962305623,-0.0546360486109449,-0.4784031316243474,0.16585958922496633,-0.6096286031436561,0.08384560002639227,-0.5513093607830225,0.0781880798780263,-0.488800587616202,0.09591780100614074,0,0,0,0,0,0,0,0,0,0,0,0,0,0,0,0,0,0,0,0,0,0,0,0,0,0,0,0,0,0,0,0,0,0,0,0,0,0,0,0,0,0,good
0.0,0.0,-0.03450496299619687,-0.3131316234154026,-0.13664243972865944,-0.594112042125077,-0.2349679846472831,-0.8275183057670611,-0.31205461423010644,-1.0,-0.38252156001348137,-0.42821628501920317,-0.5740453910049542,-0.4810980417267509,-0.511213413523503,-0.4639211297001435,-0.42104223280675546,-0.4339811973348205,-0.4305383156689694,-0.23313326171539528,-0.5884255115036493,-0.3124581321332209,-0.5171089139239203,-0.30919811705105427,-0.44014587792328747,-0.2735668228099239,-0.44516886820439006,-0.05169716197696083,-0.5900015820555387,-0.15803956061832558,-0.5235730601756529,-0.15259221314282903,-0.45063265636643235,-0.11481238075995487,-0.4437944123875093,0.09943485861081679,-0.5620464299409708,0.0002737230093321086,-0.5011571214780697,-0.0015624420880421838,-0.4399578195438517,0.02678375319818224,0,0,0,0,0,0,0,0,0,0,0,0,0,0,0,0,0,0,0,0,0,0,0,0,0,0,0,0,0,0,0,0,0,0,0,0,0,0,0,0,0,0,good
0.0,0.0,-0.04569367684800738,-0.3157872079662522,-0.15209258289247,-0.6101749074959819,-0.26300596238126595,-0.8415694436699862,-0.3442833860269889,-1.0,-0.40009941635865703,-0.4465236199804634,-0.6024837910309168,-0.5064536847181079,-0.542377920265249,-0.4849334089525572,-0.4566716870820273,-0.4575377159546643,-0.4483089829224018,-0.24545656262089374,-0.61324522904044,-0.33478856038698707,-0.5398575523351576,-0.3314290328703823,-0.4593584712358514,-0.30200398647752613,-0.4627730374514511,-0.06200232231528883,-0.6147608879114503,-0.17130961189483074,-0.5524884281496509,-0.16854034192177803,-0.4758627135494298,-0.1375916914388965,-0.46145572013876107,0.08912802232519867,-0.5820504934558842,-0.01125100795937595,-0.5271725045728347,-0.010932476906137493,-0.4650625606545242,0.01212989364096451,0,0,0,0,0,0,0,0,0,0,0,0,0,0,0,0,0,0,0,0,0,0,0,0,0,0,0,0,0,0,0,0,0,0,0,0,0,0,0,0,0,0,good
0.0,0.0,-0.04434796180908365,-0.3298529105864487,-0.13946458414833293,-0.6282229399449809,-0.25291951756019154,-0.8632384324272964,-0.35655222574425693,-1.0,-0.3915643226921851,-0.47389775675019397,-0.5911392103470778,-0.5189709076891162,-0.5123036760511819,-0.49362524086180376,-0.42019053227997577,-0.46156326408440557,-0.4445249576057545,-0.26444792748279905,-0.6057882305071359,-0.34828595421507086,-0.5274822141052781,-0.337232919106672,-0.45196610001189863,-0.30074333669177367,-0.4663366292844011,-0.07190600476002561,-0.6009828360016812,-0.1860751417492937,-0.5374664405640239,-0.1807099120784865,-0.46515282900802174,-0.14395596305772723,-0.4727427757152522,0.08789925706278286,-0.5876470173654477,-0.027324635629199654,-0.5282716758503032,-0.024915803587453416,-0.4672163294958088,0.0032792587348695417,0,0,0,0,0,0,0,0,0,0,0,0,0,0,0,0,0,0,0,0,0,0,0,0,0,0,0,0,0,0,0,0,0,0,0,0,0,0,0,0,0,0,good
0.0,0.0,-0.05868345241592491,-0.3507222475888218,-0.14800428706147153,-0.6492393963490614,-0.27182750176680365,-0.8712830808176925,-0.39251183857652866,-1.0,-0.41914431887202025,-0.49235957529699126,-0.6282478289513614,-0.5080730693270392,-0.5421835856334357,-0.47988283325209,-0.44819484761988876,-0.451870122552762,-0.47191843943438183,-0.27554230842653293,-0.6350745466967421,-0.33397255204924975,-0.5580972365853347,-0.32304592396300125,-0.4814103891435591,-0.2965298344766918,-0.49224869541627425,-0.07161870370911938,-0.6263743337103788,-0.1713851726044839,-0.559945014160147,-0.16073864664235293,-0.48527266824901344,-0.1286083171520227,-0.495726973026283,0.10273619802661735,-0.6138975916654775,-0.005628347980891333,-0.552722685230021,-0.0034244174691435768,-0.4912560669811472,0.020967245833407425,0,0,0,0,0,0,0,0,0,0,0,0,0,0,0,0,0,0,0,0,0,0,0,0,0,0,0,0,0,0,0,0,0,0,0,0,0,0,0,0,0,0,good
0.0,0.0,-0.06427740894352219,-0.35721583346601515,-0.1540639110504196,-0.6516359647325429,-0.28422778035179225,-0.8689141881295808,-0.40432470263414616,-1.0,-0.4325885013734339,-0.48771232167174144,-0.6364284283764233,-0.4970134091847754,-0.5503299204812404,-0.4737562116916291,-0.46033232181655304,-0.4520311810815086,-0.4865315842774269,-0.26879130724081346,-0.6423865316813162,-0.3268766002526142,-0.5647951105618222,-0.317489521496803,-0.488398982645967,-0.2931507154030992,-0.5051330874969107,-0.06275867819218042,-0.6375745304090638,-0.16735896335168188,-0.5699081558289709,-0.15613949481488482,-0.49468739085475666,-0.12385052960379161,-0.5052248264182415,0.1130904274802334,-0.6204207703785249,-0.001655032842757772,-0.5578107853769801,-0.00010301034291023477,-0.49530978233242734,0.02545803586297624,0,0,0,0,0,0,0,0,0,0,0,0,0,0,0,0,0,0,0,0,0,0,0,0,0,0,0,0,0,0,0,0,0,0,0,0,0,0,0,0,0,0,good
0.0,0.0,-0.06483096594228198,-0.3541345991481733,-0.15892255708935182,-0.6513527511350342,-0.29044609703940194,-0.8690166122317586,-0.4129908452409931,-1.0,-0.4350219157503249,-0.49432386490342484,-0.6373558299192887,-0.5003621053790551,-0.5526732315233811,-0.4747977756589112,-0.45831840787667866,-0.4502580941346944,-0.4883460446424473,-0.2773764257261258,-0.6437759503498588,-0.3292525112009928,-0.5694545491392917,-0.3163398265781038,-0.49400739606947974,-0.2928793907404017,-0.5069353558905664,-0.06970859383406794,-0.6412023819327376,-0.17136927254742135,-0.5745733285511376,-0.15640880392853898,-0.4984499076720137,-0.12585220671033406,-0.5083272138015802,0.11040928381174574,-0.6251523833354847,0.0018280328773686671,-0.5610061546193371,0.0037490781001978894,-0.4957018843923091,0.027181534614468743,0,0,0,0,0,0,0,0,0,0,0,0,0,0,0,0,0,0,0,0,0,0,0,0,0,0,0,0,0,0,0,0,0,0,0,0,0,0,0,0,0,0,good
0.0,0.0,-0.05799933088195712,-0.3551895441128178,-0.15437423195259226,-0.6624785347764771,-0.28961134853815906,-0.8759899684737121,-0.4161920396547302,-1.0,-0.42803595344925105,-0.49837648640840476,-0.6398451311019424,-0.5069033454513933,-0.5504902623889797,-0.4835048828804344,-0.44985308863993967,-0.4615984394032479,-0.48027220055155195,-0.27414173425586685,-0.6464353576904847,-0.32797781822786753,-0.5677518266166767,-0.3186940753129531,-0.4865219296574618,-0.2956775252072253,-0.4991113902616332,-0.06552189587764363,-0.6426581107580083,-0.16286175833054278,-0.5742260604047933,-0.1547296141496409,-0.4948184226799242,-0.12877869298633798,-0.5004214764988869,0.11303267032856348,-0.6151649635108553,0.011668844873665794,-0.5521217967593277,0.01040063635624659,-0.487497919610511,0.02941173294940539,0,0,0,0,0,0,0,0,0,0,0,0,0,0,0,0,0,0,0,0,0,0,0,0,0,0,0,0,0,0,0,0,0,0,0,0,0,0,0,0,0,0,good
0.0,0.0,-0.05510634082539842,-0.3556884293416496,-0.15186505365115785,-0.6570752584110481,-0.28595318622557525,-0.8655740051027171,-0.4073779937781236,-1.0,-0.41499452908197826,-0.5081303771631425,-0.6217589924623759,-0.5075582329846482,-0.5348117708475226,-0.48545483546871004,-0.4390224394211323,-0.4686622352818055,-0.4724845996837118,-0.2842061085814425,-0.6357526216507386,-0.32289938889056585,-0.5590859146346789,-0.3132676312418915,-0.47986003459526316,-0.29279072286754865,-0.4978274150222629,-0.07356373653971063,-0.6397719574884924,-0.15411884816681726,-0.5698385937449962,-0.14318022985976644,-0.49263981103000204,-0.11659115456519417,-0.5043542102625259,0.10555508481263658,-0.6129751849700452,0.01222264835948306,-0.5471034473142397,0.014543249211999338,-0.48368753205286835,0.037385959974117144,0,0,0,0,0,0,0,0,0,0,0,0,0,0,0,0,0,0,0,0,0,0,0,0,0,0,0,0,0,0,0,0,0,0,0,0,0,0,0,0,0,0,good
0.0,0.0,-0.059853497413112744,-0.3520045209630431,-0.1594394005826586,-0.6624582736546725,-0.2881906599241959,-0.8794676176278585,-0.41290797306909083,-1.0,-0.4191302212738593,-0.5346576637143998,-0.6356712558338936,-0.501446669199965,-0.5609239133611996,-0.4675062406828213,-0.465476640067035,-0.45814379390644333,-0.470567556244093,-0.31216127366441593,-0.6486989564759873,-0.31917266376311715,-0.5697322303742461,-0.2898197655724767,-0.4804489783987606,-0.2698960373369189,-0.4987892783023004,-0.09644321027349878,-0.6467646078746602,-0.14951962818976353,-0.5809743844572408,-0.12903202673604006,-0.4972131770483178,-0.10555310670057388,-0.5114503911997116,0.09594793097736595,-0.6398883010337806,0.018633383024952987,-0.5798394668381515,0.023312579774536456,-0.5126062767336041,0.037519628189763524,0,0,0,0,0,0,0,0,0,0,0,0,0,0,0,0,0,0,0,0,0,0,0,0,0,0,0,0,0,0,0,0,0,0,0,0,0,0,0,0,0,0,good
0.0,0.0,-0.047084677176374275,-0.34925429459107554,-0.13576773180647791,-0.6609108938902543,-0.26511510782942016,-0.8789597823100298,-0.3874305400502129,-1.0,-0.40335323333928685,-0.537523360126307,-0.6282117192703971,-0.49377085272012805,-0.5525521701409017,-0.45197641966012736,-0.4589482593899429,-0.4389650900812692,-0.4559810570576877,-0.31890988119480074,-0.6276979263939938,-0.3191211373148494,-0.5492414827294632,-0.2874741329522244,-0.46292265086723194,-0.26962671338291233,-0.4803156836496992,-0.10520585799881668,-0.6208359026208555,-0.1491113011864699,-0.5536110875649638,-0.12480723072929661,-0.4734493944262663,-0.10388093158365079,-0.4887104775978163,0.08977097711616938,-0.6059922131490494,0.023372806327384477,-0.541518923747786,0.036007070100193876,-0.476661278498152,0.05283016116965161,0,0,0,0,0,0,0,0,0,0,0,0,0,0,0,0,0,0,0,0,0,0,0,0,0,0,0,0,0,0,0,0,0,0,0,0,0,0,0,0,0,0,good
0.0,0.0,-0.05576513243244186,-0.34811417980881837,-0.14919068599733315,-0.6573693930641845,-0.27819862567803155,-0.8739656666802704,-0.3944737649785938,-1.0,-0.4131909481601797,-0.5428888858883111,-0.6277726793240143,-0.48330175899436273,-0.5565739988770084,-0.4332197041474071,-0.4701518951506397,-0.4243906724037041,-0.4675084956388877,-0.3357421567718651,-0.6345436265223233,-0.32059223922117003,-0.5570080543769438,-0.2793073560497642,-0.4735701770342616,-0.2656392350974152,-0.49105665129747095,-0.12967214624438828,-0.6361976192033071,-0.15549078690272045,-0.5678526147178646,-0.12155313887667164,-0.48537296685354364,-0.10303242611536409,-0.4964904617783107,0.06127146249698277,-0.6189856725273515,0.01553163151009289,-0.5584675489275825,0.030052995430507653,-0.49369322365176155,0.04072171853814477,0,0,0,0,0,0,0,0,0,0,0,0,0,0,0,0,0,0,0,0,0,0,0,0,0,0,0,0,0,0,0,0,0,0,0,0,0,0,0,0,0,0,good
0.0,0.0,-0.05887254038404093,-0.3530497323049349,-0.16031709801698849,-0.6557766220635881,-0.2914253326082461,-0.8723622270391164,-0.40730459026187393,-1.0,-0.4252743970159085,-0.5441613370200445,-0.646285434171524,-0.4828430058441011,-0.5710359301158863,-0.43779578581331047,-0.4810801246945825,-0.4345004174357953,-0.4794201089162754,-0.3296429966528543,-0.6525157208618326,-0.31368729846276394,-0.5712997189010333,-0.2761680159927696,-0.4835759311881984,-0.2666141744345468,-0.5007001432302637,-0.11851637956785821,-0.6525000957421548,-0.14122335495829472,-0.5830843526681424,-0.11094508995932874,-0.49676131097817844,-0.09766986573120198,-0.5020205424367528,0.07462740983003853,-0.6324510757588523,0.039736823964644334,-0.5717791956127115,0.05120474268338452,-0.503303180937354,0.05861901515789796,0,0,0,0,0,0,0,0,0,0,0,0,0,0,0,0,0,0,0,0,0,0,0,0,0,0,0,0,0,0,0,0,0,0,0,0,0,0,0,0,0,0,good
0.0,0.0,-0.05577654521572949,-0.3445889350235065,-0.15365463715926342,-0.6534255779757655,-0.2862020142913564,-0.8685901950987868,-0.40440131783769667,-1.0,-0.41547424089033436,-0.5489232527618327,-0.6474492890019852,-0.4833128021604189,-0.5711924472950612,-0.43303459957987755,-0.4747729409054974,-0.42812371824267914,-0.47089918544694515,-0.334393207582493,-0.6508034440110726,-0.30584200442040804,-0.5662615074284574,-0.26200189810559105,-0.4754009803779165,-0.2526904367156856,-0.4949296879376996,-0.12180691844040553,-0.6476567141777144,-0.13274273644913767,-0.5750535989267073,-0.09612277848904861,-0.4862760848302107,-0.08228777288149844,-0.5010866573813352,0.07660821180823339,-0.6236310534009544,0.04892820975473183,-0.5560719281956907,0.06516378327227779,-0.484447223434572,0.07344880129536599,0,0,0,0,0,0,0,0,0,0,0,0,0,0,0,0,0,0,0,0,0,0,0,0,0,0,0,0,0,0,0,0,0,0,0,0,0,0,0,0,0,0,good
0.0,0.0,-0.05935164031930154,-0.3448498467643481,-0.15535591472523536,-0.6522477449219873,-0.281993584270528,-0.8682810556201578,-0.3953129570066461,-1.0,-0.4158025739682605,-0.5509116802094838,-0.6327008994062485,-0.4766689057647479,-0.55213197976128,-0.4306091600757239,-0.4591998964668314,-0.4306396828258939,-0.4731746613252871,-0.338022670620075,-0.640279393045956,-0.31068359590656347,-0.5615804496901521,-0.2691540367977698,-0.47672644114881835,-0.2617728727379113,-0.49780819946373056,-0.12727086399756918,-0.6420220894669117,-0.14259557378916823,-0.5735124031866057,-0.10483740569137882,-0.49007777883505194,-0.09096451051161547,-0.5020535324779994,0.06861804204340961,-0.6222888262545099,0.03653863161474734,-0.5568965047559404,0.05581451141585195,-0.48751547026515646,0.06773837638351042,0,0,0,0,0,0,0,0,0,0,0,0,0,0,0,0,0,0,0,0,0,0,0,0,0,0,0,0,0,0,0,0,0,0,0,0,0,0,0,0,0,0,good
0.0,0.0,-0.04642572649747627,-0.3475174384773861,-0.13442025310088726,-0.6444890746375956,-0.2587397493619265,-0.8594653439853863,-0.3726980991325482,-1.0,-0.40065916305889754,-0.5543983960120206,-0.6320204281661553,-0.49228089602563047,-0.5522336961843178,-0.44620358253527664,-0.4566872563112095,-0.4415702416034114,-0.45889481768622326,-0.33772507008706415,-0.6398265970546066,-0.30768763639115587,-0.5526005879622846,-0.2694758385470687,-0.4621617263557801,-0.26273576438815754,-0.48315828723416737,-0.12369305826187761,-0.6397493082537309,-0.13545368411100972,-0.5659779145717989,-0.10524541762903875,-0.4782981404759227,-0.09454076535695119,-0.4879966581794669,0.07231103405744813,-0.6161932459249134,0.04356435400632403,-0.5479726909836556,0.05538524671804378,-0.4763827123661238,0.062171479466366836,0,0,0,0,0,0,0,0,0,0,0,0,0,0,0,0,0,0,0,0,0,0,0,0,0,0,0,0,0,0,0,0,0,0,0,0,0,0,0,0,0,0,good
0.0,0.0,-0.04882366133002273,-0.34812854314991776,-0.13460623979786768,-0.6457645920649222,-0.25600323130113584,-0.8630001757065513,-0.3655853986945519,-1.0,-0.39495130440113047,-0.5542875584891908,-0.6049578835341719,-0.4913565425806164,-0.5204020645368038,-0.45041691614063445,-0.43227104207337375,-0.4488734903727073,-0.4589280625818788,-0.3409206294967904,-0.6165951044331157,-0.329694983744868,-0.5368528559294284,-0.2910934076055142,-0.45849949336427065,-0.27571802224220376,-0.4875023784112183,-0.13134641290068452,-0.6219132622637256,-0.16540146822700558,-0.552752098691851,-0.1323587739627775,-0.4739799536729497,-0.1130568478973024,-0.49458602292318044,0.05933646651394257,-0.6081206773229605,0.010522212615851765,-0.5419308966466146,0.02625538385812136,-0.47585521901563665,0.04197004370207331,0,0,0,0,0,0,0,0,0,0,0,0,0,0,0,0,0,0,0,0,0,0,0,0,0,0,0,0,0,0,0,0,0,0,0,0,0,0,0,0,0,0,good
0.0,0.0,-0.042397184103011486,-0.3477689807468708,-0.12501127381920704,-0.6461129281792722,-0.242787023813127,-0.8666446133100978,-0.3532700708479963,-1.0,-0.3969137600670536,-0.554566695380757,-0.6033218942028974,-0.5149920257980053,-0.5213877787454182,-0.47621359471262265,-0.4373465740893289,-0.47110239006491966,-0.4609476808638898,-0.3454656527611842,-0.6123962989700208,-0.3514871492184032,-0.5342485857503652,-0.3168239385094071,-0.4566086994773751,-0.29800651430435143,-0.4948014637553288,-0.14008826780998504,-0.6185440469545898,-0.1886487526219492,-0.5525393520140359,-0.15983123159356036,-0.4757881819574217,-0.13573106533951101,-0.510549512059956,0.04238986517388975,-0.6134098181756914,-0.021746520630650776,-0.5499638513516347,-0.007534990008518166,-0.487120552597446,0.00972960140120898,0,0,0,0,0,0,0,0,0,0,0,0,0,0,0,0,0,0,0,0,0,0,0,0,0,0,0,0,0,0,0,0,0,0,0,0,0,0,0,0,0,0,good
0.0,0.0,-0.03233635743271065,-0.3480467487206682,-0.10597564620310433,-0.6390068391217475,-0.2187835489441384,-0.8638422991190106,-0.3272793372906435,-1.0,-0.3818444804249229,-0.5564410997821593,-0.5821628278194767,-0.5284566749593312,-0.5028968895871401,-0.4842660839273392,-0.4206779196096167,-0.4687998347467783,-0.4512791334702002,-0.3522920417423048,-0.5981731829964321,-0.3620636758864397,-0.5209586456558708,-0.3264506302186081,-0.44508335813708116,-0.30615630800625315,-0.4879210452083202,-0.1515978622652842,-0.6067039686555891,-0.20142158656823278,-0.542417231126738,-0.17329467050731914,-0.4679423700747652,-0.14654552572172805,-0.504022173711465,0.02351181708518764,-0.5996784946090561,-0.0428120569556091,-0.5365601394644435,-0.027753448661734192,-0.474644416471682,-0.007433954014385512,0,0,0,0,0,0,0,0,0,0,0,0,0,0,0,0,0,0,0,0,0,0,0,0,0,0,0,0,0,0,0,0,0,0,0,0,0,0,0,0,0,0,good
0.0,0.0,-0.03303295443540894,-0.3471669488476255,-0.1056307225551754,-0.6465299747923133,-0.22351795722437398,-0.8637154495114192,-0.32750085793583333,-1.0,-0.3767170456030808,-0.5504536321285076,-0.5805351179425059,-0.5260035770805117,-0.5035753099846487,-0.488980932347237,-0.4199654793409513,-0.47086967211840175,-0.4450572349817351,-0.35068783436981016,-0.5926497569528213,-0.3669933109487392,-0.5181338152040855,-0.3357527457410741,-0.44411077279503564,-0.31672188914930177,-0.4786796979511615,-0.15545366215048834,-0.6016501928103977,-0.21390461108371497,-0.5378150710651075,-0.18483394226634547,-0.46550297363869947,-0.15812130758504572,-0.4913853081048109,0.020342432251551558,-0.5976684313946165,-0.06101651963337465,-0.5359269194168469,-0.04194825103487307,-0.4757617153851566,-0.01610425232874346,0,0,0,0,0,0,0,0,0,0,0,0,0,0,0,0,0,0,0,0,0,0,0,0,0,0,0,0,0,0,0,0,0,0,0,0,0,0,0,0,0,0,good
0.0,0.0,-0.03024277760774458,-0.34525732924496993,-0.10456951027562403,-0.6489115210548047,-0.2247940121433504,-0.8636130241681483,-0.326288620803932,-1.0,-0.3780847842278708,-0.5480053991522215,-0.5773724431630238,-0.5167798408846861,-0.4992079527960545,-0.4787382532951177,-0.4141646974645549,-0.46207762567904337,-0.44504105064398874,-0.34250582325915785,-0.5908176941876088,-0.3561186025484042,-0.5137966716837041,-0.323171428991221,-0.437576908494818,-0.30468905782337175,-0.4775412230309618,-0.14450809309223048,-0.6015013331129683,-0.20217621936671828,-0.5350675527603255,-0.17063410653134012,-0.46002841683613194,-0.14434732814962273,-0.4881624372711597,0.03577346478225485,-0.5974168307679224,-0.043449291137770345,-0.5321638331586401,-0.021729698625591896,-0.4688351950219462,0.004093131411114284,0,0,0,0,0,0,0,0,0,0,0,0,0,0,0,0,0,0,0,0,0,0,0,0,0,0,0,0,0,0,0,0,0,0,0,0,0,0,0,0,0,0,good
0.0,0.0,-0.034885153798570524,-0.3471820574118723,-0.10706136223049269,-0.6407178831796403,-0.22005785692558016,-0.8626801598108728,-0.32786527543285515,-1.0,-0.37865393841524286,-0.5608280440725233,-0.5771762798854294,-0.5373790445237011,-0.5012971465552264,-0.48983412578675417,-0.41897625497877833,-0.4721518734088835,-0.4473128377454173,-0.36355740472695575,-0.5917211108366389,-0.37193877863499303,-0.5174903895032756,-0.3323625183482399,-0.44339979870526247,-0.311368579647183,-0.48098679335033245,-0.16707120239920462,-0.5995257120341997,-0.2131726786286643,-0.5345885196670674,-0.1802160345753314,-0.4606714588152192,-0.15303512041957498,-0.49514994008113034,0.007997403175393863,-0.5950276525073036,-0.05154059886205186,-0.5314349293324814,-0.032241129047075615,-0.46906197877218375,-0.011504259649796154,0,0,0,0,0,0,0,0,0,0,0,0,0,0,0,0,0,0,0,0,0,0,0,0,0,0,0,0,0,0,0,0,0,0,0,0,0,0,0,0,0,0,good
0.0,0.0,-0.03409321323005147,-0.35014588282000214,-0.10522867424073828,-0.6476450271685329,-0.21918422606729623,-0.8624151660151437,-0.3223811650604976,-1.0,-0.3762918972918098,-0.5606767312084527,-0.5776062666259433,-0.5297919338712299,-0.5027997325353734,-0.4955068705359678,-0.42008760984271193,-0.4852112559565194,-0.44310621179944654,-0.35970871526425946,-0.5898568764108444,-0.37453489139493445,-0.5176093669236435,-0.3432897569267694,-0.4422949842879027,-0.3225626126266701,-0.47550040049775294,-0.16356594263289628,-0.5989142477779068,-0.21824526901903887,-0.5355951863870669,-0.190111005323542,-0.4614378730525296,-0.16423443366616342,-0.48885649322223423,0.010788285649629184,-0.5921171264503655,-0.0640854386111212,-0.5283836688322706,-0.04595875853711651,-0.466091815538085,-0.023164237503267848,0,0,0,0,0,0,0,0,0,0,0,0,0,0,0,0,0,0,0,0,0,0,0,0,0,0,0,0,0,0,0,0,0,0,0,0,0,0,0,0,0,0,good
0.0,0.0,-0.033706873039714,-0.34615778374935213,-0.10350657581533775,-0.6413754187653382,-0.21683853876947967,-0.859321487661553,-0.31833712593348173,-1.0,-0.3683575702446305,-0.5646167201764991,-0.574586451547428,-0.5277380162879101,-0.5009873769186979,-0.49006345889232195,-0.41723127982278807,-0.4811132254868076,-0.4377181814301858,-0.3647956535635071,-0.5870935228555281,-0.3715776940403029,-0.5138984338739916,-0.3370264963440368,-0.43625121634518443,-0.3198869552998881,-0.471781459981319,-0.1669722398420197,-0.59871332264295,-0.2128917041360236,-0.5344483301555327,-0.1827009496692156,-0.4581083189412333,-0.15992414265094954,-0.4848158332435637,0.010890148604169,-0.5813847084749934,-0.05549536757481464,-0.5161398681353069,-0.03359834756148686,-0.45242970992779136,-0.011441686133090193,0,0,0,0,0,0,0,0,0,0,0,0,0,0,0,0,0,0,0,0,0,0,0,0,0,0,0,0,0,0,0,0,0,0,0,0,0,0,0,0,0,0,good
0.0,0.0,-0.03557471677626161,-0.34737509124696453,-0.10481686001749797,-0.6445441570610501,-0.21740965279663513,-0.8592269836290607,-0.31750986040254214,-1.0,-0.3687656533948122,-0.565453903854305,-0.5708558905195398,-0.5276306622334521,-0.4937818047314035,-0.4893288419524013,-0.40753921285733274,-0.4799356497477064,-0.4375608274586216,-0.3649985794217831,-0.5870474321546817,-0.3747544488498492,-0.5115777586806387,-0.3402300541853081,-0.43175910098933984,-0.3232616771621857,-0.4714079288782941,-0.1659993245552629,-0.5999038036559416,-0.2170292298987258,-0.5337879491712123,-0.1834653198685563,-0.4565193079408751,-0.15986135452364048,-0.48357018571402954,0.014649239181931797,-0.5879972878694081,-0.058839111244860916,-0.5228837867199135,-0.034220315137300686,-0.4579232495879214,-0.00896729601578182,0,0,0,0,0,0,0,0,0,0,0,0,0,0,0,0,0,0,0,0,0,0,0,0,0,0,0,0,0,0,0,0,0,0,0,0,0,0,0,0,0,0,good
0.0,0.0,-0.037889106603413235,-0.3479198190722572,-0.11576253156279515,-0.643461668684981,-0.22749850660232854,-0.8577411846924221,-0.3284190671436242,-1.0,-0.37931700396922247,-0.5725120111011164,-0.5873632795400258,-0.5271792565320168,-0.5123609164464341,-0.4825206615732315,-0.42458612933792317,-0.47684090801677564,-0.4453645013756304,-0.3679650510079563,-0.601308534021962,-0.37011449769540267,-0.522325810947864,-0.3315433867857356,-0.4374221825532413,-0.3182515664211374,-0.4764283351192123,-0.16255333424757937,-0.6127620806380507,-0.20871869191535322,-0.5442537699090635,-0.17233402366657602,-0.46252598434469866,-0.15173075299008817,-0.4865204880214398,0.023980944943018452,-0.5930424520078935,-0.044759510676921715,-0.528145219461664,-0.022687248049673002,-0.46220619192503803,-0.002471176069067415,0,0,0,0,0,0,0,0,0,0,0,0,0,0,0,0,0,0,0,0,0,0,0,0,0,0,0,0,0,0,0,0,0,0,0,0,0,0,0,0,0,0,good
0.0,0.0,-0.030193918478373397,-0.3480242692067738,-0.10898133321248994,-0.6523782056866451,-0.22697474438302875,-0.8664677959533352,-0.33511850790710324,-1.0,-0.36921978273973577,-0.5731241505640899,-0.5825494464969155,-0.5312985025707218,-0.5101993837768533,-0.4871081070417187,-0.42295843365092484,-0.48034934156631,-0.4360259271572205,-0.3687627134601434,-0.5942008065514826,-0.374905998038118,-0.5177480587251986,-0.3355009616034459,-0.43633142132528996,-0.3207751269929881,-0.47040183421511245,-0.163591541014936,-0.6073258243752312,-0.21341443643553154,-0.542181536979444,-0.1759183478937896,-0.4638880109946648,-0.15322231888825125,-0.48493478168300724,0.025654673611515334,-0.5975024484459058,-0.04463242449469428,-0.5357989746803152,-0.02099373893218459,-0.4709919223747913,0.002422076524335814,0,0,0,0,0,0,0,0,0,0,0,0,0,0,0,0,0,0,0,0,0,0,0,0,0,0,0,0,0,0,0,0,0,0,0,0,0,0,0,0,0,0,good
0.0,0.0,-0.0524906197684325,-0.3548273240602913,-0.1358207652425989,-0.642756313916136,-0.24689521890870386,-0.8694482904233399,-0.35544890376039867,-1.0,-0.39855686143887353,-0.5626198749527898,-0.6134425222651708,-0.5197896308839515,-0.5435784222865806,-0.47659755599342535,-0.4577688268798031,-0.47159342727549214,-0.46130492003264084,-0.36053545889215094,-0.6226422611213839,-0.3553161760991721,-0.5431703058632867,-0.316071269681684,-0.457241297831361,-0.3054739804116798,-0.4888096632500566,-0.15408920609203058,-0.6276119398253364,-0.1871827771910473,-0.5600864251516382,-0.15252120208145717,-0.47839445181468093,-0.1360162637881954,-0.49464629874756233,0.03318128125731138,-0.6034097482549378,-0.020372427899608008,-0.540176219218754,-0.0019644961960210024,-0.4724937773341311,0.012485276846018793,0,0,0,0,0,0,0,0,0,0,0,0,0,0,0,0,0,0,0,0,0,0,0,0,0,0,0,0,0,0,0,0,0,0,0,0,0,0,0,0,0,0,good
0.0,0.0,-0.05660226215038382,-0.36008406524273995,-0.14195710223350974,-0.646175617436427,-0.25090064416221275,-0.8667069684125465,-0.3529765754606481,-1.0,-0.39637099933479075,-0.5473208264045275,-0.6023321608590527,-0.502622320261273,-0.5336728439023181,-0.4587000744656873,-0.4479030984792803,-0.44827509771289603,-0.4538785693545934,-0.345694827630479,-0.6118718013826959,-0.3360974668717674,-0.5369485221095934,-0.30214633681710434,-0.4519173981737142,-0.2937747080464422,-0.4780389868364944,-0.13832753095000702,-0.6180654240209672,-0.17452097142936152,-0.5546215582663826,-0.14286065435433334,-0.4735194704837812,-0.12558716073724763,-0.4826791011708429,0.05165039270609361,-0.5930029906982635,-0.004064557997972549,-0.5326580212142713,0.010003816558508896,-0.46440943969453485,0.02578075396672988,0,0,0,0,0,0,0,0,0,0,0,0,0,0,0,0,0,0,0,0,0,0,0,0,0,0,0,0,0,0,0,0,0,0,0,0,0,0,0,0,0,0,good
0.0,0.0,-0.06656511953711614,-0.3693184195089482,-0.15874679624539018,-0.6572424144108299,-0.2736269058679491,-0.8748208128542491,-0.3843980288019515,-1.0,-0.4281373554301375,-0.5445443905359438,-0.6342162851599576,-0.4908691250554295,-0.555438783070603,-0.45786127242860636,-0.46692114650024963,-0.45796748322706055,-0.4794163705004504,-0.3355680209279431,-0.6400265038937761,-0.3267883156036445,-0.5627275862678037,-0.30148434820036607,-0.4762833843548008,-0.2957845236224901,-0.49810261497028424,-0.12485486073602921,-0.6397671357294985,-0.15957463621058462,-0.5753663226707298,-0.13609577471597326,-0.4928572657017675,-0.12215613033854518,-0.49664657415558927,0.06517182908474646,-0.6142574865830429,0.014033537512166598,-0.5525429700536678,0.02332128836255021,-0.48207838031553674,0.03489222276657516,0,0,0,0,0,0,0,0,0,0,0,0,0,0,0,0,0,0,0,0,0,0,0,0,0,0,0,0,0,0,0,0,0,0,0,0,0,0,0,0,0,0,good
0.0,0.0,-0.07383808781791934,-0.36792208430081097,-0.174069897231481,-0.6549063757700897,-0.3034011554837324,-0.8632326867645204,-0.41016253624730703,-1.0,-0.4387479498783169,-0.5264108159749141,-0.6441010427089824,-0.46797307851954006,-0.56501112820014,-0.4340614415328891,-0.47425514251896994,-0.4309435230600769,-0.48929434402366057,-0.31406443666075023,-0.6479032178844767,-0.30380491990681396,-0.568037676011915,-0.281144273671863,-0.48010816167526843,-0.27591580127374793,-0.5050848555356415,-0.10469392393530909,-0.6484708235060717,-0.14174707445348547,-0.5811063289651978,-0.12107924761617678,-0.49689074909977626,-0.10739700275339889,-0.5013538266851446,0.08151563100409977,-0.6184831892429645,0.02524719435490628,-0.5555345821700327,0.03233823179593067,-0.48609035173972626,0.04452050506908537,0,0,0,0,0,0,0,0,0,0,0,0,0,0,0,0,0,0,0,0,0,0,0,0,0,0,0,0,0,0,0,0,0,0,0,0,0,0,0,0,0,0,good
0.0,0.0,-0.07040803954638915,-0.3578962333279307,-0.17640172928489165,-0.652770387294379,-0.3106610247205263,-0.8611471497828815,-0.42104749735896124,-1.0,-0.44084602472934864,-0.5314551436798196,-0.6501267018032163,-0.474842514435284,-0.5766676354466601,-0.4389387548715224,-0.488170969419405,-0.4360117453441215,-0.4946242793070862,-0.3145925238248039,-0.6555205713667789,-0.3083586388246186,-0.5762403807834716,-0.28364012906871844,-0.48922196547731905,-0.2761915300733088,-0.5140463436453367,-0.10108568056626493,-0.6580039418338779,-0.13840202722885145,-0.5885204864199814,-0.11638265784665162,-0.5052089779438288,-0.10229535320853128,-0.5155911402254846,0.08869126225143294,-0.6340807055070984,0.027372025885330897,-0.5672432041931957,0.035902247157874254,-0.49762930377151177,0.04775673657090701,0,0,0,0,0,0,0,0,0,0,0,0,0,0,0,0,0,0,0,0,0,0,0,0,0,0,0,0,0,0,0,0,0,0,0,0,0,0,0,0,0,0,good
0.0,0.0,-0.0775851719934596,-0.3667044699340827,-0.18321411729598727,-0.6635193450293038,-0.3202087780692683,-0.8728058077864692,-0.4464191727586507,-1.0,-0.467155850529029,-0.5126038192479089,-0.6716728048495866,-0.4668842693007126,-0.5875414849223823,-0.44039360114107917,-0.4927276049861985,-0.4399706243288323,-0.5181638426006093,-0.29685224489125456,-0.6809672069773379,-0.2895537731516495,-0.5951497290005359,-0.27704871693611477,-0.5033263909469273,-0.27406898902382015,-0.5274628988421524,-0.08566772502126861,-0.6817626497786216,-0.11301858291817041,-0.6113152457132532,-0.10431100978527424,-0.5224040140362597,-0.0963086717775224,-0.513849479115691,0.10199490374539807,-0.6439475645638514,0.06552170904533859,-0.5830473905136841,0.058393523116230334,-0.5103194706903762,0.05989187398576252,0,0,0,0,0,0,0,0,0,0,0,0,0,0,0,0,0,0,0,0,0,0,0,0,0,0,0,0,0,0,0,0,0,0,0,0,0,0,0,0,0,0,good
0.0,0.0,-0.07794195489752098,-0.36842384439677894,-0.19285332245940787,-0.6747372963487259,-0.3376608020404081,-0.8722866296024939,-0.46075068210675674,-1.0,-0.4713921276757979,-0.5194722278396803,-0.6833846363810162,-0.45409855268494237,-0.6013838838258094,-0.4239537990777055,-0.5089045459417825,-0.42610731149928666,-0.5193541230853216,-0.30126575144460765,-0.6852198875697992,-0.27980162821562643,-0.6008889489312279,-0.25994096696161084,-0.5123957501074684,-0.2588649014218984,-0.5305786331785125,-0.0870903077298802,-0.6809179736926149,-0.10309232780464948,-0.6090164899101244,-0.08754145407810882,-0.5237688926166709,-0.08118175479077086,-0.5209270573986343,0.104763475545271,-0.6463356584084508,0.07273236108947008,-0.5834529575640639,0.0700589114802794,-0.51501960953325,0.07200356496783683,0,0,0,0,0,0,0,0,0,0,0,0,0,0,0,0,0,0,0,0,0,0,0,0,0,0,0,0,0,0,0,0,0,0,0,0,0,0,0,0,0,0,good
0.0,0.0,-0.08105245627526957,-0.3640132231284975,-0.19495473517238548,-0.6671942479586471,-0.34265665053258115,-0.8667292803010368,-0.4634030612650867,-1.0,-0.47152198733888656,-0.5218967408291104,-0.6742892345078368,-0.4446619666423257,-0.5918701295691818,-0.4024683992160825,-0.49739408437959665,-0.39813867756709737,-0.5201625348694334,-0.3042380486993176,-0.6763218975504882,-0.2712530967714286,-0.5948107275359046,-0.24345778025825052,-0.5073478654106528,-0.24389862565957549,-0.5306633941550154,-0.0906103419427546,-0.6729542742251039,-0.10315754471726077,-0.6012895356172513,-0.07830324495997702,-0.5149026824702809,-0.0707591768224204,-0.5199010708299522,0.10137099011113129,-0.639043658631545,0.06790554740700402,-0.572158421242997,0.0759856656842338,-0.5002365460837699,0.0807068156122928,0,0,0,0,0,0,0,0,0,0,0,0,0,0,0,0,0,0,0,0,0,0,0,0,0,0,0,0,0,0,0,0,0,0,0,0,0,0,0,0,0,0,good
0.0,0.0,-0.0795395587138496,-0.36954761915791523,-0.19415536737558425,-0.6700087784721289,-0.343490728173105,-0.8722510816745341,-0.46853227536144604,-1.0,-0.47479547781293285,-0.5328390713812544,-0.6803282604264623,-0.45190312180072173,-0.5999493616498895,-0.41325931467695687,-0.5073102784559154,-0.414356913220518,-0.5254436718565426,-0.3132660896191672,-0.6843835265832519,-0.27655980015657644,-0.6037430397602249,-0.2509273564059684,-0.5149113872302183,-0.2531283440419884,-0.5384016174161181,-0.09540045119957011,-0.6793747017867318,-0.10319221379633019,-0.6087434682608434,-0.07957748680912961,-0.5219020273869801,-0.07391780431650677,-0.5306728270386206,0.10013161917644497,-0.6452711192899397,0.07016958201501837,-0.5762516850497292,0.07744019521098444,-0.5026962243304968,0.07993679036823259,0,0,0,0,0,0,0,0,0,0,0,0,0,0,0,0,0,0,0,0,0,0,0,0,0,0,0,0,0,0,0,0,0,0,0,0,0,0,0,0,0,0,good
0.0,0.0,-0.08268915593881733,-0.36770817926177024,-0.2009744100073865,-0.6660029394061399,-0.3482444071370938,-0.875700238962667,-0.47429330399587344,-1.0,-0.47776863712931406,-0.5393543643716688,-0.6852039613316311,-0.4497577380603941,-0.6029610636676204,-0.4096147507127695,-0.5087739053899688,-0.415523651167235,-0.5276764287898551,-0.31830637537142886,-0.6858017031396415,-0.2764045703639522,-0.605146180120028,-0.2472378087407935,-0.5152836756310064,-0.25224942620212315,-0.5395870263961173,-0.09567473551079368,-0.6785322809621841,-0.10187647433918101,-0.6077263155793738,-0.07514268423160686,-0.5196363322753318,-0.07126935306402629,-0.5296966560866515,0.10478787762334997,-0.6365905569902054,0.07430885451786605,-0.5672513156501258,0.08386021153178451,-0.4934764517581548,0.08607541615892872,0,0,0,0,0,0,0,0,0,0,0,0,0,0,0,0,0,0,0,0,0,0,0,0,0,0,0,0,0,0,0,0,0,0,0,0,0,0,0,0,0,0,good
0.0,0.0,-0.07931963608669372,-0.36656557963714453,-0.19353615759426118,-0.6683303885710408,-0.3397517839022447,-0.8805312129006576,-0.4688416734973534,-1.0,-0.47598951197864486,-0.5415397983171593,-0.6812574313336365,-0.4511494050805634,-0.598542426742987,-0.40832780203125923,-0.5057830260008396,-0.4149207268360229,-0.5257282745180888,-0.31840793890385133,-0.6792916916734515,-0.2748996492884417,-0.5976051882441461,-0.24350162453654006,-0.5073719441148423,-0.24848606402328008,-0.5369702447031731,-0.09386265473760226,-0.6693523163747841,-0.09885687782635268,-0.5979142889201624,-0.07086782689995258,-0.509673230750228,-0.06625455281448242,-0.5267664064126619,0.10985364648605118,-0.6281985117306916,0.07629375142741225,-0.5573485704781643,0.08764609287267651,-0.48235817828107613,0.0909664028049587,0,0,0,0,0,0,0,0,0,0,0,0,0,0,0,0,0,0,0,0,0,0,0,0,0,0,0,0,0,0,0,0,0,0,0,0,0,0,0,0,0,0,good
0.0,0.0,-0.07329298296375096,-0.36613623423123126,-0.17561828195156345,-0.6636476172361215,-0.3158793925016217,-0.8736680072043316,-0.4402296984750584,-1.0,-0.4561936309694559,-0.5465815669978669,-0.6551833950938923,-0.4660238446768924,-0.5709863329593211,-0.4258854704593288,-0.4787280773765527,-0.4296003975145428,-0.5083635424146654,-0.32420204345770737,-0.6524882762329549,-0.2977681937561221,-0.5715219491099602,-0.26932477669236426,-0.48594882743742523,-0.2663743959990806,-0.5220463820662454,-0.10171223689289349,-0.6404225078979374,-0.12242376066353207,-0.569973030224364,-0.09822469113008503,-0.48742711562183827,-0.08853992090600603,-0.5145152286606994,0.09978197417766348,-0.5961201750402254,0.05590636847293326,-0.5271009690656115,0.06538544226900508,-0.46165945593294794,0.07228215849901086,0,0,0,0,0,0,0,0,0,0,0,0,0,0,0,0,0,0,0,0,0,0,0,0,0,0,0,0,0,0,0,0,0,0,0,0,0,0,0,0,0,0,good
0.0,0.0,-0.06045083950221106,-0.36072841558746427,-0.16392597221866703,-0.6663411838376548,-0.30339640499636955,-0.8786996877737286,-0.43158211500989874,-1.0,-0.4411966051558228,-0.5504232005159444,-0.6426860324787744,-0.4661149274874619,-0.5643294751963979,-0.42461930059067643,-0.47458471283736325,-0.4310245903942192,-0.49261311100608535,-0.32732532404167264,-0.6421953109245482,-0.29966323765095465,-0.5644886787540667,-0.26671777829250126,-0.4791323156375978,-0.2649986920335164,-0.5100313849523295,-0.10258234413815623,-0.6364209042387479,-0.12345674002308764,-0.5675151071689675,-0.09364915156990317,-0.4847081861220698,-0.0831289180463788,-0.507393132270686,0.10204573449966067,-0.6004126493782008,0.055914474600164944,-0.5317611097549326,0.0730887925065695,-0.46461341942395784,0.08330716359820019,0,0,0,0,0,0,0,0,0,0,0,0,0,0,0,0,0,0,0,0,0,0,0,0,0,0,0,0,0,0,0,0,0,0,0,0,0,0,0,0,0,0,good
0.0,0.0,-0.07269763432920641,-0.362511953649093,-0.17613497696307254,-0.6693236884780611,-0.31743918444032215,-0.8781984728979152,-0.4424017832078708,-1.0,-0.4492911021810438,-0.5351998799972391,-0.6481507252531368,-0.46907306634631923,-0.5654066854991935,-0.4314982379775263,-0.4723165522352347,-0.43009066042805344,-0.49897683618331923,-0.31657423361547055,-0.6541310966400024,-0.2999989319626748,-0.5775560085946717,-0.27201954221369706,-0.49232678945270103,-0.2717039132728187,-0.5148365528282346,-0.10185409685568217,-0.6495704178528656,-0.1288757600002168,-0.5823894354211231,-0.09993162967033195,-0.49815970792526737,-0.08875581462634076,-0.5109415641709504,0.0928602661262079,-0.6250194279177624,0.040821024203160465,-0.558218634892078,0.05787487034106576,-0.48539490839507626,0.07020480333049108,0,0,0,0,0,0,0,0,0,0,0,0,0,0,0,0,0,0,0,0,0,0,0,0,0,0,0,0,0,0,0,0,0,0,0,0,0,0,0,0,0,0,good
0.0,0.0,-0.0743751807928334,-0.3629443873406321,-0.17784420851558377,-0.6590794594094203,-0.3165782552239537,-0.8737754560022231,-0.4410787389608082,-1.0,-0.4595617276443525,-0.5347065310498336,-0.6531373259871557,-0.4501170192701027,-0.5694933411307677,-0.4118249940223887,-0.47631042523464495,-0.4161991698834659,-0.510748726962682,-0.31632347449626763,-0.6577324548238622,-0.2855263589969362,-0.5796929859228698,-0.2561265771776863,-0.4936096076096271,-0.25746417599803834,-0.5244611775390987,-0.09913181486879866,-0.6521384997276454,-0.11430974966968438,-0.5854349580610131,-0.08417499805696692,-0.5003642671349527,-0.07486296047614954,-0.5177071780674717,0.09479691220279225,-0.6240370435336767,0.06273084346777032,-0.5593301643055171,0.0799513144391862,-0.48838264236987,0.08791057196458218,0,0,0,0,0,0,0,0,0,0,0,0,0,0,0,0,0,0,0,0,0,0,0,0,0,0,0,0,0,0,0,0,0,0,0,0,0,0,0,0,0,0,good
0.0,0.0,-0.0707227443893673,-0.3686050229001982,-0.17280412169915768,-0.6688409235459805,-0.31198987747300266,-0.8826143579699757,-0.44255196712870887,-1.0,-0.4620016556792828,-0.5408683566710077,-0.6609202480826762,-0.4559357111849212,-0.5780758785700585,-0.41813843767141495,-0.4858545425176421,-0.424687456883352,-0.5131421225673798,-0.31836054098984046,-0.6614746650782914,-0.28583250044588926,-0.583336530275038,-0.2544563684761357,-0.49669234315635735,-0.2544651180008009,-0.5279114884624057,-0.09553807894090369,-0.6568392678666977,-0.10769352434218718,-0.5911974734064929,-0.07641262758321303,-0.5060375085391996,-0.06608886151858097,-0.5220323126676291,0.10400257101417086,-0.6308743803822197,0.0728848865422215,-0.5672899020389758,0.09064574857231314,-0.4960228362593763,0.09927076077116964,0,0,0,0,0,0,0,0,0,0,0,0,0,0,0,0,0,0,0,0,0,0,0,0,0,0,0,0,0,0,0,0,0,0,0,0,0,0,0,0,0,0,good
0.0,0.0,-0.07542688433895459,-0.36472110843916034,-0.17825393238074197,-0.6654037678737846,-0.31637781665790593,-0.8816880521479014,-0.44386609548429035,-1.0,-0.46451618364173625,-0.5319289086167449,-0.6627740266072122,-0.45656466134928714,-0.5789551290027416,-0.4228588067299301,-0.4867426945283132,-0.42504941133849494,-0.514192798598961,-0.3123033598017283,-0.6650629883469653,-0.28883680418889646,-0.589796759631931,-0.26637413461383824,-0.5063083149019518,-0.2684343863979367,-0.5287918070710482,-0.0950231460908119,-0.656331719159072,-0.11906934854906302,-0.5908526175101086,-0.09338950355042157,-0.5090338739589761,-0.0821727276497809,-0.5240720190890708,0.09915042123430581,-0.6334119682514692,0.05079697209010597,-0.568345424827473,0.06566735144221857,-0.49770943001111384,0.07738353102100966,0,0,0,0,0,0,0,0,0,0,0,0,0,0,0,0,0,0,0,0,0,0,0,0,0,0,0,0,0,0,0,0,0,0,0,0,0,0,0,0,0,0,good
0.0,0.0,-0.07280199203914381,-0.36734024137393123,-0.1793399975688362,-0.6691499432326696,-0.32342054416057525,-0.8788455691006657,-0.4529895222349902,-1.0,-0.474924921460668,-0.5274234243665286,-0.6645369304456433,-0.4579269197671179,-0.5831619867911358,-0.4234722322181546,-0.49168514431505406,-0.4229036980205299,-0.5251234607651141,-0.3071465540663625,-0.668909581712414,-0.2910719469524191,-0.5920159341092626,-0.2691064164473396,-0.5076917408269194,-0.2682386356005715,-0.5377891010169221,-0.08897508539204582,-0.6650085280129644,-0.11658980033809017,-0.5996796098016536,-0.09460188659688377,-0.5163399345514176,-0.08281521880990744,-0.529872322577557,0.10551698560482431,-0.639663301031454,0.06260660016205463,-0.5775468937405797,0.07249516952546506,-0.508125459071564,0.08159171668746013,0,0,0,0,0,0,0,0,0,0,0,0,0,0,0,0,0,0,0,0,0,0,0,0,0,0,0,0,0,0,0,0,0,0,0,0,0,0,0,0,0,0,good
0.0,0.0,-0.07287373771774172,-0.37062664532931866,-0.1798053095729464,-0.6744791648380354,-0.32464765639098747,-0.8832391105443622,-0.45741050356469,-1.0,-0.4806864933604006,-0.533619313717298,-0.6813015103499948,-0.4659948304446225,-0.6008765493042306,-0.43066777987889954,-0.5098000009830722,-0.4328403694385324,-0.5300542726073252,-0.3091189777172642,-0.680321422477384,-0.287564066464107,-0.6019423048970337,-0.2618616438231116,-0.5166655314523417,-0.2616383459950692,-0.5431105247007423,-0.0849602593063583,-0.6741788011715412,-0.10610649340253225,-0.6074666440091931,-0.08094370717930605,-0.5236946732232901,-0.07009304778362861,-0.5356625239536075,0.11682830012070722,-0.6458329676070689,0.07500665329220346,-0.5823961963532235,0.08755627210595833,-0.5122606658067126,0.0966942792922161,0,0,0,0,0,0,0,0,0,0,0,0,0,0,0,0,0,0,0,0,0,0,0,0,0,0,0,0,0,0,0,0,0,0,0,0,0,0,0,0,0,0,good
0.0,0.0,-0.07405640160249212,-0.377156069024948,-0.17881850264305008,-0.6749734786786741,-0.32024866642378014,-0.8800813611611885,-0.44999338058558935,-1.0,-0.4738478987812942,-0.5358264015780404,-0.6615121397265815,-0.4633087081802339,-0.5777154182753823,-0.4296562340736715,-0.4862579908907077,-0.4317796863270843,-0.5240517033901532,-0.31305254208218486,-0.664883849362388,-0.2962734618070268,-0.5879674764940926,-0.2732791181752353,-0.5030372458205995,-0.26956560922540274,-0.53571392392948,-0.0918837595898548,-0.6596904908531569,-0.12258736317111518,-0.5928122241546798,-0.09905019262670589,-0.5088488820874454,-0.08447770025824448,-0.5264395829105233,0.10438414819663748,-0.6336091248016359,0.05540607050951327,-0.5677543348431653,0.0665190019110721,-0.49648175504254416,0.07898585680896719,0,0,0,0,0,0,0,0,0,0,0,0,0,0,0,0,0,0,0,0,0,0,0,0,0,0,0,0,0,0,0,0,0,0,0,0,0,0,0,0,0,0,good
0.0,0.0,-0.07581263485107502,-0.37441627016260637,-0.18645305727124054,-0.6720527707650809,-0.32934059478255345,-0.8812147931739555,-0.45749141275411104,-1.0,-0.48618578089688425,-0.5318397611978216,-0.6718318928636325,-0.45938193000005295,-0.5866386511628727,-0.42495743866315944,-0.49584795414490085,-0.4261892034458364,-0.5353757482415331,-0.310956567148117,-0.6739621649562743,-0.289116117912104,-0.5935373807620993,-0.265841020836972,-0.5078491044036209,-0.2629576115548075,-0.5467042088531109,-0.09168020690543356,-0.66908044577818,-0.1154778601659407,-0.6014949834959044,-0.09282164462298154,-0.5164584027987277,-0.07941477941319164,-0.536948709399131,0.1016895748100397,-0.6425840950268953,0.0626075941774327,-0.5775161468449921,0.0730022634692297,-0.5062435055369432,0.08259880845898851,0,0,0,0,0,0,0,0,0,0,0,0,0,0,0,0,0,0,0,0,0,0,0,0,0,0,0,0,0,0,0,0,0,0,0,0,0,0,0,0,0,0,good
0.0,0.0,-0.07549660823004102,-0.3748272833172125,-0.1871184192144488,-0.6775399527857374,-0.3321922568182877,-0.888461725769809,-0.46264858433639644,-1.0,-0.48901047337612547,-0.5358008313151209,-0.6776204679977804,-0.46682044538953543,-0.5959735995418631,-0.43228421834303604,-0.5083273702309845,-0.43427950260439163,-0.53879215806718,-0.31258564739029404,-0.6800103301194789,-0.2912183675638514,-0.599972344002221,-0.2659874239859971,-0.5150609658341785,-0.26285177416069555,-0.5501465803429841,-0.09142937785024739,-0.6741551145999851,-0.11239177102540121,-0.6063493976289069,-0.08810390408132143,-0.5220823188949829,-0.07597472284460066,-0.5404124156234348,0.10504053665432811,-0.6489718047458118,0.06493436321709638,-0.5845402616939903,0.07669811558856264,-0.5132268897346837,0.08549862377640872,0,0,0,0,0,0,0,0,0,0,0,0,0,0,0,0,0,0,0,0,0,0,0,0,0,0,0,0,0,0,0,0,0,0,0,0,0,0,0,0,0,0,good
0.0,0.0,-0.07353434602655694,-0.3719698866936132,-0.18258099436385325,-0.6788530948540428,-0.32731839157531156,-0.8840605389840215,-0.4579258369619562,-1.0,-0.4796686710488403,-0.5217454371806161,-0.6770923263489635,-0.4506777468697798,-0.5890714944181592,-0.4191616422469546,-0.4940632408157916,-0.4207583260850637,-0.5262170136411087,-0.29645144467214035,-0.6746504449046236,-0.27915577182177964,-0.5940882843727308,-0.26082891480612785,-0.5093487867339163,-0.26028388083575466,-0.5362093030979508,-0.07861199451734603,-0.665480014972277,-0.10834794207488113,-0.5959810028014674,-0.08839424123856995,-0.5115221007145941,-0.07637477009745444,-0.5275269981212845,0.11361875807295664,-0.6448969040239341,0.07027850410077024,-0.5770538185141002,0.07896242479078756,-0.5031168008157557,0.0886488058531909,0,0,0,0,0,0,0,0,0,0,0,0,0,0,0,0,0,0,0,0,0,0,0,0,0,0,0,0,0,0,0,0,0,0,0,0,0,0,0,0,0,0,good
0.0,0.0,-0.07777688879859257,-0.36737897871873726,-0.19384261053032803,-0.6783495312332848,-0.33882165109804413,-0.8870963073103155,-0.4670845667919528,-1.0,-0.4848143676616142,-0.5215537398405411,-0.678968021021461,-0.44808218722441023,-0.5908866248886404,-0.4108951291232278,-0.49751462395730983,-0.41213534498335563,-0.5307014555186279,-0.29270280936400733,-0.6773594081915736,-0.2734397291590067,-0.5982750607477434,-0.24986232309439071,-0.5136451612613236,-0.24841822135641642,-0.5415377921532704,-0.06872320514353368,-0.6694148709037412,-0.09941180542383181,-0.6011659611268381,-0.07342049124989775,-0.5167902897103256,-0.0603128227855953,-0.534744472921744,0.13188144054182582,-0.6540608619122661,0.08473813519935058,-0.5866408003689364,0.09839309520877176,-0.5129964661579108,0.11033246523017619,0,0,0,0,0,0,0,0,0,0,0,0,0,0,0,0,0,0,0,0,0,0,0,0,0,0,0,0,0,0,0,0,0,0,0,0,0,0,0,0,0,0,good
0.0,0.0,-0.08081350222865565,-0.37145116068096656,-0.19694286093785154,-0.6810417440348561,-0.3434285605857303,-0.8879072503368057,-0.4710141038256254,-1.0,-0.4888171454232819,-0.524960491397561,-0.6848417984297759,-0.4494126342592216,-0.6013063816445157,-0.4117413512529355,-0.5120634739920902,-0.4168197766194009,-0.5353784738881796,-0.29606052473929745,-0.6828483420844097,-0.2720504987255144,-0.6061314459561172,-0.24636055518960967,-0.5213819923901326,-0.24634862806434504,-0.5463751026681521,-0.07231669047573869,-0.670816221974644,-0.09403453987048226,-0.60449580336869,-0.06652589044574016,-0.5204733623017906,-0.05555293520227772,-0.5397833781052316,0.1265467990577571,-0.6494424520723832,0.08803483443433349,-0.583581769931175,0.10411440643125051,-0.5125038740567858,0.11301095759455183,0,0,0,0,0,0,0,0,0,0,0,0,0,0,0,0,0,0,0,0,0,0,0,0,0,0,0,0,0,0,0,0,0,0,0,0,0,0,0,0,0,0,good
0.0,0.0,-0.06933254884740775,-0.37224866617564195,-0.185741824095615,-0.6828257788708666,-0.33643883046703954,-0.8896174946129684,-0.4725568725257238,-1.0,-0.483871892294697,-0.5051231329252998,-0.6855887844469897,-0.44843284876185696,-0.5953231516001025,-0.42484275131039073,-0.5026739577711514,-0.4282460358404797,-0.5277447003036638,-0.2726971859091042,-0.6814961905925861,-0.2727509030060304,-0.6024893367957427,-0.2641428283529653,-0.5211735491246456,-0.2623283441326329,-0.5356270533720817,-0.05100780844699546,-0.6691084512135197,-0.0987720415849644,-0.6008170767011646,-0.0853622352945842,-0.5197365266525128,-0.07131070798052197,-0.5261933938065269,0.14190290472497746,-0.6487673368325155,0.08157860487686347,-0.5812391777174272,0.08480595690158343,-0.5094113074849547,0.09736674464658657,0,0,0,0,0,0,0,0,0,0,0,0,0,0,0,0,0,0,0,0,0,0,0,0,0,0,0,0,0,0,0,0,0,0,0,0,0,0,0,0,0,0,good
0.0,0.0,-0.07749711188956412,-0.3671814724628907,-0.19963464936660535,-0.6749642439226216,-0.3468574889152163,-0.8874897341730393,-0.47816698652167755,-1.0,-0.4995980716677743,-0.5190380793563746,-0.6916778895715897,-0.4510074677840008,-0.6102469429908407,-0.4207924054820005,-0.5253666074921572,-0.42557823941356304,-0.5445184703167266,-0.29392872376162993,-0.6949302669887778,-0.2771704884943685,-0.6190945180883738,-0.259557411620623,-0.5373011698290654,-0.2573218906779807,-0.5544846941249891,-0.07419392717822507,-0.6862027818592379,-0.10187821775828625,-0.620387261723117,-0.08381604703973787,-0.5386894880241345,-0.07134729752271805,-0.5459460486936396,0.11887094822932139,-0.6633661466735523,0.07540513043529239,-0.599240413187655,0.08350942679601564,-0.5305656503964301,0.09219782939159331,0,0,0,0,0,0,0,0,0,0,0,0,0,0,0,0,0,0,0,0,0,0,0,0,0,0,0,0,0,0,0,0,0,0,0,0,0,0,0,0,0,0,good
0.0,0.0,-0.08202184536971904,-0.36395542446405443,-0.20077163643967558,-0.6730392404406059,-0.3488448924694855,-0.8820948197440491,-0.47568729982723706,-1.0,-0.5005291709015749,-0.5228706383408501,-0.6932599345791135,-0.45079315178883234,-0.6130894761136949,-0.4197836658314207,-0.5280761081471692,-0.4243072235384321,-0.546802819115303,-0.2978698737457974,-0.6961824658083762,-0.279604942626921,-0.6210275730757276,-0.26010883566042875,-0.5374825832359512,-0.2558078995827089,-0.5577605330970082,-0.07926005691432197,-0.6862695798567967,-0.10344188686411475,-0.6213577714508031,-0.08474842689013232,-0.539221948074394,-0.07135770032568194,-0.5502299830793337,0.11431229475957219,-0.6619881747373527,0.06978121201473997,-0.5980379779697049,0.07854916132813361,-0.5305702883341288,0.08728972746987318,0,0,0,0,0,0,0,0,0,0,0,0,0,0,0,0,0,0,0,0,0,0,0,0,0,0,0,0,0,0,0,0,0,0,0,0,0,0,0,0,0,0,good
0.0,0.0,-0.0715171419837267,-0.36887646332894747,-0.1859571515143405,-0.6750712406429584,-0.33180508678263404,-0.8845393249913236,-0.46189553202948375,-1.0,-0.47657726531515243,-0.5230277112502083,-0.673882520760454,-0.4519804959568752,-0.5932438653625274,-0.4228846651485578,-0.5073581586937568,-0.4261386989321854,-0.523019021777383,-0.2984385538701261,-0.6767425738461814,-0.2843313685276679,-0.6018381015656866,-0.26764723312413136,-0.5204019263518517,-0.2628315272843364,-0.5355379452768284,-0.07993446052016227,-0.6684715860321243,-0.1115902100228203,-0.6042906183759063,-0.0941278454330477,-0.5242270322895597,-0.07993098473103213,-0.5303162672666342,0.11159994223238466,-0.6494364268609679,0.06355793245464225,-0.5863955180394325,0.06870175278832148,-0.5177047139868709,0.07850034992507067,0,0,0,0,0,0,0,0,0,0,0,0,0,0,0,0,0,0,0,0,0,0,0,0,0,0,0,0,0,0,0,0,0,0,0,0,0,0,0,0,0,0,good
0.0,0.0,-0.0803274503610694,-0.3707762667716631,-0.197773787529368,-0.6752753343515678,-0.3443202852210333,-0.8881727594875367,-0.4755454982065516,-1.0,-0.484000709591163,-0.526665830156759,-0.6846166693348448,-0.4536090931511472,-0.6023603425075394,-0.4244012824562238,-0.5159002937880486,-0.429763368654243,-0.5318236925566483,-0.29723666163318463,-0.6881954317905494,-0.28139616388094446,-0.6112490967856385,-0.26180383265763524,-0.5278735197019717,-0.2558782272335896,-0.5435267546155876,-0.07351052920789723,-0.6820479493248067,-0.10458473773251009,-0.6158569394986998,-0.08552996508292265,-0.5329877682059891,-0.07042259615176598,-0.5354500495415782,0.12207840982351083,-0.6587226493711033,0.0748462913044795,-0.5940527606990338,0.0829705909077142,-0.5232931952803535,0.09595437848034995,0,0,0,0,0,0,0,0,0,0,0,0,0,0,0,0,0,0,0,0,0,0,0,0,0,0,0,0,0,0,0,0,0,0,0,0,0,0,0,0,0,0,good
0.0,0.0,-0.08507683276356227,-0.37067923616146964,-0.20387755102040817,-0.6736665630719293,-0.3509199212679996,-0.8857660830829794,-0.4803978037915674,-1.0,-0.48967885631409924,-0.5263286025069926,-0.6913465589281398,-0.45192617148382197,-0.6097304810248972,-0.4211378155323043,-0.5226233640664387,-0.42505197002658934,-0.5370793190372596,-0.2969114955626921,-0.6939179529679892,-0.27990883663109917,-0.6173234573017025,-0.25943817120756935,-0.5328892572257329,-0.25348423633412753,-0.5481731068061743,-0.07396077212610933,-0.6866813425877966,-0.10306744017403915,-0.6205096861079458,-0.08329396733312615,-0.5372495597223661,-0.06844158983390311,-0.539705272972133,0.12127317932249042,-0.6616022652715908,0.07439725128630133,-0.5964655202182396,0.08313235954280189,-0.5257358679512414,0.09530784902793604,0,0,0,0,0,0,0,0,0,0,0,0,0,0,0,0,0,0,0,0,0,0,0,0,0,0,0,0,0,0,0,0,0,0,0,0,0,0,0,0,0,0,good
0.0,0.0,-0.06980889218299025,-0.3685789831653104,-0.1813165079864728,-0.6725855454220846,-0.3271293625996806,-0.8835310540459096,-0.4581569060670857,-1.0,-0.47566642944935456,-0.5238179504457402,-0.6706731570561592,-0.4610128012766283,-0.5917988706775354,-0.42828112424089493,-0.5061817195175892,-0.4259383614226604,-0.5241663961969162,-0.29889580344276345,-0.6747986154381204,-0.2894929094357816,-0.6011649465232792,-0.2710732145720975,-0.5200021294828392,-0.26460084718257315,-0.537870547013392,-0.07947780569729535,-0.6673742829787485,-0.1160322692940018,-0.6054351898365954,-0.09806401152441616,-0.525459178029575,-0.08283091193112417,-0.5325740389174598,0.11169203830481889,-0.6457902164194737,0.06378398154580885,-0.5851530267265023,0.07015551361086156,-0.5181816206724357,0.08017834584625631,0,0,0,0,0,0,0,0,0,0,0,0,0,0,0,0,0,0,0,0,0,0,0,0,0,0,0,0,0,0,0,0,0,0,0,0,0,0,0,0,0,0,good
0.0,0.0,-0.06402408017399222,-0.36816300445215006,-0.17989130940437695,-0.6760453665652739,-0.3280227506568181,-0.8840362011100057,-0.4585740222482379,-1.0,-0.46835418671182233,-0.5321177533854724,-0.6684771606338434,-0.4676220539436194,-0.5884008609778688,-0.4420593271372614,-0.5028703005305556,-0.44891352716350524,-0.5177218158560964,-0.30864208621264383,-0.673591823469379,-0.30123477624232375,-0.6005286948241549,-0.2874573978615435,-0.5207642413779496,-0.2851804713690209,-0.5327106461793546,-0.09322629607872641,-0.6662948788243269,-0.1321862183866707,-0.604999934229966,-0.11607320172696067,-0.5269523994993778,-0.10297983169929556,-0.529575019706948,0.09560909628444224,-0.6504646733106165,0.042259332206366476,-0.5912711615084245,0.048345145738374506,-0.5250684890634059,0.05883755154525893,0,0,0,0,0,0,0,0,0,0,0,0,0,0,0,0,0,0,0,0,0,0,0,0,0,0,0,0,0,0,0,0,0,0,0,0,0,0,0,0,0,0,good
0.0,0.0,-0.06551060036268955,-0.364320026987304,-0.18198800754856745,-0.6703111385840623,-0.3270644604588032,-0.8840092282857186,-0.4563322487799966,-1.0,-0.4647591106768521,-0.5317655115850689,-0.6676432199639979,-0.4676770176233829,-0.5891931031174846,-0.4425695496430122,-0.5060843728072418,-0.4505523407896772,-0.5129202988297561,-0.31173194898459317,-0.6749722932251893,-0.3010050038959426,-0.6012371722159099,-0.28663941042143204,-0.5195994659715699,-0.28287656199027555,-0.5291504812195873,-0.09852970652259885,-0.6673177904335471,-0.12910007061296694,-0.6069284566444959,-0.11540598326571154,-0.5283843162342801,-0.1030971552471978,-0.5290583635389325,0.08846187932139128,-0.6493118015137158,0.04406401607040586,-0.5936619223943481,0.047497146734253516,-0.5291816106427051,0.05491897297044897,0,0,0,0,0,0,0,0,0,0,0,0,0,0,0,0,0,0,0,0,0,0,0,0,0,0,0,0,0,0,0,0,0,0,0,0,0,0,0,0,0,0,good
0.0,0.0,-0.05562468289957989,-0.3754678226281647,-0.1740465455652644,-0.6778811672146142,-0.3270244312511126,-0.8796199616856262,-0.45707161609688923,-1.0,-0.46782353795667386,-0.5291186511302498,-0.6605431094325112,-0.46830026896484167,-0.5842241460616469,-0.4381682611782352,-0.5011419405924019,-0.4420506469076018,-0.5160376617496453,-0.3038596106029586,-0.6691741545075494,-0.29659522474440153,-0.5941774221771504,-0.2796530781144379,-0.5155918636694883,-0.2742413320325329,-0.5296404168424335,-0.0861406229103215,-0.6658538686023806,-0.12400798554765081,-0.6018261951558428,-0.10839079933415356,-0.5229193284400676,-0.09348537372890685,-0.5242837131765479,0.10632769434142735,-0.6504982475889753,0.056053498195730835,-0.5913503951681554,0.06049146357329299,-0.525275689720897,0.07028203855273928,0,0,0,0,0,0,0,0,0,0,0,0,0,0,0,0,0,0,0,0,0,0,0,0,0,0,0,0,0,0,0,0,0,0,0,0,0,0,0,0,0,0,good
0.0,0.0,-0.059423473968612556,-0.37384436788009145,-0.16994124089813178,-0.6761966234056399,-0.32138468385877245,-0.8789530583282057,-0.45116067106310764,-1.0,-0.4667952853224007,-0.5325128574324856,-0.6666588348781167,-0.4722609871127181,-0.5931493720087739,-0.4433002152116386,-0.5121697127891038,-0.44481603572004874,-0.5165835906001988,-0.3067176649093906,-0.6731471022677904,-0.3026126255524366,-0.5975749236178962,-0.28694047781594173,-0.5178372678465774,-0.27798889127290505,-0.5309051242358095,-0.08885297102592883,-0.670582708711254,-0.1325375054009787,-0.6045020667055596,-0.11679472379793868,-0.5249715839068271,-0.09769018390221672,-0.5260195658765722,0.10347122600886736,-0.655002473663025,0.044903042457751195,-0.5935408136666779,0.05034864758311006,-0.5273772729180298,0.06490927242388832,0,0,0,0,0,0,0,0,0,0,0,0,0,0,0,0,0,0,0,0,0,0,0,0,0,0,0,0,0,0,0,0,0,0,0,0,0,0,0,0,0,0,good
0.0,0.0,-0.06816499189712769,-0.3726989939067925,-0.18346855713162719,-0.6756212177677356,-0.33451917435440176,-0.877279968239438,-0.46131981671997724,-1.0,-0.4728814001622627,-0.5313079915402905,-0.6730337816619699,-0.4654162606922876,-0.5960408078653132,-0.4352865355683402,-0.512148151058534,-0.43730235779363785,-0.5203990946832432,-0.3063263978297731,-0.6783011617879859,-0.29703397048953545,-0.6022023334278449,-0.2780453649429896,-0.520095035389042,-0.27061101257609177,-0.5338328272031324,-0.09055044114986605,-0.672707291764098,-0.12728150759459192,-0.6080030634633614,-0.10821784015863861,-0.527634357116908,-0.09075510208270354,-0.5291505486408373,0.10068496906189352,-0.6572310548629109,0.04412466255135949,-0.5968189885469044,0.05202521962199888,-0.530149223622563,0.0654296310913383,0,0,0,0,0,0,0,0,0,0,0,0,0,0,0,0,0,0,0,0,0,0,0,0,0,0,0,0,0,0,0,0,0,0,0,0,0,0,0,0,0,0,good
0.0,0.0,-0.039655280434267,-0.37000770841817443,-0.1462079393350846,-0.6800586913813396,-0.29993718030762073,-0.8818220619627042,-0.433181216072891,-1.0,-0.4473559230634977,-0.5345399226696859,-0.6435007630103331,-0.48939784835561206,-0.5687671453568248,-0.462665915590024,-0.4852927520731058,-0.45880359532259,-0.49839762236134916,-0.31134149970687874,-0.6527237343202495,-0.31445563352233313,-0.5755662722581973,-0.30235878714920544,-0.49481975279360235,-0.28994140930917356,-0.5154070469933812,-0.09681225023158818,-0.6513407780915343,-0.14514034019968047,-0.5856333657034687,-0.13220580469620555,-0.5081632036588695,-0.11132902527108124,-0.5139190649655191,0.09284951914686047,-0.6388723557552459,0.03219327432123406,-0.5779369744514604,0.03488786433184013,-0.5124349986798354,0.04849059326850356,0,0,0,0,0,0,0,0,0,0,0,0,0,0,0,0,0,0,0,0,0,0,0,0,0,0,0,0,0,0,0,0,0,0,0,0,0,0,0,0,0,0,good
0.0,0.0,-0.03943915419216554,-0.3694061512120859,-0.145332520388316,-0.6821198996864662,-0.30231824101986865,-0.8827197431352508,-0.43692479288231056,-1.0,-0.442032653650921,-0.5362340052528755,-0.6422087737683991,-0.4886190393016867,-0.5628307306154662,-0.4607783678996692,-0.47358063465776523,-0.4562287329702035,-0.4955058911559345,-0.31806662483342174,-0.6498193515415767,-0.31782673058096456,-0.573566807045236,-0.302914472577661,-0.4919150246039858,-0.2929437666308712,-0.5158055271635766,-0.1075262643774825,-0.6492498048500688,-0.1517498264135971,-0.5845849613797208,-0.13535938854459123,-0.5068935904568449,-0.11461554385374753,-0.5184217222358791,0.08128479814381148,-0.6363052188051218,0.020114998296481265,-0.5756230242417185,0.025616663000866853,-0.5109448383382282,0.040370698615190215,0,0,0,0,0,0,0,0,0,0,0,0,0,0,0,0,0,0,0,0,0,0,0,0,0,0,0,0,0,0,0,0,0,0,0,0,0,0,0,0,0,0,good
0.0,0.0,-0.0441323706023406,-0.37015489293790493,-0.14894678425444804,-0.6818901517332238,-0.3069209790294054,-0.8826707082445779,-0.44242237613184043,-1.0,-0.44576685325939247,-0.5429781377233723,-0.6458068852314156,-0.49176291968301106,-0.5654404922727583,-0.4660503438866894,-0.4775913338144311,-0.4646849724796928,-0.5004277663900132,-0.32131963588310664,-0.6564010319947838,-0.3215617021219623,-0.5793188673763527,-0.30677905966370467,-0.4967367917922408,-0.2960802138965836,-0.5211940506330809,-0.11026759833606238,-0.6551297825822094,-0.15357496221062172,-0.5901118351378961,-0.1384709928866265,-0.5112355955190968,-0.11862102575568716,-0.5232288530103641,0.07770112049355807,-0.6413147356484041,0.016635091839234815,-0.5803133740258106,0.02231347310159418,-0.5152071955796134,0.03732291877258493,0,0,0,0,0,0,0,0,0,0,0,0,0,0,0,0,0,0,0,0,0,0,0,0,0,0,0,0,0,0,0,0,0,0,0,0,0,0,0,0,0,0,good
0.0,0.0,-0.029766285184361436,-0.37993738643650266,-0.1387539458641101,-0.6894996767870684,-0.30575943333034183,-0.8922778772779358,-0.4546049063332826,-1.0,-0.4499170832016419,-0.528588541483762,-0.6477118215292329,-0.48267305548727113,-0.5641485973079029,-0.4642659164484817,-0.4738559107646164,-0.463132785237038,-0.504749084013251,-0.30629114136436175,-0.6615870860500779,-0.3222254738613735,-0.5805440122365685,-0.313308438783991,-0.49623161035477986,-0.2964709309963152,-0.5225875763972618,-0.09327157820257191,-0.6651118628900828,-0.1527079000524164,-0.5970255305699603,-0.14413163675808977,-0.5172717967127228,-0.1203153309583361,-0.519845794264889,0.09713088367846232,-0.6432527837282774,0.03162934435248809,-0.5835032639953801,0.03382459097631116,-0.519384321636537,0.050747942037581144,0,0,0,0,0,0,0,0,0,0,0,0,0,0,0,0,0,0,0,0,0,0,0,0,0,0,0,0,0,0,0,0,0,0,0,0,0,0,0,0,0,0,good
0.0,0.0,-0.033386562897172206,-0.37946137113659195,-0.14332780501086617,-0.6819755488491384,-0.30197732758440793,-0.8802382014700899,-0.44368141559503665,-1.0,-0.4483985420333031,-0.5093276778163888,-0.64194282608242,-0.48617977349445957,-0.5604374993168265,-0.4678809101957304,-0.47023897656143643,-0.4576099561477165,-0.5006975822118523,-0.29440875932718097,-0.6571008304408184,-0.31977859217575094,-0.5767670840566691,-0.3145487130005674,-0.49247142844366626,-0.29419958403431073,-0.516430694412287,-0.08855070836393122,-0.6580864634271161,-0.15308774530895836,-0.5916952937049664,-0.1478412215439621,-0.5146959306710602,-0.1231664866401082,-0.5135382621855787,0.09141680735899547,-0.6385747809124812,0.02370065375973957,-0.5837778101284565,0.019917860191407816,-0.5227938962550169,0.036317004411064724,0,0,0,0,0,0,0,0,0,0,0,0,0,0,0,0,0,0,0,0,0,0,0,0,0,0,0,0,0,0,0,0,0,0,0,0,0,0,0,0,0,0,good
0.0,0.0,-0.03859383276946333,-0.37828345195908536,-0.14804022766133842,-0.6770907988143395,-0.3114537541130941,-0.872678161288985,-0.44721953488760097,-1.0,-0.4509558228359623,-0.5158153084265463,-0.6452611978841442,-0.49590070719088214,-0.5721941711650727,-0.4763094857500657,-0.4865018378424532,-0.46481281879469627,-0.5067145471591036,-0.3025235155751045,-0.6594313913452476,-0.3276850643925723,-0.5814144210213551,-0.3209039029585816,-0.5000602350073104,-0.3004870570794781,-0.5239275285760517,-0.09967114875642312,-0.6591498448243162,-0.16187784046089718,-0.5932868513726344,-0.1570801405303576,-0.5174722005013613,-0.13292946026734528,-0.5224703566476753,0.07685569826849503,-0.6413851794402095,0.006064720613842569,-0.5853565630272863,-0.0014385248385370573,-0.5255007541030345,0.010880086208440606,0,0,0,0,0,0,0,0,0,0,0,0,0,0,0,0,0,0,0,0,0,0,0,0,0,0,0,0,0,0,0,0,0,0,0,0,0,0,0,0,0,0,good
0.0,0.0,-0.03032569600025639,-0.37623898402661765,-0.13301977119342845,-0.682351371993429,-0.2981269929023162,-0.878744582593083,-0.43636698694496545,-1.0,-0.43453335774715995,-0.5079445089745557,-0.6255428011378351,-0.49694556164408743,-0.5404150162000821,-0.4801391399593307,-0.4523245804109205,-0.46609011388484545,-0.48909189755524746,-0.29200892565730574,-0.637654156465764,-0.32966536797363116,-0.5588329625306675,-0.32732625945063704,-0.48150475892877975,-0.3040275508619424,-0.5079775006321438,-0.0874288352271723,-0.6383836255805059,-0.16412854775200736,-0.5716752009015206,-0.15772510266886014,-0.49965346976797675,-0.12883030198913772,-0.5076643155397541,0.09139372550516708,-0.6242514133979593,0.004131026839420412,-0.5625135354166623,0.006564161586540535,-0.5020983872499497,0.03125558943484583,0,0,0,0,0,0,0,0,0,0,0,0,0,0,0,0,0,0,0,0,0,0,0,0,0,0,0,0,0,0,0,0,0,0,0,0,0,0,0,0,0,0,good
0.0,0.0,-0.032690648476203205,-0.37378343093160665,-0.13078782308119613,-0.6732257979465723,-0.2876617053832244,-0.8674711364584782,-0.4227359882609324,-1.0,-0.42447634685162605,-0.5163887366046711,-0.6143443096160892,-0.49866967234800447,-0.5353807378193082,-0.47704463154947147,-0.4492402608560464,-0.4636849871399387,-0.4802835123013827,-0.2969760445560892,-0.6272285772471923,-0.33141159742053267,-0.5514949082521681,-0.32593232034780806,-0.4746294493129936,-0.30453184194807426,-0.4993031292361151,-0.08963471789235006,-0.6301585710558161,-0.1695177908878579,-0.5649980862192329,-0.1618699410955554,-0.4924110182859252,-0.13478085164607875,-0.5000400030184096,0.08778344184152077,-0.6187562334248857,-0.004120310896185803,-0.5571228329046646,-0.005050381074208327,-0.4957605892080948,0.015951430880693725,0,0,0,0,0,0,0,0,0,0,0,0,0,0,0,0,0,0,0,0,0,0,0,0,0,0,0,0,0,0,0,0,0,0,0,0,0,0,0,0,0,0,good
0.0,0.0,-0.04006291192740637,-0.37460965096513754,-0.13603780735924517,-0.6771670386013977,-0.2935803290083094,-0.8737693201963523,-0.4304513978679999,-1.0,-0.42691516741167634,-0.523143644340093,-0.6251089465467536,-0.5055439026648405,-0.5494030116907455,-0.4830638573850366,-0.4649070117564213,-0.46970590475460744,-0.4849527202772613,-0.30189766527151235,-0.6354189043181372,-0.3385262810312375,-0.5597560691949107,-0.3293649653446223,-0.48323762456164837,-0.3065148096610902,-0.506015947357211,-0.09359118375582473,-0.6373344479973219,-0.1741993141441465,-0.5720317396466005,-0.1637379372057417,-0.4997532597308479,-0.1353696474806724,-0.5085640765323551,0.08487272352456389,-0.6261272632490631,-0.011627578173565589,-0.5650961032824665,-0.009177962673351001,-0.5050593157221897,0.013142910048349235,0,0,0,0,0,0,0,0,0,0,0,0,0,0,0,0,0,0,0,0,0,0,0,0,0,0,0,0,0,0,0,0,0,0,0,0,0,0,0,0,0,0,good
0.0,0.0,-0.05675285185423627,-0.36286727463596075,-0.15558749708212402,-0.6639767463350821,-0.3051461040169681,-0.8721433830018233,-0.4397741640641184,-1.0,-0.4244183627573479,-0.5174895186391508,-0.6371750975216558,-0.49448658302599835,-0.5592096705745402,-0.474995828477506,-0.4723118205400074,-0.4664646817664832,-0.4804661068724355,-0.29553517896378945,-0.6445582543809746,-0.33282727619508096,-0.5651837068433553,-0.3211846773518956,-0.48639229654466554,-0.2992063377360961,-0.5042917411737811,-0.08699737533498092,-0.6489467836357194,-0.1714751948790784,-0.5791402415497655,-0.15894267123716627,-0.5043539308004638,-0.13013223178862185,-0.5099803401947761,0.09177546566672755,-0.6371492581697242,-0.013155733774091363,-0.5731710227872427,-0.007844652064367139,-0.5126956619231748,0.018377910594966407,0,0,0,0,0,0,0,0,0,0,0,0,0,0,0,0,0,0,0,0,0,0,0,0,0,0,0,0,0,0,0,0,0,0,0,0,0,0,0,0,0,0,good
0.0,0.0,-0.05584243533983428,-0.3652162643785519,-0.15318720396613594,-0.6648278930320887,-0.30354352824069825,-0.8718634189660138,-0.44031818682881846,-1.0,-0.42313774388173764,-0.517256242578182,-0.6382627076596352,-0.48910344548378315,-0.5565079098950313,-0.4721637131213892,-0.46720516308802196,-0.4650400879935805,-0.47815903488697276,-0.29336701521295294,-0.6451899578360426,-0.3299853879433921,-0.5645028457315786,-0.32119791140662335,-0.48360186645315156,-0.29847034364186315,-0.5012962947072055,-0.08429315028767555,-0.647497170990546,-0.1674040903637216,-0.5773767914951273,-0.15703901337703968,-0.5019966436935477,-0.1290149326373409,-0.507241010042736,0.0932804122091753,-0.6355709956507074,-0.00924953524594835,-0.5717595877732224,-0.0058974093248288124,-0.5112873241674087,0.018470466857518915,0,0,0,0,0,0,0,0,0,0,0,0,0,0,0,0,0,0,0,0,0,0,0,0,0,0,0,0,0,0,0,0,0,0,0,0,0,0,0,0,0,0,good
0.0,0.0,-0.05500538158827812,-0.36727546866538147,-0.1525021698537616,-0.6709106673893298,-0.30557572904783287,-0.8749431626630296,-0.4412354029764449,-1.0,-0.4214412040368821,-0.523446155492916,-0.6342930553931806,-0.4888787454790601,-0.5533493395463059,-0.4724293127776475,-0.4665445509307505,-0.46648028333892294,-0.4768464484917186,-0.29998927411180765,-0.6422156263249708,-0.33067518479126085,-0.5638618066914188,-0.32333508003727957,-0.4855429723168993,-0.30318466755120516,-0.50008960174492,-0.09147756896537731,-0.6429573357507892,-0.16825387146437765,-0.5755046596197508,-0.15940380731742465,-0.5020292546955372,-0.13344035824905248,-0.5058635952168241,0.08767810403146437,-0.6344009723050548,-0.009619959188982473,-0.5721481585141508,-0.008976405897439891,-0.5117051464303082,0.013064526636284693,0,0,0,0,0,0,0,0,0,0,0,0,0,0,0,0,0,0,0,0,0,0,0,0,0,0,0,0,0,0,0,0,0,0,0,0,0,0,0,0,0,0,good
0.0,0.0,-0.05033408147762728,-0.37124583247973575,-0.1512313560689429,-0.6740913038197057,-0.31292026461827416,-0.8736674812858171,-0.45822712464216886,-1.0,-0.4481872306635218,-0.5182072365737409,-0.6533869543698455,-0.49664468161867487,-0.5759230864759322,-0.4783198298727127,-0.48574272961472986,-0.46737323395946606,-0.5038171675547103,-0.2952054707598257,-0.6627979810981767,-0.3301172344525886,-0.5816191507414061,-0.32030985139243673,-0.4994293737887224,-0.29644711532360263,-0.5235561207932746,-0.08495192054925152,-0.665696322610939,-0.15925094318756605,-0.594672168669675,-0.15310708011610136,-0.5173834771305342,-0.12714744002306072,-0.5242876463731017,0.09638212104346186,-0.6456129087523818,0.002227436469677494,-0.5807105225467605,0.0013995978875499242,-0.5187710642201502,0.020949551022776097,0,0,0,0,0,0,0,0,0,0,0,0,0,0,0,0,0,0,0,0,0,0,0,0,0,0,0,0,0,0,0,0,0,0,0,0,0,0,0,0,0,0,good
0.0,0.0,-0.049220329789457375,-0.36553748090324883,-0.1494086695257013,-0.6695346374323243,-0.3060730154095437,-0.8746195310574023,-0.44686369826144584,-1.0,-0.43088592952155275,-0.5205050824697046,-0.6382607019159806,-0.48449902870044687,-0.5552291392323365,-0.46015460144436615,-0.4655705556887905,-0.452520257328757,-0.4854793202165354,-0.29729931697942874,-0.6465980946644819,-0.3218999872548699,-0.5623620557481598,-0.3064250982330067,-0.47890100116850837,-0.28332614162464553,-0.5075240389797685,-0.08618902625306914,-0.6477957571115536,-0.1556603736702367,-0.5747881666660896,-0.14144972113186138,-0.49609832583053626,-0.11372096475608491,-0.5108350919788451,0.09544058328685624,-0.6280023801335033,0.007563525425864393,-0.5630843170224338,0.014541065289581979,-0.5021203718897164,0.03634205159063357,0,0,0,0,0,0,0,0,0,0,0,0,0,0,0,0,0,0,0,0,0,0,0,0,0,0,0,0,0,0,0,0,0,0,0,0,0,0,0,0,0,0,good
0.0,0.0,-0.048562073559637785,-0.3667934747508688,-0.15111882370983445,-0.6728513442463301,-0.3113937074752556,-0.8734248769186279,-0.448355981755793,-1.0,-0.4308133213516302,-0.52546907191441,-0.6377654685925279,-0.48823849655518636,-0.5556208177135085,-0.4617004593454732,-0.4666052933590101,-0.45277898795741184,-0.4857290414334189,-0.3043620397806452,-0.6440275656110325,-0.32126485238114155,-0.5647485806497862,-0.305572934548874,-0.48536284341883357,-0.2883434289317294,-0.5076263510764779,-0.09470945960491894,-0.6444839815001202,-0.15788549720479947,-0.5743946802303452,-0.14037745915837932,-0.4985200051755986,-0.11533950217932207,-0.5103089179869584,0.08917765020277382,-0.627893324964784,0.004274751490259466,-0.5625536119441807,0.012969402047468584,-0.5003230310365024,0.0345025111196582,0,0,0,0,0,0,0,0,0,0,0,0,0,0,0,0,0,0,0,0,0,0,0,0,0,0,0,0,0,0,0,0,0,0,0,0,0,0,0,0,0,0,good
0.0,0.0,-0.049311746345406776,-0.37692502167044106,-0.14929685437586504,-0.6794710792477332,-0.3103488686851151,-0.8727936452290453,-0.4505867581232454,-1.0,-0.43201994652520526,-0.5174645489012396,-0.641329092082533,-0.484610160523813,-0.5601629425012453,-0.46827368110830214,-0.47006429241974174,-0.455940940660808,-0.4870127614012662,-0.29349468944322465,-0.6511546638844491,-0.3228503028611015,-0.5736055983080578,-0.317352898230872,-0.4926659005066733,-0.2955701808921843,-0.5081734345808514,-0.08484266740310975,-0.6529120950386951,-0.16054124098033176,-0.5842500608582176,-0.15189295031142985,-0.5086147194997549,-0.12371059618933156,-0.5089402648804346,0.09550880318726132,-0.633242294578798,-0.00015282981495191725,-0.5684784261389033,0.002894605632605392,-0.50695124293204,0.02880104675017118,0,0,0,0,0,0,0,0,0,0,0,0,0,0,0,0,0,0,0,0,0,0,0,0,0,0,0,0,0,0,0,0,0,0,0,0,0,0,0,0,0,0,good
0.0,0.0,-0.048076816515335866,-0.3728257636588683,-0.1521311968695228,-0.6755245307916788,-0.31445395255096253,-0.8710255444959123,-0.45259019874334483,-1.0,-0.438675847375804,-0.51294990226774,-0.6400234454436147,-0.4883252459762194,-0.5586431061451488,-0.4751524082569963,-0.47103244021462254,-0.4647132304550312,-0.4919730363965213,-0.29217540782970797,-0.6511349558198243,-0.32727349662977345,-0.5736710713069928,-0.3262368999535323,-0.49353755855064085,-0.3045912836996068,-0.5107893929965245,-0.08635835415762023,-0.6515541841732285,-0.1634704002953517,-0.5842498426354452,-0.1599643303277627,-0.5094740570412508,-0.13334819942821508,-0.5109340239798618,0.0912511800242671,-0.6339946170855536,-0.004375870850352941,-0.5717176574840545,-0.00597934933744569,-0.510550953372292,0.016796000572702873,0,0,0,0,0,0,0,0,0,0,0,0,0,0,0,0,0,0,0,0,0,0,0,0,0,0,0,0,0,0,0,0,0,0,0,0,0,0,0,0,0,0,good
0.0,0.0,-0.043643152780277125,-0.37355745006298363,-0.1477422620118769,-0.6750976246175995,-0.31183529782256614,-0.8704723771819327,-0.4508855947453662,-1.0,-0.4403576570091776,-0.5151291164297283,-0.6405727010977146,-0.4869358466798632,-0.5629807000179953,-0.4686978135684722,-0.47807000179953213,-0.4595615889868634,-0.49543638653949973,-0.29391555695519167,-0.6515579449343171,-0.32387506748245454,-0.5732406199388159,-0.3170125517365485,-0.49360603743026815,-0.2953563073600864,-0.5148486143602663,-0.08639013856397337,-0.6536054750764801,-0.15998537880151162,-0.584986953392118,-0.15186701457621019,-0.5098517635414792,-0.1250483624257693,-0.5150233939175815,0.09182382580529062,-0.6345771099514126,-0.00046045528162677704,-0.5728546202987224,0.0006307360086377542,-0.5127294403455102,0.02177681302861256,0,0,0,0,0,0,0,0,0,0,0,0,0,0,0,0,0,0,0,0,0,0,0,0,0,0,0,0,0,0,0,0,0,0,0,0,0,0,0,0,0,0,good
0.0,0.0,-0.047541036820264705,-0.37694651508510174,-0.15738848901103267,-0.6762101642698587,-0.3219736444564399,-0.8693863153017917,-0.4616930280364455,-1.0,-0.44745405213134054,-0.503511961416207,-0.6474350753046337,-0.48535141065240106,-0.5688090429573159,-0.4737748653746232,-0.4816979175202645,-0.4609691392760613,-0.5006379709504735,-0.28397935884203224,-0.6559539907290484,-0.32318511962551183,-0.5779004411204227,-0.32369949150730254,-0.4986347353561208,-0.30191132510232394,-0.5174263337065896,-0.07917604252806743,-0.6577495254090857,-0.16226730403986223,-0.5890628330450112,-0.15916994996791417,-0.515436036857719,-0.13144902826616497,-0.5151066663367665,0.09636482540751941,-0.6381682095931491,-0.003709788024759765,-0.5747013930488973,-0.005697360927213201,-0.5144095630494853,0.018189606192256593,0,0,0,0,0,0,0,0,0,0,0,0,0,0,0,0,0,0,0,0,0,0,0,0,0,0,0,0,0,0,0,0,0,0,0,0,0,0,0,0,0,0,good
0.0,0.0,-0.050228123958244816,-0.3775787671968393,-0.15944842185470473,-0.6747412712004475,-0.3279898198633124,-0.8683868097102555,-0.4716948405513447,-1.0,-0.46669908460942994,-0.5017298388565228,-0.6701589490797071,-0.4840348246209529,-0.588037709086393,-0.47200672512790537,-0.4996372240778628,-0.46224072260108,-0.519511695204728,-0.27275286695694967,-0.67737209697556,-0.3144466523299365,-0.5928218457403944,-0.3133144366141287,-0.5098166604258625,-0.28986589896994047,-0.534410720238601,-0.06036320546376956,-0.6767025723007277,-0.14684651076795507,-0.6058680055915115,-0.14494859040310615,-0.5281216704687326,-0.11670786219930919,-0.5305439117609433,0.11731155495004711,-0.6541141684307443,0.01761634275181178,-0.5922266737883424,0.012119843983008827,-0.5320206945688196,0.03222192548573222,0,0,0,0,0,0,0,0,0,0,0,0,0,0,0,0,0,0,0,0,0,0,0,0,0,0,0,0,0,0,0,0,0,0,0,0,0,0,0,0,0,0,good
0.0,0.0,-0.05545942698485692,-0.37199468403517094,-0.164655916058439,-0.6809645436130494,-0.32957078907678594,-0.876791410048349,-0.4748174594322844,-1.0,-0.4694046567447207,-0.5151128486253239,-0.6733849336190934,-0.48648834850259043,-0.5917002728563242,-0.4654583935659192,-0.49859404437534643,-0.4605892800490645,-0.5207935212100203,-0.28746318294478146,-0.680256567329171,-0.3119903817362835,-0.595661471227232,-0.301926230268383,-0.5088771650307412,-0.2826415247963936,-0.5353452161254787,-0.07271824591468296,-0.677062724675274,-0.1373355954528603,-0.6039168986639989,-0.13084938605520385,-0.5220936055938558,-0.11004345900012744,-0.5310670062576046,0.11158274734785917,-0.6477833645567175,0.036218081748014885,-0.582736146465093,0.032890183700454004,-0.5190326138826464,0.044196365015131515,0,0,0,0,0,0,0,0,0,0,0,0,0,0,0,0,0,0,0,0,0,0,0,0,0,0,0,0,0,0,0,0,0,0,0,0,0,0,0,0,0,0,good
0.0,0.0,-0.04398135049198858,-0.3751034750670155,-0.1482622516031323,-0.6795289726606158,-0.31796947954100646,-0.8724026773270758,-0.45747858212356746,-1.0,-0.4522161870222747,-0.5154432433735964,-0.6531838087276965,-0.4865664471693973,-0.5758443887802107,-0.4695228769733683,-0.4893623930240315,-0.46211159095049503,-0.5050901256790794,-0.2916195402949281,-0.6605519975493093,-0.31798499930877344,-0.5812852612108236,-0.3127190227226114,-0.49997576528571774,-0.2926825250041366,-0.5222327836231591,-0.08310835639212676,-0.6605785005373421,-0.152239132402004,-0.5914657513346403,-0.14643497802281502,-0.5150858111836402,-0.12017696355504874,-0.5202204666579279,0.09627604366259834,-0.6407411333776005,0.009248110229508713,-0.5786568094652437,0.008323132070597275,-0.518503741577243,0.027534694440843062,0,0,0,0,0,0,0,0,0,0,0,0,0,0,0,0,0,0,0,0,0,0,0,0,0,0,0,0,0,0,0,0,0,0,0,0,0,0,0,0,0,0,good
0.0,0.0,-0.04448465317260899,-0.3794022018903418,-0.15382732977259636,-0.6759998067174304,-0.3224266626606781,-0.8673945222571576,-0.4611930223078704,-1.0,-0.46263953183517015,-0.5117175165677609,-0.6585444530773072,-0.4878246333850667,-0.5799964979494825,-0.4736934768089622,-0.49378098979812496,-0.46386142213870035,-0.5160051363407591,-0.28650481005681744,-0.666572616835486,-0.3233344687886924,-0.5837443378732411,-0.3201213852810539,-0.5017383470704295,-0.29537093030153994,-0.5316531305078356,-0.07684704459469027,-0.6672611859895015,-0.15437871136023087,-0.5945251037697756,-0.15139598814278415,-0.5173540477388809,-0.12220936329659689,-0.5270662576475789,0.10095186881280488,-0.6433788280952482,0.007680829239634026,-0.5766213489209666,0.006901240261716081,-0.5148617072783327,0.029827949807769958,0,0,0,0,0,0,0,0,0,0,0,0,0,0,0,0,0,0,0,0,0,0,0,0,0,0,0,0,0,0,0,0,0,0,0,0,0,0,0,0,0,0,good
0.0,0.0,-0.04359188221658461,-0.3773880031744884,-0.151854925119757,-0.6711697266476223,-0.32111053804532974,-0.8623634237275878,-0.4577032253030323,-1.0,-0.4610352010414149,-0.5108145284228998,-0.6574369241719781,-0.4890491569906307,-0.5794698575857521,-0.4744663509941211,-0.49408589769697336,-0.46581120739039167,-0.5144667125965146,-0.28787261699264804,-0.6647307061333475,-0.3232223436022069,-0.5814962583668133,-0.31917239679582216,-0.5001127628516345,-0.2950221148411138,-0.5291433686878971,-0.07987083181872681,-0.6650299796931709,-0.1568854805220016,-0.5924950374829429,-0.15335676453403727,-0.5155125047817158,-0.12491673629098715,-0.5244157742383035,0.09599925015082626,-0.6417569403869907,0.005307228812478708,-0.5753888653107211,0.002698933653573488,-0.5135529528641765,0.022886338851893367,0,0,0,0,0,0,0,0,0,0,0,0,0,0,0,0,0,0,0,0,0,0,0,0,0,0,0,0,0,0,0,0,0,0,0,0,0,0,0,0,0,0,good
0.0,0.0,-0.04503630007027067,-0.382432670159902,-0.1640088017158803,-0.6798027878221987,-0.33965866044959697,-0.8670651893393494,-0.48162523403420354,-1.0,-0.47658087265156285,-0.5122637788996599,-0.6735706152598516,-0.4946893446655667,-0.5939435282837041,-0.48140146978796045,-0.5041930423334889,-0.4731108353124145,-0.5291304318408306,-0.2913028685319809,-0.682768389023083,-0.3208559393217092,-0.5989686788050312,-0.3180509119238796,-0.5158819452700685,-0.29825502551299043,-0.542584075911658,-0.08475711188502287,-0.6823415212682358,-0.14879911576875826,-0.6095775447021036,-0.14978623990040316,-0.531341009945185,-0.12803833666321596,-0.5359477503235641,0.09129798728168487,-0.653981940340489,0.018560833427575293,-0.5888281229611114,0.010419294567506725,-0.5261596352497798,0.021958618596500386,0,0,0,0,0,0,0,0,0,0,0,0,0,0,0,0,0,0,0,0,0,0,0,0,0,0,0,0,0,0,0,0,0,0,0,0,0,0,0,0,0,0,good
0.0,0.0,-0.050108112201616414,-0.3807431994188148,-0.16599660433800956,-0.6774742237625149,-0.3383509371515857,-0.8700658802382936,-0.4760642141804125,-1.0,-0.467686384551673,-0.5149287051930408,-0.6636833782895027,-0.4853997762503855,-0.5829579288134128,-0.4712342230362722,-0.49781613591630436,-0.4659749365075232,-0.520180585958338,-0.29516721377739563,-0.6716360932065498,-0.3201406426148174,-0.5882875700949538,-0.3150433272996269,-0.5061963545009961,-0.2951743806452522,-0.5342762622108498,-0.08918856483232276,-0.6708822581558359,-0.1534940033622166,-0.5998694674467723,-0.15030689722639826,-0.5219754085652193,-0.12573505188453984,-0.5292666215791046,0.08759345894304467,-0.6463968930194468,0.008776546377160244,-0.5836350783780614,0.0043309382457275315,-0.5225341853624369,0.019700525259745208,0,0,0,0,0,0,0,0,0,0,0,0,0,0,0,0,0,0,0,0,0,0,0,0,0,0,0,0,0,0,0,0,0,0,0,0,0,0,0,0,0,0,good
0.0,0.0,-0.04773385870448829,-0.3812518529853387,-0.16017468272109103,-0.6811798854257324,-0.33230482684748613,-0.8753682061189162,-0.47133515364237144,-1.0,-0.4618521724161016,-0.5184220215950498,-0.659707610868297,-0.484132946318417,-0.5778801369535487,-0.4680798768183166,-0.4928161551630149,-0.46043170971968517,-0.5142734862902995,-0.29822304683390555,-0.6666561863409876,-0.3235974694197645,-0.585209949216247,-0.31723491550386856,-0.5033984946586203,-0.2955934813171259,-0.5299393416283318,-0.09274633945735025,-0.6641269211273801,-0.15993080594102962,-0.5949319057774888,-0.1545647994950316,-0.5175933187326058,-0.12694336320425398,-0.5266890857968076,0.08548670154264018,-0.6426230860454663,0.0011108348236914336,-0.5805383938562179,-0.000625472212392766,-0.5195876091468138,0.018097091649850326,0,0,0,0,0,0,0,0,0,0,0,0,0,0,0,0,0,0,0,0,0,0,0,0,0,0,0,0,0,0,0,0,0,0,0,0,0,0,0,0,0,0,good
0.0,0.0,-0.04588060520752779,-0.37893482631395514,-0.1483371116495508,-0.6828228007710169,-0.3152059997846568,-0.8714673479163341,-0.45288215258805464,-1.0,-0.4530982315616084,-0.5277340183110375,-0.655754801134991,-0.4863341699342173,-0.575744755056947,-0.46594131824851925,-0.489563827055393,-0.4607470838536029,-0.5069237246128667,-0.3050912473790307,-0.6636386178499872,-0.32046351269850265,-0.5834397172774638,-0.30928308135974253,-0.5030110028590609,-0.2919035625560892,-0.5251808036519063,-0.09520375805728079,-0.6633147446552339,-0.15588834824180145,-0.5922392330251081,-0.14282771098787334,-0.514445774601425,-0.11706133577029211,-0.5242691515012828,0.08970711120562011,-0.6444994411623822,0.006873322536742623,-0.5795564273929275,0.01096435236520633,-0.5169943292145885,0.03131182991911387,0,0,0,0,0,0,0,0,0,0,0,0,0,0,0,0,0,0,0,0,0,0,0,0,0,0,0,0,0,0,0,0,0,0,0,0,0,0,0,0,0,0,good
0.0,0.0,-0.0433627138783944,-0.3814822369372787,-0.15900022769686045,-0.669277401563656,-0.3191894816943844,-0.8708765400804495,-0.44935137338855474,-1.0,-0.4625882196400533,-0.5103132752942717,-0.6584311144794316,-0.5086105772540893,-0.5752282835086359,-0.502706188790352,-0.48615652083323124,-0.48720217289334633,-0.5165956972771529,-0.29669055635652014,-0.6761475032123824,-0.3451732262530612,-0.5947376238504596,-0.3472206929256416,-0.5132416167972722,-0.321348604924802,-0.5358950046712668,-0.09622087678505442,-0.6789815942029359,-0.1781198015556105,-0.6085416493143436,-0.18101152589645647,-0.531214970333652,-0.15079231029280063,-0.5360056297597475,0.07504661596822867,-0.6586858874104782,-0.016540900467590845,-0.5950733671259886,-0.018604097047857343,-0.5317588125518474,0.007611728116023799,0,0,0,0,0,0,0,0,0,0,0,0,0,0,0,0,0,0,0,0,0,0,0,0,0,0,0,0,0,0,0,0,0,0,0,0,0,0,0,0,0,0,good
0.0,0.0,-0.049517477944847,-0.3864843667711425,-0.16533623433489514,-0.675210929335076,-0.32166429917555345,-0.8617777645199449,-0.44327405938095366,-1.0,-0.4803753421554825,-0.5017371427545665,-0.6624433722612052,-0.5113215880079733,-0.5794029065100154,-0.5000777431108913,-0.492400049945659,-0.4838116140552153,-0.5360201387655134,-0.28499119747357327,-0.6827739217136113,-0.33710838392795156,-0.600162428985166,-0.33911465775740296,-0.5182936535487156,-0.3111149946002196,-0.549536880724645,-0.08610557699247409,-0.6829525064827723,-0.16838761843945158,-0.6120378541634274,-0.17197488884319043,-0.534237326882987,-0.14161389418542247,-0.5427509234799242,0.07821458524116336,-0.6536826872031671,-0.004784699099843009,-0.5931077366406582,-0.014472361862107215,-0.5328215839162307,0.004194960187343738,0,0,0,0,0,0,0,0,0,0,0,0,0,0,0,0,0,0,0,0,0,0,0,0,0,0,0,0,0,0,0,0,0,0,0,0,0,0,0,0,0,0,good
0.0,0.0,-0.0647143555898102,-0.3751926058926843,-0.1914550016926668,-0.6576910433132928,-0.34161138206703695,-0.8514019137847969,-0.4580922635026143,-1.0,-0.5039740939335189,-0.5245635643828622,-0.6697960596675762,-0.5068116830127878,-0.585559562587962,-0.488053078113053,-0.4965862002048341,-0.4854430654838609,-0.5532042213212351,-0.3069750728030379,-0.680003330237763,-0.33286705923476767,-0.5959907365518694,-0.32328038214478333,-0.5102039036018603,-0.30428700772627404,-0.5583155853290783,-0.09779237069464229,-0.6753402321494052,-0.1546675057559854,-0.604072684887883,-0.15073366239837113,-0.5198117007658934,-0.13204178468910946,-0.5447874126807374,0.08153450499749926,-0.6461195383947642,0.028670653565282762,-0.5804864595838305,0.01749201263286516,-0.5108365875592357,0.024166262120320754,0,0,0,0,0,0,0,0,0,0,0,0,0,0,0,0,0,0,0,0,0,0,0,0,0,0,0,0,0,0,0,0,0,0,0,0,0,0,0,0,0,0,good
0.0,0.0,-0.05016769093317435,-0.3931164872038378,-0.189968269440951,-0.6760302891434222,-0.3557876385722286,-0.8510769276088669,-0.46928054078861436,-1.0,-0.5118665729824616,-0.5136226497075493,-0.674442087461726,-0.4952323822422683,-0.594261753177826,-0.48353100633640417,-0.5072454065337704,-0.48178999317453214,-0.561625037114946,-0.2947500804226903,-0.6915009033116741,-0.3240336473137817,-0.6119530713099041,-0.3239020921950323,-0.529029494791522,-0.3064296978483541,-0.5712704040148078,-0.09123297273394634,-0.6866964635105266,-0.15479317560332082,-0.6201784463173102,-0.15615626070140637,-0.5431169391107342,-0.1355084672288835,-0.563664141455562,0.08056328353542498,-0.6631268408929546,0.007281391712563112,-0.6037102895183375,-0.0028242507299970107,-0.543764337583155,0.006995518757316289,0,0,0,0,0,0,0,0,0,0,0,0,0,0,0,0,0,0,0,0,0,0,0,0,0,0,0,0,0,0,0,0,0,0,0,0,0,0,0,0,0,0,good
0.0,0.0,-0.06178965844282675,-0.3885477016578437,-0.19629545314665506,-0.6873407096018788,-0.35929573715350976,-0.8780372234362753,-0.4959749629048488,-1.0,-0.514631914510229,-0.5364166491788642,-0.6970442153439338,-0.4945612316554189,-0.6152216921914428,-0.47797797500887984,-0.5223127056361643,-0.4822013719829833,-0.5608990782012504,-0.31025598435070323,-0.7046113666513664,-0.31929674563738036,-0.6226878097287549,-0.3098129188266883,-0.5344508471635279,-0.29504419161490153,-0.5704381491651459,-0.09144130883409625,-0.7002613530442494,-0.13829799067004114,-0.6307745897658167,-0.13182330176136156,-0.5460502655056249,-0.1140610088249754,-0.5593021884841524,0.1007026759674586,-0.6765228662594666,0.04179053345089091,-0.6138711765669874,0.0374433005897406,-0.5451923126833902,0.04721076348902792,0,0,0,0,0,0,0,0,0,0,0,0,0,0,0,0,0,0,0,0,0,0,0,0,0,0,0,0,0,0,0,0,0,0,0,0,0,0,0,0,0,0,good
