0,1,2,3,4,5,6,7,8,9,10,11,12,13,14,15,16,17,18,19,20,21,22,23,24,25,26,27,28,29,30,31,32,33,34,35,36,37,38,39,40,41,42
0.0,0.0,-0.14538239690508778,0.005674874239227773,-0.2993718931090106,-0.07086521483225426,-0.302717245594823,-0.20875868704893982,-0.2106520487926002,-0.3114237706163118,-0.3338410402598617,-0.38046305393819396,-0.4562208689276639,-0.5794488386132405,-0.5262600894570955,-0.6953458808803762,-0.6009579366140174,-0.7991982368088303,-0.23852314240520098,-0.4406406289041727,-0.2926767066844778,-0.46291100069019586,-0.2320001271481988,-0.2803986721350814,-0.19239044085250784,-0.17678737668513703,-0.14099672202563757,-0.47426351099428066,-0.17968281214296564,-0.5314681630550585,-0.1543380073323865,-0.34650260380230435,-0.13332582950520852,-0.21522229699995388,-0.0460932022352028,-0.4994089432603768,-0.05035944118366636,-0.7112036583246505,-0.05189855970793433,-0.8525606162101969,-0.061755671708561735,-1.0,i love you
0.0,0.0,-0.16507504276112786,0.0012003261653252583,-0.297359661103585,-0.05489121847416454,-0.30318523622421883,-0.17962639110440679,-0.22110560721194988,-0.3044312975310449,-0.34152692326966133,-0.34909053212247004,-0.47877508308181876,-0.5397611730581855,-0.5566103434300953,-0.6562574796012662,-0.6321865828536594,-0.75724524554927,-0.2530307030823961,-0.40849108801590284,-0.3105651176698801,-0.4337691957888459,-0.2432782988769859,-0.25231477599640767,-0.20906605251092567,-0.16419004318430086,-0.16237942335658268,-0.4513413256394695,-0.2008944121640133,-0.5137179114501763,-0.17140075378398054,-0.3247456671240017,-0.15239411417251875,-0.19994725213680237,-0.07304836471542685,-0.4874778903785704,-0.0775044428247538,-0.7114797614868111,-0.08306396728353865,-0.8517421621893029,-0.09481445621924896,-1.0,i love you
0.0,0.0,-0.164404518949437,0.0003423268303652917,-0.29511405894726855,-0.055462632360002345,-0.2993581469962389,-0.17773516882731885,-0.2233539441795518,-0.30344293347036866,-0.34065391875011886,-0.3513351628669892,-0.47508989020249237,-0.5398357360585634,-0.5537569781442161,-0.6570679216820521,-0.6300093483065703,-0.7567761498191609,-0.2516936453278368,-0.410732838220771,-0.30452853694100585,-0.43947319508374755,-0.2394494812062374,-0.2553329755828428,-0.21004741010930736,-0.1682005039223479,-0.15990711688853537,-0.45255131520360503,-0.19236866050805143,-0.5167784261161257,-0.1647092015922707,-0.3234841499344462,-0.15163794369409864,-0.19639502006611653,-0.07050707308795466,-0.48670733742073397,-0.07428129501494886,-0.7092392364582387,-0.07986900606992918,-0.8503848431952935,-0.09236011214046615,-1.0,i love you
0.0,0.0,-0.16339186922358703,0.002736855119016853,-0.29584965915920725,-0.05050416732143748,-0.30292043920164385,-0.1736379215451747,-0.2264496625851171,-0.3088711949747364,-0.34490044628682265,-0.3458057802050432,-0.48078285515824104,-0.5350371028520203,-0.5587240918670141,-0.651836846256337,-0.6335450694578398,-0.7525932523974542,-0.2556442733806556,-0.4074094486097385,-0.3076611040317249,-0.4358724538724822,-0.23826567533744591,-0.2535455312109077,-0.20357332328399774,-0.1632303053007018,-0.16266666865270138,-0.45234323545409566,-0.19764937897936188,-0.5153636417123889,-0.1631934643570076,-0.32338384564339706,-0.14317741223154087,-0.19504141751240714,-0.07320126699083718,-0.4896988103900398,-0.07669599295156285,-0.7108706354094595,-0.08065416010964897,-0.8515921171303685,-0.09273878405521971,-1.0,i love you
0.0,0.0,-0.15498561281962744,0.006535950624434569,-0.28926249766401696,-0.049739124838647,-0.29630200578952515,-0.1733568478646949,-0.2234386413056258,-0.30672542824293236,-0.34012012212705023,-0.34942653008436764,-0.47583114586311326,-0.5405386312810098,-0.5519255554689231,-0.654696730613816,-0.6271617589364501,-0.7545617076995239,-0.2506450035952481,-0.4135598649028293,-0.29562221306393105,-0.4431030270627504,-0.2279491739592654,-0.2585392525596805,-0.19261609062252866,-0.161994230276568,-0.15713518751601155,-0.4566299221173969,-0.1870269587914026,-0.5177292883388964,-0.15385572721163449,-0.3190309042822437,-0.13673685135474642,-0.18675270509931177,-0.06604296228640452,-0.49227102106283205,-0.0707309182672018,-0.7089693085861455,-0.07591055072270056,-0.8502678800164849,-0.09066619142561178,-1.0,i love you
0.0,0.0,-0.16999566480213443,-0.006661153215587445,-0.29786831895039534,-0.06203589731212641,-0.3045793722588682,-0.18401260089365976,-0.22828824045245738,-0.3089710896174099,-0.34749314662958986,-0.34949424219122105,-0.4823657654404381,-0.5373872372467329,-0.5606349776635983,-0.6542741313539494,-0.6363928913346044,-0.7528115901825538,-0.256953705239744,-0.40709712727201997,-0.3110136328072132,-0.4364516206888229,-0.245708770226468,-0.2614865685753045,-0.21259954941234493,-0.1704179825270242,-0.163904085503911,-0.4512864600375106,-0.19995924486291272,-0.517470786296131,-0.17036115752328934,-0.33598129703783886,-0.15133781639841293,-0.20751859975043843,-0.07623715823655516,-0.4865595627366881,-0.0782989486050429,-0.7110468927466752,-0.08407768487195177,-0.8536078938280816,-0.09866083426234068,-1.0,i love you
0.0,0.0,-0.1678843829150725,-0.00518779397835952,-0.2926641732805644,-0.06354119240489611,-0.3018876456058763,-0.18353144719666953,-0.22872134653284243,-0.3095279052237068,-0.34111215986847343,-0.34882638322289666,-0.4783211316185716,-0.5388541073479801,-0.5585672845707707,-0.6598392920432564,-0.6341158195389174,-0.7604775438474268,-0.2522382342288316,-0.40473370983228185,-0.3054209229702466,-0.4407537938000486,-0.2389097233720446,-0.264332686227364,-0.2082882249168688,-0.17213213156072027,-0.16125301730869082,-0.44729380447312833,-0.19784491359414091,-0.5164720975384245,-0.16449320185793223,-0.3308642437558315,-0.14346571051913182,-0.2028574656903658,-0.0737343773984826,-0.4836883106759288,-0.07673896238289267,-0.7108471604856051,-0.08267999978107553,-0.8520272074019388,-0.09491695729146638,-1.0,i love you
0.0,0.0,-0.15930729970020782,-0.00535669727361173,-0.29771850477270423,-0.07011833373720958,-0.30599576731884404,-0.19780065112632372,-0.22498314030376804,-0.3173500539913974,-0.35173259632557363,-0.3707490025748065,-0.4814746825243643,-0.5655922649535767,-0.558157250749535,-0.6761994005902012,-0.6340038442616861,-0.7759621592151046,-0.2549858166884862,-0.42906822206115663,-0.30027421759935163,-0.45971337261679834,-0.24158218088585606,-0.2820282130009452,-0.20575594011750126,-0.18384220829997855,-0.15745914312701023,-0.46564593448651,-0.18409828147296955,-0.5269692948953717,-0.16098481356247318,-0.3476800501541185,-0.1475186596822445,-0.22539338109219845,-0.06330582719763317,-0.49280060148282406,-0.06730851165623916,-0.7151279236611721,-0.07648710376440657,-0.8567121121083332,-0.09445434101854713,-1.0,i love you
0.0,0.0,-0.15821501317376727,-0.00028398677886328947,-0.29812587121854933,-0.07506690360591925,-0.3168715280604232,-0.20093432799990066,-0.24402535507545312,-0.31899085125669324,-0.3555984716682372,-0.36937734921451787,-0.4785069147906293,-0.5685348052816482,-0.5545038463537247,-0.6728679261422822,-0.6268956404925136,-0.7715905260170981,-0.2610526044691931,-0.42909384762764113,-0.3140422379169949,-0.45966835863000177,-0.2634405078741371,-0.29311482677726286,-0.22395956212228033,-0.19644779679147828,-0.16269499084113895,-0.4683121918398526,-0.20292809914656798,-0.5312352114172343,-0.18238999134012787,-0.36072759482284056,-0.16616767775157895,-0.24268544336659773,-0.06754251868449046,-0.49957034065076433,-0.07467369114287778,-0.7171597458973683,-0.08335161426363263,-0.8587894138006997,-0.10225202665382632,-1.0,i love you
0.0,0.0,-0.15585180069854665,0.006899667051759329,-0.29943056992631917,-0.06632506118428284,-0.30960487730446884,-0.1963700108200062,-0.23482729498453522,-0.30967583576779606,-0.349743482836168,-0.356017509580552,-0.47679298819074933,-0.5603533615528494,-0.5530479442683881,-0.6730696051509352,-0.6274558932858917,-0.7774751865674238,-0.2574106375548363,-0.42332109029302134,-0.3084281494542923,-0.4534953072339139,-0.24864460059428872,-0.2792302490827575,-0.20293923404744757,-0.18056412905906757,-0.1618372398363596,-0.4636067723128424,-0.19589370793218225,-0.5251109479633298,-0.16969751288267135,-0.3528909312764964,-0.1443094558877205,-0.2320797415442324,-0.06785461028266976,-0.49492362921466604,-0.070782110675724,-0.7155210275898564,-0.07811947086320276,-0.8586216967791814,-0.09203753285307285,-1.0,i love you
0.0,0.0,-0.15565293351772203,0.008962098394521471,-0.29886050135710995,-0.06105494116848639,-0.3087339385819863,-0.19140066067130573,-0.2333300261645622,-0.30498466578659983,-0.3457492267001494,-0.3506441461051818,-0.47392992142271495,-0.5560096897529301,-0.5514909632145495,-0.669736392717951,-0.6275251728469794,-0.7750375365590672,-0.2536329461817208,-0.4195843916418537,-0.30385527442427834,-0.452971856883926,-0.24025905755443172,-0.27624248579422006,-0.19263501448777945,-0.17653918469600974,-0.15852093969030387,-0.46141436790861207,-0.19129116996968454,-0.5228152555728358,-0.16216652722954214,-0.3492943800327044,-0.13419275599997144,-0.2281566775946437,-0.06475521600408053,-0.4949837758118088,-0.0693618369869227,-0.7147847918460428,-0.07696906051695053,-0.8580576128925476,-0.09063844631881637,-1.0,i love you
0.0,0.0,-0.15734004941145302,-0.0004495780496863053,-0.2993141456362738,-0.07460368542473664,-0.3205046625134808,-0.20219376243914183,-0.2534669741674782,-0.31901540424415065,-0.35740259131930213,-0.3681200338695349,-0.48172188888705764,-0.563849686776197,-0.5563947211011341,-0.6727173411845093,-0.630364065281013,-0.776320545679695,-0.26282570709097847,-0.4289051423773286,-0.3052289223423314,-0.4673167414910105,-0.2422513153689644,-0.2946125357180962,-0.1994391674924834,-0.18911597316856735,-0.1644551053317503,-0.46624515213470885,-0.19837346428760405,-0.5347239562273561,-0.163931547652609,-0.35242222566166226,-0.1382165010758026,-0.2236125380725568,-0.06933056118319822,-0.49455599148874896,-0.07648688212294026,-0.7120819391932057,-0.08681986604606391,-0.8552249011715176,-0.10832104779939104,-1.0,i love you
0.0,0.0,-0.15682219743958167,0.0038930388239892706,-0.3009899857990841,-0.07184638866198574,-0.3117063198297967,-0.2056575102878921,-0.23088726419351926,-0.3135017789770024,-0.3435881047578854,-0.35956296232494445,-0.4761130561293031,-0.5630602170001032,-0.5563549552176684,-0.6775924208905525,-0.6351802030112347,-0.7822651120782721,-0.252436652111713,-0.4228956820345935,-0.30673415401278925,-0.4565906905468238,-0.23547136463464652,-0.2790132505810816,-0.18455173288642013,-0.18032717464074086,-0.15866519522084105,-0.4612636757234645,-0.19688563149164287,-0.5252699428166528,-0.1585956386931204,-0.34831419559283083,-0.12096906004298368,-0.22596113579054278,-0.0666704322268904,-0.4916472430688515,-0.07037194039631083,-0.7148156717612445,-0.08148046815796613,-0.857180619975096,-0.09806444574925485,-1.0,i love you
0.0,0.0,-0.15464038843133046,0.00470285613894154,-0.2987758511237635,-0.0654086557538709,-0.3313426110124771,-0.199349984603428,-0.2603426281086923,-0.3194804985735304,-0.35618999735707146,-0.3618729921509746,-0.489311240056339,-0.558224553397966,-0.5690603607487663,-0.6655828641907933,-0.6471397732669344,-0.7681249649510958,-0.2646116262112785,-0.42602264802811124,-0.31350733377739143,-0.4673356852492325,-0.24979393073717882,-0.297596012710271,-0.20751239625274912,-0.19280911902804093,-0.1675405138723147,-0.46687521831766987,-0.20752782941196937,-0.530859433388855,-0.1716273740872068,-0.345321194976214,-0.1446875972679849,-0.21327561686570232,-0.07241584221776627,-0.4956597898416152,-0.08112613101940606,-0.7074607417349279,-0.09189847615513705,-0.8529445436697538,-0.11487818414512971,-1.0,i love you
0.0,0.0,-0.14866211916459443,0.014099582511933502,-0.29899512997687777,-0.05676160237046262,-0.32779201015605813,-0.19819276380857548,-0.2507929052526199,-0.3168861912232226,-0.34717098491487186,-0.35564937443888717,-0.48061813999739655,-0.5571852635166962,-0.5624409699250239,-0.6684399285533119,-0.642320890104419,-0.7702530023310086,-0.25773426502104885,-0.42728789767717745,-0.30705462236184716,-0.46426712794781333,-0.23462748818727514,-0.2917307571013901,-0.18530243393798201,-0.1874730766495207,-0.16234394521525933,-0.4705248191354736,-0.19832803477322655,-0.5246717196455578,-0.15742400066561904,-0.34941711365579176,-0.12527245424204644,-0.2259792718718254,-0.06684412034284748,-0.5038508610775245,-0.07370227773222522,-0.7172796579577037,-0.08266666308806972,-0.8595651199523331,-0.1022363994304663,-1.0,i love you
0.0,0.0,-0.15690146012318668,0.0018675053092809825,-0.30819692468290877,-0.07510173206427492,-0.3397991266871032,-0.21870462999559373,-0.2621062763927525,-0.3320835642058961,-0.36622219364550457,-0.3692080992301306,-0.4985490297679045,-0.5722881819092988,-0.5771980234156784,-0.6779982261422755,-0.6565741096198687,-0.7805024669481894,-0.2713655867819233,-0.4314462991994947,-0.32502958635831547,-0.4701792579677037,-0.26176300277425296,-0.2973970434443854,-0.22004247424785975,-0.19871790556193278,-0.17417043784784536,-0.4714358602926298,-0.21947922714267074,-0.5326098212715421,-0.1855980150948106,-0.34749774485571805,-0.15989788025893029,-0.22325947302431395,-0.08212651123033486,-0.5024291260630381,-0.0963353763585235,-0.7175476889735264,-0.10948703741175625,-0.8573554391054311,-0.13394418588818643,-1.0,i love you
0.0,0.0,-0.16001048982659802,0.01127542126575718,-0.3134284467517276,-0.07071004768073329,-0.35386878447583997,-0.22385825221994954,-0.28190038189626954,-0.33709664837964165,-0.3635243859094278,-0.3755707147801787,-0.4997143366294366,-0.5821467818524042,-0.5788623466466661,-0.6914112668048557,-0.6581155323521722,-0.7923102455970634,-0.27137155298716903,-0.4392443538851034,-0.33452478050184714,-0.4777722728490715,-0.27070247568393574,-0.31213859626276264,-0.22348585358434503,-0.2108442091033026,-0.17517080238034857,-0.4801321574544513,-0.22935610937749373,-0.5339903509261499,-0.19607228776459967,-0.3498043846430766,-0.16729135640246598,-0.22313581192204368,-0.08057861152425275,-0.510962505234306,-0.09454780328866182,-0.7258073886369786,-0.1080928653186554,-0.8638965397606531,-0.13211551472769695,-1.0,i love you
0.0,0.0,-0.16806000886452127,0.007665977088568747,-0.32389825799355265,-0.06750149558521237,-0.36556635191042197,-0.20733603144171647,-0.3008902927264216,-0.33410162644243097,-0.3696016639834363,-0.3598469710982699,-0.505611774796872,-0.5620290723081283,-0.5860631007209604,-0.6711237527995729,-0.6659495815648406,-0.7732135757963278,-0.2775685054147278,-0.42690195362007743,-0.34283293768227713,-0.4552963611520833,-0.2790457526244969,-0.282545197121418,-0.22993571665087176,-0.1806992176592889,-0.1816595407956548,-0.47052019031386705,-0.23546168343555904,-0.5252013460785911,-0.19780926608891578,-0.33459415751237037,-0.16253629108015333,-0.20356411190610388,-0.08708388736591201,-0.502662210878034,-0.10248383055270394,-0.7205381823164219,-0.12073775514476123,-0.8613427293106676,-0.14830617405947671,-1.0,i love you
0.0,0.0,-0.15874522658686824,0.018412862040204866,-0.31952973454644884,-0.05194967324087261,-0.360886586802906,-0.19598996657319592,-0.29027313639232605,-0.3221610767419774,-0.36787292216978196,-0.3529007404644967,-0.5077604023612156,-0.558884669006128,-0.5889908647292875,-0.6722602553171803,-0.6702072009816944,-0.7750000242792613,-0.2757820372136625,-0.4209192234273859,-0.3351784689038726,-0.4532572571374186,-0.26623772716449395,-0.2778734086378902,-0.2156874222567017,-0.16968484371086348,-0.1799592973634753,-0.4648600071036704,-0.2315053168492158,-0.5238239147898577,-0.19142776094268513,-0.33925915056664707,-0.15434052714602403,-0.20786685147157485,-0.0847969534206345,-0.5004514618278364,-0.09863366029110923,-0.7204036466920742,-0.11583679710103854,-0.8619552715970872,-0.14261479168526237,-1.0,i love you
0.0,0.0,-0.15598486839631726,0.019525247787865237,-0.314823813829944,-0.04933957656433659,-0.3562673282933488,-0.1891536952875162,-0.28933658286364067,-0.31684138452302635,-0.3606055465719038,-0.35120045456238397,-0.5002469450043414,-0.5563584455279742,-0.5822977323599805,-0.6688315688562634,-0.6635186326978133,-0.7707127108189272,-0.2692666086401803,-0.42027091932206095,-0.3286294340440607,-0.45583585411993055,-0.25900894738765196,-0.27585751608628706,-0.20764703421521002,-0.16567432666887782,-0.17333138695717332,-0.4642195399338668,-0.22294403280079234,-0.5206315578770072,-0.18311969383761892,-0.33529871431499064,-0.14588677703937475,-0.2047370018052227,-0.07718116955201634,-0.4996803306627146,-0.09140230694999267,-0.7209571757823029,-0.10914457297313136,-0.8621603822193242,-0.13505950068390882,-1.0,i love you
0.0,0.0,-0.16292758912433145,0.019182917952953963,-0.3209218086969761,-0.049913213455197225,-0.3567080430697295,-0.19488958790027738,-0.28870829695030964,-0.31378692662532515,-0.36963081957259003,-0.34467694470202315,-0.5101134713242886,-0.5437601152697968,-0.5928618761246713,-0.6527012010427317,-0.6750888604795994,-0.7526073071165513,-0.27984141752054653,-0.4202702516887202,-0.3320018565700388,-0.44415123524102856,-0.2652292606292687,-0.2595908898395954,-0.21949178170896053,-0.14961397494213244,-0.18534939677409573,-0.46950268637161213,-0.22784743962618725,-0.5182373767033243,-0.19358284962010341,-0.33428077170590176,-0.1635111137863074,-0.2079921205958253,-0.09110142192247882,-0.5091705253388391,-0.10203613500145381,-0.727581493344149,-0.12010372679025648,-0.8645040800740078,-0.14696553061177844,-1.0,i love you
0.0,0.0,-0.16016177059288852,0.019571270698681167,-0.3182666667649641,-0.047348659382333146,-0.3562506496847969,-0.19034437533313625,-0.29020839307976026,-0.31484333473161474,-0.3690150667894402,-0.33848651641407906,-0.513018761791088,-0.5347081892353956,-0.5948584037327479,-0.6454344760167705,-0.6784432557004542,-0.7481915724178301,-0.278284419286847,-0.4140760984557223,-0.3363103948830273,-0.43113728199158524,-0.26622977130357917,-0.24574654588857345,-0.21989941220574347,-0.13699649889009877,-0.18377159257372494,-0.4632367794212294,-0.23280629919634452,-0.5114379542725115,-0.19336315186884365,-0.3238565363266877,-0.1589027643949877,-0.1935085706787022,-0.09033364862244705,-0.5036069947000466,-0.10355349016202126,-0.7228648316496207,-0.1199766002888471,-0.8617251425989014,-0.14618553007275734,-1.0,i love you
0.0,0.0,-0.1594609935793425,0.01845303535202049,-0.3179353615391599,-0.04456954886598482,-0.36677882316678456,-0.18158525906613357,-0.3053753117664044,-0.2965262448108017,-0.3858345411456743,-0.34502152088369215,-0.5348992094709667,-0.5348424769996274,-0.6225777457092823,-0.6372749516250806,-0.7053519196100881,-0.7339146214261165,-0.296143300629261,-0.4168264514748095,-0.3569249522293614,-0.4451371532464907,-0.29752565521260044,-0.26988855165696274,-0.24797463579101794,-0.15552487873683954,-0.2013341519589233,-0.46589314738666565,-0.2503743793762285,-0.5133072104274282,-0.21649131039323893,-0.32917138729769957,-0.18396662452682572,-0.20008583782723424,-0.1077675243158069,-0.5040940768203607,-0.12461826687693638,-0.7205304526022676,-0.1436661941291281,-0.8617139019425178,-0.171289314329154,-1.0,i love you
0.0,0.0,-0.1640923000365947,0.01427774498609111,-0.31864256540003066,-0.04731826540331213,-0.35890918742754274,-0.18228476319163864,-0.3022559526603427,-0.30407634126190625,-0.37908071310218727,-0.33488878079862827,-0.5309962437480608,-0.5293277791923664,-0.623616120439319,-0.6375362260447037,-0.7126196233114416,-0.7353703270634983,-0.29065987996442716,-0.40541736432653097,-0.3556059038328059,-0.42760689409097496,-0.29753353440337155,-0.2573819717352738,-0.25066782196786397,-0.1498006399294192,-0.19964896510959923,-0.45393575700127897,-0.2521338942027113,-0.5072448974081737,-0.21724806257899948,-0.32600491058392417,-0.18014640368887783,-0.19573673920113913,-0.10927523818741218,-0.4921730559225871,-0.1286349100065505,-0.7165352760780792,-0.14809925676638339,-0.8607212684941306,-0.1731485516020458,-1.0,i love you
0.0,0.0,-0.16696183627983205,0.018290554312508176,-0.3226234190126479,-0.043650236785366864,-0.35460027147808293,-0.18004220297447812,-0.2995404189632725,-0.3110269130585809,-0.3833018889989008,-0.33237246203941195,-0.5333360836298023,-0.52055695019408,-0.62492647829518,-0.6268135714786893,-0.7143325528555007,-0.7213194969599479,-0.29173455784328245,-0.4084297453008911,-0.3535161782400008,-0.4261261706084695,-0.29085446297321343,-0.2533326230205445,-0.2414985520880164,-0.14781804038561322,-0.19875591313740829,-0.4592155937911732,-0.2457595625859197,-0.5038333069131625,-0.21120999184872763,-0.3180668057840251,-0.17620153306289474,-0.1877096830359115,-0.10762083330084951,-0.5005659763639089,-0.12729693066914063,-0.7221925536697618,-0.14556344695739248,-0.8630495287247893,-0.16965322876143105,-1.0,i love you
0.0,0.0,-0.15998827656320122,0.02363114264692349,-0.3175537967492759,-0.03779783439162646,-0.3553357120395945,-0.17574055441214248,-0.30517745872700397,-0.307979220557186,-0.38232316822390366,-0.3265206121832153,-0.5344720506375709,-0.5158609856845846,-0.6251796350644157,-0.6266039584917066,-0.7142578013409553,-0.7245364161436261,-0.29006935930632843,-0.40355739577459077,-0.34962010046043274,-0.4231555540436044,-0.2823222087164276,-0.24679012038765846,-0.23205579274289603,-0.13753340285401136,-0.19576896455622997,-0.4535561309692814,-0.24128276554478437,-0.49756339618543444,-0.2019819935337919,-0.3116922964197723,-0.16316228368012986,-0.18033266996475555,-0.1025757105916105,-0.49451685091390907,-0.12218171937633758,-0.7180461113124623,-0.1391059047653939,-0.8607509323577759,-0.16168267953802332,-1.0,i love you
0.0,0.0,-0.1578216033715808,0.02192318969099239,-0.3123978084005317,-0.03322070147731504,-0.3612645046866484,-0.1640823846415357,-0.3184267755031559,-0.2965948724774751,-0.3794543845480006,-0.3226626116800164,-0.5336534137615323,-0.5049643307473275,-0.6262342811557342,-0.6117054237769836,-0.7135462666002328,-0.7086090295552946,-0.2913506109461256,-0.39979770785029345,-0.35316090196621586,-0.4241121135156429,-0.2903230738513619,-0.254932627742872,-0.23866583864115076,-0.1400438625681502,-0.1990494494919425,-0.45339692071640697,-0.25103023522280243,-0.5067545387010493,-0.21449263500983018,-0.3262212177191465,-0.17631749592132978,-0.19234662491163632,-0.10772411101178003,-0.49529884915845385,-0.13057725550013402,-0.7176572019332986,-0.15196711521546352,-0.8626997963812707,-0.17718449439778683,-1.0,i love you
0.0,0.0,-0.15583078251173296,0.026741668119695996,-0.31232254797219955,-0.035779304187122114,-0.3523309273268834,-0.17348888795584833,-0.3031725718191406,-0.30704008751270156,-0.37936503987791625,-0.32494245947567796,-0.5321082710782026,-0.5085429682254285,-0.6239394246048876,-0.6155833709207351,-0.7127187099936186,-0.7076833301833834,-0.2887984439885053,-0.40346007463749217,-0.34391149942608623,-0.41958695544747543,-0.27932788210009324,-0.25019352774771975,-0.23024089293933556,-0.1399635896552116,-0.19483147805220302,-0.4542398195174352,-0.23786673606687456,-0.49426305748063964,-0.20238325326757123,-0.3143163030791427,-0.16868280349073742,-0.18223588063539461,-0.10140505028344485,-0.4946303577806597,-0.12413466897215238,-0.7161682710399304,-0.14026548956469792,-0.8619840137131449,-0.16132599122959376,-1.0,i love you
0.0,0.0,-0.1555122372860754,0.028361061277593826,-0.31060309685609905,-0.03378764994136277,-0.35098040098411504,-0.16887904973922752,-0.30300501736607416,-0.30085536074839564,-0.37351307914112775,-0.32109184548583364,-0.5300266512401606,-0.5072697785290946,-0.6236365437123107,-0.614222961033816,-0.7136895985882046,-0.7070186851304537,-0.2847820068113727,-0.39852945479756086,-0.3451790292555885,-0.4139263984585499,-0.2804147149060116,-0.2430748418145353,-0.2292810242719867,-0.13350132918558402,-0.1926562777851559,-0.4493795258150125,-0.24312211175063084,-0.49242983228176485,-0.20913030070432204,-0.31448643465381526,-0.1726163009249151,-0.18520766133116642,-0.10091118429197514,-0.49139045642499724,-0.12184006104574605,-0.7167693474722965,-0.13898441667773384,-0.8617827068566167,-0.1600994469417477,-1.0,i love you
0.0,0.0,-0.1597919549980956,0.02324607891712,-0.3161408622217359,-0.03273097961551227,-0.36427393904090244,-0.16748691136893484,-0.31783754855185914,-0.29831663456724833,-0.3758095784164441,-0.31959632877474337,-0.5329476638695907,-0.5048021424970485,-0.6259620892181453,-0.6107441648435861,-0.7138154576536639,-0.7042406965482005,-0.2881733042890126,-0.39798752521978603,-0.349140602950444,-0.4272591720587792,-0.2848457745867505,-0.2611523853251746,-0.2332466869686359,-0.144665179771778,-0.196754926300993,-0.4539832119202466,-0.2521539258395065,-0.5155728554087471,-0.2114013525455743,-0.34313225729694036,-0.16936542736238852,-0.2111461817938129,-0.10589351881521103,-0.498339339843507,-0.12944584949776,-0.7167318789225328,-0.14972969825531393,-0.8618184770570682,-0.1741539209188584,-1.0,i love you
0.0,0.0,-0.15920993307896383,0.026026684576862313,-0.31745550086445884,-0.03353946515336692,-0.35545233180314184,-0.17587638238888723,-0.3004844416043163,-0.3067277811726831,-0.37607358705696486,-0.31595923256923125,-0.5301342612603214,-0.50396284038066,-0.621133223537127,-0.6110673551286255,-0.7107397829910275,-0.7030606080648046,-0.2865990718246043,-0.4004117590619131,-0.3377428030077205,-0.42574946157629595,-0.2676396641279399,-0.25442080327600086,-0.21793095321489253,-0.14111009367454616,-0.1951641540227144,-0.45473177091096073,-0.23436475318210273,-0.49781544828896773,-0.19244478828211167,-0.324548161907175,-0.15439509307836766,-0.19503746609234804,-0.10463794266253316,-0.4980500771305929,-0.1250493710316869,-0.7163662175455331,-0.14129826251229619,-0.8624972519897457,-0.16358159820550272,-1.0,i love you
0.0,0.0,-0.17100312304934534,0.018282118919102874,-0.32756572435514303,-0.04181365325957093,-0.36613909349367013,-0.18182725849917716,-0.3125066233894763,-0.3135691182831324,-0.38308821422659645,-0.31381735072178213,-0.5458075805732593,-0.4973869907434574,-0.6400858603975297,-0.6003989485654629,-0.7271651492666446,-0.6926258074904889,-0.29533104060314475,-0.3909045332323054,-0.36118245221869627,-0.41686409111331624,-0.29536056825209706,-0.2547122561888889,-0.23938140075913583,-0.14809191957118847,-0.20623035895236402,-0.44969233065611813,-0.2662032660832787,-0.5234889319486534,-0.2356541606646924,-0.3586183012117972,-0.2014976773876639,-0.23321837986044183,-0.11852673547192753,-0.4984646248130593,-0.1491844425824231,-0.7177304398406057,-0.17007925796517714,-0.8617230208936894,-0.19469155430416155,-1.0,i love you
0.0,0.0,-0.17042643717468065,0.023973454149506867,-0.3249666419803335,-0.03493308465174437,-0.35939096438244655,-0.17735845395019795,-0.30141462130255725,-0.312376349793453,-0.3924214355697193,-0.31601688461272176,-0.5523301311033113,-0.49557140819096734,-0.6461633294660409,-0.5969963096379501,-0.7322045979519435,-0.688972919162399,-0.30132152305584636,-0.3961592646130155,-0.35416015416020663,-0.4273175431713616,-0.28779369218730005,-0.268674459295873,-0.2340636781517559,-0.16562440338447532,-0.20783672193468122,-0.45265783693173356,-0.2502567413620562,-0.5157494697333667,-0.21493421756561984,-0.3448096809588647,-0.18029642481752745,-0.21697713402161348,-0.11623224314849354,-0.49702229847245444,-0.14223812381070267,-0.7185448560465082,-0.16510567568871723,-0.8628849022442184,-0.1929541148900549,-1.0,i love you
0.0,0.0,-0.16480547737685927,0.032905846446314134,-0.3296530801131174,-0.02707391447876956,-0.3726749535709681,-0.17720383475787707,-0.30626513458174714,-0.30704526383369124,-0.38602680225991753,-0.3093365053368915,-0.5511833242984339,-0.4915033015075343,-0.6464153951986541,-0.5949801963554813,-0.7332900378250623,-0.6918835098795444,-0.2992034661609823,-0.3936188181541397,-0.35848437817501333,-0.42326156945317367,-0.2918887755494693,-0.26172809835731353,-0.23697674936693822,-0.15759150957980628,-0.20867174826317278,-0.4518320143280229,-0.25396974130033695,-0.5022628203873237,-0.21483447231574038,-0.3287959910699639,-0.17410924104819236,-0.20240101046855685,-0.11859422815067647,-0.4973734433363285,-0.14270910616603197,-0.7169972449744919,-0.16523024141746434,-0.8623552531470816,-0.1896505282884615,-1.0,i love you
0.0,0.0,-0.16278955898146694,0.0367317257424741,-0.3339339021025377,-0.027624190483159682,-0.3706640136539045,-0.18786009913285653,-0.2918137374119997,-0.3152980657686025,-0.38643331561310207,-0.3020875257463482,-0.5477247707310564,-0.48940525666714735,-0.6422544922938517,-0.5920301466331201,-0.7319762111275878,-0.6845732024905893,-0.30014995835386943,-0.39112442400280656,-0.35934745786423145,-0.421346117009485,-0.2875754096278967,-0.2531995958065467,-0.23092429658932181,-0.14892876897481647,-0.2111778967735548,-0.45081640405570894,-0.25386625673386726,-0.49628978173983973,-0.2177495378032796,-0.3257440344877311,-0.1789088713791003,-0.20228316570855456,-0.1222001855243646,-0.49788621674497285,-0.14430707080272648,-0.7171582057943005,-0.16513040511892285,-0.8625128866256734,-0.1873492076473918,-1.0,i love you
0.0,0.0,-0.17171416535786685,0.03136080193489847,-0.33570972959142337,-0.032907417714054546,-0.3711850028106366,-0.18250845766351598,-0.3042954712695586,-0.3146637829915698,-0.38639696434542514,-0.314039568306265,-0.5488091615337862,-0.5020967710950179,-0.6465853479941187,-0.605236971885003,-0.7346821697613367,-0.6975344355186508,-0.2994562761556951,-0.3945529612193402,-0.36225416674439187,-0.4222865245636274,-0.3077397887860194,-0.2634868097757254,-0.2573153812679354,-0.1614953644681521,-0.2091191584628282,-0.45202720818729114,-0.2576302727974089,-0.51068389929819,-0.2348915406102882,-0.3476594594278552,-0.20312118479399663,-0.2259014013647527,-0.11885164544049037,-0.49664477646181643,-0.14144587833159275,-0.7204047205330716,-0.16384521814521372,-0.8651555678307259,-0.185101092431383,-1.0,i love you
0.0,0.0,-0.17322455763097142,0.03508379504245118,-0.33970149601237987,-0.031452487131322183,-0.37144086228941753,-0.18558336666397804,-0.2956487778809804,-0.3175790947978971,-0.3870836753015904,-0.3128961738637299,-0.5438251550602571,-0.4999237760723944,-0.6405635747747028,-0.6010353703970103,-0.7292156058929135,-0.6899105297396662,-0.29951901315791296,-0.39641902759888253,-0.36217508164968537,-0.41879033458423726,-0.3030699394726579,-0.2593329269905047,-0.2488963468227511,-0.15983741852008612,-0.20879008789588976,-0.4529854972197669,-0.2545959563622172,-0.49698943203749885,-0.2288935251515401,-0.3346815267292368,-0.19351536715957215,-0.2166306196783572,-0.11777206606480253,-0.49683906301667696,-0.13986896691077727,-0.7187453486080541,-0.16187994260199662,-0.8645888855535147,-0.18250835483541036,-1.0,i love you
0.0,0.0,-0.17347322245777086,0.03570025104162195,-0.33998512858786667,-0.03131747695554223,-0.3708390162713188,-0.1850895400247303,-0.2944082659573437,-0.3170393981647514,-0.3861538014181844,-0.3134647205517654,-0.5427265086382965,-0.4995323951696989,-0.6394295968794959,-0.6005853022261424,-0.727857450452858,-0.6892334576310145,-0.29891233759490216,-0.39687284942625983,-0.36099951397898894,-0.41732477973278537,-0.3011967748144189,-0.25778554426737527,-0.2465062566550954,-0.1585015598366637,-0.2082645726684492,-0.45334987558692924,-0.2527065554680133,-0.49450422395183546,-0.22541820654092892,-0.33139404949660134,-0.1890582962124978,-0.21322863342246026,-0.11730331726648491,-0.4976330361358699,-0.13991118692977342,-0.7187022546667018,-0.16113216586747828,-0.8646941044682086,-0.18107176633328304,-1.0,i love you
0.0,0.0,-0.17041357595170883,0.02993186898791287,-0.3387609070138172,-0.03582055219562899,-0.3738233962939529,-0.1927499011908156,-0.2938728553817878,-0.31571298355551297,-0.3788126147634976,-0.31175774798810735,-0.5391059217247696,-0.5017963481043264,-0.6356809286514511,-0.6073999904776054,-0.7233123419985211,-0.7042173595547191,-0.2913494208261653,-0.3929992617276033,-0.3550281398231703,-0.4295930782517113,-0.2989314840766633,-0.26798112041871003,-0.24651385709180335,-0.1657860363835781,-0.20169980479091174,-0.4481646158144028,-0.24564020607379627,-0.507930261653604,-0.21626189797385242,-0.3402523664010913,-0.17610550124794996,-0.2188039757718159,-0.11269696585533188,-0.4904678536006411,-0.13415935325731862,-0.7156205704373245,-0.1568209313704963,-0.8624596230393763,-0.17481567569707082,-1.0,i love you
0.0,0.0,-0.17277188617526762,0.03828427853143454,-0.34414126823383867,-0.030912778580269442,-0.37390714057654884,-0.18955852677380644,-0.28942818613465754,-0.3179189249239061,-0.38423472281480947,-0.30954873694665913,-0.5353062062592066,-0.4952238894629132,-0.6312229516043265,-0.5954618096786778,-0.7190882209645093,-0.6866667009367734,-0.2968556605934326,-0.3972913478832783,-0.3529526838348478,-0.4183186286017168,-0.29240254581199304,-0.25447381963757076,-0.23627296596921288,-0.15748313482374027,-0.20725732337900968,-0.4528214864430314,-0.24280370596933853,-0.49219726787286017,-0.21498180542918455,-0.3277327411458896,-0.17649419093133012,-0.21109871675585462,-0.11766127083836675,-0.4957630724749928,-0.13972122410536458,-0.7165720811721747,-0.15989974851453367,-0.8627774950493975,-0.17561801853670073,-1.0,i love you
0.0,0.0,-0.1683576519719231,0.024131988974426595,-0.3378683168901043,-0.04816493323362631,-0.3628426375156093,-0.21211795533173658,-0.27629381298671896,-0.3429156837457086,-0.3769590683414556,-0.3251794545736983,-0.5306830894244328,-0.5184888485886279,-0.6206491071525336,-0.6276123419950796,-0.70531728628318,-0.7214091925537641,-0.28991050451993117,-0.4070129679335961,-0.33417987965314483,-0.46226245825972717,-0.27652832919693704,-0.29716635779165806,-0.23765342899427166,-0.18580156376251908,-0.200582708057122,-0.4662468254513007,-0.23110052225766559,-0.5318216520778919,-0.19656040884695092,-0.3631475989032228,-0.168931750062919,-0.23928811836716507,-0.11100383775692922,-0.5126509302978085,-0.13227978656917536,-0.7258926969424384,-0.14366029529173335,-0.8658756937645783,-0.15962847093022556,-1.0,i love you
0.0,0.0,-0.16782460992044188,0.01900561932141641,-0.33610940956638324,-0.05424490252569676,-0.3612418261465647,-0.21801712313737512,-0.27467948975498374,-0.3408544014103007,-0.3794349278129522,-0.3233724458543056,-0.5245690009525217,-0.5193968887589465,-0.6135803255139197,-0.6265395030692708,-0.6988452297579878,-0.7246326981334655,-0.2902919438673615,-0.4080421013332213,-0.3283925007309259,-0.47001905661415333,-0.27510011985330796,-0.30429728812574525,-0.23880632533713764,-0.19750823798329967,-0.19916788796713583,-0.4653201146487445,-0.22360646577381413,-0.5326311293470004,-0.19636502656985272,-0.36694212117484676,-0.1710756077193195,-0.2485447929331671,-0.10857726891460127,-0.5084852309695014,-0.1240929873761521,-0.7249493296806611,-0.13828067679104666,-0.8647901392684312,-0.15371356728319935,-1.0,i love you
0.0,0.0,-0.1649105778970579,0.019066416835994103,-0.33636750110545577,-0.05586386306648694,-0.3593600500778045,-0.2235627795725116,-0.2746530590531281,-0.35004242685651815,-0.3809629275663208,-0.32053393163653826,-0.5278589582706159,-0.5170865227146922,-0.6149932214740848,-0.6262019456331357,-0.7007117568533991,-0.7243045322367336,-0.2921377939926797,-0.40693303380949747,-0.3274249030680875,-0.46901970929499454,-0.26971848450741187,-0.30446678568830693,-0.23512993350825204,-0.19944205310313176,-0.2016692498115956,-0.463893434531196,-0.22781895868627655,-0.5399289375356626,-0.19957946927887682,-0.3736581566348981,-0.17488550332241604,-0.2512082464594784,-0.11092059997205148,-0.5055482168700225,-0.12197934507698796,-0.7220674093033853,-0.13575446366047844,-0.8626934780204688,-0.15344640854449437,-1.0,i love you
0.0,0.0,-0.1604958682424716,0.017863986001622697,-0.31775813171484263,-0.05680453845078126,-0.3439012417411836,-0.21413337894974582,-0.2764854720327113,-0.3368275123032115,-0.37094266380098756,-0.3292616225490337,-0.5134382064849846,-0.5270304320721606,-0.5994448941313785,-0.6346402499218755,-0.6822353380026446,-0.734758718803168,-0.2816727462004109,-0.4120649677101421,-0.31852838650098225,-0.4721403813239017,-0.26592202332999176,-0.30226543464126926,-0.23919469193153334,-0.21026808880292278,-0.1888691493845129,-0.46793456083531554,-0.2065451906699146,-0.5365286483493835,-0.18072222376188232,-0.3642833683898012,-0.16463797865776256,-0.25266937243347953,-0.09741652467284082,-0.5095993560185791,-0.1123246818239302,-0.7261892361194067,-0.12388009636785687,-0.861191837083149,-0.13881373754826437,-1.0,i love you
0.0,0.0,-0.1605685846239366,0.01681094602500955,-0.3225801743535984,-0.058156151681792626,-0.3442994952654964,-0.21923651450175713,-0.27670003642413943,-0.3443115520363886,-0.368564698536308,-0.32566892868610386,-0.5119454044031327,-0.5234805613124874,-0.5962422217963573,-0.6317164145955461,-0.679626532003112,-0.7300462028151925,-0.2801495420330762,-0.41082463236367284,-0.3202202200931798,-0.4615468329401134,-0.26446051026792683,-0.29405353713929633,-0.2350327880711578,-0.2021565121157856,-0.18993411926557766,-0.46729727808878607,-0.21585300384928274,-0.5378700000888393,-0.19309267595587984,-0.36900984720898444,-0.17555134344156084,-0.25375029031435176,-0.10070766899468106,-0.5080199736274001,-0.11000566033665042,-0.7260552530081643,-0.1211480203416762,-0.8623664078056804,-0.13812268462406355,-1.0,i love you
0.0,0.0,-0.16202724627726753,0.008192819808354904,-0.3208593377636484,-0.07313229481441302,-0.34067443282391663,-0.23493968362992693,-0.2627254943182092,-0.3589280584660368,-0.360605394371328,-0.3372205844356965,-0.4985860116091159,-0.533348204470649,-0.5833303109619005,-0.6447690774492041,-0.6635140925423386,-0.7462676387469087,-0.2745117800269927,-0.4183704550086579,-0.3107933965731122,-0.4714228629293038,-0.2612622385983044,-0.3106300280358384,-0.2299516474064041,-0.2132928710014427,-0.18450117230566285,-0.47121744865846826,-0.2049601127210811,-0.539954840956396,-0.17885035409889735,-0.379415243343695,-0.15591617171991123,-0.26563274817012794,-0.09440711503680606,-0.5112083975921596,-0.10658368786017708,-0.727744406874317,-0.11610913275057733,-0.8658039802224572,-0.12838135159380612,-1.0,i love you
0.0,0.0,-0.16217477793158566,0.0034722194582796355,-0.3209852761019441,-0.07606564580336667,-0.3397750619499036,-0.2347331795962132,-0.2653708596250608,-0.36165816389480815,-0.3598801837522099,-0.337056509933875,-0.4998435829611298,-0.5316593658781603,-0.5829641546275961,-0.6406526690000534,-0.6640959612563353,-0.7379491616763131,-0.27365419655373063,-0.4199634310495384,-0.30785356817912257,-0.46583780229682303,-0.25438648302059214,-0.3041339471143245,-0.226128252419688,-0.21166210417135983,-0.18430719192012462,-0.4729618223022837,-0.20697866758155378,-0.5365564530187692,-0.18208025905527292,-0.36766935428021497,-0.16311343936790004,-0.249155387790874,-0.0955253582666604,-0.5105009564125812,-0.10206032682802961,-0.7242164620774253,-0.11165008433783852,-0.8629619576249128,-0.12892648558376194,-1.0,i love you
0.0,0.0,-0.16503803949298135,0.007118492038550178,-0.3252599256232977,-0.07793251099937147,-0.34400959826105176,-0.24514161690760528,-0.2634748847684894,-0.36644045935470354,-0.3693019327467002,-0.33261935627487954,-0.509602189398701,-0.5352722999161953,-0.5895142598994343,-0.6509254530693485,-0.6679571286402681,-0.7558849910957469,-0.2812955033521894,-0.413458844018437,-0.3166810706054892,-0.4790504530693484,-0.2641181515818144,-0.3183191912843076,-0.2371847501571339,-0.2211976875130945,-0.19168172532998115,-0.46789296564005867,-0.2122220694531741,-0.5490477032264823,-0.18406989838675886,-0.38568903205531113,-0.1635672009218521,-0.2675020951183742,-0.10246896605908234,-0.5080118636077938,-0.11158436779803059,-0.7240699638592081,-0.11787888906348208,-0.8635148229624974,-0.12943870469306515,-1.0,i love you
0.0,0.0,-0.16533984860777173,0.007125015436221469,-0.3280363929113263,-0.0743569143038383,-0.34591108638035734,-0.2413259095152887,-0.2734647376022747,-0.3711249754209435,-0.37161368660263894,-0.33167745521199815,-0.514678145147549,-0.5336529307665172,-0.5959531106220719,-0.6467964572047262,-0.6774258565278448,-0.7485671168549435,-0.2844650031134838,-0.4164429337037043,-0.31694855298031005,-0.479554898911404,-0.26092978778290926,-0.3119089239153769,-0.2354712151573937,-0.21566562052954316,-0.19591414492516898,-0.4721615843163726,-0.21581518583078688,-0.5560713262489891,-0.1860920341553357,-0.3832912598925065,-0.16734586041129473,-0.2607949822153409,-0.10630780178202465,-0.5123549630670464,-0.11308842343248758,-0.7260704947839921,-0.1181870914321222,-0.862337439983233,-0.13147577165117633,-1.0,i love you
0.0,0.0,-0.16739559505784052,0.00441769736558369,-0.32286590498437157,-0.08513783698680069,-0.33638309312416126,-0.2488773836707718,-0.26194997128413455,-0.36765965779746895,-0.36585527903178994,-0.3408404215479059,-0.5024242384883848,-0.5414215327528216,-0.5836775657072121,-0.6552032998350982,-0.663586101221386,-0.7571208935438175,-0.2762581154166315,-0.4167858512459888,-0.31348932983714134,-0.4868662173703594,-0.26332406998978086,-0.33387101689132315,-0.2353235617797409,-0.2386818776662502,-0.18475599673693185,-0.4691428085198782,-0.20705629325384475,-0.5599472207554845,-0.18000093582582716,-0.40142332114595036,-0.16108926129872309,-0.2836518055194075,-0.09256982601132882,-0.508072829895672,-0.10595946208997882,-0.7251637736826795,-0.11294784969038651,-0.8639277609068252,-0.12550922995688374,-1.0,i love you
0.0,0.0,-0.16681439912419108,0.0033425724743277167,-0.32555141726010894,-0.08310000984883051,-0.33828119818057933,-0.2492802648866413,-0.26761684431410937,-0.37639617222187605,-0.36614400866161095,-0.3374242829280908,-0.5063746052930429,-0.541872269378244,-0.5871876095012405,-0.6573879963525828,-0.6667691749024999,-0.7599602160846812,-0.27700572773142573,-0.4178188793370866,-0.31413347376291656,-0.48608869441356917,-0.2610536372669026,-0.3287151028130806,-0.23393015906196254,-0.23649487492320256,-0.18677670557289708,-0.47388284447624657,-0.21021256724171777,-0.5666152785510561,-0.18429439829340538,-0.4053487189485469,-0.16819089043477561,-0.2878250365311213,-0.09570081798892241,-0.5151558091685242,-0.1049399589833059,-0.7290382382519197,-0.1111628118880074,-0.8641812774402152,-0.12690285100193427,-1.0,i love you
0.0,0.0,-0.16654617495329796,-0.003519128373495842,-0.3212779657582479,-0.09123877036489982,-0.33371900729565185,-0.2519578019431068,-0.25521668831163397,-0.3750629881107586,-0.35953421035223937,-0.34076764692829864,-0.4933873578319195,-0.540425849031168,-0.5723575765340085,-0.6561303822492847,-0.6477207472663286,-0.7600031148656965,-0.2725266333576996,-0.42261359002506127,-0.29671507268438624,-0.4856969888794271,-0.2508542016775059,-0.33163104248358627,-0.22814649581795787,-0.23864861719221653,-0.18259912097150316,-0.47494668304483145,-0.19018867545360232,-0.5459960997192435,-0.17130455096950195,-0.38719019855594156,-0.15951796616016606,-0.27232232496255043,-0.09314520214389842,-0.5116672653572508,-0.10054987427497733,-0.7265745771695417,-0.10825297063569217,-0.8657809395339257,-0.12055836479598886,-1.0,i love you
0.0,0.0,-0.16916461790608076,-0.00692360439223816,-0.3214046455964677,-0.09260996843853458,-0.3348252800066102,-0.2522609701409694,-0.2604380986001475,-0.37188182949352017,-0.36123896679655915,-0.33722686014557607,-0.49760874833505836,-0.5378659491708083,-0.5754031505708456,-0.654801741162395,-0.6508248588064013,-0.7589775851960554,-0.2740142479199881,-0.4178077671132318,-0.30033858921106077,-0.4853714379570245,-0.24992723883949602,-0.34013394771239414,-0.2252010399681715,-0.2493679897581844,-0.18444101878724234,-0.47350292967585556,-0.19762754111950245,-0.5494660850700145,-0.17360972441783934,-0.39680788013864676,-0.15855903848120714,-0.2829437595275974,-0.0944986516722975,-0.5151087101281017,-0.10088752661261488,-0.7271655493161122,-0.107566942366947,-0.8666756907859767,-0.12211144910505872,-1.0,i love you
0.0,0.0,-0.1774848214424615,-0.0005879790632782856,-0.335905402901781,-0.09745779491233703,-0.34378778728946957,-0.27126978020967835,-0.2508665885051684,-0.38244166526419104,-0.3707619897522639,-0.3398384630941488,-0.5115357744423215,-0.5406801606034936,-0.5944669861953972,-0.6672388531473674,-0.6701522310676399,-0.7775445032619933,-0.2806820415707916,-0.4192640750802947,-0.3038271320340045,-0.5035151460295326,-0.26089122493398936,-0.35589775174908744,-0.2341245652914863,-0.24076487484496162,-0.18994799761838427,-0.4744676367555153,-0.19937864437413996,-0.5542291357591683,-0.18350851314485003,-0.3954054898788402,-0.1708519367598995,-0.2656438494490746,-0.09864188504037008,-0.5139333006167592,-0.1086435397258879,-0.7289784226179954,-0.11396222225679305,-0.8709069515177144,-0.12110282668371322,-1.0,i love you
0.0,0.0,-0.17707321325471836,0.00607028748227454,-0.331659615586962,-0.08041966813571931,-0.34459827615675037,-0.23932894392266474,-0.2702445639667778,-0.35942151607749045,-0.3695616430889703,-0.34776607320405023,-0.509333107612152,-0.5477675531456971,-0.5916182241458255,-0.6642598965232019,-0.6682109797592712,-0.7683846202298277,-0.27819401637934443,-0.42623402317263753,-0.29106914774672565,-0.5053083882551109,-0.23714187893752461,-0.3435969692960838,-0.20680668478813102,-0.22624084534266875,-0.18582905338420241,-0.4765022265000156,-0.18350771076670183,-0.5435840107826383,-0.15323135332181023,-0.386021481894448,-0.13591964566587358,-0.26716123188176927,-0.09237109933855632,-0.5134877730650259,-0.10036892057568286,-0.7279291519447065,-0.1047401628549446,-0.8683248991699513,-0.11579460503515854,-1.0,i love you
0.0,0.0,-0.17608427198222165,0.006297821162285581,-0.33568045305525374,-0.07689485504265303,-0.34837957560804583,-0.24097903874104362,-0.26802356020468826,-0.363077748024197,-0.369777911892013,-0.33969230190320404,-0.5073820117352368,-0.5434886513667893,-0.5890854410193453,-0.6619369689628061,-0.6665110845053555,-0.7647966776334,-0.2796853477424124,-0.42224130214309,-0.29574142678972853,-0.4896655453896483,-0.241747542254125,-0.32898137464437716,-0.2112150858252711,-0.21554533537543966,-0.1882475406259396,-0.47733945820502327,-0.18719464739474054,-0.5412790228571904,-0.16031583902384133,-0.3838769120776261,-0.14409404688377977,-0.26344293192050255,-0.09554879436488647,-0.516432913514771,-0.10102275371018227,-0.7286234633095654,-0.10390970734995457,-0.8690166447585275,-0.11206691624939893,-1.0,i love you
0.0,0.0,-0.17118121831079697,0.007007988953328621,-0.3368339649927051,-0.07863563043102635,-0.35031727264022855,-0.25012610564846915,-0.26566378895105414,-0.3783004370317353,-0.37948353729737344,-0.3409386809220772,-0.5231995873639755,-0.5433874967029105,-0.6042678186822721,-0.6642442153734066,-0.680087487054682,-0.7669875772637844,-0.28907780177402675,-0.42423847779568424,-0.30896856034856884,-0.49988315738461836,-0.24732041546812802,-0.3423716079414826,-0.2086732071628742,-0.22561226814444754,-0.19863538097112537,-0.4792983133209019,-0.20541188581046405,-0.5531076283737159,-0.1757848540421125,-0.39817395352488677,-0.15387090230013034,-0.2731985785187878,-0.1069885824404442,-0.5184763576213118,-0.11472293992895528,-0.7319468987915502,-0.12078848405052443,-0.8717101099861366,-0.13178709771381006,-1.0,i love you
0.0,0.0,-0.1704508260437202,0.008578822113814557,-0.33626303874066393,-0.07499054780419281,-0.35173649025940873,-0.2456128472589552,-0.2663938792087569,-0.37349963065142416,-0.37975178671798604,-0.3380491587775712,-0.5208858110351972,-0.5399955291803773,-0.6032324209856226,-0.6605785019810515,-0.6800764270975825,-0.7636814899788326,-0.2891358163247471,-0.4222260450080907,-0.3098767396869874,-0.49222546545739887,-0.2521637939044146,-0.33667332383360826,-0.21417176226646636,-0.22085848935972527,-0.19759514060543729,-0.4782529582383131,-0.20238057346080995,-0.5451143416718106,-0.1754239229326369,-0.3916176731683668,-0.15500534014566042,-0.26788599225977855,-0.10572439696830593,-0.5186224356031789,-0.11679657494740348,-0.7300149303297275,-0.12373830434506632,-0.8711614655825083,-0.13278739044882062,-1.0,i love you
0.0,0.0,-0.1760928294884168,0.003580225291862142,-0.33448873354374486,-0.07996966794975463,-0.3463204689171011,-0.2450222273562302,-0.26751675901670496,-0.3696876991239478,-0.37838040266355644,-0.3417579919735582,-0.5203384967376278,-0.541273200851086,-0.6029758200646139,-0.6591217865354017,-0.6808526138103986,-0.7605582736815433,-0.2882830345464911,-0.4242708570108398,-0.30009762895779224,-0.5018005462750081,-0.240671776660717,-0.3446417725245283,-0.20563751336808725,-0.22659494788774906,-0.1975466066484575,-0.4789371113007382,-0.19344805356923273,-0.5445229036789722,-0.15976941679739756,-0.3909573972567008,-0.13765273156135532,-0.26967204868033223,-0.10578581995282509,-0.5203545198108532,-0.11568584342849052,-0.7337468279904458,-0.12024533933515424,-0.8729869616899498,-0.12929874833714036,-1.0,i love you
0.0,0.0,-0.1770414928123572,0.006362505899185725,-0.3368232791232499,-0.0726562441476332,-0.3463844546155978,-0.23878892526199877,-0.26769605896938414,-0.3688642850186901,-0.3764811638063419,-0.33331448090911137,-0.5179631141707804,-0.5339815570853902,-0.6017311769156435,-0.6542785014944604,-0.6812282291955384,-0.7557695909148794,-0.2883031319994307,-0.42012165431895304,-0.3063276726120471,-0.48261781516633834,-0.24659907261054886,-0.3284445626362431,-0.207682799847183,-0.215873491493936,-0.19943667458218783,-0.4795449948686448,-0.19843212752728606,-0.5434659495254432,-0.16734098417145468,-0.3933749335171133,-0.14360528267399789,-0.2716865303798701,-0.10955143715400807,-0.5240889035380132,-0.11934371090618984,-0.7362269931756721,-0.12300270426164668,-0.8754861678140426,-0.12935622092544177,-1.0,i love you
0.0,0.0,-0.1763344227356572,0.010979242767420499,-0.32827361403656946,-0.06498787999492488,-0.34184824798730684,-0.22042715908336505,-0.2744498727508845,-0.35078298295362137,-0.38235187257549963,-0.32639954529294307,-0.5280213414048401,-0.5292437090202018,-0.6108627126707553,-0.6463672988319789,-0.6900902432960478,-0.7500509319839734,-0.29465907528061097,-0.4138047266783349,-0.3119103231855516,-0.49069670959410205,-0.2569600862543373,-0.3382210917953187,-0.22698487790875843,-0.23365977358616902,-0.20319265072871256,-0.4705852812558315,-0.20448197654522693,-0.549417910672053,-0.1841396185018445,-0.3997298084405758,-0.1740380607915791,-0.28553716170652865,-0.1092833931677145,-0.5105657948975187,-0.11564594405452072,-0.7278002652077388,-0.12095618593912016,-0.8682734352277368,-0.13193048293031914,-1.0,i love you
0.0,0.0,-0.17569272976680383,0.013711324493217497,-0.331313824112178,-0.06511393080323122,-0.3397424173144338,-0.22641937204694407,-0.26368007925621095,-0.3600125743026978,-0.38146052431031857,-0.32103261697911906,-0.5255330742264899,-0.5231999695168419,-0.6114250876390794,-0.6400301021185795,-0.6922374638012498,-0.7412825788751715,-0.2948860691967688,-0.4102648224356043,-0.31411522633744854,-0.48192844078646546,-0.2596627800640146,-0.3319345374180765,-0.22757963725041913,-0.22886678859929888,-0.2042577351013565,-0.47079218106995885,-0.20576207895137935,-0.5507114007011127,-0.18614730986130162,-0.40380848955951837,-0.17599108367626887,-0.2888759335467154,-0.11188119189147996,-0.5154835390946502,-0.12459838439262308,-0.7326474622770919,-0.12900815424477977,-0.8718457552202408,-0.13736396890717878,-1.0,i love you
0.0,0.0,-0.16770418312252436,0.0149787451212369,-0.32343990736391176,-0.058699808425785774,-0.342941427778841,-0.21431103842503185,-0.27074984583205264,-0.34374832058427235,-0.3828634835576743,-0.32993177947507507,-0.5311983730690344,-0.5266601326520947,-0.6144150413788704,-0.6431109641924403,-0.6932825304034658,-0.7454498707695638,-0.29428892329878814,-0.4191953109746314,-0.31199107662388625,-0.48568799500476517,-0.24954213569485764,-0.331535512755827,-0.21474096885130864,-0.22172192548516992,-0.20150939602894297,-0.47794112814207806,-0.20678996236175629,-0.5495110121343223,-0.1758945123943297,-0.402212672508617,-0.1589288855638874,-0.285565820531111,-0.1068825597871999,-0.5204678973038491,-0.11971551905786469,-0.7346064996046728,-0.1253575826465852,-0.8725312347161087,-0.1378557219989445,-1.0,i love you
0.0,0.0,-0.16520377149915336,0.014317549510144896,-0.32138556781279265,-0.0601398085677875,-0.3371803952934835,-0.21897344625667764,-0.2660957562622628,-0.34908897008898226,-0.37839050449274364,-0.3243930215798032,-0.5240131997450865,-0.5251750213377088,-0.6084381299112688,-0.6427205544927725,-0.6881746524043316,-0.7450210886642855,-0.289310951761237,-0.4158487292069554,-0.3143181093776455,-0.4810072672732155,-0.2502959092798424,-0.32246978018636635,-0.20850855738168889,-0.2100669196109423,-0.19767415595630486,-0.47503251575303046,-0.20727028491657107,-0.5434309491279291,-0.1741925407501491,-0.3934459207571262,-0.15019623355895995,-0.27629499766110527,-0.10517632254700329,-0.5190913852415452,-0.12093755797765819,-0.73358936653309,-0.1296757382576962,-0.871804628636991,-0.14284922748903095,-1.0,i love you
0.0,0.0,-0.16748961763567127,0.00801950799474334,-0.31474815117886495,-0.06556716742659785,-0.33311331014385276,-0.219883145523466,-0.2667760294338993,-0.3496325869697064,-0.3767519065410871,-0.3207225034771694,-0.5193161409461485,-0.5168762925559378,-0.5998415447593656,-0.6322699435924782,-0.6767755919571342,-0.7356643971194371,-0.2874137549247453,-0.407708687498398,-0.31283520211715626,-0.481662689225564,-0.24246157190605158,-0.3220225996256972,-0.19921612643425407,-0.2078719993092878,-0.19589631376681563,-0.4670120356217865,-0.20775906477874564,-0.546519872333873,-0.17084450553273203,-0.39066636576487995,-0.14638203824471988,-0.2677099556028536,-0.10392019652920967,-0.5125516323761329,-0.11835500256608067,-0.7279455339500278,-0.126998541294434,-0.8686469267642696,-0.1437949509785122,-1.0,i love you
0.0,0.0,-0.16619151000260088,0.009003151160789464,-0.3143682281492892,-0.06466671245870034,-0.3320700648986311,-0.22139123401555746,-0.2663031859678802,-0.3522562481043256,-0.3739543401972505,-0.3186566006515332,-0.5168332030318442,-0.5147787357231115,-0.5986537913874446,-0.6313581788559658,-0.6767920442258433,-0.7352226148846234,-0.2853135686683702,-0.40703149540060185,-0.31216480810179414,-0.4786715885385112,-0.24353193955760266,-0.3177323990729429,-0.199509073382763,-0.20223845867101742,-0.19431425014644446,-0.46714164324970114,-0.2065152545355337,-0.543496515046156,-0.17113820730362356,-0.3873770657545305,-0.1457406076808676,-0.26361702012714233,-0.10281559265053294,-0.5132537066464564,-0.11869217951814946,-0.7285953756734709,-0.1289822669063288,-0.8693014965505479,-0.14591155603131248,-1.0,i love you
0.0,0.0,-0.16578320504477886,0.0076789444577976575,-0.31484766589087754,-0.07385786058072799,-0.31623900558294593,-0.24013897763890435,-0.24118951727156723,-0.367661122803315,-0.37158384091828417,-0.32631253944897476,-0.5140027006059753,-0.5214748982387437,-0.5951076431839011,-0.6393885921870023,-0.6717944960008755,-0.7405714263381385,-0.2812022581912193,-0.41288083527280617,-0.3031627574320403,-0.4899122009938699,-0.23302790300486384,-0.3348540363507036,-0.18645749672194897,-0.21989928420262753,-0.1918379949075404,-0.4723109722376924,-0.2005815487252241,-0.5477407340098527,-0.16213875486822332,-0.3992257741769698,-0.13166763396041326,-0.27910586883496796,-0.10244363804063415,-0.5208820155665899,-0.11826113804551948,-0.7347856418433688,-0.12518969705141508,-0.8731377641249314,-0.13740261110687715,-1.0,i love you
0.0,0.0,-0.1657829652959738,0.009157165529078824,-0.31668720304350084,-0.06998169860832963,-0.318749270934116,-0.23723896990710108,-0.24381217890468082,-0.364484517336329,-0.3734722945161502,-0.3234137241812651,-0.5161141450054453,-0.5209766100960553,-0.5972444985546116,-0.6418324525727326,-0.6739042936221562,-0.7439987217453273,-0.28297225579601254,-0.40987079237085855,-0.3062259040662026,-0.48677584765243237,-0.23681275431533483,-0.3342094867278151,-0.1901376378363383,-0.22001546844994957,-0.19309840502440348,-0.4706482731308711,-0.2032272009457516,-0.5509673662758383,-0.16746508570874027,-0.40561334168512,-0.13815894077387342,-0.28535075053350467,-0.10311437340524496,-0.5205166736755017,-0.11855733668189006,-0.7341769422070087,-0.12531757864844173,-0.873005398273376,-0.13685441522299369,-1.0,i love you
0.0,0.0,-0.16705637930159983,0.0036526958586135406,-0.3065095443881184,-0.0766488147218191,-0.30680522009163586,-0.23145942303132866,-0.2377739865931514,-0.3582791359506662,-0.3751420875097854,-0.3292691030292212,-0.5152306408102458,-0.5211237092202458,-0.5945971556154596,-0.6380225586407096,-0.6694479317838407,-0.7407502063242359,-0.2856891779940212,-0.4157782306404171,-0.3010804351937443,-0.4844092010189803,-0.2377586523478892,-0.3429283768858664,-0.1989755937793292,-0.2405947013498461,-0.194943080461144,-0.4746098319248764,-0.19529301580174316,-0.5462105344692209,-0.16262360286349337,-0.40352145044660004,-0.1431093996171157,-0.29048289897445356,-0.10540484963199777,-0.5224845251908229,-0.12046661715147128,-0.7316652557850406,-0.12627554380541708,-0.8710268085857619,-0.13880912678550575,-1.0,i love you
0.0,0.0,-0.16478852690095958,0.0057073694564742485,-0.3030816343659572,-0.07716244274785208,-0.30618044731782657,-0.23689819060072495,-0.2373566784302067,-0.3663655053994884,-0.37081546512001873,-0.32351238544667854,-0.5109276201069465,-0.5189199768128311,-0.589232164274346,-0.6369980460339038,-0.6636848615868778,-0.7391769025676103,-0.28196060220748753,-0.40770353682767213,-0.30369857307919484,-0.48465026673872785,-0.24249495820269634,-0.3448730549565711,-0.20423377623754455,-0.24212863858530032,-0.19172203949819702,-0.4678270186995575,-0.19659597299432166,-0.5505391644304436,-0.16497129450449977,-0.40549228414793037,-0.1451821910619582,-0.28842335879790687,-0.10200197200753347,-0.5171472094995226,-0.11640531422300629,-0.7281249534256375,-0.12362385015252858,-0.8690854481689118,-0.1381421084792402,-1.0,i love you
0.0,0.0,-0.1695485324232892,-0.002428604122297367,-0.30395806296370803,-0.08057395601967648,-0.30481572931606843,-0.23723494381157925,-0.23171945290539422,-0.370423644848592,-0.3667508706717866,-0.3163641592782943,-0.5069401546291731,-0.5117352532716827,-0.5843753999294641,-0.6311755785044602,-0.6593335797937289,-0.7371203179695145,-0.2802768980565826,-0.4084414465682368,-0.30526592503054545,-0.49394065447300894,-0.2401904905451977,-0.370972741203332,-0.19990272133023734,-0.277777876678418,-0.1918545828281983,-0.47252510543302756,-0.20035568626264172,-0.5654853776392378,-0.16017314732892118,-0.43353135219526784,-0.13378724771188424,-0.3221486599259946,-0.10276646848956371,-0.5220232934743972,-0.11801022197457502,-0.7306969191857154,-0.12376426122507432,-0.8725439756751897,-0.13652363062667996,-1.0,i love you
0.0,0.0,-0.16608830361607455,0.0034405085164157,-0.3013540499655039,-0.079561314395306,-0.30085045477849726,-0.2426723537714651,-0.23160038040623082,-0.3729895752235915,-0.36590086968080054,-0.3206354556329871,-0.505171246099412,-0.5153096101627328,-0.5820935318281653,-0.6343649716119477,-0.6560951237111444,-0.7390755843761274,-0.27791847850166784,-0.4117383172246169,-0.303395331320535,-0.4940925475824266,-0.23737847255188652,-0.3642191861458709,-0.19489015058010367,-0.2691935830975574,-0.18779076391394336,-0.47366509693712855,-0.19720162479666306,-0.5687725885979403,-0.15807073593731208,-0.4334716341011083,-0.13166225180234067,-0.32120669793466633,-0.09748542620055826,-0.5203095626910734,-0.1125778535214477,-0.728952253004956,-0.11897426403104014,-0.8702445265176689,-0.13317857572362632,-1.0,i love you
0.0,0.0,-0.16421633818191525,-0.0028595130719891314,-0.29622024183254053,-0.08910052889126632,-0.29864588411061926,-0.24659760461398056,-0.2283449727644234,-0.37038604415238474,-0.36602953841407765,-0.32857189470426484,-0.5021854708654971,-0.5219117604890835,-0.5766621414114248,-0.6420528377107679,-0.6473419481273255,-0.7484294925353063,-0.2785960700481826,-0.41336377416174835,-0.296714229637093,-0.49233814631966233,-0.22564168481877392,-0.36023853005998846,-0.1809197704874916,-0.26664900070301306,-0.18935315876329026,-0.47341354867352015,-0.19415144542848695,-0.5607924371218586,-0.15078255934330076,-0.4247349858260305,-0.12095740294514026,-0.31497793567282106,-0.09987413000896811,-0.5217721466420002,-0.11716686722149658,-0.7304319624743292,-0.12462810015414871,-0.8707668181786721,-0.1391277694117135,-1.0,i love you
0.0,0.0,-0.16098633380023175,-0.0024590511846803373,-0.29428245806740555,-0.09090119326857052,-0.29549433117100266,-0.2514793380594401,-0.2266036095967656,-0.3751415670094423,-0.36671875142558724,-0.33146891317395316,-0.5035743314566159,-0.5249382063722707,-0.5777191477140424,-0.6455495299082745,-0.6474496517302811,-0.7515668071328748,-0.27716232078261216,-0.416509083494685,-0.2980097116456047,-0.49763397148071853,-0.22387084566528262,-0.35876442099241895,-0.1749214860936074,-0.26077962117362474,-0.18753686692522603,-0.476920263510005,-0.19833503312915948,-0.5746686389851842,-0.15306810171483018,-0.43392514789413744,-0.11968109688201513,-0.3208226773787522,-0.0990042806293489,-0.5245629422295529,-0.11524893380951418,-0.7337588178148123,-0.12316637252463514,-0.8709825216560335,-0.1387937836265035,-1.0,i love you
0.0,0.0,-0.16814974952170478,-0.00772612233929481,-0.30198577748543054,-0.09930211011418923,-0.3045787993887447,-0.25870818175619575,-0.23676275353657705,-0.3848088623993775,-0.36306718593952425,-0.3308030145634378,-0.5020030241895052,-0.5290065497366869,-0.5772271310709401,-0.6470068946707684,-0.647514669725617,-0.7523834543945003,-0.2765693497992564,-0.41666192048066164,-0.2998640317981093,-0.5097652442815144,-0.23080903085555685,-0.39141475114610363,-0.18460069869205809,-0.3025204253117442,-0.18869659036671305,-0.4772443777750147,-0.19993101318370146,-0.583404258732648,-0.16056521059027848,-0.4648496127513306,-0.13159636295087096,-0.36193050781516345,-0.10097022737573348,-0.5238313352558729,-0.11854461882778565,-0.7333627463170265,-0.12655511124124127,-0.8741395699554393,-0.1405658523281045,-1.0,i love you
0.0,0.0,-0.1632266750245466,-0.005032729140485788,-0.2978834815796953,-0.09937689924921089,-0.2981707003638038,-0.2662394120575486,-0.22067203195088958,-0.3898906988517049,-0.35972672612788875,-0.33570115485552754,-0.4988570252494513,-0.531198740397622,-0.5738155275355008,-0.6477219610162505,-0.6443313392695882,-0.7510707200250897,-0.27350348712805816,-0.4219267940123284,-0.2968438135854085,-0.5115226535815443,-0.22996743987056753,-0.3870317118739566,-0.18663060564160897,-0.2951225010115662,-0.18648019580480563,-0.48124707355861074,-0.19701408472114076,-0.5843254148821333,-0.15669064756835097,-0.4552229715823415,-0.12886282762892692,-0.3465106617972815,-0.09986213098336631,-0.526717247307974,-0.11770409784799926,-0.7331367471432632,-0.12553541001581503,-0.8727788797387349,-0.1402943752521415,-1.0,i love you
0.0,0.0,-0.16522401750974777,-0.01353112556452164,-0.29244343394812095,-0.10904414916416631,-0.28322886706382483,-0.27615704935073543,-0.21400738407764255,-0.4055353663359776,-0.3776821119373161,-0.3506799107947098,-0.5079284618299509,-0.5542158196512545,-0.5835168999298036,-0.6790783776564354,-0.655221346320696,-0.7914724877881105,-0.28871867823767783,-0.43752958497176614,-0.279241547964409,-0.5175053993220564,-0.20885468110351169,-0.3653242388664219,-0.17224282557963766,-0.2578397327982673,-0.19655188836500453,-0.49551675084018215,-0.18059805645112864,-0.5819187420149048,-0.14802238829149506,-0.4403800957072542,-0.13525658945066688,-0.33019955231699766,-0.10576500576686938,-0.5380905346726551,-0.1203733038467193,-0.7470392250652784,-0.12226301479921563,-0.8798290024868977,-0.13071349737333077,-1.0,i love you
0.0,0.0,-0.16402491841690364,-0.01558709709582872,-0.28889825949137016,-0.11567787192232833,-0.2848514055557517,-0.2831406012741711,-0.21443922137217472,-0.41181900704387725,-0.35903749602730306,-0.34632112685418487,-0.4950431128495194,-0.5497805409514946,-0.568812511554576,-0.673863704817713,-0.6370527470290459,-0.7838427040512161,-0.2720486237331511,-0.4303354098680753,-0.2734237481071268,-0.5264898392433908,-0.2081780432935683,-0.3874415000903594,-0.17323035825936672,-0.2842635502720129,-0.18431901223694513,-0.48893731136180935,-0.17631130156976055,-0.5858744399276294,-0.1408713137007671,-0.44493250050372757,-0.12455510987493015,-0.3323949805883123,-0.09811283913329774,-0.5348294908093084,-0.11401733653780242,-0.740952325559657,-0.11687393931588601,-0.8763977142192431,-0.1272164533008178,-1.0,i love you
0.0,0.0,-0.16516815877498883,-0.009593511170413788,-0.2952252185887739,-0.11475443704065263,-0.2875974882246182,-0.28722645231447735,-0.21059647674483392,-0.4129291615652707,-0.3579094192411543,-0.33816521699027274,-0.49502283915927187,-0.5451485802659397,-0.5696402892410646,-0.6696396840643832,-0.6393188715583445,-0.7785885985965326,-0.27015420945248414,-0.4255026461872095,-0.2764058932522591,-0.5224653061599265,-0.21135273891488482,-0.3827500438753094,-0.17562978546069283,-0.28462377522152077,-0.18353130610274773,-0.48571605652684097,-0.18157595937720225,-0.5961044568341037,-0.1507541023153434,-0.4575093974547938,-0.13455373123769693,-0.3458275885023943,-0.09874438359520442,-0.5288492941031375,-0.11395268227869472,-0.7367120417012644,-0.11783708184638989,-0.8729533811534208,-0.12747900715131025,-1.0,i love you
0.0,0.0,-0.16443745786738134,-0.018189428045344114,-0.29049221721169116,-0.12615965512598004,-0.278214831972151,-0.3024436762724701,-0.19840079720794068,-0.42520129479689867,-0.3562789386961163,-0.3459046626383079,-0.49119156404813635,-0.5530671713874278,-0.5645603357830522,-0.6803748525683545,-0.6341782508170528,-0.7899476540911748,-0.26910180281299684,-0.4307849139053303,-0.27205178854592177,-0.5276028878807701,-0.20915844237256775,-0.3843889269182348,-0.17636186047653904,-0.28230868122900393,-0.18324210799728352,-0.48847801007707137,-0.1766544864071509,-0.5929354772310594,-0.1465048579858886,-0.4507604840107818,-0.13176575190191245,-0.3363125261589059,-0.09831648514215773,-0.5300745987996509,-0.11167113340932727,-0.7379809518418055,-0.11567299073066781,-0.8738559543653399,-0.12643854470423033,-1.0,i love you
0.0,0.0,-0.16504866135308985,-0.017478636479131282,-0.2916321195019859,-0.12875031761103012,-0.27955746753680943,-0.30589201893630397,-0.1980154325527903,-0.42805775840164756,-0.3584357489602418,-0.3460493366944381,-0.49367494349866936,-0.5556011540981852,-0.5683745503296468,-0.6834563100953501,-0.6390455119889805,-0.793009757345173,-0.27129373002393786,-0.4296976342993166,-0.2740331251588055,-0.5308095236503203,-0.21477735466787917,-0.3898345246533025,-0.18547105059042218,-0.2900578553565936,-0.18553916979819998,-0.48715346964975864,-0.17992664856841006,-0.5970101100605801,-0.15362051499792717,-0.4594260267194458,-0.14210168233547749,-0.34858855329847416,-0.10111230726025382,-0.5280454718696925,-0.11435752303515787,-0.737056514703719,-0.11856837663987589,-0.8735187206627706,-0.1285693629057063,-1.0,i love you
0.0,0.0,-0.1590201687777082,-0.021879734418162156,-0.280815772819635,-0.13150311549207933,-0.2756262043192485,-0.30535407715480906,-0.20118457904378198,-0.42349763909652816,-0.3625944173783841,-0.3550351905106939,-0.4912359327590678,-0.5612004712635148,-0.5629468644550412,-0.6875652969285325,-0.6311187338920347,-0.7997922171480887,-0.27559952273312827,-0.43750964080748483,-0.26991009139277045,-0.5346085185966486,-0.2049049927084228,-0.38818289226725944,-0.17379759849048926,-0.2876525123631631,-0.18819940149867134,-0.4931561731601587,-0.17598840685083075,-0.5934910270659677,-0.14411558463107288,-0.44999662311175664,-0.1317465849654265,-0.3404070109202729,-0.10207999639798587,-0.5337530402416685,-0.11639216595279527,-0.7404215190327258,-0.11949598483818868,-0.8747347475129843,-0.12832884054333715,-1.0,i love you
0.0,0.0,-0.1594963772617619,-0.02159300418351427,-0.2821132875984694,-0.1331557473080666,-0.276309568381738,-0.30791065274329965,-0.19858100732886325,-0.4239162429923843,-0.3620995454587148,-0.35656183003941694,-0.49114224031900444,-0.5618646449266238,-0.5636970692051824,-0.6873488093619995,-0.6321359271066208,-0.7989499104009152,-0.27576130036665164,-0.4396192226518494,-0.26816268091802165,-0.536618883267694,-0.2050397296267358,-0.3895638121429483,-0.1764030449513063,-0.28950385705506276,-0.1887718045981133,-0.49535952622972557,-0.17443553410477214,-0.5950025474658344,-0.14509548202139538,-0.45090145268092635,-0.13595170571808102,-0.3416197546594443,-0.1029096979647791,-0.535485657058565,-0.11720802747760857,-0.7414972594937923,-0.11997313278259152,-0.8752767398441168,-0.1282617777559119,-1.0,i love you
0.0,0.0,-0.16511219660483026,-0.03527246792444006,-0.28236723186017787,-0.14786701597702367,-0.27179522083969776,-0.31624668972204106,-0.1914140304842046,-0.42262321833762456,-0.3587781765097415,-0.3586057205277738,-0.4852218168091551,-0.5649695550468637,-0.5567618194982993,-0.6929928587355845,-0.6255684157517035,-0.805269428022385,-0.27184866966703886,-0.43973477689707846,-0.26349019172261395,-0.5350060589256619,-0.2020799945214952,-0.3882460182711476,-0.17482109257754463,-0.28450351467796664,-0.18463813891183198,-0.49561218533046825,-0.16884025231187055,-0.5899476953116192,-0.14187573648725954,-0.4458312837656703,-0.1340258575405021,-0.33310102579991596,-0.0984777941000846,-0.5372404704498972,-0.1117485533323256,-0.7430276422302525,-0.1129319437751742,-0.8772821187783268,-0.11982141410564662,-1.0,i love you
0.0,0.0,-0.16340289973863883,-0.02541912282047124,-0.28026825871947697,-0.13644041765824252,-0.26691315157480894,-0.30778346707297705,-0.19833025541485272,-0.43361103742824303,-0.35235943718301527,-0.35538371732933055,-0.4822262255416529,-0.5622298964151573,-0.5560652594146801,-0.6926276204735846,-0.6253638920981095,-0.8073407412901612,-0.2673858393959318,-0.4407528978319637,-0.25310547098438496,-0.530829680269432,-0.18403228692485982,-0.3725660034370439,-0.14999918285350072,-0.26104143016561254,-0.18173631478662208,-0.4978932287050575,-0.1614744340003344,-0.5904289935311331,-0.12902114649425295,-0.4353178259880244,-0.11846235657507502,-0.3173985575478565,-0.09619783829131734,-0.5417367003121499,-0.11088719900199175,-0.7440806117116788,-0.11173242181688962,-0.8762498674755997,-0.11908045456812132,-1.0,i love you
0.0,0.0,-0.16349701042516254,-0.022390167806809677,-0.2820192140850761,-0.13686033031595696,-0.26707385461101996,-0.31095182731632326,-0.19509186666320194,-0.43350763089710714,-0.3488892092819739,-0.353409825319641,-0.47922763099769566,-0.5604017338109053,-0.5534372356931682,-0.6911772964989326,-0.6228864883623266,-0.8055210946714066,-0.2636148666489519,-0.4371619282485274,-0.2511766762030178,-0.5306618976528505,-0.18283347820875304,-0.3712349504894889,-0.1488253355675163,-0.25850748420550573,-0.17890256240889404,-0.4939957031934343,-0.16011472121470705,-0.5898368705568162,-0.1285906960642224,-0.43412792681178797,-0.11728119271169064,-0.31514301592903143,-0.09422672150976673,-0.5377806315115354,-0.1086486015260956,-0.7413747433944772,-0.11088082858122397,-0.8747027399476437,-0.11904400664219571,-1.0,i love you
0.0,0.0,-0.16424795156911012,-0.0214338335078128,-0.28346867281379323,-0.13555367627718448,-0.2676655485309667,-0.3106048935989613,-0.19482555720778358,-0.4328893276200476,-0.3481721572683536,-0.35203019699937227,-0.47875196354898575,-0.5585908346406194,-0.553072043778104,-0.6892188454593945,-0.6229522764593138,-0.803132456639494,-0.2629297670358505,-0.436051964492118,-0.25160463476155,-0.5301141085251821,-0.1828033453949471,-0.3709900897757127,-0.14845069566484012,-0.25799152648053425,-0.17851020731095177,-0.49312236512422625,-0.16006379765830736,-0.5880647659407692,-0.1282953303425561,-0.43265333496809594,-0.11673420541630382,-0.3135927366240266,-0.09399843020873613,-0.5373691011006354,-0.10869368845406999,-0.7411678282912434,-0.11078618457936824,-0.8747078123837458,-0.11895580586984565,-1.0,i love you
0.0,0.0,-0.1576117311291218,-0.0209396754525693,-0.27570308205012883,-0.13373639201925427,-0.2629072633037658,-0.30952585273617006,-0.19264175695502775,-0.43560195825051984,-0.3511513084060829,-0.3542899212152228,-0.47885727099787717,-0.5605772942910946,-0.5505104317325614,-0.6907574826537982,-0.6197565988227697,-0.8043931392329315,-0.2642761261015786,-0.4366701556381968,-0.2604384662138729,-0.5197552834116003,-0.18970985161535622,-0.36233063298211854,-0.15206445431211618,-0.25353819505125613,-0.1780736826522531,-0.4923504664594163,-0.1641862814307581,-0.5816468404972087,-0.13245188257261853,-0.42638990415663663,-0.12015592007060626,-0.3070311650137377,-0.09253103274183677,-0.5349167543085458,-0.10755762179506854,-0.7386973295274103,-0.1101709053181656,-0.8736491197080539,-0.1193098810137519,-1.0,i love you
0.0,0.0,-0.15592519651513032,-0.021035001148579688,-0.2752204629129227,-0.1365110843132262,-0.26361170778637333,-0.31171788058177535,-0.1899746647829683,-0.4293914272338421,-0.34833617951241236,-0.35631309659160537,-0.4756773193105531,-0.561098000640546,-0.5465004459313901,-0.688958805244502,-0.6134823731442546,-0.800973571866818,-0.26187492237221377,-0.4365703618254483,-0.25701225553218704,-0.5261188682356861,-0.18837080721681904,-0.36937948865149267,-0.1512307664827416,-0.258922262548285,-0.17547805215839515,-0.4909752376189133,-0.16250429419259002,-0.5868149698357635,-0.12955314226893713,-0.43215300327625605,-0.11482432130987101,-0.312823674117411,-0.08968143425824807,-0.5322771661942882,-0.10395290034025376,-0.7371451501482353,-0.10806867883427262,-0.8726528369087463,-0.11765526907296535,-1.0,i love you
0.0,0.0,-0.16301713250848085,-0.018596081273482466,-0.2847237827676535,-0.12577231450976945,-0.282486133373357,-0.29289988913332443,-0.2065209008974645,-0.4151741402857325,-0.3514336794220007,-0.35501010404219735,-0.48182764999962685,-0.5593816674447512,-0.5548425187382925,-0.6858227476526862,-0.6223434909984054,-0.7974560368438902,-0.2645509402107711,-0.43719199670302245,-0.26308239209985795,-0.535036191294354,-0.19473146963438873,-0.38824357168148343,-0.15716201211821687,-0.2821080091844375,-0.1778062660816798,-0.49375556095469725,-0.16697665663587222,-0.5872268653919348,-0.13186915244623962,-0.44009716796591575,-0.11632003900649528,-0.32608277437014543,-0.09176269721954339,-0.5381432775572514,-0.10692663810281164,-0.741848355615849,-0.1105967645505256,-0.8765544760036253,-0.12099766740494862,-1.0,i love you
0.0,0.0,-0.16391693383841074,-0.019144728450725852,-0.28642338249128313,-0.12773760742079066,-0.2822844391498552,-0.2947594711299724,-0.2043648164636409,-0.4146670579819442,-0.35200873111893466,-0.35601269545640857,-0.48189072974933117,-0.5596386360268456,-0.554384774368354,-0.6853887085729005,-0.6212171308582229,-0.7968995281513779,-0.26516068073998217,-0.437403383721367,-0.2637919028283261,-0.5358856335695672,-0.1975778905217083,-0.3918015321561678,-0.16139608742511657,-0.2884476547707648,-0.1785334675693336,-0.492641580385363,-0.1686065254711985,-0.586243121540131,-0.13581653422625867,-0.44154975709970984,-0.12100310451709094,-0.32938839651135,-0.09276731312115624,-0.5353155846262629,-0.10719685758972079,-0.7402428136063789,-0.1109989725910066,-0.8759474844990854,-0.12083716702599151,-1.0,i love you
0.0,0.0,-0.16373397287619884,-0.020744066310267265,-0.28625820751681214,-0.1297764083685352,-0.2816118871127145,-0.3020419409328996,-0.2073858030326974,-0.4270139991435279,-0.35322147337771814,-0.35105286299966676,-0.48293974644821985,-0.5515643717416598,-0.5560055809886112,-0.6768557646879649,-0.6252185191220097,-0.7865619849192124,-0.26616345516908774,-0.4318445511259006,-0.2702963835750588,-0.5156740132761369,-0.20634182408913862,-0.36795017395555024,-0.16947094422368497,-0.2611548126610491,-0.18004133337809478,-0.49014033533422474,-0.1742237095396749,-0.5714241264762067,-0.1455216578549385,-0.421119816849247,-0.13210018267584495,-0.30388384731214313,-0.09487721579413226,-0.5380745261768508,-0.11125049026069997,-0.742312425642088,-0.1173387298174306,-0.8773959316754675,-0.1293252457035149,-1.0,i love you
0.0,0.0,-0.16609300652587225,-0.017007142490108422,-0.291734648784749,-0.12380412106263809,-0.2838929140331946,-0.291398386516623,-0.2048124967884487,-0.4108894712501927,-0.3553749550382817,-0.3495047530959355,-0.48641693643697653,-0.5529409588407584,-0.559408457941524,-0.679433533734135,-0.6280487128102359,-0.789422742921741,-0.2679862288679924,-0.4305969888494939,-0.2714635424695545,-0.5169000565233031,-0.21145223780895123,-0.3717013514207903,-0.178408509326345,-0.26582724423205384,-0.1815022866245311,-0.4879366939006218,-0.175794049637737,-0.5764012126817738,-0.15091598581778942,-0.42992898617748315,-0.14032454652895535,-0.31280406967781715,-0.09654426802322594,-0.5341423359539592,-0.1117993936591131,-0.7407512460819075,-0.11684209444530086,-0.8772988027336724,-0.12655423667848517,-1.0,i love you
0.0,0.0,-0.16339947239014502,-0.01894262510169281,-0.28189041278438,-0.12378760371844028,-0.2840460124490919,-0.27781324058894225,-0.2239956369774388,-0.39275634608376775,-0.36245456213070804,-0.3536145881574867,-0.49057434124857796,-0.5542354798296578,-0.5666907411626995,-0.6832436572065962,-0.6345088432643371,-0.7946095201744551,-0.2782500363996509,-0.43358277033835635,-0.2703988167851335,-0.5093911099302361,-0.22478367913687172,-0.37019678844029347,-0.20324084394544248,-0.2646990838804249,-0.19087606762026896,-0.492871015266466,-0.17878727056909313,-0.5731953793419436,-0.1675905734363985,-0.4419094475396715,-0.17002626533001117,-0.33616208661718505,-0.10602128371903254,-0.5405570257084359,-0.11460872226120389,-0.7484434522169239,-0.11414889390303791,-0.8823935505576755,-0.119179449045013,-1.0,i love you
0.0,0.0,-0.16535696640316205,-0.013688241106719368,-0.2829174901185771,-0.11894227602108037,-0.28801506916996045,-0.2712084156785244,-0.22908555665349142,-0.38791749011857707,-0.3589661561264822,-0.3496969696969697,-0.48891016139657445,-0.5516501976284585,-0.565685523715415,-0.6800172924901186,-0.6339023386034256,-0.7911849472990777,-0.2743432971014493,-0.4312714097496706,-0.26807435770750987,-0.5131175889328063,-0.2264554512516469,-0.38386487154150195,-0.21049407114624505,-0.28806241765480894,-0.18658555665349144,-0.4911787714097497,-0.17589262187088275,-0.5757649868247694,-0.16750205862977602,-0.4453232048748353,-0.1742090744400527,-0.3414748023715415,-0.10153079710144927,-0.5396912055335968,-0.11476161067193676,-0.7471879117259552,-0.11621665019762846,-0.88094779314888,-0.12368412384716733,-1.0,i love you
0.0,0.0,-0.16173223789559554,-0.01240296327297309,-0.28604346820317855,-0.12269316817301616,-0.2801879551438355,-0.2927511306817114,-0.20892701105219405,-0.41603896427675197,-0.3626155306172995,-0.34666501005004996,-0.4965787324757618,-0.5506180842046238,-0.5736473711701299,-0.6867555953724812,-0.645217704763127,-0.8028628950846713,-0.27530924645469057,-0.4320311727292568,-0.2632602215016303,-0.5108789032326094,-0.20318266568686513,-0.3523750242157569,-0.17401299844610452,-0.23854175777376885,-0.18465403550990414,-0.48846308210796835,-0.16777207680052839,-0.574663411197039,-0.1416803650877857,-0.4246409733058575,-0.13377438026054111,-0.31030418260274634,-0.09519224245674064,-0.5317539074218331,-0.10416372058654037,-0.7455201871540825,-0.10453972896335308,-0.8781798251888011,-0.11116892012846408,-1.0,i love you
0.0,0.0,-0.1616221939563427,-0.01671414742355631,-0.28945690368889465,-0.12735829041645244,-0.2868036388646853,-0.3060577683090371,-0.21344295845738032,-0.43754515770288527,-0.36011576949909857,-0.3468269467028093,-0.4946369276282745,-0.5482433764590835,-0.5708454666649563,-0.6787465474894735,-0.6425013790306426,-0.7890950499954115,-0.2756304809683903,-0.43376380140774606,-0.27792297756151857,-0.5110206997680071,-0.22251505585690842,-0.3648949617769217,-0.19570650280789387,-0.25950208852833995,-0.1899981547139165,-0.4928658477017307,-0.18394601107369007,-0.5749039119078185,-0.1604988390486218,-0.42969193590245836,-0.1513552984873588,-0.3149779009722783,-0.10545247500229428,-0.5378868810027304,-0.11573871143771469,-0.7443653153317618,-0.1185940696255056,-0.8789054197137735,-0.12699436447656537,-1.0,i love you
0.0,0.0,-0.16242579515597438,-0.01826272747132411,-0.2863572513490979,-0.12914507376575038,-0.28245159760704863,-0.3022958551542061,-0.2094292337647354,-0.43072886373665326,-0.3590299261648669,-0.3452172096163689,-0.4962107110303892,-0.5516364217376531,-0.5725551206248729,-0.6816392644477669,-0.6444336603837619,-0.7936188492693601,-0.27301237272726914,-0.43004732696042924,-0.26750496879560676,-0.5197005361501934,-0.20733268549674674,-0.3698532376565126,-0.18004544371453798,-0.2627060617918748,-0.18647980109751605,-0.48875979733895375,-0.1756588684427856,-0.580729993684188,-0.14973470021302485,-0.43002710684664947,-0.14345893195773124,-0.3132131307040049,-0.10102880731857107,-0.5357810772245792,-0.11454456572547984,-0.7427434571081828,-0.11729569061798614,-0.8770341533580653,-0.12758455674933522,-1.0,i love you
0.0,0.0,-0.16120144817272303,-0.021216300414295203,-0.2834802855493865,-0.12468322211305596,-0.27484326372466666,-0.2974050537206211,-0.2070272636803316,-0.43828125680364877,-0.3741743586658,-0.34931506307056637,-0.5094516783587165,-0.551596101365757,-0.5873210467188501,-0.6773063528167402,-0.6603040592696275,-0.7866534083756825,-0.2869938382198211,-0.4353630605118006,-0.2772136054766453,-0.5205037728335401,-0.2123870544822339,-0.3756152477735492,-0.18169017875733606,-0.27581586387239737,-0.19626968060555344,-0.4923470579340342,-0.18317777800649032,-0.5846702461941131,-0.15349585823551254,-0.44309517230896145,-0.14429791886527607,-0.33499800888126047,-0.10669467163958138,-0.5345259197741445,-0.11743840001140043,-0.744713441199453,-0.11965594418217272,-0.8780077570502625,-0.13157969739745343,-1.0,i love you
0.0,0.0,-0.15851390211637867,-0.012262498820117766,-0.28574806701297567,-0.11869329545098498,-0.2801957727602978,-0.2936276112345677,-0.2100629815717667,-0.42870230295276984,-0.371092126584269,-0.34447201279928363,-0.5084207628532281,-0.5489291004577844,-0.5832009599068627,-0.6740543551793332,-0.6537124957558724,-0.7827030348246059,-0.2821935424626561,-0.42966591449790026,-0.2724348571992719,-0.5276906290649283,-0.20472745065234926,-0.38277961139851957,-0.17462138835338492,-0.2868173014186766,-0.19142094079621902,-0.48729894954518127,-0.17978114391528574,-0.5970899719567364,-0.14488500606641747,-0.4505662350908701,-0.1333788142218029,-0.34100498181257105,-0.10197256603842741,-0.5307769448154054,-0.11775727196645135,-0.7391988308968149,-0.12331508383124856,-0.8722195915035867,-0.13793084422027174,-1.0,i love you
0.0,0.0,-0.15803289899893344,-0.016796873939897237,-0.27783638429696794,-0.12145351404559833,-0.28062390936627807,-0.29464992911001964,-0.22653351679047698,-0.43160890596813384,-0.3673748686199502,-0.3400772830663861,-0.5070988842533523,-0.542304279102983,-0.5828195408996611,-0.6670927431689159,-0.6534532550655223,-0.7759983236080111,-0.28180754136024244,-0.4255864561174157,-0.2835320074949144,-0.5262482897816465,-0.21442348437532105,-0.38411979146676156,-0.17705552835230906,-0.2768590058964491,-0.1955074710711889,-0.4869337185468116,-0.1938182851564484,-0.589681737523693,-0.15803289899893344,-0.44506889141407385,-0.14171792960161653,-0.32972777239528267,-0.1108725496239555,-0.5362310412433525,-0.13097607186929724,-0.742288848852947,-0.13718112593526507,-0.8770007470877341,-0.15156266174139288,-1.0,i love you
0.0,0.0,-0.15589375558795776,-0.016420654486403733,-0.27601993302973066,-0.12217580547941385,-0.2752188310108606,-0.296689372304803,-0.21843123461132607,-0.4350204769113721,-0.3658324565630709,-0.34206049017526624,-0.5066137402167159,-0.5436033088457468,-0.583357609152087,-0.66768250638015,-0.6545944827778561,-0.7758200449050996,-0.27936263579608933,-0.4261754273964494,-0.27599281642367607,-0.5323702547876304,-0.20583363419853384,-0.389340617111973,-0.17057197444531044,-0.2881329209543186,-0.19288700432781034,-0.4857099359893145,-0.1848786957997152,-0.5910391625772242,-0.1481480907585057,-0.4419522561790998,-0.1342210018888653,-0.32893256642406343,-0.10775635651983928,-0.5333611730488828,-0.1287399610450585,-0.7408206414704328,-0.13521153277003103,-0.8749310463446041,-0.14997846166719092,-1.0,i love you
0.0,0.0,-0.1566205168281399,-0.01271841166596329,-0.2894278534808035,-0.11549669185550714,-0.2888901780964396,-0.29653176626363764,-0.22202467012401797,-0.4392766180597502,-0.3727637462703036,-0.32697678175119127,-0.5201046229845231,-0.5351784926812825,-0.5987842014439883,-0.6599121670479309,-0.6758515121077444,-0.7676305768180006,-0.2868479216647158,-0.41786591407280005,-0.3001278969725994,-0.5103254149447214,-0.22662600354380405,-0.3584258624134951,-0.1915906508185141,-0.25663648025104663,-0.2012267189023232,-0.48370726039982875,-0.20902642458382295,-0.6030609579039609,-0.17040062882994178,-0.45847860616946484,-0.15106896160777833,-0.34301490286010694,-0.11816155969846194,-0.5334699134979651,-0.1389428270577364,-0.7428504909795285,-0.14523264319019716,-0.8758641008402979,-0.15757528877301188,-1.0,i love you
0.0,0.0,-0.161866377550861,-0.007848986860215951,-0.2962934645504458,-0.10960241001720837,-0.3008963312887788,-0.28846800296344927,-0.23612316730310495,-0.4303724510228623,-0.3687226346394577,-0.3275078262886474,-0.5213678402531026,-0.5236290233501202,-0.6028509322900365,-0.6441252889886834,-0.6788875559942855,-0.7502196764282459,-0.2860952586098365,-0.41778054853217916,-0.3039270481277466,-0.5176071047795452,-0.22973201221770362,-0.3749825628101821,-0.18841648629092272,-0.27159597107641176,-0.2037792248679782,-0.4829038347481886,-0.216507132844461,-0.5938846787430961,-0.17601756455711742,-0.4537837737001046,-0.1518857803875311,-0.34068933093939174,-0.12232517184017444,-0.5347864355480111,-0.1450450720342028,-0.7429143439288346,-0.153830291252072,-0.8770401971564928,-0.16932940289732118,-1.0,i love you
0.0,0.0,-0.1650762962916731,-0.013675802347391814,-0.30186001925993533,-0.11871954839379996,-0.30606849502659716,-0.2966364134666819,-0.2410645611682843,-0.43738740409040494,-0.3652720530114484,-0.3287798724497382,-0.5196294573478342,-0.5284038154203574,-0.6021927542845646,-0.64751160974657,-0.67786454824511,-0.7529072552976754,-0.281859204218829,-0.41663285959374974,-0.3050203227929917,-0.5318894011246833,-0.23188580319547514,-0.39460729153396246,-0.1864347789054145,-0.29099757727195463,-0.19992113926592697,-0.4792149832457654,-0.21770004945316984,-0.6061032994846517,-0.1737792464834831,-0.47023282640468844,-0.14359592464761403,-0.3576433416832214,-0.11825365327490492,-0.5283839900961491,-0.14317261726220348,-0.7383653799908877,-0.15450132150471274,-0.8747716875279252,-0.17055359280766608,-1.0,i love you
0.0,0.0,-0.1688145630557699,-0.018272380237764993,-0.2977781843317922,-0.11720794625582241,-0.29633495799349346,-0.2880778702081967,-0.2220324431315902,-0.421300063959514,-0.3765354966209845,-0.3176720119022527,-0.5262105797438018,-0.5165386354927838,-0.6103658058653256,-0.6369829295203254,-0.6895483025268645,-0.7470840408373405,-0.2924366465283005,-0.409532386300916,-0.2945989400215429,-0.5092495786801134,-0.22480796233208356,-0.35601680442119005,-0.19291295122873373,-0.24447628578718486,-0.20620860112704775,-0.477917782290689,-0.2044151159773121,-0.5943155504546364,-0.16814968963177543,-0.45266059393783104,-0.15560984223622976,-0.33978159926427465,-0.12118700274296659,-0.5316755992362685,-0.14516281851774326,-0.744346348133617,-0.15113613156055578,-0.8791696211039844,-0.16215673590794777,-1.0,i love you
0.0,0.0,-0.16762964971503136,-0.016571849165241622,-0.30073826959457756,-0.11647077972410236,-0.29780111753345584,-0.29863946117434836,-0.22423259206526547,-0.4371980520491954,-0.3843801906844685,-0.31849832524820815,-0.5435386617801383,-0.5154440115296214,-0.6319927638482923,-0.6397000691062074,-0.7137644486627884,-0.7503083419800578,-0.30080684123802787,-0.41642397773412376,-0.3086789396390735,-0.5175254927066131,-0.23183998917600296,-0.3698804217451004,-0.19056538979016155,-0.25976855595676523,-0.21536583616944052,-0.4852149767105261,-0.21640620809318664,-0.5994503577246233,-0.17649714294035576,-0.4624762879441281,-0.15750169171037035,-0.34899740699648274,-0.12931690292854373,-0.5377758787446891,-0.15800897440600276,-0.7496583860262788,-0.16760605517104846,-0.883029126542885,-0.18143872524577495,-1.0,i love you
0.0,0.0,-0.17098283505472206,-0.009190249452263051,-0.30851820877198094,-0.11406688828232128,-0.30762545011452763,-0.3010928177566008,-0.23361575741164917,-0.4439270092326739,-0.3844975041492988,-0.31670945390838307,-0.544897828936374,-0.5131611809352495,-0.6349229479185996,-0.6365029831788774,-0.7156453003450401,-0.7420375703831373,-0.299312096252664,-0.41383292648870273,-0.31014029960537853,-0.5304618845545005,-0.23526440965964868,-0.3997767734447831,-0.19360246194800676,-0.30060438285475444,-0.21503826134882553,-0.4818032175464705,-0.2202040875803621,-0.5983971293013352,-0.17972412281850547,-0.4599512893168884,-0.15785042898529125,-0.3459827151594478,-0.1296588075621823,-0.5346853339304732,-0.15759588209535622,-0.7454298688271918,-0.16824295135682715,-0.8796157374905882,-0.18461769455037244,-1.0,i love you
0.0,0.0,-0.16374185633112887,-0.010653508438072296,-0.2991550733657811,-0.10807216130173329,-0.30436523039586627,-0.2879520715702561,-0.2398796416114054,-0.4312270913837185,-0.381552569481447,-0.30823460930538704,-0.538818714654798,-0.50487227592877,-0.6266570547120219,-0.6305674486081323,-0.7098401042389616,-0.7404700604030753,-0.3025100634478559,-0.4068828162430093,-0.3080877434145424,-0.5005585381470719,-0.2353164109200163,-0.35888166997264176,-0.20195457008144788,-0.25859214715245843,-0.2207745384694604,-0.4790419687193563,-0.21844868425176753,-0.5856431427509593,-0.17713924946156637,-0.4460080686687592,-0.15829528103773288,-0.3354189483864901,-0.1386371024434365,-0.5361016956741727,-0.16124155409187177,-0.7458969341745286,-0.16770687717444355,-0.8797051935898412,-0.17875369963238752,-1.0,i love you
0.0,0.0,-0.1702995372827562,-0.010345060965401288,-0.30820993613148434,-0.11375755611203528,-0.31801605083834106,-0.29853882514702584,-0.24949079730562493,-0.443226482102211,-0.3823985780082855,-0.3095711939814699,-0.5420331774319371,-0.5088642945432137,-0.6304616842337737,-0.6355622602259086,-0.7117317878553644,-0.7431969166432162,-0.3023014750670566,-0.4088553892844803,-0.318717785226532,-0.513767351896642,-0.24859564069774484,-0.385134273491182,-0.21140051223048234,-0.29015772994268574,-0.22111258740511447,-0.481004014490637,-0.2305418315623742,-0.5918782259299762,-0.19030929744632802,-0.458862513491467,-0.16744023680864023,-0.35010846605137264,-0.13920094894437063,-0.5390077048298562,-0.16518364424559992,-0.7467946411715046,-0.1753552307708748,-0.8810230717443265,-0.18985762272337062,-1.0,i love you
0.0,0.0,-0.16556399078098993,-0.011921424059553444,-0.3030685537138546,-0.11006188749039833,-0.30843268584270817,-0.29221293955668554,-0.2329047231551762,-0.4387433827606476,-0.3797272291450945,-0.3147552750661351,-0.5361367618639324,-0.5152673409428699,-0.6212528037588919,-0.6379494982221007,-0.7021315671808434,-0.7482992385844234,-0.2957604937808168,-0.40749582209885615,-0.3074914192304312,-0.5260673491522022,-0.22496587776970683,-0.3816320398314,-0.17950547192346938,-0.27032594733151966,-0.21010207462809358,-0.4762328426269232,-0.2196519137830656,-0.6114919426630758,-0.17121018714997416,-0.47636405161424766,-0.14316444152245225,-0.36028110999295015,-0.12401915581049704,-0.5274701275902154,-0.1506970302038528,-0.7402349728434233,-0.15985850478939115,-0.8770892794714593,-0.17347687502992987,-1.0,i love you
0.0,0.0,-0.16519951378467726,-0.011360554530244512,-0.2994532163783356,-0.11442054009398865,-0.3075649179511643,-0.2974550188241544,-0.2447637280031376,-0.4445791372459574,-0.37394631326118916,-0.3161894682089446,-0.531057768666649,-0.516787884393128,-0.6164058729692931,-0.6378511188098295,-0.6956109192612754,-0.744311378078309,-0.2896051308511689,-0.40833811992105956,-0.3035987722228635,-0.5340482849644587,-0.2231020426328504,-0.4077282646034967,-0.1775148361039911,-0.310410098147069,-0.20615891285814222,-0.47415173089038876,-0.21721245356546315,-0.6054448188722753,-0.16649015400063696,-0.47621946724930914,-0.13588682142295866,-0.36897341948727647,-0.12342372914357398,-0.5250689129554965,-0.14754569742553436,-0.7368622074676332,-0.15724879454481985,-0.8747253217212801,-0.17422530294580285,-1.0,i love you
0.0,0.0,-0.15932522480455671,-0.010060202413637682,-0.3001504891403874,-0.10948642455507045,-0.3071944891376844,-0.29985248415201365,-0.23370483720886231,-0.44499240121067063,-0.371077027869886,-0.31000746026093345,-0.5241637446185097,-0.5080123472724435,-0.6068793877180049,-0.6304224575478041,-0.6851124546488441,-0.7403193991786956,-0.28470018062751334,-0.4016919723132418,-0.3017476201835197,-0.5177470079555844,-0.22301247228587395,-0.3610531469259197,-0.17824921731456284,-0.2407954638369933,-0.19507636293358543,-0.4674992110638913,-0.20262041665287014,-0.5960635297981337,-0.15839742242578764,-0.4444887998102499,-0.13077756326524267,-0.3171796834930239,-0.1058255582863294,-0.516170318297709,-0.1257084375956606,-0.7312914022519987,-0.13417623920407665,-0.8724146715762031,-0.14520951913077149,-1.0,i love you
0.0,0.0,-0.15990987876956342,-0.0014458373906980511,-0.30194727170616054,-0.09612645941680609,-0.322555721690787,-0.27067149139180285,-0.2627394668178344,-0.41840664242452974,-0.377401416736292,-0.3138683524235224,-0.5301986446262056,-0.5135757942065111,-0.6105696902181463,-0.6352486728384699,-0.6885082921671298,-0.7420931590691072,-0.2886549169334816,-0.3990147434593306,-0.32061707497088243,-0.4990361084062013,-0.24742550744217803,-0.3559617419311937,-0.20417317655610223,-0.24590576511199644,-0.19697559260568737,-0.4654057397637544,-0.2291991338143574,-0.6020319414185666,-0.19091143719265258,-0.4658546011668092,-0.16279365280019067,-0.3434843166805259,-0.1059576269568349,-0.5176348049140036,-0.12943569546029446,-0.7296646197138217,-0.1412390879109954,-0.8707303849048256,-0.15710412465277845,-1.0,i love you
0.0,0.0,-0.16139480711747284,0.001271464069132857,-0.2995339587673094,-0.09409710311937061,-0.3239010906098257,-0.258744885180434,-0.2766368964074812,-0.4021100851634292,-0.3724766646752039,-0.31996127194435675,-0.5258668947816427,-0.51823048417858,-0.6063647193708752,-0.6355404063038397,-0.6813638999612849,-0.7401136204695979,-0.2855163756978368,-0.4075740056667447,-0.31752170299598864,-0.5062583421575363,-0.24534421206385099,-0.36498434035256355,-0.20174545600873864,-0.26462078210941664,-0.19557051514414955,-0.47243944238609475,-0.22960700467014789,-0.6030948694575055,-0.18198616447189295,-0.46121710070495187,-0.14708872696850578,-0.34496932811983305,-0.10583559171270235,-0.5216476655588682,-0.12369580011208874,-0.7318231425282664,-0.13553229333759967,-0.8685582642406086,-0.15532079155290937,-1.0,i love you
0.0,0.0,-0.16466227620426616,-0.004147048013728958,-0.3130707737780003,-0.09741864991512651,-0.32863643247758867,-0.2805225402686819,-0.25746778939542875,-0.43205957189293753,-0.379092987189715,-0.3193059763859105,-0.5297838563848687,-0.5123424277707197,-0.6099369662850174,-0.6299726713490977,-0.6872379155368156,-0.7339453420550927,-0.2906917631079612,-0.4085157413865231,-0.32016258923452445,-0.5006054812289564,-0.24291533906144944,-0.3487343577316866,-0.19369322005721684,-0.23010183853426597,-0.19973259788104078,-0.47334194447901123,-0.2279699529538191,-0.5965466026007717,-0.18698244297366848,-0.44572405811976695,-0.15651898776915055,-0.31418816478735967,-0.10893356523618108,-0.5216722407596587,-0.13085114969084444,-0.7303077921864947,-0.14320225934854336,-0.8709368366998154,-0.16019174751271978,-1.0,i love you
0.0,0.0,-0.16780092500371807,-0.001681190051456288,-0.313270528906644,-0.10030809648875395,-0.32758603996413505,-0.2853828048478334,-0.25580849416829265,-0.43080971236444493,-0.3742650944026625,-0.3164870429165346,-0.5262385166164336,-0.5108468661566697,-0.6066804131042035,-0.6274599030934881,-0.6820584229415143,-0.7298785343362275,-0.28690130420794313,-0.40515680287554606,-0.3162468955838445,-0.5085798308937401,-0.24224659813764393,-0.3642685847132017,-0.1948002785264636,-0.2529713272338345,-0.19939752065735292,-0.46849839983784897,-0.226572421404127,-0.5848436717051048,-0.18203548752210014,-0.4320680653410259,-0.1478583794197704,-0.30435158712308735,-0.11187056360340994,-0.5166278616300591,-0.12630257706816772,-0.7280381454911902,-0.13856929647307215,-0.8689835196710506,-0.15972353058164382,-1.0,i love you
0.0,0.0,-0.16066923705363356,-0.008326567223219904,-0.3095871738488217,-0.10398004748140081,-0.32154917361072183,-0.2888085494236786,-0.25049493911760684,-0.43854093900800534,-0.3818287583090877,-0.320364028272157,-0.5306896897079749,-0.5199367712521471,-0.6122045718957727,-0.6384999644109957,-0.6920889737705889,-0.7424138730348099,-0.2926253914003108,-0.4094902331804161,-0.31702716543343945,-0.5126942513994668,-0.2426681926895776,-0.36245416734642716,-0.20218837732407222,-0.2563847618591696,-0.20147785702542692,-0.4729188148672593,-0.22104393572814787,-0.6043027106223414,-0.1821879867898655,-0.454165771692443,-0.15818021137978885,-0.3302287963546781,-0.10985569761062354,-0.5197027656750667,-0.12999183027635333,-0.7308863425778659,-0.14183761461706546,-0.8698217211346404,-0.15741142589707913,-1.0,i love you
0.0,0.0,-0.16689356908762182,-0.007347870140705454,-0.31566411507199393,-0.10850612356249933,-0.33093164011132364,-0.2944236816055816,-0.26101631626423993,-0.4433620881479702,-0.3783022632990953,-0.3184336585644621,-0.5326875736628341,-0.5200198629803159,-0.6150934047462183,-0.6377819858838302,-0.6930576267787107,-0.7403591125937928,-0.2912561310757386,-0.40547169361804436,-0.3207326319211921,-0.5202319465424852,-0.2484177429544112,-0.3848868194737556,-0.2045354427913934,-0.28387353653388503,-0.2036338540799692,-0.46677972599488915,-0.2313769377344773,-0.595278073160109,-0.18761142367397557,-0.4533647399710713,-0.15474594584830856,-0.33627982074734697,-0.11542359798673217,-0.5127873775088964,-0.13202092744671168,-0.7287910598525661,-0.1454024347878082,-0.8696976968379151,-0.16472228186964272,-1.0,i love you
0.0,0.0,-0.16547750779785267,-0.013983352712796973,-0.3157309711937781,-0.11589247192944814,-0.32559685156330276,-0.3089045902625457,-0.24622725099263143,-0.45443296251565113,-0.38298130170654837,-0.3270800598280428,-0.5361243508816641,-0.5256777112431809,-0.6194179414793293,-0.6433226113835063,-0.6996576659130382,-0.7479087825355585,-0.29309681955049016,-0.41457701080284076,-0.3147518476077684,-0.5259680127976294,-0.24499421114651782,-0.36954810089064327,-0.20495570832173846,-0.2496749528318534,-0.20248119598618672,-0.4765553776371921,-0.21943580619037223,-0.6010922459346071,-0.18386316880621567,-0.44696304597071124,-0.1614229679593909,-0.3172583727559409,-0.11188275002865537,-0.5232348994001267,-0.1313327980166423,-0.7337616179181803,-0.14384028198759277,-0.8722879291707932,-0.16006843558538006,-1.0,i love you
0.0,0.0,-0.16917275257865066,-0.008992629000282368,-0.31824209903494993,-0.11631436619946445,-0.3283705849655404,-0.31210118268980824,-0.2546524889875766,-0.4614128702106296,-0.3765329123617772,-0.31864548165520196,-0.5341689220012201,-0.5200974098942125,-0.6169399207532259,-0.6406223742166551,-0.6949425942922449,-0.745848079252381,-0.2869349353178305,-0.40987225230632846,-0.31705780504097447,-0.5222990379713872,-0.23921368111871863,-0.36819052368564625,-0.18975461098262916,-0.2552220527876776,-0.19913364626895216,-0.47378394546516167,-0.22464331397979317,-0.5977428016838655,-0.1781378145041127,-0.43752233984347194,-0.14301860715251896,-0.30941082308276835,-0.11155569724997402,-0.5215185938362201,-0.12876315880052386,-0.7340200909464275,-0.14143248800014577,-0.8703923853820992,-0.160635369678367,-1.0,i love you
0.0,0.0,-0.15982859150819223,-0.004733238834326962,-0.3134431785018731,-0.10862492034091112,-0.32499210853885874,-0.301890079391077,-0.2510163606367962,-0.44726389641638326,-0.3773062422946582,-0.3267675384001477,-0.5225701744459599,-0.5263923217572051,-0.6001768878459587,-0.6481474422732173,-0.6767702185190259,-0.7558946236815304,-0.28826167489562426,-0.4144689195547429,-0.30879257666628945,-0.5249075358987034,-0.23871104149419606,-0.3573037706294706,-0.20048569709892022,-0.23115623306313765,-0.19456501670607435,-0.47737696765394305,-0.21186816197447336,-0.610860139485298,-0.17622972787859656,-0.4488803058909013,-0.15212712101630108,-0.3123462654032388,-0.10081892521277167,-0.523054531485441,-0.11523111558459348,-0.737003210186834,-0.12335693823219358,-0.8732607517435662,-0.1356652352846584,-1.0,i love you
0.0,0.0,-0.16116126209527287,-0.0029602360887158114,-0.31462008637462713,-0.10336269954755457,-0.3232471180689867,-0.29161360610446374,-0.2573653855347853,-0.4355531119929185,-0.37043878368530775,-0.333822721945269,-0.5170424006409281,-0.528694717413571,-0.5951217604082005,-0.6494660622471021,-0.6719928605474257,-0.7549555305404282,-0.27793477426262114,-0.4173389602882438,-0.3116394228749335,-0.5189199839478217,-0.2385886832143183,-0.3582747675114343,-0.19251371606478243,-0.23370015747940237,-0.1853281931592802,-0.4758027900076639,-0.21471874642339214,-0.5992667863336274,-0.1730007576975845,-0.43405539160505846,-0.14045076486890962,-0.2961250215501942,-0.0943126321081233,-0.5188172673919121,-0.10793554210147352,-0.7291943921686233,-0.1185143332333694,-0.8671722813071805,-0.13581997221292605,-1.0,i love you
0.0,0.0,-0.16369731128195203,-0.005447195824463515,-0.31696348803209634,-0.10546620563592386,-0.3240393622978923,-0.2962467895967808,-0.25608328238361344,-0.43805855592794996,-0.3643044835182651,-0.33422545293872846,-0.5110776393810222,-0.5271352214129257,-0.5888035064824598,-0.6448798813970442,-0.6641211786996489,-0.7485147514424336,-0.27317812650030515,-0.4195304119877127,-0.3092379691584362,-0.5223281082040752,-0.2380827606128124,-0.3620401466666895,-0.19357925064807474,-0.2437029285956088,-0.18375865645731326,-0.4780820584486053,-0.21100405485557966,-0.5988287558506548,-0.16795596574123708,-0.4291349336968603,-0.13550713096275846,-0.29239430573371306,-0.09492146892752124,-0.5206733126794301,-0.1056374651986297,-0.7291601373958385,-0.11563930909325483,-0.8658903470689211,-0.13456120731141324,-1.0,i love you
0.0,0.0,-0.15992303586349904,-0.005055766860707209,-0.31676610895148244,-0.10914990120979574,-0.3227323665773316,-0.30442641596963915,-0.24177218727380956,-0.4421009756056664,-0.368387414100031,-0.3411506613494155,-0.5122765343222601,-0.5359893971701567,-0.5879727467589267,-0.6552283353221791,-0.664130632229361,-0.7581555715160034,-0.276089137548941,-0.423072612896104,-0.3085859446830749,-0.5161331250401728,-0.23439743564663568,-0.34959589636390564,-0.1908324926151877,-0.22903607589099823,-0.18408765080527292,-0.4791486995184851,-0.2069913282601466,-0.5931411372471208,-0.16745205111938943,-0.42181027809372634,-0.13819561857758875,-0.2813553401205604,-0.09278398341107065,-0.5195803023231768,-0.10356091876287277,-0.7264824818558585,-0.11175980705867887,-0.8652322757518256,-0.1261415368793474,-1.0,i love you
0.0,0.0,-0.1636144016039874,-0.006021726376601955,-0.3188317566061909,-0.11109000698371517,-0.3255354043394141,-0.30793000028200274,-0.24795561829655963,-0.4427281443721375,-0.3628673154941711,-0.3386470116279134,-0.5112687746095782,-0.5333600959472887,-0.5888737197213371,-0.6501060551519967,-0.666465808825359,-0.7532716466140593,-0.2730569042843959,-0.4223477779565638,-0.31168630456407626,-0.5194717369655287,-0.23947784149565413,-0.3505718573419969,-0.19664549434252718,-0.23598432507065276,-0.1846636951318031,-0.4784690900103014,-0.21167458209680656,-0.5964076167284031,-0.17097024981573056,-0.4195842892397151,-0.13984018738253343,-0.28086755104940964,-0.09678942633452273,-0.5159721381282648,-0.1040830680572167,-0.7246120112159682,-0.11300209622044431,-0.8624126551775428,-0.1296524233159874,-1.0,i love you
0.0,0.0,-0.15645236119721312,-0.0026606080736713434,-0.31304377060004546,-0.10673818997965377,-0.32277633813726503,-0.29874668348513433,-0.24425686533705743,-0.43190457043652264,-0.36093498487817144,-0.34064712550781506,-0.5057126758442069,-0.5348806592552449,-0.5825452814381403,-0.6523005485276893,-0.6573871040185469,-0.7546583166022751,-0.26915590746436047,-0.4232359771767297,-0.308391169228659,-0.5161078067364417,-0.23758631679592054,-0.3462155085815873,-0.19355079898927824,-0.2263714200802284,-0.17874902336789816,-0.47977709254774237,-0.20951982647214262,-0.5929869410336096,-0.1709666270858912,-0.4170953986339926,-0.14038624202725292,-0.2766922126281052,-0.08973853827254794,-0.5206391107369689,-0.0997158521678207,-0.7267800927077688,-0.1097585214092549,-0.8639420031817027,-0.12784608412550916,-1.0,i love you
0.0,0.0,-0.15875175045698953,-0.005082739157856479,-0.31376126439116164,-0.10476471720097918,-0.32310496328049004,-0.2924636813580339,-0.24939388756453976,-0.42430556297903727,-0.35705768223459866,-0.33454239580104117,-0.5023453451206346,-0.5304511368616845,-0.5792160625140303,-0.6477360310859782,-0.6556001261398013,-0.7518669759586091,-0.2674778453611554,-0.4167088468897987,-0.30901097843864583,-0.5131027718686864,-0.236499834307888,-0.34101881941697754,-0.19185890514928325,-0.22799582028285248,-0.18039060579174104,-0.47258490384512597,-0.21118261408703645,-0.5928903385463992,-0.17161801019808226,-0.4128162848621548,-0.13823559280361744,-0.2736566912888708,-0.0942141383475686,-0.5114733770190386,-0.10071808823372208,-0.7217588484932708,-0.11236784717842369,-0.8600529680267673,-0.13138422397297614,-1.0,i love you
0.0,0.0,-0.15944515651362992,-0.003527619107072736,-0.3211276107482872,-0.10680305947421387,-0.3290049725515735,-0.2938045660394976,-0.24056981523512985,-0.4231461913233426,-0.3681560955583768,-0.34297789934461564,-0.5116999852001883,-0.5403035641094381,-0.5881799630652778,-0.6552040648033364,-0.6620326106378507,-0.7569991272211125,-0.2750138310126021,-0.4243629765582357,-0.3170672513231548,-0.5144864233880935,-0.24710448098356455,-0.3485175786449959,-0.1983444578805162,-0.23234170186195915,-0.18305502236702553,-0.47900218849405235,-0.21596932748941364,-0.5939104924845656,-0.1795250225931889,-0.42679773736140386,-0.14588223344104087,-0.2907448802108001,-0.0917371421180025,-0.5180259458289859,-0.09886406485359495,-0.7262407803719845,-0.10948527736156521,-0.8643752660891081,-0.12664750406267397,-1.0,i love you
0.0,0.0,-0.159439865124907,-0.004477503403642909,-0.3181535847592405,-0.10383946146572179,-0.3288706626195738,-0.28577894199079373,-0.2514797248942941,-0.4150720868728332,-0.3652519693349232,-0.3417042209372475,-0.5096722264313809,-0.5399378707188001,-0.5861002206789224,-0.6527125183177157,-0.6609508305518759,-0.7541380579519756,-0.2740884196333359,-0.4219733568136127,-0.3154443217575346,-0.5238047608471592,-0.24863683642089557,-0.36068035054502917,-0.2056792663147775,-0.24760353611326819,-0.18418971771684736,-0.475917487190069,-0.21557568951005918,-0.593997381045765,-0.1772506441062766,-0.42237029534642073,-0.14545749528635493,-0.2872241447838549,-0.09512190895931223,-0.5132517614147394,-0.10056038689955828,-0.7237273683342811,-0.11074112519472828,-0.8623623513252549,-0.12974219472355278,-1.0,i love you
0.0,0.0,-0.15542087933791457,0.004060487321259025,-0.3176812429047654,-0.10193165909766906,-0.32738736045838457,-0.2960351760278012,-0.24541604844448883,-0.4330967384967113,-0.3633690283036799,-0.3447444959621585,-0.5067911496699957,-0.5389446179484635,-0.5843949906562795,-0.6507959763353487,-0.6593825514740631,-0.7512011730467537,-0.2723693716103749,-0.42873938921901666,-0.3091505295757212,-0.5212714019757527,-0.24108906441654615,-0.35834607787635947,-0.19726573097708391,-0.24264678891647884,-0.18162339928208607,-0.4843439270685638,-0.20774853268258595,-0.5865951259674199,-0.17200645562647257,-0.41737445778970833,-0.14476767348823497,-0.282994390308386,-0.09157083088484146,-0.5248195237537291,-0.09996803961371047,-0.7300408220424038,-0.10696409065782342,-0.8668046256909616,-0.12309072886785216,-1.0,i love you
0.0,0.0,-0.1588933588709185,0.0013085128902385905,-0.31822865569446085,-0.1044820700913084,-0.32417967970820394,-0.2962999336457006,-0.2468471530748908,-0.4324652912058164,-0.36072339416489246,-0.33843376884278914,-0.5050867389100797,-0.5360580152329931,-0.5818829355467716,-0.6496015943350526,-0.6573063767295879,-0.7531682396977826,-0.27006301623034307,-0.4216166940089802,-0.30837957101741903,-0.521852139824385,-0.2411986415687296,-0.35662408253986344,-0.19897842874647365,-0.24176995513960864,-0.18139352170355505,-0.4773236471661015,-0.20991620225441784,-0.5904284686404696,-0.17375285465965942,-0.41759472788631025,-0.14550012008906946,-0.2828125572458488,-0.09372900985544533,-0.517153654982068,-0.09916227697017313,-0.7254818573911769,-0.10791987413037195,-0.8632051925292387,-0.12735980109993447,-1.0,i love you
0.0,0.0,-0.1553552718730422,0.00010380972930359344,-0.3190820210951901,-0.10622669060977058,-0.326316857132863,-0.3029906354346487,-0.23916884013063477,-0.43772312666379226,-0.36310110754199,-0.34616357228836886,-0.5077068067212035,-0.5409619024562159,-0.5843389482946055,-0.6555464046415487,-0.6606754578128168,-0.7562137582745319,-0.2712944408761591,-0.4286222229800388,-0.3082787882997408,-0.5175144440330782,-0.2356132315279175,-0.3454278772502608,-0.19251037877888416,-0.22752723093439664,-0.18077060168645676,-0.4833540221443203,-0.20861818844249172,-0.5929429945420907,-0.16882144989845327,-0.41648902205843913,-0.13946109962336375,-0.2776310970820314,-0.09124448933950559,-0.5220023342144205,-0.0970921866754696,-0.727024418229841,-0.10555217811743563,-0.8633616975448373,-0.12452353152173654,-1.0,i love you
0.0,0.0,-0.1586354259317385,-0.010335377893156528,-0.31541292926250464,-0.11113960787295944,-0.32000331026338213,-0.30195007317620515,-0.23977390801692608,-0.433078875474701,-0.3616465230181351,-0.3457568860064083,-0.5041225453539633,-0.5399980217945554,-0.5791897260558236,-0.656673622693098,-0.6565591800288728,-0.7573430315103773,-0.2704388261090314,-0.4273481683830581,-0.3083945247448401,-0.5205898630887988,-0.23340686988999837,-0.34804872151017596,-0.19220403151311097,-0.2333892250926911,-0.18132564119578046,-0.48230761144366996,-0.20911147510754008,-0.5957571966542482,-0.16618715066097162,-0.41797331361092327,-0.1347791629357861,-0.2800901574586919,-0.0939816578604217,-0.5198168470039507,-0.09896569180404136,-0.7277181623863123,-0.10736436680402271,-0.8630844497395405,-0.12672766796169538,-1.0,i love you
0.0,0.0,-0.15433280964688198,0.0023594283678248303,-0.3126916778800328,-0.09887391907358847,-0.317090112451023,-0.2846311780190395,-0.2402784434780497,-0.41625606032249307,-0.3522930543421251,-0.33617226726833216,-0.49556525816638536,-0.5356539131315213,-0.5720971014480496,-0.6519361074337338,-0.6491192438036913,-0.7541790505040669,-0.26217492464581693,-0.41831137760870096,-0.30185362772381497,-0.5122766272691586,-0.23085402051885917,-0.34331193037318186,-0.18842176497759158,-0.2325391366314182,-0.17479850677471773,-0.47328117733639047,-0.20511174843815339,-0.5934508464304282,-0.16486566131594677,-0.4231018822869008,-0.13252017952823755,-0.2921438212227972,-0.08803514398034648,-0.5131394231506947,-0.09192684757147909,-0.7255134698736109,-0.10166130193131681,-0.8618250700379783,-0.12134745011255252,-1.0,i love you
0.0,0.0,-0.15744080375820269,-0.0026187095069246605,-0.3163982374470861,-0.10312781025451892,-0.3211802076769014,-0.29090931971149425,-0.24141181378969204,-0.420898565118528,-0.3550220851519824,-0.3404358659383358,-0.49811334818260933,-0.5372605263845691,-0.5742042714416672,-0.6527601115922121,-0.6514246205642144,-0.7557361862529004,-0.2641903030549433,-0.42312510950615023,-0.30238677427067695,-0.5203311175580588,-0.22993339122034137,-0.35441961982368664,-0.18740265447748264,-0.2434967866902474,-0.17651738013856097,-0.4773754243514574,-0.20542022773407212,-0.591340471440312,-0.16244275429869115,-0.4205155960958214,-0.12978935130734615,-0.28974407747178976,-0.08993709869928473,-0.5160873609816398,-0.09396765103620648,-0.7267346016202554,-0.10168704812075346,-0.8631159811702662,-0.12066367745126795,-1.0,i love you
0.0,0.0,-0.15156224050580114,0.004980763367806531,-0.3061285200502652,-0.09200860968570283,-0.3131777574163387,-0.27031951587618325,-0.24705393513685572,-0.39609916074278045,-0.34793375228046913,-0.33666532073109,-0.48617891549192577,-0.5347696341212091,-0.5619488896852781,-0.650575432923219,-0.6381383076984719,-0.7507898889752741,-0.25670501478231483,-0.41635448411548653,-0.29882397925706583,-0.5004889307016039,-0.2316362362619683,-0.32791014961942366,-0.19136446717171612,-0.21609815994395995,-0.16693441652695473,-0.47135336569640607,-0.1990303749481635,-0.58828233532005,-0.16385223774451155,-0.41555138119330065,-0.13559357430840313,-0.2831397135685617,-0.07769225882112352,-0.513305021950991,-0.0817402729951568,-0.725283832939809,-0.09150656769826185,-0.8610228926570522,-0.11101921152422775,-1.0,i love you
0.0,0.0,-0.1532363787390337,0.003611916482768334,-0.3088256697824143,-0.09618946920855877,-0.3164506180504587,-0.273869340095461,-0.2499213709501049,-0.3947063817785154,-0.35063419018302,-0.33919324510558013,-0.4908465335318478,-0.5354363235621951,-0.5673496488391698,-0.6498518803072407,-0.6432675303444725,-0.7517166143872286,-0.2589549196774239,-0.41770381568563975,-0.2992597273836755,-0.5026365757387828,-0.2314165223690767,-0.3292581263277184,-0.19044475479214484,-0.2170208746110159,-0.16960061491821316,-0.47261809754511214,-0.1995391283809097,-0.5826304274960312,-0.16171170084219536,-0.40637242581230987,-0.1327790286210916,-0.2741646577142569,-0.08127469652298437,-0.5156623724666753,-0.08509703414805182,-0.725073681158777,-0.09312802946412652,-0.8603343171578538,-0.11177965618570934,-1.0,i love you
0.0,0.0,-0.15098512423552962,0.0030263486734466863,-0.30864479671862155,-0.09170265303801553,-0.31664560953881316,-0.27325281252310285,-0.24021969930570083,-0.4006540297979562,-0.35275207045874885,-0.3416522948934068,-0.4920823503036612,-0.5388939550386247,-0.5689748202415784,-0.6547311241007076,-0.6458957640438331,-0.7543974252765467,-0.2616610909160768,-0.42142828677160865,-0.3007418699541439,-0.5027155661641982,-0.23149183094552156,-0.3282572285450147,-0.19266445786477007,-0.2214438730676295,-0.1723926673967335,-0.4762130309325082,-0.20056486886613356,-0.5874024419940784,-0.16451329732323378,-0.41061862443447505,-0.13721406565444175,-0.2782897133362261,-0.0836994388075786,-0.516178100705197,-0.08603543921193034,-0.7246350328132698,-0.0934448189945604,-0.8596746786670092,-0.11015520371591934,-1.0,i love you
0.0,0.0,-0.1547372434588738,-0.003994104973155256,-0.30845219773153326,-0.09785154037528415,-0.31681857064052915,-0.2756191353865992,-0.24718139415511098,-0.403468765073641,-0.3509411346194849,-0.34326942322482723,-0.4909827155110126,-0.5382835205836202,-0.568100477785623,-0.6528749612113253,-0.6453429316317135,-0.7535345603188379,-0.260428681219127,-0.42087709391415984,-0.30113037224919803,-0.5025632464779316,-0.23338991582467206,-0.3297969418199689,-0.19320107282447702,-0.2204244907646756,-0.1716843951848385,-0.47479722714562766,-0.20061692801645292,-0.5803606800233144,-0.1644225306767669,-0.40240729684174303,-0.13598422163302237,-0.26923635781370703,-0.08419542848674343,-0.5142240660978892,-0.08579007242729235,-0.7236416298369442,-0.09368379841415715,-0.8600448969151044,-0.11172909904377577,-1.0,i love you
0.0,0.0,-0.15127250740416634,0.001395183518420893,-0.3084541835808323,-0.09375737262864171,-0.3187272845576821,-0.2701468350978952,-0.2453610811964053,-0.3930903005088967,-0.35451515823514596,-0.34417256366299415,-0.493190291611946,-0.541413977773558,-0.569125102193209,-0.6572225091968356,-0.6435170000367386,-0.75858655338768,-0.2633762998511421,-0.4223183328973385,-0.30480908958521175,-0.5067018162615898,-0.2381348538709039,-0.3338684782805957,-0.19659516793769125,-0.22435575674762892,-0.1721517917175143,-0.475415866051759,-0.20218209889248456,-0.5841258701638322,-0.1684365401750442,-0.4088973269753333,-0.1408712637786545,-0.27648812566920783,-0.08127674341503921,-0.5137268662682072,-0.08299726319172132,-0.7213421913322453,-0.09009291337955322,-0.8591851721028806,-0.10524295978976639,-1.0,i love you
0.0,0.0,-0.15326027214287635,0.003339580721048188,-0.3120809742426049,-0.09531959736889054,-0.3223669664822304,-0.27312352680320773,-0.24817552861795567,-0.3992307950865815,-0.3522292193673677,-0.34246639473320406,-0.4932719050578975,-0.5388956410456288,-0.5705321527752831,-0.6502074433822351,-0.6460850366858217,-0.7526274868959167,-0.2614724577011289,-0.419428805498332,-0.30203615621773694,-0.5069754855542752,-0.23858049170163206,-0.33865601817960667,-0.19765437171448955,-0.22803957215562273,-0.17138288601586193,-0.47241066555556355,-0.20260064361168068,-0.5829012432849843,-0.1699985548251319,-0.4107633675512087,-0.14315604076218313,-0.2791276865082886,-0.08155275265103219,-0.5113171715435771,-0.08390398119545284,-0.721031024169078,-0.09147786376638536,-0.859731063244362,-0.1088789354402923,-1.0,i love you
0.0,0.0,-0.14841252418742898,0.0031169774934553967,-0.3079679844970751,-0.08949566681867148,-0.3200165804450461,-0.269694198854143,-0.24466785468826963,-0.3907423064203023,-0.35115774680313516,-0.3388771499175546,-0.4910221536358864,-0.5299634379260453,-0.5678959044577957,-0.6478488360407505,-0.6442862329839659,-0.7490323592756915,-0.2625586560651357,-0.4167289172932841,-0.30703141905587,-0.4876208653624532,-0.23516437793704495,-0.30763804616996154,-0.1932300518478243,-0.20110148239933032,-0.17390213935248036,-0.4697752738892707,-0.20320901566919924,-0.5737973108460177,-0.16873442809863382,-0.394483138820246,-0.14098431774940295,-0.261823185946089,-0.08414492332196734,-0.509232452253565,-0.08874923355900871,-0.720892587585705,-0.0966145038695971,-0.8581652035659442,-0.11082670172087374,-1.0,i love you
0.0,0.0,-0.1470846768946979,0.008204576112184534,-0.3056333239287859,-0.08250182563357662,-0.32038674596646294,-0.25427552837916445,-0.2480000562438808,-0.38002910213267216,-0.351089587637595,-0.3393630441633677,-0.4938508218688028,-0.5342137538500822,-0.5709500763215197,-0.6487323067398612,-0.6455424024349524,-0.7490765865384958,-0.26198644216799377,-0.4161707882121385,-0.30872388442249304,-0.4854549961836693,-0.23913064077980917,-0.3071501765619726,-0.1887450899958133,-0.189532300544883,-0.1711982218782379,-0.4682265377173808,-0.2050492943991182,-0.5701384119112313,-0.17418668750135644,-0.39602253871632104,-0.14423111507263664,-0.26011317450754257,-0.07971734596945855,-0.5078146898623768,-0.08531116672326716,-0.7194250571175969,-0.0953570166941416,-0.8598526288053647,-0.11158684060290587,-1.0,i love you
0.0,0.0,-0.14778480665509655,0.007244781476912845,-0.30605743948194597,-0.08613177290538071,-0.3226087360502241,-0.2599332272101318,-0.2570815600565602,-0.38588480872269426,-0.3478510203341915,-0.33998808275102316,-0.49085254838494585,-0.5329673398929935,-0.5680298538865605,-0.6432535070425461,-0.6431590749517312,-0.74283042802154,-0.258385006003869,-0.4163160049604146,-0.30194266728495756,-0.48818337579660015,-0.2343755963616549,-0.3131819059823387,-0.19021049610667307,-0.20063856921025502,-0.16840113174939847,-0.46900456190915807,-0.2009502759939622,-0.5690269516163432,-0.1675310219276067,-0.3915957259065089,-0.13982581930075666,-0.2568525571810828,-0.07921113412991622,-0.5084663576324258,-0.08333035494788517,-0.7182421921267396,-0.09164442314049286,-0.8581437390891883,-0.10999195153470094,-1.0,i love you
0.0,0.0,-0.14579808859916424,0.010186158963452669,-0.3083999463272722,-0.07716276752967384,-0.3268491742038267,-0.25136315624339334,-0.25588039492006465,-0.37763318118586536,-0.3499264541126329,-0.33536316760375534,-0.4930602388675553,-0.5315259263142008,-0.5697076047110226,-0.648122104758183,-0.6460823218666589,-0.751749832073421,-0.2601518910294147,-0.41499093438130347,-0.30213580286343905,-0.49022552959341914,-0.232889613206082,-0.3165384498676443,-0.18968416350092077,-0.2019295375540433,-0.17030816925125697,-0.4691243547575975,-0.2009195615119506,-0.5716817167380435,-0.16673822532112081,-0.3990738714015991,-0.1388941773809911,-0.2655713816138421,-0.0804997243866563,-0.5107746306973026,-0.08550964402554825,-0.7225638662859484,-0.09301445860176964,-0.8606398484727015,-0.10954498112909343,-1.0,i love you
0.0,0.0,-0.14725794807559567,0.011044796570212474,-0.30703366227475287,-0.0810653021122134,-0.32768275891018867,-0.2584501208037,-0.2602910852373958,-0.38570358205444305,-0.3478493139672521,-0.33276548400088546,-0.4926636651537658,-0.5277940583033782,-0.5698350725554824,-0.6412372667039182,-0.645713300208184,-0.7430965071276361,-0.25858743823685604,-0.41076317207824736,-0.30030857316197596,-0.4926621801058225,-0.23401405290968413,-0.3245870279676109,-0.19196185129640725,-0.2111660952862202,-0.16982968678160806,-0.4651066205021363,-0.20175267338330752,-0.5682918107328176,-0.1691028053149668,-0.3984238097142728,-0.14236402208008883,-0.2658239778613013,-0.08202533610595085,-0.5071639702816165,-0.08736952863786254,-0.7175407130843812,-0.09490783000438387,-0.8588684192080457,-0.11186074131217252,-1.0,i love you
0.0,0.0,-0.14915998669169073,0.01195466300061384,-0.312587687435708,-0.07720076158796185,-0.3339929321721416,-0.24834082380909314,-0.2670177007957385,-0.3703796440293125,-0.34890372971506384,-0.3380462336619501,-0.4900543686874412,-0.5291714784737904,-0.5676480183249792,-0.6428362920861626,-0.6453634787259194,-0.7434333243409277,-0.26042793184610447,-0.4163773217941159,-0.30473804716174396,-0.49300827969994143,-0.23784866337097657,-0.3210657165684922,-0.1937885501459385,-0.20021339118893444,-0.17187247360488853,-0.4692150606247819,-0.20671325219415262,-0.5760163210954925,-0.17274448399051287,-0.40880755625034954,-0.1422962401996111,-0.27399107697487995,-0.0826955871199039,-0.5091212334673912,-0.08939556580785406,-0.7223863579292306,-0.09831250038972193,-0.8615688829957829,-0.11520649317108075,-1.0,i love you
0.0,0.0,-0.1497106325207695,0.013424623668673861,-0.3124985614847929,-0.07451971520524263,-0.33311084298129834,-0.24816966353498776,-0.2676412115576042,-0.3729838921669134,-0.34996667974796875,-0.3359199875915798,-0.4929219721732165,-0.5312675180867696,-0.5709750441415206,-0.6467456800570648,-0.649397538928826,-0.748459547062621,-0.2597707223597086,-0.4121682953525747,-0.304627297002912,-0.4930898211560366,-0.23632400261290085,-0.3210059464766226,-0.19202989650104163,-0.20111147619449335,-0.17151704517565247,-0.4657575718958392,-0.20660077754199993,-0.5741382997120934,-0.17147169106251167,-0.4029452263318034,-0.14125538537695204,-0.2673769366291108,-0.08345253728401254,-0.507830295568782,-0.08981878172940563,-0.7194871845314952,-0.09789859760333554,-0.8587907924754231,-0.11509575314453974,-1.0,i love you
0.0,0.0,-0.14920985214094135,0.013442171943265916,-0.3118486099264227,-0.07892159015731603,-0.33091967241907594,-0.25181121696827835,-0.2593267647150378,-0.37791904174871044,-0.3520716486261587,-0.34520027444181695,-0.4897197319089498,-0.5373522827249149,-0.5670772254464855,-0.6493963147074973,-0.6429471878597447,-0.7500393843243425,-0.2616328264707007,-0.42080926980728284,-0.30561875604475347,-0.4942576589066874,-0.23739871003249152,-0.31830370660860197,-0.19119257060738754,-0.20084655094948084,-0.1705977789467914,-0.4712285961891704,-0.20615828220004317,-0.5807236036308533,-0.17371914951843573,-0.41716653369571177,-0.1443198944305851,-0.2892982710743565,-0.07897768764907115,-0.5093108333116572,-0.08641269001070923,-0.7221729552949897,-0.0964471288484052,-0.8601842035054015,-0.11480901291488395,-1.0,i love you
0.0,0.0,-0.1507594603430376,0.00721567103603816,-0.30908608434674567,-0.08403168253231327,-0.3301225508122878,-0.25722896732238776,-0.2648113805291724,-0.3841512220299085,-0.3500666979376495,-0.3456252205653873,-0.48820800606818976,-0.5398483347919242,-0.5646377898625724,-0.6521395913328734,-0.6398223823236299,-0.7531330051292131,-0.25946274342911646,-0.42145528301227864,-0.30478684193854866,-0.4960875971582,-0.2357101633612334,-0.32151860628185286,-0.18885960411236957,-0.20757418598252309,-0.16925339445953866,-0.4726832150599246,-0.20389189126094637,-0.5739369066032135,-0.1676376956354387,-0.4010824542017065,-0.1356224972976769,-0.26988439620316423,-0.07903858577591998,-0.5106097775759566,-0.08499155674050177,-0.7206061939326198,-0.0940812275545743,-0.8593149828579099,-0.11161368720187491,-1.0,i love you
0.0,0.0,-0.1509161829953219,0.013374797260163801,-0.31057399466694274,-0.07829314435446111,-0.3285738254956004,-0.24769698177063232,-0.25645672934480307,-0.37142196833167934,-0.3458749694359153,-0.34404958291868637,-0.48189372064634545,-0.5370443178073175,-0.5595037085963539,-0.6483544389219811,-0.634388836170497,-0.7482406873718215,-0.2557698752060909,-0.4187735817224693,-0.3056913214639145,-0.4848104009869253,-0.2389011812874309,-0.3117901794649101,-0.18784046310423866,-0.19299381045506628,-0.16506500847936686,-0.4704934210374271,-0.20533093103864272,-0.5772211249709381,-0.1770610130774994,-0.41648764240321295,-0.14632452147852054,-0.2873111786666617,-0.07409945148734427,-0.5103252295946312,-0.07985368065534944,-0.7224535206358994,-0.09054438505985939,-0.8617874754967328,-0.10782962874285817,-1.0,i love you
0.0,0.0,-0.14948369587345453,0.010432955315904312,-0.30807168325280454,-0.08115320289639509,-0.3299315153857015,-0.25263336980564566,-0.2625910793751029,-0.38142459904188064,-0.3448489870985732,-0.3438380432425783,-0.48276705095936384,-0.5384930882108092,-0.5595256338952443,-0.6513344629122683,-0.6343629910449071,-0.7523890070000064,-0.2554446347216567,-0.41752524127692875,-0.30414678827498354,-0.4837606044095352,-0.23701098857418132,-0.3129505662072302,-0.18811836867135873,-0.19693696065301067,-0.165551510727097,-0.4700320291709796,-0.20444970798150158,-0.5725945698779861,-0.17329382981500427,-0.4062272742935803,-0.14278075257487272,-0.27547378159389324,-0.07576604162573058,-0.5116834313092542,-0.08138157849033151,-0.7219263527354901,-0.09078067878066387,-0.8618425650241306,-0.10733781732832484,-1.0,i love you
0.0,0.0,-0.14757839682975207,0.014971351660837367,-0.3078423977260738,-0.07378484028639441,-0.33184533510467046,-0.24236160808403778,-0.26619394289144754,-0.3690957119465926,-0.3486105106074123,-0.3409299447189561,-0.4861650303407457,-0.5351461271400454,-0.5627056605370195,-0.6492520997553819,-0.6391366111665058,-0.7494252264093143,-0.25829120324477195,-0.41635044510110947,-0.3048191276806349,-0.4847480938181582,-0.2364891207493947,-0.310487600125732,-0.1917298701223236,-0.18915830193513616,-0.16713168502861203,-0.46891401430664625,-0.2056246732538568,-0.5757452717483776,-0.17112173324222424,-0.40863129161672224,-0.14256382524558509,-0.2752843633437087,-0.07635731641701551,-0.5086912885188192,-0.08276394687368746,-0.7191700997521133,-0.09058261095840511,-0.8588873861416235,-0.109492893617539,-1.0,i love you
0.0,0.0,-0.14731973891200334,0.01608090888701978,-0.3074592132210324,-0.0752209730319584,-0.33381546730719386,-0.24781707421886426,-0.266728469798746,-0.37739175513260426,-0.3498693448830204,-0.3415658340554156,-0.4909630834380834,-0.5386808765492264,-0.5671843964023865,-0.6528936088864075,-0.6411638340105146,-0.754394005398552,-0.25995848698131685,-0.4169225078979278,-0.3074748151858822,-0.48724337545788254,-0.24049811994055834,-0.3181194371228344,-0.19348105461118564,-0.19857373549816643,-0.16838946676883534,-0.4704109416942328,-0.20820041993776903,-0.5761177004971539,-0.17548382532058296,-0.4092770915760502,-0.14822011741839186,-0.2747353618760093,-0.07662179363181314,-0.5110812728572753,-0.08413377687058601,-0.7187006103134884,-0.09277490696081209,-0.8596659501403837,-0.11191942492246072,-1.0,i love you
0.0,0.0,-0.14810169301035192,0.007719286636152442,-0.30231303170055074,-0.07830531578470462,-0.32866746504124805,-0.24706418600764646,-0.26775870802584667,-0.37580920583166194,-0.34837150701326136,-0.3408138408897502,-0.48810033493677973,-0.5351367828904728,-0.5634635719384035,-0.6531220634486473,-0.6380139163067424,-0.7553289862264639,-0.25914332346504976,-0.41657358924785387,-0.31134195897810596,-0.4823473720677619,-0.23996157654157207,-0.3082041969618271,-0.19077483064773768,-0.1894029190953172,-0.16767125820016754,-0.4707519429832636,-0.20925864661980942,-0.5770841362059975,-0.1736313472475703,-0.4068033542731838,-0.1407698698205316,-0.27012402688950193,-0.07672840697393399,-0.5110077806261446,-0.08196395356949591,-0.7213014372028688,-0.09233747125902513,-0.8602929491543375,-0.1119432280894322,-1.0,i love you
0.0,0.0,-0.1504126998698883,0.004067631897886095,-0.3053324122966621,-0.08065978206347857,-0.331488474062722,-0.2513961369082893,-0.2656132143910078,-0.3789148757018383,-0.351603759304834,-0.3427659109770387,-0.4921970797371092,-0.5383934277922152,-0.5664918563120883,-0.6551060379507969,-0.6398173067955552,-0.7568455228079289,-0.2621321309090806,-0.41858631484020997,-0.31337445805407166,-0.48482312606868533,-0.24099410050982925,-0.312104605497326,-0.19097510534456424,-0.19682183976588652,-0.17018960540158734,-0.47195656039412304,-0.21008904843265233,-0.5767097561300257,-0.1745379527205008,-0.4052972609595205,-0.1418943046299162,-0.2681788330578581,-0.07856688675056378,-0.5106424885254034,-0.08364594320890008,-0.7208389941844414,-0.09464726369459436,-0.8605200337194585,-0.11498082419161985,-1.0,i love you
0.0,0.0,-0.14928772763699671,0.00986559399784453,-0.3056379017326664,-0.07847699104650842,-0.332018749827286,-0.24817493160527263,-0.26852875341973637,-0.37879625279796614,-0.35275996904965873,-0.3446194420648299,-0.48833990797800314,-0.5357490258932766,-0.5630370540525603,-0.6504235809821206,-0.6360059379058778,-0.7512558031889905,-0.26257737585320695,-0.41934974921933293,-0.30883570066598504,-0.4891816294525658,-0.23840156686102745,-0.3217664492773648,-0.18839189487937658,-0.19733001492248597,-0.17056280570370574,-0.4719831189377401,-0.21030066045817558,-0.5729406451211762,-0.17484576643546024,-0.4166729419404759,-0.1424643172962666,-0.28578598668029953,-0.0784573880122696,-0.5137916413352861,-0.0868210614309006,-0.7242405767264487,-0.09601704341338049,-0.8645388882747949,-0.11572836930389366,-1.0,i love you
0.0,0.0,-0.14800089698034533,0.004961685910249075,-0.3020248922795835,-0.08228397167932909,-0.33069179931634274,-0.2524541291948397,-0.270912488301308,-0.3806558405524986,-0.35148505932174784,-0.3473391697255803,-0.49003962666525624,-0.539840095838437,-0.5637029550256377,-0.6544882879779909,-0.6358148427887145,-0.7554608408524237,-0.26109455252140273,-0.4193467394484947,-0.30750550238961843,-0.4886923501465548,-0.23590170282215558,-0.31932121893866927,-0.1862339317000637,-0.20010049103868904,-0.1695667812832108,-0.47118136740482647,-0.20697094768381485,-0.5715824500592432,-0.17041732161066883,-0.404698955809098,-0.1386695493877765,-0.27009092998500805,-0.07834276216196344,-0.5122891252313132,-0.08537412486903807,-0.7219930679673312,-0.09526946067874237,-0.8619837928637603,-0.11587145661051079,-1.0,i love you
0.0,0.0,-0.1509925718530177,-0.00247599279944138,-0.302692184885368,-0.08498604630462248,-0.3259490181838044,-0.2501705226878624,-0.25952659597603545,-0.3769803137752324,-0.35321208099718093,-0.34623304171677827,-0.4901608493395386,-0.5368371994695674,-0.5629234618651254,-0.6520967125788256,-0.6356749478485482,-0.7529827562198214,-0.26456101913731533,-0.41935389518325245,-0.3155096242903879,-0.4833590761058856,-0.2431437741433321,-0.314299191370119,-0.19474550732143334,-0.1997946815802792,-0.17258935877737508,-0.4706792012221664,-0.21323073987122207,-0.5720722611595004,-0.17761080097279694,-0.4037007890741402,-0.1453905264574,-0.2677441374080754,-0.08149770675222641,-0.507648823401883,-0.0857694560233536,-0.7219519259201566,-0.09664497665280569,-0.8624199268278128,-0.11720918674754652,-1.0,i love you
0.0,0.0,-0.14955416494537999,0.006497305001081309,-0.3033957475960934,-0.08254418635039223,-0.32707513734981336,-0.24889991000069386,-0.26384247909850106,-0.3753381304826181,-0.35146240009291996,-0.34648306313001415,-0.49012826969201195,-0.5409370226014577,-0.5641757854764992,-0.6532651380234153,-0.6357709003594063,-0.7544799176280971,-0.2612442999173276,-0.41601778309306225,-0.3091603626916326,-0.4826265548768701,-0.23832545579136502,-0.3123130395674496,-0.18749703505380966,-0.19762537565129634,-0.16933324712127992,-0.4666132286993623,-0.21046466889928872,-0.574418418946348,-0.17580489109341138,-0.405938401037651,-0.14396174885989904,-0.2723540060495876,-0.0780235402799652,-0.5063131195893426,-0.08361815105871159,-0.7197540035847783,-0.09420433843588262,-0.860187107730233,-0.1149323722152508,-1.0,i love you
0.0,0.0,-0.14966583410102025,0.01110671039185973,-0.30653778500208095,-0.08163837190101504,-0.3282315131929978,-0.2519209429446864,-0.2599327737788663,-0.37766310873830294,-0.35428489400495167,-0.3460412971722602,-0.4924621587959069,-0.5370383477884053,-0.5652909377713679,-0.6501973096506807,-0.6364141906891614,-0.7495621357973974,-0.2637979149591906,-0.4172521871259455,-0.3087451117813292,-0.4834000088548196,-0.24043311912925563,-0.31102500003831013,-0.19436983400692226,-0.19075269404158857,-0.17188555017276216,-0.467660794805791,-0.21003400159610403,-0.5703940142082166,-0.176305836357384,-0.4003029524528078,-0.1478531224814965,-0.26480043957676946,-0.08041617486454673,-0.5067214003304943,-0.08541927218767016,-0.7185058233277944,-0.09398334888034782,-0.859133280483286,-0.11377126145519807,-1.0,i love you
0.0,0.0,-0.1504227708005648,0.009607231994154732,-0.30749795290321086,-0.08353183528956787,-0.32921928610304363,-0.2545378107134565,-0.26222333085605104,-0.38237445309479307,-0.3562914826920258,-0.3504485363060942,-0.4930032052587513,-0.5418282575591605,-0.5659559197493264,-0.6541369936831375,-0.636462570294164,-0.7543276468104984,-0.2653905137314964,-0.4214372324163905,-0.3088708412371192,-0.49209311716743354,-0.2411349365074401,-0.3228412036058103,-0.19384386916598154,-0.20323143902671092,-0.17264979144955192,-0.4717620926368639,-0.20903025389641056,-0.5728015308658894,-0.17295821433930847,-0.4022201139007889,-0.14341199831404336,-0.2683946920404082,-0.07972308634920124,-0.5107905290116191,-0.08622468731949733,-0.7200613494438807,-0.09466342958123919,-0.859874472381593,-0.11460058862483624,-1.0,i love you
0.0,0.0,-0.14139448160475931,0.014359213779344985,-0.3007422113897092,-0.07885810402806133,-0.3269282490477399,-0.25092807443944004,-0.2586630756698753,-0.3749837728598248,-0.349289177015185,-0.3442344050521195,-0.4883561446275829,-0.5381195101057401,-0.5620419862987812,-0.651208733279028,-0.6323964382998668,-0.7525719839192753,-0.25880253448910573,-0.4147833996650954,-0.30383032108928565,-0.48482874778388424,-0.23978552633072414,-0.3151113516427683,-0.19550743258958145,-0.19711543996674144,-0.1660936636836664,-0.46486693460280454,-0.20431742210454018,-0.5715862094104354,-0.17482310230537063,-0.401448402698162,-0.15022058129836893,-0.2655958225493113,-0.07416491607471591,-0.5043013159941162,-0.08059548102166034,-0.7150099226088986,-0.08957145419544649,-0.8577745423621013,-0.10948249590441424,-1.0,i love you
0.0,0.0,-0.1451956973895084,0.012363242231739697,-0.30330333537675236,-0.0815324191458715,-0.3264373716255764,-0.2546851543501548,-0.2559176466530908,-0.38049475960448387,-0.3506361925192601,-0.3460962638696149,-0.48961268336247904,-0.5380382900145622,-0.5632518359993579,-0.6515506109833759,-0.6339220657539576,-0.7526413140844838,-0.26064591010592325,-0.41582775469612016,-0.30514314627230393,-0.4843292806564422,-0.24047500809391237,-0.3183702826921702,-0.19532243203661423,-0.19973990229907876,-0.1681730325596632,-0.46641024326089564,-0.20648766924756007,-0.572913492933083,-0.17628153884372705,-0.4048087011657435,-0.15127426431004115,-0.268885843101129,-0.07598583689667944,-0.5063333080861425,-0.08188634182147149,-0.7156920639545857,-0.09052006576879612,-0.858432438069035,-0.11088533582011369,-1.0,i love you
0.0,0.0,-0.14338278482952968,0.00785327900285714,-0.298113483294014,-0.07361184115384131,-0.32555626510413793,-0.24300866170939706,-0.2591674637811534,-0.3756777728474153,-0.34410619490824956,-0.33449947976243105,-0.48540693121101036,-0.5298319679916319,-0.5607446737867062,-0.6511177861237007,-0.6355917335119089,-0.7555167010046604,-0.2565726104912073,-0.4066047559052857,-0.3061630354370684,-0.47266721979293025,-0.2383708262491242,-0.3044049709506731,-0.19354633989620665,-0.18788415005356132,-0.16602291508523428,-0.45906208659920816,-0.20487071958149733,-0.5597222805668057,-0.17275080061516176,-0.38899037904681466,-0.14335297515995535,-0.251773175243242,-0.0756790632923219,-0.5013274128191699,-0.0812675918725191,-0.7158254789756912,-0.08979974687668206,-0.8596958480190082,-0.10568296639787365,-1.0,i love you
0.0,0.0,-0.1442417684686238,0.009762751872022702,-0.29952717788718974,-0.07057268721787856,-0.3310880134511081,-0.23873712877205377,-0.2623653623174889,-0.36638892488022595,-0.3463930115777173,-0.33510218015522203,-0.4896121036541257,-0.5272658336596961,-0.5654492465238213,-0.6468935356723908,-0.63890428101988,-0.7492635350272445,-0.25986555520621907,-0.40603528603529526,-0.31161615628295825,-0.4685982928210476,-0.244237752683273,-0.3017047201510182,-0.19880819815256917,-0.1869288730419096,-0.16950591426521802,-0.4593760147854896,-0.21211933187506113,-0.5613351091172124,-0.18031184538748513,-0.38996644082948395,-0.15002110792357615,-0.25063102170289187,-0.07939554491393848,-0.5012392281953454,-0.08341672575369392,-0.7133741299099624,-0.09186760302551272,-0.8576135860261769,-0.10831366998769289,-1.0,i love you
0.0,0.0,-0.14980256952837093,0.0007741877017777319,-0.3018624478887511,-0.07581278151650549,-0.3308688128929607,-0.24380448306791055,-0.26025192199241315,-0.3690434032991842,-0.34619500918660207,-0.33754010721338235,-0.4900790772526163,-0.5278578630501536,-0.5653978671098252,-0.646798523343169,-0.638687967322127,-0.7480330020048879,-0.26118611256109997,-0.4065405412612742,-0.3163643314182019,-0.46202119151628734,-0.247224754476021,-0.2955554771926954,-0.20259648587399712,-0.1875377251267654,-0.17238314604376292,-0.45942278774737166,-0.21694432652871604,-0.5599917721543893,-0.1840946834921321,-0.39068298874199503,-0.15295464128851058,-0.2542177355536953,-0.08473657082910101,-0.4994717192831459,-0.08878676756424021,-0.7138682637713738,-0.09837685343817622,-0.8577742997572717,-0.11536573472892409,-1.0,i love you
0.0,0.0,-0.1468022392433288,0.006746090930422841,-0.30258463694927046,-0.07320445448427916,-0.33089412567515203,-0.24312517626273736,-0.26287598587007527,-0.3725956854589702,-0.34652261002105356,-0.33574302987047566,-0.4887052994482101,-0.5307276980864005,-0.5653904014851813,-0.6513152841803668,-0.641309727765962,-0.75423921578509,-0.2591539524811929,-0.40631320061955195,-0.3114290442551041,-0.47202803526230885,-0.24389170871433893,-0.3026864881516254,-0.19995373564255586,-0.1903726853538652,-0.16956711801277863,-0.45898941663096954,-0.21098136054894318,-0.5686717354665485,-0.17935376244470733,-0.39502118633647204,-0.14924333864003825,-0.2562517229008645,-0.08028477777785345,-0.4995561603065282,-0.0831803484385628,-0.7125880519156614,-0.09169771198765195,-0.8559041197297962,-0.10847803808856621,-1.0,i love you
0.0,0.0,-0.14750948651768175,0.004304937736456504,-0.30380351760810337,-0.07453231463119332,-0.3339899248783467,-0.24604109433431237,-0.2632129205400651,-0.3741313405382453,-0.3473731346039041,-0.33702048650769745,-0.48883867843008044,-0.5306691397641026,-0.5653606233079638,-0.6504027731545349,-0.6408973982932086,-0.7529092709693814,-0.2606802939459411,-0.4077008124788186,-0.3145672936631776,-0.4684714174325865,-0.24669048963297824,-0.2996740025051226,-0.20379196970493318,-0.19223698331846045,-0.17150395708776575,-0.46051033443142025,-0.2140424386383421,-0.5679666440794955,-0.18255106179484556,-0.39541617946006674,-0.1528190353149196,-0.2587106323409484,-0.0828754391923777,-0.5001882515438492,-0.08582959250972483,-0.712987585721517,-0.09421190082065466,-0.8557141681092126,-0.11130746942113356,-1.0,i love you
0.0,0.0,-0.14752182827153962,0.006123873873706282,-0.30478271290336045,-0.07516623968412842,-0.33229765667210787,-0.24694239750205355,-0.2606701049990851,-0.3742545788231295,-0.3461767904897425,-0.34015560375236653,-0.48707887019445595,-0.5347323240279193,-0.5638569258641289,-0.6548648142452953,-0.6406846880606634,-0.7562090930352152,-0.2591067305539398,-0.41099975675054445,-0.3131503751168531,-0.47315940563197273,-0.24639718833691412,-0.3051377276333837,-0.20240899557172887,-0.1922367929646513,-0.1694998518849675,-0.4623226386665138,-0.21324025612552952,-0.5689807907341081,-0.18301407431378763,-0.3985304131393697,-0.1528713816085404,-0.26042067943315805,-0.07994803733257812,-0.501208768975448,-0.08225671203677033,-0.714693502337509,-0.08973010323256873,-0.857659519071494,-0.10559556343948033,-1.0,i love you
0.0,0.0,-0.14836040374404386,0.002851333568295991,-0.3034625136444087,-0.07965049323126094,-0.3323431863545455,-0.2526730328316892,-0.26102333517704,-0.3792024566199546,-0.3424549325694497,-0.34193622607916246,-0.48366320309240124,-0.5353041371351164,-0.5601824622881793,-0.6549092210056616,-0.6369168021175761,-0.7563552908856551,-0.2567758252619891,-0.4110934451811757,-0.3120921990808518,-0.47148069601423437,-0.24605372307718007,-0.30379732988849545,-0.20287824451630307,-0.19229391219440303,-0.16882706293832148,-0.46231670889379484,-0.21350485385622023,-0.5684625493064037,-0.18322312668186497,-0.3974035998067822,-0.15304398779598485,-0.2592119275589209,-0.08120587359341608,-0.5013458615215536,-0.08384168306286943,-0.7143408412365303,-0.09171777326206995,-0.8576332874457693,-0.10816013337068789,-1.0,i love you
0.0,0.0,-0.14060264112165177,0.012417444352721033,-0.30066018155377183,-0.07028330622273089,-0.3291005741228134,-0.24094902169329066,-0.25761572619494927,-0.368429462406017,-0.34328913547214296,-0.33922463213220416,-0.48468931381409014,-0.5336371263498579,-0.5595076198087127,-0.6509251131516458,-0.6343068130299905,-0.7536623845022796,-0.25534079356381384,-0.41106808255458543,-0.3022063390112428,-0.47586053065114,-0.23871927136542606,-0.30571173880908675,-0.19927709779347058,-0.1898295294398588,-0.16570042199685422,-0.4617770529406979,-0.2043263849492695,-0.5676156829898295,-0.1757055560832113,-0.3938982214795498,-0.15100716626479802,-0.2543401190513415,-0.07625176399547474,-0.5008590862087866,-0.07907152051045897,-0.7135592092115659,-0.08543219289636066,-0.8564771321525252,-0.10189627270895882,-1.0,i love you
0.0,0.0,-0.14138465090976893,0.013353410211944484,-0.300660670592184,-0.07385238232439342,-0.3268799381354425,-0.24656438283366391,-0.2566662015844594,-0.37065679385444333,-0.34369621272347584,-0.342893098710838,-0.4830384616183469,-0.5361740734318042,-0.557727773282226,-0.6534938720833962,-0.6317268587379661,-0.7551301002795704,-0.2555645798589573,-0.4140136544686499,-0.2992401353531335,-0.4765567047867672,-0.2357540455319732,-0.30496724194870006,-0.19742961975575932,-0.19163568416295243,-0.16585237197573735,-0.4653983757055533,-0.20137158318076656,-0.5671468722444198,-0.17200326332479654,-0.39010957076871966,-0.14837830182708073,-0.2524620236206617,-0.07676910002074468,-0.5057264324753654,-0.07892847100027814,-0.7154936908361594,-0.08438381605744845,-0.8562845329460215,-0.10078672742590991,-1.0,i love you
0.0,0.0,-0.14365084862779662,0.0128029023512116,-0.30399359544444293,-0.07220560275157935,-0.3255226975226783,-0.24229733469719159,-0.24855526237600478,-0.36529213438896263,-0.3442583616424647,-0.3411801869278034,-0.4819533461279573,-0.5354568553965755,-0.555771783345506,-0.6516259143802206,-0.6301940588564015,-0.7548366714518662,-0.25440839315013175,-0.4142039746839857,-0.2987061840470096,-0.4717328559901621,-0.23584520268921738,-0.29589058224876413,-0.19831063170156094,-0.18236970504874583,-0.163623861445535,-0.46464172676382204,-0.19767632715285877,-0.5636155445909925,-0.1701700634315378,-0.38543386672984203,-0.1474464242416673,-0.24665003849252534,-0.0736776571276364,-0.5031616139910285,-0.07538665522425347,-0.7147299038316767,-0.08116441450408896,-0.8562319429229867,-0.09663015420726172,-1.0,i love you
0.0,0.0,-0.14271574548540866,0.014474095718570048,-0.3032381425605406,-0.07167604635428645,-0.3241283320841101,-0.24054464191073247,-0.252186589916808,-0.36506877880460537,-0.3460567193705511,-0.3443984209358524,-0.4830364258104648,-0.5398112215433296,-0.5561519453681675,-0.6552812847744043,-0.6297801658291245,-0.757385468372799,-0.2561429846043438,-0.41605505769340884,-0.29828078778089684,-0.4792798780818531,-0.23492240061199177,-0.30777718458695424,-0.19812381805889728,-0.19761428020103597,-0.16521693153757183,-0.46629457031987265,-0.19621837075916934,-0.5643665180286938,-0.16609381398539802,-0.38748578471687634,-0.14411884366680494,-0.2525246763368872,-0.07470681893998513,-0.5057440005745241,-0.07776375853757171,-0.714194299192967,-0.08221114413498239,-0.8552996591926421,-0.09795477125448789,-1.0,i love you
0.0,0.0,-0.14081255259855244,0.016980652141466195,-0.3031226635031039,-0.06758541724622885,-0.321078031200708,-0.23608178361034363,-0.24761264761755272,-0.36597352781863424,-0.3404297437500131,-0.3409030168532594,-0.47732465455758355,-0.53709496924846,-0.5521298340741219,-0.6542536769059684,-0.6271357727616403,-0.7576857477806126,-0.2503241927764538,-0.4136071272658983,-0.29412374753255416,-0.48006002453956775,-0.23414279337641888,-0.3040444038643863,-0.19663425322843872,-0.18632293987105164,-0.15954418909061352,-0.4637063156102343,-0.1937635021929348,-0.5643180529793992,-0.16596343730532842,-0.38338568954994207,-0.14160297614084114,-0.2433150699714032,-0.06940170964127525,-0.5037396563479489,-0.07166871163064797,-0.7135385257900206,-0.0767219566065884,-0.8554109326507288,-0.0906140708003669,-1.0,i love you
0.0,0.0,-0.14163780042720647,0.009714858385625236,-0.29891590463952894,-0.0723366475796022,-0.31703225949536407,-0.24128184122944538,-0.24063188302138389,-0.3681498992973687,-0.3405796950782542,-0.3463076856968996,-0.4795973558108814,-0.5414489396768367,-0.5537889278392528,-0.6596390715120365,-0.6281083014175992,-0.7602376388039882,-0.2516065985520445,-0.414979048585381,-0.2983830747500454,-0.4739516322420301,-0.23665631224607758,-0.297215949966109,-0.2020861315912402,-0.18936474867312328,-0.16118700194474592,-0.4635980433333195,-0.19590785535969482,-0.5590258805069369,-0.16497391988977464,-0.3766746230755263,-0.14009267691574107,-0.24234514458070142,-0.07283912113563182,-0.5012475205529011,-0.07194423305901743,-0.7111741108990326,-0.07689716688082436,-0.851944191474999,-0.0904306856788799,-1.0,i love you
0.0,0.0,-0.1412472482085408,0.00815338472330367,-0.29735187936220653,-0.07256923049468961,-0.3175398021473051,-0.24086204735696076,-0.24187474382010907,-0.3637312455994246,-0.3406377975829365,-0.3481376630551202,-0.4794024305404119,-0.5425075171938951,-0.5533959678310058,-0.6593463209002071,-0.6273447888333575,-0.7593097899664228,-0.2519300521499405,-0.4158166954635429,-0.2973185316218226,-0.4735387402560349,-0.23541561722912385,-0.2971645394735618,-0.2011543967996642,-0.19100469507246484,-0.1614234579443309,-0.4638677577440998,-0.19390236567078875,-0.5585922899059628,-0.163709569568175,-0.3758815361485027,-0.14043698079755806,-0.24090414543418104,-0.0728627457303007,-0.5002510382067955,-0.07273817400589111,-0.7095105550765837,-0.0774355201803093,-0.8514638934575522,-0.09102499998794245,-1.0,i love you
0.0,0.0,-0.14246440943886773,0.0026878485858900466,-0.29598208264188935,-0.0761536013368775,-0.31729822651375306,-0.24038002081525014,-0.2441854256382637,-0.3650466499806383,-0.3372972456762035,-0.3507954612932731,-0.4760025033803866,-0.5455776231911896,-0.5504472571612534,-0.6631506270592402,-0.6240477560416227,-0.7633194780393397,-0.24916538682784145,-0.4149877419113041,-0.29803966488005046,-0.47041023292443107,-0.23431760132028082,-0.29230707071641476,-0.1978078620863503,-0.18596747958963444,-0.1590642347246285,-0.4618140284392555,-0.19580047805287557,-0.5551936402547701,-0.16390407626426864,-0.3712256544658955,-0.13677038218858867,-0.23590551065416082,-0.07117452439751781,-0.49862060366946154,-0.06981386736967733,-0.7109111579521881,-0.07527091556151827,-0.8524199989919548,-0.08861982893023204,-1.0,i love you
0.0,0.0,-0.14390094154035693,0.0007687150862234403,-0.2969867263736408,-0.07693335302589341,-0.3188846633067253,-0.23998510580614518,-0.24556107046695103,-0.3628110749764388,-0.33875536510372567,-0.3515135536214713,-0.47650543315291316,-0.5454757089152098,-0.5509335453402887,-0.6624575175737789,-0.6250205639422987,-0.7637914037092809,-0.25025392145733627,-0.41639341883322123,-0.2987164709413356,-0.4714924424375755,-0.23459914993782333,-0.29270162801323635,-0.19888414251174807,-0.18863736571050607,-0.15977745779628047,-0.46296232251775077,-0.19477393090217016,-0.5579269810179724,-0.1637993783823701,-0.373453737334612,-0.1375342229433786,-0.23784882922169767,-0.07160998749142689,-0.49825913428956176,-0.0703938498453144,-0.7106748255167297,-0.07620803752110814,-0.8521527480818403,-0.0894373149329958,-1.0,i love you
0.0,0.0,-0.1367958573030939,0.011652463609867186,-0.2940612970862402,-0.07290892163693992,-0.31662429471546444,-0.23420598132270593,-0.24859819387677065,-0.36178560730946696,-0.33675590622689766,-0.35213799996601036,-0.4684087097329266,-0.5506281307623021,-0.5410299809658149,-0.6660630743714046,-0.6148523735373843,-0.7655683063824001,-0.24598484381771368,-0.42068662476738355,-0.28789337669841863,-0.48015039608524596,-0.22949085148237214,-0.30267972275094956,-0.19611822650680216,-0.1881801906392597,-0.15365855731074157,-0.4671569358998326,-0.18567265981492653,-0.5596875584196528,-0.15899174052327014,-0.3758480807550793,-0.1383276471537945,-0.23687390064835193,-0.06314952032154177,-0.5038102890816856,-0.06050403945344697,-0.7130906625213498,-0.06243998708394585,-0.8548858811914211,-0.07456989858348274,-1.0,i love you
0.0,0.0,-0.13899396624081492,0.0059661159963421,-0.2957048827715713,-0.07508592705652685,-0.31977804023835577,-0.23498932383775784,-0.24745627490615915,-0.358779208060577,-0.3410007097565925,-0.35346600452752225,-0.4744198437157457,-0.5517273294449211,-0.5454761315277747,-0.6674283868318521,-0.616769402382034,-0.7687477801473137,-0.25142993129611835,-0.4224877627773909,-0.2938584423502808,-0.4785521071515811,-0.23433442381750463,-0.30212422800803,-0.20064546574985523,-0.1937718312428982,-0.15932243388010806,-0.4691216131118338,-0.18884255746375012,-0.5623380348110002,-0.1631123075026234,-0.377496694527136,-0.1432397854313002,-0.23785193588379736,-0.06901672310555511,-0.5027838054123429,-0.06529959406799048,-0.7107453689757065,-0.06776548974364291,-0.8532667519416941,-0.07966711335905276,-1.0,i love you
0.0,0.0,-0.14181311908714447,-0.0004000797000876227,-0.2944232574752391,-0.07929171679726725,-0.3150157807752755,-0.24020798353777317,-0.2410959235826716,-0.36532099947278973,-0.33490480866846367,-0.35648956910626667,-0.47077180901563814,-0.5552656147553605,-0.5433879854486802,-0.6730907972983039,-0.6158686085622846,-0.7738854490223447,-0.24581146823196096,-0.41854765541451283,-0.2916115131356431,-0.4743532461598271,-0.23160811245819232,-0.2974382001888271,-0.19847874958248263,-0.19352835551713854,-0.15539582490511925,-0.463272880939703,-0.1879441509795504,-0.5603407705166529,-0.16049368255728838,-0.37641294594739005,-0.13767782160814668,-0.2411488288588016,-0.06756582824525834,-0.4970332905792022,-0.06088094391435347,-0.7088987200871332,-0.06318969331522095,-0.8511801232508687,-0.0738204952934045,-1.0,i love you
0.0,0.0,-0.1768102082666442,-0.0032200884026070665,-0.36070838078431416,-0.104875514778366,-0.4965945648039569,-0.220377256844903,-0.6142538530948243,-0.2839682031574845,-0.3045826974539424,-0.4066902540129071,-0.3979456067976923,-0.6388792809994325,-0.4546992621409399,-0.776439063596746,-0.5062325980626307,-0.898299062568921,-0.2136796405126043,-0.46363425028309485,-0.21297868971013567,-0.5388780405211104,-0.18070450469231064,-0.3554018722845406,-0.17652957018392748,-0.2580707211190468,-0.11766065765005397,-0.5024442255975763,-0.10984870514200819,-0.6247019831381943,-0.09782621478672714,-0.48099015301863957,-0.10512618806005784,-0.3853174569292233,-0.021166748801367683,-0.523797771102107,-0.012806891517593124,-0.7323825093845407,-0.0022188451855666962,-0.8634665923883283,0.001346321732068604,-1.0,i love you
0.0,0.0,-0.16649652080892174,-0.0002864737115005407,-0.3471885641408925,-0.09707843964556129,-0.4848272520655755,-0.22080650708247312,-0.6036261142291421,-0.2889132387574785,-0.30178883901277587,-0.4075907960925843,-0.38534929146692687,-0.6379528088497374,-0.44685655468283075,-0.7813075403167099,-0.49828608707914973,-0.8955368253026156,-0.20965860763488875,-0.4646109236926904,-0.19752683887189654,-0.5375066242580795,-0.16199752618162547,-0.33931403762621454,-0.17012709288335004,-0.24940258443580468,-0.11394052519989936,-0.5066635499850906,-0.0953195910727076,-0.6213499784323159,-0.07638132122818782,-0.4619549337559904,-0.08564163753231402,-0.3609698785394327,-0.023707021263493375,-0.5267538585008467,-0.013675583452649753,-0.7335528726883679,-0.002577406125565214,-0.8638501180971802,0.0013104922104154413,-1.0,i love you
0.0,0.0,-0.16751771940478297,-0.009459195378727575,-0.34412366308841813,-0.10302210882736659,-0.4807082965117789,-0.22035839441323768,-0.5997697254373918,-0.2980358258172895,-0.301675004055279,-0.402036878273937,-0.3855083701950976,-0.6368735055250426,-0.44513480769037,-0.7754251088964802,-0.49799364807785457,-0.89374218303294,-0.21111250032108728,-0.46064938959359364,-0.203522635978151,-0.5346291019873918,-0.16430173773137974,-0.34115660387453345,-0.16104318095087528,-0.24009309189084707,-0.11773280175000721,-0.5004632171652614,-0.10150090025063965,-0.6087856429926838,-0.08456679331814916,-0.4433708500446542,-0.09501245392841223,-0.3325708368179876,-0.0266630865732162,-0.522243577580573,-0.018641226810226143,-0.7341475491426722,-0.004420715287344365,-0.8672083828682878,0.0015197894064902344,-1.0,i love you
0.0,0.0,-0.16791258531765113,-0.01002892025557685,-0.34469846780659785,-0.10789833823887819,-0.4801825197628577,-0.22716946611188657,-0.5970797940285929,-0.3043405539401596,-0.30201969760041797,-0.4083905839260136,-0.3859946452974147,-0.64404300466807,-0.4421458862143013,-0.7789350418144908,-0.4933279620013832,-0.8960822511939047,-0.2104970910506482,-0.46268960567418427,-0.20158097208718714,-0.5345286030845964,-0.1650763128854094,-0.3436827575085999,-0.16098902228732956,-0.23739935200594303,-0.11697500359144816,-0.4993807445946497,-0.10018942636676244,-0.611046623250834,-0.08427229769936036,-0.44696665899501775,-0.09251711794075514,-0.33204201368983016,-0.025445330739340855,-0.5194123691241311,-0.017766238663089517,-0.7315137934574943,-0.003816509892505289,-0.8662543290817983,0.003383345559214094,-1.0,i love you
0.0,0.0,-0.17044869208270028,-0.015993152349716933,-0.34776466680445406,-0.11879293201982767,-0.48205792129655545,-0.23620207165384086,-0.59590025160813,-0.3129840715550295,-0.3021600030516765,-0.41172240758077444,-0.38583844541477846,-0.644982296414724,-0.44189474032943166,-0.7798044696739467,-0.49373484244077964,-0.8992375464188832,-0.21025228335307214,-0.46765289662601,-0.20551973071625368,-0.5410672256980034,-0.17462995084079716,-0.3626200808181813,-0.17312966351910197,-0.26147338882866256,-0.11667696824022526,-0.5035057649655483,-0.10459585153160707,-0.6106562046419045,-0.0883880424660852,-0.4565578727389544,-0.09543706875355723,-0.3520735358764524,-0.02382184300979319,-0.5214573170025333,-0.015096271263438465,-0.7321579687209654,0.0017280803933429135,-0.8647648615761916,0.010123366621364283,-1.0,i love you
0.0,0.0,-0.17205222741975437,-0.015583214563939816,-0.34671266662119327,-0.11970906584431576,-0.4801143058183241,-0.23991297823378843,-0.594431971165065,-0.3095655732702449,-0.3001153828203812,-0.40668301316455513,-0.38134804757477087,-0.644817573801566,-0.4363496810278908,-0.780042577481323,-0.4882811406169786,-0.8996275726886639,-0.20886229092697567,-0.4618792249893197,-0.20472990583412015,-0.5340587540522203,-0.17405243564015208,-0.35788239855538123,-0.1718415658173907,-0.2598737035587738,-0.11548592537811747,-0.4969056294897523,-0.10318225387810491,-0.6072763694978658,-0.09223948217741096,-0.45636282045298704,-0.10294445182390298,-0.3530215292711209,-0.022416146414839654,-0.5148234973128799,-0.013027416882366246,-0.7332958057949891,0.0025369860456433474,-0.8678984458860316,0.010834640694163726,-1.0,i love you
0.0,0.0,-0.17551684549788618,-0.01762349569502381,-0.3509926046441448,-0.12527663466792124,-0.48427477997152824,-0.247737054847093,-0.5982112816898636,-0.32184093846325423,-0.2961526717843416,-0.4055549797051792,-0.38362266534585543,-0.6418719781522575,-0.4347057461849392,-0.7778757493994963,-0.4837925401655638,-0.9031867976356605,-0.20513245756175372,-0.46321472585825396,-0.2092356945177274,-0.5256164967699792,-0.181999941894302,-0.35661558675977323,-0.1779716800325392,-0.2615315724807665,-0.11540556371430366,-0.5022173696675136,-0.11118566551173782,-0.6022516145417944,-0.10208563842698504,-0.45374334713187464,-0.10795303934974101,-0.35190407686446656,-0.027622924009930452,-0.523828190822861,-0.013823158119662124,-0.7305004118944238,0.004916116927408176,-0.8653188269021884,0.016613581176003096,-1.0,i love you
0.0,0.0,-0.1786049977585647,-0.012952126658998293,-0.35491205218321237,-0.11844629477223557,-0.4840425973936497,-0.2463696227272322,-0.598317571266235,-0.32070852018885776,-0.29768632809082746,-0.40230643464928073,-0.38512164413622546,-0.6408237814849135,-0.43924078575187503,-0.7782764201158354,-0.49021814068296465,-0.8982417840102488,-0.20525050362414476,-0.4598034426693432,-0.2095056800402869,-0.5268553712933407,-0.17906854501009062,-0.35564831872711256,-0.17254186618865497,-0.26089777982321444,-0.1120655698768019,-0.4984875033372229,-0.1107237305219122,-0.6087986042815872,-0.09938132759751528,-0.4642187755674337,-0.10278132883646164,-0.3631278530706304,-0.019646063240355446,-0.5204945148671298,-0.0062261587812514774,-0.7352459996008175,0.009015903387566448,-0.8693153325505811,0.01772252345574778,-1.0,i love you
0.0,0.0,-0.17954954228901546,-0.015943450050913632,-0.36035769384277666,-0.12026042706046697,-0.4983390707111022,-0.24173564951977444,-0.6179936191660398,-0.3115663169232816,-0.3116561833197734,-0.4063483413413567,-0.4010906774327249,-0.6414364359946579,-0.4545931642693766,-0.772932880995144,-0.5063797146278188,-0.8943086427807542,-0.21733308516136296,-0.4665190107404735,-0.2258093092632107,-0.5378583782345506,-0.18677611178484257,-0.3634546465724125,-0.17050853506900204,-0.25512334402775433,-0.12441410947198216,-0.5055202272948232,-0.12554319599445324,-0.6090344031592037,-0.10466093184737169,-0.4630304515962319,-0.09886055165814694,-0.357980711665106,-0.03194526528816092,-0.5253679885022182,-0.021468954198199858,-0.7336354411320736,-0.0034112452604270604,-0.8676490247097411,0.007907603272799841,-1.0,i love you
0.0,0.0,-0.1827895547992643,-0.012390565342933736,-0.3637845424210116,-0.11605537382711985,-0.5010810011277406,-0.23933227261025847,-0.6201242960937018,-0.30996615806285893,-0.3136761506930963,-0.4072620108581278,-0.4033129748162784,-0.6497285792072895,-0.45802370150662963,-0.7869644467680051,-0.5107438308411849,-0.9064876916539261,-0.21676174670341233,-0.4671240380143018,-0.22749950222915474,-0.5405165216988397,-0.1873500915914556,-0.3684029972204217,-0.17089522122167627,-0.2567120490030083,-0.12019647084115902,-0.5060859269935014,-0.1259479314684977,-0.6201683623817116,-0.10205395884565119,-0.4809899329592991,-0.09388484668900979,-0.3761674123643848,-0.02542041587883326,-0.5265044951663981,-0.01444661409709715,-0.7400916870405745,0.0012385543082167913,-0.872400878798429,0.008517106225189424,-1.0,i love you
0.0,0.0,-0.18217807379916126,-0.012766890231614229,-0.37059606600444034,-0.11916488163213355,-0.5142892835129816,-0.2402391314925212,-0.6368200979820229,-0.3034848285112568,-0.32719779798880777,-0.39888219209816855,-0.4154119233404061,-0.6350443232366292,-0.47032280125077847,-0.7699875464273129,-0.5246348234352095,-0.8964392075574683,-0.23348638920638737,-0.4669654547624856,-0.2370120112915535,-0.5482673169394684,-0.18947781699999378,-0.3693733531257087,-0.16996660247108378,-0.2559908722063431,-0.14099710404347993,-0.5106710635505965,-0.14117388180907967,-0.6203790081622503,-0.11304315178930245,-0.4666676263173942,-0.10192635572972936,-0.3558103736896769,-0.04809466398839934,-0.5323865284567587,-0.037040329406004824,-0.7401388732454597,-0.01979119683766464,-0.8707808408594363,-0.009268879149837003,-1.0,i love you
0.0,0.0,-0.18173718432003771,-0.0035143631785650984,-0.37019745395242887,-0.11294742617844382,-0.5124497842109771,-0.24067994107674864,-0.6349735108267658,-0.30583558988128,-0.32685578983701125,-0.4003837474271961,-0.4164437256659608,-0.6427520923775464,-0.4732561541638504,-0.7815868231734259,-0.5277141967890729,-0.9039335595393674,-0.23412511098993266,-0.46633114561963973,-0.23153157202451574,-0.5486201629802885,-0.18413821352639717,-0.36770831124842157,-0.16688950872696773,-0.25290778782541146,-0.13959586519567727,-0.5077401644050303,-0.1337291514899153,-0.6222527712500668,-0.10480740119457818,-0.4717619561705314,-0.09612207323681839,-0.3622413733154336,-0.04414800014586642,-0.5275344927452655,-0.03637213238904611,-0.7406435592764686,-0.019574086999146003,-0.8721324738521712,-0.009152270131050806,-1.0,i love you
0.0,0.0,-0.1825890357568046,-0.00943879960957322,-0.37231114114757613,-0.11670939064319213,-0.5169700414620196,-0.23369811332124904,-0.6385672996124977,-0.292333381365682,-0.3302280685802683,-0.40509180116167387,-0.4240357771873285,-0.640378969913494,-0.4802091658128075,-0.7725499913063222,-0.5354564694876721,-0.8942956889106068,-0.23732411254032457,-0.46774246720728757,-0.24591268640672126,-0.5395455111820548,-0.1970490768306661,-0.36831701208306017,-0.17656939495724147,-0.2594953838431586,-0.14552773637720176,-0.508637935523573,-0.1507988878473018,-0.610331634122535,-0.1198651691208361,-0.459996320473957,-0.1085456637866754,-0.3528077920876365,-0.05350537776201513,-0.5312103035236779,-0.04889693091016338,-0.7383355390993066,-0.03680749006873588,-0.8695664734915494,-0.033316903079759756,-1.0,i love you
0.0,0.0,-0.18208494656641913,-0.002278100604337354,-0.3694982987454917,-0.1111449008464521,-0.5088807499700285,-0.23350495698967003,-0.627493635880333,-0.2911269170560004,-0.3255305666313812,-0.39827946256632224,-0.4197805012087546,-0.636646680634734,-0.4778291170753987,-0.772533713395386,-0.5339240611243001,-0.8913577087376676,-0.2328958543662604,-0.4597819671725277,-0.2463963868429929,-0.535997530223745,-0.19788895892346436,-0.36399534405646194,-0.17546042310447646,-0.25188132757040377,-0.1395998611061442,-0.5037824438769701,-0.14958172557246907,-0.6206773480289398,-0.12120272566324877,-0.4729157424897975,-0.10963332536755359,-0.36287794600372686,-0.04563832739212765,-0.5308285881038459,-0.04389798347454179,-0.7397774982902265,-0.03426415229624324,-0.8710368064280914,-0.030878414899161304,-1.0,i love you
0.0,0.0,-0.1823180696481461,-0.0016632640784366676,-0.37506208953490083,-0.1051286615853509,-0.5191047188800839,-0.22368224037522635,-0.6412550590949052,-0.28147425542531473,-0.3326963773655783,-0.39592351323614994,-0.43105883542096235,-0.6340875601047441,-0.48986332947752764,-0.7668250853412878,-0.5452360684661348,-0.887712042597664,-0.2381190708501467,-0.4612873399956929,-0.2510133276105986,-0.5428451734980556,-0.20185689668112813,-0.3669994074857444,-0.18136763303189657,-0.2552137294340791,-0.14413955879374507,-0.5058768664104762,-0.15200498752929098,-0.6280235293407703,-0.12235589099095463,-0.4831424791233957,-0.11201687553014185,-0.37855390691680246,-0.050970369384173646,-0.5305713406398777,-0.049062895897395084,-0.7398905790987673,-0.04032830796258448,-0.8687675213178784,-0.040208371913391085,-1.0,i love you
0.0,0.0,-0.18227431649038942,0.0027562140106258087,-0.373650036372077,-0.09955247555270767,-0.5146883465975387,-0.22402863191816028,-0.6368755396698685,-0.2800565147279122,-0.3292576384658878,-0.39144635387120047,-0.4283952405992641,-0.6298330539563418,-0.4891871966520732,-0.7654638791644427,-0.5459813329570207,-0.8839810816213525,-0.23614022269395285,-0.4561551144264978,-0.2462697660713051,-0.5392333282400493,-0.1963125628456925,-0.35700159185536784,-0.17927449152100094,-0.24718165860062555,-0.1416764465884386,-0.5013818751562605,-0.14925890833275712,-0.6301766151189897,-0.12197259687586373,-0.4881336216471228,-0.11592735231062073,-0.38537171772856615,-0.04800341695927929,-0.5276777281365759,-0.04736151244535475,-0.739793162426335,-0.03862260517521619,-0.8693678154314448,-0.038798201009374596,-1.0,i love you
0.0,0.0,-0.18453580014592744,0.0004720146005676694,-0.37836029208959865,-0.10558084399262146,-0.5210507166288807,-0.2318078765602596,-0.6449513216604429,-0.28404774526469395,-0.33402652123478865,-0.390497502997772,-0.43464720185128314,-0.6289829288378816,-0.4946018587164254,-0.7607349578355793,-0.5530516633966663,-0.8804005375450155,-0.23885718868651618,-0.4529366428475019,-0.25201061005882086,-0.5395028099833142,-0.20351458198441746,-0.36443067762361286,-0.18403092253131278,-0.25185783616613816,-0.1455708285978643,-0.49798342373922416,-0.1565443367050525,-0.6321827692175277,-0.1285270523245692,-0.4918574058171447,-0.11912197068540901,-0.386538292257826,-0.05435972872364357,-0.5248590118013431,-0.05745785025028706,-0.7370546132434035,-0.049436145011961745,-0.8676837247879065,-0.04953062617734682,-1.0,i love you
0.0,0.0,-0.18467426738354972,0.004825443303540753,-0.377380484557709,-0.09815113220203148,-0.5170552484243646,-0.22731633384327818,-0.6392975249263436,-0.2791493661336964,-0.3329944047873322,-0.38501005268014127,-0.43108770381415673,-0.624739934503439,-0.4908438811079307,-0.7605585978964212,-0.5486360829806082,-0.8793777385601323,-0.24069461760361474,-0.44842648183053174,-0.24754206554812078,-0.5386430984388277,-0.19915294983011259,-0.3556263886701085,-0.1859464011934415,-0.24652714233440376,-0.1478955046665001,-0.49363222433155385,-0.15267350516190495,-0.6315011227967888,-0.12474909959137431,-0.4803614710681699,-0.11995717992498743,-0.3703197400212532,-0.05479467899500057,-0.5185936108848701,-0.05562884903061306,-0.7325005878889294,-0.04623948600226412,-0.8650731437731756,-0.04505263162021993,-1.0,i love you
0.0,0.0,-0.18949884152159946,0.000236751995492656,-0.37960055970931683,-0.09865636773924161,-0.5182671522023165,-0.2123939238398155,-0.6373262376733445,-0.2659878482402459,-0.3306549955264007,-0.3970255497018014,-0.4295226719683589,-0.6292055148552713,-0.4879184788274609,-0.7625237331477267,-0.5424766608998797,-0.8862041183850539,-0.23568574902843817,-0.4616829940373212,-0.2426071871480322,-0.5359842010089128,-0.216418060899815,-0.3690620772141406,-0.219094350306058,-0.27620613336446903,-0.14158718063411802,-0.5056353120129321,-0.14187115365603406,-0.6150635721154017,-0.12849401904732333,-0.4675240625089954,-0.13913794027273269,-0.3735899052226563,-0.049186844222038444,-0.5328595274727728,-0.05131761218147234,-0.7399765555150547,-0.04301382702808648,-0.8671589512576587,-0.04430733815828725,-1.0,i love you
0.0,0.0,-0.18619009382184465,0.006092976298015679,-0.37845091271468034,-0.0899855514609009,-0.5157507467500437,-0.2071605129725221,-0.6364196050112034,-0.2615400142339737,-0.33564341182605034,-0.3950675841286539,-0.43374748240421784,-0.6315074195921827,-0.4929010071291342,-0.7642806047747274,-0.549331935290253,-0.8842396943044692,-0.23951266179962702,-0.4541834179996306,-0.25060308204470155,-0.5395147166323268,-0.21631303298642232,-0.35934051450059107,-0.21103608638153384,-0.25137438223044256,-0.14400131327650112,-0.49813958172007206,-0.14877034156655222,-0.6335573706451596,-0.12949101566974547,-0.49242147048142004,-0.13044395852507515,-0.39255274136819845,-0.04930417801980654,-0.5237228164649543,-0.052581692939197504,-0.736792960165876,-0.04200055332898223,-0.8655458254370805,-0.04016982227286521,-1.0,i love you
0.0,0.0,-0.18549457175613054,0.01043406116061334,-0.37766522892018267,-0.08654021071458323,-0.5127499267525688,-0.21007283939912738,-0.6323826751832036,-0.2629995914011766,-0.3330759330759331,-0.39308498912197726,-0.42937151153795805,-0.6285267717236013,-0.4918035982765177,-0.7637783093529461,-0.5515837029707571,-0.8803263350158991,-0.2409774182561501,-0.4530784039370565,-0.24418545739549702,-0.530036320525092,-0.21007147929208694,-0.3438953578979999,-0.21197857604726825,-0.24538167153755,-0.1465068767578675,-0.4950783960030988,-0.14469090717439462,-0.6193603303246632,-0.13074958332554104,-0.4645368523836159,-0.14248163997173244,-0.3626707288530274,-0.05016890829308267,-0.5180679452806269,-0.050127878397363206,-0.7323422686698776,-0.037261039110444656,-0.8617718681126871,-0.034464659035332745,-1.0,i love you
0.0,0.0,-0.18988458072997444,0.002763445148520701,-0.38097895156644657,-0.09514305549401043,-0.518315534482504,-0.21389793356080414,-0.640532695233453,-0.2643539091003087,-0.3353115611290823,-0.40145344972747815,-0.4323207042732013,-0.6314570242684746,-0.4909970606047178,-0.7623242197308755,-0.5470420820962762,-0.8811606327823813,-0.23930234413081047,-0.46025884403480005,-0.2443679118476832,-0.5448685248371516,-0.20622631866589858,-0.36742783710728055,-0.20133067458383186,-0.2690266908908288,-0.1440931153158742,-0.5031811051535428,-0.1470458634289006,-0.6328772691688453,-0.12266879366626786,-0.4906476418369005,-0.12062096571690226,-0.3948278459697789,-0.049694982348857476,-0.5279281546801377,-0.05033260956263571,-0.7376408620256717,-0.0400306051609282,-0.8649263083263172,-0.03927575663579563,-1.0,i love you
0.0,0.0,-0.19100763483008393,0.008196594917499094,-0.38345668990035553,-0.08727614513555068,-0.5174228943367319,-0.209755824455132,-0.6374280090537133,-0.26097795950785796,-0.33509651893216286,-0.39353216044364236,-0.42875182638809645,-0.6253265791866603,-0.4926008596804915,-0.7624336136543016,-0.5533357515158517,-0.8782283389007676,-0.24102534418178406,-0.4545747418859024,-0.2419303833878927,-0.5369824166183702,-0.2052061935521828,-0.3529199791141149,-0.20574115119563627,-0.25521109238825257,-0.1467048388401549,-0.49848824053973073,-0.144642820287207,-0.6235504249176865,-0.1251478250472625,-0.4728150182893834,-0.1299268590727037,-0.3733586823388301,-0.050553615922237324,-0.5236362316492329,-0.05091776669061917,-0.73560851254019,-0.03799171918780382,-0.8640251541591355,-0.03336688581346893,-1.0,i love you
0.0,0.0,-0.19156771501334272,0.001893750035312825,-0.3838399669447393,-0.09516628225841912,-0.5224647295504352,-0.20676217874848402,-0.6434741039693089,-0.2502889510285428,-0.333179144233299,-0.3974241658619437,-0.431940333485721,-0.6287871622957782,-0.4913921457890285,-0.7596148531514639,-0.5468980109114787,-0.8808080999145368,-0.23899474274944796,-0.46143974624879536,-0.2481652684425681,-0.5284981252881834,-0.21355698040586535,-0.36459883771060875,-0.20420516174010792,-0.27544003464710143,-0.14409524120686093,-0.5091141480004098,-0.14874793619568244,-0.6255572977913947,-0.13120992915571764,-0.5058943553278393,-0.12998804399867445,-0.43077470319417094,-0.050401657283076697,-0.5395714902306916,-0.051688886519688344,-0.7435547031892579,-0.04505990160557282,-0.8683584560029223,-0.045257653425319455,-1.0,i love you
0.0,0.0,-0.19175339103040645,0.0036296487003678246,-0.3827420254612898,-0.09462095830677587,-0.5166743199593373,-0.20951950166143127,-0.6338632062494064,-0.25408571704153077,-0.3331545792501115,-0.39724613995487545,-0.42909128214290887,-0.6255095411730375,-0.49289740898206136,-0.7581481796903129,-0.5524782310659544,-0.8734119213184247,-0.24117517270221442,-0.46112196861503707,-0.24947607055493204,-0.5256495338445291,-0.21448182954517844,-0.3535973379794669,-0.2067733971710387,-0.2628708462071042,-0.14654022494544727,-0.5055983570004557,-0.15018067251949258,-0.6113869459778981,-0.13399856031379564,-0.4715296285506513,-0.1362636240676461,-0.38565821221210267,-0.049242863969288,-0.5336818097145195,-0.048202245233094916,-0.7422571462160134,-0.03955651970953975,-0.867540770043139,-0.038073147152570166,-1.0,i love you
0.0,0.0,-0.189130309171022,0.00911922333711213,-0.3896072352451795,-0.08847702220592754,-0.5348490449973384,-0.20295308616218963,-0.6587585502306396,-0.24048154858054793,-0.3406145479071142,-0.38681787989562544,-0.44269677227355214,-0.6251056554627133,-0.5016567390160505,-0.7560947797892158,-0.5572262711764739,-0.8768646623192607,-0.24694334208234708,-0.45220001135173027,-0.2503892569678915,-0.5300966584494456,-0.20469061677223266,-0.35836824501738296,-0.18822089239940296,-0.2560436458689673,-0.1545208265900476,-0.5002229438922833,-0.15480871056104648,-0.6185070787242496,-0.12860206509450314,-0.48410220852514946,-0.12249718635603833,-0.39029933285574253,-0.06289548891442176,-0.5303901671516719,-0.0621906078237966,-0.7395438803179917,-0.0502329405736919,-0.8685362250587912,-0.04647638712263806,-1.0,i love you
0.0,0.0,-0.18917159390957475,0.008390169082409832,-0.38773841724866714,-0.09240134471907169,-0.5275668944530594,-0.20968311309320686,-0.6465881411576433,-0.24944144839198018,-0.3400595720167051,-0.38854804208923627,-0.4393433673947066,-0.6263239860248264,-0.5014537434341089,-0.7604236959923955,-0.5607991163450081,-0.8764366684078504,-0.24671737416537015,-0.4515240644036736,-0.25637915306846537,-0.5334997945880736,-0.20745172052313277,-0.3556005318710801,-0.18828906446250887,-0.2469570640470805,-0.15355168220344836,-0.49798015869158485,-0.15969715682266888,-0.6227487185416622,-0.1278196815833755,-0.47313631524258815,-0.11634731038279267,-0.36597063658255946,-0.05896652476275306,-0.5254618698675797,-0.06160209023901967,-0.737889521638343,-0.050908647202586296,-0.8668743978974823,-0.04810501742292193,-1.0,i love you
0.0,0.0,-0.18825850011140244,0.009471318888678873,-0.3864025144215996,-0.08597126556334259,-0.5317555017491766,-0.20252144364884686,-0.6581853863235824,-0.24607953183522577,-0.34721710381123044,-0.3857203724959531,-0.4455078419922768,-0.621253367151804,-0.5062546395682442,-0.7528492096762782,-0.5625725303769626,-0.8697556379663723,-0.25179352640976876,-0.4508208405973705,-0.2582498519033977,-0.5337652333590632,-0.21656290224990682,-0.36785110510159796,-0.20317560297228032,-0.26854771350461504,-0.1566653502524242,-0.5016530854250768,-0.16039416399072035,-0.6298141955213054,-0.13539619668918298,-0.5168267834685122,-0.1291708596572184,-0.43946518383513705,-0.062471159440643624,-0.5342478012538318,-0.06885990431005991,-0.7418471632505013,-0.05885559604526635,-0.8681244634468019,-0.057440098752187134,-1.0,i love you
0.0,0.0,-0.18835218498818748,0.012680718518616284,-0.3844423033774598,-0.0840458246994074,-0.5257513165362229,-0.20340068895429408,-0.6479385484445735,-0.24559003259994458,-0.3442181952565101,-0.38793247719983637,-0.4416036005120963,-0.6202461493790172,-0.5054411551203031,-0.7519426663323082,-0.5647730542320535,-0.8648137051750763,-0.252159119405546,-0.4549078094685021,-0.2587532830915834,-0.5329937835733235,-0.2154600287724207,-0.3566539522483403,-0.20338801853049482,-0.25660802196206794,-0.1580849182361714,-0.5022202278036613,-0.16051236026238336,-0.6170894980664405,-0.1358174403104254,-0.4750397930497446,-0.13245159502157933,-0.38108780867660064,-0.0616545461744559,-0.5303303549038499,-0.0676186202436417,-0.7417811184288674,-0.05762587934061003,-0.8685442210988953,-0.0553723916744757,-1.0,i love you
0.0,0.0,-0.1959233008874689,0.0072829465784104135,-0.39005459200451753,-0.09324852795289011,-0.5300102814850645,-0.2121714945142614,-0.6538605909418967,-0.2508605750737186,-0.34156745863466914,-0.38956541437558445,-0.44292626714242017,-0.6205883044961115,-0.5013386723368957,-0.7509351281519536,-0.5561101514207217,-0.8684606006816751,-0.2462935492572872,-0.4557707365625258,-0.2625808661508232,-0.5360557837594122,-0.21403135442560753,-0.3734709779229868,-0.1913568222495933,-0.27559906476241236,-0.15156216741803402,-0.5054085864353342,-0.1618556904107505,-0.6314355721873518,-0.133522784788655,-0.49676808985985116,-0.12267113966896792,-0.400049355505738,-0.0571869988186415,-0.5355882196834353,-0.06192419716594339,-0.741931168220745,-0.05595174322880216,-0.8694913482862642,-0.05681683252560659,-1.0,i love you
0.0,0.0,-0.19202473817395307,0.010941675169324752,-0.3854733482174099,-0.09077053824208327,-0.5216090051658583,-0.20944068711824834,-0.6416194289209098,-0.24822914615885444,-0.335791411620962,-0.39307087145914327,-0.43353807788462034,-0.6211542320908424,-0.4966023405523555,-0.7530163673104724,-0.555244404107308,-0.8672339553003896,-0.24236047403578223,-0.4568600044494294,-0.2549841642247904,-0.5353197285357919,-0.2111303266191607,-0.35899134648610803,-0.1956812215290298,-0.257173207246198,-0.14786592131916595,-0.5029981910918284,-0.15834767688864526,-0.6204481506684628,-0.13090308440219028,-0.46824825637644896,-0.12228197455547232,-0.3642949900895359,-0.051906106692088866,-0.5317816969426647,-0.0553036299882828,-0.7418710095711747,-0.04910302062885087,-0.8680991977684233,-0.05014403461950163,-1.0,i love you
0.0,0.0,-0.19427704756546738,0.004833084661363699,-0.39316946566390487,-0.09121743177598259,-0.5364966191643354,-0.2021747472734685,-0.6611690798057471,-0.23542839761134085,-0.34733036147445695,-0.3870058744792147,-0.44643507197169996,-0.624894188257942,-0.5048799086896243,-0.7565261781524013,-0.5596827513658181,-0.8758994262120207,-0.25269907077187825,-0.45148925054094075,-0.2648079757162844,-0.5299508312497228,-0.2206128525972549,-0.37085559821744796,-0.20094394424490444,-0.27729485266625875,-0.15880034727234194,-0.5020989134713081,-0.16391282703767257,-0.6256002805216971,-0.14275597076772395,-0.5050525590915717,-0.13665293396544598,-0.4206301739671077,-0.06574347051248018,-0.5356460413276619,-0.06893426399316721,-0.743719912041239,-0.06267913711413305,-0.8711126726944095,-0.062322852026917126,-1.0,i love you
0.0,0.0,-0.19084271503731043,0.010296690592330187,-0.3855443355415535,-0.09303497350866455,-0.5235831055702339,-0.21107611530854664,-0.6453274702249979,-0.24266170055995157,-0.34111662088923433,-0.395426247189142,-0.4383095004049434,-0.6248549257247813,-0.49942504219448414,-0.7561765811761175,-0.5567687933361097,-0.8702846294051294,-0.24810609573300377,-0.4569661224519618,-0.2584199282735922,-0.5346205531397585,-0.21747483927315892,-0.35579237672269554,-0.20378235683241525,-0.250745955764781,-0.15414714311166264,-0.5031209586451904,-0.16192986863647324,-0.6240042916694065,-0.14067666295164116,-0.47460799736519826,-0.13691498886335393,-0.37053529527146384,-0.05820506378771861,-0.5318472107240029,-0.06352243993433229,-0.7416458293639887,-0.056543980899935425,-0.8680476051574221,-0.05596649395451258,-1.0,i love you
0.0,0.0,-0.19128230471359683,0.008303443853715689,-0.38794184781739127,-0.0886773388285095,-0.5304501369215401,-0.19829909967785475,-0.6541613370763485,-0.23706883148914665,-0.3436203860490068,-0.38766139337855826,-0.44573357552843323,-0.628330849293928,-0.504176174897305,-0.758002234578855,-0.5577468972652221,-0.8765401220414547,-0.24775870412539724,-0.45733666094990433,-0.25341156673804316,-0.5437148167793264,-0.21349888497473646,-0.3812151677247356,-0.19770920950188092,-0.2746711603779765,-0.15469945337044952,-0.5078317430349034,-0.15360269236261279,-0.6193961565364451,-0.1301556144774868,-0.47592423926356103,-0.12758593936085974,-0.3729896111102222,-0.062282923283182606,-0.5424402434308302,-0.06747963233600435,-0.7508966843885293,-0.06172533517928103,-0.8755940034071139,-0.06439342595474509,-1.0,i love you
0.0,0.0,-0.19736290250896138,0.010851720980463955,-0.4006983078014411,-0.07595856102833398,-0.5484248225036629,-0.18411102574336619,-0.6727699410751298,-0.21919183452678287,-0.35926092060583176,-0.3816704025838276,-0.4590578390326998,-0.6183912333153284,-0.5188427598495831,-0.7492412367298622,-0.5730126344086447,-0.8701166819858548,-0.2638273168086801,-0.45527348989274247,-0.2693301825610968,-0.5479612064601393,-0.2203675115749525,-0.3779918960676138,-0.2018162150582681,-0.2733414278645284,-0.16897077713678907,-0.5104548903649463,-0.1698200532794022,-0.640941733160288,-0.1416389793665509,-0.49148751191719814,-0.13644825428595286,-0.38388675980078135,-0.07404610523703915,-0.5442034764231595,-0.07753225704483274,-0.7540171474557287,-0.07136835023514333,-0.8766260033460846,-0.0740223381808093,-1.0,i love you
0.0,0.0,-0.19543305093545416,0.010919812489407318,-0.3987248067752767,-0.07922584497647281,-0.5436951882948852,-0.18737330205421496,-0.664524827668701,-0.21676328034335912,-0.35510015745814766,-0.3860902816856512,-0.4534049811564668,-0.6174937927277628,-0.5165476235939152,-0.7524504799017567,-0.5734171889759728,-0.8665547721748824,-0.2619498867115612,-0.4529246217643203,-0.2712752342541063,-0.5381417034957982,-0.22250865641079376,-0.36219571583806776,-0.20675621382115797,-0.25881366379450466,-0.16753938268452728,-0.503743299980653,-0.17599143558970742,-0.6293626464078301,-0.1460504011253413,-0.48068131499803846,-0.1387964062047789,-0.3763246573020782,-0.07177680268117549,-0.5353154102259741,-0.07960047480464491,-0.7452444577982813,-0.07493290906847204,-0.8708060474785708,-0.07694271761590249,-1.0,i love you
0.0,0.0,-0.19355801590011218,0.01883334146222504,-0.39864084930660554,-0.07280723146206246,-0.5486829569656473,-0.1848679055097628,-0.6747646685850851,-0.21816677234225887,-0.35848087271781365,-0.3813376904192882,-0.46145897348355525,-0.6255237444926759,-0.5221031068624103,-0.7594303272691801,-0.5787546537905022,-0.8774491537823733,-0.2624715082345673,-0.45105659334406345,-0.2739433253670195,-0.5481240143718805,-0.21807540359947325,-0.37398592075956366,-0.19370596172917784,-0.26047342665301015,-0.16712838771561886,-0.5045287681477507,-0.17575249150530817,-0.6499549659399437,-0.14532735046903705,-0.5090737940789153,-0.13689411305662585,-0.3999866686176007,-0.0725513339511291,-0.5374377733339837,-0.08154579004698499,-0.7467668146124957,-0.07800614544213041,-0.8726784698174251,-0.08238729291648376,-1.0,i love you
0.0,0.0,-0.19075343854252866,0.017688894301959187,-0.39575743077161396,-0.07968531252215998,-0.5439401225403532,-0.1934845981368736,-0.6667295559184251,-0.22249517306147515,-0.3532542037938049,-0.38683060300831384,-0.45335149368164934,-0.6239323432260603,-0.514456909043889,-0.7605872413107434,-0.5721876268520091,-0.8781217608064383,-0.25939490309536267,-0.4544721930704336,-0.2746253014766967,-0.5428139311107475,-0.21961798979352673,-0.3684846021751389,-0.1946153124236263,-0.2514605194146066,-0.1655100805601623,-0.5056499369949846,-0.1778206515918761,-0.6414193242625279,-0.14904074238177212,-0.501494400460556,-0.13943322461784685,-0.3916477689311051,-0.07125826047360452,-0.5379095386572639,-0.08169313803420798,-0.7463657631344175,-0.07936774333819487,-0.8729569810057768,-0.0843147798733503,-1.0,i love you
0.0,0.0,-0.1937816533385228,0.018345299909389323,-0.39764090109886824,-0.073451934746364,-0.5467368947851786,-0.18275428233835658,-0.6695227488925223,-0.2199692518135004,-0.3562299781036648,-0.38860274747782014,-0.4583525461069206,-0.6269332395069198,-0.5195297808921889,-0.7605239645069157,-0.5752879757454957,-0.8746595457776537,-0.26105738360795216,-0.4548712496486076,-0.2754119614397351,-0.545932573501001,-0.22003467348690378,-0.36938903296970066,-0.1968747369226807,-0.2579835612271313,-0.16619628926275917,-0.5056932630122297,-0.17933541874603257,-0.6488820448888986,-0.14669631342228578,-0.5021047015767122,-0.13571377453333508,-0.39083970378261806,-0.07110704928493612,-0.5355228893664707,-0.0777262614386226,-0.7423672915543442,-0.07531562221407864,-0.8688914795576366,-0.08136463633104629,-1.0,i love you
0.0,0.0,-0.18969458609861467,0.022648311290358922,-0.39474072905792257,-0.0703933187631901,-0.5446800201278267,-0.18583925610489835,-0.6689101015487244,-0.2177033081568602,-0.35225465873236417,-0.38548560050937086,-0.4533407435779966,-0.6239466061830481,-0.5159706627746192,-0.7618435820855667,-0.5726139721498305,-0.878670428534115,-0.25791423309391903,-0.4536448306450334,-0.26872217507370605,-0.5511966960990236,-0.21252214519907106,-0.37663603264846984,-0.18753560130213354,-0.260832267276176,-0.1637003156864365,-0.5061484168529659,-0.17367911137147105,-0.6482171602240097,-0.14063242432663156,-0.5068710826050348,-0.12807973690293498,-0.3969053883660828,-0.06892462162272675,-0.5381222873956578,-0.07544830728482127,-0.7460353939321112,-0.07107158980624045,-0.8721193716980392,-0.07556947479890949,-1.0,i love you
0.0,0.0,-0.19653054003997067,0.01219108965206308,-0.3988292113504728,-0.0774058085854883,-0.5505369548257829,-0.18804366739958722,-0.6768709139282033,-0.2228417862103558,-0.35512673782023274,-0.3885375630011445,-0.45570927174575954,-0.6291478768516403,-0.5167641529319262,-0.7629484995333122,-0.5720141262859453,-0.880254834330103,-0.25954922151170057,-0.45275999581836873,-0.2672893256370433,-0.545101515228391,-0.21480168068886585,-0.36986392331678275,-0.19417343485934496,-0.2672644674055804,-0.1648053072664697,-0.5041075673564429,-0.17189433004171756,-0.6431999286262285,-0.14123153127046334,-0.493152238279429,-0.13220629063086445,-0.38333674424591535,-0.06968034698004838,-0.534909299804914,-0.07253461678993058,-0.7394295478560116,-0.06966536393642694,-0.8666086868281679,-0.0746455233219587,-1.0,i love you
0.0,0.0,-0.1923535607768769,0.011444537511664691,-0.3959782673250092,-0.07672413851952124,-0.549257248491526,-0.1884891094286196,-0.6772183049796879,-0.22210799301791054,-0.35504757691869226,-0.39442934662032875,-0.45054649117238077,-0.6292256556972499,-0.5135085136027185,-0.7662539397129207,-0.5701925945343373,-0.8818604933745924,-0.2604500949217382,-0.4608984559260723,-0.2656774463082919,-0.5552184428739066,-0.21574984077313603,-0.38058804375206073,-0.19942507667806,-0.2733903068555954,-0.16520785505542734,-0.5124422226636658,-0.17083148165972759,-0.6447462643978289,-0.13976466508429639,-0.49813945201383586,-0.13207979296753136,-0.38907434068473357,-0.06913517797569922,-0.5436749218883863,-0.07391573844060753,-0.7463678184929801,-0.06806581513573365,-0.8713624426663827,-0.07068648793664511,-1.0,i love you
0.0,0.0,-0.1973597140772977,0.018981806395388413,-0.40271271340796544,-0.07449837228211197,-0.5553778271685311,-0.19343494605430886,-0.6833353548065623,-0.2277868600093506,-0.360076905825955,-0.39255627902412255,-0.460740743812305,-0.6315065089710218,-0.5220850269650706,-0.7665478316848824,-0.5775922629753529,-0.8866167760162741,-0.2657162632531759,-0.4587123595637626,-0.27336192422136135,-0.5544161587931148,-0.22232024351668614,-0.3787511718497586,-0.19928581523596467,-0.27198006585510565,-0.17253325841788103,-0.5090553361882755,-0.17778839771120852,-0.6477069755339541,-0.15152168557003298,-0.502207552431314,-0.1428839477402521,-0.3929588459150173,-0.07755477069409789,-0.5374896896226549,-0.08292152295374212,-0.7420468850479746,-0.08167615722431339,-0.8688063874407423,-0.08598967009902454,-1.0,i love you
0.0,0.0,-0.19224211349884165,0.01709412958164823,-0.397957335330119,-0.07578099592457609,-0.551925721788504,-0.19486324107550737,-0.6797766915676096,-0.22917860830178433,-0.356864025889869,-0.39605417782037033,-0.45432577831176246,-0.6306149640478134,-0.5168892674038472,-0.7676592755810172,-0.5733096619098697,-0.8864253091202287,-0.26450460584897967,-0.46226258586288194,-0.2693974004149888,-0.5639123238367101,-0.21883332808045697,-0.38638392107247344,-0.1980000741175081,-0.2720462354713233,-0.17085574897300496,-0.5120944880471664,-0.17402236755564962,-0.6539640571646866,-0.1469317256530047,-0.5101338375171051,-0.13876840945559304,-0.3984193575535958,-0.07464498925815648,-0.5392956135249906,-0.07954990584652065,-0.745324276220021,-0.07465468687604054,-0.8709631500910711,-0.0780083309464494,-1.0,i love you
0.0,0.0,-0.20097392755081872,0.01714765197440653,-0.40425273022551483,-0.07281738453996395,-0.5568175983581017,-0.18993415948723036,-0.6835473976433584,-0.22465287961687166,-0.35898025628635877,-0.3921494982658927,-0.45634522907729735,-0.6357565821170669,-0.5184372426181749,-0.7703234491679029,-0.57544931701282,-0.8901762522603883,-0.26475749576759655,-0.45688821461151563,-0.2708048916525821,-0.5635785419431708,-0.21736794092429923,-0.3778690490508655,-0.1944939719462163,-0.2629938478050935,-0.17257831616809763,-0.5061736470551826,-0.17646185843129228,-0.6494975625435637,-0.14340972408316682,-0.48706400266147315,-0.13200175274605086,-0.3685106371006823,-0.07846562978936804,-0.5335596007508956,-0.08127902633972185,-0.7389642761939528,-0.08006223233169382,-0.8656747333779257,-0.08673947736938982,-1.0,i love you
0.0,0.0,-0.1937612002676455,0.01841469995771426,-0.3984160789934165,-0.07093309354998266,-0.55216906133402,-0.18905770349747375,-0.6801991580846319,-0.227326647824536,-0.3550074123168996,-0.39153215791647406,-0.4533688927539413,-0.6316989649492747,-0.5170149083609669,-0.7685000102020498,-0.5748098724884488,-0.8866531155301232,-0.2614996450390246,-0.45934307242118566,-0.2647417861185985,-0.5630754044057377,-0.2148611501017039,-0.3834911836699658,-0.1936422936178087,-0.2617167024442001,-0.168494944356613,-0.5104824303112048,-0.16959817291841245,-0.651449429846132,-0.1411960179640508,-0.4987806791469398,-0.1335356857149491,-0.37927492272826735,-0.07467126532857989,-0.5395990805490533,-0.07915664930911015,-0.7452460206728709,-0.07478172890268862,-0.8715287525425971,-0.07982259690716065,-1.0,i love you
0.0,0.0,-0.19837659189490997,0.012446415045327836,-0.4039088169322195,-0.07747290473479719,-0.5556777242231367,-0.1908220122574969,-0.6802681779165404,-0.22776123749982558,-0.3574245731719753,-0.3920917712902359,-0.4606343571290307,-0.6338279435005891,-0.522800597239004,-0.7712691257275407,-0.579801285287533,-0.8931574772412653,-0.2616892217537831,-0.459116929249791,-0.27323326634133144,-0.5636419843419762,-0.21378701838839212,-0.3881076733333071,-0.18111169034882235,-0.2634989718630014,-0.1674738028116604,-0.5103058792548181,-0.18099862569193959,-0.6575242919057513,-0.14182422667889388,-0.5133557625942757,-0.11940593825596335,-0.39720830481372776,-0.0723728299904718,-0.5388665125027685,-0.07789153020490107,-0.7461855884782821,-0.07805003540426518,-0.8728638025289988,-0.0852521824877874,-1.0,i love you
0.0,0.0,-0.19624349093194854,0.013603862939920141,-0.4021714751030379,-0.07555447616734644,-0.5554415451759681,-0.18855296899219268,-0.681843539504418,-0.22721879754566168,-0.3585987556876219,-0.39414094587741166,-0.45948663185639693,-0.6307042293763437,-0.5235133610005929,-0.7690664799959999,-0.581272098687829,-0.8909162339192983,-0.26369529347057435,-0.4637274370165075,-0.27176332349978927,-0.5728962049186769,-0.21325028393465575,-0.3963906369422202,-0.18300249291056236,-0.26757466231419247,-0.16916933934298592,-0.5147728165603549,-0.17859454131159955,-0.6546715286756145,-0.13818510396651357,-0.5074505167967885,-0.11803967227869169,-0.3901787181153882,-0.07415158896262063,-0.5433787866882862,-0.07944098802117189,-0.7502878633113567,-0.07659592705557976,-0.8754159017693236,-0.0830257076937363,-1.0,i love you
0.0,0.0,-0.19388812030421557,0.01649489878915523,-0.39912925994653337,-0.05736684810383523,-0.5514015193503388,-0.15466091019939854,-0.6784275717315037,-0.1823026061018745,-0.36697910713334553,-0.38112026534646054,-0.4711983490705244,-0.6173170524545843,-0.5364030813127394,-0.7540431072830636,-0.5940866406867452,-0.8697107418385666,-0.27283668207514983,-0.45341789044381325,-0.27348953917070595,-0.5550912056478257,-0.21056008948532978,-0.3805293109082559,-0.1902232670495034,-0.2806958002645979,-0.1773363574460979,-0.5092803600143384,-0.1776779017590432,-0.6319602700107538,-0.1358025535565956,-0.48505590673716853,-0.12536403801111082,-0.38254474626388674,-0.0814477016119164,-0.5432285690840855,-0.08771570556792808,-0.7485798378726216,-0.0856948717247376,-0.8721195469877159,-0.09653359514798335,-1.0,i love you
0.0,0.0,-0.19851176119059105,0.008824312940549648,-0.399937720049824,-0.06613230709415432,-0.5503401997278402,-0.16411486870810504,-0.6734968212025431,-0.19568936344850923,-0.35942227246218206,-0.38597729121816704,-0.4601573918740865,-0.6224319420544464,-0.5286930570455544,-0.7629916696066643,-0.5888482889213689,-0.8798036561570751,-0.26600198719841023,-0.45666935466451625,-0.2674056260754991,-0.560879911296071,-0.20447335642131487,-0.3889332488534009,-0.18246189403048477,-0.2892579685936251,-0.1721846222523022,-0.5120070703943437,-0.1767281786174571,-0.6352677317858145,-0.13631209095032723,-0.48282693373845303,-0.12428702057038354,-0.3739875008099994,-0.07720337823729741,-0.5456292434966052,-0.08112917509665993,-0.7495719603424317,-0.07772069782344174,-0.873428061257551,-0.08633117093506325,-1.0,i love you
0.0,0.0,-0.1982962076136673,0.029121620592814652,-0.4067760059743921,-0.04849094546030121,-0.558233149307042,-0.15006729689563192,-0.6822474649023939,-0.18212866401586655,-0.35829957865521644,-0.36793218824150964,-0.47098018344556564,-0.6046972206258169,-0.5376177430097806,-0.7386175117818257,-0.5965815797366409,-0.8558507931685418,-0.26676163655568785,-0.43722196431865834,-0.2836812906839921,-0.5358621102365997,-0.22156737143389307,-0.35992065304723386,-0.18895289854687572,-0.24816389777387324,-0.17511781825624378,-0.49460757287487167,-0.19365606806954402,-0.6337483751190222,-0.15200812449341425,-0.4770855929403591,-0.13043841599290099,-0.36037354823015005,-0.08210787828698682,-0.5318607689020001,-0.08927098747792622,-0.7371950880525259,-0.09437039602302082,-0.8653045817482887,-0.10863216802234235,-1.0,i love you
0.0,0.0,-0.19515678197637762,0.026683759965252966,-0.4008455578440026,-0.051293556386868985,-0.5544221904641812,-0.15916803272946353,-0.6805139898841298,-0.1995211774760764,-0.3568474773373685,-0.3768137110672103,-0.4672456671290264,-0.6054106594930856,-0.5368476174463733,-0.7398645145923528,-0.5981929441105179,-0.8543594916845305,-0.26308723186639205,-0.4495579560898379,-0.2795510907486024,-0.5575522256315414,-0.22123877376598994,-0.3876413349585978,-0.19259558936852872,-0.27125033275888644,-0.16958303560169813,-0.5070050999677749,-0.18796218457960293,-0.6414596556120662,-0.1487645888501254,-0.4887065136676334,-0.13172558250318747,-0.37162967788939794,-0.07505289114931417,-0.5441700643100332,-0.08548856009975761,-0.7448124640970675,-0.08906624353747215,-0.8711928880669161,-0.1031349389825284,-1.0,i love you
0.0,0.0,-0.19576651996909317,0.023245752238535727,-0.40174794919318674,-0.05528248113763021,-0.5552765159197629,-0.16146055201424353,-0.6817152738350807,-0.202431422802712,-0.36035460062164587,-0.3798580558863717,-0.4705816508494821,-0.6073911154746875,-0.5403273290491373,-0.7407944406976638,-0.6021961125026054,-0.8553683802749193,-0.2657234370602845,-0.4507290548919348,-0.28043927864374807,-0.5591093438470883,-0.2205593690062719,-0.3878377629169775,-0.1916582393343659,-0.2700843622164504,-0.1714898377250203,-0.5059231104470615,-0.18794857561124184,-0.6390387016317327,-0.14711911557574528,-0.48332300531886896,-0.1296515540796125,-0.364734123221751,-0.07597161117727434,-0.5421004023364004,-0.08589247028093369,-0.7443763785793939,-0.08903859636318211,-0.8712681421574578,-0.10343442155282341,-1.0,i love you
0.0,0.0,-0.19312563212207834,0.023888194350702517,-0.3998715236253401,-0.057375147622339154,-0.5524365402004204,-0.1643768387078831,-0.6774781729221456,-0.20337287791827574,-0.3671978922819887,-0.3835029958601303,-0.47362740901681655,-0.6089519000461945,-0.5415876125440153,-0.7398458554837501,-0.6024093729416816,-0.8470137382894192,-0.2739158364429274,-0.45142283854101306,-0.28810996600870575,-0.5439465174694631,-0.23697955706175752,-0.36612951693832796,-0.21617065786822828,-0.24157967604146247,-0.17862082578969896,-0.5057902551958654,-0.1931809163065281,-0.637489392559088,-0.16338138422101192,-0.4912369480145516,-0.15362118191481353,-0.3735063943112235,-0.08213398308643123,-0.5431918713933853,-0.09989139879839995,-0.7460095332997332,-0.10401227512394849,-0.8738174102446002,-0.11481609359917677,-1.0,i love you
0.0,0.0,-0.19528031282783379,0.021451119294271914,-0.40052321126766294,-0.06198557760305746,-0.5527252537113371,-0.17250675042931068,-0.6779232046876691,-0.21125613101107032,-0.36816320826935645,-0.3897798449359994,-0.47597606917269464,-0.6125801343200611,-0.544061368957556,-0.7424434366426294,-0.6054625481331641,-0.850214239852988,-0.2756827506816568,-0.45718475978443396,-0.2931214303957052,-0.5518396679341634,-0.24070872639469584,-0.3745101889848867,-0.2192216545564253,-0.2504555967426995,-0.18142332051591223,-0.5098477748936602,-0.19874193230000295,-0.6445785768287211,-0.16676384028794597,-0.49400593081306,-0.155401479684608,-0.3742310480064823,-0.08607954805617143,-0.5433036521340379,-0.10274423054941932,-0.7478132543462725,-0.10671461243666332,-0.8736654737883908,-0.11919353695361884,-1.0,i love you
0.0,0.0,-0.19545448528730458,0.022343706566773,-0.3985290613790091,-0.058398414232199825,-0.5461983930533311,-0.16344990535693013,-0.669945530596847,-0.20925880577653647,-0.3574126040742849,-0.39094934279322807,-0.4673570757276927,-0.6083716097263955,-0.5343809151918674,-0.7386888294703959,-0.5934520894277734,-0.846878102373357,-0.26511277747627304,-0.459029809257813,-0.27199094603359497,-0.5500900101923306,-0.23054356890412592,-0.37805372814274557,-0.21739380782823936,-0.256808013554476,-0.1702281361271791,-0.5105689173627014,-0.17486763207010206,-0.6365636623558845,-0.1538836750632057,-0.4903854554118628,-0.1541080387043827,-0.3767075462956835,-0.07339106781209048,-0.5430999907342449,-0.0891372258329252,-0.7460954769878354,-0.09158503977656293,-0.8736203952506387,-0.1028009053966405,-1.0,i love you
0.0,0.0,-0.19664435779510986,0.016449161520228593,-0.399386900913684,-0.0675452807574302,-0.5477547590399973,-0.17418117869972757,-0.6711456721705967,-0.21449554192597678,-0.3579468768960525,-0.3936134572963,-0.46615379568378507,-0.6173727534418478,-0.5346116669091184,-0.7490869953207371,-0.5961657945584556,-0.8580838980138731,-0.26372174540051424,-0.45770852311117133,-0.27747124296213477,-0.5509199965670163,-0.2360842379985572,-0.37386452239939055,-0.22121968345636514,-0.25129507323753897,-0.16906616545987568,-0.5075447770764167,-0.18177450134751238,-0.6428967888015805,-0.15907406198523882,-0.4939974146583767,-0.15382418152663727,-0.3775175352237056,-0.07271066209863333,-0.5395623210814031,-0.08713714670670489,-0.7439322177903448,-0.09156655730382204,-0.8707557833018478,-0.10294080124382701,-1.0,i love you
0.0,0.0,-0.1897170568162944,0.02200583701379862,-0.39145700252475535,-0.055273673349113324,-0.5413644324366614,-0.15749644565491333,-0.6668156595113761,-0.20202499873345395,-0.34617525534530535,-0.3746853675131897,-0.4617394070255791,-0.6032728832808866,-0.5297279202544122,-0.7369463991293859,-0.5905057783358418,-0.8478127871772952,-0.2538123036452799,-0.44395774161049506,-0.2663713102627426,-0.5545778746266895,-0.22203001361456856,-0.3884403783862472,-0.20653294077887133,-0.26364198366123515,-0.15919874769055747,-0.4995215982977621,-0.17328947343107007,-0.6663885609407455,-0.15024314477936127,-0.5427069712619096,-0.14577143557064154,-0.4327900117933074,-0.06496483490972893,-0.5338389043190183,-0.0866743963384955,-0.7390456591458413,-0.09085431898619882,-0.8711117837521699,-0.1009911765026527,-1.0,i love you
0.0,0.0,-0.19383000678425835,0.013098517100076935,-0.3987309370824872,-0.06743949795847931,-0.5517798352888368,-0.16862739950317074,-0.6769207471200519,-0.21353701262755703,-0.3599447654436325,-0.38531033579677576,-0.47134811441480406,-0.6126191687474607,-0.53863777599269,-0.7490038922241001,-0.5983283638667647,-0.8603752248746321,-0.26539736896280247,-0.45288302164911587,-0.2788432631418192,-0.557271594768149,-0.23256815394215355,-0.3860329441536117,-0.213506276959743,-0.25733085697765296,-0.16945438106529184,-0.505684017484753,-0.18172111415515174,-0.6512020367502538,-0.15359157484119104,-0.5206074648612877,-0.14201319264508275,-0.4080697776498548,-0.07225699372512132,-0.5395323119913608,-0.09300837194768405,-0.7437727455947944,-0.09811017264160579,-0.8747617585540405,-0.10763182639982558,-1.0,i love you
0.0,0.0,-0.192565979503322,0.022510534173621245,-0.38990538137361797,-0.04945581667950806,-0.5413666814366176,-0.14750477201122517,-0.6696990536255839,-0.19481816183413314,-0.3470740915304209,-0.3761806161170583,-0.45992467011424293,-0.5993213348648926,-0.5269614322399493,-0.7316999210074173,-0.5866182362797033,-0.8461629643009344,-0.2511440440251158,-0.44924107225453735,-0.2633055777418407,-0.5535859151740706,-0.21154050588493173,-0.38918256317917077,-0.18525563774672638,-0.25921514801152873,-0.15419170267430188,-0.5038356402366078,-0.16910214063941031,-0.6611760706724906,-0.14438050404103978,-0.5475531271372919,-0.13433944608607276,-0.444501203703965,-0.05934603925420214,-0.5366111335325866,-0.07653845032169329,-0.7434246279367821,-0.07969909439190292,-0.8746062522362678,-0.08970064037615397,-1.0,i love you
0.0,0.0,-0.1949332327490123,0.014550197915184245,-0.3971747812102107,-0.05621691705697665,-0.5502526992155179,-0.15281564732685413,-0.6780814758188324,-0.1996097110047895,-0.3597875135228399,-0.37530209929889036,-0.46854263142185343,-0.6019584346628012,-0.5364187867666969,-0.7382233223807251,-0.5975546171603736,-0.8540912336734141,-0.2615509296283376,-0.44562495985652884,-0.2745558400407039,-0.5499123455499624,-0.21983855712715059,-0.37880418424058626,-0.19279287732029263,-0.24845376794491875,-0.16320887073109605,-0.5011101637601744,-0.1755409450812126,-0.6439053709760499,-0.1412212682944031,-0.5146049819464578,-0.1244630220382934,-0.4035268951811462,-0.06424687069835157,-0.5384508335358873,-0.0824660244550878,-0.7442772726872008,-0.08495995728104963,-0.8753534199718649,-0.09278966584259729,-1.0,i love you
0.0,0.0,-0.19729680935433036,0.02461708257192679,-0.3970895767121544,-0.04570328261831569,-0.5480680944413528,-0.1422002396243552,-0.6715207785407069,-0.18994890718225851,-0.3484199440050712,-0.3697823716617723,-0.46480528895358975,-0.5985920443351508,-0.5337621674081767,-0.7322583372274614,-0.5963698365642983,-0.8465753814929359,-0.2537726591026133,-0.4412237502481249,-0.26760757470609786,-0.551829992434708,-0.2218154161638364,-0.39371848504639356,-0.19994481641237932,-0.2725855554636861,-0.15807063065674354,-0.49602582170746445,-0.17207927236940426,-0.6525282722984893,-0.14945121439505069,-0.5248318402487783,-0.13977426754006617,-0.4143488476013255,-0.06128722685749907,-0.5291437160850868,-0.07308573801545326,-0.7364828855008685,-0.0766825807214805,-0.8701680683979202,-0.08574575725848432,-1.0,i love you
0.0,0.0,-0.19878521235238475,0.011700208865683969,-0.3996255982088403,-0.06337065272781396,-0.5525765579650816,-0.15687110918671118,-0.6764896682504743,-0.1989381042958508,-0.35930952163627405,-0.3808550543095117,-0.46799581748799457,-0.6059465486707803,-0.5350591164344008,-0.7388169863560758,-0.5955465328923318,-0.849153903629456,-0.26219225336274365,-0.44891031618512584,-0.2758797517095995,-0.5552640925473281,-0.23036443170752627,-0.3877260182488766,-0.21031846321580377,-0.261834486215033,-0.16523980260426963,-0.5016806646885507,-0.17482918529846111,-0.6423005834203671,-0.1489959509626612,-0.5083553153725051,-0.13891150415552658,-0.3956733414702426,-0.06723300900365366,-0.5352753056424618,-0.0815247363110874,-0.7411014977753457,-0.08545222455484364,-0.8730509143932017,-0.09419213961113769,-1.0,i love you
0.0,0.0,-0.1943346451918404,0.01760912823429261,-0.39385732360108866,-0.0585254148988501,-0.5434008911307671,-0.1565836014029661,-0.6647843231672947,-0.2081994467718822,-0.34388236385971643,-0.37845452531882967,-0.458919595121701,-0.6020816772021566,-0.5279091398871305,-0.7330954533472851,-0.5897610990316284,-0.8442555215326951,-0.2502620405987246,-0.44672859176491275,-0.2702162654047997,-0.5512035483929313,-0.22165862284804255,-0.37944694385793143,-0.19880601405041676,-0.25166275323054915,-0.15480454217541584,-0.4998266899802495,-0.17719192698503722,-0.6539053759908248,-0.15141276575809123,-0.5244423464723775,-0.13961967864853173,-0.4142115402234913,-0.05984962798389003,-0.529227126264874,-0.07239110600850568,-0.7388059369578502,-0.07349175065061679,-0.871082252134797,-0.08123985009646949,-1.0,i love you
0.0,0.0,-0.19799951068269186,0.011158318880022753,-0.39703065063598003,-0.06735650004460383,-0.5434469313003799,-0.16206413000884126,-0.663217794191727,-0.21455504068959,-0.3520420165172561,-0.3833100402199985,-0.46138205936637827,-0.6025933817331548,-0.5288572085536904,-0.7367561206617619,-0.5887040716676152,-0.8476126938684302,-0.25626654426864287,-0.4504427850575095,-0.2754956545855538,-0.5485535550727808,-0.2289451502383729,-0.3779826053879665,-0.20468920254527437,-0.2491369967752753,-0.1588199739207418,-0.5032481306871729,-0.17830993570276357,-0.6482574032796036,-0.15300822683125237,-0.5273680587675387,-0.13866169066490333,-0.42222401488089895,-0.0595026922756464,-0.5367298588664031,-0.07602171485401886,-0.743529426312258,-0.07950876310771252,-0.8745068921020006,-0.08497722260316219,-1.0,i love you
0.0,0.0,-0.19453567571772415,0.027208082804821128,-0.38899928158947183,-0.050225246867821614,-0.5329121823206948,-0.15529307260064612,-0.6532222084946325,-0.21616177735679837,-0.3314595173379458,-0.3763290022787799,-0.44496323293889395,-0.6020769271248021,-0.5103986492051725,-0.737432248624953,-0.5684789373015219,-0.8491488036405568,-0.23844851925065663,-0.4430302167128829,-0.2589701219009966,-0.5423278789043553,-0.2123300638790508,-0.35804156485370964,-0.1907308454364916,-0.22512989731762897,-0.14418630855960976,-0.49641423917121963,-0.16512088286705287,-0.6489689436162132,-0.14356656508250282,-0.5048790141760243,-0.13406707300332207,-0.3854063709743843,-0.05020436949180463,-0.5291202216548152,-0.0616506053867062,-0.7376524620432144,-0.06272707721311625,-0.8694777910477811,-0.0700184292891854,-1.0,i love you
0.0,0.0,-0.19981050592200844,0.015283817140621282,-0.39915782297266744,-0.06796079259090329,-0.5442664593075411,-0.17049200935494296,-0.6637261534528309,-0.22613214784162056,-0.34195512985214055,-0.38703167421967466,-0.45266887813871687,-0.614290650733649,-0.5174906884456035,-0.7476635646319058,-0.575675534496883,-0.8565630621314361,-0.2445413573727225,-0.4500069577423676,-0.26710822495747144,-0.5483284218608726,-0.22080547582110208,-0.3731139245021958,-0.1958852916723822,-0.24054677804150665,-0.14799592246569365,-0.5016828110355032,-0.169403685380941,-0.6514071980852972,-0.147390322834999,-0.5219532697354629,-0.13538931435164953,-0.40908212585005843,-0.05109431909891078,-0.5356954833281027,-0.06621590688544697,-0.7413364782611958,-0.07176369779870621,-0.8729248692645164,-0.08066592743308287,-1.0,i love you
0.0,0.0,-0.19504991657777412,0.024865840649872815,-0.3962074341511447,-0.0618793249637592,-0.538858619840814,-0.16573452586089002,-0.6556877547113044,-0.22458111101993927,-0.33806241623587974,-0.3896865512431279,-0.44740652607970244,-0.6120617597986926,-0.5116558628046279,-0.7443118350154536,-0.5720475369929706,-0.8544907141489565,-0.2431558217773037,-0.4560225376767594,-0.2627726265692952,-0.5503900330953748,-0.2169333442739531,-0.365820409726211,-0.19506851563141053,-0.22848992095402204,-0.14587210415470037,-0.5054106835152211,-0.16226306720275704,-0.6489899072782473,-0.1407587319821668,-0.4905232351412708,-0.13375071797817345,-0.36143267416099123,-0.046656820108859166,-0.5361912967369602,-0.05734088236098575,-0.7414974973332239,-0.05979376931703181,-0.8714779409753562,-0.06814282979130767,-1.0,i love you
0.0,0.0,-0.20185022293341642,0.012032507922494258,-0.40411104150640453,-0.07664938810971289,-0.5480759347677673,-0.18201450446678286,-0.6654438057401162,-0.2394584032536053,-0.34568961133525267,-0.392277610257642,-0.45367491211954986,-0.6204806078762954,-0.5183991746973547,-0.7533926884763819,-0.5797380518832762,-0.8655011214291974,-0.24944739993962783,-0.45464162411943737,-0.2742029629966233,-0.5531191203407674,-0.22700907854548524,-0.37613427721643206,-0.20046020251723798,-0.23696291223207147,-0.153155148890959,-0.5032869289934618,-0.17328109734524763,-0.6451052563815435,-0.14967238903909802,-0.48915708339689723,-0.13932554121265825,-0.35736264520966343,-0.05544718138806211,-0.5346988478437508,-0.06624086979195405,-0.7386484370858204,-0.07061649934488627,-0.8711487048655854,-0.08065878149928538,-1.0,i love you
0.0,0.0,-0.197070416672087,0.022997229124117027,-0.39299787956446514,-0.06071626491134498,-0.5365492838651768,-0.169816705909901,-0.6546006946702918,-0.2343336238633555,-0.3353150082605924,-0.3819151565609918,-0.45087119980226614,-0.6069785744949331,-0.513553355621756,-0.7416630458820621,-0.5714152281094301,-0.855721793654304,-0.2417803853208622,-0.4462853351719114,-0.26467432451769846,-0.5445585461357338,-0.22101130465325025,-0.36065356246178665,-0.19876676509997268,-0.22256793849436068,-0.14525841995030636,-0.49710085728037884,-0.1642767753769302,-0.6516761847770941,-0.14607407214684343,-0.5014993950904763,-0.13802864539293103,-0.3743448114373431,-0.04714417660756332,-0.5300076751961078,-0.05828700029920256,-0.7376355192465299,-0.06307007844310598,-0.87094925264404,-0.07066930311821103,-1.0,i love you
0.0,0.0,-0.2015742803195186,0.015197193531676452,-0.4034592225075304,-0.07149151781219111,-0.5523117900342066,-0.1790070632644422,-0.6739390337791444,-0.23220647722190235,-0.3437944511211017,-0.38441700293515624,-0.4554094843455299,-0.6158448740921791,-0.5225639647323326,-0.7497318134665415,-0.5860394176312839,-0.8630487221363754,-0.2476464241231803,-0.44663159535276903,-0.2713186503537096,-0.5464222238238104,-0.22844106804197423,-0.3655165846344142,-0.205561367817668,-0.22809059774309617,-0.15229716759115025,-0.4970824063129406,-0.17401279645897508,-0.6463918601386739,-0.1535876892559128,-0.49028947493721065,-0.14336290692086473,-0.3599629183170036,-0.05530822002457715,-0.5315804441215828,-0.06587488652645947,-0.7364940793415842,-0.0722830030751362,-0.8695819880642357,-0.08231264604555281,-1.0,i love you
0.0,0.0,-0.1980076300037844,0.021178448187706155,-0.39355602315225696,-0.06480327971231606,-0.5361795690762162,-0.17510766625538393,-0.6566182308472996,-0.23674011285518543,-0.339255506100445,-0.3858128108723946,-0.4502523305399448,-0.6084231350393231,-0.5131517170494233,-0.7382059762640351,-0.5722002730439625,-0.8496638454114358,-0.245243439318878,-0.45336120999230434,-0.27058845775942225,-0.5471354145284567,-0.22298142410315858,-0.3631763367870633,-0.19567429094782382,-0.22310334094442758,-0.14826058256842956,-0.50422292569069,-0.170482041773686,-0.6539907985130127,-0.15277324736454354,-0.5156525051547187,-0.143678002195996,-0.3949866799630667,-0.05088261572831752,-0.5354532930360851,-0.06422778245955035,-0.7444774781028645,-0.06858195536201464,-0.8755627146451734,-0.07714350333766014,-1.0,i love you
0.0,0.0,-0.1969911185754301,0.013011478850166914,-0.3961893110033442,-0.07633258263798086,-0.5461630907790408,-0.18272003589169916,-0.6699851484320503,-0.23758819194581612,-0.342774581829237,-0.38790706529278596,-0.4521030784412692,-0.6117899017208929,-0.5177788370813988,-0.7394052830062446,-0.5791683515497481,-0.8483998776061574,-0.24906827195439551,-0.45191269895148617,-0.27695099622094255,-0.5461660423990374,-0.22881400956915202,-0.3621465558038196,-0.19801114925260063,-0.22126622530108983,-0.1548855214184305,-0.5024033565822602,-0.18118273381011835,-0.6506772492082279,-0.16296607309588534,-0.5046915999846516,-0.1500692154889211,-0.37737494723979254,-0.05824849885526338,-0.535838078062478,-0.07197205602961852,-0.7415632861762845,-0.07812298613427313,-0.8739317595295512,-0.08682485382101966,-1.0,i love you
0.0,0.0,-0.1905598170502012,0.02024937799957552,-0.38376876141074917,-0.06956826114350291,-0.5239142633948166,-0.18456527754164542,-0.642275471459098,-0.2516610939428993,-0.33190742722400574,-0.38388454960946483,-0.4394768862530961,-0.6064918064848058,-0.49970075084535387,-0.7406359905724849,-0.5575430677649877,-0.8548047102016959,-0.2411943741603411,-0.4491046416399698,-0.26183267605195576,-0.5377895121672062,-0.21029025945668445,-0.3516547600395147,-0.1835465191867268,-0.21678506621151458,-0.14637295134339867,-0.49836918656012374,-0.16654121093120602,-0.6424701556473416,-0.14893229279524045,-0.4875248772389515,-0.14107358551158494,-0.354368559837052,-0.051336842538050646,-0.5257999886656466,-0.05432311130223942,-0.7336296933390671,-0.051938674480703266,-0.8695229237298023,-0.05705757962661084,-1.0,i love you
0.0,0.0,-0.1915237307299277,0.011415141604110949,-0.38404737673900013,-0.08382657954713042,-0.5258447767500871,-0.1990492437356249,-0.6443977027051055,-0.261851244821307,-0.3326193073599413,-0.3875740653773059,-0.43570597051923426,-0.6146208323353356,-0.49864080553844287,-0.7450614539981445,-0.557245045137389,-0.8534640893397107,-0.23997527406150734,-0.45076871101925464,-0.2666487462882329,-0.5493674699110221,-0.22207511706644104,-0.3655732098012616,-0.19584763215668965,-0.22883186675605938,-0.14484170274275923,-0.5004481837835916,-0.16734690889161064,-0.6612988857638631,-0.15830625229452316,-0.5295943544532314,-0.15399113673423068,-0.41041836413441957,-0.04906885504470856,-0.5306472987121384,-0.06030472313538288,-0.7377559014351295,-0.06295177919025689,-0.8721678393357885,-0.0677467704096201,-1.0,i love you
0.0,0.0,-0.19797020605086085,0.00941617446260029,-0.3898925320437693,-0.08581928044735218,-0.5278802497236253,-0.20039777933117084,-0.6453342744018693,-0.27101127103972406,-0.33323414732218093,-0.3959879380082914,-0.4389348902375639,-0.619257768323087,-0.5007483766932538,-0.748951173071738,-0.5585642673761645,-0.8612204965477536,-0.23870324313242833,-0.4560440081556957,-0.2689766202764486,-0.5554790439413484,-0.22791611302285922,-0.3705205139426523,-0.20137727158981558,-0.23077329548492423,-0.14502884749572345,-0.502231997921367,-0.1702538477484654,-0.6525730119345264,-0.15860541480579987,-0.4973946735757106,-0.15170081774784108,-0.36572185650782346,-0.049609959262168636,-0.5319329797169645,-0.059253966250561375,-0.7393130025981871,-0.06359404037638433,-0.8720739127901699,-0.07139475090953225,-1.0,i love you
0.0,0.0,-0.19223549439625723,0.009355196245004015,-0.3800072142206655,-0.0891288975336016,-0.5184000792272524,-0.2096326090602861,-0.6365004531884957,-0.2709123836227405,-0.32703690662986096,-0.3953610173342887,-0.430080090375435,-0.6156082776038375,-0.49206797807863345,-0.7472979455520102,-0.5510112532839285,-0.8571241799108419,-0.23662056624390604,-0.4521097876776179,-0.2672299212835754,-0.5430359773536885,-0.2264668344504676,-0.3560871601551116,-0.2029861706560498,-0.2256225005396965,-0.1419625929153848,-0.4980073797993601,-0.16759773693459817,-0.6484477584539569,-0.1577156638032252,-0.498606966478926,-0.14998435222620163,-0.3733907208994955,-0.04598723165144393,-0.5266762738843842,-0.05653670826815058,-0.7345117865216986,-0.06413532202609606,-0.868237720118379,-0.07128221518458404,-1.0,i love you
0.0,0.0,-0.19194527463718467,0.010258256220161419,-0.3823990498392539,-0.0879678315287074,-0.5205142540804145,-0.20793446278821828,-0.6394121901554753,-0.2763333111424925,-0.32929204737214296,-0.391696815771443,-0.4348352212240271,-0.6174359916978762,-0.4963144548191535,-0.7504973792224211,-0.5525888561524892,-0.8660901564768486,-0.23689508111537844,-0.44811339558944274,-0.2709888533246298,-0.5482074415511908,-0.22690311498527843,-0.3605222192176217,-0.19823608344620222,-0.2280081403073844,-0.14283340903748504,-0.4944498350513561,-0.1732409487389613,-0.6524878976456303,-0.15793712372532767,-0.49460330533556185,-0.14536512868429327,-0.3650949070842001,-0.04672193167931054,-0.5251524343843348,-0.05450482906081096,-0.7342687067315424,-0.06145704275428789,-0.8669941877671125,-0.07141817736216101,-1.0,i love you
0.0,0.0,-0.18979334446817805,0.016838543727629895,-0.38268716885542414,-0.09047596574206125,-0.5242419308911701,-0.21211069350013445,-0.6473155687786103,-0.2631206067885319,-0.3274854454398659,-0.39270592271903937,-0.43042327768982785,-0.6153438011299233,-0.4944170789640331,-0.7456186917944423,-0.553547088468957,-0.8573124848678465,-0.23617804320695815,-0.45180958912869795,-0.2703976308714268,-0.5460340935503818,-0.22477287923422204,-0.3568148982397879,-0.19566180417808937,-0.23038684416513938,-0.14041819244850506,-0.4963032632020563,-0.17282187515737207,-0.6527201852245396,-0.15912048689486863,-0.5048527611799212,-0.14710487055905913,-0.38344916383012967,-0.04303381978697837,-0.522962754865956,-0.05235406274292313,-0.7331101896302593,-0.057037734761892396,-0.866540945873503,-0.06350696598007996,-1.0,i love you
0.0,0.0,-0.19289709973288538,0.019461447878620846,-0.38803922617162273,-0.08883926117362151,-0.5278839908112274,-0.2114438586263286,-0.6478689541619658,-0.26342163983616373,-0.33047458746442304,-0.3941363425080204,-0.43679128898973985,-0.6188540360557983,-0.4997083166768444,-0.7491532769686474,-0.5575701545136311,-0.8628134801073843,-0.23667558793822147,-0.4522894897149843,-0.27620297868505417,-0.5511342367787989,-0.23103619004739107,-0.36591897261654527,-0.19955364972497627,-0.23407493194990675,-0.14102178163913312,-0.4965193391652547,-0.1768137560846824,-0.6540532950305763,-0.15833730035117924,-0.5020707646179154,-0.14136750116766816,-0.3773013533732241,-0.043235882433671026,-0.5234020708768038,-0.05175228756385714,-0.7320249217222928,-0.05659348282228296,-0.864677448728242,-0.06474322705714337,-1.0,i love you
0.0,0.0,0.1945228307517738,-0.015144205067432552,0.38501626267922906,-0.12947172038755803,0.533581913748537,-0.23387746201284626,0.6557551746520371,-0.2818796857806632,0.2986361421877614,-0.4426005178365202,0.38613572046073935,-0.6735045953245203,0.4358303605881614,-0.8057736322790207,0.48082133046588466,-0.9256415832778326,0.1890935441191384,-0.484060980891315,0.23068581223739193,-0.5864787283840925,0.22248379953472813,-0.39190858551625635,0.20112833003279684,-0.2451688280238024,0.07558076114276564,-0.508439999531797,0.09962554574919326,-0.6541606284701494,0.11990788596580013,-0.4630626637665618,0.12665896098855373,-0.31051325383520767,-0.038458750277503756,-0.5178675042386639,-0.08415654939852137,-0.7314988232463607,-0.10175508278194062,-0.8581599481986428,-0.11196781123626362,-1.0,i love you
0.0,0.0,0.19560407769665245,-0.03327376852380296,0.3859875425580068,-0.1522492275598764,0.5284181213468994,-0.258556274969004,0.6499716607954658,-0.3032204357152697,0.30308277409324386,-0.46190669710507154,0.3904811760769882,-0.6918267962922874,0.44017859602857534,-0.8206851593096255,0.4826326924212308,-0.9383604589376734,0.19527679924428787,-0.5004082616653218,0.23738639718182356,-0.6075125460020073,0.2379951980792317,-0.41907169425147106,0.22382136461141833,-0.27407297345167575,0.08424753507960561,-0.5212164209946274,0.10644608663137387,-0.669082518253203,0.1319882707181233,-0.4860601617696259,0.14400094464015115,-0.33914332946293274,-0.028182748509239762,-0.5280305236848838,-0.06271170763387322,-0.7346135831381733,-0.07942622950819672,-0.8596317871410859,-0.092694881231181,-1.0,i love you
0.0,0.0,0.19477894169573812,-0.021783918219992416,0.38796551088261966,-0.13887570771007554,0.5325785088231764,-0.24455054299833004,0.6528463000364834,-0.2937007742584693,0.30484340759569734,-0.4542561761440005,0.38969171541053343,-0.6817150687501142,0.4357871588028681,-0.8098338416366812,0.4781771343772827,-0.9262946235892495,0.1954925137528048,-0.49474567743443126,0.23996637408423926,-0.5924193053532013,0.23302489374910082,-0.3971295764191758,0.21250756096262083,-0.2469382572388517,0.082368689626558,-0.5178055205161405,0.10589977641011455,-0.66971171768379,0.12710822688372292,-0.48276607236109487,0.13539945330564093,-0.3270528659327068,-0.03262202658438432,-0.5254327533349707,-0.07115630864465423,-0.735796319390958,-0.08814025754566185,-0.8615781487584124,-0.0989875066270198,-1.0,i love you
0.0,0.0,0.2028770991091748,-0.024256760166455855,0.39526301149214965,-0.14132234185319376,0.540717312647929,-0.24467024944172136,0.6648478934341182,-0.28492149226040997,0.30895773083072436,-0.45572110972210994,0.39531542383430235,-0.6913760260408311,0.4449960675358158,-0.8252603283084496,0.4877822830282887,-0.9461190865851893,0.19841025468500695,-0.49843111705368376,0.24001139737663407,-0.6045124667525231,0.23207867143841213,-0.4131073113473644,0.21162442156672492,-0.2700357716799397,0.08490830199191517,-0.5216892733782637,0.10725955043134024,-0.6647601976365829,0.12745214886500097,-0.47849319542152036,0.13500034668046276,-0.3326989833031304,-0.03007463271358901,-0.532238821401303,-0.065692973217806,-0.737959520850676,-0.08242184406928194,-0.860681737898903,-0.0956162152914393,-1.0,i love you
0.0,0.0,0.198818656049703,-0.026903652800844734,0.3886203980386864,-0.14700553326092894,0.5328639195838294,-0.25287740429978095,0.6565978621994806,-0.2929653006099895,0.3009823317128462,-0.4583111235811686,0.3886946025505847,-0.6845288059174393,0.4380819179237192,-0.8152854797808947,0.48126102599360704,-0.9338921037973931,0.19125720613617514,-0.5020547341006683,0.23714208884990418,-0.5991101752251742,0.2274377425667838,-0.4105990435840353,0.20327925066233363,-0.26838766995091845,0.07856420461645454,-0.5271959536107094,0.10685703490748748,-0.668196910554531,0.12636145230918655,-0.4841409934451328,0.1303454529637292,-0.33586768980240184,-0.034617267643696124,-0.537315885764844,-0.07358143762461104,-0.747092548456003,-0.0915875532539186,-0.8671017494094346,-0.10549333666830675,-1.0,i love you
0.0,0.0,0.20305524948640452,-0.04248747547871218,0.3910359139253454,-0.16199882606748053,0.5310166401502084,-0.26603730839928125,0.6536163214378271,-0.30939300480385545,0.30180438491256434,-0.4855933679677752,0.3932414353556209,-0.7263655975985872,0.44307371232131426,-0.8580929689336951,0.48593115246191154,-0.9797638233128582,0.1928326828648759,-0.5213780363060944,0.23778998621830683,-0.6122623387344527,0.24524387847395637,-0.4203686731644861,0.23472514704191316,-0.2738637397302358,0.07962628527589989,-0.538029449573248,0.10540989381402781,-0.6776154324070593,0.13468419241509155,-0.49083680450076117,0.1477368975228994,-0.3399424961855774,-0.03413393300003261,-0.5409193359043142,-0.06902216913209659,-0.7464812059238969,-0.08978288255354351,-0.8666329418508659,-0.10679396282890277,-1.0,i love you
0.0,0.0,0.19617838977797047,-0.03653943625077246,0.3829834026571635,-0.16378232078954685,0.525847665215133,-0.27020352238475587,0.647007024724332,-0.3109720294930385,0.3013977607267841,-0.48422025185855233,0.38378014904504304,-0.7220005309442237,0.43314784024189756,-0.8537091338799073,0.47642584543186084,-0.9707736438231197,0.19141430405105161,-0.5205165495402536,0.23353206519150133,-0.6142132426466811,0.2327799858891616,-0.42287232023615906,0.21745147432737255,-0.27674339980551116,0.07752665805376707,-0.5379449642096725,0.09869973673923894,-0.6792370773775844,0.12619980907571368,-0.500464768726263,0.1399704735162139,-0.3550749455386108,-0.0369057943661603,-0.5410922334609939,-0.07279843801622252,-0.7502778765795618,-0.09133923914350534,-0.8687422485828927,-0.10495851956995939,-1.0,i love you
0.0,0.0,0.19514431093616974,-0.03666643084479935,0.3835956249275833,-0.17448532972606187,0.5244605684299937,-0.28105527584259044,0.6466396588570203,-0.3064651185508651,0.29098498267366363,-0.4863861058136369,0.3695407146453922,-0.7235404031853037,0.4165566225460745,-0.8575525676511244,0.45664539086160333,-0.9755120528702406,0.18037164066091743,-0.5205172690601199,0.21866370918301303,-0.6133839569142497,0.215821252573324,-0.42529962701449736,0.1973735941859031,-0.28014104630000963,0.06693467858392108,-0.5352028750701169,0.08591414083559354,-0.6733041031033646,0.11185622546731608,-0.4927062048675824,0.12330391692820626,-0.34372971922814843,-0.04763258573420802,-0.5366911811893876,-0.08739357625614022,-0.748003928514872,-0.10682905813111243,-0.8691368240664465,-0.12164553432599007,-1.0,i love you
0.0,0.0,0.19802385207341341,-0.04040289180903211,0.38703086755193566,-0.16921497496514865,0.5362332997198053,-0.2749905663771844,0.6663509824345482,-0.3031636542118243,0.2951270840464291,-0.4870450295187053,0.3773647486043313,-0.7349654807826262,0.4305272495615326,-0.8724567275800382,0.47832942303132514,-0.9934450160486913,0.18392842809549687,-0.5245398744705408,0.22204983628397373,-0.6279010120039967,0.21893927791498946,-0.44330092841610164,0.20051822649736273,-0.29716350105961037,0.06894917283965425,-0.5406529174112847,0.08712204386242503,-0.6815031336234615,0.11706699209974453,-0.5018036902302726,0.1331596224336625,-0.35515813888691555,-0.04522695589677541,-0.5406277764605047,-0.08629919668895984,-0.7464537420344703,-0.1063771290233594,-0.8669972201950569,-0.1215014867758599,-1.0,i love you
0.0,0.0,0.19316115071773185,-0.037092514486183926,0.38432423476005784,-0.17184702626443005,0.5322384626173493,-0.2777176319386323,0.6594439331284199,-0.3029372508289278,0.2904966874971926,-0.48095070251460537,0.37311503143829633,-0.7256266116767672,0.4217106668365621,-0.8652171850463897,0.4648765614873307,-0.9884998583695355,0.1781742183052563,-0.5182361827793855,0.2221041841031033,-0.6107739302774765,0.21363179471007923,-0.4212869213203809,0.19013019002316506,-0.27388971341144247,0.0638910380458846,-0.5361043096912823,0.08610582224964179,-0.6762744679232207,0.1140124093954625,-0.4991889478735721,0.12719286585807435,-0.35067680111324295,-0.05011862124346964,-0.5384311286343798,-0.09379076459366724,-0.7490717246007075,-0.11670911761012112,-0.8696220529175417,-0.1339007184193857,-1.0,i love you
0.0,0.0,0.20049590654388774,-0.044351505685108254,0.3886869166787921,-0.1737380960158215,0.5357474974536536,-0.2766968466876709,0.6659522444967736,-0.30001193739105647,0.29371600293386624,-0.488184417844321,0.3802385696511134,-0.7392984258679107,0.4337278215449122,-0.8760236015880888,0.4825908295892884,-1.0,0.18199200016629202,-0.5247969307245284,0.2349183535902743,-0.6200240529521287,0.2360005582660494,-0.42162936479419877,0.21800348619330853,-0.2682059764162289,0.06731096903702076,-0.5400095617908462,0.09424706836086555,-0.6875697312899213,0.12679576074142482,-0.502144870039821,0.14418729232057537,-0.34869630029962256,-0.047701814661610595,-0.5375707706150132,-0.08743254037777982,-0.7429814376538573,-0.10398477240265236,-0.8643735393770582,-0.11543421517592804,-0.9984581166835433,i love you
0.0,0.0,0.1948683686831038,-0.03687973304284867,0.38665666390420667,-0.16488518736439306,0.5302467949614158,-0.2726953736430382,0.6584791557224269,-0.29656945306267174,0.2896952707200859,-0.48017424320396174,0.37355129995258407,-0.7243775689836626,0.42426161705641546,-0.863345686070717,0.46993382589600974,-0.9861220594823273,0.17594946423546393,-0.5152765623019997,0.22735787262421997,-0.6056048389255796,0.22502086718239198,-0.4141536312466944,0.20404481253446877,-0.26523542286757623,0.06091158799406735,-0.529952780377293,0.08661983771489629,-0.6738057516677385,0.11787343332526211,-0.4946174865501119,0.13279511966726734,-0.34362773065598806,-0.05434189100994783,-0.5286208502863697,-0.09894322520077413,-0.7406313044026631,-0.11764200541505614,-0.8647274713258439,-0.13023108879990053,-1.0,i love you
0.0,0.0,0.19699101662758858,-0.038351718571933785,0.3877953340148906,-0.16595644303412876,0.5306465341480076,-0.2732951503949349,0.6583132400298417,-0.2995461887327076,0.29217361806167175,-0.4848162805164626,0.3763234076049533,-0.7296421729207707,0.4280157923889439,-0.8684974786077686,0.4746216481312423,-0.9917632653051495,0.17864892663080564,-0.5200686897163647,0.228124760492471,-0.6089695934650605,0.22775942770171345,-0.4168596136340529,0.20969410858262677,-0.26801886285311677,0.06327349384852289,-0.5348181220797961,0.08790121496693946,-0.6737375546971129,0.11939802691686181,-0.49426701667097556,0.13546873627394643,-0.3446803433436902,-0.052736533314834265,-0.5341301283218018,-0.09496530888023294,-0.7425338314255572,-0.11331025955792229,-0.8653230763619434,-0.12617331125364453,-1.0,i love you
0.0,0.0,0.19792988160548539,-0.0367801861797107,0.38460312547525194,-0.16328137488648617,0.5307856348442437,-0.27004682430899285,0.6577173137218985,-0.299461304229736,0.2915929545376142,-0.4735923918879326,0.37360108914984996,-0.727831821192069,0.42720877655762374,-0.8721048199836842,0.47420302227422223,-1.0,0.1776942927012481,-0.5100210434867954,0.21302084573340999,-0.6194332057572959,0.22380204934700082,-0.4384612843086333,0.21713370315321903,-0.29281154296714623,0.06227020886547376,-0.5239206284962142,0.0848685134338685,-0.6757805306690235,0.1211919718927817,-0.4999990282388919,0.14013293206077976,-0.350086170916259,-0.05237051404704976,-0.5207393255686381,-0.09126343034586436,-0.7304109966430512,-0.10683152917785609,-0.8546042527181373,-0.11624534344224022,-0.9889624943941531,i love you
0.0,0.0,0.19638802526484378,-0.046232820709005334,0.38396601158979615,-0.17681153746663747,0.5300195938318578,-0.28522776714559395,0.6576098052410775,-0.3129856956107636,0.2866472545344805,-0.4763370039970624,0.36614251266859665,-0.7296346052640708,0.4171806289649759,-0.8742902563055568,0.46032856090886837,-1.0,0.17236947604091613,-0.5105590634604273,0.2059670254739636,-0.6074796504626899,0.20272653571736518,-0.43618996601555415,0.18389993072287067,-0.302127818781337,0.058352353985318,-0.5217613437582694,0.07455145784253775,-0.6676158409738046,0.10935553439029684,-0.5034690596843777,0.12691280199724278,-0.3624375737741962,-0.053878453821689196,-0.5148896273604027,-0.10035917069626983,-0.7244066101679797,-0.11976841220585714,-0.8432995190244511,-0.1315648504297858,-0.9702704236212216,i love you
0.0,0.0,0.1978248415480883,-0.04239420737734349,0.39197457709174677,-0.17582589654935912,0.5362538175715202,-0.28796239515546646,0.6669360483646471,-0.31031863862474635,0.284932544469413,-0.47546289945817716,0.362954099375875,-0.7277692018300137,0.4127117567082347,-0.8730641079691932,0.45379792892962756,-1.0,0.16932366954858855,-0.5103429964456745,0.2002291047214837,-0.6042456740913473,0.19571673014156785,-0.43249857786635576,0.17507511588876293,-0.3000459924072184,0.054014854740647204,-0.5220778683729581,0.06788557472354126,-0.6653309789120778,0.10023129843827537,-0.4938437246587888,0.11506851456627949,-0.35003752012167816,-0.05976857044301984,-0.5161306265053436,-0.11106599002690959,-0.7238821626114005,-0.13367211548935518,-0.8407979380070764,-0.1496283793324646,-0.9688574164773851,i love you
0.0,0.0,0.19803478077560885,-0.039290569598135094,0.3855914793853704,-0.1789360795287383,0.5320948028896656,-0.2936848557597601,0.6587508627910272,-0.3179394529201351,0.2806387390996683,-0.4665370113686309,0.35322089036452375,-0.7197831266983999,0.3981377017037852,-0.8690264033241695,0.43530103412124255,-1.0,0.16421107002460586,-0.4996477203129533,0.1873549756371862,-0.5933748394019074,0.17964153431234853,-0.42017603239438134,0.15958320989473565,-0.2840806932823308,0.04936443832495997,-0.5130392092152477,0.05530919002278434,-0.6556134757597294,0.08571742512969367,-0.4929393122129253,0.10091610626822478,-0.3556853131861075,-0.06082376140559851,-0.5072556312304513,-0.11075640102680447,-0.7109996710009604,-0.1323240021428429,-0.8270826074120465,-0.14546413680220097,-0.9525319111160231,i love you
0.0,0.0,0.20003583329791771,-0.03681012343628151,0.3922344567257382,-0.1804244011066211,0.5367529632548519,-0.2972078833772121,0.6634144999297931,-0.3152640419314173,0.28209912337595655,-0.47112209505176256,0.354410176036566,-0.7232448691793981,0.3978776198577958,-0.86995315965336,0.433386299615199,-1.0,0.16454239625556247,-0.5051327259412797,0.1878035544719736,-0.6013227834799454,0.179724011267725,-0.42966888560122757,0.15773923667324902,-0.29616388657198184,0.048220199878497474,-0.5166456261222934,0.056327257475163095,-0.6617871463351023,0.08419856194025811,-0.49264170848617495,0.09501262238899073,-0.35015926699591793,-0.06471514272025368,-0.5086289914115051,-0.11627272214093491,-0.7119188860210481,-0.13765037164451974,-0.8303237798109723,-0.15124777769611011,-0.958413739731674,i love you
0.0,0.0,0.19396472501471537,-0.04617688883305195,0.3773113842467972,-0.18559810278494482,0.521670548109338,-0.29630672263802643,0.6445063820844084,-0.317728460319713,0.2798195743105625,-0.46735025554446574,0.3510819828420329,-0.7220384256361857,0.3916915929476914,-0.8704429239219141,0.42377068907175486,-1.0,0.1647537345475799,-0.49915714659807,0.1866256575381029,-0.5921243550639838,0.1762601504960569,-0.4222968265748666,0.15564236131306763,-0.28898510420439216,0.05124305689654682,-0.5118954649808047,0.05895217333646641,-0.6514218901992473,0.08603347579507534,-0.48948081212757605,0.0988737741401047,-0.352745975281298,-0.05649573584165265,-0.5044598461330465,-0.10456784924647278,-0.7053850590178334,-0.12578097392544269,-0.8174711192488278,-0.13765537080250345,-0.9369821996496233,i love you
0.0,0.0,0.1952460864926799,-0.04755160053996247,0.3802321849002685,-0.1953481475017906,0.525770015254615,-0.30576491480113166,0.6510975583786375,-0.322127917503541,0.2806173937929247,-0.474829106241615,0.3544167226314185,-0.7234299874462362,0.39424765454451965,-0.8694447517528264,0.4261759999252072,-1.0,0.16637229986303567,-0.5081646210316316,0.18664803079385806,-0.6041170320346914,0.1773177587714036,-0.44101574855906994,0.1555688953363053,-0.3149475489516283,0.05193087483165128,-0.5195951943548056,0.05986059972399379,-0.663950233701532,0.08557971432266549,-0.4971438499282457,0.09494803198846528,-0.35645651447889937,-0.05825073663117644,-0.5109631183196135,-0.11302776319145035,-0.7095829314518789,-0.13707975145936854,-0.8228452012367821,-0.15258848014277115,-0.9455292863156702,i love you
0.0,0.0,0.18994661245268674,-0.045930877175583876,0.3675931306920547,-0.17614412984909342,0.5113141270392225,-0.2816939885291152,0.6366884514305549,-0.3005117931935009,0.27833629196211634,-0.46991937323350025,0.3529942315003058,-0.7214163071684766,0.39480894530668914,-0.8678649278524322,0.42929882150708254,-1.0,0.1645211814680749,-0.5038837705161898,0.18424184724219433,-0.6042042280292887,0.17282517644336456,-0.43917872431860633,0.15176291300970232,-0.31418112097320705,0.05134209351911539,-0.5152324754962728,0.05644058775888002,-0.6491042462108064,0.08589808432918464,-0.4806812449381002,0.10182258144493479,-0.34755233797788465,-0.056131568073254985,-0.5076692286077916,-0.10965359250260326,-0.7029281499479347,-0.13067896398406637,-0.8104781077998711,-0.14146238905142064,-0.9303725888828284,i love you
0.0,0.0,0.18766551386913946,-0.040259684130077224,0.3630476000774199,-0.16657221834019167,0.5051143030559112,-0.27438934526236725,0.6281354182298066,-0.3040029894170449,0.2815183371582445,-0.46923995628621845,0.35558103706678484,-0.7189570810876689,0.3984728363302221,-0.866178756723571,0.43341782230524967,-1.0,0.16736494001166669,-0.5038813295926248,0.18489675961258917,-0.6051268931833721,0.17110775135759962,-0.4260692414058958,0.14901113810188663,-0.29550317692672573,0.05429834736456956,-0.5150188945868089,0.05497791895662473,-0.6482270067092762,0.08110847347791668,-0.4763462644769688,0.09560993798623998,-0.3454830300383261,-0.05234177713004689,-0.5072750266365756,-0.1010477187306467,-0.7000459848365471,-0.12092710047753898,-0.8068850279761223,-0.1317787702532602,-0.9294799847844686,i love you
0.0,0.0,0.18599009185265974,-0.040268615019770665,0.36686627904100305,-0.16484965991592587,0.5141316435683623,-0.2782026805430571,0.6393782615555198,-0.3136450317160764,0.2893229597566721,-0.4657568622880762,0.3650534409977632,-0.714447292603137,0.4067953047343507,-0.8642309229408464,0.4398962624009886,-1.0,0.1760991232520976,-0.501738488457811,0.18926174847136704,-0.6181828576517405,0.1741516038895965,-0.45002388531968124,0.15286370965126334,-0.31973015360816753,0.06242025629030476,-0.5143878129347939,0.06420409662092816,-0.6553106493343719,0.08521960476255133,-0.48614981290291015,0.09638083809161518,-0.3507835429322817,-0.0449970287651812,-0.5085038884420889,-0.0907122662798106,-0.7042549401932484,-0.11353662699706285,-0.8145166122535813,-0.1282626549591036,-0.937838661674479,i love you
0.0,0.0,0.18490054968812616,-0.04438195531617451,0.360615037949896,-0.17456572019197478,0.5050479479375326,-0.2900490834706228,0.6308438946827907,-0.3404056464928501,0.2823768784343188,-0.4822925124792482,0.35665932782354565,-0.7291034807855552,0.3991134816430129,-0.8703228250880584,0.43359004031177667,-1.0,0.16890114892294722,-0.516091552830589,0.17987534057192853,-0.6225830146495737,0.16708683033643176,-0.4521418209726837,0.14779642517569083,-0.3284172893325642,0.05613377241551472,-0.5240384540924317,0.05620881756580284,-0.6599425461087681,0.08330293277292111,-0.48844114608728245,0.09855807713205314,-0.3554208716473086,-0.05010312724264265,-0.5128199785114619,-0.09922348685111816,-0.7114482995937566,-0.1222408059483067,-0.8246663693958837,-0.13768574554681656,-0.9533226205090651,i love you
0.0,0.0,0.18420045035234567,-0.04192158522197641,0.3642809779332492,-0.1752720944211807,0.5098705768991554,-0.294164028281339,0.6354860910476083,-0.347013234509266,0.28112717476667265,-0.48250882274435014,0.3565185624314399,-0.7294762565314586,0.40062921366286813,-0.8707965483935971,0.43436750802226715,-1.0,0.16986455296881367,-0.5165047550918135,0.17615854619053528,-0.6236221758899114,0.16611580599059736,-0.4540098339448903,0.14707315962001538,-0.32695488893074953,0.057859579584503044,-0.5227871803107451,0.05703639479337048,-0.6670433170291141,0.08219665804683841,-0.494253915947463,0.09440918425157807,-0.354612127008673,-0.04930739796628798,-0.5087750441904847,-0.10535294333549508,-0.7092134000888023,-0.13145064325950329,-0.8300274790051461,-0.14890618821026289,-0.9638342816477349,i love you
0.0,0.0,0.1814414183646376,-0.04231155609488132,0.36002136237125204,-0.1761096136865549,0.5041228598550361,-0.29322260475420814,0.6337294092918248,-0.33007975448544247,0.27857105502424157,-0.47965640409400306,0.3518545918077006,-0.7263468429057492,0.39430560551906396,-0.8698470014523474,0.4288644418662714,-1.0,0.16586567378990624,-0.5102134695599896,0.1807084014713931,-0.6271936301292994,0.16999163110233323,-0.45318625357054,0.15007368346895636,-0.31672524702943033,0.0537273433597789,-0.5180743842146656,0.05486072462926676,-0.65679033973633,0.08298491739945545,-0.4843976749188214,0.0987011280651682,-0.3465933803445727,-0.052626953613198454,-0.5076473341624914,-0.09755881459297176,-0.702966946383877,-0.11874931297674732,-0.8169329207424043,-0.13438614229258236,-0.9459708346293432,i love you
0.0,0.0,0.18197549498974325,-0.038310645760634386,0.36544752445782286,-0.1750900468226108,0.5077362683299781,-0.29737250290506306,0.6333357361258993,-0.34585796195713536,0.27734421364126133,-0.4780752415675008,0.3524518905924592,-0.729262018449973,0.3978646700907908,-0.8713389981339276,0.4310605521096229,-1.0,0.16561508305266978,-0.5091604295382528,0.17733882906996873,-0.6208972316934709,0.17023336616184864,-0.4457310481907551,0.15041409090198518,-0.31695989420764875,0.05498805262057821,-0.5163717021672031,0.058209965857186116,-0.6630821633470495,0.0857186115680277,-0.4833949664101179,0.09789280881819082,-0.34294247714596876,-0.050945860741090705,-0.5041495938122591,-0.10046756027390677,-0.701945161904795,-0.122434584696122,-0.8163154826110192,-0.13807459310300105,-0.946009974773573,i love you
0.0,0.0,0.17995449359106955,-0.04447943796841834,0.354982462461661,-0.16852110102081744,0.4925345913208647,-0.2851506612070838,0.6146508691664795,-0.3326775013141106,0.272860520410047,-0.4820962900192094,0.3484494977465505,-0.7281384260772927,0.39198974511814394,-0.8709152659989724,0.42642767276013643,-1.0,0.15990246296580496,-0.5113698555998164,0.17486115652113957,-0.6330411522359156,0.16765560441303923,-0.4593493132150226,0.15047452553007404,-0.32156142290192696,0.04835586041439153,-0.5176612760329206,0.05276786171033814,-0.6609914881218486,0.08189670831044298,-0.4917144676721374,0.0977229743605712,-0.3547106695402874,-0.058273114075181216,-0.5062522009962774,-0.10453544243454098,-0.7079332246458203,-0.12440257083779092,-0.8253818705373063,-0.1391223891087105,-0.9555530348356083,i love you
0.0,0.0,0.1766335899360502,-0.03539912243541476,0.3590998101434246,-0.16879037137187186,0.5008670932373589,-0.2868331899365275,0.6236752700772433,-0.3347373690484856,0.27196894753108886,-0.47766917939238734,0.3519258926898655,-0.7249693019459404,0.3987507174812441,-0.8701239616659169,0.4335402046059611,-1.0,0.15871386191663256,-0.5095226616674682,0.17531229079678903,-0.6253897668379871,0.16784586175911484,-0.4497533415831246,0.1476680815416688,-0.31465505411091393,0.04627321447110445,-0.5186342259734774,0.05520085894885567,-0.6687730682898947,0.08224706772426287,-0.4898720287923284,0.09377778188808844,-0.34597601912169557,-0.060891782945366416,-0.5097231387552044,-0.11084965889062184,-0.7114875161246824,-0.13513796522915844,-0.8282144054720698,-0.15397177330337314,-0.9581618936015589,i love you
0.0,0.0,0.17530359592565545,-0.045931678024507386,0.3484353285191433,-0.16623836882929088,0.4844811998966533,-0.2728992323177324,0.6054229864665645,-0.31910136710520365,0.276305017316248,-0.4816867785300914,0.35429716541311745,-0.7263393990576105,0.3995247901534633,-0.8706147980746225,0.4326941031022376,-1.0,0.1650169848936763,-0.5101268295944775,0.18378701261250935,-0.6178516090908698,0.17279858717685678,-0.44185828871617666,0.1506645668952862,-0.30327904943701856,0.05364223316686511,-0.5170187007716824,0.05984721581031727,-0.6544934256767053,0.08583673755111551,-0.48557108691826606,0.09945196683412,-0.3479578499403786,-0.053047138733125,-0.5057747444429866,-0.10218474435790922,-0.7022609857014644,-0.12333903053788209,-0.8161170140439002,-0.13728188266564692,-0.9435224485829902,i love you
0.0,0.0,0.17051427782023926,-0.03723570228376051,0.34471840027148654,-0.1609777119749896,0.48381561738414897,-0.2691599983782883,0.6067843108400918,-0.3197931416610232,0.26989967911130197,-0.47519216533050634,0.3480956149215497,-0.722728439868281,0.3948834995337579,-0.8709386257194469,0.42807197997486346,-1.0,0.1581720005465769,-0.5068122403196574,0.1787581292053763,-0.6103645397717291,0.1633231876245377,-0.43373851099835875,0.1369181170725701,-0.2971207109103659,0.04713294882748741,-0.5155247363592271,0.05491070825256058,-0.6531353843982324,0.07755310730476017,-0.4816291595779345,0.08874697242939923,-0.3427148355088796,-0.058649354393562406,-0.5058419161424884,-0.1088637056413044,-0.6987427229440675,-0.1342550562118316,-0.80886866087155,-0.15240591444269427,-0.9338326603730237,i love you
0.0,0.0,0.17103074412558428,-0.04597105852395494,0.34126198233093435,-0.16736070649516116,0.47665871263894094,-0.271547224038245,0.5975930631881701,-0.3206576464284227,0.2706718858704919,-0.48748403191701795,0.3500685529596308,-0.7295819014107837,0.3960525288002974,-0.8721173488073669,0.4296677939684945,-1.0,0.15857784294184138,-0.5139368729212618,0.172823819653591,-0.6279007354360293,0.15990984624745871,-0.45080432331952547,0.13891160816945816,-0.3113140193613861,0.046538508648675425,-0.5182302850593452,0.050688158650179914,-0.6554249538851793,0.07495858100388522,-0.48620719315218086,0.08817086844184031,-0.35028662765940954,-0.060160199042173367,-0.5043832254813372,-0.10810395978064269,-0.6997392525645433,-0.12907362779344572,-0.81387727090227,-0.1432477234369059,-0.9425714335212575,i love you
0.0,0.0,0.16967608899376802,-0.038414220241895815,0.3434874427498282,-0.16495958173747383,0.48143734077665723,-0.2709695405726193,0.6044215041706859,-0.3159720918103589,0.26917145997060654,-0.48319465653866506,0.3468287855344973,-0.7283070743639235,0.3921408136662065,-0.8724454415290205,0.42375829839313245,-1.0,0.15650690818994645,-0.5126732849224139,0.17048604208824686,-0.615764053716761,0.15533129295385084,-0.43411470523661777,0.13084368561788962,-0.29824808901453215,0.044538259558133564,-0.517848129443482,0.04946775165265547,-0.6508154036742099,0.07184398456004966,-0.4720183725759806,0.08232497608310042,-0.3331168369171277,-0.06208622542315278,-0.503081486014301,-0.1116284835998621,-0.695848795727234,-0.13470993297161027,-0.8054512515111236,-0.15104686246614762,-0.9304805273840484,i love you
0.0,0.0,0.16987386850251482,-0.040839604549506525,0.3409438365135589,-0.16609201157022047,0.4780994759139424,-0.2728137158839972,0.600095986680743,-0.31936100730843014,0.270244418545212,-0.48878283310677856,0.3474635542474868,-0.7302614242515272,0.3916896688733849,-0.8735485977150659,0.42330903489492294,-1.0,0.157705445864838,-0.5168707488591866,0.16984247241449785,-0.6262967841718604,0.15703439258552424,-0.4490478831492471,0.13533344702984626,-0.31121631340733363,0.04587120867470864,-0.5211259856428433,0.04906339830342246,-0.6553009779881417,0.07252130552249568,-0.48105634729072333,0.083927534780693,-0.3429553198613634,-0.060693820015371894,-0.5056839874007194,-0.11067806862849543,-0.6987239014303052,-0.1337749208353737,-0.8085269946155709,-0.1504643801474915,-0.9325554114282065,i love you
0.0,0.0,0.17107810599790652,-0.04350586601290642,0.3437672903227588,-0.1669052596950858,0.48320780731625956,-0.2730013652738051,0.60592088163116,-0.32089212618456453,0.27403874628032704,-0.48370033697621156,0.35582797611430617,-0.7250671819662337,0.3997270986750185,-0.8710594174893139,0.43097802888095726,-1.0,0.1625271159826028,-0.5127203072894083,0.17029987844797614,-0.6246313315761839,0.15881365715700832,-0.45181326098517594,0.14175740106367996,-0.3169966922260407,0.051014871940754054,-0.5180561987082527,0.05115342467687139,-0.6504813134860759,0.07552213514216002,-0.4817983439342287,0.08955493424192014,-0.3478572811687652,-0.054879004948925746,-0.5046735080724231,-0.10477486791459259,-0.699344551962186,-0.12798835850144552,-0.8102646863598744,-0.14379963463812265,-0.9341853022398285,i love you
0.0,0.0,0.17179855967640548,-0.038115032088630714,0.3440254025675874,-0.16748420414481252,0.48366219107083847,-0.27547151528402725,0.6068105416680125,-0.3274354065677961,0.27030680482708414,-0.487853714106823,0.3514914753316322,-0.7282305412207842,0.39918588920167264,-0.8725681961046415,0.43278935050027456,-1.0,0.15788028692180214,-0.5192677754615769,0.16969037515000782,-0.6194876005953106,0.15788960417810619,-0.4387890424096661,0.1366676894943587,-0.303595342862609,0.046145885872306384,-0.5246866917280156,0.04634807033410439,-0.6528672924550101,0.06757433307079376,-0.4760645897053014,0.0778014194529404,-0.33972300418158463,-0.060422407131800665,-0.509410118291886,-0.10658785924234557,-0.6973332770156953,-0.1278951821088802,-0.804845097508193,-0.14349087157342372,-0.928292221457517,i love you
0.0,0.0,0.17119285981462623,-0.036577258303170816,0.34545844169669015,-0.16950771401869189,0.48976019388060477,-0.2824648582906253,0.6174620162390148,-0.3338628093251429,0.27400189449507195,-0.483962995700074,0.35259084020439285,-0.7265099683473165,0.39825215757217874,-0.8722504367365801,0.4307173634907532,-1.0,0.1611746858254472,-0.5162228693767124,0.17342262273081993,-0.627552496841607,0.16375393070647115,-0.4486217478825982,0.14364450360814637,-0.31034492881120357,0.04950191094946154,-0.523692080741767,0.05182545616125735,-0.657967933870967,0.07253280333203707,-0.4812669478281519,0.08180473599047777,-0.3431591531906761,-0.056243112138441825,-0.5102473766836201,-0.10281243370928138,-0.7025829683626121,-0.1220410488352378,-0.8119872004934154,-0.1354392479988604,-0.9347527059745812,i love you
0.0,0.0,0.17136897257136915,-0.03856850879159174,0.34684291450047644,-0.1737279801406488,0.4925447986983807,-0.28620475759932257,0.6208404404118422,-0.33346296665101915,0.273797753821239,-0.4868734310370547,0.3520422338252869,-0.7280993868462343,0.39710572664051064,-0.8726819302827801,0.42949580146942784,-1.0,0.16216881219834609,-0.5191248223841002,0.1728895544187658,-0.6291309050200181,0.16298456108837686,-0.4507422960091707,0.1432441475647782,-0.3129060329165784,0.05132152708562448,-0.5258513569152844,0.05165211518534762,-0.6591161558234644,0.07222740635509728,-0.48319546488045223,0.0818615118165577,-0.3451296567144171,-0.054060950079037245,-0.5117843164871212,-0.09977512913067363,-0.7006582606067796,-0.11943547955405932,-0.8088091624273589,-0.13352920768229357,-0.9307827502430818,i love you
0.0,0.0,0.17279643634338832,-0.03848301963632164,0.3487180440060854,-0.18027651569887607,0.4931579003136228,-0.2945068944648488,0.6228120460758146,-0.3298704246323267,0.27216140509397857,-0.49049173037377514,0.3491133165222223,-0.7322090128583347,0.3918832155526682,-0.8743034934320112,0.42206812293005963,-1.0,0.16085733288103757,-0.5196233455257654,0.1695855765765254,-0.630742834380355,0.15974845065919446,-0.4465722547870742,0.1425803555702021,-0.3095837614556471,0.04904742241318017,-0.5234784042845452,0.049064775091627516,-0.6569134376224189,0.06971031622876235,-0.47405766893945805,0.07996298504767303,-0.33328291330893617,-0.05857481069840231,-0.5084804689461534,-0.10593380214230333,-0.7010389954611228,-0.1275070205405037,-0.8110251854932222,-0.14296825703708696,-0.935999175670992,i love you
0.0,0.0,0.1730877294395949,-0.0419227711006278,0.3473588629397295,-0.17413778346186623,0.48700596911985256,-0.29080914322290297,0.6148132975417696,-0.33500568753419036,0.27077159433305753,-0.49006201086895845,0.3489900750357564,-0.7287992046135392,0.3927350899151398,-0.8725040284116212,0.4252059792916694,-1.0,0.15694245108534527,-0.5203551080507449,0.1641171483187351,-0.6362459049133596,0.15661977500437263,-0.45637065852590525,0.1421198190408969,-0.3162526406408741,0.04494563039835068,-0.5260035675786983,0.04372764836277165,-0.6591628842806975,0.06674339979333845,-0.480613385366725,0.07973696549893382,-0.33945213601951996,-0.061161925400887426,-0.5128707596238412,-0.10642216885464102,-0.7024883117140875,-0.12865394610673708,-0.8120238938459268,-0.14633802187933,-0.9361831683720999,i love you
0.0,0.0,0.17044651936151792,-0.036280906500039574,0.34135509176714823,-0.17626893148685316,0.48492519846076976,-0.29364792615368257,0.6108156965717748,-0.33845060729992454,0.2679851768429104,-0.48816515851183573,0.3416490294016179,-0.7316083554415922,0.384621472974957,-0.8755761691195707,0.41375739904163644,-1.0,0.1578079563147652,-0.5172731408671191,0.1680219114948647,-0.6260835362902715,0.16172611779376997,-0.4466281154217265,0.14615150143827038,-0.3128006969916858,0.04809580977250496,-0.521691570303659,0.04959978563397182,-0.6518002094116837,0.07269564072060336,-0.471095629120187,0.08336877905013132,-0.33131937215162954,-0.057117248187888076,-0.506481128478841,-0.10714087195254947,-0.7038045136495212,-0.13058035916580923,-0.8148138525889169,-0.14777752334734848,-0.9376084895714069,i love you
0.0,0.0,0.16995970098320046,-0.04125973398989901,0.34045434332923735,-0.17857334555624452,0.48226868964616304,-0.29133650518180976,0.6084280631629972,-0.3333074783381256,0.26786515909364783,-0.49309890866216427,0.33958162384187385,-0.7328793438092935,0.38232991004124856,-0.8757386250494987,0.4127459683217341,-1.0,0.15551991295787343,-0.5212648263655634,0.15958322957315518,-0.6280214623676009,0.152260822772475,-0.45157276238246374,0.1370692743016921,-0.3167451615249246,0.04474713436689811,-0.5227559489546795,0.0404948192486357,-0.6464934200549184,0.06413747357989927,-0.46900810108063296,0.07748696704123147,-0.3318674609442154,-0.06018937045203453,-0.5041418643931205,-0.10921769890845048,-0.6920680654672671,-0.13086090027698108,-0.8005498798045121,-0.14650891793216284,-0.9236465703802453,i love you
0.0,0.0,0.17086394114095127,-0.0389663206614133,0.3395510410742697,-0.1760011773747813,0.4797011866411569,-0.2907570628859854,0.6045612068333767,-0.3337527428168934,0.26923484569062056,-0.48902570419912167,0.3413467798739167,-0.7308602406471685,0.3842248131735156,-0.8749036266656007,0.41506791405406357,-1.0,0.15675270466122918,-0.5174970974441155,0.16473571751726543,-0.6276803597049537,0.15751339536354172,-0.4489380309618074,0.14191938737750062,-0.309272250354454,0.045383134348516256,-0.5208968882541725,0.043975765702418526,-0.6479667573317925,0.06822868688190095,-0.4702188984399179,0.08111924492968758,-0.3306276122245903,-0.060033243879498356,-0.505132542481487,-0.10785894638281275,-0.6946490011997837,-0.13072933038020607,-0.802657087778014,-0.1487150323021008,-0.9247331071853172,i love you
0.0,0.0,0.17657067307337285,-0.040068437462653796,0.3522989137142725,-0.1851386178110109,0.4967011762557028,-0.30464074777859307,0.624434880801839,-0.33974832820866163,0.2654891902657008,-0.4762871847641197,0.3380236776259742,-0.7255733400727928,0.37842260781213666,-0.8727220227661714,0.40501378409345906,-1.0,0.15616768293555905,-0.5050682332594434,0.1720668996843817,-0.6167509626561307,0.16421012465136633,-0.44462920690637864,0.1454335264296975,-0.32101829736116705,0.046017758596239314,-0.5079647540737787,0.048157898663064254,-0.6510480597907,0.07052289735872566,-0.4727562023145944,0.08050549562831821,-0.33816081778940005,-0.0614305045235909,-0.4909075318131271,-0.11127130890640967,-0.685156174765999,-0.1369894599495716,-0.7935764753079135,-0.1569043215276751,-0.9182817934979588,i love you
0.0,0.0,0.16722447423017403,-0.05039615871085347,0.3307364974004155,-0.19036997881165638,0.46434277115263706,-0.3137842028309041,0.587697656030285,-0.3637141885335575,0.24887704723719606,-0.49099443861196473,0.3162157824447432,-0.7319178322218901,0.3519216016561952,-0.8774472978604043,0.3762092742808258,-1.0,0.13927809443316394,-0.5128503843792287,0.15353597969217267,-0.6151619605181206,0.15132438190848227,-0.4385869333148788,0.1401540461785151,-0.30771217424210073,0.028090236723419232,-0.5099638222652828,0.028986949806153895,-0.6426847206863904,0.05465723915440987,-0.46702319232802325,0.0688771355833126,-0.3294974431161442,-0.07887364591170984,-0.49036217490469663,-0.13920756478347104,-0.6866501655753467,-0.16902791295551625,-0.7989133427667353,-0.19257745377657562,-0.9285743734419795,i love you
0.0,0.0,0.1638073583819025,-0.05461654658264197,0.3257682820917793,-0.18586829161621338,0.45098343490257037,-0.3036276818625402,0.5598236822530123,-0.3637191461003674,0.2572147587781308,-0.5031532997713246,0.3263197201181267,-0.7363194560450337,0.3653664874629074,-0.8751969792411844,0.39290100315137116,-1.0,0.14520103528520933,-0.5261401207437129,0.14778568777243664,-0.6312337939974703,0.15090219533753735,-0.4558690838354926,0.14641873862668342,-0.32035834422016696,0.03326267647277866,-0.5245111754842848,0.027575758564795376,-0.6550454724964907,0.05964432024767089,-0.4860188132792567,0.07972945266549149,-0.35043686294220744,-0.07246536562700003,-0.5043618050612427,-0.13076691870316967,-0.6936422770933801,-0.1601104834347542,-0.8072201144178272,-0.1829657129276241,-0.9370725687695292,i love you
0.0,0.0,0.1747444456958085,-0.05248883349602666,0.33642220229640984,-0.2075781583268693,0.480334941832214,-0.3321239587794918,0.6045993293904804,-0.3933826780426221,0.25051277922740783,-0.4841681483809253,0.32977947540834396,-0.7240197858900094,0.37247027234258523,-0.8683733672219363,0.4056595675919496,-1.0,0.1420988217239233,-0.5125277704408159,0.14633643329175028,-0.6284713231043443,0.1396775762889618,-0.4698616007353028,0.1353477926370059,-0.35764698495031494,0.027397863969557866,-0.5145512357252086,0.026231022992038347,-0.6648136237253249,0.0506798123261152,-0.49972132346439146,0.06851079003861722,-0.36491763416150913,-0.08111647469429832,-0.4927750047742259,-0.1435993544497658,-0.6874073058474258,-0.17706790231026448,-0.8085447554516187,-0.199218006277495,-0.9425743432666996,i love you
0.0,0.0,0.18005366999723707,-0.05798448347052136,0.35604618246658204,-0.2123801387369575,0.49656463165611303,-0.3415409201185262,0.6210053376007226,-0.4159201002432804,0.26196967163948576,-0.5002879200674802,0.3454132512267501,-0.7367379424238848,0.38825125234625235,-0.8729631136145604,0.4241762465724933,-1.0,0.14601211326601402,-0.5376679454500805,0.15963321162731955,-0.6534587632205918,0.15256063105175147,-0.48477080553409135,0.1456985239214991,-0.36905984773657674,0.023409210546138367,-0.5419780437729186,0.028850073431683963,-0.6909775928419721,0.052970856814139954,-0.5034129899998054,0.0697841601400153,-0.3620374356055836,-0.09310488115563524,-0.5200414160255563,-0.15353972017123968,-0.7173527384291895,-0.1783521845286075,-0.8321883080611622,-0.19430618869448982,-0.963341785911794,i love you
0.0,0.0,0.18627082113922624,-0.07234466931345872,0.3573116344021804,-0.2325169034032641,0.494119260903682,-0.36131637398604205,0.6188759117369392,-0.42046707455081944,0.25641492736612725,-0.5291860945349669,0.3276571832351409,-0.7527378389373663,0.3686918698552263,-0.8824435880572955,0.4003395750988651,-1.0,0.13541821505178095,-0.5566026375881229,0.1386110678604725,-0.6883247241283134,0.13927166316667305,-0.5287023735117308,0.135394690625119,-0.40361094068154085,0.011858075369616528,-0.553014868466844,0.015172078975617079,-0.6950427122722964,0.04524982279490478,-0.5099584044028317,0.06470055389732852,-0.35998077466231054,-0.10147923065126935,-0.5240524765266654,-0.16889023958305308,-0.722563939024098,-0.19435146169760203,-0.8464003436918736,-0.2078481604118892,-0.9812326534921055,i love you
0.0,0.0,0.1773926975911416,-0.05774274365626725,0.34901856294191014,-0.1967149264044431,0.48601260706882393,-0.31262494078893044,0.5992237646072079,-0.37871291431452053,0.26266451442577216,-0.4938659504843357,0.3471945632287307,-0.731105964999196,0.38840302313251546,-0.8687598866189501,0.42086834391527495,-1.0,0.14968246026882912,-0.5331514086802341,0.16034357630514234,-0.6521986591137243,0.15085866915244514,-0.46642732357274164,0.14603989305068468,-0.34125838189727475,0.03067174143558053,-0.5396017485191801,0.041950499545867395,-0.6867787385543372,0.061418990565340774,-0.4929758831684115,0.07412899973490823,-0.34632038512183355,-0.08242873486043571,-0.5188554663224819,-0.1378050728133189,-0.7189663376921372,-0.16522740310026987,-0.8344755909156095,-0.18206901403248027,-0.9662222577126492,i love you
0.0,0.0,0.17946716388111522,-0.06471701752545574,0.34925028678941367,-0.20015308971178933,0.4832929854185772,-0.3141438786110933,0.6015827391688352,-0.36698216322124577,0.2645074835963223,-0.5135351744254906,0.34405078625982616,-0.7405027866794355,0.3827757154507585,-0.8750875934392057,0.41266326692903527,-1.0,0.14698155411098665,-0.5456111913858274,0.1496383577033836,-0.6651183535072908,0.13987567382822413,-0.48342238750917893,0.13385983019359554,-0.35513781119612337,0.028014469752599715,-0.5440139689286089,0.03080351795014094,-0.6809322094121071,0.05360779390415989,-0.4866855942039775,0.0707332672335904,-0.3406380091569576,-0.08451120593679466,-0.51712811280722,-0.14088138254493035,-0.7115460910349122,-0.16810089573047549,-0.8274550358190672,-0.18428712104036032,-0.963482621745913,i love you
0.0,0.0,0.17887415575405263,-0.06262223953010017,0.35077354166559094,-0.20445746098322093,0.4852311140690311,-0.32429479833347963,0.6053752646569901,-0.37671339159614353,0.26597011818424177,-0.5120332477934041,0.34429201011043375,-0.7396051050026863,0.3820441696924503,-0.8746499434882083,0.4109109744296032,-1.0,0.1464902766835799,-0.5445066706741711,0.149959793606273,-0.6634190843268982,0.13987191566413382,-0.4808024321131551,0.13138210259736835,-0.3488384985663479,0.025751114949522563,-0.5441821932553809,0.02992910141223769,-0.6840959594408662,0.05217577871183552,-0.4909196597715668,0.06819854974355685,-0.3424296619102915,-0.08844373944735028,-0.5185083930677057,-0.14418523692966095,-0.7123233208225639,-0.17043230773286214,-0.8307302671394869,-0.18561657367607642,-0.967775777950917,i love you
0.0,0.0,0.18954367204863146,-0.039313513989881164,0.3700314775890728,-0.16928210429604387,0.5183187455893558,-0.29375742689007095,0.6463463469036446,-0.34456288843712907,0.2794051888526343,-0.47201297287843347,0.3591431186753042,-0.7169071493275588,0.4035834018962053,-0.8653046791902597,0.43529129160772795,-1.0,0.16147007850182918,-0.5164320727858651,0.1680257708587403,-0.6444094316258995,0.16171952559697905,-0.4458730356380733,0.15896976856007922,-0.3257664998661785,0.04062416361556794,-0.5234172704024164,0.03701091497384608,-0.6817728586623525,0.062042123018834,-0.4836803617240882,0.0805092196977114,-0.34608319854997505,-0.07908599977160043,-0.50199075619948,-0.13319212029623506,-0.6976452710221641,-0.16409966097193115,-0.8139693632255234,-0.18703942418322372,-0.9604842939988624,i love you
0.0,0.0,0.17722802674051297,-0.03364288937604648,0.3611833490741677,-0.16195025238763386,0.5115052758509298,-0.2825863629302118,0.6452292942270181,-0.3297437655199284,0.28702577140363034,-0.4769147307084362,0.35903256749858825,-0.7181689505261055,0.40040527511115165,-0.8710145070488525,0.42700301089693166,-1.0,0.16905767063598726,-0.5165151765480474,0.17630811265341148,-0.6174355838205594,0.1655713429685323,-0.4203949428767998,0.15616568070683334,-0.29818359813280004,0.049527405080302914,-0.5257947066409882,0.0377021751942534,-0.6827028779834635,0.0580047691029204,-0.4945168879014221,0.07441095167522754,-0.3540581761510331,-0.06558576864179204,-0.507898980832349,-0.12601516051952152,-0.6928272346847436,-0.1609769509798361,-0.8031243295760825,-0.188718876918183,-0.9410023253692109,i love you
0.0,0.0,0.1858012234537721,-0.042231245070524746,0.36980472842253603,-0.17836113289730438,0.5206504100122071,-0.29890670766584426,0.6533334346708,-0.33896867716114204,0.2864956466159865,-0.47397396428001404,0.3587759431065311,-0.723579667552634,0.39142307468824633,-0.8685995889458149,0.4151225574503755,-1.0,0.16337528295831524,-0.5090513562753185,0.15763165514402463,-0.6278090194104562,0.15408476208945762,-0.4449800075071449,0.15268936969158187,-0.3262224669576523,0.04057069992235425,-0.512310173063962,0.024995213030559866,-0.6719631429096096,0.054145956843478484,-0.4907084984459818,0.07912560149711396,-0.35505902376224663,-0.07445839823221694,-0.49229304049420647,-0.13347688929609117,-0.6770071744474636,-0.1717211588462337,-0.7906354864357757,-0.20041502595996205,-0.9305260566821313,i love you
0.0,0.0,0.17195720003880663,-0.04696340328810215,0.3432208656293493,-0.1819380604998992,0.4801260187300127,-0.3081831252841759,0.6105772218474192,-0.3535593909146876,0.2684542754582469,-0.4907979546937026,0.335826816009614,-0.7295922039798259,0.3737293398267382,-0.8759314374415162,0.3963396805427206,-1.0,0.1522745694497908,-0.5227854847096052,0.1447868563542062,-0.6302026260645558,0.13816838055179634,-0.4412115270007882,0.13278776035204948,-0.3239723507207617,0.03449777823081989,-0.5239359359708432,0.01357628610682286,-0.6710601319514953,0.03424260673277207,-0.48682429849633235,0.050141143481267976,-0.3547686333314109,-0.0773177463002927,-0.500366047593564,-0.1367097786904192,-0.6844308725546344,-0.16786942640845054,-0.7941613229306519,-0.1941848393928461,-0.9293831041819512,i love you
0.0,0.0,0.17700947521073587,-0.052690122606933044,0.3538353738982358,-0.19681133679869608,0.4945919798245519,-0.3273549873027162,0.6231928250086464,-0.378724246321315,0.27455915567666306,-0.4953175230502232,0.3449319679824796,-0.734109649425411,0.37958023425473586,-0.8733477280990989,0.40672848444324844,-1.0,0.1570748395452449,-0.5261554949722217,0.14284083726867416,-0.6514519627380699,0.13380022038056577,-0.46978518995566876,0.13510732959495364,-0.34721053531801555,0.03875494519658439,-0.5240323298778057,0.018866120470124502,-0.6743870485265405,0.03991630241608889,-0.4993928109436898,0.06323806358824552,-0.3682537291546362,-0.07400030658943216,-0.49909309869850343,-0.13082705716073784,-0.6840973037655704,-0.17033039559132382,-0.8061942157533282,-0.19844272756334388,-0.9462210634038926,i love you
0.0,0.0,0.17006054915636,-0.03972530994513574,0.3407879967398839,-0.19473392638054604,0.48256565085681635,-0.32410600598074674,0.6143493586463309,-0.368996515719867,0.2643755042137456,-0.5016657958383384,0.33786795949798853,-0.7346142037141622,0.38120931329143687,-0.8756658107549854,0.40996954103548877,-1.0,0.14860326318227604,-0.5317444894383924,0.15035431180184394,-0.6301273384433899,0.14331593334081927,-0.43505820185621097,0.1325241535735107,-0.29930076145339524,0.0318975922459954,-0.531005183120488,0.01877394691579677,-0.6771650166507073,0.039119631923447765,-0.501959467326535,0.05120615593448443,-0.3663964612741054,-0.07891341342191611,-0.5027477706863853,-0.13588702877379774,-0.6924460856439288,-0.16766984570800414,-0.8057235174613856,-0.19450769056741682,-0.9409581501037328,i love you
0.0,0.0,0.17003289624877707,-0.04555140847910896,0.3421086054598205,-0.21326899788852421,0.485075121074517,-0.35522151735471763,0.613734254215682,-0.3947867840938617,0.25891458325321104,-0.4952436920716007,0.33545046849248505,-0.7317157546485767,0.3791865330805691,-0.8737373121504128,0.4086523606599511,-1.0,0.14783125828386076,-0.5217553295768887,0.14730090359157247,-0.6353882779793992,0.1470330997984202,-0.4464108194608467,0.14384027825330017,-0.3122370856193584,0.03830719862224094,-0.5230175249676619,0.024487397275436435,-0.6854998550764062,0.05165320768911122,-0.5187094014608673,0.06917564270565314,-0.38460517466341615,-0.06565259235009788,-0.4970898029132925,-0.12211186975824494,-0.6842443196048323,-0.1550489222656107,-0.8048337881151397,-0.18173882986157686,-0.9436048360393554,i love you
0.0,0.0,0.17490132794921787,-0.04360133678298026,0.34722823234622757,-0.21585701561103207,0.4888158834273063,-0.36120860204187133,0.6212357734765299,-0.38850519659959276,0.2642601204366136,-0.503242331246021,0.3352342049013584,-0.735495831198806,0.37650525608862145,-0.8758152191928809,0.40489236338263934,-1.0,0.1515962321942797,-0.5275770172380212,0.14444572262236957,-0.6425418049293827,0.14282204842586116,-0.44268223129011813,0.14248536202568027,-0.30154038955637846,0.03975363299677236,-0.526689609363143,0.022562826775295065,-0.6831951198927907,0.0464462383134072,-0.503340076020528,0.06329865588840144,-0.36135884767601273,-0.0671916483854373,-0.5004967871444925,-0.12617761847141507,-0.6879504793256811,-0.15972454787890256,-0.8099734969209949,-0.1848616190225845,-0.952247511629478,i love you
0.0,0.0,0.17732647686153147,-0.05463668005932852,0.3547448083340273,-0.2279534111289383,0.4946938918542039,-0.3688248459112354,0.621875538418014,-0.38833704837154076,0.26679977031037744,-0.5108415430972897,0.33560887350938684,-0.744174200942315,0.37411772451527886,-0.8779067272175566,0.4059626031384367,-1.0,0.15558746377472718,-0.5296343947555442,0.1441400607603208,-0.648011980389837,0.14183396137522458,-0.45638025401959054,0.14338522469912085,-0.31678628856665836,0.046314103656070145,-0.5242940844834112,0.024799683057346214,-0.673530837265398,0.04807500433389169,-0.49312475316285603,0.06709837743873771,-0.35015968809076653,-0.05824325667248973,-0.4967244274064072,-0.11746766748666228,-0.6786280602385725,-0.15468121804169685,-0.7998257063181549,-0.18138082258016416,-0.9389613721273643,i love you
0.0,0.0,0.17751757257881925,-0.04496762723081007,0.35192151334075034,-0.20692354385858627,0.4914097886190716,-0.3427407147662372,0.6158784783420843,-0.369172358191903,0.26789794940801803,-0.5055257809022482,0.33768324503618397,-0.7360655392629246,0.3784639667368149,-0.8755112019039806,0.40650068616614105,-1.0,0.15772177781291752,-0.5283884876056267,0.14880042003396346,-0.637363975413364,0.1437813701314848,-0.4433524029163473,0.14195321953876697,-0.3115045392726793,0.04828388299357028,-0.5265909701939149,0.02970965049594093,-0.6766257020603125,0.048520905092415516,-0.49840057145429056,0.06220666376079285,-0.3612251013419216,-0.05824625552145974,-0.5038495982689344,-0.11543070338061967,-0.6864138590671734,-0.1507623126990622,-0.8023909112207631,-0.1756314071907884,-0.938112931018697,i love you
0.0,0.0,0.17707801511202645,-0.039307750381962346,0.3515197200575006,-0.20092338152875272,0.4873501784032302,-0.339993924274061,0.6117299824523985,-0.3631408051550693,0.26467779536859254,-0.5022747640123804,0.33505588999022085,-0.7373212159015571,0.37724444937680873,-0.876854745808323,0.4070218646037934,-1.0,0.15638809570581266,-0.52614201229067,0.14444142502279222,-0.6284569728698771,0.1412293328914023,-0.43423951489316653,0.1393472450777578,-0.3025770144503685,0.049218086770581565,-0.5252014225356916,0.0262955569003955,-0.6719726465170228,0.04806148588409368,-0.4900570885382231,0.06306080011480959,-0.3492359142947761,-0.05528572054947088,-0.5028942271272824,-0.11092885859998859,-0.683178636829386,-0.145451747729055,-0.7995679281931437,-0.17034525531467065,-0.9373342294162076,i love you
0.0,0.0,0.17565117690242807,-0.0473627988483155,0.349088755472669,-0.21357035531886961,0.48387535252995106,-0.35206482542169115,0.6045524726759594,-0.3713435793107715,0.2634248083125719,-0.507280409010395,0.33147882585406835,-0.7396183490246452,0.37329323261171365,-0.8763018266896632,0.4041777376150666,-1.0,0.15397424260275902,-0.531273061289692,0.1396632180486526,-0.6384474681484782,0.13505926956638342,-0.45037374608267766,0.13153499981668218,-0.3148365859297478,0.046561910015869734,-0.5296622298860897,0.02004089924506093,-0.6820655264747021,0.04069117220100915,-0.5050090625069713,0.05717639908912863,-0.36238404842167843,-0.05531328647982768,-0.5035583436176873,-0.11481380476558627,-0.6838652629130274,-0.15323742324560463,-0.8038238750923369,-0.17964791315197062,-0.9395079341949801,i love you
0.0,0.0,0.17298930551092026,-0.03947888105623117,0.34187425498430457,-0.19748632850430795,0.47610097408848656,-0.33587983681960887,0.6010832969272123,-0.3656362097165625,0.2596595689316811,-0.5056215456604202,0.3291239165135506,-0.7371077183397824,0.36949567530209143,-0.8773909712581562,0.3981696085868674,-1.0,0.1498519603480683,-0.5296192223366765,0.1403793436451662,-0.6251831766689334,0.13732484131039174,-0.426912881194116,0.1348619657304985,-0.2907923690547534,0.04201069905348848,-0.5293942565211212,0.017635803762017444,-0.6691671688508554,0.04285420179028812,-0.48920658232194963,0.06249727375803529,-0.34835742209973203,-0.06092660117176708,-0.5060763989148773,-0.1201825096698984,-0.6882599715760376,-0.15619089214703,-0.8046582688689978,-0.18208121083365195,-0.9397554008763427,i love you
0.0,0.0,0.17385299277157387,-0.04340357012906572,0.34686255673681615,-0.2085510253397662,0.48429439220629883,-0.3445343186562595,0.6067572709824541,-0.3657743923174016,0.2600451791512462,-0.5056583454653599,0.3313564181099116,-0.737867120283439,0.3725588834805644,-0.8752506260443165,0.404504900227721,-1.0,0.14908929449338917,-0.5296623388166523,0.14089641689571694,-0.6302285265113053,0.1358937762207517,-0.4368084298439522,0.13034403372128042,-0.2959520099484602,0.040530690356953385,-0.5296260716954165,0.016711286336064477,-0.6707778662632049,0.03900540792773875,-0.4937162252513601,0.0561240446649041,-0.35250800634396867,-0.06212121392482865,-0.5067842134062167,-0.12031740476607111,-0.686991015356388,-0.15630577706672,-0.8048566992396206,-0.18185659885032432,-0.9397053951112396,i love you
0.0,0.0,0.1779657235447084,-0.03883016929558843,0.34873961247430374,-0.20319239520185853,0.48621045083683734,-0.3423063854760079,0.6103114715099482,-0.3679495137936475,0.26605268450613845,-0.49800019985936306,0.33407028760405816,-0.7324426632864977,0.37421620409003875,-0.8735816755085986,0.40202568840117453,-1.0,0.15658659358866636,-0.5245126283118752,0.14916858619877257,-0.6233608171237419,0.14364162067788327,-0.4209539174790725,0.13855773164448978,-0.285942674528108,0.0482233678493543,-0.5274042692610439,0.026742125002954035,-0.6736270939127197,0.049690254374087625,-0.4880148920887751,0.06665340399218503,-0.34393230152841087,-0.05593070786256616,-0.5073662423593915,-0.1146459645357259,-0.691706437773435,-0.1522695853845123,-0.8090026646255324,-0.1789115125925762,-0.9455988022839735,i love you
0.0,0.0,0.17750197620275893,-0.044462240713293126,0.3516882852770649,-0.2115496702371002,0.4895985442848277,-0.3487635965261453,0.6106405636908115,-0.3695560047413644,0.2659267176980849,-0.5052956754001154,0.3342103264262263,-0.7361956928598078,0.3733802405906034,-0.8744357376004598,0.4016868620153052,-1.0,0.15391145058990774,-0.530061191122439,0.14688761575037784,-0.6312768697739846,0.14405737982533307,-0.43806505204343094,0.13662551791125452,-0.2977018356423409,0.04576699880674343,-0.5305292691878137,0.022747908984922103,-0.676384221004695,0.04637489140969434,-0.5011447743384231,0.061248814011958745,-0.3604305374434292,-0.05541633298662575,-0.5082697597062266,-0.11441677396944051,-0.6888491779407518,-0.1492099679469274,-0.8058524828002241,-0.174718319753488,-0.9401756655118712,i love you
0.0,0.0,0.17785295306375118,-0.03348367772818186,0.3559699770786414,-0.19438690786258747,0.48872861789711686,-0.3374969817153567,0.6137127134133403,-0.36765844303396583,0.26702739685157006,-0.4987059040890599,0.3325057998319953,-0.7364204617368604,0.37168762834079866,-0.8769231082837297,0.3988312312359058,-1.0,0.15908749680566805,-0.5261144303748677,0.14215122759635948,-0.6108794637488031,0.13951844947915015,-0.4077731369238458,0.13966773759019413,-0.2736605997060566,0.05074027889969325,-0.526396180181262,0.019008846284206685,-0.6625579821050699,0.04187731652767269,-0.47653454409401147,0.06127650600589999,-0.33360748530885276,-0.05454497610111564,-0.5048715623753192,-0.1107755217161758,-0.6804235586868502,-0.14867869088262148,-0.7954633907784942,-0.176744966946656,-0.9309351984710941,i love you
0.0,0.0,0.1779901292925315,-0.03788914953210972,0.3519916361627632,-0.20346874924464886,0.4878401733018675,-0.34447106555651913,0.6115216618491232,-0.3682991880233294,0.26882806646028756,-0.5005174707925985,0.3373319288469554,-0.7335321663146116,0.3767821128136439,-0.8743746429584178,0.40493099112090275,-1.0,0.15936818157432567,-0.5276350184615185,0.1455166631195869,-0.6163616571092027,0.13651317243936703,-0.41847388415846665,0.13007183278692583,-0.2842579371559652,0.05006069338433267,-0.5289109354798963,0.02201516921928676,-0.6621447786297975,0.04109976029208286,-0.47930411600778433,0.05657793661358624,-0.33687282274643016,-0.05465595487878715,-0.5071951432322602,-0.11708473079433167,-0.6850500462495969,-0.15762192030448682,-0.7986353273817068,-0.18500859405352219,-0.9301430642406606,i love you
0.0,0.0,0.1765235029628138,-0.04189286373454808,0.35330535620452674,-0.20753760133372554,0.4878844720627636,-0.34491504126325184,0.609129413100409,-0.36577778890959645,0.26650281623806865,-0.5009842063818642,0.3332240768964845,-0.7356682795620653,0.37327060708355025,-0.8747603292347012,0.40141857589478586,-1.0,0.15818602386232458,-0.5269081258368651,0.14094626757923295,-0.6175122470683844,0.1326718710526635,-0.4225566160242668,0.12607834654648017,-0.28704369867534335,0.049491222306326126,-0.5262929257972894,0.01633327501352351,-0.660206675089118,0.03476976699591872,-0.4779589440518176,0.0521705842335774,-0.3356244791968251,-0.05483043695594943,-0.5039322232620205,-0.10985981646165438,-0.676015731900106,-0.151074515298022,-0.7900232713276774,-0.18044881365881973,-0.9197847503953089,i love you
0.0,0.0,0.16951900681140433,-0.03129306667721648,0.3409369448469564,-0.19828794649587952,0.47719662498191723,-0.34313671423712583,0.604081808744365,-0.37332366532375366,0.2597569066141816,-0.4983225200676082,0.3228372289652603,-0.7329895587392136,0.36132864737228043,-0.8745593308853695,0.38714533611152874,-1.0,0.1515244614250876,-0.5257112198629575,0.13261988936246424,-0.6172554663997293,0.13208729698733218,-0.40713661145367774,0.12813799745056328,-0.263028741067397,0.04370104381014591,-0.5282969537380054,0.008095425164189362,-0.6634333877076963,0.03498516186830962,-0.47489028095090274,0.05501452465621517,-0.32647421144682554,-0.06063609123533453,-0.5086076749818874,-0.11532941761627562,-0.6866187780515355,-0.15043266811824885,-0.797114705731304,-0.17697905615237394,-0.9290328382936586,i love you
0.0,0.0,0.171310156785403,-0.0381234451101084,0.3455115475457268,-0.2054162800972524,0.4815260024946264,-0.3449435848489558,0.6042740405185795,-0.3763892733506677,0.26600646802798406,-0.49996938841186556,0.3295105651841065,-0.7338270607485659,0.3702887588492345,-0.8742026640628502,0.39820506205779993,-1.0,0.1590494046612989,-0.5252527113058625,0.1373129793308115,-0.6143936559533085,0.13533569748983232,-0.41470779538481906,0.133799710907999,-0.2781268080241781,0.05215806463597589,-0.5236641181429389,0.013678792518492975,-0.6477469260645551,0.03791483280578491,-0.4649001948850565,0.05959463978009891,-0.32329081375020213,-0.050489689476398814,-0.5017607331989912,-0.09718249547410722,-0.6785362881626645,-0.136328733920413,-0.7940780618172678,-0.16674667541582486,-0.9240059911500241,i love you
0.0,0.0,0.17021359792756244,-0.02977155255738923,0.33514996910861133,-0.1969826394285744,0.46876982930330235,-0.3386345651045529,0.5941274734463441,-0.3666552279172236,0.25590003536484734,-0.494365725289722,0.31990854863579804,-0.7316251880924479,0.3590821105456757,-0.8741633152371077,0.3852772639548656,-1.0,0.14907749501873188,-0.5201741147921635,0.1288980526670693,-0.6074352096885136,0.1250512502767371,-0.39978534163440393,0.12169864245327519,-0.25949997725216656,0.04255451573245233,-0.5207209422643075,0.00978775848599892,-0.6511136882592935,0.032477546873644327,-0.46153591679941874,0.050261211087885956,-0.31607358526657503,-0.05920917706795142,-0.5001656955568661,-0.11125459628853454,-0.6789497299942108,-0.1472601376269291,-0.7934747374739352,-0.17382838932993,-0.930155897921254,i love you
0.0,0.0,0.17144747223498785,-0.02826348460232375,0.33730578101558045,-0.19121818218785996,0.46901695455413356,-0.33233976608849425,0.5834162685807903,-0.37124426183788484,0.2600980162498115,-0.49302943235997254,0.32155394526399506,-0.7303743811977499,0.3590362397725061,-0.8725718218580688,0.38405894141311064,-1.0,0.15306389527501885,-0.5207236788294212,0.12944286388969853,-0.6037948281652538,0.12318104574111527,-0.39559023570167523,0.12036571778411854,-0.2530579081747033,0.04513078204709689,-0.52168750925964,0.008223951196125286,-0.6439582044765628,0.03160235269199965,-0.45539255939862494,0.05240885086815272,-0.308524948690749,-0.055821398704521304,-0.5008716065675046,-0.11229710667416644,-0.6799880973266736,-0.1536556843775558,-0.7908575388686327,-0.18433841448735222,-0.9199657808076214,i love you
0.0,0.0,0.17004000851188691,-0.034426088669013165,0.33616593685607377,-0.193496469020829,0.4661156850020288,-0.3316381813639902,0.5823391563979915,-0.36746892963022193,0.25951467705716047,-0.49403070887892897,0.31839816597915116,-0.7322738633524939,0.35556405128808377,-0.8731159519897858,0.3799071887114404,-1.0,0.15360393820158633,-0.5173308097262846,0.1271915134901512,-0.6023184318037931,0.12283637483495002,-0.3995077248017087,0.1232212601557781,-0.2656596910608005,0.047136391092125314,-0.514811872760508,0.00506444053508576,-0.6336149481422543,0.02796792578269047,-0.44813980906410217,0.05044145500397177,-0.3083956414909548,-0.05356124659491481,-0.49426207623954355,-0.1060064975832321,-0.6691318536219797,-0.14671700883835212,-0.7797467317129908,-0.1769869109913044,-0.9091341534175094,i love you
0.0,0.0,0.17048628255199114,-0.025146782672052347,0.3342365538837748,-0.19390088970474162,0.4644418832846775,-0.33513966463885614,0.5806611503281838,-0.3680796560945812,0.2530680501760404,-0.4937449912729158,0.31740314649347107,-0.7313756381443574,0.35480888854925524,-0.8729031199778916,0.3794997350088984,-1.0,0.1465378723174386,-0.5203103080385685,0.12659473094262721,-0.5996547375105856,0.1190954004198355,-0.38638462873742035,0.11293205983891044,-0.241534991836166,0.03864713231537663,-0.5218795033253172,0.005559246509578053,-0.6423650447586275,0.03042875197919861,-0.4466371822206617,0.04976687700163804,-0.2941019799067903,-0.06331146319555224,-0.5027954008480374,-0.11900152538693806,-0.6837700608474906,-0.15895286188742835,-0.7919558649003229,-0.18872906710286166,-0.9198648463035142,i love you
0.0,0.0,0.16706457156901258,-0.03406522150377238,0.3310426310995596,-0.20518527617554322,0.46492788449519834,-0.34427490936483474,0.5797480145847596,-0.3745200608087183,0.25275452703627627,-0.49813497905480747,0.31456790089568387,-0.7330492887398811,0.35333190660742386,-0.8732866095303135,0.37987796232299864,-1.0,0.14600262019553073,-0.5228182522751393,0.12538731311271237,-0.6090613826438042,0.11898828728613041,-0.4032243744128766,0.1143702179887524,-0.26123018085401145,0.03921548636141856,-0.5228717136491169,0.002297826059890529,-0.644969453000933,0.026816565039405053,-0.45977565895146494,0.047594282286446236,-0.31364565951646933,-0.060955181559041505,-0.5023095411592615,-0.11860157463353224,-0.6822277825101115,-0.15876322274442917,-0.7986134550840966,-0.18760148388644451,-0.9331236771700293,i love you
0.0,0.0,0.16924003746053573,-0.029963523471149424,0.33308987807561397,-0.1926816070221171,0.465306730921974,-0.32912435351426844,0.5782693960302265,-0.36425595142711326,0.2559212009669848,-0.4929048595920935,0.31944177875833046,-0.7301250908400094,0.3596762925563508,-0.8726216174017492,0.3871736011201969,-1.0,0.14707035231655738,-0.5203590163550297,0.12736635179661462,-0.6048624390518098,0.12233475901094613,-0.40118414905096034,0.11630265426992538,-0.25710306979989395,0.03886247212822859,-0.5229394410211161,0.0023646656615368277,-0.638986896468456,0.027775508423168567,-0.4561842015821465,0.047111392927207715,-0.3119363482433853,-0.06280986564179704,-0.5058732683309894,-0.11861727444807206,-0.68788975198751,-0.15563290252568285,-0.8028804191677118,-0.1842262071757733,-0.9351383358246151,i love you
0.0,0.0,0.17058700548292893,-0.035149419525668274,0.33978706315174706,-0.19517656851961657,0.4752560914197588,-0.32744826910246916,0.5901761952678786,-0.360399073316664,0.259173537185879,-0.49144982003299564,0.3236679513655164,-0.7299415571915018,0.3648363275206736,-0.8718944726328373,0.39386998296115033,-1.0,0.1499426814719949,-0.5186531843736543,0.12869605955106614,-0.605799537570092,0.12386245792454,-0.4072591781295063,0.11992553200440072,-0.2641414222845467,0.04179876431718749,-0.5203130568083781,0.0069184480651967376,-0.6394289995918198,0.029534017244934225,-0.4604218907803402,0.04901735571976695,-0.31619420125351577,-0.057961922154939324,-0.5031123027158413,-0.10724248152504459,-0.6806022027115273,-0.14497922109083164,-0.7972531085567902,-0.17479923598536934,-0.9258708975368503,i love you
0.0,0.0,0.1701226008731184,-0.03610101468139531,0.3458009031430476,-0.1992723588128152,0.48068133394036117,-0.33244973674385236,0.5972399479026689,-0.36112139646306685,0.26530637730388995,-0.5018101063155895,0.32848389152749663,-0.732864482418225,0.3680545256216267,-0.8744911939893768,0.39472543727591036,-1.0,0.15740992823558392,-0.5297349096094922,0.12618771756876346,-0.6197104299869435,0.1230994487939081,-0.4164118678198406,0.12432259068138832,-0.27741392436057805,0.0495739380140051,-0.5285155275170333,0.005837786732207056,-0.650868724138401,0.027040848628705403,-0.4646948197879892,0.047694644756103105,-0.3221621318950864,-0.052943150757910895,-0.5051541082910933,-0.1099456716333335,-0.6858443516028712,-0.15038663113570852,-0.803769718194635,-0.17866670148953007,-0.940364481243289,i love you
0.0,0.0,0.1729125035203996,-0.03437558328520685,0.3464485290049515,-0.19451939730893866,0.48178197848585763,-0.33331619717534416,0.5985700067560598,-0.3623794814121212,0.27037634988620896,-0.4976975286169898,0.33508016310469896,-0.7307763888782867,0.3720270482882295,-0.8735162051872298,0.39900224326044026,-1.0,0.16189136436941495,-0.5269758367337123,0.12962535247061627,-0.6138725733224337,0.12295096530049604,-0.4086948685493427,0.12378181000657501,-0.26824698522401563,0.05406651499928359,-0.5285477470894934,0.009737886363223364,-0.6442603857445991,0.03156318172382138,-0.457569803216333,0.0531721696814708,-0.31343820887202173,-0.04810448309590072,-0.5086740146782339,-0.10703514495399483,-0.6894334374090345,-0.1481248708454978,-0.8070925049214663,-0.17645962067031382,-0.9437244743584867,i love you
0.0,0.0,0.16760420807301227,-0.03777587545142121,0.3412982813026239,-0.19988636856503653,0.47980418105131406,-0.3315455797567413,0.6019253263531101,-0.3579699136391651,0.2622142831462511,-0.50243293091059,0.32665988673416063,-0.7346552200612433,0.3682187999384558,-0.8751829242833263,0.3974273265726025,-1.0,0.15485335265009267,-0.5304352618187383,0.1289339049665895,-0.6195155345422767,0.1237390070895196,-0.4179085057169509,0.12312646579728209,-0.2783119573442999,0.04684949325546911,-0.5300342533414394,0.006334180161608103,-0.6502074890036326,0.02748533688388285,-0.4623791654207523,0.049350551762707126,-0.31715500775271815,-0.05640482713027069,-0.5083974682705836,-0.1129072588470261,-0.6925758389997844,-0.15294594857661553,-0.8104970191478343,-0.1806269668049297,-0.9438239399430278,i love you
0.0,0.0,0.17240109381649155,-0.037828966326275415,0.3469990417164108,-0.20166519918523473,0.4825718711861441,-0.34089019559528366,0.6053740745640895,-0.3652571526059225,0.2678736963029931,-0.4929423538061138,0.33252576734519373,-0.7323633085640272,0.3779752290551558,-0.8728522202074501,0.408842663214556,-1.0,0.15904777124575903,-0.5201159666309105,0.13372973878276892,-0.6164907488214447,0.13043598564976222,-0.41783091086235324,0.1278995851401702,-0.27672887576616767,0.05105426972987458,-0.522263659228257,0.01651121727260911,-0.660796342332288,0.03671748491697372,-0.4788313464397634,0.05408281657580483,-0.33261684896332544,-0.050040945206633866,-0.5032895179374153,-0.09875140787036196,-0.6890636653535125,-0.13455130029307222,-0.8128014649591376,-0.16086315877097215,-0.9494800292590564,i love you
0.0,0.0,0.17203461419539046,-0.03116477499730754,0.346519633034584,-0.19158453665525277,0.4872124247013509,-0.33107146760778455,0.6102046722910325,-0.3625035509721847,0.27516179471946717,-0.4897023810955461,0.34232781559691206,-0.7316236688364008,0.38544810930607254,-0.8738950897838096,0.4149038077378724,-1.0,0.1682569543602197,-0.5184608463059066,0.14421095995037858,-0.61276010286662,0.13530800791997077,-0.4061684161635176,0.13230361152912146,-0.26568407291097945,0.060623880758955334,-0.5226785861745787,0.025874862003141156,-0.6632032829021791,0.04431997446239684,-0.47572023603843255,0.06226320727816345,-0.32710760721798066,-0.040776785688038775,-0.5038645801514885,-0.0954944276126804,-0.6864188241745643,-0.13703916531910112,-0.8065579340944907,-0.16588922757302174,-0.9438755651156768,i love you
0.0,0.0,0.16617598376125084,-0.02355870300292401,0.34607102179924976,-0.17363346680728214,0.48384883234251885,-0.3053652071883095,0.599433509695021,-0.34780230600308265,0.27519480005644104,-0.48266341550006403,0.3526315387906269,-0.7236447971928588,0.402189186952199,-0.8684659900585565,0.43643241618967393,-1.0,0.1671170544564504,-0.5178634256988598,0.15149557709328593,-0.6087901965106405,0.13896992356472634,-0.39386029922712895,0.13075770388150776,-0.24352908464424183,0.05918134511491689,-0.5283508653571923,0.03559959180350346,-0.6741633180674402,0.04888007854875515,-0.4823407111812121,0.061866062190569324,-0.3261487946990472,-0.041764905461059126,-0.5156734532333547,-0.09188706082844418,-0.7115829828328964,-0.13014696728604283,-0.8388946655952351,-0.15596009347737114,-0.9795580141978955,i love you
0.0,0.0,0.17313098553426348,-0.02488949229017392,0.35810760775249756,-0.1747300295192858,0.48603087053827304,-0.3112394291790277,0.5911603880767456,-0.352848878934702,0.27695802163117655,-0.49262075459054305,0.3536543372984026,-0.7306073474162192,0.4044685226077816,-0.8709051759588423,0.4384278300153552,-1.0,0.16865140943532916,-0.523140998960383,0.15178686692921536,-0.6082148624589199,0.14888402942059162,-0.40356853033306467,0.14382572913519137,-0.25772632311153154,0.06135631648775735,-0.5303109192811608,0.03348391768240484,-0.6696348309267082,0.051229635286635204,-0.4792478864118416,0.06562083913982973,-0.32546457464892364,-0.03993052877610331,-0.5170762357428685,-0.08802134379858503,-0.7043767152672522,-0.12194685709308031,-0.8309346766834637,-0.14486896236647887,-0.9733776633585345,i love you
0.0,0.0,0.17252438699900155,-0.03709062837145987,0.34407790724064,-0.1715042768457732,0.4820199078544174,-0.2765752037901738,0.6030607732314097,-0.31810958492484337,0.25240094463552437,-0.4802447522425939,0.3264122129365811,-0.7170587559873657,0.37956241109786987,-0.8667944900768574,0.416568314501474,-1.0,0.1457468096053462,-0.5137778294743683,0.12652949957640508,-0.5971493518689545,0.11224233303362474,-0.39361018173924445,0.10241674979107457,-0.250491401821862,0.038978571105040355,-0.5250377537687801,0.014790699711558155,-0.6552670299429165,0.022333046788226653,-0.46343103450442263,0.03305721729578844,-0.309601187729168,-0.05636166934752979,-0.5156924581794626,-0.1098468781691461,-0.7130954105454224,-0.14711904294772044,-0.8359537940181659,-0.17067901616840786,-0.970673433654636,i love you
0.0,0.0,0.18181702854885273,-0.04950847935782449,0.35992474203699104,-0.18176241850024133,0.4946475507332788,-0.2866302639948821,0.6101905733632239,-0.31223397989456153,0.25227649599214197,-0.4895548012441909,0.32500348863972045,-0.7294910573024932,0.3797830458754613,-0.8677437955071153,0.42237036607459466,-1.0,0.14482131821649863,-0.522951503981278,0.11536904371401491,-0.6069813872764628,0.11555178198508735,-0.40271183594271504,0.11386998579776281,-0.25789486719911464,0.0352436580758536,-0.5319288764526182,0.0030250281960621564,-0.6603550982165349,0.021993109710017018,-0.45800040232624306,0.03844885714579131,-0.29788259202004624,-0.06656529978439904,-0.5238361988506518,-0.11525302756538859,-0.7134357634200872,-0.14890311730347178,-0.8320106707068438,-0.17628051200545133,-0.9659732881954701,i love you
0.0,0.0,0.16794525304782973,-0.051457064762083636,0.335583114699803,-0.18706324829977392,0.4672450020076609,-0.28983752806336877,0.5993872100963417,-0.3168585410402563,0.26225196002567813,-0.47963514622613335,0.34017840171652547,-0.7195967112944207,0.38961639280194327,-0.8675751378177678,0.425239382642675,-1.0,0.1585410228764431,-0.5144266266992195,0.13593825430305953,-0.5952370786555259,0.13089230809516342,-0.4033459431780111,0.12592410769451182,-0.2613593894949657,0.051948392773440315,-0.5249293784778866,0.02410264856560434,-0.6420295687813159,0.04444256227239292,-0.45409970384177256,0.06292729417188578,-0.2980565691702188,-0.04881043411300637,-0.5151594765216062,-0.09723379027437028,-0.7063189787653722,-0.13265337808139452,-0.8317325247614893,-0.16023045896501562,-0.9618485913728455,i love you
0.0,0.0,0.17558994357704966,-0.038569113415392826,0.3458252749256183,-0.17251136165006117,0.4834931858292313,-0.2833033081290774,0.6102184603789472,-0.32375839437048565,0.2711059800433415,-0.4686379340967911,0.3430264466134013,-0.7247568028936967,0.40248792178598747,-0.8686018474663239,0.44913981783769663,-1.0,0.16619185494678163,-0.5073991101450419,0.1427649125181138,-0.5889961267956387,0.1452353548424687,-0.40016707687016145,0.1489781093236952,-0.2770925781830006,0.05732664321035686,-0.5222540682037315,0.026975284887031933,-0.6440373421444856,0.047324643879463134,-0.4527010819410848,0.06689711833219623,-0.3066664646191263,-0.04485995756061896,-0.5193671965011004,-0.09258872588821039,-0.7171665698717985,-0.1285996766299598,-0.8376501612621299,-0.15796854942082839,-0.9733643781728512,i love you
0.0,0.0,0.1739970073408771,-0.04061490923640463,0.34455037659365567,-0.17753305533063254,0.48088895062497,-0.29157794451828367,0.6088244580692402,-0.3260666482817964,0.27159998422156284,-0.469937736352453,0.3457327688599374,-0.7243773882875868,0.40103677383865194,-0.8693061793499063,0.4431831470442553,-1.0,0.16639177731334584,-0.508423080963601,0.14278932121431273,-0.5947102731085496,0.14427073467561533,-0.4105008063142649,0.1466933190962265,-0.2857000688063385,0.05830394735362455,-0.5241883500247019,0.027753268825473063,-0.648132577094825,0.050320337817039235,-0.4607935843056523,0.07040399266710533,-0.31472039041959865,-0.042782259373152054,-0.5216401440732129,-0.094223781006479,-0.7214254571100067,-0.13056837391726447,-0.8430648553782126,-0.15917824057956506,-0.9773231578339562,i love you
0.0,0.0,0.17999258448510788,-0.04980482453305721,0.35118524219376734,-0.201421594263503,0.4900834373519998,-0.3120479642210722,0.6123688645726454,-0.3593569230084865,0.29952974130356785,-0.4778285653598801,0.3764413121036272,-0.7243034301065013,0.4230013248478789,-0.8692532234141622,0.45649283176597905,-1.0,0.1956226336699544,-0.5206888556852067,0.17292752487044682,-0.6154866297730827,0.16667662311332615,-0.43251188572654287,0.15872677891716014,-0.28813560703640134,0.08623796652794018,-0.5392107577135387,0.05751821767726929,-0.652468540830922,0.07719786231014483,-0.46768853579796726,0.08871607369913202,-0.31249210325685267,-0.019233351278227253,-0.5363721805934065,-0.06821764233439198,-0.7318717269637228,-0.10217785916833277,-0.8549481967827053,-0.1295810571789998,-0.9840765267628704,i love you
0.0,0.0,0.190160111834985,-0.06041535593645854,0.36040388768482934,-0.22223664256234907,0.4956809235050125,-0.33385205745506613,0.6206700572345631,-0.3702089221598397,0.2943671061391644,-0.4881103615449408,0.36371370556351296,-0.7250655459846864,0.4128757156944044,-0.8684617774600639,0.44761839628832106,-0.9898248564180143,0.18332422927897696,-0.5302811109266785,0.1648519484862695,-0.6343694580927522,0.1605644432076379,-0.4613860702662751,0.15175779379057433,-0.31965696226362184,0.06896961053246095,-0.5437820474811271,0.044577508035792836,-0.6559937881372568,0.0647541680856223,-0.4743265958666835,0.0769777967768674,-0.31626441205620504,-0.03906510952646732,-0.5316937406609106,-0.08219873727961294,-0.7393676276618427,-0.11135089299316644,-0.8691832220236607,-0.13425690364552223,-1.0,i love you
0.0,0.0,0.19438135305059312,-0.04513787817711054,0.3747630518184712,-0.19487057345581768,0.5167244039809306,-0.30333239177362903,0.6406992657730064,-0.3526281838175013,0.29359554995560194,-0.4924102187779176,0.3650985934798455,-0.7230668397665874,0.41153604234824187,-0.8698192888989537,0.44802662241393504,-1.0,0.18900245627018156,-0.5268529782958137,0.2448668192809138,-0.6237208015240974,0.253442480726606,-0.42724210843424365,0.2390033553189535,-0.2768630171950402,0.07919947548403149,-0.534896219037464,0.08588638769499234,-0.6428129782659412,0.10733958715105921,-0.4546172531078507,0.11148308176914645,-0.30388560836619743,-0.029430892935814752,-0.5212646290027849,-0.06845920332099999,-0.7302356765876268,-0.09881548457263903,-0.8594669577171905,-0.1317777721479516,-0.9970542221771836,i love you
0.0,0.0,0.19412479537944743,-0.04039201046866661,0.37929839465262455,-0.1934239612903321,0.523278113400067,-0.30042996796097776,0.6482255863394374,-0.3342369776762761,0.295752439956153,-0.48406968335418515,0.36323793527462106,-0.7200490970059448,0.41089090495116565,-0.8650182185626643,0.444650889494196,-1.0,0.1855373628340186,-0.5152318678915248,0.1736488540652722,-0.5937428919151972,0.17917084739190045,-0.3916852680187767,0.17117117270613566,-0.25200062859252015,0.07644867489255061,-0.5197300414349697,0.05104565411588672,-0.6340979296940734,0.08005620984721874,-0.45262597251378683,0.09263544342891654,-0.3093021640495852,-0.027399659612720447,-0.5028087601535043,-0.07796148831489783,-0.707925064820054,-0.10961133183977297,-0.8321073564237152,-0.13768189526892122,-0.9671649006385938,i love you
0.0,0.0,0.2048862883075825,-0.040515642890585526,0.38653277844994227,-0.18886014806161663,0.5181967101024008,-0.2981051914278165,0.6396812897214458,-0.32273318313933275,0.29742659500002316,-0.49467101024007865,0.36409326166668987,-0.7241171466848383,0.40508057861775165,-0.8692246002938981,0.4340141316793451,-1.0,0.18265438923424238,-0.5226470765479485,0.16701787262250778,-0.6032436573166265,0.163439234010597,-0.4024040311328058,0.14924653835277976,-0.24974411392493082,0.0666193833701865,-0.528713477130182,0.03626924360632484,-0.6257133056123418,0.06037740878264054,-0.43665052312941255,0.07227147565605574,-0.28641184678357695,-0.04504365592594138,-0.5168196999828483,-0.09666032746000622,-0.7186985736205562,-0.12666905400957718,-0.8396450739612741,-0.15224839028189188,-0.9704146791457484,i love you
0.0,0.0,0.19053240080735195,-0.02975192190296818,0.3658159576742544,-0.18021578185730877,0.4941963401841767,-0.30632872183548976,0.6192434126801716,-0.3306092285809692,0.290665759371145,-0.48758750678182355,0.3611932551405213,-0.724182673305986,0.4025335567673684,-0.8700859968502876,0.43100530015971517,-1.0,0.17639885011440443,-0.5194205434752501,0.16671179824868987,-0.5894202812741246,0.16041453486060656,-0.38185493134055926,0.14579161790209183,-0.23588079642937806,0.06434591938549611,-0.5268999869923217,0.037287843883743545,-0.6371930988436247,0.0644574543979063,-0.45395887582945277,0.08071250226724347,-0.3072885713354563,-0.041292809665927896,-0.5139385492701793,-0.09306325593622496,-0.7188656781172343,-0.12234964286898538,-0.8420024362522802,-0.14420680832238886,-0.9769365956158493,i love you
0.0,0.0,0.19701801195395027,-0.023240133468365568,0.3764750713410286,-0.17536356670835135,0.5072451291936793,-0.30474269215989147,0.6326524771716466,-0.33159187110233346,0.3010254362366624,-0.481186352013131,0.374748646320612,-0.718929880835757,0.4126706907774642,-0.8665099693545479,0.4400343147229942,-1.0,0.1866753802034184,-0.517743439174033,0.17992564568680794,-0.5845966362123883,0.16909138335077362,-0.3726739135294496,0.15162329753155473,-0.2205554224554899,0.07259754557093712,-0.5301252890807956,0.04696775989486289,-0.6286469665415935,0.0748257153770956,-0.4349222761065179,0.09142685332806322,-0.2807977828293866,-0.0353675767588781,-0.520459791542885,-0.0862834951710728,-0.7246046942416927,-0.11506575063427817,-0.8464371896384386,-0.13636660114082433,-0.980322593565978,i love you
0.0,0.0,0.19432389793305285,-0.02684550484726541,0.37540161423083956,-0.18311551124931408,0.5080765273458936,-0.30756196268520214,0.6318528214743003,-0.3325773961953539,0.2927710010060362,-0.49274779357965975,0.36418625388695813,-0.727828104993598,0.4087856685567953,-0.8720413389427474,0.4425972882751052,-1.0,0.17858497576367294,-0.5220438540332907,0.16965000228644594,-0.5986119558258642,0.16465440369489664,-0.3881926788000732,0.15194622279129322,-0.23271629778672032,0.06774024830803,-0.5285739436619719,0.0434730542344979,-0.6364900768245839,0.0705801284982623,-0.44871181635266144,0.08619020943844888,-0.29669311322480335,-0.037017960032924825,-0.5161652871776111,-0.0838315689592098,-0.7196334827144686,-0.11265650722516919,-0.8422511203585147,-0.1346425713371136,-0.9763284822571794,i love you
0.0,0.0,0.18457477441644587,-0.03947031792081428,0.35302167778290827,-0.19668781800679724,0.48704623721942747,-0.31173071632900085,0.6101087708421439,-0.35185287236857654,0.2852203249429909,-0.49874853273097036,0.35859314870853587,-0.7343249115810863,0.4082677165575945,-0.8736227175604007,0.4452902078434814,-1.0,0.17468923842848022,-0.527471965191169,0.17473736637248202,-0.605283086033569,0.16638246787375302,-0.40385379304770175,0.14845371107821398,-0.252942911195725,0.06697360849307918,-0.5352143722762328,0.05591954854074666,-0.6470767734148217,0.07648718020740274,-0.4600807412401372,0.08459305177716796,-0.30938263556164214,-0.0330556791902707,-0.5222708261293869,-0.08032086646961041,-0.7218230730091905,-0.10839960964015664,-0.8384520544637204,-0.12905178887627555,-0.9697187419839531,i love you
0.0,0.0,0.14152759783869598,-0.04068088716586227,0.2818954478968611,-0.18658645670307866,0.39814631069696077,-0.3105349098244472,0.5073393798131098,-0.37359993350944903,0.3010326968864265,-0.47808968765070614,0.388661702181803,-0.7206745157189722,0.4465607869718694,-0.8660961893251858,0.48850828979294997,-1.0,0.2009944919033479,-0.5245108015829761,0.20698704873079163,-0.642170018212114,0.20358155212215392,-0.46332843550453234,0.19148133262547,-0.3234540735308531,0.1020740549232038,-0.5430428985366267,0.09879477976951635,-0.6824515896709209,0.118117326594601,-0.513338030479237,0.12232094679745925,-0.370192349196818,0.005909048667709127,-0.5371126342823904,-0.03043488736188075,-0.734420861602209,-0.05849780444070438,-0.8508087793482515,-0.0831368587581919,-0.9783256264141726,i love you
0.0,0.0,0.14940855325071736,-0.042390876730905955,0.29254394055995947,-0.19823842211448622,0.4023604341299264,-0.3330342113575671,0.5040225388389958,-0.4025300918473128,0.30778879366545076,-0.48940188639547955,0.39357446328490925,-0.7276546248941682,0.4507354783192538,-0.8698153396044896,0.49321921320965917,-1.0,0.21628772686718994,-0.52891387845205,0.2175896568631815,-0.6383119468445637,0.20774055024544869,-0.4499341822717771,0.19394345050778425,-0.31596228381037145,0.1239900407370098,-0.5382124285913429,0.11113549639504115,-0.6793152477042116,0.1301479791686693,-0.5012220877556938,0.13842204687105755,-0.36219595573415475,0.029631388041288974,-0.5220385994690632,-0.01939828363412127,-0.7199177033292242,-0.04805426657887213,-0.8417313809529658,-0.0699982893363335,-0.9767317060692161,i love you
0.0,0.0,0.16751527139583802,-0.08530706120652508,0.31847924611495193,-0.21806187276651492,0.44297361049155193,-0.31867470687409577,0.5657269723286185,-0.35973857897175987,0.2635088355727173,-0.5081912379329075,0.3360730810847811,-0.7395040879577057,0.38410284452143395,-0.8739191933302308,0.4254843327673002,-1.0,0.16725287700821367,-0.5335589617605085,0.17127933223662511,-0.6346106571565491,0.17171430979686828,-0.4476287442250023,0.16831101089743797,-0.3094882332440946,0.06911925721755996,-0.5304726721767465,0.0592780112835655,-0.6630099342733614,0.07984338380501112,-0.47582964778650855,0.0952204595287909,-0.3305962961005366,-0.03124471486790075,-0.506921562222393,-0.0812089997391227,-0.6922514949471179,-0.10665573316262729,-0.8069265200441944,-0.12702946796989212,-0.9430143896378247,i love you
0.0,0.0,0.18559560533361524,-0.07060180264646758,0.35313043082108353,-0.2071814387306265,0.47921135436408197,-0.31447155485115674,0.5944134695069065,-0.35997139526140015,0.26035507830102683,-0.5067171081222244,0.3346580072979927,-0.7435451244663464,0.38340007783870605,-0.8777559068532688,0.4283323342614457,-1.0,0.15389848873844947,-0.5319723125003697,0.1663068820215731,-0.6079264515204648,0.16762531791258467,-0.4291774836996887,0.1604153962068661,-0.2869885625669159,0.047351752669811925,-0.5301770617822158,0.04512154333032257,-0.6486366966777969,0.06902800930812833,-0.47586742403107296,0.0838206150945862,-0.3287162248525062,-0.05742394701460958,-0.509541744767983,-0.10077853580557992,-0.7002007056956299,-0.125321907949763,-0.8236147316825223,-0.1464288510052944,-0.9556067546507174,i love you
0.0,0.0,0.1854561170436913,-0.05450775358879902,0.3624752777813629,-0.19987619760340733,0.48774617927424885,-0.31225850369210284,0.5965152665055699,-0.3639557016772707,0.265350485120756,-0.5011462335938375,0.3400481710794809,-0.7392144902263178,0.39165170973761493,-0.8780285445136052,0.4340112561866817,-1.0,0.15669325307970275,-0.5332148909584685,0.17771927831256926,-0.5965415729279973,0.1742246146726222,-0.40608293350039676,0.1607432431812942,-0.25446815995461475,0.04726156842557896,-0.53870975954872,0.052883737531866565,-0.6523426433384416,0.07354908972373109,-0.48074281720062007,0.08369271926385462,-0.333915671483422,-0.05803923211482408,-0.5252158343222926,-0.09373690629560646,-0.7253397918774089,-0.11746931934141977,-0.8517063241274255,-0.13805850280346768,-0.9792828812825008,i love you
0.0,0.0,0.1849136676862372,-0.06270474673650893,0.355468012016714,-0.20512006442381067,0.4839931407765594,-0.31957317731376467,0.5956075421576673,-0.3736353921586571,0.2687180341474584,-0.5039814049455583,0.34290215671106883,-0.7405008308833884,0.38925577575075515,-0.8743102958198853,0.43041769025249965,-1.0,0.1662841751918278,-0.5324778104271103,0.17967639435828497,-0.6161836437178007,0.18347690614808887,-0.43562455948613343,0.17740893618912693,-0.29334781574222407,0.060083196658089526,-0.5364583562889226,0.06004457524098233,-0.6650966599944496,0.08757454885964103,-0.48765171699092097,0.10256854834643186,-0.33793605503514584,-0.045712667862162625,-0.5225214780274391,-0.09234687112361804,-0.7198180535328699,-0.11719993978943484,-0.8424689917456992,-0.13760885618228413,-0.9741485266153482,i love you
0.0,0.0,0.1831154693452671,-0.05641569022640276,0.35581886223444714,-0.2063432381670415,0.48421653644311846,-0.33212944551849855,0.5973010655744214,-0.3806331050727462,0.26839108132247336,-0.5059021565771576,0.3437185336759862,-0.7419081964906981,0.387693554610993,-0.877361782361177,0.4263133951467736,-1.0,0.16393135359830102,-0.533233138102004,0.1861318606411663,-0.6014491708408377,0.19641071801036158,-0.4174293675480573,0.19466266317920058,-0.27512739682935333,0.05709142864829464,-0.5385584171368366,0.0623086089836664,-0.6652045520735097,0.09645783089182075,-0.49210125882313094,0.1173918652406282,-0.3452187880401673,-0.04997020397916661,-0.5280117440242245,-0.09786497775549176,-0.7281649945942547,-0.12319191959790525,-0.8472307690063687,-0.1426415011165607,-0.976960877184481,i love you
0.0,0.0,0.18015523051552304,-0.05063577627569884,0.35430223580901143,-0.17809955871904679,0.48029245636257895,-0.30177645820794885,0.5961672724955152,-0.3573492145228002,0.27133220061806856,-0.4924098481046212,0.34326459909918716,-0.7392194693764924,0.3875513940581697,-0.8763823073352004,0.4248098682385626,-1.0,0.1654344585889004,-0.5232618542201248,0.19327388750920693,-0.6114392834924132,0.20459180606524122,-0.4284953572434751,0.19982601884623824,-0.2853142451980912,0.05677843901117723,-0.5345617572440545,0.06285211764884813,-0.6738457204148751,0.09985484369760558,-0.5023240036414913,0.12224009290582748,-0.3581055047499444,-0.05272883709106553,-0.5314285031428503,-0.10081989682441392,-0.728559796719616,-0.12395319800138041,-0.8411341492649301,-0.142397934315551,-0.9656899170235371,i love you
0.0,0.0,0.17615691418309973,-0.04081405964043295,0.34745803176874884,-0.18663807731607146,0.47929259320324114,-0.31812868305477016,0.6032048092576413,-0.3708700227809932,0.26933609768745015,-0.49516661138752716,0.3419153319099146,-0.7375989216306158,0.3859830859580385,-0.8778299245854454,0.42095704732960515,-1.0,0.1604943283969474,-0.5226690448763661,0.1823042172194321,-0.6050676505773057,0.18855700733433053,-0.41738597520421283,0.1835074664414076,-0.2738910132432566,0.04674928874122938,-0.530732803429549,0.05088014807416429,-0.6680099848881282,0.08208837654286308,-0.49604359301637047,0.10208573890765793,-0.35044805430412485,-0.06626549805435453,-0.5231359008087862,-0.11556022391121709,-0.7289553049140207,-0.1392486258956206,-0.8527802718817181,-0.15595022732877847,-0.9858055267347423,i love you
0.0,0.0,0.18309222294447264,-0.05590787669445486,0.35067398617391266,-0.22581635122247476,0.4740903677625367,-0.36630742879375217,0.5922833920886692,-0.3970785866455369,0.26273655942038615,-0.5015869159854053,0.3266404126000541,-0.7457000109128349,0.36632004972456955,-0.8808510113351142,0.40040538809362264,-1.0,0.15171886639368765,-0.5248050635554016,0.17476098519175748,-0.6166310655197119,0.18283961453969189,-0.4293526791009722,0.17765478432916906,-0.2833810809400221,0.04082197370481256,-0.5296406830485716,0.04468027766047798,-0.673236604495139,0.08036743040695385,-0.5041689876210494,0.10208017612366614,-0.36077471638490993,-0.06759229648749057,-0.5169328291287287,-0.11648435906073705,-0.7139151930385602,-0.14158587214902188,-0.8307021697562642,-0.16103434696172442,-0.9594188678171008,i love you
0.0,0.0,0.17775459863762008,-0.04766715216009982,0.34285033079285343,-0.21274164638011406,0.46490839626873504,-0.34982819375301033,0.5806251602455067,-0.39203565897372916,0.2536587869122041,-0.49849191440093454,0.3159909735892341,-0.7386234819681281,0.3547903748524396,-0.8788708299170048,0.385987268001985,-1.0,0.14173188923061783,-0.5218045364229628,0.1642515002054602,-0.6070259318072003,0.17159540522556993,-0.4211258642686443,0.16525179734435477,-0.2748788476699967,0.02896469966868821,-0.5256056463309112,0.03288180137667948,-0.6623369147603457,0.06628042454344205,-0.49236260785699815,0.0864691481031737,-0.3462952007647963,-0.08062285386340144,-0.5108087636369647,-0.13351674837025274,-0.7146164467339131,-0.16016468721422483,-0.8379001621002223,-0.17948842138523616,-0.9686586696711138,i love you
0.0,0.0,0.1762453699235359,-0.04787225734674842,0.33830956003410506,-0.19287950407470758,0.45647938376981234,-0.3261325940963296,0.5713355164960678,-0.38437694359086083,0.25436615860141953,-0.4938993523800065,0.31543871438760845,-0.7429220753475486,0.35602609783222916,-0.8797469672473527,0.3878695500861237,-1.0,0.14576335738763768,-0.5196184284352073,0.16689020255996323,-0.6015790417979414,0.17544270319172411,-0.41813800541372026,0.1677041829179063,-0.27831380114209553,0.03673013777793975,-0.5242082564240371,0.03878451206633269,-0.6624457496608915,0.07789782013457007,-0.500226572884382,0.10067074784870898,-0.3648732533463303,-0.06823007630390042,-0.5094586920487034,-0.12164530961089537,-0.7055335446011176,-0.14790854104683682,-0.8166014147439176,-0.16855931283638015,-0.9402430287037709,i love you
0.0,0.0,0.1831879502013384,-0.051767812705372875,0.35395456728459174,-0.18615624777027864,0.4704595530137969,-0.31810116843469716,0.5719716755859375,-0.3967723869226995,0.2721622882118875,-0.4981802004560687,0.34288566677008914,-0.7587918237903476,0.3819955429279686,-0.8860759113077127,0.40912630078401774,-1.0,0.16781196526439623,-0.5223448579402249,0.19858162835660878,-0.6312001286863618,0.20900316523580956,-0.46273524897307056,0.20215797129789934,-0.3362872527531746,0.05930084496103502,-0.53329002156838,0.07207245754523826,-0.6991847589460901,0.10647420299857263,-0.5328572893920136,0.12324031981475085,-0.3959473972524167,-0.04672813653058654,-0.5315360801148926,-0.0966663779472652,-0.7428444519791599,-0.1152116461619998,-0.8561765695301271,-0.12967799152136353,-0.976273162938004,i love you
0.0,0.0,0.18040810973163846,-0.040260902126381476,0.357764029157964,-0.16470193905598227,0.49749429921888433,-0.2719462782890148,0.6222639708657481,-0.31418639874642096,0.27688382657769367,-0.478559085582853,0.3556526653374724,-0.7296920787794599,0.4018549274706513,-0.8717362534110826,0.4362391838299369,-1.0,0.16951178787166227,-0.513506257027176,0.21077921872622615,-0.5990206907726386,0.21336618280834113,-0.4159604087173539,0.19682786605041586,-0.27755863307717693,0.0598050965180775,-0.5272543279500307,0.07905968233706338,-0.6714140654176983,0.1150511736495472,-0.5116725222350224,0.13261948422256956,-0.3778763256539102,-0.0467827142831737,-0.5237348119137434,-0.09372560865965447,-0.7313819355386892,-0.11740064635199408,-0.8500627876325654,-0.13747144669423855,-0.9798258297748735,i love you
0.0,0.0,0.17750046127586008,-0.037774024920727255,0.3558955334148736,-0.17329548815571968,0.49931318352838655,-0.28202343155509496,0.6241062386899312,-0.31503542825152914,0.2727488290641298,-0.4904393183739831,0.3503960931130318,-0.738484402331224,0.4001892174974205,-0.8781826461099153,0.43994830186295036,-1.0,0.16643965769177813,-0.5203748001662355,0.2041911537232954,-0.6252579809533975,0.20175350273883327,-0.4436023870050346,0.18381975176939883,-0.3016036793326012,0.05587705720852715,-0.5301208731542987,0.0725282976693046,-0.6831489194817499,0.10477066220082831,-0.5168570210968574,0.11964388245004565,-0.37752930832282616,-0.05455905425988571,-0.5236385943282074,-0.1041681717391069,-0.7364555437051641,-0.1276228850218631,-0.8587437387937655,-0.1459651766302672,-0.9936875059311391,i love you
0.0,0.0,0.17781508128435755,-0.03717877141210409,0.35629003835857215,-0.17198379579816378,0.5005085131751938,-0.28078003287590975,0.6254876334110336,-0.31480012861433104,0.27271254345875234,-0.48535080762676963,0.3505650954550083,-0.7344693429884372,0.4007600484962306,-0.8760756527152221,0.44125387435623864,-1.0,0.16681288771778283,-0.5164384564875747,0.20547957745878348,-0.6224366797638593,0.20481970166892643,-0.4431232716195223,0.18758819035522936,-0.3029639985212362,0.05657287451525088,-0.5274514347971991,0.07454201209195423,-0.6811391648194659,0.10747360120628605,-0.518126895794803,0.12264284392169374,-0.381069615767194,-0.05387054395735863,-0.5225774833626528,-0.10375637616581819,-0.7373476153428269,-0.12657112387556513,-0.8604234792383664,-0.1443098943245666,-0.9939309485507563,i love you
0.0,0.0,0.18204459561701805,-0.04960275560929697,0.35983483280128103,-0.16768155019327713,0.49208351402248635,-0.27481196274836156,0.6030552749705397,-0.33875790879381346,0.2832654538205861,-0.4795279299189943,0.3601250311959987,-0.7292279355204676,0.4017905254103079,-0.8612695200168518,0.4345459953278979,-0.9819881075198859,0.17833263336831842,-0.5141529244292874,0.23020359120184739,-0.6238731637095007,0.23425703293902994,-0.4435462217536504,0.21800145217538344,-0.2993545682644716,0.06882067422278243,-0.5324955142191954,0.09625027382789171,-0.7001579983647905,0.126104811718177,-0.5451372242622162,0.13834547730995686,-0.40963837361616656,-0.04108233613520957,-0.5355071608130394,-0.08501182489426233,-0.7523380891507351,-0.10597671943535045,-0.8742325915808015,-0.12471614599701097,-1.0,i love you
0.0,0.0,0.18097415831768765,-0.03015878290439242,0.3623589811753369,-0.145530319393446,0.5034201737916826,-0.25762041636898336,0.6211784383117063,-0.3194839970979337,0.298979292316724,-0.47569962505745983,0.37853564723279115,-0.7297126732793904,0.4243711266552578,-0.8723310958623401,0.46136568805002187,-0.9999115257447622,0.1898791821046627,-0.5177527262254861,0.221142439397212,-0.6198132487081928,0.21833826241547177,-0.4401025138318906,0.20072343972397141,-0.2993827570737867,0.07565116498025598,-0.5347608287503947,0.09063086713077576,-0.6889879320562026,0.12174999030798456,-0.5226499631703413,0.13714907981236257,-0.381175890696219,-0.03723367726142412,-0.5323325635103926,-0.0818137637695848,-0.7428049246515028,-0.10463112189232447,-0.8659418423690609,-0.12206442698035568,-1.0,i love you
0.0,0.0,0.18084752719784172,-0.022245220862963575,0.3602165302535425,-0.13642809280068482,0.4971681968558909,-0.25261797425633503,0.6112817454331131,-0.3140199480074796,0.2926071687932613,-0.4707162829207026,0.3750635171782305,-0.7233576924021456,0.4208274599092762,-0.8710062061247329,0.4567373816398343,-1.0,0.1796436302146007,-0.5117826558284597,0.21213621900007368,-0.6150284345059132,0.20406902866605156,-0.4433088573222799,0.18268235096003732,-0.30639213306155955,0.064599548836834,-0.529792696489277,0.08298988566557092,-0.6792909090271224,0.1120651415059588,-0.5171300970737543,0.125232510410783,-0.3765574776961911,-0.04719475443883511,-0.5289316273799208,-0.09182917545195253,-0.7434145964966443,-0.11552457365782466,-0.8680731543883161,-0.1324725916622521,-0.9997207419283541,i love you
0.0,0.0,0.17775632698968313,-0.02377416843603092,0.3588498276056565,-0.1335087247062818,0.49204735455379073,-0.2473264077754484,0.6033084412356994,-0.3116327927883654,0.2894592893577906,-0.46268112016673163,0.3701530495425714,-0.7099128702122455,0.41487058975954144,-0.8546075417918066,0.4484577491452882,-0.9827829037529138,0.17846793532224395,-0.5039826053157994,0.20708612233911258,-0.6064773809909407,0.20253934019932293,-0.4345437609107693,0.1818788247028194,-0.29828102679344287,0.06469353233608575,-0.5222830997698058,0.07961552766518751,-0.6756819544950415,0.10587760280834686,-0.5100906815468246,0.11659109871097952,-0.36817668549396815,-0.046211819986128035,-0.5214049329242482,-0.09232646920524365,-0.7367051961788433,-0.11338083345712367,-0.8649253739678399,-0.1286457187341888,-1.0,i love you
0.0,0.0,0.1794538390579882,-0.02828751625345923,0.34991528500037306,-0.14070207119301578,0.4711929878392128,-0.2526172505616229,0.5803307224402391,-0.3094242258351267,0.279776770456863,-0.4798635952973185,0.36011825168808226,-0.725427550161815,0.4030414962376368,-0.8728171181586315,0.43555442285513724,-1.0,0.16686186187444965,-0.5166047267700237,0.19776124929404168,-0.5763836433961004,0.19296604218172633,-0.38904291192686036,0.17787062008920573,-0.256208451156067,0.050517972909643764,-0.5253570730946671,0.06243032984217552,-0.6392147032711475,0.09292297907289403,-0.4610468890466845,0.10929436583075053,-0.32081401292005046,-0.06078283757662844,-0.5151926703850166,-0.11036703126392879,-0.7274991064614504,-0.13773012984044294,-0.8492683602959813,-0.1579305283907727,-0.982589202253813,i love you
0.0,0.0,0.18055265409308194,-0.024708171728347404,0.3572701515573332,-0.14015130167492895,0.484533733685718,-0.2562441708853813,0.5948809303362274,-0.30705801875006267,0.27905284400056896,-0.4823585196284113,0.3610608151713553,-0.7236990842772562,0.4101551139494359,-0.8702604875332691,0.44676961644055035,-0.9999967513036806,0.16614609839340666,-0.5179283543813543,0.19426780246739897,-0.5940546314897829,0.19376270081357244,-0.40640851960722413,0.18080930110231092,-0.26788410854996136,0.05043417413831508,-0.526631188077906,0.06231140788187401,-0.6522506473733655,0.09247456447341529,-0.4743133350650297,0.10801279647355427,-0.32943164905378897,-0.059910197558873085,-0.5158989079154204,-0.11036541759943094,-0.7325329958079105,-0.13818485166805725,-0.8617209361386815,-0.15801206904807408,-1.0,i love you
0.0,0.0,0.17881050691381112,-0.042167993415472386,0.3539496313338523,-0.16519921794455128,0.4947598800756924,-0.24812125629222784,0.6121571581891635,-0.2717788334396674,0.27290733625357055,-0.49768759021025594,0.35138261942881166,-0.7425968330524095,0.40135945820441393,-0.8801213865205673,0.4434257821268458,-1.0,0.16331847511753395,-0.5320964306582643,0.20580332893336706,-0.5652201230200866,0.20045854083715117,-0.37204008976616587,0.19243236265622404,-0.25019120147637813,0.05068995316920374,-0.5306008038744073,0.06960619064400769,-0.6051622399502847,0.09186481270251792,-0.43978138774288583,0.10630345145081796,-0.3219992791747179,-0.0563691653562916,-0.5095823497190666,-0.1041009932195587,-0.7065509995310637,-0.13798249456953537,-0.8192302134316823,-0.16491976963292174,-0.9437596350407906,i love you
0.0,0.0,0.17948457334999177,-0.045265191280281954,0.3555429766000628,-0.16557604563791628,0.49190289760283235,-0.2542101080120665,0.6006877074810969,-0.29776519945407587,0.2729949079396254,-0.4928973995536682,0.35213983527601905,-0.7389419585291549,0.40175021539723854,-0.8795411644344154,0.44181132978813387,-1.0,0.1624815183412117,-0.523795193439585,0.20288877513494935,-0.5603006364044859,0.19539148705761472,-0.37803612020850424,0.18135559031352824,-0.25770365860436806,0.051392835804685844,-0.5246088768539053,0.07274989313652923,-0.6127690013343896,0.09785125884244579,-0.45719057179171124,0.11132422995398367,-0.3389997863441349,-0.054633638474090564,-0.5064741423095901,-0.10721288269525381,-0.7136151382643439,-0.14036394279367767,-0.826694104078979,-0.16526970605757735,-0.948507230680243,i love you
0.0,0.0,0.17962400035214443,-0.04467276850905725,0.3550960583613859,-0.16451013818392338,0.4896806155461793,-0.2542160819174549,0.5979127465313703,-0.29952504662850915,0.2724998137423793,-0.4926694271256909,0.3514587996006181,-0.7398736753094476,0.4011849546008624,-0.8806039504849608,0.4412060547758377,-1.0,0.16120465303588524,-0.5232757921931916,0.2007674811146169,-0.5590438082197517,0.19611182408961336,-0.3793854766350321,0.18382337962636508,-0.25987774377418765,0.04966974351435295,-0.5247829475485719,0.06890734228253123,-0.611770313512531,0.09439265556642473,-0.4587154107489807,0.10836361533235696,-0.341711721067425,-0.056579865629550044,-0.5077310089521894,-0.10924554338577465,-0.7147457772227799,-0.14178115278011044,-0.8293563948046161,-0.166571294217666,-0.9518908318087275,i love you
0.0,0.0,0.19072417686228427,-0.04690767493836547,0.38118860548528066,-0.15594356504842438,0.5372541339293258,-0.21737840141932213,0.6687180786925032,-0.21506171132769597,0.2933978479758531,-0.5377906807062818,0.38850855971060577,-0.7536631260416427,0.4544333079882952,-0.8892114621014877,0.5089810526639171,-1.0,0.16699400167430858,-0.5699229664447055,0.19032464689753692,-0.5572741027472485,0.1981949724660722,-0.3712442877660269,0.19633725797408663,-0.246082194726696,0.04602121302888566,-0.5425033217360583,0.04827108438361635,-0.5542674131932444,0.09387233781095673,-0.38926507069729577,0.12459651467324101,-0.27264072256399624,-0.05881078008955247,-0.4847587229172907,-0.12125434897813414,-0.6432678202499175,-0.16698586054084774,-0.7393746687864335,-0.20846816125588505,-0.854487070190395,i love you
0.0,0.0,0.1866953888219625,-0.04925711693319723,0.3752102051013245,-0.16125206526703634,0.5310246789831683,-0.22173718461571473,0.661266319058085,-0.22079367560823837,0.28961251145667616,-0.5505025610843917,0.38410993504562746,-0.7535770884869217,0.4486087993403407,-0.889450815224888,0.502561084391639,-1.0,0.16352684770513964,-0.5879716395538104,0.185692412385165,-0.5428815341370632,0.1878626670222451,-0.3565247111691481,0.18679347942702826,-0.24269148358974832,0.04174720824941989,-0.5563778817946903,0.04483522311014655,-0.5362518353671807,0.08447057128581456,-0.3650058701096469,0.11400411980541277,-0.2540129786131828,-0.06291454775633068,-0.4934619546392258,-0.12413657277556563,-0.6443832399939919,-0.1708169721269415,-0.7365062578740701,-0.21066995883259917,-0.8483379773104169,i love you
0.0,0.0,0.18506257334508094,-0.05341287750643454,0.36920473175682456,-0.1498978280562051,0.5139549278600399,-0.19906830835728084,0.6368577387347532,-0.19274343751277923,0.2994729997162235,-0.5219440427374894,0.379712673162547,-0.7422261959198139,0.43061648283151976,-0.8816924481983908,0.47379822497159135,-1.0,0.17251661455835574,-0.551186656802644,0.17562142723486412,-0.6241760876757958,0.1850376344685634,-0.44871017989449463,0.19187367483174778,-0.31060952473007153,0.04933374474734595,-0.5317681012871558,0.0454722462833329,-0.5678901276746557,0.08179936007772255,-0.38146288661454597,0.10607108292346831,-0.2445019845769313,-0.06066064168193979,-0.4842903665921908,-0.13156883811478204,-0.6626498036489449,-0.18071980103423535,-0.7608445387887823,-0.21996553788044954,-0.8768598825487346,i love you
0.0,0.0,0.1878220178725116,-0.04700374537710899,0.37244962472494836,-0.1483852708817246,0.5305345343724712,-0.20609551731354459,0.6604288687404871,-0.20564934773584628,0.29618035542332927,-0.510414859266757,0.3785692389608328,-0.7344221084242276,0.4308870146140931,-0.8774759352382662,0.4744781274934275,-1.0,0.16903426249768994,-0.5437326195456789,0.18095847391178707,-0.6330873334590473,0.18777620861910516,-0.4538570606963195,0.18752927791752388,-0.30207060963017185,0.04306524775118924,-0.5330038413882839,0.044991275847322154,-0.5889055635965786,0.0827534749926972,-0.40498831393395124,0.10609297584126655,-0.26105501220691096,-0.06896755669444192,-0.4939872217283957,-0.13909948420663237,-0.6806828339863243,-0.18688183001064596,-0.7859457524311065,-0.2259298258714975,-0.9037836246979648,i love you
0.0,0.0,0.1914816087643979,-0.03749201410140097,0.37831726959424555,-0.14637993718629488,0.5449495201751567,-0.1988959518482929,0.6909944409945528,-0.18583732100218647,0.28074878468973713,-0.49268249409024867,0.3684543400423579,-0.7190720031727407,0.4234621787096875,-0.8746524410198989,0.47521527448008727,-1.0,0.15784623389867655,-0.5260049186426097,0.15228573750192892,-0.621930228033281,0.15867266724167622,-0.5264918627700202,0.16527787199750713,-0.42851500678009313,0.038489608454280407,-0.5115096087971988,0.0320224656280215,-0.5204096831210345,0.05430187404905373,-0.3496208142522851,0.07053756931983626,-0.22313014424191552,-0.06415287600443409,-0.46579798975270365,-0.1296660943905259,-0.618335548635893,-0.1768749249866001,-0.7141767684711877,-0.21493558725148668,-0.8180865600588031,i love you
0.0,0.0,0.17857380599086942,-0.04404907123772764,0.35849077268651486,-0.14320371778007382,0.5129992011870679,-0.19655492009594858,0.6420036492778822,-0.19679274331932944,0.2738614070941871,-0.49633905853865024,0.3551339377153495,-0.7215270697447895,0.4038939570143058,-0.8719178280936364,0.4465567691999581,-1.0,0.1585167170381564,-0.5262183035125011,0.15730640734452733,-0.614635629787757,0.15077537198283122,-0.4743745476807115,0.15069514931657116,-0.36310826987587674,0.04398463707493366,-0.509886163467622,0.038399916249812246,-0.5227613324472806,0.051933792973177184,-0.34684212862026115,0.06427755790824803,-0.2287270540416293,-0.05883891629988029,-0.46842157068015167,-0.11971156253271492,-0.6341035657552765,-0.16373175930013972,-0.731028904055967,-0.19864568777565875,-0.8396119897041888,i love you
0.0,0.0,0.18129255596131832,-0.05093626640955612,0.3538424693896088,-0.15093209156009046,0.5034049000321013,-0.21075627398070204,0.627491581190385,-0.22370705194133322,0.27328931311878746,-0.5068755257348441,0.3548318805045249,-0.7283385960883917,0.4002447928625871,-0.8738612957040235,0.43865961380385765,-1.0,0.15707236424546084,-0.5373079216640273,0.16543715469340525,-0.5776222991121674,0.1581801097759742,-0.4120929028123253,0.15286056172035392,-0.29152719942635313,0.04254481898360469,-0.5182359117166022,0.04015824371981344,-0.5419194378170277,0.06282344505192893,-0.37779059067914084,0.07865063787750654,-0.2592161212376285,-0.058243522354344296,-0.47456106253303915,-0.12144425532250994,-0.6409632280387404,-0.16799495520217272,-0.7392205668881405,-0.20762979127445177,-0.8484839936835656,i love you
0.0,0.0,0.17737702362451566,-0.040577318109549454,0.34935121977168876,-0.13574218222171777,0.49789547886389995,-0.18846018065655484,0.6248729478572032,-0.19462126726991721,0.2637646577564462,-0.4744696666476071,0.3464552985544005,-0.7134549961610553,0.4028927635821692,-0.8685304394603118,0.44780713619847473,-1.0,0.14643461746672892,-0.5036342673390438,0.15126451907652544,-0.5899469431958511,0.14775570372734645,-0.43615418248684534,0.14157029478941846,-0.3134450681010864,0.03158886794229436,-0.48889806784022594,0.021922237403525002,-0.522398300680257,0.04280842912204374,-0.35804054801753143,0.05610264191649677,-0.24173830373548236,-0.06968673130431097,-0.45030323253649984,-0.1370223045672774,-0.622661607623157,-0.17951582359231347,-0.7238579815201538,-0.21523521963628026,-0.835993996510671,i love you
0.0,0.0,0.18123671131369445,-0.04098905758003701,0.3545811560666834,-0.1414495936707277,0.5077836239011561,-0.1977405189597902,0.6380531865221266,-0.20459402428156284,0.27027373656030185,-0.4743787973042879,0.35691876248710674,-0.7179225748567963,0.4133734390311422,-0.8688793316429547,0.4617207107835068,-1.0,0.15295082910523966,-0.5038245365223986,0.17565800378631835,-0.583345524022624,0.1821260352185435,-0.4284585939779045,0.18173998877216047,-0.3078171471038787,0.037133316710099874,-0.49251968808248714,0.03820915100413586,-0.5622531027570615,0.06317692321125372,-0.4288164420001357,0.07726640182095976,-0.32660788989044987,-0.06718353280736354,-0.4568118947537476,-0.1330602046375386,-0.6364039365572672,-0.1770473129478289,-0.7443945970101654,-0.21580840874145424,-0.8639355896462257,i love you
0.0,0.0,0.17857257045568603,-0.029837435647685314,0.3523398064848749,-0.11965748039812936,0.5007300922471197,-0.1746075201071544,0.6259458370040154,-0.19059018858789453,0.2685931586288482,-0.4806265062167034,0.3510157916883387,-0.7138941907209343,0.41496173831324284,-0.8686003810467767,0.464733761121239,-1.0,0.1515640103203499,-0.511083414074066,0.15929342485916284,-0.537439244620726,0.1579470005840738,-0.34802120022312416,0.15267848935564043,-0.21679300664405354,0.03588671023716365,-0.49244871940535234,0.014904158799559917,-0.5125130531644182,0.035191730930961104,-0.3448010866170594,0.049978561123066007,-0.22710336507581255,-0.0668593215723061,-0.45125495934606574,-0.13490834380536354,-0.6171476188002107,-0.18629013794532773,-0.7217463578174252,-0.23293125685487392,-0.8411998691400641,i love you
0.0,0.0,0.17724770095071624,-0.02904927665054806,0.34566867137563834,-0.11543261458683139,0.49415264423503585,-0.16632614302844764,0.6214266494476105,-0.18222144283668568,0.268749187975722,-0.48212098256535063,0.3510642754045567,-0.7155246262558421,0.41489339496789884,-0.8688058433089555,0.4641356831333949,-1.0,0.15112760442365977,-0.51188107775767,0.1612876521902114,-0.5369502817502381,0.16621695016815557,-0.34569607608569863,0.1652022659293427,-0.2116532494815469,0.03549676716716944,-0.49185348845629834,0.01848838175187094,-0.5224308971776699,0.04290526844901411,-0.36325184573562125,0.0594748945167151,-0.24717940926520587,-0.06566140131783997,-0.4481956554304989,-0.13263879669183973,-0.6116367782568475,-0.18361482325026962,-0.7170009307661889,-0.23121936050470104,-0.837196285170857,i love you
0.0,0.0,0.17795910769394296,-0.033576255627971896,0.3509677148284625,-0.1330990831911703,0.4984298302753098,-0.19402573097202216,0.6223463561238428,-0.2118777510316847,0.2575196605116644,-0.491338745683981,0.3365152249143613,-0.7179914794015047,0.3968626934852286,-0.8717036661501403,0.4458533523248835,-1.0,0.14038396952151144,-0.5223592669647475,0.1451227211600613,-0.5296641873585616,0.1525513240707325,-0.34613825340252136,0.16013143458641763,-0.2216663387943779,0.02550851044233821,-0.5012979012370756,0.008466756949802706,-0.5089267056570352,0.03213839419746742,-0.3472404051444136,0.050916989692752594,-0.23335732783435392,-0.07307842028070505,-0.4566160964239475,-0.14287654091860078,-0.6192167293334027,-0.1947692173275728,-0.7240346711728469,-0.23977323666155706,-0.8407934713439156,i love you
0.0,0.0,0.17914741244391938,-0.041114854167713655,0.350349686069321,-0.14319869039704136,0.4972816840953598,-0.20983168877761327,0.6238129251616613,-0.23101497250102915,0.25913636726882366,-0.49673052381646776,0.3370877866232549,-0.7201401984781166,0.3956129344437826,-0.8704541291571477,0.4444432086590658,-1.0,0.14265508213990793,-0.5299498078902974,0.15412934938096765,-0.5171363612272063,0.16136061617906694,-0.3348808112464159,0.16629469526768348,-0.21756468443945737,0.028311705716111538,-0.5098084285505967,0.014552883238328899,-0.5097666864666947,0.03748590174847154,-0.3525445782113462,0.055070441139679724,-0.24285407104777298,-0.07006079240206195,-0.46485797118642813,-0.1387839157864442,-0.6214431007338094,-0.19159959784797587,-0.7250065839898786,-0.23897343033973936,-0.8398431760892555,i love you
0.0,0.0,0.17478403078452795,-0.04584216624513307,0.3462560426419045,-0.16399655193442061,0.4932537397971471,-0.24401317210663784,0.6202894008159181,-0.26988425827830315,0.24797415811282492,-0.5090842471155009,0.317892835031354,-0.7241764590971154,0.3675415943582371,-0.8751655040470326,0.40636514869782814,-1.0,0.13520388651564497,-0.5397230384734247,0.14803012716292213,-0.5157434271249893,0.15469731751660726,-0.34095978393776116,0.158214633813575,-0.22560643473533307,0.02377069640382057,-0.5164111280735174,0.014322366224667933,-0.49712118565497226,0.029794087642467847,-0.33442670224982146,0.04079771658678717,-0.22387077402663982,-0.07190756786311923,-0.47132115898827803,-0.139086448668164,-0.6324055632098845,-0.18935303809099543,-0.7318715574899819,-0.2320329271658162,-0.8378556463624252,i love you
0.0,0.0,0.16777502440103023,-0.04935044782310206,0.32913131842048265,-0.17109292713937557,0.46454376784265966,-0.2547895333767974,0.579798140998793,-0.3043851252937592,0.23776685007122048,-0.5156130434798596,0.30849717232416335,-0.7301446460468615,0.3588856828127147,-0.8776518921998459,0.39828193213259305,-1.0,0.1272758718028767,-0.5471272973219111,0.14372185362764842,-0.5153875109135087,0.1474745194164541,-0.333358460602954,0.14763754023887085,-0.217657557479855,0.018255635525644708,-0.521647755638406,0.0125888846519818,-0.5052211401970492,0.03084402988943879,-0.33961649903100666,0.042555543829496396,-0.22923988048244848,-0.07518054556082657,-0.47247528242744624,-0.14513351589214002,-0.6346977931025523,-0.1941793721786213,-0.7332414288125453,-0.23502650681800882,-0.8412980036568144,i love you
0.0,0.0,0.16741992064605482,-0.0448556909515422,0.3249156842834325,-0.1614296781003209,0.46202641740941724,-0.24023302512776654,0.57984999947176,-0.28152960638251606,0.24280874834372165,-0.5119820820963711,0.30942424533533297,-0.7335055805493648,0.3612330499427658,-0.8769878718533782,0.40008965339834046,-1.0,0.131837791474893,-0.534074433695919,0.13912603046741384,-0.5405011499663769,0.1436813026842704,-0.35524440440193517,0.14511172769149994,-0.24047847249675008,0.021936705044741937,-0.5071529849618648,0.002590464799677847,-0.5102096523467742,0.022336079117097066,-0.345131432275076,0.03607449806750122,-0.2412403666821535,-0.07438971686085837,-0.4623798468791699,-0.14498261598739495,-0.6262293559475779,-0.19789286259197827,-0.722010093562375,-0.24641380264311682,-0.8339721762434956,i love you
0.0,0.0,0.16094880289988323,-0.04650522151592171,0.31149790311529607,-0.1609592535642343,0.4360597237854185,-0.2444013501318956,0.5416133125024586,-0.28831151903929036,0.23370233572348248,-0.5207998163501231,0.30138764860639217,-0.7331498008796171,0.3478154882368379,-0.8785803066037043,0.3825305990168156,-1.0,0.12240769215865517,-0.5447785721456917,0.1306050053985314,-0.5360870246782458,0.1420271118414834,-0.34999251427132155,0.1474884646388855,-0.22538442886238647,0.01444904156252697,-0.5171114363733611,-0.0020642997673259392,-0.5132579593844911,0.030684677036309012,-0.3487950325291606,0.054396999602522485,-0.23600300838225477,-0.0802061481610647,-0.4688323026512396,-0.15370109103761592,-0.6317454781795412,-0.20578473627631086,-0.7327648876465515,-0.2506930023408314,-0.8457314026611619,i love you
0.0,0.0,0.1643047868770877,-0.049264409265361214,0.3135427819835172,-0.16795140171765077,0.4396333969221025,-0.25176227916726357,0.5513487950807929,-0.2920852246593728,0.2376714681842516,-0.5220670151482021,0.3030083394283043,-0.738037048626558,0.34874948632590125,-0.878572273474435,0.3821494951856013,-1.0,0.12395509734359803,-0.5406925316498646,0.1264583160537765,-0.5587577192493006,0.14155691791770658,-0.364950366829283,0.14923398939098045,-0.2335819861562474,0.01294011031269086,-0.5131181290198533,-0.006778023985281587,-0.5354346766774993,0.031530871342074905,-0.36785592431177094,0.05860997903832669,-0.2502591933525859,-0.08494143172752841,-0.46535880842689425,-0.15809427851880894,-0.6371046830112423,-0.21183707765621348,-0.7405273076691071,-0.26050805195931326,-0.8567108457808977,i love you
0.0,0.0,0.1587770836671346,-0.05184065887715513,0.2984744256476719,-0.17621245541857497,0.4152467453616186,-0.26167227526346915,0.5172287779294502,-0.30907648757200595,0.21590824256970736,-0.5170530050165854,0.27586897044600117,-0.7315633346525491,0.3182503118756216,-0.8768053526711473,0.35013831916766125,-1.0,0.10648783996593049,-0.5364175782175679,0.12092525802724789,-0.5315636434129983,0.13646914121258388,-0.34321524826710953,0.1393811933348764,-0.20970745057710086,0.0010210046425441685,-0.5102799034770727,-0.003303847078006894,-0.5209195680132556,0.03830846028993268,-0.35989404664642594,0.063067960711115,-0.23616601564158382,-0.09000455311390979,-0.4601388606011632,-0.1706606117272291,-0.6302309120155122,-0.22594615504472118,-0.7358854295833752,-0.2723495424115007,-0.8451860772414989,i love you
0.0,0.0,0.15696694734285319,-0.03982704886290418,0.30624396017774236,-0.17068842360196407,0.432610217707535,-0.26429522682442474,0.5499391617127712,-0.293271999951671,0.2246367044959088,-0.5027747508504965,0.27738675964720666,-0.7271529368925416,0.3166499008109897,-0.8767593993122701,0.3445639568613735,-1.0,0.1158030393520915,-0.5188857000548492,0.1054062645624945,-0.5465560279899867,0.11922023251662195,-0.35375823545844115,0.12619325223089342,-0.22364679338167762,0.009003149925496274,-0.49589578519095473,-0.017810796572224452,-0.5275762738804078,0.021041027357751835,-0.3583905278505201,0.04982104731845953,-0.23644960212947547,-0.08705384995638933,-0.45334804312362786,-0.16618861931355747,-0.6214672182560275,-0.22259501282280694,-0.7226647982233262,-0.26960693737708136,-0.8358203669628831,i love you
0.0,0.0,0.156381142926874,-0.03767589261522603,0.31077268308191547,-0.17022041048200862,0.4428252418454208,-0.26656895114614654,0.5545022235665056,-0.30020595308926185,0.2214956482548551,-0.4931959446023518,0.2786715390480104,-0.7208001589239658,0.3177658891217747,-0.8723365634544019,0.34672883637735696,-1.0,0.11574965456985686,-0.511138810963902,0.10190546249917391,-0.5339974272360969,0.11785902155982454,-0.351602530925219,0.13157281245878796,-0.2260843118427803,0.01033764152934573,-0.49218582797308025,-0.025792248674640507,-0.5157829245969013,0.012901048852868574,-0.3528334628316772,0.045510008930116495,-0.23362591193410054,-0.08460839710663044,-0.4572125094907726,-0.15943838066958244,-0.617046919700751,-0.21968559331991436,-0.7133092813427933,-0.2723905164467493,-0.8183170901470982,i love you
0.0,0.0,0.1616302291205166,-0.0403726714178263,0.3135289732491277,-0.1649322988250245,0.438513815096282,-0.2618515135845548,0.5481577218333021,-0.30649185606741797,0.22260285482312278,-0.49870892828469066,0.2773902662744513,-0.7305321656494735,0.3164501482993093,-0.8750985894122686,0.34527324081406113,-1.0,0.11521296787100525,-0.5183744328099275,0.10078368387237395,-0.5537929187006108,0.11921019980066906,-0.3729573836271509,0.13127441887523655,-0.24885844614241961,0.008986106779040416,-0.4998769659166108,-0.02549488298102543,-0.5259172475899765,0.016188219348937435,-0.35805866367296835,0.04778085625039676,-0.24254793759695567,-0.08640510721162512,-0.46676920162082663,-0.16402978682674463,-0.6312144741540965,-0.2201000153104714,-0.7225286609469576,-0.2710604968021948,-0.8243716957929222,i love you
0.0,0.0,0.15962065944695733,-0.03166045473065353,0.3161245611575373,-0.15287309489912387,0.4366911348882463,-0.2457316424823028,0.5400520729925221,-0.2748356840202533,0.2224634646888841,-0.4919434593065654,0.27579048101180065,-0.7194385451178511,0.31198121081469676,-0.8715481411710684,0.33811933127512966,-1.0,0.11386219946760211,-0.5167541607111436,0.10156811785396037,-0.5091250062338919,0.11356334904430909,-0.32397192537396297,0.12484438794473525,-0.20726876495545943,0.007840871559244556,-0.4961238836628749,-0.02637618455707375,-0.4900099648173258,0.007831179621713327,-0.32400015431822865,0.03699930086314702,-0.2116265611782385,-0.08662051547934159,-0.45948497232152014,-0.1623644187331038,-0.6134344368654957,-0.22317426950549477,-0.7061738583038732,-0.2756614747365063,-0.8099436456175976,i love you
0.0,0.0,0.16234064554077013,-0.03211895692928165,0.31467340689854256,-0.1531902725207012,0.43413976039246194,-0.24126323458419752,0.536698981748451,-0.27559623794786237,0.22516079916929396,-0.4910519316067473,0.27409093597497175,-0.7196075055106984,0.30747147070670605,-0.8709065869916226,0.3310185716913517,-1.0,0.11540868518994478,-0.5124073237711464,0.10557479926443232,-0.524962962065305,0.11392119904695258,-0.33212866972182525,0.11959278258121893,-0.2017137200519969,0.007647693682036452,-0.49241443563339615,-0.02186364071277066,-0.5042004662502164,0.01314455547333947,-0.33279934076003237,0.041092889928376744,-0.20691286756905805,-0.08781784299677814,-0.4565370620810228,-0.16649661743408278,-0.615413568716922,-0.2313427112726815,-0.7090110658912591,-0.28782974433289304,-0.811337324923297,i love you
0.0,0.0,0.16466316001188028,-0.0387048253569132,0.3172422922319655,-0.15361793634819618,0.43269886502899424,-0.24341321768317123,0.5342078163342397,-0.2872410559036659,0.23018711810792028,-0.5019869561957709,0.27641840737846496,-0.7269771700985891,0.3095765161061498,-0.8735746179997866,0.33452781990985975,-1.0,0.11981553116700741,-0.5288691669093667,0.11295553110933612,-0.530384209744718,0.12385261164441036,-0.342179448547116,0.12772199482111807,-0.2132035537049479,0.011556695925234938,-0.5094205152641489,-0.017204968093358287,-0.5198326162869493,0.019888665572834516,-0.35362485690310935,0.04706626142972897,-0.2305770301015303,-0.08504722197391527,-0.4729418918490281,-0.16147195517210555,-0.6286578917394526,-0.2256261299968569,-0.7186166351396943,-0.28479092715250887,-0.816915187878648,i love you
0.0,0.0,0.15867355752266965,-0.02628956522013352,0.3114666212555542,-0.1432317645125471,0.4250346102055168,-0.23268237064227643,0.5287748250042835,-0.2677484392558044,0.22015910007508951,-0.49688586989085565,0.2638924366320512,-0.7223945286617353,0.2958500690452138,-0.8724163231925693,0.31733660321374724,-1.0,0.10934223264995917,-0.5169621542527192,0.09353637987236534,-0.5215093098036495,0.10217421468734134,-0.32135405005103496,0.10628635560755409,-0.18606625186979203,0.00043037190509778283,-0.494393952613364,-0.03790505153075044,-0.5013726700087283,-0.002007497038291449,-0.3292922348749635,0.026677627003073308,-0.20308823596398926,-0.09751283056644407,-0.4566816179951344,-0.17724051806510818,-0.6134382554283975,-0.24287525574410276,-0.7067684282043655,-0.3018691438148208,-0.8086802850948885,i love you
0.0,0.0,0.16143092773722653,-0.032093666458629065,0.3123654921787049,-0.1484404680462269,0.4290496426090776,-0.2372942111008352,0.5286104611631942,-0.27716120425513063,0.22644427691351277,-0.5035028287415633,0.2689377593129387,-0.729693483515782,0.30034530287960554,-0.8759430156056109,0.32329339685864383,-1.0,0.11436936872507604,-0.5281457779588755,0.10036476933816484,-0.5242444624379332,0.11102187046153299,-0.3324227472894352,0.11656239784906099,-0.1999664046602283,0.003458785006919663,-0.5052664096489444,-0.03388681335817691,-0.5081807966526064,0.004529091366416312,-0.34260461215523347,0.035273972961158834,-0.2198586483928485,-0.09700157231771912,-0.46508326097369274,-0.17582660060164615,-0.6186035851076708,-0.24271917819449643,-0.7107701147300041,-0.3034661285365375,-0.808680645072387,i love you
0.0,0.0,0.1628907378467086,-0.03325826897173426,0.3145378320901886,-0.14749816399764712,0.4290816681691141,-0.23392097010535695,0.5297188741041875,-0.27165473410161184,0.227964230149421,-0.5063001855145506,0.26771333303168365,-0.7316710405869639,0.2986538883223289,-0.8775354235335475,0.32234040701822775,-1.0,0.11478208131315065,-0.530675509642928,0.1028441503746837,-0.5177272553244068,0.11386816981020434,-0.33041411859705055,0.119555339373288,-0.20034770926076106,0.003488926556425312,-0.5057561719263929,-0.032315033639739796,-0.5021788388111754,0.005971184334636228,-0.34051874462686516,0.03668941801335844,-0.2203030535068515,-0.09682980693260566,-0.46410084612734026,-0.17496980602765663,-0.61593824070948,-0.24229157457650125,-0.7088006292876311,-0.3034841407683017,-0.8072773564350577,i love you
0.0,0.0,0.16390744239247249,-0.02729623746918541,0.3130538664093533,-0.14506759897598664,0.42692605582743015,-0.2334265281258089,0.5304446956894133,-0.27092783253668273,0.22461430095096635,-0.5029389054603656,0.2636743763560791,-0.7218460700302624,0.2945469865737158,-0.8737928270276644,0.31715234231535977,-1.0,0.11272278321301131,-0.5280299262347181,0.09369727300201523,-0.5156397169733331,0.10275107029453259,-0.32512610434473854,0.1080607848691049,-0.1929472706303591,0.0020295447368884685,-0.5035937366594343,-0.043941706047452095,-0.49097415436906494,-0.008528475458779938,-0.31940143464867643,0.022786109819876103,-0.19469975510956375,-0.09755697395650519,-0.4614082419793978,-0.1747395582756569,-0.6072326533682261,-0.24217361945896426,-0.698904870839607,-0.3031452141334443,-0.8008074811521099,i love you
0.0,0.0,0.16304296084731643,-0.028896312541439283,0.31518692303769064,-0.14391509834922903,0.4300724231141939,-0.23172234406079462,0.5321541626289931,-0.2685530677819146,0.22353717209840024,-0.5085202563710239,0.26123620815695076,-0.7262832151782527,0.29252851872630525,-0.8748373030040292,0.3158869281379099,-1.0,0.11124122337260502,-0.5349165264106357,0.09303386545621462,-0.5174957073154146,0.1012303429047449,-0.32338705564339265,0.10578534876999711,-0.1931420751092297,0.00012342530728821338,-0.508789037928631,-0.045710630557113954,-0.5006112612842353,-0.010325904013872596,-0.33244912531238846,0.02027226670746842,-0.21154366637765423,-0.10052481256694037,-0.4642193264310365,-0.18021131908672072,-0.6119985209364003,-0.24963329423165195,-0.7023830774723313,-0.31297249281719114,-0.8042654834157869,i love you
0.0,0.0,0.15989497693987867,-0.030601279379624317,0.30520790083916793,-0.14801647311830796,0.42244718152972405,-0.23718821640011276,0.5287255611230184,-0.2827322035733122,0.21578350945540883,-0.5025906744301638,0.2568284296608542,-0.7184746820528426,0.28740809120811006,-0.8713765377539765,0.309720499579855,-1.0,0.10330262721021709,-0.5288672321847608,0.0825967868310106,-0.5109710499269614,0.09490929751616056,-0.3226694161469036,0.10342408312337083,-0.19618859462966837,-0.007935807249465824,-0.5033628105954442,-0.055419376046649635,-0.48589230160935687,-0.013692916545925847,-0.3153766156441817,0.023177121666480744,-0.19226240021967678,-0.10624851067986928,-0.4579671778596432,-0.1887367132841745,-0.6045682605334951,-0.25751632228854626,-0.7008196788943287,-0.3185125627659736,-0.8084169937945269,i love you
0.0,0.0,0.16075199910956872,-0.030589138233640196,0.3096427393719303,-0.1436644403116177,0.4289856974477349,-0.23177311279654392,0.5369737463981972,-0.2734685537386069,0.2193778443755394,-0.5043185085940738,0.2574050739631086,-0.7232277136765093,0.289061317655541,-0.8718450117990449,0.311915914050125,-1.0,0.10698913790138972,-0.5299107658290355,0.07985714890884792,-0.5210423361859805,0.09374837508752723,-0.3249434551225132,0.10428096429054971,-0.19580201526524801,-0.004425410183975393,-0.5035029998064641,-0.05846113209365144,-0.4938419866584822,-0.015500979723584218,-0.32053366071080003,0.022011012441949612,-0.19902949636642575,-0.1039094251983743,-0.45887985075308724,-0.18984692390052088,-0.6055505764130406,-0.2605828836184735,-0.6967885499841766,-0.3247032795613629,-0.8027673141951523,i love you
0.0,0.0,0.15776119269986544,-0.028109357823731026,0.30403688141129237,-0.14007321520718252,0.4198022103896251,-0.2284354968192132,0.5256779778410182,-0.27187419751256237,0.21352836866505784,-0.5090296595306547,0.2521807001214313,-0.7217104394451587,0.2825596645612637,-0.8721275911483964,0.30549446187470786,-1.0,0.10332773566701743,-0.5401471756897646,0.07539351756217176,-0.5095378239416481,0.08815433357392767,-0.3159585335248367,0.0996280103658087,-0.1913405479232334,-0.007014175624147895,-0.5143826810958465,-0.060218333288778826,-0.4897868107316417,-0.017912451202688175,-0.3190613094326753,0.02025229192437399,-0.1982187917951659,-0.10504032993017903,-0.46803902650831186,-0.1921295677483691,-0.6094591649837214,-0.2645777488308492,-0.6992371458220428,-0.32900563249984,-0.8019787871939004,i love you
0.0,0.0,0.15935252951650344,-0.028448621710508208,0.30817696917810994,-0.13985543122119626,0.42502728797221306,-0.22972133726767988,0.5313067757386857,-0.2700996031223074,0.2176074527653377,-0.5028725629841369,0.25702436603022255,-0.721772855275475,0.28947454908872255,-0.8718626117382154,0.3140223102445734,-1.0,0.10620250508603765,-0.5320094147146849,0.07774425042182623,-0.5181345615160423,0.08978001895506252,-0.3216325055684948,0.10081808871189438,-0.1908989148599077,-0.004919768019047021,-0.5077192338839066,-0.05890745467573859,-0.4896225565891508,-0.017283218876574177,-0.3165833807425761,0.020470269466904247,-0.1943303510572126,-0.1046100726049482,-0.4641946348819129,-0.1912376872233359,-0.6100120549534914,-0.26326615575854734,-0.7002389943908687,-0.3273183362545198,-0.8015742674826777,i love you
