0,1,2,3,4,5,6,7,8,9,10,11,12,13,14,15,16,17,18,19,20,21,22,23,24,25,26,27,28,29,30,31,32,33,34,35,36,37,38,39,40,41,42
0.0,0.0,-0.20349315952913682,-0.0697204235218964,-0.4297450820040356,-0.2305056517645609,-0.6175181063678108,-0.29980553573986385,-0.7889217229608713,-0.3333036979961573,-0.3112777040422365,-0.6728196447475716,-0.4987737791240688,-0.795708450375275,-0.6305429546572285,-0.896930472911773,-0.7459648313220112,-1.0,-0.20854175089805654,-0.7455707518978963,-0.46295970934790265,-0.8304903401736866,-0.6163091727718989,-0.8744463660373392,-0.7450602479348757,-0.9546553469086698,-0.09258385095212929,-0.7569969383874284,-0.3349182358695302,-0.6540274305621706,-0.2801938809614362,-0.3946297946623935,-0.21597363489876123,-0.23968413904994285,0.015364158317616021,-0.7197401451331837,-0.19084957220449983,-0.6357939365629736,-0.1802928065393429,-0.47374450246855304,-0.13595728371907487,-0.3764562769408147,no
0.0,0.0,-0.20454917305708628,-0.06758595379473316,-0.42947665711702726,-0.2299415476093805,-0.6123583724453623,-0.30372347434927316,-0.7799059541257551,-0.34831914680003173,-0.3110564158583208,-0.6588813284463915,-0.4966690625532128,-0.7906876159905917,-0.6256717777955165,-0.8965732730666434,-0.7394271377224435,-1.0,-0.21251036670626863,-0.7276175836349168,-0.45516258380358854,-0.8204698247887996,-0.6058386186222738,-0.8701593278920445,-0.7335833353878535,-0.9538420302175946,-0.10219004949066003,-0.7416304453331848,-0.33461759518620476,-0.6435399536925531,-0.2732197985397908,-0.39350433722128997,-0.2037090898349413,-0.25037307499366257,0.0025436970569559527,-0.711318371484479,-0.19868272789929714,-0.6262929037679439,-0.17915737319573624,-0.46561517763381005,-0.12765023757436286,-0.37466861165069804,no
0.0,0.0,-0.20522341053984372,-0.07051345641843121,-0.4259598638734242,-0.23320377669667075,-0.6074852682673656,-0.30449985909299826,-0.7773968006387326,-0.34459948600695645,-0.3096909348227026,-0.6607994890505019,-0.49424787069096604,-0.7929996623495232,-0.6233313847777188,-0.8978297804516736,-0.7369994554799666,-1.0,-0.21029251561275897,-0.728527529269239,-0.45412970789858403,-0.8199136434019653,-0.6024495735432144,-0.8673168640909348,-0.7290097481557659,-0.9520562639426706,-0.09866796829724044,-0.7406938162364455,-0.3317503464321352,-0.637143875145069,-0.27111788624165273,-0.38815777053200373,-0.2034993450084195,-0.24613369608733923,0.006577033108397016,-0.7076059002218241,-0.1961585650575579,-0.61940875811102,-0.17607185147223503,-0.4612869597692489,-0.1244242578812095,-0.3730016006074276,no
0.0,0.0,-0.21373278300921844,-0.07724348288892499,-0.43628639207057357,-0.24404080938454503,-0.6216285988141022,-0.3115004009492692,-0.7869687697063947,-0.3536535167536147,-0.32597045376855566,-0.6547320144435486,-0.5090902378039751,-0.7893568151046042,-0.6339579407486273,-0.896199769436086,-0.744884229334533,-1.0,-0.22922527527249187,-0.7234377113143271,-0.4633780281189365,-0.8226332607282503,-0.616505869333651,-0.8848696033811102,-0.7478780533211313,-0.9709502894085794,-0.12093928551112221,-0.7363424503165205,-0.3531604680744904,-0.6350277753649385,-0.29926469196812705,-0.39369971749815297,-0.23559717714585116,-0.2542611529549848,-0.019185380574263982,-0.7063851134946555,-0.2179510112156422,-0.6097573523424819,-0.19540711266700506,-0.462811948050956,-0.14162939046972783,-0.38320078985009526,no
0.0,0.0,-0.20815003156366704,-0.08158121080985321,-0.4264856384005546,-0.2537339378705283,-0.612339796275691,-0.31812847445496295,-0.7836439969874405,-0.35787826743024725,-0.31205062804044364,-0.6683858345917189,-0.4947100667524854,-0.7943996795387183,-0.6235522164666374,-0.899292842331059,-0.7352525043894361,-1.0,-0.21591992565093407,-0.733088587605777,-0.4512709882963308,-0.828680551421075,-0.6022199847044105,-0.884712913215018,-0.732472853122126,-0.973788334345687,-0.10668164449527842,-0.7441787920674542,-0.3413550500208611,-0.6367515152277016,-0.29220558710952294,-0.3931705617692554,-0.23148392417945668,-0.2535910036652497,-0.005784295872408175,-0.709187497610246,-0.20975129040895768,-0.6074422628160797,-0.19004103596803093,-0.4547307409980404,-0.1368761461725729,-0.371645345550716,no
0.0,0.0,-0.20632330814605013,-0.07531960376401808,-0.4172415564343541,-0.2320983616600706,-0.5930478600160962,-0.29615974123268823,-0.7507308228516801,-0.33474161192950763,-0.3129841146806908,-0.634985679321885,-0.4963677470250351,-0.785207282158973,-0.610177266455748,-0.8927041180566704,-0.70898523055791,-1.0,-0.21544536427458053,-0.6969243033806125,-0.43586332858583765,-0.7853818210059611,-0.5768606119296833,-0.8510843343009307,-0.6996647389885755,-0.9346923076337376,-0.10976291240439971,-0.7058611023369873,-0.33075697205088356,-0.6008479308038984,-0.2798165795856436,-0.37472600183101795,-0.22201306194846382,-0.23432144772593747,-0.00903150678039493,-0.6769813072994781,-0.1969503377824535,-0.585337108604689,-0.19055015054561253,-0.45123340687588176,-0.15681272854412404,-0.3709994217375717,no
0.0,0.0,-0.2053284503907218,-0.07695974404599726,-0.42116690919221644,-0.22996076395818774,-0.6011904006665599,-0.29133204524895967,-0.7656711303033584,-0.32651116849248846,-0.30299948953277606,-0.656289471536837,-0.48477428827886315,-0.7891297120126606,-0.6055669851278991,-0.8962958985290498,-0.7078369797754798,-1.0,-0.20587060759309925,-0.7200926429760727,-0.4410427193537313,-0.8274523367991666,-0.5866308098870087,-0.8898797302178617,-0.7092875629823289,-0.9704854453701753,-0.09839503789057072,-0.7300478061665331,-0.3288550242416309,-0.6150842012348509,-0.27954000583167765,-0.3801120911218571,-0.21817906738017023,-0.23094766324893956,0.001064350319662886,-0.6958526958400079,-0.19653378984541245,-0.6020205337831105,-0.18401282079112738,-0.45648217306420386,-0.14090867735951884,-0.36548178418547406,no
0.0,0.0,-0.22001692386515684,-0.08482391382207619,-0.43994238780695605,-0.25170073254863407,-0.6209801253555253,-0.31557528480758706,-0.7834337355848263,-0.34679511704791555,-0.3210933668501618,-0.6572226947091694,-0.5084170214727995,-0.7999922649596499,-0.6251446383257644,-0.8997638293136109,-0.7246989538672871,-1.0,-0.22533734665188024,-0.7204729007144582,-0.4512982836902895,-0.8167117940342682,-0.6010989300322768,-0.877808660549266,-0.7259148921320908,-0.9546581760951224,-0.12174814935380289,-0.7307805348591435,-0.350678636410649,-0.6180290310929726,-0.3007352193646105,-0.3897717067089381,-0.2367746242301021,-0.25016581835278157,-0.02584360126345711,-0.7003944870578539,-0.22873862278236456,-0.5868447875969258,-0.215634658171056,-0.42604879399508916,-0.16784080127963266,-0.3232467063404529,no
0.0,0.0,-0.21669176065607174,-0.08218238867816537,-0.4314016422271176,-0.24192312280150288,-0.6108930781033142,-0.3080295731939879,-0.7832388703762767,-0.34166200367271565,-0.3049109133512481,-0.6670720869001184,-0.49685996632405394,-0.7960273339329952,-0.6193880889130984,-0.8966944407043792,-0.726260838581228,-1.0,-0.21190248617356167,-0.7323669715658906,-0.45509191260226806,-0.8319404932005613,-0.6102800202526668,-0.8939217937842333,-0.7405530216968724,-0.9741619793551809,-0.1087073156871649,-0.7412822917663899,-0.3496682320333094,-0.6208179599584912,-0.30220117205398184,-0.38837483611261425,-0.23804588386047776,-0.2452638401329427,-0.014743721340505386,-0.7020969522193719,-0.21831220438196858,-0.5935397653127517,-0.20383571995005434,-0.4402498972264188,-0.15330938610767395,-0.3501242498040519,no
0.0,0.0,-0.23266395308041377,-0.08703843494694566,-0.46232917511206156,-0.2596548537299363,-0.6461570412320058,-0.332445561295697,-0.812779274920705,-0.36591673585353546,-0.3395929784470814,-0.6696530179254125,-0.5300387526114473,-0.8070756507804149,-0.6527570623004058,-0.902344142824363,-0.7571816379404335,-1.0,-0.24377968461438104,-0.7368973292355319,-0.4750029851451395,-0.8316003334077714,-0.6272279781798008,-0.8947707152516988,-0.7539295535786275,-0.9765246411186488,-0.13899272703266197,-0.7533246051262298,-0.3738076231151343,-0.6439942190932,-0.3220357508764789,-0.40536939711810777,-0.2571338824452916,-0.2558331852423709,-0.042149361847994976,-0.7272630762499258,-0.2474724576411489,-0.6173594877333918,-0.2338580111362128,-0.4583377851649927,-0.18566421681090373,-0.35534130022886457,no
0.0,0.0,-0.22925076177788875,-0.08340744175708992,-0.44948284164760793,-0.2491903408896029,-0.634403961107826,-0.32025650066471206,-0.8112630627244004,-0.34919569151322494,-0.31466523617515474,-0.6731121559308919,-0.5077898220163071,-0.8011940122405805,-0.6362042401634272,-0.8995827199552194,-0.7472719365278843,-1.0,-0.22285690374502495,-0.7390723116203197,-0.4590825464029404,-0.8276096980739127,-0.6130077776116188,-0.8877065992396627,-0.7396689747519163,-0.9692438608453711,-0.12183026998698016,-0.7512329757561872,-0.3633524812488081,-0.634731583908068,-0.31707823023321857,-0.3948330811223139,-0.25352585517371007,-0.24399488535259925,-0.030188355671043658,-0.7153793386354812,-0.2312180077295932,-0.6168219490812705,-0.22110697542966193,-0.46782971846116067,-0.1754299363275789,-0.38016894251097905,no
0.0,0.0,-0.23465461329362108,-0.08154311773059175,-0.4587010431791521,-0.2474546708767562,-0.6426868511421538,-0.31286232079915755,-0.8162975364707096,-0.3398140723575338,-0.33530465113697305,-0.6732469088065555,-0.5247791419024478,-0.805333158997296,-0.6504756667355739,-0.9005606882055358,-0.7606436830916222,-1.0,-0.24059418017063502,-0.7380760426803062,-0.47310277682624197,-0.821552142668022,-0.6294019516880689,-0.879551623578117,-0.76237574838666,-0.9619259817267873,-0.13565094810095013,-0.7491184940617029,-0.3707989652740173,-0.6365222050248396,-0.31523515810292885,-0.3903395003255377,-0.24994012036007163,-0.2397566996446694,-0.03937174303554982,-0.7162715094160689,-0.23860793931828853,-0.6125303688273814,-0.22094988518564285,-0.45379994634958404,-0.16949830911216107,-0.3604969825087599,no
0.0,0.0,-0.23460108043147251,-0.0823080804839773,-0.4602047394304983,-0.24285512184023383,-0.6530403178288695,-0.3107099519873055,-0.8317229440007468,-0.3398289511297276,-0.33147354634712656,-0.6732794478831827,-0.5237379895340494,-0.8022689352616196,-0.6531572867868831,-0.902962144061419,-0.7690832958993775,-1.0,-0.23672212725989278,-0.7436828011877745,-0.4718978432207592,-0.8232836774340336,-0.6250720482110458,-0.8795509237922444,-0.7540347727418574,-0.9555307940471259,-0.1337442317677189,-0.756715724594984,-0.3755956374370672,-0.6445734133350446,-0.31992701837083537,-0.40325310799064246,-0.25366031164497443,-0.2521779269950354,-0.038763833548213965,-0.723587621708972,-0.24258107611441374,-0.6248287761138304,-0.2251210526622835,-0.47732931574618026,-0.17554006988968165,-0.3888580504395816,no
0.0,0.0,-0.23455309425649246,-0.08098252587879988,-0.45583283519483053,-0.24308801206632247,-0.6421790517517739,-0.31596305593291774,-0.8247458037165144,-0.35362999237882586,-0.33642416839743927,-0.6639249246123143,-0.5272719523467344,-0.8041959998571125,-0.6553090576987733,-0.9025910918884246,-0.7713453051129631,-1.0,-0.24413099834008345,-0.7301512567731633,-0.4755900890700772,-0.8293339161259967,-0.6311210668969219,-0.8829531919473426,-0.7660695086036785,-0.9571964749731587,-0.1408393287540875,-0.744558510794057,-0.37994550346892975,-0.6288135575030697,-0.31943083581329396,-0.3910934828765816,-0.24866230839554124,-0.2465242095312357,-0.04821776290099511,-0.7134474552162116,-0.24747750787758963,-0.6175710608180734,-0.22129859839999805,-0.47722072290922496,-0.16265695195655364,-0.40291695802467015,no
0.0,0.0,-0.22917363278543745,-0.07724132397845222,-0.45299052356804326,-0.24165051346843588,-0.6417079356769823,-0.31345071430783605,-0.8238772793953946,-0.35196155786021427,-0.32374029453627534,-0.6697363058753171,-0.5164645041682207,-0.8016835035724037,-0.648159019555751,-0.9042344037262341,-0.7671390345214909,-1.0,-0.23181281036292573,-0.7395680746353456,-0.4678291538670038,-0.8346513210835184,-0.6220937019472292,-0.8875338552411637,-0.753403583831314,-0.9569145922266222,-0.12923731825682713,-0.7537350372379795,-0.3723636562607614,-0.6406086754105914,-0.31517568605975216,-0.4020671995076691,-0.2479810967810902,-0.2576586447974534,-0.03651951021745664,-0.7198399494266502,-0.24173597050256806,-0.6207661976238488,-0.21656933504974912,-0.4728701966825917,-0.15844318186970616,-0.3912499682033742,no
0.0,0.0,-0.23721229803912258,-0.08602734051845179,-0.4576300783628734,-0.2452540440819401,-0.6444962543361104,-0.3201303854791154,-0.8256648262777396,-0.35978177185542237,-0.33115721894659045,-0.6716127634377166,-0.5291460321653352,-0.8118760078153457,-0.6607518964118765,-0.9055646824731358,-0.7795142830901055,-1.0,-0.240567409005786,-0.7388096322866318,-0.47660879030168957,-0.8369039615769137,-0.6354583798542298,-0.896666308845327,-0.7740874360353132,-0.9724021634834583,-0.1420013161889092,-0.7531970182434468,-0.38297716918469005,-0.6268662979952606,-0.314931093008979,-0.39658740676651694,-0.240120214778549,-0.2550763223023775,-0.054363944536702985,-0.7257357144776987,-0.254423999159697,-0.6205970867406747,-0.22797193295582358,-0.47794872403713495,-0.17202516489874892,-0.39589122165317087,no
0.0,0.0,-0.21977910891991362,-0.07498116736721892,-0.43879593970824504,-0.23392159088598533,-0.6271273713250229,-0.30442918991813905,-0.8100576590142229,-0.3464228123008641,-0.3225559333926966,-0.6683541056868171,-0.5151704461310969,-0.8100112308429257,-0.6477637056332107,-0.9101567140116023,-0.7681205900954716,-1.0,-0.22990999931921813,-0.737381847918598,-0.4638194069262106,-0.8292468996641943,-0.618388008953393,-0.8772118105035835,-0.7546769179629854,-0.9457094154602682,-0.12533663511169968,-0.7496708250886972,-0.3650999436358708,-0.6328268409490214,-0.30216046580297645,-0.4028369917607283,-0.23096829820254652,-0.26440152070371276,-0.03048289331802301,-0.7145893201870265,-0.23376699495389988,-0.6135107460225092,-0.210607240144036,-0.47033877829864956,-0.15481309080156674,-0.3883928913201299,no
0.0,0.0,-0.2562941338908833,-0.09611034662000821,-0.4819641104301597,-0.24672271559615996,-0.6643144990056459,-0.32180278604794715,-0.8303872759802567,-0.34205243042421907,-0.37116192076262433,-0.6744669821062671,-0.5636523543102988,-0.813355301172108,-0.6848220024922668,-0.9016796578586462,-0.7930260156451235,-1.0,-0.2840694029002188,-0.7403779241784686,-0.49419803078436786,-0.8270167288186331,-0.6424837271687246,-0.8868298320156498,-0.7799703434176543,-0.9600278465561932,-0.18219723251642367,-0.7590422641106622,-0.3941160226763789,-0.6402065286250995,-0.3255416503261528,-0.406894436026018,-0.2541642436295201,-0.2527028563605015,-0.07850055577085069,-0.734430363884873,-0.25177278138364895,-0.6639604764545765,-0.2639970482650435,-0.5357419366815723,-0.25205737318794336,-0.4440720019121302,no
0.0,0.0,-0.25615860782791455,-0.08096280949650225,-0.47595448546954466,-0.2316469044489171,-0.6592688448937596,-0.3027579901695517,-0.8350111075673886,-0.3199625551758585,-0.3747301413695768,-0.6545949397086719,-0.5642829408764587,-0.8068569652238682,-0.6898311535499794,-0.9034157764294997,-0.8013978376638433,-1.0,-0.2855693817644416,-0.7233568591420194,-0.5008432374249671,-0.8258650201555513,-0.6568184231371506,-0.8815334648341134,-0.7981557911923107,-0.9526785322054446,-0.18407515440966585,-0.7495926634305629,-0.40624147380684517,-0.6240728180480585,-0.34042187283613223,-0.3986297810458823,-0.26680047885563196,-0.25859878584054546,-0.08655510572824253,-0.7303027085444054,-0.28117954347966984,-0.616195969914124,-0.26436227079376606,-0.4526160847661934,-0.2156507072418739,-0.34637348808741225,no
0.0,0.0,-0.24793593586046636,-0.06392859054922805,-0.47375212221385177,-0.22687591473006402,-0.6588647130903224,-0.2971029211808723,-0.8406350991262104,-0.3193295458487422,-0.36186465674525636,-0.6651783682268368,-0.5542523781728438,-0.8063626613078031,-0.6878336966353574,-0.9061652129572798,-0.8022379418049711,-1.0,-0.27115651957529857,-0.7367066248764068,-0.5020948935128382,-0.8345329886325333,-0.6613430939296312,-0.8966858072794216,-0.7985924561375718,-0.9715770222013597,-0.16648302720183383,-0.7585673073896053,-0.39763114113596865,-0.6327698292022641,-0.33519759974029134,-0.40209443232546516,-0.26288402120098403,-0.26383326512438926,-0.06862187387648239,-0.7315742109635468,-0.2797013190159384,-0.6089999312229265,-0.2505693157603566,-0.44265566126549416,-0.18572436595258152,-0.3428252378573876,no
0.0,0.0,-0.2538288940506665,-0.06208220497740389,-0.4874808996868896,-0.21049573144039044,-0.6787459135181416,-0.28169562140454824,-0.8581464264818734,-0.30550944780325057,-0.3815995333140277,-0.6539236399787874,-0.5850226057728659,-0.8027168373414061,-0.7189135055789396,-0.9005370689685718,-0.8341872170520337,-1.0,-0.29066749386819685,-0.7319760742909437,-0.5211565059067493,-0.819382843664172,-0.6818970960866947,-0.8692456800355706,-0.8225748279696766,-0.9399753836678593,-0.18850316573160897,-0.7651343574354562,-0.42474200149055186,-0.622371012556305,-0.36030661002097103,-0.3816411940349149,-0.2846144488184622,-0.2286488537020436,-0.09268436667490218,-0.7529120897586674,-0.2934746533704543,-0.6245945998471653,-0.2742069994520756,-0.4561421592644263,-0.2218474188982264,-0.34473043956677574,no
0.0,0.0,-0.24437992735701716,-0.062451771602345656,-0.4741768769363903,-0.21923517230676506,-0.6622642961330014,-0.2838652016554243,-0.8426472086531902,-0.3088846434763394,-0.36310873104341856,-0.6641357191711186,-0.5659596822417613,-0.81073059547213,-0.7027692719064935,-0.9088140983616424,-0.8217508515066175,-1.0,-0.2723727103467458,-0.7416250782939001,-0.5083368763517385,-0.8323006993037055,-0.6723690992622641,-0.8875161155392274,-0.812806969049137,-0.9553265860506386,-0.1702325409438945,-0.7681614980154081,-0.4053590643164239,-0.6297713065806426,-0.3372449832793892,-0.3951947212823133,-0.25895753149703954,-0.2564957606298075,-0.07630565422748371,-0.7485024746675976,-0.28625518072403106,-0.6157362248949024,-0.25449848699859123,-0.44946502213293865,-0.18943254816606345,-0.35122890793497125,no
0.0,0.0,-0.2488938829175452,-0.06246174456930653,-0.48484581789329084,-0.20860075890587565,-0.6784792727911969,-0.2787707275783521,-0.8621587825940817,-0.3140925644121106,-0.3914167747739696,-0.6595534733457934,-0.5900378907142336,-0.8129556610532739,-0.7261308569682675,-0.9073287029409166,-0.8460182457155339,-1.0,-0.3001181533510194,-0.7385729472148682,-0.5229473456316974,-0.8354274255179628,-0.6848707652950939,-0.883734305395086,-0.833232531730332,-0.9547038644480536,-0.19588031296367742,-0.7707258727411884,-0.42193288239255816,-0.6320448125380138,-0.34457296790961356,-0.39440636952423574,-0.2622883862794748,-0.25332233100608414,-0.09730305396450488,-0.7591066828904374,-0.2947304697036319,-0.6410586249160413,-0.26389529914311244,-0.4814809887494495,-0.20461463257218743,-0.38385136715514223,no
0.0,0.0,-0.23742313970191523,-0.059099508048562274,-0.468414486729149,-0.21723195931440956,-0.6592893680666376,-0.2852860762490581,-0.8477647056145295,-0.31973337643504807,-0.374262129755891,-0.6691899761195254,-0.5722542576222879,-0.8169060784800272,-0.7120813802868844,-0.9103436147617302,-0.8330806040007194,-1.0,-0.28075379435473774,-0.7491922981485234,-0.5141279529037883,-0.8465987966426193,-0.6752823427906691,-0.8987597633351622,-0.8174236405316991,-0.9659729415326758,-0.17569199878890251,-0.7807004104527729,-0.4106326163120261,-0.6414623319090038,-0.33206949696201205,-0.4009021765607108,-0.24767148297975508,-0.25829613154521924,-0.07804635407299822,-0.7647515998096847,-0.28243453357949877,-0.632977478595218,-0.24484748594830982,-0.46714397262737584,-0.17923855660856283,-0.36559162794721256,no
0.0,0.0,-0.2563365030507537,-0.06462058428171817,-0.49442609681801236,-0.2141730357342292,-0.6913727222648939,-0.278478875647168,-0.8741296420957488,-0.31438122036285093,-0.39973597362853036,-0.6695400175151818,-0.5943599131371655,-0.8159852832805572,-0.731897771595702,-0.9086432628767163,-0.8537413849649472,-1.0,-0.3090848730739616,-0.7498548468861912,-0.5327873671574522,-0.8406621390386201,-0.6929688752528521,-0.8871333304841845,-0.8405199964204616,-0.9601552046275215,-0.20495241882109935,-0.779510944391305,-0.4394749884479608,-0.64503257592411,-0.36393870111397786,-0.4065812504441957,-0.28208485914304054,-0.26746778120331516,-0.11016383471505245,-0.7598731861173413,-0.3132974419287195,-0.627244914800612,-0.28306639878371254,-0.46334573972364357,-0.2222215663408169,-0.3629923429518866,no
0.0,0.0,-0.252289514296864,-0.06662634565482148,-0.4848554515304889,-0.21953234700121316,-0.6744982568825727,-0.28411906252468483,-0.8583479231731458,-0.3148182076484951,-0.3868324779855528,-0.6693897497385619,-0.5806492154497856,-0.8150448070191572,-0.7168936786792629,-0.9083061284401074,-0.8360786990696693,-1.0,-0.2945992244689593,-0.7501085248286652,-0.5164831589036929,-0.8396678586123677,-0.6756053162428834,-0.89436295748727,-0.8195999023807081,-0.9665260147159903,-0.1901352640259941,-0.7786371733791719,-0.42029538088618984,-0.6378218164969529,-0.3491853858732623,-0.4086060601773417,-0.2685921718288173,-0.2744889429646319,-0.09468646876359507,-0.7563247987191595,-0.29859312680015043,-0.6237101697373122,-0.2715042449065248,-0.4566972375390978,-0.21242382335152496,-0.3520887345215063,no
0.0,0.0,-0.2495976038370987,-0.0713420217133865,-0.4723100048018928,-0.2135727370236973,-0.6601173673362128,-0.2767357186618235,-0.835090490841754,-0.31034185429107075,-0.3824798985899116,-0.6532839611261327,-0.5692236081410175,-0.8088764490769388,-0.6999830124610038,-0.9040980444705561,-0.8143515880895887,-1.0,-0.2912961860215245,-0.7354276045668883,-0.5070286095913975,-0.8335248162187455,-0.6666989654772731,-0.8887458474052914,-0.8087138102559354,-0.9608640218029237,-0.18797196381470213,-0.7661847397932181,-0.40595091275825507,-0.6270520119194877,-0.33642367535525114,-0.39894836708047987,-0.25835164451029585,-0.2615801354955547,-0.09089768411395266,-0.7493843703602401,-0.28171864833157223,-0.6064044861821395,-0.25613529194956236,-0.4368844240212387,-0.19959634663655926,-0.3268875946196723,no
0.0,0.0,-0.24151670178751006,-0.06428971990348188,-0.47084022472352777,-0.21430347151521317,-0.6573941157065348,-0.27959407935141267,-0.8363301374238581,-0.31337741329565166,-0.3670760233480674,-0.6597143105779691,-0.5600351981416498,-0.8161133980594144,-0.6984706661789395,-0.9117384655395582,-0.8182882223118217,-1.0,-0.2767243187092485,-0.7404825257284801,-0.49988791750728534,-0.8428385271537605,-0.665255973223879,-0.9039509141019225,-0.8099483622615878,-0.9732752449295451,-0.1719298061883001,-0.7729949264905912,-0.39052557587835146,-0.6303907128371732,-0.3217019383663484,-0.39932536064006957,-0.24490186735167896,-0.258966911103747,-0.07279452448971298,-0.7572739542977714,-0.26627259509495094,-0.6189769997748377,-0.23836218428955033,-0.4519512701726669,-0.17818697653798002,-0.3465720336352205,no
0.0,0.0,-0.23490472065263926,-0.06354799790457928,-0.44261423257205434,-0.20933839938057514,-0.6233426536367275,-0.285505177064419,-0.7961337920910426,-0.3323688910347651,-0.3455524346956013,-0.6590289667171042,-0.5300312758826798,-0.8115481655183424,-0.6611456500187322,-0.9086488826142873,-0.7747742281156171,-1.0,-0.25716999579349137,-0.7331378751274977,-0.4722868423568932,-0.8240261895261541,-0.6319312425464411,-0.8752391573603518,-0.7708136690764669,-0.9392809195480049,-0.16024024970969122,-0.7511042551389845,-0.37597706824876814,-0.6157420906633787,-0.3149552136770841,-0.39941986737871843,-0.24240730169320987,-0.267419552543371,-0.07307984943111416,-0.7239988217299556,-0.26477080745194875,-0.5893618230309517,-0.24754836894276128,-0.421330517554744,-0.19656717562975462,-0.3105773610257465,no
0.0,0.0,-0.2321012160007716,-0.06653915843316544,-0.4473839885589908,-0.21816576295237405,-0.6304097766806855,-0.2900413770839244,-0.8013481440780571,-0.33682512994133446,-0.3413854920217401,-0.6589054806177116,-0.5254900902514921,-0.8129798034504183,-0.6604196877410066,-0.9103563146747284,-0.7784170263845593,-1.0,-0.25315144357535785,-0.7361390391956012,-0.4751269616447088,-0.8331959677613809,-0.6391257127986358,-0.8893249522218928,-0.7778212133671506,-0.9534285109959297,-0.15576568719204406,-0.7547590392980476,-0.375988622957304,-0.6161875987685947,-0.3158870936206029,-0.396194542632614,-0.2423960753550422,-0.2652156264675909,-0.0695443348476654,-0.7259896036937659,-0.26466216627318523,-0.5825749491922292,-0.2434202890511456,-0.4145419354790348,-0.18691312761355336,-0.309530672001873,no
0.0,0.0,-0.24704032285074046,-0.07503673065854001,-0.46566218906157225,-0.2243391012821135,-0.6479044117551608,-0.2907938781110718,-0.8203166560522701,-0.32887199816599844,-0.3553302747601246,-0.6737852790218936,-0.5430581456904469,-0.8155921028889419,-0.6727617015609004,-0.9076955110838446,-0.7858091791986213,-1.0,-0.2681848239485711,-0.7427210466478714,-0.4911292116934735,-0.8333745706751353,-0.649099861956592,-0.8859225840521309,-0.7862003065150414,-0.9584584624866974,-0.17402893848851167,-0.7600185321392938,-0.400691956537486,-0.6213161920997216,-0.3322398730737986,-0.40178212819473647,-0.2535161865437145,-0.27398721651058355,-0.09187324930608329,-0.7300151855537587,-0.2880361254691775,-0.5914008588963745,-0.25444279350840293,-0.42682310374648824,-0.18846572943232406,-0.32632558149195406,no
0.0,0.0,-0.2428905178559271,-0.06737878269696859,-0.46243946453014195,-0.22497564805834824,-0.6500045167321747,-0.29084788202348544,-0.8340732738466902,-0.3312253483778044,-0.3525390260230001,-0.6741037333109395,-0.5412653154970538,-0.8218566391856849,-0.6782883995747649,-0.9115407937739562,-0.7974694643738445,-1.0,-0.26408021716342334,-0.7480132338928165,-0.49077010416034744,-0.8409972520784254,-0.6520275094155984,-0.8977382695432113,-0.790006392301899,-0.9692737703958273,-0.16657999662503414,-0.7686648990040142,-0.3940413043898663,-0.6167344794618492,-0.3246150247440099,-0.39022897050560645,-0.2445631657709585,-0.25957222705096067,-0.08190544108605023,-0.7405349294396365,-0.28132486218668645,-0.595683328595842,-0.2488658498754786,-0.4297981934660767,-0.18262485982897878,-0.33067936685216615,no
0.0,0.0,-0.2391444598113222,-0.06400601994063945,-0.4558209316007148,-0.21028704542770388,-0.6405996651173469,-0.2785202138215806,-0.8186051375899708,-0.32233641909559607,-0.3514780532655474,-0.6642377832401939,-0.5422154683997267,-0.8136579196877666,-0.6718435599107715,-0.9053030721123546,-0.7854107500201437,-1.0,-0.25971534974486443,-0.7416960912328958,-0.4903116925260682,-0.841027595257779,-0.6493194177854257,-0.894869170596994,-0.7878126831561972,-0.9604978647643625,-0.16025663666998163,-0.7625688612113392,-0.3861109240840672,-0.6153330779954282,-0.3122697957701473,-0.3912591653982554,-0.2315629659962759,-0.25650725339932384,-0.0727674397812777,-0.7355815026451756,-0.2677877435598004,-0.5959346636658944,-0.2387989810030806,-0.42747042182631356,-0.1793708312131825,-0.32060792128822757,no
0.0,0.0,-0.22584884287091228,-0.058427538800065806,-0.4421567945520369,-0.21044198455836322,-0.6275785744805589,-0.2790113090723204,-0.8058394416456064,-0.33164133359389575,-0.3303691595646841,-0.6634101882121994,-0.5243222892397649,-0.813425148470907,-0.6646203958561739,-0.9079139492543609,-0.786607642649655,-1.0,-0.24074865330069678,-0.7398106009166057,-0.4766757973928299,-0.8351177996164433,-0.6408773336071447,-0.8921569601637569,-0.7817477667259557,-0.9602956942056875,-0.1448406980865222,-0.7591076785321944,-0.3755229190059322,-0.6137150793887381,-0.30149724035670555,-0.3944310850990303,-0.22114436594448916,-0.26682587473350317,-0.06059318805873254,-0.7324782800229207,-0.2585408724204595,-0.5868550665593503,-0.2301710327436452,-0.42006253498547586,-0.1711326627162751,-0.3179438642513853,no
0.0,0.0,-0.22653912737785567,-0.06562562871255428,-0.4327706174058445,-0.20798751924383974,-0.613472384495432,-0.27800094928940305,-0.7885247011889402,-0.3286043500626068,-0.3225553632650558,-0.6618185607801494,-0.5096755534409753,-0.8194532768871031,-0.6408223123616478,-0.9117846626579563,-0.7546376535655926,-1.0,-0.23065403995335618,-0.73622518746194,-0.4643345610487788,-0.8344449787687719,-0.6281417880006469,-0.8876598482812339,-0.7685801109529908,-0.9483452250075711,-0.1330538566266321,-0.7524438948807517,-0.36030743573590446,-0.603701490367325,-0.2944623033713688,-0.3828768409874938,-0.21917851397163463,-0.2454116140716891,-0.049446818141224334,-0.7241388563632561,-0.24663066863566838,-0.5855951367304718,-0.22865380227605125,-0.42009676618303454,-0.17748077106833962,-0.3117866220049145,no
0.0,0.0,-0.21597848144945964,-0.06179026419210304,-0.4219228637989485,-0.20851880012865026,-0.6069913819295534,-0.2780289276644539,-0.7839322487142389,-0.3252871360047144,-0.3083976219758607,-0.657207077346522,-0.49600694044727295,-0.8139526211643809,-0.6271066162932424,-0.9097666992153153,-0.7415722988917969,-1.0,-0.21980945692440837,-0.7327098663932825,-0.45544481732806624,-0.824220771085161,-0.6261185743550642,-0.8749597967924726,-0.7710771097873499,-0.934668322301964,-0.12550208986054273,-0.7475600166618195,-0.3561889068385921,-0.6044180941483198,-0.29182676736266533,-0.38429760529426626,-0.21468576381998059,-0.24894080350480158,-0.044916852633721485,-0.7199222448425835,-0.2430456043151231,-0.5813926913711522,-0.22244235209633684,-0.41821534059761917,-0.16642072732599125,-0.3146699579739646,no
0.0,0.0,-0.21744567025216863,-0.06063899033735661,-0.42970526036397355,-0.20818719296159244,-0.6128832755665937,-0.2816529273173195,-0.7874836049892538,-0.3295303802493478,-0.321834850895169,-0.6598228448352628,-0.5136109468976877,-0.8155755905507287,-0.6378133149031294,-0.9081167008785945,-0.7435395183672954,-1.0,-0.22672511707028697,-0.7322258837506844,-0.463006019116166,-0.8197374672602479,-0.6179461238259218,-0.8732904808111588,-0.7528209759620274,-0.9435497446026447,-0.12679124289549534,-0.740157966610767,-0.3563644814120937,-0.5915029750876267,-0.29499586641778996,-0.37609163626085174,-0.22177372328611455,-0.24972409272322924,-0.04612635375535513,-0.7056718550448374,-0.24680674311064843,-0.5817840299525284,-0.23710962926449813,-0.43248731343583696,-0.19329365783820832,-0.33935043872273174,no
0.0,0.0,-0.21459157752855587,-0.055726439602089776,-0.42634974396193703,-0.20016099581238084,-0.6108434567730564,-0.27837011180424753,-0.7873531885235042,-0.3268301393376995,-0.31899289775181877,-0.6564926817467037,-0.5164074605286654,-0.8122116331714735,-0.6411720149533141,-0.9066264609145944,-0.7461277483050799,-1.0,-0.22449584406158737,-0.728074040793286,-0.4645365682259356,-0.817500446410571,-0.6193097052538205,-0.869618736571682,-0.7553395024394177,-0.9396807156393463,-0.12542841014475223,-0.7345530422160397,-0.35527801298334744,-0.584995708698382,-0.29285023069346283,-0.3745197486276475,-0.2198246614479831,-0.25206472089259074,-0.04497024889549384,-0.6983514489623114,-0.24235543497670026,-0.576330447504997,-0.23727326663095383,-0.43460833952547995,-0.20060539033564315,-0.34616202111666006,no
0.0,0.0,-0.22060078111395223,-0.06665355233293443,-0.42601551556628414,-0.2132018342868099,-0.6037250962027261,-0.2863742463411302,-0.7774804413686673,-0.3293481198911999,-0.2962343294949965,-0.6634030347467301,-0.49159959496057787,-0.8151449153421874,-0.6139557423484898,-0.9071578463488699,-0.7133245246444911,-1.0,-0.20371524579408073,-0.7263072752890186,-0.43991925010246186,-0.8197252087788249,-0.5945434013109252,-0.8795070749973761,-0.726216979876436,-0.9532161291060226,-0.1091642221431323,-0.72990853778306,-0.34560129415606916,-0.5719334886336251,-0.29458233387842836,-0.359272547321539,-0.22877105011805832,-0.23527759682863747,-0.03473558981960267,-0.6877606620412744,-0.23347022274236548,-0.556188665814919,-0.21942987241961803,-0.4085805854308938,-0.17184272415396423,-0.3192971850698294,no
0.0,0.0,-0.2187145979492197,-0.06314992099733473,-0.42136613181623833,-0.20847470801166523,-0.6002648023620712,-0.28205448521721715,-0.775684051874361,-0.3276947666799751,-0.28627386027243346,-0.6607429539548603,-0.48308570118866084,-0.8159632432964988,-0.6094014720321126,-0.9097157275700792,-0.7129982798318208,-1.0,-0.19268420423084973,-0.7257257249875408,-0.4278075812765822,-0.817670579903014,-0.5817640344588195,-0.8682347930009229,-0.7136885299457195,-0.9374634871701235,-0.09837716003670124,-0.7295750492872504,-0.33530462669636707,-0.5716719288405229,-0.28198192046165343,-0.3584819866106227,-0.21347046695567695,-0.23600919802523573,-0.02623540390177151,-0.6879950018812265,-0.2245430817101271,-0.5506231350894693,-0.2107970751683849,-0.3995362345174908,-0.16147339491406607,-0.30775273294060856,no
0.0,0.0,-0.2125525839676502,-0.06681760864636754,-0.4183370797172209,-0.21195098929724557,-0.5990810122793474,-0.27837741323182286,-0.7716875619561013,-0.32175179626388967,-0.26695333788727654,-0.6693371938127618,-0.4721584653705216,-0.8143855214240309,-0.5989079426795857,-0.9071072631443249,-0.7030639838903023,-1.0,-0.17607283148088604,-0.7282024914317212,-0.4176213895058774,-0.8132942049837525,-0.5703025606299259,-0.8645173240002193,-0.6985770656108631,-0.9362241488398558,-0.09055748266710922,-0.726340807826065,-0.3408857666553559,-0.5790114584521828,-0.292929484510419,-0.3624296719530934,-0.22536892126370442,-0.23805516000788296,-0.030143745563980185,-0.6823107458736681,-0.23463051566739224,-0.5452643682589169,-0.22238287796370576,-0.3887196554018312,-0.17324266936149468,-0.2918042357599133,no
0.0,0.0,-0.21054374068578735,-0.06823459686439694,-0.41731295190355117,-0.21253106964499766,-0.6007597754879467,-0.27930597591272976,-0.7730152914170133,-0.3250555178293961,-0.2645101292016211,-0.6708085931712253,-0.46877090548028305,-0.8179061219411747,-0.5982180847826067,-0.9104015425924711,-0.7058623977348072,-1.0,-0.1737848357862925,-0.7328571721256106,-0.41927860522940985,-0.8113024769310391,-0.5757514392769009,-0.8599764477912678,-0.705436605156366,-0.9292409341663507,-0.08871331955792397,-0.7298555422961385,-0.33946565703743975,-0.5802430462044333,-0.2910880188085112,-0.36574157240982863,-0.22177171876192345,-0.24234961490119622,-0.02878642879688061,-0.6832322941995115,-0.23494278375111385,-0.5364508436720661,-0.2201166505386098,-0.3762293127606829,-0.16668948051820798,-0.276945707289278,no
0.0,0.0,-0.21528059589056428,-0.07843953284425001,-0.41959430293908234,-0.21986212736369026,-0.5992334866770646,-0.2818358518434827,-0.7663698401992952,-0.3315235477706614,-0.2539175669895354,-0.6714780209238396,-0.460313952246241,-0.8167116972084569,-0.5825531303050112,-0.90493720339076,-0.68588534031626,-1.0,-0.16488495163580086,-0.7284412681590173,-0.40745461175299397,-0.8043338697534336,-0.5471022271675772,-0.858077845168756,-0.6644406058847754,-0.9387907154800444,-0.08073104979932699,-0.7229324325522213,-0.32835641051567693,-0.5826486852999908,-0.27961705284056004,-0.37480094587425533,-0.21252422491902992,-0.2582157388391841,-0.021865567043022133,-0.6780007010371173,-0.2238640186314211,-0.5598996852845157,-0.21838823663924067,-0.41111124299169466,-0.17576590107984658,-0.3171175805715661,no
0.0,0.0,-0.21343723290057626,-0.07327463402563791,-0.41717194941301194,-0.21621197010269005,-0.5974887782364406,-0.2804433295275363,-0.7678174293014545,-0.3289039455711611,-0.2578547813006158,-0.6639823158843735,-0.4502857066893705,-0.8183118153228699,-0.5733862700661628,-0.9107663972798874,-0.6795056169998577,-1.0,-0.1657397904384562,-0.7242171352711577,-0.3961892078312607,-0.797570473460684,-0.5346438810307255,-0.8483527868071881,-0.6548885860230469,-0.9255733545466988,-0.07541762302548474,-0.7216301701913342,-0.31653122802967976,-0.5785774214823998,-0.26419039096180114,-0.37627660117654416,-0.19743475787366427,-0.2630027285117239,-0.00964450794489077,-0.6785298968567581,-0.21273025499846973,-0.5611806289263332,-0.20740888671222948,-0.4184883180965496,-0.16604312625628312,-0.3289652774148054,no
0.0,0.0,-0.212212799351774,-0.07430234490278166,-0.4174283550331799,-0.22096036523701384,-0.5925013395799351,-0.29187595334216637,-0.7605521869848219,-0.33984660642861453,-0.25945033970253545,-0.6685602300654636,-0.44857351073250906,-0.82774993512139,-0.5728958637630092,-0.9191747876431297,-0.6764973578691686,-1.0,-0.16617699133769426,-0.7257349330707902,-0.3899552975485532,-0.8079688047461893,-0.5138009405998206,-0.8536853539882764,-0.615540869790341,-0.9374549972710532,-0.07251935000656565,-0.7249587235125684,-0.3113236667834585,-0.6015084199055666,-0.2635636746995825,-0.40030258014608733,-0.19690673723136054,-0.29420940512693494,0.0015605094946811986,-0.6842955489850621,-0.20503756736017803,-0.5822828806974155,-0.20301186111683314,-0.4380625535598598,-0.1632277373016846,-0.34972806994069755,no
0.0,0.0,-0.2110681842950365,-0.07451423234567847,-0.40706772104559,-0.22235445599704662,-0.5841047688922408,-0.28814363961925366,-0.752417544237683,-0.33941777741485074,-0.2399663181635699,-0.6659185953978713,-0.42500404411798953,-0.8275740228836533,-0.5519238358296124,-0.9215605669154822,-0.6580539114305559,-1.0,-0.15030302164697598,-0.7211317506885868,-0.3812449797825149,-0.8216559491071426,-0.5255027824463234,-0.8757209164266329,-0.6450528095054315,-0.9587571377518181,-0.061394213169883693,-0.7183612581879806,-0.3030551797777334,-0.5977352318280935,-0.2563992539572587,-0.395818087034387,-0.18987390114095357,-0.29061078445953353,0.002191741181416494,-0.6765351425314844,-0.20191962870494767,-0.5732050558771358,-0.1905318271309552,-0.43338817602361207,-0.13999385852945623,-0.3516923353019365,no
0.0,0.0,-0.19989933445108368,-0.08061993406653882,-0.38887849736263064,-0.2295811404207115,-0.5562176589509327,-0.2998083459036449,-0.715187914692749,-0.35201870598394236,-0.23449322347102602,-0.6549521359430114,-0.40288046924491255,-0.8175572960417354,-0.5219867347787414,-0.9143548268914287,-0.6194709308131495,-1.0,-0.14666253204154123,-0.7101673131913607,-0.3491353923807681,-0.8159718754801787,-0.46870479364026224,-0.8720862718594343,-0.5682239425093362,-0.9567771936881216,-0.05664632229114295,-0.7096145183465745,-0.29184445194008424,-0.5984696734212961,-0.25044790913388365,-0.3964871557128472,-0.1868394016583227,-0.2886865959307745,0.013962089032741964,-0.6673827544703573,-0.1926638435380354,-0.5597669233906111,-0.18774897796333437,-0.4112592685114391,-0.14377365338959391,-0.31841261312121016,no
0.0,0.0,-0.2009676910537141,-0.08604478232390377,-0.3878667983443423,-0.2365355821103808,-0.5556961602385738,-0.30932857594634267,-0.7175976956924772,-0.36261856235639844,-0.23262317003902933,-0.6609769685799557,-0.39797106561790735,-0.8280513853739877,-0.5184598684829069,-0.9232448653088119,-0.620004801935693,-1.0,-0.14347096033274773,-0.7157476295298842,-0.34753488979246777,-0.8114000128984034,-0.46769734751328884,-0.8618147431857969,-0.5669569325421276,-0.9481885124955225,-0.053297756532536225,-0.7128930419330199,-0.2817231956027323,-0.6044129633615415,-0.2382474954952715,-0.41155914500680274,-0.17284357733330952,-0.31270205232245074,0.01662806210814301,-0.6707771132596363,-0.1848272818324435,-0.570143615173806,-0.17992029408359564,-0.42787795624022423,-0.1352871565314484,-0.33959600025175196,no
0.0,0.0,-0.20346811723988012,-0.09464977542353277,-0.3805986466471339,-0.2402752717448137,-0.5422100453842834,-0.3155345312857486,-0.6965126478348193,-0.3559671681690189,-0.20699568212368785,-0.6574066504041236,-0.37648167548557887,-0.8107456052790522,-0.495272391259295,-0.9052732214982454,-0.5871953704355078,-1.0,-0.12463661201666308,-0.7052271464053506,-0.3307016026146823,-0.7281452271717561,-0.3909851894244036,-0.7178020976525786,-0.4252601151306929,-0.7931988853249878,-0.04619170661003296,-0.7025661038153599,-0.2870925095334881,-0.5988752797303181,-0.24220668640227042,-0.4136801830835328,-0.16802071668000754,-0.3382583614885741,0.013722709063357373,-0.666711347465141,-0.20017029405035558,-0.5768392486274122,-0.1910224551116418,-0.43596734562467243,-0.13812609364968606,-0.3620069980904504,no
0.0,0.0,-0.20787871919445772,-0.0917940388869858,-0.3847152051434095,-0.23488637067748033,-0.5438842232025533,-0.3116143752722869,-0.6988478631677391,-0.3714553741611476,-0.2165427804679627,-0.6549851500294881,-0.3775144703339293,-0.804313634716088,-0.5014650922155719,-0.9082892724814684,-0.5987374555391787,-1.0,-0.1329151819639074,-0.711977189058376,-0.3407727121397987,-0.8105295617308346,-0.45754924600803704,-0.8650246675491143,-0.5439689792768188,-0.9811579862855683,-0.048620771466482346,-0.715202896089374,-0.2812190491845278,-0.6174929474277976,-0.23557822423824676,-0.4336891269193318,-0.16064004962082892,-0.3612230044679935,0.010184533878511799,-0.6764481811314358,-0.19770317459654985,-0.5744933657503914,-0.176088128338675,-0.4383991889100529,-0.10998641655491599,-0.37107910855872617,no
0.0,0.0,-0.19594050078639555,-0.08946068224363303,-0.38008919221609905,-0.243367147668509,-0.5413606866911144,-0.31857389490197346,-0.6929169412649445,-0.3704939534470002,-0.20124577994671108,-0.637847095592546,-0.36326703890737516,-0.7995449013669941,-0.4793333629832087,-0.9069711439326247,-0.5678738209120571,-1.0,-0.11586934108542803,-0.6864963955185561,-0.30903267281497265,-0.7780575827534761,-0.4193586731950301,-0.8360186147308667,-0.5045035195749825,-0.9331643829523998,-0.02964286725076921,-0.6923567203464184,-0.26080644965653316,-0.607530798808075,-0.2271831674961893,-0.418307450339828,-0.16715510793228508,-0.31596265732965134,0.03648810703065932,-0.6609568553881237,-0.1722365574877391,-0.5905326869660495,-0.17889904621741715,-0.4606122160182104,-0.1440233533200448,-0.3765719622691858,no
0.0,0.0,-0.20650718614272662,-0.08779883038342938,-0.3945214687786573,-0.24533716533425742,-0.5538557281643918,-0.32602727757871963,-0.7064744233172214,-0.3783343509912466,-0.21225257954276136,-0.6404333690518764,-0.3648213969612398,-0.8024041393955536,-0.4848115778935361,-0.9098992958763502,-0.5805530299745624,-1.0,-0.1258914015023956,-0.6936030338702416,-0.31676664490084927,-0.7433135311121333,-0.38608202572713096,-0.7507642214297566,-0.42905120487328285,-0.8310139100199152,-0.03960226907831489,-0.6991503833250584,-0.2666594077719942,-0.6110108847560278,-0.22337498830481228,-0.4337485138554152,-0.15297794523946365,-0.35498928932704504,0.02688801079445451,-0.6689751690382497,-0.1819448469617451,-0.5905373787979206,-0.17500564791991918,-0.4583219369773637,-0.12532742450613707,-0.38539938536287355,no
0.0,0.0,-0.2036792025857753,-0.0779911377651628,-0.3975706288608731,-0.23265001915834135,-0.5543532824847367,-0.3148603310187565,-0.6995491448170345,-0.3660104322842751,-0.2292866288128103,-0.6333348797964276,-0.37874805913318854,-0.802743681418812,-0.49004467164472026,-0.9087507226099135,-0.5800922137029536,-1.0,-0.1369674548510656,-0.6885814950448652,-0.3151777453502639,-0.8175186343240043,-0.4358285682243889,-0.8841492761885181,-0.5337941125816232,-0.9726282707694444,-0.039575659427439284,-0.6933370359442526,-0.25699780112974135,-0.6127621922482814,-0.22184324605051126,-0.41538955516601,-0.15855630215975253,-0.29986375548883143,0.039455168813691474,-0.6552553266196809,-0.16277213856487335,-0.5851331271085858,-0.16737147556610563,-0.43908314987163244,-0.12731919398788552,-0.3391830803141701,no
0.0,0.0,-0.2088461150865003,-0.08121537109385772,-0.4046773684362696,-0.24116433844991186,-0.5625015354414994,-0.320534338655473,-0.7078586695246908,-0.36880945501060314,-0.23316817692831815,-0.6343112306076872,-0.3796423603700836,-0.8010514034896261,-0.4929974675869344,-0.9087417134206862,-0.5874158807852302,-1.0,-0.1424465219304498,-0.6917550426405683,-0.31915791458048565,-0.8201468642482537,-0.44552688079676167,-0.8871076560497397,-0.5472525749876204,-0.9793090170650849,-0.04726235167635116,-0.6942946419901929,-0.26157539055364637,-0.6085512434694644,-0.22283797720477283,-0.419442006771485,-0.15400808306542144,-0.3231133790057893,0.026730636850161464,-0.6536458442137294,-0.1761722542253261,-0.5642971037102784,-0.1719981930673751,-0.4169338265241064,-0.1202415727867791,-0.32661326644852673,no
0.0,0.0,-0.21824473304382233,-0.053710128905501496,-0.42740056671507043,-0.19654069940206179,-0.5915859484255275,-0.29473180786946096,-0.7405233532856449,-0.35396848688338445,-0.2691943918945334,-0.5972822009988954,-0.41775767995692925,-0.7719933430351251,-0.5238634449144571,-0.8829666585496996,-0.6098440402790904,-0.987255309820075,-0.1795841272796537,-0.6671028440765687,-0.3595448257315219,-0.8188885505358338,-0.4891080995936082,-0.8953556397406006,-0.5945020959481608,-1.0,-0.08151784128647091,-0.6886690821217927,-0.27595233674859543,-0.6101697708368067,-0.2267764894064814,-0.4229087107679194,-0.153098621500566,-0.32890476518560946,0.0015143490621922719,-0.6700118037881868,-0.18819196925159634,-0.6029526826400865,-0.18267383414143615,-0.4617523427442817,-0.13273923445605187,-0.37999958275633616,no
0.0,0.0,-0.21855325709880508,-0.044983559328475024,-0.43419695870197417,-0.18071600617452627,-0.6082556239402236,-0.2771034015993688,-0.7614931785237959,-0.3338569254406046,-0.2833593621345185,-0.5853125175309858,-0.4344090496984218,-0.7700687486088315,-0.5421715439754032,-0.8854842533293038,-0.6267972992781305,-0.9870242655987318,-0.19283921439468107,-0.6555490207078265,-0.36368900800408255,-0.8166339421599622,-0.4894922664601253,-0.898973023545358,-0.5952217997694506,-1.0,-0.09022626055704651,-0.6792165300682419,-0.2673787036752185,-0.6057422008603077,-0.21111161379170565,-0.4148546941419815,-0.1385544152748949,-0.307166395520754,0.0029685500902110595,-0.6686604788696201,-0.1738197914197248,-0.6123286035110832,-0.18050138166788215,-0.48093515480652127,-0.1493630936331079,-0.39863697151429717,no
0.0,0.0,-0.22187679400403165,-0.039647200952609804,-0.4397259826831412,-0.17265296555493817,-0.6137174262347957,-0.273542634802604,-0.7701803035715307,-0.33638655569114095,-0.29263392663672644,-0.5802864578963102,-0.4477797180196796,-0.773385237314288,-0.5574976620894456,-0.8948953606375714,-0.6440852753220471,-1.0,-0.19970873627059607,-0.6535992020030329,-0.36720917010491505,-0.8144378586048663,-0.4918071241773054,-0.8976226616975655,-0.5985862441418536,-0.9943028932553655,-0.09316603526330747,-0.6774535428450348,-0.26474718570155853,-0.6017913622987742,-0.20338595468538298,-0.4087038321447533,-0.12836737956879174,-0.2947974735997294,0.0061885704896398885,-0.6679208059193996,-0.16709324736190928,-0.6267549543325986,-0.18725598548439237,-0.5139312913398925,-0.17460222326026906,-0.44162286676611506,no
0.0,0.0,-0.21820749843349957,-0.03707586336499395,-0.4344134558146203,-0.16924506144540868,-0.6056320934132036,-0.27069500418261677,-0.7614044121526503,-0.33085719686934817,-0.2869642368090037,-0.5813611709611741,-0.4419565212933132,-0.7743525333495406,-0.5529048352615753,-0.8965992258943035,-0.6407638369855181,-1.0,-0.19473711782935707,-0.6544491129254324,-0.36022891693623277,-0.8135147646278329,-0.4799414303151066,-0.898704237073738,-0.5857173565265508,-0.9930693658138802,-0.08791232146509226,-0.6799626090654373,-0.25338063005663636,-0.5945345028129893,-0.1990742872632748,-0.4016005616843222,-0.13702390458227245,-0.28072731855581057,0.013367221819631247,-0.6701105750757802,-0.14419373187291928,-0.6414588579470744,-0.17453564750952996,-0.5448270809100971,-0.18103208002733848,-0.4759886850289166,no
0.0,0.0,-0.2163626992101879,-0.034027223563905314,-0.4338429167190406,-0.16756712733460916,-0.6032873260408911,-0.2685376017945745,-0.7571385432619039,-0.3301569285762631,-0.2895833906658029,-0.5815989176621443,-0.443492250261622,-0.7729035468282934,-0.5546356741591837,-0.8966684194907092,-0.6430739525636725,-1.0,-0.19647012972137534,-0.6546305049397656,-0.3585876353759064,-0.8119690858365619,-0.47578797126360267,-0.8946252762185412,-0.5796539523702916,-0.9863114235286505,-0.08771756277626502,-0.6781450609410062,-0.24893101286205918,-0.5995638145715461,-0.19950509372650144,-0.4057108346095231,-0.14154810311960533,-0.2821240954795734,0.01703090449439456,-0.6656232777016238,-0.13212599209964768,-0.6477868675050967,-0.17371961410103556,-0.558220657985849,-0.1944132266565117,-0.4905366096019552,no
0.0,0.0,-0.21774310306203495,-0.05061216630780311,-0.43528699519190717,-0.190771498025479,-0.6082187469336142,-0.285696247762117,-0.7649573899665081,-0.34534696212585464,-0.27168557257406073,-0.5933434666775282,-0.4207275642390457,-0.7722941286465691,-0.5339408402776363,-0.8937626242522647,-0.6218769150446836,-1.0,-0.17931946138992208,-0.6634742312513076,-0.3552019787792221,-0.8067454006528046,-0.47936222879264473,-0.8816401946935095,-0.5786077821861734,-0.989537723256025,-0.07939888656640703,-0.6878223986403298,-0.27114792522554715,-0.6036694801816597,-0.21998070838370692,-0.42320770331641766,-0.14322266265035705,-0.3377673194095506,0.004452993810760723,-0.6731570674521551,-0.18042363796930744,-0.5988036235653943,-0.17493533976016928,-0.46562667204807723,-0.12392401102695458,-0.3918023590573398,no
0.0,0.0,-0.20943099027655201,-0.04724726201703691,-0.42518461668054996,-0.18931241056833803,-0.5951532696041268,-0.28274104958475815,-0.7479800396146591,-0.34462367633799496,-0.26933453575734084,-0.589160786222335,-0.42289979084208773,-0.7725451289807126,-0.5351638366942295,-0.895231467539048,-0.6226166926622956,-1.0,-0.1748770827930959,-0.6578055798566818,-0.34525168228331365,-0.8035205771047972,-0.4621327280104783,-0.871377885785502,-0.5557782878414416,-0.969440041490235,-0.07223609940405502,-0.6805923589918358,-0.26143729676290645,-0.6059047974552362,-0.21022049395181824,-0.4234173176585105,-0.13418626157163352,-0.33283581021300634,0.015663444603434065,-0.6660744471501432,-0.16799617837644498,-0.6102854233800631,-0.16784385665388082,-0.4903170182086855,-0.12480544570345382,-0.42233858623052,no
0.0,0.0,-0.21296683577708242,-0.03917617632640721,-0.42831461441771373,-0.18119949081545475,-0.5965762681191678,-0.27572096018280057,-0.7531014578914338,-0.34002604065409064,-0.28289685742433,-0.5880699936152066,-0.42842835604107926,-0.7697033742015829,-0.5378376227491968,-0.8935016830489733,-0.6251235986250709,-1.0,-0.1881747958010808,-0.6597619202493158,-0.3633038271330824,-0.8134531993192945,-0.4797585334380386,-0.8898297909298142,-0.5815761827221023,-0.9867878021012039,-0.08137068467733173,-0.680976186574055,-0.27133736528612923,-0.6018703410904152,-0.20922862466027412,-0.41945912042476136,-0.13558728288704586,-0.3234757259749892,0.011689586391123647,-0.6629450504405944,-0.16880637796159748,-0.6119461046401131,-0.18130378425285382,-0.5192708471497912,-0.16330244624436424,-0.4740456514542393,no
0.0,0.0,-0.2124264556705214,-0.0467292699185578,-0.42667231834912905,-0.18876148450859345,-0.5960159261513491,-0.2846299597136481,-0.7513161898965307,-0.34741145697475584,-0.2770882242123873,-0.5910346564066893,-0.42512245312001856,-0.7686264600179694,-0.5334162971335826,-0.8890250485465032,-0.6175502854824219,-0.9969828710546909,-0.1853802567892647,-0.6615748992841203,-0.36275106512477173,-0.8165704793786047,-0.48168383908645623,-0.895926984610034,-0.5806640002318639,-1.0,-0.08257252992493407,-0.6853152262122134,-0.2756010346926354,-0.6044564965365331,-0.21808067414427731,-0.41948707358780396,-0.1432719618583891,-0.3276588267686868,0.006515375474596412,-0.6698946468423036,-0.181600875286207,-0.5980508941251486,-0.1745112743819378,-0.47284656406689274,-0.12882647885691098,-0.4061454801031794,no
0.0,0.0,-0.21379565645294718,-0.04134880986796711,-0.4297727579499963,-0.18058531463412963,-0.5915184475862543,-0.28310305116197754,-0.7390577133337581,-0.3407126486776437,-0.2872026512947459,-0.5529963186798431,-0.42083599475596617,-0.7423049561174632,-0.5197182235791602,-0.8699215975170704,-0.5995210580183991,-0.9782048574890458,-0.19244670265313776,-0.6227147967726269,-0.3554273977070253,-0.8023396296493276,-0.47106539929413715,-0.9030315380995485,-0.5693266148757772,-1.0,-0.080272192666462,-0.6487936668585172,-0.23986592573362675,-0.5958541310457298,-0.21138918626026634,-0.3967070500800314,-0.1716334561493212,-0.2548225504687351,0.026992135177977866,-0.6338417813426067,-0.10800118866638547,-0.6336520370480562,-0.15160200528651124,-0.5394832250070694,-0.1754613410480801,-0.4565732180404171,no
0.0,0.0,-0.21431542934326395,-0.04459925174511064,-0.42910579553509964,-0.17883983442840504,-0.5972620208245342,-0.2835955189390772,-0.7482107830424257,-0.341160970070863,-0.2884560353499801,-0.5547308261889917,-0.42511011583730907,-0.7388902356018449,-0.5236715088348487,-0.8624168639983402,-0.6016557159496567,-0.9713836434713297,-0.19227214939974827,-0.6323777081721247,-0.3649360405439403,-0.8018211322903777,-0.4787613957497739,-0.8995210406550882,-0.5732321922499198,-1.0,-0.08111187444448091,-0.6628784630958896,-0.24825541863777809,-0.5883416059146221,-0.21092065414258904,-0.3908169231360934,-0.1623098444246613,-0.2534243264347521,0.020651990200634355,-0.65049852490825,-0.13826907748280648,-0.6113206455330354,-0.16625683074570377,-0.5016324630980067,-0.1675906058479334,-0.41529628331923696,no
0.0,0.0,-0.22257048264571944,-0.04703014736052414,-0.43704347468383775,-0.18532718526443565,-0.6013042161125003,-0.29081209519954904,-0.7510495746446889,-0.3492619772476829,-0.2775851712873051,-0.5559961973726731,-0.4182897031698671,-0.7592563541839882,-0.5215456069509852,-0.8907284987535484,-0.6059421106812761,-1.0,-0.18472478885622423,-0.621713706226471,-0.3473871578707379,-0.7609279344949683,-0.41750114953828477,-0.7689180535205503,-0.465124280863142,-0.8241678789545773,-0.07753866684236561,-0.643779612158507,-0.23790370233250818,-0.603201172163011,-0.2083841866759536,-0.40419160528533127,-0.15775116496423447,-0.28237505939426394,0.02771999583063597,-0.6300414531000581,-0.10694070125495765,-0.6488267737314727,-0.1476854277589703,-0.555859194022889,-0.16169497894924356,-0.4864744924513943,no
0.0,0.0,-0.21529625809514372,-0.049937626470916735,-0.43001885800771417,-0.18312141015738545,-0.597190053724959,-0.28873219618970014,-0.7453718002432017,-0.3449891517077692,-0.26798996080701576,-0.5664081009904081,-0.41165095923443723,-0.7659348766870873,-0.5168457469503216,-0.8908964012125477,-0.6040763989647585,-1.0,-0.1711556905161298,-0.6319778255418422,-0.3274378681169976,-0.7225434556560651,-0.3518702532713111,-0.6442630598563897,-0.35439351028643234,-0.6359740312177022,-0.0675259653739082,-0.6503165345172855,-0.22880886223236932,-0.5939723591841329,-0.19545348797983353,-0.3971787623420845,-0.14231127615873446,-0.2857957374854859,0.03257931016642205,-0.6345730957109,-0.11263276769797544,-0.6391634099067377,-0.14608951969149006,-0.5388426192722232,-0.15047777756220443,-0.4703993601316652,no
0.0,0.0,-0.20783489160524865,-0.036343624071959756,-0.42168366745257263,-0.17724029068330144,-0.5901136579046448,-0.2691138946373491,-0.7430164289002587,-0.32387095534312704,-0.282720696465869,-0.5730379794383232,-0.42987374546953877,-0.7637045960213181,-0.5353310894683647,-0.8850156933691257,-0.6249778336074832,-0.9892905968197451,-0.1902104475121664,-0.6457671580981367,-0.3618477730091522,-0.8298340861899225,-0.4852590650717929,-0.9179949176720527,-0.5892135494967902,-1.0,-0.0798916096164144,-0.6752776804737449,-0.26465213832527773,-0.623810942292254,-0.22480941270197624,-0.4215746481112487,-0.16615560938579657,-0.2828108470750408,0.02526383466797583,-0.6653668789107849,-0.14784001062239735,-0.6342864081359177,-0.15071749227561276,-0.5023887290773277,-0.11670101183576166,-0.40126665100096004,no
0.0,0.0,-0.21112113394657764,-0.04813236722061891,-0.42332007006897054,-0.1793383058463924,-0.5907163683643262,-0.26579061301561885,-0.7359773340466859,-0.32083625822504336,-0.28868571335869725,-0.5700720123266231,-0.4285427972633491,-0.7470411136410415,-0.5331653147104619,-0.8636539690597435,-0.6175414416457489,-0.9676081410058608,-0.20103021530019444,-0.6420111673689223,-0.37447829338863503,-0.8169828366171544,-0.49724736286581145,-0.9077267499414459,-0.5987578067993128,-1.0,-0.09682509693967045,-0.6725825241930932,-0.27725303408578955,-0.6146240417142226,-0.2321489225864954,-0.4097219851703343,-0.1695769127946846,-0.27578723664567956,-0.0007087335097787987,-0.6639230985274769,-0.17630802227525424,-0.6165336002884955,-0.172143156733526,-0.4761450507452517,-0.12904425072470282,-0.3756666133792799,no
0.0,0.0,-0.22672705918595248,-0.040143674050928856,-0.45122034238625175,-0.181751387643509,-0.6342926731322511,-0.2761874735261273,-0.802391794062151,-0.31510681691907383,-0.30305604759520965,-0.5847353025310398,-0.45910268011860295,-0.7724295588696413,-0.5770375942744921,-0.8958688037385234,-0.6748623358619893,-1.0,-0.20627410153864773,-0.662449183917088,-0.3885759394442825,-0.7779629420792924,-0.45645185468388133,-0.7574982946700186,-0.504847469235297,-0.7937159277820258,-0.09766521071827398,-0.7011739271549045,-0.2949852984052414,-0.6522952503809487,-0.2504448985878768,-0.43043594560547466,-0.18790535968709945,-0.29978910294141914,0.007658169355770341,-0.7040150550381499,-0.17633215152131937,-0.670264477426382,-0.17903076745350224,-0.52479140651216,-0.14471994080854644,-0.4292226170764043,no
0.0,0.0,-0.22673065340030724,-0.033940258110534846,-0.4560206365591218,-0.17078064792151296,-0.6464701559257872,-0.2648606187757233,-0.8169869841994365,-0.3108441042241155,-0.32482654556088547,-0.5734653967030919,-0.48101475645189096,-0.7707206603587249,-0.5934064630230242,-0.8936325243562068,-0.6848918583721211,-1.0,-0.2257360952039961,-0.6554953353475754,-0.4083306986265326,-0.7957406038678194,-0.488258978766706,-0.8124099226896762,-0.5512986138301518,-0.8756711522986159,-0.11214673118383134,-0.6971156765403612,-0.30022641030097075,-0.6410306205275416,-0.24916998011581543,-0.41789171808707026,-0.18407666961893415,-0.2867140285748784,-0.0012266217754503953,-0.7040144207448787,-0.18054057902131285,-0.6668603437891062,-0.18098202327335972,-0.5217359821384328,-0.14817102492537323,-0.4278927859285021,no
0.0,0.0,-0.23735416445932675,-0.01520949048313545,-0.4922821915489873,-0.14758233170470164,-0.6971566380548008,-0.2321425904843443,-0.8744269508559027,-0.27792003515625835,-0.35518913910543537,-0.5631820680327642,-0.5310098962307286,-0.7651193599057948,-0.6635622875176084,-0.8941596808062047,-0.7731742247170398,-1.0,-0.2560792807757701,-0.654313859202883,-0.4625263014179833,-0.8192634820766369,-0.5743906141892194,-0.8531348019225012,-0.662761600889715,-0.9303601738755721,-0.14072138594162098,-0.7091824036669456,-0.35000103107958297,-0.6655961808812246,-0.28256522644996457,-0.4343842286066986,-0.19917897621619393,-0.2991428528763209,-0.027422094826611523,-0.7282810196737095,-0.2173796641240481,-0.677865494601765,-0.20665145883539204,-0.5213179259229762,-0.15915673334077607,-0.42495909458413006,no
0.0,0.0,-0.2341378249668392,-0.003071098483052424,-0.4890528938616067,-0.12606857536080024,-0.6897514897398181,-0.21292810534482642,-0.8690006806715844,-0.2672109260381457,-0.3716821168174166,-0.5233331058059602,-0.5387862092011723,-0.7286647495314412,-0.6657888625871877,-0.8527220523872224,-0.7674182191067762,-0.9561587752010448,-0.28017338627947413,-0.6142749284461149,-0.4837749535435999,-0.8189206900366806,-0.6218409951873618,-0.9080848465206288,-0.7411629497204453,-1.0,-0.165745180805235,-0.6752680697984507,-0.35675423691574315,-0.642657144559256,-0.2872798824638748,-0.4109175623168817,-0.21006369203284245,-0.25617011683270086,-0.046400647219849975,-0.7040356929658783,-0.20897572908194095,-0.6930334418343639,-0.2281189443633046,-0.5531485706851995,-0.22289415166071536,-0.4413214720361043,no
0.0,0.0,-0.2273371330452528,0.012783532122321882,-0.4954623122571731,-0.11257845499621873,-0.7029057902847436,-0.19578912772632684,-0.8838465291995955,-0.23396063793574698,-0.3827966617535352,-0.5324109054750394,-0.5634751434114571,-0.7268042343479872,-0.7002755042667109,-0.8510928783069316,-0.8093979988631047,-0.9559464820804848,-0.29037311292991996,-0.6295882862896802,-0.5136492829007933,-0.8226864265101171,-0.6615845100534743,-0.9095333195832725,-0.7861614022379062,-1.0,-0.17181807663479,-0.6942848375396782,-0.3720813399937286,-0.6234039449259761,-0.2902590880356026,-0.4030821935035993,-0.20153262872655991,-0.2673467916245361,-0.05300245991941123,-0.7166885493853555,-0.2366157411366605,-0.6508908194868545,-0.2194915495815454,-0.5043770467887739,-0.17222722478498761,-0.4068144965884758,no
0.0,0.0,-0.22898370079781172,-0.002059421635790427,-0.4695439307186124,-0.11456506637763865,-0.6606392514579355,-0.1930697277949513,-0.8391372216136155,-0.24759381261946084,-0.3765525262421907,-0.5313598744758108,-0.5498410098051226,-0.7193435969313292,-0.6771530912174121,-0.8347888713005324,-0.779268208716936,-0.9340884869247252,-0.28626251661905744,-0.626468885471784,-0.49775228561537144,-0.8244591149368031,-0.6454691592639871,-0.9073190765283149,-0.7760557566346122,-1.0,-0.17275188963491248,-0.6891204288096634,-0.36091307598590244,-0.6162123450867876,-0.2766144931433963,-0.3940621356373685,-0.19382419178772087,-0.27305131551173445,-0.05856922724332628,-0.7150621592345714,-0.24180732592941462,-0.6389364514397041,-0.20915784815490884,-0.486677116240791,-0.15023563261676495,-0.403587647607777,no
0.0,0.0,-0.2445161280130926,0.004442134562555586,-0.5109727990344834,-0.11153201512095022,-0.7185667639239277,-0.19228281800675798,-0.8997671512679514,-0.22623702863533898,-0.407083403761913,-0.5457881076538358,-0.598811744801581,-0.7382257368935704,-0.735389689887825,-0.8563781438133166,-0.8467011779871064,-0.9577461696067636,-0.3149012130565898,-0.6511052416240014,-0.5411682561146488,-0.8198123624668064,-0.6899576480698356,-0.9118501680017819,-0.8201238805805106,-1.0,-0.19427451191019685,-0.71472112652027,-0.38541709779488775,-0.6237118678607141,-0.3072579613256265,-0.41028910207905167,-0.22968363218746693,-0.26136717275195925,-0.06862434422435623,-0.7326376832656956,-0.23288632906233364,-0.6794037871882647,-0.25746308620932057,-0.5653810488934946,-0.2633670811289846,-0.47044558780087486,no
0.0,0.0,-0.25175879303525395,-0.010687596944399327,-0.5070838380744905,-0.130304431761682,-0.7090945780570576,-0.20503267746947065,-0.8870387740400412,-0.25114907398337794,-0.40406177659794745,-0.5579693410818592,-0.5914631273410794,-0.738800635818871,-0.7241342113453,-0.8544488722522346,-0.8340104200892974,-0.9546644282403762,-0.31397152453940946,-0.6638413044206026,-0.5399361329367318,-0.8254974464333761,-0.6879782125405601,-0.9075415458284306,-0.8203188641557112,-1.0,-0.19826842269059997,-0.7281032746903668,-0.39289216993028064,-0.6292398257201628,-0.30893382548954207,-0.4151569894819589,-0.2289546185520738,-0.28723532861594087,-0.08243110205711211,-0.7475822020311983,-0.2590004079259137,-0.6707768198889301,-0.259129667125015,-0.5304960267520046,-0.23391420412910297,-0.4367973662120793,no
0.0,0.0,-0.2528296048619644,-0.012882142700017161,-0.5208885397761722,-0.1300171639531926,-0.726397961886176,-0.20989291686102735,-0.9102544641283284,-0.24849797199633003,-0.3683455446707105,-0.5926527150425399,-0.5701174147258036,-0.7742542450264306,-0.7207085965154058,-0.8953840882491165,-0.8426519138055465,-1.0,-0.2756124145699266,-0.6908647037040166,-0.5038286017132486,-0.7698050488419503,-0.6057541053198349,-0.8046881396238498,-0.6872850681765273,-0.8974151511875935,-0.16859424863345387,-0.7396266760056909,-0.39853178419745044,-0.6395199803740641,-0.32988354675858844,-0.44388427457313734,-0.242119542811258,-0.33879825522632323,-0.06960010698699054,-0.7418056035893087,-0.271614970370256,-0.6679638936388484,-0.286186120652306,-0.5366949061430986,-0.26167467855100224,-0.44963759322392416,no
0.0,0.0,-0.26007061176782464,-0.0021707255354735523,-0.5314606784501854,-0.11917212654395279,-0.7398491542664044,-0.2098852948186786,-0.9230021375151394,-0.26515503523975703,-0.4032227015687357,-0.5710457072036288,-0.6099609439864054,-0.7682328748241392,-0.7593398361052258,-0.8972743669525406,-0.8823473225514166,-1.0,-0.3103299908392208,-0.676261532163093,-0.5271659570516104,-0.8075748505017856,-0.6572334446910243,-0.8904800489280242,-0.7748000102276265,-0.9905616348214236,-0.19488124932219933,-0.7337366780022859,-0.40371880022888723,-0.642508307742225,-0.334974749812567,-0.43783998408252167,-0.2608729514255342,-0.2930758675334286,-0.07637362459732394,-0.7476205338997323,-0.24011968674073467,-0.7324422072981168,-0.3066927177242708,-0.6492601576053717,-0.3574146911624197,-0.5659332165385421,no
0.0,0.0,-0.23393253337759362,0.006676408337847053,-0.5223492051065742,-0.12013417377063931,-0.7410416742389563,-0.20274986585927207,-0.9240023831425201,-0.23085320619850896,-0.35669741588149967,-0.5536514618479877,-0.5643017654216086,-0.7572374355698763,-0.7273086121270335,-0.8983429330902745,-0.8623783487841932,-1.0,-0.2552194150879661,-0.6503821136206914,-0.4541370881384012,-0.6567876987551283,-0.38273558632143295,-0.4316713439058171,-0.28779063930289017,-0.31723780158152615,-0.14800850265396573,-0.6996879496510308,-0.3657689129530252,-0.6465267909089824,-0.2870616661002806,-0.4170930236400316,-0.18358178492189592,-0.3133603656659722,-0.042125907499197444,-0.7119448918626206,-0.2443709822913905,-0.6623018930173366,-0.22653553960411266,-0.4924137731200536,-0.15309250614022668,-0.4149096624787986,no
0.0,0.0,-0.2231466874234252,-0.004579474543862407,-0.48760825702620425,-0.13988355396755384,-0.6946879968512256,-0.22261513340033587,-0.8722822454895867,-0.2715046604087126,-0.34270006303939815,-0.5597709028605958,-0.5319551127750701,-0.755707181169236,-0.6726322513351383,-0.891485185521059,-0.7900143433638445,-1.0,-0.2476819164858549,-0.6547337342981376,-0.48247034222757057,-0.7946148640972611,-0.5923805962065951,-0.8099415588086182,-0.677344614384773,-0.8758553595664352,-0.13869064272087783,-0.704486485646664,-0.38214436870632157,-0.6395974469980366,-0.3005691176148122,-0.40934287735790326,-0.2009357951277961,-0.2895327602672624,-0.03705209218407328,-0.7082130936609428,-0.2520648130079115,-0.6229295260078563,-0.2126663461622163,-0.46780533530822255,-0.131800494905004,-0.39459974610141374,no
0.0,0.0,-0.23107428294551047,-0.022681624222292182,-0.4779283638629671,-0.1565510129257015,-0.6758106579709356,-0.23786901040283398,-0.8517081177862161,-0.29073154953383956,-0.3600328896938572,-0.5699186696947987,-0.5467289739806074,-0.762444728601726,-0.6816712939391152,-0.8900259498648093,-0.7948796844385886,-0.9969461729239568,-0.26901467814869373,-0.6602891062821648,-0.4963532429125862,-0.8364952308648357,-0.6377236497023042,-0.9125348340983556,-0.7550762884567798,-1.0,-0.15990799868199387,-0.7122750979327773,-0.3821313005291458,-0.6434861477643775,-0.2969309718049472,-0.4070449413310221,-0.20496744067137124,-0.2697052062537058,-0.05266237666904616,-0.7248992601978131,-0.2546899986569466,-0.6386501838169405,-0.2176273385215789,-0.4845743190049831,-0.1481079141257694,-0.4002431963116558,no
0.0,0.0,-0.21998936621447795,-0.05000068165291808,-0.4459070006522746,-0.1845153802980033,-0.6263084615784893,-0.2588817935113939,-0.7945232164263376,-0.29698311939352473,-0.26054886692963747,-0.6223130154040118,-0.4560430835366611,-0.7958137486129323,-0.6019394657646062,-0.9126439703767083,-0.7253440859120776,-1.0,-0.16866090148310395,-0.6883559664503874,-0.3670652960130601,-0.6563632107887799,-0.31435413193997075,-0.43839518549504036,-0.24242573199442619,-0.3357674422980805,-0.08038761665145588,-0.7107705385384478,-0.3038144337221187,-0.6241649031697629,-0.23461744582155403,-0.4103861630986137,-0.14919135802350608,-0.3153332159482205,0.0014735223924903739,-0.6971536094290072,-0.19811041970810278,-0.6391872853873392,-0.18110365943928958,-0.5013189503927569,-0.12093559647222533,-0.4448840412378894,no
0.0,0.0,-0.2264951833008524,-0.03970999854033705,-0.4570449859068976,-0.17429016817052181,-0.638848835117303,-0.2666936220272568,-0.8071458987808608,-0.3184409366434617,-0.31029492357891253,-0.592634567157131,-0.4921906146312541,-0.787659492693576,-0.6173125832375626,-0.9048303528424013,-0.7294080972444807,-1.0,-0.2110802750502867,-0.6681357275326001,-0.38794540936002264,-0.6125324699571568,-0.33749462998675744,-0.39319680141455293,-0.2791343255772552,-0.26413525153915235,-0.11059002442955278,-0.6964398933804851,-0.30733203409501086,-0.6030005314380094,-0.23596224791111672,-0.3925993579746064,-0.16484290518942238,-0.26583404273455596,-0.008725729331719532,-0.6913818972374652,-0.18167466715347244,-0.6503831898123824,-0.19658944282741617,-0.5414354747883772,-0.18878194332811452,-0.47633507298503336,no
0.0,0.0,-0.20902186523811564,-0.04301088836863917,-0.43492595660416755,-0.18429348675322232,-0.6195440616629584,-0.2494107434485181,-0.7830324189629638,-0.2870028569176541,-0.30484251690849984,-0.5794745297355899,-0.4892582108726044,-0.7540383692614467,-0.6145594939964627,-0.8829386288178086,-0.718274524066005,-0.995259673902071,-0.21536575045252968,-0.6631665046456026,-0.43647800546769233,-0.8252818889950592,-0.5767086192901403,-0.9118244724174696,-0.6917106174731075,-1.0,-0.10783239324240794,-0.6996701615278563,-0.33448891457871527,-0.6262706438574196,-0.26333337712281013,-0.40522001100729166,-0.1827808484188081,-0.27178175002108806,-0.0032204279292048616,-0.686807117956405,-0.2069955071996814,-0.6028273424719667,-0.18645363316679503,-0.4558452555945666,-0.13170013565518968,-0.36551277938262366,no
0.0,0.0,-0.2201830707292258,-0.05622851414166515,-0.4461966992579592,-0.1986268290621058,-0.6360054992219311,-0.2623464964424386,-0.8063271189128847,-0.3051451812127114,-0.31530081287108747,-0.604133746975347,-0.49566909456174146,-0.7747947901265657,-0.6215637844106815,-0.8934302277917069,-0.7267847165626815,-1.0,-0.22535248917773795,-0.6837024552822148,-0.4487167928799225,-0.827657163405707,-0.5896034943164236,-0.9054745249795491,-0.7059044273095332,-0.9906009412765063,-0.119370982861201,-0.7169704664131249,-0.3438394556829337,-0.6311165073794168,-0.27683571521426714,-0.39917373756309277,-0.20143688413520103,-0.258298614152826,-0.0182215998465571,-0.7078772889268353,-0.2225591200836274,-0.617932540800411,-0.19805661127006777,-0.46105879858056803,-0.13983854953211577,-0.3651762256468775,no
0.0,0.0,-0.2092738629004618,-0.027680376898894556,-0.45863902128945405,-0.18227463756681386,-0.6632993388937096,-0.23886212042616492,-0.8406402138639922,-0.26780233688530436,-0.3064223032319128,-0.5867023762897807,-0.48026599363860817,-0.7593155344019573,-0.6163465637119077,-0.8940772029443884,-0.7332962754268495,-1.0,-0.2205357576979672,-0.6693860030885235,-0.43829500619106665,-0.8280025181876566,-0.5992864538387447,-0.9053766826322907,-0.7307257373872118,-0.9869844419434252,-0.11540858206228294,-0.7046451792456235,-0.3510043965372981,-0.6348783010197735,-0.2796630544405206,-0.41290126717756265,-0.1949962280877852,-0.29001560369537027,-0.013796637703431949,-0.6894952617683213,-0.22111936752385075,-0.5993732570379945,-0.17855865524841674,-0.4582139540766332,-0.10206564767864083,-0.388638803535724,no
0.0,0.0,-0.20736844908515067,-0.04821689241177768,-0.4419577079278606,-0.1997418561393943,-0.6227358938796022,-0.2639249131224084,-0.7923281280246656,-0.27864079307190476,-0.255434802071584,-0.6044941878564039,-0.43269406384369213,-0.7738252569344013,-0.5645908221868287,-0.9002351397174507,-0.6803601981312406,-1.0,-0.15393880350978242,-0.6713455431312058,-0.34561429884927847,-0.619055556535856,-0.2962070250472991,-0.4024902033799357,-0.22648656543063944,-0.2856631447256214,-0.05171263664529402,-0.6829557009742675,-0.27489046010435014,-0.5883326215483774,-0.2116761425548455,-0.3775106860528283,-0.1314456609647689,-0.27043965000104503,0.04324036633951472,-0.6512874018360211,-0.1586925156056057,-0.5745580687927409,-0.14333632220073014,-0.4265449971262727,-0.08586906859525555,-0.3557277874747943,no
0.0,0.0,-0.21172451579400628,-0.06377312494631544,-0.4322107254931096,-0.2094562827436962,-0.6161382529965549,-0.2730627173155784,-0.7770091430292355,-0.3151464390488871,-0.2958512818334299,-0.6055359366098897,-0.46434328066435815,-0.7727493331918538,-0.577036298632772,-0.8912827340555215,-0.6736547666947408,-1.0,-0.2021965437497236,-0.6805030043763065,-0.40620379279067864,-0.820650051409675,-0.5429369214390132,-0.8954436492304596,-0.6579599971712394,-0.9784193809156813,-0.0946746592627944,-0.7002953094137208,-0.31411507345603196,-0.6087707250403089,-0.26501070145984074,-0.38253861105743087,-0.20096291058311588,-0.24675462237695125,0.004790233536324476,-0.6751181589073023,-0.1937525567224642,-0.5799390124702437,-0.17861756830713424,-0.4321240838171449,-0.1288547693319317,-0.3420224008228036,no
0.0,0.0,-0.1957389022124753,-0.05151897543926396,-0.4121207457003911,-0.20818623452611515,-0.59711786914167,-0.2724646047970278,-0.7622953117373815,-0.3067904541297501,-0.2766228121582891,-0.5974368968311381,-0.44648176343982643,-0.7646400624901482,-0.5645123029762805,-0.8916608114504678,-0.6630743890017431,-1.0,-0.1805817756517131,-0.6709423494471053,-0.38920099263969776,-0.8008672894481478,-0.5126540894320023,-0.8524001952303305,-0.6105088680049197,-0.9398444974089277,-0.07019339940388408,-0.6912407431015829,-0.2901708699287914,-0.603995519225272,-0.2407772994328923,-0.3763770843346957,-0.17335364042393686,-0.2554410406514239,0.032650782688306124,-0.6644702778720899,-0.16236008783195394,-0.5826676503924675,-0.1588202963497763,-0.44444896102192993,-0.11818491513994771,-0.370536388425004,no
0.0,0.0,-0.2036198490420645,-0.06676127354288507,-0.42739940821747036,-0.23027594060615567,-0.6151809589068976,-0.2915594793987053,-0.7769123177374813,-0.32397271754333634,-0.30897592463412754,-0.6133591441608875,-0.47131047700211176,-0.7710195808721065,-0.5815922291037189,-0.8926914524955631,-0.6765064996795728,-1.0,-0.21305309912878873,-0.6855939804453439,-0.4222280342188159,-0.8293193440993335,-0.5529039182435121,-0.9044716548368607,-0.6649555041170679,-0.995046585270024,-0.09890705209863598,-0.7039613054080115,-0.31317623540367767,-0.6027630311989017,-0.2562729675425047,-0.3722490605792022,-0.19516296176314502,-0.24538909873278617,0.009896681330525759,-0.6744313199688858,-0.18809817232752818,-0.5772315778892331,-0.169544572811391,-0.4339720133759111,-0.1241792770799592,-0.35887179636943906,no
0.0,0.0,-0.18644656783538632,-0.05979726223409832,-0.4102942020960773,-0.2261422241094727,-0.5943836444223407,-0.2945786798179459,-0.7540228552823667,-0.31998512209732066,-0.29174840117864176,-0.6153216582539432,-0.4568335882350772,-0.7749760420458802,-0.5698741436908262,-0.8969971029183132,-0.6636716282505241,-1.0,-0.1930009583181648,-0.68282756015567,-0.4023683471566821,-0.8277532944491831,-0.5368040010178509,-0.9045692125406389,-0.6445500461773431,-0.9954672973267717,-0.078639198742754,-0.7013615072200502,-0.28835556501522297,-0.6093193412207993,-0.24578516498192682,-0.3731959621034952,-0.1920778329259998,-0.2392260329579262,0.029846316112231226,-0.6746137356127151,-0.16008897238684444,-0.5828402569493872,-0.14130530415143008,-0.4408238269822145,-0.09476001742779819,-0.3663239937264141,no
0.0,0.0,-0.1846810986652719,-0.06644711514298186,-0.39769669577677763,-0.2274920543099192,-0.5769921954633856,-0.2923576551100507,-0.7344798311230585,-0.3221400867681832,-0.2788096945812727,-0.6142059374399829,-0.4378908576447655,-0.7748009515371045,-0.5451839202201326,-0.8930453823154086,-0.6375587119103185,-1.0,-0.18169693110956173,-0.679437320545276,-0.3841680382861387,-0.7968367043573887,-0.5107268677088357,-0.8514469500917382,-0.6153644277555305,-0.941784398514508,-0.07286948235360917,-0.698108646226084,-0.27910961040257154,-0.6058858659612433,-0.2314049238867345,-0.3768013623427194,-0.17660442001583362,-0.25245365486855736,0.03182054499355941,-0.6740658908180119,-0.1537009545609049,-0.589627933426491,-0.13238218639660485,-0.4566087981091647,-0.0847502969767284,-0.39486890336514074,no
0.0,0.0,-0.17985634630829372,-0.06404169325550337,-0.3940413179989597,-0.23563230384688905,-0.5800749944813773,-0.3011981461346959,-0.7412329832669874,-0.32588062080169494,-0.2847288908641296,-0.6105565054543,-0.4443458783653433,-0.7703843910521988,-0.554428512207742,-0.8917439004400299,-0.649989158711081,-0.9976370595132383,-0.18654002787088156,-0.6767244238415865,-0.4024168872891007,-0.8249940159808339,-0.539633116674118,-0.9046256590626758,-0.6514103816339454,-1.0,-0.07279467460995609,-0.6932656930963867,-0.2889416599527098,-0.6200694058042879,-0.2432315917804512,-0.37682977981062965,-0.1883233292682174,-0.2420606541946284,0.03616571681691135,-0.6702307710169874,-0.15819953673942821,-0.5867939971886132,-0.13285855052408055,-0.44411812801656536,-0.08044775258072155,-0.3758969292747232,no
0.0,0.0,-0.1841319729541304,-0.07593831466200371,-0.39603471896830056,-0.24204077434076396,-0.5808049210832503,-0.29559598610768145,-0.7371032966576977,-0.3096644648099947,-0.28482985613327755,-0.6224722300510244,-0.44243610218918517,-0.777383380660018,-0.5466192808418692,-0.8946872439581764,-0.6374102147883989,-1.0,-0.18264706974478687,-0.6900357623561524,-0.39469078267371194,-0.8275876711926353,-0.5300260982694518,-0.9024506041363027,-0.6433472099457879,-0.9930019718886377,-0.0685945588903829,-0.7044158419278069,-0.2797769581530891,-0.6291665588085562,-0.23929317986748141,-0.3852508469406641,-0.19138721236180953,-0.24383369122835796,0.03852866219004609,-0.6776035760223228,-0.14675887105085406,-0.5988873696649865,-0.13454206160913443,-0.4691022142954994,-0.09731351381170368,-0.4039037558569378,no
0.0,0.0,-0.1817293450892226,-0.07336393538080707,-0.4047658516818422,-0.24030122892962685,-0.6010445009651749,-0.2864224714363444,-0.7678898461882946,-0.29154671914202657,-0.2805648028306337,-0.6410175878361922,-0.4549919536975915,-0.7883886731527038,-0.5699024081280625,-0.8975724841645727,-0.6719134964464303,-1.0,-0.17988906031965532,-0.7084504560246186,-0.41348451150933624,-0.8323157263510483,-0.5583586324623917,-0.899159193059987,-0.6781487511105715,-0.9925821288518545,-0.06531155958060829,-0.7226114868741058,-0.29371072981405866,-0.6394710386549726,-0.2527004582962554,-0.38917870371316343,-0.20060045599401624,-0.24517416062783992,0.04295027290479638,-0.6951646056290172,-0.15040147237847343,-0.6188497080840751,-0.1368850214200051,-0.48188041246898394,-0.0935605522568041,-0.41244290129029443,no
0.0,0.0,-0.1985456273906623,-0.08453509200212071,-0.4196150565671512,-0.2469138552827459,-0.6159698207433856,-0.2811813878047392,-0.7824683110878805,-0.28123904825805524,-0.294208063627187,-0.6521352339816265,-0.47452765230596883,-0.7914250107083699,-0.5895069956357777,-0.8970232978184879,-0.694519785772695,-1.0,-0.19155017882228897,-0.7222960242743021,-0.4313614082330141,-0.8273122777826036,-0.5767508371998287,-0.8865680348418905,-0.6978451371270417,-0.9723382867656529,-0.07699898307927788,-0.7313248462637524,-0.31178420537904633,-0.6435417203333224,-0.26724899356299664,-0.3909338484833054,-0.21153177240745122,-0.25123595556101375,0.02778541175554364,-0.6980897728327907,-0.17327686977124526,-0.6185533553890807,-0.16006064456898436,-0.4759387421334667,-0.11279751296236944,-0.40572019778284324,no
0.0,0.0,-0.1990703903348045,-0.08465058577544535,-0.41820935070697746,-0.24554058916416518,-0.6149989348602409,-0.27765232071210894,-0.782580175666486,-0.27085459269237927,-0.29862461169847415,-0.6497724172417728,-0.477825295482204,-0.7906228339879295,-0.5911368124221335,-0.8957217190201051,-0.6944615864603416,-1.0,-0.19505478773192736,-0.7220522823979308,-0.435760666158086,-0.8341028346741816,-0.5807615050403759,-0.896364963395141,-0.7015901459075516,-0.9813105720812588,-0.07868823398986488,-0.7329355938947695,-0.3098257588425416,-0.6403499155905373,-0.2634300753862774,-0.38858804073139314,-0.205945812551577,-0.24562576294696425,0.02720493630221154,-0.7021520030400776,-0.17314960541211605,-0.6170351585875532,-0.1605075160721105,-0.4697685194426456,-0.11403423191362537,-0.39233895949332165,no
0.0,0.0,-0.20993847066061544,-0.09763452642580663,-0.42355410491620393,-0.2552028671527515,-0.6181948475699794,-0.28713188924613897,-0.7830529803970369,-0.2901979742759886,-0.2970325839673357,-0.670998059508131,-0.47910993891457804,-0.7930682344492987,-0.596686046764169,-0.8963522542865834,-0.7023826861136859,-1.0,-0.19471391742649335,-0.7409348127334415,-0.4386578935221615,-0.8374819801752214,-0.5861406216743485,-0.89327805463745,-0.7099965379215492,-0.9800605188306184,-0.08130113433308307,-0.7485263732048015,-0.31729917975996286,-0.6459902348671539,-0.272002420256801,-0.39946972394972124,-0.21360551484801105,-0.26615550293145396,0.018346008607319872,-0.7116580300864307,-0.18528959859030925,-0.6197674130541216,-0.1698589340263791,-0.4746087118648097,-0.11699238032475948,-0.4017632017576456,no
0.0,0.0,-0.20557762234254165,-0.0887815458932712,-0.42147716852234945,-0.24660233203274942,-0.6136748330239717,-0.28393203098788644,-0.780168880448414,-0.2894650692673303,-0.2946407265986443,-0.6564363298747735,-0.47410790348493337,-0.7929744247643457,-0.5924977859948696,-0.8972856711158026,-0.6980667107592871,-1.0,-0.19277231736557873,-0.7278054871139181,-0.4312642176322646,-0.8314970848752946,-0.578233662135613,-0.8890093774443988,-0.7018635362916619,-0.9753804448478529,-0.07783121365966851,-0.7396996765046631,-0.30906769669223494,-0.6385766645558565,-0.2651376033926395,-0.39003606981862365,-0.2088630762342962,-0.2518040294438629,0.026452795917145253,-0.7074591377775357,-0.17403954348868045,-0.6162640019878537,-0.1643317634452136,-0.46910011850629696,-0.1190227904788852,-0.39233046890859946,no
0.0,0.0,-0.2210226771213552,-0.09283005657092822,-0.4434136326038066,-0.2612286744519167,-0.639919493880973,-0.2985268444577975,-0.8078460006229286,-0.312273370519077,-0.31841756686329853,-0.6732551571564155,-0.4979670427702906,-0.7972731932912361,-0.6147485732662377,-0.8994488164506357,-0.7185394023162338,-1.0,-0.21591196234310495,-0.7431842491412393,-0.4484491868915736,-0.8369537621995554,-0.5975066376046103,-0.8914667624325827,-0.724230153534911,-0.9797835655878538,-0.10178130362445331,-0.7558267500057835,-0.33535300261195117,-0.6453239997970568,-0.2867791704366884,-0.4007518630518277,-0.22787965703384536,-0.2769811019520778,0.0009671576457033766,-0.7270140206583126,-0.20548480948900696,-0.6180411389008558,-0.18608009844534942,-0.46380952882116877,-0.1313013060947215,-0.3907217601335851,no
0.0,0.0,-0.21435292557820457,-0.08609461174988461,-0.4396004863445871,-0.26222842056938667,-0.636984236506284,-0.30213549170882786,-0.8024790464388567,-0.31352501255711535,-0.316924856185959,-0.6684040136091074,-0.5010494346877307,-0.7991580587630789,-0.6202182591753842,-0.9011387186950433,-0.7270580447845204,-1.0,-0.21616323579543834,-0.735137105326079,-0.44811226147998423,-0.8348331772021879,-0.5938895078132197,-0.8992055064099015,-0.7159303177552272,-0.9915305329704039,-0.10304943617745271,-0.7465691825671734,-0.33335718543836435,-0.6364686437098845,-0.2829970327219928,-0.3830492474793282,-0.22444162114531319,-0.2503017059551887,0.0011989282939678424,-0.7177223540488287,-0.2017002197588289,-0.6053979581373211,-0.18302228351049024,-0.44686029908156155,-0.13314817743681903,-0.37050956190502676,no
0.0,0.0,-0.224696650611445,-0.10049855177578951,-0.4477755279246022,-0.27158317260003567,-0.6421311314426769,-0.3119156333304343,-0.8032460163762117,-0.32978329479598406,-0.3137938514945455,-0.6805093719343469,-0.501367179590563,-0.80310690450776,-0.6226067079264705,-0.9016283626434312,-0.7296367074840782,-1.0,-0.21467570949262274,-0.7469857145731171,-0.44606646896076835,-0.8369358853880398,-0.5927239606209442,-0.901411325255245,-0.7185717515468267,-0.9945664234998831,-0.1068501834316829,-0.7609935935241657,-0.3473387343325648,-0.6514150811717233,-0.29500272843289077,-0.3999870661312142,-0.23452982189885932,-0.2682266049161074,-0.009422489762463366,-0.7365869464513399,-0.212842926221272,-0.628366126426384,-0.19323272744985437,-0.48018786548381376,-0.1422016490994612,-0.40869278667013026,no
0.0,0.0,-0.2202682210429556,-0.09887118133309292,-0.4397027390397611,-0.27568900989799433,-0.6365792855772104,-0.31120659469727957,-0.7970837712800074,-0.3262953105672712,-0.30337522930828575,-0.6799851939617302,-0.49552878159511093,-0.799458850744423,-0.6158362445157117,-0.9008341308769454,-0.7274381239403134,-1.0,-0.20528940098688708,-0.7436133753927088,-0.4393025368355872,-0.830254420664784,-0.5845994418715319,-0.8937379643594268,-0.7099915449294757,-0.9812363206902117,-0.10060271049880792,-0.7512322171227884,-0.3386006520656779,-0.6364716062360823,-0.282839660409564,-0.394133089294524,-0.22315324388783142,-0.27534715762879264,-0.00676446878647032,-0.7222033306575868,-0.20839679275355663,-0.6211272228064948,-0.18874709133048315,-0.4748438842850687,-0.14085385645390228,-0.40833284493613026,no
0.0,0.0,-0.25639122441644296,-0.09761836902170913,-0.5053179466021247,-0.24787285419090288,-0.7251738714905788,-0.2813542378835589,-0.8969890624924272,-0.2790167421614581,-0.39270653556687224,-0.7097612709452903,-0.6408788153428097,-0.8103205520362174,-0.794777187309996,-0.8791945651879922,-0.9233624655207968,-0.9535893157346801,-0.2857486898176384,-0.788257614191572,-0.5475635947142129,-0.8560835127223824,-0.7375661383933422,-0.9176259766078452,-0.9007943564405815,-1.0,-0.17690473804404364,-0.7989185533329154,-0.4410668943835346,-0.6197530520631864,-0.3912591868325285,-0.391613519615487,-0.32003191871733533,-0.28295967932445387,-0.08619204355303978,-0.7647198114769489,-0.31657851862193565,-0.5788512544934553,-0.3157785495150516,-0.4077077073477619,-0.27053389276555456,-0.3109595986521471,no
0.0,0.0,-0.2658894828216879,-0.06258046549252894,-0.5431953959095626,-0.20299958779565716,-0.783891789176818,-0.2159398203761558,-0.9586930912120908,-0.17998659507056652,-0.4356317501223904,-0.6990782591494445,-0.6999094366061769,-0.8033019999093813,-0.8651688435402717,-0.8651510237144584,-1.0,-0.9303328384302639,-0.34095377233280033,-0.7791144182006452,-0.6282331242105402,-0.8158037818919627,-0.8209566124538756,-0.8454340080739006,-0.9927987873677603,-0.9299091686180988,-0.24119811115371906,-0.7912042721167521,-0.5138037343724272,-0.5911533820095459,-0.4289154715871856,-0.3787487940536485,-0.3330693973086261,-0.308867311090507,-0.161482156414419,-0.763569382942255,-0.3934523605605537,-0.5781368971511486,-0.35261415463298895,-0.42113456206327615,-0.2756351317451494,-0.355389488899768,no
0.0,0.0,-0.2665641836374442,-0.05364041505055793,-0.5350996047389074,-0.19047167652404365,-0.7741985173747422,-0.19611856947662704,-0.9707133900958737,-0.15847247369886977,-0.4293625870607276,-0.7117586284824112,-0.6849750390342992,-0.8118970062687578,-0.846631929221611,-0.8763613823045747,-0.9796080852143343,-0.9367971988098911,-0.3338677811886442,-0.796323759193243,-0.6265204532304354,-0.8360842812513875,-0.8293280675634217,-0.8557758842337693,-1.0,-0.9085824350007716,-0.22847852817314912,-0.8111661437110345,-0.5015998459328309,-0.583984666376482,-0.43381129084503817,-0.3596216388995047,-0.35121418548619315,-0.26021862062772666,-0.13898280549291145,-0.7787744207955274,-0.36387890080669694,-0.5873169827789394,-0.3501564726841279,-0.4283726855126752,-0.3018384558906351,-0.35417532449826455,no
0.0,0.0,-0.2613444636323824,-0.03754130496828019,-0.5224129432750019,-0.1220290981805849,-0.7472466532084902,-0.11467408168593698,-0.9281366037292229,-0.07866004161199687,-0.46162106635580336,-0.637225304738917,-0.7162931349989787,-0.7230255327638537,-0.8716499619370882,-0.766375307864961,-1.0,-0.8143096115885073,-0.3721717486643447,-0.7217533875847638,-0.653475265078809,-0.7243415648651949,-0.8315727123204333,-0.7138639578794904,-0.9956428919697509,-0.7743061783361633,-0.27308630176201676,-0.7353813561303592,-0.528322137491684,-0.5150944032878644,-0.4347133468116547,-0.31464117368882605,-0.3351037029986351,-0.2573806831495874,-0.19546760328553328,-0.70252645500076,-0.40498002893227364,-0.48895974108730356,-0.35618554153260473,-0.3366436303492313,-0.27369597025243686,-0.28706263174620233,no
0.0,0.0,-0.2670622776638933,-0.03896136362388382,-0.5303336605847232,-0.1268633315540183,-0.7528333448454149,-0.11049503010433415,-0.9285024592985298,-0.0723556002038072,-0.45987061769012927,-0.6435206392355438,-0.7057348662609212,-0.7124249270187013,-0.853892465983244,-0.7629223356443235,-0.9782144212375652,-0.8132213414917866,-0.37040397002080555,-0.7276890801596355,-0.6451913842618189,-0.7291709596134022,-0.8322581097316202,-0.7267110830710842,-1.0,-0.7731462923535021,-0.272085928488876,-0.7411995434857562,-0.512548072574089,-0.4915363079974093,-0.42292102644609325,-0.2978110957006566,-0.3325606270048001,-0.24459392167873314,-0.1933266727030435,-0.7045974099839515,-0.3905062319858803,-0.47913107675340805,-0.3437854845464033,-0.33293546808749835,-0.2690059890761424,-0.2894258688900109,no
0.0,0.0,-0.2666185196834917,-0.02844807269001401,-0.5121588826179179,-0.08009162688373049,-0.724238431908771,-0.047860548056644386,-0.9011352961570275,0.008999805571926407,-0.4663367961347335,-0.5900632695036988,-0.7159138923256722,-0.6300201343767943,-0.8647030846726678,-0.6372273950065653,-0.993873089122371,-0.6615872458823562,-0.38769761672433284,-0.6808956066838366,-0.6615626011382384,-0.6621351175015902,-0.8370908100431654,-0.6357252030651085,-1.0,-0.6703095895505071,-0.29697417139820476,-0.7004475333871827,-0.528617173549653,-0.443868220837533,-0.42509590217811005,-0.2655907201088069,-0.322387376552581,-0.22048628857433264,-0.22575495571680718,-0.6664989813000232,-0.40419018280788716,-0.43095945552859716,-0.34653391768928454,-0.2858364153165644,-0.26311608447945295,-0.24493159983972576,no
0.0,0.0,-0.27054413521812554,-0.013019839458409102,-0.5205427321005854,-0.07550658779275268,-0.7289724128383384,-0.04540176555839089,-0.913703282421993,0.007492335860192121,-0.45281378073451023,-0.6155541347691279,-0.7151510035096647,-0.6357566888172156,-0.8673182432718954,-0.6487776195892669,-0.9969753462894089,-0.6680897396562175,-0.3786557447997346,-0.700930796995707,-0.6599318583761752,-0.6676522787876067,-0.8401902128498128,-0.6349742948866656,-1.0,-0.6570442424786663,-0.29215276894333403,-0.7106144906496247,-0.5170715752083473,-0.4261215742105749,-0.423537577358547,-0.2502073495920358,-0.332728277869656,-0.21918863013322756,-0.22486314926925638,-0.659096223930076,-0.39913330988568024,-0.40070098193283493,-0.33210763221108874,-0.2649798387599684,-0.24647131528861815,-0.24504871000491402,no
0.0,0.0,-0.27600219816880667,-0.011540045116357289,-0.5155043559150492,-0.056407897443349564,-0.7188249075312524,-0.027377162308704905,-0.9021448178443278,0.029403066179412737,-0.47323668076510195,-0.5871765469988207,-0.7215585473938362,-0.6309594713479066,-0.8698521352835771,-0.6468787128636879,-1.0,-0.6691226359195929,-0.3953215913459554,-0.6871163907187063,-0.6618139122526762,-0.6481306184379425,-0.8280234798813316,-0.6132068021794755,-0.9899746924047537,-0.6508486521206837,-0.29981910476130047,-0.7146738342524777,-0.5159750997004637,-0.44552300487356267,-0.40039556122722225,-0.27871869681746503,-0.29753258621518924,-0.2518378621955558,-0.22165840988889424,-0.6837276324214208,-0.39239854533347934,-0.448050523770685,-0.3264374485550383,-0.3203929960147104,-0.24373220000061402,-0.30179810481280944,no
0.0,0.0,-0.2711795768555695,-0.0023150186362940243,-0.5128146576962122,-0.05364097236949712,-0.7107408710595947,-0.022802950698017348,-0.8903600390164751,0.03522497684810059,-0.4582114639503599,-0.5908842672265378,-0.7131586728231476,-0.6242342228756184,-0.8647010878223579,-0.6448096062481178,-1.0,-0.6622615816884322,-0.38338483339026375,-0.6865321897911002,-0.6473680495908032,-0.6249612421957628,-0.8112877800797391,-0.5683976316026597,-0.9665389529208738,-0.5790171843110464,-0.2939040697664459,-0.7068163543030328,-0.5066233447205618,-0.41442413868595884,-0.3995772872586267,-0.24879872220016191,-0.30565166729649884,-0.22533487599387,-0.2236290186917969,-0.662392373217869,-0.39194444092317066,-0.4052026078135048,-0.3171664610433104,-0.2821011406528853,-0.22963806292177485,-0.2758002779940982,no
0.0,0.0,-0.2711100255254209,0.008898248300255651,-0.508655753638798,-0.04319902102099334,-0.7069745476844267,-0.017767399048437754,-0.8825321882633307,0.0418921613996031,-0.4627687332886749,-0.5716174344218439,-0.7139084401245123,-0.6094944950955714,-0.8570805052455567,-0.6193501612971292,-0.9863921954220514,-0.6354911698417789,-0.38886185467254725,-0.670423955851965,-0.6603884631639901,-0.62716827593299,-0.8356583813646264,-0.5879669151796417,-1.0,-0.6019578676482482,-0.3018618005438712,-0.692629725607373,-0.5082402550535987,-0.4061864648850832,-0.4004920197252486,-0.24685423382485605,-0.3078965605518703,-0.21840297272158712,-0.23320965066400703,-0.6516770898254988,-0.39566562141391876,-0.391486598453691,-0.3275937960042916,-0.25382788689510416,-0.24638686569030824,-0.2251290255040044,no
0.0,0.0,-0.26464576413974084,0.01745873587804707,-0.5007351281335752,-0.04210743343334909,-0.69715641574105,-0.01574381601151748,-0.874018172436612,0.03635160624974012,-0.44815856748871147,-0.5823632392805452,-0.6873479439386436,-0.5910025302528952,-0.8237327512844839,-0.6011542043970116,-0.9479672676680738,-0.6259847846355263,-0.3757275875996226,-0.6752571583664988,-0.6549246942910584,-0.6289599631539713,-0.8334312200033465,-0.5935720894608039,-1.0,-0.6135169496190427,-0.2897972549453847,-0.6945071520656605,-0.49950043678230155,-0.3980028935633274,-0.3968803889796381,-0.23423850979577915,-0.31206864847518345,-0.20809362472534487,-0.2228875381792133,-0.6457257432964767,-0.38859403594034575,-0.3764427441229101,-0.31646222076481534,-0.24292884438257745,-0.2347143709429539,-0.22143520631856256,no
0.0,0.0,-0.26779471364542606,0.016779183656965478,-0.5133358293909619,-0.0253612285269061,-0.7074499933127428,-0.0005643345245982202,-0.8828463493796402,0.044908431231668364,-0.4540991720242483,-0.5841927625215003,-0.7054755028661895,-0.6104239176751983,-0.8560945018304422,-0.6192431268992588,-0.9870899000643842,-0.6257879882864137,-0.3836044005262716,-0.6805608042748681,-0.6655142811820582,-0.6437524105229435,-0.8412188537108056,-0.5903675891971248,-1.0,-0.5931993704647177,-0.3018598739685295,-0.702124681577695,-0.5207818181252664,-0.40442344567925426,-0.41503761970967973,-0.22993064692215098,-0.3176223612549649,-0.1947778353192932,-0.23968646094797313,-0.6539601976006744,-0.4074232831633526,-0.36959148634399874,-0.33035672629211804,-0.22521185386321294,-0.23881847829129693,-0.20121548675456521,no
0.0,0.0,-0.2785246860416438,0.023188204951124284,-0.5152876850318253,-0.02623877438243388,-0.709603756117982,0.008711580205714295,-0.8831706574108606,0.05270519460552296,-0.44619045434539634,-0.5843687924040764,-0.6882712678510521,-0.5851888740686627,-0.8307816909018634,-0.5925796861213006,-0.9586459064920716,-0.6027079106161851,-0.3792929043789578,-0.6726617883404253,-0.6529312665036037,-0.6136404773499107,-0.8334777393654746,-0.5740430573105122,-1.0,-0.587959492860347,-0.30088829863909633,-0.6808359247402083,-0.5193855021078354,-0.38192522736272294,-0.41680072370647353,-0.2271519681863978,-0.3299304183021114,-0.22149306879837355,-0.2429470577542872,-0.6192356512580888,-0.4093344775767887,-0.3435697823755669,-0.3325581346246828,-0.22151514238326,-0.24714948442823753,-0.22419046087149969,no
0.0,0.0,-0.265994190816451,0.030764315060902346,-0.5060708997856039,-0.011014406551955357,-0.6988736434806944,0.020584490293177996,-0.8626414324110344,0.08162078294016764,-0.46361705791881974,-0.5396981472962101,-0.7165650032968671,-0.5372551966519457,-0.8582907238835898,-0.5416377974854512,-0.9875225339075011,-0.5606016603134535,-0.3996618219596068,-0.6347811709419632,-0.6722262264784277,-0.5618509417399326,-0.8395141286902388,-0.5154205279611807,-1.0,-0.5382524291970873,-0.32428076870025296,-0.6530669236123459,-0.53517821021973,-0.36695526545959606,-0.4277627308105988,-0.2097449333092015,-0.3357049913850908,-0.20016189331864162,-0.2660037585082693,-0.6051887984653422,-0.4228911810597973,-0.33152032217607585,-0.34564482654970696,-0.2031238912440471,-0.2591658487619008,-0.19608326602727907,no
0.0,0.0,-0.2702397721838399,0.019771937571596742,-0.5101801392256585,-0.02322389779186468,-0.7013428727913316,0.02437915621486485,-0.8674975650976608,0.08566251217451169,-0.457098116978825,-0.557158112331763,-0.7057307525087078,-0.529679279639311,-0.8440388114773423,-0.5213064591259259,-0.9674279192324199,-0.5323413794646509,-0.39598915098216486,-0.6431017307152681,-0.6676150330555074,-0.5706570166882785,-0.8414774213550821,-0.5327107818546742,-1.0,-0.5443024086137029,-0.3211420200023886,-0.6588831213841237,-0.5339776618670719,-0.3641488673612166,-0.43239921246213503,-0.202572462183056,-0.34184076714765393,-0.17388401185411267,-0.26281488425341726,-0.6080347322338223,-0.41874113471804836,-0.3305758963238656,-0.3430891269860259,-0.20183485871159454,-0.25595361026766456,-0.18692101305952574,no
0.0,0.0,-0.2601778220307345,0.03520636788202344,-0.5024076380331445,0.007732446895541736,-0.6884656411058511,0.03135685579926964,-0.8464790246155129,0.09613316489442458,-0.4944445087656025,-0.502505175608048,-0.7367208544510011,-0.5068700093911318,-0.8770694513407649,-0.5062952695040744,-1.0,-0.5206870315220034,-0.4275977380020591,-0.599901850767292,-0.6834297313314939,-0.5202422689184121,-0.8383694251487038,-0.46405920585408944,-0.989791977365166,-0.48053431804414554,-0.34745505571219576,-0.6341564354155985,-0.536630984443576,-0.3606272157577031,-0.4246172169001925,-0.2131031082483584,-0.33110871933491826,-0.1910065331607002,-0.27820840186267276,-0.6072445842616515,-0.42356713151931646,-0.34814786740045217,-0.3529885928003944,-0.21051404814140132,-0.2720431096420644,-0.17764552376803927,no
0.0,0.0,-0.24834896165519987,0.046222740904588076,-0.48980382045749593,0.027108240264528006,-0.675573679282409,0.058259036607817324,-0.8364542481442782,0.12094670086351567,-0.4940524170749029,-0.458736706879628,-0.7232267169667937,-0.47689224826188636,-0.859608364657828,-0.4933520827961804,-0.981624395561647,-0.5204439257620785,-0.431835638001927,-0.5609680965111072,-0.6792260927385977,-0.5158289343339078,-0.8453691766972901,-0.47516125895066336,-1.0,-0.4750244263207176,-0.3545261067611151,-0.606426157875453,-0.5300844065082575,-0.3334392938079277,-0.4223932818571241,-0.1817623590397742,-0.32974605673239155,-0.13722548660397244,-0.28354276641652304,-0.592231525333261,-0.4191092987384258,-0.3375591999022947,-0.35027434376880034,-0.19837768519900667,-0.2704014058704591,-0.15376120105123647,no
0.0,0.0,-0.24910936280648263,0.04371064046024573,-0.48509963521533184,0.022846454692292337,-0.6650879748098946,0.064275376127475,-0.8302290339558266,0.11596613491588174,-0.470981470390737,-0.4825614553274895,-0.699031097439248,-0.4772730984918604,-0.8386274750004538,-0.4829130823397035,-0.9615220231937714,-0.5067385346908404,-0.41141630823397035,-0.5736378423259106,-0.666479737209851,-0.5111279740839549,-0.8433368949746829,-0.47072001869294566,-1.0,-0.4699550597992777,-0.3387193517359032,-0.6081613763815539,-0.5186419030507613,-0.31989392207037987,-0.4167288252481806,-0.16967273733689045,-0.3257409121431553,-0.12731347888423078,-0.27489632674543113,-0.5806236502059854,-0.4141061414493385,-0.31564808261193084,-0.34411444438394945,-0.17930368777336164,-0.2609215349993648,-0.13935114607720367,no
0.0,0.0,-0.24564961559516127,0.04948517880395264,-0.4884037684694349,0.022243579041108005,-0.6788180946012664,0.06226688881683316,-0.8471415987723104,0.12149319568647421,-0.48510254475394593,-0.4824935015586593,-0.7169768132653294,-0.4912782270917785,-0.8519978418288746,-0.5099959817727387,-0.9751310279823523,-0.5454079371862885,-0.4215434265107765,-0.5822893441076403,-0.6686638063698986,-0.5161770344766763,-0.8385070048071938,-0.4748373882978768,-1.0,-0.4847612281526048,-0.3423064194850248,-0.623059134771963,-0.5246446697266615,-0.3386835705105798,-0.4167676196043186,-0.1862333171068716,-0.327326678296095,-0.15448013244993594,-0.27275540476628346,-0.6055957782716658,-0.41323511212190683,-0.33879002310092815,-0.3412628976800854,-0.2053141085365311,-0.2591853250091863,-0.1781517515091027,no
0.0,0.0,-0.24629823451830987,0.05078415349292364,-0.4911149850344594,0.023686729452096416,-0.6801659553760976,0.061710675289332974,-0.8521734184580997,0.11431514604102265,-0.4838072218638357,-0.4946671437231504,-0.7243333808121206,-0.5103961529542905,-0.871209333324907,-0.5262051307230371,-1.0,-0.550182688002629,-0.41782199732725217,-0.5997061824672992,-0.6753637110068307,-0.5375645521105618,-0.8417602509213397,-0.47542097723011345,-0.9939578786996387,-0.46288511899755913,-0.3368294249216965,-0.6401052424845374,-0.5225542874560234,-0.3450495343108778,-0.41437071080605853,-0.19339941148989892,-0.32028882010676407,-0.16315477582315335,-0.2675564969210898,-0.6176209578821026,-0.409136052976604,-0.3420240984823479,-0.3348564625516332,-0.20873368240774814,-0.24903661003403402,-0.18280029887329435,no
0.0,0.0,-0.2529223417611806,0.054968882796710625,-0.5024263502741981,0.03029255481707934,-0.6928685442198955,0.06080630179729279,-0.8547817086355625,0.11532979425872318,-0.4817049281513746,-0.5048717386054723,-0.7039416794171549,-0.5126332538744951,-0.8305911016121227,-0.5190980520059599,-0.9455873541208877,-0.5398241083926769,-0.41948279610942274,-0.6033572361149939,-0.6707588469350231,-0.5329457335213091,-0.8389851312774236,-0.4835691547403259,-1.0,-0.49508667826986147,-0.34125817509200895,-0.639700010320631,-0.5265941617292969,-0.3593291740188637,-0.4172373073774475,-0.21635674713752792,-0.3280848415983551,-0.2003980957934912,-0.27390603817030246,-0.6138535933330728,-0.4205486768049331,-0.3437164642119597,-0.3458202947692437,-0.21108896684472261,-0.26166055945835726,-0.1911703996288581,no
0.0,0.0,-0.25306919530510763,0.047464818505767954,-0.4903316321394778,0.014625737351774677,-0.6837045257796299,0.05342075859153228,-0.8556647742143303,0.10156806788669445,-0.46943462986450846,-0.5098255269674458,-0.7003800004026495,-0.5096817056229993,-0.850498027017777,-0.5196219876789273,-0.9857513690080731,-0.5386446568420205,-0.40763976968452414,-0.6170617664230638,-0.673972237321576,-0.5625301987074953,-0.8474625536027058,-0.5131731795212499,-1.0,-0.5045493094562219,-0.3308761651667975,-0.6507657888909021,-0.5214836121680658,-0.36718608443558615,-0.41011228886070344,-0.22616365686215298,-0.31598392422137667,-0.20600727788850637,-0.2688656358841175,-0.6194636961204727,-0.4101263815908679,-0.3425221708844195,-0.3314635300275815,-0.21126462120754566,-0.24380398018964788,-0.18676994624630067,no
0.0,0.0,-0.2512479031016927,0.05659873020636187,-0.5045808166342681,0.035708459775637226,-0.6991610592816976,0.065294566029023,-0.86106395910726,0.1184289034376629,-0.4729325039417866,-0.49619140945124396,-0.7020553522847461,-0.4983729481428157,-0.8414349049041151,-0.5132481474671956,-0.9675484944377047,-0.5427908483953051,-0.41246175958451126,-0.5977460068072507,-0.6736431333358469,-0.5325817863221917,-0.84151951289637,-0.4909387172521397,-1.0,-0.5074019036409553,-0.33664418789089895,-0.6340872773549754,-0.5245874323832491,-0.3520806763767618,-0.414274158659032,-0.21834640740601094,-0.3237454209001435,-0.20988042545511132,-0.2733970575335643,-0.6082534642956217,-0.417554823841107,-0.35036648994868713,-0.34183987011053585,-0.232345467000486,-0.2564814192167943,-0.2218867271309326,no
0.0,0.0,-0.25011695627991587,0.05193584240769423,-0.4933095204588089,0.018706937700123175,-0.6881141688493889,0.05742312638809332,-0.8586848957114008,0.11412110405673095,-0.4680385228332819,-0.512393936448325,-0.7001074797547262,-0.5154885461981592,-0.8487737824841369,-0.529540314008652,-0.9794130568711534,-0.5589221583580776,-0.40627663830127914,-0.6163142898481949,-0.6764360826511269,-0.5583986743152403,-0.84732506776342,-0.5206472842600126,-1.0,-0.5330273059775441,-0.3283786779897843,-0.650825987652424,-0.5197918250758748,-0.36827781663497494,-0.4093294379121415,-0.23748238071943248,-0.31737482974238757,-0.2325722613073015,-0.26582411542869305,-0.6203152695507573,-0.4107789439919556,-0.3465476233969538,-0.33135392440911526,-0.22511844997021194,-0.2426705309610674,-0.21176901335853723,no
0.0,0.0,-0.24829724090603839,0.052185578097626216,-0.5059377951999887,0.02331762016008016,-0.7012356478236426,0.04498096440314829,-0.8631183237033369,0.09863504557146638,-0.4783327118238841,-0.5156202868300108,-0.7124788489590601,-0.5294727396707714,-0.8605290636586154,-0.5486327744100216,-0.9918485703786692,-0.575873111978051,-0.4139378049918225,-0.6154204246228716,-0.6699069476596565,-0.5471412877294995,-0.8365065674645107,-0.49702763445887743,-1.0,-0.5202779357617625,-0.33449665758474084,-0.6537972051386456,-0.5256833000002992,-0.37645847324095827,-0.41471462380454627,-0.24602743943818808,-0.32506113776212536,-0.2557436584956534,-0.2683938917452937,-0.6293765077044052,-0.42336081302683803,-0.3687319004072587,-0.34410299050763316,-0.25648946983476006,-0.2548373698808089,-0.262875921418358,no
0.0,0.0,-0.25009622797311537,0.039792048882713725,-0.4961253847748156,0.008632828049659117,-0.6876634641850998,0.04443813281543858,-0.8546512106082156,0.10654437946390875,-0.4751323340245664,-0.5216344334941336,-0.7104160338283819,-0.5326858460988467,-0.8632995283458549,-0.5499963263394879,-0.9975581123745335,-0.5814183235606653,-0.41183324432474283,-0.6230574834657862,-0.6729537436793849,-0.5545319263030802,-0.8407165228090453,-0.5066065575388449,-1.0,-0.5262091003698882,-0.3290826705209031,-0.6638252456143622,-0.524154866174579,-0.3889725210193695,-0.41205613133939467,-0.25622548379915716,-0.3165664543254337,-0.2587668892429737,-0.25847957609247535,-0.6418367425268424,-0.41429377440653936,-0.3856044048834463,-0.3373530672872046,-0.27301164495551583,-0.24585150515902562,-0.2722264685594974,no
0.0,0.0,-0.24704190597839853,0.03746040375338544,-0.49212540535246796,-0.001343813595526297,-0.6821456557608635,0.02480407239510568,-0.8452312075806667,0.06929988285451048,-0.4510236284441657,-0.5517425965399999,-0.6944185968221174,-0.5506523825495093,-0.8454062093925893,-0.5500419628748541,-0.9789733514530228,-0.5619277576383491,-0.3943530893871139,-0.6359005227379242,-0.6651557342237188,-0.5559237209113393,-0.8389584081345516,-0.5072366309675027,-1.0,-0.5132003254644191,-0.330060651065167,-0.6570348433059094,-0.5305687684087508,-0.3607466206078962,-0.42146028578714023,-0.2142411689119436,-0.32648438192295276,-0.19044565226917393,-0.27928119049086336,-0.6150465111135193,-0.43363668371844627,-0.34335105099160507,-0.3589548691471945,-0.198628447643506,-0.26940763834220144,-0.15877143720029374,no
0.0,0.0,-0.2488203199936349,0.020481478589246222,-0.4838705114623376,-0.010972431158934494,-0.6792743785555053,0.020900219684367637,-0.8535826527439918,0.07119924679645381,-0.4418702786646844,-0.573013005727117,-0.6980095800654486,-0.5725424008510375,-0.8591270677367501,-0.5693409910991732,-0.9965273367801137,-0.5854604604973324,-0.387022267537546,-0.6624251327167634,-0.6701183584523965,-0.577131314083816,-0.8418098691470913,-0.533528608326789,-1.0,-0.5563936107358026,-0.32440677117022076,-0.687452353834752,-0.5370193944019531,-0.3851168629484854,-0.42354880868011097,-0.23448116328103244,-0.32091775317849836,-0.20639397908651969,-0.2769746913589342,-0.6494043768905601,-0.4357226525377154,-0.3787600136142425,-0.3587821441253218,-0.2406175915462037,-0.26610215691445865,-0.20290938130340164,no
0.0,0.0,-0.25228987979756473,0.02106417789428728,-0.48862327496877767,-0.014510518507730602,-0.6879640369385973,0.024914019340808204,-0.8597057441610882,0.07070265746842656,-0.44764152061079643,-0.5615265229600579,-0.6935063291358705,-0.558219063289047,-0.852882483178074,-0.5621170169175724,-0.9931162014666558,-0.5805067065203132,-0.38947317016224065,-0.6540644535640868,-0.6665848904053617,-0.5730662225897819,-0.840036675063904,-0.532249610045708,-1.0,-0.5462076331060358,-0.3222484599767328,-0.6764621913379579,-0.5313000807359979,-0.38752036460076134,-0.4194694541102251,-0.24305956490405592,-0.3196469346038417,-0.2185908360885865,-0.2740218489988332,-0.635656414870912,-0.4275485441802753,-0.36731844947585174,-0.35358899540030203,-0.23059200811867786,-0.26287773842114603,-0.1943610788918421,no
0.0,0.0,-0.2473535858965547,0.026718365206452967,-0.4796076207434148,-0.010611499876154644,-0.6782912883430595,0.026066180751498847,-0.8495730456752708,0.07023294832381917,-0.4347093960731295,-0.5641444899270024,-0.6856084727065451,-0.5516128788716919,-0.8440733245814013,-0.5559404973153289,-0.986055564605607,-0.5799241015258968,-0.37974064198064295,-0.6520238770362253,-0.6672906846513935,-0.5668769279150336,-0.8420929603860374,-0.5219204828604125,-1.0,-0.5309472558163035,-0.3205663725448348,-0.6636394970571846,-0.5379662240465577,-0.3700101428330417,-0.4267406080066531,-0.22093343682333322,-0.32649120407594956,-0.19506267910753522,-0.2820253492424526,-0.6117058979136776,-0.43698362076199887,-0.3408993699131573,-0.3615964987625628,-0.20318885095610648,-0.27118851760447943,-0.1673834597775546,no
0.0,0.0,-0.2535186226436102,0.022375132078997873,-0.4892412918811262,-0.02315025958116417,-0.6892385633853767,0.019212717489349697,-0.8605534768297168,0.06706994616208467,-0.44399491091534726,-0.563574611083003,-0.6926101626491523,-0.5591657433544626,-0.8493141280483055,-0.5658812168445592,-0.9912331671249122,-0.5932781013424933,-0.3881983463848825,-0.656435003197181,-0.6668634313063788,-0.5794917164482672,-0.8413727384840977,-0.5425965861823988,-1.0,-0.5550957371948101,-0.3249559223247136,-0.6745334382288366,-0.5395450717425685,-0.385856240839919,-0.42831427518170534,-0.23234813610734312,-0.3293467467749107,-0.20180511997826592,-0.28059380869108047,-0.6287944610949512,-0.4368644420233527,-0.36076112122398557,-0.3625622218052872,-0.2218478282714114,-0.2729387644872489,-0.18534788980925906,no
0.0,0.0,-0.25156102856981716,0.030210286737101133,-0.4915688650660722,-0.014093522942901181,-0.68979659988082,0.022952622591817243,-0.859749721900855,0.07197762442849605,-0.4433610554335638,-0.5561703873945208,-0.6944640645442328,-0.5492661076731618,-0.85025746897497,-0.5554888496899166,-0.9894471485468717,-0.5803716547400042,-0.3890021899148152,-0.6484466149824013,-0.6679033884683286,-0.5778059443089301,-0.8422404958364903,-0.5295782465988048,-1.0,-0.5324130397516662,-0.32876476485687633,-0.6695707217813781,-0.5462411904350221,-0.38489545030540817,-0.4320637368362076,-0.23394909691059493,-0.3297897429465968,-0.209276600860382,-0.2869122349524059,-0.6262709631840515,-0.4437677220952832,-0.359279606334798,-0.36345610263435396,-0.22258350580798655,-0.26930653686975015,-0.1930844404734253,no
0.0,0.0,-0.25607352659685756,0.03203523198893658,-0.49721530181783646,-0.010382040944722991,-0.6949180408141462,0.030242175409128207,-0.864264548553046,0.07794840139895212,-0.44850066698024876,-0.5587249771119681,-0.6979207131866224,-0.5501874815449014,-0.8529491804081415,-0.5552492606831836,-0.9933747123230351,-0.581149164679575,-0.3924491010233955,-0.6511559754456303,-0.6693662426383632,-0.5729869289677164,-0.8426689299974923,-0.5285359227104178,-1.0,-0.5371830730948032,-0.3309969982179237,-0.6705901031704932,-0.5475989452957489,-0.38384438809199134,-0.43608786036594144,-0.23359236007140174,-0.3358974853583368,-0.20965051422025632,-0.2885423328431758,-0.6248149296740181,-0.4430024943132329,-0.35627903664014077,-0.36357798178750705,-0.22187279744425634,-0.269862731161703,-0.1945899666584067,no
0.0,0.0,-0.25041337878472497,0.030319550436116494,-0.48984897895064716,-0.008126704014182085,-0.6847198681032575,0.022945263392496435,-0.8571825483717006,0.07281413859070049,-0.4505493845349327,-0.5598890868301198,-0.7015145357647364,-0.5459074974671633,-0.8596524584511144,-0.5503957172606255,-1.0,-0.5756692681370786,-0.3943250639554425,-0.6510485328469806,-0.6715671388721435,-0.560327020539932,-0.837875919382952,-0.5090410182889888,-0.9942083417060371,-0.5259367591283497,-0.33185703416754,-0.6720059736801239,-0.552950180384835,-0.38360499941278436,-0.43982901962621845,-0.23799534492686236,-0.33930671309124427,-0.2264651931308686,-0.288561970473416,-0.6276037607031689,-0.451038380474284,-0.36058164084569866,-0.37125905340838883,-0.23206341568469493,-0.27752111498282955,-0.21242968806083976,no
0.0,0.0,-0.2445415609024922,0.03406372215996401,-0.48992206602271404,9.415186093559576e-05,-0.684772801482606,0.034123883093469184,-0.8564227737408956,0.08321580644302541,-0.4615706244990662,-0.5365355093141909,-0.7029038028177276,-0.5339484387711347,-0.8587955209583396,-0.5464774043805883,-0.9997944000097461,-0.5801013501166294,-0.40490113076986595,-0.6350141445874787,-0.6735076666837624,-0.5572865193034627,-0.8424867942990898,-0.5093702909969313,-1.0,-0.5191053828544047,-0.3374095875170876,-0.666033121902746,-0.5525041762968027,-0.38731037461762086,-0.4403717163598484,-0.24157382205268202,-0.33796366971467023,-0.22097411681117574,-0.28533668991235,-0.6307314381335792,-0.44798297686225536,-0.37213778718761625,-0.3727421037646757,-0.24115179310414322,-0.279696000786905,-0.21459194418027946,no
0.0,0.0,-0.24761635365467283,0.03978693559388858,-0.48383866117618324,6.490527829345609e-05,-0.6789179656149948,0.028518775512113965,-0.8523702275563962,0.07407231866861463,-0.44509413454018915,-0.5614892229313669,-0.6933915407894202,-0.543675893832474,-0.8500429959733067,-0.5480185097778292,-0.9901067752204931,-0.5658226313837549,-0.38995121387209947,-0.6481681088971702,-0.6670768277741459,-0.5708873562857517,-0.8401278845301892,-0.5155494178977663,-1.0,-0.5140374267985441,-0.32967685171362765,-0.6618954243137286,-0.5496281606795069,-0.3734685939207301,-0.43525358869585523,-0.22374177721821714,-0.3363959064995693,-0.20608693775236644,-0.2886829798284961,-0.6077678938946623,-0.45176730280380234,-0.33570338227442886,-0.36629278710661173,-0.20812617103084224,-0.270066334703841,-0.19052748217784077,no
0.0,0.0,-0.24997411398119723,0.03599922598539697,-0.4918723938514743,-0.002655920623051568,-0.6862997905873908,0.031275744513597936,-0.8546431367032351,0.07777820376085363,-0.4558306031004658,-0.5542789815489289,-0.7032402654230108,-0.5474166960745928,-0.8569485772349748,-0.5568111322861596,-0.997495320139866,-0.5840334130391273,-0.39927712349125266,-0.6434655990658694,-0.669816660573767,-0.5529955482085215,-0.8396253213866212,-0.49959004998794,-1.0,-0.5037992826780422,-0.33414397577249766,-0.6598968061030025,-0.5514114446089008,-0.37478970439826853,-0.44024254067576546,-0.22607052649596285,-0.34118738790901043,-0.20692332515948958,-0.28696500844201184,-0.6107889907592196,-0.4515228073183624,-0.3475621407843207,-0.3739266358529964,-0.21721282895997976,-0.28069440339745316,-0.19541634831140142,no
0.0,0.0,-0.2541360325615704,0.03690089956166531,-0.48441717813837143,-0.0006311751479050209,-0.6796388593702475,0.03140004974464365,-0.8527477823195108,0.08102284491536176,-0.43663063962381715,-0.5682353795907749,-0.6892779883302661,-0.5401904278572441,-0.8419751578356723,-0.5341374520964108,-0.9792822545503174,-0.5516825676399975,-0.38753118369253,-0.6511665240785551,-0.6734239774360977,-0.5588761975230945,-0.8428753135123419,-0.5036402996193301,-1.0,-0.5102950545812669,-0.3336305928644614,-0.659034585321431,-0.5582323805949587,-0.3700559787167253,-0.4444338165488823,-0.22009187071083816,-0.3434019274297844,-0.20019797332462522,-0.2986384498070301,-0.6027871926886036,-0.4596185746438483,-0.33476408838828114,-0.37682496663255416,-0.20710038533060007,-0.2815619939956113,-0.18670934612904883,no
0.0,0.0,-0.2511592990296283,0.03380811131222161,-0.48223668483166077,-0.00468567811370278,-0.6790400442985174,0.032120998863264916,-0.8486404306908715,0.07884178647919482,-0.4374259048752763,-0.5613951288706317,-0.6910446741765989,-0.5375226249310885,-0.8489798046571988,-0.538380664770482,-0.992981850048543,-0.5568754787215877,-0.38487294668078237,-0.6467214584359892,-0.6656949939748162,-0.5530765027589,-0.841069311567865,-0.5012022924970606,-1.0,-0.5000423836310148,-0.3302944168256307,-0.6526182716748059,-0.5561131831997385,-0.36704071999726795,-0.44232533065330554,-0.21981797602611075,-0.3401438848043401,-0.20104141765012953,-0.2960984495518922,-0.597051501905129,-0.45783560517726724,-0.3337585925951223,-0.3777335917413513,-0.20595944343889194,-0.28477256760646524,-0.1842370702482766,no
0.0,0.0,-0.2512786079734887,0.03653930352261177,-0.48133336014988387,0.004945178203713989,-0.6777304534420847,0.037611449841962845,-0.8506944197336808,0.08343680911927744,-0.4296252748051803,-0.579702398173174,-0.6847611341544355,-0.5417024693401736,-0.8453305939195535,-0.5366991198498686,-0.990645562041379,-0.5469782646700714,-0.37665939009881383,-0.6563639542241482,-0.6615418175742264,-0.553878524120198,-0.8375532785553718,-0.4949383245122353,-1.0,-0.4987083189581151,-0.3227441995027593,-0.6542424040831293,-0.5455454873160295,-0.3735404189879743,-0.4305448762080985,-0.22833034483505502,-0.328384338928194,-0.213454894819816,-0.29108169197994327,-0.5902561547851298,-0.453114407140216,-0.34121574894757933,-0.3732350197333713,-0.21550790804604814,-0.2810477638864608,-0.19833376394525093,no
0.0,0.0,-0.2502012262848188,0.03985928630093548,-0.4828090616749858,0.0063067668209466,-0.6793232235019301,0.03861656600322736,-0.8479125471572115,0.08065363063907549,-0.4333487938262027,-0.5680985187795465,-0.6869664949917443,-0.541740931972129,-0.8460374787727742,-0.542107867193283,-0.9905825634425736,-0.5542295745454979,-0.3774266899487142,-0.6485662830328751,-0.6582790010757346,-0.5455330086165552,-0.8363804742177323,-0.4887759762202453,-1.0,-0.48920125584391927,-0.3215952752486176,-0.6484237493598752,-0.5437658077349202,-0.3698874169694927,-0.42816124907163533,-0.22521744123116905,-0.32539338752089064,-0.2075352182753859,-0.28781185431356265,-0.5877248329407854,-0.44823172353853075,-0.33486127573672964,-0.36896195403296783,-0.20554129445027114,-0.2777419509099173,-0.18062869885327715,no
0.0,0.0,-0.24703101627649046,0.03818510096266083,-0.48345083292524854,0.004873750494221441,-0.6796566271263312,0.030137328712477488,-0.8543658519906021,0.07464814970566805,-0.4414188616124942,-0.5641783583280341,-0.6915915148761637,-0.5351276486535561,-0.8531295713026931,-0.5299956060471481,-0.9967563352703932,-0.5397069492840372,-0.3876415949341418,-0.6488626422041136,-0.6670907080080773,-0.5551558988620526,-0.838491026982329,-0.49675531342089274,-1.0,-0.501819913960272,-0.3301765520125326,-0.6629020683019927,-0.5573663951429135,-0.3899868181414444,-0.441390564241713,-0.24033365744303387,-0.3361878568121597,-0.21979479689955142,-0.29438918160073513,-0.6130211923726009,-0.46568039848986365,-0.371604531666723,-0.3893139695473128,-0.24431163894441374,-0.29682401314884493,-0.22248524803038508,no
0.0,0.0,-0.2444057542248799,0.043020440658300206,-0.48161715769620045,0.011772716656160451,-0.6792299655680765,0.03902441627718326,-0.8540030564296782,0.08337466754734703,-0.44299928172646835,-0.5560360091115257,-0.6963674446288962,-0.5298176125190556,-0.8578662881080524,-0.5254145769343784,-1.0,-0.5381631472937914,-0.38989789716633555,-0.6432536598045593,-0.6622469404310144,-0.5416945541806785,-0.8233034554984341,-0.4844754970779327,-0.975949295162704,-0.49434139842331426,-0.3322253671106066,-0.6598510210283366,-0.5539229413049975,-0.38519835399834745,-0.43638821428661123,-0.23784397391109985,-0.32932966997089236,-0.2189167757052768,-0.29556045427033706,-0.6155287095939745,-0.4623785401969476,-0.3746126094676488,-0.38930896309932517,-0.24805394334680306,-0.29927645243195866,-0.22632868046120191,no
0.0,0.0,-0.24172226101920483,0.0436386912634612,-0.4803181113389686,0.011225447894104708,-0.6793744899322358,0.04000292507440895,-0.8570673786458172,0.08138702976421494,-0.4415004112198763,-0.5506835620315211,-0.6922226576770224,-0.5332608501583149,-0.8544845126173908,-0.5343965324572462,-0.9993948831458099,-0.5509344409783931,-0.3903657419337274,-0.6397148812210857,-0.6669280450689387,-0.5489299419353736,-0.8380426820273171,-0.49373451594133894,-1.0,-0.4966896641672687,-0.33466238499930673,-0.6597022565492859,-0.5605506230978311,-0.3883387666696002,-0.44265714519069016,-0.23837488690661984,-0.3354116978917305,-0.2137020108936862,-0.30031587004818777,-0.6191325191665185,-0.4677928414185471,-0.37989593826193596,-0.39178712549392286,-0.2516057835432275,-0.2983069390742456,-0.22662203923271879,no
0.0,0.0,-0.2404441902281942,0.0470343602756912,-0.48065421358167876,0.014617890854851299,-0.6791363950941882,0.04704004853985419,-0.8555000774235956,0.08946691484352533,-0.44890959136142283,-0.5363491140528566,-0.6971881014154298,-0.5233553806238762,-0.8570397009237108,-0.523902560034888,-1.0,-0.5429470264599088,-0.39735274506148066,-0.632093028400239,-0.6648771808962808,-0.5427961294522518,-0.830255561068256,-0.493976128251396,-0.9866287870408702,-0.4998767542764686,-0.33847447075442183,-0.6597724378320129,-0.5547650272878673,-0.38493810852575994,-0.43498882888121326,-0.232551407687373,-0.326915601960555,-0.2026023808545669,-0.2984392035166113,-0.6268558751868437,-0.4605051178576733,-0.3861933188177259,-0.3856857992485171,-0.25470087630869576,-0.2944814357178747,-0.22278023391406296,no
0.0,0.0,-0.24155584793270243,0.04598853322031216,-0.4770707654141114,0.011703201529758237,-0.6753530870509707,0.039057336781632396,-0.8544166835653824,0.0789437517839758,-0.4386205009772423,-0.5503620169410025,-0.6865655050281287,-0.5375979604932054,-0.8509837615355759,-0.537299710175013,-0.9972648107231721,-0.5543409837262966,-0.3875892628604031,-0.6466452925944542,-0.6634121822600967,-0.5671628642153758,-0.8374817678074822,-0.5163962391627975,-1.0,-0.5184570815869992,-0.33144324001718384,-0.6738368477856596,-0.5542163657093504,-0.39634103562377404,-0.4351106937955925,-0.24423401405524647,-0.32623715417298965,-0.2169676560183935,-0.29645857379965457,-0.6384248282658009,-0.46044627345677885,-0.3903225300084349,-0.3840826592267468,-0.25860192680597616,-0.29047466650264503,-0.23075060090551489,no
0.0,0.0,-0.2399049877439878,0.04869298230056398,-0.47960865125385854,0.016506989386218335,-0.6821261309109234,0.04645348986771879,-0.8600855691907453,0.08831199376342261,-0.44684297237016624,-0.5406368972036862,-0.6930193697880391,-0.5291500713982016,-0.8551675057573138,-0.5275765467493246,-1.0,-0.5453015477519513,-0.3958708719144864,-0.6417075746325713,-0.6637525782683911,-0.5581506675416282,-0.8354230309491272,-0.5113699459029001,-0.9969453042001188,-0.5162445488667443,-0.33738937752623965,-0.6724850968137883,-0.5511755817351625,-0.38997590660217263,-0.4299985252200945,-0.23798985102166456,-0.3188071507172336,-0.20837313880938446,-0.29947746774378325,-0.6414122990891996,-0.4583411426364623,-0.38973271970985024,-0.38340858226036306,-0.2545102620234907,-0.2908933858757628,-0.21949262777817458,no
0.0,0.0,-0.23571258788540375,0.0493429584299571,-0.48225627711917496,0.016054997638970937,-0.6802347774164543,0.03635347504605759,-0.8492898751044301,0.07819976791179883,-0.4604115009198773,-0.5175133552676439,-0.6944917606139568,-0.5227732564549132,-0.8557879623841231,-0.5264945059076707,-1.0,-0.539517126541599,-0.40435155818359436,-0.6266808392136021,-0.6649199512372621,-0.5635997823137575,-0.8382213963399907,-0.5187486737134304,-0.9975647307502847,-0.5117968610102656,-0.3334458088069889,-0.6716522296589859,-0.543838670023725,-0.3960838143013999,-0.43046434846112525,-0.23015700046710777,-0.3247565208691391,-0.17511762130623215,-0.2764108662140883,-0.6510862645461376,-0.43972238631533533,-0.4046931267608147,-0.37519778796110964,-0.26433871112666013,-0.2895214280115547,-0.21603256626972064,no
0.0,0.0,-0.2359656721584351,0.050193734224573294,-0.48287511946556383,0.021439910164140593,-0.6778349032002261,0.042143266326800065,-0.8517139149865331,0.07911943157398897,-0.4628916430300812,-0.5237322220570828,-0.6968759624783936,-0.5234660749864561,-0.8567482631899522,-0.5275099071643745,-1.0,-0.5456316367419558,-0.40655215608788176,-0.6314647083372814,-0.6666826996227285,-0.5681164146526468,-0.8328210002223772,-0.5239621346470096,-0.9867675203734781,-0.524703177876188,-0.33542162586038854,-0.6752433361823896,-0.5450977393050964,-0.39916577323019015,-0.4267658657724125,-0.23708381051418811,-0.31766769229486597,-0.19196482754230976,-0.27841452662777394,-0.6525632768668653,-0.4414228735450293,-0.41083904787969766,-0.37575092353835154,-0.27618498375781386,-0.29025967456626445,-0.2388926486170854,no
0.0,0.0,-0.23739717782384806,0.030107033785225452,-0.4896357794104066,-0.013328110619624028,-0.6870110473133277,0.02048482069213695,-0.8557034262912682,0.07015091731870973,-0.4401744513762169,-0.5601796740899262,-0.6757185212077207,-0.5575472989971753,-0.8428157432972521,-0.5603946333432055,-0.9925649575017594,-0.5698537958619547,-0.38514902249269933,-0.6535258094410104,-0.6507807001620952,-0.5853926429797492,-0.8334326922770713,-0.5371564234601752,-1.0,-0.5355596742810012,-0.32049341906226814,-0.6819039339135641,-0.545603207510517,-0.40075474582262516,-0.4412861887883623,-0.24966004592166566,-0.3432284650635483,-0.22250257154958553,-0.27196135191855114,-0.6411553024874767,-0.4409928888294434,-0.3743867292118479,-0.3680051462837526,-0.23773920188017694,-0.2746242989939907,-0.2050765414170751,no
0.0,0.0,-0.24906363872338783,0.034736121882294496,-0.4966285885600933,-0.00524732676877376,-0.6938702858268538,0.02978348830534174,-0.8647418912278808,0.07553979459597181,-0.45338914730860186,-0.555178027573449,-0.685509044973757,-0.5479202099824685,-0.8475829570913304,-0.5476801132541376,-0.9944091305720719,-0.5612953857048579,-0.3946225995515427,-0.6547755462759305,-0.6589326998015052,-0.5839937855814891,-0.8350749392334976,-0.5328483932835495,-1.0,-0.5345054438421096,-0.32438664385322047,-0.6815349971312911,-0.5528476206318439,-0.4034653109715584,-0.4404283938646346,-0.25284292725164914,-0.336867203840526,-0.23461249760940925,-0.27393951158833885,-0.6379674981825124,-0.4506120710545834,-0.3773908701303387,-0.3765815015049148,-0.2461301164628771,-0.28296772327319525,-0.2223592632478638,no
0.0,0.0,0.22452791780065917,-0.04734568026451914,0.4708002556140338,-0.1725967607067938,0.6701427090011185,-0.21257921552913359,0.8346018385331938,-0.20695399426489203,0.3299596344707084,-0.6551519387716929,0.5215940138447068,-0.8257689037515712,0.6643478666839686,-0.9166129040643101,0.7922425483198291,-1.0,0.2118599570259354,-0.718209788419143,0.3646617165997136,-0.6559656916955918,0.3002660624460314,-0.43060241059650445,0.23275703629207564,-0.3396100937981997,0.09809458677447118,-0.7205054829699545,0.2568702897410965,-0.6026810319932421,0.20223992551352418,-0.39519788935957145,0.15107873994799034,-0.31943721691810983,-0.013730080102115136,-0.6825055761392108,0.130467998144362,-0.6257437867879675,0.12106855554931482,-0.4673076317343457,0.0958292690708752,-0.39111679051687837,no
0.0,0.0,0.22671672699358225,-0.0444014664457535,0.4704033052134039,-0.16670011363812498,0.6708661990616901,-0.2114509377796595,0.83629328833492,-0.21344755881976243,0.3363485574158054,-0.6480044802626158,0.5305263778316737,-0.8189998784488111,0.6699317233103365,-0.9106608958404204,0.7927746995686972,-1.0,0.21778439715097064,-0.7155463562787715,0.3784971459943989,-0.6932638411317803,0.34114524061832846,-0.5227749402237357,0.2932721212966657,-0.4611905000811701,0.10484075570576781,-0.7276196932504827,0.27201228809100186,-0.5957120778645496,0.21278412590418994,-0.3911099173533493,0.15797534876625544,-0.3110054404354306,-0.00413865482807033,-0.6940924694551651,0.15241759400434485,-0.6098167065175095,0.13653930712559176,-0.44427081931211815,0.10552743834540279,-0.35823705092342195,no
0.0,0.0,0.22830875563341696,-0.043711744545648405,0.47500033160253813,-0.16860836107741237,0.672235378623778,-0.21259416236688708,0.8352411872799307,-0.21176260523279009,0.33775697921311226,-0.6522050548470598,0.5338076439996776,-0.8259207072010807,0.6744269142904369,-0.915230963718601,0.7988937739327755,-1.0,0.21948159809976442,-0.7168783651280649,0.37178633777136566,-0.6582786869355742,0.30908692986045144,-0.450063004482246,0.2399395361033539,-0.36349474384469166,0.10829235916330048,-0.7230365813716918,0.2698275360707038,-0.5912324288916618,0.21088681742168314,-0.38859205643569106,0.15405641732536535,-0.3130780980094665,0.00042077811300810435,-0.6861043231788133,0.15217648601300493,-0.6064793095320935,0.1416300968585506,-0.43794471726547285,0.11533932122490917,-0.3503110431807724,no
0.0,0.0,0.22969971792766095,-0.0503847123105352,0.47870578939116154,-0.17436303450017412,0.6774938770483363,-0.21669799941319018,0.8406981070467373,-0.21376146646568173,0.3360384541545773,-0.6707964830738485,0.5381170235391463,-0.8317882227165776,0.683289322596887,-0.9181425140609257,0.8117665200677057,-1.0,0.21714648977507175,-0.73773057770754,0.3786699287910942,-0.6510750159251077,0.3093912857189429,-0.43164157200865416,0.23589247615632325,-0.34346299553476023,0.10683012476694491,-0.7399728742762549,0.2754187229590118,-0.5942904543015385,0.2111694643626878,-0.3892652095775228,0.15261417564863441,-0.31625157892721434,0.001822577481923515,-0.7001042699987529,0.1562166911688227,-0.6234683565133561,0.13564321135037152,-0.462432425020039,0.10067410683560994,-0.38502713866046945,no
0.0,0.0,0.23331302871564127,-0.051437027320952705,0.48590394290078615,-0.17633284076475422,0.6862811521953892,-0.2179645018554339,0.850421052740812,-0.2167271308433715,0.34535627858904006,-0.6532817727487817,0.5414157645466847,-0.8288039507874179,0.688258932648165,-0.9180026897565107,0.8173646508712653,-1.0,0.22734435317167123,-0.716165934731896,0.379053261744855,-0.6578952447761441,0.30794168250911114,-0.4318860672273093,0.23587576894659504,-0.33701175523215754,0.1144197203151332,-0.7235395203267556,0.2722367214026582,-0.6114158994495961,0.21011273732535263,-0.4007002498817005,0.15392972180944237,-0.3199513104261272,0.00405627111749421,-0.6942089293274779,0.14472399902039731,-0.6492824202827565,0.12851883867272137,-0.48959919307304683,0.0978436288468084,-0.4079935163585346,no
0.0,0.0,0.22923365806753707,-0.059938902392730746,0.468951265432054,-0.18634190346942542,0.6667236527182346,-0.2250751604946044,0.8310335958143313,-0.22603008242233313,0.32773216707633807,-0.6497251725993944,0.5245880488341813,-0.8269617681235836,0.6663004510354514,-0.9145782883764816,0.7935205513239989,-1.0,0.21311761610398894,-0.7104001994753417,0.3662871140213231,-0.6545215273697689,0.3005360485616424,-0.45000990956717457,0.2308402091094706,-0.3692868031694876,0.10485316133831553,-0.7190174845355871,0.27233468367149777,-0.5953942361318352,0.20610206709222234,-0.39369126096291174,0.14410566104475625,-0.3206843627858372,-0.0020863936154636464,-0.6898711383493623,0.1569775882246591,-0.6353958556264079,0.13740603773256677,-0.48521569203260445,0.09785423182008617,-0.41158211986869253,no
0.0,0.0,0.2297464102573402,-0.05360629749247619,0.47227300199063327,-0.17224876708097125,0.671516386404301,-0.21247701043615796,0.8349539718051573,-0.2140565462736373,0.34008820995111844,-0.6400539909413492,0.5413576413459505,-0.8194304028221723,0.6824524960570272,-0.9077038212436477,0.8053580483900319,-1.0,0.22302196950028086,-0.7075066139329824,0.3694588511074138,-0.7014670867099894,0.32648402021310935,-0.5377550452239201,0.27479987532674993,-0.48730643272583213,0.11072889690840633,-0.7208513877365811,0.26028932983434716,-0.5997248399077282,0.19805686585017493,-0.3924478816107596,0.1411428551923614,-0.3201687568920691,0.0014892949326638582,-0.6945357105447244,0.1264800948404176,-0.6432394095471464,0.10714368762737461,-0.48226360882978453,0.07740941615841268,-0.40088636622063195,no
0.0,0.0,0.22896259152997755,-0.06074747492284788,0.47222040765835177,-0.18393130748429828,0.6683132115682606,-0.21686538853851528,0.83012920538741,-0.21754250419941926,0.3311169912626037,-0.6489479749467205,0.5290543927878502,-0.829361102309572,0.6770481121060468,-0.9165808697463854,0.8093088754237399,-1.0,0.21807665513544483,-0.7093235788166969,0.37399317024684336,-0.6424765288273312,0.29771771872789066,-0.4186165572141031,0.22124705389580232,-0.333380499937063,0.10863892156309546,-0.7139214545833351,0.2722299567253645,-0.6062844797277648,0.20329876860440385,-0.4031629114237225,0.14151489437429737,-0.3364173202713671,-0.0011055757870384437,-0.6838252911380318,0.14457455651094453,-0.6587024554123678,0.12361126182239604,-0.5184713679906593,0.08502060645256501,-0.45473915855357677,no
0.0,0.0,0.23049056552248434,-0.06053441961759969,0.46489304934725384,-0.1784112674170438,0.6549007771642458,-0.21254601949154092,0.8104322886649068,-0.22297361729004905,0.33088997187462216,-0.6491850775831863,0.5342612733301781,-0.8256224372288299,0.6773637507022535,-0.910107143352657,0.8020347568975006,-1.0,0.2212530823727151,-0.7076473675320251,0.38336314859761816,-0.6860263274326052,0.3313530022315751,-0.5240133819627157,0.26883498478992074,-0.4840454384187243,0.11862149531166623,-0.713568209932348,0.2917188149329878,-0.5912764420064663,0.22427395628773203,-0.3963546462370993,0.1613576556591339,-0.3401697388905198,0.018106358898848842,-0.6808444616614168,0.184030231642911,-0.6035033064001256,0.15337927372614898,-0.4564204196717759,0.10235090587677469,-0.39969793463134523,no
0.0,0.0,0.2285672219090101,-0.05688409176043926,0.4683330688403612,-0.17983237006699276,0.6594966071820859,-0.21493062456917877,0.8145529597653884,-0.22202452639992273,0.33206903466890786,-0.6479909403181439,0.5343871282362088,-0.8274881128400469,0.6794831503138415,-0.91136918403881,0.808242966137703,-1.0,0.2231053492943157,-0.7064091284129331,0.38073600121792894,-0.6534731785207372,0.31674420799341535,-0.46401689965418563,0.24809169989892882,-0.40817512535965295,0.1216794910517168,-0.7125222546909293,0.29529501501600425,-0.5899436730127916,0.2259563090254276,-0.3941925356002718,0.16430811643240306,-0.33908214187224966,0.02256557218510294,-0.682873965055322,0.19048079035396728,-0.6092590420428087,0.15881513899903246,-0.46304803184955373,0.10955818248145452,-0.40763894283234803,no
0.0,0.0,0.24099276860732358,-0.0636217598431354,0.4778715222872675,-0.1852924337884468,0.663219858298725,-0.23467867539396778,0.8122471824822325,-0.2604579455235695,0.3434441668259518,-0.6336552417308151,0.5304797439609594,-0.8145017911575259,0.675644213102475,-0.9167853683876472,0.802613937647415,-1.0,0.24387190457159005,-0.6860820383985397,0.4501243567243172,-0.8027115664786035,0.5820063890867886,-0.8491477940456931,0.6864710675701259,-0.9062403114245395,0.13425724808331968,-0.7007946118030742,0.3172780395947786,-0.6170234729890518,0.2592117489324847,-0.41564617482465677,0.20204103703310783,-0.306481822746283,0.02843399696550387,-0.6715702099911562,0.18824336238267392,-0.6076245830768766,0.16602577263960008,-0.4481279957418282,0.12856150890731619,-0.3542378686460093,no
0.0,0.0,0.23362763261290356,-0.04876127705967088,0.4710092229132798,-0.17687688142021035,0.6564206344403397,-0.23163944767966962,0.804935235132253,-0.24083118543112547,0.3229683297894093,-0.643951168119538,0.523527953445767,-0.8236450794471661,0.6724486383171083,-0.9150202090777637,0.8014662699122226,-1.0,0.21341477252408997,-0.7017288205839176,0.3659788680349056,-0.6406667345192871,0.31453867324286927,-0.4385713722458942,0.2479586332831774,-0.34938001960390574,0.11089777269188766,-0.7007080512635717,0.2704486823296189,-0.5838408525956836,0.2213565091293867,-0.3893174759925509,0.16655176421397783,-0.30646873873898656,0.009121077041148947,-0.6612437293634049,0.1564172532709089,-0.5914803470386457,0.1465601701450304,-0.4379432770431662,0.11562808603345501,-0.3526396961669688,no
0.0,0.0,0.23959541179813149,-0.07092407165469371,0.4821476674421452,-0.2007356149124882,0.6699547432777659,-0.25323531474641614,0.8188196400146933,-0.2726242598380173,0.32495562891627566,-0.6520906418323326,0.5241281215785526,-0.8358822683282593,0.6727625145476527,-0.919598526392622,0.8069795447223672,-1.0,0.21995753690259523,-0.7083890770457952,0.3633462157082552,-0.621184592029729,0.28126012689000607,-0.41282428337579247,0.21348714516506756,-0.349441809983583,0.11863728169605124,-0.7103575720903803,0.2681702708389553,-0.5996640517545747,0.19469080517022685,-0.4079286638984024,0.13825827596495963,-0.3492028659024419,0.01557166479830623,-0.6849990668104293,0.14118801570611542,-0.6667039149977235,0.1216442919112079,-0.543504822271966,0.09316239519448978,-0.4852038930053578,no
0.0,0.0,0.23500786883304134,-0.06506226092265528,0.4777887531902057,-0.1970061118575622,0.666719229877539,-0.24757874189673906,0.8190322478909915,-0.2599940920555963,0.32283738298767206,-0.6534920790451183,0.5227224741912628,-0.8335187490565706,0.6757205393033585,-0.9210326431984369,0.8116547805598295,-1.0,0.2193583163465888,-0.7073113099097221,0.37139664142749806,-0.6201225453080834,0.2943627280450891,-0.40870937897007725,0.22303633674705306,-0.3394922971623811,0.1203108098771008,-0.7063825059362322,0.27324904922781434,-0.6099577030663291,0.20773695154402225,-0.41861902882927604,0.15208852094106284,-0.3538610727854417,0.018481044382048034,-0.6787242258702963,0.1553271770979763,-0.6638425376330521,0.13789344466141146,-0.5322162326911554,0.10535792055764832,-0.4665126203466813,no
0.0,0.0,0.24767571793854412,-0.07184878638901321,0.4928752665880573,-0.20525846459463,0.6867154696534732,-0.25184376723622975,0.8382648935644732,-0.27240064435271283,0.34483576583076747,-0.6507938759368452,0.5429308020081091,-0.8378231359552123,0.6927349691989002,-0.922942567280474,0.825532992593328,-1.0,0.23923286592006457,-0.702705776243581,0.3857121243396187,-0.6610792820844739,0.32382039644837085,-0.47340912826374015,0.26699982941848127,-0.4058359533335747,0.13995342664179736,-0.7113560384675633,0.3038455618881819,-0.6181910321401212,0.2394097929219992,-0.42255692365002645,0.18740905585057904,-0.34711957988422104,0.03967388944401498,-0.6925177919261316,0.19028355973644098,-0.6632053922174266,0.17497775659298814,-0.5229947246638853,0.14819359646185812,-0.44362193710680553,no
0.0,0.0,0.25784710396747834,-0.07394294300842712,0.5187747674167349,-0.19673950608228613,0.7133303465406399,-0.24156518509854763,0.8660143960764646,-0.2619932612141841,0.37303276419073444,-0.6487233113222571,0.5787054236058385,-0.8450498206272397,0.7339126521727926,-0.9290874621447154,0.8704669638921874,-1.0,0.262267557153798,-0.7015691895153003,0.39165898492660883,-0.6479665690672682,0.3241771617407715,-0.4697572041505846,0.26905193781391884,-0.4047468858391004,0.15390949357343975,-0.707096209746856,0.3041233598245986,-0.6332646767490744,0.24317838355043747,-0.4516627911049084,0.19363066458119815,-0.37598803697014993,0.04771077538327753,-0.6876260218366264,0.18353107619030626,-0.7389806182264399,0.2069919363205225,-0.6520222634998735,0.2172543445608985,-0.5871651174331557,no
0.0,0.0,0.24977812545064024,-0.05631132611186442,0.5130146260680598,-0.1790476014600812,0.7096014513908709,-0.2312177219376899,0.8619327228569621,-0.2458549244608136,0.3598933508515556,-0.6415478153232484,0.5678495495023302,-0.8486158368458944,0.7323247184270751,-0.9338682130354149,0.8775285755137944,-1.0,0.2532575094486784,-0.698060240705371,0.3876263116601458,-0.6340078826568785,0.322829574003581,-0.4335135396431703,0.26259728737316557,-0.3373625606658518,0.1481199322916002,-0.7043066746219239,0.29294779756242156,-0.6375159175300176,0.2451685934267017,-0.45051314939380993,0.20175097582708015,-0.3532435642123141,0.0432603093588423,-0.6883731218400868,0.1848594518422241,-0.7267001171291225,0.21278482160824558,-0.6409494058134391,0.22221489731444893,-0.576107722945223,no
0.0,0.0,0.2578706243288549,-0.06143596458680589,0.5153320303927813,-0.18850262480704252,0.7070034842768645,-0.23258589577766728,0.8565923362628828,-0.24595369243199794,0.3685594973679477,-0.663600571763048,0.5849332717857173,-0.8509863107642796,0.7524555534206787,-0.9302693191218346,0.8979564027192602,-1.0,0.2574896904724318,-0.7169137558225127,0.4132488628065462,-0.6755679418662053,0.33484531842183035,-0.48325987979265717,0.2597176101374664,-0.4256293524723569,0.15300402014797343,-0.7163757947326629,0.3222230876291382,-0.6580979306541542,0.2608145714584681,-0.4745828363242586,0.20250480033785237,-0.4129428895992657,0.04755535627974478,-0.6864060256100689,0.1988269912397753,-0.70648684099244,0.20193897283568193,-0.5741124652174925,0.18482565170133503,-0.49296742318867276,no
0.0,0.0,0.24814205983988077,-0.06176717429399257,0.4996521802367617,-0.1865810503581245,0.6880833088350291,-0.22733331255540196,0.8395395470017866,-0.2345466241336796,0.3495387860802461,-0.6589497710356198,0.5654714723214088,-0.8563281857412288,0.7317385849835644,-0.9329824670761042,0.8801087387767582,-1.0,0.23845912264904023,-0.7116639444768749,0.4023491276497829,-0.6569101643674763,0.3234228918331779,-0.4635823231468121,0.24857193839287192,-0.40000213394970785,0.13492255026083325,-0.715199141029086,0.31273264614537083,-0.6372074909496666,0.24480088424137106,-0.4579669468037224,0.18517608314092687,-0.39716398083825477,0.03134772120845572,-0.6903874831495188,0.19913000835890562,-0.6851456883967327,0.2088453759696485,-0.5687228676016174,0.20080263183386865,-0.5046622589373885,no
0.0,0.0,0.2478369527749052,-0.05930007176722555,0.5035637795898531,-0.1842329665858579,0.6966927741140704,-0.22544176400449817,0.8507505891128554,-0.23908205762851703,0.3580383530834478,-0.6552696639372517,0.5693977769112969,-0.8512273890857307,0.7362596843372269,-0.9337070032380016,0.8838383881194162,-1.0,0.2487470403083165,-0.7073996530308938,0.40595611462412623,-0.6552698052113177,0.32441752702572885,-0.45775227309972255,0.24995182554348133,-0.3869801820740163,0.14505173456298281,-0.7102844694593724,0.31497434462960766,-0.6395828741926187,0.24799461463260267,-0.4578053921485525,0.19171752533044004,-0.39082848763286826,0.039998926317098116,-0.6859259949932471,0.19669588214352315,-0.6841339334655658,0.20218706381632112,-0.5637414458553015,0.19353049541989478,-0.49373873339323354,no
0.0,0.0,0.2484820009780882,-0.07242862864740755,0.4804109584846925,-0.19628621521893005,0.6588991135692899,-0.2526095109475459,0.7994917782417403,-0.28112270275220214,0.346683003393248,-0.6281817440420538,0.539864609656798,-0.8187452803903891,0.6904036297816447,-0.9226816261648895,0.8204132353092627,-1.0,0.24374576052759983,-0.672609048902462,0.45295086762881526,-0.7873585021723077,0.5927242372985616,-0.8344009543736046,0.70424243672557,-0.883797053098722,0.13724854379254955,-0.6763339394659705,0.31655919479458894,-0.611399487241293,0.26549361027833207,-0.4326879639760705,0.20948135996011938,-0.3264955299921536,0.039897314655207204,-0.6376120563706136,0.181889335748957,-0.6173256329530554,0.18709778070839306,-0.47060098983417314,0.1761661001975382,-0.3647322657494051,no
0.0,0.0,0.248460781849595,-0.06870551873708483,0.4763696758545251,-0.19028601171097842,0.6523091594258787,-0.24289494300715603,0.7977382391915461,-0.2763111803344225,0.34306166513477576,-0.6049318876354494,0.5402066935951505,-0.8089085086526155,0.6926470367877167,-0.9217538308345747,0.8226097200951196,-1.0,0.23815055768650642,-0.6449338893187859,0.4488350796701068,-0.7841092636378106,0.6031483255834073,-0.8520201875984408,0.7323087805762077,-0.8999814250571738,0.1289276320792938,-0.64022738896524,0.30129052030478737,-0.6101933744847008,0.26424086018100534,-0.43975201744517917,0.21894090029948915,-0.31509944945226537,0.03111769417388578,-0.5900464882473199,0.15883696543675288,-0.623032985649231,0.22134871613783683,-0.5427570021455896,0.2691774975735244,-0.46782986709444635,no
0.0,0.0,0.24739099722010932,-0.06338813167133789,0.48094707015055266,-0.1886462480612718,0.6592215506627652,-0.24103902125919682,0.8051630987215244,-0.26276676785742836,0.34206274969334405,-0.6092651791853115,0.5387076078092771,-0.8139167848748364,0.6962409802027013,-0.9261193228670563,0.8304079666595856,-1.0,0.22958296500352912,-0.6430395945973727,0.4078224684606898,-0.7657797913140408,0.5423387971776229,-0.820938892657845,0.655137229977135,-0.8571170169511657,0.11760613608901133,-0.6308084753544532,0.27899769179989353,-0.5959499139992737,0.2708548906203245,-0.43585550735860135,0.24887516646222935,-0.31424813893514425,0.017819453295780826,-0.5743586492974894,0.13695615676116468,-0.6143581239278462,0.2144860114621951,-0.5596091820908341,0.2781749458069792,-0.5002104333842713,no
0.0,0.0,0.2559483028360501,-0.0729287661241191,0.48866203352497717,-0.20014099993103593,0.6739786163154567,-0.25190622450549893,0.828273859088608,-0.27338778384066104,0.3429446880941188,-0.6376075907472485,0.5428872280624194,-0.8260563174564359,0.7059229909090882,-0.9294637455207225,0.8448652926652028,-1.0,0.23655027195640266,-0.678455108145622,0.4525685206360717,-0.8094063095812796,0.6091475587467088,-0.87367014508658,0.7379254880714721,-0.9214583404229817,0.12973529536654713,-0.6762699404830919,0.32239534850804186,-0.6223707442911139,0.2904122757274431,-0.43713592459605566,0.24588526845850817,-0.3045559360459006,0.035535777151446034,-0.6261104648028696,0.1807447759706243,-0.6262381537622016,0.2244497855638597,-0.5026777037308967,0.248912159331729,-0.39106219446125046,no
0.0,0.0,0.2528333592550767,-0.07599845330182561,0.4884400294831655,-0.20789934904662286,0.6743640925043539,-0.2597383276848523,0.8250336111775377,-0.27446361970404953,0.3219692615253911,-0.6472206460845975,0.5224443363859516,-0.8401395839775347,0.6833090918926827,-0.9298682109878275,0.8207600583024065,-1.0,0.20654414390932266,-0.68508555097434,0.3616425922317146,-0.6668783438280534,0.33515723022995764,-0.49688355071737655,0.28578107335689446,-0.41427259387308346,0.10392508472721618,-0.6702151791581806,0.27229925658898957,-0.617504184875923,0.2543957334244795,-0.43257785283129985,0.21545010699635025,-0.33421528735328343,0.00849577455091348,-0.6197685977238455,0.14348776135111094,-0.6567753187298633,0.19532796947914507,-0.5590081336898034,0.22503628531786307,-0.4839274945272335,no
0.0,0.0,0.2486359352395276,-0.07325362360340934,0.48273730524921377,-0.20720898499264198,0.6720722952766787,-0.2532575702870746,0.8281483828557058,-0.2722411809672737,0.31898494906661556,-0.6556378438408079,0.5187638663057796,-0.8352384070836124,0.6810172297019693,-0.9250074078131887,0.8205908571400115,-1.0,0.20889504062469652,-0.6986540501440477,0.38449600725094185,-0.7223145432180537,0.40678885615894306,-0.623492292139252,0.4010879525302351,-0.6038920899495273,0.10811952350953553,-0.6957656255057856,0.29967203307744217,-0.6137503952908718,0.2630738565199961,-0.4173490362372791,0.2101190416904256,-0.33144423721934346,0.01546209814169715,-0.6569469725076755,0.17713933287350941,-0.6237599694225392,0.1743550222483398,-0.47496781647547454,0.14487752830531644,-0.3881964900660603,no
0.0,0.0,0.24949891481914593,-0.07154472855166033,0.4859959687525941,-0.20375707100298435,0.6742318507229569,-0.2527916106211522,0.8397447790026974,-0.2688263364084825,0.3325384205601677,-0.64424136872213,0.5256651517923416,-0.825469553282662,0.6844995232941142,-0.9262683076417203,0.8193669120177433,-1.0,0.22923726252350285,-0.6924883563680734,0.44389610954806025,-0.8309683939565138,0.6041763142857833,-0.8837454978896798,0.7316552856326568,-0.9310437481413306,0.120216439784753,-0.7018084198428926,0.3084750488996274,-0.6283426834310252,0.26991578867624055,-0.4463027690849584,0.2222456836558788,-0.34427626536600775,0.020979410980112138,-0.6697544420687505,0.17246550027522412,-0.6230538673621281,0.1726320048162204,-0.4910194736167672,0.1558148849901717,-0.4123619547600876,no
0.0,0.0,0.24335049725726307,-0.06284942819805468,0.4798960277311422,-0.19789141324618675,0.673597392367171,-0.24400373894270141,0.8364196306200413,-0.2506981246093072,0.31378026101046425,-0.6537708486059949,0.5182468599841413,-0.8373247695847289,0.6807121488968233,-0.9262323127129907,0.816536007488293,-1.0,0.20507625868956172,-0.7063453396238811,0.4035360263521306,-0.7580215216872337,0.44796036382488374,-0.6817270558818421,0.4578098889440349,-0.6862719397814266,0.10300159431951308,-0.7125003171076143,0.30248651398233173,-0.5998066131410696,0.25270728592959363,-0.4130250245067269,0.1905120751327136,-0.3598758369201728,0.009169451250965145,-0.6766930131598033,0.17574331650982578,-0.594543927698163,0.15338966899168885,-0.4530937669327335,0.10350799078664154,-0.40402177016950785,no
0.0,0.0,0.24272389422595403,-0.05310518467883458,0.48376331571402176,-0.18595210557439495,0.6762774606904024,-0.23863881645296187,0.8455324285793145,-0.2588230705333293,0.3354991390876676,-0.6328827853563258,0.5272930199165102,-0.8159977972279582,0.6869128434104755,-0.9212244556617754,0.8185198786624308,-1.0,0.23198422360383952,-0.6902133654449721,0.45823129040329835,-0.8340862115527196,0.6244030715844721,-0.8781122336154781,0.7513199609027795,-0.9239926301012237,0.12084488736410758,-0.7035622169062754,0.3101351974479048,-0.611423938089677,0.25773259259724474,-0.4182890239214301,0.19951944928054569,-0.32546551904799526,0.020034350550808704,-0.6720104162293792,0.173926933681158,-0.5853926199864541,0.151210185903515,-0.43351505761947906,0.11330409525865218,-0.3608582877810608,no
0.0,0.0,0.24384671184120305,-0.06492230679492021,0.4805155817774862,-0.20706139846601038,0.6725568112319692,-0.25572501059221453,0.8296124442625908,-0.2579981440471087,0.29724565710861495,-0.6663204624229614,0.5014233366468595,-0.8490530585259275,0.6644401461867444,-0.9277401545804174,0.8029162256372808,-1.0,0.18496250965147235,-0.7160490530919004,0.37604756125420497,-0.6686586760457757,0.33269766140257107,-0.45890796479463286,0.2612845256548525,-0.3813324046337747,0.08787658263704506,-0.711684009418936,0.2881417759777085,-0.5957972562534949,0.23703398636553794,-0.3995745425740274,0.1730828759226574,-0.34083084679811415,-0.0038115285011920516,-0.6685298506877388,0.1740025087570372,-0.607411563143866,0.15809825069514796,-0.4664565967844723,0.11330624107129299,-0.4100063928749565,no
0.0,0.0,0.24055379300001886,-0.0555418531254728,0.48099552035373677,-0.1948604741320375,0.6739826607794406,-0.24585249512423396,0.8439749899935476,-0.2656280261448987,0.3230845961548075,-0.6290766154916768,0.5118637294983598,-0.813926333308062,0.6727696370629067,-0.919563020124474,0.8053821968243542,-1.0,0.22527297171939822,-0.6817050928787496,0.4424252396334311,-0.8184106144872243,0.5856868498495804,-0.8609702335765892,0.6892085251995415,-0.9106970880478429,0.1214377774121344,-0.6975475666525743,0.3269958030836096,-0.6053286304386186,0.2757612766677338,-0.40773587335555667,0.21612083358301185,-0.31638962560142175,0.028760150052093144,-0.6696036584053704,0.20703739152227524,-0.5883631827438106,0.1791075535556261,-0.4404087201308635,0.12999896376522033,-0.37246184553745326,no
0.0,0.0,0.24052295905372226,-0.05761107658451601,0.4856350120050669,-0.20566530484719434,0.6795796698351892,-0.2624484223610078,0.8374714306575788,-0.2654478212586472,0.293488397366017,-0.6814687273949854,0.49795132768908407,-0.8591474534655079,0.6596969357363843,-0.9345993839549819,0.7979396112871402,-1.0,0.1818283699937852,-0.735609201960205,0.3725365840405625,-0.6523587324551126,0.31292285173827256,-0.4284861389870916,0.23540764588618449,-0.35805697907009126,0.08603455829164672,-0.7262517022743404,0.28322584808071755,-0.5999578888741727,0.22559354613036112,-0.40350609083098155,0.16213140029681553,-0.35252479971744793,-0.0006224975293674162,-0.6802570137098883,0.17846202697149688,-0.6063200649326391,0.15560044012918606,-0.466607575248167,0.10730356348422021,-0.41817264882377514,no
0.0,0.0,0.2392615647574447,-0.05857161830299141,0.47918966474432845,-0.1992013126124469,0.670601424306593,-0.25408586920565995,0.8350729517859102,-0.27293000802647005,0.3096810117476834,-0.6381741554264464,0.5006009541022851,-0.8282873261790785,0.6523505678335708,-0.920606580055583,0.7802303011204886,-1.0,0.20339718487855943,-0.6869384667544931,0.3751162930742205,-0.7284801099453161,0.3745325797965583,-0.6178204133013374,0.3463333550562224,-0.5885496176909009,0.10638958159240876,-0.6947290097084816,0.29639485283017625,-0.5995956242952091,0.24350561234212065,-0.408076955121886,0.18361676204114866,-0.3420860077921928,0.01830431127855151,-0.6659703243337328,0.19213686410023106,-0.5990729550855896,0.1634667751161281,-0.46725868413736893,0.1110051730723067,-0.41630569549404034,no
0.0,0.0,0.24542025807912846,-0.07385181457489716,0.4832002977887643,-0.21818990801650837,0.6759689358876336,-0.27257622795984543,0.8383045205058121,-0.2794463434099494,0.3063490186171585,-0.6697355751028758,0.49926993506141054,-0.849190830732819,0.6561323779612191,-0.9321950931863062,0.7885316145927216,-1.0,0.19937205704088834,-0.7185474019538535,0.39051589022021227,-0.7576204506634914,0.41044090025483587,-0.6465209172483621,0.398060788041275,-0.6170449222794109,0.10315676863005777,-0.7197652936710506,0.3065706514564779,-0.6166984848555919,0.25848939211288635,-0.42510351241981514,0.19992923831343273,-0.35769932045997777,0.018189472456884622,-0.679598990305783,0.1957215648250089,-0.6017440477426955,0.1740487880385946,-0.47286698076099637,0.12784194278354763,-0.42440259647143097,no
0.0,0.0,0.2440018535130845,-0.07123882129111397,0.48013495016431745,-0.2163282626384005,0.6726449358159378,-0.267582102856632,0.8321718296035664,-0.2738765745770464,0.30146542961237355,-0.6659082697842339,0.49671381737958753,-0.8479597177829501,0.6514986734170661,-0.9293965307012291,0.7822312280925329,-1.0,0.19418251766191802,-0.7133653439090778,0.3767045164535983,-0.7156442042187106,0.36183754671730356,-0.5646682908814562,0.320250931510423,-0.5170253984002274,0.10141395425799261,-0.7138437344352107,0.2991735586817372,-0.6041491871197521,0.24710555383377963,-0.41355426479816354,0.1872166645371505,-0.350609881199686,0.018931954785756773,-0.676148962936744,0.1978813704921117,-0.5950897916332366,0.173160856979581,-0.4639804293571652,0.12588693236578793,-0.4152276308226282,no
0.0,0.0,0.24980323803766366,-0.06837671678745677,0.49370506304632594,-0.20919619570292627,0.6902105161635679,-0.2613737089276945,0.8589354084951839,-0.2766969028893178,0.33028487662127687,-0.6525611544003493,0.5234701683010058,-0.835047222020466,0.680626120633156,-0.9277839797745543,0.8125070697376785,-1.0,0.23087343600392657,-0.7023998070397492,0.443222075578026,-0.818594230821896,0.5486436224544905,-0.8185920195355244,0.6177975213520962,-0.8444615185992147,0.12941094222742197,-0.7121437553868212,0.3313718089224044,-0.6315852320770562,0.2784072478482908,-0.4324874709364679,0.2210645098573193,-0.3449695191183567,0.03950071875312025,-0.6806992631823711,0.2101145599429556,-0.6154877476874622,0.1843027244238791,-0.477911035186499,0.1410516639844897,-0.4176425952269214,no
0.0,0.0,0.24335660377614282,-0.06738362406135318,0.4811819866572853,-0.2102111353779871,0.6698633869780418,-0.26090890973942255,0.8254555800935698,-0.2670325677744021,0.29622365383233623,-0.6753952857187401,0.5024071995347267,-0.8542567354137773,0.6623230314344164,-0.9294210113186675,0.7988772502782556,-1.0,0.1873091017053242,-0.7215094674708628,0.37714453432678396,-0.6703385568122815,0.324379838970976,-0.4598352699384923,0.2520706491457111,-0.39014019204724315,0.09521190134362574,-0.7157365945845552,0.29163362168889323,-0.6086986582722256,0.23179882624238948,-0.41044743238828085,0.16795287887846364,-0.35624417900006916,0.009513055985987574,-0.6756060957307922,0.1864382394449257,-0.6180980056423876,0.16120526387855175,-0.4891320999253014,0.1121960031506268,-0.44824275281272075,no
0.0,0.0,0.2451427888154353,-0.07242019596179651,0.48409250408541044,-0.2110757549537441,0.6751731664087691,-0.26210533556199894,0.8359831952021465,-0.2742883262960173,0.3236095772077403,-0.6487044830116383,0.5162562925074825,-0.8274946902698027,0.6717802198023968,-0.9242756542500797,0.8032065741935256,-1.0,0.22346997448268707,-0.697145501827314,0.4160933133473222,-0.7943948353886938,0.48881975742660094,-0.7638478890322308,0.5325343637800469,-0.7670317931289762,0.12356968590984534,-0.7083016111745414,0.3132694568039637,-0.6331505767000176,0.2611877684400972,-0.4339453418585006,0.20824249738360512,-0.3431458862771749,0.03167742403121074,-0.6833073249470792,0.18533611361552896,-0.633666203678711,0.16006870990163566,-0.5044009082165478,0.12018363451095068,-0.4445942330166415,no
0.0,0.0,0.24572556001855975,-0.056212231865117826,0.4897259004637193,-0.19852448596899203,0.6798936932534202,-0.2501184007863185,0.8350821186671022,-0.2618967050948716,0.3155839114952406,-0.6696031205642604,0.5207244274892994,-0.8523897396967293,0.6861855796765222,-0.9294362200703403,0.8286150333993174,-1.0,0.2074996087626191,-0.7239223126110221,0.3882118117997194,-0.6954158647444327,0.3455803217206757,-0.5100613213115924,0.28620335695400423,-0.4577624928273147,0.11082588151959344,-0.7289263759887323,0.2982426577784855,-0.6124797174305177,0.23671079870081735,-0.4120992562371475,0.17612957782054697,-0.35518863132809303,0.01901962776165544,-0.698707063413402,0.19147157420194438,-0.6197361412737591,0.15910611867808439,-0.4812597294559192,0.10854452144118124,-0.4379792657915762,no
0.0,0.0,0.24153854553984788,-0.053741442488398995,0.48149349642600026,-0.1930249708121109,0.6688445235970265,-0.24441048553008712,0.823950853796313,-0.25526359427620776,0.31344001180997266,-0.6520641836963057,0.5177503485020478,-0.8332616556071755,0.6826708536345326,-0.920692191127421,0.8232450865929847,-1.0,0.20572321926912987,-0.7080351629803194,0.38751102129300324,-0.6995959533317335,0.3501641734502107,-0.5261878729376364,0.2942262243409469,-0.47017442628608713,0.10911299150922284,-0.7180389243757297,0.30076451372841917,-0.6086739935233894,0.24177801430678425,-0.40674503131799833,0.18205187490057242,-0.33801833781375296,0.01847229375015167,-0.6938301655822883,0.1965821184071097,-0.6174768721368231,0.17025100236469087,-0.4803888393061776,0.12519582175030267,-0.4290821925564816,no
0.0,0.0,0.2457333885781556,-0.05225145255003228,0.4890514549912928,-0.19190918781973731,0.6787972451730854,-0.24209201111044806,0.8355458387357525,-0.2538588870021863,0.3219836191416528,-0.6525306378200085,0.5238906166081668,-0.8350118129885912,0.6877134407668813,-0.9214041249165903,0.8292578974779066,-1.0,0.21559772230389895,-0.709778197915706,0.39300683959833127,-0.6979875875463162,0.3518498990945636,-0.5262638948413452,0.29621967411884054,-0.4755629818098963,0.11859559026967792,-0.7202976574748686,0.30373807851093954,-0.6079962811464159,0.24086375189197692,-0.4063698591121407,0.18168064514379026,-0.3393311488572188,0.026178789785765825,-0.6959189582869946,0.19752612148797544,-0.6151824028513924,0.16499242531098948,-0.47751802464045656,0.11732240507565195,-0.42763222138435747,no
0.0,0.0,0.24043973782980296,-0.05124460877088764,0.48428306172770075,-0.18005897607530405,0.6672719271772515,-0.2274815388011992,0.813502263952167,-0.2390963139199707,0.32266477991432285,-0.6488660487854032,0.5250537846608306,-0.8372592411445918,0.6944835425549526,-0.9265388489036432,0.8399693553389719,-1.0,0.21414973870522122,-0.7026498726961058,0.38014310326905953,-0.673255235310925,0.34481754893931277,-0.5066325069418326,0.29632958711223617,-0.4472667617072966,0.11292209430179702,-0.7096776569321159,0.2862508948766606,-0.604277966559022,0.23484609962661654,-0.40572573764869346,0.18153630717774355,-0.3213042828374332,0.01498538654068678,-0.6840839752090919,0.16542509591521132,-0.6441618891091104,0.16080831068209478,-0.5192515860051584,0.1396685495691787,-0.4539765163608645,no
0.0,0.0,0.2399100290933682,-0.05364986900303388,0.478092262630871,-0.18720384039728066,0.6592258583931138,-0.23561548256784778,0.8053672994373763,-0.24980620113423335,0.31598176201119366,-0.6583300806398196,0.5256101092227777,-0.8374585415786733,0.696639404607598,-0.922647782268688,0.842698420223335,-1.0,0.20983152011155679,-0.7106340530664489,0.396431127607943,-0.6709770155288516,0.34759001426670194,-0.4834305892823487,0.2836818959896808,-0.42139744302775856,0.1152646112286559,-0.7144054706698445,0.3100993284227159,-0.5994357079179783,0.24884369016826516,-0.4007910858963815,0.1874273305872506,-0.33189300815978706,0.024812366523250827,-0.6833120882754866,0.20086003253739662,-0.6127337871742399,0.18213409840869368,-0.4726241035408742,0.14556875775629063,-0.41089687290477944,no
0.0,0.0,0.2323805312335768,-0.04231372892300049,0.4787573755972106,-0.16885599468449872,0.6620415517413467,-0.2181590780693257,0.8113203768527619,-0.23180734473332212,0.3391934883171057,-0.6435235416691566,0.55145208861796,-0.8298170680694904,0.7205937882669418,-0.9238824801322802,0.8642122957467915,-1.0,0.2281671501632346,-0.702342263888023,0.40719417698073973,-0.686021710993197,0.3745070418440681,-0.517410237120585,0.33038137171330273,-0.44753801135778176,0.12430604702874912,-0.7108824035782084,0.30448203095045595,-0.6082628007614062,0.2596279665914154,-0.41303312078003757,0.2136866406038275,-0.3226786431259127,0.027432683291282428,-0.6812349819161193,0.19398349597574302,-0.6580449123681986,0.2309424775287958,-0.5704906340776736,0.249501994766544,-0.5246276387332595,no
0.0,0.0,0.23978845288831244,-0.06077232023115067,0.47575417926389457,-0.18523032107066392,0.6509007504148813,-0.23685750940775951,0.7982177446760761,-0.25459534405817386,0.3289974466137021,-0.655250650335054,0.5395440797211511,-0.8389395726282871,0.7071668409525182,-0.9273413420639303,0.8496403296288398,-1.0,0.21970359363466083,-0.7125690096844536,0.40511901682958745,-0.7036003482093847,0.38455078208045196,-0.5536698654061393,0.3507375152773191,-0.5062997062342971,0.1192257488244097,-0.719567724199753,0.3112896630853615,-0.6164223627662762,0.264799937851722,-0.4255536199933312,0.21598109081097427,-0.34986763120112097,0.026718804297821964,-0.6885706311662745,0.19872791042719587,-0.6610952738856068,0.23603046416515586,-0.5694224078429593,0.2533761956110656,-0.5265269886250109,no
0.0,0.0,0.23834947665049944,-0.039205866742322695,0.4793447890583534,-0.14838420722950713,0.6561585015006351,-0.19710073780564583,0.8065981724606751,-0.22144433942566238,0.366561895821014,-0.6247978565542611,0.581530472536703,-0.8158313423153614,0.75277230989431,-0.9209715955186555,0.8955049481910293,-1.0,0.26869625646117873,-0.688777671696411,0.49727271712987386,-0.8240163786796642,0.6341711281939302,-0.8623236175906637,0.7396193184263334,-0.902219792445342,0.15844045514750535,-0.7169985384148256,0.363248385004168,-0.640491487900083,0.2986898331370208,-0.4292489173590734,0.23543826037892832,-0.31242921193941353,0.052899182500506056,-0.7037878486008151,0.23510721213386654,-0.6596859106058167,0.23153597141222282,-0.5272156085183161,0.2096676607145988,-0.44919214346167763,no
0.0,0.0,0.24789344654616643,-0.046711402494220226,0.48745224785789826,-0.163654478259048,0.6680305677188537,-0.208059050784538,0.8215372793625684,-0.2342933698634311,0.3595647429541389,-0.640244978486938,0.5668856906714944,-0.8298969988357936,0.7401270978250796,-0.9302161716779173,0.8885762720256557,-1.0,0.26164380996393116,-0.6960567426849876,0.4908302873952119,-0.8123423338212759,0.6254387991788346,-0.8339536297975906,0.7275841066143938,-0.8704515648229378,0.1553952144386989,-0.7152048914444158,0.37825473141364113,-0.6412809571630435,0.3155297774042386,-0.42587928055343605,0.24840651625508944,-0.3118089508049783,0.05558212860608815,-0.6915265577450197,0.2568178124853205,-0.6411374944297102,0.24685397652035584,-0.49229808255074203,0.20999135414854866,-0.4070123441429752,no
0.0,0.0,0.23048355930089562,-0.03589836475778125,0.4710442564659411,-0.1528968398083461,0.6553156883175334,-0.19524902476114156,0.803981944549899,-0.21023445068430618,0.3416957035212885,-0.6507466336611624,0.5464312188648534,-0.8349392413917809,0.7160154452587063,-0.9296436021495048,0.8585352496285203,-1.0,0.23233524005375286,-0.7067221271352265,0.44919152675766355,-0.7600537345709788,0.49233652685371615,-0.6810455890052396,0.5046013771199038,-0.6706084825731609,0.12613734668556006,-0.7143673045474352,0.34362148199715015,-0.5989709259440522,0.28366376953717587,-0.39747695728525456,0.2203728792576079,-0.31864368844438384,0.02799704706852027,-0.6755205822434412,0.22541533603317382,-0.58243554641582,0.2007592424712292,-0.43577755192710493,0.15183553476753592,-0.3704547679140393,no
0.0,0.0,0.23246326615956558,-0.02134394928106637,0.4832054547950638,-0.1438085998041169,0.6703358534888694,-0.1889071903724283,0.8152151044705155,-0.21696630988847096,0.35041679126417713,-0.6408491990694545,0.5548125914334666,-0.8307322074035529,0.7232414194647262,-0.9217384209219055,0.8662955267790869,-1.0,0.2342986270625505,-0.6973887911455996,0.40178876455200585,-0.6722273372358377,0.35206234183071566,-0.4993750217655901,0.293940085554239,-0.45442839459021833,0.12466337086464581,-0.6979036822629652,0.29925664573620364,-0.5818836610859454,0.24509061824637124,-0.4018125088321527,0.1956925861147479,-0.35191671024581517,0.018636669630144702,-0.6574863125017808,0.1816883535888832,-0.5891148736761125,0.16946105664636937,-0.4650091336330965,0.144331981300444,-0.4194920681152884,no
0.0,0.0,0.23104990338879755,-0.02849632657102518,0.4895495743245274,-0.16284023198657033,0.6890511973410465,-0.21183415487196686,0.8567391940910692,-0.2368403193018261,0.358380027274457,-0.6477532574234628,0.5598085701419635,-0.8152052853746811,0.724271750645038,-0.9230951163706992,0.8645798864548061,-1.0,0.25034535087744353,-0.7002120455067529,0.4725262275579732,-0.8256163375819957,0.6340306177336741,-0.8727748720294283,0.7649763004362907,-0.9357112187999266,0.1297904556265094,-0.7060867845640229,0.3249337961313902,-0.6305673845966369,0.2723230903833942,-0.4449471191881803,0.22017997007072398,-0.3648409481892761,0.014374648001874693,-0.6656692054733336,0.1856387620981611,-0.6167481813061846,0.177775492892579,-0.47470557282139936,0.15120785423846883,-0.4073262123798072,no
0.0,0.0,0.22082522162574017,-0.040765737655404484,0.470761465457983,-0.18374697228903683,0.6600699614748093,-0.24183804789612187,0.8103095325808786,-0.25274138952372727,0.29760097072771774,-0.6471817260054652,0.47722280269976736,-0.8282464772596299,0.6368840836827825,-0.9232881013331543,0.774477623627577,-1.0,0.1846020402225062,-0.6947802143589825,0.3270844119092122,-0.6620410294349249,0.28491044536558335,-0.4481513727906398,0.22220366202355854,-0.34423906306776453,0.07768310400594865,-0.6870915158985698,0.2324105562868609,-0.6371408680114725,0.20002631945101698,-0.44004261890855223,0.15337653795650705,-0.3461236564228196,-0.029063888519151298,-0.6450309215842499,0.11994894981745437,-0.6410578659651163,0.13116199119341618,-0.510923137776293,0.1155173776877671,-0.43767261141869507,no
0.0,0.0,0.23090927319348561,-0.06246499878739802,0.4719899323507309,-0.2031778719800044,0.6588592236270061,-0.25382091737186047,0.8059937584579904,-0.2670090934157789,0.3080483433756641,-0.6736039385507538,0.4913018094268386,-0.8278130839386778,0.6421452211148563,-0.9229276046092063,0.7733450913798775,-1.0,0.19476323244273233,-0.7165499532177425,0.3389699379729056,-0.7024057388189672,0.3202450677139901,-0.559192683064432,0.28940675554847833,-0.5031304180900188,0.08984226649352388,-0.7055531308943386,0.25353742739347235,-0.615126238826172,0.21531933927968266,-0.43079632902763976,0.17479791798805275,-0.3482290027527164,-0.00911521330682298,-0.6551683587328468,0.13847395567860407,-0.6194896520968001,0.1513529365361005,-0.5121073361564694,0.14704471924661883,-0.45561083023303695,no
0.0,0.0,0.20936856773553517,-0.051938300949870654,0.4467862211730459,-0.204291434871314,0.6314381479785152,-0.26708119791958956,0.7792524905365945,-0.27994255880345625,0.27845866876904224,-0.6593272473664488,0.46503280737738306,-0.8226606018200876,0.6088379879469433,-0.9181703947023032,0.736201689564095,-1.0,0.16450179763971534,-0.7073581032276051,0.3252846489171619,-0.6436063856941913,0.28836854239116855,-0.45090479388693877,0.23516675688054295,-0.3613731034719972,0.06462813478134148,-0.6920877829291209,0.24306571341676458,-0.5850982365751796,0.20604981344735884,-0.3967721686269327,0.16310876263371415,-0.3119726335150283,-0.025890175618357287,-0.6344905601286046,0.14306736532637207,-0.5845094326301479,0.15741668944642473,-0.45836101601945,0.15307805069235378,-0.38478088889934847,no
0.0,0.0,0.22335429503248855,-0.06635209217664328,0.4582724657323602,-0.22008912447208345,0.645446708590065,-0.2835888580552645,0.7951937467144906,-0.29767877641370777,0.29845712924255374,-0.6609905207465393,0.48181828137907357,-0.8290272299445353,0.6232615855555595,-0.9221633760911467,0.746861220975765,-1.0,0.18963356959200678,-0.7045186035825016,0.3348367705275053,-0.6586936814513101,0.2957521715652793,-0.4868306947936074,0.25069487406888213,-0.40980695508820364,0.09080466372475746,-0.6951049485583095,0.2524635733111141,-0.590899541190901,0.21095127343663392,-0.4057769536935384,0.1721623703229544,-0.31627900635466694,-0.0006376570339404299,-0.6463125632516441,0.15457137288699277,-0.5967274091053759,0.1716699909167957,-0.4860732395927578,0.17569473996645651,-0.41962034709283824,no
0.0,0.0,0.21365858316969374,-0.07073940932860733,0.44451062030131283,-0.22149473781144458,0.6288219399540076,-0.2783402725611591,0.7758662808097878,-0.2883219318537416,0.28561495087401867,-0.6643664398307982,0.47397810881812,-0.8309405218788183,0.6133031093936653,-0.9221353409487202,0.7351927138534159,-1.0,0.1700055039175444,-0.7103176497973654,0.3232724477554163,-0.7003079593213171,0.2971306513210681,-0.5567683690583484,0.2624288988498475,-0.5030535870961911,0.06821697585523886,-0.7027638320567599,0.24537922460843742,-0.5931174598248126,0.19624301138897393,-0.3976066698442447,0.14856580528154392,-0.31705272249938393,-0.02338003207705314,-0.6535162401805592,0.13618183093295452,-0.6048901305507073,0.1441515333803433,-0.4880612738222426,0.1384111626780673,-0.4297773023726958,no
0.0,0.0,0.2283562476664072,-0.0862526599120436,0.4523482334987002,-0.2349672161639233,0.6390366103195642,-0.2925427398811658,0.79358193301886,-0.3051309876669852,0.29475662936199903,-0.6572885745073374,0.4780565791517097,-0.8299461237137914,0.6179179064416,-0.9205832650788867,0.7389395243901006,-1.0,0.1846492653026787,-0.6961240049115678,0.3318868366152104,-0.7216483626184343,0.3119199099835268,-0.5994274354398683,0.2838484095999363,-0.5593108645729092,0.08486788066952557,-0.6946874592100947,0.25916512452374063,-0.6032543423748906,0.20612747612258847,-0.40518846008123205,0.1545481809700357,-0.3192800630005216,-0.008680674098805762,-0.6549924303463239,0.14294741279389508,-0.5995697138055853,0.13175389526724354,-0.4742294604929289,0.10623075497198842,-0.41231931626776325,no
0.0,0.0,0.21957807535316143,-0.07061190945113122,0.4543392798744093,-0.21638113470290823,0.638912653477372,-0.2654529366551689,0.789732387979736,-0.27872012600648954,0.3002237463437473,-0.6619787767382806,0.48940094733561595,-0.8333624052503258,0.6306332903041242,-0.9209821138062638,0.7558093070744968,-1.0,0.1834210653793802,-0.7082908602674769,0.3330632313155067,-0.6741152798877151,0.29463258259872166,-0.4880610057026003,0.2476384698178407,-0.4107007385375738,0.07455927978708962,-0.6969681975404535,0.2414177725949607,-0.6064482274204243,0.1978071943534922,-0.41548772939873524,0.153764799390259,-0.34246246967979244,-0.02837547305968863,-0.6480586647029436,0.13325246558616158,-0.6250119804711564,0.16088364212976083,-0.5224917883095965,0.16972949187625302,-0.47866665308360173,no
0.0,0.0,0.2219714912447348,-0.06563505489144825,0.4601573284112404,-0.21777872826480532,0.6483827745038719,-0.2760839359873962,0.8011842116560479,-0.28745569963416884,0.30503294394836106,-0.657460506787007,0.49007309615874833,-0.8298643901296154,0.6370578882456872,-0.922663460713837,0.7657129305700477,-1.0,0.1921467643203267,-0.7009271952705748,0.33369308850638474,-0.6790896351922668,0.30174323685111454,-0.5106724023536594,0.25484620910453626,-0.43491005512090075,0.08517912639693384,-0.6955186302091512,0.24459782506681016,-0.6055163139727087,0.20946263018467617,-0.4266134481655003,0.1671449805123294,-0.34919529287857465,-0.020566195955182057,-0.6516973512893799,0.13291160789738923,-0.6123215291463371,0.1428641215961958,-0.4934763945702365,0.13237079086694253,-0.43082096518668006,no
0.0,0.0,0.23489507123375988,-0.0750642731407009,0.47630673576193894,-0.22927418360865046,0.6655448165904502,-0.28446750868299714,0.8183651709894666,-0.295826907336066,0.3186427859226415,-0.6648917153620312,0.5021537625267443,-0.8420713728142392,0.646999329220695,-0.9276810630074299,0.7751508660874842,-1.0,0.20718730346719422,-0.710246252642823,0.34960223340275515,-0.6578359901144987,0.3028197223337115,-0.46286142284220805,0.24469020701718902,-0.37231945054563037,0.101521242924819,-0.7027891659266235,0.260673212756342,-0.6068962670223087,0.2172555605945206,-0.42251373161875083,0.16879254589584197,-0.34464684141165464,-0.003570378891547075,-0.6594623731523941,0.14704011718490753,-0.6095149925890343,0.1434311230536339,-0.4772043672552248,0.12006564393233109,-0.4097229025702936,no
0.0,0.0,0.23011620513096928,-0.08040833400709382,0.46701708070713216,-0.22800679775506913,0.6521832573839267,-0.2842624783371357,0.799997129194452,-0.2988910878868801,0.309960875021531,-0.6669306050134811,0.49327684681655004,-0.8462332101816341,0.6381827097826507,-0.93209705119447,0.767476761122028,-1.0,0.20082397978015487,-0.710092678195978,0.3391063865854092,-0.654390067090921,0.2907932680195777,-0.45441805256269197,0.23345908242805313,-0.35228064995037606,0.09574273207728755,-0.6993434643475245,0.24873049853979504,-0.619055430763396,0.21051226497964853,-0.4337257939339684,0.1659186948810217,-0.3416119944208726,-0.009886312194439854,-0.6551600093271887,0.13066500745823564,-0.6368056995840652,0.14588281567045808,-0.5232556731609366,0.14056967718475138,-0.45442625486425775,no
0.0,0.0,0.21965412736731244,-0.055506425801267766,0.47392321826543976,-0.2145603883614428,0.6710300860649027,-0.27096942814410696,0.837455992857478,-0.27439370815870706,0.3208099255126763,-0.6619803916063307,0.5101087112801685,-0.8376968155439549,0.6598736641925496,-0.9231329034076787,0.7896824626625907,-1.0,0.20198004111321888,-0.7114073636341538,0.35559806279065254,-0.6615777956206828,0.3036128679211933,-0.4520978614455504,0.23204269269913427,-0.3804653606338574,0.089944917934676,-0.7045814160637777,0.2562945076787199,-0.6128055484943965,0.20918102573505096,-0.4233845612306755,0.15166618960659786,-0.37762429361976285,-0.021159749672543332,-0.662400229591832,0.13998845633977028,-0.623138123116924,0.12732406611958336,-0.4872163290595158,0.0848749220105717,-0.44673041746933045,no
0.0,0.0,0.22943811870774525,-0.06775837592858518,0.47491586747437864,-0.22388224462115885,0.6678366166643274,-0.27088755858747454,0.8288785941314422,-0.27132483550457737,0.31574409117698415,-0.6694434092185941,0.5028239637430606,-0.8422325732396951,0.6511153819089845,-0.9246646705940301,0.7802917115454137,-1.0,0.19922566244009082,-0.7153424070000048,0.3559596059630498,-0.6478338504084789,0.2949386267233718,-0.429181616424188,0.22456296508374532,-0.36413364999454567,0.08993742788840112,-0.7028363616326643,0.25414175143832274,-0.6056780472839872,0.20001695867481825,-0.41377156087940875,0.142712833230514,-0.3748574521927325,-0.018833902159429414,-0.6573964208446872,0.12976588093334887,-0.6206232750458778,0.11450502821916043,-0.48475189886896247,0.07609660822780545,-0.44674026719127485,no
0.0,0.0,0.19740493441581192,-0.05545268091899205,0.4562035250714928,-0.2266662462605801,0.6568706457990949,-0.28293586789007075,0.8173489292810435,-0.2871104667866054,0.257921230546505,-0.6578366014595582,0.43738663501098285,-0.8281261399392099,0.5974264271179368,-0.9197311726696686,0.7326405130474873,-1.0,0.13739815704481803,-0.6887933881303596,0.30787302081395873,-0.6795449853240819,0.26874967819647133,-0.4513249416476911,0.1892091121677541,-0.3469613109558777,0.02399019100915742,-0.6685724703223771,0.2056832306105722,-0.6288746193074738,0.17815232028101016,-0.41871255443825556,0.11800717787487743,-0.3312653490849207,-0.08759471086655254,-0.6104500989435787,0.0842951659952748,-0.6093274134342218,0.08404745065357773,-0.44968519019490016,0.03969952816684442,-0.36380293531778424,no
0.0,0.0,0.21919912113317774,-0.08581574054585529,0.46722364116722837,-0.2635967830043874,0.6634565384593317,-0.3198289797154614,0.8188553004239422,-0.33010683558722126,0.2885995234237153,-0.6876588575033286,0.467080127747327,-0.8385455152697977,0.604396425285298,-0.9224044605269396,0.7255455321803742,-1.0,0.16827378797217124,-0.720912675896419,0.3365744516821041,-0.7314168617170819,0.34432323268621184,-0.6021237268374172,0.3233651775595441,-0.5743482558099154,0.05429461455511444,-0.7013176207905876,0.25869698119030526,-0.6137344985123222,0.2175605693066392,-0.4254950193822385,0.15548667431467625,-0.3735585620815953,-0.052957924069699354,-0.6367892009058029,0.1296565235417874,-0.5780794537400609,0.12380131189837226,-0.446382148229055,0.08045255873632093,-0.40047989800506534,no
0.0,0.0,0.23197141879921598,-0.09502829390969818,0.47553062484091313,-0.2724886407108667,0.6711019751748198,-0.32725520511327283,0.8277364102044119,-0.33881100673316983,0.2850641125726416,-0.6838390015371045,0.46704753672944,-0.8462404947927182,0.6051089245981289,-0.9251865447870502,0.7285141300553735,-1.0,0.16848969760108204,-0.7203622828828651,0.34105110326656396,-0.6416463199971046,0.29435919805557326,-0.44691665328168373,0.22762253316260375,-0.38770447991639395,0.06205287427178963,-0.6981400706308349,0.2551606025964175,-0.5906855773294581,0.20115989850145022,-0.4108984867940319,0.13655017469272118,-0.3671796928722199,-0.0410834291219541,-0.6368898653695048,0.13124635651791838,-0.5794009150841728,0.12006735338358908,-0.4546317873453735,0.08281960049041381,-0.41046313835525927,no
0.0,0.0,0.2201418259300297,-0.08065699555162568,0.46971324297872113,-0.2696092301783,0.664934238255038,-0.3290460849501118,0.8219883002373457,-0.33124177446111674,0.27492198498873877,-0.6653829499233593,0.45009697857135744,-0.8391239347471725,0.5884996559360164,-0.9220649264392791,0.7095993562850729,-1.0,0.1493847682896088,-0.7002034659774902,0.3036548627733736,-0.6764716364733506,0.2686610882464598,-0.4997316892524339,0.2070040143443442,-0.4490650391312359,0.03764695947432737,-0.6787715047204367,0.22382664369732355,-0.5945568486192061,0.17988799920120016,-0.40960250906261214,0.11843379967987404,-0.3663554916118081,-0.06891683117143217,-0.6161981773915693,0.09766114408741663,-0.5645613086811622,0.09094643135162386,-0.42323621576079984,0.05550399926584292,-0.37297228427173795,no
0.0,0.0,0.2388661555481957,-0.07093164025339825,0.5117056817300984,-0.2560982587678193,0.7205901938538943,-0.3226884455750435,0.8814538337408657,-0.3457848933486481,0.3218513716343342,-0.6633329340220279,0.5022581406656285,-0.8401763076858031,0.6440556757404289,-0.9246913206164427,0.7659353749885491,-1.0,0.19611483605922023,-0.7052883849736807,0.358363974603801,-0.6515537202894772,0.3210634834508953,-0.4591941428078162,0.24945539810162706,-0.37877500687050336,0.08318224098202394,-0.6899107891565841,0.26421003304888274,-0.6059551408981686,0.22949521178766974,-0.41759342122879833,0.17223592603815066,-0.35061115769743006,-0.02376852393401498,-0.6363095884039996,0.13658039193579075,-0.5913760032696549,0.14172581758989788,-0.45420862371486354,0.11639844691391082,-0.38689065682011964,no
0.0,0.0,0.24082344159402047,-0.07172343237378075,0.5095508259533145,-0.25884159168892534,0.7184995455234323,-0.3347808991959315,0.8838124384213395,-0.33804620647190176,0.30826575062466244,-0.6758374962774607,0.498449127415588,-0.8576735533496849,0.6506760272707136,-0.9325807592319858,0.7778192472681066,-1.0,0.18230275663972073,-0.7197972677709523,0.36530777054249985,-0.6547761371717321,0.31867126807264134,-0.4433344202147221,0.23510420813861024,-0.3649612520308373,0.07325870826914198,-0.7008019488972629,0.26386976640999543,-0.5965639239927242,0.22751807043344666,-0.401278398603328,0.16773020306783165,-0.3462607688690793,-0.02627171304635661,-0.6428040268072288,0.14352726806416297,-0.5806112842310232,0.14253558005729267,-0.4421744363377773,0.10908711148258982,-0.390347221510784,no
0.0,0.0,0.2422380046154083,-0.06730279372296574,0.513163486101927,-0.25411748904521264,0.7275636897137513,-0.3288720353578028,0.8999452525163315,-0.3373288673795996,0.3271169908790876,-0.6561281699188078,0.5113875965240956,-0.8436161866321331,0.6568149295209916,-0.9259613117782076,0.7799874562587992,-1.0,0.20102316987436647,-0.7043030633336893,0.37393956289767055,-0.6368739998055868,0.32537728923982334,-0.4253098583422087,0.24465864615913352,-0.35241789746807173,0.08742473367299676,-0.6915381030776395,0.27201700988304595,-0.5957199191816813,0.2310341341848762,-0.39714745928927453,0.16921808093316065,-0.34097912287491094,-0.01955351420154382,-0.6398452200247827,0.14760585747990582,-0.5815551276333779,0.14296665898701708,-0.444462377735205,0.10649468390012017,-0.39443343443853035,no
0.0,0.0,0.23258326349807776,-0.069896800582929,0.4967296855931688,-0.2496832890575726,0.706553867713683,-0.31662008586710205,0.8789197544563195,-0.3132643760331803,0.30513723584289915,-0.6727653495062649,0.48842191059519674,-0.8508524168053748,0.637429278324811,-0.92784034234418,0.7621451428681149,-1.0,0.17418639202476977,-0.7224236077901779,0.35284155631583186,-0.6315589775255932,0.30603018330067555,-0.4194872434189171,0.21606323115703813,-0.346021296610772,0.060081718032160995,-0.6980231949980751,0.2458402861327705,-0.5782189414918536,0.21011428308260588,-0.38549311528500924,0.1446236778318202,-0.33687608987870443,-0.04296440468151993,-0.6280997496505223,0.1293170779862346,-0.5515123999725622,0.13037692045793375,-0.40081448106085954,0.09327932075468548,-0.34638416630340274,no
0.0,0.0,0.23465123347174704,-0.07058428099266148,0.5024034527046009,-0.24541768529743424,0.714169855359339,-0.31208376757399164,0.877254827005233,-0.33435889231959365,0.31480813262843105,-0.6623588441074096,0.4944436827588984,-0.846404336685952,0.6386120492931231,-0.9260660679498687,0.7660476719884061,-1.0,0.18732511954772588,-0.7141913248475323,0.3561348429042965,-0.6180035663319526,0.30232124545220085,-0.42147693916731804,0.21530506738816932,-0.34926878415857204,0.07152246680926698,-0.6985499637792271,0.2431370572406003,-0.5812329416869525,0.20662711395703007,-0.3995629949025203,0.14802229375218035,-0.3460921217045363,-0.03816408688109492,-0.6415624774433407,0.12205592366805966,-0.573636646409788,0.12894447915021642,-0.4254132174524271,0.10450788714349521,-0.3595629072440039,no
0.0,0.0,0.24897448041568535,-0.0511552164853482,0.5305309450969058,-0.22472274990193405,0.7473959611353941,-0.2848911542005504,0.919768669680653,-0.29877050531545296,0.3571525228810787,-0.6635857314549366,0.5470906506519707,-0.8522932426076792,0.7013103702663092,-0.9273488798456605,0.8281320927455016,-1.0,0.21460397567840675,-0.7306791504608635,0.4114742420908327,-0.6169437854136105,0.3545721444260308,-0.38282990061802025,0.25291510011811963,-0.32646395643758963,0.0837756768787174,-0.7107406007603406,0.2860312245822673,-0.5563504917820429,0.24298251180835118,-0.3409086794917214,0.16899594651584207,-0.30232118426079957,-0.03718686781536607,-0.6414655371250239,0.15727273841071843,-0.5333419049978287,0.16371191457005613,-0.35493560273198405,0.12517764235496204,-0.2937317156656828,no
0.0,0.0,0.2529974985340473,-0.05270168090293928,0.5329106629406826,-0.23778146544073392,0.7532017046478362,-0.30848386643714387,0.9330518861363146,-0.3159900830532502,0.3552387136799909,-0.655384483770784,0.545043126458585,-0.8536561920797128,0.7012859966743672,-0.9285277254510604,0.8326895154323306,-1.0,0.21468692605973813,-0.7167420384707748,0.4147941485837769,-0.633547194582526,0.36350988646571186,-0.40749651657309605,0.2618654260491287,-0.3474509600516527,0.08634180055027536,-0.7020754387164418,0.29615581906590605,-0.5733764132002765,0.2602200225728084,-0.3610236105109397,0.18473891896388722,-0.3168209186816429,-0.035051711670263205,-0.6403834346168265,0.16595242802517565,-0.5552776148941466,0.17766174400710796,-0.3818281819256539,0.1366908842161776,-0.3196453825942832,no
0.0,0.0,0.2473396940690911,-0.04253961070867832,0.52534497756093,-0.21481870013226467,0.7443053176383899,-0.2916236717256109,0.9282615084003483,-0.30402775790804837,0.34506992560902316,-0.6075497030978675,0.5011411746387747,-0.8167644730356413,0.6338125224058522,-0.9249842715593802,0.749013013744664,-1.0,0.21419797981934965,-0.6590691343172064,0.4160001295169521,-0.7786394682787313,0.5342381739348165,-0.810300106516083,0.6125286559481499,-0.8627311229364847,0.07885963419717099,-0.6580840185756206,0.3001007110403269,-0.6038477628849049,0.2629131077992554,-0.40555988927074604,0.20745640638704335,-0.3052908061927163,-0.046505583612545136,-0.5999992775946896,0.14339553522557943,-0.547241243770383,0.14660938422558345,-0.4094139216017377,0.12336389709800756,-0.3345261621018176,no
0.0,0.0,0.23976302486236126,-0.041559894228446775,0.5092051608506694,-0.22312393895430768,0.7244309677492495,-0.2902045426847798,0.9099883074378614,-0.3059139549611198,0.3357889708246484,-0.6034048564598651,0.5064181868624476,-0.805930865561358,0.6453608429225673,-0.9182035211207729,0.7661727532756022,-1.0,0.21459447782302316,-0.6573664243653723,0.43995726058353224,-0.8051360988410413,0.6102631912916392,-0.866480891494094,0.7418578923849709,-0.932190886351634,0.08803767127493645,-0.654733850140591,0.3289922951274483,-0.5979002513916605,0.2830658918231737,-0.3886494287712607,0.2162494020669981,-0.2785810085456789,-0.02620302230530215,-0.5888521040471129,0.18017236845710138,-0.5247446798527361,0.1730621853471066,-0.3508545836386636,0.13355307141532277,-0.2513643264432347,no
0.0,0.0,0.22154075353952093,-0.046434423417083655,0.48297495516008515,-0.23143524247772282,0.696664485200946,-0.29297746180293754,0.8790337336641264,-0.32073095671570934,0.31245079181357444,-0.6145488189070926,0.49380901521660997,-0.8079347907034098,0.6424888344272496,-0.9181273455448545,0.7724195996949225,-1.0,0.18440860991068972,-0.664794347343055,0.3804339447347777,-0.794101593755753,0.5038086786333925,-0.8126907551166715,0.585401396639929,-0.8572398770108748,0.05890290295870335,-0.6528574639754858,0.2916178149204167,-0.5838733337186517,0.25583821010893165,-0.36467242458311744,0.18791227944544772,-0.26797859878229047,-0.04891897994007575,-0.5787567710931134,0.16155683363164394,-0.508923032625988,0.1520036251443466,-0.32976022147549,0.099620699954975,-0.24272490307056593,no
0.0,0.0,0.22659784296681462,-0.05467387801801039,0.4856160616370877,-0.23680910322530424,0.6946318001402637,-0.3020251282783655,0.8703550749653932,-0.3166256283350282,0.3271658387156708,-0.6211359215282627,0.498387360368779,-0.8122557863172992,0.6327348259066385,-0.9197840243003899,0.7514587380784865,-1.0,0.20414383444828402,-0.667534350314294,0.4088810972908954,-0.8099494183352194,0.5589678469138413,-0.8640406132672322,0.6734261840423925,-0.9201141301679154,0.07495458545412609,-0.6610909136798145,0.3013751308334998,-0.6010519406963934,0.26119901647942967,-0.3947140329853478,0.19738928365402456,-0.29481852486158233,-0.0404757022964848,-0.5960257602524298,0.16355752419599792,-0.5275942641544136,0.15836438540022463,-0.3576545890650495,0.11815842470281414,-0.2715650529087737,no
0.0,0.0,0.22354753938547403,-0.05036003901724043,0.4841377951990194,-0.23822246402983321,0.698130266571985,-0.30173577558738884,0.8791594796442683,-0.31942289859933126,0.3105395837024908,-0.6365934429268328,0.498008909447604,-0.8093373524697816,0.6439303350808565,-0.9168658718057993,0.7683296233336123,-1.0,0.18350832005211085,-0.6897127157064918,0.39575704298630765,-0.8279976891718162,0.5586499038918221,-0.8701108159822188,0.6827509308470285,-0.9259310386683609,0.05644997341432593,-0.6778762781982205,0.2882421443340141,-0.595330690244936,0.24802199163918087,-0.3812144290301243,0.1811769183006683,-0.28627015441484055,-0.05194976286389636,-0.5999708454016287,0.1535217196372945,-0.5155150040700504,0.143515284339375,-0.3388174851821215,0.09648190726569715,-0.25693779028290287,no
0.0,0.0,0.2275413112120247,-0.06824654270340028,0.48715503916878417,-0.24987452340414543,0.6939919011298071,-0.3102844398167087,0.8613398155734202,-0.3268285118257403,0.3117012368255812,-0.6406629755400796,0.48894555245196175,-0.8298436305235434,0.635245274775343,-0.9224631364545348,0.7607345960714067,-1.0,0.1801821147912173,-0.6773045119549909,0.34899367333467324,-0.7865781275361212,0.40135010072436456,-0.759221173038682,0.41128745412447154,-0.7773674030829753,0.05530467514006407,-0.6638751788891413,0.2793442754663843,-0.5995917378948302,0.251596263161631,-0.39504199333311624,0.18569226214559179,-0.3288124331056602,-0.053714868268600134,-0.6007269221311522,0.15080909791715713,-0.5454253971616526,0.14928265313977188,-0.37941215696357994,0.10197994146047397,-0.3126166888675717,no
0.0,0.0,0.22925780007023422,-0.06594973807029716,0.4934363031520981,-0.2512247280421885,0.7041544031514486,-0.3125842648359811,0.8741837956253968,-0.3228289207157497,0.3194294480718807,-0.6331775292438632,0.496444923079536,-0.8252864317566598,0.6452755432037897,-0.9208298928053877,0.7735746410986112,-1.0,0.19003959042356833,-0.6683407239120563,0.3583592715422007,-0.7859414658172621,0.41387384464449045,-0.766443600568068,0.428571392890558,-0.7842189539496262,0.06474517864020345,-0.6563465189849705,0.2865168956771983,-0.60291886648154,0.2537271501488856,-0.39906577490180445,0.18725572876001625,-0.3286384800634206,-0.04531996410361696,-0.595140151248356,0.16016011942316022,-0.544158270779415,0.15246231279406836,-0.3789569817865569,0.10263019931833837,-0.3115609731486463,no
0.0,0.0,0.2763584872165707,-0.06791817285136133,0.565143463925823,-0.2552255803790289,0.7984682627300663,-0.3163529473135662,0.9932592634683652,-0.3258900174221499,0.40074374828000847,-0.6362352373495124,0.619118959802368,-0.8452164674182375,0.7890052487353904,-0.9262435039547162,0.9339982702940367,-1.0,0.2850049377396344,-0.6531041954219082,0.48342603544153945,-0.6437648078959121,0.3755538239569732,-0.44340369617857145,0.26624210933104375,-0.3809705995231665,0.1712193322520564,-0.6248589407354138,0.3810309489349493,-0.5997962359000619,0.28856405594357204,-0.4231860443948105,0.20986324969672257,-0.3795723828316503,0.05093843002635413,-0.5636745512585414,0.24448415026165163,-0.5637582552938477,0.21163116475562413,-0.43896259161533085,0.16491953899703138,-0.3857034039995891,no
0.0,0.0,0.27670156596728407,-0.06777688673309933,0.5743170740423441,-0.25355824171220054,0.8049644302479744,-0.3284492157703863,0.9992905492229313,-0.3307386544355153,0.4051231957885611,-0.630235939107312,0.6193063374636152,-0.8559428123661179,0.7954621849659966,-0.9395095828226789,0.9425088830247591,-1.0,0.27937241229831516,-0.647285418010479,0.4787350635726224,-0.631571524865281,0.3771129659506072,-0.43512287265745353,0.25824376257695414,-0.35536548935125545,0.1576970685573305,-0.6245665627489804,0.3513549667784253,-0.593004321057044,0.2700180748040299,-0.4166273135879232,0.19131083336744922,-0.3531332832297557,0.03179784671454393,-0.5701968785808849,0.20717131644571665,-0.5594835762453179,0.18949342626730034,-0.45030524251468845,0.14548584473522896,-0.3945677279378471,no
0.0,0.0,0.2474024525179749,-0.08914704947328267,0.49960425110753093,-0.24156250541269378,0.6912289539122848,-0.305901653519134,0.8567714623281286,-0.3074480984891373,0.3058765249817213,-0.6667835922175044,0.5087284673665198,-0.8625297843064544,0.6723646165098787,-0.9375794856212258,0.8045570892411537,-1.0,0.1761659470880969,-0.6982617052955137,0.3563819529503767,-0.6546586808152038,0.3129529529679701,-0.4643810994665931,0.2278302200086985,-0.382844212205691,0.05629643068390128,-0.6679967175379189,0.2298784515256534,-0.5982817672105932,0.2094019667223154,-0.4264181189506541,0.15804786246500246,-0.3590209949100562,-0.06002754114977004,-0.6042579266726775,0.08829042888446614,-0.595376267286354,0.14036777131762593,-0.5012918864078275,0.15412404305278793,-0.4596911665246694,no
0.0,0.0,0.23196005369479286,-0.08554400001438182,0.4871433516606109,-0.252971027756181,0.6850959929917921,-0.31640564217458184,0.8459053192827387,-0.31128398295993975,0.3021410069578049,-0.6353645235512629,0.4806042841445557,-0.839349805888703,0.6238692543379,-0.9231701846752248,0.7494738817152531,-1.0,0.18397783974537255,-0.6725510506352603,0.3084359164392264,-0.6953365149559946,0.2582090398929726,-0.5234483264188515,0.19634327567665966,-0.4698504776728563,0.06654889442751732,-0.6573306901855595,0.21070698565633136,-0.6359444571432071,0.1684122157318339,-0.4694435254209662,0.11901395842229033,-0.4238463632737311,-0.05593339645798401,-0.613748780624705,0.07705333278380574,-0.6460733202516472,0.09366185517094025,-0.5397891372112891,0.08659076017309053,-0.4926463288638941,no
0.0,0.0,0.24148806574451295,-0.10936165012168868,0.4670612274325708,-0.2697571977705064,0.6478348588427935,-0.3373539998551128,0.7972185627906385,-0.3353210164446998,0.27236193616335314,-0.6854297924628782,0.47551072400477135,-0.8596674617030442,0.620155454450941,-0.9340257136110486,0.7387173741071048,-1.0,0.17298793053487163,-0.7147875660218448,0.3509790498329096,-0.687722964569544,0.31340566611347764,-0.5132831721232559,0.24334712918686746,-0.4444831701324391,0.08750996445285995,-0.6962283837387871,0.2642935634957195,-0.6412992595820501,0.2320296121557062,-0.47108172690085676,0.17602610361759063,-0.40718010200724103,0.008331844829102203,-0.6573928705532204,0.16889154845731053,-0.6483311286880572,0.18110358510161184,-0.5392945761855176,0.15794710220023966,-0.4865507882252034,no
0.0,0.0,0.22760845769481441,-0.0995919606499663,0.45483954862213605,-0.2602582206699087,0.6403453085223126,-0.31896157466980846,0.792444413342469,-0.32303416946584446,0.28171102876050735,-0.6531665524713537,0.4679263314894968,-0.8334605496972431,0.6044235016739362,-0.9197729184422645,0.7236161129586614,-1.0,0.1767248366449974,-0.6867816836288485,0.3318231699504782,-0.739167042675624,0.33726924191023694,-0.633791298317151,0.31709162641978195,-0.6052584156375163,0.07684307057270343,-0.683674457015213,0.248040157756647,-0.650719778628208,0.21951141813867212,-0.4775122968855317,0.17191035528668594,-0.40622448013280077,-0.021534415960605402,-0.6538340380019719,0.13879775313758586,-0.6582036102430411,0.14975810090409264,-0.5570028186745545,0.1263078844900483,-0.5067020115086593,no
0.0,0.0,0.2289736229276609,-0.12095885778784762,0.44545039758983623,-0.2772074218340385,0.6212729266594325,-0.3310368381799352,0.7654312014647613,-0.34056464943875564,0.264140278990361,-0.706513869399191,0.46418583922737144,-0.8584084742188117,0.6117485027788283,-0.9305730324634546,0.7372865804446361,-1.0,0.17174206381467094,-0.735398117088999,0.36345345860152534,-0.6603807972769014,0.3004281204233575,-0.46561649105319775,0.2279054573903167,-0.42230061302709077,0.09463649897082613,-0.7167458134950792,0.29056381732193287,-0.6330031965068178,0.23535993544540784,-0.4501849213951521,0.17616877803423667,-0.40887289850001,0.02143186833643794,-0.6780442073476063,0.20585914810088848,-0.6650118587693037,0.2027744984029248,-0.5516529522032098,0.16753685467499432,-0.5103631681824448,no
0.0,0.0,0.25816190168777453,-0.11326098366644924,0.4862402155939439,-0.25674019348604127,0.6728558839332621,-0.2993368541723751,0.8238765846451035,-0.3119288186922193,0.3504150686137217,-0.6746057679808384,0.526540391967722,-0.8445630279713499,0.6605421554566328,-0.9289777197967267,0.7767096854099373,-1.0,0.25420429676420775,-0.7112576011988208,0.43763385546973155,-0.8125112976359974,0.5381175498338258,-0.8392300875199189,0.6239459860385899,-0.8956705260511146,0.15306072505790985,-0.7101227565145104,0.3276289137520529,-0.6694520135321933,0.2812969715159791,-0.4882217970979002,0.2351494415411058,-0.3957188482023289,0.060602240837103916,-0.6801605340671996,0.2200630585408137,-0.6655070179940077,0.21272024842480156,-0.5488324580180054,0.18742905665289009,-0.4902897363004213,no
0.0,0.0,0.24806522306014211,-0.10721239713481373,0.4707754726275418,-0.24679109904294302,0.652087124014709,-0.28842564929536796,0.7996532500551886,-0.3091995635058391,0.30461987803475965,-0.6892574747993656,0.49111783839738743,-0.8628876326339575,0.6398902565274707,-0.9321448893407964,0.7736494942271166,-1.0,0.20107993580523753,-0.7234690655928729,0.3481344889031689,-0.6837973480807386,0.29158052083414726,-0.48752334727723073,0.22914707018020025,-0.4272461791520202,0.10801856671480443,-0.713077128422067,0.27729219753378564,-0.6648666591736715,0.23186197868480418,-0.48280671000296826,0.18258534608836885,-0.42745517017957346,0.016673388324133235,-0.6800873709572708,0.18713163077484754,-0.6789091561338996,0.19615499440901776,-0.5713120918653806,0.17487474491116722,-0.5315539959745614,no
0.0,0.0,0.24684014097917523,-0.09241921024621871,0.4882541212815019,-0.23458743885622538,0.6835194690261577,-0.2748369315247162,0.8369472096877454,-0.2796555315150843,0.3168021833480389,-0.6716835894991103,0.5021966029444447,-0.8528379415485176,0.6569351653969203,-0.9299694739525642,0.7963864034713714,-1.0,0.21144247393091456,-0.7114695139381959,0.35537466536886414,-0.6631276363454811,0.2931040912149579,-0.4522423544600327,0.2337618791567936,-0.38465417730556933,0.11371860630853974,-0.7046667429560118,0.26891530247915335,-0.6579481494605475,0.22004446578975156,-0.47088529072205215,0.17447220070754685,-0.4085455259612789,0.013713039248217105,-0.6771652882301299,0.1683405255923507,-0.6878315107101846,0.16686379656724457,-0.5703318984161714,0.14259857120954988,-0.5148194703958312,no
0.0,0.0,0.2628934263542458,-0.10636900239844399,0.4913108112945631,-0.24210860218047595,0.6866559207360001,-0.28492758926547157,0.8491201727834281,-0.2838146794318512,0.3440227832291886,-0.6968605442041581,0.5445003838305895,-0.8773411677200463,0.6897075727985427,-0.9425524933078242,0.8179528306014406,-1.0,0.25452243917378975,-0.7443219921006471,0.42421255066364905,-0.6987963032937835,0.3528636148488742,-0.5045709649063493,0.2863928078500316,-0.43794990712492987,0.16409105734389232,-0.7470464932203188,0.338988437352086,-0.662151917363064,0.2744854084713201,-0.48242175225624767,0.21558282586819297,-0.4199615771658586,0.07034496028447217,-0.7285933901588223,0.23232629179875344,-0.6956343745152399,0.22540560750637398,-0.5841643033574239,0.19717725415949056,-0.5344528723653909,no
0.0,0.0,0.25980718483097837,-0.09041687616936711,0.5018444788769971,-0.22732240156793532,0.6939687165437014,-0.2832850622009242,0.846385992905982,-0.30087324145998584,0.34281803365040925,-0.7039373039653303,0.5508048324149419,-0.8782609736659381,0.698054874315482,-0.9423318163627595,0.8301482509517408,-1.0,0.24503638933639807,-0.7560249128639789,0.4325280519840333,-0.6832429265047425,0.3517004137036999,-0.4848811734887587,0.2746956652608608,-0.4330998019558146,0.15507710554489515,-0.7603113808707788,0.34461238152408513,-0.659431982596739,0.27392937706723586,-0.4851501065470877,0.20836839296891835,-0.44725961916684626,0.06645372213614084,-0.7408813949630421,0.22203224460338145,-0.7182918731764714,0.21609209482177733,-0.6002279090091291,0.18998378278075928,-0.5530105965610773,no
0.0,0.0,0.24659134146790682,-0.08070141649834561,0.4925623753441341,-0.21178623774100044,0.6838421731992799,-0.26560139176255565,0.8337886081357904,-0.299901614297221,0.3344992565599851,-0.6909089796164193,0.5308291780011711,-0.872555154635851,0.6821661949960688,-0.9397435938075048,0.8225620791267643,-1.0,0.23660356945209735,-0.745505775856142,0.41726348272708425,-0.6653353645173345,0.32915695990036603,-0.45865729147800116,0.25326705351270623,-0.41425332400157533,0.14230916414563094,-0.7518957638402101,0.3266391122573108,-0.6529338035064485,0.24650346000469794,-0.47188060975307167,0.1806284333478673,-0.4347421657337277,0.04303098357174095,-0.7346284772885989,0.19486173261802486,-0.7339604032797274,0.18374363446907738,-0.6152312348209092,0.15378392549663136,-0.557994168999333,no
0.0,0.0,0.25510488382575186,-0.07187314956384944,0.48820504379181434,-0.20712114115016483,0.6829282627332102,-0.26023937462991276,0.8374611132223881,-0.2858856463601092,0.3254954749931506,-0.6965332216811461,0.5334026372305544,-0.8559244889482011,0.6849250766688172,-0.9268653501135671,0.8197529363936049,-1.0,0.23972240143527562,-0.748335380781094,0.45116494622135417,-0.672944082581375,0.36039061326215877,-0.45145074194204105,0.27459025267567544,-0.4079899071136289,0.1671490689268133,-0.7520904957180355,0.37180410343882847,-0.6283067017826053,0.28484200037119195,-0.44117225958691636,0.21126832760342557,-0.4172964409760581,0.10053590840396291,-0.7248720713395611,0.2838068608648773,-0.6380119355893556,0.24358036748004844,-0.512345226206153,0.18305740660544945,-0.49089938930083343,no
0.0,0.0,0.25274212727453343,-0.06153322362300576,0.4994389447802822,-0.19777271057695198,0.6956038553246102,-0.2564461700152177,0.8501095841446322,-0.2875144737563582,0.33820548592934074,-0.7068707297113325,0.5416972660287316,-0.8703121605248844,0.6960036258093202,-0.9337918132969742,0.8357791027750839,-1.0,0.24907146565610194,-0.7586806403944616,0.46043878166015906,-0.6723890628301548,0.36765222422661903,-0.45295498641698045,0.2760700255646629,-0.40506053224880245,0.16922244468656272,-0.7610960112197278,0.3757591337518477,-0.6338951227083172,0.28209961982228393,-0.4433024506332204,0.20270990474106,-0.4109486869059508,0.0894228644857208,-0.7341174111574623,0.27206176723561404,-0.6587287275643872,0.2349310616734014,-0.535146650955744,0.17781022591104653,-0.5031969020483161,no
0.0,0.0,0.2649823218698505,-0.08320815130482016,0.5057015775736812,-0.21862226287373443,0.6999637059401684,-0.2775280091490261,0.8575137838262464,-0.30489738402647276,0.3921614574135489,-0.678400893467191,0.5845141284980228,-0.8535879357570783,0.7336832015745289,-0.9339910921223621,0.8639518385133563,-1.0,0.30991205389058923,-0.7399243183598008,0.545461476534916,-0.8601139243743842,0.6886462924643545,-0.8762753769162472,0.8048222382717207,-0.9154176678996092,0.21177157639229738,-0.7677958422596828,0.4175579213003504,-0.6976780327158065,0.33371973921865467,-0.5113233812910212,0.2558155141272801,-0.43209466660008694,0.11690450643123433,-0.7538423595523408,0.286903934008143,-0.6727370714591064,0.24209672488737272,-0.536415730186549,0.18267725933567255,-0.4865279616500887,no
0.0,0.0,0.26521676545106093,-0.07968982134074708,0.5038737877185769,-0.20408414322244112,0.6949241589544397,-0.2652697244016213,0.859919619798123,-0.2897773401539357,0.3864469495516865,-0.6742004921226432,0.5982109062769501,-0.8546570314555748,0.7423222920940071,-0.9360458780198406,0.8662565729714361,-1.0,0.29715407532523813,-0.7413387869567337,0.5476963622177831,-0.8513271257786561,0.6939220224755234,-0.8611210861102327,0.8080298019794652,-0.8773628943814764,0.19695165728336153,-0.768497157699504,0.42612685799778416,-0.6806420870777864,0.3584078012745369,-0.5074784418787641,0.2831748265562466,-0.414642550053865,0.10312932524682061,-0.7529670411566337,0.3013303033156897,-0.6685497082918913,0.2963765358414692,-0.5482157427690615,0.26739956749765004,-0.4914850940334022,no
0.0,0.0,0.2628231038130845,-0.07329579600118112,0.50208089060037,-0.20367592538719925,0.6896030220981682,-0.2554318739035396,0.856279771159189,-0.2729315711106136,0.3708339321761827,-0.6786502024377816,0.5669698962823451,-0.8622439248436491,0.7126902923496204,-0.9453640829664177,0.8511296584354513,-1.0,0.28268439318563715,-0.7327798163051967,0.5260044216115674,-0.7948422837380997,0.6162526398855154,-0.7403078328387822,0.6951137891320522,-0.7178728999239518,0.18298672373430308,-0.7526443166313654,0.41466010964250655,-0.6855632571348352,0.3350154877136713,-0.4984216878596027,0.2598482195069542,-0.39500817444571557,0.08346398703596743,-0.7322665774792191,0.2832057236147272,-0.7043468220357215,0.31694436920109803,-0.6156402468118762,0.32814096446000945,-0.5715220010046431,no
0.0,0.0,0.26034981218260583,-0.07027359317221463,0.5006492227353883,-0.19862976120621142,0.687957427708983,-0.24745366221711784,0.8579586869659588,-0.2610907359965138,0.3700975845779164,-0.6826987235523378,0.5651439497927451,-0.8590849643149564,0.7166899097985345,-0.9447588522891568,0.8583139959881432,-1.0,0.27902352197978186,-0.7368743360815789,0.5237403903278613,-0.8128473733519278,0.6470783409367722,-0.8003244284880504,0.7560759149076693,-0.8043131641470206,0.1754864729152635,-0.7536050802920014,0.41239464173094015,-0.6782190866781584,0.3353462721552157,-0.4889598171621573,0.25933600581452765,-0.38131163370565885,0.07436121446713835,-0.7261718274431284,0.2784303387923778,-0.6960459330963561,0.31061480478643055,-0.6055407568186675,0.31747462022429407,-0.5606614390955922,no
0.0,0.0,0.26801892454795306,-0.08029931671425751,0.5087685929321578,-0.21688678553189247,0.7098138731110363,-0.2691556097382735,0.8796702734870799,-0.2933446558092884,0.3794931001537768,-0.7268404995296621,0.5926722752200079,-0.8713892966912632,0.7513690216038167,-0.9403158132369299,0.8854525539443939,-1.0,0.294626931876216,-0.7954552986439938,0.5661962627331826,-0.8936999655283858,0.7264076924100984,-0.9081369721233127,0.853355713917893,-0.9559077746944362,0.19942621899077198,-0.8235625521004316,0.4467620334116899,-0.6986015344825193,0.3546326082208993,-0.4889765896101932,0.2608169914183526,-0.4057334480309967,0.11410854904528925,-0.8011945249899375,0.3292373389046864,-0.6612554918776437,0.28344178531803815,-0.5156522938635711,0.21588591906790114,-0.4758901225087744,no
0.0,0.0,0.25830522788787946,-0.054510812927531745,0.4978169357046417,-0.20029271128588602,0.6993915458425167,-0.24389306856459345,0.8668592406233732,-0.24593897292667422,0.35019533125922125,-0.7168848320577107,0.5718026256571865,-0.8767277038947638,0.7307483516478867,-0.9404569336849705,0.8744856149905864,-1.0,0.25479576709636864,-0.778183827595676,0.4894918566490411,-0.7305576676069703,0.4263128180153543,-0.5040588762363258,0.3569038271217866,-0.42534783265444454,0.1643493337271128,-0.797576056064493,0.40609311671513454,-0.6643439037451784,0.31604977135544904,-0.45114969642169833,0.2328030709157051,-0.3940347487815332,0.07849186976562082,-0.7755935146552392,0.30989203080337074,-0.6478270270087302,0.2707422841719694,-0.5120619644151423,0.20554286914321795,-0.48738248496564934,no
0.0,0.0,0.267726017931202,-0.05376559959151859,0.5159910921807177,-0.19476686253491962,0.7214183880314002,-0.2507541104621477,0.8950113440854509,-0.25783325609449786,0.3961609350733887,-0.6733904252145294,0.6043759043134647,-0.8646934797451472,0.7603899499893281,-0.9391536333501962,0.8987817489938315,-1.0,0.31064354100556707,-0.7428601245962649,0.5424387602164574,-0.785005701523197,0.5721033373073009,-0.6795350398988702,0.5837488605797747,-0.6569619902384263,0.2157413336257796,-0.7801004458626517,0.4349190584173232,-0.671438080986393,0.3469161657934551,-0.4584337143389476,0.2674577456401331,-0.3728580963398226,0.1232873320055329,-0.7764764114954972,0.33813201708923973,-0.6534473284207075,0.3105785365658081,-0.5149056212183926,0.2612625719470908,-0.4716002825408393,no
0.0,0.0,0.2612920102456953,-0.04599282514082146,0.5090946927914642,-0.18665555185361002,0.7165640386626737,-0.2322154139337806,0.8917700065512966,-0.2211660290659742,0.3935028312403045,-0.691860010206199,0.6037396099711961,-0.8724391184967834,0.7558887240051986,-0.9438522910762484,0.8967754126052692,-1.0,0.2990477655201324,-0.7593624521687276,0.5169917056305994,-0.7239154342653908,0.4685604337290492,-0.5202262119786547,0.42449050914750414,-0.44220070306378967,0.20174642397795509,-0.7858138920102756,0.4316417303980612,-0.660097816139708,0.33800576376464225,-0.449324097386468,0.25964932385801504,-0.37319829992431375,0.10609315468046683,-0.7737461313463909,0.3321312898394461,-0.6643596747121895,0.32275077260866825,-0.5546642793356785,0.29482091501820795,-0.5374058989795746,no
0.0,0.0,0.2671560132499549,-0.048786624033623056,0.518597159929231,-0.180467973806368,0.7309172490373343,-0.2304622076570088,0.916235820194899,-0.22285745359968673,0.43162018796084267,-0.6743849206287197,0.6294448963952659,-0.8537931105609916,0.7882019896184309,-0.9398945341592001,0.9234411629307541,-1.0,0.35427362300759224,-0.7530822334156012,0.5993121561992044,-0.8667202236203355,0.765110514737434,-0.8937433060318922,0.8993608481271266,-0.9327741991537355,0.2521130827834656,-0.794767274148993,0.45833949274762176,-0.6646351277569303,0.3672033925585108,-0.4744347064061138,0.2790072472215442,-0.381746902608956,0.14452392389432914,-0.7876005286730762,0.3233839389769507,-0.6471594760648547,0.2967866765383977,-0.5035648554290406,0.2554588557896984,-0.4421095793398712,no
0.0,0.0,0.256960939914971,-0.03529371398496221,0.5089577618721745,-0.16768897487344175,0.7226093695601672,-0.21437560713649403,0.9061248149866626,-0.18969068854865812,0.4042718485720527,-0.6829464762946842,0.6067806325740572,-0.8664093530655711,0.7575631185867027,-0.9433048623173397,0.8959549836029864,-1.0,0.3186622190016488,-0.7508475515282999,0.5242720815110057,-0.7318548425175286,0.4997886236392745,-0.5708313843058325,0.47853467548141243,-0.5194119991261641,0.2231322230749327,-0.7811571588750685,0.43141317137570595,-0.6615131021865412,0.3381700693591472,-0.4658964781519001,0.2630903822024567,-0.3909619056672788,0.12455418947002611,-0.7704880826542952,0.3255838111205056,-0.656391278261948,0.3082973799404306,-0.5397371819045467,0.27867525728736925,-0.5058584146678511,no
0.0,0.0,0.2439301703250726,-0.06574653647297402,0.48662196148031794,-0.20466896405202942,0.6781044039696242,-0.27556874093515804,0.8510712907874745,-0.3013331022142183,0.34874862037995064,-0.6884225430107815,0.5505872445258134,-0.846283903755251,0.7054358755669001,-0.9347322175700126,0.8371920254701446,-1.0,0.2627319659978785,-0.7537341971665922,0.5007527989317389,-0.861684260097975,0.6524366832054892,-0.9047211959493818,0.7704925828404795,-0.9636228228080819,0.1616146942669932,-0.777074415497457,0.3768630335457635,-0.6711873974632632,0.2998758246082032,-0.460916658293712,0.21986023940770102,-0.3589167365265098,0.06368441196164139,-0.753520821045543,0.22930523906639128,-0.6815908255937831,0.21709616728319736,-0.5415114729931945,0.18531585725122163,-0.4699619036954259,no
0.0,0.0,0.24595277843435856,-0.05775506257287982,0.4937615720754891,-0.1915068830708874,0.7029301264226783,-0.23436188153502938,0.89084154042151,-0.23356233875230203,0.3621443391149717,-0.7331575431651846,0.6053838972516412,-0.8766043609709961,0.769533647966507,-0.9450133465827817,0.9145409036781287,-1.0,0.27624960637358653,-0.7927281181975288,0.544751129941625,-0.7901374882762324,0.5601936526011344,-0.6580864739838641,0.5632523829760461,-0.6463657209481292,0.1945053230967535,-0.8181479206708863,0.4615966708596801,-0.6957591304709434,0.363591771263981,-0.47670527773986016,0.27729804008442505,-0.4177932588278598,0.11679106317702004,-0.80563566356563,0.3531425262305531,-0.7059993689610133,0.3256034406929247,-0.567351199167313,0.27089226779365305,-0.5353699516301351,no
0.0,0.0,0.25042501586639804,-0.06235642562150166,0.49397395950691625,-0.19184963228093696,0.7028403321482473,-0.23662166742966176,0.898208453094187,-0.22275009765982595,0.34746218919978805,-0.7256622673276488,0.5869369973709716,-0.8767345349910864,0.7613353391519496,-0.9477836347505796,0.9135976056591191,-1.0,0.2673445142375187,-0.7791635943009508,0.5216792658351362,-0.7790239608819788,0.5188296197276039,-0.6286662698990917,0.5023074460470296,-0.5962872704614238,0.19304631651143148,-0.803330051922664,0.4572720978242257,-0.6972194412870342,0.36115568457676717,-0.47937778497638617,0.2706543884474086,-0.41300800012884564,0.12319663591338109,-0.7969687544774998,0.35551443367405,-0.7155013910922388,0.34072286352132386,-0.5930741824189826,0.29609015791035476,-0.5656979794482094,no
0.0,0.0,0.2520143744883132,-0.06103203085700176,0.49084710983935503,-0.1905977918497031,0.709441055266769,-0.21722547773888376,0.9026152385313951,-0.20421553773107212,0.3462378519850997,-0.7697960880637147,0.6049083942181863,-0.8924142902517254,0.7744598524774345,-0.9520371521340212,0.925275302745965,-1.0,0.2579121416006791,-0.8277770299125812,0.5218317930408941,-0.7337742438341697,0.42151427778507217,-0.4970658141304916,0.3337378840185194,-0.4623400797473867,0.1867551381982023,-0.8371904836775029,0.45505454952193325,-0.6796608286450225,0.34629694422280666,-0.46054379631749837,0.2575363330583233,-0.4362511582907691,0.12188346859978681,-0.8083013137319959,0.36868988740366043,-0.7007739424939065,0.3363177425800425,-0.571697953644853,0.2764416282504311,-0.5618197514900063,no
0.0,0.0,0.2576400730680739,-0.05690272553397325,0.506921911088658,-0.1933106859835819,0.7219100516009938,-0.2187221383522942,0.9126042427483788,-0.2030773926016353,0.36838161327551494,-0.7299497619954162,0.6057378882852559,-0.8738140141958289,0.7716034531035413,-0.9422064424944481,0.9182899818811325,-1.0,0.28399983999691847,-0.7873062740467595,0.5204135783355828,-0.783106341307314,0.48675974500249636,-0.6204990614634059,0.4471695010422423,-0.5864141087161678,0.20490987233828206,-0.8080737851247506,0.4658700093483282,-0.6921262187271755,0.3630706961763708,-0.4812999361469184,0.27020772251910036,-0.44024551583956434,0.13497030313176403,-0.7955341362129937,0.3754675275227523,-0.693889511946156,0.3376782071358411,-0.568569468745324,0.2722723548749828,-0.5556240342406594,no
0.0,0.0,0.23972452143959763,-0.059683204236158506,0.469285646394364,-0.1869125353280412,0.6672940209151165,-0.21968688018469065,0.8455297144898791,-0.21224136667414834,0.3255185549514225,-0.718357927452121,0.5546412285684185,-0.8731406972163565,0.7141134093105707,-0.9411593437802035,0.8577728561547517,-1.0,0.2407291089317533,-0.7708146291300026,0.4979840972282661,-0.7378965672824549,0.45442768573273906,-0.5376328093866091,0.3962131431764776,-0.48610153634035846,0.16735872218990339,-0.7893199094411184,0.4261815712446922,-0.6694105542093619,0.3289697667547673,-0.4494917800752138,0.2389108885947112,-0.3996486090943654,0.09771023333684514,-0.7734324541594331,0.3363391274374631,-0.6787052072502072,0.2970570081214414,-0.5260468437229457,0.22684338512489063,-0.488948106142155,no
0.0,0.0,0.24676138117527052,-0.05473729710060849,0.4910075102669189,-0.18990500881946112,0.6964255579393764,-0.2180997621055922,0.8793548126358824,-0.20180595794905268,0.3443028685664903,-0.7073461323798437,0.5744684241273572,-0.8732082051914953,0.7428703742733921,-0.9403696655731607,0.8902568457110708,-1.0,0.2609876782487912,-0.7622020652473541,0.5003937867305532,-0.7624132629862346,0.4628769274871829,-0.5796653660188632,0.40482970697544995,-0.5290811898863226,0.1860986693238761,-0.7879847027942272,0.44027384437681677,-0.6806410619103429,0.3431845924731038,-0.45334217524690074,0.24991544123451886,-0.4011453348983404,0.11857941853409358,-0.7834230923723575,0.3527123917014064,-0.6820869986932683,0.3108620677417472,-0.5336984244040291,0.23851887518228118,-0.5037555680226923,no
0.0,0.0,0.23345484220433393,-0.05105931661212037,0.4696726369036279,-0.17614938198237648,0.6670296767882987,-0.2125423314348757,0.8570563765144773,-0.1995803110134238,0.3575346399802098,-0.6955980994571909,0.5722267401027612,-0.8592497917193884,0.7377216802345254,-0.9457584684195411,0.8815638248566204,-1.0,0.2768131786891259,-0.7561480455743569,0.5232119855895407,-0.8219260482983545,0.6242775577285613,-0.7823073795313473,0.6945801546252512,-0.7913109309645738,0.1833543272607332,-0.7824529627028426,0.4315548680794679,-0.6920721148514739,0.3446350326566938,-0.46756025920628735,0.25919690408286866,-0.37170710485684794,0.09464555331557142,-0.7685455046930669,0.3134358765841411,-0.6929099289429013,0.28845940589554975,-0.5439486307504642,0.235020003468974,-0.48697386042782115,no
0.0,0.0,0.2355021486465788,-0.05284133269774108,0.4708283023049989,-0.17490463650271326,0.6687646095919664,-0.2109223137831412,0.8542080908940137,-0.1960262896212416,0.34838877222429904,-0.6864039855748928,0.5550976335367257,-0.8604750061048702,0.7151531684804672,-0.9428343196708711,0.8565981845602655,-1.0,0.26457556251112296,-0.7466420395804133,0.5036326971915343,-0.7639898754268302,0.5061996312982497,-0.6104413641485669,0.48802592945855966,-0.5739316336266255,0.17711788972850132,-0.7763267154614768,0.42360387290428225,-0.6799025982581146,0.33105601361065484,-0.4544137048945911,0.24175694570773024,-0.38624939462092245,0.08845601104611618,-0.7762759883231763,0.30442736599475284,-0.6993420831071161,0.2830734953097829,-0.5542878311372474,0.23254546102725554,-0.5126005506994498,no
0.0,0.0,0.22399779238372386,-0.04799000997887155,0.4613526388261725,-0.16622207727771923,0.6639842177735409,-0.19447984435190296,0.8511110553632254,-0.18896191861923636,0.3654633485525062,-0.6902299042808802,0.5755460505410332,-0.8380101628395743,0.7403480897986944,-0.933000657825052,0.8800812804174402,-1.0,0.2816044520261569,-0.7656540063218102,0.5449364195362891,-0.8779515718116391,0.7143676238578652,-0.9097319084173733,0.8438323326587839,-0.954389867264284,0.18116752797150168,-0.7999997212605712,0.4255807535999197,-0.6842425813501023,0.3279840449550951,-0.4590013323744697,0.2298649786206858,-0.35610076987830236,0.0819665345441774,-0.7815633379604079,0.28784877271029496,-0.6786145535430569,0.24487133387966262,-0.5131583128459853,0.1764749496875331,-0.44351596340708777,no
0.0,0.0,0.22348627220495693,-0.0392212779151183,0.4662889141009285,-0.1682321345784312,0.6788026879089841,-0.18848642067717777,0.8749221858428126,-0.1573904522463847,0.35271341677918006,-0.7131150194231092,0.5918219093099573,-0.8629784651075567,0.7626900277228401,-0.9351865252497744,0.9168119509704599,-1.0,0.25980632266946097,-0.7839132622610634,0.49199413708614037,-0.7346469691736892,0.43463650923885117,-0.5432558433182016,0.3688793664543202,-0.49859753942740015,0.1691688471573455,-0.8102234761065393,0.40436409347811025,-0.659602153301982,0.2963469413251159,-0.43976455248466256,0.20283632770146542,-0.3908623507352585,0.07696866808112095,-0.7944779302062854,0.28111864054019275,-0.6757311855600466,0.23326256603335463,-0.5224100759937005,0.16333923922834037,-0.4880505276381708,no
0.0,0.0,0.23500056846736037,-0.04482937574607205,0.48210796962121016,-0.17555251520004955,0.6905141922939121,-0.1987414834125989,0.8794693016375169,-0.1796309210772741,0.35963548205171847,-0.7240201482303459,0.5990743313096601,-0.8821771651359961,0.7696541137514439,-0.942821977861406,0.9201480053413431,-1.0,0.26570362957475596,-0.7940387825771835,0.5044376851903201,-0.7114247909740884,0.41193646454067373,-0.47901958373365394,0.3135061094689456,-0.42958264436721644,0.18095699196985257,-0.8178159391365358,0.4204736663285863,-0.6623580502588677,0.30583821935110544,-0.4419502176124821,0.20747496857546843,-0.411709607018977,0.09852313635685615,-0.8029702717379867,0.31005798102364623,-0.6773507647441176,0.2594318264690844,-0.5227850850576733,0.18821630030853417,-0.498089512895606,no
0.0,0.0,0.2326457185094392,-0.04996133428298129,0.4736718559130078,-0.17473073753690582,0.6715278755491878,-0.20504502200891953,0.8526441501409979,-0.18152803600932532,0.3674374101940843,-0.7248442501438965,0.599292344912689,-0.8797481966350992,0.765164647629538,-0.944902517878365,0.912356543460887,-1.0,0.27145753189533445,-0.7927766022203542,0.5152946979829643,-0.7398508962992716,0.46143107667717076,-0.5204203641513419,0.3959805511961009,-0.4413029052601939,0.17955489393067295,-0.81563803091601,0.42284998944068775,-0.6732587745814579,0.3257463725656644,-0.4538511468241315,0.23851597147743414,-0.3893259846041086,0.08769909997391229,-0.7973341877404314,0.3074008615156547,-0.6947663855681117,0.278876872207476,-0.5552220975349182,0.2231400081989954,-0.5158876240719192,no
0.0,0.0,0.23987378673631843,-0.04910609917110709,0.48444033647570556,-0.18047349735873855,0.6871778504479514,-0.2091485370829283,0.8698070841966827,-0.19763827389192695,0.3677393080512427,-0.7317921647959077,0.6099619303928349,-0.8890468700231745,0.7842893186813868,-0.948756505635268,0.9389192953777343,-1.0,0.2730617940738303,-0.8008915888048437,0.5365723455574394,-0.7058912956040285,0.44144650557585285,-0.45101337693199317,0.33826164724092866,-0.3696588046654837,0.18615823492592612,-0.823571769747204,0.44224990164210537,-0.6696679494309967,0.33243224671647376,-0.4470506452097057,0.2334702551002088,-0.39561056421911583,0.10015856093423338,-0.8066648032700028,0.33324972158838895,-0.686492251361188,0.2901800717993256,-0.5368456552159908,0.2187931647785998,-0.5051239102810672,no
0.0,0.0,0.24525085654194512,-0.05721173635874361,0.48934290689096666,-0.18233166742021767,0.7031224605626165,-0.18909818423740046,0.8917350980434845,-0.16625343717992014,0.35208531952672606,-0.7401348949138091,0.60279174195848,-0.8856219681807388,0.7871050882160991,-0.9448442427774287,0.9512558395984392,-1.0,0.26233562166439756,-0.8058553445331434,0.5319303951763285,-0.7161022291102241,0.4459401405402176,-0.4568622844595166,0.3479466536512458,-0.3653972243332339,0.18485268794937756,-0.826610443153816,0.44282383158666455,-0.6717134332408651,0.3378292819629253,-0.43819860634410635,0.2400081920193125,-0.3739368222154602,0.11004329922692248,-0.8037697465385174,0.3353910423458541,-0.681625371564782,0.29119287041167174,-0.5179147260407485,0.21961472193967574,-0.47356010577729757,no
0.0,0.0,0.23750877384056693,-0.06274604082404965,0.48121212379766704,-0.18500789363332235,0.6907207711594168,-0.19514928641103055,0.8778135576759718,-0.17352743147370156,0.356600625819195,-0.7387419423080929,0.6041793971527711,-0.8876218142834235,0.7827466581611335,-0.9451640297255335,0.941926272385684,-1.0,0.2629007766150705,-0.807486190846999,0.5408842776541292,-0.7357430894006987,0.4665615353323846,-0.4908069474011238,0.37389472194359796,-0.40352288676858417,0.18114665093377252,-0.829998667455319,0.44441908454933265,-0.6698523936994477,0.3356702637008053,-0.4399949609233154,0.23591611944920482,-0.3795175084074535,0.10270293262719339,-0.8070511689629013,0.3263760782381902,-0.6725365552640911,0.2731001388506539,-0.5096834089654911,0.19570476431149222,-0.4679638441228882,no
0.0,0.0,0.2551435115780314,-0.04778839866436555,0.5220892020628686,-0.18064483829232136,0.7488431117466757,-0.1814519725869137,0.9440232289997049,-0.15097833266283922,0.4102568826877572,-0.7329330868896841,0.6511506365204379,-0.891474999803045,0.8256852953905669,-0.9495482614718663,0.9849314177278305,-1.0,0.30502255579480997,-0.8090399295129824,0.5527561120219044,-0.7191428060979301,0.446243737784025,-0.45869421630843304,0.3418486933242929,-0.36175652346725173,0.20345248136615104,-0.8401586923611194,0.4538493774570136,-0.6786770672460278,0.33249803235602143,-0.44682049826311104,0.23097954743044882,-0.3838929947299925,0.10105278165263797,-0.8318535447706669,0.3294815712383692,-0.7041286088191621,0.2720375490259114,-0.5390653252718169,0.19424820243619356,-0.49194136382823594,no
0.0,0.0,0.2576107970831199,-0.04996193107936512,0.5189243845736344,-0.1775501410266025,0.7423937788138513,-0.1859069999783916,0.94655886192358,-0.15818341974575809,0.4094508796526386,-0.7287633257110753,0.6446538905928456,-0.8954987155711418,0.8193079972697148,-0.953128960216389,0.975822739919998,-1.0,0.30737532905148013,-0.8012154090788338,0.5690726563463242,-0.7383099178753602,0.49425674086822563,-0.4912586385943861,0.4088378365667553,-0.40643574487340656,0.2057274977088738,-0.837444946239566,0.46125066890716143,-0.6796020494934101,0.3437666750134417,-0.44477616872857434,0.2426450718225162,-0.3934531625167942,0.10142564612300774,-0.8359497719042468,0.325681331992765,-0.701554660995944,0.2719003064579888,-0.5454929321458033,0.19507671618380362,-0.5207942740275902,no
0.0,0.0,0.24863952966032668,-0.03940773138115383,0.520428405001555,-0.1632929700805126,0.7504951203739813,-0.16205047957073113,0.9494792103743268,-0.13865838668753117,0.3841541734747775,-0.7477909634361255,0.6449300759711122,-0.8816812866218771,0.8311212526594826,-0.9270028186812915,1.0,-0.9682154193220356,0.2828139423527844,-0.8271336331370294,0.5585498353712416,-0.6998756028571852,0.4433963381825183,-0.4460703831135815,0.3224230786318289,-0.3753254318111138,0.19095467402518548,-0.854657364853858,0.4621310662118602,-0.6618962172408517,0.33373556721641645,-0.43567507663752547,0.22158450860660392,-0.40048154528895186,0.10006269221086303,-0.8353396486274355,0.3365816454977614,-0.6805111142923431,0.26923552525706274,-0.5143367707094093,0.17659001268653401,-0.48510442942683524,no
0.0,0.0,0.25308953784134935,-0.042590408265001316,0.5190651728482774,-0.16885752725103137,0.7433945442983816,-0.1708903148441088,0.9428025188313753,-0.14539435981174512,0.385650300673965,-0.7424097978104969,0.6456131923646083,-0.8882318869450191,0.8316559441986804,-0.9397652358485011,1.0,-0.9908271870498232,0.2852295877312461,-0.8144902231895776,0.5593352691346006,-0.7284605718693207,0.46314155718496947,-0.48144425068986224,0.35564558547030356,-0.4011914598388293,0.1924018982497321,-0.8441778519867641,0.466600068299308,-0.6821491515577345,0.34397815501587764,-0.45101291013930705,0.23413881049297183,-0.40461231310914936,0.10105893366724106,-0.8294087399562727,0.3386331944449896,-0.6876115015642111,0.27125705563253405,-0.5267776710328504,0.1796956264891408,-0.499877336012969,no
0.0,0.0,0.25499900773676315,-0.04567132388146404,0.5255046573753578,-0.17081883874373693,0.7588778658826182,-0.15890878981456238,0.9608605137996842,-0.11848682746469036,0.39880709246640994,-0.7632149232537371,0.652724244266308,-0.890330948690357,0.8347681812970904,-0.9439059382619595,1.0,-0.9996782369698015,0.29257315051284594,-0.8400846169334056,0.5721624643194664,-0.7731825928127387,0.5046508726617991,-0.5369658998623356,0.42276254273716296,-0.4632773491350451,0.19316222251551254,-0.8656357565429164,0.47854303002511484,-0.6851344035004735,0.3618404700823,-0.443963860424207,0.2559612863199654,-0.3914969784139395,0.09588237249176566,-0.8365160818896545,0.3430490033534644,-0.685518423823566,0.28112262543218847,-0.5126532829944385,0.19316884563177786,-0.47554805684993995,no
0.0,0.0,0.25349913083649955,-0.047673158987328275,0.5187486414693158,-0.17008525798016472,0.7467872933330569,-0.16396990058664834,0.9479134449376778,-0.126908413561912,0.39585241692603373,-0.7561070951578561,0.6521654460866912,-0.8891910412489894,0.8357244855351649,-0.9395481534347505,1.0,-0.992305163749219,0.2953595849337096,-0.8327355107335029,0.5789998252788875,-0.7510753640269959,0.5061963213802375,-0.5003301932889325,0.41574716966604575,-0.4152652947604396,0.20047832125585982,-0.8613993680426201,0.4788624767161907,-0.6753064578700015,0.35973987283856657,-0.43511077022396877,0.25055161528187847,-0.3828569567135847,0.10535173729051975,-0.838868636375751,0.3426346166944542,-0.6758719619996387,0.277039691306292,-0.5041479976664367,0.18654611897027076,-0.47217936454819787,no
0.0,0.0,0.2595044814153739,-0.05573221684815175,0.5187645302836421,-0.16883676557368227,0.7450851272827765,-0.14337222972646357,0.9447500357984234,-0.09441891178265203,0.40761783609703245,-0.7263302876551531,0.6472624010755033,-0.8403368654444431,0.8360427647510026,-0.9021619967585326,1.0,-0.9451487207878024,0.31860813449627284,-0.8107766023328715,0.6181783482014599,-0.8669829772796299,0.7857243183934579,-0.8611987957136746,0.9138726415223405,-0.8869751426692581,0.21747986851717913,-0.8451626981340129,0.5055594723540405,-0.6757025383590367,0.3907850525849198,-0.43238361864144753,0.27664793595867265,-0.33334671023889634,0.12314771660782348,-0.8136487987690815,0.35526549205275,-0.64802670881608,0.2911442453008299,-0.4625496047580437,0.20256002050314798,-0.39774852998448584,no
0.0,0.0,0.2563699183266051,-0.05324092123904983,0.524574863782676,-0.16620360300464707,0.7521011143167611,-0.1484847489948714,0.9555716522047621,-0.1067429000325125,0.41996545376362915,-0.7197519793634574,0.6517250546396881,-0.8405143540615312,0.8402961601055722,-0.9060295403152663,1.0,-0.949229207620783,0.3307154618575533,-0.8078509240525434,0.624844562456139,-0.8878704224298827,0.8116370565840539,-0.89373749146718,0.9545730215599341,-0.920566570132371,0.22256969096713503,-0.8499998632012815,0.49661434571680935,-0.6786386065135341,0.38154006173270166,-0.43533410579009696,0.2710257350309142,-0.33486137501863883,0.1186271747006274,-0.8286251774393377,0.3403635334744184,-0.660956004164153,0.2763220114153971,-0.47026543055344655,0.1947822232801323,-0.40348918811328577,no
0.0,0.0,0.24551809080384812,-0.037508656604139635,0.5169422071010782,-0.15146678062255822,0.7408628334811252,-0.13175148959484553,0.9271833087169452,-0.06874210562531549,0.41639705303323843,-0.7072046171147937,0.6610037631585514,-0.8373263804684326,0.8415906525634729,-0.887655831026976,1.0,-0.9340927128109532,0.3181605427797467,-0.7952432129036899,0.573804605470034,-0.7468518910798009,0.5935252975922028,-0.6147080659836587,0.583722311154243,-0.5793730258324626,0.21493785014620223,-0.8357736738341711,0.46519496924778847,-0.6370591991278745,0.3530616590023336,-0.41216529552682435,0.24866865722202483,-0.34068569918734054,0.10995040391004672,-0.8202183057566053,0.3235858341390866,-0.6508975592778218,0.2631532043127091,-0.46592346886803754,0.18464073485994908,-0.40270668287139033,no
0.0,0.0,0.25093231027732954,-0.044273457627045806,0.514280741636818,-0.1551758368553705,0.7359026478127558,-0.1361205235032864,0.92228563202214,-0.07863077805686684,0.4039724711701472,-0.7242383482702088,0.6588171971388238,-0.8566477869717213,0.8401802308966637,-0.9032217239682597,1.0,-0.9478999920499008,0.30686351398680284,-0.8066858185271689,0.5631570918107532,-0.7237688626845981,0.5358031641394663,-0.5478036239560123,0.4854962258515738,-0.4903609345019263,0.21153688308842014,-0.8397657514025479,0.46621089679267214,-0.6401311336626536,0.35588769303163065,-0.4143494992511866,0.2534289637153177,-0.3407799262144851,0.11444210716303935,-0.8208187312930944,0.3329705652950239,-0.6566475721041763,0.2774548079836185,-0.47043615962939644,0.20324321072274995,-0.397839291968466,no
0.0,0.0,0.2600945163054439,-0.048298941203862654,0.5224966918462292,-0.15907447712892755,0.743380317321059,-0.13968851948617325,0.931016348334105,-0.08510206103535918,0.42023750996703996,-0.7174932222051216,0.6521251214270537,-0.8162040443906361,0.84094608524579,-0.8737311301268076,1.0,-0.9151562148531379,0.32631782494108047,-0.8063130228996314,0.6162815790823739,-0.8620579323099087,0.814323210206249,-0.8791360230165668,0.9695446306343244,-0.9090719327946822,0.22275677473129235,-0.8407474194738982,0.47309859824837647,-0.6494370582594386,0.3689297117798937,-0.4225528541303061,0.2682679564052732,-0.31537012586042634,0.12336915963651537,-0.8088803080783754,0.3263800313171198,-0.6327952429880744,0.2699192812556923,-0.4515470486865108,0.20074527184809432,-0.3744537210524862,no
0.0,0.0,0.2584678671995388,-0.05379182048487785,0.5220553345008199,-0.1595111287385405,0.7336042289418333,-0.13744363642343943,0.918950259001802,-0.08684755543685851,0.4251580591527608,-0.6804736724801871,0.6620274936105893,-0.7961968944402064,0.8457156215604358,-0.8576011209807451,1.0,-0.9014055744940558,0.3341737191238181,-0.7720520806459603,0.6087645632706276,-0.8330764385494124,0.7759826364215224,-0.8390836095410491,0.9037526884660481,-0.8644524781308163,0.23112176469715792,-0.817591418944054,0.46970519873183403,-0.6403911244525327,0.3635379179021646,-0.4157143129558613,0.2642207834858744,-0.31504660175974525,0.1278210038803102,-0.8021613869634532,0.3159184330726449,-0.6374024209285523,0.25968516204853015,-0.4557338017808121,0.19417542828044818,-0.3800968609532473,no
0.0,0.0,0.24282744477092197,-0.05282869582979712,0.5038366136998704,-0.16451344649615007,0.7249410818894609,-0.13836353145478258,0.9240587373136365,-0.08637576995314596,0.40988030210784526,-0.7206560560697141,0.652632265663645,-0.8135765147806937,0.8403350530586202,-0.8678398509390202,1.0,-0.909089589141525,0.3113021335028992,-0.811500731640711,0.6054959871640166,-0.8605904719435628,0.7920226996577588,-0.8567372503874007,0.9432892426240731,-0.8821407069298121,0.20243236475387255,-0.8416593058393421,0.48490624318157993,-0.6431975115663277,0.36813680338744575,-0.4088050677232578,0.260896494071592,-0.3148067889734177,0.10217889107652921,-0.8004637669283282,0.3348321840763078,-0.6253923978979824,0.27147788639072695,-0.452188368493922,0.18959459128861253,-0.40032730405166056,no
0.0,0.0,0.24168027862578353,-0.04385330858604645,0.5006450974590904,-0.1507686277718214,0.7180200140987234,-0.13622791604314857,0.9100446269308449,-0.08873043944826615,0.39466417544824334,-0.7021671317089042,0.6430916730960777,-0.7991691076231093,0.8334596383610853,-0.8574108198664522,1.0,-0.9024561460254823,0.30472982679118954,-0.7885643370793571,0.5923351272262332,-0.8053929995367018,0.7468346843817159,-0.7913871260199457,0.8680878915558922,-0.8146071146230018,0.20821369554938882,-0.8189400461776002,0.47598184480178546,-0.6221288121016897,0.35809844181517736,-0.39474161378059835,0.2492523015071935,-0.3020475494192601,0.11764128928164055,-0.7844992051630628,0.3319943985638709,-0.6094683106932444,0.2703126739151736,-0.44278096843579323,0.18949844885502573,-0.38824916116401037,no
0.0,0.0,0.2463919256079303,-0.046962733840352267,0.5064375910329153,-0.15443819111729504,0.7241656202232268,-0.1393362591598129,0.9221013069653855,-0.08967486999129763,0.4002209314489815,-0.7103859048379599,0.6485931163500768,-0.8102201535618226,0.8364275742987616,-0.8687149687331513,1.0,-0.9153835041172456,0.30882388443125913,-0.7978740688824827,0.6059300292416596,-0.8383353138161573,0.7909154275716164,-0.8412927220034389,0.9401185913881377,-0.8716304169973326,0.2098199248706619,-0.8272180417706244,0.4824915993934779,-0.6376360200840502,0.3649366596759008,-0.40583963338906276,0.25503662775570357,-0.30876755467148065,0.11912355108936774,-0.792359596157774,0.3366627606257278,-0.6161825245158994,0.2725386098351761,-0.4438507253701957,0.18840120430727234,-0.38809116071110383,no
0.0,0.0,0.2451120445030577,-0.05302571027820508,0.5083059329916372,-0.16873263147305684,0.7296595092363507,-0.15507120024356424,0.9287023993287504,-0.1064233208947404,0.39088983252672366,-0.7244461409433695,0.6484707313290597,-0.827116831195732,0.8356853997490434,-0.8832760685561694,1.0,-0.9293282664452539,0.30006832144535106,-0.810528018460889,0.6013931401915668,-0.8204390100592183,0.7493258353754193,-0.7929924030972897,0.8658605777639415,-0.8184309006504065,0.20434913820860637,-0.837676076329496,0.48897064006867963,-0.6407076928118447,0.3690372582409647,-0.4084231616177512,0.2581256032425442,-0.3277880427182409,0.11857505013605227,-0.7982553072959911,0.34422939087220916,-0.6158531473780836,0.276752723236417,-0.4469750518126522,0.18920382081872184,-0.40590559447087843,no
0.0,0.0,0.24877951929806508,-0.05949163198683719,0.5099621982367083,-0.17436056145459608,0.7288709030476488,-0.16316425414154342,0.9309495696589731,-0.1164161564235167,0.4012882017680353,-0.7345693806673714,0.6536958334281741,-0.8361577700957314,0.839226688737301,-0.8968208684554873,1.0,-0.9479614151550967,0.3091626860655658,-0.8221314471535633,0.6150750287439153,-0.8582921628909216,0.795188198765011,-0.8504130497279776,0.9380265693049223,-0.8812886340505078,0.20911358566260582,-0.8493831271734866,0.48980932326178933,-0.658295529338495,0.36987781134236525,-0.4237961554786161,0.25646037547749523,-0.33973806360022824,0.11866507729535776,-0.8097109770865424,0.3401351513935467,-0.626560544507593,0.27201948408043286,-0.453989364703524,0.1834817216242421,-0.4119915922971854,no
0.0,0.0,0.24341512125696488,-0.0601656191770527,0.4973085043599738,-0.17542866989233452,0.7191658986879595,-0.16525303852513362,0.9223667420899452,-0.12453635821634673,0.38356492853410024,-0.7376877899029186,0.6528916167677102,-0.831952984793361,0.8370089049041991,-0.8827715025702358,1.0,-0.929642141110166,0.29665902368217967,-0.8163541624005551,0.5970364294623747,-0.7989371979946932,0.7020121199401873,-0.7395349021551404,0.7814088821809626,-0.7588707910347395,0.2060560633578187,-0.8377857225224831,0.49224578992594376,-0.6485399471288417,0.37560556764588593,-0.4198923816952629,0.27191390988575914,-0.3553174354978097,0.12760352330952993,-0.7985822889735118,0.3549347829902609,-0.6238028544084117,0.28828539781045387,-0.46451258940904677,0.20223293544392693,-0.43806813988983007,no
0.0,0.0,0.24844254414420047,-0.06548721521120006,0.5001779451763108,-0.1813372003172971,0.7213236333513806,-0.17313919682544676,0.9258881649176494,-0.13418959227434465,0.38148177900725333,-0.7594799951292276,0.6521089399298711,-0.8435413152535886,0.8358979130548285,-0.8861129211176897,1.0,-0.9308929495192279,0.2970441323814169,-0.8359605399626066,0.5975056220598903,-0.7839582635451406,0.6492925184200804,-0.6729685973616273,0.6773015317976587,-0.6733594269364829,0.21156584315265173,-0.855629438564369,0.5010534034239873,-0.6556780144426125,0.37808674137507403,-0.42724886398085443,0.2686924132633808,-0.3801846956977386,0.13526498574790513,-0.8169819499834203,0.36837344924239807,-0.6290807905003739,0.29363289651143637,-0.4615851727358419,0.19718783523642222,-0.43910051185489696,no
0.0,0.0,0.2546406498882531,-0.07674720129841496,0.5018257026440971,-0.1986844110523087,0.7169190030116358,-0.1892282770395458,0.9160099423433822,-0.15152326262345733,0.3942017888791501,-0.7613990374833772,0.6561960170285451,-0.8435320615818785,0.8412199561676645,-0.8833221289858918,1.0,-0.91484199549299,0.3195482468999801,-0.8349711794271162,0.6272785503921006,-0.8178844206449836,0.7668649281748466,-0.772922625020017,0.8698954785236255,-0.8034643674675261,0.23522592683419294,-0.8560454739206886,0.5297506368685176,-0.6615253668231149,0.4096388396576653,-0.42502705675846497,0.29026999125055214,-0.3591652206740711,0.15988126743990846,-0.8202058092929811,0.3871146200875254,-0.6327889232454494,0.31554862364455116,-0.4641574343617351,0.21900057478689178,-0.43221904873156214,no
0.0,0.0,0.2526870824571927,-0.0689495361448178,0.4959651602441948,-0.18538344172642793,0.7070794109302113,-0.18070751632700452,0.908249374004728,-0.14726433675216516,0.3803327696678573,-0.7583222306106221,0.650484247839015,-0.8332186853890308,0.8365902777960028,-0.8720660162206186,1.0,-0.9084751706767203,0.30088723609224205,-0.831335523648532,0.6102438399936547,-0.7832398605095617,0.7033984294543837,-0.6993593614785045,0.7645396581284809,-0.7181509322933661,0.2166674102501969,-0.8510258099301352,0.5181856717382951,-0.6510220579923225,0.40006767096127466,-0.4117598172709085,0.2866144175306087,-0.3538773312680179,0.1421973738962523,-0.8121589418057921,0.3825043251775342,-0.6269579453455413,0.3108331761115869,-0.4542167844396058,0.2115477647441679,-0.42340209974380877,no
0.0,0.0,0.25854173857018936,-0.06891340262999923,0.5030181482824939,-0.1775157501208779,0.7111857952366307,-0.1677885282570346,0.9049117821262274,-0.134535806854507,0.4109512781063622,-0.7439956975864812,0.6664769680102477,-0.8286520224103034,0.8440922999275733,-0.8626696039963895,1.0,-0.8898747308991917,0.33883016184641446,-0.8193429241134721,0.6369699618909663,-0.7639443509726422,0.7258197201551556,-0.6846906385512729,0.782363184009963,-0.7094595108014256,0.25452567270702914,-0.8444848281734099,0.5259023650476693,-0.6542931952039167,0.4027160834999362,-0.43108759718723416,0.28964035374333574,-0.38758714906915015,0.17443151391925557,-0.8201728723989254,0.3878853945498763,-0.6476587079881798,0.31694526240603216,-0.48212266797629394,0.22405214326821057,-0.4535782858893394,no
0.0,0.0,0.2656743568331137,-0.06318338682576893,0.5122503043535129,-0.16624181263897134,0.7177995995613284,-0.16066867221378192,0.912599329919208,-0.12918533871276072,0.41174844804861604,-0.7429434254610578,0.6664261351631435,-0.8173282289140867,0.842551941322655,-0.8534552424263766,1.0,-0.8866050245998128,0.33919469569679345,-0.8174059019428318,0.6360179493113058,-0.7574157619905223,0.703915646285881,-0.6535879506192713,0.744369208479641,-0.6658639112193256,0.2570150214808182,-0.8413449909951606,0.533519433349096,-0.6493391755792778,0.40941483635339215,-0.4230839814470123,0.2968927770120031,-0.3808362930245193,0.17690303951061967,-0.8146537412844221,0.3948452073125333,-0.6390131903291042,0.32135112837178414,-0.4750434143936574,0.2257367367266654,-0.45362517732993934,no
0.0,0.0,0.26336546035342984,-0.06852388863573373,0.5051195760719647,-0.1744025301620414,0.7113012353655535,-0.15512568653203024,0.9009307583296728,-0.11556653648913069,0.414281297792245,-0.7289580965595847,0.6652112087626839,-0.808894914086721,0.8478629126442103,-0.852300232955369,1.0,-0.8823681174825158,0.35386826858614057,-0.8045408560307188,0.656988982119457,-0.8201745812650663,0.8425694963517764,-0.8104890020666091,0.9809185226728594,-0.8418285570166976,0.27371903230943917,-0.8359888308579391,0.5512212867586804,-0.6589116981152731,0.4312211141289731,-0.4344887629113074,0.30891380861870654,-0.3569828663962907,0.19740733337312238,-0.8146143257604681,0.41121164686319717,-0.6358525797036095,0.3464388754521925,-0.47321739564297355,0.25870382668482644,-0.4288357715700556,no
0.0,0.0,0.24651275548457938,-0.057411476305463296,0.48676144348242223,-0.15451450534620978,0.6932410175888836,-0.13990255124403372,0.8858325624533623,-0.10707530678535854,0.40363828724989576,-0.7161483162205511,0.6550639379389694,-0.7889572508131151,0.8402134217497544,-0.8288435245189221,1.0,-0.8566191626661999,0.33757880393405715,-0.7917567982366035,0.6326099724248625,-0.7980100420536348,0.7799663541498423,-0.7681314594583688,0.891963803546822,-0.7990232636390586,0.25511000683992874,-0.8239839069895791,0.5268601973838034,-0.6475776364489074,0.40261886569833005,-0.42699145802291905,0.2879246411979764,-0.3613273013617543,0.1782959992038823,-0.7996171993786163,0.3953185631925244,-0.6328582863230533,0.3252966710069932,-0.4654684478994252,0.23523795942931308,-0.42174145279498154,no
0.0,0.0,0.25763113849420904,-0.060490269220559674,0.5036119423837266,-0.16168255165765538,0.7161718429104321,-0.1431329058217025,0.9110567919862526,-0.10719421043072495,0.40945979853863673,-0.7131524372354248,0.6542511700685975,-0.8261071573270743,0.839248250136217,-0.8786559928468642,1.0,-0.9115342637998239,0.3425775318887352,-0.7829279237743968,0.6383947916230074,-0.8096822163544155,0.8169988683515654,-0.7993251463458932,0.9530150746748257,-0.82711396118865,0.2544122273914805,-0.8162909314444584,0.5155982508347654,-0.6556610084244939,0.39234916244044876,-0.4399035444346648,0.2724829484331559,-0.36797652877320924,0.164965393911452,-0.8039674197018596,0.3763078083741984,-0.6549247942774914,0.3177596155189516,-0.4922243737513447,0.23634262402727133,-0.44340232197493606,no
0.0,0.0,0.2616384723249079,-0.05865527921155156,0.508571234449194,-0.15833537429472064,0.7273754552568088,-0.13906831623784288,0.931596997388105,-0.10865244443669121,0.417203686263186,-0.7243524605271947,0.652474620731225,-0.8317820496546969,0.838297326336757,-0.8882577657337465,1.0,-0.9211216435175356,0.34961829240048503,-0.7992563937945286,0.6524547658303813,-0.8341033515302161,0.8404076842368384,-0.8209530949199687,0.9830716885870128,-0.8401230590686743,0.25846650845485947,-0.8378380239484534,0.5305732190211327,-0.6631399159942588,0.4056069321836925,-0.43534888503828784,0.28335204437765443,-0.3590085128174288,0.16714371987190949,-0.8244347034286086,0.39139116748423713,-0.6529843063650221,0.32237645029721523,-0.48350241369028696,0.22922884712805172,-0.4402504058777852,no
0.0,0.0,0.25665716311911907,-0.0471910774637363,0.5063581564200695,-0.13381994343354833,0.7165889891276198,-0.12088363963438802,0.9137728263825782,-0.08625130764668153,0.4141802041553229,-0.6828921988606882,0.6515489405625271,-0.793848746469238,0.8349241680953703,-0.8459492424235392,1.0,-0.8795331364862895,0.3443572086953051,-0.7478817748165117,0.6317767890045363,-0.7699793793284614,0.7750534429513318,-0.7491492754685947,0.8885033374577771,-0.7889565002687231,0.2545659726895612,-0.78644296432712,0.5076740411596586,-0.6432875606715572,0.38126811792629284,-0.4212655142358285,0.2687465713434393,-0.3551074103536842,0.16098035675664638,-0.7888905958042062,0.36919263318039164,-0.6644323351436949,0.3088096400595182,-0.5078169888714278,0.22667538895236963,-0.4679859781290001,no
0.0,0.0,0.25255785212380183,-0.03605136812895839,0.5097097985914079,-0.130437317791238,0.7238660746666647,-0.11986551288687165,0.9220232405857883,-0.08642452903947748,0.4334844702968513,-0.679219308079344,0.6574444742575665,-0.8088100050442845,0.8381710212383173,-0.8740500958629563,1.0,-0.9087525698851309,0.3596018068428179,-0.7486200655242135,0.6381375443350459,-0.7984640135861629,0.8056007242313752,-0.7981686361885564,0.9413857258842674,-0.8334241496106275,0.2593876911556919,-0.793900929678508,0.5023295542507226,-0.651271840955495,0.37059506632342065,-0.43347632856071944,0.2530225297403852,-0.35625267973870295,0.15123382623164414,-0.8000566808512473,0.35343707581405087,-0.6790431831697862,0.28873805125390517,-0.5137939568442487,0.2047633466702155,-0.460050955295044,no
0.0,0.0,0.27718134436377573,-0.04858273273905837,0.5451103642365678,-0.15461473288052763,0.7623104272736114,-0.14771602539997578,0.9462819846682675,-0.08970712219772516,0.4511512322129695,-0.682536840523041,0.67392424840548,-0.8301489744257882,0.8442254271253807,-0.8755251136565179,1.0,-0.9050205468515545,0.37381304939618104,-0.744882661120239,0.6305380409314295,-0.7826514462372555,0.6925521628935459,-0.7185672959448769,0.7298414087843057,-0.7231382617691252,0.2795642174278702,-0.7919011701901357,0.5312026864598823,-0.678102923056839,0.412013783892163,-0.4541545936685219,0.30402929974270276,-0.37615639428110464,0.18023835492040013,-0.8051203555039609,0.38936608763085256,-0.6965681738865406,0.33319199408741657,-0.520609394495909,0.25581714368337094,-0.45140686510852823,no
0.0,0.0,0.2849941308821044,-0.05052614841094003,0.5451321562957302,-0.135602772574959,0.7609100255134298,-0.1261662290378326,0.9542472410494014,-0.08533064483047503,0.4486622400534768,-0.7063260308735195,0.6770452857387131,-0.8465166817006867,0.8474034985778649,-0.8974533229977089,1.0,-0.926286219266072,0.36923003403905125,-0.7830733991447031,0.6605419774789957,-0.8497868101249085,0.8450285040226753,-0.846990609270401,0.9931840137267016,-0.8681192927286514,0.2699042883396761,-0.8311206610852603,0.5264111714962311,-0.6744419263224475,0.4104535565783106,-0.44676371045534685,0.30450269252038825,-0.3499040233236645,0.17089007741991688,-0.8346315593753573,0.38567737881120867,-0.6772035905158663,0.3233150232643178,-0.5080320291585276,0.2480582290925274,-0.44732503692251,no
0.0,0.0,0.2661508245681923,-0.026021122360671257,0.5335704750795247,-0.10802323327548394,0.7483122731465858,-0.10216642155522612,0.9352470064099113,-0.0639166676388663,0.4444463810348824,-0.6777595347834992,0.6737305520833582,-0.8125302992458588,0.8424640214684169,-0.864782117411449,1.0,-0.8962220697001075,0.35492647289298923,-0.7541183430738366,0.6174396309708227,-0.7688899677571748,0.683437274358907,-0.6843882964405827,0.7323638886542335,-0.6624847089395935,0.25214145125182535,-0.7990551906253905,0.5013400190682317,-0.6547576193862323,0.3827224335370361,-0.4300804095776329,0.2825253838982094,-0.3352576326690563,0.14484926524899813,-0.8031586695867327,0.35896276466026683,-0.6718303351867909,0.30701638116560226,-0.5083993128914656,0.2351263646344602,-0.44112665896497144,no
0.0,0.0,0.2616482501909128,-0.019110552677012102,0.5257315040159143,-0.10775976096533275,0.7406181477154637,-0.11275768587282445,0.9233839012510088,-0.08096986697279338,0.4378162517362036,-0.6465324397562884,0.6655199288115495,-0.7976675589017186,0.8373096065147768,-0.8452603445181796,1.0,-0.8826684019303571,0.34652331705857387,-0.7188463085267814,0.5467021447762134,-0.6982809782330148,0.4662211059250851,-0.5247769757386208,0.394861622666663,-0.47511009697042206,0.2468285062746029,-0.763059698562654,0.4591148242124678,-0.6444599170219975,0.3424393751052001,-0.431187234162233,0.24726351190740475,-0.3652653926964453,0.1378746569887074,-0.7842501977655244,0.3324318185419759,-0.6882791322786885,0.28173046297191223,-0.533281214509458,0.21355735671332757,-0.47855502178811443,no
0.0,0.0,0.26217893821193045,-0.015527514475558916,0.532858485975049,-0.1031988765858805,0.7517160748360687,-0.1051870594084614,0.9391573866734326,-0.07726519095022306,0.43674613635957454,-0.6748402583289947,0.6628975376827445,-0.823519329701711,0.8370903035216267,-0.869672799485053,1.0,-0.9030697882640961,0.34405582850179905,-0.7513413495442796,0.5623189548006294,-0.692930934818015,0.45751584964931397,-0.48836549749836444,0.3558609936167788,-0.4269076198146765,0.2448555842711476,-0.7905435040242683,0.46554724688244087,-0.6514618241650643,0.3483222473438891,-0.43363011537378626,0.24815574508953123,-0.3701055354162278,0.13449297968719373,-0.8013928120130073,0.3297816954166028,-0.7005524487960888,0.2837792583837826,-0.5359289481001076,0.21596599287406681,-0.47603970154404984,no
0.0,0.0,0.2739528802198915,-0.025532618336247082,0.5466575553541212,-0.11239000240338573,0.7645564960344136,-0.11791229960094037,0.9519103256526656,-0.09213019274665508,0.4611522282557642,-0.6775867201348824,0.6730399596426397,-0.8157502894432807,0.8440071515975195,-0.8858824878580221,1.0,-0.928013260101235,0.38379675774725897,-0.7478868200522889,0.6525724462196695,-0.8279791918036007,0.8320007454155722,-0.8501975473265688,0.9858718739210689,-0.8866466608188347,0.27867394717675376,-0.7941876800251807,0.5189876622132864,-0.6832962862200599,0.40221758082756986,-0.46971825487356605,0.3033225282641821,-0.3707893475112758,0.17012676944698948,-0.7983217779686389,0.3758669573502733,-0.6950027266838035,0.3204498540278671,-0.5433130977201995,0.24969454431440677,-0.4789718999069146,no
