0,1,2,3,4,5,6,7,8,9,10,11,12,13,14,15,16,17,18,19,20,21,22,23,24,25,26,27,28,29,30,31,32,33,34,35,36,37,38,39,40,41,42,43,44,45,46,47,48,49,50,51,52,53,54,55,56,57,58,59,60,61,62,63,64,65,66,67,68,69,70,71,72,73,74,75,76,77,78,79,80,81,82,83,84
0.0,0.0,-0.1367386645391642,-0.17767813331567198,-0.3735882478405881,-0.280615841354714,-0.5943796293850705,-0.1864682826359246,-0.7348176211250271,-0.07758526523148734,-0.39920322183367546,-0.5945176639821149,-0.6791562316714278,-0.5144084892338987,-0.8599369580068229,-0.49597078338482864,-1.0,-0.5100179272432912,-0.389769618930277,-0.514369733366267,-0.676688066895813,-0.18890140785998194,-0.5980786911347147,-0.08456928493964239,-0.5148162221974762,-0.10683293818717836,-0.37928801489393305,-0.35361543800169437,-0.6013601982282994,-0.0017564902473911792,-0.4955728721137331,0.05345177409629479,-0.4204374555286373,-0.026735974191777572,-0.3706597907740595,-0.16055334884541358,-0.5150171687166353,0.12608610996340358,-0.4180035339511355,0.1654195992935283,-0.3484943544513437,0.0853221043958312,0.0,0.0,-0.18920993520826415,-0.16646666282544584,-0.4102765712960962,-0.2747166429873137,-0.6008684404126468,-0.26135349604488206,-0.7307077419202203,-0.22562787829789846,-0.4236594148718864,-0.6272775505810111,-0.6985829857085077,-0.5879936341386577,-0.8656869591420508,-0.5763248504612352,-1.0,-0.5774505017377751,-0.408958934443831,-0.5739209555991472,-0.6569986383287203,-0.2771794013513928,-0.5784606899911784,-0.19000527167939948,-0.5019132336132783,-0.21904467479443337,-0.39336372878550896,-0.4482731882295183,-0.5893382123629881,-0.12584111133386167,-0.5013780285413273,-0.062233890276394706,-0.43804112679685087,-0.11927669887141687,-0.38409861357208974,-0.28216468717388066,-0.5060893726814714,-0.030411375507598655,-0.4317128475366247,0.020548569350883863,-0.37876603308785367,-0.03287096429849365,pain
0.0,0.0,-0.16168019935444744,-0.16914965889252728,-0.3929672324631499,-0.25585716118925683,-0.604520418698099,-0.18791144219110004,-0.7200403919424433,-0.10536047443732548,-0.39067470284021677,-0.6049915891042554,-0.6672868816518412,-0.5716191294151064,-0.8553272947879068,-0.5817734590459742,-1.0,-0.6098666391321884,-0.3428014117536986,-0.5194758403691205,-0.6691767324526177,-0.2219577039915215,-0.5954919356329017,-0.09453337653041537,-0.5046095482178813,-0.11168185995228593,-0.3026423406960063,-0.3474686609003645,-0.5807685712022354,-0.020545924447062918,-0.49317894899535125,0.05181582173682509,-0.40952978976831367,-0.01772717269196608,-0.2713091209983954,-0.13594726509874355,-0.49419339981496935,0.11876931737281274,-0.4167852454137454,0.168103417639581,-0.3352358055392116,0.09914531549226646,0.0,0.0,-0.20066671376713746,-0.14562321075986046,-0.4195106877351034,-0.26589184191233195,-0.6065202458292424,-0.2894583643943331,-0.7348490000724115,-0.3118139205661565,-0.4239704860526482,-0.6615071842524198,-0.696545532619387,-0.6515401523810278,-0.8624551802704491,-0.6525646976689009,-1.0,-0.6672904177613674,-0.37839307719921234,-0.6031413372880121,-0.6484392246558199,-0.2981924203897498,-0.5671693431399155,-0.19948964218828788,-0.4828771080487001,-0.23079186676113173,-0.3444169104776318,-0.4647828239109282,-0.5744972079765308,-0.14428348848976744,-0.4838556533440564,-0.08264459899561548,-0.4117705837311012,-0.143770445511028,-0.32397398557361,-0.29213318692570167,-0.4903878723770925,-0.05472128296400181,-0.4201773574831093,0.005115903473967856,-0.3606339987485361,-0.039716481577223094,pain
0.0,0.0,-0.19022062664838907,-0.18591839922741676,-0.41600634812421683,-0.31816839461653823,-0.6157420503454604,-0.3107987663733407,-0.7380125491447431,-0.25636906760481193,-0.424952119081993,-0.6874359893400933,-0.7007015423888617,-0.6490443704284251,-0.865962428117515,-0.641235875434728,-1.0,-0.6528468452813603,-0.3894381327875238,-0.6132719527259403,-0.6515635766817985,-0.32352279118364474,-0.5667189677320722,-0.24087273819742872,-0.48483843148356737,-0.2846385304563525,-0.35881567752026733,-0.46673534468372374,-0.5809384726592681,-0.15730806468207048,-0.48952463953485015,-0.10123755979420594,-0.4203476846834615,-0.17187866300966595,-0.3390160096368472,-0.2874650545405821,-0.5024217667242119,-0.059755430114969754,-0.4301438571876485,-0.008901328755193904,-0.37163547527713603,-0.06340546821304792,0.0,0.0,0.0,0.0,0.0,0.0,0.0,0.0,0.0,0.0,0.0,0.0,0.0,0.0,0.0,0.0,0.0,0.0,0.0,0.0,0.0,0.0,0.0,0.0,0.0,0.0,0.0,0.0,0.0,0.0,0.0,0.0,0.0,0.0,0.0,0.0,0.0,0.0,0.0,0.0,0.0,0.0,pain
0.0,0.0,-0.1759839467401934,-0.18733845345292335,-0.4356923829394791,-0.281901361777294,-0.6534487326426711,-0.17904689080034664,-0.7669375410279793,-0.03023362016680717,-0.4188827874943705,-0.603634486953282,-0.7023441812243337,-0.5179595987603558,-0.8687526604500757,-0.5117378411511457,-1.0,-0.547519549195256,-0.3823278087822767,-0.5072698637131975,-0.6962380984774834,-0.1649552240690972,-0.6063521286327432,-0.058214594378775755,-0.5210331630932319,-0.0992240599121158,-0.3486492017716911,-0.32726370395501825,-0.6143684252977193,0.03459941335909754,-0.5074283067008467,0.08700730186804856,-0.42668753980808305,0.0018361590434636096,-0.32027068491860994,-0.11450548422272376,-0.5240473113057396,0.1762669626565378,-0.4336090872794105,0.21530507594499618,-0.3552776871227471,0.14057538341337286,0.0,0.0,-0.2011657473342898,-0.16252083785925586,-0.4191842896084074,-0.2909112029357577,-0.607363631743578,-0.2907349502488257,-0.722281947335295,-0.24983784864495973,-0.4348189528602248,-0.6561454162852791,-0.7091125878261666,-0.6261922885540188,-0.8696428202440396,-0.6100623753567916,-1.0,-0.6091210207018721,-0.3926027484473177,-0.5893827302524111,-0.6357566216224517,-0.29327196135844136,-0.5467038904597369,-0.21422251957572025,-0.46649975902080354,-0.26026669109035966,-0.3569485499642301,-0.45343025369552625,-0.5647127153803925,-0.13169716929025901,-0.4724282381823858,-0.0789906908870771,-0.4069580718536857,-0.14978663707527765,-0.33105146790676476,-0.28412849021926034,-0.4868782778615791,-0.04661872399979672,-0.41658316630468595,0.001757388958294124,-0.36286094523042695,-0.05549703425255401,pain
0.0,0.0,-0.2009819600891599,-0.16407746847030893,-0.4217842081052884,-0.29176799680050813,-0.6082433324582353,-0.2856010581254672,-0.7383532717670778,-0.24261971591314963,-0.4369358404512776,-0.6746623630649785,-0.6984030750065178,-0.6431005951728258,-0.8630206169759616,-0.6344016354171738,-1.0,-0.634409142757305,-0.40272375399765864,-0.6051819301507975,-0.6455707375711435,-0.307487002064291,-0.5563173357223358,-0.2321057998069931,-0.4738244074092442,-0.2752673181824593,-0.3711990678158509,-0.4643367219495061,-0.5747687852987171,-0.14816236238249306,-0.4841424501865233,-0.09563009105721093,-0.42087832239612455,-0.16318273002376416,-0.34716192968670734,-0.2888258019545474,-0.49753440750479216,-0.051848648383032686,-0.4254127558353645,-0.005869147516503636,-0.3722125587335618,-0.06318427699082148,0.0,0.0,0.0,0.0,0.0,0.0,0.0,0.0,0.0,0.0,0.0,0.0,0.0,0.0,0.0,0.0,0.0,0.0,0.0,0.0,0.0,0.0,0.0,0.0,0.0,0.0,0.0,0.0,0.0,0.0,0.0,0.0,0.0,0.0,0.0,0.0,0.0,0.0,0.0,0.0,0.0,0.0,pain
0.0,0.0,-0.16984736678300164,-0.20569906702367008,-0.4204909113803156,-0.29639133926174416,-0.6445534210319996,-0.1933698572857445,-0.7539990639351312,-0.035946435232151214,-0.3985720853101962,-0.6061020025611115,-0.6793196780316979,-0.5369802048414035,-0.8607630235370423,-0.5213997139537812,-1.0,-0.5404162043757469,-0.36643316520594615,-0.5093945038262245,-0.6882924775071214,-0.16041752294428038,-0.6119325106732777,-0.042990382765002576,-0.5272640772039695,-0.07160896246474908,-0.3386603700069611,-0.32595905072568787,-0.6055056769720915,0.040295632568405196,-0.5089686418268945,0.09406768889385167,-0.4262168843294663,0.0185223241968017,-0.3176666207345496,-0.10822210633601878,-0.5181570450760374,0.18040452732287823,-0.436496967292373,0.2206811534980079,-0.3595371111707701,0.1526602417138065,0.0,0.0,-0.18957408178624202,-0.1810646068670738,-0.4150785238020609,-0.31121959417774964,-0.6119272934017598,-0.3071448430276313,-0.742030889123109,-0.26277098356788653,-0.4304985470301333,-0.668888388348184,-0.7025098309563952,-0.6456961974622277,-0.8676113305027834,-0.6324047583055868,-1.0,-0.6288140603684499,-0.3964650457327272,-0.6021325657621361,-0.6554531916376162,-0.30356664574735753,-0.5681539284587408,-0.22141811618341983,-0.4843657294029107,-0.26486715852893195,-0.3654673521039184,-0.46306437861433924,-0.5827792340014163,-0.14742256132440293,-0.4889724529506527,-0.09503207691700466,-0.4206552057249305,-0.16749560682934034,-0.34249068180202985,-0.29169935549854126,-0.4990903457195552,-0.054881124540571924,-0.42538739882859583,-0.007452474933289319,-0.3673403671905908,-0.06468881582435003,pain
0.0,0.0,-0.19391896614889173,-0.19179617649989564,-0.41089984567388654,-0.3254496303460762,-0.5937619134256779,-0.3361622322902977,-0.7230428766823802,-0.3189310499876807,-0.43777603825582245,-0.6922557341843,-0.7073465278111719,-0.6647120179539817,-0.8712115616186544,-0.6578074983751885,-1.0,-0.6662168586778322,-0.3991412170693704,-0.6290355683766806,-0.6422070765934431,-0.33853116044016407,-0.5607245742398832,-0.25022296231775715,-0.47872203303957006,-0.2784522969704391,-0.3654323882573345,-0.48891112590641184,-0.5707458566685687,-0.18199004837005747,-0.4837930314794535,-0.11679581708315218,-0.41668372863391395,-0.16972203948428408,-0.34304816134787725,-0.3144713078853059,-0.5029551492521405,-0.09588395945382536,-0.4345207140544836,-0.03783741176318948,-0.3771156632825308,-0.07624047111850986,0.0,0.0,0.0,0.0,0.0,0.0,0.0,0.0,0.0,0.0,0.0,0.0,0.0,0.0,0.0,0.0,0.0,0.0,0.0,0.0,0.0,0.0,0.0,0.0,0.0,0.0,0.0,0.0,0.0,0.0,0.0,0.0,0.0,0.0,0.0,0.0,0.0,0.0,0.0,0.0,0.0,0.0,pain
0.0,0.0,-0.1423852058207513,-0.17444805032942493,-0.3745323211227777,-0.2689634812547038,-0.5820441944150628,-0.1930873322918112,-0.6982991475015181,-0.07660263167536704,-0.3685606872844803,-0.5791929224546526,-0.6608800321466348,-0.5209607831477634,-0.8517783059468271,-0.5017148475767792,-1.0,-0.5130400493491688,-0.3359881936798707,-0.49096596673255766,-0.6390756400946379,-0.17461683217498533,-0.5649386649175822,-0.05688008260099431,-0.4768678774511659,-0.08329564272547242,-0.3106174592505966,-0.31830784487206515,-0.5498098651487112,0.01186518354875543,-0.4615378608913243,0.06585254953687103,-0.38148120785334116,-0.013873747575637993,-0.28906774158478343,-0.11950085021602275,-0.46360709027906666,0.1298794321001447,-0.3814649903806361,0.17400567371285824,-0.30831187521435593,0.10798133909474067,0.0,0.0,-0.18668361384288815,-0.187204848826948,-0.40514045021982303,-0.3159926222144487,-0.5933090123466606,-0.3118257236669502,-0.721289095108242,-0.27931487164402186,-0.42987675202531345,-0.6776785217398218,-0.7024260035139884,-0.6460973462232575,-0.8669486834468887,-0.6477932232495647,-1.0,-0.6613160164728142,-0.40026002122703386,-0.6141705854527242,-0.6538974861467766,-0.3186999137403306,-0.5658370964279752,-0.23632987963397278,-0.4812134290802414,-0.2700305287677985,-0.3722238895558223,-0.4761730023135082,-0.5798935468227026,-0.16590203962379654,-0.48253241694028604,-0.11288066551123761,-0.4125232046460969,-0.18190454989942997,-0.3509071675027627,-0.30470880405142187,-0.4957550901155164,-0.07807841679718244,-0.41857926945612683,-0.029031148883394416,-0.35918282876064334,-0.07981354793573059,pain
0.0,0.0,-0.193417350411963,-0.17539203260772973,-0.4034955584619194,-0.3010038052765785,-0.5820723558270362,-0.3151905544937681,-0.7042432713649545,-0.2939702282372061,-0.42890299502591783,-0.6779059633926195,-0.6993234807768102,-0.6472637426210184,-0.865943069128807,-0.6511975775710201,-1.0,-0.6663544046991926,-0.391040505874631,-0.6187048333081936,-0.6534796167116663,-0.3243338205063919,-0.5662550664674951,-0.23329246952692825,-0.4796395038876103,-0.2591117026275846,-0.36035270066053904,-0.483166664148425,-0.5753699062266556,-0.17188382318255724,-0.4813968097548658,-0.11452194852492073,-0.4100597181805866,-0.17710708323335062,-0.3398868225364362,-0.3126163139549088,-0.49265155738735583,-0.08518477448889725,-0.41687920199567663,-0.03154622685020978,-0.35645907221318357,-0.07927032112190996,0.0,0.0,0.0,0.0,0.0,0.0,0.0,0.0,0.0,0.0,0.0,0.0,0.0,0.0,0.0,0.0,0.0,0.0,0.0,0.0,0.0,0.0,0.0,0.0,0.0,0.0,0.0,0.0,0.0,0.0,0.0,0.0,0.0,0.0,0.0,0.0,0.0,0.0,0.0,0.0,0.0,0.0,pain
0.0,0.0,-0.15295292539285194,-0.18382378690779377,-0.3891142008740374,-0.2856295834737131,-0.5929389296845471,-0.20664621047178458,-0.6937022935331133,-0.08798035529053472,-0.37736487016837117,-0.5838694933408686,-0.6635384628389189,-0.5265782606438025,-0.8492385078811898,-0.5172304799718879,-1.0,-0.5364797110532283,-0.3394877015279353,-0.4942791485682475,-0.6378263300451268,-0.1839502796122742,-0.5614214157280848,-0.07101252126828408,-0.4777904169851626,-0.09707575433728087,-0.3102395089547174,-0.32270160642715773,-0.5475947668851157,0.005632698998081175,-0.45550354964491474,0.04535623847527687,-0.37493886689103273,-0.039338023525831683,-0.2846583972438477,-0.12450323688491036,-0.4654759446499322,0.1138277356537952,-0.3816324140121312,0.14951437669587772,-0.30640185917105317,0.08168409790474948,0.0,0.0,-0.17049229038659494,-0.20591538410369936,-0.3896988083248761,-0.34018842241843195,-0.5844415748923335,-0.329337788300044,-0.7104067163049141,-0.2771500740380681,-0.4232769681171709,-0.6670173801161781,-0.6979717891795454,-0.6364866743124787,-0.8658325639637918,-0.6419893812767677,-1.0,-0.6574502795742675,-0.3917733236738308,-0.5999446623354203,-0.6438472566572789,-0.31115866664699565,-0.5573276722229512,-0.23122084775335036,-0.4717222722193794,-0.2642290658365499,-0.36412830366245785,-0.4576844163908195,-0.5709436365956414,-0.15772761496995125,-0.477347923012833,-0.11225004548921678,-0.40407391848901775,-0.18189086573938548,-0.34491386555328735,-0.2824672005275973,-0.4923310227658324,-0.06665574407805458,-0.4145275087464828,-0.02286806988282547,-0.3500575765364161,-0.07334414721371753,pain
0.0,0.0,-0.17877754270065652,-0.20287304337404885,-0.3958971522643521,-0.3394122694879103,-0.5851477717998751,-0.35247206373039597,-0.7045283860816256,-0.3005974558907809,-0.42303329205526974,-0.6630754176868526,-0.7019472366389059,-0.6377440939469461,-0.8694793462307728,-0.6479133189830085,-1.0,-0.6715912222889346,-0.39174769270825943,-0.5965997498923196,-0.6471544849095557,-0.328011993926676,-0.5692223316224214,-0.2410565558080436,-0.48521924060647864,-0.26440594918489635,-0.3649647209766847,-0.4568790946913299,-0.5811261102952864,-0.1808509467727744,-0.4986417479909921,-0.12401183537224696,-0.42639130517206936,-0.17921263938637846,-0.3466402833510823,-0.2873687667130089,-0.5059068816201612,-0.08771639332157079,-0.4340798692747898,-0.036636678756662835,-0.3694262517083378,-0.07625593071118422,0.0,0.0,0.0,0.0,0.0,0.0,0.0,0.0,0.0,0.0,0.0,0.0,0.0,0.0,0.0,0.0,0.0,0.0,0.0,0.0,0.0,0.0,0.0,0.0,0.0,0.0,0.0,0.0,0.0,0.0,0.0,0.0,0.0,0.0,0.0,0.0,0.0,0.0,0.0,0.0,0.0,0.0,pain
0.0,0.0,-0.14604511206400808,-0.18740931419881418,-0.37605781610992994,-0.2906946459684471,-0.5866946312781507,-0.21518346190913257,-0.6914771490909002,-0.11424796547045828,-0.3749138092764937,-0.5877413148978274,-0.6668179563165674,-0.5411761357358905,-0.8519918970773349,-0.5406130077065907,-1.0,-0.5732658640664026,-0.3389146258121362,-0.5148838716765882,-0.6456988189307729,-0.215367090614339,-0.566763877662884,-0.09761426525717354,-0.4800767445568626,-0.11882429885204515,-0.3140812918156992,-0.356317118204552,-0.5621563274014121,-0.030166523691316473,-0.46745900412644303,0.028759315713751003,-0.38673888579610544,-0.04662026777349889,-0.2978298453570859,-0.16658398274135008,-0.47056202319659013,0.08983483516110205,-0.38764417531277323,0.1377050023213729,-0.3171928802254226,0.07672711213562326,0.0,0.0,-0.17734596161820446,-0.1945579647745025,-0.40035727350539424,-0.31890699195329575,-0.5968729835653369,-0.3181407041415428,-0.7287208792552272,-0.29071425910707005,-0.4238663177073476,-0.6557259615063177,-0.7028005390758345,-0.6417455752541432,-0.8678927180689875,-0.6478308501523912,-1.0,-0.6654513764049121,-0.38993461310857014,-0.5911924112400341,-0.6576837067917579,-0.30776661896925284,-0.5670884569847966,-0.21566826614692997,-0.4774087682919491,-0.246524449506941,-0.36573869340014153,-0.45122781384609484,-0.5796025809817898,-0.15501964226530288,-0.48577598716522497,-0.0975548787468247,-0.4132613637712604,-0.16073869271790525,-0.3521711965565078,-0.281923780833499,-0.5019174251201316,-0.07333057800833119,-0.42589965477478764,-0.01815949292923477,-0.3660675312965669,-0.06119304844873792,pain
0.0,0.0,-0.1789635928338017,-0.1911374492033744,-0.3979693136726732,-0.3225840358712059,-0.5915040931974643,-0.32898283332327977,-0.718767277439538,-0.29531565149684075,-0.4303451986485203,-0.6608333662675046,-0.7033027773559892,-0.6334490536105906,-0.8675703803238087,-0.6388372226856118,-1.0,-0.6577518372067386,-0.3972756853601022,-0.6073127727036043,-0.645435705217674,-0.307976794929663,-0.553685125749599,-0.2284095014043824,-0.4680102421805611,-0.2681426722162478,-0.36649062485482964,-0.47272447411062135,-0.5739734072168129,-0.15959608145764562,-0.4816340341031609,-0.10874211573275758,-0.41171374866443267,-0.17976621591919964,-0.34549873082104543,-0.3018306545718523,-0.4988554855502191,-0.07181757103900724,-0.42333375627742637,-0.021688573090632757,-0.36117539630208195,-0.0714453802371399,0.0,0.0,0.0,0.0,0.0,0.0,0.0,0.0,0.0,0.0,0.0,0.0,0.0,0.0,0.0,0.0,0.0,0.0,0.0,0.0,0.0,0.0,0.0,0.0,0.0,0.0,0.0,0.0,0.0,0.0,0.0,0.0,0.0,0.0,0.0,0.0,0.0,0.0,0.0,0.0,0.0,0.0,pain
0.0,0.0,-0.1432245287203512,-0.17120522155226756,-0.36823564189269814,-0.2714102385012475,-0.5724036304196404,-0.20796699109387026,-0.7004623779738675,-0.12190219326451068,-0.37855681177802164,-0.604222146348945,-0.6630667519021265,-0.5505005780122425,-0.8510039402838417,-0.5553792368074633,-1.0,-0.5874764968735154,-0.34689644178018225,-0.5332117593114384,-0.6371817313129262,-0.22270097340889125,-0.562365341284966,-0.11168602973207152,-0.4736413371190775,-0.13527204759524314,-0.3226221550040141,-0.3776970324886474,-0.5611574500257266,-0.04847411450210919,-0.478810831691681,0.009731861504893774,-0.4012868687646512,-0.057055679141315326,-0.30387470260132554,-0.18783854605021785,-0.47871218936018356,0.06274575066336968,-0.4034426810094738,0.10973036595986785,-0.33226014719345065,0.05434874264438453,0.0,0.0,-0.17491993024706345,-0.19072521334403014,-0.39795050998448356,-0.32131097767257855,-0.5970460188574005,-0.3211253375210871,-0.729356559294829,-0.28721999750963595,-0.43333585402145464,-0.6733537869169464,-0.705365483667931,-0.6344543572558008,-0.8686713907773518,-0.6428075954966486,-1.0,-0.66931007249916,-0.4007979399344659,-0.6143241987765375,-0.6495861617633597,-0.3120008255727411,-0.5580772228915628,-0.23456756079075314,-0.4712621653999735,-0.27272329269339696,-0.3721345888255432,-0.47568455161222645,-0.5822283527378938,-0.1764041985945932,-0.4901170073101851,-0.12784494242880998,-0.41930822462628903,-0.19301174280566233,-0.3521423100912622,-0.30262130716821156,-0.5043433541110054,-0.09554128176422393,-0.4282146875758694,-0.047886914728911364,-0.36600107233484136,-0.0909673699765576,pain
0.0,0.0,-0.20872395876057406,-0.18400959544782983,-0.4178625430024791,-0.3198429911738465,-0.5988373185603368,-0.33661235470583517,-0.735254471169062,-0.30123316777148945,-0.43891149774357235,-0.6817495882828629,-0.7035997545655784,-0.6520084130194788,-0.8666695700393416,-0.6578340501780354,-1.0,-0.6809453938241087,-0.39527291156277117,-0.630177039114694,-0.6444717745940772,-0.34347753848485113,-0.5612021513991522,-0.25496364868037236,-0.4807481036850063,-0.28081360854522236,-0.3577000873696428,-0.4919960876058898,-0.5735195111118138,-0.19628400115379235,-0.4851989143374807,-0.14326861496893442,-0.41399847214984503,-0.20375083931830798,-0.33150112620036315,-0.317241290851423,-0.4920017551484404,-0.1041777842473936,-0.4198891369018766,-0.05235109053958883,-0.3561176498311818,-0.09394250069278251,0.0,0.0,0.0,0.0,0.0,0.0,0.0,0.0,0.0,0.0,0.0,0.0,0.0,0.0,0.0,0.0,0.0,0.0,0.0,0.0,0.0,0.0,0.0,0.0,0.0,0.0,0.0,0.0,0.0,0.0,0.0,0.0,0.0,0.0,0.0,0.0,0.0,0.0,0.0,0.0,0.0,0.0,pain
0.0,0.0,-0.14548240038559648,-0.1721354370426673,-0.3741441021248115,-0.2768534729935112,-0.580627908528545,-0.20649904871068714,-0.7108144845271955,-0.10228299273551651,-0.38162570381352356,-0.5876796771611643,-0.6658127587593304,-0.5457064284260218,-0.8509688518376634,-0.5570704150547927,-1.0,-0.5827455730413043,-0.3576675070258567,-0.5159287188434544,-0.6428060206435031,-0.23296511306912657,-0.569792321874167,-0.11545674927658317,-0.48638506335210846,-0.12744939638770875,-0.33642684420905805,-0.3647758415531708,-0.5681749437474194,-0.04888072352860083,-0.4782991888721675,0.008800569317100616,-0.4013350228583797,-0.06264181696428117,-0.3172872487263359,-0.18065453175802398,-0.48825207659496345,0.06815309644078583,-0.4089270465930226,0.11111438538445671,-0.3391897663828549,0.04743134949627563,0.0,0.0,-0.206493397155341,-0.1670779590785911,-0.42151869697683303,-0.30178135878404677,-0.6077774225783977,-0.32290002940562806,-0.7385861017532344,-0.29327995988145017,-0.43855077839503837,-0.6885770116316952,-0.7004204028693061,-0.6592287306407865,-0.8617523680071647,-0.6694786052703182,-1.0,-0.6949346060316922,-0.39397928916469716,-0.6397816662619834,-0.6444395909567322,-0.34883432917953416,-0.5503455466335436,-0.2612656499558916,-0.46671185290841183,-0.29188959833864303,-0.3566265155794922,-0.5072001083493681,-0.5676344697408766,-0.20309070233085358,-0.4733494718578378,-0.1479502691042021,-0.4057876010742205,-0.2137008264079622,-0.3300565173731135,-0.3351070255048068,-0.4903370177812538,-0.12272030123076585,-0.41420084410014507,-0.07400518075920207,-0.35266895729595116,-0.12010948410814927,pain
0.0,0.0,-0.18451393636563948,-0.21956957157962328,-0.39613165509470133,-0.3578160114112701,-0.5928774459173372,-0.3634416348545517,-0.7215975406039606,-0.2953942301385488,-0.43447117821612224,-0.650525820572694,-0.7010174966502886,-0.63362755178543,-0.8651185451281838,-0.6462020916837066,-1.0,-0.6713471398868331,-0.40273323426984664,-0.5950653606578196,-0.6489677647745107,-0.3154117117478927,-0.5611168630233571,-0.22981509096747854,-0.4775478236140661,-0.257290710293883,-0.3723002861035781,-0.4600804799084766,-0.5778203748358482,-0.17039343544945987,-0.4882572863685779,-0.11602770821125488,-0.41676876160149157,-0.16847873869428784,-0.34826547670568575,-0.2907811568905436,-0.500763909423741,-0.08513639888461316,-0.42637015640876824,-0.039057146751396286,-0.3623692310030155,-0.07418380003420652,0.0,0.0,0.0,0.0,0.0,0.0,0.0,0.0,0.0,0.0,0.0,0.0,0.0,0.0,0.0,0.0,0.0,0.0,0.0,0.0,0.0,0.0,0.0,0.0,0.0,0.0,0.0,0.0,0.0,0.0,0.0,0.0,0.0,0.0,0.0,0.0,0.0,0.0,0.0,0.0,0.0,0.0,pain
0.0,0.0,-0.16828850893035302,-0.22253056960311943,-0.3851661962021375,-0.37138715650899645,-0.5816809881915733,-0.369948437426523,-0.7109359808136897,-0.29922719687447175,-0.43402068603514693,-0.6501087935984626,-0.7011591729144611,-0.6334116452362766,-0.8647616772007509,-0.6491257112572143,-1.0,-0.6760127273258763,-0.4064892966671793,-0.5905592321408826,-0.6515303548120197,-0.31134446518922587,-0.5702246155684147,-0.22760421498936848,-0.49145601675624767,-0.2542834302011538,-0.3780898462273659,-0.4546120351647346,-0.5749052186611524,-0.1632892143094085,-0.48464116541329494,-0.11469431667833825,-0.41709953216210754,-0.17291636746308833,-0.354247080938116,-0.28755222029178545,-0.4999796647479509,-0.08273238427017415,-0.42503504653595336,-0.036093165957262925,-0.3640728205375878,-0.07179678474246039,0.0,0.0,0.0,0.0,0.0,0.0,0.0,0.0,0.0,0.0,0.0,0.0,0.0,0.0,0.0,0.0,0.0,0.0,0.0,0.0,0.0,0.0,0.0,0.0,0.0,0.0,0.0,0.0,0.0,0.0,0.0,0.0,0.0,0.0,0.0,0.0,0.0,0.0,0.0,0.0,0.0,0.0,pain
0.0,0.0,-0.19348266659054905,-0.18354218105527567,-0.40334997541314355,-0.3199985857692053,-0.5815758163939191,-0.3360867585181456,-0.7131969141224568,-0.283518891658244,-0.42455954495502357,-0.6549896397863344,-0.6968482763900007,-0.6357217183033901,-0.8648806272437939,-0.6500343178023112,-1.0,-0.6748109277224267,-0.39058070392364713,-0.6004204417330425,-0.640517777140581,-0.31496930859683653,-0.5592669743375497,-0.22719260915201944,-0.4804236075340875,-0.2525576169302888,-0.3607041052914289,-0.4718211270511212,-0.5677640362406372,-0.17949735123654373,-0.47423148233444096,-0.1294851551177639,-0.40404249439173157,-0.18857956734917358,-0.3373563225847468,-0.31001041859934064,-0.4934591825746007,-0.11017409310828467,-0.41612021999722343,-0.06248694431433809,-0.35068058235169713,-0.10135007142514244,0.0,0.0,0.0,0.0,0.0,0.0,0.0,0.0,0.0,0.0,0.0,0.0,0.0,0.0,0.0,0.0,0.0,0.0,0.0,0.0,0.0,0.0,0.0,0.0,0.0,0.0,0.0,0.0,0.0,0.0,0.0,0.0,0.0,0.0,0.0,0.0,0.0,0.0,0.0,0.0,0.0,0.0,pain
0.0,0.0,-0.18681340666397508,-0.18322307389814632,-0.3979716768103598,-0.3206225867253784,-0.5828146149206581,-0.32258551187413925,-0.7172420262110363,-0.2649138854734028,-0.4204136344092087,-0.6444530883847635,-0.6982598676755588,-0.6343022891610126,-0.8653518621223009,-0.6490375107288536,-1.0,-0.6755932477998675,-0.39008783475089215,-0.5923501346825751,-0.627525031805291,-0.30892637341625395,-0.5533818888095556,-0.21946716667415542,-0.4771006824813604,-0.2387664761902263,-0.36451339626719526,-0.4601447481011118,-0.5589328509052578,-0.1660037762940957,-0.4701053223313319,-0.11313762679889709,-0.39897068600052277,-0.16713299121258923,-0.348591236334548,-0.29235777647972905,-0.48866832993278825,-0.08939098812372889,-0.4174494042513974,-0.03821259348492516,-0.3549198250848387,-0.07241209555460588,0.0,0.0,0.0,0.0,0.0,0.0,0.0,0.0,0.0,0.0,0.0,0.0,0.0,0.0,0.0,0.0,0.0,0.0,0.0,0.0,0.0,0.0,0.0,0.0,0.0,0.0,0.0,0.0,0.0,0.0,0.0,0.0,0.0,0.0,0.0,0.0,0.0,0.0,0.0,0.0,0.0,0.0,pain
0.0,0.0,-0.24450362773003909,-0.09587457026773623,-0.44163269695431984,-0.21946808975397303,-0.5923852955112932,-0.27223904371759156,-0.7122485877225114,-0.2640516989336927,-0.4496503332000309,-0.6453881284676831,-0.7019595455171742,-0.6354260692478048,-0.8622716075935329,-0.6441117858379065,-1.0,-0.6657618905195097,-0.39783176338933157,-0.6142871065198324,-0.6235041284542409,-0.31336698379199446,-0.5370579596664975,-0.21748602845054424,-0.4566235058087368,-0.2415396093007,-0.3566718979463587,-0.4959303556486059,-0.546883243886292,-0.1778327043475631,-0.45890869008532476,-0.1149034341614886,-0.3924693096391089,-0.17305062019229153,-0.33036236973609484,-0.3332003669737103,-0.4719722148476488,-0.10873746929283629,-0.4057132967479811,-0.04673773141691507,-0.34741085260897475,-0.08573776166200109,0.0,0.0,0.0,0.0,0.0,0.0,0.0,0.0,0.0,0.0,0.0,0.0,0.0,0.0,0.0,0.0,0.0,0.0,0.0,0.0,0.0,0.0,0.0,0.0,0.0,0.0,0.0,0.0,0.0,0.0,0.0,0.0,0.0,0.0,0.0,0.0,0.0,0.0,0.0,0.0,0.0,0.0,pain
0.0,0.0,-0.23336770033416615,-0.10610620078886455,-0.4329458375166036,-0.23306130253185253,-0.5916190235537822,-0.27507192071897746,-0.7108010123626615,-0.2566495417207733,-0.44064665813572307,-0.6489991905963237,-0.6976681336826787,-0.6395011965391575,-0.8604231330002933,-0.6481310071873425,-1.0,-0.6703071815320836,-0.39262699462604606,-0.6131219334883677,-0.6241448224514257,-0.31526881255481043,-0.5425440273710865,-0.2169235633760376,-0.4649105264366915,-0.24071111315301244,-0.3554211128692482,-0.4917603651640225,-0.5521730934759902,-0.17677599246538414,-0.4641193647464837,-0.11397018583854356,-0.396424030235754,-0.17390152840817727,-0.33256120186311483,-0.32740952988375127,-0.47923183672476627,-0.1051478208934249,-0.41172871869641414,-0.044379711668520144,-0.35101668668780933,-0.08479483170754448,0.0,0.0,0.0,0.0,0.0,0.0,0.0,0.0,0.0,0.0,0.0,0.0,0.0,0.0,0.0,0.0,0.0,0.0,0.0,0.0,0.0,0.0,0.0,0.0,0.0,0.0,0.0,0.0,0.0,0.0,0.0,0.0,0.0,0.0,0.0,0.0,0.0,0.0,0.0,0.0,0.0,0.0,pain
0.0,0.0,-0.2179387825353697,-0.15267351467613197,-0.42024700039185847,-0.28569317448416687,-0.591131952642208,-0.3116192158418671,-0.7211802818509306,-0.25499514466720574,-0.43153490499271085,-0.6750397373883037,-0.6973539574376589,-0.651743595005363,-0.8617030329283663,-0.6569200486198633,-1.0,-0.6769444005738853,-0.3910288578009072,-0.6343459903495664,-0.628984988564667,-0.3423140939822939,-0.5372312801794915,-0.25658919262101476,-0.4524028556990891,-0.2885058706979178,-0.35791034040557873,-0.5108296858513887,-0.5594407945306505,-0.2076433058565504,-0.47055266048774647,-0.14875387962626718,-0.4029358917476151,-0.20707110147242827,-0.3368455850089455,-0.3489196578119731,-0.4798417017932689,-0.1317684442239049,-0.40802549916428044,-0.07678954820016508,-0.34736483072170243,-0.11458550375872445,0.0,0.0,0.0,0.0,0.0,0.0,0.0,0.0,0.0,0.0,0.0,0.0,0.0,0.0,0.0,0.0,0.0,0.0,0.0,0.0,0.0,0.0,0.0,0.0,0.0,0.0,0.0,0.0,0.0,0.0,0.0,0.0,0.0,0.0,0.0,0.0,0.0,0.0,0.0,0.0,0.0,0.0,pain
0.0,0.0,-0.23683616473857444,-0.11880950623010424,-0.43185497816610857,-0.24685209371139413,-0.5886329521660966,-0.2820530393462232,-0.708290307914216,-0.26711781681575275,-0.44415303542491924,-0.6767545450916401,-0.6999340443729111,-0.6605486080960444,-0.8619994199296215,-0.6608824488437629,-1.0,-0.675101591802143,-0.3974481849131537,-0.6423509312743779,-0.6287948772932122,-0.33250361837445347,-0.5375811065213405,-0.24465051112961464,-0.4542703530692683,-0.2813033990640448,-0.35934158832595997,-0.5248750216819851,-0.5584615205262602,-0.19810145296678444,-0.4711898967425268,-0.13262168141983707,-0.4071440506929227,-0.19465105869909502,-0.3340717867121491,-0.36462757680015234,-0.4849137542741331,-0.12988171439411791,-0.4173595775731085,-0.06541618283309623,-0.35994497456628083,-0.10230328919687807,0.0,0.0,0.0,0.0,0.0,0.0,0.0,0.0,0.0,0.0,0.0,0.0,0.0,0.0,0.0,0.0,0.0,0.0,0.0,0.0,0.0,0.0,0.0,0.0,0.0,0.0,0.0,0.0,0.0,0.0,0.0,0.0,0.0,0.0,0.0,0.0,0.0,0.0,0.0,0.0,0.0,0.0,pain
0.0,0.0,-0.2389382524788485,-0.1156792398984643,-0.43746034879471063,-0.243148164439762,-0.5959621751640943,-0.28539891526461436,-0.7154715337425945,-0.2698699476228588,-0.4522268689083768,-0.6778112034011168,-0.7002933920975818,-0.666474981922269,-0.8608801476830822,-0.6673153907829678,-1.0,-0.6807987674957032,-0.4006490102129346,-0.6460240793231525,-0.6292187630755102,-0.32903330093288957,-0.5360192085279685,-0.2381110755874458,-0.4538966003852291,-0.2749760572879899,-0.35876446307887183,-0.5258499036927208,-0.5598921844836922,-0.1926471019483896,-0.46999382746513374,-0.12792489105082577,-0.4050034009737299,-0.19259631979595587,-0.32975462206992345,-0.36423784929716785,-0.48513549178938425,-0.12614429712851963,-0.4175337182763536,-0.060441490019876566,-0.36040558489238117,-0.09749028880739903,0.0,0.0,0.0,0.0,0.0,0.0,0.0,0.0,0.0,0.0,0.0,0.0,0.0,0.0,0.0,0.0,0.0,0.0,0.0,0.0,0.0,0.0,0.0,0.0,0.0,0.0,0.0,0.0,0.0,0.0,0.0,0.0,0.0,0.0,0.0,0.0,0.0,0.0,0.0,0.0,0.0,0.0,pain
0.0,0.0,-0.2293869632481395,-0.1343515078649722,-0.431645695684485,-0.26423761128906015,-0.598265323402063,-0.2859473146991982,-0.721396873425918,-0.2507666150256905,-0.4515516201831966,-0.6726833377496015,-0.699878801301367,-0.6606166788248867,-0.8613898193812215,-0.6569462026624884,-1.0,-0.6664170306642415,-0.404033892491613,-0.6339101806547318,-0.6367512133352364,-0.3298661133687809,-0.5428468499304123,-0.2466682941543829,-0.4611961028020952,-0.288990405132986,-0.36476457934775613,-0.5117166531901576,-0.5662118449706495,-0.18828007505618607,-0.4764820235113251,-0.13003315257193993,-0.4143690387120364,-0.19660614881158042,-0.3371351590198114,-0.34960880971804315,-0.4907040849821833,-0.114434078298458,-0.42226906542536574,-0.055550062684642854,-0.36690847682609695,-0.09440051945381128,0.0,0.0,0.0,0.0,0.0,0.0,0.0,0.0,0.0,0.0,0.0,0.0,0.0,0.0,0.0,0.0,0.0,0.0,0.0,0.0,0.0,0.0,0.0,0.0,0.0,0.0,0.0,0.0,0.0,0.0,0.0,0.0,0.0,0.0,0.0,0.0,0.0,0.0,0.0,0.0,0.0,0.0,pain
0.0,0.0,-0.23204431679952198,-0.145138941148677,-0.42967841791182243,-0.2685395576332175,-0.5971000591175203,-0.2890816791472401,-0.7207777304787696,-0.2524804835431275,-0.4420930971777468,-0.6816646954586587,-0.6926952235364857,-0.6665779342264234,-0.8584077356716765,-0.6589592995154161,-1.0,-0.66554159922814,-0.39774672017569773,-0.6379274647868868,-0.6268254265989904,-0.3352480071704797,-0.5384831095740805,-0.25383655484507206,-0.4556946196317342,-0.292622739990363,-0.3614940895583633,-0.5129779617821517,-0.5590428278167588,-0.1933562240565252,-0.47366911635593467,-0.13436487603104663,-0.40870236855711695,-0.19480477178353328,-0.3371866425104766,-0.35194842586030217,-0.485533429853262,-0.1172923052500776,-0.41948167525349583,-0.054219639371894134,-0.3624532984693467,-0.08803568466812008,0.0,0.0,0.0,0.0,0.0,0.0,0.0,0.0,0.0,0.0,0.0,0.0,0.0,0.0,0.0,0.0,0.0,0.0,0.0,0.0,0.0,0.0,0.0,0.0,0.0,0.0,0.0,0.0,0.0,0.0,0.0,0.0,0.0,0.0,0.0,0.0,0.0,0.0,0.0,0.0,0.0,0.0,pain
0.0,0.0,-0.2338976358897493,-0.13258994941589902,-0.43432698907409334,-0.24427779981836523,-0.5850453534313003,-0.26495961999232454,-0.7108821176647242,-0.2539113785453746,-0.4356498054267102,-0.675342908984061,-0.6958623783178547,-0.655335645117832,-0.8603253038266397,-0.6466247222219046,-1.0,-0.6458987167042627,-0.39176134274053553,-0.620152007643447,-0.6224729386683496,-0.33294613039059096,-0.5392498400310677,-0.2383832447835265,-0.4570629665919319,-0.2594640821632449,-0.3637401974963671,-0.4905735519810423,-0.558154947489412,-0.187145548290419,-0.4693315070769341,-0.12406157593884327,-0.4007112186336081,-0.1834823645447107,-0.3489159651471619,-0.3289422385436901,-0.4842674032669105,-0.1279648559974725,-0.4097495109466769,-0.06664578209849513,-0.3485459119410567,-0.10532186816273346,0.0,0.0,0.0,0.0,0.0,0.0,0.0,0.0,0.0,0.0,0.0,0.0,0.0,0.0,0.0,0.0,0.0,0.0,0.0,0.0,0.0,0.0,0.0,0.0,0.0,0.0,0.0,0.0,0.0,0.0,0.0,0.0,0.0,0.0,0.0,0.0,0.0,0.0,0.0,0.0,0.0,0.0,pain
0.0,0.0,-0.22142814120176246,-0.14806277693092962,-0.42435934263991143,-0.2516393847712506,-0.5838090097436444,-0.25694557057230977,-0.7115215621954628,-0.22654089041064157,-0.4332025995406943,-0.6632241903076298,-0.7027381509469512,-0.6315044501999231,-0.8659310670750071,-0.6207982560590827,-1.0,-0.6227202667494467,-0.39722377949618454,-0.6030098115981646,-0.6293052190041992,-0.31382133408700247,-0.5429379041512034,-0.2147817988908091,-0.4536493492654043,-0.23275016640952342,-0.3715689136199438,-0.47205130818734853,-0.5663340792804313,-0.19554007033215495,-0.47976946682543137,-0.1297639069712849,-0.406280550240232,-0.17722112312142568,-0.35369089373111,-0.3167255856765802,-0.48297796598913667,-0.14625119112153068,-0.4141465855545723,-0.08801403554291204,-0.3524739034345999,-0.11507160628819504,0.0,0.0,0.0,0.0,0.0,0.0,0.0,0.0,0.0,0.0,0.0,0.0,0.0,0.0,0.0,0.0,0.0,0.0,0.0,0.0,0.0,0.0,0.0,0.0,0.0,0.0,0.0,0.0,0.0,0.0,0.0,0.0,0.0,0.0,0.0,0.0,0.0,0.0,0.0,0.0,0.0,0.0,pain
0.0,0.0,-0.22516110219585625,-0.12596231647288056,-0.4263634063869272,-0.22811144004217526,-0.579629189767476,-0.244713897562756,-0.7108819536574109,-0.22896460096670973,-0.4293430969857427,-0.6511653235851298,-0.6971402308439496,-0.6203557476358482,-0.8635884898588171,-0.6094353650458927,-1.0,-0.6091426099617835,-0.39243741780746527,-0.595354540697012,-0.6194349981364864,-0.30860750155936495,-0.5363412180233624,-0.20760931486427248,-0.4489916750186834,-0.22050830470474414,-0.3669615459631275,-0.46814009759790204,-0.5555216968980706,-0.1870067723751977,-0.4710800074926763,-0.11789108197721686,-0.3998416496246903,-0.16334961252435604,-0.3508044005955519,-0.312949777826699,-0.477738833884663,-0.13210129016933836,-0.41071723064504606,-0.06979621079138497,-0.35184410598660976,-0.0981023059290629,0.0,0.0,0.0,0.0,0.0,0.0,0.0,0.0,0.0,0.0,0.0,0.0,0.0,0.0,0.0,0.0,0.0,0.0,0.0,0.0,0.0,0.0,0.0,0.0,0.0,0.0,0.0,0.0,0.0,0.0,0.0,0.0,0.0,0.0,0.0,0.0,0.0,0.0,0.0,0.0,0.0,0.0,pain
0.0,0.0,-0.2328464135467551,-0.10456724881503122,-0.43226406923862204,-0.2084835730702987,-0.5801383753534333,-0.23357571553695397,-0.702101494853542,-0.21988435410139295,-0.43242787806823146,-0.6399599491330477,-0.7048823260853805,-0.6034764309269502,-0.8673336585996696,-0.5848708046031065,-1.0,-0.5804659930126521,-0.39320506866842625,-0.5916524117715063,-0.6445379748447637,-0.33070808130090856,-0.5669799804448311,-0.21784967600729693,-0.4813463675000147,-0.21671947346042233,-0.3674486774788332,-0.47402317228730817,-0.5729053141857271,-0.19548702755554512,-0.4898855885459223,-0.118655200048594,-0.4182215769147116,-0.15932368115277526,-0.3502134805261477,-0.3267488454024779,-0.4910228450615361,-0.14214138896563347,-0.4289142178618245,-0.06219562614749457,-0.3711010657371103,-0.07693881269949505,0.0,0.0,0.0,0.0,0.0,0.0,0.0,0.0,0.0,0.0,0.0,0.0,0.0,0.0,0.0,0.0,0.0,0.0,0.0,0.0,0.0,0.0,0.0,0.0,0.0,0.0,0.0,0.0,0.0,0.0,0.0,0.0,0.0,0.0,0.0,0.0,0.0,0.0,0.0,0.0,0.0,0.0,pain
0.0,0.0,-0.23826588276852378,-0.08088048351825905,-0.43631962831632715,-0.18005605985843262,-0.57780146826456,-0.21379375072767723,-0.7040078284210335,-0.21546295320926453,-0.4306399837158705,-0.6335061014003877,-0.6995118721283975,-0.5982607820975955,-0.8650318118707819,-0.5808884038147316,-1.0,-0.5754035985074993,-0.3906607032114426,-0.5894617287314299,-0.6238615563857787,-0.3217319470702427,-0.5475003940347495,-0.21143785854192093,-0.4670432503629476,-0.2141921416402459,-0.36553752280055346,-0.4751928394183651,-0.5624685663233746,-0.18655862326238595,-0.4798927433451689,-0.10445722604288524,-0.41186610897219106,-0.14545901682191767,-0.3502913481057423,-0.3269807275425934,-0.48800352294787097,-0.12646139370288909,-0.4233529149463123,-0.04703230451322254,-0.3666677491071846,-0.07008591145583762,0.0,0.0,0.0,0.0,0.0,0.0,0.0,0.0,0.0,0.0,0.0,0.0,0.0,0.0,0.0,0.0,0.0,0.0,0.0,0.0,0.0,0.0,0.0,0.0,0.0,0.0,0.0,0.0,0.0,0.0,0.0,0.0,0.0,0.0,0.0,0.0,0.0,0.0,0.0,0.0,0.0,0.0,pain
0.0,0.0,-0.2436422430137951,-0.09861753759106448,-0.45147320405535424,-0.20339821009181572,-0.6039556552727517,-0.22213891199392624,-0.7152475072181321,-0.18158618939607918,-0.44492266975165035,-0.6386194971350893,-0.7111377940699607,-0.5785061797377409,-0.8666292522207824,-0.5470862441239301,-1.0,-0.5349260026162782,-0.4007734869593985,-0.5790522284074031,-0.6389986976001325,-0.3191039554502995,-0.5497176903781059,-0.22185563899787772,-0.46676297675234685,-0.24345202786160045,-0.3710576987328145,-0.45420549713590913,-0.5728690061217303,-0.18178542337014517,-0.4844886512474875,-0.11281726268097599,-0.4158832931654138,-0.16554293512638443,-0.35003646473661143,-0.3019267893035133,-0.4914479021605408,-0.1215622403245464,-0.4187373403412312,-0.050030274545236154,-0.3591098094855869,-0.07726055745337987,0.0,0.0,0.0,0.0,0.0,0.0,0.0,0.0,0.0,0.0,0.0,0.0,0.0,0.0,0.0,0.0,0.0,0.0,0.0,0.0,0.0,0.0,0.0,0.0,0.0,0.0,0.0,0.0,0.0,0.0,0.0,0.0,0.0,0.0,0.0,0.0,0.0,0.0,0.0,0.0,0.0,0.0,pain
0.0,0.0,-0.2462023674156521,-0.0868906098700685,-0.4583229786147813,-0.1667042882247336,-0.6250977281501374,-0.17823631542195567,-0.7204766053681393,-0.15580472512705187,-0.43302694617726295,-0.631313512749489,-0.7131334397988266,-0.5463962415008681,-0.8681997978983965,-0.5115073446423034,-1.0,-0.49837074041335894,-0.38916456935270527,-0.5584295144287466,-0.65972461019495,-0.3384298941603607,-0.568478478710769,-0.23176834683841788,-0.4753054202468677,-0.23329993101542343,-0.36073110993441193,-0.42594706119374964,-0.6015286307088956,-0.2234737426136927,-0.5152595149139592,-0.13687510416249138,-0.4355690383718796,-0.1600151048797622,-0.33703037220027043,-0.2637139017634314,-0.5036304451931252,-0.13097449680287077,-0.43820437577396687,-0.06420038015353816,-0.3719981688497718,-0.08269795092601773,0.0,0.0,0.0,0.0,0.0,0.0,0.0,0.0,0.0,0.0,0.0,0.0,0.0,0.0,0.0,0.0,0.0,0.0,0.0,0.0,0.0,0.0,0.0,0.0,0.0,0.0,0.0,0.0,0.0,0.0,0.0,0.0,0.0,0.0,0.0,0.0,0.0,0.0,0.0,0.0,0.0,0.0,pain
0.0,0.0,-0.26529137361692495,-0.05678710820582813,-0.4790569294699745,-0.1258952574375317,-0.6232441504332892,-0.12885220279804002,-0.7227171506749124,-0.1246218379470301,-0.446354646239712,-0.6100171313015218,-0.7258290831597347,-0.527806475066011,-0.8761152216076431,-0.4813878313339559,-1.0,-0.46104185305392115,-0.40031911674753423,-0.5526070270988022,-0.6724608341877216,-0.3459882932478292,-0.5790440864357969,-0.24135108719549492,-0.48390201853315135,-0.24130929291478104,-0.3684022177090204,-0.42467212169101404,-0.6197700008489463,-0.25198424878045594,-0.528200037876067,-0.1620351202565124,-0.4419235817698572,-0.1732838767678219,-0.3461424096579617,-0.26953175168102256,-0.522477704274989,-0.18524748962217535,-0.4901798677820515,-0.12467277472665017,-0.44731678541031317,-0.12742379618322439,0.0,0.0,0.0,0.0,0.0,0.0,0.0,0.0,0.0,0.0,0.0,0.0,0.0,0.0,0.0,0.0,0.0,0.0,0.0,0.0,0.0,0.0,0.0,0.0,0.0,0.0,0.0,0.0,0.0,0.0,0.0,0.0,0.0,0.0,0.0,0.0,0.0,0.0,0.0,0.0,0.0,0.0,pain
0.0,0.0,-0.2693071325745575,-0.03654074102274069,-0.48488481461096233,-0.10476001816175273,-0.6265211059397577,-0.11957247182444097,-0.6967238942548939,-0.14057076168592858,-0.4441193797559262,-0.575171352609655,-0.7221864823132619,-0.5038651797430641,-0.8744010697453032,-0.4646956734205416,-1.0,-0.44592824214924687,-0.39238075327396565,-0.5262473246150898,-0.6615386170612503,-0.31953715491540613,-0.5722238317727862,-0.2033957143511615,-0.4742204846245621,-0.19903035511990866,-0.35564729635295916,-0.41056831617279993,-0.6070989568176582,-0.23882747862004233,-0.5281013547970665,-0.13568532763100755,-0.44353736053638687,-0.14160187777553374,-0.3302217028643476,-0.26190434709853955,-0.5042850250928574,-0.17719839693065517,-0.4690012391030021,-0.10329357062338645,-0.41661821883621536,-0.09710945510225019,0.0,0.0,0.0,0.0,0.0,0.0,0.0,0.0,0.0,0.0,0.0,0.0,0.0,0.0,0.0,0.0,0.0,0.0,0.0,0.0,0.0,0.0,0.0,0.0,0.0,0.0,0.0,0.0,0.0,0.0,0.0,0.0,0.0,0.0,0.0,0.0,0.0,0.0,0.0,0.0,0.0,0.0,pain
0.0,0.0,-0.2818972333055468,-0.025338441733398595,-0.4966907115687989,-0.08961853368109265,-0.6311437194538814,-0.11335334871055568,-0.6810871782417053,-0.1292852791847018,-0.45539052891405146,-0.5691831433319181,-0.7279812036362608,-0.4956504146392092,-0.877404755073201,-0.4602005322479992,-1.0,-0.4557942851180768,-0.3983894467509791,-0.5359506321458766,-0.6470673205383679,-0.3096845155988645,-0.5588608375990403,-0.1949007038115068,-0.4641065776094169,-0.20717033316901054,-0.3563352351375741,-0.42754099539275153,-0.5948657203749366,-0.24182278609754723,-0.5149439114243936,-0.13522018851162354,-0.42498080404475164,-0.1535926301560292,-0.3303848024586605,-0.286178101201646,-0.5049762623354425,-0.23178280283523656,-0.49425502267676336,-0.16356247118962755,-0.4564978993498473,-0.1574583437359373,0.0,0.0,0.0,0.0,0.0,0.0,0.0,0.0,0.0,0.0,0.0,0.0,0.0,0.0,0.0,0.0,0.0,0.0,0.0,0.0,0.0,0.0,0.0,0.0,0.0,0.0,0.0,0.0,0.0,0.0,0.0,0.0,0.0,0.0,0.0,0.0,0.0,0.0,0.0,0.0,0.0,0.0,pain
0.0,0.0,-0.29004104837392286,-0.014465900181602993,-0.49720588027853374,-0.08609510791294887,-0.6270404172455044,-0.11227351385638575,-0.6870162732845206,-0.13499641207816893,-0.468925229711178,-0.5903034649268697,-0.7363175499658499,-0.5189026829100708,-0.8809633558740674,-0.49211681017595604,-1.0,-0.5054069094683369,-0.40004441105525856,-0.5576226616510083,-0.6430274870759733,-0.2782338961008823,-0.5469872149854549,-0.17222024789195373,-0.45294908063200207,-0.20708929670816703,-0.34633251594543446,-0.4453668940154738,-0.5767226006313104,-0.2032083347173869,-0.4932662192495533,-0.11151133642238918,-0.40994725732156745,-0.15168696030443415,-0.31053065295627014,-0.29791718521275673,-0.48776216059783833,-0.18432044032469214,-0.4699199281414565,-0.1079552667825783,-0.4284451898868383,-0.10791795421566026,0.0,0.0,0.0,0.0,0.0,0.0,0.0,0.0,0.0,0.0,0.0,0.0,0.0,0.0,0.0,0.0,0.0,0.0,0.0,0.0,0.0,0.0,0.0,0.0,0.0,0.0,0.0,0.0,0.0,0.0,0.0,0.0,0.0,0.0,0.0,0.0,0.0,0.0,0.0,0.0,0.0,0.0,pain
0.0,0.0,-0.28947747855276523,-0.003702342926609377,-0.502345113301397,-0.07278677725557851,-0.6371874767236885,-0.09795013567740644,-0.7002694414573574,-0.12136732940898043,-0.4682923962568388,-0.5724887265776243,-0.7334944044601228,-0.5037760298920799,-0.8797626892485136,-0.48031601344177804,-1.0,-0.49459374565081765,-0.4029399163089185,-0.540256886200675,-0.6504843864495251,-0.272947909123813,-0.5609425371504169,-0.16545787394768294,-0.4672318506270681,-0.19813434170206184,-0.3515230423810525,-0.43037242326248526,-0.5854722104472401,-0.19953655795998035,-0.5100532026724109,-0.10457945698514849,-0.43092228519338444,-0.13999931210313532,-0.3136171917726624,-0.28514965059622666,-0.49190046997933806,-0.17085626987241792,-0.46902129359688743,-0.08474889372745116,-0.42016421601510456,-0.07635837422181667,0.0,0.0,0.0,0.0,0.0,0.0,0.0,0.0,0.0,0.0,0.0,0.0,0.0,0.0,0.0,0.0,0.0,0.0,0.0,0.0,0.0,0.0,0.0,0.0,0.0,0.0,0.0,0.0,0.0,0.0,0.0,0.0,0.0,0.0,0.0,0.0,0.0,0.0,0.0,0.0,0.0,0.0,pain
0.0,0.0,-0.28359838176351765,-0.006237187554508574,-0.4837491770963646,-0.0752344923692685,-0.6145599083224395,-0.10513942003814897,-0.7020310480838302,-0.1082261292300998,-0.45564479071520875,-0.5720469716208435,-0.7182476419473605,-0.5180959088325928,-0.8737234443604609,-0.51658326659452,-1.0,-0.543888662779248,-0.4061941433643489,-0.5578719289986552,-0.6311150414593387,-0.2505673580620174,-0.5475718012727576,-0.1441230144812284,-0.45394130985627557,-0.16873416320781434,-0.37160311943778096,-0.4658483269032753,-0.5731985678194508,-0.17961149570589657,-0.49394567992002597,-0.08951644213041546,-0.4153431437825996,-0.12709055034669797,-0.3465587154638363,-0.33169346534802024,-0.47996335148253944,-0.13055237230692476,-0.4140733870619855,-0.050508465357398065,-0.34369707393285104,-0.07204837829372455,0.0,0.0,0.0,0.0,0.0,0.0,0.0,0.0,0.0,0.0,0.0,0.0,0.0,0.0,0.0,0.0,0.0,0.0,0.0,0.0,0.0,0.0,0.0,0.0,0.0,0.0,0.0,0.0,0.0,0.0,0.0,0.0,0.0,0.0,0.0,0.0,0.0,0.0,0.0,0.0,0.0,0.0,pain
0.0,0.0,-0.2893444758600836,-0.015600448352108116,-0.5029133935062444,-0.08584180746772935,-0.6406191179110448,-0.11227130673720187,-0.6576594191870767,-0.10698022416663094,-0.46425975022132554,-0.5540974322465805,-0.7213177858115122,-0.49879172028030017,-0.8710879323269126,-0.4883871809743413,-1.0,-0.5154042118524961,-0.4135355597970071,-0.527881837829026,-0.629885240518102,-0.2239607357384594,-0.5320044533670932,-0.12269280766137448,-0.44311473733756307,-0.16476327470424357,-0.3743485678504777,-0.42942199987844176,-0.5653849180117779,-0.13703244239292625,-0.4815846297584995,-0.05586026265065804,-0.4094991658181931,-0.10993154573582563,-0.3465970046724547,-0.28376975734049364,-0.46952633267669885,-0.08145345991097977,-0.40804046665180954,-0.015216456161990993,-0.3447726884023522,-0.04822989023477235,0.0,0.0,0.0,0.0,0.0,0.0,0.0,0.0,0.0,0.0,0.0,0.0,0.0,0.0,0.0,0.0,0.0,0.0,0.0,0.0,0.0,0.0,0.0,0.0,0.0,0.0,0.0,0.0,0.0,0.0,0.0,0.0,0.0,0.0,0.0,0.0,0.0,0.0,0.0,0.0,0.0,0.0,pain
0.0,0.0,-0.2825138751309755,0.0006169070532179678,-0.4929171798762574,-0.06876191445727543,-0.6322903225579453,-0.10289165212165595,-0.6665293677078009,-0.10037288864733863,-0.46449817191440335,-0.5415172582680206,-0.7212614552954668,-0.4878693320491658,-0.8722207223066788,-0.4819179382262585,-1.0,-0.5100789242266905,-0.4179749357466675,-0.5227374816540521,-0.6304593048935272,-0.22358869610478319,-0.5402543580495698,-0.11680325801985034,-0.4558473992441833,-0.14986619215646077,-0.3830420460860062,-0.42875462416403815,-0.5726558177032621,-0.13903443021596673,-0.49354206215373747,-0.04964295624674687,-0.4237569733367142,-0.09664470587021073,-0.35865521768491904,-0.28661876997177943,-0.48636998988788477,-0.08036258184280692,-0.4273186146660152,-0.006824915445030415,-0.3653637886818901,-0.03560796893790889,0.0,0.0,0.0,0.0,0.0,0.0,0.0,0.0,0.0,0.0,0.0,0.0,0.0,0.0,0.0,0.0,0.0,0.0,0.0,0.0,0.0,0.0,0.0,0.0,0.0,0.0,0.0,0.0,0.0,0.0,0.0,0.0,0.0,0.0,0.0,0.0,0.0,0.0,0.0,0.0,0.0,0.0,pain
0.0,0.0,-0.2906233607591482,0.02806509193337118,-0.48782683197281956,-0.037921798122605786,-0.6209518731185703,-0.09108363089081224,-0.6756674631468785,-0.11570852807036328,-0.4715461173288214,-0.5152645170994126,-0.7176887251623163,-0.4757158657780512,-0.8712562638182366,-0.4763760720444817,-1.0,-0.5034295349294331,-0.4232058051295075,-0.5304614438837559,-0.6229812225436309,-0.23519836527493093,-0.5375428472226941,-0.11729321053528015,-0.45235749630478944,-0.13703614242743647,-0.38464910318077444,-0.4638626096234083,-0.563163442284548,-0.1676689634878758,-0.48847813552877295,-0.06500243770269773,-0.41922067078174935,-0.09963726140443069,-0.3535275701715154,-0.34033328468080154,-0.47101382895503496,-0.11439795537539801,-0.4113005384031302,-0.03216127588023793,-0.34947121413994076,-0.06031305209983312,0.0,0.0,0.0,0.0,0.0,0.0,0.0,0.0,0.0,0.0,0.0,0.0,0.0,0.0,0.0,0.0,0.0,0.0,0.0,0.0,0.0,0.0,0.0,0.0,0.0,0.0,0.0,0.0,0.0,0.0,0.0,0.0,0.0,0.0,0.0,0.0,0.0,0.0,0.0,0.0,0.0,0.0,pain
0.0,0.0,-0.2747640720003648,0.00597933283335775,-0.4766284052751628,-0.04863022536738988,-0.6204253931971627,-0.07535773641067335,-0.7024789539708766,-0.08577184620026641,-0.4696982779948327,-0.5424059174341744,-0.7165099634526257,-0.4783034528391401,-0.8716466304523938,-0.4692485910293514,-1.0,-0.48618534476485786,-0.43257121013818534,-0.5292233464665859,-0.6403406560675724,-0.2115124714155292,-0.5536194707179565,-0.11457364145541404,-0.47310124893641997,-0.14316781424969222,-0.4015918045399465,-0.4333653175410903,-0.5744462349995197,-0.11098827321175454,-0.4908059147176189,-0.03398750578480805,-0.42982845921819474,-0.0865911787619686,-0.37581120714997424,-0.2890415118795945,-0.48845269846136236,-0.044786299246058814,-0.4169791514062541,0.020267444895155508,-0.3597786783375068,-0.022322325138714117,0.0,0.0,0.0,0.0,0.0,0.0,0.0,0.0,0.0,0.0,0.0,0.0,0.0,0.0,0.0,0.0,0.0,0.0,0.0,0.0,0.0,0.0,0.0,0.0,0.0,0.0,0.0,0.0,0.0,0.0,0.0,0.0,0.0,0.0,0.0,0.0,0.0,0.0,0.0,0.0,0.0,0.0,pain
0.0,0.0,-0.274993994597589,0.011406832922351373,-0.47407381987714664,-0.04371834907810945,-0.6173676237725693,-0.07622252834795057,-0.6865057382232833,-0.08722001343249193,-0.4653618193673002,-0.5348891819416324,-0.7137330071623615,-0.4720574753778501,-0.8704544006118157,-0.4638906183358417,-1.0,-0.48309761107543275,-0.4265507419735958,-0.5233700847619654,-0.632361520322772,-0.21743233504752846,-0.5475417069069481,-0.12084242314310506,-0.46722177828544537,-0.15012623600986358,-0.3940955863969056,-0.43020839971958447,-0.5636106930479501,-0.11602045268478256,-0.484774711618125,-0.03666629081835251,-0.4235593162175279,-0.08600177465769206,-0.3684728629346563,-0.28628464136717274,-0.4794438752248962,-0.05106454949677179,-0.4107425618801567,0.015657187118534387,-0.35178225636450094,-0.022035659834397963,0.0,0.0,0.0,0.0,0.0,0.0,0.0,0.0,0.0,0.0,0.0,0.0,0.0,0.0,0.0,0.0,0.0,0.0,0.0,0.0,0.0,0.0,0.0,0.0,0.0,0.0,0.0,0.0,0.0,0.0,0.0,0.0,0.0,0.0,0.0,0.0,0.0,0.0,0.0,0.0,0.0,0.0,pain
0.0,0.0,-0.28374572117717506,0.012313578705748314,-0.48045114802508654,-0.04604776461771624,-0.6229479270241095,-0.09497199339016628,-0.6918912916606877,-0.12001188512599806,-0.451742788431067,-0.5635730014962886,-0.708391537830853,-0.5092279586434122,-0.8691180922141777,-0.5084121238426073,-1.0,-0.5339357361502028,-0.41507078596480196,-0.5604845926885179,-0.6337226252945295,-0.2621228031657838,-0.5512234226222016,-0.16417395078523467,-0.4717877835710443,-0.19395623089392475,-0.3882491394185111,-0.4755165897395464,-0.5661031541724956,-0.1617213759365748,-0.48750211057324944,-0.08151147974382078,-0.42288180840507594,-0.1324613517911098,-0.37111407337848396,-0.33613762813651465,-0.4851438460247448,-0.08921551576832726,-0.41440909272984205,-0.018522340132632733,-0.35076079510681657,-0.055388033645453104,0.0,0.0,0.0,0.0,0.0,0.0,0.0,0.0,0.0,0.0,0.0,0.0,0.0,0.0,0.0,0.0,0.0,0.0,0.0,0.0,0.0,0.0,0.0,0.0,0.0,0.0,0.0,0.0,0.0,0.0,0.0,0.0,0.0,0.0,0.0,0.0,0.0,0.0,0.0,0.0,0.0,0.0,pain
0.0,0.0,-0.286685129200336,0.013146623933045847,-0.4769013275846193,-0.04668405621709959,-0.618047113765369,-0.1111739597285662,-0.6937594933868381,-0.15010055348911708,-0.4702251020817164,-0.5761842601097074,-0.7153852641744052,-0.5311395984721338,-0.8720635144173094,-0.5351483257463617,-1.0,-0.562706455773875,-0.41814672581486756,-0.60271015962947,-0.640710789491264,-0.27594807483335876,-0.5480426954473786,-0.15222124295306652,-0.46424528396785075,-0.1764882032457227,-0.37486784380149707,-0.5367614116023018,-0.5607131830692531,-0.17843969150700237,-0.47810172758038927,-0.08278736283676133,-0.41076171234712244,-0.12884774754767875,-0.3450311719685193,-0.4034251894679473,-0.47625805350007905,-0.119268792875804,-0.4116820018153019,-0.03468263554602595,-0.3509263894810501,-0.06564903492121955,0.0,0.0,0.0,0.0,0.0,0.0,0.0,0.0,0.0,0.0,0.0,0.0,0.0,0.0,0.0,0.0,0.0,0.0,0.0,0.0,0.0,0.0,0.0,0.0,0.0,0.0,0.0,0.0,0.0,0.0,0.0,0.0,0.0,0.0,0.0,0.0,0.0,0.0,0.0,0.0,0.0,0.0,pain
0.0,0.0,-0.2883766174600343,0.020435531953939205,-0.48342789237081174,-0.041205239524608236,-0.6260125688018059,-0.10601374945298635,-0.6946895079892869,-0.1502660956763784,-0.4652828237069624,-0.5775093650021624,-0.7159591956685502,-0.5265919862017809,-0.8723846972207214,-0.530375716571851,-1.0,-0.559431028796339,-0.4155876755416558,-0.600599822132333,-0.6388072343117767,-0.27483146846057205,-0.5476763629783723,-0.15424797011412533,-0.4669957945718279,-0.18264673761695827,-0.376115939945921,-0.5311913925395678,-0.5617173854736272,-0.17121598088371742,-0.47788191178225714,-0.07811136877254626,-0.4120087624850654,-0.12942657568808222,-0.3525783753469767,-0.3958081749827715,-0.481039897026684,-0.11422440842317619,-0.41230905854618205,-0.03255055304524589,-0.3503330847977044,-0.06751579441782989,0.0,0.0,0.0,0.0,0.0,0.0,0.0,0.0,0.0,0.0,0.0,0.0,0.0,0.0,0.0,0.0,0.0,0.0,0.0,0.0,0.0,0.0,0.0,0.0,0.0,0.0,0.0,0.0,0.0,0.0,0.0,0.0,0.0,0.0,0.0,0.0,0.0,0.0,0.0,0.0,0.0,0.0,pain
0.0,0.0,-0.28544531160962267,0.01692403206308119,-0.4759373372113779,-0.03127414996042334,-0.6135792966959082,-0.09368818585887602,-0.7022773363891408,-0.14435516060422973,-0.46524825573861606,-0.5786451511172797,-0.7137693999803287,-0.5316012233638133,-0.8720094380322099,-0.5456448237836746,-1.0,-0.5781970839727788,-0.40909831300898686,-0.6088706886547421,-0.6358749304611241,-0.27534740815794445,-0.5442308883230371,-0.14603710370646764,-0.4596252992968832,-0.16730910440172628,-0.362944795109459,-0.5465659374256799,-0.5491060253842267,-0.17908947135882997,-0.4647039140044141,-0.08390356512611712,-0.39713060090435665,-0.13306553385300796,-0.3311294258339591,-0.41707297145536476,-0.4646492716697188,-0.13473498727874408,-0.39857315854031067,-0.05187951417240021,-0.3386081400425794,-0.08742773551236556,0.0,0.0,0.0,0.0,0.0,0.0,0.0,0.0,0.0,0.0,0.0,0.0,0.0,0.0,0.0,0.0,0.0,0.0,0.0,0.0,0.0,0.0,0.0,0.0,0.0,0.0,0.0,0.0,0.0,0.0,0.0,0.0,0.0,0.0,0.0,0.0,0.0,0.0,0.0,0.0,0.0,0.0,pain
0.0,0.0,-0.28968164948367553,-0.010225279604010396,-0.4816784900809571,-0.05837434748630282,-0.6211899095271434,-0.10727726889042152,-0.6847650637671391,-0.14930264636496526,-0.4639464988329617,-0.6011081907619816,-0.7016284279467325,-0.5556808210273485,-0.8646475565233632,-0.5634734231418945,-1.0,-0.5777950749627768,-0.40478334406292094,-0.6268023359546916,-0.6279532016080818,-0.31285338514141664,-0.5395337481179747,-0.18653518487409865,-0.4519636188725273,-0.20097734891888536,-0.35315611602144803,-0.5682485243773796,-0.5443724965020154,-0.21266442614791806,-0.46235792860876723,-0.11705597505866493,-0.38929569734841807,-0.15527191418277583,-0.3130333709303648,-0.44158965535590755,-0.44910419246897726,-0.14972835188317304,-0.38103095859909497,-0.06513085749403438,-0.3123682060581651,-0.0950658852327138,0.0,0.0,0.0,0.0,0.0,0.0,0.0,0.0,0.0,0.0,0.0,0.0,0.0,0.0,0.0,0.0,0.0,0.0,0.0,0.0,0.0,0.0,0.0,0.0,0.0,0.0,0.0,0.0,0.0,0.0,0.0,0.0,0.0,0.0,0.0,0.0,0.0,0.0,0.0,0.0,0.0,0.0,pain
0.0,0.0,-0.28572670307655396,0.017678383030417855,-0.48309272029534583,-0.03190905196710723,-0.6222665909529775,-0.09315282107227864,-0.6941637133296518,-0.15002813238930646,-0.4619202997179474,-0.5923015625577417,-0.7082533299536297,-0.5452598355361263,-0.8716012768617474,-0.554835778153339,-1.0,-0.5747527810987819,-0.4021984382229907,-0.609351716283943,-0.6351955188044593,-0.2952459124757387,-0.5501675191396538,-0.15560568435615343,-0.4665125674487696,-0.16911912049979363,-0.35525664494322257,-0.5437655138025673,-0.5425423664414167,-0.185316714490861,-0.4652514244461875,-0.08587795695874559,-0.39869503188771194,-0.12826495766088422,-0.3228062852077763,-0.4135237418107682,-0.4499537546199837,-0.1357433326757832,-0.3880562522868952,-0.04772877149681487,-0.328872055142606,-0.07459221047711595,0.0,0.0,0.0,0.0,0.0,0.0,0.0,0.0,0.0,0.0,0.0,0.0,0.0,0.0,0.0,0.0,0.0,0.0,0.0,0.0,0.0,0.0,0.0,0.0,0.0,0.0,0.0,0.0,0.0,0.0,0.0,0.0,0.0,0.0,0.0,0.0,0.0,0.0,0.0,0.0,0.0,0.0,pain
0.0,0.0,-0.2677915906804176,0.025319142246258333,-0.46508644745943906,-0.026725706672116715,-0.6009041708590115,-0.08950525091183499,-0.6927283124764181,-0.15319761272167023,-0.44767511555150297,-0.5817679183436045,-0.6979060220412526,-0.5304963605206893,-0.8637784358885675,-0.5388296283486353,-1.0,-0.5602690502766947,-0.4013022143441077,-0.61285235347755,-0.6279182649981134,-0.2840100694881147,-0.5398249827065777,-0.15732003049930826,-0.4554409429631493,-0.1801444000754622,-0.3555905900201233,-0.5620205005659665,-0.5359722833605836,-0.1847055401836247,-0.4489505054395673,-0.09173816579675513,-0.38264546126273424,-0.14518024462331783,-0.3144342103194567,-0.45167569330901775,-0.43815243365614387,-0.13767529241604828,-0.3612595899886807,-0.05885315133316564,-0.29805900987297196,-0.11142712001635015,0.0,0.0,0.0,0.0,0.0,0.0,0.0,0.0,0.0,0.0,0.0,0.0,0.0,0.0,0.0,0.0,0.0,0.0,0.0,0.0,0.0,0.0,0.0,0.0,0.0,0.0,0.0,0.0,0.0,0.0,0.0,0.0,0.0,0.0,0.0,0.0,0.0,0.0,0.0,0.0,0.0,0.0,pain
0.0,0.0,-0.2772886830782431,-0.020978385676252004,-0.4731899107920205,-0.07954929150946967,-0.6191957402243449,-0.12439402924810418,-0.7117903423214264,-0.17530440488057233,-0.4461670851576596,-0.6508139754961957,-0.69708048906666,-0.6067353917201872,-0.8675154252835855,-0.5980997564760956,-1.0,-0.601862390067253,-0.38998195651899614,-0.669059846314966,-0.6362348428450658,-0.3530536383480751,-0.5571781509848208,-0.21275762431706055,-0.47583813861935825,-0.22773295648114267,-0.3392648858718282,-0.6066142606589024,-0.5479837987205531,-0.24569669286967055,-0.46911889770734233,-0.136240142328997,-0.39756274210439985,-0.1711521330422823,-0.29912962285339356,-0.48579359771869834,-0.4541243864585568,-0.1969202427668353,-0.39748703519109685,-0.09850226489848965,-0.3345867033424602,-0.11544496738293819,0.0,0.0,0.0,0.0,0.0,0.0,0.0,0.0,0.0,0.0,0.0,0.0,0.0,0.0,0.0,0.0,0.0,0.0,0.0,0.0,0.0,0.0,0.0,0.0,0.0,0.0,0.0,0.0,0.0,0.0,0.0,0.0,0.0,0.0,0.0,0.0,0.0,0.0,0.0,0.0,0.0,0.0,pain
0.0,0.0,-0.2742782911501007,-0.009155647993891949,-0.4797455704020623,-0.06793080377342256,-0.629464521925836,-0.11783464845328147,-0.7219783518251215,-0.17133201697713782,-0.4608458206679791,-0.6362559704566549,-0.7086659456872028,-0.5875349672567522,-0.8728717383467615,-0.5789104111313691,-1.0,-0.5893621408639589,-0.4074191654934679,-0.6493997524538274,-0.651646755666587,-0.33719586460421047,-0.5727998876498394,-0.19450127061504296,-0.4954706368998081,-0.2078646101444481,-0.35888359939849146,-0.5864203666314088,-0.5621399738607857,-0.2310902366622508,-0.4799527654606332,-0.12143163378990421,-0.41275085313430737,-0.15584084848107232,-0.31848204647399997,-0.4684462694752229,-0.46342512717276657,-0.19173009851902512,-0.40577347299961575,-0.09817683183425978,-0.3468346380688036,-0.114999685993169,0.0,0.0,0.0,0.0,0.0,0.0,0.0,0.0,0.0,0.0,0.0,0.0,0.0,0.0,0.0,0.0,0.0,0.0,0.0,0.0,0.0,0.0,0.0,0.0,0.0,0.0,0.0,0.0,0.0,0.0,0.0,0.0,0.0,0.0,0.0,0.0,0.0,0.0,0.0,0.0,0.0,0.0,pain
0.0,0.0,-0.2856983009544104,-0.02979184376920072,-0.49397038589827313,-0.10189916629575187,-0.6444733364656862,-0.1538567795221363,-0.7479588133564976,-0.1792194302253561,-0.45308674554320494,-0.6804009939691481,-0.7166866110731807,-0.6221852765225537,-0.8786719946370424,-0.6219154452883753,-1.0,-0.6426988866614747,-0.39225886370849117,-0.6917433127650968,-0.6567043654732865,-0.378029598258425,-0.5760362138271427,-0.24249064626313446,-0.4883588864337272,-0.2680934220096139,-0.3380138737813654,-0.6218416749142605,-0.5675461844625729,-0.27338211419950975,-0.48838512690237207,-0.16024113505375087,-0.4117080020061581,-0.2027140566229705,-0.29574741023903084,-0.4950254507790696,-0.46775417730932217,-0.22289545252678383,-0.40526126347361424,-0.13042602143499715,-0.33350942503172376,-0.16079069958574715,0.0,0.0,0.0,0.0,0.0,0.0,0.0,0.0,0.0,0.0,0.0,0.0,0.0,0.0,0.0,0.0,0.0,0.0,0.0,0.0,0.0,0.0,0.0,0.0,0.0,0.0,0.0,0.0,0.0,0.0,0.0,0.0,0.0,0.0,0.0,0.0,0.0,0.0,0.0,0.0,0.0,0.0,pain
0.0,0.0,-0.266880116478887,-0.025924641164539984,-0.4639666776517469,-0.10481322067366912,-0.6030733484102263,-0.15725405290571667,-0.7102349910878629,-0.1667108514296419,-0.4223528530727373,-0.6775875252747585,-0.6786481818062627,-0.610360167669509,-0.8585700181087158,-0.606551981836618,-1.0,-0.6171025476867665,-0.3565681483488047,-0.6910116192223053,-0.6234758201199411,-0.3720257784203395,-0.5394975114682238,-0.22381475021460906,-0.4495530376043073,-0.2548704534601114,-0.29600650482673163,-0.6183518690821399,-0.5304673755339672,-0.25460601154255635,-0.45168012838988425,-0.1416577574925395,-0.37540352392188253,-0.1945479187643318,-0.24896873207656015,-0.4811514023310444,-0.432440756677214,-0.19543413251828928,-0.3750515272854059,-0.09372399330406399,-0.30652195990127207,-0.12254994007835036,0.0,0.0,0.0,0.0,0.0,0.0,0.0,0.0,0.0,0.0,0.0,0.0,0.0,0.0,0.0,0.0,0.0,0.0,0.0,0.0,0.0,0.0,0.0,0.0,0.0,0.0,0.0,0.0,0.0,0.0,0.0,0.0,0.0,0.0,0.0,0.0,0.0,0.0,0.0,0.0,0.0,0.0,pain
0.0,0.0,-0.2720872149043829,-0.01214566554800931,-0.46993382605249934,-0.08881310773212141,-0.608658811631062,-0.154154170743445,-0.6885660045022506,-0.18666216229136723,-0.4328900135662435,-0.6426041663346814,-0.6870604383054625,-0.601206195215801,-0.8605757738973576,-0.5889587562824881,-1.0,-0.5774974583212491,-0.3627475414503451,-0.6588681482236932,-0.6220053606315474,-0.3589477184382991,-0.5306472808552364,-0.21425868499862424,-0.44327769792426913,-0.23313626691398237,-0.3023255962188744,-0.5906770054828021,-0.5255938816985319,-0.2368910461730339,-0.44343152659015606,-0.12788303922099803,-0.37341143750126154,-0.17289832116408355,-0.26053179249702807,-0.4576865995897194,-0.4339821121058273,-0.18300554441855846,-0.3765700244447348,-0.09035649368378224,-0.3154528756293112,-0.11973266957538826,0.0,0.0,0.0,0.0,0.0,0.0,0.0,0.0,0.0,0.0,0.0,0.0,0.0,0.0,0.0,0.0,0.0,0.0,0.0,0.0,0.0,0.0,0.0,0.0,0.0,0.0,0.0,0.0,0.0,0.0,0.0,0.0,0.0,0.0,0.0,0.0,0.0,0.0,0.0,0.0,0.0,0.0,pain
0.0,0.0,-0.28222445181528183,-0.04576974810898203,-0.48339010776842667,-0.12442041756065836,-0.6301012483186458,-0.15990979687706736,-0.7397688845679579,-0.1739653579858673,-0.449558544721844,-0.6800161592499055,-0.7018767707879252,-0.6054326767739402,-0.8698388181184346,-0.5972904222848333,-1.0,-0.6083972106214717,-0.3908891859529001,-0.6771472287674466,-0.6486930957779812,-0.3444068713311431,-0.5747271985974302,-0.20261899300830402,-0.4876829269810116,-0.2241896837125462,-0.3351617563312862,-0.5958822946300772,-0.5605165153257794,-0.2243584931250604,-0.47702761050069203,-0.11449259913820099,-0.3979397785900723,-0.16127312989656173,-0.28790590472098126,-0.4615305331432603,-0.46686047259169733,-0.17427145466015595,-0.40505963700584363,-0.07201318289525148,-0.33427581798944256,-0.09891692378649052,0.0,0.0,0.0,0.0,0.0,0.0,0.0,0.0,0.0,0.0,0.0,0.0,0.0,0.0,0.0,0.0,0.0,0.0,0.0,0.0,0.0,0.0,0.0,0.0,0.0,0.0,0.0,0.0,0.0,0.0,0.0,0.0,0.0,0.0,0.0,0.0,0.0,0.0,0.0,0.0,0.0,0.0,pain
0.0,0.0,-0.2801475185579804,-0.03240940354605537,-0.48515409793813935,-0.11733771328486912,-0.6290238537978968,-0.1740100883186052,-0.7124971954921842,-0.21337409250178302,-0.4304436726541823,-0.7043561650653722,-0.6842269850465476,-0.6207603220838569,-0.8625128505779457,-0.6107198465010643,-1.0,-0.6103087437560515,-0.3626169284432363,-0.7083396754275343,-0.6298487601037036,-0.39497578815109674,-0.5702899846612955,-0.22734907793184644,-0.4925894437843522,-0.22377011119065657,-0.3005826624217559,-0.6285010530287817,-0.5296805185720632,-0.24549470167464083,-0.4518468660601792,-0.12437758253451883,-0.3753331408037512,-0.1651317351834693,-0.25110911893794663,-0.47910619974191776,-0.4248174875506861,-0.1732638915012851,-0.3643404347425997,-0.06782172841020916,-0.29684511921111484,-0.10474998258938398,0.0,0.0,0.0,0.0,0.0,0.0,0.0,0.0,0.0,0.0,0.0,0.0,0.0,0.0,0.0,0.0,0.0,0.0,0.0,0.0,0.0,0.0,0.0,0.0,0.0,0.0,0.0,0.0,0.0,0.0,0.0,0.0,0.0,0.0,0.0,0.0,0.0,0.0,0.0,0.0,0.0,0.0,pain
0.0,0.0,-0.2726261256197409,-0.02227617795867308,-0.48109792335787255,-0.1106909754653157,-0.6241252183999101,-0.16008568946080567,-0.6762084970128811,-0.17859518033555052,-0.41719469627484784,-0.6732912450572192,-0.6818430308321662,-0.5913245199404502,-0.8550024217043546,-0.5664527582039394,-1.0,-0.557750732202224,-0.34545131078469177,-0.6720873970863201,-0.6146965059866702,-0.3464199925265118,-0.5302201737253307,-0.19782137662773377,-0.446034516028601,-0.2181817290373734,-0.2852715198112226,-0.5855246868506881,-0.5214127344176546,-0.21696825028270728,-0.4359579145255683,-0.10732860619445007,-0.36585246269647237,-0.1602926637592206,-0.24062565773875502,-0.4341587090126976,-0.4159104750357827,-0.14802619713268803,-0.3483489509625005,-0.05551568994759803,-0.2823868374152097,-0.09851976604549863,0.0,0.0,0.0,0.0,0.0,0.0,0.0,0.0,0.0,0.0,0.0,0.0,0.0,0.0,0.0,0.0,0.0,0.0,0.0,0.0,0.0,0.0,0.0,0.0,0.0,0.0,0.0,0.0,0.0,0.0,0.0,0.0,0.0,0.0,0.0,0.0,0.0,0.0,0.0,0.0,0.0,0.0,pain
0.0,0.0,-0.2829139610046685,-0.02330695620946788,-0.4897833921291113,-0.10547345740298697,-0.6296653499228966,-0.16132254589239317,-0.6849371554109719,-0.18371152749318745,-0.43158055725722977,-0.6519333319250512,-0.6950848982868248,-0.5824486364308499,-0.8634059866072371,-0.5599795517438053,-1.0,-0.5461377722385348,-0.36070352140940876,-0.6573142651936036,-0.6227825682840786,-0.34336424512558356,-0.5399890998964912,-0.20263833203067239,-0.4540871585796067,-0.20901193519085742,-0.30149010329749254,-0.5785274720632037,-0.5266044487631762,-0.21840562749529985,-0.4484008534189569,-0.10922748685016583,-0.38111493694416865,-0.14813494159149962,-0.2564177528042417,-0.4379844103170747,-0.42200502756712227,-0.15902625741988635,-0.3621484188512643,-0.06475033270664779,-0.30328143813768776,-0.09519930712520332,0.0,0.0,0.0,0.0,0.0,0.0,0.0,0.0,0.0,0.0,0.0,0.0,0.0,0.0,0.0,0.0,0.0,0.0,0.0,0.0,0.0,0.0,0.0,0.0,0.0,0.0,0.0,0.0,0.0,0.0,0.0,0.0,0.0,0.0,0.0,0.0,0.0,0.0,0.0,0.0,0.0,0.0,pain
0.0,0.0,-0.26434617375405367,-0.012447636659076855,-0.45806623175157757,-0.09750209851403926,-0.5955269769471937,-0.15645874626818143,-0.6431681063220577,-0.1983409989248321,-0.40051481911444314,-0.6594641796704624,-0.6716781973308953,-0.5744072683371395,-0.854650556651612,-0.5520199546754648,-1.0,-0.542001588180532,-0.3291927453187024,-0.6603646691527851,-0.5968989910139355,-0.3388113875636616,-0.509605093567777,-0.1966381521870091,-0.4225166461191154,-0.2215531744244453,-0.271427921879399,-0.5729257932061574,-0.5113849457815619,-0.21445473922776825,-0.4270858418160555,-0.11056639135040201,-0.3542227399466902,-0.16230611039217221,-0.23068084935049785,-0.41877552720046207,-0.40763575889355835,-0.13880428407641576,-0.3452432584614551,-0.045228393189654076,-0.2813026877054404,-0.08383155978342324,0.0,0.0,0.0,0.0,0.0,0.0,0.0,0.0,0.0,0.0,0.0,0.0,0.0,0.0,0.0,0.0,0.0,0.0,0.0,0.0,0.0,0.0,0.0,0.0,0.0,0.0,0.0,0.0,0.0,0.0,0.0,0.0,0.0,0.0,0.0,0.0,0.0,0.0,0.0,0.0,0.0,0.0,pain
0.0,0.0,-0.27321568318108275,-0.0026944862344554874,-0.4662502546652691,-0.09325686092353686,-0.6031097821540794,-0.15570489927740325,-0.6681897399548384,-0.1768286385069777,-0.40533744354092266,-0.6381145519849136,-0.6743542000900054,-0.5512467390076823,-0.8539940877932624,-0.5299352994154191,-1.0,-0.5255122105966857,-0.3370125252749959,-0.6382328755695564,-0.6027321114318743,-0.322987633624782,-0.5126853097722796,-0.18831453870543216,-0.4257302437919843,-0.20940252548497063,-0.28266113998105685,-0.554045645096211,-0.5132740901994589,-0.1935224789273357,-0.42772670600192836,-0.09331474584264268,-0.3587258961805601,-0.145520274760416,-0.24715895709535746,-0.40908081018456777,-0.4184225565044773,-0.1360519761173634,-0.3586087075943311,-0.04962581939791739,-0.3002873815983842,-0.08843652265995958,0.0,0.0,0.0,0.0,0.0,0.0,0.0,0.0,0.0,0.0,0.0,0.0,0.0,0.0,0.0,0.0,0.0,0.0,0.0,0.0,0.0,0.0,0.0,0.0,0.0,0.0,0.0,0.0,0.0,0.0,0.0,0.0,0.0,0.0,0.0,0.0,0.0,0.0,0.0,0.0,0.0,0.0,pain
0.0,0.0,-0.28176145006316483,-0.01515385481728341,-0.47834580120250597,-0.10253948309340657,-0.618829761683454,-0.16553345428048433,-0.6620879530938544,-0.1977285093783796,-0.4163262370736036,-0.6278885856917802,-0.6816648370809311,-0.5493764256181806,-0.855680829786108,-0.5275794784255883,-1.0,-0.5205656744386745,-0.35257279557534255,-0.6246192132283798,-0.6138552786375399,-0.32261462953941933,-0.5164894750197093,-0.19329204666189934,-0.42984418442766986,-0.2090202873693452,-0.3033596079032676,-0.5437572680236811,-0.5269106506314445,-0.1914749898569938,-0.4309926848232132,-0.09691639041957444,-0.36012516266125344,-0.15008786082302863,-0.27239487571255466,-0.4066782367045203,-0.435770142517718,-0.1384233358345964,-0.3649805077880648,-0.05317160609584496,-0.30480038970854634,-0.09342665351355092,0.0,0.0,0.0,0.0,0.0,0.0,0.0,0.0,0.0,0.0,0.0,0.0,0.0,0.0,0.0,0.0,0.0,0.0,0.0,0.0,0.0,0.0,0.0,0.0,0.0,0.0,0.0,0.0,0.0,0.0,0.0,0.0,0.0,0.0,0.0,0.0,0.0,0.0,0.0,0.0,0.0,0.0,pain
0.0,0.0,-0.25931642308688263,0.0038023545546771965,-0.45109768093841374,-0.0806211573211365,-0.5797864409206851,-0.14429904738391797,-0.6690229493757656,-0.1514930067318819,-0.3862271922244724,-0.6383918729804162,-0.6666231236845678,-0.551154192714395,-0.8531527899288932,-0.5232638861264617,-1.0,-0.508001985354673,-0.3191755337372993,-0.6314018128423395,-0.590009375000802,-0.3075070838614738,-0.5207136703320618,-0.14710089713085966,-0.44091632227931854,-0.13285092157566739,-0.2712149492895351,-0.5383277903715944,-0.5013941881154349,-0.168470406897619,-0.41813863760424974,-0.05587120653154997,-0.34408639680454395,-0.08669553164312993,-0.23625540961670286,-0.3902548752955512,-0.3982224711044408,-0.11185507732130076,-0.3344542443243776,-0.016419211642760372,-0.27193379345176855,-0.04862425135370341,0.0,0.0,0.0,0.0,0.0,0.0,0.0,0.0,0.0,0.0,0.0,0.0,0.0,0.0,0.0,0.0,0.0,0.0,0.0,0.0,0.0,0.0,0.0,0.0,0.0,0.0,0.0,0.0,0.0,0.0,0.0,0.0,0.0,0.0,0.0,0.0,0.0,0.0,0.0,0.0,0.0,0.0,pain
0.0,0.0,-0.26907371252965406,-0.000939331068603087,-0.45505718423872543,-0.08312239983008524,-0.5849431037524044,-0.12517894448850975,-0.6617834570695222,-0.15185556284866425,-0.3826480544399232,-0.6484747869765611,-0.6618722543345665,-0.5572323572433969,-0.8493204009316513,-0.5339636339200753,-1.0,-0.523960622012842,-0.31623393999464816,-0.6367363885192336,-0.5993947386420498,-0.2914191842891239,-0.5103982797329842,-0.15088719267446563,-0.42006338204783294,-0.16904719334644494,-0.2659924474326191,-0.5353840301718708,-0.5200659019702193,-0.15572280373764488,-0.42951261101158084,-0.04819579556949646,-0.3529132102731236,-0.09606232128050456,-0.23316721844967175,-0.37642948597183207,-0.4238070267435763,-0.08301536312681569,-0.35359382931005723,0.005348715259570006,-0.2840336517635257,-0.041352406345884545,0.0,0.0,0.0,0.0,0.0,0.0,0.0,0.0,0.0,0.0,0.0,0.0,0.0,0.0,0.0,0.0,0.0,0.0,0.0,0.0,0.0,0.0,0.0,0.0,0.0,0.0,0.0,0.0,0.0,0.0,0.0,0.0,0.0,0.0,0.0,0.0,0.0,0.0,0.0,0.0,0.0,0.0,pain
0.0,0.0,-0.255089561588323,-0.02128926039328911,-0.4374839334667278,-0.0991396950591063,-0.5746539167891485,-0.11870712456858837,-0.6645033127311046,-0.10248066183542331,-0.3703556408221966,-0.6484177013023513,-0.6567508220505115,-0.5552880616309491,-0.850197769621775,-0.5311386040065873,-1.0,-0.524106395499561,-0.3069869442178686,-0.6157621113043638,-0.6046870778957861,-0.2811900060112546,-0.5239472291648543,-0.13838706069273984,-0.4370956112172583,-0.16301336321299703,-0.2570577732368131,-0.49784874706659715,-0.51362365708856,-0.12034610174391794,-0.4289661361630927,-0.026989813572614842,-0.3597115557157394,-0.09359525570943815,-0.22274151147403942,-0.32610925308035915,-0.4116008710105122,-0.03511928862678045,-0.34389936152496176,0.03779720769920267,-0.27811111859701637,-0.02649596186287406,0.0,0.0,0.0,0.0,0.0,0.0,0.0,0.0,0.0,0.0,0.0,0.0,0.0,0.0,0.0,0.0,0.0,0.0,0.0,0.0,0.0,0.0,0.0,0.0,0.0,0.0,0.0,0.0,0.0,0.0,0.0,0.0,0.0,0.0,0.0,0.0,0.0,0.0,0.0,0.0,0.0,0.0,pain
0.0,0.0,-0.23808314392432636,-0.05706620637844272,-0.42976391765970023,-0.14126914272996705,-0.5766981100723967,-0.140593816119017,-0.6672216845703076,-0.12881396896881273,-0.3937589186717838,-0.629001279958429,-0.6746835098856899,-0.541101066363478,-0.855341736815975,-0.5251552616764736,-1.0,-0.5263394498092147,-0.33953842946784546,-0.5964850992093663,-0.6214599985297095,-0.27238260585840296,-0.5305916106831715,-0.15555110216404616,-0.44670670019466246,-0.19218671481700422,-0.2945000055387658,-0.4845541948094715,-0.5362731759585337,-0.12943149100554782,-0.4435163710811973,-0.05233227358280606,-0.3771180492265365,-0.1248190082386624,-0.26300336052028145,-0.32644569340816376,-0.44057276880889346,-0.05207467061966705,-0.36693457509106236,0.012413683369905972,-0.30335276600929906,-0.04738484654094004,0.0,0.0,0.0,0.0,0.0,0.0,0.0,0.0,0.0,0.0,0.0,0.0,0.0,0.0,0.0,0.0,0.0,0.0,0.0,0.0,0.0,0.0,0.0,0.0,0.0,0.0,0.0,0.0,0.0,0.0,0.0,0.0,0.0,0.0,0.0,0.0,0.0,0.0,0.0,0.0,0.0,0.0,pain
0.0,0.0,-0.23460606790835017,-0.08837328911851501,-0.424750527358818,-0.19434480724653058,-0.5652396358032129,-0.17798382586458972,-0.6658127619934793,-0.0877303879166944,-0.38000424404709454,-0.6153108494747992,-0.6656636808476585,-0.5242300920922253,-0.8498377011651348,-0.5009831442993995,-1.0,-0.5079066957036217,-0.315492929885105,-0.5656872389056833,-0.5948129112544576,-0.2373788153713631,-0.5309200410737439,-0.11207773080153145,-0.46324277567873284,-0.1270072454515864,-0.2695757571398,-0.4307505489387185,-0.5209535438692402,-0.08740597007946799,-0.4416303255148155,-0.01611317219142091,-0.3721495199371306,-0.07782395476852859,-0.2399528479174497,-0.2553366194726232,-0.4321605256863757,-0.007058425782226434,-0.37604954745150365,0.05489567017280105,-0.314151918902734,0.005815963012050576,0.0,0.0,0.0,0.0,0.0,0.0,0.0,0.0,0.0,0.0,0.0,0.0,0.0,0.0,0.0,0.0,0.0,0.0,0.0,0.0,0.0,0.0,0.0,0.0,0.0,0.0,0.0,0.0,0.0,0.0,0.0,0.0,0.0,0.0,0.0,0.0,0.0,0.0,0.0,0.0,0.0,0.0,pain
0.0,0.0,-0.2152220942048572,-0.12098890803779819,-0.4162212073411386,-0.21368599691847354,-0.5822718575578886,-0.18123565012176462,-0.680569585806981,-0.07405928622301707,-0.38435177127781367,-0.5959080121354685,-0.6707280981155895,-0.5144299492644631,-0.8515823068521804,-0.49767902332341596,-1.0,-0.5130697416163716,-0.32678495071257385,-0.5402923917358032,-0.6120631129683072,-0.21060297067683934,-0.5312926913564282,-0.10764662496862983,-0.45112701014944034,-0.1482753816830147,-0.2812451153339437,-0.40044746457294395,-0.5361901054537953,-0.06311030205025162,-0.4575420243755876,-0.005549813845272443,-0.38764559845970337,-0.07552472770017674,-0.25102492583639646,-0.22701661511347757,-0.44960724368688676,0.016624945300072223,-0.40278327230382266,0.07083578156823235,-0.3480455170055535,0.026231302456522516,0.0,0.0,0.0,0.0,0.0,0.0,0.0,0.0,0.0,0.0,0.0,0.0,0.0,0.0,0.0,0.0,0.0,0.0,0.0,0.0,0.0,0.0,0.0,0.0,0.0,0.0,0.0,0.0,0.0,0.0,0.0,0.0,0.0,0.0,0.0,0.0,0.0,0.0,0.0,0.0,0.0,0.0,pain
0.0,0.0,-0.24705540319733607,-0.07654253564311195,-0.4450022244201915,-0.17307410213673605,-0.6009875124960548,-0.17305338744951698,-0.7038826630191689,-0.11388662048790153,-0.40146894430808167,-0.6154474079382696,-0.6765254660985276,-0.5491600073898443,-0.856096753968368,-0.5364658383093411,-1.0,-0.550777358782638,-0.3422796962905696,-0.5764817966474483,-0.6193140692630091,-0.24609626500540227,-0.5359917288983777,-0.13639096033530815,-0.4531517677617002,-0.17223234717237695,-0.29826435810844715,-0.4470978602771866,-0.5499882737206654,-0.10021380287052574,-0.468971365638236,-0.028746365596083994,-0.3980330360722191,-0.08902433903487703,-0.2697598244422229,-0.27642947198984885,-0.47083119127677225,-0.010731010874327606,-0.43059523974881914,0.07435930395760522,-0.3826450744688991,0.0579492572058408,0.0,0.0,0.0,0.0,0.0,0.0,0.0,0.0,0.0,0.0,0.0,0.0,0.0,0.0,0.0,0.0,0.0,0.0,0.0,0.0,0.0,0.0,0.0,0.0,0.0,0.0,0.0,0.0,0.0,0.0,0.0,0.0,0.0,0.0,0.0,0.0,0.0,0.0,0.0,0.0,0.0,0.0,pain
0.0,0.0,-0.23745492976949376,-0.0730601020045086,-0.4401197378512546,-0.15298726409832483,-0.5992990099740227,-0.14845824819605713,-0.7056562893660708,-0.15071149520253527,-0.38999387223226384,-0.6372547419157754,-0.6697725712409682,-0.5782380203954602,-0.855312732304219,-0.5678936712886421,-1.0,-0.5816489529739928,-0.32314300976482613,-0.5901948763155277,-0.6199562682347948,-0.2651810382016589,-0.5444984163635281,-0.13977915851570774,-0.4618163283999815,-0.16950276203008985,-0.2730112491546734,-0.4579833749156941,-0.536816487111282,-0.09941721210450277,-0.4500417637450788,-0.021650942155625953,-0.37823835293342317,-0.09640184854830552,-0.23934026886601228,-0.2848249625970368,-0.44715926422045693,-0.017705681532020533,-0.38516390947349266,0.05111622413421474,-0.32202160106146116,-0.007037259064909295,0.0,0.0,0.0,0.0,0.0,0.0,0.0,0.0,0.0,0.0,0.0,0.0,0.0,0.0,0.0,0.0,0.0,0.0,0.0,0.0,0.0,0.0,0.0,0.0,0.0,0.0,0.0,0.0,0.0,0.0,0.0,0.0,0.0,0.0,0.0,0.0,0.0,0.0,0.0,0.0,0.0,0.0,pain
0.0,0.0,-0.2140254193602002,-0.0929706019296307,-0.413344448985211,-0.173934510337075,-0.575466805524196,-0.15728624812247136,-0.675853776893846,-0.10611579343297609,-0.4006037916537849,-0.593483759762827,-0.684707300072644,-0.534702395909216,-0.8602755373888743,-0.5288031651816462,-1.0,-0.5434531587320104,-0.33102038932211447,-0.5407012011506177,-0.6320446511370643,-0.2371790357214926,-0.546213724865654,-0.11149200377339281,-0.4635918228514494,-0.14622269945083538,-0.2775367420805217,-0.4053418168017385,-0.5468672969979673,-0.06649164417993067,-0.4554730768884029,0.00978744942221363,-0.3836784289541266,-0.06717097418512089,-0.24000480994384038,-0.23475888021307997,-0.44980580258447717,0.025855346090575118,-0.3794788111331763,0.08125659918397703,-0.31341881467556165,0.013508784214165596,0.0,0.0,0.0,0.0,0.0,0.0,0.0,0.0,0.0,0.0,0.0,0.0,0.0,0.0,0.0,0.0,0.0,0.0,0.0,0.0,0.0,0.0,0.0,0.0,0.0,0.0,0.0,0.0,0.0,0.0,0.0,0.0,0.0,0.0,0.0,0.0,0.0,0.0,0.0,0.0,0.0,0.0,pain
0.0,0.0,-0.2067687960453085,-0.10384234378012641,-0.40193664522003725,-0.2149490838330436,-0.5648795267591394,-0.23703949020643528,-0.678893114125125,-0.18838032310905375,-0.3969460345338801,-0.6320127156747263,-0.6823525294438837,-0.5949427648815359,-0.8589910092661753,-0.6033322585714957,-1.0,-0.6249673115777774,-0.33210011163480996,-0.585445218741038,-0.6272005910650026,-0.29500157973787694,-0.5333092673094715,-0.16766893878880282,-0.44616489871044784,-0.19740611901340105,-0.28477641443248525,-0.4591422752438062,-0.5373438044300711,-0.125300466144192,-0.43780573598772504,-0.046815847930381356,-0.36449060339505923,-0.12095626799483467,-0.2517764516980967,-0.29559432979418043,-0.4455918508208966,-0.03293009781412885,-0.36862455868604693,0.02703616870628379,-0.3045895354922544,-0.03801170140199711,0.0,0.0,0.0,0.0,0.0,0.0,0.0,0.0,0.0,0.0,0.0,0.0,0.0,0.0,0.0,0.0,0.0,0.0,0.0,0.0,0.0,0.0,0.0,0.0,0.0,0.0,0.0,0.0,0.0,0.0,0.0,0.0,0.0,0.0,0.0,0.0,0.0,0.0,0.0,0.0,0.0,0.0,pain
0.0,0.0,-0.20513615279727407,-0.11588677249567683,-0.41449606340647804,-0.2466777044590278,-0.5820899908707753,-0.2703790254649983,-0.703361549072063,-0.23211427393024237,-0.42253251901670624,-0.6393382297995024,-0.6968279178196463,-0.6068791200979712,-0.8632147254180649,-0.6137824918576082,-1.0,-0.6338848085004146,-0.3632847425147956,-0.5925661812273552,-0.6316648583626349,-0.3149492090328711,-0.5354927652558462,-0.2058223831408376,-0.449496573934726,-0.23929608139113862,-0.31581164383690674,-0.47186499548311234,-0.5451401792513031,-0.14689172443129478,-0.44164046729473155,-0.07694671705218352,-0.37123039568388244,-0.15199248562702852,-0.2822779129906644,-0.314357423275391,-0.45628163877934896,-0.060397312800343515,-0.37399503487730557,-0.005024652925565484,-0.3116760510508153,-0.0720335891165676,0.0,0.0,0.0,0.0,0.0,0.0,0.0,0.0,0.0,0.0,0.0,0.0,0.0,0.0,0.0,0.0,0.0,0.0,0.0,0.0,0.0,0.0,0.0,0.0,0.0,0.0,0.0,0.0,0.0,0.0,0.0,0.0,0.0,0.0,0.0,0.0,0.0,0.0,0.0,0.0,0.0,0.0,pain
0.0,0.0,-0.22260739892956216,-0.12074420246547175,-0.43252977999125525,-0.2568855976150361,-0.6012371359011538,-0.2906403191551149,-0.7230707843181132,-0.2692001334590148,-0.4258418691704396,-0.6680861982308887,-0.6992211454595146,-0.6472131127756332,-0.8677435746448992,-0.6635686306949197,-1.0,-0.691202415940055,-0.35617289429306825,-0.6187218257032306,-0.628612954022766,-0.3428897245861526,-0.5354611765764846,-0.23916079221552777,-0.4506235588349843,-0.2804596692539646,-0.3017926200785417,-0.4952751284744161,-0.5433506711042376,-0.16409248498523227,-0.44171011585640435,-0.0981870392389115,-0.36915170805161657,-0.17950136916176526,-0.26289841903364913,-0.3342763632468758,-0.4567335579273222,-0.07846977724061167,-0.3754165879900464,-0.026732786037391154,-0.3078924362581089,-0.09583717497336729,0.0,0.0,0.0,0.0,0.0,0.0,0.0,0.0,0.0,0.0,0.0,0.0,0.0,0.0,0.0,0.0,0.0,0.0,0.0,0.0,0.0,0.0,0.0,0.0,0.0,0.0,0.0,0.0,0.0,0.0,0.0,0.0,0.0,0.0,0.0,0.0,0.0,0.0,0.0,0.0,0.0,0.0,pain
0.0,0.0,-0.23925692885086255,-0.0961618968781373,-0.43533225427360556,-0.20446520338176055,-0.5812582125914834,-0.21532669486329448,-0.6859003507810544,-0.16383135721474154,-0.3573041875080845,-0.7316559336613732,-0.647433543182215,-0.7203844433143504,-0.8416240052768528,-0.7567869605223766,-1.0,-0.811168956228359,-0.2697804766842674,-0.6891879102091018,-0.6388101883380207,-0.3666683383632032,-0.5372529418546229,-0.21642282832094495,-0.43784316285800173,-0.26928921196123334,-0.19863837259118977,-0.5351705329236046,-0.5263912974740156,-0.16244456261843945,-0.4215542129657803,-0.061826728042393406,-0.33079240556418077,-0.1490481573979758,-0.1430164418489657,-0.3248296474973021,-0.40657713712386445,-0.01614660085482814,-0.32251444972693755,0.04599234709557507,-0.23267875201329855,-0.0373777074985681,0.0,0.0,-0.2524400355320008,-0.11831133861486826,-0.4454871627899796,-0.2621370566552212,-0.5925796036636651,-0.32467109447865067,-0.7058243301567185,-0.32987478232822054,-0.39893435136550587,-0.7359919537261406,-0.6829868522125794,-0.7362975035026319,-0.8617256218797513,-0.7689373556139452,-1.0,-0.8117653141580413,-0.3174581735765354,-0.6947938534802541,-0.6287751210084155,-0.4185240492650036,-0.541064041092358,-0.2849406711209467,-0.45288185661645336,-0.32224278466259487,-0.25927552785670066,-0.5673124535796259,-0.538444097722214,-0.2342561260946191,-0.44530240572767654,-0.15362394036343038,-0.36774414156958,-0.2297960075737421,-0.22104949925840928,-0.3914149724710031,-0.4443840697115383,-0.13646761233998128,-0.3738264634261134,-0.07311981307359916,-0.30255292352426433,-0.13159023348738622,pain
0.0,0.0,-0.25980301791852894,-0.13022626981688562,-0.45289582725453403,-0.26934294862504804,-0.601509152497831,-0.32738496657385024,-0.7205121714469378,-0.33098657865531483,-0.40712760551024235,-0.7559725531343416,-0.6779659226538411,-0.7417554734957911,-0.8588940482194513,-0.7667695312223234,-1.0,-0.7858627257368149,-0.32135157713843304,-0.7020616710691666,-0.6272866107964628,-0.4305532850636414,-0.5299560007652041,-0.3000273747252061,-0.44168429921025526,-0.34758223206424105,-0.2590363967905228,-0.5721271836174185,-0.5409205765825651,-0.24165273776237065,-0.44118163484435374,-0.16418406894050797,-0.36537747813725624,-0.23746588626155937,-0.21893764166420293,-0.39664701483452464,-0.4417907063774092,-0.14967559340352857,-0.3701013895410515,-0.092416041717793,-0.30034208744839863,-0.14956841330295706,0.0,0.0,0.0,0.0,0.0,0.0,0.0,0.0,0.0,0.0,0.0,0.0,0.0,0.0,0.0,0.0,0.0,0.0,0.0,0.0,0.0,0.0,0.0,0.0,0.0,0.0,0.0,0.0,0.0,0.0,0.0,0.0,0.0,0.0,0.0,0.0,0.0,0.0,0.0,0.0,0.0,0.0,pain
0.0,0.0,-0.27351008391715304,-0.10388908425523437,-0.4565719544985217,-0.23064745480373494,-0.5922970854307834,-0.3018717067832798,-0.7117123215729901,-0.35072044485993975,-0.41470757596597485,-0.7397380173210707,-0.6820282712763579,-0.7696485866809794,-0.8608164386777318,-0.8183258361180925,-1.0,-0.857542944456677,-0.3264221953692323,-0.7194307464965106,-0.6339587065539537,-0.448290495880258,-0.5375516709893511,-0.30494910208039155,-0.44383166069350477,-0.34022601902407623,-0.2617923245810589,-0.6037752045705411,-0.5459145981352715,-0.257883140838913,-0.44832639947818365,-0.1672159808350511,-0.36996490390663134,-0.2379507688559658,-0.22527836549066282,-0.432482076434321,-0.4467428549718552,-0.15662415832990562,-0.37772334502202165,-0.08975142241895073,-0.3087618030630208,-0.15088519667893024,0.0,0.0,0.0,0.0,0.0,0.0,0.0,0.0,0.0,0.0,0.0,0.0,0.0,0.0,0.0,0.0,0.0,0.0,0.0,0.0,0.0,0.0,0.0,0.0,0.0,0.0,0.0,0.0,0.0,0.0,0.0,0.0,0.0,0.0,0.0,0.0,0.0,0.0,0.0,0.0,0.0,0.0,pain
0.0,0.0,-0.27953508627770013,-0.10115985585937036,-0.46108041319690485,-0.2323614115195237,-0.5910230726430775,-0.3071283407289482,-0.7195226895134555,-0.34605945291258705,-0.4193498347779884,-0.7566994764490373,-0.6794833227094215,-0.7766098797639835,-0.8598470221630795,-0.8272742838631751,-1.0,-0.8617616638312066,-0.32488443939217937,-0.7266254406510106,-0.6392651339447261,-0.46966854239258976,-0.5417345717197809,-0.3233715302841873,-0.44680816111222327,-0.36242042861039686,-0.25695157385726825,-0.6072492500873169,-0.550917994937014,-0.28466326376830076,-0.4553904464529846,-0.18754112207079207,-0.37603674044576796,-0.25336539488583476,-0.21854277244035422,-0.43770486363916455,-0.44783473162713117,-0.17675310615498827,-0.3750948408955305,-0.11113362798915614,-0.299896765056189,-0.17062381138425795,0.0,0.0,0.0,0.0,0.0,0.0,0.0,0.0,0.0,0.0,0.0,0.0,0.0,0.0,0.0,0.0,0.0,0.0,0.0,0.0,0.0,0.0,0.0,0.0,0.0,0.0,0.0,0.0,0.0,0.0,0.0,0.0,0.0,0.0,0.0,0.0,0.0,0.0,0.0,0.0,0.0,0.0,pain
0.0,0.0,-0.25158380228987737,-0.055026291957559384,-0.4234112271186058,-0.16070083221903683,-0.5478883342296352,-0.21376776172420128,-0.6461968266362819,-0.20796593979644662,-0.3380054016638104,-0.7180338395673522,-0.6329795255568436,-0.7634790123344424,-0.8397784159733077,-0.8264223149508018,-1.0,-0.8828266416172916,-0.24580316520363105,-0.6951892049580062,-0.6040173364188924,-0.40710768694328003,-0.5228232143807098,-0.228270433446565,-0.42323688371922963,-0.2570789932523926,-0.17910700714525474,-0.5588583943992929,-0.5042670193916624,-0.1971735969083313,-0.4191511908784036,-0.08931827336950868,-0.325050164920068,-0.16004818217582759,-0.1374367377478254,-0.3598851059736388,-0.39653095866429416,-0.06817674309268243,-0.33518028535510735,0.006225989532177499,-0.24977665684683878,-0.06316393881755003,0.0,0.0,-0.3014290593977621,-0.10192532609505599,-0.47891556867394813,-0.23296109383065494,-0.605242332200356,-0.31060897133725823,-0.7379180418858947,-0.3564344896623964,-0.4325431999936652,-0.7580059941025438,-0.6847116003947881,-0.7959874584473253,-0.8591597062249505,-0.8469489709433635,-1.0,-0.8828904398172572,-0.3377680776511261,-0.7332279879365353,-0.6446405991855585,-0.49461315176457715,-0.5473426558234182,-0.3438507049801215,-0.4486585009545855,-0.3665883095982457,-0.26970172223345323,-0.6222512732713421,-0.5544653816991791,-0.30919744769779045,-0.4573834712991208,-0.2111827784370137,-0.37581424359733323,-0.2731263049030481,-0.23116894068656657,-0.45805011436820203,-0.4550378352089466,-0.20774479522653783,-0.3866621844790198,-0.13431199694251095,-0.31387559005525556,-0.18770814407043324,pain
0.0,0.0,-0.28306116605307946,-0.10953634021242545,-0.46771412783227484,-0.2539104425602352,-0.6024205484847024,-0.3384223927608045,-0.7327259396198375,-0.38635014166832155,-0.4287388143369321,-0.7686993345028801,-0.6868732853241246,-0.8076439763291394,-0.8580501664967537,-0.8494041637784769,-1.0,-0.8855786994914112,-0.3445067431167485,-0.7332330871482228,-0.6421975853302518,-0.48495075386631653,-0.5463393895443263,-0.3510669303388886,-0.4524742842549472,-0.386565411345777,-0.2851600454082701,-0.6203536060049448,-0.5586559106613799,-0.31398388842782776,-0.46281731066403525,-0.21531966091617838,-0.38663910855065786,-0.2817466862350022,-0.24997921497424963,-0.46718418954977897,-0.4605030196329212,-0.2206360835572945,-0.38971763533643233,-0.14184397364536833,-0.3198856287539514,-0.19493890480415607,0.0,0.0,0.0,0.0,0.0,0.0,0.0,0.0,0.0,0.0,0.0,0.0,0.0,0.0,0.0,0.0,0.0,0.0,0.0,0.0,0.0,0.0,0.0,0.0,0.0,0.0,0.0,0.0,0.0,0.0,0.0,0.0,0.0,0.0,0.0,0.0,0.0,0.0,0.0,0.0,0.0,0.0,pain
0.0,0.0,-0.2718672992734826,-0.03793083329492544,-0.4551083693057638,-0.1514281474511325,-0.5880321724026741,-0.2245386546333192,-0.6794901954202343,-0.23829445167164015,-0.3644776478066608,-0.7441282328010133,-0.6545576578806286,-0.7615221673026392,-0.845489719251198,-0.8158263064654822,-1.0,-0.8780765719239476,-0.2781329804602855,-0.7238891838674073,-0.6224314334792656,-0.42320504387513147,-0.5357834104022066,-0.25991884878986726,-0.44011765868697234,-0.29453585818368244,-0.21816640820154543,-0.5899298330024927,-0.5260834865874763,-0.2333157234266019,-0.4394821746094628,-0.11521372503520427,-0.3545388402344542,-0.17525045274688347,-0.1826954559780305,-0.3990735217602234,-0.4222173616629933,-0.10868287399716554,-0.3611622254268759,-0.014093964082361791,-0.2865216189356494,-0.06061839634047844,0.0,0.0,-0.2938179842572745,-0.10773235040414883,-0.4803589632568434,-0.24521911984364583,-0.6181979723333549,-0.32605158802370227,-0.7274785562677306,-0.37322873702129383,-0.4414105944287756,-0.7584244667722986,-0.6943275085724276,-0.7916861990574176,-0.8620630632016512,-0.825119773858251,-1.0,-0.8563315524995769,-0.35830230100130156,-0.7230662557954639,-0.6484386531598949,-0.47461597137358824,-0.5545904276214707,-0.34345555788597687,-0.46000635592186945,-0.3682517575399656,-0.3007715278713177,-0.6080068106666927,-0.5678195998770839,-0.3132094741506459,-0.476604692051083,-0.21277150085677377,-0.4011844376716315,-0.26776440766297555,-0.2690381434104586,-0.451394119308983,-0.47523925693495234,-0.22075444867630611,-0.410743684130944,-0.1396701449142682,-0.3449167445523484,-0.1820471096126377,pain
0.0,0.0,-0.29382736081721067,-0.08862065606785588,-0.47880121430880135,-0.21607518453841737,-0.6114521161866111,-0.29401234249980257,-0.713259740302604,-0.35126425001786493,-0.4383824863948275,-0.7478063359987326,-0.6927476511355994,-0.784293627488493,-0.8597435877558092,-0.8188784476152983,-1.0,-0.8583116299672475,-0.3517683826698414,-0.7157234506958957,-0.6496877532224615,-0.45182029267479445,-0.5533654116644536,-0.31259970109723306,-0.4578726477103681,-0.33962130335023316,-0.29246095255434756,-0.5986013389143049,-0.5619032757646287,-0.2850834839219832,-0.4686057301184796,-0.18294197170670626,-0.3925724251259775,-0.24124743050080835,-0.25927907649161436,-0.4364949056735417,-0.46922914141557964,-0.19655263223945196,-0.4059405370624617,-0.10909943318081683,-0.34248122762134203,-0.14813809028441663,0.0,0.0,0.0,0.0,0.0,0.0,0.0,0.0,0.0,0.0,0.0,0.0,0.0,0.0,0.0,0.0,0.0,0.0,0.0,0.0,0.0,0.0,0.0,0.0,0.0,0.0,0.0,0.0,0.0,0.0,0.0,0.0,0.0,0.0,0.0,0.0,0.0,0.0,0.0,0.0,0.0,0.0,pain
0.0,0.0,-0.288707806726414,-0.040102745700604944,-0.4811841281585331,-0.1651622889682478,-0.6172798373667991,-0.2650883711263499,-0.6583876823922001,-0.30593657213505593,-0.3580881552212907,-0.7374338423359035,-0.6537449763714978,-0.7525517796026809,-0.842717099909842,-0.7993982954161074,-1.0,-0.8602818283362488,-0.2822750913411909,-0.7090036195730939,-0.6209590907238638,-0.4329975463341523,-0.532315666945872,-0.282981490450311,-0.4392290027348306,-0.3237543687895537,-0.23534448514016243,-0.5819280989325403,-0.5340229807870402,-0.2526786624327887,-0.45182104011241014,-0.1469919901913146,-0.37009953053851025,-0.20868265134600913,-0.21127530545285314,-0.39766324370300987,-0.4329658629890606,-0.12736764506762552,-0.37060108386930163,-0.04452426610462937,-0.29509289746083894,-0.09396921474821854,0.0,0.0,-0.30637320676917423,-0.10222860944315898,-0.5117166398177416,-0.23120131375812658,-0.6432224282862706,-0.31127898662362,-0.7056470072729537,-0.36981074757244686,-0.4461067189764091,-0.7616588515524166,-0.7117465257592945,-0.7647858317190422,-0.8701141518938112,-0.7915759703097868,-1.0,-0.8340750024996982,-0.3629498936449559,-0.7193800986304032,-0.6614137749384718,-0.4670836256727204,-0.5679976954354109,-0.34527726091862654,-0.4736979503154292,-0.38195966315366686,-0.3033949766982253,-0.5978751418371665,-0.5739409031416003,-0.32251671229837076,-0.49134373836429773,-0.22226271577577592,-0.4227131116965403,-0.28197139495732926,-0.26960636273224786,-0.44001467622303203,-0.47472875194931863,-0.23598017605521032,-0.41910963850498595,-0.16130287074092414,-0.3612734605278326,-0.20236911074712222,pain
0.0,0.0,-0.31505775199810143,-0.08116655111906759,-0.5209570331113947,-0.21501383768147359,-0.651429457723594,-0.29617683828132446,-0.7113255956930333,-0.35421381226723075,-0.471585942186335,-0.7479378023781004,-0.7202882274126245,-0.7694479690095734,-0.8717552458921427,-0.801126448938862,-1.0,-0.8493234392197827,-0.3837810413485993,-0.7160876828750984,-0.6681753881745286,-0.45392547273294676,-0.5775018546791172,-0.3372505526663465,-0.4848349849476672,-0.3719677164368484,-0.31687879461741286,-0.5974419443390708,-0.5756707211104529,-0.29461255426221145,-0.49150790551134016,-0.19993851995672104,-0.42214402774637333,-0.26506513334068355,-0.2762384304462629,-0.43220134060130844,-0.47541863424606595,-0.19439503824282936,-0.4122915237894131,-0.1264896763982038,-0.3498608757075344,-0.18143639057953817,0.0,0.0,0.0,0.0,0.0,0.0,0.0,0.0,0.0,0.0,0.0,0.0,0.0,0.0,0.0,0.0,0.0,0.0,0.0,0.0,0.0,0.0,0.0,0.0,0.0,0.0,0.0,0.0,0.0,0.0,0.0,0.0,0.0,0.0,0.0,0.0,0.0,0.0,0.0,0.0,0.0,0.0,pain
0.0,0.0,-0.31347403920678735,-0.0673838462088043,-0.5125456724201992,-0.18809844157599304,-0.6507888348927126,-0.26930923725727135,-0.7032144128808084,-0.33343698430655855,-0.44573397183881797,-0.7509574968406137,-0.7032058936227351,-0.7649648028788897,-0.8654948556266505,-0.8045199117327416,-1.0,-0.8604258970730346,-0.36285146538015545,-0.7219657839489045,-0.6613860174578959,-0.45475257460691854,-0.5696156013947574,-0.32247328002472136,-0.4787168603281192,-0.3518054728101102,-0.3083129177703785,-0.6074792502820552,-0.5731338613595303,-0.2955272539778643,-0.48512082534572215,-0.1982224180791048,-0.4150925239831636,-0.2575685379152485,-0.2789449053771814,-0.44120811598737525,-0.4829207269482914,-0.20853188206481257,-0.42200493381214144,-0.1274178961343673,-0.36396226046121327,-0.168584693720087,0.0,0.0,0.0,0.0,0.0,0.0,0.0,0.0,0.0,0.0,0.0,0.0,0.0,0.0,0.0,0.0,0.0,0.0,0.0,0.0,0.0,0.0,0.0,0.0,0.0,0.0,0.0,0.0,0.0,0.0,0.0,0.0,0.0,0.0,0.0,0.0,0.0,0.0,0.0,0.0,0.0,0.0,pain
0.0,0.0,-0.2835311076446752,-0.0424891640989059,-0.4737967537189365,-0.15455379175139536,-0.6006029427870342,-0.21436855778177044,-0.6710989522746759,-0.20600347893350857,-0.37386226738455436,-0.7159697699819146,-0.6602931440540922,-0.7077861116948799,-0.8467702946832306,-0.7389575187291139,-1.0,-0.7803300398903238,-0.3020493246863188,-0.6873999165292755,-0.6206901825206778,-0.4029721892516149,-0.534903540007242,-0.2628050110060985,-0.44309388285880325,-0.29821223665035734,-0.2544823581762337,-0.5611556255420417,-0.5382357090916984,-0.22233034279236213,-0.4528183209360561,-0.11626455681090526,-0.37184801816228247,-0.17478582260596393,-0.2277616131358846,-0.378926010010567,-0.4364897304369189,-0.09902134028725375,-0.36759949641302814,-0.01602050853996284,-0.29057210005831113,-0.06490638156382304,0.0,0.0,-0.28998530379073806,-0.0730920260105897,-0.4942519195656741,-0.18145454689879026,-0.6272760869934932,-0.23635284711430954,-0.6835412538205714,-0.3034545715435317,-0.4576049853256859,-0.6854508139333221,-0.7119240526464633,-0.7040386519163476,-0.8694630165428336,-0.7337505355393975,-1.0,-0.7705263964021122,-0.38329660893449274,-0.6550373698806023,-0.6503749310430968,-0.4064359844184131,-0.5629156317827141,-0.3070669610864624,-0.4733126473656248,-0.34344504360133404,-0.32451116085999554,-0.5429959593826146,-0.565981967177889,-0.26633490635354673,-0.4855708603020977,-0.1823456274271124,-0.42280538831812775,-0.24774706837052127,-0.28687986269009164,-0.3915733722326476,-0.470294379400092,-0.1839556826445722,-0.40968522045688704,-0.11659345718775596,-0.35550956109039333,-0.16301294796018428,pain
0.0,0.0,-0.24317463385357194,-0.058852491118135786,-0.44335392416909747,-0.17014727237123523,-0.5878545434200454,-0.21455913655818543,-0.6708364592578653,-0.1856588092579924,-0.3820572355722158,-0.6455801758316655,-0.6547486502363835,-0.6516183176210592,-0.8419194744886411,-0.6851616283121025,-1.0,-0.728702345015602,-0.3162920219624279,-0.6288265766739485,-0.6132334054733137,-0.3464982439721579,-0.5221427354361586,-0.21874766350386682,-0.4305477637029935,-0.2547969696121989,-0.2662504418679762,-0.506787855052045,-0.5247975036684579,-0.16255350099309032,-0.43505799596660366,-0.0735713359290163,-0.35333975896260844,-0.1394293736028707,-0.2320240477904058,-0.32737496089945245,-0.4326822085515123,-0.032449512610085524,-0.35452816129516274,0.038564202463270914,-0.2760786029088264,-0.023125398952741107,0.0,0.0,-0.29784852673416823,-0.05769481636912692,-0.4949739282647956,-0.17159836945258608,-0.6325879111525594,-0.23597395231962578,-0.6975910012730556,-0.2784133804067857,-0.44493479290641563,-0.6994838157251976,-0.6995512386387187,-0.7044765807724191,-0.8650637360481985,-0.7345047573052669,-1.0,-0.7703976864804453,-0.3777575162092548,-0.6686130262456701,-0.6526727691920537,-0.3896204795422921,-0.5631989778547533,-0.2687204403144151,-0.4733444725700921,-0.2959842773929005,-0.33087835287325695,-0.5550494789353703,-0.5720837681706487,-0.24293204325428547,-0.487874052609764,-0.1527761587026675,-0.4213703111584806,-0.20873532655357196,-0.30209443556266097,-0.39184532004026407,-0.483447732554697,-0.15754294712378245,-0.41852605878260357,-0.07992009170441425,-0.3594096944666489,-0.11847975323444948,pain
0.0,0.0,-0.3096041307645641,-0.06653862792237474,-0.5089871464831573,-0.18151174687784677,-0.6435523853179661,-0.24980681364689286,-0.6908217624604069,-0.28135669492415993,-0.47847679023759376,-0.6772368903734335,-0.7257901363748015,-0.6925922559124437,-0.8774603457046096,-0.7112806259843865,-1.0,-0.7385178064758205,-0.40027748174996597,-0.6504582252643781,-0.6629884861836137,-0.39440704071258137,-0.5774441635672394,-0.27863912737663055,-0.48990537640231757,-0.29773198641216225,-0.34081747516106387,-0.5380141616266723,-0.5717279363648731,-0.2443551740611298,-0.49146891901388245,-0.15112440066456365,-0.4259133398190824,-0.2034392521918415,-0.3063052956850427,-0.3780714631553363,-0.48062804744783194,-0.14649979079268619,-0.42172532530286705,-0.07160911692593545,-0.3649310518453761,-0.10808352561709711,0.0,0.0,0.0,0.0,0.0,0.0,0.0,0.0,0.0,0.0,0.0,0.0,0.0,0.0,0.0,0.0,0.0,0.0,0.0,0.0,0.0,0.0,0.0,0.0,0.0,0.0,0.0,0.0,0.0,0.0,0.0,0.0,0.0,0.0,0.0,0.0,0.0,0.0,0.0,0.0,0.0,0.0,pain
0.0,0.0,-0.26447790863956583,-0.05847772104113836,-0.467529180606272,-0.17210575943628317,-0.6034932801914162,-0.21547259170518743,-0.667753640479133,-0.16318002372955548,-0.38796276335774854,-0.6857713175169209,-0.6629126136904067,-0.6697920454975554,-0.8499286632295563,-0.6932193042073062,-1.0,-0.7296084623346789,-0.30840457411042965,-0.6588374492538026,-0.6099516028969146,-0.32339303022473964,-0.539825006870381,-0.18655511691166912,-0.4567458913475985,-0.2196359603147046,-0.24517468869357442,-0.5321983079938323,-0.5064417021430652,-0.16315764356627901,-0.43371966541655904,-0.08426822625686832,-0.3583732254258402,-0.15208077922462607,-0.19784755488488204,-0.3475754548850466,-0.39775935071196894,-0.06146613107864159,-0.34650976416902945,0.007106360080371116,-0.27720629738300195,-0.0415504187229813,0.0,0.0,-0.2944737581549931,-0.05109137084473452,-0.4948272240169818,-0.17690995942046428,-0.6309002983425949,-0.2589925873711843,-0.7116319764377582,-0.2750339416413302,-0.47125128204577166,-0.6591104093251805,-0.7193868423017886,-0.6690651018679051,-0.8741505187550738,-0.6828880938578389,-1.0,-0.7059074305197006,-0.4010067249311362,-0.6330535173855883,-0.6569831132611215,-0.3762630400642997,-0.5718853607968267,-0.25863450104041136,-0.48667934967439125,-0.2817508138203594,-0.3461606859354542,-0.5259503793888409,-0.560505575992474,-0.23263926012325906,-0.4796030480050589,-0.14225080226918743,-0.4157685854327364,-0.19689214375245462,-0.3101124331979608,-0.3712570844949425,-0.46697842294804176,-0.13934796589234416,-0.40462304765046475,-0.06819489567142664,-0.3478146525810422,-0.11010147301619366,pain
0.0,0.0,-0.29516069194456024,-0.05225799661381309,-0.49198246077832575,-0.17642619435740486,-0.629837947558578,-0.25244247170097467,-0.7075625117230631,-0.2520869469373075,-0.46148771782107245,-0.6590263372855422,-0.71291748261948,-0.662517496542128,-0.8709637096785332,-0.6731460847662749,-1.0,-0.6924777092603013,-0.393171714593449,-0.6289422295739697,-0.6506340744104767,-0.3632173029786456,-0.5631067505229971,-0.24953888134285046,-0.4800600883811911,-0.27634826620213643,-0.34060791695913895,-0.5176946083716552,-0.5602492927488142,-0.2140217640823856,-0.4779672712797593,-0.1305552125538087,-0.41581894590636853,-0.18917784829341208,-0.3057681475778598,-0.35780818845077667,-0.4686968318517039,-0.11328394660664458,-0.40523110352731945,-0.04380772270504898,-0.3479813955852498,-0.08694997598066961,0.0,0.0,0.0,0.0,0.0,0.0,0.0,0.0,0.0,0.0,0.0,0.0,0.0,0.0,0.0,0.0,0.0,0.0,0.0,0.0,0.0,0.0,0.0,0.0,0.0,0.0,0.0,0.0,0.0,0.0,0.0,0.0,0.0,0.0,0.0,0.0,0.0,0.0,0.0,0.0,0.0,0.0,pain
0.0,0.0,-0.2616912692299861,-0.06354192100067382,-0.4639997549053032,-0.195705500040818,-0.5951784717187434,-0.24338725354392546,-0.6386080564046588,-0.19616990965682446,-0.3837002312520771,-0.6962953525599412,-0.6537721699081623,-0.6779864798143408,-0.8448563646067566,-0.6976336592731635,-1.0,-0.7327251672089449,-0.2974945231983438,-0.6758975705922231,-0.584706651350739,-0.35043273598350694,-0.49344437069601477,-0.21401997708588757,-0.4044466006467735,-0.25822183423864564,-0.22365264701338475,-0.548420680388109,-0.479583817249025,-0.18228693901195828,-0.3999370076739673,-0.10099246539298376,-0.3251905975546947,-0.17293709939766858,-0.17146354225725866,-0.35663669549580584,-0.382280101766606,-0.07551681448629216,-0.328289401541145,-0.005961480155268985,-0.2586227284606689,-0.05712200914883207,0.0,0.0,-0.2868476674823277,-0.08919937583401687,-0.4939700704695167,-0.21651691532206108,-0.6353180780774736,-0.2835347020397321,-0.7372639687483941,-0.32734099222140844,-0.4508225306658213,-0.6860891286211638,-0.7135742682343096,-0.6805101838691247,-0.8725087760951686,-0.7033611975593909,-1.0,-0.7448421903999026,-0.3867566165909637,-0.6426292923419811,-0.6596174276682173,-0.3865010458424693,-0.5860813669558307,-0.266229695582606,-0.4976310146997402,-0.275952668175388,-0.3404379256621547,-0.5280735165421827,-0.5692161373714122,-0.24620856372441605,-0.4863904764213874,-0.1613325422229257,-0.4129260853103088,-0.2115833019588217,-0.3090097380689556,-0.37905533670912406,-0.4806843562491546,-0.1739116246720925,-0.4223715288086637,-0.09618853435817813,-0.35986313240989337,-0.12258185621522595,pain
0.0,0.0,-0.28941040227283166,-0.08144171275974516,-0.490476940338169,-0.20708849214941374,-0.6312848978734852,-0.2724245287351797,-0.7303830482451824,-0.2874072397299372,-0.45498953473876214,-0.6957459861294281,-0.7149554816316622,-0.6991588423255845,-0.8720908870211077,-0.7281919046775452,-1.0,-0.7723139709597202,-0.3864266545938888,-0.6521032222506545,-0.6422767028193873,-0.38876214659239283,-0.5618073735803004,-0.2786413532009265,-0.47652664868872574,-0.30251494334324086,-0.33651260752317774,-0.5346616669619249,-0.5586901036028056,-0.2433648931493547,-0.47936145503218314,-0.16514182233332678,-0.41387188420631327,-0.22530231154328156,-0.30381407922104336,-0.37825784566528226,-0.47439554094574465,-0.16513296458870538,-0.4143725108097291,-0.09777670610003346,-0.35426254355057774,-0.1368524824649463,0.0,0.0,0.0,0.0,0.0,0.0,0.0,0.0,0.0,0.0,0.0,0.0,0.0,0.0,0.0,0.0,0.0,0.0,0.0,0.0,0.0,0.0,0.0,0.0,0.0,0.0,0.0,0.0,0.0,0.0,0.0,0.0,0.0,0.0,0.0,0.0,0.0,0.0,0.0,0.0,0.0,0.0,pain
0.0,0.0,-0.28785710035503426,-0.06340138707992568,-0.48094847705500055,-0.18322545668515666,-0.619415813240068,-0.25108427601436006,-0.7185913667828077,-0.25613244034829064,-0.44703344727046734,-0.6779538257092421,-0.7065311101267413,-0.6799584140479858,-0.8694696964688303,-0.7092447753102418,-1.0,-0.7476393856650777,-0.3793888385684912,-0.6461650347431125,-0.6332624807441836,-0.3698055575757175,-0.5503913971954275,-0.25565145815289614,-0.4677332019860763,-0.2818198647299558,-0.3296985844908861,-0.536252173510608,-0.5521080573608458,-0.2317335854495448,-0.4734782120024066,-0.1525077188551632,-0.41126886739436574,-0.2101419475977336,-0.298475402140784,-0.3799170925535361,-0.4686125233879659,-0.1554375780976245,-0.4112873794238792,-0.086312998750438,-0.3555936080606666,-0.12334499150430074,0.0,0.0,0.0,0.0,0.0,0.0,0.0,0.0,0.0,0.0,0.0,0.0,0.0,0.0,0.0,0.0,0.0,0.0,0.0,0.0,0.0,0.0,0.0,0.0,0.0,0.0,0.0,0.0,0.0,0.0,0.0,0.0,0.0,0.0,0.0,0.0,0.0,0.0,0.0,0.0,0.0,0.0,pain
0.0,0.0,-0.27210734124848057,-0.06786626879295385,-0.4681167341598138,-0.17942319353464417,-0.5968653182759664,-0.2332442626224147,-0.6934587316441183,-0.19998628973561272,-0.3767939512889949,-0.7482293975673022,-0.6448774679626087,-0.7558165106548997,-0.8395604618058718,-0.7990990792039213,-1.0,-0.8382639676769015,-0.29496805692428163,-0.7209988801750498,-0.617250365070295,-0.3886340067925619,-0.5462109522008655,-0.23412668836385017,-0.4521479567565379,-0.2612624301029558,-0.23846290453331273,-0.5901008210516049,-0.5339798321090712,-0.22919559394429584,-0.46107067043192856,-0.12707160714663635,-0.37541556363448986,-0.18286410183505908,-0.205184228227134,-0.39978440839289014,-0.43785799662672287,-0.12318764567155911,-0.38163211035934697,-0.03151704535521087,-0.3016837860941113,-0.07089678931372305,0.0,0.0,-0.30868037546917,-0.0865429505567151,-0.5174213462820428,-0.20901916189019,-0.6659524456029162,-0.27229061497245094,-0.7691065849159767,-0.2773095223474,-0.4650126628731071,-0.7159987244643157,-0.7244783732332832,-0.7112883428320296,-0.8771819687789705,-0.7495729101080284,-1.0,-0.8044320425809917,-0.3980348315945158,-0.6769887147646215,-0.6571191390282105,-0.4097477117674086,-0.5748737227071248,-0.2929507416825677,-0.482128442892033,-0.31320541969489246,-0.3474902503645709,-0.5636424978303316,-0.5747867879954631,-0.2765929583623424,-0.49714484210806686,-0.18493306767071943,-0.4237501193040192,-0.2313266089025584,-0.313557967695801,-0.41208126138937207,-0.48669233028679576,-0.2116090764278194,-0.43203740190250145,-0.13135206042665337,-0.3682321326971439,-0.15451257741813523,pain
0.0,0.0,-0.2865437985703597,-0.11161830152140437,-0.498343202238689,-0.2498254634316527,-0.6488847950827089,-0.3151916706105064,-0.7283999203658856,-0.2864305856611615,-0.4463642290335661,-0.7172738639527402,-0.7072056165925455,-0.7223141488795966,-0.868927176758853,-0.7516767255437974,-1.0,-0.7913305096852874,-0.388603695900884,-0.6641442779153576,-0.6526989919045069,-0.4126910901055383,-0.5697170100855758,-0.30962613939743777,-0.4833297841984815,-0.33392417122566836,-0.3442392535341489,-0.5401430256419538,-0.5763788581438397,-0.2661943557588596,-0.4944997394947855,-0.1935952299627591,-0.4234544031157425,-0.24636168751927795,-0.31196856839965853,-0.3759739102005986,-0.48986109084103713,-0.1855105189810684,-0.427132667430918,-0.11978657441226519,-0.36102788079681863,-0.14745249775018224,0.0,0.0,0.0,0.0,0.0,0.0,0.0,0.0,0.0,0.0,0.0,0.0,0.0,0.0,0.0,0.0,0.0,0.0,0.0,0.0,0.0,0.0,0.0,0.0,0.0,0.0,0.0,0.0,0.0,0.0,0.0,0.0,0.0,0.0,0.0,0.0,0.0,0.0,0.0,0.0,0.0,0.0,pain
0.0,0.0,-0.24989564770478584,-0.06415649066612443,-0.45128181928840827,-0.19380005120841123,-0.5882825081301515,-0.26230879045079725,-0.686783146369776,-0.22088734196165524,-0.38707542607217027,-0.7189264515695751,-0.6476101109095835,-0.7309366428828936,-0.8405585541132526,-0.77159229709833,-1.0,-0.8141638361349496,-0.30916495311258996,-0.7016121321960527,-0.6003393373407724,-0.3799165088362492,-0.5205652140049875,-0.23928505968951286,-0.4325856190178152,-0.26898966923936857,-0.24551075260041255,-0.5771929489095826,-0.5019846757197044,-0.22333303329619403,-0.42121716517137797,-0.1374372195604938,-0.33973049824664825,-0.19746532355740823,-0.1961436055478577,-0.38985691026728647,-0.40935761426634626,-0.11958003506237119,-0.35184096103916696,-0.034899604930371954,-0.27828833320352453,-0.07169410762814112,0.0,0.0,-0.2733121774407609,-0.102181679576965,-0.4849496788655119,-0.2314082869144468,-0.6378876366183219,-0.2890231752363048,-0.7196989217329709,-0.26309746577830817,-0.4361778578464601,-0.6985662005781333,-0.6983079493043041,-0.7071389778259243,-0.864373615418805,-0.7389800006718417,-1.0,-0.7774376929967108,-0.38195829416684157,-0.6478627377003947,-0.642534994503908,-0.39333338899651515,-0.56318311588123,-0.28922511608200585,-0.4790370839120524,-0.307979595430933,-0.3413771161798695,-0.5261157086094567,-0.5736642341208962,-0.25454488261508734,-0.4917713959724063,-0.1802962821719437,-0.42032821989338687,-0.2283962615312592,-0.31193724765889397,-0.36400730637513656,-0.49163819268379966,-0.1759017386912641,-0.42904196738538836,-0.10797582845746515,-0.3645098284027081,-0.13385144105181665,pain
0.0,0.0,-0.28605622836948497,-0.10395704749656763,-0.48203667004904843,-0.2388651137669438,-0.625931541639013,-0.30529870910591295,-0.7239775113654598,-0.3073328015638517,-0.43025464522828744,-0.7345040882163599,-0.6988777939889982,-0.7516624508779178,-0.8642671469691153,-0.7873010395365593,-1.0,-0.8279006431895316,-0.36268275513117626,-0.6865138355806353,-0.6318820463784103,-0.41701057511865713,-0.5434181020238542,-0.30529701332228815,-0.45166221770766934,-0.32783567347940673,-0.3142019970819803,-0.5610627306398213,-0.5571704832750161,-0.27242255197205856,-0.47190987418769315,-0.18361521143348195,-0.39731659199212815,-0.23391384952845556,-0.2832102795011768,-0.39363123022954766,-0.4755952359502737,-0.18969629151198825,-0.41146451477377294,-0.1154167292870099,-0.3421862424042142,-0.15131477284024467,0.0,0.0,0.0,0.0,0.0,0.0,0.0,0.0,0.0,0.0,0.0,0.0,0.0,0.0,0.0,0.0,0.0,0.0,0.0,0.0,0.0,0.0,0.0,0.0,0.0,0.0,0.0,0.0,0.0,0.0,0.0,0.0,0.0,0.0,0.0,0.0,0.0,0.0,0.0,0.0,0.0,0.0,pain
0.0,0.0,-0.29002073092209757,-0.044157054484432225,-0.4792044722863669,-0.17658850248534405,-0.6135428060490442,-0.2705253402267752,-0.6788045431213244,-0.29162349424710793,-0.3705478909870677,-0.7861608513904896,-0.6339870152232593,-0.8165099855800265,-0.836060869099229,-0.8697129144042234,-1.0,-0.9225399065489965,-0.2703670224645288,-0.7792438341080113,-0.5947971125233974,-0.4320366600827877,-0.5043068143827607,-0.25657977596676523,-0.403310963015393,-0.29000984997623874,-0.19684501534349377,-0.6582025602321558,-0.4976139445849749,-0.2744359521684501,-0.4228710953385756,-0.15549034846501136,-0.33294443019342784,-0.2147691974567965,-0.15707352608747574,-0.4629488832205206,-0.39475853957032775,-0.17041356571044008,-0.3521607246274704,-0.060587282731313266,-0.2726667103717992,-0.09323338459165578,0.0,0.0,-0.29526884970333894,-0.07521939983370006,-0.48899368774277807,-0.20261332972859608,-0.6256560438442637,-0.2815723450784446,-0.7319694462589137,-0.3291234403205282,-0.4304792811064088,-0.7229938301059483,-0.6971061878803134,-0.7571820984376203,-0.865610290027909,-0.8014902774262984,-1.0,-0.8486228159659622,-0.36068270550202214,-0.6953196872770664,-0.6335520351982834,-0.40154362993300174,-0.5465780182732336,-0.27270271538660695,-0.44982405573810025,-0.2833539056347747,-0.3130911916942542,-0.5831725385486457,-0.5574245649222088,-0.27019900979005024,-0.4737262481982863,-0.16936816126289156,-0.399759374805626,-0.2133264951108131,-0.28502678515893143,-0.4256896810728165,-0.47297176830551224,-0.2024166260422657,-0.4137680005766382,-0.11468318917752485,-0.3521049876734602,-0.14068490157742433,pain
0.0,0.0,-0.3290789629571124,-0.0772732209146197,-0.5219700260642919,-0.20299788721270043,-0.6565609943922281,-0.29274691967459127,-0.7490517139246505,-0.35574895347918806,-0.4334960706105363,-0.7700798712581944,-0.6885766329673801,-0.8005657136087196,-0.8601744530447832,-0.8499995063581076,-1.0,-0.8964033251717873,-0.3629092291288208,-0.746535127557065,-0.6418351630992812,-0.47434987362767556,-0.5624461930337256,-0.32405023299897323,-0.4674077876944949,-0.3164269212542453,-0.3191187504936419,-0.6415325606192244,-0.570082833109549,-0.33586110891714716,-0.4961352776242003,-0.2168475041465919,-0.4215139009556907,-0.23852035779164363,-0.2969265855777585,-0.48171451702077245,-0.4848713569228339,-0.24574776873864623,-0.4283394874022589,-0.15035591580443883,-0.3620883026617171,-0.1698315693863044,0.0,0.0,0.0,0.0,0.0,0.0,0.0,0.0,0.0,0.0,0.0,0.0,0.0,0.0,0.0,0.0,0.0,0.0,0.0,0.0,0.0,0.0,0.0,0.0,0.0,0.0,0.0,0.0,0.0,0.0,0.0,0.0,0.0,0.0,0.0,0.0,0.0,0.0,0.0,0.0,0.0,0.0,pain
0.0,0.0,-0.3195336738535629,-0.07172719054704031,-0.5108699372446853,-0.19731080289354952,-0.6444086967551255,-0.29132247212049345,-0.7334635618523387,-0.3346074319848759,-0.4234433480775774,-0.7520581206424115,-0.6847677932557666,-0.7964826219923453,-0.8599295135204785,-0.8512676895695714,-1.0,-0.9016848503395472,-0.3459963035368066,-0.7375043034804335,-0.6316296248573057,-0.4479913064661933,-0.5583768379133103,-0.2939589201334431,-0.47022142539325257,-0.2929381647744775,-0.2945553674215961,-0.6296882770173005,-0.5583808645616691,-0.3094313164522812,-0.48789388170915116,-0.19542280814429897,-0.4141508503274672,-0.2230098793817484,-0.2701251884974763,-0.46104368712136923,-0.47340902090031833,-0.23296073413852877,-0.43072252164826824,-0.1347014542240548,-0.37218663112478384,-0.14613965221838124,0.0,0.0,0.0,0.0,0.0,0.0,0.0,0.0,0.0,0.0,0.0,0.0,0.0,0.0,0.0,0.0,0.0,0.0,0.0,0.0,0.0,0.0,0.0,0.0,0.0,0.0,0.0,0.0,0.0,0.0,0.0,0.0,0.0,0.0,0.0,0.0,0.0,0.0,0.0,0.0,0.0,0.0,pain
0.0,0.0,-0.33709279225918726,-0.06312473464338691,-0.5358793590556712,-0.19397162191203526,-0.6716444509673395,-0.29998060603519217,-0.740651322720816,-0.33326903622478127,-0.43629763970206675,-0.7706207641222135,-0.6950534906515848,-0.8028839349830433,-0.8643601826177659,-0.8606517420497848,-1.0,-0.9142115829144412,-0.3558451837447125,-0.7651679150439509,-0.6356749361833726,-0.4818053160430022,-0.5580875454054649,-0.32126574449237605,-0.4679947164549929,-0.3197063648895854,-0.3027649503881414,-0.668995864368045,-0.5624752989029306,-0.3393964807816292,-0.4914876219330017,-0.2105466477269749,-0.4190354385394772,-0.23802422673117343,-0.27757323842521003,-0.508601485472872,-0.4742988033399552,-0.24507052589094303,-0.4201424670171558,-0.14160477196366514,-0.355452062836446,-0.16654645902893894,0.0,0.0,0.0,0.0,0.0,0.0,0.0,0.0,0.0,0.0,0.0,0.0,0.0,0.0,0.0,0.0,0.0,0.0,0.0,0.0,0.0,0.0,0.0,0.0,0.0,0.0,0.0,0.0,0.0,0.0,0.0,0.0,0.0,0.0,0.0,0.0,0.0,0.0,0.0,0.0,0.0,0.0,pain
0.0,0.0,-0.33161793886300744,-0.07067385756584744,-0.5306598398863519,-0.19942395677926997,-0.6687057323161323,-0.31072648440095946,-0.7374736159559399,-0.34046441298612895,-0.4295915635631811,-0.7804801795123946,-0.6924394663595871,-0.8139267394635346,-0.863790934785504,-0.8782401758532691,-1.0,-0.9438079389571761,-0.34362578983973835,-0.7785117852093303,-0.6290225157295314,-0.47641061307841426,-0.5538032708815668,-0.3132663480178167,-0.4647713651901467,-0.31431296554637334,-0.28523529388024704,-0.6788872491581993,-0.5482241806316566,-0.32963124893219453,-0.47697239647163436,-0.20435570467090067,-0.4029811111096164,-0.23367014328436114,-0.25541718739700303,-0.5143853408973198,-0.45638712472102533,-0.2434782140776784,-0.40765510589267195,-0.13543661304881838,-0.3467145222890521,-0.15389690144710344,0.0,0.0,0.0,0.0,0.0,0.0,0.0,0.0,0.0,0.0,0.0,0.0,0.0,0.0,0.0,0.0,0.0,0.0,0.0,0.0,0.0,0.0,0.0,0.0,0.0,0.0,0.0,0.0,0.0,0.0,0.0,0.0,0.0,0.0,0.0,0.0,0.0,0.0,0.0,0.0,0.0,0.0,pain
0.0,0.0,-0.33627629235948436,-0.053725956609112904,-0.5381076872641632,-0.18536808700157803,-0.6681806326544343,-0.29580557974738103,-0.7321242513601703,-0.313537852768416,-0.4365084534681964,-0.7725783446572521,-0.6978123352308838,-0.8005700961159321,-0.866602923551955,-0.8510606473652086,-1.0,-0.9003245859445091,-0.3463143586324877,-0.7776198942850733,-0.6222813012065891,-0.5004542166016771,-0.5431406591810055,-0.3294012570099333,-0.4480116999977752,-0.32542387965042613,-0.28482557358751237,-0.6867154577589283,-0.5422196274646511,-0.3634199226451302,-0.47331165852990364,-0.22571335059061562,-0.396317052569842,-0.25041340546116053,-0.25224689118289045,-0.5303421782936198,-0.4474359211483196,-0.2681553284070467,-0.3949676714114811,-0.15528980734729195,-0.3278771049903782,-0.17363324227557023,0.0,0.0,0.0,0.0,0.0,0.0,0.0,0.0,0.0,0.0,0.0,0.0,0.0,0.0,0.0,0.0,0.0,0.0,0.0,0.0,0.0,0.0,0.0,0.0,0.0,0.0,0.0,0.0,0.0,0.0,0.0,0.0,0.0,0.0,0.0,0.0,0.0,0.0,0.0,0.0,0.0,0.0,pain
0.0,0.0,-0.3272421245265658,-0.03271423329629958,-0.5162626984764643,-0.15432074441435914,-0.6445276097668818,-0.26728581787886124,-0.7041277372953825,-0.3077750933562871,-0.41241499166100754,-0.7368030774694702,-0.6825215844034486,-0.7678126661593503,-0.8590359725557848,-0.8224354975479422,-1.0,-0.870457756695886,-0.3283751425867918,-0.7394334807348548,-0.6189860870090319,-0.48008288329044,-0.5433481758358055,-0.3085104804170571,-0.4535828497707097,-0.2992457293048929,-0.27757663096516866,-0.6519751309188552,-0.5420560030254755,-0.3285312268272475,-0.469478366468397,-0.20576662182016742,-0.39115273584968424,-0.2336268911140986,-0.25834858779585,-0.49680794934477884,-0.4512983905923678,-0.23609404561651484,-0.39642275390939846,-0.12935187170591886,-0.3299902306618023,-0.1512860573786138,0.0,0.0,0.0,0.0,0.0,0.0,0.0,0.0,0.0,0.0,0.0,0.0,0.0,0.0,0.0,0.0,0.0,0.0,0.0,0.0,0.0,0.0,0.0,0.0,0.0,0.0,0.0,0.0,0.0,0.0,0.0,0.0,0.0,0.0,0.0,0.0,0.0,0.0,0.0,0.0,0.0,0.0,pain
0.0,0.0,-0.3011999703681035,-0.019804308040566553,-0.4940477535014822,-0.12061493471874594,-0.6292041771258761,-0.20821362168569058,-0.7098519983921053,-0.27573305547358207,-0.409480749589829,-0.6934014381185203,-0.6878869907473188,-0.7232184125804403,-0.8622745880984216,-0.7736314982202646,-1.0,-0.8210624492219806,-0.3385074996629979,-0.702605785263475,-0.6232845985788834,-0.4223788826589041,-0.5407660816795942,-0.2621859352931675,-0.4495736771604871,-0.2591989429671001,-0.29634325394656785,-0.626610657524498,-0.5476547689744328,-0.2877373739581777,-0.4659222259869304,-0.16776462558762845,-0.3882949150936866,-0.20175872592560207,-0.28165992055251343,-0.48935085501380193,-0.46008911428561017,-0.22103694636019514,-0.397344787761541,-0.11144264831432156,-0.3296509629759168,-0.1316273133220878,0.0,0.0,0.0,0.0,0.0,0.0,0.0,0.0,0.0,0.0,0.0,0.0,0.0,0.0,0.0,0.0,0.0,0.0,0.0,0.0,0.0,0.0,0.0,0.0,0.0,0.0,0.0,0.0,0.0,0.0,0.0,0.0,0.0,0.0,0.0,0.0,0.0,0.0,0.0,0.0,0.0,0.0,pain
0.0,0.0,-0.3026402484378407,-0.01807462581889019,-0.4969973430051952,-0.11856904918326872,-0.6318141849839001,-0.21371560852051336,-0.7025864310533942,-0.2784229025413924,-0.40985898223119815,-0.6874932310803029,-0.6900996528110757,-0.7101423345771447,-0.8640209315273975,-0.759674366655741,-1.0,-0.8084315810717388,-0.340605359696218,-0.6976932475881176,-0.6211418350487624,-0.4125331527970011,-0.5359791638934969,-0.2552981258859234,-0.4455545075160653,-0.25988214565331585,-0.3004002429415972,-0.623315523023392,-0.5482569703770604,-0.28474739942279903,-0.46725178759118063,-0.16888353259601607,-0.39055915212810066,-0.20355328326599004,-0.2858003689925987,-0.48687366321290737,-0.46166584843249714,-0.21868608291026095,-0.39932833232425735,-0.11246354325453,-0.3326329439683737,-0.13103769745564955,0.0,0.0,0.0,0.0,0.0,0.0,0.0,0.0,0.0,0.0,0.0,0.0,0.0,0.0,0.0,0.0,0.0,0.0,0.0,0.0,0.0,0.0,0.0,0.0,0.0,0.0,0.0,0.0,0.0,0.0,0.0,0.0,0.0,0.0,0.0,0.0,0.0,0.0,0.0,0.0,0.0,0.0,pain
0.0,0.0,-0.28377765382576214,0.0022191169917587738,-0.4885716587821611,-0.10180471859504298,-0.6308119386268363,-0.20997075751350278,-0.696629568609889,-0.2396446029605736,-0.40664150331932714,-0.6799258721441389,-0.6845822339763951,-0.6878741838568476,-0.8574084898029682,-0.737241857932887,-1.0,-0.7918161102106537,-0.3410063884750148,-0.6955500583380706,-0.6302332320893665,-0.40552103843101084,-0.5386515870581631,-0.24387494774947704,-0.45013753183442407,-0.26015752391949926,-0.30256335834977827,-0.6248490354965235,-0.5556148111480247,-0.2780555816468118,-0.46705356908353807,-0.15730890776263595,-0.38470273848385117,-0.20014209471289257,-0.2872044868453327,-0.489603091895482,-0.46768213341500514,-0.201546570963444,-0.39558865361253104,-0.09110131860510357,-0.3207472080748259,-0.1217700941377473,0.0,0.0,0.0,0.0,0.0,0.0,0.0,0.0,0.0,0.0,0.0,0.0,0.0,0.0,0.0,0.0,0.0,0.0,0.0,0.0,0.0,0.0,0.0,0.0,0.0,0.0,0.0,0.0,0.0,0.0,0.0,0.0,0.0,0.0,0.0,0.0,0.0,0.0,0.0,0.0,0.0,0.0,pain
0.0,0.0,-0.2881202242097988,-0.009025868505517813,-0.47963329446762554,-0.11812669992990509,-0.6189131593763751,-0.2183656375616533,-0.6956388064092762,-0.2563210864007956,-0.3843998557534948,-0.7027990355383164,-0.6764793860513458,-0.7198558218175615,-0.8555585612841611,-0.772251720827073,-1.0,-0.8260580585778311,-0.32138445899767465,-0.7105912505399102,-0.6202599725128847,-0.43141789660156005,-0.5355371420872913,-0.26510184687195815,-0.44526308440278084,-0.26481617217686465,-0.28952084154897173,-0.6334923902282174,-0.5557307987853061,-0.29748471757811057,-0.4700172878027367,-0.17022795687721262,-0.38382850636330773,-0.19911782458506178,-0.2815586735897588,-0.49047099814695766,-0.46885708130562304,-0.21520357311147784,-0.40164324867213574,-0.09851079788429919,-0.32616662777249106,-0.11647713139904378,0.0,0.0,0.0,0.0,0.0,0.0,0.0,0.0,0.0,0.0,0.0,0.0,0.0,0.0,0.0,0.0,0.0,0.0,0.0,0.0,0.0,0.0,0.0,0.0,0.0,0.0,0.0,0.0,0.0,0.0,0.0,0.0,0.0,0.0,0.0,0.0,0.0,0.0,0.0,0.0,0.0,0.0,pain
0.0,0.0,-0.29562359567739277,-0.024824746323246865,-0.48550867157589067,-0.1352669979332338,-0.6240708435562923,-0.22963871670428054,-0.7041103112710241,-0.2641287559819288,-0.39954987302733735,-0.6943078399111481,-0.6826336270548871,-0.7159312058560304,-0.8579187060936135,-0.7692018778566783,-1.0,-0.8243951134738118,-0.34048589252319844,-0.6975840073117743,-0.6248777996583762,-0.42279086986810216,-0.5380446953689066,-0.267711095667063,-0.4456571052216216,-0.2676255657576256,-0.30768703159978944,-0.618371741909573,-0.5589577911962866,-0.29234164364521037,-0.4744517615442652,-0.17005370617211923,-0.39143320857811276,-0.1983347698501698,-0.29959598480459926,-0.4781617763116032,-0.47727672768351126,-0.2194300815715687,-0.4110674876436138,-0.11170949910875355,-0.3370651093336683,-0.12923197446828907,0.0,0.0,0.0,0.0,0.0,0.0,0.0,0.0,0.0,0.0,0.0,0.0,0.0,0.0,0.0,0.0,0.0,0.0,0.0,0.0,0.0,0.0,0.0,0.0,0.0,0.0,0.0,0.0,0.0,0.0,0.0,0.0,0.0,0.0,0.0,0.0,0.0,0.0,0.0,0.0,0.0,0.0,pain
0.0,0.0,-0.2886747703061345,-0.043589677239889185,-0.47919453101372583,-0.1635629759850434,-0.6187356769843593,-0.26162903531002407,-0.6885325307323196,-0.2958922763668827,-0.35412680750999076,-0.7882332534937242,-0.6413399630937229,-0.8142520171496127,-0.8357848567819732,-0.8684514404283845,-1.0,-0.9249704442500117,-0.28269205577020423,-0.774134230814639,-0.6085209510239794,-0.48326966650116526,-0.533270636867786,-0.3224419114281694,-0.4451488138076701,-0.34044625543607465,-0.24393035678763364,-0.6670558915000736,-0.5360329471813275,-0.3178775494361361,-0.4572788008856213,-0.19661689764087703,-0.37913194236669184,-0.23908418415617727,-0.2332348950305908,-0.49314719006085816,-0.4537090646797871,-0.21863896377783132,-0.38718113348524963,-0.10974523024373992,-0.30998402129631275,-0.13722560862203087,0.0,0.0,0.0,0.0,0.0,0.0,0.0,0.0,0.0,0.0,0.0,0.0,0.0,0.0,0.0,0.0,0.0,0.0,0.0,0.0,0.0,0.0,0.0,0.0,0.0,0.0,0.0,0.0,0.0,0.0,0.0,0.0,0.0,0.0,0.0,0.0,0.0,0.0,0.0,0.0,0.0,0.0,pain
0.0,0.0,-0.28132239348288807,-0.053727002081859314,-0.4817732717105938,-0.16172377803225604,-0.6131569954434568,-0.24145976731899246,-0.7120395742092323,-0.2432509882630229,-0.3884924235945043,-0.746701069364087,-0.6596957886314857,-0.7691801887557382,-0.8451234398550733,-0.8367834144343974,-1.0,-0.8989678080054025,-0.2994093561860248,-0.7413018599745053,-0.6135409342857386,-0.43996392381794414,-0.5388657550618282,-0.27816313587325353,-0.4454556931984327,-0.29960373216692937,-0.24055341988803203,-0.6336408916711188,-0.5321921797174403,-0.2904136357897644,-0.4561678460660708,-0.17829794024401036,-0.3719649116181671,-0.22306143280644483,-0.20872833309452857,-0.4617977149529925,-0.4379457457762099,-0.2045635037436814,-0.3899611655302151,-0.1082618677643541,-0.3188684281943656,-0.13317494467689345,0.0,0.0,0.0,0.0,0.0,0.0,0.0,0.0,0.0,0.0,0.0,0.0,0.0,0.0,0.0,0.0,0.0,0.0,0.0,0.0,0.0,0.0,0.0,0.0,0.0,0.0,0.0,0.0,0.0,0.0,0.0,0.0,0.0,0.0,0.0,0.0,0.0,0.0,0.0,0.0,0.0,0.0,pain
0.0,0.0,-0.29320125646430656,-0.055464337258429565,-0.49141301658005443,-0.15873464868311485,-0.6236419763121436,-0.24008402921153071,-0.7045513414508586,-0.2716130465646828,-0.38512003786010907,-0.7372042404767195,-0.6607615011822252,-0.7773222281830219,-0.8462301555046178,-0.8515092563992797,-1.0,-0.9172610306403163,-0.30458240986096885,-0.7315346168921836,-0.6110831134159537,-0.44435449055935783,-0.5332487983569869,-0.2854464367965579,-0.44342352203779867,-0.30524749059367756,-0.25789273089518566,-0.6339086408112468,-0.5401694673393339,-0.299050426558433,-0.46533325385600516,-0.1853396842943768,-0.38717452679379427,-0.2277635982999077,-0.23721670396682182,-0.47819557564164394,-0.45929622825888655,-0.22934880973669522,-0.41157226024489857,-0.12933309490134876,-0.3453362161927831,-0.14457829149032633,0.0,0.0,0.0,0.0,0.0,0.0,0.0,0.0,0.0,0.0,0.0,0.0,0.0,0.0,0.0,0.0,0.0,0.0,0.0,0.0,0.0,0.0,0.0,0.0,0.0,0.0,0.0,0.0,0.0,0.0,0.0,0.0,0.0,0.0,0.0,0.0,0.0,0.0,0.0,0.0,0.0,0.0,pain
0.0,0.0,-0.2742752290953258,-0.07507258843988253,-0.47497921748507677,-0.1987907290964637,-0.6159917916787363,-0.286665736858412,-0.6702321237048112,-0.28565952827511143,-0.36863808774203866,-0.7724869737439705,-0.6507568671703886,-0.78921636995705,-0.8422248685995625,-0.8364418513847803,-1.0,-0.8911357087658486,-0.2799834715203958,-0.7553687486243877,-0.6079934900417862,-0.45628909624263186,-0.528456196440525,-0.2810329194386169,-0.43424418780436186,-0.309245772704796,-0.21903909193495374,-0.6327589003944533,-0.5209094695118799,-0.27556525677175125,-0.4428910794651197,-0.16999885887168745,-0.35659772105947424,-0.23701397605841276,-0.1875341972747515,-0.43973850930929875,-0.4321527694468909,-0.1659012003954611,-0.38613473831912126,-0.06489606466783901,-0.31377549942244604,-0.09744878170735553,0.0,0.0,0.0,0.0,0.0,0.0,0.0,0.0,0.0,0.0,0.0,0.0,0.0,0.0,0.0,0.0,0.0,0.0,0.0,0.0,0.0,0.0,0.0,0.0,0.0,0.0,0.0,0.0,0.0,0.0,0.0,0.0,0.0,0.0,0.0,0.0,0.0,0.0,0.0,0.0,0.0,0.0,pain
0.0,0.0,-0.2671893704564013,-0.08023776239791905,-0.46449698495457536,-0.21221415645820468,-0.5987160548636381,-0.2844055338129336,-0.6895403160475818,-0.27011794454853305,-0.37506360561085905,-0.7704924579087209,-0.6578013731471425,-0.7755706300486266,-0.8422084631504398,-0.8362394454324785,-1.0,-0.8996078106662462,-0.29040773068393394,-0.7487894747505177,-0.6183956969281096,-0.4354399746546505,-0.5356380806241674,-0.2698340132123498,-0.4421741682382721,-0.297310756240984,-0.23626816154900251,-0.6262450623988293,-0.5463067932407312,-0.269822562000239,-0.4574386339819711,-0.15626353408482646,-0.36495981945842815,-0.20995122077261621,-0.210409856498695,-0.4446217914217502,-0.4507490707634993,-0.1685407015717229,-0.3876966415356604,-0.06763027148474948,-0.3056563409031718,-0.09993590257426184,0.0,0.0,0.0,0.0,0.0,0.0,0.0,0.0,0.0,0.0,0.0,0.0,0.0,0.0,0.0,0.0,0.0,0.0,0.0,0.0,0.0,0.0,0.0,0.0,0.0,0.0,0.0,0.0,0.0,0.0,0.0,0.0,0.0,0.0,0.0,0.0,0.0,0.0,0.0,0.0,0.0,0.0,pain
0.0,0.0,-0.29400144401194045,-0.07210029906899816,-0.48852849109667595,-0.20063296367500622,-0.6255644720127612,-0.2876862947442061,-0.6919848421930092,-0.2936615453880981,-0.38270774109364614,-0.746030812924673,-0.664342168700881,-0.7605067331270632,-0.8469089633078043,-0.8182314099482476,-1.0,-0.8822403108345055,-0.30793868061662627,-0.7249814762215142,-0.6216235982141949,-0.4346673750674051,-0.5363168445817722,-0.2756856444791339,-0.44578874659735707,-0.29671589671038034,-0.26437927894407426,-0.6143840361317809,-0.5554726394841565,-0.2734133385971186,-0.4678353514349782,-0.15753437538264714,-0.3834624832018339,-0.20620033597028728,-0.2464930889833702,-0.44762726382582924,-0.473767139631887,-0.18804194850507988,-0.41467827132574814,-0.08966386394248135,-0.34015382641572306,-0.11586475433757311,0.0,0.0,0.0,0.0,0.0,0.0,0.0,0.0,0.0,0.0,0.0,0.0,0.0,0.0,0.0,0.0,0.0,0.0,0.0,0.0,0.0,0.0,0.0,0.0,0.0,0.0,0.0,0.0,0.0,0.0,0.0,0.0,0.0,0.0,0.0,0.0,0.0,0.0,0.0,0.0,0.0,0.0,pain
0.0,0.0,-0.2524404642212978,-0.10899921339886148,-0.4531091005142538,-0.2411694778498083,-0.6003969980504651,-0.28606930903193356,-0.677077186692917,-0.23169480888833963,-0.3511280103448433,-0.7702093939321801,-0.6499004465848189,-0.7590749104627068,-0.8400826716277072,-0.7964712606942046,-1.0,-0.8471015546135702,-0.2671506146176121,-0.7151514928960243,-0.6052548805485644,-0.4134070161985132,-0.5229763001584852,-0.26029710527742,-0.425598574089166,-0.29282075776078514,-0.2166283327348141,-0.5594066201121705,-0.5328288213088375,-0.21851430140144668,-0.4468742861455379,-0.11615257326964211,-0.35202376315454914,-0.17637821079391,-0.19808622424868955,-0.3523446336125354,-0.44676564097862703,-0.10894451093720005,-0.3901729053642348,-0.01740399338100214,-0.3080546335770801,-0.052563747361745856,0.0,0.0,0.0,0.0,0.0,0.0,0.0,0.0,0.0,0.0,0.0,0.0,0.0,0.0,0.0,0.0,0.0,0.0,0.0,0.0,0.0,0.0,0.0,0.0,0.0,0.0,0.0,0.0,0.0,0.0,0.0,0.0,0.0,0.0,0.0,0.0,0.0,0.0,0.0,0.0,0.0,0.0,pain
0.0,0.0,-0.2530030329882889,-0.1223706184872607,-0.44721131382932994,-0.2550907651249446,-0.6032451462822821,-0.2742709579355371,-0.6910546815678209,-0.18254410424399478,-0.3269866456900584,-0.7288140431351816,-0.6379702784748543,-0.7131973464229535,-0.8370280460591799,-0.7370220211512629,-1.0,-0.7786483807326604,-0.26612740356029185,-0.6646335423096338,-0.6046617894247296,-0.38190492244002905,-0.5264950402822636,-0.23283222797709993,-0.4354099408272808,-0.2553827587895396,-0.23426195893449842,-0.5086570254600875,-0.5382722685222481,-0.18199892905569384,-0.44915327478567013,-0.0827091235383675,-0.36450783159051026,-0.1506793365741471,-0.22966294589113692,-0.3105828748649191,-0.4521467739777232,-0.06545216256961646,-0.3808721133188149,0.010863789017202127,-0.3014836843462738,-0.051393592792495175,0.0,0.0,0.0,0.0,0.0,0.0,0.0,0.0,0.0,0.0,0.0,0.0,0.0,0.0,0.0,0.0,0.0,0.0,0.0,0.0,0.0,0.0,0.0,0.0,0.0,0.0,0.0,0.0,0.0,0.0,0.0,0.0,0.0,0.0,0.0,0.0,0.0,0.0,0.0,0.0,0.0,0.0,pain
0.0,0.0,-0.18761202170237667,-0.13282124137586998,-0.38664700831665494,-0.2305200167972458,-0.5802237468539675,-0.1888273563197162,-0.676762975382096,-0.11182906336695289,-0.33929332185718286,-0.6655692542238019,-0.6482232704686921,-0.6337624450179135,-0.8432999942974664,-0.6566127540828569,-1.0,-0.6937981282171357,-0.27366353890474987,-0.589645588966521,-0.6230957560107703,-0.3137518739106043,-0.5393477196482175,-0.18384987275924464,-0.4471976331534449,-0.21730003980349394,-0.22784487166586237,-0.42002939232412323,-0.5468000456583489,-0.11856319383006812,-0.461223961722386,-0.03451622665923973,-0.3760736161859799,-0.1046846170491664,-0.20221469648574467,-0.2117157457424018,-0.4473472889593714,0.018499247389329676,-0.3746608349137475,0.07067676316578389,-0.2885700949428999,0.002146970569500318,0.0,0.0,0.0,0.0,0.0,0.0,0.0,0.0,0.0,0.0,0.0,0.0,0.0,0.0,0.0,0.0,0.0,0.0,0.0,0.0,0.0,0.0,0.0,0.0,0.0,0.0,0.0,0.0,0.0,0.0,0.0,0.0,0.0,0.0,0.0,0.0,0.0,0.0,0.0,0.0,0.0,0.0,pain
0.0,0.0,-0.2419348890316556,-0.0875655634864027,-0.44213522139455225,-0.19379316347371597,-0.6142860725489343,-0.2151122222656587,-0.6993354954869898,-0.2086161724864595,-0.36210793754291914,-0.7176024545877661,-0.6599435587908363,-0.7069421875910475,-0.8490706599387644,-0.7386545019092795,-1.0,-0.776417539555684,-0.2968027958018716,-0.6604829293371108,-0.6419898034072729,-0.4032028099638059,-0.5543939982902415,-0.26046821420220734,-0.4577745700340845,-0.2870188906927325,-0.2557407466142282,-0.5166609256741855,-0.5678037642716525,-0.21837592117113297,-0.4794408543776973,-0.11811514242701625,-0.3994876994011419,-0.1859356871156639,-0.23423433723253675,-0.3228083853403327,-0.46487194882230976,-0.08070513893816472,-0.39435602660378377,-0.009229598147737004,-0.31854007421738717,-0.07401510016249345,0.0,0.0,0.0,0.0,0.0,0.0,0.0,0.0,0.0,0.0,0.0,0.0,0.0,0.0,0.0,0.0,0.0,0.0,0.0,0.0,0.0,0.0,0.0,0.0,0.0,0.0,0.0,0.0,0.0,0.0,0.0,0.0,0.0,0.0,0.0,0.0,0.0,0.0,0.0,0.0,0.0,0.0,pain
0.0,0.0,-0.22111175288848436,-0.16646311303514671,-0.4386927578340597,-0.2900887208599039,-0.6206267571896893,-0.26011285557869845,-0.6699321142156281,-0.14348667274734522,-0.3791205834858365,-0.6882811127512088,-0.6645533391547079,-0.6563913409322367,-0.8474543803250505,-0.6665862824300155,-1.0,-0.704021026960484,-0.30286981448744354,-0.611513032294367,-0.6307447988481717,-0.31697287226491017,-0.5430695822807212,-0.1811329120940029,-0.45482195215711746,-0.21586360221212234,-0.24555164006531868,-0.44366474976192655,-0.552420570326159,-0.12054215926321364,-0.46226640762198146,-0.0401725084614133,-0.38125595183687705,-0.12066241148820393,-0.2072838814695535,-0.23845886563580365,-0.45732423565287234,0.005986194655615131,-0.392137805808539,0.05818587039597664,-0.3166019054953646,-0.01034444645405036,0.0,0.0,0.0,0.0,0.0,0.0,0.0,0.0,0.0,0.0,0.0,0.0,0.0,0.0,0.0,0.0,0.0,0.0,0.0,0.0,0.0,0.0,0.0,0.0,0.0,0.0,0.0,0.0,0.0,0.0,0.0,0.0,0.0,0.0,0.0,0.0,0.0,0.0,0.0,0.0,0.0,0.0,pain
0.0,0.0,-0.23021483963437206,-0.1526601046007233,-0.4385530549675852,-0.2782298748018566,-0.6140123964196558,-0.2734896965439997,-0.6690524996915133,-0.17468996611392176,-0.3865400320826175,-0.6918329805510997,-0.6751607263200858,-0.6708164741393221,-0.8541411065655463,-0.6803464163336592,-1.0,-0.7144890795705865,-0.31196484200734675,-0.6192955112811216,-0.6453862348485567,-0.3370946816891783,-0.5557814964927434,-0.18995582470361547,-0.4655410287319773,-0.2192212466659706,-0.25644832135772117,-0.46152967642117454,-0.5614365419114785,-0.14178922289825635,-0.4684042409803233,-0.053884217820090556,-0.38721828519358725,-0.13133522538513379,-0.21847055138439342,-0.2670151585621672,-0.4596425350962953,-0.015384773096162426,-0.39569811965487456,0.04189557013089328,-0.32375271705599273,-0.02639294562091255,0.0,0.0,0.0,0.0,0.0,0.0,0.0,0.0,0.0,0.0,0.0,0.0,0.0,0.0,0.0,0.0,0.0,0.0,0.0,0.0,0.0,0.0,0.0,0.0,0.0,0.0,0.0,0.0,0.0,0.0,0.0,0.0,0.0,0.0,0.0,0.0,0.0,0.0,0.0,0.0,0.0,0.0,pain
0.0,0.0,-0.2288753129345122,-0.1553922024334882,-0.4384206085860113,-0.2924588793185261,-0.6102152351292692,-0.3022190142368103,-0.6443402213654065,-0.24124381632606962,-0.3969600146834416,-0.7383398928964602,-0.6834559078151827,-0.7202961677604076,-0.8549401066025613,-0.7313258955419547,-1.0,-0.7681029367703243,-0.3271869780774935,-0.6621093029249318,-0.6473686066438249,-0.37966522260107893,-0.5442809463633173,-0.25372459258034424,-0.4528754787345432,-0.2991031068197265,-0.27624506765409135,-0.510840928960278,-0.5643224724124478,-0.19259552269838953,-0.46250723790940174,-0.11372197288021417,-0.3845584109259835,-0.1957006948616677,-0.24449644912842786,-0.32058569159151556,-0.4714264446129117,-0.08211723657569558,-0.3963530255411817,-0.025566901542588876,-0.3233216903044779,-0.08865485704257624,0.0,0.0,0.0,0.0,0.0,0.0,0.0,0.0,0.0,0.0,0.0,0.0,0.0,0.0,0.0,0.0,0.0,0.0,0.0,0.0,0.0,0.0,0.0,0.0,0.0,0.0,0.0,0.0,0.0,0.0,0.0,0.0,0.0,0.0,0.0,0.0,0.0,0.0,0.0,0.0,0.0,0.0,pain
0.0,0.0,-0.20237196568292604,-0.18809381194533392,-0.436844905123424,-0.2781957894780028,-0.6117783571593165,-0.1681336962787158,-0.6709528820584775,-0.00811601397353398,-0.34048181204653194,-0.6218034583744451,-0.6507013092153802,-0.5827087089797529,-0.850769139249179,-0.5878979287907724,-1.0,-0.6249682901429696,-0.2638562673378558,-0.5291224694508434,-0.632527885870498,-0.2350765378511418,-0.5576093742200743,-0.08386769998064929,-0.46251860710478576,-0.10623349121594225,-0.21063122957662983,-0.33853785250933516,-0.5490157465508907,-0.01365763200702369,-0.4588954781572932,0.060183599217493035,-0.36380607858300873,-0.022012281885756994,-0.17811007884557659,-0.11732698384045173,-0.4586833383590465,0.132623100912902,-0.3866626460961149,0.17335445500414023,-0.2911669159010146,0.09522512801893224,0.0,0.0,-0.21365769598783863,-0.16059986671283316,-0.42542376813188043,-0.29819094317424505,-0.6047598754649943,-0.311655839590298,-0.656229227578816,-0.26328396782206076,-0.39462208906870533,-0.7306574660144932,-0.6799147638019091,-0.7280049683407179,-0.8540842034659818,-0.7369958378547582,-1.0,-0.7640304504184054,-0.3260260233599077,-0.6505161226207568,-0.6513894771872456,-0.38870693405435564,-0.5503952362582334,-0.259051942759262,-0.45493324329146556,-0.2963408462732719,-0.27873614324675966,-0.4995001015262154,-0.566380818103685,-0.19696644250709322,-0.4647380408848504,-0.11498237682464375,-0.3846693696410554,-0.1918500367585042,-0.25015615562465254,-0.31436396904782155,-0.4779395992048593,-0.0878015607829862,-0.40252452309170095,-0.026290564305330142,-0.329298776043479,-0.08440680480532599,pain
0.0,0.0,-0.24773553684712862,-0.1403125102662925,-0.44990398530990805,-0.2688134673008858,-0.6215694675706191,-0.2864484939024707,-0.6647951323508816,-0.24389647081606436,-0.4144776251017984,-0.714005142223813,-0.6856510515277108,-0.7034128527930368,-0.8553494170474921,-0.7117774215914612,-1.0,-0.7404446104341842,-0.33371877534153255,-0.6469885830182122,-0.6513300446616144,-0.38401643298423616,-0.5562614960862732,-0.25431813662684644,-0.4664210710142146,-0.2914998383329097,-0.2745168747590123,-0.5037983639636275,-0.565052312703921,-0.19599280019503795,-0.470297761386291,-0.11564906310895325,-0.39159469455294293,-0.19018689407261014,-0.23781114863170855,-0.31595911811034516,-0.46953946492515763,-0.07771003321523855,-0.3998572488238071,-0.01747802797272927,-0.3251813697265838,-0.07446949852078935,0.0,0.0,0.0,0.0,0.0,0.0,0.0,0.0,0.0,0.0,0.0,0.0,0.0,0.0,0.0,0.0,0.0,0.0,0.0,0.0,0.0,0.0,0.0,0.0,0.0,0.0,0.0,0.0,0.0,0.0,0.0,0.0,0.0,0.0,0.0,0.0,0.0,0.0,0.0,0.0,0.0,0.0,pain
0.0,0.0,-0.19982609974087925,-0.19462109360901103,-0.4425300060899507,-0.28439655083405674,-0.6287474795449225,-0.16972156985357026,-0.7093238548602634,0.002468631811957571,-0.3615358677447318,-0.6461810114083547,-0.6622024089236442,-0.583453195317983,-0.8568720385838663,-0.5982714282474346,-1.0,-0.6462832018579954,-0.27569624303606943,-0.542045678072021,-0.6630862945398796,-0.20466893868334754,-0.5820173224284299,-0.05903307537745825,-0.4861282641928459,-0.09409481279336182,-0.2097712248813801,-0.3394424337282138,-0.5710012272561167,0.011644769406544407,-0.4783060176849486,0.08573425735385155,-0.3805420559147665,0.006674324773074105,-0.16522042471162746,-0.10169291099203012,-0.46319930411657195,0.1637216314502316,-0.39395742046948834,0.19869653345815042,-0.29421865914657913,0.11932667612854923,0.0,0.0,-0.24224387212035994,-0.1610558250566835,-0.4491374492914389,-0.30579363165970114,-0.6144461740207726,-0.31620681149584506,-0.6758425878054185,-0.2592777679453609,-0.4206727881591068,-0.7343773734254391,-0.6961279632543225,-0.7193411614856023,-0.8634658665711606,-0.7384679917667831,-1.0,-0.7704603382754003,-0.34197463422247804,-0.6563186594962799,-0.6573892006616675,-0.39902394294163307,-0.5658398145993274,-0.28494776199481314,-0.4743780841465981,-0.3235708582027674,-0.28184748481356114,-0.5085653048227308,-0.5654182594020745,-0.2053637150370481,-0.47058854679820117,-0.13859243764815402,-0.3924903251340267,-0.21926110083739675,-0.23964221460713145,-0.32044424253150516,-0.47044737806603015,-0.0954237918785475,-0.39768374580709354,-0.04585210589466555,-0.3228429961216922,-0.10526379600351737,pain
0.0,0.0,-0.1955506114420688,-0.15156315778333337,-0.41496184905663336,-0.24612607019020988,-0.5981616364493008,-0.18706262430512602,-0.6782609786365692,-0.07421391339386998,-0.36644081057329503,-0.619379017255531,-0.6618428634256591,-0.5961622494984677,-0.8471102414488657,-0.6075536751200032,-1.0,-0.635746254089281,-0.3106586672373825,-0.5444453590531761,-0.6257922798138275,-0.2770453852371175,-0.5330445260275433,-0.14969829671109314,-0.44279302691850286,-0.18060647966315221,-0.2660771360098966,-0.38232082226983416,-0.5376124478771017,-0.07566500547589314,-0.4398500773367012,-0.007058688874411939,-0.35982317216098264,-0.08782956292416613,-0.23271644280964668,-0.18277316161685053,-0.443091084838322,0.05883798176688296,-0.3667449833057775,0.10283546998998895,-0.291775812152955,0.030850013836723526,0.0,0.0,-0.20720146375047008,-0.17148085828237283,-0.41991232554024344,-0.3152142029669724,-0.5993030932317723,-0.344271239913585,-0.704737594021729,-0.3413942567987107,-0.4284793888328166,-0.7005254064908369,-0.7035582349859862,-0.7038006924037866,-0.8658003117611196,-0.7188372738526984,-1.0,-0.7420201712469847,-0.3699690525550727,-0.628667880829998,-0.6624918867176465,-0.3841513339555422,-0.5655008986614535,-0.28302871952440073,-0.47112895730293913,-0.31723773034246233,-0.3252808998645939,-0.49110770182240593,-0.57727464775602,-0.2199684017335072,-0.477724136790732,-0.15077234930050754,-0.40106115576763346,-0.22063048075309555,-0.2900992450118045,-0.3200439322146473,-0.4839005389857948,-0.11644429090527872,-0.4082261031513484,-0.06716126760340412,-0.3406172110290685,-0.12299655134929383,pain
0.0,0.0,-0.22731293914249745,-0.16986867113393878,-0.44136531796338996,-0.31182750586831254,-0.6121382691247227,-0.3446090150923612,-0.7102398243596016,-0.33582895706269567,-0.43648474118002506,-0.7223442282576643,-0.7102058685842072,-0.7155832560902324,-0.8711287775045553,-0.7333874009887318,-1.0,-0.7648583681971113,-0.3717055729425894,-0.6455973847110876,-0.655371064186074,-0.391284171205925,-0.5630261447397373,-0.2981200875425164,-0.47046587022012093,-0.33609426485444444,-0.32484645198366624,-0.5044189291525574,-0.5799964867091059,-0.2352711164930596,-0.4872377595466285,-0.16512165373379215,-0.4115065709707398,-0.23164328144991464,-0.2913980513308702,-0.33526498936203286,-0.4911868916822838,-0.1382997603778659,-0.41556239969841235,-0.08459515509941798,-0.3463089166658869,-0.13746535379050584,0.0,0.0,0.0,0.0,0.0,0.0,0.0,0.0,0.0,0.0,0.0,0.0,0.0,0.0,0.0,0.0,0.0,0.0,0.0,0.0,0.0,0.0,0.0,0.0,0.0,0.0,0.0,0.0,0.0,0.0,0.0,0.0,0.0,0.0,0.0,0.0,0.0,0.0,0.0,0.0,0.0,0.0,pain
0.0,0.0,-0.17782308954730808,-0.16209817671706322,-0.4100533903569293,-0.24623507481411264,-0.5981077738990813,-0.1498041839831131,-0.6720524595554078,-0.022055574153441705,-0.36583252012814715,-0.5939365060521823,-0.6713253224709854,-0.5548005496738021,-0.8556485184834192,-0.5691195357037978,-1.0,-0.6151333869038079,-0.30968700537408067,-0.5073758176737246,-0.6539272420725223,-0.23487059923123096,-0.5723433052151031,-0.10732345206083181,-0.47477629709247,-0.13116705318568334,-0.2626208879163963,-0.33145414664922,-0.5668856487487527,-0.027655795725670607,-0.47235856169972834,0.03977456365123731,-0.3811453335661102,-0.04064591717481097,-0.22739849965363285,-0.1246853866087697,-0.47777860446375564,0.11065602608666215,-0.39293383483713223,0.14653784676966644,-0.29656129111510227,0.07113374946320201,0.0,0.0,-0.23375432189171402,-0.15427647129707733,-0.45063264152167665,-0.2895797221012041,-0.6204469121841041,-0.3160888695259901,-0.7039937523753024,-0.30028163748327635,-0.4350257845836307,-0.7175679684096365,-0.7043152485918126,-0.7117919281430465,-0.8674456886136885,-0.7354512533872198,-1.0,-0.7700244559591896,-0.3639709494721035,-0.6476849491569414,-0.6525982332384758,-0.3871492663212243,-0.5616305620699351,-0.28465129788068955,-0.4723228989967341,-0.31948767623585245,-0.3101170116455477,-0.5070593215363842,-0.5673356136236533,-0.2259117298999206,-0.4748645884508548,-0.1590619911445636,-0.4008597436063811,-0.23111762034093122,-0.27081568271212414,-0.3292555377375689,-0.4763291651603773,-0.12436480937329095,-0.4034482438983695,-0.07514375407470578,-0.3345417636099035,-0.133520731176018,pain
0.0,0.0,-0.18595862616213898,-0.1909942060784107,-0.4050013447106209,-0.298865150734492,-0.5850111486355369,-0.22078429805934868,-0.6576806080664199,-0.0909042589938833,-0.35695391802466503,-0.662573693044278,-0.6670675190413414,-0.6562308472632948,-0.8508857619672132,-0.6710515728106455,-1.0,-0.707257237621805,-0.2954113556856903,-0.5649651154863431,-0.6261723822274212,-0.3093271473230357,-0.5443493302111918,-0.18954922545692562,-0.45262674964606736,-0.2250140759277223,-0.25291349225616266,-0.3832248858077204,-0.5581264965809751,-0.10953968330386124,-0.4672887048746585,-0.04137224446713893,-0.38016716295195335,-0.11856625963420002,-0.22589294646640437,-0.17074763292803083,-0.46847965298612826,0.03461443339425788,-0.3944118766116752,0.07770640511333754,-0.30576363572420945,0.013160295310516617,0.0,0.0,-0.2335182844868565,-0.18878408736239502,-0.4582430316636108,-0.34383370911209443,-0.6355088880653599,-0.3872230840069112,-0.7294854845393541,-0.3836636862472593,-0.4505000176674592,-0.7328110622866988,-0.719578944922196,-0.7495063826196394,-0.8758872898012854,-0.7706553313010517,-1.0,-0.801493667001634,-0.38752938346091526,-0.6538219000109433,-0.6717981349449104,-0.40991991164556046,-0.5881385726921655,-0.3127020269194932,-0.49944411792186105,-0.3473664390088355,-0.3408962440124695,-0.5055994416511446,-0.5940561714720727,-0.25778318246466103,-0.5100912621889991,-0.18751850678254234,-0.43654091531153444,-0.2475775818134318,-0.30786809579744007,-0.33496759711792784,-0.509123028280602,-0.17533262682545092,-0.446453550440215,-0.11053695837213269,-0.38219733475663525,-0.13828944136446503,pain
0.0,0.0,-0.2396106464179075,-0.15654782385161456,-0.4622330980206047,-0.31182950702972057,-0.6296634434755097,-0.3769567538707955,-0.7257440034802555,-0.41188882956635225,-0.4268911035969231,-0.729138834509897,-0.7029352791125348,-0.7392631152241403,-0.8679232168634198,-0.7641239050048447,-1.0,-0.8014998714678373,-0.36681180913962547,-0.6533815823297937,-0.6645864230487829,-0.4051984338850329,-0.5876532004508512,-0.29163888394534415,-0.5001663008443574,-0.3149678669593245,-0.32489549346463387,-0.5076298669197762,-0.5865272587055822,-0.23957129580194184,-0.4995845445017896,-0.16323011211959423,-0.421980186272765,-0.2261867473453165,-0.2980012259990904,-0.33010065057048504,-0.501788376737656,-0.1412449823021099,-0.4306626327341757,-0.0804498625694568,-0.3579883727828202,-0.12794526507286785,0.0,0.0,0.0,0.0,0.0,0.0,0.0,0.0,0.0,0.0,0.0,0.0,0.0,0.0,0.0,0.0,0.0,0.0,0.0,0.0,0.0,0.0,0.0,0.0,0.0,0.0,0.0,0.0,0.0,0.0,0.0,0.0,0.0,0.0,0.0,0.0,0.0,0.0,0.0,0.0,0.0,0.0,pain
0.0,0.0,-0.1741634749705656,-0.18696467705855027,-0.4096425775927337,-0.30490940451522935,-0.6049088483512519,-0.21952493440287696,-0.6861948735706284,-0.0799659821094139,-0.37889952559212725,-0.6399192498266824,-0.6769746420661636,-0.6459692257544546,-0.8574406639533925,-0.6650387585839678,-1.0,-0.6979567744520515,-0.3360059833571557,-0.5522149714022901,-0.6465415910303808,-0.3064760942586709,-0.567843179168709,-0.18176551111106812,-0.4777716975889808,-0.20352361315071488,-0.3059312953711923,-0.379829528486598,-0.5839122073398653,-0.11637537779856273,-0.4924965016076766,-0.043301476421911796,-0.40708180519220183,-0.11264907914963011,-0.28800177779024444,-0.17380825545627088,-0.5053721813065549,0.019062883042826318,-0.43274973999334054,0.07038908022810461,-0.34949731239803156,0.01799093742889262,0.0,0.0,-0.22370345454190693,-0.18417719532358812,-0.45469609346037004,-0.352769885821371,-0.6303425528539567,-0.3843732476392705,-0.7273744514395126,-0.36701952124550485,-0.4438741922703978,-0.7265994891271982,-0.7202895058989606,-0.7379618915358167,-0.8761842883283973,-0.7615784120186602,-1.0,-0.8013460251262549,-0.387554962091745,-0.6435845676032668,-0.6748545301997766,-0.39489504711278817,-0.5886672260081933,-0.29454082104436247,-0.4946202260497622,-0.32935007512086784,-0.3475216052027245,-0.49064785491958973,-0.6040964838683133,-0.24441195757940287,-0.5166078198660126,-0.1697324407622541,-0.4390195433024508,-0.22750679311517882,-0.31984565227903394,-0.31495431242985256,-0.5179664429017778,-0.16201208550968937,-0.45033666534607775,-0.0932353467648823,-0.38421990944775347,-0.11805895482313299,pain
0.0,0.0,-0.24759340908734795,-0.19421953163659303,-0.4732779322500115,-0.34962199653157744,-0.6449208737675146,-0.3891843545938908,-0.7316784445777719,-0.40036827348678566,-0.44297548398445025,-0.7902036523065616,-0.7354966410081575,-0.7937140274997081,-0.888633157452332,-0.8034922799545698,-1.0,-0.8274808546815869,-0.3946306170425809,-0.7115993006544108,-0.7100907744105022,-0.46913472916027477,-0.6190287608148114,-0.34269323869894225,-0.5184354088437193,-0.36277389898307794,-0.36563906266664176,-0.5677972484117384,-0.6334892826147721,-0.31369334433874285,-0.5448789716647772,-0.21915330457976337,-0.46883676426807036,-0.26973303457656383,-0.34962073289759865,-0.40069606014089015,-0.5534418609588151,-0.23479962050544348,-0.48235082421789904,-0.15158047756266235,-0.41554375939195953,-0.16865065625567055,0.0,0.0,0.0,0.0,0.0,0.0,0.0,0.0,0.0,0.0,0.0,0.0,0.0,0.0,0.0,0.0,0.0,0.0,0.0,0.0,0.0,0.0,0.0,0.0,0.0,0.0,0.0,0.0,0.0,0.0,0.0,0.0,0.0,0.0,0.0,0.0,0.0,0.0,0.0,0.0,0.0,0.0,pain
0.0,0.0,-0.2844077335471183,-0.10706204028783824,-0.4960756870810315,-0.2524698529113952,-0.6407122794137029,-0.3211143734606614,-0.7063647532525811,-0.35829290041447626,-0.43822310742116305,-0.7198717804478041,-0.7084798872614286,-0.7389151869836325,-0.8699987206332287,-0.7635897360068455,-1.0,-0.7967384505003996,-0.3846401411289415,-0.6597353703766803,-0.6766340696014097,-0.403641630723318,-0.5917275758828434,-0.28919577976118915,-0.49553591002515657,-0.30684641234055327,-0.3502592485681057,-0.5294500587287209,-0.6087126805819769,-0.2604315001957624,-0.5235310265728979,-0.1679259535943456,-0.4474625785219392,-0.2108031273124233,-0.3285766176757056,-0.3620147647925979,-0.5187954408254294,-0.16997345474674003,-0.4477338814252017,-0.09372525244992308,-0.3780424659762372,-0.1225520216888027,0.0,0.0,0.0,0.0,0.0,0.0,0.0,0.0,0.0,0.0,0.0,0.0,0.0,0.0,0.0,0.0,0.0,0.0,0.0,0.0,0.0,0.0,0.0,0.0,0.0,0.0,0.0,0.0,0.0,0.0,0.0,0.0,0.0,0.0,0.0,0.0,0.0,0.0,0.0,0.0,0.0,0.0,pain
0.0,0.0,-0.257768701109609,-0.07002001158781881,-0.44721036274256004,-0.17684059352643625,-0.5839140939928255,-0.20194068570849377,-0.6826177238839191,-0.17226813062183852,-0.3902673964527029,-0.6788751391976463,-0.6652294894922043,-0.661101329037896,-0.8509725686468688,-0.6793839896339701,-1.0,-0.7091279412993424,-0.33628062519432883,-0.6308057232319331,-0.6183659394830956,-0.33516875617229414,-0.5368241979955539,-0.23068046247176668,-0.45494208145168247,-0.2771519305497913,-0.30029401008386786,-0.49804883594470173,-0.5514832682032169,-0.18373815364680712,-0.47619155239789773,-0.1074270248206696,-0.4077395261047807,-0.16912496901011811,-0.2827010027709406,-0.3221879336015242,-0.478257087950997,-0.09471980352757312,-0.4253773916997796,-0.02219286458825576,-0.36429068440726114,-0.057674053558734215,0.0,0.0,-0.28087746979894523,-0.12301481207708176,-0.4873757884731703,-0.26585060707078995,-0.6203279583673096,-0.3343246777670716,-0.6973829988229631,-0.3595471058033513,-0.4665672853432395,-0.7335894108788421,-0.7328939352462664,-0.7265367738731197,-0.8813019582671053,-0.7369077692426664,-1.0,-0.7635898392883465,-0.4053131491946991,-0.6836492066799934,-0.6796465548977735,-0.4649939332857484,-0.5957477089167993,-0.35293885289361576,-0.5064578739125478,-0.3744313589948206,-0.36332553240772675,-0.5611603943400569,-0.6046792483518941,-0.31665881249242117,-0.5207060479078005,-0.2242792010090133,-0.44804576284847303,-0.2787955448316024,-0.3398948726643513,-0.4026056011275157,-0.5185207237651822,-0.2304802470543216,-0.44852441970480406,-0.1544856290394841,-0.380603941222216,-0.1845736272561388,pain
0.0,0.0,-0.2673694726624383,-0.1338088276145309,-0.4687415947052706,-0.28045637876439095,-0.6011964415407224,-0.36834513250366446,-0.6883658437797827,-0.40968674194871185,-0.4502806541689317,-0.6992798926137971,-0.7169852621129155,-0.7043320455975626,-0.8752602294995846,-0.7138483352555934,-1.0,-0.7312803259884312,-0.3926887557549695,-0.6555537778236908,-0.6646294489402164,-0.44077192337079796,-0.6092167068441067,-0.30337295225761096,-0.5356519926099547,-0.2890334800801995,-0.3534503990763073,-0.5387482905953295,-0.5705125095981773,-0.2831652851800363,-0.4946347842354938,-0.1896070715653958,-0.4231805666751284,-0.2276533330477764,-0.3344864794043114,-0.3861449877514974,-0.4836385328000978,-0.205840353099542,-0.4235717376748065,-0.13060009158818575,-0.3625777224021301,-0.15909037939807538,0.0,0.0,0.0,0.0,0.0,0.0,0.0,0.0,0.0,0.0,0.0,0.0,0.0,0.0,0.0,0.0,0.0,0.0,0.0,0.0,0.0,0.0,0.0,0.0,0.0,0.0,0.0,0.0,0.0,0.0,0.0,0.0,0.0,0.0,0.0,0.0,0.0,0.0,0.0,0.0,0.0,0.0,pain
0.0,0.0,-0.24337214290298284,-0.10055097504305607,-0.45591130056155843,-0.2254467829264915,-0.6007035336936946,-0.2287591633706117,-0.6487105322514242,-0.15093999021973326,-0.37940079165367196,-0.6564394199543713,-0.6568229745446603,-0.6440857345839766,-0.8495028614598568,-0.6598718957692278,-1.0,-0.6797915894960085,-0.32400154772909034,-0.6015340682419427,-0.6109585524604727,-0.3105673793201026,-0.5452750165224959,-0.18639289425715197,-0.4657362277818873,-0.20701514590274,-0.28215356519996443,-0.4637782979408523,-0.5315038304793794,-0.146701749526843,-0.4518757208067857,-0.07974858034136359,-0.37779376547400706,-0.1485534700243831,-0.25452224747977986,-0.2798034489138687,-0.44316130046773394,-0.04388472495720664,-0.382848654687904,0.015932527418336086,-0.3120314169489846,-0.030438547011145227,0.0,0.0,-0.2705265886428541,-0.09689706515160303,-0.47911174993503713,-0.2206645726884188,-0.6271672050068359,-0.27241796173229654,-0.7261075170145078,-0.2592530053543513,-0.4490711829780908,-0.669014195070639,-0.7141136547652958,-0.6700869237007343,-0.8730916852957677,-0.6873979698258226,-1.0,-0.7160724739051071,-0.39420374090079086,-0.6194318959901801,-0.6565371563655774,-0.39130884747996886,-0.5869985161868919,-0.27285179523443187,-0.5048011655190158,-0.27666690270114225,-0.3573564096016261,-0.5008668659822949,-0.5726140839528704,-0.2349320557139621,-0.4930828548295057,-0.1531951324778205,-0.4217175641370286,-0.20090592381383865,-0.3375106095360705,-0.34822924479968526,-0.49648623700061484,-0.15826399954117462,-0.43218051318594314,-0.08662540015052805,-0.36718559006322626,-0.11566725290795007,pain
0.0,0.0,-0.2824835422098008,-0.11353081848612961,-0.4883304173804831,-0.22716052115175436,-0.6278531387873373,-0.2791107706290426,-0.7209856146722703,-0.28880356211515046,-0.4519674560384856,-0.675920845534701,-0.72206727194256,-0.6778664006908327,-0.8728767121331602,-0.6940801932846575,-1.0,-0.7190507689940623,-0.3964034717271568,-0.6290650947056982,-0.6486952107571708,-0.3892020617886899,-0.566012329464951,-0.290962235881963,-0.4759306268578713,-0.30844403066194925,-0.3575530556460903,-0.5204060177270419,-0.5628787362244878,-0.2760307247781978,-0.4845978073414899,-0.19680165011635847,-0.41407553823158677,-0.23524831887970293,-0.3320648551703753,-0.383719880039568,-0.4791588204866601,-0.222953481240743,-0.42531941910363813,-0.15093723996048916,-0.3674407596304088,-0.16826874506694672,0.0,0.0,0.0,0.0,0.0,0.0,0.0,0.0,0.0,0.0,0.0,0.0,0.0,0.0,0.0,0.0,0.0,0.0,0.0,0.0,0.0,0.0,0.0,0.0,0.0,0.0,0.0,0.0,0.0,0.0,0.0,0.0,0.0,0.0,0.0,0.0,0.0,0.0,0.0,0.0,0.0,0.0,pain
0.0,0.0,-0.25638222914070463,-0.06817587878667587,-0.45424326499441653,-0.17469687926350297,-0.5953788885155554,-0.19443818283980074,-0.6804681884492534,-0.13022247363155584,-0.386645816704638,-0.6880624515907074,-0.6514790855316291,-0.6701457559788873,-0.842506229705903,-0.6886219791301899,-1.0,-0.7131948786217476,-0.32739544183536373,-0.6501889586880591,-0.6081350767530957,-0.32501414177501603,-0.5381322271322654,-0.18910802142272165,-0.45599745944252346,-0.20969617749120895,-0.28396636974846307,-0.5165804928095513,-0.530886723555117,-0.1595910534192851,-0.4574926833740456,-0.0711729426848154,-0.3853410400690714,-0.1268998062919439,-0.2570769128257039,-0.3311264130551385,-0.44117754082920657,-0.05589935309353987,-0.3837824912302092,0.0231825869736885,-0.3191991195002436,-0.02347558281362015,0.0,0.0,-0.2591570338020321,-0.14918892962916827,-0.47495782654124197,-0.27033884551802134,-0.6410023863910089,-0.30493778211420963,-0.7550583591076399,-0.273985037214418,-0.42939988140740876,-0.7044871459855936,-0.7075152258662308,-0.6991968475904445,-0.8695461848983456,-0.7212716520875322,-1.0,-0.7529780768745626,-0.3902340690815597,-0.6430402299234492,-0.6404667942709326,-0.41271204123469896,-0.5611060311287869,-0.3220299687957665,-0.47205824161531124,-0.34331887142920575,-0.36449067468496144,-0.5193141277255567,-0.5673979614491559,-0.2793252403779088,-0.486877600107197,-0.2112806781704362,-0.41456834143663646,-0.25944388798226375,-0.3512635533688273,-0.3673171707375728,-0.4908377595981212,-0.20531253941789035,-0.42568963870912474,-0.14833740495990524,-0.3619396372355588,-0.18290058302129755,pain
0.0,0.0,-0.2657667456003423,-0.11459645041926114,-0.470596640402893,-0.2257061424182761,-0.6246805501063868,-0.2689314099220149,-0.710446984389013,-0.20708894387061316,-0.42173253098509306,-0.6727240579545867,-0.6927964672623479,-0.6728932870720529,-0.8645967497632189,-0.6947625583770608,-1.0,-0.7220695124565003,-0.37616918760843737,-0.620022758123297,-0.625352677072927,-0.37814805073201574,-0.5488906512487233,-0.2723187861482774,-0.46757566118095584,-0.2901568921551528,-0.3455139715798855,-0.4995767276436961,-0.5555372844873175,-0.2316838416925466,-0.48049295164717004,-0.1593763108770818,-0.4152351706001128,-0.2136509625504744,-0.32801831506071294,-0.3419234405876082,-0.48302180940251344,-0.14932952940335958,-0.4212982826836705,-0.08642259623808461,-0.3615220881915195,-0.12063960623896668,0.0,0.0,0.0,0.0,0.0,0.0,0.0,0.0,0.0,0.0,0.0,0.0,0.0,0.0,0.0,0.0,0.0,0.0,0.0,0.0,0.0,0.0,0.0,0.0,0.0,0.0,0.0,0.0,0.0,0.0,0.0,0.0,0.0,0.0,0.0,0.0,0.0,0.0,0.0,0.0,0.0,0.0,pain
0.0,0.0,-0.2573407785092633,-0.06875666081521559,-0.4538584507357826,-0.18566845847060864,-0.5973044033955301,-0.2306945951685588,-0.6578747153019018,-0.1737549755193731,-0.37612539770059406,-0.6890974997223646,-0.6534681050455614,-0.6779560381324974,-0.8436717628194512,-0.6983714976532499,-1.0,-0.7265943580581495,-0.32065529757648614,-0.6518505132846124,-0.60800262243723,-0.3399212489503432,-0.5336917915376718,-0.21295369040823126,-0.4544478172009282,-0.2432656357461964,-0.28278923281046947,-0.5214617067663166,-0.5325593311810904,-0.1812560032575892,-0.45889485507429917,-0.0957004498668324,-0.39155169961598635,-0.15348125619808947,-0.2630327921552888,-0.33740402094053146,-0.4503709599172354,-0.07652265992288554,-0.39058533344503693,0.00047928644768861187,-0.3270638054954283,-0.04144025577530428,0.0,0.0,-0.2793924601381529,-0.09300519979606665,-0.4821200160743504,-0.22075007053009854,-0.6298292635943482,-0.2858629533488825,-0.7153447236028896,-0.23469853975912422,-0.4264992346197645,-0.6859970603180965,-0.6986006786434441,-0.6820675412608954,-0.863204589382484,-0.6945047862785715,-1.0,-0.7165076562181288,-0.3776358983181801,-0.6401133187084473,-0.6268038742293418,-0.3868070168362645,-0.5419891987591744,-0.27934876613815834,-0.4559746188276186,-0.30366405700050353,-0.34541787534143814,-0.5260660968380879,-0.5595050310069849,-0.25242780039152346,-0.47722124645957814,-0.17052045645945418,-0.4051584968339706,-0.2225373231837213,-0.32692985159374915,-0.37186492924197845,-0.48400347955488415,-0.1825207614771849,-0.42170423825497927,-0.11160918069758731,-0.3558905708978214,-0.14115178644389448,pain
0.0,0.0,-0.2962001916830938,-0.08822541858034594,-0.49847290008772405,-0.20508292277053097,-0.6434251684145373,-0.28391374814243586,-0.7220798076896469,-0.3102355820275422,-0.4042447012723219,-0.7432078414804798,-0.6824153361234078,-0.742891444458486,-0.8544857349220215,-0.7686884098143958,-1.0,-0.8045874800868201,-0.3441301895338079,-0.7057729081129547,-0.6305788036133831,-0.4435950819173106,-0.5456631008199572,-0.3236732310593028,-0.4528001136446446,-0.3353471742425151,-0.31098783209003755,-0.596478030700658,-0.5587433042364915,-0.29952558895506887,-0.47675496572673076,-0.20363007930219237,-0.4002657550496688,-0.23971594373483163,-0.29612270669811575,-0.4407410516372854,-0.4703615320257435,-0.21782136205689429,-0.4082416350807735,-0.131163630761908,-0.3422497949876439,-0.15364534568911364,0.0,0.0,0.0,0.0,0.0,0.0,0.0,0.0,0.0,0.0,0.0,0.0,0.0,0.0,0.0,0.0,0.0,0.0,0.0,0.0,0.0,0.0,0.0,0.0,0.0,0.0,0.0,0.0,0.0,0.0,0.0,0.0,0.0,0.0,0.0,0.0,0.0,0.0,0.0,0.0,0.0,0.0,pain
0.0,0.0,-0.3010097443381174,-0.08709395546489325,-0.496901135947648,-0.20773998252388234,-0.6377081064058433,-0.2890230227932041,-0.7153196062287014,-0.30337399386803715,-0.39540812297680467,-0.7363814630579528,-0.674163278419729,-0.7395612961744651,-0.8513330195143695,-0.7680110202785666,-1.0,-0.7990658975037721,-0.3369821662984362,-0.700095064988576,-0.6185187917765602,-0.4285594743115921,-0.5343953520221405,-0.2972745600857636,-0.4473475972459675,-0.3019436582601056,-0.30715867885830556,-0.590747463499688,-0.5590750056395484,-0.2918879369294598,-0.4768363654106758,-0.19204353424897128,-0.40253811497889974,-0.2293213613834372,-0.29823157435211195,-0.4325365050263285,-0.4780446548513905,-0.21202344637808992,-0.4156430817650832,-0.12478523161984564,-0.35201530468529196,-0.151041837316532,0.0,0.0,0.0,0.0,0.0,0.0,0.0,0.0,0.0,0.0,0.0,0.0,0.0,0.0,0.0,0.0,0.0,0.0,0.0,0.0,0.0,0.0,0.0,0.0,0.0,0.0,0.0,0.0,0.0,0.0,0.0,0.0,0.0,0.0,0.0,0.0,0.0,0.0,0.0,0.0,0.0,0.0,pain
0.0,0.0,-0.30666034830465255,-0.06262796043373114,-0.5044585508361854,-0.183126312993385,-0.6379059180726754,-0.2748210470706428,-0.714034430785988,-0.3143843480058824,-0.4098799923427784,-0.7485488130564533,-0.6789076686480799,-0.7601711695713489,-0.8548545944071614,-0.7866682231733841,-1.0,-0.8116303698863436,-0.33984263123503367,-0.7338556534582892,-0.6145781034130532,-0.45902273472624194,-0.5415134686471895,-0.3084312044641404,-0.4547509152308964,-0.29565383422510944,-0.29998797994282805,-0.6345952084985267,-0.5461231358400017,-0.3252286160462322,-0.4781301737566042,-0.20469712176515775,-0.40882193052011234,-0.22611904011681716,-0.28376832254908313,-0.4799955085547687,-0.46362547678323485,-0.24138649133541845,-0.4164420531840538,-0.13695000200334287,-0.3609440147287746,-0.1516669049243157,0.0,0.0,0.0,0.0,0.0,0.0,0.0,0.0,0.0,0.0,0.0,0.0,0.0,0.0,0.0,0.0,0.0,0.0,0.0,0.0,0.0,0.0,0.0,0.0,0.0,0.0,0.0,0.0,0.0,0.0,0.0,0.0,0.0,0.0,0.0,0.0,0.0,0.0,0.0,0.0,0.0,0.0,pain
0.0,0.0,-0.30458798094591494,-0.060813754029266066,-0.4972767719007321,-0.18177835456740277,-0.6318324786632901,-0.2742284187052074,-0.7194789667054197,-0.30273594550940236,-0.40094339150296754,-0.7454470169662267,-0.6760485104107523,-0.7618750068844248,-0.8550996313953803,-0.7936470027467604,-1.0,-0.8237557215828469,-0.33149131160558803,-0.7286199807536518,-0.6137016575692122,-0.45564177358804203,-0.5430799764878118,-0.3022092244282423,-0.45659808277531944,-0.28806636285074266,-0.2930396713100234,-0.6239822316751633,-0.5439511691505671,-0.3127917118535275,-0.4772698824691002,-0.19715490506503403,-0.407035231231556,-0.2206605843399614,-0.28006390748935295,-0.46533103819128385,-0.4634324390090033,-0.23014606996978865,-0.4199268798985812,-0.12181576578335741,-0.3659059252116147,-0.13187954309449637,0.0,0.0,0.0,0.0,0.0,0.0,0.0,0.0,0.0,0.0,0.0,0.0,0.0,0.0,0.0,0.0,0.0,0.0,0.0,0.0,0.0,0.0,0.0,0.0,0.0,0.0,0.0,0.0,0.0,0.0,0.0,0.0,0.0,0.0,0.0,0.0,0.0,0.0,0.0,0.0,0.0,0.0,pain
0.0,0.0,-0.31105181055972647,-0.05343661069237182,-0.5066542628330353,-0.174887807168628,-0.6376009514233217,-0.27598876887352697,-0.717978418058302,-0.31833012608857825,-0.39970035058876996,-0.7630481674975657,-0.6756651724975357,-0.7824998705041851,-0.8580462972916764,-0.8118859197833945,-1.0,-0.8342398908018407,-0.3224437981656104,-0.7571488847872482,-0.6119933167144869,-0.47619216189814056,-0.5347487377737079,-0.3213047555808792,-0.4416543916781174,-0.3218128477027703,-0.27767130344110075,-0.6625229741193178,-0.543076034476341,-0.3511405913286479,-0.4750552016581711,-0.22679805915056472,-0.40025946015732633,-0.2502010113427922,-0.2611619535829735,-0.5108881903200642,-0.45903207930193557,-0.271940690656493,-0.4178183117754254,-0.15591348169866232,-0.36051738979125275,-0.1587277706443009,0.0,0.0,0.0,0.0,0.0,0.0,0.0,0.0,0.0,0.0,0.0,0.0,0.0,0.0,0.0,0.0,0.0,0.0,0.0,0.0,0.0,0.0,0.0,0.0,0.0,0.0,0.0,0.0,0.0,0.0,0.0,0.0,0.0,0.0,0.0,0.0,0.0,0.0,0.0,0.0,0.0,0.0,pain
0.0,0.0,-0.3033602869482754,-0.06410678798147305,-0.5063328455164717,-0.1790427405121589,-0.6438037286533045,-0.2636630021768153,-0.7062875989832113,-0.294756769068833,-0.39872005209771094,-0.7533034206327787,-0.6736027564948163,-0.7717702718977685,-0.8556725465760675,-0.8094692109153538,-1.0,-0.8408623958424547,-0.31968858470025197,-0.740686776636457,-0.6053061703483187,-0.4518290050821461,-0.5319698085958655,-0.29280464565313574,-0.44292966423836755,-0.28705201887617576,-0.27308414186046454,-0.6399785733783471,-0.5382468021203727,-0.3235876957162935,-0.47074934884281094,-0.20285340765200538,-0.39690710927808154,-0.22774259601599395,-0.2531027386478579,-0.48288682126669236,-0.45161381441885295,-0.2472237708132127,-0.4089762753577673,-0.13784477049453536,-0.35236110123179964,-0.14970080023706925,0.0,0.0,0.0,0.0,0.0,0.0,0.0,0.0,0.0,0.0,0.0,0.0,0.0,0.0,0.0,0.0,0.0,0.0,0.0,0.0,0.0,0.0,0.0,0.0,0.0,0.0,0.0,0.0,0.0,0.0,0.0,0.0,0.0,0.0,0.0,0.0,0.0,0.0,0.0,0.0,0.0,0.0,pain
0.0,0.0,-0.3032480358477704,-0.06453349263847774,-0.5016338373997616,-0.17800036398894872,-0.6387491941346368,-0.2632904806607736,-0.702356262923407,-0.2870926845418829,-0.3962903973751667,-0.7486784836261525,-0.6712017907433703,-0.7727757858922407,-0.8550054135644491,-0.8088343408149856,-1.0,-0.8362517569664297,-0.3177926846447046,-0.7380955563529953,-0.6005051631935198,-0.453465966519186,-0.5269716839218678,-0.29091713904686306,-0.43956446768672686,-0.28429644740616744,-0.27046589557218753,-0.6390885058664942,-0.5329008993817329,-0.3217045376260723,-0.46614337257353555,-0.1989338414098094,-0.3928309600362755,-0.22234326625585957,-0.2502701641137743,-0.4820329296894681,-0.44877832353270813,-0.2483592221329958,-0.40839868511562816,-0.13945609357600633,-0.35201535745462736,-0.14901388813200667,0.0,0.0,0.0,0.0,0.0,0.0,0.0,0.0,0.0,0.0,0.0,0.0,0.0,0.0,0.0,0.0,0.0,0.0,0.0,0.0,0.0,0.0,0.0,0.0,0.0,0.0,0.0,0.0,0.0,0.0,0.0,0.0,0.0,0.0,0.0,0.0,0.0,0.0,0.0,0.0,0.0,0.0,pain
0.0,0.0,-0.3173625023386919,-0.10444263007817799,-0.5322203393555879,-0.24516245934428707,-0.6844366151502204,-0.3427817379925258,-0.7504282017563375,-0.36133848765840787,-0.40184329129138147,-0.8248208521791248,-0.6657270798811381,-0.8614373962331111,-0.8458725639407749,-0.9125819748370153,-1.0,-0.9603813528655878,-0.31113849934516624,-0.7953627157024465,-0.6248384359257387,-0.5119824119646674,-0.5550170235327355,-0.3592922327551962,-0.46631667148254036,-0.3627478678367006,-0.250419356274047,-0.6768552326924737,-0.5531256985920673,-0.3599360766479804,-0.4755170452443739,-0.24980714168157442,-0.3917706993667171,-0.2846626306249896,-0.21768731917019726,-0.4991746896978008,-0.46078208001784104,-0.2651092899543734,-0.4109868395306212,-0.16129763761292062,-0.3382619645869776,-0.17318489363173523,0.0,0.0,0.0,0.0,0.0,0.0,0.0,0.0,0.0,0.0,0.0,0.0,0.0,0.0,0.0,0.0,0.0,0.0,0.0,0.0,0.0,0.0,0.0,0.0,0.0,0.0,0.0,0.0,0.0,0.0,0.0,0.0,0.0,0.0,0.0,0.0,0.0,0.0,0.0,0.0,0.0,0.0,pain
0.0,0.0,-0.3148451413960257,-0.11835538401848611,-0.5293603145838884,-0.2785221496288702,-0.6743593459222983,-0.37740094331537805,-0.711849925493563,-0.34641779594948835,-0.38119456489954745,-0.8545262465739764,-0.6539270787399816,-0.8791385611973385,-0.8388780769288701,-0.9335280005526305,-1.0,-0.9932442995693741,-0.29106385012078406,-0.8120573177578783,-0.6218002354912413,-0.5137261684577816,-0.5516140810673664,-0.34369151997806097,-0.45818731993412065,-0.34691537117917537,-0.23289792903787754,-0.6774346516999362,-0.5510645668784218,-0.3558592599633207,-0.47654670325246956,-0.23804611867948314,-0.38844472422230497,-0.27375778889617763,-0.2049355515424053,-0.4825264356317881,-0.46087412229651226,-0.25910165337289004,-0.41592666634464515,-0.151435307169602,-0.3422268413269989,-0.16568008613557003,0.0,0.0,0.0,0.0,0.0,0.0,0.0,0.0,0.0,0.0,0.0,0.0,0.0,0.0,0.0,0.0,0.0,0.0,0.0,0.0,0.0,0.0,0.0,0.0,0.0,0.0,0.0,0.0,0.0,0.0,0.0,0.0,0.0,0.0,0.0,0.0,0.0,0.0,0.0,0.0,0.0,0.0,pain
0.0,0.0,-0.28733641576943814,-0.04324006395664866,-0.4774493643413865,-0.1590274738934206,-0.6098768070601358,-0.25116938135056976,-0.6941415904116249,-0.2757033178063452,-0.3823683830545791,-0.7539126199573534,-0.67015696402858,-0.7583998297315402,-0.8496572773207799,-0.8093571703289546,-1.0,-0.8676555719867759,-0.30702061546572795,-0.7365563645564299,-0.6285224398021954,-0.47035204858656426,-0.5471318198457251,-0.295933295034705,-0.44888435742423033,-0.2951764481981614,-0.25967132358558176,-0.6328581918955569,-0.5502258838968692,-0.30400956612010904,-0.46391134382703975,-0.17958818524113343,-0.37750186672695535,-0.21927583799591904,-0.23656674139462056,-0.4671299299364717,-0.4527458659339,-0.20233465612262155,-0.38972357427762855,-0.08966471331887052,-0.3159641252833208,-0.11730110360985914,0.0,0.0,0.0,0.0,0.0,0.0,0.0,0.0,0.0,0.0,0.0,0.0,0.0,0.0,0.0,0.0,0.0,0.0,0.0,0.0,0.0,0.0,0.0,0.0,0.0,0.0,0.0,0.0,0.0,0.0,0.0,0.0,0.0,0.0,0.0,0.0,0.0,0.0,0.0,0.0,0.0,0.0,pain
0.0,0.0,-0.30249452346294964,-0.05246467453662188,-0.49468900805878674,-0.16794826524814407,-0.6282779836859741,-0.2631096061042536,-0.6896321342109341,-0.29559709284159236,-0.38205440210271924,-0.7373658597718611,-0.664239377381034,-0.7602280203938026,-0.8498615941274249,-0.8152867994922719,-1.0,-0.8648677713733132,-0.3123683789365653,-0.7214561703446472,-0.620866135398117,-0.45285817229731734,-0.5357403846235267,-0.29538582171765543,-0.44230012015780557,-0.3049374781425415,-0.27364352506928763,-0.6262148089626376,-0.5530468344472699,-0.2999143907389578,-0.47158847941524895,-0.18399682627586167,-0.390946418425213,-0.22440634507729815,-0.26015519748134336,-0.47120150184555276,-0.4706057934860752,-0.22350367967402432,-0.41273317092130296,-0.11745785373941421,-0.3421542202994715,-0.1363977384251791,0.0,0.0,0.0,0.0,0.0,0.0,0.0,0.0,0.0,0.0,0.0,0.0,0.0,0.0,0.0,0.0,0.0,0.0,0.0,0.0,0.0,0.0,0.0,0.0,0.0,0.0,0.0,0.0,0.0,0.0,0.0,0.0,0.0,0.0,0.0,0.0,0.0,0.0,0.0,0.0,0.0,0.0,pain
0.0,0.0,-0.2834656360393689,-0.04506238953143357,-0.48020770686224945,-0.15060504627200286,-0.6109861164024206,-0.23235238444378953,-0.6848567912061231,-0.254666136337679,-0.38718329016423425,-0.7429098448707843,-0.6618322067835787,-0.7555914166572821,-0.8462181712754971,-0.8075384987696208,-1.0,-0.859290301608638,-0.3019616581726173,-0.7370195191417616,-0.6115408053812419,-0.4396894540406836,-0.5299667825563295,-0.28071056097465524,-0.43841434827439413,-0.3055509630982075,-0.24567450419431125,-0.6384653844525751,-0.530934393352358,-0.292945666038099,-0.4500891735413756,-0.1793642122178534,-0.3675491372969036,-0.2237644892029331,-0.2165096046253633,-0.4724041234676168,-0.44151405731227034,-0.210972698440082,-0.38800993248688354,-0.10537133811428111,-0.31698937664779364,-0.125407231163537,0.0,0.0,0.0,0.0,0.0,0.0,0.0,0.0,0.0,0.0,0.0,0.0,0.0,0.0,0.0,0.0,0.0,0.0,0.0,0.0,0.0,0.0,0.0,0.0,0.0,0.0,0.0,0.0,0.0,0.0,0.0,0.0,0.0,0.0,0.0,0.0,0.0,0.0,0.0,0.0,0.0,0.0,pain
0.0,0.0,-0.2756916572744804,-0.05837409599022834,-0.48345781060272625,-0.17072359828965541,-0.6210325832094626,-0.25523507760732206,-0.6760702258787618,-0.27107498547101766,-0.39026192352732225,-0.7564286718898974,-0.6592821905573177,-0.767173105479464,-0.8458381147238014,-0.8146951036666109,-1.0,-0.8654803890014182,-0.29411474806384486,-0.7509169465367569,-0.6033347094639497,-0.43582966459943795,-0.5211201930677136,-0.2736312523433078,-0.43158640564918677,-0.29951994650150066,-0.22568997028240248,-0.644585646313202,-0.509216473686146,-0.28451405719320155,-0.4289368803384296,-0.17884201072775321,-0.3459797083285472,-0.22633216457005775,-0.18874863476848971,-0.4711548996125984,-0.41740429921401334,-0.22664226783292787,-0.38037880364587423,-0.12867352002459598,-0.3190302942076274,-0.13979894845424137,0.0,0.0,0.0,0.0,0.0,0.0,0.0,0.0,0.0,0.0,0.0,0.0,0.0,0.0,0.0,0.0,0.0,0.0,0.0,0.0,0.0,0.0,0.0,0.0,0.0,0.0,0.0,0.0,0.0,0.0,0.0,0.0,0.0,0.0,0.0,0.0,0.0,0.0,0.0,0.0,0.0,0.0,pain
0.0,0.0,-0.2814518168387361,-0.05422831151160412,-0.48442994582658283,-0.15077834717464203,-0.6210257853462059,-0.22617099740496047,-0.6976963763498981,-0.25642584265592105,-0.4122563010494704,-0.7247128201393511,-0.6666397074350023,-0.7597753137121361,-0.8484652085015998,-0.8094634954315081,-1.0,-0.8563871970242863,-0.3202398078550906,-0.7244840936263619,-0.611907831632401,-0.41580686845590575,-0.5325657149569939,-0.2560170626319066,-0.445022380431843,-0.2697366278246352,-0.2531962242925123,-0.626536813440775,-0.5229372436661969,-0.2724839077174521,-0.45144355706689904,-0.16293452090578628,-0.3773844738979133,-0.1977997607337693,-0.21304136363453383,-0.46962566801865385,-0.4317251358726978,-0.2297208328865542,-0.411095834213168,-0.13134867033043846,-0.36574174544312743,-0.12766525856525895,0.0,0.0,0.0,0.0,0.0,0.0,0.0,0.0,0.0,0.0,0.0,0.0,0.0,0.0,0.0,0.0,0.0,0.0,0.0,0.0,0.0,0.0,0.0,0.0,0.0,0.0,0.0,0.0,0.0,0.0,0.0,0.0,0.0,0.0,0.0,0.0,0.0,0.0,0.0,0.0,0.0,0.0,pain
0.0,0.0,-0.2577312525204462,-0.07964458123050082,-0.44864330392320634,-0.18565838694818046,-0.594010998003891,-0.23864689793184207,-0.7115978489942681,-0.1982360673108885,-0.3589996169765445,-0.7360090980725652,-0.6465803767128488,-0.7421712199212692,-0.8399296046759234,-0.776237359804135,-1.0,-0.8101823495367441,-0.26858279634119797,-0.6952489905560252,-0.5906869618478267,-0.38690903446029973,-0.5079312852546094,-0.24682976379095356,-0.41775541505737757,-0.28892994720350695,-0.2098755933067073,-0.558507592132327,-0.505947662460158,-0.20104884308355817,-0.4232027847661279,-0.11872647232022786,-0.3424283687081648,-0.19046490948328954,-0.1826016235469997,-0.36858060281480054,-0.41964353508714203,-0.11243847580287285,-0.36305764081173975,-0.03628463873463899,-0.29146161413170946,-0.08263621377095873,0.0,0.0,0.0,0.0,0.0,0.0,0.0,0.0,0.0,0.0,0.0,0.0,0.0,0.0,0.0,0.0,0.0,0.0,0.0,0.0,0.0,0.0,0.0,0.0,0.0,0.0,0.0,0.0,0.0,0.0,0.0,0.0,0.0,0.0,0.0,0.0,0.0,0.0,0.0,0.0,0.0,0.0,pain
0.0,0.0,-0.24919297850029323,-0.08872113292270875,-0.4442914577027302,-0.20822696325401036,-0.5861428685771911,-0.24273493785661943,-0.7002523606449444,-0.20026684265159625,-0.34966197750710787,-0.7282929513737818,-0.6424342727120688,-0.7292154396254485,-0.8375654532198484,-0.7560825206539887,-1.0,-0.7957348777485058,-0.2679644620899996,-0.6843087613648715,-0.5852188231205081,-0.3799268798812538,-0.5094748139217866,-0.23136298106345268,-0.4178062033441912,-0.26156995541099154,-0.21607527653625283,-0.5430294676134058,-0.5114409409753896,-0.20346191590407742,-0.4295459719622122,-0.10220621692301894,-0.34270531981720903,-0.16377062868415243,-0.19027332373887415,-0.3566971183298291,-0.40902948443121995,-0.10709521779225079,-0.349373894579089,-0.019146147116632477,-0.2726961852525833,-0.06398929141254378,0.0,0.0,0.0,0.0,0.0,0.0,0.0,0.0,0.0,0.0,0.0,0.0,0.0,0.0,0.0,0.0,0.0,0.0,0.0,0.0,0.0,0.0,0.0,0.0,0.0,0.0,0.0,0.0,0.0,0.0,0.0,0.0,0.0,0.0,0.0,0.0,0.0,0.0,0.0,0.0,0.0,0.0,pain
0.0,0.0,-0.2644414460620548,-0.06163038414846463,-0.45608337019226247,-0.1773060553730908,-0.5870371655640357,-0.2367219629026642,-0.6892030589774235,-0.23219419636555275,-0.37334164227703487,-0.7114710477032966,-0.6584862390717197,-0.7190043854283321,-0.8476742996019235,-0.7459471842915086,-1.0,-0.7770257314536848,-0.29506798119724076,-0.6785656308523352,-0.6057987525997308,-0.3862314842698638,-0.5284473489803408,-0.23779185213766105,-0.4366047985620312,-0.2633536175078345,-0.24658829438834567,-0.5500427602789358,-0.5303450936844185,-0.20948301822870102,-0.4517620528698205,-0.11051591129388957,-0.3718220937126509,-0.16943010605960795,-0.22581221003002042,-0.37069603382238075,-0.4395547872690827,-0.11921471659404674,-0.3836046973960343,-0.035386042386200016,-0.31493004253677265,-0.07873802476920036,0.0,0.0,0.0,0.0,0.0,0.0,0.0,0.0,0.0,0.0,0.0,0.0,0.0,0.0,0.0,0.0,0.0,0.0,0.0,0.0,0.0,0.0,0.0,0.0,0.0,0.0,0.0,0.0,0.0,0.0,0.0,0.0,0.0,0.0,0.0,0.0,0.0,0.0,0.0,0.0,0.0,0.0,pain
0.0,0.0,-0.2581566497712883,-0.10463169407644717,-0.45996899386702933,-0.22547158446451876,-0.6034682162662818,-0.2506395252869128,-0.684808327330348,-0.17479442324703992,-0.35111821407719773,-0.7281795223010564,-0.6521170074975451,-0.7147027862825736,-0.8423435219562417,-0.7350911814718096,-1.0,-0.7692332794084414,-0.25828228416378485,-0.6809514602550705,-0.5955807150663646,-0.3888490502774154,-0.5115783513993958,-0.23483352219282594,-0.4161380912328677,-0.26468610301421924,-0.19865516812845818,-0.5322626128636021,-0.5118432169801136,-0.1881037827101514,-0.4239162741951581,-0.08816570251788182,-0.33654408067577163,-0.16006011959197647,-0.16940900439638792,-0.3352923596613528,-0.4096654725960661,-0.07392224318848123,-0.3409548812088748,0.007970713589752584,-0.2596365250179682,-0.047155591124773175,0.0,0.0,0.0,0.0,0.0,0.0,0.0,0.0,0.0,0.0,0.0,0.0,0.0,0.0,0.0,0.0,0.0,0.0,0.0,0.0,0.0,0.0,0.0,0.0,0.0,0.0,0.0,0.0,0.0,0.0,0.0,0.0,0.0,0.0,0.0,0.0,0.0,0.0,0.0,0.0,0.0,0.0,pain
0.0,0.0,-0.25709340991691426,-0.12215864301149063,-0.44854179998207006,-0.2264154102816961,-0.5919448643557633,-0.2293370141265381,-0.6804742782419988,-0.17168808472007113,-0.33746623964519296,-0.7349345865754093,-0.6428862900757695,-0.7093113660462284,-0.8386409608807524,-0.7286065487617511,-1.0,-0.7594237889293859,-0.2464992791951717,-0.671569066910679,-0.5910823716591289,-0.35588282876995353,-0.5128686074298027,-0.21716885999486832,-0.4204273203062931,-0.24994718906726104,-0.18976977524697483,-0.5060474958343767,-0.5051669701363192,-0.14641972789746538,-0.42053577592913755,-0.07026636288787698,-0.3342872791086133,-0.1488765955342045,-0.16202110788578,-0.2987524769615526,-0.4051592932299991,-0.03761503766836383,-0.34953418181181173,0.02503804963300266,-0.2768846289787241,-0.03892011174278139,0.0,0.0,0.0,0.0,0.0,0.0,0.0,0.0,0.0,0.0,0.0,0.0,0.0,0.0,0.0,0.0,0.0,0.0,0.0,0.0,0.0,0.0,0.0,0.0,0.0,0.0,0.0,0.0,0.0,0.0,0.0,0.0,0.0,0.0,0.0,0.0,0.0,0.0,0.0,0.0,0.0,0.0,pain
0.0,0.0,-0.26609308186970615,-0.1025687395719257,-0.4561737173506529,-0.21793972868892122,-0.6049014361507223,-0.24294805172895304,-0.6906214055117398,-0.20365359307124972,-0.35200724538385325,-0.7253037530326147,-0.6527120366512335,-0.7061761144347306,-0.845694175522628,-0.7198308763120395,-1.0,-0.7488337730819474,-0.2771072887498351,-0.6657810604141652,-0.6165926523971994,-0.3961740353435786,-0.5383132320133431,-0.2507900971177097,-0.44588531111784585,-0.26908731296827343,-0.23356895961817545,-0.5150616378310601,-0.5360326644275272,-0.19203641334565333,-0.4512727424110442,-0.10322681500834367,-0.37047947871492504,-0.17048668817285997,-0.21645341518940545,-0.3211199371005138,-0.44018886837848004,-0.07422440372381853,-0.37994037511270845,-0.000670698056371407,-0.3107470564110954,-0.05532591422662725,0.0,0.0,0.0,0.0,0.0,0.0,0.0,0.0,0.0,0.0,0.0,0.0,0.0,0.0,0.0,0.0,0.0,0.0,0.0,0.0,0.0,0.0,0.0,0.0,0.0,0.0,0.0,0.0,0.0,0.0,0.0,0.0,0.0,0.0,0.0,0.0,0.0,0.0,0.0,0.0,0.0,0.0,pain
0.0,0.0,-0.26273401222661147,-0.14896555572289977,-0.45941792038730306,-0.2749860277666383,-0.6067117981901421,-0.2780324736478235,-0.6612171176189863,-0.18531627148230878,-0.33428296131505936,-0.7556978813013412,-0.6397084974768324,-0.7280540670993825,-0.8383677981756256,-0.7478576664918626,-1.0,-0.7811789480178482,-0.23586672303948697,-0.686624353784207,-0.5863917251716135,-0.3736805765995939,-0.5035488565450841,-0.2204426022468077,-0.414023812677715,-0.2624708987412288,-0.17311892003708992,-0.5172892778532843,-0.49638014817825665,-0.16280487141008868,-0.4132272139185219,-0.08325432368039515,-0.33074816773212506,-0.16880091019120186,-0.14524748998807824,-0.3032875122710686,-0.399724955678987,-0.04815657248413607,-0.34468093407101885,0.014191343384873333,-0.2708537851143092,-0.04942428047534626,0.0,0.0,0.0,0.0,0.0,0.0,0.0,0.0,0.0,0.0,0.0,0.0,0.0,0.0,0.0,0.0,0.0,0.0,0.0,0.0,0.0,0.0,0.0,0.0,0.0,0.0,0.0,0.0,0.0,0.0,0.0,0.0,0.0,0.0,0.0,0.0,0.0,0.0,0.0,0.0,0.0,0.0,pain
0.0,0.0,-0.2543978618683843,-0.14872595597969152,-0.45292832765626584,-0.27315682876669284,-0.609994705602327,-0.2588231404198305,-0.666298304190871,-0.1521502688888624,-0.34462688461457897,-0.7162870294650276,-0.6508311875757039,-0.6842208055452758,-0.843303901301584,-0.6960131624722906,-1.0,-0.7306889001248229,-0.25052995318832405,-0.6429764619047756,-0.5997784485566503,-0.3451433861718876,-0.5199010206399362,-0.20770509424561814,-0.42749344977448495,-0.24318823781169277,-0.18772151550387756,-0.4727985430343347,-0.5123155329577282,-0.13254990760475124,-0.4292783066470773,-0.06003226748496395,-0.34386496780439396,-0.14489131698244798,-0.1565866373345809,-0.26616506116487426,-0.4098555890397343,-0.020163892207870623,-0.3520657392502985,0.02668105340852008,-0.2725195705828643,-0.0468196853016595,0.0,0.0,0.0,0.0,0.0,0.0,0.0,0.0,0.0,0.0,0.0,0.0,0.0,0.0,0.0,0.0,0.0,0.0,0.0,0.0,0.0,0.0,0.0,0.0,0.0,0.0,0.0,0.0,0.0,0.0,0.0,0.0,0.0,0.0,0.0,0.0,0.0,0.0,0.0,0.0,0.0,0.0,pain
0.0,0.0,-0.25738236184748825,-0.12723217408076462,-0.4538302303538439,-0.2607627736241194,-0.6103711931702994,-0.278142400880428,-0.6768428396168183,-0.20048907414583922,-0.3701089876437064,-0.7280897284775557,-0.6637292140040227,-0.7052895819759707,-0.8474456692094293,-0.7132578221030228,-1.0,-0.7433862986343003,-0.2844479189426195,-0.6609173922954272,-0.6157560524009139,-0.3800275941527821,-0.523847979584346,-0.24520850568186184,-0.4339955785522152,-0.28518830753433067,-0.22755502527428167,-0.5036372229871942,-0.5335861188369003,-0.17754077111924965,-0.442890880552151,-0.09659017363668908,-0.3649579871832785,-0.1795861980375959,-0.1974924508142994,-0.30193176800973576,-0.434168165142513,-0.06502968154424807,-0.3683839098073512,-0.012446133183653212,-0.2953904210108018,-0.08325569235297582,0.0,0.0,0.0,0.0,0.0,0.0,0.0,0.0,0.0,0.0,0.0,0.0,0.0,0.0,0.0,0.0,0.0,0.0,0.0,0.0,0.0,0.0,0.0,0.0,0.0,0.0,0.0,0.0,0.0,0.0,0.0,0.0,0.0,0.0,0.0,0.0,0.0,0.0,0.0,0.0,0.0,0.0,pain
0.0,0.0,-0.23680191694071567,-0.1188147815038823,-0.4432305674254848,-0.23713709526780574,-0.610038521067529,-0.24261324575868487,-0.6629036498475811,-0.16821133831468846,-0.3838282392628591,-0.6893087191404631,-0.673545387160645,-0.6652480651307353,-0.8518728263598202,-0.6700695704515166,-1.0,-0.6972317587051223,-0.3038740679162068,-0.6217235009236607,-0.632830298165562,-0.34913832984131055,-0.5345888322072855,-0.21815674963610457,-0.4449071573491165,-0.2603246271926685,-0.24766186931047882,-0.4665186528484746,-0.5440897412039256,-0.14853026049291465,-0.4459826957205758,-0.0689790014269519,-0.3691842632378855,-0.15446448803081686,-0.21308822487113965,-0.2700311820587421,-0.4436369711470815,-0.028909479855607968,-0.3654952067753506,0.02241313033164848,-0.28999943089513214,-0.05258441693111422,0.0,0.0,0.0,0.0,0.0,0.0,0.0,0.0,0.0,0.0,0.0,0.0,0.0,0.0,0.0,0.0,0.0,0.0,0.0,0.0,0.0,0.0,0.0,0.0,0.0,0.0,0.0,0.0,0.0,0.0,0.0,0.0,0.0,0.0,0.0,0.0,0.0,0.0,0.0,0.0,0.0,0.0,pain
0.0,0.0,-0.220019841599197,-0.1393532807776903,-0.4314914819399909,-0.2587326426711612,-0.6116938992920102,-0.25240734861924885,-0.6816090486969013,-0.15882460723648903,-0.3907060430782388,-0.6574563374816005,-0.6735618513922835,-0.6415204723415716,-0.8507771478340515,-0.6473216501774045,-1.0,-0.6726175050050756,-0.31944101047763834,-0.5878361672593916,-0.6399381957456123,-0.3289751760800952,-0.5434533166850916,-0.20505993343191917,-0.45223676265032997,-0.24060135088393284,-0.26686529974976014,-0.4387984514625416,-0.5520053302754195,-0.14024965532151104,-0.4544785726692812,-0.062443614220919395,-0.3761672387414889,-0.13978185042490424,-0.23285072123363248,-0.25651116508914223,-0.4501514170874594,-0.02724419471199381,-0.3754309821385101,0.02543301935338244,-0.3043543422738606,-0.04281248751560574,0.0,0.0,0.0,0.0,0.0,0.0,0.0,0.0,0.0,0.0,0.0,0.0,0.0,0.0,0.0,0.0,0.0,0.0,0.0,0.0,0.0,0.0,0.0,0.0,0.0,0.0,0.0,0.0,0.0,0.0,0.0,0.0,0.0,0.0,0.0,0.0,0.0,0.0,0.0,0.0,0.0,0.0,pain
0.0,0.0,-0.21934324484748813,-0.14521615538947333,-0.4427551322853402,-0.28149701153145107,-0.623697392567998,-0.28821470608141486,-0.686002858163074,-0.22041882902443596,-0.414541313059098,-0.6972284219968089,-0.6857539163602219,-0.682357883403439,-0.8562051467161853,-0.6964600475634432,-1.0,-0.7253346516876309,-0.342789283988919,-0.6232410511256448,-0.649945816260723,-0.36577812595054926,-0.5503054593715309,-0.25124420335122344,-0.4592493937878129,-0.29233593762763127,-0.28750708900680777,-0.47753059066888326,-0.5615456485361833,-0.18240074807011758,-0.45924705995841114,-0.11069212822681088,-0.38140715909948414,-0.19041138410864442,-0.24828770826510124,-0.2961433469136273,-0.4628263763175439,-0.07385216435449002,-0.38344988218051235,-0.02197238146285983,-0.3105886617900005,-0.08470727166785562,0.0,0.0,0.0,0.0,0.0,0.0,0.0,0.0,0.0,0.0,0.0,0.0,0.0,0.0,0.0,0.0,0.0,0.0,0.0,0.0,0.0,0.0,0.0,0.0,0.0,0.0,0.0,0.0,0.0,0.0,0.0,0.0,0.0,0.0,0.0,0.0,0.0,0.0,0.0,0.0,0.0,0.0,pain
0.0,0.0,-0.24156186517221467,-0.12793238259189457,-0.452098268970695,-0.24596407650814864,-0.6296544168192548,-0.2597117230201983,-0.6675805123023671,-0.21582388190204185,-0.40266995410839274,-0.702374969329183,-0.6819703114483869,-0.686735014240632,-0.8571530085228724,-0.6981081201065198,-1.0,-0.7203378051269472,-0.3228837608550352,-0.6289022597625837,-0.6423213461693139,-0.3570024245294459,-0.53848371037216,-0.22943434984734162,-0.45122375560766437,-0.27414395451949247,-0.26281974758126503,-0.47884983328226677,-0.5493939112334061,-0.16167525837052643,-0.44573675825394643,-0.08671487340445451,-0.3698050792834716,-0.17179435741250706,-0.22360571392325396,-0.286515455875693,-0.44973920450817595,-0.043393039190419765,-0.37295277518852427,0.006420073176918282,-0.30156717066953675,-0.06467068461332393,0.0,0.0,0.0,0.0,0.0,0.0,0.0,0.0,0.0,0.0,0.0,0.0,0.0,0.0,0.0,0.0,0.0,0.0,0.0,0.0,0.0,0.0,0.0,0.0,0.0,0.0,0.0,0.0,0.0,0.0,0.0,0.0,0.0,0.0,0.0,0.0,0.0,0.0,0.0,0.0,0.0,0.0,pain
0.0,0.0,-0.22024071864635156,-0.14012353531000316,-0.4355429269471498,-0.2512008945922247,-0.6224082550705267,-0.25158060266723226,-0.6735798850189705,-0.2099142863264681,-0.40845957044710357,-0.6870875251522697,-0.6896466897728071,-0.6680624554690574,-0.8601376496015913,-0.6743464885004053,-1.0,-0.6977766464887988,-0.3320469818225608,-0.6088487441019809,-0.6416392485794171,-0.3449117626238696,-0.5380156944196203,-0.22384523315838736,-0.4527080373079457,-0.2719721467853779,-0.2765496632396205,-0.4580442918620694,-0.557585577385455,-0.1504137597527341,-0.4508482814005695,-0.08155953158126987,-0.3740622227622515,-0.1694665616864246,-0.23988735688734847,-0.2743416607834517,-0.4603973970469018,-0.04087150597375729,-0.3808455719122343,0.004275919754665188,-0.30881603496351956,-0.0663027255174404,0.0,0.0,0.0,0.0,0.0,0.0,0.0,0.0,0.0,0.0,0.0,0.0,0.0,0.0,0.0,0.0,0.0,0.0,0.0,0.0,0.0,0.0,0.0,0.0,0.0,0.0,0.0,0.0,0.0,0.0,0.0,0.0,0.0,0.0,0.0,0.0,0.0,0.0,0.0,0.0,0.0,0.0,pain
0.0,0.0,-0.23367016526346213,-0.1390917578819322,-0.4506637049777641,-0.26661744974105356,-0.6260261509943593,-0.27260353244062274,-0.6792018043078927,-0.2225348911583311,-0.4240821842119342,-0.7049635592519434,-0.6949645403158176,-0.6920711984206332,-0.8630592810832963,-0.7019426392264384,-1.0,-0.7231579795606825,-0.3419889098627984,-0.6279480537962857,-0.6447838533082496,-0.3698103679201937,-0.5426698398794898,-0.24580973547252166,-0.45339993062192413,-0.28686931631795975,-0.28178464413335086,-0.4814087068290409,-0.5533797650464863,-0.17340708880380434,-0.44942854688775075,-0.10133274673059468,-0.3737630331149548,-0.1868840389138521,-0.2419365908813631,-0.2985172925451492,-0.4639599747180238,-0.06824806020838116,-0.38541937294486034,-0.018864039548423864,-0.3135225251070707,-0.08748262063268929,0.0,0.0,0.0,0.0,0.0,0.0,0.0,0.0,0.0,0.0,0.0,0.0,0.0,0.0,0.0,0.0,0.0,0.0,0.0,0.0,0.0,0.0,0.0,0.0,0.0,0.0,0.0,0.0,0.0,0.0,0.0,0.0,0.0,0.0,0.0,0.0,0.0,0.0,0.0,0.0,0.0,0.0,pain
0.0,0.0,-0.23602572508124425,-0.1340750959537011,-0.44756841540566156,-0.2599071970552963,-0.6168855820614358,-0.2739672850000986,-0.6719410643426862,-0.2392427231029331,-0.4130875212995379,-0.7019872553631478,-0.7000105289334266,-0.6880248500577824,-0.8662585210037008,-0.6996584657410629,-1.0,-0.7346817171885377,-0.33063652758945045,-0.626165749753559,-0.6410549674347886,-0.36920234359732135,-0.5429373518318854,-0.24112499973851986,-0.4527284168433269,-0.2837751037569022,-0.2703546120690229,-0.4759430352373165,-0.5531660743692608,-0.17254494082847177,-0.45366480097685175,-0.09288522378610937,-0.373600280991307,-0.17665395059717942,-0.2310439738590861,-0.2902201295077828,-0.4617562958236013,-0.06524503034025317,-0.3878903446764578,-0.01494512688822729,-0.31252841021282457,-0.08052561247046622,0.0,0.0,0.0,0.0,0.0,0.0,0.0,0.0,0.0,0.0,0.0,0.0,0.0,0.0,0.0,0.0,0.0,0.0,0.0,0.0,0.0,0.0,0.0,0.0,0.0,0.0,0.0,0.0,0.0,0.0,0.0,0.0,0.0,0.0,0.0,0.0,0.0,0.0,0.0,0.0,0.0,0.0,pain
0.0,0.0,-0.24775881195160832,-0.14361593802085865,-0.4573302135393562,-0.27414646091449013,-0.6235714668056341,-0.28629655311166224,-0.6805555333377222,-0.2303751689666226,-0.41344362129080964,-0.7106355606061818,-0.6911237841632515,-0.7014235341818632,-0.8614430626319355,-0.7121436319348609,-1.0,-0.7383122472422371,-0.32583680392980835,-0.6330802346121166,-0.6329856071508336,-0.3728250604034526,-0.5378912842447738,-0.24912986419298094,-0.4490108723138383,-0.29319648241793467,-0.26092039664780065,-0.48219570164908965,-0.5478519012551982,-0.17966026403399699,-0.4495004986707241,-0.10648579572896677,-0.3675800657224019,-0.19059582691665217,-0.2165396250955965,-0.2952095001541234,-0.45671359688332336,-0.07520545172307501,-0.3862138002277704,-0.029559945389249262,-0.308213454449921,-0.09278376394570673,0.0,0.0,0.0,0.0,0.0,0.0,0.0,0.0,0.0,0.0,0.0,0.0,0.0,0.0,0.0,0.0,0.0,0.0,0.0,0.0,0.0,0.0,0.0,0.0,0.0,0.0,0.0,0.0,0.0,0.0,0.0,0.0,0.0,0.0,0.0,0.0,0.0,0.0,0.0,0.0,0.0,0.0,pain
0.0,0.0,-0.24169619462170502,-0.14529065125600055,-0.4494784256915561,-0.2761914978883744,-0.6171273584678393,-0.29092588595605345,-0.6887892490453361,-0.2588780399654587,-0.4173721529860229,-0.7210192058614071,-0.6945887408792879,-0.7100976183551123,-0.8632725827639117,-0.7203676077169371,-1.0,-0.747773762245596,-0.3288950782445321,-0.6423791651066388,-0.6411124397733702,-0.3865948135983483,-0.5464470123060201,-0.26341544157087604,-0.4541746406223384,-0.3065089860958446,-0.2637036718994763,-0.4932022224839295,-0.5512504445278898,-0.18838139032284054,-0.4556018869511373,-0.11234152134749326,-0.37476870979847116,-0.19561898438878428,-0.21879292236583797,-0.31023207298533495,-0.45916079355188627,-0.08690101715543744,-0.3900040551067602,-0.03657548948078228,-0.3152234709018188,-0.1003098872455884,0.0,0.0,0.0,0.0,0.0,0.0,0.0,0.0,0.0,0.0,0.0,0.0,0.0,0.0,0.0,0.0,0.0,0.0,0.0,0.0,0.0,0.0,0.0,0.0,0.0,0.0,0.0,0.0,0.0,0.0,0.0,0.0,0.0,0.0,0.0,0.0,0.0,0.0,0.0,0.0,0.0,0.0,pain
0.0,0.0,-0.25174447869849725,-0.15146103188493026,-0.4586287670750283,-0.28955331003420826,-0.624095188450035,-0.2954417429321907,-0.6946265721087619,-0.24317837802979686,-0.41771461975314395,-0.7108244200147963,-0.6968786218286888,-0.7047736336543979,-0.8640829238670338,-0.7210714970255102,-1.0,-0.75330866086159,-0.33073281181985753,-0.6352087875080386,-0.6423725220795334,-0.3783856727696999,-0.5513660918315131,-0.2545443146134238,-0.45944071351928445,-0.29240915460957845,-0.26591634169104356,-0.4856862046131312,-0.5555893120189928,-0.18497248231219035,-0.45886163890416487,-0.11304995817263684,-0.3756226186616319,-0.19558021210443882,-0.22168335282888518,-0.30113766845142026,-0.4583462159223426,-0.07612257656557044,-0.387787843015726,-0.028852819630020402,-0.31071920971660694,-0.09308579655003371,0.0,0.0,0.0,0.0,0.0,0.0,0.0,0.0,0.0,0.0,0.0,0.0,0.0,0.0,0.0,0.0,0.0,0.0,0.0,0.0,0.0,0.0,0.0,0.0,0.0,0.0,0.0,0.0,0.0,0.0,0.0,0.0,0.0,0.0,0.0,0.0,0.0,0.0,0.0,0.0,0.0,0.0,pain
0.0,0.0,-0.2628238499168951,-0.1421005348308999,-0.47199361281337754,-0.2803117115713467,-0.6413989111658058,-0.2865160067411929,-0.6898452435650737,-0.22665691795163223,-0.43099613248760466,-0.7065868185902272,-0.7024667558277219,-0.6948440803259731,-0.8650347638024016,-0.7021317099920973,-1.0,-0.7285710660186916,-0.3375072742926043,-0.6380323187921674,-0.6366210044532832,-0.36649079998876505,-0.5433387087875221,-0.24818252354992426,-0.45784702372424824,-0.2879309718431366,-0.26677527097936016,-0.49052947899901495,-0.5516218191033949,-0.17027653529160264,-0.45269085085213817,-0.10436083058628134,-0.3752357907149437,-0.18957352669187696,-0.21969503056365838,-0.3040749993920302,-0.4569399857537804,-0.06246961991022538,-0.38599105645487003,-0.016382151513615197,-0.3130075922328485,-0.08274419144460164,0.0,0.0,0.0,0.0,0.0,0.0,0.0,0.0,0.0,0.0,0.0,0.0,0.0,0.0,0.0,0.0,0.0,0.0,0.0,0.0,0.0,0.0,0.0,0.0,0.0,0.0,0.0,0.0,0.0,0.0,0.0,0.0,0.0,0.0,0.0,0.0,0.0,0.0,0.0,0.0,0.0,0.0,pain
0.0,0.0,-0.259525874352037,-0.1488282739172198,-0.4645655393878457,-0.2853056970853807,-0.6242300821533312,-0.28564988822885656,-0.69512265771441,-0.22440851685254104,-0.4324367283176161,-0.7081985755158832,-0.7026523672385675,-0.6941373929575229,-0.8667012383896385,-0.7026379281148815,-1.0,-0.724342924491894,-0.33688588602072717,-0.6298947968969971,-0.6392626186055153,-0.3693118143433911,-0.5544794886671955,-0.2527777557669185,-0.4671474425289127,-0.2911649291294353,-0.26508963262115,-0.4777898984242866,-0.5541084149275887,-0.1758114743489848,-0.4616828798656105,-0.10750115410272146,-0.37973228338599796,-0.1910701063476677,-0.21467290835940153,-0.2910437813599718,-0.4608037367982534,-0.06994933687150559,-0.39342632481160905,-0.023480480329775497,-0.31487901804567636,-0.08613148582984902,0.0,0.0,0.0,0.0,0.0,0.0,0.0,0.0,0.0,0.0,0.0,0.0,0.0,0.0,0.0,0.0,0.0,0.0,0.0,0.0,0.0,0.0,0.0,0.0,0.0,0.0,0.0,0.0,0.0,0.0,0.0,0.0,0.0,0.0,0.0,0.0,0.0,0.0,0.0,0.0,0.0,0.0,pain
0.0,0.0,-0.18424679232907767,-0.16065099574574668,-0.39807688327787116,-0.2416315860134457,-0.5819141433625529,-0.1666225781613581,-0.671188856053197,-0.060248070143971745,-0.35338599720769853,-0.5768184054164918,-0.6663798039445636,-0.552902226465096,-0.8551256137677126,-0.5528987772139284,-1.0,-0.5801529026509883,-0.2592738424180418,-0.49755461358569825,-0.6095754131008927,-0.21882779056359172,-0.5311114495504564,-0.08283429744325584,-0.43960148943971955,-0.10584876254134458,-0.1909535958974076,-0.3212867351882522,-0.5166686389307958,-0.01861123065567081,-0.4332279365995796,0.04713123127122948,-0.3416562879583458,-0.03365938485524023,-0.14160396547140386,-0.1225895704196465,-0.42401750733761856,0.10692943946484602,-0.3584193833057305,0.1426128714379185,-0.26730436245368056,0.06964754490261703,0.0,0.0,-0.25766132465845903,-0.15222426309753762,-0.4669489687857273,-0.292458050453286,-0.6300879124030434,-0.29692451437197925,-0.6947696465624679,-0.22803979306948396,-0.43515372453567486,-0.7080614705012233,-0.7049802787457874,-0.6885893545901698,-0.8680792502090052,-0.6930127445624263,-1.0,-0.7124807637666176,-0.3442062469512454,-0.6285747059369183,-0.6455344871025426,-0.37281916931074954,-0.558750668275307,-0.2557959184509532,-0.46926536389437634,-0.2922674950598105,-0.2749879366614004,-0.47796255551403577,-0.560255330181405,-0.18452820129110642,-0.4650360407786201,-0.11717073230683515,-0.38152115992987606,-0.19977754881738316,-0.22588773443039242,-0.293583708450248,-0.4683206632919556,-0.07961914672033743,-0.39913173224275095,-0.03347770323396966,-0.32052973931191125,-0.09537999736055029,pain
0.0,0.0,-0.24675386578968186,-0.16003688961924184,-0.4514427201253326,-0.29819480309008134,-0.6113227459119144,-0.32229933903003677,-0.6959129605058468,-0.2976687459275141,-0.4413068651512077,-0.7344745971589447,-0.7088078608713136,-0.7261448428879337,-0.8718641626065099,-0.7453820191458065,-1.0,-0.7808455022484022,-0.3530562881163947,-0.6619246412281484,-0.6408580884972012,-0.4048781804389686,-0.5497096781022918,-0.29942656178868843,-0.45999000379964566,-0.34857508336254156,-0.2895542925286388,-0.5144623625228409,-0.5589276258504168,-0.23220192869467873,-0.46429589743507205,-0.16654011498477975,-0.38780614601658103,-0.25306023756885077,-0.24565123809144135,-0.3326003529250524,-0.45939969065511266,-0.1263267653154876,-0.3878801827742217,-0.08188787294004793,-0.318304573106903,-0.14502401799464631,0.0,0.0,0.0,0.0,0.0,0.0,0.0,0.0,0.0,0.0,0.0,0.0,0.0,0.0,0.0,0.0,0.0,0.0,0.0,0.0,0.0,0.0,0.0,0.0,0.0,0.0,0.0,0.0,0.0,0.0,0.0,0.0,0.0,0.0,0.0,0.0,0.0,0.0,0.0,0.0,0.0,0.0,pain
0.0,0.0,-0.2120953697180803,-0.14797933293834997,-0.4245057815119894,-0.2543590932486106,-0.5895341665769148,-0.2247344357343936,-0.6740616136379755,-0.1381626821506581,-0.3629323905385177,-0.6590563404516513,-0.6597056436773128,-0.6424322182828563,-0.8485524155775795,-0.6488911084197708,-1.0,-0.679330805409589,-0.2705254246115241,-0.587326460240748,-0.61976825715935,-0.30155631539148614,-0.5299221763166894,-0.15220345929765666,-0.4411482936966939,-0.18597476392382342,-0.20243518480345557,-0.41296981497458296,-0.5226282739409932,-0.0945445791697345,-0.4278426649725744,-0.010083758231887398,-0.34392947459046225,-0.09290847070511918,-0.15102710123078197,-0.20270093560713318,-0.4281201733274073,0.0450237332953273,-0.35541765723407076,0.09454729245077034,-0.2727530283419539,0.015929070010112248,0.0,0.0,-0.255727380652762,-0.16116891647012396,-0.4631918319276586,-0.30185452015196795,-0.6252696395590444,-0.3290792539918394,-0.6861781302760085,-0.3067559844411086,-0.43806245222304957,-0.7444219055031025,-0.7080005183601428,-0.7461006410434926,-0.8697192305025856,-0.7629626069158556,-1.0,-0.7959303250401145,-0.347242729050062,-0.6723706282847112,-0.6366896065595645,-0.41546761100214835,-0.5446255059930011,-0.3066078070072404,-0.4563332776580974,-0.3519280577688509,-0.28203396224175503,-0.5268256917495887,-0.5521816420551036,-0.24006218234707186,-0.45851941655918044,-0.16874631390698044,-0.3853121988311592,-0.25233651747420865,-0.2399822239254511,-0.34694076535340285,-0.45931091362670856,-0.1400138485899241,-0.38900619964730904,-0.08866854162426077,-0.32154477061813663,-0.1504610098670388,pain
0.0,0.0,-0.24147626995790636,-0.16579229812673313,-0.44626523650243716,-0.3098936686638427,-0.6096856608968008,-0.32444929145691886,-0.6801416421175829,-0.2882447682189667,-0.4194835715093198,-0.753367092479668,-0.7030232944759575,-0.7489463954408527,-0.8689318322372139,-0.7610662393020302,-1.0,-0.7988906030762274,-0.33145997778945196,-0.672429794053691,-0.6377885210035976,-0.43438525326009614,-0.556122596905153,-0.31245506353945696,-0.4668258200945611,-0.3472619182199642,-0.2704757978175144,-0.5202713144787504,-0.5540124618464014,-0.24335432473949156,-0.46427360203219864,-0.16232678764987132,-0.3841555004355661,-0.24082910512771066,-0.23184620192979072,-0.3347847771297854,-0.4616169810944347,-0.13360030323382918,-0.3953138403633486,-0.078153332579682,-0.3233366360994554,-0.1378705803336902,0.0,0.0,0.0,0.0,0.0,0.0,0.0,0.0,0.0,0.0,0.0,0.0,0.0,0.0,0.0,0.0,0.0,0.0,0.0,0.0,0.0,0.0,0.0,0.0,0.0,0.0,0.0,0.0,0.0,0.0,0.0,0.0,0.0,0.0,0.0,0.0,0.0,0.0,0.0,0.0,0.0,0.0,pain
0.0,0.0,-0.19569659433778056,-0.15533970963591173,-0.40358602002058286,-0.24854452616756803,-0.5815069061474806,-0.18305495319324952,-0.6907276935708987,-0.06838619604385225,-0.347466796454931,-0.6482870962641704,-0.6558554363490529,-0.6200366825227965,-0.8503449668036791,-0.6324866960836887,-1.0,-0.6647442812046035,-0.2553790506715015,-0.5706159204460687,-0.6149549600872191,-0.27066054548224144,-0.5336345213665581,-0.11672159137585054,-0.446480380877367,-0.14333462543660086,-0.1901840607296792,-0.3901720891658586,-0.5170039551569988,-0.06979900569970282,-0.425342231920565,0.012238405850049145,-0.33887748838242293,-0.06591262327098625,-0.143710449978059,-0.17554870011521598,-0.42307539567050456,0.07004289535160689,-0.35248312938329524,0.11770458060928655,-0.2661463577342701,0.0423869316758084,0.0,0.0,-0.2505380470762065,-0.14806019328849493,-0.456837810091518,-0.2827394552778779,-0.6212199297406875,-0.3102337910833997,-0.707194246576469,-0.3238089429167072,-0.4356628375387036,-0.7469806039888539,-0.7082621168530516,-0.743207832419341,-0.867947718080054,-0.7568604257500517,-1.0,-0.788679355193309,-0.3503833011459971,-0.6747650370142945,-0.6552559475755328,-0.4206354862983375,-0.5605142937815163,-0.31303251309309565,-0.4683741260418623,-0.35914035825944407,-0.29043494708621226,-0.5319008255400688,-0.5671053190658225,-0.2487763558087291,-0.47106703418253987,-0.1767324622421301,-0.39662684026354783,-0.260154088020143,-0.25230809928411163,-0.3535969176913388,-0.46915936911907213,-0.15025610519981963,-0.39767373965676284,-0.09834247782637479,-0.3305995342544988,-0.1596753213822142,pain
0.0,0.0,-0.21198386947852274,-0.15765364931410944,-0.4233879946857651,-0.26600520806231737,-0.5900435360090572,-0.23373715701748993,-0.6684596865736728,-0.13111698973087005,-0.3447269113646521,-0.6583983465111711,-0.6556865659639128,-0.6469484409539482,-0.8465962318549591,-0.6568657647604836,-1.0,-0.6943387244820102,-0.26275538138115095,-0.5898704361782852,-0.6131721612722767,-0.3240917646353892,-0.530572531194324,-0.172031447403669,-0.4400488533975835,-0.20109557475889103,-0.202485804675062,-0.42070074245460815,-0.5208843719410781,-0.11854412530185159,-0.4337018012018524,-0.02878222692231479,-0.34851811302262614,-0.10727021041265564,-0.15713575143985595,-0.21858776818428616,-0.42410982798817526,0.020201871545558983,-0.3559389798568212,0.07434672772114949,-0.27147116810323757,0.003453937311580922,0.0,0.0,-0.26398995582044155,-0.139016020996757,-0.4682077311105234,-0.28249077707103193,-0.6245394317070796,-0.33594256187169436,-0.7038524966565268,-0.3373339893984786,-0.42508149486956387,-0.750338972559122,-0.7008385335849363,-0.757321934471241,-0.8667187417733293,-0.7742277403779703,-1.0,-0.8050229223231151,-0.34324628444525096,-0.687497634380486,-0.6567863235239363,-0.4447483400963392,-0.5631289898028019,-0.32038678755923494,-0.4697380701277932,-0.3532502243821426,-0.2868964760189971,-0.5522857222807787,-0.5673506040452845,-0.2682515013348839,-0.4726026378228237,-0.18318709982486514,-0.3964022078139024,-0.2541483619429077,-0.2521838667023222,-0.37674831326992486,-0.47482152147550827,-0.1678941935382414,-0.403770837976243,-0.10628224517662226,-0.3343445401193267,-0.16012116288806086,pain
0.0,0.0,-0.2614056268247604,-0.15689957638242047,-0.47244237055278165,-0.31756527162028725,-0.6270642861997145,-0.3857002082775328,-0.7363521915780188,-0.41437418131472026,-0.43135869442101377,-0.7496616989210344,-0.7055706244728099,-0.7508658242286869,-0.8669007623517372,-0.7718409908307249,-1.0,-0.8085800549277025,-0.35842674507389655,-0.6857171316599173,-0.6604290010806979,-0.45488219593545665,-0.5733678596984972,-0.34604186071923043,-0.48259573370857933,-0.3753351362732047,-0.30550736167133724,-0.5547518059381084,-0.5834610915448383,-0.29432926772391166,-0.49692347566297684,-0.20951980235621454,-0.42097246818870504,-0.26731015496221555,-0.27224442028087487,-0.3902511989616772,-0.4871299009515738,-0.19942690364732205,-0.41953714549178417,-0.13313305109928694,-0.34865415802174987,-0.1744882342515934,0.0,0.0,0.0,0.0,0.0,0.0,0.0,0.0,0.0,0.0,0.0,0.0,0.0,0.0,0.0,0.0,0.0,0.0,0.0,0.0,0.0,0.0,0.0,0.0,0.0,0.0,0.0,0.0,0.0,0.0,0.0,0.0,0.0,0.0,0.0,0.0,0.0,0.0,0.0,0.0,0.0,0.0,pain
0.0,0.0,-0.2225847380822911,-0.08883505954617317,-0.4234917990428039,-0.21134999404264251,-0.581653855810839,-0.22796077115607852,-0.6911996128833996,-0.17668730733733318,-0.3589045038637574,-0.6881987082175607,-0.6536471510942153,-0.6707344153193601,-0.8464276457111796,-0.6952550814635654,-1.0,-0.7326386668834455,-0.30089851565384484,-0.6324943709568369,-0.6361146581237958,-0.386878103128658,-0.5577062935473192,-0.24989440152508352,-0.45883262991860035,-0.27481625053458913,-0.2604546549695424,-0.4847332311550108,-0.5565588679275155,-0.19362974789721518,-0.4706395644451102,-0.09391312325681325,-0.38617073035579125,-0.15932389371262318,-0.23377766898242447,-0.28737440073753506,-0.4617489949115845,-0.05301662518843822,-0.38639298951971923,0.012785889729820137,-0.30310507215709726,-0.05549029864121505,0.0,0.0,-0.28405865322328483,-0.1251810287437677,-0.4855665847623534,-0.2858505978500611,-0.628985838991201,-0.36886666184700717,-0.7209133697295363,-0.4007069113020597,-0.4217725308468674,-0.7397321967547665,-0.6975106338970481,-0.7494441993753219,-0.8626562076467187,-0.7679102524383381,-1.0,-0.8014296987778575,-0.3447210645970116,-0.6802226467429356,-0.6605372676584761,-0.4535749286334597,-0.575137086723913,-0.32749532639529594,-0.4808975545490081,-0.34392779408548846,-0.2958140180694178,-0.5511814653833934,-0.5835986388468265,-0.2900741982397718,-0.49374936203793385,-0.18660101166208112,-0.41419645661741344,-0.23480860958623104,-0.26917756576458307,-0.38677875305123016,-0.48946100121071523,-0.19641069311427922,-0.4206231676249477,-0.11764280618277405,-0.34913123245211897,-0.1554917837661549,pain
0.0,0.0,-0.28529343213866115,-0.09837522241626666,-0.48321948620790467,-0.24759673346746913,-0.625106154257641,-0.3259534856832163,-0.7160815879396323,-0.3599559613047836,-0.41771686660805085,-0.7276400989224131,-0.6945102744149304,-0.7383927339811808,-0.860912950398657,-0.7615018892805147,-1.0,-0.7966066129025766,-0.3434491343191181,-0.680041279873665,-0.6537316720397827,-0.4351744625328982,-0.569115248855583,-0.30054909330268625,-0.47435174096641447,-0.3091222959249571,-0.295087980429198,-0.5581664959783041,-0.57100306580448,-0.27231507937466226,-0.4813486832115464,-0.17008427577824198,-0.4024485821889163,-0.2183446265730131,-0.26789840365218215,-0.39253694863359667,-0.48123031732668,-0.18631082991133352,-0.41526521093093394,-0.10575708246937214,-0.34525499158266715,-0.1438944973950358,0.0,0.0,0.0,0.0,0.0,0.0,0.0,0.0,0.0,0.0,0.0,0.0,0.0,0.0,0.0,0.0,0.0,0.0,0.0,0.0,0.0,0.0,0.0,0.0,0.0,0.0,0.0,0.0,0.0,0.0,0.0,0.0,0.0,0.0,0.0,0.0,0.0,0.0,0.0,0.0,0.0,0.0,pain
0.0,0.0,-0.26209325953567675,-0.02061658928103428,-0.4592870897269954,-0.14286583730405017,-0.5996179902664656,-0.21420357198208417,-0.6876727199899791,-0.25008427379109865,-0.374413651386985,-0.7158840939912846,-0.6630600550722443,-0.7240413723571114,-0.8478021230154378,-0.7556273543879812,-1.0,-0.7981127860502519,-0.30753434820444336,-0.6827979323257278,-0.6379656908363192,-0.4306710364013239,-0.5559520178412747,-0.2855125273668669,-0.45795121154927193,-0.3154875766632014,-0.26491504564938473,-0.5504087013485458,-0.5599787599379972,-0.2508157868105443,-0.476610808889216,-0.1400690561500524,-0.3898801625511098,-0.1982218642895914,-0.23981879424668903,-0.3598742108989071,-0.46202253796094933,-0.11793565657716543,-0.39235117154133636,-0.03260906231636983,-0.3089077338217321,-0.08051927280859246,0.0,0.0,-0.3020182563030103,-0.09116747339094847,-0.5057952438202671,-0.23212156037903592,-0.6384144514877217,-0.3155091036566414,-0.7349372650400471,-0.39990776278370876,-0.4415594715213077,-0.7345737572470664,-0.7103749400678949,-0.7391827067868441,-0.8668449169945365,-0.7546961873945416,-1.0,-0.7873425201118893,-0.36756450381035677,-0.6877687909736829,-0.6692215612624572,-0.45080929423471217,-0.5832331453252155,-0.32049260375582556,-0.48934071873551893,-0.32759450801062356,-0.31976378117172183,-0.5676479871245359,-0.5855047427677911,-0.29851749856845594,-0.49667130864411696,-0.1938099873188886,-0.4200359150919682,-0.2341943880259469,-0.29475311988268166,-0.409414781566049,-0.4876176456179492,-0.22444021205323977,-0.4244289283537283,-0.13591898705305908,-0.36003253399766616,-0.16099751116122518,pain
0.0,0.0,-0.30627557654381804,-0.06426881763478219,-0.5129534152246906,-0.19607320091696967,-0.6480038764075259,-0.27544947702440903,-0.7307380666004063,-0.3509502159265171,-0.4542411588491578,-0.7250208224180636,-0.7125155134629879,-0.7504423403962743,-0.8675423323893257,-0.7757976052261005,-1.0,-0.811652416618944,-0.37640687309508597,-0.6874274370279599,-0.6715081871049833,-0.45300204003126193,-0.5858249158835233,-0.33065173080638677,-0.49402459699809054,-0.34326572103442815,-0.32330513785006465,-0.5702170231209345,-0.5912287358942804,-0.3013084398460577,-0.5047558663953587,-0.19952380413611118,-0.4316234871653835,-0.24057682232058777,-0.2924283421612843,-0.40752518272378985,-0.49494974769408584,-0.21604096424549304,-0.42900991469118416,-0.1367023294998616,-0.36283096112974567,-0.16794792350230897,0.0,0.0,0.0,0.0,0.0,0.0,0.0,0.0,0.0,0.0,0.0,0.0,0.0,0.0,0.0,0.0,0.0,0.0,0.0,0.0,0.0,0.0,0.0,0.0,0.0,0.0,0.0,0.0,0.0,0.0,0.0,0.0,0.0,0.0,0.0,0.0,0.0,0.0,0.0,0.0,0.0,0.0,pain
0.0,0.0,-0.3068350989983298,-0.055317421917702,-0.5087779766561555,-0.18303424261364284,-0.6482028000691131,-0.25968194947523077,-0.7411340071493129,-0.31778742862060305,-0.45427852828406856,-0.7279455843659035,-0.7086747999382373,-0.7486557781315109,-0.8676556900592908,-0.7782166697630141,-1.0,-0.8179365687287145,-0.38154521701734573,-0.6944992063415584,-0.6794529751490673,-0.44685267310393173,-0.5899559123464031,-0.3194847797533395,-0.4964315063688765,-0.3341480200446098,-0.3324213115051677,-0.5775543128831729,-0.5976309693300259,-0.29502535381837897,-0.5115330908396599,-0.19231364825837746,-0.439943149718068,-0.2339361761014126,-0.30457390637497206,-0.40972877565943794,-0.5044220994489996,-0.2042213261614608,-0.43844457736203307,-0.12580410721324928,-0.373388788204687,-0.15679477178201923,0.0,0.0,0.0,0.0,0.0,0.0,0.0,0.0,0.0,0.0,0.0,0.0,0.0,0.0,0.0,0.0,0.0,0.0,0.0,0.0,0.0,0.0,0.0,0.0,0.0,0.0,0.0,0.0,0.0,0.0,0.0,0.0,0.0,0.0,0.0,0.0,0.0,0.0,0.0,0.0,0.0,0.0,pain
0.0,0.0,-0.2712583051294552,-0.04751558573390142,-0.4573582681523457,-0.17754311837149983,-0.5919363993716247,-0.247885003544621,-0.6898132773730707,-0.2720046186058452,-0.371311121160092,-0.7429190012883108,-0.6525514794376653,-0.7471952155859695,-0.844922242084661,-0.786541539189848,-1.0,-0.8401674745105243,-0.3025893397584005,-0.7051302206614899,-0.635945636583315,-0.43103651312922914,-0.5524603909210598,-0.2888339138975051,-0.45758849187563444,-0.33114002548358756,-0.2523160742085839,-0.5740004404279924,-0.5566312086804354,-0.2554282161253171,-0.47057787920967903,-0.14647557508826223,-0.3843744038324301,-0.2103084880130574,-0.2190340260064486,-0.3880597498274794,-0.4585985911014704,-0.1354304300414285,-0.3900301940473919,-0.05327441725724057,-0.30576006801903965,-0.1050008596589156,0.0,0.0,-0.32235791028400007,-0.08929106715568218,-0.535885622347149,-0.2444113439489599,-0.6681688984834616,-0.35130250421859904,-0.7467709248659167,-0.41626203150472607,-0.48243841171469903,-0.7650470473820103,-0.7345033115406873,-0.7958996998128439,-0.8792172507652678,-0.8298382571435237,-1.0,-0.8760706411844136,-0.4030725599038558,-0.7345118402975231,-0.6937298335663272,-0.48957246596210774,-0.6071433857107703,-0.37249345480624296,-0.5184413044683411,-0.3975582169178929,-0.34494431599746445,-0.6157263252371182,-0.6063080692324344,-0.3382545096428884,-0.5239732066595544,-0.24527124331464617,-0.45219167728789544,-0.29658375628023786,-0.3101336932803179,-0.44755830471391916,-0.5079123033086811,-0.2503217724362118,-0.44397547430548956,-0.17475673602469124,-0.3778206668333955,-0.20466106594911393,pain
0.0,0.0,0.08299790372677046,-0.26115782738567916,0.2835341447207902,-0.4117343627846286,0.4959386882262936,-0.3274602686990009,0.6272135474904849,-0.17674151775324076,0.26648233996264903,-0.671260059205591,0.6169086786033094,-0.6702158060662028,0.8340307073094237,-0.6522229950487028,1.0,-0.6559500601135206,0.26016807681460746,-0.5156899101149536,0.5567089179860886,-0.309175259637112,0.48340577577241656,-0.19645564575633898,0.3678524300780257,-0.2246231622791876,0.2652424400116879,-0.3075570556185988,0.5457194861278242,-0.17224231065178375,0.46415953959658457,-0.09860518955511174,0.3527988742742253,-0.13884174409289915,0.28105394308003523,-0.1037894952794348,0.5040271639729185,-0.07604916104879547,0.43943867443326035,-0.010202023745978929,0.35083022008056736,-0.014782114265772736,0.0,0.0,0.0,0.0,0.0,0.0,0.0,0.0,0.0,0.0,0.0,0.0,0.0,0.0,0.0,0.0,0.0,0.0,0.0,0.0,0.0,0.0,0.0,0.0,0.0,0.0,0.0,0.0,0.0,0.0,0.0,0.0,0.0,0.0,0.0,0.0,0.0,0.0,0.0,0.0,0.0,0.0,pain
0.0,0.0,0.16966866135586656,-0.14436443585162978,0.36637816174614557,-0.25636340971119603,0.536173887752215,-0.2041902971356513,0.6563543816000257,-0.11344524434747491,0.3296170352480632,-0.6749937591440489,0.6410757279357806,-0.6607473237443312,0.8370389213521731,-0.6349071728469871,1.0,-0.638398126913844,0.27010582832951646,-0.5524831769125493,0.5983495903700317,-0.3147310980886552,0.5098281373050354,-0.1783547046114085,0.3905362729690564,-0.2071205713110305,0.22019924015719042,-0.3628654920963192,0.5422206962927575,-0.18087675115125829,0.4562504127068702,-0.08421720926395633,0.34412886925946506,-0.13155439446476755,0.1825730357416337,-0.15198400973364604,0.4311117447812484,-0.09588107305875508,0.4207706955361942,-0.03378336926956313,0.3739974823852118,-0.05090563161039281,0.0,0.0,0.0,0.0,0.0,0.0,0.0,0.0,0.0,0.0,0.0,0.0,0.0,0.0,0.0,0.0,0.0,0.0,0.0,0.0,0.0,0.0,0.0,0.0,0.0,0.0,0.0,0.0,0.0,0.0,0.0,0.0,0.0,0.0,0.0,0.0,0.0,0.0,0.0,0.0,0.0,0.0,pain
0.0,0.0,0.1681031770997169,-0.16216754823471227,0.3736921184968068,-0.2897463544782384,0.5564737520614873,-0.24915167637330968,0.6919552142825539,-0.15869315795311356,0.3345137677957647,-0.6827939373332097,0.6461785282874548,-0.6754814985868849,0.8435131562439201,-0.6682034861485628,1.0,-0.6872116569418407,0.2801342626012106,-0.5579479011164913,0.6338187563981111,-0.3697584279299182,0.5685636895789505,-0.24190251415084904,0.45387583861092273,-0.2562396168012505,0.24433223569171725,-0.36856247738500675,0.5740288659743827,-0.2089841754141612,0.5045466364345497,-0.12346146829415826,0.39708430990707927,-0.1643984699688042,0.21960675216270553,-0.1609354743102768,0.47312608453476906,-0.09834723416738338,0.4446298293049098,-0.04396918360556179,0.37550325746817537,-0.0727323639418365,0.0,0.0,0.0,0.0,0.0,0.0,0.0,0.0,0.0,0.0,0.0,0.0,0.0,0.0,0.0,0.0,0.0,0.0,0.0,0.0,0.0,0.0,0.0,0.0,0.0,0.0,0.0,0.0,0.0,0.0,0.0,0.0,0.0,0.0,0.0,0.0,0.0,0.0,0.0,0.0,0.0,0.0,pain
0.0,0.0,0.1759798172941888,-0.13271124935199585,0.3764165749401762,-0.24502758799430696,0.5368419577954431,-0.23102249909495262,0.6490528455900396,-0.17154865538494637,0.35744226416762276,-0.6753839005443207,0.6466130322586741,-0.6599309530438018,0.8382757580935833,-0.6330995224140881,1.0,-0.6328243293676321,0.2740870071577885,-0.5836559982663055,0.6048200702828271,-0.3012023731544948,0.5207754188535364,-0.18351748950093458,0.4116119628176619,-0.21839402702940888,0.20885865312986207,-0.4113899295960836,0.5102069850272285,-0.12409295030674956,0.4152233557011849,-0.045859281328037765,0.31286207664430427,-0.10548733740030429,0.15917528531866273,-0.20662262817721586,0.40380990328984384,-0.02429908988099204,0.3268588033240149,0.03677443558682664,0.23221454979519893,-0.008352880021750459,0.0,0.0,0.0,0.0,0.0,0.0,0.0,0.0,0.0,0.0,0.0,0.0,0.0,0.0,0.0,0.0,0.0,0.0,0.0,0.0,0.0,0.0,0.0,0.0,0.0,0.0,0.0,0.0,0.0,0.0,0.0,0.0,0.0,0.0,0.0,0.0,0.0,0.0,0.0,0.0,0.0,0.0,pain
0.0,0.0,0.22321142954016981,-0.11636213080964071,0.42756342349502974,-0.23228169534828347,0.5694868446217549,-0.2604253321696268,0.6597938978672906,-0.23620196356303758,0.3697025690567375,-0.7321166381490422,0.6624703802193749,-0.7025920582568852,0.8468752648901826,-0.6816660000485588,1.0,-0.6873982768454353,0.28979539722559083,-0.6476401506003183,0.616999251598712,-0.35465403798061995,0.5291504857367152,-0.23682662519577913,0.4190081361485489,-0.27143496682456786,0.2269864474195916,-0.47619001981112347,0.5234907276189892,-0.20222637669417903,0.4292609569228397,-0.12275570128863883,0.3300008817249095,-0.17661013830302458,0.18444268809385983,-0.2717271713114827,0.4163904354570977,-0.1025258649955637,0.3413990929734192,-0.04315596180214348,0.2515890216303733,-0.08803235206295942,0.0,0.0,0.0,0.0,0.0,0.0,0.0,0.0,0.0,0.0,0.0,0.0,0.0,0.0,0.0,0.0,0.0,0.0,0.0,0.0,0.0,0.0,0.0,0.0,0.0,0.0,0.0,0.0,0.0,0.0,0.0,0.0,0.0,0.0,0.0,0.0,0.0,0.0,0.0,0.0,0.0,0.0,pain
0.0,0.0,0.1695702703746334,-0.18897229867789647,0.36676694522606684,-0.3383280022733359,0.5233448813687085,-0.3477726305880196,0.6103272311417745,-0.2716501589495894,0.3921435098176276,-0.708625801765456,0.6725188760160462,-0.677258812185843,0.8507804577466993,-0.667524528059877,1.0,-0.6675532240145853,0.3306344049667498,-0.6171927864532754,0.6480843668772032,-0.31334923294653816,0.5424628389793908,-0.2406232838398731,0.4323352758311981,-0.29563805118260555,0.2729392621230057,-0.4462746728637089,0.5538486812234761,-0.15294577937875956,0.43993190392170667,-0.1142878988099749,0.3470639464313932,-0.1839782396071774,0.2245391530783778,-0.24178729961340387,0.4415896249294277,-0.04156098675180955,0.3492507129933646,-0.015192678410116999,0.25752327525997526,-0.07640403865711021,0.0,0.0,0.0,0.0,0.0,0.0,0.0,0.0,0.0,0.0,0.0,0.0,0.0,0.0,0.0,0.0,0.0,0.0,0.0,0.0,0.0,0.0,0.0,0.0,0.0,0.0,0.0,0.0,0.0,0.0,0.0,0.0,0.0,0.0,0.0,0.0,0.0,0.0,0.0,0.0,0.0,0.0,pain
0.0,0.0,0.17310278484488137,-0.21714679970899026,0.37266440343841056,-0.3927982413047821,0.5337444403550419,-0.4284186452442601,0.6360799615267471,-0.3713892373975757,0.4043619007383757,-0.749300202375169,0.6829034458538125,-0.7142438583690693,0.8547686399334616,-0.7144050730547125,1.0,-0.7269710110817386,0.3436802239697039,-0.6462983782271717,0.6569684641003184,-0.3651493483178746,0.5486667550283976,-0.296779578694522,0.43734868472414745,-0.3543828112595821,0.2871717482559926,-0.47292174860302544,0.5598216816233017,-0.21407491322863664,0.443235605546149,-0.17911602560613826,0.3508971180816678,-0.25092682887602014,0.2353923004766029,-0.2727243180530244,0.4426767152048281,-0.11239746197920608,0.35367242315102243,-0.08362025765916947,0.2674423352349295,-0.14441121385994435,0.0,0.0,0.0,0.0,0.0,0.0,0.0,0.0,0.0,0.0,0.0,0.0,0.0,0.0,0.0,0.0,0.0,0.0,0.0,0.0,0.0,0.0,0.0,0.0,0.0,0.0,0.0,0.0,0.0,0.0,0.0,0.0,0.0,0.0,0.0,0.0,0.0,0.0,0.0,0.0,0.0,0.0,pain
0.0,0.0,0.19140034886414034,-0.19249882349974518,0.39949300519259673,-0.34631161818641926,0.5594947816456457,-0.35486926674595154,0.6619687418595898,-0.29175437393932085,0.41582997500122204,-0.743254594655144,0.6864952731341256,-0.7101992069096873,0.855463338803046,-0.7038628773957123,1.0,-0.7097417326128599,0.34827747801439407,-0.6442961860973825,0.645376877384139,-0.3510331443515356,0.5424023488322433,-0.2725641646043706,0.4404842829304456,-0.32659204842490575,0.2883112729636313,-0.47264170565085667,0.5501335891751908,-0.20199833090568667,0.4376558836374325,-0.16209456610957582,0.34865638566419327,-0.23457497960913234,0.23555847407387684,-0.27560972775527703,0.4315718142200832,-0.09912212827731712,0.34566643076286,-0.06585089395906696,0.26462799233659984,-0.12780394130760964,0.0,0.0,0.0,0.0,0.0,0.0,0.0,0.0,0.0,0.0,0.0,0.0,0.0,0.0,0.0,0.0,0.0,0.0,0.0,0.0,0.0,0.0,0.0,0.0,0.0,0.0,0.0,0.0,0.0,0.0,0.0,0.0,0.0,0.0,0.0,0.0,0.0,0.0,0.0,0.0,0.0,0.0,pain
0.0,0.0,0.1919948952933685,-0.19462366496511346,0.39827805029287217,-0.35262165236991105,0.5666247403431005,-0.36692622990714213,0.6799196767696299,-0.3194252587140392,0.4095729049891698,-0.7622469907356572,0.6863471152543459,-0.7290466469419985,0.856278657015226,-0.7251775810306107,1.0,-0.7329285037757439,0.34430181573256174,-0.6650952328843704,0.6426123182883714,-0.38460723474319236,0.5452843090510683,-0.30073546392792955,0.4478000812693824,-0.3573478981810603,0.2873610968140681,-0.49537586995318755,0.5614489312314399,-0.23770969882503623,0.45837695139745765,-0.18890480595865117,0.37001570791101146,-0.25786292561029983,0.23876339807969696,-0.2988913138868364,0.4457967030551165,-0.13064930248796136,0.36725305678355985,-0.0900582508949766,0.28535113503682397,-0.14650477936105674,0.0,0.0,0.0,0.0,0.0,0.0,0.0,0.0,0.0,0.0,0.0,0.0,0.0,0.0,0.0,0.0,0.0,0.0,0.0,0.0,0.0,0.0,0.0,0.0,0.0,0.0,0.0,0.0,0.0,0.0,0.0,0.0,0.0,0.0,0.0,0.0,0.0,0.0,0.0,0.0,0.0,0.0,pain
0.0,0.0,0.20291682912979936,-0.1999081727707875,0.40261167023574457,-0.36581450167515517,0.570268250661806,-0.38491631498479745,0.680339021908311,-0.3343254737548565,0.40232027068731163,-0.7892910261823611,0.6789822952785048,-0.7523319214393663,0.8540946438537921,-0.7485540444417355,1.0,-0.7512906993622444,0.33287223201927146,-0.6884016466142667,0.6439285793922562,-0.39574217192364164,0.5444600162877561,-0.30451989749239966,0.44424785896927477,-0.36455229328687044,0.27322931984378623,-0.5146683705307147,0.5535830234588285,-0.243174896259336,0.44673015141888855,-0.1909941707253329,0.3568717352755152,-0.26670556431455233,0.22259164739256834,-0.31402383029278264,0.42805452599506005,-0.14176804358222805,0.35318205311592366,-0.1005580902788987,0.2732674028978399,-0.15817485085444632,0.0,0.0,0.0,0.0,0.0,0.0,0.0,0.0,0.0,0.0,0.0,0.0,0.0,0.0,0.0,0.0,0.0,0.0,0.0,0.0,0.0,0.0,0.0,0.0,0.0,0.0,0.0,0.0,0.0,0.0,0.0,0.0,0.0,0.0,0.0,0.0,0.0,0.0,0.0,0.0,0.0,0.0,pain
0.0,0.0,0.21000215213018525,-0.2011932931112817,0.4138490801290977,-0.3622293056113358,0.5779934426871539,-0.3723123085465552,0.6827517215629323,-0.3115075700190754,0.40302036314325485,-0.7821394659440932,0.6808490727858714,-0.7365883031442001,0.8540345474322526,-0.7320089542172431,1.0,-0.7341034683187796,0.33354666347330464,-0.6786280292456228,0.6409838266380996,-0.38001836559739877,0.5405476013351115,-0.29257710905463113,0.443323755130138,-0.3543999200153191,0.27327901605285765,-0.5020560092351427,0.5556591138759299,-0.23255997862556269,0.44903010101455143,-0.1844629757351558,0.3595441325079547,-0.25920685247288794,0.2231397489407396,-0.29959986947885875,0.43178509878616467,-0.13107113006793236,0.35630021519418975,-0.09325822154212648,0.2746249917859423,-0.14997372442980317,0.0,0.0,0.0,0.0,0.0,0.0,0.0,0.0,0.0,0.0,0.0,0.0,0.0,0.0,0.0,0.0,0.0,0.0,0.0,0.0,0.0,0.0,0.0,0.0,0.0,0.0,0.0,0.0,0.0,0.0,0.0,0.0,0.0,0.0,0.0,0.0,0.0,0.0,0.0,0.0,0.0,0.0,pain
0.0,0.0,0.18328944005058742,-0.2209428506159131,0.38915077997674424,-0.40806312713874215,0.5574010207929749,-0.43101709169299973,0.6869104660490358,-0.36304509721833234,0.3863976725594102,-0.805188160788965,0.6802411714139925,-0.7781501703424258,0.8513453004879986,-0.7715377438561535,1.0,-0.7754822195813146,0.3329435050848471,-0.6983988995916168,0.6469079933520552,-0.44471261108455323,0.5605768060635032,-0.3453948153716353,0.4576363345935548,-0.37267910507001867,0.28676520965811375,-0.5201325862450117,0.5647830111354822,-0.3048654874192322,0.46686275503084174,-0.235430642305361,0.3707417547492183,-0.28178109489236686,0.24768427269616552,-0.31991943743620527,0.45857417382516324,-0.20469272858230034,0.3853543943454816,-0.14863296151656677,0.29997026552767336,-0.18116794755863871,0.0,0.0,0.0,0.0,0.0,0.0,0.0,0.0,0.0,0.0,0.0,0.0,0.0,0.0,0.0,0.0,0.0,0.0,0.0,0.0,0.0,0.0,0.0,0.0,0.0,0.0,0.0,0.0,0.0,0.0,0.0,0.0,0.0,0.0,0.0,0.0,0.0,0.0,0.0,0.0,0.0,0.0,pain
0.0,0.0,0.1634231205902463,-0.24388261406006956,0.36677960542954935,-0.44698064118784286,0.5364703754582618,-0.4854752608383088,0.6662049614592914,-0.43430183236830305,0.3787494531617053,-0.816165311469755,0.6757364384477418,-0.807597258570612,0.8524279370615525,-0.8022864918844728,1.0,-0.8072413299446878,0.32561122677182475,-0.6949837982068447,0.6641203222512266,-0.4591189657976459,0.5865068097065651,-0.3588661356332741,0.47305955358021606,-0.37954894435554276,0.27842581676956124,-0.5036216286960364,0.5770229696301703,-0.32218111943447697,0.488802804006514,-0.2520969354235718,0.3861745197747363,-0.28860358783844614,0.24049495051228906,-0.2937585608499384,0.4725490296925267,-0.20907011798924094,0.42148225996901006,-0.15588715085176946,0.34405440155330286,-0.17958256982365403,0.0,0.0,0.14182761897358645,-0.1479831986833429,0.34913371003164767,-0.2636113091696018,0.5395147909485185,-0.21649006699440135,0.6721035956104282,-0.1331066978318403,0.3318644243467197,-0.622338049210238,0.634268020493246,-0.6241371053200595,0.8334503814338482,-0.6111849735256853,1.0,-0.6203198629733077,0.2625937836736663,-0.5036150886617023,0.6223856279228519,-0.2727613880653825,0.5477767338755073,-0.16986359875553744,0.4341261555149312,-0.2012280222087602,0.2092508430143728,-0.31413208386719776,0.5314485238536881,-0.09561712940873733,0.46701521982705474,-0.015565387000334168,0.37735224240929666,-0.05873290516959465,0.1685103976240129,-0.10495908677463683,0.4216904649579431,0.0042749361596428875,0.3976939290456202,0.057222448574783015,0.33973512729651056,0.02169790332005597,pain
0.0,0.0,0.1431864199699497,-0.24150640372146714,0.34104124973729527,-0.4228024554656696,0.5182850322617072,-0.4248576297290769,0.660377502752518,-0.35623641385324295,0.3875145467833964,-0.7861697339075718,0.6791628502598817,-0.7859979956022447,0.8542586786658678,-0.7848554261462551,1.0,-0.7932343341729429,0.3358489106772606,-0.6639645983833073,0.6542627564703779,-0.45034430001348813,0.5727490127007927,-0.35875151741379363,0.4600861357783431,-0.37483551548154165,0.28862430755742646,-0.47382284762499255,0.5672363307287664,-0.29908029824434834,0.48005385054532795,-0.23695847540299686,0.38078969821109854,-0.27268455202180686,0.2483861304458295,-0.26635787753412027,0.4572835273950044,-0.1844051816348232,0.3934574567360625,-0.14059622991289183,0.310355819811229,-0.17140443508292058,0.0,0.0,0.0,0.0,0.0,0.0,0.0,0.0,0.0,0.0,0.0,0.0,0.0,0.0,0.0,0.0,0.0,0.0,0.0,0.0,0.0,0.0,0.0,0.0,0.0,0.0,0.0,0.0,0.0,0.0,0.0,0.0,0.0,0.0,0.0,0.0,0.0,0.0,0.0,0.0,0.0,0.0,pain
0.0,0.0,0.21227153042002123,-0.2451444653893013,0.42256236605202635,-0.46556920412299085,0.5676344864371013,-0.580978005271962,0.6738473899099002,-0.6192321511034299,0.4173014016546287,-0.7981775657446768,0.6999497952853219,-0.7815235859965055,0.8617582730657153,-0.766990882537464,1.0,-0.7685548128310344,0.35818433855677473,-0.686598806437118,0.6642401227489193,-0.43733919369713475,0.5896084644381197,-0.35628270140997537,0.48716501269850393,-0.3971266593674953,0.30057772253195686,-0.5122113449375149,0.5639421210916138,-0.31504366274674256,0.47152404975983386,-0.2670911570915794,0.37261422558216045,-0.32558924658379174,0.25458894850950925,-0.3220299927260745,0.4436313311864653,-0.21067844632437474,0.3762521220803531,-0.16931656744171858,0.2874850197701166,-0.20970423208418457,0.0,0.0,0.14126747331359768,-0.2095916239737716,0.33503562518602453,-0.358630036618447,0.520410665385409,-0.3325609476907417,0.6552265753695236,-0.24202752700166943,0.33615363701882495,-0.6589797232383968,0.6397703499284377,-0.6599933240207113,0.8365370425321352,-0.6401441505290951,1.0,-0.6314841352832737,0.2818845245421338,-0.5275838401525577,0.6008200561424094,-0.3353041107444169,0.5627346564910338,-0.22595862113229942,0.48065502792317605,-0.22999652641158883,0.24224651901015612,-0.34214167856357514,0.5160581709669932,-0.15605881280115638,0.4449010230700962,-0.08832542076862353,0.34765636741299477,-0.12952552409488388,0.21147571233987197,-0.14728896255417454,0.42169532810268623,-0.046634901902202104,0.36741220375341904,-0.0010145047740935844,0.2866344363464359,-0.033596402474315896,pain
0.0,0.0,0.17809288957501204,-0.2556183979901308,0.3824201260926507,-0.4743257505116207,0.5552566080931725,-0.5689673168638488,0.7022527352645053,-0.5498055348142162,0.41383154024469565,-0.8219048342669736,0.6868066185905964,-0.8155742968866603,0.8577706896531168,-0.817953857507956,1.0,-0.8250697777916997,0.3696424253309073,-0.7066109275311392,0.6747610819901382,-0.49003254147241193,0.6109975500952572,-0.38953149406036564,0.5140805844480094,-0.40037857927202614,0.32425995328673424,-0.5217500446831496,0.5993363590337948,-0.34015490664337905,0.5133925343968122,-0.28280504609057394,0.4134156536589294,-0.32678258669750393,0.28200709012382624,-0.3159456900026696,0.5053375363494306,-0.21229118824444593,0.43870929701076505,-0.16910748484214247,0.343847160108098,-0.20660296097808895,0.0,0.0,0.0,0.0,0.0,0.0,0.0,0.0,0.0,0.0,0.0,0.0,0.0,0.0,0.0,0.0,0.0,0.0,0.0,0.0,0.0,0.0,0.0,0.0,0.0,0.0,0.0,0.0,0.0,0.0,0.0,0.0,0.0,0.0,0.0,0.0,0.0,0.0,0.0,0.0,0.0,0.0,pain
0.0,0.0,0.16753811736732738,-0.2667568713192882,0.37436872652994224,-0.48389422144665656,0.5499425315209073,-0.5537399494072868,0.6931943080777168,-0.5241575663802952,0.4106635889169899,-0.8134423208312535,0.6838214876903339,-0.8038979462504503,0.8559131885740121,-0.800708800572384,1.0,-0.8068947597700086,0.3716459428221949,-0.6863521024173096,0.6687261328763922,-0.47003368695580566,0.595131885957691,-0.37938083948526996,0.49338512812253515,-0.40451173386625006,0.3306030434497166,-0.4942853796936512,0.5915129301222348,-0.3170861068789152,0.4958361665067797,-0.2683164153375976,0.39241542266759594,-0.32181369225473067,0.28907441834887954,-0.28969378664326045,0.49861899962148204,-0.194396248086945,0.4253045481279407,-0.15684513470077363,0.3286481741689535,-0.19764348503913085,0.0,0.0,0.0,0.0,0.0,0.0,0.0,0.0,0.0,0.0,0.0,0.0,0.0,0.0,0.0,0.0,0.0,0.0,0.0,0.0,0.0,0.0,0.0,0.0,0.0,0.0,0.0,0.0,0.0,0.0,0.0,0.0,0.0,0.0,0.0,0.0,0.0,0.0,0.0,0.0,0.0,0.0,pain
0.0,0.0,0.17481216625281848,-0.25715962838126366,0.3785105777190143,-0.46983027375470654,0.5607443871927311,-0.5163673134116847,0.6987911329725458,-0.4613386016270659,0.39455247087915774,-0.8429189083360947,0.6993123943709423,-0.849860578773317,0.8582146614516182,-0.8352134279763408,1.0,-0.8395237001949458,0.3575180559647441,-0.7266459285126216,0.686699046521608,-0.48452053905378745,0.6133404279856469,-0.3711703926352891,0.5182962750837169,-0.3906463676679872,0.3285454639479714,-0.5476922373752551,0.6092227574362797,-0.33814303483451513,0.5090998104257698,-0.26841557620941775,0.4111762920185279,-0.3210916026496807,0.3111169565685003,-0.3603981282651726,0.5078554976232247,-0.22441522422544974,0.42731961027788473,-0.16195314820091783,0.3408280316827979,-0.20053143924807365,0.0,0.0,0.0,0.0,0.0,0.0,0.0,0.0,0.0,0.0,0.0,0.0,0.0,0.0,0.0,0.0,0.0,0.0,0.0,0.0,0.0,0.0,0.0,0.0,0.0,0.0,0.0,0.0,0.0,0.0,0.0,0.0,0.0,0.0,0.0,0.0,0.0,0.0,0.0,0.0,0.0,0.0,pain
0.0,0.0,0.23040225404646722,-0.2021112931717251,0.44475190373951784,-0.4001747218863009,0.6049668310345714,-0.4737293075098989,0.7353246594208668,-0.4661154672214513,0.41081949259363265,-0.8359863496352861,0.7107906910543711,-0.8397584943116649,0.8681659530036876,-0.8306761356953659,1.0,-0.8433045984470519,0.3695998821608432,-0.7442841861168136,0.6894809053494978,-0.5379670485054435,0.6755775491069971,-0.3773649957344163,0.6254161723064816,-0.3352926411508295,0.34225133646469863,-0.5853257709938567,0.6121570316058081,-0.39763039962104674,0.5359581442469018,-0.2902800207609543,0.4450487371971942,-0.2923643132658598,0.32879024965432563,-0.40884499120863754,0.5218455142068343,-0.28078731162408516,0.4597801221687025,-0.19690490884294193,0.3803594119120633,-0.20328496521149136,0.0,0.0,0.0,0.0,0.0,0.0,0.0,0.0,0.0,0.0,0.0,0.0,0.0,0.0,0.0,0.0,0.0,0.0,0.0,0.0,0.0,0.0,0.0,0.0,0.0,0.0,0.0,0.0,0.0,0.0,0.0,0.0,0.0,0.0,0.0,0.0,0.0,0.0,0.0,0.0,0.0,0.0,pain
0.0,0.0,0.22360596198451937,-0.17875889996256206,0.4346526237420704,-0.36846430170458466,0.5927645743595212,-0.4198342791704671,0.7191135954590805,-0.3885318452279253,0.3926601586462957,-0.8306987203630293,0.6956757600461322,-0.8263901640448209,0.8600591622284982,-0.817461882068823,1.0,-0.8329810460822266,0.3548658510925786,-0.7349982520193776,0.6713703805090335,-0.5063078130665839,0.6235340400607369,-0.3511985339242797,0.5487938182693453,-0.3367305364892363,0.3309406088379853,-0.5698612092120644,0.5971159383664411,-0.3746551446392945,0.5137677412523052,-0.27107831191008785,0.42114754896567486,-0.29169734863946023,0.318765326122616,-0.39128605687239265,0.502367002331517,-0.26818691539185496,0.4408581114123921,-0.18175894289541944,0.3662369250361018,-0.19440097962016062,0.0,0.0,0.0,0.0,0.0,0.0,0.0,0.0,0.0,0.0,0.0,0.0,0.0,0.0,0.0,0.0,0.0,0.0,0.0,0.0,0.0,0.0,0.0,0.0,0.0,0.0,0.0,0.0,0.0,0.0,0.0,0.0,0.0,0.0,0.0,0.0,0.0,0.0,0.0,0.0,0.0,0.0,pain
0.0,0.0,0.20789856971555845,-0.2547124852792436,0.4199995844339689,-0.47765856692724445,0.5800262879028059,-0.5618592156124136,0.7041523759987828,-0.5618758382536575,0.4196711532158443,-0.8179966902176427,0.7093555308152266,-0.8015319640656031,0.8689689471634602,-0.7766392906958117,1.0,-0.7780811707701578,0.38186215138534296,-0.706353669481568,0.7010865711177586,-0.4752917172998128,0.6434883148864465,-0.3422478502836238,0.5505591709055518,-0.34139929125883667,0.3481535797997374,-0.5357659585734288,0.624309138229997,-0.3371058238898187,0.5401674731105318,-0.25163836907759757,0.4440239929058857,-0.2864456436279987,0.3233024630330556,-0.35210829382663256,0.5394837999625991,-0.22510353961718324,0.4912044108982862,-0.14967106608103137,0.4128639135193684,-0.1637901230678693,0.0,0.0,0.0,0.0,0.0,0.0,0.0,0.0,0.0,0.0,0.0,0.0,0.0,0.0,0.0,0.0,0.0,0.0,0.0,0.0,0.0,0.0,0.0,0.0,0.0,0.0,0.0,0.0,0.0,0.0,0.0,0.0,0.0,0.0,0.0,0.0,0.0,0.0,0.0,0.0,0.0,0.0,pain
0.0,0.0,0.2278639963664235,-0.20261163312232094,0.4490941607289863,-0.4273250631617793,0.5944038663525137,-0.5714136883640389,0.7038947398302439,-0.6548312374031283,0.434796604876941,-0.818436994350924,0.7352083629034547,-0.8031475856587277,0.882325772844693,-0.7849382575865104,1.0,-0.7900965168762597,0.39288003520027254,-0.7307741221222358,0.7332463735203111,-0.5113765009793624,0.6653732932125926,-0.38262838163908364,0.5662565645669515,-0.38296647457915806,0.35802055241718,-0.5760192466006189,0.6704048031339598,-0.37769069179890424,0.5877415050955234,-0.284122689982116,0.4938696170550998,-0.3051613818945695,0.3306577341243932,-0.3972850370454481,0.5785546597780112,-0.26428023958895164,0.5246833394839185,-0.18201833820648933,0.4421652425696199,-0.19128736480540495,0.0,0.0,0.0,0.0,0.0,0.0,0.0,0.0,0.0,0.0,0.0,0.0,0.0,0.0,0.0,0.0,0.0,0.0,0.0,0.0,0.0,0.0,0.0,0.0,0.0,0.0,0.0,0.0,0.0,0.0,0.0,0.0,0.0,0.0,0.0,0.0,0.0,0.0,0.0,0.0,0.0,0.0,pain
0.0,0.0,0.23183324948572448,-0.1975453430124961,0.44709997171819915,-0.4169994096544721,0.596453577958438,-0.5484610704470996,0.7133261784001311,-0.6166271290950543,0.4250372019344582,-0.8001134660765942,0.7114188865103435,-0.7787376207112583,0.8711935527095532,-0.7641505371212403,1.0,-0.7750481376582414,0.38197883086734763,-0.7092844083123926,0.7019791471490943,-0.49469345591886693,0.6499402100421431,-0.36162468850130886,0.5641956637490146,-0.3592746021662758,0.3424523667687852,-0.5529531184321236,0.6295653116864834,-0.36058462986493217,0.5465715694055583,-0.2650596353469138,0.453166792167452,-0.2897121031281818,0.30722366329661877,-0.37274763978276526,0.531199005745738,-0.255580784358964,0.4761185395746829,-0.1770734421747307,0.39424915066349275,-0.1911762193402617,0.0,0.0,0.0,0.0,0.0,0.0,0.0,0.0,0.0,0.0,0.0,0.0,0.0,0.0,0.0,0.0,0.0,0.0,0.0,0.0,0.0,0.0,0.0,0.0,0.0,0.0,0.0,0.0,0.0,0.0,0.0,0.0,0.0,0.0,0.0,0.0,0.0,0.0,0.0,0.0,0.0,0.0,pain
0.0,0.0,0.23286516577701874,-0.2611305107791861,0.464349539301459,-0.4827740469122841,0.6204375984454459,-0.5674896943978639,0.7123815669385326,-0.5810700343886888,0.4539626911369402,-0.8259625781261342,0.7624384859861137,-0.7913769008721968,0.8997873554956265,-0.7693401058649019,1.0,-0.7814410032862107,0.3978946586316608,-0.7201604253951515,0.7105314052191325,-0.47013119711691326,0.6399333673302305,-0.3875196734799383,0.5408114956340211,-0.4220157537688089,0.3456955292207078,-0.5599126632510555,0.6187400949696611,-0.3234425464144278,0.5298649005762458,-0.2726432525134368,0.4335756353696975,-0.3290993304109738,0.29961225118306234,-0.3815472709061016,0.506497106751662,-0.20842564240165445,0.43032189192576814,-0.15784456549920572,0.32890858565259135,-0.1958065186318762,0.0,0.0,0.0,0.0,0.0,0.0,0.0,0.0,0.0,0.0,0.0,0.0,0.0,0.0,0.0,0.0,0.0,0.0,0.0,0.0,0.0,0.0,0.0,0.0,0.0,0.0,0.0,0.0,0.0,0.0,0.0,0.0,0.0,0.0,0.0,0.0,0.0,0.0,0.0,0.0,0.0,0.0,pain
0.0,0.0,0.2551784840828254,-0.21056521488771066,0.46958132980497197,-0.39830555128431466,0.6081834127784137,-0.47657904611484764,0.7027948785607121,-0.48958766389700425,0.43369294017668386,-0.8262607912109885,0.7112740826798335,-0.7870055564098037,0.8665132816608103,-0.7651190853596417,1.0,-0.7672793840807373,0.3807077224667903,-0.7437410501684134,0.6662571021244204,-0.4596446833808232,0.6141112623446772,-0.35059136120966605,0.5440924941958583,-0.3653483402590713,0.3384665739016425,-0.5920933319918473,0.5915866362680872,-0.3337383102464854,0.5049010116196735,-0.26145499346025564,0.4176457299930331,-0.2949579741536141,0.3063246953023311,-0.42135190152480134,0.5020671223922493,-0.2458500939989382,0.44080344888463663,-0.18427335435416622,0.35954388209603394,-0.21001659772567496,0.0,0.0,0.0,0.0,0.0,0.0,0.0,0.0,0.0,0.0,0.0,0.0,0.0,0.0,0.0,0.0,0.0,0.0,0.0,0.0,0.0,0.0,0.0,0.0,0.0,0.0,0.0,0.0,0.0,0.0,0.0,0.0,0.0,0.0,0.0,0.0,0.0,0.0,0.0,0.0,0.0,0.0,pain
0.0,0.0,0.22953845393191763,-0.22695475183967434,0.4450563232882582,-0.42203818611818417,0.6006340181124488,-0.48749515875174076,0.7174143202063402,-0.48033785732532364,0.42970524008471156,-0.8239977586050613,0.7082257546166968,-0.7714502319678953,0.867160267978542,-0.7493497482550905,1.0,-0.7491724143614085,0.3786699957973845,-0.7243407249923776,0.7023799988463408,-0.42983032969930696,0.6354789745618156,-0.3169774130017387,0.5441266388140383,-0.339247979036365,0.33220175850617617,-0.558716471780673,0.6064959251110397,-0.2956637248358096,0.5062342092902524,-0.22654635649716118,0.4094593458752565,-0.27753776173642186,0.29064909808574985,-0.37632328825822187,0.4966621344342538,-0.20441324071098366,0.42147009138628627,-0.14520712302126854,0.33106359134096397,-0.18182756091732383,0.0,0.0,0.0,0.0,0.0,0.0,0.0,0.0,0.0,0.0,0.0,0.0,0.0,0.0,0.0,0.0,0.0,0.0,0.0,0.0,0.0,0.0,0.0,0.0,0.0,0.0,0.0,0.0,0.0,0.0,0.0,0.0,0.0,0.0,0.0,0.0,0.0,0.0,0.0,0.0,0.0,0.0,pain
0.0,0.0,0.261538173828631,-0.16621023305736857,0.47244618790149545,-0.34653313481530995,0.6077002025556393,-0.40346523526890693,0.7028025286685029,-0.39346613086473725,0.43451942018920064,-0.8127123823157912,0.7123323888972196,-0.7665075296962077,0.8678519185481328,-0.7348044667241541,1.0,-0.7304620279377859,0.385440082408542,-0.7294432447883014,0.688209463737119,-0.4241569303504388,0.603566736129674,-0.3161250828254573,0.5018665109267838,-0.3527621582281065,0.3421574114329499,-0.5681073177728418,0.6052036862861632,-0.2850643782420312,0.5062695139522507,-0.20890579121087643,0.41298531600292493,-0.2650586203500647,0.30699721129988017,-0.38427306270783573,0.4880606095336005,-0.1910645614788792,0.41618218134889085,-0.12139612752598343,0.3363576563663996,-0.15850055983317898,0.0,0.0,0.1295356589264116,-0.18703163306552745,0.32870099713584094,-0.44830736140387656,0.5130367261535084,-0.576152822331488,0.6758886754709622,-0.6008930561744525,0.33448532526189184,-0.7593118910175446,0.6594653674741032,-0.6538546929087489,0.8510635043423512,-0.6359805229086611,1.0,-0.6604458802604714,0.2823469683619858,-0.6465994831332231,0.6657742553197711,-0.3376954417964776,0.5807562162688643,-0.21190098237978708,0.4585088332752614,-0.2283085445874637,0.24417085260974083,-0.45794693354129773,0.5842569550837867,-0.15757216126477377,0.48654848477146,-0.05596548343059357,0.37728103062038637,-0.08463676601284902,0.20957060558080257,-0.23316454597129363,0.4756969367466905,-0.08083753202299875,0.4817682881155507,-0.01776619887426605,0.45962835888612485,-0.03543702325405628,pain
0.0,0.0,0.28602887852665754,-0.1401706729193901,0.4843310315892397,-0.3381576141970232,0.6064189106851199,-0.45289578712047535,0.6952477941945067,-0.493998970597023,0.4168560314402994,-0.8285877952379912,0.6999145895215009,-0.7987932407472433,0.8618036432777476,-0.7696511349339328,1.0,-0.7573369334153919,0.36314293229644423,-0.7636140890641189,0.6863402629978373,-0.4850679700234676,0.622122270759702,-0.3277115750786269,0.5331913857276942,-0.3172399001793241,0.3224441442370133,-0.6161422735290883,0.6176907108025751,-0.35673091799745554,0.5360972556535473,-0.23477103727243956,0.44566270569780503,-0.24535608731546976,0.2936762847182041,-0.4405714757165065,0.5284864977966769,-0.26222659755597133,0.48011755630348646,-0.16140395978937497,0.40802306064866106,-0.16447050468006455,0.0,0.0,0.1700638629816497,-0.11263745200348613,0.36555758757871976,-0.27539152354844476,0.5227398600565503,-0.30562135339502067,0.6315897645176649,-0.27042299456000785,0.3485023228855236,-0.7269446694033498,0.6482992473065131,-0.7070130991563935,0.8432194851165921,-0.6721070812838837,1.0,-0.6489162472714491,0.2887076121446547,-0.6473430135368229,0.6263419907659122,-0.3424389938908343,0.5482187268044133,-0.188559498356427,0.4431827735130639,-0.18882099988213422,0.24183758262751157,-0.4759678408042925,0.5556430043694834,-0.1869790828351497,0.47321827266202215,-0.08041784479652098,0.37952109311862325,-0.10545566535239971,0.2086984955001882,-0.26582960830958063,0.48970216285841867,-0.1099033035796137,0.49371150087089727,-0.04285118619880284,0.4711011242030857,-0.053629358129930346,pain
0.0,0.0,0.2882119882418097,-0.10725329194134241,0.47793042515082085,-0.2679593019917426,0.5950600041861231,-0.3442497300320998,0.6693364624295444,-0.3683151224626259,0.40143254321801736,-0.7983918618801621,0.6909114820172668,-0.7781017598387787,0.8600164110847061,-0.757857594016437,1.0,-0.7546639154329026,0.3492034326210132,-0.7419788508165719,0.6564520938951135,-0.46104441921245315,0.5805211908594333,-0.31210141531713587,0.48505368795600495,-0.31802237167958003,0.3178086200796845,-0.6016207335347364,0.5866242250578371,-0.3362731278675407,0.4970841614509918,-0.2163521826186979,0.40344429029467715,-0.23615513846621186,0.30536453538663294,-0.4333671063330857,0.49616117685629557,-0.24285886281926136,0.4410141902166967,-0.13807427219802956,0.37101980258539413,-0.1388729696839477,0.0,0.0,0.0,0.0,0.0,0.0,0.0,0.0,0.0,0.0,0.0,0.0,0.0,0.0,0.0,0.0,0.0,0.0,0.0,0.0,0.0,0.0,0.0,0.0,0.0,0.0,0.0,0.0,0.0,0.0,0.0,0.0,0.0,0.0,0.0,0.0,0.0,0.0,0.0,0.0,0.0,0.0,pain
0.0,0.0,0.27225439409542146,-0.09531445624024559,0.4621447122837813,-0.24788618862229234,0.580879616960004,-0.3130935132704627,0.6561845434324016,-0.32556349040051125,0.3916583585683276,-0.781864881612395,0.6833352472408041,-0.7569968853020109,0.8564787507801659,-0.7409946303710271,1.0,-0.7421854785129088,0.3421675076674365,-0.7241687738290801,0.6449550020468867,-0.4372951715097225,0.5690665823553142,-0.29456676467364273,0.473104504567652,-0.3039578363698594,0.31190136019166914,-0.5828332939366666,0.5748476392945585,-0.3113877743070599,0.48415993008520863,-0.1963624324322309,0.3901897452837716,-0.2210428906664201,0.30141693778284506,-0.41286302412791065,0.48626069209379735,-0.21926332955771588,0.4254983554066519,-0.11812400778189806,0.3524789327256553,-0.12474973174225483,0.0,0.0,0.0,0.0,0.0,0.0,0.0,0.0,0.0,0.0,0.0,0.0,0.0,0.0,0.0,0.0,0.0,0.0,0.0,0.0,0.0,0.0,0.0,0.0,0.0,0.0,0.0,0.0,0.0,0.0,0.0,0.0,0.0,0.0,0.0,0.0,0.0,0.0,0.0,0.0,0.0,0.0,pain
0.0,0.0,0.2717662944532684,-0.10356766532671374,0.4524154072199794,-0.25718294557357274,0.5736016453695854,-0.3200223944153257,0.657715980110606,-0.3106685548082459,0.3809775284747172,-0.7941166059449672,0.6797694278345515,-0.7692933226412628,0.8547468449494796,-0.7510349093804932,1.0,-0.7469857756046674,0.32741614866187435,-0.7351540850195636,0.6381461235600002,-0.4544129951899077,0.5696278994922415,-0.3077184770955683,0.47734029198077493,-0.30438151021860005,0.29311561155179866,-0.5945927742804044,0.5682561841515886,-0.32518971823868614,0.48670082848238994,-0.2079833488414277,0.3968396015309484,-0.22561761153151663,0.27673137206166576,-0.4244415220472292,0.4841230981058695,-0.2329623827780364,0.43252161231371394,-0.12951449619358082,0.3607670661268587,-0.13122622243677798,0.0,0.0,0.0,0.0,0.0,0.0,0.0,0.0,0.0,0.0,0.0,0.0,0.0,0.0,0.0,0.0,0.0,0.0,0.0,0.0,0.0,0.0,0.0,0.0,0.0,0.0,0.0,0.0,0.0,0.0,0.0,0.0,0.0,0.0,0.0,0.0,0.0,0.0,0.0,0.0,0.0,0.0,pain
0.0,0.0,0.2632174245289691,-0.10574247134760802,0.44367271849466927,-0.26989254007644736,0.5608077253060509,-0.3501388414808528,0.6455742548225505,-0.36394803361716654,0.3634385253589429,-0.787951542324357,0.6704154250886402,-0.7735219455642991,0.8503510244748471,-0.7605365000876408,1.0,-0.7598176917565369,0.3131067587971377,-0.7263804195073049,0.6329949168334917,-0.44786717652087543,0.564128466039958,-0.2946233905612394,0.46977334089811834,-0.2839531229339065,0.2837046151338752,-0.583866865934174,0.5686248620041761,-0.3259092348804241,0.4889993496129967,-0.20649710477842254,0.39747582958937977,-0.21909547004683402,0.27395169300503397,-0.4125337109575603,0.49273023392406307,-0.23593326691083086,0.4444949275963972,-0.13404814401382573,0.371806684379334,-0.13366759842677073,0.0,0.0,0.0,0.0,0.0,0.0,0.0,0.0,0.0,0.0,0.0,0.0,0.0,0.0,0.0,0.0,0.0,0.0,0.0,0.0,0.0,0.0,0.0,0.0,0.0,0.0,0.0,0.0,0.0,0.0,0.0,0.0,0.0,0.0,0.0,0.0,0.0,0.0,0.0,0.0,0.0,0.0,pain
0.0,0.0,0.28947136048233246,-0.12285924918937012,0.47769746204568275,-0.29410206441093545,0.5977680212416858,-0.38809652399443906,0.6716395566845392,-0.42002558694942366,0.371928282614633,-0.8489983920881703,0.6775982766799393,-0.8253627042489532,0.8535184108984798,-0.8072596295026152,1.0,-0.8007207880616141,0.3050826852743615,-0.7902502633648687,0.644869980922732,-0.5164473157318669,0.5833465101331302,-0.33883363759761953,0.4930299178383751,-0.3114736727540059,0.2651323395630505,-0.6477851681941487,0.5778028079931494,-0.3813494548911939,0.5008322945908039,-0.23724687709844816,0.40720274679803764,-0.23192906295498464,0.24712146818983627,-0.47147342633073697,0.49959278554809666,-0.28920111629740824,0.45388332268921716,-0.17301829487419065,0.3749687350477548,-0.16089755568652497,0.0,0.0,0.0,0.0,0.0,0.0,0.0,0.0,0.0,0.0,0.0,0.0,0.0,0.0,0.0,0.0,0.0,0.0,0.0,0.0,0.0,0.0,0.0,0.0,0.0,0.0,0.0,0.0,0.0,0.0,0.0,0.0,0.0,0.0,0.0,0.0,0.0,0.0,0.0,0.0,0.0,0.0,pain
0.0,0.0,0.28850381208887754,-0.1254529116179958,0.4716206050585602,-0.28155097845635596,0.5916877102001237,-0.3679291950435527,0.6681421183865496,-0.39171539190732396,0.368551824379221,-0.8357797355686103,0.665328369024755,-0.8175482788626749,0.8457639670311704,-0.8148583026931959,1.0,-0.8210289817438723,0.3035075482830442,-0.7845388884080133,0.6275223492151901,-0.526090427188956,0.5576747533212821,-0.3477838535361708,0.45728800391056385,-0.31305376481671743,0.26467935425518435,-0.6502671368375363,0.5661001116049494,-0.4041491617502366,0.4859197539924172,-0.25189140909507163,0.38839170535624307,-0.23433025112995307,0.2528079997624893,-0.48252979024207276,0.4914232704473523,-0.31108886538870845,0.4486017183566098,-0.1904288197515253,0.37474445644542625,-0.17328497815779492,0.0,0.0,0.0,0.0,0.0,0.0,0.0,0.0,0.0,0.0,0.0,0.0,0.0,0.0,0.0,0.0,0.0,0.0,0.0,0.0,0.0,0.0,0.0,0.0,0.0,0.0,0.0,0.0,0.0,0.0,0.0,0.0,0.0,0.0,0.0,0.0,0.0,0.0,0.0,0.0,0.0,0.0,pain
0.0,0.0,0.3011832088122749,-0.10790321299236214,0.4828343389883718,-0.29397405733357973,0.5899927597976684,-0.4191531083295733,0.6522854819702687,-0.4761003726316497,0.36251442526263133,-0.828946418862301,0.6723788101270323,-0.8232788886963974,0.8512501394611585,-0.8048295425952389,1.0,-0.7929569812917541,0.2988404754934891,-0.7742151147414674,0.6458817253738363,-0.5405165448580965,0.579174856775264,-0.36381791865490276,0.48450958604073574,-0.33835921725296747,0.26684931706325743,-0.6433239916663793,0.5898409318339555,-0.414212810554035,0.5082962525475083,-0.25616268419847793,0.4114351511501985,-0.2424206474038596,0.2654049170417574,-0.4787390527005783,0.5311297649407604,-0.3230449365802389,0.48408386813966203,-0.19595015502941374,0.4046540731545247,-0.1794225355098625,0.0,0.0,0.0,0.0,0.0,0.0,0.0,0.0,0.0,0.0,0.0,0.0,0.0,0.0,0.0,0.0,0.0,0.0,0.0,0.0,0.0,0.0,0.0,0.0,0.0,0.0,0.0,0.0,0.0,0.0,0.0,0.0,0.0,0.0,0.0,0.0,0.0,0.0,0.0,0.0,0.0,0.0,pain
0.0,0.0,0.2954796604996895,-0.1067983293887159,0.4829539173359,-0.2935320367671068,0.6020487823616912,-0.40847854434013203,0.6803675430190942,-0.4380130225728865,0.3569473996470119,-0.8222736789088526,0.6669889941972508,-0.8271937443845223,0.8498069662868594,-0.8056448222361179,1.0,-0.7845905956621302,0.29530252619133496,-0.7705167413262878,0.6548774892172158,-0.5157532156279411,0.5912463639448451,-0.3171664486278494,0.49630258808163547,-0.27585147181537056,0.26410874766043996,-0.6378661931702986,0.5850466631524358,-0.3844574248086203,0.5016082941539276,-0.2222275813057146,0.4042119550719101,-0.20782336081404953,0.26423338192077617,-0.4698370150948309,0.5199611158180938,-0.2972531377315284,0.47182838886742884,-0.17506759914719433,0.3959824658376212,-0.1661903959058499,0.0,0.0,0.0,0.0,0.0,0.0,0.0,0.0,0.0,0.0,0.0,0.0,0.0,0.0,0.0,0.0,0.0,0.0,0.0,0.0,0.0,0.0,0.0,0.0,0.0,0.0,0.0,0.0,0.0,0.0,0.0,0.0,0.0,0.0,0.0,0.0,0.0,0.0,0.0,0.0,0.0,0.0,pain
0.0,0.0,0.29277637933455153,-0.09371257046231606,0.4842943296885544,-0.25837906564828944,0.6021480824288293,-0.3420496077644645,0.6774352577191269,-0.3374090088536289,0.3723664314435835,-0.8082233417792177,0.670328013112963,-0.8160631672002605,0.8510229262323618,-0.8000445198430846,1.0,-0.7866753978801673,0.3018874416871831,-0.7637442802303223,0.6464310952412409,-0.5163732555538822,0.5914333711482954,-0.32792432816137085,0.49879280282361155,-0.2927035248203435,0.26101287315901633,-0.6348695298844756,0.5740795533062462,-0.3870197469718117,0.4951764151883183,-0.24250315366588834,0.3963160254655202,-0.24438122834410186,0.24908809725036868,-0.47065248120597797,0.4946449808018797,-0.29399239126994764,0.4406391826020871,-0.1792140336061094,0.3564665178282218,-0.17938947917093687,0.0,0.0,0.0,0.0,0.0,0.0,0.0,0.0,0.0,0.0,0.0,0.0,0.0,0.0,0.0,0.0,0.0,0.0,0.0,0.0,0.0,0.0,0.0,0.0,0.0,0.0,0.0,0.0,0.0,0.0,0.0,0.0,0.0,0.0,0.0,0.0,0.0,0.0,0.0,0.0,0.0,0.0,pain
0.0,0.0,0.21892359357095548,-0.19323185300896242,0.40683554436439656,-0.4293122013855967,0.5337552469351682,-0.5864327058167258,0.6250346485535686,-0.6701133882010989,0.3434658224940569,-0.8328311991551366,0.6612496189738502,-0.8263531069714185,0.8500995633202856,-0.8071752944803235,1.0,-0.7980215999730583,0.3046024504838708,-0.727203842297918,0.6519568984946337,-0.5356061920958985,0.5902429673150803,-0.39924718731461406,0.4858668442054234,-0.38913844482611826,0.2836848704338388,-0.556026171423341,0.5961515711230103,-0.38087632992158416,0.5227620488456095,-0.2687484294814504,0.429806132167933,-0.27927252285509263,0.28203015913724455,-0.3598613885154185,0.5387785316266815,-0.2509513780409773,0.48388788289350176,-0.15801899215669005,0.3989069622652426,-0.16282013752345523,0.0,0.0,0.0,0.0,0.0,0.0,0.0,0.0,0.0,0.0,0.0,0.0,0.0,0.0,0.0,0.0,0.0,0.0,0.0,0.0,0.0,0.0,0.0,0.0,0.0,0.0,0.0,0.0,0.0,0.0,0.0,0.0,0.0,0.0,0.0,0.0,0.0,0.0,0.0,0.0,0.0,0.0,pain
0.0,0.0,0.2177672393080375,-0.1677661016375983,0.4078099718797092,-0.40957471791513644,0.5373434581131663,-0.5836408000766519,0.6338291836891041,-0.6843223377311428,0.31843750463157117,-0.8005267101013236,0.6458037391156772,-0.7943327729871531,0.8441028278729675,-0.776951256144725,1.0,-0.7690322349003473,0.2812834843025485,-0.7032857383512463,0.6373446897196968,-0.5136947340053452,0.5697363798408138,-0.3723973179367209,0.46230876960211387,-0.3624200525582868,0.2668693042111967,-0.5417716054575616,0.5843597242954846,-0.36847579924479557,0.506409259510142,-0.2527398548499517,0.41402457493396816,-0.2646714084213915,0.27215790615199986,-0.35411484960518663,0.5345178604865347,-0.24958735962555822,0.47462880109784156,-0.15685866020831685,0.38960244367435404,-0.16461318891946566,0.0,0.0,0.0,0.0,0.0,0.0,0.0,0.0,0.0,0.0,0.0,0.0,0.0,0.0,0.0,0.0,0.0,0.0,0.0,0.0,0.0,0.0,0.0,0.0,0.0,0.0,0.0,0.0,0.0,0.0,0.0,0.0,0.0,0.0,0.0,0.0,0.0,0.0,0.0,0.0,0.0,0.0,pain
0.0,0.0,0.26981926747347657,-0.10797415993119674,0.4655481591781962,-0.337809181729777,0.5917852683835244,-0.5093924624729248,0.6695172820234968,-0.6378261676364338,0.32907259842630326,-0.837072919133446,0.6584625977361217,-0.7909539095068591,0.8517084887791762,-0.7756108003916264,1.0,-0.7774970212670991,0.3004753160887119,-0.7833958009681553,0.6650213894306333,-0.5766773169541253,0.6105567616513607,-0.3951120263938672,0.5040997614120702,-0.3567482610109797,0.29455835196203756,-0.6529849528010835,0.6132032155023881,-0.42431414752445906,0.5367302666952658,-0.27126079648610774,0.4383983984480419,-0.26643407133171576,0.3051069719501102,-0.480975991185513,0.5489049462877529,-0.3023487252097718,0.48683447585252926,-0.18631307877617162,0.3998414235429626,-0.18263073258851578,0.0,0.0,0.0,0.0,0.0,0.0,0.0,0.0,0.0,0.0,0.0,0.0,0.0,0.0,0.0,0.0,0.0,0.0,0.0,0.0,0.0,0.0,0.0,0.0,0.0,0.0,0.0,0.0,0.0,0.0,0.0,0.0,0.0,0.0,0.0,0.0,0.0,0.0,0.0,0.0,0.0,0.0,pain
0.0,0.0,0.14947201596594778,-0.21143737445591518,0.3386265547249846,-0.451363425930852,0.5238302333468304,-0.5491242892001762,0.6776009522923289,-0.5601743934659714,0.3056894359277547,-0.786893637668091,0.6493388180810954,-0.7506970882768257,0.8497968949899604,-0.731817618143235,1.0,-0.72655664024828,0.30828161960115696,-0.6888483867579055,0.6863951080682709,-0.512674305924878,0.6242852342261106,-0.3275131887186712,0.497420101098839,-0.2654439416823483,0.32280628307094544,-0.534440987726642,0.6409896225595623,-0.35439613960221716,0.5488784002943702,-0.21232729496473304,0.4252465805288101,-0.19699086922211856,0.33837157315311023,-0.356167468336725,0.5713980322309862,-0.23468751505368252,0.5098170807086321,-0.1344615719749329,0.4179492323565037,-0.12472506776454483,0.0,0.0,0.0,0.0,0.0,0.0,0.0,0.0,0.0,0.0,0.0,0.0,0.0,0.0,0.0,0.0,0.0,0.0,0.0,0.0,0.0,0.0,0.0,0.0,0.0,0.0,0.0,0.0,0.0,0.0,0.0,0.0,0.0,0.0,0.0,0.0,0.0,0.0,0.0,0.0,0.0,0.0,pain
0.0,0.0,0.12679268348226194,-0.24279185371251158,0.3212567643649104,-0.47733040719572656,0.526340214017827,-0.543767101083791,0.6949136032866231,-0.5206051195415752,0.3304372404338226,-0.7832750874262708,0.6645207984007796,-0.7454107188033556,0.8561897646676538,-0.7284295267901192,1.0,-0.7223314080480776,0.32891395463746753,-0.6670246515866476,0.7091561341149806,-0.5078780284395161,0.6626591747541788,-0.3371456303322179,0.5483895845525042,-0.2754230849752351,0.3330859588643943,-0.4923845278560365,0.655614169313599,-0.34051255122431223,0.5815237297690997,-0.2245702171600824,0.4676942849608443,-0.2156222526794329,0.3325773038836516,-0.2959790230532848,0.5602159085385527,-0.1977002977296535,0.5124576455742615,-0.12228540328608724,0.43152217969184464,-0.11855679770113975,0.0,0.0,0.0,0.0,0.0,0.0,0.0,0.0,0.0,0.0,0.0,0.0,0.0,0.0,0.0,0.0,0.0,0.0,0.0,0.0,0.0,0.0,0.0,0.0,0.0,0.0,0.0,0.0,0.0,0.0,0.0,0.0,0.0,0.0,0.0,0.0,0.0,0.0,0.0,0.0,0.0,0.0,pain
0.0,0.0,0.26482911103199674,-0.13305167573261925,0.4569039032681192,-0.36853383104407683,0.5970419643804065,-0.4985773215954973,0.7073041732556962,-0.531192278229137,0.29636833591374906,-0.884964711977111,0.631799119465166,-0.8522366034238115,0.8322753431716364,-0.8487340192626358,1.0,-0.8506646985329281,0.2525481851733137,-0.8138556299782409,0.6230621748114364,-0.6107278270534018,0.6165583049763583,-0.4239522506784187,0.5637329173127562,-0.35429876759029383,0.23614194533776636,-0.6618397713621559,0.574218394244155,-0.45889372117238003,0.5307071443018152,-0.3072638407073296,0.4536715826641797,-0.2777643073111516,0.23821534584470275,-0.4751848378004686,0.5103187059836075,-0.34033613611032587,0.5021810328207591,-0.22907468144974813,0.45565095274310613,-0.20299138980915174,0.0,0.0,0.0,0.0,0.0,0.0,0.0,0.0,0.0,0.0,0.0,0.0,0.0,0.0,0.0,0.0,0.0,0.0,0.0,0.0,0.0,0.0,0.0,0.0,0.0,0.0,0.0,0.0,0.0,0.0,0.0,0.0,0.0,0.0,0.0,0.0,0.0,0.0,0.0,0.0,0.0,0.0,pain
0.0,0.0,0.25967148092485465,-0.10561887151569271,0.4769298944855063,-0.303101025131661,0.6467028856575916,-0.39562363352304597,0.773277003961901,-0.4000208755704565,0.2879556501848714,-0.8536652227111349,0.6232150830082515,-0.8404285509456783,0.82958606938267,-0.8253112205819753,1.0,-0.818986888507367,0.24308153136053,-0.779099319426687,0.6061201452226517,-0.5566277707490912,0.564147062079192,-0.38515984669456516,0.4706525510169969,-0.34070788242224964,0.2300764595626828,-0.6178797403703074,0.5631305852365885,-0.4118055436897459,0.5146398295483671,-0.27394803097310616,0.4322164284053367,-0.25672159938071615,0.23974478315036873,-0.43033799851568005,0.5312507661185777,-0.31622403275904465,0.5651832258476708,-0.23805467913653885,0.5572540378627874,-0.23365297967194895,0.0,0.0,0.0,0.0,0.0,0.0,0.0,0.0,0.0,0.0,0.0,0.0,0.0,0.0,0.0,0.0,0.0,0.0,0.0,0.0,0.0,0.0,0.0,0.0,0.0,0.0,0.0,0.0,0.0,0.0,0.0,0.0,0.0,0.0,0.0,0.0,0.0,0.0,0.0,0.0,0.0,0.0,pain
0.0,0.0,0.26138715673254237,-0.1298890051803446,0.479107665854581,-0.33184658616170765,0.6480542924739884,-0.4206340131985916,0.7802965505413416,-0.4179056837204666,0.29638966335089434,-0.866666226909061,0.6352666909999208,-0.8498304734430382,0.8359550215920984,-0.8367656414451021,1.0,-0.8294099625619692,0.24985176504044304,-0.7882314268375271,0.6202729722043876,-0.5654472921192505,0.5928669117582389,-0.38580924194583943,0.512775691372249,-0.3287199095858363,0.23420390680656822,-0.6294485146453941,0.5664206222863291,-0.4159088177263359,0.5156176248984893,-0.2807632433002929,0.43322060880042923,-0.26480443979278623,0.24240685200983883,-0.4497741844695204,0.5137415090135651,-0.31670536533596017,0.5228208544783449,-0.22668698346804575,0.4940841608105612,-0.21600087365177648,0.0,0.0,0.0,0.0,0.0,0.0,0.0,0.0,0.0,0.0,0.0,0.0,0.0,0.0,0.0,0.0,0.0,0.0,0.0,0.0,0.0,0.0,0.0,0.0,0.0,0.0,0.0,0.0,0.0,0.0,0.0,0.0,0.0,0.0,0.0,0.0,0.0,0.0,0.0,0.0,0.0,0.0,pain
0.0,0.0,0.24453308353055425,-0.12753209812050853,0.4618422796193286,-0.31684037360870154,0.6285655624279293,-0.3615204606541061,0.7497922610014917,-0.32753954865736395,0.306436838584119,-0.8410911056069372,0.6288433415759859,-0.8162454363335466,0.8285129664006303,-0.7936832375338315,1.0,-0.787505755879928,0.24646137772673915,-0.7733704884915572,0.5826350439573169,-0.49463059540846205,0.5014127952934381,-0.33213778866365096,0.38695996152937406,-0.32099532368244993,0.21117509084807012,-0.6137401848107368,0.5243708251265443,-0.35914037134632393,0.42940794938261756,-0.23097242603938817,0.3226033128352848,-0.2493167364403206,0.19690748287354617,-0.4264578429743224,0.4359156020875792,-0.2504809253498733,0.3705925949488422,-0.14780198106032708,0.2843160585775496,-0.15282139753360013,0.0,0.0,0.0,0.0,0.0,0.0,0.0,0.0,0.0,0.0,0.0,0.0,0.0,0.0,0.0,0.0,0.0,0.0,0.0,0.0,0.0,0.0,0.0,0.0,0.0,0.0,0.0,0.0,0.0,0.0,0.0,0.0,0.0,0.0,0.0,0.0,0.0,0.0,0.0,0.0,0.0,0.0,pain
0.0,0.0,0.24075523774114588,-0.08685230871021171,0.4524576811193559,-0.2607312403750877,0.6142151532665087,-0.3259988434738465,0.7318676541952127,-0.31480585159994784,0.3351969932211302,-0.8144289325080778,0.6479547312526684,-0.7818977336468889,0.8362150609083285,-0.753844172837144,1.0,-0.7420402930685817,0.2835807487096254,-0.7665706887603404,0.616424972454094,-0.4697926495812439,0.514526160769744,-0.3090931987026355,0.393129370957261,-0.31088551478574084,0.25146011820901415,-0.6250644024937969,0.561025352320452,-0.34869689069724596,0.4547574943698548,-0.22150958972636603,0.3437412281399929,-0.24768162842917177,0.2360044653446418,-0.45239306191481204,0.4809292178570286,-0.26017078698153134,0.4086051976220763,-0.1578965534795629,0.3157827048432724,-0.17167116137889818,0.0,0.0,0.0,0.0,0.0,0.0,0.0,0.0,0.0,0.0,0.0,0.0,0.0,0.0,0.0,0.0,0.0,0.0,0.0,0.0,0.0,0.0,0.0,0.0,0.0,0.0,0.0,0.0,0.0,0.0,0.0,0.0,0.0,0.0,0.0,0.0,0.0,0.0,0.0,0.0,0.0,0.0,pain
0.0,0.0,0.2595074234052068,-0.11735146079988139,0.46772671760211254,-0.2989349309880561,0.6177465653944779,-0.3737624080212968,0.7259626061132146,-0.369468762158693,0.3470872744337195,-0.84220496959731,0.6607802344820317,-0.8182165157423047,0.8428855216046311,-0.7914154181936548,1.0,-0.7742884158767529,0.2901057159830148,-0.7930300256646647,0.6285051008314331,-0.5116055820232176,0.5276288438406892,-0.35185208380550126,0.4111017025459136,-0.3596954082709402,0.2593909914261791,-0.6566895962039708,0.5725051002012194,-0.3863569134874946,0.46222101326229564,-0.261408856881386,0.3512660638515179,-0.2964887565545178,0.24999608085862204,-0.48866422821235084,0.4955082700972979,-0.2937284205970534,0.4197668256617027,-0.18723648697777637,0.3248612131597756,-0.2080527602296089,0.0,0.0,0.0,0.0,0.0,0.0,0.0,0.0,0.0,0.0,0.0,0.0,0.0,0.0,0.0,0.0,0.0,0.0,0.0,0.0,0.0,0.0,0.0,0.0,0.0,0.0,0.0,0.0,0.0,0.0,0.0,0.0,0.0,0.0,0.0,0.0,0.0,0.0,0.0,0.0,0.0,0.0,pain
0.0,0.0,0.26980336957842666,-0.08994746920644779,0.4571737619960187,-0.2564009705253969,0.5945292927564143,-0.3469998089268016,0.6927025403472121,-0.3578466499001589,0.3302230821863979,-0.8422294853073239,0.6516649577415045,-0.8019257590564762,0.8426796358243352,-0.7756924896323124,1.0,-0.7584360581518304,0.27710826189776194,-0.7916679440413577,0.6354871818849963,-0.5310890944402258,0.5516837562858782,-0.3529324148586577,0.4377107622291442,-0.34141450187496547,0.2520483392401345,-0.65296188821196,0.5811697546786283,-0.4017104102251142,0.48847594826599416,-0.2572673062582832,0.3803179313925913,-0.2683194093978165,0.2508251472914106,-0.47399945170299596,0.505467715062295,-0.293196713423359,0.4404915058442741,-0.17698921425245792,0.35032642345305515,-0.18057983180118212,0.0,0.0,0.0,0.0,0.0,0.0,0.0,0.0,0.0,0.0,0.0,0.0,0.0,0.0,0.0,0.0,0.0,0.0,0.0,0.0,0.0,0.0,0.0,0.0,0.0,0.0,0.0,0.0,0.0,0.0,0.0,0.0,0.0,0.0,0.0,0.0,0.0,0.0,0.0,0.0,0.0,0.0,pain
0.0,0.0,0.24941533870731417,-0.12708529669493906,0.4448699463571126,-0.31897848754309416,0.593741644132549,-0.3895822536626137,0.7038017807226539,-0.38314898401203645,0.3278350656525316,-0.8707821576538748,0.6652439243400967,-0.8072601762706763,0.8513450915532265,-0.7815154101437451,1.0,-0.7918557337570489,0.2842581300986826,-0.7967898645786476,0.6306164969695104,-0.5329990131168234,0.5390954825151781,-0.37505722611141235,0.4093194896029491,-0.36941984838144887,0.26037282063298495,-0.6365943807521863,0.5806986517157571,-0.39649841762319077,0.48498808727673265,-0.26151092897576805,0.36987708714959516,-0.27458670347381736,0.2544358431864867,-0.443662995643689,0.5188133513720299,-0.28885888140697275,0.46534235610234165,-0.1846443600282097,0.37955093679785773,-0.1901993549626655,0.0,0.0,0.0,0.0,0.0,0.0,0.0,0.0,0.0,0.0,0.0,0.0,0.0,0.0,0.0,0.0,0.0,0.0,0.0,0.0,0.0,0.0,0.0,0.0,0.0,0.0,0.0,0.0,0.0,0.0,0.0,0.0,0.0,0.0,0.0,0.0,0.0,0.0,0.0,0.0,0.0,0.0,pain
0.0,0.0,0.2677535909458785,-0.13389083165203303,0.4630852700687183,-0.32594365933856473,0.6041759597869083,-0.40525705437306986,0.6995574112008148,-0.4022797000636962,0.3484108097668226,-0.8748354608905731,0.671439295069399,-0.8219811056185983,0.8521538376457622,-0.7861610572948409,1.0,-0.776083642152667,0.2951286317560692,-0.8076195678934194,0.6339587667588469,-0.5296380939654817,0.5451496158438144,-0.37417112853406426,0.4243118693018376,-0.3687441802492432,0.2635119979855276,-0.6545196637043779,0.57597362658093,-0.39716098627177465,0.4803812113952439,-0.26821818847388273,0.37075668760771013,-0.2838261389025898,0.2538298416466347,-0.4698987121244234,0.5000515127772742,-0.2939521192244281,0.4322341695059518,-0.18309353457096875,0.33887547186125067,-0.18607959131138055,0.0,0.0,0.0,0.0,0.0,0.0,0.0,0.0,0.0,0.0,0.0,0.0,0.0,0.0,0.0,0.0,0.0,0.0,0.0,0.0,0.0,0.0,0.0,0.0,0.0,0.0,0.0,0.0,0.0,0.0,0.0,0.0,0.0,0.0,0.0,0.0,0.0,0.0,0.0,0.0,0.0,0.0,pain
0.0,0.0,0.25793340453493707,-0.15148894102603527,0.4529948535635546,-0.39994551433350173,0.5787325479053204,-0.5592003206144391,0.6346249779480869,-0.6385460394902275,0.3253719883165269,-0.9185520793313514,0.6672788015253224,-0.8575027135768362,0.8544738133791322,-0.832735220521203,1.0,-0.8370968368058966,0.26452818714555476,-0.846580437297207,0.6618671204560108,-0.5895514893002115,0.5810602076285183,-0.4209838337546164,0.4575167218085373,-0.42278473423248497,0.23311479662990128,-0.6903637871461626,0.604052081334501,-0.43999800513939086,0.5085282363263288,-0.30267782407125354,0.3948985446220893,-0.32153423016408833,0.22803425689577309,-0.49524403955957785,0.5285198065206246,-0.3278846285352653,0.4745450122199027,-0.21437871765552488,0.3857684654811061,-0.2151794248640034,0.0,0.0,0.0,0.0,0.0,0.0,0.0,0.0,0.0,0.0,0.0,0.0,0.0,0.0,0.0,0.0,0.0,0.0,0.0,0.0,0.0,0.0,0.0,0.0,0.0,0.0,0.0,0.0,0.0,0.0,0.0,0.0,0.0,0.0,0.0,0.0,0.0,0.0,0.0,0.0,0.0,0.0,pain
0.0,0.0,0.15739126948528853,-0.23666272278099343,0.35017513940375145,-0.48077683346245353,0.5373899953667236,-0.5582746410573161,0.657532629177393,-0.5143289683311473,0.31320922311334115,-0.8699562193658497,0.6611564714908186,-0.799987388561659,0.849912336231326,-0.775063709171928,1.0,-0.7767826015087795,0.2644670519037239,-0.7380909162741919,0.6351901427337161,-0.49479213767642555,0.5475592001286055,-0.3542558219887693,0.41380879839850304,-0.340996685086027,0.2351150968907485,-0.5319167349245629,0.5788996623845297,-0.3372584056469142,0.4814612505123397,-0.22838173059294908,0.36515472561104173,-0.2392029155777083,0.22645109064938398,-0.30657965466197,0.5074392565271654,-0.22671837010393667,0.48862952978667334,-0.18469062208514564,0.43479840966129596,-0.22430351320678388,0.0,0.0,0.0,0.0,0.0,0.0,0.0,0.0,0.0,0.0,0.0,0.0,0.0,0.0,0.0,0.0,0.0,0.0,0.0,0.0,0.0,0.0,0.0,0.0,0.0,0.0,0.0,0.0,0.0,0.0,0.0,0.0,0.0,0.0,0.0,0.0,0.0,0.0,0.0,0.0,0.0,0.0,pain
0.0,0.0,0.24370282667695742,-0.16868919521495485,0.4436091483679568,-0.40384397424016444,0.5981833258100474,-0.548813445125048,0.7028925629017948,-0.6181638920709795,0.3180246557230636,-0.945635598698648,0.6557531305954848,-0.8602795734094264,0.8438278269547503,-0.8299994914755484,1.0,-0.8389576268405742,0.23063283318842348,-0.8764584945349309,0.6274824392388448,-0.5623174491995184,0.5330125838231966,-0.38605686087725305,0.41010954453334253,-0.3947925004539463,0.16693439367871424,-0.7079834286391821,0.5340339466870285,-0.37343682655642796,0.42090595003675363,-0.23427603831476826,0.3078212237189923,-0.27588039766350664,0.1259212430272343,-0.48852832892982534,0.4048837694812907,-0.25595329836933595,0.32964934166999693,-0.14930565496184564,0.23401471688064565,-0.18543311445865743,0.0,0.0,0.0,0.0,0.0,0.0,0.0,0.0,0.0,0.0,0.0,0.0,0.0,0.0,0.0,0.0,0.0,0.0,0.0,0.0,0.0,0.0,0.0,0.0,0.0,0.0,0.0,0.0,0.0,0.0,0.0,0.0,0.0,0.0,0.0,0.0,0.0,0.0,0.0,0.0,0.0,0.0,pain
0.0,0.0,0.2594421994847339,-0.12765896428575818,0.46134365886689566,-0.3224290584375014,0.6201786862160085,-0.3889944760978464,0.7334672290865776,-0.3742101468407132,0.3582571951457834,-0.85845937905981,0.6845926258970174,-0.7716059220426352,0.855716595802312,-0.7399108354014581,1.0,-0.752586060728685,0.28915963539354517,-0.7830593232595079,0.6457709732962135,-0.4822705279882645,0.549312887815465,-0.3467292881762531,0.43438767654951627,-0.3670510394840105,0.23487285941548744,-0.6142846549344786,0.5668872321780103,-0.3147621648199521,0.4564673656316844,-0.20237635307977694,0.3505198341863647,-0.2444797704590719,0.19892070252662292,-0.4092970303224367,0.4584225417300985,-0.20076824619837763,0.3862315593140999,-0.12007517999167619,0.2940766639027939,-0.15627034386014363,0.0,0.0,0.0,0.0,0.0,0.0,0.0,0.0,0.0,0.0,0.0,0.0,0.0,0.0,0.0,0.0,0.0,0.0,0.0,0.0,0.0,0.0,0.0,0.0,0.0,0.0,0.0,0.0,0.0,0.0,0.0,0.0,0.0,0.0,0.0,0.0,0.0,0.0,0.0,0.0,0.0,0.0,pain
0.0,0.0,0.26282654520872745,-0.15664644488478113,0.4452800725722587,-0.34487357567880395,0.6012780347590339,-0.4246006999398302,0.7312765974997951,-0.4310298910783894,0.31967409198423,-0.9149251514285376,0.6642104807448507,-0.8401722567541099,0.8507053137467072,-0.8148668602400566,1.0,-0.8219049146137353,0.2465362022240006,-0.8394143087315937,0.6308243997365366,-0.5441471907603077,0.5498111482304401,-0.381096121212435,0.4232105866576702,-0.3826206877782206,0.1957863798040932,-0.6670679592406045,0.5539354259354182,-0.3780366316255197,0.45960040098750005,-0.24399303010555334,0.34222960875659975,-0.2707444768030152,0.16628734141903548,-0.4530609617690849,0.4428846003663656,-0.2549725587049951,0.37908221213163606,-0.1475431206372303,0.2810376493881051,-0.16753252453832637,0.0,0.0,0.0,0.0,0.0,0.0,0.0,0.0,0.0,0.0,0.0,0.0,0.0,0.0,0.0,0.0,0.0,0.0,0.0,0.0,0.0,0.0,0.0,0.0,0.0,0.0,0.0,0.0,0.0,0.0,0.0,0.0,0.0,0.0,0.0,0.0,0.0,0.0,0.0,0.0,0.0,0.0,pain
0.0,0.0,0.24997785653620497,-0.152209609944354,0.47755973265803087,-0.3502103922814628,0.6751765643986481,-0.40676068625657735,0.79956503131055,-0.39417905828702415,0.34400009489656247,-0.8597807609641199,0.6743548362639827,-0.7845425585623976,0.8534639287590915,-0.7502934043923568,1.0,-0.7607015877437061,0.2668714030160209,-0.7693655991344269,0.6430334872399653,-0.4884977364987678,0.5580504821735744,-0.3486506419422327,0.4360749394125175,-0.37185285146544966,0.2101859821550819,-0.5905050505841762,0.5691083936401174,-0.32180207676874517,0.47148277165777636,-0.2092854160153952,0.3629200970384495,-0.25315381395495357,0.17630796530747297,-0.3773346946364586,0.46226381680800527,-0.20465495615482263,0.39839954933085336,-0.12079772870449239,0.305267749587891,-0.1504235850186752,0.0,0.0,0.0,0.0,0.0,0.0,0.0,0.0,0.0,0.0,0.0,0.0,0.0,0.0,0.0,0.0,0.0,0.0,0.0,0.0,0.0,0.0,0.0,0.0,0.0,0.0,0.0,0.0,0.0,0.0,0.0,0.0,0.0,0.0,0.0,0.0,0.0,0.0,0.0,0.0,0.0,0.0,pain
0.0,0.0,0.24447043435947904,-0.17429671468566793,0.464635924948063,-0.36640577005144465,0.6606432442559981,-0.4215417576388131,0.7935110369116344,-0.4087678055854609,0.3567765121139504,-0.8856427362188504,0.6821238364553611,-0.81873368558731,0.8587693576110329,-0.7860221227288228,1.0,-0.7898401056359966,0.2925340982251304,-0.7890462278074301,0.6531126821927286,-0.5003462468560317,0.5753948341889572,-0.36511636060499075,0.45629674639611845,-0.39837682689600024,0.24462306881681387,-0.6067966661150834,0.576992415619496,-0.3322931412305307,0.4849733777368966,-0.22700015341605295,0.3741125260969192,-0.27786259951107845,0.2138057587518052,-0.3970563769381059,0.46202807536100227,-0.21517282530511816,0.4025742186444497,-0.12651531849239586,0.3131440487411956,-0.1562784793901053,0.0,0.0,0.0,0.0,0.0,0.0,0.0,0.0,0.0,0.0,0.0,0.0,0.0,0.0,0.0,0.0,0.0,0.0,0.0,0.0,0.0,0.0,0.0,0.0,0.0,0.0,0.0,0.0,0.0,0.0,0.0,0.0,0.0,0.0,0.0,0.0,0.0,0.0,0.0,0.0,0.0,0.0,pain
0.0,0.0,0.26491828445749743,-0.17677451742467998,0.4636643906896913,-0.36096426240360313,0.6289200061336924,-0.42121011387544627,0.7487587890111453,-0.4204288193393377,0.35933163080651426,-0.9043833363309471,0.6726116272358922,-0.8344508467191153,0.8531471189101117,-0.8133713610477832,1.0,-0.8175332569420538,0.28241847558299904,-0.8020989336301781,0.6354673250516701,-0.5097363528658441,0.5493818581464317,-0.3729410922479938,0.43634692217237003,-0.403107545988331,0.22853456234027764,-0.6170907737865078,0.5647338759677247,-0.34048776111831175,0.4645625700701442,-0.23249235166562007,0.3541926748334336,-0.2779822096405913,0.19615779188841276,-0.4037821195796034,0.46620127791150423,-0.21986613702439026,0.3951103247100748,-0.1297072664369036,0.2960882575585164,-0.15849209270713696,0.0,0.0,0.0,0.0,0.0,0.0,0.0,0.0,0.0,0.0,0.0,0.0,0.0,0.0,0.0,0.0,0.0,0.0,0.0,0.0,0.0,0.0,0.0,0.0,0.0,0.0,0.0,0.0,0.0,0.0,0.0,0.0,0.0,0.0,0.0,0.0,0.0,0.0,0.0,0.0,0.0,0.0,pain
0.0,0.0,0.26564743045992684,-0.18785752156563132,0.4648820858254715,-0.37732224462169406,0.6327883783718411,-0.4456603363368273,0.7412031936067811,-0.43506472817170544,0.36329509668425725,-0.9198450516304582,0.6773651993390812,-0.8495572327820394,0.85576934679081,-0.8314391832097934,1.0,-0.8294867870455245,0.28398078186482417,-0.8268555673345083,0.6359509576677785,-0.5301487345317839,0.5460598847145429,-0.3874814662210497,0.43631144366495767,-0.4294430816631733,0.22741206029452202,-0.6427740573524714,0.5634519578593371,-0.35719041117256367,0.46287141581806773,-0.2529055877553755,0.3544884065356784,-0.3119594551951715,0.19279083610453815,-0.42583477419302823,0.4476949720182684,-0.22726643129149682,0.3761549328001944,-0.14177625680081607,0.28080507983321895,-0.18356660942151257,0.0,0.0,0.0,0.0,0.0,0.0,0.0,0.0,0.0,0.0,0.0,0.0,0.0,0.0,0.0,0.0,0.0,0.0,0.0,0.0,0.0,0.0,0.0,0.0,0.0,0.0,0.0,0.0,0.0,0.0,0.0,0.0,0.0,0.0,0.0,0.0,0.0,0.0,0.0,0.0,0.0,0.0,pain
0.0,0.0,0.280415209057901,-0.16360504354369024,0.4684210433244134,-0.34639504045347863,0.615661559491437,-0.43120852916094343,0.7299308659091301,-0.42779758096995507,0.3590991701521808,-0.8940928327868359,0.6699663922906515,-0.839407139140426,0.8524639464257215,-0.8129447152739125,1.0,-0.8031380458102876,0.28831072188493184,-0.8240880449482113,0.6340020097427874,-0.5326284791958907,0.5410325064622559,-0.3747871887518065,0.4260379508050687,-0.39562467589250305,0.23616074803457676,-0.66462781959707,0.5526409151977846,-0.3775699265378445,0.4461925188584696,-0.2550859180514779,0.3370105672859321,-0.29680709077574036,0.20284117107968636,-0.4716646603132387,0.4313742025242476,-0.26787492909975813,0.36191639098648487,-0.1657624445121334,0.27566019564266897,-0.19489376789637047,0.0,0.0,0.0,0.0,0.0,0.0,0.0,0.0,0.0,0.0,0.0,0.0,0.0,0.0,0.0,0.0,0.0,0.0,0.0,0.0,0.0,0.0,0.0,0.0,0.0,0.0,0.0,0.0,0.0,0.0,0.0,0.0,0.0,0.0,0.0,0.0,0.0,0.0,0.0,0.0,0.0,0.0,pain
0.0,0.0,0.29337970069082264,-0.18485529477637394,0.48678835638742773,-0.3830473719104209,0.6389488981036912,-0.4690663264860212,0.7496581527296534,-0.4542110805165954,0.3658327072612594,-0.9293290145616098,0.6697152091871476,-0.8628975368495296,0.8525384323503349,-0.8466632108320552,1.0,-0.8471816995283092,0.2875121974806307,-0.8432741925543071,0.6309397914081838,-0.5626167606919281,0.5454041391243194,-0.4082192716845582,0.43105922087539006,-0.4271345747172517,0.23277838319833294,-0.6714934846696808,0.5577831702519154,-0.39639436967585717,0.4585177829250821,-0.2746335194088775,0.35013571169213575,-0.31232496891962186,0.19916378942140045,-0.46804682879124143,0.44235553228460445,-0.2774053000486594,0.37187591548498045,-0.17794377689277033,0.2791673443833021,-0.20351861775090546,0.0,0.0,0.0,0.0,0.0,0.0,0.0,0.0,0.0,0.0,0.0,0.0,0.0,0.0,0.0,0.0,0.0,0.0,0.0,0.0,0.0,0.0,0.0,0.0,0.0,0.0,0.0,0.0,0.0,0.0,0.0,0.0,0.0,0.0,0.0,0.0,0.0,0.0,0.0,0.0,0.0,0.0,pain
0.0,0.0,0.2732891406493695,-0.18423053078803212,0.46734383932485324,-0.4025174566695086,0.6188956824783701,-0.4912683896419202,0.7321033077161961,-0.46292372808305,0.366370536759975,-0.9037963213475351,0.6792104668528436,-0.8653552145198666,0.8545623873795698,-0.8420988873750874,1.0,-0.8393165780261465,0.2946596394813007,-0.8229390188313886,0.6414263197177785,-0.5604204082298798,0.5486965050801741,-0.38212412216691877,0.4331137797640324,-0.37501709635309216,0.24179978452273762,-0.6608603045782827,0.5587904218127169,-0.39500954292569573,0.4480527167627932,-0.2679156563057212,0.3351456425389906,-0.3009346619335533,0.2062981010922587,-0.47226506047913924,0.43292735768191154,-0.28123690476819874,0.36307838255512265,-0.1788950894216847,0.275573328355948,-0.2067335839955608,0.0,0.0,0.0,0.0,0.0,0.0,0.0,0.0,0.0,0.0,0.0,0.0,0.0,0.0,0.0,0.0,0.0,0.0,0.0,0.0,0.0,0.0,0.0,0.0,0.0,0.0,0.0,0.0,0.0,0.0,0.0,0.0,0.0,0.0,0.0,0.0,0.0,0.0,0.0,0.0,0.0,0.0,pain
0.0,0.0,0.2859914593755866,-0.18206163365010314,0.47127429491158224,-0.38394287187953524,0.6204170640162558,-0.4794521283597397,0.735940567202193,-0.47821004666040773,0.3445046298213457,-0.9346383147118539,0.6811456461324992,-0.8992122543150346,0.8612211185871774,-0.8694478810799857,1.0,-0.8718613957117392,0.2746765581305095,-0.842881080582437,0.6413654974574201,-0.587379815050598,0.5558660494605812,-0.3992376138808597,0.4324224853544032,-0.37527001970647106,0.23046910661889441,-0.6730101780766613,0.5717913794422351,-0.43998238077036034,0.4703779386814052,-0.29798193945424545,0.3524934300823643,-0.3017754918234196,0.21357635395318636,-0.48045982800128073,0.4739093029747308,-0.33650675978619676,0.43345990044013466,-0.2396179429251048,0.3638490259718949,-0.24790771648029275,0.0,0.0,0.0,0.0,0.0,0.0,0.0,0.0,0.0,0.0,0.0,0.0,0.0,0.0,0.0,0.0,0.0,0.0,0.0,0.0,0.0,0.0,0.0,0.0,0.0,0.0,0.0,0.0,0.0,0.0,0.0,0.0,0.0,0.0,0.0,0.0,0.0,0.0,0.0,0.0,0.0,0.0,pain
0.0,0.0,0.2967022583962238,-0.19670418940715415,0.49049511484596425,-0.3958688996601785,0.6429651875163422,-0.4909280742149439,0.7419325338786152,-0.48844496418460515,0.34309364224974187,-0.9573495551205855,0.6668129296119798,-0.9100497459991943,0.8533280609043277,-0.88205591697576,1.0,-0.8775966176461123,0.2661042364558104,-0.858234528928669,0.6324596379245203,-0.6041249065311769,0.5561038223207618,-0.4234850278035212,0.44277230502831605,-0.4142851573634244,0.21884796616577376,-0.6828275683750932,0.5584845523376223,-0.44439945499341815,0.4606971872457578,-0.2983521189930227,0.3492098461154315,-0.30768169507297094,0.19768754761490395,-0.4886315071273128,0.45778500415774587,-0.33862742042807964,0.40506536957788225,-0.22273348806519871,0.3255208355472151,-0.2180553408301088,0.0,0.0,0.0,0.0,0.0,0.0,0.0,0.0,0.0,0.0,0.0,0.0,0.0,0.0,0.0,0.0,0.0,0.0,0.0,0.0,0.0,0.0,0.0,0.0,0.0,0.0,0.0,0.0,0.0,0.0,0.0,0.0,0.0,0.0,0.0,0.0,0.0,0.0,0.0,0.0,0.0,0.0,pain
0.0,0.0,0.21987919711796458,-0.28541844715531073,0.4292076005413754,-0.5770720720431921,0.6102062471028659,-0.7283850869156284,0.7498948216070591,-0.7673630901738826,0.33349866098705483,-0.9451906771103479,0.688784540411135,-0.9148659608611998,0.8658598181353067,-0.8944267953897178,1.0,-0.8990340000936059,0.28258744616860215,-0.8004321257960507,0.6495039208684061,-0.6066238344945378,0.6000560353035235,-0.4522554209668206,0.5005355410644527,-0.42012834264369947,0.2532080211267199,-0.5911452679981356,0.5978447565637921,-0.4673772592838124,0.5292325407393967,-0.35559516352499243,0.42870982239886235,-0.3475655738072783,0.24484388654197423,-0.3745884386474334,0.5290373788813584,-0.3722277751740524,0.6042931761951259,-0.3704120774672043,0.6364389756951679,-0.4186109014951937,0.0,0.0,0.0,0.0,0.0,0.0,0.0,0.0,0.0,0.0,0.0,0.0,0.0,0.0,0.0,0.0,0.0,0.0,0.0,0.0,0.0,0.0,0.0,0.0,0.0,0.0,0.0,0.0,0.0,0.0,0.0,0.0,0.0,0.0,0.0,0.0,0.0,0.0,0.0,0.0,0.0,0.0,pain
0.0,0.0,0.2262275711564267,-0.22888032441143327,0.4264505558326056,-0.49709757392226533,0.5826334441744745,-0.6501770064605507,0.7004466314753747,-0.7056419371149648,0.33701032315339957,-0.9162560575241988,0.6898673479147681,-0.9011822042573461,0.867046091563222,-0.8760120894484928,1.0,-0.8813234960645965,0.2992995984060011,-0.8162778420270195,0.6580200174866033,-0.6001058216805691,0.5971498029725127,-0.4320411685802568,0.48754143431447944,-0.40924892763932885,0.2819821314631483,-0.6419648454634379,0.6190388032277252,-0.46646264973895635,0.538922704873481,-0.33728730035597965,0.43105408083132235,-0.3432626655774634,0.28379949525247966,-0.453393259181237,0.5524846887330197,-0.34735157021162305,0.5137685859078064,-0.24979974056577953,0.43709054492920957,-0.24651980603335671,0.0,0.0,0.0,0.0,0.0,0.0,0.0,0.0,0.0,0.0,0.0,0.0,0.0,0.0,0.0,0.0,0.0,0.0,0.0,0.0,0.0,0.0,0.0,0.0,0.0,0.0,0.0,0.0,0.0,0.0,0.0,0.0,0.0,0.0,0.0,0.0,0.0,0.0,0.0,0.0,0.0,0.0,pain
0.0,0.0,0.23720198923459346,-0.21826964956595968,0.43590635122998816,-0.48910122985587734,0.5849719327826263,-0.6476888140218071,0.7019029716268931,-0.7179198347138054,0.3338360929544325,-0.929194774898641,0.6710484813748729,-0.9073080609302323,0.8557761259037104,-0.8910593991969605,1.0,-0.8989056246100305,0.2881122222980772,-0.8305813859336325,0.650372756567496,-0.621491862438617,0.5907745726410916,-0.45603764028978006,0.4811492926172131,-0.4247858376319281,0.26245904493665495,-0.6540902670500341,0.6006070954729936,-0.47558705124073136,0.521601860951507,-0.34719864985226806,0.4148364893407022,-0.3449007737735179,0.2567327451574987,-0.45792537036184405,0.5364601277221126,-0.3588838418879206,0.5093616487551936,-0.27116657696376584,0.4402754646425035,-0.2705942248266935,0.0,0.0,0.0,0.0,0.0,0.0,0.0,0.0,0.0,0.0,0.0,0.0,0.0,0.0,0.0,0.0,0.0,0.0,0.0,0.0,0.0,0.0,0.0,0.0,0.0,0.0,0.0,0.0,0.0,0.0,0.0,0.0,0.0,0.0,0.0,0.0,0.0,0.0,0.0,0.0,0.0,0.0,pain
0.0,0.0,0.24614437347966497,-0.22561486996747765,0.45108932833923443,-0.46724587805225803,0.5929466484727934,-0.6003804666327294,0.7164630427463857,-0.6610374627895718,0.36475544257572334,-0.8742429836217193,0.6923203802280956,-0.8633759935204657,0.8695123597442665,-0.842972941763884,1.0,-0.8446942036033194,0.33477187452733065,-0.7853843997837987,0.6906155178124849,-0.6141782099635852,0.6478978649305505,-0.4746719708637807,0.5487591464059239,-0.46502341729296204,0.32867738782387507,-0.6335089291474414,0.6454742740476543,-0.4789943710671878,0.5818684988482454,-0.35263531964238953,0.4886612215158272,-0.34837065625343916,0.33684402982363976,-0.4652066571360263,0.5766948194626735,-0.36789193403148795,0.5425127278503419,-0.26075029668048555,0.47384319006471404,-0.23772550563083025,0.0,0.0,0.0,0.0,0.0,0.0,0.0,0.0,0.0,0.0,0.0,0.0,0.0,0.0,0.0,0.0,0.0,0.0,0.0,0.0,0.0,0.0,0.0,0.0,0.0,0.0,0.0,0.0,0.0,0.0,0.0,0.0,0.0,0.0,0.0,0.0,0.0,0.0,0.0,0.0,0.0,0.0,pain
0.0,0.0,0.18839939514332044,-0.24809086338715544,0.39416638204112403,-0.5068186298879627,0.5694133486277877,-0.6234543293888734,0.7135197389271336,-0.6557612990510321,0.37288166186429567,-0.8641169908226277,0.7063172318530053,-0.8447192645341276,0.8731049081010469,-0.8200218362943951,1.0,-0.8264803758092588,0.33682812922172206,-0.7581912339437262,0.6920469630046495,-0.5911490387958723,0.6242844891648968,-0.44744338633548336,0.5089700771686193,-0.4319945508608937,0.3085170643098879,-0.5861498902238577,0.632863273258571,-0.44438859984801626,0.5524210288300372,-0.32087543307741057,0.4506930847676665,-0.31819703792611453,0.2878312121326179,-0.395586734626058,0.5467744591753224,-0.3254159159245298,0.5010209440090603,-0.22791964590670225,0.41966094836344625,-0.2064362358795531,0.0,0.0,0.0,0.0,0.0,0.0,0.0,0.0,0.0,0.0,0.0,0.0,0.0,0.0,0.0,0.0,0.0,0.0,0.0,0.0,0.0,0.0,0.0,0.0,0.0,0.0,0.0,0.0,0.0,0.0,0.0,0.0,0.0,0.0,0.0,0.0,0.0,0.0,0.0,0.0,0.0,0.0,pain
0.0,0.0,0.1994730515958476,-0.23178628052190617,0.4063332522552433,-0.49041965901040935,0.5665751371965564,-0.6128114508302811,0.7067635816157503,-0.6483843030450445,0.36303144468728415,-0.8651751375516429,0.6901719506500746,-0.8374795248232113,0.8646441411610974,-0.8241941755157188,1.0,-0.8381243619538992,0.33474951308760165,-0.7584636826378668,0.6818403424454454,-0.5818226236278125,0.6261612128335372,-0.4373620622005067,0.5233096904888299,-0.41959324838480017,0.31727570515745424,-0.5831094571969825,0.6292842698444544,-0.4456787567710562,0.5621347091752583,-0.3229602853475321,0.4701495446903024,-0.316037802511527,0.30593111676487766,-0.38620801323762566,0.5571626456076685,-0.3152824624540385,0.5176287321813143,-0.21846883139248957,0.443273187593987,-0.19712557457438443,0.0,0.0,0.0,0.0,0.0,0.0,0.0,0.0,0.0,0.0,0.0,0.0,0.0,0.0,0.0,0.0,0.0,0.0,0.0,0.0,0.0,0.0,0.0,0.0,0.0,0.0,0.0,0.0,0.0,0.0,0.0,0.0,0.0,0.0,0.0,0.0,0.0,0.0,0.0,0.0,0.0,0.0,pain
0.0,0.0,0.1860972873744406,-0.25268204047706494,0.3974158879058291,-0.5077731628217591,0.5571407905230517,-0.6225379944042706,0.6797007650323653,-0.6657817465983839,0.39386430823776925,-0.8919448682846103,0.7114476751907904,-0.8874350495690341,0.8750050663362688,-0.8776889774605714,1.0,-0.8919847754256813,0.3772171066948594,-0.8068341602633372,0.7048071892714639,-0.5673473536265302,0.6212449095012044,-0.4405364891567933,0.5017961331227401,-0.4415759454718801,0.36855741296969613,-0.6534548048509624,0.6594622325675943,-0.43659035880884667,0.5620270769952167,-0.3273638901481116,0.4575489345728658,-0.3450178116794484,0.3691087862430108,-0.4745214728478671,0.5878879956201912,-0.33060665713467974,0.5198675207626254,-0.241368677757942,0.43332358518272796,-0.2482199232660503,0.0,0.0,0.0,0.0,0.0,0.0,0.0,0.0,0.0,0.0,0.0,0.0,0.0,0.0,0.0,0.0,0.0,0.0,0.0,0.0,0.0,0.0,0.0,0.0,0.0,0.0,0.0,0.0,0.0,0.0,0.0,0.0,0.0,0.0,0.0,0.0,0.0,0.0,0.0,0.0,0.0,0.0,pain
0.0,0.0,0.20622310660236257,-0.21372397737430227,0.40983374448447396,-0.4532980315202623,0.551112860300047,-0.5727856781792044,0.6442455506535453,-0.6384142073284289,0.4172226916286937,-0.8456010497580034,0.709996247806251,-0.8067384751537191,0.8725596597277075,-0.7749010959035646,1.0,-0.7537077759704864,0.39181128820120076,-0.778528522329834,0.6725603936531352,-0.48151318298259344,0.5784098404721342,-0.36300593837411665,0.4644932994137465,-0.38023636680002704,0.3732463387059733,-0.6263215626984848,0.6306214482978587,-0.3585033058753483,0.5225458833358256,-0.26270830103296944,0.4212748773962283,-0.2970318526693632,0.36491796701433327,-0.4409414795386178,0.5682802934600822,-0.25152633553786186,0.4777010519903599,-0.16615368337295003,0.3833090679238809,-0.18291684594324248,0.0,0.0,0.06491207246156976,-0.22040892954437394,0.2638508064927547,-0.4255284052917733,0.4660198648963936,-0.4467972582035206,0.6091749646800183,-0.3676298234647116,0.32177336577488674,-0.7142798839015027,0.6444793015044238,-0.6571002856208052,0.8399054233942418,-0.6417019979852135,1.0,-0.6498635155642593,0.3190418064784703,-0.621906823269491,0.6359792086555552,-0.34626233988671756,0.5345292358300042,-0.2532954546227513,0.41261305965250716,-0.293524182538835,0.3173453590190262,-0.4597848763137435,0.5875904936362814,-0.19483161704637206,0.47570777706204415,-0.11916557095932268,0.37596751582001875,-0.17706449289213003,0.31257520588301313,-0.26349420561841086,0.5168218002341288,-0.07599016686268094,0.4183868648440173,-0.015162254248090817,0.32489808731330744,-0.0643156970365226,pain
0.0,0.0,0.1826355606668215,-0.19073470584071148,0.3911765564280862,-0.4212601823413765,0.5574410420855621,-0.5281432526114856,0.6775417508597318,-0.5728769375789406,0.41051958971327374,-0.8335032718863676,0.7018247488490337,-0.7956241547057662,0.8689039460104596,-0.768344670159825,1.0,-0.7552366327079346,0.38234823824846964,-0.7626333065488646,0.6592747018416703,-0.4733799846744818,0.5788045536908543,-0.34655480114705417,0.47255983969060833,-0.35688120736270684,0.3594619550840606,-0.6068169370573266,0.6175538038706248,-0.35340750602650545,0.5210702589317096,-0.24959016037148857,0.4266810876398578,-0.27585125553749223,0.34558779696296416,-0.4200079980824473,0.5517885153000585,-0.24691719873371973,0.4766461270776075,-0.15950244227160446,0.3934378155299413,-0.17016479278880964,0.0,0.0,0.0,0.0,0.0,0.0,0.0,0.0,0.0,0.0,0.0,0.0,0.0,0.0,0.0,0.0,0.0,0.0,0.0,0.0,0.0,0.0,0.0,0.0,0.0,0.0,0.0,0.0,0.0,0.0,0.0,0.0,0.0,0.0,0.0,0.0,0.0,0.0,0.0,0.0,0.0,0.0,pain
0.0,0.0,0.27835107821958704,-0.12840955887842365,0.4829847372303849,-0.33524726039988406,0.5991855253746655,-0.46851380456622765,0.6685860524632118,-0.5480359409204864,0.40800570918937057,-0.8646657210219706,0.6964390617085343,-0.8203556041489559,0.8629542486178576,-0.8081341498951201,1.0,-0.8165627501081711,0.3643588280106702,-0.8273389253205599,0.6759468287588373,-0.5073998704354381,0.5893898343997925,-0.35062193397987174,0.4800363808299036,-0.354186805767951,0.3349327412216798,-0.7000792318603593,0.6164852040320749,-0.3912056648773271,0.5231084898503746,-0.2628840878823419,0.4273190170111687,-0.2854106610602299,0.31590970939487567,-0.5343081982899726,0.5212981181028344,-0.30008308508153175,0.4581402909663638,-0.19012210697344728,0.37916017439036825,-0.19687680368881708,0.0,0.0,0.0,0.0,0.0,0.0,0.0,0.0,0.0,0.0,0.0,0.0,0.0,0.0,0.0,0.0,0.0,0.0,0.0,0.0,0.0,0.0,0.0,0.0,0.0,0.0,0.0,0.0,0.0,0.0,0.0,0.0,0.0,0.0,0.0,0.0,0.0,0.0,0.0,0.0,0.0,0.0,pain
0.0,0.0,0.2585089307761956,-0.11936246731291592,0.46290657034133864,-0.31780235157056297,0.5742216833294288,-0.44254639508158317,0.6378587664701748,-0.5243176076536847,0.3952058415697398,-0.8343630688185796,0.6892846514749552,-0.7941020786769408,0.8616535390693758,-0.7818544736192279,1.0,-0.7905902353470055,0.35920129545325036,-0.7972314910375656,0.6543696220644941,-0.46421104617664005,0.5620375529483275,-0.32290406934410554,0.4502502580142715,-0.3361989274204271,0.3357935442613194,-0.668822061961415,0.5985592356445925,-0.35327598979339864,0.4968935398291724,-0.2400767394594047,0.39651269176950305,-0.2706116996017399,0.3231274178944769,-0.5069277623356149,0.5182249884447596,-0.2706420914668507,0.4436769091473182,-0.1708700304551815,0.35843105162184924,-0.18464704280820834,0.0,0.0,0.0,0.0,0.0,0.0,0.0,0.0,0.0,0.0,0.0,0.0,0.0,0.0,0.0,0.0,0.0,0.0,0.0,0.0,0.0,0.0,0.0,0.0,0.0,0.0,0.0,0.0,0.0,0.0,0.0,0.0,0.0,0.0,0.0,0.0,0.0,0.0,0.0,0.0,0.0,0.0,pain
0.0,0.0,0.27630876900515206,-0.13665016287576598,0.48031343242417773,-0.3387574181084075,0.5838759971820637,-0.4669551340000906,0.6371706094281012,-0.5577239409840509,0.4067130625104489,-0.86581093472337,0.691946374767144,-0.8521993080461343,0.8598965372002665,-0.8462603948856294,1.0,-0.857227737673146,0.35248464282589026,-0.8413419451319605,0.6555195425382061,-0.5109195032450873,0.5660841138329143,-0.35995391060168525,0.4617843774781649,-0.3778874398558208,0.31350341737770526,-0.7218476210127615,0.5854981151901273,-0.3915593341416684,0.4886882465564893,-0.2621085967827993,0.39908972076348503,-0.29486285033101217,0.28942786971709294,-0.5608282335700114,0.49309476213192066,-0.29894095851375313,0.42239592005314447,-0.17917151446371532,0.3417083177131269,-0.18921475391918216,0.0,0.0,0.0,0.0,0.0,0.0,0.0,0.0,0.0,0.0,0.0,0.0,0.0,0.0,0.0,0.0,0.0,0.0,0.0,0.0,0.0,0.0,0.0,0.0,0.0,0.0,0.0,0.0,0.0,0.0,0.0,0.0,0.0,0.0,0.0,0.0,0.0,0.0,0.0,0.0,0.0,0.0,pain
0.0,0.0,0.280423060857222,-0.08702930099291187,0.4863213761073387,-0.237085331811399,0.605913104243963,-0.3094929970869439,0.7067924858249373,-0.35943402896251964,0.4090307812584853,-0.808039542968858,0.6890865080999626,-0.8120394022514108,0.8572009933558823,-0.7938779713325771,1.0,-0.796199809211733,0.3465134690846842,-0.794404637118052,0.6291910830222692,-0.5084217001331692,0.5338644050777139,-0.3553498075210743,0.4222069892170133,-0.3680731238897581,0.3056060191546502,-0.6923332558021185,0.5545949540499472,-0.40689679434042625,0.45681477177986735,-0.2641529475694306,0.36393049787677184,-0.2860491971420696,0.2855360224710735,-0.5524761659823768,0.4632421778005931,-0.33197397546939683,0.3964579164322799,-0.19752426095162565,0.32292741473017944,-0.1925697772394994,0.0,0.0,0.0,0.0,0.0,0.0,0.0,0.0,0.0,0.0,0.0,0.0,0.0,0.0,0.0,0.0,0.0,0.0,0.0,0.0,0.0,0.0,0.0,0.0,0.0,0.0,0.0,0.0,0.0,0.0,0.0,0.0,0.0,0.0,0.0,0.0,0.0,0.0,0.0,0.0,0.0,0.0,pain
0.0,0.0,0.2845366669594154,-0.09438655232374299,0.503241419325816,-0.24356002812569721,0.6424839856447664,-0.32128754161441286,0.7401315041811245,-0.36450161711849066,0.4037193998032947,-0.8441193054691098,0.6849290957137405,-0.8373053516466752,0.8542951419894949,-0.8199899010782062,1.0,-0.8236327134515493,0.3387462754089072,-0.8263223650751137,0.6477614632490344,-0.5457759904953036,0.5582567231744435,-0.38784769138538694,0.4501264365370772,-0.39126685100744657,0.2968413867416103,-0.7216216024555981,0.5745624633950451,-0.437841536388939,0.47990116366708324,-0.2947914183530175,0.38748821049978754,-0.3098787056578873,0.2774030533510001,-0.5754265267073205,0.4783641419544014,-0.3589262995088549,0.4088786869292423,-0.2244124433117554,0.33123008831374373,-0.21549724461628733,0.0,0.0,0.0,0.0,0.0,0.0,0.0,0.0,0.0,0.0,0.0,0.0,0.0,0.0,0.0,0.0,0.0,0.0,0.0,0.0,0.0,0.0,0.0,0.0,0.0,0.0,0.0,0.0,0.0,0.0,0.0,0.0,0.0,0.0,0.0,0.0,0.0,0.0,0.0,0.0,0.0,0.0,pain
0.0,0.0,0.28692414524565785,-0.0716141270185627,0.5029582408535398,-0.21677968207347578,0.6400389759450554,-0.2933234688220253,0.7456725019330362,-0.34376709369616937,0.3979907548019959,-0.8189828798810325,0.681953321577506,-0.8297225884329333,0.854013020413234,-0.8045580717476317,1.0,-0.7939003202257712,0.3335152334384683,-0.8120562128806041,0.644187262542485,-0.533530623559494,0.5569171177084666,-0.3629936195895844,0.44977035343505645,-0.35618451086301495,0.2943442232346326,-0.7129898184151142,0.5681967784582808,-0.4194586756708146,0.47602534363544324,-0.2658982731542517,0.3844431835670592,-0.273499138709492,0.2775795604358927,-0.5689412523850051,0.4705631486333387,-0.3336496652185119,0.4029205999551276,-0.19364777390243404,0.3276842318011819,-0.18247565857665485,0.0,0.0,0.0,0.0,0.0,0.0,0.0,0.0,0.0,0.0,0.0,0.0,0.0,0.0,0.0,0.0,0.0,0.0,0.0,0.0,0.0,0.0,0.0,0.0,0.0,0.0,0.0,0.0,0.0,0.0,0.0,0.0,0.0,0.0,0.0,0.0,0.0,0.0,0.0,0.0,0.0,0.0,pain
0.0,0.0,0.2944092734309631,-0.09659047058688684,0.5027147480104074,-0.26710591165941383,0.6279809503432835,-0.3426684037793663,0.697552887058383,-0.3420529004305849,0.3946793919086717,-0.8390743379804919,0.6728559584621203,-0.8510160963104185,0.8506074800276614,-0.8262717919132564,1.0,-0.7999747838479084,0.33614085895383533,-0.810635103176089,0.6318567875386362,-0.5156431838066456,0.552297153249254,-0.3473544053763893,0.45940065791233187,-0.34372213328646695,0.304522478671338,-0.6961851018388688,0.5724305314113022,-0.41022362142150326,0.4845497579631462,-0.27790491982409826,0.39631595838570777,-0.297346191023814,0.2958486954461922,-0.5466819746539465,0.4944423218727196,-0.3358092283475397,0.42803348399347435,-0.21466930544783505,0.3526148385593172,-0.21565693807142283,0.0,0.0,0.0,0.0,0.0,0.0,0.0,0.0,0.0,0.0,0.0,0.0,0.0,0.0,0.0,0.0,0.0,0.0,0.0,0.0,0.0,0.0,0.0,0.0,0.0,0.0,0.0,0.0,0.0,0.0,0.0,0.0,0.0,0.0,0.0,0.0,0.0,0.0,0.0,0.0,0.0,0.0,pain
0.0,0.0,0.28201430744968786,-0.08910870081814169,0.47879690581340445,-0.27153331358189287,0.5916977983316205,-0.378487749477667,0.6714477111475279,-0.44352283914612056,0.3939729559573739,-0.8227404660722718,0.6932514497248686,-0.8271941844352477,0.8622798023004256,-0.8160099312711595,1.0,-0.8123551432442359,0.34213622630212914,-0.7907373459619106,0.6517198026707651,-0.5247294206964235,0.5591956843102581,-0.3899061652269718,0.45235832970709233,-0.41521809910902485,0.31326016041873056,-0.6723772247374448,0.5967984535239347,-0.42364795217682477,0.5056029281510491,-0.31281536723791536,0.41182872106336815,-0.3501830094405713,0.30436699719467825,-0.5150789903310526,0.5210165742360976,-0.3351746150783731,0.4533341357356023,-0.23642551392322245,0.36722422051248815,-0.25294959987902244,0.0,0.0,0.0,0.0,0.0,0.0,0.0,0.0,0.0,0.0,0.0,0.0,0.0,0.0,0.0,0.0,0.0,0.0,0.0,0.0,0.0,0.0,0.0,0.0,0.0,0.0,0.0,0.0,0.0,0.0,0.0,0.0,0.0,0.0,0.0,0.0,0.0,0.0,0.0,0.0,0.0,0.0,pain
0.0,0.0,0.2823713055124936,-0.0865813324169924,0.49192904084876077,-0.259660433205384,0.6221983591770113,-0.33891273024042234,0.720814085618003,-0.35619564920282243,0.40743524762682015,-0.8244502930598888,0.6902153921848093,-0.8097680121519304,0.8572243850818654,-0.7934890331952313,1.0,-0.79083021269783,0.34432194024780255,-0.7824738081385133,0.6474056097246682,-0.5145401439332112,0.5641176378709131,-0.36623192537027854,0.46804827190334686,-0.3744559551097071,0.303272469551839,-0.6534274925710002,0.583372316871737,-0.3997411076531389,0.4940540667184712,-0.2813804467943036,0.4044765337321499,-0.31139751104099717,0.28490224178124185,-0.48466599763365364,0.4982269974345057,-0.2985856590040259,0.43073926846316346,-0.18905506245826678,0.35004041532111635,-0.1973884283321163,0.0,0.0,0.0,0.0,0.0,0.0,0.0,0.0,0.0,0.0,0.0,0.0,0.0,0.0,0.0,0.0,0.0,0.0,0.0,0.0,0.0,0.0,0.0,0.0,0.0,0.0,0.0,0.0,0.0,0.0,0.0,0.0,0.0,0.0,0.0,0.0,0.0,0.0,0.0,0.0,0.0,0.0,pain
0.0,0.0,0.27815276808423933,-0.06709971411217858,0.48071350168082055,-0.2321523090398947,0.6060933062278577,-0.3129203027194474,0.6986483173838844,-0.32856528344426905,0.39930534411931407,-0.8139117760488148,0.6828105068068158,-0.7971621222837925,0.8546105851878568,-0.7789619508447821,1.0,-0.768121712329088,0.3353701474406716,-0.7728983497824223,0.6417752212859175,-0.5063887574731326,0.5588981998903915,-0.3559252632088449,0.4625650507993461,-0.36098177718861885,0.2946178611968566,-0.6426870644738711,0.5794218929802127,-0.3947453474918848,0.4932897943824839,-0.2748824674726486,0.4038516787126773,-0.300912936150679,0.27716109958295665,-0.471355789033212,0.4952936244361483,-0.29024444892038703,0.43172203303557904,-0.18113476074265256,0.35271566106289065,-0.18747823833145189,0.0,0.0,0.0,0.0,0.0,0.0,0.0,0.0,0.0,0.0,0.0,0.0,0.0,0.0,0.0,0.0,0.0,0.0,0.0,0.0,0.0,0.0,0.0,0.0,0.0,0.0,0.0,0.0,0.0,0.0,0.0,0.0,0.0,0.0,0.0,0.0,0.0,0.0,0.0,0.0,0.0,0.0,pain
0.0,0.0,0.2970661694531408,-0.06112166880275777,0.5074574065823458,-0.21657853548957098,0.6260154395788815,-0.3026914747867592,0.7046701759876286,-0.3232146717805444,0.41851797879994285,-0.7918495682229275,0.6884561894284792,-0.8119089169162091,0.8547380411745993,-0.7878990936842176,1.0,-0.7678377542256979,0.343535806102651,-0.7814310974252637,0.6426011020080052,-0.47750335742557426,0.5570607067933271,-0.3148598282288122,0.46401990446715774,-0.3171631436094246,0.29245953869191593,-0.6728141497222684,0.5632931955246004,-0.35652216498108574,0.47248861979051576,-0.22870548101466914,0.3885784622294102,-0.259501424790681,0.26856159646631206,-0.5188196991794464,0.47446943120253765,-0.26790802823860677,0.40746306035562235,-0.15985725416935917,0.3330446723737924,-0.18371299217191292,0.0,0.0,0.0,0.0,0.0,0.0,0.0,0.0,0.0,0.0,0.0,0.0,0.0,0.0,0.0,0.0,0.0,0.0,0.0,0.0,0.0,0.0,0.0,0.0,0.0,0.0,0.0,0.0,0.0,0.0,0.0,0.0,0.0,0.0,0.0,0.0,0.0,0.0,0.0,0.0,0.0,0.0,pain
0.0,0.0,0.28364674653361566,-0.04475503374657035,0.4842904373329605,-0.19614441138706323,0.6031151348697709,-0.2751243008877309,0.6837561873978312,-0.27551806682646374,0.41341967747528496,-0.7879998941531879,0.6863223801630436,-0.7951022942296505,0.8542544691644145,-0.7816151196641654,1.0,-0.7785092266429064,0.3453603748240988,-0.77822130751619,0.6383791061552686,-0.49722961767578566,0.5572961036919605,-0.33077405220696526,0.46378538216030973,-0.3251475832368666,0.29979608690655185,-0.6754890774383966,0.5642661952534024,-0.39736946975091636,0.4770124816298513,-0.25981561327366415,0.3909197258567569,-0.2749659256204973,0.27549397482820626,-0.5304860540900906,0.467288398202026,-0.31860285367744606,0.4007573576370252,-0.19941815849454236,0.3251047310760316,-0.20231433264572402,0.0,0.0,0.0,0.0,0.0,0.0,0.0,0.0,0.0,0.0,0.0,0.0,0.0,0.0,0.0,0.0,0.0,0.0,0.0,0.0,0.0,0.0,0.0,0.0,0.0,0.0,0.0,0.0,0.0,0.0,0.0,0.0,0.0,0.0,0.0,0.0,0.0,0.0,0.0,0.0,0.0,0.0,pain
0.0,0.0,0.28125941097669555,-0.041503361335707915,0.4844461027478912,-0.1948450597613748,0.6030893876003003,-0.2759505049289479,0.6854955920695118,-0.2720833183815073,0.42492997093365015,-0.7827498023880759,0.6884940196991381,-0.7951071148817689,0.8543062349411982,-0.7807026082791416,1.0,-0.7721133542044304,0.3533957430813027,-0.7806986431540033,0.6352901688489063,-0.490411435262294,0.550536213785273,-0.3294455942205922,0.45725188675523304,-0.3281942007269264,0.30104003249816563,-0.6804975518326114,0.5557622487176289,-0.3874066039555692,0.46650470452184856,-0.2548080611787088,0.38285305424667876,-0.27534859893294517,0.26979068302650866,-0.5347978390861021,0.45521024382149244,-0.30687887752065485,0.3888376176180026,-0.19026335766400204,0.31622071234662646,-0.19776220232566485,0.0,0.0,0.0,0.0,0.0,0.0,0.0,0.0,0.0,0.0,0.0,0.0,0.0,0.0,0.0,0.0,0.0,0.0,0.0,0.0,0.0,0.0,0.0,0.0,0.0,0.0,0.0,0.0,0.0,0.0,0.0,0.0,0.0,0.0,0.0,0.0,0.0,0.0,0.0,0.0,0.0,0.0,pain
0.0,0.0,0.2855123121382342,-0.05286976421771718,0.48433700881507313,-0.20143564249166213,0.60063860227924,-0.279318323277395,0.6644817340147159,-0.28137185382917845,0.4034012668275696,-0.7883195659317492,0.682668897918062,-0.7856684639531835,0.8535490792807912,-0.7689905356693089,1.0,-0.7613779607467536,0.3343652672243602,-0.7743575461085198,0.6372661922275559,-0.5074335619252773,0.5642404193257701,-0.3418040971612177,0.4715250058594204,-0.33393826009703875,0.2922090482174142,-0.6675489095116632,0.5661114580047039,-0.3994540352074135,0.4827894061678675,-0.25946805805786105,0.3967677468873506,-0.2728301209396304,0.27624279847907535,-0.5150230768726141,0.47371252281893883,-0.3027782697901801,0.4064907071281763,-0.1827753515105576,0.3287169648460617,-0.18554731956613055,0.0,0.0,0.0,0.0,0.0,0.0,0.0,0.0,0.0,0.0,0.0,0.0,0.0,0.0,0.0,0.0,0.0,0.0,0.0,0.0,0.0,0.0,0.0,0.0,0.0,0.0,0.0,0.0,0.0,0.0,0.0,0.0,0.0,0.0,0.0,0.0,0.0,0.0,0.0,0.0,0.0,0.0,pain
0.0,0.0,0.2826306970253462,-0.04014329656867178,0.4745533236307103,-0.189801634815616,0.5837480260146054,-0.27757862078861345,0.6586831040515887,-0.30516598358431934,0.39403602189239734,-0.7907617684497548,0.6713706703451425,-0.8045206827849181,0.8482258950709951,-0.7825615648313275,1.0,-0.7591788059985844,0.32612268472463884,-0.7879960787576462,0.6264922204175504,-0.5064190447940443,0.5537579175453891,-0.33371275653771504,0.4655271510663038,-0.3203577832199284,0.2838905508750649,-0.6900192806473667,0.5585065356048886,-0.40309736345085406,0.4825222157511273,-0.2589575427845885,0.4033527908304987,-0.26658177876331346,0.26585790038292,-0.543782182141627,0.4713567635200666,-0.31974765141457734,0.41355722517842736,-0.18815452009998446,0.3453609283328249,-0.1781508504666624,0.0,0.0,0.0,0.0,0.0,0.0,0.0,0.0,0.0,0.0,0.0,0.0,0.0,0.0,0.0,0.0,0.0,0.0,0.0,0.0,0.0,0.0,0.0,0.0,0.0,0.0,0.0,0.0,0.0,0.0,0.0,0.0,0.0,0.0,0.0,0.0,0.0,0.0,0.0,0.0,0.0,0.0,pain
0.0,0.0,0.28408895881295637,-0.035175341643726196,0.47627867289468273,-0.1891131942057967,0.5828413095632783,-0.27908358191958527,0.6535911711531993,-0.30367595363635885,0.39047512515461347,-0.7903952491118938,0.6724399788881723,-0.8060837438523109,0.8489454383631954,-0.7831809644648527,1.0,-0.7626587172909018,0.3218984330484906,-0.787686005580016,0.6258009309718346,-0.5135855903295876,0.5537545980211902,-0.3368212807869042,0.4634508550330589,-0.3216702734724716,0.2805444089394941,-0.6904997179301525,0.5584189470173082,-0.4074913874807831,0.48375685538761487,-0.2583832491296621,0.4038361903085081,-0.26457344052929793,0.26494859140738924,-0.5459628475445789,0.4737606392021764,-0.3234507258099362,0.4158660553874533,-0.18936396782828832,0.3476443230464997,-0.17948162951973015,0.0,0.0,0.0,0.0,0.0,0.0,0.0,0.0,0.0,0.0,0.0,0.0,0.0,0.0,0.0,0.0,0.0,0.0,0.0,0.0,0.0,0.0,0.0,0.0,0.0,0.0,0.0,0.0,0.0,0.0,0.0,0.0,0.0,0.0,0.0,0.0,0.0,0.0,0.0,0.0,0.0,0.0,pain
0.0,0.0,0.2654706086627999,-0.06510147908313212,0.4616959360734497,-0.208117105310833,0.5905336399710298,-0.271624328924704,0.6903211675682189,-0.28047863490043434,0.37659522236321913,-0.822162349434255,0.6705749538231801,-0.820934495885917,0.852106139308453,-0.8029286912652632,1.0,-0.7885726568902491,0.3180327962288286,-0.7927390538443907,0.6409688643860997,-0.5439273156296067,0.5843485719892245,-0.37025443356502147,0.489817690617546,-0.345620418194868,0.28297627466139375,-0.6697456641421574,0.5700975728315418,-0.4213666873073082,0.4981466169499971,-0.27612781564609484,0.40611927848133733,-0.27640139574705075,0.26681713572219246,-0.5029403754154081,0.484075765403435,-0.3154386706286928,0.4262514355830818,-0.1907427333339033,0.3429570833430023,-0.17927109630304533,0.0,0.0,0.0,0.0,0.0,0.0,0.0,0.0,0.0,0.0,0.0,0.0,0.0,0.0,0.0,0.0,0.0,0.0,0.0,0.0,0.0,0.0,0.0,0.0,0.0,0.0,0.0,0.0,0.0,0.0,0.0,0.0,0.0,0.0,0.0,0.0,0.0,0.0,0.0,0.0,0.0,0.0,pain
0.0,0.0,0.252976090260773,-0.08840840055410643,0.4613554620907729,-0.2583509460764238,0.599250319691843,-0.3245954811665679,0.6972672905714986,-0.3069957893863091,0.3559419221917431,-0.8283930208901881,0.6598735249735516,-0.822423612639202,0.8469296662284037,-0.8204071852161023,1.0,-0.8244259446473053,0.3051389142301828,-0.7800739382824423,0.6415986236610335,-0.5254794203025659,0.5838093798722173,-0.3604334653342845,0.48125055304926895,-0.3294372562178399,0.27748762540025107,-0.6399177454227097,0.5718235786535903,-0.39891864674619093,0.48862500009788484,-0.2759212724087733,0.38568070282871486,-0.28156609457553616,0.26749906617875646,-0.4599306505582176,0.4771382157240619,-0.2859532924931735,0.409047964347997,-0.18177682102973272,0.32007966258708814,-0.18054738761060007,0.0,0.0,0.0,0.0,0.0,0.0,0.0,0.0,0.0,0.0,0.0,0.0,0.0,0.0,0.0,0.0,0.0,0.0,0.0,0.0,0.0,0.0,0.0,0.0,0.0,0.0,0.0,0.0,0.0,0.0,0.0,0.0,0.0,0.0,0.0,0.0,0.0,0.0,0.0,0.0,0.0,0.0,pain
0.0,0.0,0.2564799626100515,-0.09226434495503283,0.46831443743002005,-0.27165382149004047,0.6060386518973323,-0.3500851044136023,0.7082445103034715,-0.35488759494374844,0.3637966567306764,-0.8255545213898045,0.6680657424691117,-0.8120779894294167,0.8497448581678811,-0.8097091213609697,1.0,-0.8123663369334871,0.3152095309325071,-0.7721835695630735,0.6566493524846356,-0.5216945310534454,0.5836467731647891,-0.36998374855183463,0.47469484016044616,-0.35471009172459805,0.28848996373563524,-0.6287598257649731,0.5934435415015668,-0.41017413408616027,0.5053030991262156,-0.28974962713849,0.40360537225300913,-0.30083786471245527,0.27898973242913344,-0.4501336892539513,0.5076472081619484,-0.30039943937931773,0.43759000146459204,-0.19736796245921187,0.3454648784550516,-0.19747575947856716,0.0,0.0,0.0,0.0,0.0,0.0,0.0,0.0,0.0,0.0,0.0,0.0,0.0,0.0,0.0,0.0,0.0,0.0,0.0,0.0,0.0,0.0,0.0,0.0,0.0,0.0,0.0,0.0,0.0,0.0,0.0,0.0,0.0,0.0,0.0,0.0,0.0,0.0,0.0,0.0,0.0,0.0,pain
0.0,0.0,0.2358014912193219,-0.15199042587215467,0.44989249357961036,-0.35404861880901917,0.6129069606156238,-0.4444185883893066,0.7394515892494344,-0.4452947647602093,0.3394253001372154,-0.8625996493001862,0.6430716152863546,-0.8724267334287842,0.8364505800990656,-0.8779852758045023,1.0,-0.8865265625113439,0.28120026610083937,-0.7859195056424153,0.6679119605143649,-0.574116382052637,0.6419380883765059,-0.37848144458671645,0.5651448403987233,-0.3191291884421141,0.24608519582904895,-0.6268814578841162,0.5914328062901286,-0.3915690664270078,0.5208958320675966,-0.25702383558911496,0.4236855348363216,-0.26402675070011955,0.22789488787579007,-0.42717667544371474,0.4999021800475573,-0.25477512301050076,0.44400361780980363,-0.14864123882856023,0.35545115058808513,-0.15465793012216414,0.0,0.0,0.0,0.0,0.0,0.0,0.0,0.0,0.0,0.0,0.0,0.0,0.0,0.0,0.0,0.0,0.0,0.0,0.0,0.0,0.0,0.0,0.0,0.0,0.0,0.0,0.0,0.0,0.0,0.0,0.0,0.0,0.0,0.0,0.0,0.0,0.0,0.0,0.0,0.0,0.0,0.0,pain
0.0,0.0,0.24209111164792832,-0.15922733073684206,0.4600218600867566,-0.3614061244884156,0.6295100594362425,-0.4281834577655909,0.7478319814164709,-0.3801611496736002,0.34367403199611074,-0.8792348251920218,0.6409253159031848,-0.9196482214551066,0.8335464128322903,-0.9393853829037652,1.0,-0.9571597828043428,0.28456529421308313,-0.793407448105903,0.6401124092728018,-0.5619334183384861,0.5886543241098776,-0.3740307306659394,0.49796726124314655,-0.33064599446112924,0.25222713563169585,-0.6163618990813438,0.587395112096689,-0.3929957819136207,0.4995913746526873,-0.26516848075419,0.39327002457796,-0.2737587733571363,0.2428819202123832,-0.40388540660724614,0.5054018438852858,-0.24859757552108466,0.44143682002409634,-0.14773331449646346,0.34929619548742386,-0.14891716643866626,0.0,0.0,0.0,0.0,0.0,0.0,0.0,0.0,0.0,0.0,0.0,0.0,0.0,0.0,0.0,0.0,0.0,0.0,0.0,0.0,0.0,0.0,0.0,0.0,0.0,0.0,0.0,0.0,0.0,0.0,0.0,0.0,0.0,0.0,0.0,0.0,0.0,0.0,0.0,0.0,0.0,0.0,pain
0.0,0.0,0.2150299998732272,-0.19274461260954526,0.44237235339180575,-0.40348262941237195,0.6246261561224915,-0.4511970067135243,0.7604660891864629,-0.3899288080279769,0.3690306772020885,-0.871184727864114,0.6643277692155843,-0.8997191077369429,0.847072907026653,-0.9198901061088182,1.0,-0.9382312299314159,0.3201345964731812,-0.7610601102198783,0.6675392859794737,-0.5288942334683765,0.5927092973346928,-0.37573532740881865,0.4801745480097579,-0.35143370960702247,0.29169547729046724,-0.5601136608538327,0.6155695086105885,-0.36525266720877125,0.5149535739963671,-0.2668270040512959,0.4024505178668125,-0.2836446812479513,0.28028103714623603,-0.32926766986194445,0.5421535797916942,-0.21194960238622595,0.4674610490628775,-0.14233033726993005,0.3671615030905393,-0.14986716023536273,0.0,0.0,0.0,0.0,0.0,0.0,0.0,0.0,0.0,0.0,0.0,0.0,0.0,0.0,0.0,0.0,0.0,0.0,0.0,0.0,0.0,0.0,0.0,0.0,0.0,0.0,0.0,0.0,0.0,0.0,0.0,0.0,0.0,0.0,0.0,0.0,0.0,0.0,0.0,0.0,0.0,0.0,pain
0.0,0.0,0.26956095344067327,-0.12176122808110926,0.4720111144645597,-0.31947398163508395,0.5941979231805071,-0.4509267539139063,0.6565532765332281,-0.4982518106871683,0.32885146097928014,-0.91262414665043,0.62601493366124,-0.9604684433097184,0.8072932021240168,-0.9856822139856546,0.9604763211906594,-1.0,0.26402980569994444,-0.8601511572782167,0.6206570993012145,-0.5958920177108769,0.545219561793748,-0.40204222684235624,0.4420490823494152,-0.3736394899614789,0.2320809720114646,-0.7149138439927482,0.5657071290971109,-0.46747450542663455,0.4748396238504421,-0.32480993299249533,0.3733695412412319,-0.33003174260827184,0.22013565360852463,-0.5296842055139565,0.48563179554763175,-0.3570045565663363,0.42242668143740164,-0.24166082536383554,0.3314726945644022,-0.2414602019958699,0.0,0.0,0.0,0.0,0.0,0.0,0.0,0.0,0.0,0.0,0.0,0.0,0.0,0.0,0.0,0.0,0.0,0.0,0.0,0.0,0.0,0.0,0.0,0.0,0.0,0.0,0.0,0.0,0.0,0.0,0.0,0.0,0.0,0.0,0.0,0.0,0.0,0.0,0.0,0.0,0.0,0.0,pain
0.0,0.0,0.2618969605635418,-0.11945040568670288,0.4751937700524148,-0.30521322931092787,0.6175134683372391,-0.3859218353096166,0.7067809936263042,-0.34076258449615715,0.3560576227413845,-0.9010969703321777,0.6488506080467104,-0.9470478876851081,0.835867242880513,-0.9771610647948875,0.9955744348013084,-1.0,0.28011970649319196,-0.8380597589521238,0.6337729897894011,-0.5715445739806275,0.5472881689946887,-0.38428558878587726,0.43139161342251287,-0.3678980235810802,0.2363043215020906,-0.674667111682305,0.5789014083456034,-0.4360274756453999,0.4853260163536463,-0.29901591168339037,0.37581858964639914,-0.309592156056673,0.21974122611984012,-0.4723793514100585,0.5087729473908075,-0.3166628847121186,0.46135096843475587,-0.2087859383198828,0.37671031686673717,-0.201484222126571,0.0,0.0,0.0,0.0,0.0,0.0,0.0,0.0,0.0,0.0,0.0,0.0,0.0,0.0,0.0,0.0,0.0,0.0,0.0,0.0,0.0,0.0,0.0,0.0,0.0,0.0,0.0,0.0,0.0,0.0,0.0,0.0,0.0,0.0,0.0,0.0,0.0,0.0,0.0,0.0,0.0,0.0,pain
0.0,0.0,0.26291946019772966,-0.13168013257929523,0.47705462802155074,-0.31938985439857775,0.6217842102404523,-0.39792301710627936,0.6979389801409251,-0.3446415868183751,0.36015239067970733,-0.8868492413915527,0.6510952562630072,-0.9395103653746544,0.8389833202847117,-0.9656354281338881,1.0,-0.9817362350288593,0.28858848356469796,-0.8135994457316436,0.6355211963930165,-0.5585045219766609,0.5484411864840124,-0.38315389822604984,0.43343480789382,-0.36800656802703513,0.24798623999660868,-0.6429334096379636,0.5839942095913331,-0.4154217486742733,0.4877066418146725,-0.29217519861061986,0.3783007382737932,-0.3056722424685608,0.23527294139777896,-0.4371907576016501,0.5197598854900651,-0.28412446397984287,0.46811781249461826,-0.18697714437869353,0.38211828807382475,-0.18309269555379806,0.0,0.0,0.0,0.0,0.0,0.0,0.0,0.0,0.0,0.0,0.0,0.0,0.0,0.0,0.0,0.0,0.0,0.0,0.0,0.0,0.0,0.0,0.0,0.0,0.0,0.0,0.0,0.0,0.0,0.0,0.0,0.0,0.0,0.0,0.0,0.0,0.0,0.0,0.0,0.0,0.0,0.0,pain
0.0,0.0,0.26471841743591545,-0.13129484402460107,0.4832645093115948,-0.31420786397585226,0.6510004357701878,-0.3770114465495142,0.7398461555651684,-0.3370495644692463,0.3400108862735583,-0.8818995749245383,0.6399404926278219,-0.9298738820419584,0.8356678696903478,-0.9587560277552089,1.0,-0.9905985375360947,0.2680898101606284,-0.8086576203116794,0.6236018241691236,-0.560002043171577,0.5315788129492384,-0.3764655366438034,0.4119634080740394,-0.37278112364859367,0.22795952604804326,-0.642353350561952,0.5674422205444094,-0.41107941712145857,0.4661922145585552,-0.27682452827478105,0.35215626431616803,-0.29864336599747476,0.208697047138203,-0.4438132605027798,0.49166689279893755,-0.29775745957154054,0.44650322358203093,-0.19140942125568855,0.3678768733728453,-0.1921602868102101,0.0,0.0,0.0,0.0,0.0,0.0,0.0,0.0,0.0,0.0,0.0,0.0,0.0,0.0,0.0,0.0,0.0,0.0,0.0,0.0,0.0,0.0,0.0,0.0,0.0,0.0,0.0,0.0,0.0,0.0,0.0,0.0,0.0,0.0,0.0,0.0,0.0,0.0,0.0,0.0,0.0,0.0,pain
0.0,0.0,0.2515481502388316,-0.13921772389339623,0.46372143256289944,-0.32239587002367676,0.6324897220995693,-0.379229854632188,0.7121845628061174,-0.3120709292155123,0.3277968420482347,-0.8763353750238463,0.6382129936112568,-0.9298192866775665,0.8334921041997312,-0.9495992666305384,1.0,-0.968339293571706,0.24724806117673997,-0.7764550709143283,0.622773620370187,-0.5475831452101922,0.5308728376582088,-0.38291573295737863,0.41264647936155235,-0.3886953301413406,0.1999418633115597,-0.587359813152244,0.5595680818530194,-0.37745904916433115,0.4540671816398567,-0.2649314062279618,0.33845436523192746,-0.29726111430596874,0.17760742970916768,-0.3700001181764786,0.46747484030444103,-0.22804376949815974,0.40411183546641877,-0.14237717972294214,0.3051542287457685,-0.1517944637849716,0.0,0.0,0.0,0.0,0.0,0.0,0.0,0.0,0.0,0.0,0.0,0.0,0.0,0.0,0.0,0.0,0.0,0.0,0.0,0.0,0.0,0.0,0.0,0.0,0.0,0.0,0.0,0.0,0.0,0.0,0.0,0.0,0.0,0.0,0.0,0.0,0.0,0.0,0.0,0.0,0.0,0.0,pain
0.0,0.0,0.25915838590862805,-0.14131576181404262,0.474246952378405,-0.3232676335221611,0.6334954888909065,-0.3741717954813187,0.7234049879315729,-0.29863244585407056,0.34889715258959775,-0.8668984538022421,0.6543133842943558,-0.9128846799352182,0.8427224954952952,-0.9445067842755949,1.0,-0.9841706389315741,0.2727417801146529,-0.7779663334773683,0.6255794144693791,-0.5496069049410292,0.5334785738799833,-0.3778115743128418,0.41338938016091487,-0.37385926334185615,0.2257053917444952,-0.597093104514801,0.5672906635544052,-0.3962458470634373,0.46255397075172344,-0.27692185980733464,0.34826967726234503,-0.30290542625262434,0.20588838277803248,-0.3867517415115088,0.48132006402840216,-0.24883133850478084,0.4195484031137182,-0.1616737497490061,0.3268630339954047,-0.16895933503287125,0.0,0.0,0.0,0.0,0.0,0.0,0.0,0.0,0.0,0.0,0.0,0.0,0.0,0.0,0.0,0.0,0.0,0.0,0.0,0.0,0.0,0.0,0.0,0.0,0.0,0.0,0.0,0.0,0.0,0.0,0.0,0.0,0.0,0.0,0.0,0.0,0.0,0.0,0.0,0.0,0.0,0.0,pain
0.0,0.0,0.2722978451469589,-0.08555041698145892,0.46674381806245185,-0.2561790261747028,0.6052420734219264,-0.35898748254995555,0.7175813474127353,-0.39357721908521737,0.34383596739844036,-0.8820029084620524,0.6350161071734786,-0.9376730265619154,0.8308797733786926,-0.9635656172621153,1.0,-0.9851787801636483,0.24566474661589233,-0.8531008310515444,0.6109699094999571,-0.5813573114048687,0.5157978400520553,-0.38867563078544487,0.3967168441876613,-0.38207845860245343,0.1839429021443721,-0.7161469137258156,0.5342099478718588,-0.45483688302538283,0.4349494367220264,-0.30085114002104923,0.3245299223682276,-0.31314703454781273,0.14682885928022116,-0.5350760814660512,0.43255090172513433,-0.3621466138543527,0.36580140648450205,-0.24357598175151138,0.2663515104933177,-0.24412244654354467,0.0,0.0,0.0,0.0,0.0,0.0,0.0,0.0,0.0,0.0,0.0,0.0,0.0,0.0,0.0,0.0,0.0,0.0,0.0,0.0,0.0,0.0,0.0,0.0,0.0,0.0,0.0,0.0,0.0,0.0,0.0,0.0,0.0,0.0,0.0,0.0,0.0,0.0,0.0,0.0,0.0,0.0,pain
0.0,0.0,0.2895770813352721,-0.08106899152617135,0.5004826419788145,-0.24980603128871015,0.6386819881796285,-0.3368850469071262,0.7183343292397818,-0.3398004881675371,0.36357389866774603,-0.864486156179837,0.6383172202740164,-0.9336053511181555,0.8320488324252189,-0.9579013254179598,1.0,-0.9813934593331746,0.2752979039220251,-0.8257429410317555,0.6079317835380784,-0.5253200939696164,0.5137162864951978,-0.35389403924659485,0.3942797907637254,-0.3593290810402154,0.21285558284709996,-0.670888157161468,0.5431086088333007,-0.37627349595046833,0.4438064908962712,-0.25563069924521414,0.33326884597026707,-0.28648520048792436,0.17392843010513287,-0.4747527245122817,0.44466991003877754,-0.2596628706936953,0.37207555775377005,-0.16271377594631264,0.2755791805070193,-0.18028964463094743,0.0,0.0,0.0,0.0,0.0,0.0,0.0,0.0,0.0,0.0,0.0,0.0,0.0,0.0,0.0,0.0,0.0,0.0,0.0,0.0,0.0,0.0,0.0,0.0,0.0,0.0,0.0,0.0,0.0,0.0,0.0,0.0,0.0,0.0,0.0,0.0,0.0,0.0,0.0,0.0,0.0,0.0,pain
0.0,0.0,0.27075023668301135,-0.09924759164884886,0.48272403939704644,-0.2900816851096915,0.6201567085160302,-0.3840323974116021,0.7386449131358941,-0.4167855539273138,0.3802594187264332,-0.8759162789186822,0.6545113720489283,-0.9486522297451997,0.8374284384265281,-0.9762567776217064,0.9989463218124025,-1.0,0.28949783645269406,-0.8150988305475381,0.6108677844426829,-0.5329860410725579,0.5113711975505469,-0.3731111857412828,0.39006126514208056,-0.37188127236176377,0.21769781172344527,-0.6524676070417583,0.5330772694717948,-0.3991489366161062,0.42457153432938416,-0.2822725865274843,0.3082994004728945,-0.3057926169570345,0.16352792073647057,-0.46004706940064577,0.4124187065240683,-0.2787709353785959,0.33181615637268025,-0.17792458731756286,0.23068505520333257,-0.1906420750354566,0.0,0.0,0.0,0.0,0.0,0.0,0.0,0.0,0.0,0.0,0.0,0.0,0.0,0.0,0.0,0.0,0.0,0.0,0.0,0.0,0.0,0.0,0.0,0.0,0.0,0.0,0.0,0.0,0.0,0.0,0.0,0.0,0.0,0.0,0.0,0.0,0.0,0.0,0.0,0.0,0.0,0.0,pain
0.0,0.0,0.2844260306122062,-0.1110603056165348,0.49325594974047493,-0.3074119150259146,0.6352633734090107,-0.3988476504986395,0.749728784598605,-0.4255132050052259,0.39413809489505885,-0.863368606501334,0.663944086151964,-0.9277816324235105,0.8397183328214869,-0.9641919841062214,0.9921168703309814,-1.0,0.3112696571134643,-0.7950749001899519,0.628617711402042,-0.5557145438943043,0.5345062198816308,-0.39670876445334174,0.41477093925710234,-0.3942240977285394,0.24556608316177,-0.6403173194919957,0.5498034762585419,-0.438006554161564,0.4551261732972892,-0.3192991369385013,0.3449940158204771,-0.33513250502683717,0.19418220215278806,-0.4622400167835067,0.4299833934278922,-0.32911015819213324,0.3667455921178182,-0.220559542902207,0.279119826401922,-0.21800309129949585,0.0,0.0,0.0,0.0,0.0,0.0,0.0,0.0,0.0,0.0,0.0,0.0,0.0,0.0,0.0,0.0,0.0,0.0,0.0,0.0,0.0,0.0,0.0,0.0,0.0,0.0,0.0,0.0,0.0,0.0,0.0,0.0,0.0,0.0,0.0,0.0,0.0,0.0,0.0,0.0,0.0,0.0,pain
0.0,0.0,0.2741229859556766,-0.11731340707904428,0.4764143035541531,-0.3128148061654528,0.6211463575217953,-0.4122650662637523,0.7016240727271704,-0.4273891270329192,0.3091223622637298,-0.872965205023487,0.6084034635067526,-0.9260915664187374,0.7970781321879911,-0.9605163137648812,0.9554124151274841,-1.0,0.21344268341349884,-0.7866239648706683,0.5811464841359498,-0.5468917866335782,0.49462810140199387,-0.37513499648059545,0.3646361625031712,-0.3644332867674609,0.1507006803869516,-0.6088548781385656,0.5003827147293998,-0.40565111797953823,0.41189841277433653,-0.2792123474123584,0.29735597991618146,-0.29137738849396216,0.11205417163158282,-0.4040018513803053,0.38786540493316884,-0.2973507629440698,0.34911443950023985,-0.20548304941281514,0.27580120968101207,-0.20641811839173763,0.0,0.0,0.0,0.0,0.0,0.0,0.0,0.0,0.0,0.0,0.0,0.0,0.0,0.0,0.0,0.0,0.0,0.0,0.0,0.0,0.0,0.0,0.0,0.0,0.0,0.0,0.0,0.0,0.0,0.0,0.0,0.0,0.0,0.0,0.0,0.0,0.0,0.0,0.0,0.0,0.0,0.0,pain
0.0,0.0,0.2818349032935128,-0.12250257040652224,0.47398046823638296,-0.3197683274918531,0.6047054570223817,-0.43492564390983834,0.6803434799257736,-0.45905121234274066,0.3256703955022487,-0.8791770353218313,0.6018586638941531,-0.9189829150283582,0.7811128391279176,-0.9556553045496583,0.9318161560110927,-1.0,0.23402184973038725,-0.8207728758419924,0.5656853888935822,-0.5968023854614215,0.49336843986468254,-0.413983898401481,0.3838245542614646,-0.38920356089718217,0.17251878996546996,-0.6633413799197204,0.4941732093684527,-0.4435230079377169,0.4104266265069057,-0.3000877829581327,0.304989349193246,-0.30048534507970864,0.1401818342270166,-0.46983017911138103,0.39466560546626855,-0.3319027305400215,0.3527150410854843,-0.22450796421364408,0.2795520807487915,-0.22071017056146724,0.0,0.0,0.0,0.0,0.0,0.0,0.0,0.0,0.0,0.0,0.0,0.0,0.0,0.0,0.0,0.0,0.0,0.0,0.0,0.0,0.0,0.0,0.0,0.0,0.0,0.0,0.0,0.0,0.0,0.0,0.0,0.0,0.0,0.0,0.0,0.0,0.0,0.0,0.0,0.0,0.0,0.0,pain
0.0,0.0,0.28825622953637775,-0.14052453502519266,0.4886908989712831,-0.33618774627973513,0.6306736232432545,-0.44758514266068067,0.7079275589438938,-0.47885087002737586,0.3391911874775403,-0.894389164069222,0.6192445333727781,-0.9376613269688719,0.8045557225738045,-0.967928276322809,0.9580565983091179,-1.0,0.2415781270058292,-0.8303121242367022,0.5733989124269129,-0.5909438796473605,0.4938903414146179,-0.410988157251235,0.38505940696972485,-0.40436250777900823,0.17533229302285708,-0.6680230236432988,0.49907912311865715,-0.42771152572503024,0.40680476099732993,-0.2933020351795513,0.3008309602083464,-0.3136216263757351,0.13918500202776146,-0.4740790786989101,0.40079165983713055,-0.31975621554415745,0.35297241400448015,-0.22131428259221206,0.2752847194737504,-0.23244409441683758,0.0,0.0,0.0,0.0,0.0,0.0,0.0,0.0,0.0,0.0,0.0,0.0,0.0,0.0,0.0,0.0,0.0,0.0,0.0,0.0,0.0,0.0,0.0,0.0,0.0,0.0,0.0,0.0,0.0,0.0,0.0,0.0,0.0,0.0,0.0,0.0,0.0,0.0,0.0,0.0,0.0,0.0,pain
0.0,0.0,0.28115765522547437,-0.1549104347331069,0.4796023169320101,-0.3549567095459807,0.6227593588976158,-0.463069637340022,0.6926148115627517,-0.4811411808745724,0.34320504184140116,-0.893230249323344,0.6095820345047086,-0.9334634605797246,0.7912950953011011,-0.96733356161666,0.9394631216048606,-1.0,0.24607192391092464,-0.8380610120254136,0.5681907669457243,-0.5811467442024948,0.4868481202851874,-0.40459431695271086,0.3793994495324217,-0.4079954941356486,0.17961516865077654,-0.6788952783302771,0.498394828951386,-0.4203154622564858,0.40681576673009145,-0.2953003679559212,0.3040903182568584,-0.3270231969211077,0.14308442759824663,-0.4791567116160562,0.3957105663554078,-0.30375101994345244,0.34798901868070636,-0.21560677363206823,0.2719468434798659,-0.24087204518284805,0.0,0.0,0.0,0.0,0.0,0.0,0.0,0.0,0.0,0.0,0.0,0.0,0.0,0.0,0.0,0.0,0.0,0.0,0.0,0.0,0.0,0.0,0.0,0.0,0.0,0.0,0.0,0.0,0.0,0.0,0.0,0.0,0.0,0.0,0.0,0.0,0.0,0.0,0.0,0.0,0.0,0.0,pain
0.0,0.0,0.2816877370091506,-0.1481090362314858,0.4797637336498035,-0.34449301509988733,0.6215869823582754,-0.45702255537083347,0.6937335124069138,-0.48817229878266605,0.35654715236940454,-0.8958844992580584,0.6211204779341046,-0.9413930470445989,0.803798071638592,-0.9742789254211206,0.9544821135376879,-1.0,0.25772700281319555,-0.8449820611552307,0.5791089958712319,-0.5842807974499189,0.49358561783820176,-0.4104906175290594,0.386218647811272,-0.4173920062652854,0.18843612174026544,-0.6916622585254596,0.5073017710422907,-0.43046980194278806,0.4164279758388063,-0.30369373608859335,0.317461198338875,-0.33346328762606137,0.1491719278118216,-0.49828876817070156,0.4080121115110879,-0.3202732131570993,0.3574951353013108,-0.2241900469896403,0.27794056652056826,-0.24218556786018522,0.0,0.0,0.0,0.0,0.0,0.0,0.0,0.0,0.0,0.0,0.0,0.0,0.0,0.0,0.0,0.0,0.0,0.0,0.0,0.0,0.0,0.0,0.0,0.0,0.0,0.0,0.0,0.0,0.0,0.0,0.0,0.0,0.0,0.0,0.0,0.0,0.0,0.0,0.0,0.0,0.0,0.0,pain
0.0,0.0,0.28256112768449426,-0.15105331927233032,0.47805487282299614,-0.34179796348198005,0.6180352586604383,-0.4520728129484978,0.6935018879749048,-0.49044623816370225,0.34877984113677846,-0.8904408311772798,0.6200250935259639,-0.9340994791837409,0.8043462804403756,-0.9681724343317242,0.9547981256915727,-1.0,0.2543081867309147,-0.8376558712847724,0.5748803757472392,-0.5875987147550699,0.4931183325364769,-0.4136838479691657,0.3865796255385167,-0.4192709253567653,0.19052378797290376,-0.6857436075157963,0.5074582352873558,-0.43758847554062413,0.4186027154992756,-0.30682434063503566,0.31945699806668304,-0.3316268685501996,0.15476487485380913,-0.4944597547782646,0.40763898616024347,-0.32755800483052505,0.35995463453242127,-0.22763732148962051,0.28155386358982176,-0.2399524781240567,0.0,0.0,0.0,0.0,0.0,0.0,0.0,0.0,0.0,0.0,0.0,0.0,0.0,0.0,0.0,0.0,0.0,0.0,0.0,0.0,0.0,0.0,0.0,0.0,0.0,0.0,0.0,0.0,0.0,0.0,0.0,0.0,0.0,0.0,0.0,0.0,0.0,0.0,0.0,0.0,0.0,0.0,pain
0.0,0.0,0.27907701042928856,-0.16724214050967764,0.46849824806221163,-0.35801091538401003,0.6052571427836266,-0.46649661545045956,0.6850544193196251,-0.4899531337075575,0.33740857299140403,-0.8987598454701028,0.6050945034332235,-0.9397481781069208,0.7876632316921376,-0.9727947358456056,0.9390059551518507,-1.0,0.24629971355318628,-0.8422925780063139,0.5756315863844382,-0.6137897584596584,0.5030660251435933,-0.42123570312196795,0.39723648190393324,-0.4035374970007674,0.18360256560626953,-0.6922561154861608,0.4978698211910604,-0.46342480090349,0.4172254691721775,-0.3173013317986411,0.3188373998888863,-0.32283728796042105,0.14714497716723635,-0.5045415725263219,0.3888310186798316,-0.34944131185307437,0.3478359853446614,-0.23681790375138329,0.27384649890119267,-0.2336701836934807,0.0,0.0,0.0,0.0,0.0,0.0,0.0,0.0,0.0,0.0,0.0,0.0,0.0,0.0,0.0,0.0,0.0,0.0,0.0,0.0,0.0,0.0,0.0,0.0,0.0,0.0,0.0,0.0,0.0,0.0,0.0,0.0,0.0,0.0,0.0,0.0,0.0,0.0,0.0,0.0,0.0,0.0,pain
0.0,0.0,0.2896322216640506,-0.15269595812138595,0.4697646891860177,-0.3438987341987617,0.5994578785068264,-0.45590206875978884,0.7034654582925609,-0.4817781091345312,0.3304774026680318,-0.8804781580082338,0.6089831439982689,-0.9255400522865638,0.7909489604923031,-0.9648119979514322,0.9388891477613525,-1.0,0.2451414071328371,-0.8200271113939559,0.5764637269677091,-0.60580262981798,0.5143751879041735,-0.41284023022769356,0.41374259580426603,-0.37910120473570647,0.1933443251290621,-0.6719712826038343,0.5085450254038996,-0.46709387006318687,0.4352131942400948,-0.3131844738651226,0.3363376723904432,-0.2995345189408471,0.1688285354336472,-0.4907868708681029,0.41674236026578615,-0.3567737739073153,0.3861201237736626,-0.23616424202461814,0.3188718132356455,-0.21463449300395393,0.0,0.0,0.0,0.0,0.0,0.0,0.0,0.0,0.0,0.0,0.0,0.0,0.0,0.0,0.0,0.0,0.0,0.0,0.0,0.0,0.0,0.0,0.0,0.0,0.0,0.0,0.0,0.0,0.0,0.0,0.0,0.0,0.0,0.0,0.0,0.0,0.0,0.0,0.0,0.0,0.0,0.0,pain
0.0,0.0,0.2872241750562728,-0.1709382837839988,0.47999501516918675,-0.37447893042575514,0.613011966863408,-0.47710694107720736,0.7077870707830718,-0.4912913676113288,0.34260963412823986,-0.8996403380268919,0.6252499771682979,-0.9388871076407408,0.8073607554972091,-0.9712024122483418,0.9564992864956857,-1.0,0.25559834426021905,-0.8232154926885152,0.597642471456013,-0.6001960801836301,0.5263767189438174,-0.4181274778390813,0.4190746937772877,-0.3925943330734479,0.19848590395776386,-0.6643617727339999,0.5219889998057943,-0.4585250960184781,0.44271787492324954,-0.3192630471462116,0.3417595755286874,-0.3158039625372636,0.16851741497615805,-0.4756130175794298,0.422727112226698,-0.340496421144314,0.38164890225830056,-0.22899946577086475,0.3054662691298604,-0.21570302352766035,0.0,0.0,0.0,0.0,0.0,0.0,0.0,0.0,0.0,0.0,0.0,0.0,0.0,0.0,0.0,0.0,0.0,0.0,0.0,0.0,0.0,0.0,0.0,0.0,0.0,0.0,0.0,0.0,0.0,0.0,0.0,0.0,0.0,0.0,0.0,0.0,0.0,0.0,0.0,0.0,0.0,0.0,pain
0.0,0.0,0.3073238983522626,-0.1739460367147466,0.5027809846268977,-0.3681424510264706,0.6332634417679296,-0.47457118216373334,0.7348491209177318,-0.5136341028250186,0.34459329040972125,-0.9084093470652387,0.6371347804461804,-0.9550207849454024,0.8166759830069953,-0.9782672975920492,0.9684947227685273,-1.0,0.26499117039092124,-0.8442187735285126,0.6059699108825503,-0.622300580883326,0.5356119580741869,-0.4388197071398911,0.43152649567189444,-0.4092104002299805,0.2153498304806319,-0.6982883791393071,0.5286093023468051,-0.48610306230007894,0.44887530858000724,-0.3330316360102031,0.3479219617703024,-0.320113028122419,0.19474661075341435,-0.5236072261338176,0.4297053602799922,-0.38209437414726966,0.38546012073977065,-0.2505258979050783,0.30917891480225784,-0.22606856522274799,0.0,0.0,0.0,0.0,0.0,0.0,0.0,0.0,0.0,0.0,0.0,0.0,0.0,0.0,0.0,0.0,0.0,0.0,0.0,0.0,0.0,0.0,0.0,0.0,0.0,0.0,0.0,0.0,0.0,0.0,0.0,0.0,0.0,0.0,0.0,0.0,0.0,0.0,0.0,0.0,0.0,0.0,pain
0.0,0.0,0.2893004397771159,-0.14900091008060937,0.487915928383457,-0.3457711881873302,0.6406512579411412,-0.4247306748042652,0.7674398155334614,-0.4198560587850813,0.3488399846745125,-0.8813523289082199,0.6302895515166366,-0.9446410892309897,0.806031152998931,-0.9677173174374664,0.9514953122801698,-1.0,0.2850894350180121,-0.7947373667261447,0.6323324306939612,-0.6224092164740684,0.5665199228741726,-0.45854798274117525,0.4535475362669459,-0.4427936723180267,0.24979395993049539,-0.6328497048338103,0.5772023379674935,-0.48245537983275905,0.5048645573701215,-0.35329921093467304,0.3927891426812231,-0.35508484827403963,0.23547803632327433,-0.4528803558088114,0.4911295045226282,-0.3554126953389648,0.45514640720630173,-0.24409369105956122,0.372302075637926,-0.22996901157354652,0.0,0.0,0.0,0.0,0.0,0.0,0.0,0.0,0.0,0.0,0.0,0.0,0.0,0.0,0.0,0.0,0.0,0.0,0.0,0.0,0.0,0.0,0.0,0.0,0.0,0.0,0.0,0.0,0.0,0.0,0.0,0.0,0.0,0.0,0.0,0.0,0.0,0.0,0.0,0.0,0.0,0.0,pain
