0,1,2,3,4,5,6,7,8,9,10,11,12,13,14,15,16,17,18,19,20,21,22,23,24,25,26,27,28,29,30,31,32,33,34,35,36,37,38,39,40,41,42,43,44,45,46,47,48,49,50,51,52,53,54,55,56,57,58,59,60,61,62,63,64,65,66,67,68,69,70,71,72,73,74,75,76,77,78,79,80,81,82,83,84
0.0,0.0,0.021671987880473163,-0.342848165339871,-0.048880334128857984,-0.620932715451759,-0.15591347787136142,-0.831096637749707,-0.2209481497355125,-1.0,-0.42418216366548506,-0.5425193258066752,-0.6350548724928324,-0.6846580243181384,-0.7494229151067623,-0.7528316383258352,-0.8359854364989772,-0.8045734801588669,-0.5023208825859186,-0.3667249597879508,-0.721626535402973,-0.5197509935554424,-0.8514934901762697,-0.6023516235973616,-0.9427241383268982,-0.6615695263460672,-0.5298151670112806,-0.1824791541502279,-0.751266525419585,-0.3136305984888008,-0.8754381019317515,-0.3976641083172081,-0.9605271381904131,-0.46186350055508146,-0.5279900523277493,-0.0015455543097579964,-0.7235241444495892,-0.06104535596007835,-0.8382810204655201,-0.10329575106498684,-0.9295327153667216,-0.15322204491929314,0.0,0.0,0.0,0.0,0.0,0.0,0.0,0.0,0.0,0.0,0.0,0.0,0.0,0.0,0.0,0.0,0.0,0.0,0.0,0.0,0.0,0.0,0.0,0.0,0.0,0.0,0.0,0.0,0.0,0.0,0.0,0.0,0.0,0.0,0.0,0.0,0.0,0.0,0.0,0.0,0.0,0.0,please
0.0,0.0,0.02958895035725768,-0.3436049042291539,-0.037057715329023855,-0.6287107331525099,-0.1394706004549942,-0.8336936740298084,-0.20425144434748277,-1.0,-0.4110266781335209,-0.551970595187882,-0.6032316050323253,-0.7138997403103046,-0.7116921882828245,-0.7964766812305828,-0.7937200854367721,-0.8562693592705598,-0.494857613104912,-0.3772103435968982,-0.7134532998878738,-0.5296148645488381,-0.8437435346198852,-0.6084723815816253,-0.9361335267697812,-0.6589856721909543,-0.526501369238464,-0.19329627252796522,-0.7453391324939944,-0.3240495917566746,-0.8668821688029371,-0.40543195165043905,-0.9518562777866499,-0.46554824105844517,-0.5256946583477196,-0.009660304978432229,-0.7121247235292854,-0.06768955388403168,-0.823251940298759,-0.1125653490599469,-0.9116039536207603,-0.1627402803873392,0.0,0.0,0.0,0.0,0.0,0.0,0.0,0.0,0.0,0.0,0.0,0.0,0.0,0.0,0.0,0.0,0.0,0.0,0.0,0.0,0.0,0.0,0.0,0.0,0.0,0.0,0.0,0.0,0.0,0.0,0.0,0.0,0.0,0.0,0.0,0.0,0.0,0.0,0.0,0.0,0.0,0.0,please
0.0,0.0,0.036297065533918135,-0.3374854469120093,-0.027355517595811486,-0.6274597322027627,-0.13339878054208748,-0.8344114835349496,-0.19953585296919749,-1.0,-0.3884664812419833,-0.5518249194603219,-0.583313901991716,-0.7145205821806907,-0.6896601713578894,-0.7982675546687694,-0.7667720383062187,-0.8584478149030972,-0.47301915678458734,-0.37838028775809146,-0.6899874754624012,-0.5323173498127445,-0.8208215230932137,-0.6114269356372711,-0.9104969264449874,-0.6610019711751871,-0.50629003758178,-0.1955248973678053,-0.7265256802024508,-0.3271329998084771,-0.8477990993930479,-0.4061004748053429,-0.9296698414280015,-0.4627851353707725,-0.5072243754372052,-0.016261889020427616,-0.6908791392330834,-0.0827374955743503,-0.8044985835879145,-0.12576930757315952,-0.8933203010626052,-0.16888238409698167,0.0,0.0,0.0,0.0,0.0,0.0,0.0,0.0,0.0,0.0,0.0,0.0,0.0,0.0,0.0,0.0,0.0,0.0,0.0,0.0,0.0,0.0,0.0,0.0,0.0,0.0,0.0,0.0,0.0,0.0,0.0,0.0,0.0,0.0,0.0,0.0,0.0,0.0,0.0,0.0,0.0,0.0,please
0.0,0.0,0.03946918388480228,-0.33611221879496955,-0.025913891721582392,-0.6231088158850797,-0.1260321818499914,-0.8356188835492397,-0.18891587609562194,-1.0,-0.3856472936700202,-0.5553666363520302,-0.5752397325587076,-0.7144664650244225,-0.6779460625385172,-0.8014794540843587,-0.7523214733228571,-0.8673700502949766,-0.46697904664933954,-0.3831331358941583,-0.6760548784235969,-0.5359720989759748,-0.8015803277448275,-0.623991460414181,-0.8893301673714689,-0.6844833456010415,-0.49750101267698205,-0.20332662418414488,-0.7087312457739453,-0.33643099532356013,-0.8270125083338982,-0.41885305071896123,-0.9097161036918183,-0.48197671394594116,-0.4964654815062329,-0.02892788636582148,-0.6713073147589198,-0.09036940249693833,-0.7824170905199249,-0.13387471491369785,-0.8720043281104944,-0.18313416039227245,0.0,0.0,0.0,0.0,0.0,0.0,0.0,0.0,0.0,0.0,0.0,0.0,0.0,0.0,0.0,0.0,0.0,0.0,0.0,0.0,0.0,0.0,0.0,0.0,0.0,0.0,0.0,0.0,0.0,0.0,0.0,0.0,0.0,0.0,0.0,0.0,0.0,0.0,0.0,0.0,0.0,0.0,please
0.0,0.0,0.02917913418385476,-0.3399384465387851,-0.03467981199999683,-0.6215130850566272,-0.12759859197842385,-0.8331685945978884,-0.18825581643805045,-1.0,-0.3901427410362475,-0.5521969869034684,-0.5836681526126983,-0.7147719601746415,-0.6871601521663605,-0.8041530780291813,-0.7609172716099895,-0.872342648128349,-0.46960728606848434,-0.37910775179504547,-0.6855795703919779,-0.5346837688951637,-0.8123036885385366,-0.6246647520569919,-0.8971545571165946,-0.6853714377062037,-0.4997554638786911,-0.20137984848257026,-0.7153116806753945,-0.3371064966678986,-0.835762339379733,-0.4199274780253827,-0.9175491861853711,-0.48334819806950996,-0.49860460091942416,-0.03092511417621004,-0.6764068938610355,-0.08933244804398802,-0.7877200924014159,-0.13089804901326904,-0.876222383839407,-0.17977045259758298,0.0,0.0,0.0,0.0,0.0,0.0,0.0,0.0,0.0,0.0,0.0,0.0,0.0,0.0,0.0,0.0,0.0,0.0,0.0,0.0,0.0,0.0,0.0,0.0,0.0,0.0,0.0,0.0,0.0,0.0,0.0,0.0,0.0,0.0,0.0,0.0,0.0,0.0,0.0,0.0,0.0,0.0,please
0.0,0.0,0.04045276611800217,-0.3260244305051172,-0.021635994906381174,-0.6084505022874122,-0.10433900863085413,-0.8234585671838891,-0.15642729802386454,-1.0,-0.37220336744800264,-0.5463355185586946,-0.558365325661463,-0.7015807197094751,-0.6557458850162713,-0.7930949393953686,-0.7208636513700891,-0.861777672970806,-0.45034249870301374,-0.38058953921614863,-0.652621421496958,-0.5357856907041456,-0.7734469650521153,-0.6314544168278073,-0.8574692260529171,-0.699550818280432,-0.4850324954015941,-0.20707711172947224,-0.685157383389143,-0.3483110880535773,-0.8018138942602462,-0.43377069282648684,-0.8843412724614441,-0.5081514879969815,-0.49224751214450785,-0.03285610526812244,-0.6578169127010328,-0.09573739565155874,-0.7634734707352733,-0.1419568928925152,-0.8490494741310192,-0.19825496392019998,0.0,0.0,0.0,0.0,0.0,0.0,0.0,0.0,0.0,0.0,0.0,0.0,0.0,0.0,0.0,0.0,0.0,0.0,0.0,0.0,0.0,0.0,0.0,0.0,0.0,0.0,0.0,0.0,0.0,0.0,0.0,0.0,0.0,0.0,0.0,0.0,0.0,0.0,0.0,0.0,0.0,0.0,please
0.0,0.0,0.03804543882837397,-0.33549567929970675,-0.02804076861014605,-0.6188158901181475,-0.11593835461625625,-0.8317991716350105,-0.17215068039990242,-1.0,-0.3809835299964225,-0.5460454328409147,-0.577036147788457,-0.7066762416119438,-0.6782345003390399,-0.7979494448876827,-0.7444101454503542,-0.8629556643609959,-0.45869307984426616,-0.36990747878568336,-0.6707898431734731,-0.5331585494182435,-0.794270525384582,-0.6328912842052321,-0.8766875279726613,-0.700022303285768,-0.4887692103888406,-0.189235895417049,-0.7008104026117298,-0.3321906017845622,-0.8225717484728237,-0.42344621689870565,-0.9045273424811732,-0.4965096854637961,-0.4897322557902473,-0.014966777085394642,-0.6675085283872928,-0.07900976404919895,-0.7795518536425456,-0.12375030498620639,-0.8677130749644869,-0.1763912984254479,0.0,0.0,0.0,0.0,0.0,0.0,0.0,0.0,0.0,0.0,0.0,0.0,0.0,0.0,0.0,0.0,0.0,0.0,0.0,0.0,0.0,0.0,0.0,0.0,0.0,0.0,0.0,0.0,0.0,0.0,0.0,0.0,0.0,0.0,0.0,0.0,0.0,0.0,0.0,0.0,0.0,0.0,please
0.0,0.0,0.050481231128803795,-0.33359274717472254,-0.013832805576766615,-0.6142432842292337,-0.1084955830596928,-0.8273296708241932,-0.16468058524905516,-1.0,-0.3689268410108639,-0.5426650647058361,-0.5661748161185641,-0.7065465148423052,-0.6710786663247499,-0.7990990398949678,-0.7385817432181555,-0.8624341137654103,-0.4516313428112841,-0.36658497333120943,-0.6627246239332663,-0.5314982452957282,-0.7839244016397717,-0.6296802530945727,-0.8612699658773771,-0.6971515431611535,-0.4874083092908252,-0.1856657840167263,-0.6948557485226269,-0.3328470067880947,-0.8121350318689725,-0.42390840822285925,-0.888637173729652,-0.4977906369580078,-0.4937306734307129,-0.008070282459886096,-0.6653943602311795,-0.07208752306330722,-0.771116453361582,-0.11691409199321977,-0.8531627178379815,-0.17335535315164602,0.0,0.0,0.0,0.0,0.0,0.0,0.0,0.0,0.0,0.0,0.0,0.0,0.0,0.0,0.0,0.0,0.0,0.0,0.0,0.0,0.0,0.0,0.0,0.0,0.0,0.0,0.0,0.0,0.0,0.0,0.0,0.0,0.0,0.0,0.0,0.0,0.0,0.0,0.0,0.0,0.0,0.0,please
0.0,0.0,0.04334039035535567,-0.33748762880492295,-0.025455941420295253,-0.6231329039181813,-0.12917507765221653,-0.8370159714179904,-0.1941030696261919,-1.0,-0.3838613255927292,-0.5437217835071187,-0.5841321539758006,-0.7143861211424527,-0.6836261747729658,-0.8045904180054673,-0.7473875104267679,-0.8701679200194656,-0.46811852942792453,-0.36713996522151127,-0.6837494407541952,-0.530776179660792,-0.8066179739282638,-0.6260563234556431,-0.8856325382231575,-0.6938989939640698,-0.5022145063545308,-0.18504988793677365,-0.7142617848343241,-0.3268385897087355,-0.8319053388619285,-0.4168281076406356,-0.9090204296863015,-0.48795061654397154,-0.5042929028050414,-0.006586078186666438,-0.6767726932493056,-0.07424108471209277,-0.7857410693707405,-0.11920979905682794,-0.8704069596936296,-0.1707453257040432,0.0,0.0,0.0,0.0,0.0,0.0,0.0,0.0,0.0,0.0,0.0,0.0,0.0,0.0,0.0,0.0,0.0,0.0,0.0,0.0,0.0,0.0,0.0,0.0,0.0,0.0,0.0,0.0,0.0,0.0,0.0,0.0,0.0,0.0,0.0,0.0,0.0,0.0,0.0,0.0,0.0,0.0,please
0.0,0.0,0.04758904822603145,-0.32774028714266323,-0.018930749674337517,-0.6167424796802001,-0.12042183610676972,-0.8348971662116953,-0.18375951627053141,-1.0,-0.38207432660274215,-0.5514130463679013,-0.580155821278108,-0.7234814193987102,-0.6789712983264237,-0.8114722043047613,-0.7403703947267164,-0.8751065136694292,-0.46728963462838097,-0.3781231766748706,-0.6799176784007769,-0.5415308865155444,-0.8019470139093909,-0.6342341579718398,-0.879039648970123,-0.6995653402770685,-0.5017038689122804,-0.1999850985802375,-0.7125967367989512,-0.3374450991119313,-0.8273785954047659,-0.4243648007477295,-0.9010482764024474,-0.4915792986398432,-0.5055079285347497,-0.028518379117304257,-0.6806148269826234,-0.09022949585628595,-0.7887517367499793,-0.12957693959817937,-0.872031084501544,-0.17585074514094784,0.0,0.0,0.0,0.0,0.0,0.0,0.0,0.0,0.0,0.0,0.0,0.0,0.0,0.0,0.0,0.0,0.0,0.0,0.0,0.0,0.0,0.0,0.0,0.0,0.0,0.0,0.0,0.0,0.0,0.0,0.0,0.0,0.0,0.0,0.0,0.0,0.0,0.0,0.0,0.0,0.0,0.0,please
0.0,0.0,0.04486185689431194,-0.33386823856047915,-0.022587785632723987,-0.6203989436177373,-0.12370452457534514,-0.836025989867096,-0.1855767887860096,-1.0,-0.3889921346824221,-0.5585656305202675,-0.5905611627223109,-0.729486975239023,-0.6894857610872063,-0.8182098910561928,-0.7500731649288388,-0.8835614371346578,-0.47409680790363706,-0.38343405646718315,-0.6891709939832812,-0.5491994668961157,-0.8122661617292329,-0.6426484511142475,-0.8894413006724156,-0.7084593395996668,-0.5085613494069254,-0.20412839690552706,-0.7205643630299895,-0.3462203032852983,-0.8352431075829746,-0.43397716131305253,-0.9083241687095531,-0.4997448877541209,-0.511760077986445,-0.03103280806645972,-0.686928497687146,-0.09564498481608408,-0.796478152636429,-0.1364520659179163,-0.8814731661921181,-0.18255649841423352,0.0,0.0,0.0,0.0,0.0,0.0,0.0,0.0,0.0,0.0,0.0,0.0,0.0,0.0,0.0,0.0,0.0,0.0,0.0,0.0,0.0,0.0,0.0,0.0,0.0,0.0,0.0,0.0,0.0,0.0,0.0,0.0,0.0,0.0,0.0,0.0,0.0,0.0,0.0,0.0,0.0,0.0,please
0.0,0.0,0.05641506644713031,-0.32800560480397206,0.004168557024228862,-0.6125864042085731,-0.08867916893934373,-0.8209677398800026,-0.14909712062435324,-1.0,-0.346779882092664,-0.5450127057516146,-0.5307932874889765,-0.7313122224997579,-0.6197450183768243,-0.8401251331746282,-0.6746499227714596,-0.9219657212330059,-0.4304704186653481,-0.3784399197638795,-0.6316147646695994,-0.5597527157428978,-0.7419843529369784,-0.6695911984951904,-0.8119767001748475,-0.7501118284557861,-0.46509486621366053,-0.21673947729277007,-0.6652658904731077,-0.3694448975638601,-0.7691812882638106,-0.47023292178762405,-0.8404016776179966,-0.5533721217713118,-0.46532250562009675,-0.06520937090599528,-0.6320486973099999,-0.13288533983106576,-0.7295909882194616,-0.1872909986695281,-0.8048099617170734,-0.24807757007916562,0.0,0.0,0.0,0.0,0.0,0.0,0.0,0.0,0.0,0.0,0.0,0.0,0.0,0.0,0.0,0.0,0.0,0.0,0.0,0.0,0.0,0.0,0.0,0.0,0.0,0.0,0.0,0.0,0.0,0.0,0.0,0.0,0.0,0.0,0.0,0.0,0.0,0.0,0.0,0.0,0.0,0.0,please
0.0,0.0,0.055836025941953624,-0.3201250208662328,0.0014450737263236005,-0.6121061004967325,-0.09664635118884103,-0.8250754668538924,-0.15552815029014516,-1.0,-0.3561382030604221,-0.5425660309808198,-0.5349640636241247,-0.7245545775482122,-0.6270618083366446,-0.8258847205287496,-0.685940974963308,-0.9006435935942291,-0.4396958903354423,-0.3750898525535469,-0.6359783096477718,-0.5493290131843621,-0.7484535760000074,-0.6583246126158715,-0.8239651819612928,-0.7395627800294899,-0.4713927432274944,-0.20890730313502953,-0.6662588911830991,-0.36226598461829584,-0.7696250210210842,-0.4651461906078879,-0.8390156588882719,-0.5478687640159918,-0.4713701349158739,-0.05143359923391891,-0.6397323733369341,-0.12149396962000383,-0.7398012512616522,-0.17677407885841034,-0.8167851848043653,-0.23694099013875,0.0,0.0,0.0,0.0,0.0,0.0,0.0,0.0,0.0,0.0,0.0,0.0,0.0,0.0,0.0,0.0,0.0,0.0,0.0,0.0,0.0,0.0,0.0,0.0,0.0,0.0,0.0,0.0,0.0,0.0,0.0,0.0,0.0,0.0,0.0,0.0,0.0,0.0,0.0,0.0,0.0,0.0,please
0.0,0.0,0.050482060518556866,-0.3233144592633644,-0.010385599801658195,-0.6129226612803255,-0.10312953469887777,-0.8260173524772065,-0.15517450918910772,-1.0,-0.36020867818313074,-0.5462101766846292,-0.5389970431028825,-0.7246670604334838,-0.6278153112094718,-0.8234742751166109,-0.6829662126194973,-0.8953938397369055,-0.44358743446334686,-0.3799977394867906,-0.6366279705695764,-0.5519893731572564,-0.7462903580604311,-0.6589140786221078,-0.8200555527197863,-0.7362330491892536,-0.48000311732063555,-0.2073027337625878,-0.6714596231019588,-0.3626382741346245,-0.7740533493270719,-0.4624931030040519,-0.8446050603897319,-0.5464976021545365,-0.4862833334548663,-0.038905437628065365,-0.6470155452819686,-0.11817197401139007,-0.7386744946051516,-0.1772415540663716,-0.8086891818643643,-0.2424883510649934,0.0,0.0,0.0,0.0,0.0,0.0,0.0,0.0,0.0,0.0,0.0,0.0,0.0,0.0,0.0,0.0,0.0,0.0,0.0,0.0,0.0,0.0,0.0,0.0,0.0,0.0,0.0,0.0,0.0,0.0,0.0,0.0,0.0,0.0,0.0,0.0,0.0,0.0,0.0,0.0,0.0,0.0,please
0.0,0.0,0.04605726360618459,-0.32461789164581123,-0.010715272373746,-0.6125880876008991,-0.10277346208410798,-0.8272987433121811,-0.1558781856673177,-1.0,-0.35483241702043306,-0.5533427269339354,-0.5382075214481691,-0.7349510330701137,-0.629682452314221,-0.8327047333443598,-0.6866526214562733,-0.9049637557049253,-0.4396202069062547,-0.3874836146743828,-0.6374829368167383,-0.560079125569664,-0.7503248444467341,-0.6619496812713356,-0.8226016417410879,-0.7362181749601796,-0.47705361492443693,-0.21743775233250814,-0.6697873726267827,-0.37092099162439096,-0.7759129160803198,-0.46895186035770997,-0.8442753114303971,-0.5497606258704822,-0.48520357270143744,-0.05103303998667181,-0.6467082780879353,-0.13154083670529854,-0.7395699550595445,-0.18898671127873778,-0.8078273577922448,-0.25165028209422463,0.0,0.0,0.0,0.0,0.0,0.0,0.0,0.0,0.0,0.0,0.0,0.0,0.0,0.0,0.0,0.0,0.0,0.0,0.0,0.0,0.0,0.0,0.0,0.0,0.0,0.0,0.0,0.0,0.0,0.0,0.0,0.0,0.0,0.0,0.0,0.0,0.0,0.0,0.0,0.0,0.0,0.0,please
0.0,0.0,0.05582287861181674,-0.32163644384726064,0.007360450732815667,-0.6150155847675837,-0.08364824847972827,-0.8230432538572661,-0.14426564171469927,-1.0,-0.34777963917154203,-0.5485278810194543,-0.5270511774356786,-0.7256694529905166,-0.6208437976661775,-0.8264249033340734,-0.6832422660050229,-0.9038830724338477,-0.4331184240498482,-0.38598524276771634,-0.6289138527102502,-0.5562810505949892,-0.7439029102138617,-0.6648389766242904,-0.8208218838394178,-0.7465328577648473,-0.47191613347827216,-0.21802239247087046,-0.6642774348135739,-0.36396732533094206,-0.7687157055819707,-0.46410428674818993,-0.8414138166677719,-0.5507403125027032,-0.47889885903930934,-0.05312113444421057,-0.640411691603256,-0.12672996686975402,-0.7344260451597835,-0.1825306433149853,-0.8069153982117164,-0.24538324687944224,0.0,0.0,0.0,0.0,0.0,0.0,0.0,0.0,0.0,0.0,0.0,0.0,0.0,0.0,0.0,0.0,0.0,0.0,0.0,0.0,0.0,0.0,0.0,0.0,0.0,0.0,0.0,0.0,0.0,0.0,0.0,0.0,0.0,0.0,0.0,0.0,0.0,0.0,0.0,0.0,0.0,0.0,please
0.0,0.0,0.06752006178516926,-0.3068191674738464,0.030640159124738747,-0.605286273342981,-0.04922538938647445,-0.8144691370887982,-0.10831752764797707,-1.0,-0.3159662351354276,-0.5424556865691642,-0.48461305453384396,-0.7211458184238928,-0.5704247005333966,-0.8282316976071405,-0.6283356754302176,-0.9144978437760062,-0.40126994195019106,-0.39419437461716583,-0.5799204644844035,-0.5617640890353076,-0.682215629918437,-0.6744052089881739,-0.751169683375176,-0.7639386541585356,-0.4421213839040074,-0.2417301780861904,-0.6169177181486685,-0.38200866786201776,-0.7090330196722712,-0.4804548814929411,-0.774413775342916,-0.5694824015117602,-0.45315868890195177,-0.09012906193581893,-0.6011909381393716,-0.15291775681810674,-0.6851061704339382,-0.20911626637979672,-0.747392162617878,-0.27416363241368996,0.0,0.0,0.0,0.0,0.0,0.0,0.0,0.0,0.0,0.0,0.0,0.0,0.0,0.0,0.0,0.0,0.0,0.0,0.0,0.0,0.0,0.0,0.0,0.0,0.0,0.0,0.0,0.0,0.0,0.0,0.0,0.0,0.0,0.0,0.0,0.0,0.0,0.0,0.0,0.0,0.0,0.0,please
0.0,0.0,0.05743066137799766,-0.31179248461057985,0.012420516292130156,-0.5976578930485963,-0.06514463088878683,-0.8166690780091205,-0.12398290783204924,-1.0,-0.33359858100325623,-0.5503696332978925,-0.5022446958742423,-0.7279299756888364,-0.5870348782119954,-0.8307930131374769,-0.6402549061871469,-0.9086604057658554,-0.4181074549671731,-0.39643570479692514,-0.5961105627804864,-0.5685733451189373,-0.6970681923172214,-0.6800251459622719,-0.7634524053342295,-0.7644125580567604,-0.4599146304244133,-0.23721623890167332,-0.6384688127525031,-0.39015001950100514,-0.7302541250732462,-0.48806439170151034,-0.793908868434382,-0.5743839198979774,-0.47229219887320967,-0.08193347969600442,-0.6237287102843174,-0.1559385190885716,-0.7042641034677968,-0.2121389931790772,-0.7627801373740454,-0.27701224738279867,0.0,0.0,0.0,0.0,0.0,0.0,0.0,0.0,0.0,0.0,0.0,0.0,0.0,0.0,0.0,0.0,0.0,0.0,0.0,0.0,0.0,0.0,0.0,0.0,0.0,0.0,0.0,0.0,0.0,0.0,0.0,0.0,0.0,0.0,0.0,0.0,0.0,0.0,0.0,0.0,0.0,0.0,please
0.0,0.0,0.058531583395118464,-0.29892641946268617,0.01309227789876264,-0.578248531699738,-0.06381725280571476,-0.8086132878397345,-0.11614696646468835,-1.0,-0.34998561578709675,-0.5197084870029117,-0.5151241801791893,-0.7355568224004502,-0.5991435840593307,-0.8659668993877191,-0.6573664621499533,-0.9620587298951538,-0.43874943018421314,-0.3669584581816028,-0.6139938295957296,-0.5703229361563056,-0.7095845923926551,-0.699639125482162,-0.773275718919788,-0.795313972464809,-0.476564441802638,-0.21321739939776685,-0.6534142410053718,-0.38788061314822825,-0.7444288938646043,-0.5100604877305837,-0.8070663239134367,-0.6116754329277901,-0.4801138256612243,-0.06991414951754715,-0.6312218331198618,-0.14148644975414632,-0.7136877948895853,-0.20585633132765227,-0.7735478026528296,-0.2807079148073838,0.0,0.0,0.0,0.0,0.0,0.0,0.0,0.0,0.0,0.0,0.0,0.0,0.0,0.0,0.0,0.0,0.0,0.0,0.0,0.0,0.0,0.0,0.0,0.0,0.0,0.0,0.0,0.0,0.0,0.0,0.0,0.0,0.0,0.0,0.0,0.0,0.0,0.0,0.0,0.0,0.0,0.0,please
0.0,0.0,0.062061392341561765,-0.2799314512855909,0.011180761185172786,-0.5651217828715942,-0.06309975713507111,-0.8024185152114518,-0.1146099867551138,-1.0,-0.3480717775020457,-0.5062349784991179,-0.49666634230896634,-0.7257506906046011,-0.5739971675001652,-0.865566926001572,-0.6220284086927191,-0.9731482242424273,-0.43348944518195204,-0.36885193003755656,-0.591377740423423,-0.5762833851045196,-0.6799756681306459,-0.7102795845734133,-0.7428438792441491,-0.8186065694030524,-0.4698972525558294,-0.23381408858595337,-0.63077699130839,-0.4012547601173133,-0.7102369811138107,-0.5216170962389464,-0.7678494630703633,-0.6268405828959966,-0.47290911547655123,-0.10246989145445186,-0.613651534959794,-0.16861188853321582,-0.6878121837827537,-0.23934220258373595,-0.7406214407834599,-0.32155377085993947,0.0,0.0,0.0,0.0,0.0,0.0,0.0,0.0,0.0,0.0,0.0,0.0,0.0,0.0,0.0,0.0,0.0,0.0,0.0,0.0,0.0,0.0,0.0,0.0,0.0,0.0,0.0,0.0,0.0,0.0,0.0,0.0,0.0,0.0,0.0,0.0,0.0,0.0,0.0,0.0,0.0,0.0,please
0.0,0.0,0.05727231072050277,-0.28922664305639884,0.004310046120699909,-0.5662016671303906,-0.07337757845121745,-0.8016054844224983,-0.12523905913358455,-1.0,-0.3691678104614035,-0.5027091644592376,-0.5222420669603469,-0.7297737096495592,-0.5974042496413466,-0.8625974983735187,-0.6454252692615207,-0.9640358870554845,-0.45601066289067876,-0.35683473812358363,-0.6172237903788849,-0.5675431909649352,-0.7036121848013728,-0.7015471483050979,-0.7620298848482279,-0.8074784006388012,-0.4900169216113594,-0.21448737136834398,-0.6564865056355379,-0.38456404612690587,-0.7369209183594312,-0.5096823474288149,-0.794943504987014,-0.6186498705538104,-0.4928557649840558,-0.08180554420667535,-0.6427714413675475,-0.14440930026654641,-0.7179567671447677,-0.21549273849801048,-0.7697141685396629,-0.30046436170047713,0.0,0.0,0.0,0.0,0.0,0.0,0.0,0.0,0.0,0.0,0.0,0.0,0.0,0.0,0.0,0.0,0.0,0.0,0.0,0.0,0.0,0.0,0.0,0.0,0.0,0.0,0.0,0.0,0.0,0.0,0.0,0.0,0.0,0.0,0.0,0.0,0.0,0.0,0.0,0.0,0.0,0.0,please
0.0,0.0,0.06515798000348502,-0.2759726284161498,0.013174340788463622,-0.5597166296971324,-0.06057882045992927,-0.799737210189463,-0.11253326080711322,-0.988332462076793,-0.33219575486137604,-0.500779656866208,-0.4842071800957911,-0.7411185992078629,-0.5610179808511941,-0.8881056999015715,-0.6088835200648026,-1.0,-0.41679123280445707,-0.35794044372860123,-0.5792047547059627,-0.5872448042498482,-0.6670982918662315,-0.7325506152954973,-0.7254206756241258,-0.8466374207038811,-0.45506682773138923,-0.22108958871981801,-0.6175148466823964,-0.41179940377795676,-0.7011214484522246,-0.5439407639742485,-0.7568725657798688,-0.6527147882846607,-0.4625274916759679,-0.09811620207500342,-0.6067415240867112,-0.18286473859949043,-0.6810837253987765,-0.2603194450331313,-0.7308586115467394,-0.3446460108224191,0.0,0.0,0.0,0.0,0.0,0.0,0.0,0.0,0.0,0.0,0.0,0.0,0.0,0.0,0.0,0.0,0.0,0.0,0.0,0.0,0.0,0.0,0.0,0.0,0.0,0.0,0.0,0.0,0.0,0.0,0.0,0.0,0.0,0.0,0.0,0.0,0.0,0.0,0.0,0.0,0.0,0.0,please
0.0,0.0,0.07575540069325207,-0.28883947998657755,0.027547766717365127,-0.5653238297568345,-0.046353823579720045,-0.8062549536919245,-0.10086432275862131,-0.9986059237648082,-0.32587501045106454,-0.506839785123859,-0.47722546828093454,-0.7508813261617809,-0.5515072407003554,-0.894994914754244,-0.5947349846653868,-1.0,-0.41003205293613504,-0.3560999398965192,-0.5742374892024447,-0.586682312652132,-0.6608020513157975,-0.7294777712899172,-0.7153133392542886,-0.8395374533476873,-0.4472417865900503,-0.2131352359867281,-0.6062939184156659,-0.40065516625136594,-0.6846402816818248,-0.5343201692362576,-0.7354038347688382,-0.6451981330285866,-0.45559046880940346,-0.09432978759605683,-0.5907359735445527,-0.19106348906227077,-0.6616572920711407,-0.2716925225816237,-0.7110096415718672,-0.35834362288998356,0.0,0.0,0.0,0.0,0.0,0.0,0.0,0.0,0.0,0.0,0.0,0.0,0.0,0.0,0.0,0.0,0.0,0.0,0.0,0.0,0.0,0.0,0.0,0.0,0.0,0.0,0.0,0.0,0.0,0.0,0.0,0.0,0.0,0.0,0.0,0.0,0.0,0.0,0.0,0.0,0.0,0.0,please
0.0,0.0,0.07374736034206736,-0.293456835344283,0.024939937822603637,-0.568931035130098,-0.05484551043136933,-0.8061691048803712,-0.10675252549286349,-1.0,-0.3376847760552847,-0.502217596438923,-0.4732387691477523,-0.7395141676013067,-0.548614782608316,-0.8796088962311557,-0.5980665938164007,-0.9830206200014582,-0.421956715067126,-0.3533974258505516,-0.5800055925603667,-0.570406667763932,-0.6712297040483414,-0.7050834671080176,-0.736359893702061,-0.8116955237251604,-0.45693008164439614,-0.20824188849543537,-0.6186840849527819,-0.3825715125190839,-0.7012006541680291,-0.5118155389355276,-0.7568071195345383,-0.6162890196778668,-0.4594216305915235,-0.08366029365089413,-0.6021465215889856,-0.16667641690201843,-0.6779626053734856,-0.24186295563977625,-0.7327711158445835,-0.3210714664601363,0.0,0.0,0.0,0.0,0.0,0.0,0.0,0.0,0.0,0.0,0.0,0.0,0.0,0.0,0.0,0.0,0.0,0.0,0.0,0.0,0.0,0.0,0.0,0.0,0.0,0.0,0.0,0.0,0.0,0.0,0.0,0.0,0.0,0.0,0.0,0.0,0.0,0.0,0.0,0.0,0.0,0.0,please
0.0,0.0,0.06900093119970098,-0.2931560581145945,0.015977539506174164,-0.5690878216908309,-0.062297797019946144,-0.8070343706131848,-0.11795604350754035,-1.0,-0.3366271882387437,-0.5164676276533016,-0.4737496200554853,-0.7518534311003515,-0.5453754174019421,-0.887653280089189,-0.5901806226686444,-0.9853985309170116,-0.42080860785107677,-0.36805243932433784,-0.5762887771640189,-0.5845281223383746,-0.6611286956652492,-0.7156223518001583,-0.7202444103851858,-0.8207149508569292,-0.45762579519836055,-0.22279495240355854,-0.6139833544025769,-0.4045599786049619,-0.6900196228587508,-0.5310151795217694,-0.7404249149085395,-0.6314878680897088,-0.4625094919000663,-0.09572732926125897,-0.6031294539432065,-0.17992818914416625,-0.6732704871989578,-0.2559729425803146,-0.7199576395430141,-0.3317781832906041,0.0,0.0,0.0,0.0,0.0,0.0,0.0,0.0,0.0,0.0,0.0,0.0,0.0,0.0,0.0,0.0,0.0,0.0,0.0,0.0,0.0,0.0,0.0,0.0,0.0,0.0,0.0,0.0,0.0,0.0,0.0,0.0,0.0,0.0,0.0,0.0,0.0,0.0,0.0,0.0,0.0,0.0,please
0.0,0.0,0.06626644896450927,-0.2864915613575563,0.0294650095198786,-0.5728235752282291,-0.04414782784465965,-0.800045046209444,-0.08041511162603256,-1.0,-0.3114286428632269,-0.5164732250500996,-0.46838883311671886,-0.7296865114359317,-0.5452407175356884,-0.8613667943752836,-0.5952946628081459,-0.960893067587536,-0.4027222233758045,-0.37245439124264396,-0.57121750623676,-0.5807827276814678,-0.6612812150526379,-0.7153179147885053,-0.7188004147810894,-0.8139313983945243,-0.451223705917326,-0.22994119414407752,-0.6187890366933794,-0.41158929213886436,-0.6928247914335077,-0.5347313478817476,-0.7358101262014265,-0.6348841575066351,-0.4733181724375678,-0.09208983476982574,-0.6197046867127243,-0.19404406900757226,-0.6755788310784097,-0.28547155923025647,-0.7015604930758933,-0.3751186012028991,0.0,0.0,0.0,0.0,0.0,0.0,0.0,0.0,0.0,0.0,0.0,0.0,0.0,0.0,0.0,0.0,0.0,0.0,0.0,0.0,0.0,0.0,0.0,0.0,0.0,0.0,0.0,0.0,0.0,0.0,0.0,0.0,0.0,0.0,0.0,0.0,0.0,0.0,0.0,0.0,0.0,0.0,please
0.0,0.0,0.04490816743684304,-0.2884227401441325,0.011618997065553104,-0.5791750586996398,-0.047568218934138685,-0.8004747340055521,-0.0900085400752126,-1.0,-0.3404771740270414,-0.522192209482266,-0.4800655595247523,-0.7260878964232281,-0.5550308320259242,-0.8579710579205452,-0.6058234109360051,-0.9597901581519191,-0.42678672713924604,-0.3793734709733759,-0.5971450678390186,-0.5707674723731777,-0.6859339182250342,-0.7029173239385371,-0.7387649852635544,-0.7974812129047172,-0.4741486144316569,-0.22939540976308248,-0.6529316644157112,-0.40329039038203457,-0.7104407235305826,-0.5339871449394168,-0.7296548225740515,-0.6331327093442122,-0.495081002292336,-0.07786151379789345,-0.65709125894407,-0.17715390756599295,-0.7016251827340655,-0.27240014640128934,-0.705665130594659,-0.3586974994060474,0.0,0.0,0.0,0.0,0.0,0.0,0.0,0.0,0.0,0.0,0.0,0.0,0.0,0.0,0.0,0.0,0.0,0.0,0.0,0.0,0.0,0.0,0.0,0.0,0.0,0.0,0.0,0.0,0.0,0.0,0.0,0.0,0.0,0.0,0.0,0.0,0.0,0.0,0.0,0.0,0.0,0.0,please
0.0,0.0,0.05946558242180813,-0.27835222160287326,0.02383830606839243,-0.5788110551823065,-0.038304086663130475,-0.8063751388264621,-0.07878132924281918,-1.0,-0.3226311166918107,-0.49914511571190884,-0.4689933152475939,-0.7092847390821473,-0.5452165271163815,-0.8378515355872201,-0.5984984816580412,-0.9364640720910955,-0.4109645919788031,-0.3589550552227843,-0.5834144647686479,-0.5570038108232778,-0.6703392256751162,-0.6897893716906175,-0.7236228667949028,-0.783397830891871,-0.461087480277577,-0.21593217594720335,-0.6360813453496403,-0.41169920216421707,-0.693602514013356,-0.5447295276822285,-0.7225514680397661,-0.6433582975005755,-0.4852991525788201,-0.07704942432872082,-0.6422706654309671,-0.19946126478180318,-0.6804998047785819,-0.2966973427118321,-0.6838825534455526,-0.377632010578218,0.0,0.0,0.0,0.0,0.0,0.0,0.0,0.0,0.0,0.0,0.0,0.0,0.0,0.0,0.0,0.0,0.0,0.0,0.0,0.0,0.0,0.0,0.0,0.0,0.0,0.0,0.0,0.0,0.0,0.0,0.0,0.0,0.0,0.0,0.0,0.0,0.0,0.0,0.0,0.0,0.0,0.0,please
0.0,0.0,0.02937576499388005,-0.3095993257622121,-0.026458573842772896,-0.5964063977829086,-0.09786770995604763,-0.8157347070768889,-0.1434991602453544,-1.0,-0.38070202966785355,-0.571209411858796,-0.5330729456437076,-0.7544749968704796,-0.6130839163513965,-0.8636926515383332,-0.6650568833801602,-0.9422636081979526,-0.462618204594136,-0.42818772080505174,-0.6344255069823078,-0.60632697750918,-0.7218234498442194,-0.7089335202932013,-0.7811257971583955,-0.7876926828335373,-0.5055482702445199,-0.27462237120284855,-0.6737106593204073,-0.43887329441137196,-0.7490409323884499,-0.5316959566596194,-0.7957218586569489,-0.6006690653861133,-0.5183246460164682,-0.11399886641815957,-0.6802093040642039,-0.20519135278735953,-0.7433003270348837,-0.26267412303883386,-0.7811017824357405,-0.31242980311839325,0.0,0.0,0.0,0.0,0.0,0.0,0.0,0.0,0.0,0.0,0.0,0.0,0.0,0.0,0.0,0.0,0.0,0.0,0.0,0.0,0.0,0.0,0.0,0.0,0.0,0.0,0.0,0.0,0.0,0.0,0.0,0.0,0.0,0.0,0.0,0.0,0.0,0.0,0.0,0.0,0.0,0.0,please
0.0,0.0,0.029288081260209355,-0.3083793445433834,-0.025598845479560407,-0.5874927967557175,-0.09683292193173337,-0.8100159956074622,-0.13382534745796448,-1.0,-0.37748611179696173,-0.5399064627866641,-0.5236609035636508,-0.7367631616787622,-0.6009864936858357,-0.8474963600366944,-0.6522298677344037,-0.9270101701434036,-0.46352270569191717,-0.39240403342522884,-0.6466916632930068,-0.5726048954433729,-0.734308565775056,-0.6662487026546443,-0.7855003831941051,-0.7289315573778515,-0.5066911586036377,-0.23806567357431235,-0.6889401457986677,-0.3975242375981833,-0.7653675193669107,-0.4905704664917802,-0.8048501083450604,-0.5574513795966706,-0.5210905771666783,-0.08334314069499642,-0.6709737481038799,-0.17312759700205813,-0.7412827419947455,-0.23682831446585484,-0.7827341633588122,-0.2910645834887827,0.0,0.0,0.0,0.0,0.0,0.0,0.0,0.0,0.0,0.0,0.0,0.0,0.0,0.0,0.0,0.0,0.0,0.0,0.0,0.0,0.0,0.0,0.0,0.0,0.0,0.0,0.0,0.0,0.0,0.0,0.0,0.0,0.0,0.0,0.0,0.0,0.0,0.0,0.0,0.0,0.0,0.0,please
0.0,0.0,0.028253188994340313,-0.3029178097717827,-0.02471258516867829,-0.5861663376253978,-0.09771671753664646,-0.8136938836030096,-0.14261471474328904,-1.0,-0.38309131555068776,-0.5332708742694163,-0.5299566180102574,-0.729445567125417,-0.6055097943841405,-0.8358677384961428,-0.6532662475077924,-0.9135086135174634,-0.47161583771999577,-0.38924994338538327,-0.6576899506338286,-0.5665531712724682,-0.7473951176796635,-0.6620192775819648,-0.7922534125693986,-0.7255877883658016,-0.5147358808912749,-0.23476024347501293,-0.7040191165546906,-0.3939301589667461,-0.7770080555779204,-0.4823693987849317,-0.8109156086221011,-0.5463919355056933,-0.5277145461082525,-0.07465344202452538,-0.6896792607295511,-0.1575248200475851,-0.7545482996429231,-0.21159028184874393,-0.7859222238265803,-0.25976383110057705,0.0,0.0,0.0,0.0,0.0,0.0,0.0,0.0,0.0,0.0,0.0,0.0,0.0,0.0,0.0,0.0,0.0,0.0,0.0,0.0,0.0,0.0,0.0,0.0,0.0,0.0,0.0,0.0,0.0,0.0,0.0,0.0,0.0,0.0,0.0,0.0,0.0,0.0,0.0,0.0,0.0,0.0,please
0.0,0.0,-0.0003275448440574373,-0.3180847153038922,-0.06563034211429963,-0.6027444810091549,-0.144755951135714,-0.8135314692319843,-0.18814865410751952,-1.0,-0.43571594640192224,-0.552770130146659,-0.5919689312300264,-0.7190797434247586,-0.6649453866729784,-0.8145612786083397,-0.7131649498129546,-0.8925850929356078,-0.5061755947874244,-0.40657051229784125,-0.6886463778339268,-0.5514121935207623,-0.7790730993430001,-0.6326344622836538,-0.8371456819758548,-0.6973956224540144,-0.538082213289934,-0.2520576385740664,-0.7166652067702541,-0.37450047081659305,-0.8019501032255479,-0.44313183190752703,-0.8516154297383695,-0.5014436667131038,-0.5418905627481339,-0.07865316169300149,-0.7016675666772743,-0.13141304150314662,-0.7842138760669086,-0.17530335172026273,-0.8400591071677341,-0.22213364481931686,0.0,0.0,0.0,0.0,0.0,0.0,0.0,0.0,0.0,0.0,0.0,0.0,0.0,0.0,0.0,0.0,0.0,0.0,0.0,0.0,0.0,0.0,0.0,0.0,0.0,0.0,0.0,0.0,0.0,0.0,0.0,0.0,0.0,0.0,0.0,0.0,0.0,0.0,0.0,0.0,0.0,0.0,please
0.0,0.0,0.028807917860713385,-0.3299872973957647,-0.028193910692691945,-0.6172082012663466,-0.10557608065664463,-0.8291042160329082,-0.16024781301674476,-1.0,-0.3873962769340391,-0.5487338548288602,-0.5494931332841038,-0.7174557495255949,-0.6336514835916541,-0.8113920546275294,-0.6900285995652221,-0.8786707331883307,-0.4653810579824673,-0.3956826110154083,-0.6547669299468931,-0.5540488040155654,-0.7529222033118861,-0.6384620121915071,-0.8146453487000119,-0.6917389329927555,-0.4996383757933372,-0.2372641571876768,-0.6895726411114289,-0.3811232509457886,-0.7770774110630646,-0.45955386059596914,-0.8323412793197343,-0.5130387886999198,-0.5047416340947797,-0.07917377243172279,-0.6575196021270387,-0.1410671684013079,-0.7408360235956485,-0.1818941557084882,-0.803210242201309,-0.21742484196567477,0.0,0.0,0.0,0.0,0.0,0.0,0.0,0.0,0.0,0.0,0.0,0.0,0.0,0.0,0.0,0.0,0.0,0.0,0.0,0.0,0.0,0.0,0.0,0.0,0.0,0.0,0.0,0.0,0.0,0.0,0.0,0.0,0.0,0.0,0.0,0.0,0.0,0.0,0.0,0.0,0.0,0.0,please
0.0,0.0,0.02425469509284569,-0.32051338834403853,-0.03598577477064808,-0.6110001751661406,-0.11602389543415532,-0.8210548056202133,-0.16763481889336587,-1.0,-0.40304001953026103,-0.54679068257111,-0.569808171341856,-0.7147475205062455,-0.6534065937422572,-0.8061108194286153,-0.7032143985392718,-0.8727593624892342,-0.4809376123057562,-0.38990291143512995,-0.6699935701925736,-0.5488240665824005,-0.7750897300596963,-0.6375789055323482,-0.8332244468021841,-0.6916595423429194,-0.5123156129657719,-0.23006069489148098,-0.7045015348477822,-0.3727551918668399,-0.7924576114974778,-0.4470249305708854,-0.8433787962502932,-0.4990855763547562,-0.5117310209366419,-0.06669964787023937,-0.6707502738219195,-0.12527163381136497,-0.7548490534273177,-0.16584650300361176,-0.8135877467818949,-0.20797824791330838,0.0,0.0,0.0,0.0,0.0,0.0,0.0,0.0,0.0,0.0,0.0,0.0,0.0,0.0,0.0,0.0,0.0,0.0,0.0,0.0,0.0,0.0,0.0,0.0,0.0,0.0,0.0,0.0,0.0,0.0,0.0,0.0,0.0,0.0,0.0,0.0,0.0,0.0,0.0,0.0,0.0,0.0,please
0.0,0.0,0.03130535204031802,-0.3329282307822844,-0.029998815817388308,-0.6147155141397724,-0.11930836580295273,-0.8237227910790622,-0.16664919609742065,-1.0,-0.39725784807187525,-0.5323797622356891,-0.5604403585175465,-0.7071472277664944,-0.6487665479979742,-0.7984422214884186,-0.7120766711136123,-0.8653581985446122,-0.4735037053705961,-0.3657354555125966,-0.6602840058667722,-0.5148582719448536,-0.7580459722824947,-0.5989844888773292,-0.8233940104687467,-0.6602241408445094,-0.4987420593877716,-0.20448675224025764,-0.6876970581827198,-0.33115756175726974,-0.7862030442675604,-0.41588851081702516,-0.8510888577002458,-0.485282565886406,-0.4946869792741807,-0.0502274691966436,-0.6511786790842464,-0.1028056541678756,-0.7426424158470107,-0.15578309829156914,-0.8116833626874672,-0.21287548755111632,0.0,0.0,0.0,0.0,0.0,0.0,0.0,0.0,0.0,0.0,0.0,0.0,0.0,0.0,0.0,0.0,0.0,0.0,0.0,0.0,0.0,0.0,0.0,0.0,0.0,0.0,0.0,0.0,0.0,0.0,0.0,0.0,0.0,0.0,0.0,0.0,0.0,0.0,0.0,0.0,0.0,0.0,please
0.0,0.0,0.03322119198730662,-0.3191888139627132,-0.02961547996826656,-0.6018715291550972,-0.11108439111463705,-0.8227503966679889,-0.16140420468068226,-1.0,-0.40041798889329633,-0.5257409014280048,-0.5689444912733043,-0.7009697292740976,-0.65355464101547,-0.7996406435938119,-0.7071206862356207,-0.8740089498214995,-0.4733783716779056,-0.36503247719159065,-0.6646498165410551,-0.5217298443078143,-0.7664679194763983,-0.6094834639032131,-0.8301497421658072,-0.6749550029750099,-0.5020735819119397,-0.20415832011106705,-0.6941651378421262,-0.3371204383181277,-0.7902609331614439,-0.42036245537485123,-0.8501916402221341,-0.49005020329234433,-0.5032551566838556,-0.0469927608092027,-0.6619540856802856,-0.0990544426814756,-0.7547688169377231,-0.14644362356207855,-0.8251409410948036,-0.2006492959143197,0.0,0.0,0.0,0.0,0.0,0.0,0.0,0.0,0.0,0.0,0.0,0.0,0.0,0.0,0.0,0.0,0.0,0.0,0.0,0.0,0.0,0.0,0.0,0.0,0.0,0.0,0.0,0.0,0.0,0.0,0.0,0.0,0.0,0.0,0.0,0.0,0.0,0.0,0.0,0.0,0.0,0.0,please
0.0,0.0,0.037048744547227126,-0.31602706039662026,-0.02757340768537054,-0.597711865698551,-0.1134651536047086,-0.8190671444774597,-0.1624770763017125,-1.0,-0.4062120567345759,-0.5270229140777682,-0.5827385895019395,-0.698773296337231,-0.672072482241396,-0.790914256684949,-0.7242058261364769,-0.8548783404129526,-0.4849882417264159,-0.36485207014832843,-0.6831904290576664,-0.5256543015090721,-0.7865141810201899,-0.6151897253854017,-0.8417120975905472,-0.6742986953826255,-0.5163024071538681,-0.20051161171684287,-0.717618019407461,-0.3386062941185143,-0.8119547070951704,-0.42048390961909493,-0.8631701035242836,-0.4799930682284726,-0.5158397476375378,-0.03688307170935137,-0.679599226660183,-0.09024246956979787,-0.7687646978419801,-0.13384541149959406,-0.8278767913844127,-0.17983474196892796,0.0,0.0,0.0,0.0,0.0,0.0,0.0,0.0,0.0,0.0,0.0,0.0,0.0,0.0,0.0,0.0,0.0,0.0,0.0,0.0,0.0,0.0,0.0,0.0,0.0,0.0,0.0,0.0,0.0,0.0,0.0,0.0,0.0,0.0,0.0,0.0,0.0,0.0,0.0,0.0,0.0,0.0,please
0.0,0.0,0.032384806771701004,-0.3299646184604161,-0.026327945281187506,-0.6108743849258946,-0.11954236364840141,-0.8214539790747629,-0.174731021309958,-1.0,-0.41948622763154836,-0.5203843272126499,-0.5961981141263628,-0.6977842377938034,-0.6912181643471363,-0.7969417629725708,-0.7565306049933959,-0.8688324194188696,-0.49512976596955927,-0.3524188973874001,-0.699203103738899,-0.5076904553689269,-0.8123809570066108,-0.5911121296486361,-0.8897531830220758,-0.6497157283354213,-0.5229136433271889,-0.18547074114624326,-0.7248164395705748,-0.304662510317805,-0.8283845787510861,-0.3854526170861573,-0.8961557820480801,-0.45156811464017604,-0.5218049825571899,-0.018981182419815095,-0.6848360156004956,-0.06563491598897424,-0.7829039243319214,-0.11061377167825473,-0.8578522809858159,-0.15942577660574955,0.0,0.0,0.0,0.0,0.0,0.0,0.0,0.0,0.0,0.0,0.0,0.0,0.0,0.0,0.0,0.0,0.0,0.0,0.0,0.0,0.0,0.0,0.0,0.0,0.0,0.0,0.0,0.0,0.0,0.0,0.0,0.0,0.0,0.0,0.0,0.0,0.0,0.0,0.0,0.0,0.0,0.0,please
0.0,0.0,0.024168724586492298,-0.32878415369599623,-0.049102166795465786,-0.6086034510520795,-0.14689509012203694,-0.8247482163971092,-0.2085791416298725,-1.0,-0.43667643038672566,-0.5169089879203276,-0.6132374835136261,-0.6908113771222543,-0.712379670965587,-0.7850236762829148,-0.7816417223681598,-0.8505547655065714,-0.5122096873959424,-0.34268468777374156,-0.7188694789862893,-0.497676144301564,-0.8342839976258579,-0.5888841584380271,-0.9092056108126643,-0.6505207896367344,-0.5355145546477375,-0.16758584769534693,-0.742685938419257,-0.287889348095814,-0.8542987552429405,-0.37401583317222586,-0.9261303620775098,-0.4413927970113741,-0.5280058613586491,-0.0012920731481717907,-0.7048487005532543,-0.04196410751591056,-0.8086825022707033,-0.08772327279340535,-0.8852952226904616,-0.14143576189585352,0.0,0.0,0.0,0.0,0.0,0.0,0.0,0.0,0.0,0.0,0.0,0.0,0.0,0.0,0.0,0.0,0.0,0.0,0.0,0.0,0.0,0.0,0.0,0.0,0.0,0.0,0.0,0.0,0.0,0.0,0.0,0.0,0.0,0.0,0.0,0.0,0.0,0.0,0.0,0.0,0.0,0.0,please
0.0,0.0,0.03188764672638574,-0.32667182008925383,-0.04083381511338612,-0.6129202367109904,-0.14470888575641633,-0.8262766088747133,-0.2056875596811807,-1.0,-0.4353284007717142,-0.5186093554107689,-0.6132558154641653,-0.6973103031641582,-0.7137114386493703,-0.7894701285540752,-0.7839717297960933,-0.8527886295576934,-0.515758949741138,-0.34359301819504623,-0.726949325399661,-0.4908764932475007,-0.8473642841831067,-0.5749101940328564,-0.926497210006301,-0.6306791474766634,-0.5415061418836842,-0.16752941023625628,-0.7525273640243467,-0.2893168250586256,-0.8626912558544396,-0.37200028582007627,-0.9360604899215944,-0.43386863969131434,-0.5345601943576519,0.002438564923380732,-0.7089578610264838,-0.039874239166444725,-0.8099031459696121,-0.08147301273848112,-0.8843032810845572,-0.12846404188563298,0.0,0.0,0.0,0.0,0.0,0.0,0.0,0.0,0.0,0.0,0.0,0.0,0.0,0.0,0.0,0.0,0.0,0.0,0.0,0.0,0.0,0.0,0.0,0.0,0.0,0.0,0.0,0.0,0.0,0.0,0.0,0.0,0.0,0.0,0.0,0.0,0.0,0.0,0.0,0.0,0.0,0.0,please
0.0,0.0,0.02221376434536548,-0.3298192399027876,-0.050130419431774785,-0.6179716844693823,-0.15390728176876337,-0.8250238553301609,-0.2142067111966163,-1.0,-0.4344835359621032,-0.5153428116453127,-0.6172264305735264,-0.693356843829164,-0.7236905559655824,-0.7777915883069252,-0.7979957919918146,-0.8326153573770356,-0.508497850189556,-0.34095944748276086,-0.7255171485597762,-0.4844345900743298,-0.8483886972570746,-0.5629869498219728,-0.9274105721058878,-0.6146772299200911,-0.5319387358064646,-0.16584948650565476,-0.7419818298041856,-0.27901986760420433,-0.8568494906230796,-0.3576603659773068,-0.935663306847998,-0.41944541375487526,-0.5256438365752907,0.0027820924958902953,-0.7001625610794241,-0.03301454171517508,-0.8003030939359597,-0.06900186416409584,-0.8774712269205471,-0.11247813904749553,0.0,0.0,0.0,0.0,0.0,0.0,0.0,0.0,0.0,0.0,0.0,0.0,0.0,0.0,0.0,0.0,0.0,0.0,0.0,0.0,0.0,0.0,0.0,0.0,0.0,0.0,0.0,0.0,0.0,0.0,0.0,0.0,0.0,0.0,0.0,0.0,0.0,0.0,0.0,0.0,0.0,0.0,please
0.0,0.0,0.02415446249755191,-0.334504663434566,-0.04924688952203579,-0.6241988844975475,-0.15129542906124258,-0.8262659582158064,-0.21593619239928574,-1.0,-0.420160959715299,-0.5133942585065253,-0.5986407268199576,-0.6991540060214821,-0.6970988632120058,-0.7961539202289935,-0.7654444613694933,-0.865528027755746,-0.49932704171741055,-0.3409280946388699,-0.708972368565532,-0.4915818309017541,-0.8273461181650212,-0.5744851387649733,-0.9028471350436303,-0.6303929521095323,-0.526306028060397,-0.17095016306825955,-0.7363685615300978,-0.2973337545419369,-0.8426469458999569,-0.38083410809203255,-0.9136862531168561,-0.44609255233654466,-0.5180137963326338,-0.0068311331186770245,-0.6873564132636688,-0.05661503859786559,-0.7858214280622479,-0.10072613461816965,-0.860221024462365,-0.14560135907308094,0.0,0.0,0.0,0.0,0.0,0.0,0.0,0.0,0.0,0.0,0.0,0.0,0.0,0.0,0.0,0.0,0.0,0.0,0.0,0.0,0.0,0.0,0.0,0.0,0.0,0.0,0.0,0.0,0.0,0.0,0.0,0.0,0.0,0.0,0.0,0.0,0.0,0.0,0.0,0.0,0.0,0.0,please
0.0,0.0,0.0218053699769335,-0.33076463617113133,-0.04902118706175028,-0.6214904379833347,-0.14966936017604776,-0.8266823511520492,-0.2096333772385534,-1.0,-0.42258740982379717,-0.5182088271003095,-0.5986504272379781,-0.6983545047206032,-0.702333363181546,-0.7867395646729894,-0.7745983872960671,-0.8480349954452294,-0.5005077531149278,-0.3470935261227722,-0.7078044655260648,-0.49167484991268146,-0.828768641167622,-0.5720909373322601,-0.9071294540328354,-0.6283658653838938,-0.5269249220736537,-0.17591456841235356,-0.7330744376071472,-0.29668139567574436,-0.8399363332621311,-0.3795158136330961,-0.9102011102534614,-0.44640715896874594,-0.5215489921725981,-0.00983340195087251,-0.6902203248319287,-0.04907021150043297,-0.7868172283883516,-0.08849286369255073,-0.8593301260678449,-0.1347700578738501,0.0,0.0,0.0,0.0,0.0,0.0,0.0,0.0,0.0,0.0,0.0,0.0,0.0,0.0,0.0,0.0,0.0,0.0,0.0,0.0,0.0,0.0,0.0,0.0,0.0,0.0,0.0,0.0,0.0,0.0,0.0,0.0,0.0,0.0,0.0,0.0,0.0,0.0,0.0,0.0,0.0,0.0,please
0.0,0.0,0.025861856712203854,-0.3323935140592435,-0.04165468075405773,-0.6221742167090117,-0.14111690765310572,-0.8291778251646632,-0.20055416673626228,-1.0,-0.4163417943050367,-0.5166055153138206,-0.5892275875806768,-0.6982872053553367,-0.6885886069802243,-0.7878262720069088,-0.7579221778666128,-0.8474116305728308,-0.49551426833968354,-0.34638848214114487,-0.697798736885865,-0.49970126466070436,-0.8146346291728761,-0.5817527085069357,-0.8914269948115691,-0.6363508138975961,-0.5234449399652702,-0.1778186072091166,-0.7232376996698384,-0.30950193661416375,-0.8239157775439365,-0.39328999227333944,-0.8904880416163259,-0.45763692861221383,-0.5205642379959925,-0.015356815205375133,-0.687301366363106,-0.06491161974684516,-0.7769576011100656,-0.10596202491708842,-0.8421363443183062,-0.151370786294426,0.0,0.0,0.0,0.0,0.0,0.0,0.0,0.0,0.0,0.0,0.0,0.0,0.0,0.0,0.0,0.0,0.0,0.0,0.0,0.0,0.0,0.0,0.0,0.0,0.0,0.0,0.0,0.0,0.0,0.0,0.0,0.0,0.0,0.0,0.0,0.0,0.0,0.0,0.0,0.0,0.0,0.0,please
0.0,0.0,0.016477245403992726,-0.33018423047019213,-0.06110704294693202,-0.617598724983638,-0.15741745068053353,-0.8263735832236835,-0.20912229174896363,-1.0,-0.4301918973684397,-0.5006257158205141,-0.6033006431869047,-0.673589324894195,-0.7051031346927394,-0.765572470641185,-0.7778559102776573,-0.8298945161547262,-0.5028404180484998,-0.3294673692709973,-0.7005843866413058,-0.4782495564196107,-0.8179104210543713,-0.5656753089716502,-0.8964540036430814,-0.6266559785714543,-0.5271675980229095,-0.16164443411145932,-0.7258368133637143,-0.2837061761276647,-0.833089139931828,-0.3654217670075599,-0.9048735502324114,-0.43294763160566346,-0.5179689355176579,-0.001297035395596417,-0.6822704407025065,-0.038243035206968354,-0.7791799102910775,-0.07429013158360716,-0.8507938346209042,-0.11414172429162893,0.0,0.0,0.0,0.0,0.0,0.0,0.0,0.0,0.0,0.0,0.0,0.0,0.0,0.0,0.0,0.0,0.0,0.0,0.0,0.0,0.0,0.0,0.0,0.0,0.0,0.0,0.0,0.0,0.0,0.0,0.0,0.0,0.0,0.0,0.0,0.0,0.0,0.0,0.0,0.0,0.0,0.0,please
0.0,0.0,0.018595377228179964,-0.33084874685987614,-0.05861115058334692,-0.6209582338237575,-0.16046566860320646,-0.825493897564595,-0.21633758476367812,-1.0,-0.4310864710014757,-0.5115290839341785,-0.6065470662083836,-0.684105722436399,-0.7116049538724262,-0.771723888366801,-0.7867275557467982,-0.8330039725579582,-0.5061746092435957,-0.33928871558288115,-0.7076412615587402,-0.4807434454791581,-0.8283415176135384,-0.5599402480532418,-0.9093049559452387,-0.6141810104886818,-0.5321821647706257,-0.16835833986186077,-0.7326313907249375,-0.29023248217318676,-0.8376645544788861,-0.3683852614528519,-0.9088750346197175,-0.4303727241828061,-0.5258396077539177,-0.0015129035085725787,-0.6911340557876301,-0.04065035371424305,-0.7857902947914214,-0.07603401510555986,-0.8564143937110364,-0.11610547969255443,0.0,0.0,0.0,0.0,0.0,0.0,0.0,0.0,0.0,0.0,0.0,0.0,0.0,0.0,0.0,0.0,0.0,0.0,0.0,0.0,0.0,0.0,0.0,0.0,0.0,0.0,0.0,0.0,0.0,0.0,0.0,0.0,0.0,0.0,0.0,0.0,0.0,0.0,0.0,0.0,0.0,0.0,please
0.0,0.0,0.008844734030608339,-0.3262311094475841,-0.0675632810644801,-0.6258756337654096,-0.17229400483227073,-0.8240182163949749,-0.2369693806305718,-1.0,-0.45084674406841124,-0.5041933202466055,-0.6361940600602495,-0.6574682826188758,-0.7416128595455281,-0.7445371490892867,-0.8207373093220325,-0.8116173708088812,-0.5238240572456289,-0.33095513050891995,-0.7454973327550556,-0.4437013622363841,-0.8693043848666951,-0.5123588810957292,-0.9570891958629528,-0.5611065878056803,-0.5507075225977651,-0.15566987357947298,-0.7628955975733751,-0.2453735036401373,-0.8784031637290556,-0.31162088666549126,-0.959335860492358,-0.3677214430030292,-0.5445809005379648,0.024234896379964364,-0.7157480249433577,-0.002324077985957346,-0.8170786250691157,-0.03077413163018788,-0.8971806765166132,-0.06375738241185312,0.0,0.0,0.0,0.0,0.0,0.0,0.0,0.0,0.0,0.0,0.0,0.0,0.0,0.0,0.0,0.0,0.0,0.0,0.0,0.0,0.0,0.0,0.0,0.0,0.0,0.0,0.0,0.0,0.0,0.0,0.0,0.0,0.0,0.0,0.0,0.0,0.0,0.0,0.0,0.0,0.0,0.0,please
0.0,0.0,0.016691440178747668,-0.33506018481439415,-0.06011002088038146,-0.6243222704939588,-0.16721887319093978,-0.8304254464434927,-0.2323816815171101,-1.0,-0.4388658881666697,-0.5002745161597504,-0.6241257640952035,-0.6663728740448219,-0.7284760853100115,-0.7485633780433739,-0.7982332081939889,-0.805181563461918,-0.5122525775698918,-0.3225153071295372,-0.7298620986706809,-0.4520962679550154,-0.8548452133727775,-0.5190374718026561,-0.9347256951035474,-0.5633171238677707,-0.5347328843620385,-0.1451431829117632,-0.747439583426615,-0.2564170123081367,-0.8592667334721155,-0.32791595378441935,-0.9326405578864589,-0.38247574098236803,-0.5270793511252766,0.02505380907725867,-0.7029674610376875,-0.006615757467211621,-0.7999591347412087,-0.04134555170937233,-0.8714783827195451,-0.08616666845347068,0.0,0.0,0.0,0.0,0.0,0.0,0.0,0.0,0.0,0.0,0.0,0.0,0.0,0.0,0.0,0.0,0.0,0.0,0.0,0.0,0.0,0.0,0.0,0.0,0.0,0.0,0.0,0.0,0.0,0.0,0.0,0.0,0.0,0.0,0.0,0.0,0.0,0.0,0.0,0.0,0.0,0.0,please
0.0,0.0,0.02126488419657158,-0.3342895092011397,-0.05632713035084425,-0.6274910118292266,-0.16444275861547517,-0.8328090601265464,-0.22784612806111326,-1.0,-0.4402685172700156,-0.5099777831825119,-0.6218817379776521,-0.6751196847555835,-0.7258788748687847,-0.7562610973822464,-0.7980341329959435,-0.8129067990014404,-0.5168082889017986,-0.3316135357504256,-0.7305397439080176,-0.46387971414277485,-0.8560083070482633,-0.533633338079978,-0.9378833913222094,-0.5781159937142663,-0.541971260536606,-0.15367421803229314,-0.7511844978785018,-0.26416413477278483,-0.8584093111526407,-0.3341685327701208,-0.9284188758517182,-0.3845194274286334,-0.5355460258612325,0.017881954727091035,-0.7063864214037551,-0.020033318925376443,-0.8008927052472267,-0.05504641840454771,-0.8699800766940166,-0.0957202067184765,0.0,0.0,0.0,0.0,0.0,0.0,0.0,0.0,0.0,0.0,0.0,0.0,0.0,0.0,0.0,0.0,0.0,0.0,0.0,0.0,0.0,0.0,0.0,0.0,0.0,0.0,0.0,0.0,0.0,0.0,0.0,0.0,0.0,0.0,0.0,0.0,0.0,0.0,0.0,0.0,0.0,0.0,please
0.0,0.0,0.0308103203741697,-0.3273748577383614,-0.045225286778352046,-0.6183971887372924,-0.14871643057152234,-0.8161273119315532,-0.21219330981658086,-1.0,-0.41447076751233575,-0.49277932221085624,-0.5944124282454366,-0.6670713006696133,-0.6917253865774105,-0.7670791934316866,-0.7587212621893994,-0.8427171637107593,-0.48825537811368264,-0.32205683940220364,-0.6930933054023917,-0.46475929714593883,-0.8115301978516334,-0.549933595241888,-0.8926905826153879,-0.6131378263381231,-0.5136202924112412,-0.15698463862185177,-0.7113024352889471,-0.27001594865722284,-0.8191054501801182,-0.34365961707868964,-0.8971791412291021,-0.4056048446685232,-0.5035940855623389,0.004387320145783394,-0.662494818125812,-0.04081217721242038,-0.7592557629158214,-0.08208364600506288,-0.8356122384353043,-0.12480843858615441,0.0,0.0,0.0,0.0,0.0,0.0,0.0,0.0,0.0,0.0,0.0,0.0,0.0,0.0,0.0,0.0,0.0,0.0,0.0,0.0,0.0,0.0,0.0,0.0,0.0,0.0,0.0,0.0,0.0,0.0,0.0,0.0,0.0,0.0,0.0,0.0,0.0,0.0,0.0,0.0,0.0,0.0,please
0.0,0.0,0.031509231941060735,-0.3332185916493885,-0.037941538915150064,-0.617780133513014,-0.1419350692797215,-0.8245127927921116,-0.21132039721255672,-1.0,-0.4072259146416374,-0.5086331501246487,-0.5925280246915914,-0.6972479242544232,-0.6904854494629428,-0.7925018711478452,-0.7557392498776194,-0.8589285646783988,-0.4845390502885159,-0.33059697648968883,-0.6989376274601341,-0.4792721943650099,-0.8158473937178574,-0.5620561930268557,-0.88943040086035,-0.6186031314320707,-0.5084971847730146,-0.15912907518045236,-0.7165414194640957,-0.27988721609111544,-0.8210822369477988,-0.3609128791673203,-0.8910569055750756,-0.4251888158280207,-0.49858671636233737,5.670144985607282e-06,-0.6708953347937107,-0.044709920107657154,-0.764324794409993,-0.09016144792822353,-0.8316937951603423,-0.14228496447654165,0.0,0.0,0.0,0.0,0.0,0.0,0.0,0.0,0.0,0.0,0.0,0.0,0.0,0.0,0.0,0.0,0.0,0.0,0.0,0.0,0.0,0.0,0.0,0.0,0.0,0.0,0.0,0.0,0.0,0.0,0.0,0.0,0.0,0.0,0.0,0.0,0.0,0.0,0.0,0.0,0.0,0.0,please
0.0,0.0,0.026557875590447283,-0.3305691704221075,-0.046016516761976,-0.6129337605184929,-0.15038897472288748,-0.8265443703012489,-0.21675127856674428,-1.0,-0.41173090550494995,-0.5135622789922872,-0.586844665459574,-0.6926403466265688,-0.6897731140124898,-0.7770263546646275,-0.7586319440628377,-0.8309443843348062,-0.4886034480174701,-0.3389494550196639,-0.7007546597123615,-0.4786081559199419,-0.8185826807643052,-0.5558884984489876,-0.8930953577348415,-0.6086512287200541,-0.5117963705568848,-0.16467506716326166,-0.7190225156483638,-0.2818651470460137,-0.8227178716950442,-0.36334441720227023,-0.8882876585256531,-0.42897874461561286,-0.5039157586914891,-0.0023025599356064136,-0.6768477713315669,-0.03984864199780895,-0.7670295696354703,-0.0843827924930115,-0.8308828296153307,-0.1399254762983036,0.0,0.0,0.0,0.0,0.0,0.0,0.0,0.0,0.0,0.0,0.0,0.0,0.0,0.0,0.0,0.0,0.0,0.0,0.0,0.0,0.0,0.0,0.0,0.0,0.0,0.0,0.0,0.0,0.0,0.0,0.0,0.0,0.0,0.0,0.0,0.0,0.0,0.0,0.0,0.0,0.0,0.0,please
0.0,0.0,0.025372335669091143,-0.3275100581624611,-0.045913083045858886,-0.6126749859243003,-0.149481052788818,-0.8261666046494291,-0.21310555216039123,-1.0,-0.41630046670512133,-0.5135500302430207,-0.5911901023338562,-0.6965549286834064,-0.6913225697853501,-0.7847229801420786,-0.7602521503662588,-0.8439657892818597,-0.49111884472743583,-0.34152927839576863,-0.6975122871354972,-0.48726239651817427,-0.8146208548781254,-0.5658790904946525,-0.8888291861763549,-0.6181844419049894,-0.512618774313317,-0.17061064571428214,-0.7168416039099527,-0.29360960668571084,-0.8178207505592238,-0.3754985767001248,-0.8807439013707643,-0.4374283498583767,-0.5040675195884328,-0.009615986871685073,-0.675910455125974,-0.05032292752668854,-0.768142521140051,-0.09267489701614544,-0.8345707049795463,-0.14262965359388133,0.0,0.0,0.0,0.0,0.0,0.0,0.0,0.0,0.0,0.0,0.0,0.0,0.0,0.0,0.0,0.0,0.0,0.0,0.0,0.0,0.0,0.0,0.0,0.0,0.0,0.0,0.0,0.0,0.0,0.0,0.0,0.0,0.0,0.0,0.0,0.0,0.0,0.0,0.0,0.0,0.0,0.0,please
0.0,0.0,0.020094603607951834,-0.32977600658537454,-0.05343289698028382,-0.6157857382149445,-0.15510227422287198,-0.8261460788963526,-0.22415053455759804,-1.0,-0.4148760622880265,-0.5131254917228592,-0.5933235377613131,-0.6855488611862478,-0.6939742798196911,-0.7765720959297618,-0.7591571253861682,-0.8391464861851529,-0.4907463687088053,-0.34207675639232143,-0.7017405880505444,-0.4777862881347071,-0.8180182626028283,-0.5578171876534804,-0.888966946913461,-0.6158655101861039,-0.5156754402429431,-0.17107980673366888,-0.7199817053341281,-0.2827016188366305,-0.8231987028901198,-0.36342236961428326,-0.8891739794187212,-0.43360826199627484,-0.5082155489344574,-0.007946125712803604,-0.6705502982386425,-0.04516988702845496,-0.7591829080398302,-0.08691046075530284,-0.8252117331568066,-0.13967036436564012,0.0,0.0,0.0,0.0,0.0,0.0,0.0,0.0,0.0,0.0,0.0,0.0,0.0,0.0,0.0,0.0,0.0,0.0,0.0,0.0,0.0,0.0,0.0,0.0,0.0,0.0,0.0,0.0,0.0,0.0,0.0,0.0,0.0,0.0,0.0,0.0,0.0,0.0,0.0,0.0,0.0,0.0,please
0.0,0.0,0.028205581484752794,-0.3311065797121007,-0.04120079188895604,-0.6190050250875067,-0.14439402849011615,-0.8284420989299177,-0.21300257219132462,-1.0,-0.40474507247754216,-0.508887541542944,-0.5815239123720816,-0.6938195873862563,-0.6809768482479774,-0.7892781393761532,-0.7488381011055449,-0.8567825218565743,-0.4823101010183574,-0.3358949467635409,-0.6870613813309032,-0.4853529017969118,-0.8040876189432139,-0.5689439110354204,-0.8777219446593413,-0.6275505747563037,-0.5087219280445677,-0.16626398545892115,-0.7087293966791074,-0.28565261949000553,-0.8076904070411166,-0.3677025684142684,-0.8720142624207853,-0.4340848393076266,-0.5021983589198175,-0.0070940274910927985,-0.660435432078405,-0.053707923286331685,-0.748614896848701,-0.09650672516349124,-0.813848878537511,-0.14452042898597367,0.0,0.0,0.0,0.0,0.0,0.0,0.0,0.0,0.0,0.0,0.0,0.0,0.0,0.0,0.0,0.0,0.0,0.0,0.0,0.0,0.0,0.0,0.0,0.0,0.0,0.0,0.0,0.0,0.0,0.0,0.0,0.0,0.0,0.0,0.0,0.0,0.0,0.0,0.0,0.0,0.0,0.0,please
0.0,0.0,0.025457919033240347,-0.3311695784105673,-0.04299981211121526,-0.6197045834750483,-0.14563030832389898,-0.8297175121395849,-0.2112743916102601,-1.0,-0.4041962538276352,-0.5108787606366076,-0.5827274319222513,-0.689676815322357,-0.6821544509682127,-0.7801774670782123,-0.7495462725366743,-0.8445672197409902,-0.47914823041232807,-0.3375608842163308,-0.6822170450789372,-0.4861683515447066,-0.8000430068379808,-0.5666254162960787,-0.8740817268309975,-0.6226934522621437,-0.5032229047606122,-0.16908628033964757,-0.701443656518011,-0.29231950035422094,-0.8005197014431242,-0.3735405751951675,-0.8627844479183466,-0.43775414885582115,-0.4969842519391666,-0.009050171628154788,-0.6575372943269829,-0.05522503807010008,-0.746909229490981,-0.0968925962770343,-0.8128925771155718,-0.14606218639738425,0.0,0.0,0.0,0.0,0.0,0.0,0.0,0.0,0.0,0.0,0.0,0.0,0.0,0.0,0.0,0.0,0.0,0.0,0.0,0.0,0.0,0.0,0.0,0.0,0.0,0.0,0.0,0.0,0.0,0.0,0.0,0.0,0.0,0.0,0.0,0.0,0.0,0.0,0.0,0.0,0.0,0.0,please
0.0,0.0,0.03159377408249411,-0.33159850608133545,-0.038502287542470204,-0.6203104559967126,-0.13954480219630297,-0.8230850051355503,-0.21005260917499752,-1.0,-0.3957148370492157,-0.5044384510344642,-0.5698881404637522,-0.6875491892303803,-0.665747375174582,-0.7929006907079521,-0.727779783016344,-0.870285669336115,-0.47207680259452833,-0.33579615778081956,-0.6733932405752308,-0.48465234557603176,-0.7847668763358678,-0.5749375519546842,-0.8550230270125437,-0.6410695915199304,-0.4978171350799257,-0.1732546606091619,-0.6937542531656253,-0.29660178980174357,-0.7961473335493802,-0.3832565697965732,-0.8679372868808097,-0.4584470071438843,-0.488283181656724,-0.018517274253952245,-0.6431480861625292,-0.06370151288762957,-0.7322044067814665,-0.1142894483800381,-0.798703842014332,-0.1703204116306386,0.0,0.0,0.0,0.0,0.0,0.0,0.0,0.0,0.0,0.0,0.0,0.0,0.0,0.0,0.0,0.0,0.0,0.0,0.0,0.0,0.0,0.0,0.0,0.0,0.0,0.0,0.0,0.0,0.0,0.0,0.0,0.0,0.0,0.0,0.0,0.0,0.0,0.0,0.0,0.0,0.0,0.0,please
0.0,0.0,0.02683278039998647,-0.3331606976610181,-0.037867710758749645,-0.6151964748999071,-0.13417699348331744,-0.8240751586028253,-0.2006176601532239,-1.0,-0.3890304873870004,-0.5098686477915907,-0.5550556878974493,-0.6948748131860197,-0.6492915573519539,-0.7938181618744069,-0.7136060481066393,-0.865662536667311,-0.46641712183539424,-0.34551995057766666,-0.6615858487411993,-0.49975805550213726,-0.7714133773736124,-0.5864744545983885,-0.843075264822361,-0.648442396134204,-0.4955147288609983,-0.18254476816222648,-0.6917290884132339,-0.31110045720022167,-0.7836944781015683,-0.39532997034283124,-0.844301996322285,-0.464381991236442,-0.4909627605812658,-0.02917060196326629,-0.6469889439447476,-0.0790830725037095,-0.7292268655884507,-0.1264720604437755,-0.7900447401444685,-0.177698043150521,0.0,0.0,0.0,0.0,0.0,0.0,0.0,0.0,0.0,0.0,0.0,0.0,0.0,0.0,0.0,0.0,0.0,0.0,0.0,0.0,0.0,0.0,0.0,0.0,0.0,0.0,0.0,0.0,0.0,0.0,0.0,0.0,0.0,0.0,0.0,0.0,0.0,0.0,0.0,0.0,0.0,0.0,please
0.0,0.0,0.021639492266000777,-0.33045510062669126,-0.04233013180321035,-0.6162793534644336,-0.1391711910689706,-0.8261142920077975,-0.2026950341299541,-1.0,-0.39357296984681156,-0.5168771030259868,-0.5613851708917744,-0.6955590314116086,-0.6564286846694499,-0.7879056342946155,-0.7222680602797071,-0.8561624804112683,-0.47017489965482345,-0.35365418437040225,-0.6623799055789794,-0.5053157384995068,-0.7726529699060778,-0.5879665797592901,-0.8459717467888803,-0.64799055295909,-0.49981869465087486,-0.19112715031551872,-0.6898117851934129,-0.31878103144025394,-0.7807389612897522,-0.3991734333089189,-0.8401050790685913,-0.4656666144794373,-0.4978838490073643,-0.03481200991129323,-0.6504783527537324,-0.08306422338241402,-0.728960010588904,-0.1283896716698909,-0.7855953369311243,-0.18037111540571948,0.0,0.0,0.0,0.0,0.0,0.0,0.0,0.0,0.0,0.0,0.0,0.0,0.0,0.0,0.0,0.0,0.0,0.0,0.0,0.0,0.0,0.0,0.0,0.0,0.0,0.0,0.0,0.0,0.0,0.0,0.0,0.0,0.0,0.0,0.0,0.0,0.0,0.0,0.0,0.0,0.0,0.0,please
0.0,0.0,0.02386065553628622,-0.3294821639094186,-0.0401731183259656,-0.6136366670620288,-0.13861443035824264,-0.8236148086289052,-0.2055226742787752,-1.0,-0.3904130541495905,-0.511657798751107,-0.5607361437327903,-0.6962744886719062,-0.6560176864269714,-0.7969374394500892,-0.7219890574327089,-0.8716284813235874,-0.4675704981389277,-0.3453372191050097,-0.6656161835605311,-0.4977606570261502,-0.7791551387634168,-0.585239278929047,-0.854076045366939,-0.6479185342369778,-0.49578668398262704,-0.18264339408818098,-0.6901003568514491,-0.31317453834048886,-0.7841536324528753,-0.39813529009877024,-0.8477879486256198,-0.467565467429348,-0.491286133797139,-0.03049461356120642,-0.6494986607670632,-0.08400646484878752,-0.7329339465897303,-0.13076381457036676,-0.7960550336409354,-0.18259676328015423,0.0,0.0,0.0,0.0,0.0,0.0,0.0,0.0,0.0,0.0,0.0,0.0,0.0,0.0,0.0,0.0,0.0,0.0,0.0,0.0,0.0,0.0,0.0,0.0,0.0,0.0,0.0,0.0,0.0,0.0,0.0,0.0,0.0,0.0,0.0,0.0,0.0,0.0,0.0,0.0,0.0,0.0,please
0.0,0.0,0.020026852744409074,-0.3306861363855641,-0.04332207136600191,-0.6133445294523684,-0.1404423917589998,-0.824083604050949,-0.2089478100717546,-1.0,-0.3966925641336163,-0.5126272697263603,-0.5685594807184259,-0.6996049388512678,-0.6619359914477377,-0.7984008598069728,-0.7244376674777459,-0.8703984327723726,-0.4731499754118644,-0.3484584007204758,-0.6733524636949235,-0.5044458574789016,-0.7830076276185315,-0.5943783114416378,-0.8521904244934286,-0.6587247895264181,-0.500325853634888,-0.18332547448230593,-0.6976972469018138,-0.31497406483728646,-0.7886998788295914,-0.4017235648435373,-0.8474257753708476,-0.47332576173357,-0.4955127248969832,-0.02497559079998141,-0.657373754262365,-0.0799703701752643,-0.7386014451696982,-0.13028992050583707,-0.7986117652200941,-0.1870062988189965,0.0,0.0,0.0,0.0,0.0,0.0,0.0,0.0,0.0,0.0,0.0,0.0,0.0,0.0,0.0,0.0,0.0,0.0,0.0,0.0,0.0,0.0,0.0,0.0,0.0,0.0,0.0,0.0,0.0,0.0,0.0,0.0,0.0,0.0,0.0,0.0,0.0,0.0,0.0,0.0,0.0,0.0,please
0.0,0.0,0.014319437233279483,-0.3285508231267044,-0.050180692853385285,-0.6130939751399241,-0.14755103758876081,-0.8244203334408818,-0.2119565072473319,-1.0,-0.4045399103221007,-0.510658535646984,-0.5749425847363202,-0.6955054962092022,-0.669092379816492,-0.7900664070520305,-0.7338451599189844,-0.8592519426338759,-0.4801900674736484,-0.3484251323627052,-0.6753885362983697,-0.5042782894689226,-0.7857799276466731,-0.5929492075379413,-0.8565029809463985,-0.6563243641466676,-0.506203495921983,-0.18615744562358366,-0.6982035088735105,-0.318995357639287,-0.7900897388476874,-0.40752647539800235,-0.8485548381001938,-0.47998465244004873,-0.5014743790218777,-0.029218645780678072,-0.6613393669674341,-0.08441976966851328,-0.7418290146973171,-0.13353405661264992,-0.798995151938558,-0.1891042990309591,0.0,0.0,0.0,0.0,0.0,0.0,0.0,0.0,0.0,0.0,0.0,0.0,0.0,0.0,0.0,0.0,0.0,0.0,0.0,0.0,0.0,0.0,0.0,0.0,0.0,0.0,0.0,0.0,0.0,0.0,0.0,0.0,0.0,0.0,0.0,0.0,0.0,0.0,0.0,0.0,0.0,0.0,please
0.0,0.0,0.016345427717239507,-0.32472917652170397,-0.04521602398500561,-0.6075348127723165,-0.14146394678609012,-0.8216982294318514,-0.20751581586542667,-1.0,-0.39990971767022687,-0.5092402083640936,-0.5724211934007378,-0.6978317193799485,-0.6672607118573615,-0.793124154190934,-0.7301492197631781,-0.8625056544011225,-0.4783786045925493,-0.34881875916342137,-0.6770653728707242,-0.5093866350176944,-0.7885907586631068,-0.5975895558391507,-0.857636427415358,-0.6611485040876265,-0.5068212061907346,-0.18770147771484139,-0.7004545151039516,-0.3240388928753135,-0.7925791686690221,-0.41039629240565734,-0.8503149066471306,-0.48130826619368755,-0.5028790658788279,-0.03260301825113723,-0.6602247089570416,-0.08244864487163452,-0.7392895532999603,-0.1288898753069364,-0.7952114628464702,-0.18431438564285252,0.0,0.0,0.0,0.0,0.0,0.0,0.0,0.0,0.0,0.0,0.0,0.0,0.0,0.0,0.0,0.0,0.0,0.0,0.0,0.0,0.0,0.0,0.0,0.0,0.0,0.0,0.0,0.0,0.0,0.0,0.0,0.0,0.0,0.0,0.0,0.0,0.0,0.0,0.0,0.0,0.0,0.0,please
0.0,0.0,0.017889888850553443,-0.32527119448510194,-0.04473527543154455,-0.606212212340276,-0.14194917509719918,-0.820383394170669,-0.20440307960256252,-1.0,-0.3992727291578472,-0.5057938108197854,-0.5725891969517981,-0.6919763313434182,-0.6681958467560112,-0.7860257206264257,-0.7309348756464247,-0.8531365950390394,-0.4748749410195215,-0.3446302145014818,-0.6733378058364036,-0.5032724040419899,-0.7839206139653738,-0.5922276018363862,-0.8520524743658829,-0.6557861781881141,-0.5010384359705519,-0.18397854605633632,-0.69437100588643,-0.3203171582948562,-0.7865063588755101,-0.40977299007443135,-0.8438226552245387,-0.48329731169362683,-0.496609380425637,-0.030711228892579667,-0.6585887287183113,-0.08141486125690049,-0.7373459159588469,-0.1319874104623801,-0.7911798993233202,-0.191895561529796,0.0,0.0,0.0,0.0,0.0,0.0,0.0,0.0,0.0,0.0,0.0,0.0,0.0,0.0,0.0,0.0,0.0,0.0,0.0,0.0,0.0,0.0,0.0,0.0,0.0,0.0,0.0,0.0,0.0,0.0,0.0,0.0,0.0,0.0,0.0,0.0,0.0,0.0,0.0,0.0,0.0,0.0,please
0.0,0.0,0.012000976406679421,-0.3263600771370567,-0.0496096347463282,-0.609243022373509,-0.14457191976092437,-0.8241585866536542,-0.2078976993359552,-1.0,-0.40290868855623035,-0.5072375099957427,-0.5781346684061136,-0.6931251818859374,-0.6727958559851245,-0.7888052326479364,-0.7355023466043972,-0.8583911632872947,-0.4791037125518193,-0.34485299667896313,-0.6785066737768148,-0.5038756423926795,-0.7898061656226346,-0.5931365856842151,-0.85809238841755,-0.6570784026228271,-0.505534697623992,-0.1840893556110752,-0.6990797761882653,-0.3220751289662747,-0.7912559112203853,-0.4114220071939154,-0.8484301429097988,-0.4847232070546544,-0.5013172896678568,-0.030823235784793835,-0.6637711083493223,-0.08257520526256258,-0.7421728486014554,-0.1323316261700216,-0.7958870146040617,-0.19225716935430115,0.0,0.0,0.0,0.0,0.0,0.0,0.0,0.0,0.0,0.0,0.0,0.0,0.0,0.0,0.0,0.0,0.0,0.0,0.0,0.0,0.0,0.0,0.0,0.0,0.0,0.0,0.0,0.0,0.0,0.0,0.0,0.0,0.0,0.0,0.0,0.0,0.0,0.0,0.0,0.0,0.0,0.0,please
0.0,0.0,0.017318514691140336,-0.32481351517838786,-0.04521415620849513,-0.6049177722169317,-0.14342245086161992,-0.821586115683992,-0.20541074224289377,-1.0,-0.3967530827348178,-0.5033052476234722,-0.57464850594298,-0.6963367438803056,-0.6703367693342285,-0.7932916650757965,-0.7323146561922845,-0.8625013458529475,-0.47427922897652286,-0.3377840539348188,-0.6781682168012798,-0.5078510023968491,-0.7880430476000434,-0.5986924301241046,-0.8544621795116544,-0.6623787025355172,-0.5003099526046099,-0.17711675612234196,-0.6995143967480663,-0.3180127657926031,-0.792891741214611,-0.41176588076286336,-0.8505042803000851,-0.4881160371883671,-0.49583693659622896,-0.027577560378981042,-0.6640575466747376,-0.07926908967574954,-0.7458783456696607,-0.13239904430738342,-0.8016620111070143,-0.19614049785086213,0.0,0.0,0.0,0.0,0.0,0.0,0.0,0.0,0.0,0.0,0.0,0.0,0.0,0.0,0.0,0.0,0.0,0.0,0.0,0.0,0.0,0.0,0.0,0.0,0.0,0.0,0.0,0.0,0.0,0.0,0.0,0.0,0.0,0.0,0.0,0.0,0.0,0.0,0.0,0.0,0.0,0.0,please
0.0,0.0,0.015248275571859538,-0.3224887509994087,-0.04210248509403744,-0.6058386368810145,-0.13606335260189284,-0.8226404371334779,-0.19708119702056007,-1.0,-0.3846276763792965,-0.5007862655679786,-0.5613516288897746,-0.6945474247143338,-0.6540312476247788,-0.7968681335314078,-0.7175161824316061,-0.8733171953407193,-0.46421589608829716,-0.338835708406111,-0.6601466777268992,-0.5037433251306296,-0.7676064396644855,-0.5944647541311627,-0.835844675273117,-0.661147140798378,-0.4936862111071738,-0.1831931763451355,-0.6853633142984495,-0.32318031231130023,-0.7797328018523609,-0.4180687285796639,-0.8420757560946945,-0.498885713752848,-0.49418836390689125,-0.04107100063832824,-0.6505528226226303,-0.09536085976656736,-0.7329596771676707,-0.1465733226029959,-0.7935965489975266,-0.20639192341860527,0.0,0.0,0.0,0.0,0.0,0.0,0.0,0.0,0.0,0.0,0.0,0.0,0.0,0.0,0.0,0.0,0.0,0.0,0.0,0.0,0.0,0.0,0.0,0.0,0.0,0.0,0.0,0.0,0.0,0.0,0.0,0.0,0.0,0.0,0.0,0.0,0.0,0.0,0.0,0.0,0.0,0.0,please
0.0,0.0,0.022214272864606425,-0.3233241679456309,-0.03478362484183873,-0.6050869218974987,-0.12850429302946298,-0.8198574158725045,-0.18997191673020716,-1.0,-0.3763697274244307,-0.5139549802077303,-0.5466638791644117,-0.705998800194799,-0.6423382765709056,-0.8072118529312806,-0.7076361127816889,-0.8810684626611438,-0.454042530610463,-0.35471706350311505,-0.6454409095938501,-0.516968418176522,-0.7538003867377115,-0.6083601357571305,-0.8248884685472647,-0.6766291645998755,-0.48212768215549445,-0.20073177579449458,-0.668290085649833,-0.33519952971249084,-0.7622829492927999,-0.43004482710084463,-0.8259536343785588,-0.5132992836545736,-0.4816956318509893,-0.058076329890730416,-0.639655180200354,-0.10877769656971628,-0.7171880751105153,-0.16263306810663364,-0.77067989212291,-0.22883969654111366,0.0,0.0,0.0,0.0,0.0,0.0,0.0,0.0,0.0,0.0,0.0,0.0,0.0,0.0,0.0,0.0,0.0,0.0,0.0,0.0,0.0,0.0,0.0,0.0,0.0,0.0,0.0,0.0,0.0,0.0,0.0,0.0,0.0,0.0,0.0,0.0,0.0,0.0,0.0,0.0,0.0,0.0,please
0.0,0.0,0.024443060524321995,-0.3236627099209229,-0.031843455900437,-0.6075652973541196,-0.12699357366170977,-0.8200714816545597,-0.18778155593474713,-1.0,-0.3785892993932956,-0.5197338479026911,-0.5476180179795735,-0.7133345995630935,-0.6413987787423518,-0.8139974841780019,-0.7055435716709223,-0.8909612341282322,-0.45704194884571475,-0.36128754610959163,-0.6508204425873074,-0.5265224333176673,-0.7608271693535313,-0.6227652933915951,-0.8312945700651473,-0.696196490917913,-0.48623699058462283,-0.2043197612426629,-0.6729315193861745,-0.3412065010547364,-0.7651093628165471,-0.43356561092696594,-0.8252244779612202,-0.5130734730135894,-0.4861192578877573,-0.05518843994460848,-0.6436206500102206,-0.10844514923190846,-0.7194257425780298,-0.160760377956248,-0.7718277467771627,-0.22503709627734167,0.0,0.0,0.0,0.0,0.0,0.0,0.0,0.0,0.0,0.0,0.0,0.0,0.0,0.0,0.0,0.0,0.0,0.0,0.0,0.0,0.0,0.0,0.0,0.0,0.0,0.0,0.0,0.0,0.0,0.0,0.0,0.0,0.0,0.0,0.0,0.0,0.0,0.0,0.0,0.0,0.0,0.0,please
0.0,0.0,0.017309392003693785,-0.32166755372841227,-0.0378813681293365,-0.6060021076973455,-0.12607063200975993,-0.8222150527455607,-0.1860911294147421,-1.0,-0.38068549427048265,-0.5197446421309574,-0.5537439640358444,-0.7108764717416902,-0.6474502368020184,-0.8132308720670213,-0.7104023847310754,-0.8927796393731774,-0.45728899119345706,-0.36176248704422975,-0.6502099486792118,-0.524996981414205,-0.7580150938949223,-0.6229754465816568,-0.8259944187556085,-0.6978405278709648,-0.4861844399388362,-0.20603060314725,-0.6752569661715542,-0.3438267747111093,-0.7694862994842806,-0.44116703839544535,-0.8319145175140763,-0.527697867091426,-0.48696444250825643,-0.06029695156642869,-0.643519120446886,-0.11511195813970111,-0.7248205028142879,-0.16640685899968413,-0.7836584873456054,-0.22933176721052728,0.0,0.0,0.0,0.0,0.0,0.0,0.0,0.0,0.0,0.0,0.0,0.0,0.0,0.0,0.0,0.0,0.0,0.0,0.0,0.0,0.0,0.0,0.0,0.0,0.0,0.0,0.0,0.0,0.0,0.0,0.0,0.0,0.0,0.0,0.0,0.0,0.0,0.0,0.0,0.0,0.0,0.0,please
0.0,0.0,0.030812960032484595,-0.3111254882646484,-0.02557909328732644,-0.5966747975298496,-0.11094868813331119,-0.8119297345763743,-0.16087063378961367,-1.0,-0.3598598616101829,-0.5129349696088346,-0.5235582289289701,-0.7080479031212995,-0.6033042195974203,-0.8180588705580182,-0.6610655996487311,-0.9073268111570597,-0.4354829120730204,-0.36463472801436936,-0.6205682667078553,-0.5385230000456572,-0.7183189221797708,-0.6432435635523615,-0.785001326000985,-0.7252027615791943,-0.4650145568679565,-0.22025119218659991,-0.6430081862346526,-0.3667806153227428,-0.7332898133010042,-0.4570016252012073,-0.7987975648210481,-0.537636765101597,-0.46327521271872946,-0.08167252924245029,-0.6052420267512199,-0.14896188208596955,-0.6814836833878791,-0.20407300873994935,-0.7381888283688439,-0.2634273385460229,0.0,0.0,0.0,0.0,0.0,0.0,0.0,0.0,0.0,0.0,0.0,0.0,0.0,0.0,0.0,0.0,0.0,0.0,0.0,0.0,0.0,0.0,0.0,0.0,0.0,0.0,0.0,0.0,0.0,0.0,0.0,0.0,0.0,0.0,0.0,0.0,0.0,0.0,0.0,0.0,0.0,0.0,please
0.0,0.0,0.026925056742111198,-0.31475646686191966,-0.03067814354126576,-0.5977580750099777,-0.11879390108737012,-0.8128535388355423,-0.16916043510979037,-1.0,-0.36623125630046693,-0.5166350522900846,-0.5311417446849636,-0.7108754398954158,-0.6244893412173159,-0.8251028798264154,-0.689685754040285,-0.9171855306302267,-0.44677381723075854,-0.3640585176651647,-0.634487092964059,-0.5354667005791678,-0.7452492508181257,-0.6459148712652611,-0.8187643017819024,-0.734589861590898,-0.4801482472318382,-0.210787086777319,-0.658728802833446,-0.35940633174432507,-0.7513530966655897,-0.45941488400266717,-0.8133369537219711,-0.5484152847255048,-0.4821989696045056,-0.05866606605416592,-0.6276823865127449,-0.12937625933520444,-0.7067203160817637,-0.18842768246738517,-0.7643232130935682,-0.2520839811551088,0.0,0.0,0.0,0.0,0.0,0.0,0.0,0.0,0.0,0.0,0.0,0.0,0.0,0.0,0.0,0.0,0.0,0.0,0.0,0.0,0.0,0.0,0.0,0.0,0.0,0.0,0.0,0.0,0.0,0.0,0.0,0.0,0.0,0.0,0.0,0.0,0.0,0.0,0.0,0.0,0.0,0.0,please
0.0,0.0,0.04186451803756745,-0.31000760392895793,-0.005525741754399283,-0.5966998618255123,-0.08606261297074323,-0.8111453051824303,-0.12802120023253252,-1.0,-0.34291037802212854,-0.5253698096377221,-0.5004296034198289,-0.7428941634584798,-0.5777121126916299,-0.8586706863381368,-0.6333542651110038,-0.9428717188716479,-0.42684611883996143,-0.377207068229481,-0.6091024558256287,-0.5716781702050585,-0.7021663152135929,-0.6806397284865128,-0.764552880313003,-0.7588277571875283,-0.46416653635878663,-0.23446857283371572,-0.6424049209756629,-0.3944838302017496,-0.7276025509263137,-0.4942766303578715,-0.787583852605078,-0.5810080425060866,-0.4693253875095049,-0.10065757688405597,-0.6148064340048693,-0.18259640960875867,-0.6856306578203089,-0.24955471837613413,-0.73565702195815,-0.31948982298895057,0.0,0.0,0.0,0.0,0.0,0.0,0.0,0.0,0.0,0.0,0.0,0.0,0.0,0.0,0.0,0.0,0.0,0.0,0.0,0.0,0.0,0.0,0.0,0.0,0.0,0.0,0.0,0.0,0.0,0.0,0.0,0.0,0.0,0.0,0.0,0.0,0.0,0.0,0.0,0.0,0.0,0.0,please
0.0,0.0,0.04430136982885762,-0.3018753643990776,-0.0016838717747435026,-0.5946091169272748,-0.08113253259384821,-0.8125782561953557,-0.1274070078487873,-1.0,-0.34245607160028907,-0.5343323668662905,-0.49062224298203216,-0.7512977074493041,-0.5670538976104563,-0.8701574661137428,-0.6216874747284175,-0.9631713306285554,-0.42460860993725374,-0.391820380915732,-0.6007111781741628,-0.5795373840727838,-0.6938220772544745,-0.6928448747672313,-0.7561578509274801,-0.7798055069920988,-0.4574968863748094,-0.25134487414388296,-0.6297654464691261,-0.41031304971535837,-0.711834560013697,-0.5096710424338181,-0.7702975740527495,-0.5946837109508598,-0.4555449747938691,-0.11539674670321427,-0.596558535114669,-0.1871433148586724,-0.6715045427552581,-0.2485880120131701,-0.7282885679152612,-0.31356127660087296,0.0,0.0,0.0,0.0,0.0,0.0,0.0,0.0,0.0,0.0,0.0,0.0,0.0,0.0,0.0,0.0,0.0,0.0,0.0,0.0,0.0,0.0,0.0,0.0,0.0,0.0,0.0,0.0,0.0,0.0,0.0,0.0,0.0,0.0,0.0,0.0,0.0,0.0,0.0,0.0,0.0,0.0,please
0.0,0.0,0.04194889220784351,-0.3049710497319295,-0.005962771863146633,-0.588370388611858,-0.08689135727967497,-0.809673314568259,-0.12959941132914046,-1.0,-0.34486675900719366,-0.5342053573754895,-0.48747025758132256,-0.7520152563584269,-0.5740312019088939,-0.8696604426461949,-0.6359282114037749,-0.9569209799302235,-0.4304687178254478,-0.38660416591373836,-0.6023637185776757,-0.5704133639379425,-0.6997741845471378,-0.6826980859792284,-0.7637571556204031,-0.7662417139365557,-0.4653991976796081,-0.24202428309319474,-0.634322162819098,-0.40425567679919044,-0.7190544369259009,-0.5082217668698663,-0.7763634866057207,-0.5968629995486633,-0.46475927866807754,-0.10337250241427333,-0.6057842543152246,-0.17563512828637443,-0.6778829869583014,-0.23772418702654818,-0.7284806089095721,-0.3038542644597953,0.0,0.0,0.0,0.0,0.0,0.0,0.0,0.0,0.0,0.0,0.0,0.0,0.0,0.0,0.0,0.0,0.0,0.0,0.0,0.0,0.0,0.0,0.0,0.0,0.0,0.0,0.0,0.0,0.0,0.0,0.0,0.0,0.0,0.0,0.0,0.0,0.0,0.0,0.0,0.0,0.0,0.0,please
0.0,0.0,0.04475154611298014,-0.3116394462588026,0.00449444797772501,-0.5927437951001323,-0.0744916014508439,-0.8095675674625792,-0.11832725218221139,-1.0,-0.33348076716812874,-0.5332131850089248,-0.4815793670610441,-0.7620359637845816,-0.5588486521727589,-0.8795530672244334,-0.6182829033365654,-0.9644958895849703,-0.41485140331185527,-0.38525399803224925,-0.5899426961119982,-0.5885337840010514,-0.6836830993347242,-0.7022330021449303,-0.7504817406846382,-0.7818610847403931,-0.44849793373224994,-0.24210455666584732,-0.6228240740640829,-0.4103863054217597,-0.7100203788880504,-0.5183892326613818,-0.7726264897057805,-0.6097305899346033,-0.4511127891496179,-0.10806810169891687,-0.6017037725868887,-0.19417154737762363,-0.6786335894056542,-0.2685574021892144,-0.7345527359569003,-0.34739022689560023,0.0,0.0,0.0,0.0,0.0,0.0,0.0,0.0,0.0,0.0,0.0,0.0,0.0,0.0,0.0,0.0,0.0,0.0,0.0,0.0,0.0,0.0,0.0,0.0,0.0,0.0,0.0,0.0,0.0,0.0,0.0,0.0,0.0,0.0,0.0,0.0,0.0,0.0,0.0,0.0,0.0,0.0,please
0.0,0.0,0.04171949096637796,-0.31126833440315504,-0.0030812199168206203,-0.5956702892430463,-0.08556269659085454,-0.8137796742170594,-0.13598263866045282,-1.0,-0.3400219417175351,-0.5269417264255448,-0.5012864532120435,-0.7455536460768956,-0.5852257472008308,-0.8731994544798266,-0.6392312219616322,-0.9709844567646813,-0.42168471583342076,-0.37864887739843067,-0.6075190834265353,-0.5723427673235549,-0.7075826059434672,-0.6911616574709415,-0.7721384195206606,-0.7806388347063206,-0.45774863575504227,-0.23603660390576797,-0.638279717780437,-0.39871425802677457,-0.7255430530637501,-0.5014640406544109,-0.7855596071472389,-0.5881807222274578,-0.4625526094463184,-0.10252796502127492,-0.6158015705931198,-0.18395836407959473,-0.6944382458005793,-0.2454640744382547,-0.7510634131639636,-0.3076459061982685,0.0,0.0,0.0,0.0,0.0,0.0,0.0,0.0,0.0,0.0,0.0,0.0,0.0,0.0,0.0,0.0,0.0,0.0,0.0,0.0,0.0,0.0,0.0,0.0,0.0,0.0,0.0,0.0,0.0,0.0,0.0,0.0,0.0,0.0,0.0,0.0,0.0,0.0,0.0,0.0,0.0,0.0,please
0.0,0.0,0.04755659958817049,-0.31110456343239806,-0.003989963622175864,-0.5927533378552772,-0.08976552867411304,-0.8140413546592877,-0.13643302241598557,-1.0,-0.3478845753620589,-0.5393105698862817,-0.5059615715687504,-0.7600425584133101,-0.5941067745100815,-0.8841876705561676,-0.6537015885687418,-0.9745655270559224,-0.432829356854633,-0.38438724739932045,-0.6131328754752873,-0.5768528170226461,-0.7153757775743053,-0.6947672210318033,-0.7802960120141663,-0.7790992252013411,-0.47007617182847,-0.23247713069631193,-0.6480975921773069,-0.3964137749375536,-0.7373020357287499,-0.5039710847316073,-0.7953157427022974,-0.5920802155070308,-0.47604583435032116,-0.09041055743520382,-0.6274262183739252,-0.17191836947517133,-0.7039339337719529,-0.23550516989428272,-0.7566732383185741,-0.3020296605350727,0.0,0.0,0.0,0.0,0.0,0.0,0.0,0.0,0.0,0.0,0.0,0.0,0.0,0.0,0.0,0.0,0.0,0.0,0.0,0.0,0.0,0.0,0.0,0.0,0.0,0.0,0.0,0.0,0.0,0.0,0.0,0.0,0.0,0.0,0.0,0.0,0.0,0.0,0.0,0.0,0.0,0.0,please
0.0,0.0,0.04353297175167294,-0.31894407396093305,-0.009697919848758191,-0.6156828071955135,-0.10155011325844251,-0.822182746675735,-0.16037579900517013,-1.0,-0.36990115102854804,-0.5387941001861704,-0.5353521962915785,-0.7417089632673763,-0.6194617774370739,-0.8488487985383033,-0.6779002518775541,-0.9230801685331735,-0.45085183029101367,-0.37801322213064203,-0.6404839276759828,-0.565805748802573,-0.7402034617313268,-0.6721582505749379,-0.8068632887023983,-0.745051960552632,-0.4825809091799858,-0.221441292933019,-0.6700291071315354,-0.3742100439777057,-0.760330610903935,-0.4749954177882038,-0.8202770076716024,-0.5582791633284725,-0.48281641757494365,-0.0725792376813432,-0.6391073044490683,-0.1447801402906102,-0.721357833276656,-0.2065624189467253,-0.7810770215046946,-0.27407874487743306,0.0,0.0,0.0,0.0,0.0,0.0,0.0,0.0,0.0,0.0,0.0,0.0,0.0,0.0,0.0,0.0,0.0,0.0,0.0,0.0,0.0,0.0,0.0,0.0,0.0,0.0,0.0,0.0,0.0,0.0,0.0,0.0,0.0,0.0,0.0,0.0,0.0,0.0,0.0,0.0,0.0,0.0,please
0.0,0.0,0.032367418066807846,-0.3180595219752591,-0.022029365639597866,-0.6206909154755463,-0.10820496466353016,-0.8354922202434913,-0.17474836874146746,-1.0,-0.3833361401849178,-0.5521060344920256,-0.5593418589957204,-0.7386393577923575,-0.6450245271052283,-0.8477924410889629,-0.6950735574275863,-0.9293301657714602,-0.45832924249644963,-0.3878629348679048,-0.6570072751204259,-0.5602979801418236,-0.7641719130903197,-0.6719179873799175,-0.8265284501282194,-0.7539817279933878,-0.48306369642048785,-0.22667177871976513,-0.6831783592937245,-0.3783626380582798,-0.7757447413336964,-0.4773766567889379,-0.830501279804882,-0.5602879471404154,-0.47508769918195204,-0.06812073522789844,-0.6445577536587609,-0.11915073031889417,-0.7333833788998814,-0.17189589088872087,-0.7937535010994498,-0.23371064585057755,0.0,0.0,0.0,0.0,0.0,0.0,0.0,0.0,0.0,0.0,0.0,0.0,0.0,0.0,0.0,0.0,0.0,0.0,0.0,0.0,0.0,0.0,0.0,0.0,0.0,0.0,0.0,0.0,0.0,0.0,0.0,0.0,0.0,0.0,0.0,0.0,0.0,0.0,0.0,0.0,0.0,0.0,please
0.0,0.0,0.0339518690623213,-0.3234720013070702,-0.02072306930835804,-0.6168861935905506,-0.1080577033046771,-0.831055411126435,-0.17160414033705113,-1.0,-0.3852046381770215,-0.5447294316647365,-0.5627071730282222,-0.7371191115767015,-0.6537861786937947,-0.8439557614404682,-0.7046525932368728,-0.9191050894045623,-0.4646072302125431,-0.3802827019831907,-0.6636322135137602,-0.5542388478560685,-0.7722653640815189,-0.6613136055435154,-0.8291826246161683,-0.7311962094964416,-0.49256675909062514,-0.21737153950763818,-0.6913955617278315,-0.366821080351179,-0.7850804184546778,-0.4603902469497691,-0.8346615072633699,-0.5329376883118131,-0.4843540814708384,-0.05779412683386273,-0.6492168391006203,-0.11111249933925679,-0.7359260496206133,-0.16282490545365427,-0.7919209126425403,-0.21988668854727797,0.0,0.0,0.0,0.0,0.0,0.0,0.0,0.0,0.0,0.0,0.0,0.0,0.0,0.0,0.0,0.0,0.0,0.0,0.0,0.0,0.0,0.0,0.0,0.0,0.0,0.0,0.0,0.0,0.0,0.0,0.0,0.0,0.0,0.0,0.0,0.0,0.0,0.0,0.0,0.0,0.0,0.0,please
0.0,0.0,0.021200395351097127,-0.31888575259059426,-0.03458275234184989,-0.6157474996409934,-0.11362133821749272,-0.8282846719066087,-0.16235885235302405,-1.0,-0.3749754498620754,-0.5282818726788314,-0.5502582003150155,-0.7115266055221254,-0.6141238337404351,-0.8084998210087279,-0.6318669552071212,-0.8646914738935597,-0.44386433167071343,-0.37488783175685225,-0.6254652578282225,-0.5351565940361883,-0.7153178523141079,-0.6347221675399272,-0.7606079922732211,-0.6994676232894841,-0.4707230359832765,-0.22367696092164233,-0.6448408070059892,-0.35860042252408875,-0.7277735056049416,-0.44830133527716565,-0.7794613603018068,-0.5208256857140842,-0.4678853472715153,-0.07828393227325288,-0.6104304461309097,-0.14287372364885487,-0.68262184776798,-0.19312077256866017,-0.7379068239483723,-0.25145941040070147,0.0,0.0,0.0,0.0,0.0,0.0,0.0,0.0,0.0,0.0,0.0,0.0,0.0,0.0,0.0,0.0,0.0,0.0,0.0,0.0,0.0,0.0,0.0,0.0,0.0,0.0,0.0,0.0,0.0,0.0,0.0,0.0,0.0,0.0,0.0,0.0,0.0,0.0,0.0,0.0,0.0,0.0,please
0.0,0.0,0.016510644700662047,-0.32957857842500915,-0.04998972310403563,-0.6249724638194256,-0.14771267765753646,-0.8309160500529088,-0.20473863247459786,-1.0,-0.39586185294892823,-0.5219035564944082,-0.5629044376521866,-0.7338657650534398,-0.6504871937091629,-0.8471392858688255,-0.714585521476254,-0.9309500769046186,-0.47349531983273735,-0.36363517904417986,-0.6713685924291238,-0.5442145009460645,-0.7802162868640617,-0.654905275538824,-0.8579796900999563,-0.7344442707042574,-0.5019848177301532,-0.21288835848960116,-0.6965697294766946,-0.35531261432432115,-0.7966205976531306,-0.45772483291439003,-0.8710331919153774,-0.5402419151806963,-0.5007847811463705,-0.07668187057208382,-0.659629574447998,-0.12807052999280125,-0.7493162668019874,-0.17860728882699806,-0.8213877939978994,-0.23886972829657252,0.0,0.0,0.0,0.0,0.0,0.0,0.0,0.0,0.0,0.0,0.0,0.0,0.0,0.0,0.0,0.0,0.0,0.0,0.0,0.0,0.0,0.0,0.0,0.0,0.0,0.0,0.0,0.0,0.0,0.0,0.0,0.0,0.0,0.0,0.0,0.0,0.0,0.0,0.0,0.0,0.0,0.0,please
0.0,0.0,0.013168831679557833,-0.334828826127959,-0.051666896919271225,-0.6189085311526666,-0.14610306617306637,-0.8373463255387081,-0.21162087023227083,-1.0,-0.40721475468904533,-0.5268957599216954,-0.5755855034322108,-0.7385161194273018,-0.6701808917236489,-0.8507789475404552,-0.7389465343237686,-0.9344140139310912,-0.4876544597035385,-0.35913686172254317,-0.6890468793451667,-0.5376999271448413,-0.8044267999731358,-0.6454160111277125,-0.8827938485016174,-0.7255898829133586,-0.5154086234665113,-0.19845816727268642,-0.7133401038664817,-0.3425032603513442,-0.8137729702509379,-0.4469514597717205,-0.8829881799974413,-0.5310012362138913,-0.5104439772430412,-0.05277925959444728,-0.6821538569183928,-0.10124926295758237,-0.771313453638404,-0.1493175797991261,-0.8368557725775021,-0.21077408542260972,0.0,0.0,0.0,0.0,0.0,0.0,0.0,0.0,0.0,0.0,0.0,0.0,0.0,0.0,0.0,0.0,0.0,0.0,0.0,0.0,0.0,0.0,0.0,0.0,0.0,0.0,0.0,0.0,0.0,0.0,0.0,0.0,0.0,0.0,0.0,0.0,0.0,0.0,0.0,0.0,0.0,0.0,please
0.0,0.0,0.019280524571134387,-0.33401778330639165,-0.04707755869010062,-0.6192459793405063,-0.14561047076784134,-0.8320781641352861,-0.20965030570463622,-1.0,-0.408297774724303,-0.5210045587827893,-0.5760277787029427,-0.7360393247620884,-0.6721738941847054,-0.8493311573452635,-0.7417248294232418,-0.9311008542586291,-0.4905713207973907,-0.3493266390976104,-0.689877679417678,-0.522774162749346,-0.8046065729401374,-0.6294502480259776,-0.8812822683565429,-0.7096847734795902,-0.5186639774056635,-0.18560160983872953,-0.7186794427219163,-0.3311932330592177,-0.8194406254494043,-0.4380722522018712,-0.8881496175109722,-0.5258829753202986,-0.5142894100278763,-0.03857008563757509,-0.6845914587562736,-0.08287602212443873,-0.7742535015773848,-0.13242260951780485,-0.8397145190402829,-0.19608781717775794,0.0,0.0,0.0,0.0,0.0,0.0,0.0,0.0,0.0,0.0,0.0,0.0,0.0,0.0,0.0,0.0,0.0,0.0,0.0,0.0,0.0,0.0,0.0,0.0,0.0,0.0,0.0,0.0,0.0,0.0,0.0,0.0,0.0,0.0,0.0,0.0,0.0,0.0,0.0,0.0,0.0,0.0,please
0.0,0.0,0.013680333830765098,-0.34627643652285045,-0.05675194342721981,-0.6357748645232378,-0.15610412978112728,-0.8468746990510385,-0.22336359902445208,-1.0,-0.4240144856080891,-0.5295376518531871,-0.6014766288009425,-0.7340550895390896,-0.7011097694446297,-0.8397534406611644,-0.7719931100350342,-0.9144217074503096,-0.5053470485120809,-0.35391296069026956,-0.7108973498931742,-0.5253570849455966,-0.8272581083709837,-0.6225406553752674,-0.9032364891578807,-0.6915730998339791,-0.5314353279716061,-0.1851099165066407,-0.737752217522274,-0.32240602229910054,-0.8459617347939664,-0.42131180960078973,-0.9181878393435328,-0.49884778560553744,-0.5243125605499022,-0.03266367988112122,-0.6987650083504334,-0.06651592810533372,-0.7958120799918568,-0.1095151041739546,-0.8689335891553839,-0.16440490232311333,0.0,0.0,0.0,0.0,0.0,0.0,0.0,0.0,0.0,0.0,0.0,0.0,0.0,0.0,0.0,0.0,0.0,0.0,0.0,0.0,0.0,0.0,0.0,0.0,0.0,0.0,0.0,0.0,0.0,0.0,0.0,0.0,0.0,0.0,0.0,0.0,0.0,0.0,0.0,0.0,0.0,0.0,please
0.0,0.0,0.018780258773848136,-0.34613451886353425,-0.05094944022607502,-0.6337985236675141,-0.15194786013493766,-0.8458626951938204,-0.2237281637604055,-1.0,-0.4226943767781739,-0.5313717082267869,-0.6082356715501606,-0.7330631570797996,-0.7135355617636799,-0.839371208859709,-0.7880779538291142,-0.9136037819342818,-0.5063583598705417,-0.35136758873407303,-0.7218605366024927,-0.5129211231416931,-0.8446629857866074,-0.604410142636721,-0.9255018881960536,-0.6693772852543015,-0.5346558752336498,-0.17889968406747625,-0.7455961851554851,-0.31146878770071457,-0.8572957158704171,-0.40458246427368516,-0.9342946625715519,-0.47699611847798173,-0.5285504842118014,-0.025163472726644234,-0.7018057204955618,-0.05404763013468913,-0.8020342352127495,-0.08701785580118562,-0.8811756323721279,-0.13242397864720087,0.0,0.0,0.0,0.0,0.0,0.0,0.0,0.0,0.0,0.0,0.0,0.0,0.0,0.0,0.0,0.0,0.0,0.0,0.0,0.0,0.0,0.0,0.0,0.0,0.0,0.0,0.0,0.0,0.0,0.0,0.0,0.0,0.0,0.0,0.0,0.0,0.0,0.0,0.0,0.0,0.0,0.0,please
0.0,0.0,0.028682454189286177,-0.34430949908552744,-0.03802294285417351,-0.6360560423562156,-0.14107808441245318,-0.847200314833053,-0.21892239923744533,-1.0,-0.4134615024756829,-0.5355478357098872,-0.5991472215896708,-0.7324080266306846,-0.7070811814991247,-0.8388633997075645,-0.7847376501581794,-0.913682887458987,-0.5014908220234587,-0.356171300733219,-0.7168630006963983,-0.5109879211316717,-0.8433403280240281,-0.5990657496127202,-0.9296568647913526,-0.6648933796677613,-0.5349068556509453,-0.182610367899235,-0.7447280001911568,-0.3137028092286158,-0.8553259210147897,-0.4033052864373341,-0.9330012462621492,-0.476263297853199,-0.53269861961137,-0.026699201718569307,-0.7048191106196563,-0.0518766335779124,-0.8048138710790891,-0.08319526760089786,-0.882596002345702,-0.1281021606771329,0.0,0.0,0.0,0.0,0.0,0.0,0.0,0.0,0.0,0.0,0.0,0.0,0.0,0.0,0.0,0.0,0.0,0.0,0.0,0.0,0.0,0.0,0.0,0.0,0.0,0.0,0.0,0.0,0.0,0.0,0.0,0.0,0.0,0.0,0.0,0.0,0.0,0.0,0.0,0.0,0.0,0.0,please
0.0,0.0,0.019079365069725795,-0.35722251860614607,-0.05110583254210465,-0.6496509231642306,-0.15929733427541923,-0.8526486753359217,-0.23759633278789918,-1.0,-0.43268341753706885,-0.5352181529063724,-0.6215684029973878,-0.7202439059197467,-0.7282471827754956,-0.817108514875656,-0.8043294758214988,-0.8870432115615439,-0.5117703553256953,-0.3515587685799573,-0.7344292419902708,-0.5079247865656201,-0.8591783994721566,-0.595464384689262,-0.942883967060191,-0.6565699105575058,-0.5378295871046375,-0.1711103506678962,-0.7585614384643716,-0.3027787991805432,-0.878168495121001,-0.3914084558788924,-0.9608453389064981,-0.45717420988212487,-0.5318808732978462,-0.007348330798466388,-0.7162791594464203,-0.034267615756477875,-0.8217781557727103,-0.06838402004493227,-0.9026375773858087,-0.112896060941258,0.0,0.0,0.0,0.0,0.0,0.0,0.0,0.0,0.0,0.0,0.0,0.0,0.0,0.0,0.0,0.0,0.0,0.0,0.0,0.0,0.0,0.0,0.0,0.0,0.0,0.0,0.0,0.0,0.0,0.0,0.0,0.0,0.0,0.0,0.0,0.0,0.0,0.0,0.0,0.0,0.0,0.0,please
0.0,0.0,0.02821918080231929,-0.35394606857591054,-0.043077749812600215,-0.6468866814600801,-0.15417386480408657,-0.847766839918388,-0.22964292274164644,-1.0,-0.4271244433854081,-0.5386977452455062,-0.6212934246255728,-0.7155013750924588,-0.7309184202818692,-0.8122027665668856,-0.8072349658212579,-0.8801140904781053,-0.5098741691115513,-0.3509768368902061,-0.7361592538261823,-0.49537829935316047,-0.8652007597758152,-0.5795077715062972,-0.9530169503725656,-0.6385653863910524,-0.5377863431476214,-0.16565830689879418,-0.7598377130276359,-0.2877958062162122,-0.875086874072309,-0.370373955649545,-0.9542193806126856,-0.43414883266067983,-0.5316249547013766,0.007425251066068973,-0.7180691244582781,-0.013274668513361232,-0.8240319125699336,-0.04418229158910053,-0.9043414076578253,-0.08769099885326224,0.0,0.0,0.0,0.0,0.0,0.0,0.0,0.0,0.0,0.0,0.0,0.0,0.0,0.0,0.0,0.0,0.0,0.0,0.0,0.0,0.0,0.0,0.0,0.0,0.0,0.0,0.0,0.0,0.0,0.0,0.0,0.0,0.0,0.0,0.0,0.0,0.0,0.0,0.0,0.0,0.0,0.0,please
0.0,0.0,0.03404363156264568,-0.35131073018574543,-0.04087494642259355,-0.6482869308671562,-0.15401416007834035,-0.8514787364179319,-0.23390440852107586,-1.0,-0.4283932096699006,-0.5455885067468424,-0.6232181797134821,-0.7224202283257882,-0.7356791112251315,-0.8171938892034878,-0.8165531503514991,-0.8841207517418523,-0.5125649577168673,-0.35727229211184147,-0.7384682649680413,-0.49651254102386816,-0.8701640329004383,-0.5766580838529429,-0.960122453704428,-0.6345864449943841,-0.5417805219143325,-0.17047908369338394,-0.7636862507078475,-0.2915199088949445,-0.8822695545801252,-0.3734637754160266,-0.9652045640128774,-0.4391357534156574,-0.5351966799215345,0.003602278877830999,-0.7208019560055189,-0.01708470079560493,-0.829256705388401,-0.04490740885583689,-0.9133496125219394,-0.08798207933523344,0.0,0.0,0.0,0.0,0.0,0.0,0.0,0.0,0.0,0.0,0.0,0.0,0.0,0.0,0.0,0.0,0.0,0.0,0.0,0.0,0.0,0.0,0.0,0.0,0.0,0.0,0.0,0.0,0.0,0.0,0.0,0.0,0.0,0.0,0.0,0.0,0.0,0.0,0.0,0.0,0.0,0.0,please
0.0,0.0,0.028341911648615364,-0.356562253307651,-0.05028639994947741,-0.6497195996084499,-0.16697053901291484,-0.8491253276074394,-0.24495816097761217,-1.0,-0.4365305188038776,-0.5358116770343238,-0.6265570431652404,-0.7151223594050965,-0.7384143799930531,-0.8074214531560833,-0.8185398970602166,-0.8700530487227257,-0.5184328523161451,-0.3474634500615744,-0.7421453156083236,-0.49364615238877135,-0.874542928415801,-0.5750424705548012,-0.9691752186680982,-0.6319489090277558,-0.5446643405222773,-0.16469607502605071,-0.7644399886324166,-0.2873617733430168,-0.8801443051564621,-0.3698320123780353,-0.9623791404843853,-0.4307335248981654,-0.5342626859073542,0.0030600903091351165,-0.718897975938615,-0.012066058290441757,-0.8303135558432536,-0.0346329217847106,-0.9177375351289905,-0.06805519593293126,0.0,0.0,0.0,0.0,0.0,0.0,0.0,0.0,0.0,0.0,0.0,0.0,0.0,0.0,0.0,0.0,0.0,0.0,0.0,0.0,0.0,0.0,0.0,0.0,0.0,0.0,0.0,0.0,0.0,0.0,0.0,0.0,0.0,0.0,0.0,0.0,0.0,0.0,0.0,0.0,0.0,0.0,please
0.0,0.0,0.03122750757635246,-0.35571826036977094,-0.04333859330895911,-0.6591288164012188,-0.16215072290181223,-0.8548451999925711,-0.24552334585279215,-1.0,-0.4374757460601501,-0.5366713053938807,-0.6299638101078203,-0.7072281057994734,-0.7438681315530439,-0.8018060082324103,-0.827349907415523,-0.868866624591206,-0.5195079060920031,-0.3494167161656114,-0.7465552481534423,-0.48910311822172636,-0.8822236826628358,-0.5715982820960878,-0.9794543266747885,-0.6304489703622149,-0.5469896767412089,-0.16356547496667578,-0.771084676918786,-0.2832097733236149,-0.892008345147371,-0.3662187704559887,-0.9779815769435165,-0.4307467134384177,-0.5430192803141258,0.014047816795146703,-0.7291616502486569,-0.008022250250807324,-0.8406602089414806,-0.0369891521555745,-0.9286037322475823,-0.07552143323311901,0.0,0.0,0.0,0.0,0.0,0.0,0.0,0.0,0.0,0.0,0.0,0.0,0.0,0.0,0.0,0.0,0.0,0.0,0.0,0.0,0.0,0.0,0.0,0.0,0.0,0.0,0.0,0.0,0.0,0.0,0.0,0.0,0.0,0.0,0.0,0.0,0.0,0.0,0.0,0.0,0.0,0.0,please
0.0,0.0,0.03429615717201976,-0.3573019259547842,-0.04518123033145165,-0.6541849669443351,-0.16460181184265424,-0.854695575950375,-0.24605905138204662,-1.0,-0.43806883317385714,-0.5403742404041175,-0.6372627764126148,-0.7138598855719887,-0.7495636889148029,-0.8056220953724702,-0.8298177825393963,-0.8690293493239482,-0.5207295476710991,-0.3484700814315742,-0.7527590259799231,-0.4862752853132292,-0.8880932810725224,-0.5659352917098261,-0.9810194806647723,-0.6219190053949899,-0.5477229233764028,-0.1609698346492862,-0.773579389533009,-0.2776527779788596,-0.8929520952803381,-0.3610836177362101,-0.9747268613636334,-0.4255727652383127,-0.5416803767937782,0.012707313574078779,-0.7297135087966369,-0.009427741487985322,-0.8403134332483525,-0.0349193647100012,-0.927230319606096,-0.07271028812325689,0.0,0.0,0.0,0.0,0.0,0.0,0.0,0.0,0.0,0.0,0.0,0.0,0.0,0.0,0.0,0.0,0.0,0.0,0.0,0.0,0.0,0.0,0.0,0.0,0.0,0.0,0.0,0.0,0.0,0.0,0.0,0.0,0.0,0.0,0.0,0.0,0.0,0.0,0.0,0.0,0.0,0.0,please
0.0,0.0,0.03720824756654921,-0.355551401155523,-0.04117134771735832,-0.6507669805067212,-0.16104352531269356,-0.8566075915370482,-0.24897524189689027,-1.0,-0.43936417273205414,-0.5380781482142187,-0.6441245666130617,-0.7148815875308316,-0.7543710615026011,-0.8052377037255972,-0.8308308192996164,-0.868122666852737,-0.5219634279680793,-0.3448394123250078,-0.7536448277609883,-0.4878457468342265,-0.8889086186320014,-0.5694896912000811,-0.9795198135259512,-0.6269126788266248,-0.5461832327390713,-0.15793189431645163,-0.7745013787415108,-0.2828325781906725,-0.8940630185914521,-0.36728732525463437,-0.973744667209518,-0.43055836233550715,-0.5343016669310708,0.012647295606261178,-0.7262077400422213,-0.011390662737247875,-0.8417580616388626,-0.034555758228838836,-0.9318669983457735,-0.06905062670367886,0.0,0.0,0.0,0.0,0.0,0.0,0.0,0.0,0.0,0.0,0.0,0.0,0.0,0.0,0.0,0.0,0.0,0.0,0.0,0.0,0.0,0.0,0.0,0.0,0.0,0.0,0.0,0.0,0.0,0.0,0.0,0.0,0.0,0.0,0.0,0.0,0.0,0.0,0.0,0.0,0.0,0.0,please
0.0,0.0,0.03672867019274578,-0.3591714374385082,-0.04045251348692247,-0.6561386132076095,-0.15688641931287678,-0.857644460291991,-0.2413558236432189,-1.0,-0.43436490956993723,-0.5479031714902637,-0.6340697490144807,-0.7254580931439552,-0.745329926110814,-0.8187017557761006,-0.8235397146120983,-0.8825934510013669,-0.5185455914106297,-0.356715067715246,-0.74915232133542,-0.4993390252438211,-0.8838100803602675,-0.5809482775697787,-0.9749884444972696,-0.6362208883870499,-0.5455187760411508,-0.16935876864562904,-0.7722210666719492,-0.29123135437095143,-0.8927213539087313,-0.37567995879637883,-0.9740991660228601,-0.4398258750817139,-0.5368125301268464,0.00526435688674947,-0.7263373018231282,-0.023730050249929018,-0.8385829982237542,-0.053298600793697956,-0.9240747343885158,-0.09211683603732097,0.0,0.0,0.0,0.0,0.0,0.0,0.0,0.0,0.0,0.0,0.0,0.0,0.0,0.0,0.0,0.0,0.0,0.0,0.0,0.0,0.0,0.0,0.0,0.0,0.0,0.0,0.0,0.0,0.0,0.0,0.0,0.0,0.0,0.0,0.0,0.0,0.0,0.0,0.0,0.0,0.0,0.0,please
0.0,0.0,0.03909176828107647,-0.3595509821025121,-0.03930594889127603,-0.6550182649384355,-0.1561058853322696,-0.8578665029139487,-0.23893518802045144,-1.0,-0.4335154585765762,-0.5501369663484854,-0.6389375052758941,-0.7313930181093513,-0.7492290987697029,-0.8237141301271346,-0.8232536583670301,-0.8867252711602663,-0.5183000283036201,-0.35784581313321073,-0.7525532017021896,-0.5048779882250319,-0.8866757812047411,-0.5878158708825267,-0.973759895922127,-0.6447217058972495,-0.5453700408664549,-0.17039441342816425,-0.7736274813254039,-0.2962462117011469,-0.8950192249442618,-0.38120374799516027,-0.9747021912960575,-0.44488556896069437,-0.5358929626607389,0.003627828913720304,-0.7253590504549269,-0.026413401681334343,-0.8400731259610403,-0.05351966274002214,-0.9280849704467172,-0.09069439869704037,0.0,0.0,0.0,0.0,0.0,0.0,0.0,0.0,0.0,0.0,0.0,0.0,0.0,0.0,0.0,0.0,0.0,0.0,0.0,0.0,0.0,0.0,0.0,0.0,0.0,0.0,0.0,0.0,0.0,0.0,0.0,0.0,0.0,0.0,0.0,0.0,0.0,0.0,0.0,0.0,0.0,0.0,please
0.0,0.0,0.09169435963875196,-0.33414136778106673,0.033061995462613035,-0.6364868947366892,-0.07460871573357812,-0.8375335147900805,-0.1660895683672669,-1.0,-0.3646051500213507,-0.5439294293988979,-0.5674834641003221,-0.7103813787033298,-0.6914358999683371,-0.8251526502464771,-0.7788267136478907,-0.9078099990994942,-0.4584572739077011,-0.34752876534853927,-0.7007172818670099,-0.4783148778071814,-0.8441660300187944,-0.5752071163191973,-0.9367104234991329,-0.6445823686786676,-0.4951503408849938,-0.14508781383351102,-0.7261868883460033,-0.279197082942388,-0.8571207854152929,-0.3662792555431938,-0.9489656529683284,-0.4373738202648649,-0.4914226828680236,0.04918685784500263,-0.6811274694917371,0.005769772636826037,-0.7989660886969101,-0.02175701740880927,-0.8979058884360539,-0.062072441329146466,0.0,0.0,0.026079756533897016,-0.3619308101764987,-0.05063852667004814,-0.6543280099373368,-0.16290390309810887,-0.8483019937949169,-0.2343005949611531,-1.0,-0.44685937457174674,-0.546404296795033,-0.6413904894869217,-0.7230559543656708,-0.7500767260657817,-0.8179915603019505,-0.8266566147343146,-0.8833080286764305,-0.5280409661359738,-0.3629134452152204,-0.7577486558980604,-0.5096143597357848,-0.8903979570394939,-0.5936492811774295,-0.9798025187805445,-0.6491732364594144,-0.5525290163261564,-0.17658770508361366,-0.779192195495647,-0.3022035861441692,-0.8991421907415071,-0.38730404399660406,-0.9806981919718312,-0.44975043303277923,-0.5417171547301662,0.0069234488730319805,-0.7310374954446542,-0.023826192705423677,-0.8462830916053394,-0.05680334339541687,-0.9369707635622415,-0.09568577876026244,please
0.0,0.0,0.02517574241914994,-0.3601185050785856,-0.046033761343503794,-0.6527951447240246,-0.1564039882420631,-0.8491858739553723,-0.23740287169379234,-0.99205100232994,-0.4491422231843273,-0.5484783469388917,-0.6461606547758073,-0.7202722583328112,-0.7589063950871876,-0.8112513600811206,-0.8388544200500168,-0.8761332822531488,-0.5298803057405392,-0.36368355540870795,-0.766503267043027,-0.5039613252744373,-0.8991154488125281,-0.5845749710893752,-0.9879415635093796,-0.6396906563139095,-0.5536411365435995,-0.1777202334497354,-0.7862059290991849,-0.290742618533562,-0.9130865438843347,-0.37025751818663444,-1.0,-0.43027839649996297,-0.5406537860101059,0.00324390028540341,-0.7342718367788722,-0.018921861559407775,-0.8568204863820987,-0.049155895203969444,-0.9542946875658678,-0.08576842447063648,0.0,0.0,0.0,0.0,0.0,0.0,0.0,0.0,0.0,0.0,0.0,0.0,0.0,0.0,0.0,0.0,0.0,0.0,0.0,0.0,0.0,0.0,0.0,0.0,0.0,0.0,0.0,0.0,0.0,0.0,0.0,0.0,0.0,0.0,0.0,0.0,0.0,0.0,0.0,0.0,0.0,0.0,please
0.0,0.0,0.031758192367410315,-0.36520097129315077,-0.03922092249500928,-0.6592652260708157,-0.15338143102300983,-0.855991124692093,-0.2350936927234733,-1.0,-0.4364732179339007,-0.549387323573705,-0.6362820164839655,-0.7233977894908883,-0.7518065819119999,-0.8135579740599354,-0.8350297400156435,-0.8746340869027189,-0.5191652000957284,-0.3600263836841429,-0.7598437189904155,-0.5013892293862875,-0.8976807749331652,-0.5772459694836503,-0.9917275548979092,-0.6266923936772552,-0.5453039085209961,-0.17238775260042727,-0.7804634510092343,-0.28785175813399644,-0.9070812392743319,-0.3655460897278745,-0.9943279821735019,-0.42023751152826905,-0.5361338271518463,0.004598174155663736,-0.733496151892971,-0.017173107904598466,-0.8562910056152885,-0.043195986411235246,-0.9547987879265459,-0.07561595979406717,0.0,0.0,0.0,0.0,0.0,0.0,0.0,0.0,0.0,0.0,0.0,0.0,0.0,0.0,0.0,0.0,0.0,0.0,0.0,0.0,0.0,0.0,0.0,0.0,0.0,0.0,0.0,0.0,0.0,0.0,0.0,0.0,0.0,0.0,0.0,0.0,0.0,0.0,0.0,0.0,0.0,0.0,please
0.0,0.0,0.04216061650054606,-0.3656334049115284,-0.031303676795401456,-0.6607153361854997,-0.14890456861805854,-0.8557379660758085,-0.23244297220142593,-1.0,-0.43239971105647446,-0.5594955838190164,-0.6365563251703499,-0.7347412205269748,-0.7513448771898671,-0.8230593594792878,-0.8305748872707369,-0.8816964799531727,-0.5170337104433647,-0.3666659724422122,-0.7573731204329622,-0.5068160053082594,-0.8942120680325351,-0.5793580762236528,-0.9831259611811608,-0.6254202341582547,-0.5443415774314206,-0.17560371037394218,-0.7810799720994845,-0.29469681939239284,-0.9070031536059296,-0.36703427678436695,-0.9911130135297038,-0.4157301030704086,-0.534065959361562,0.003974252311128016,-0.7295818539958281,-0.02277019672494133,-0.8517578676640114,-0.045114358863620335,-0.948023597785351,-0.0737120218118016,0.0,0.0,0.0,0.0,0.0,0.0,0.0,0.0,0.0,0.0,0.0,0.0,0.0,0.0,0.0,0.0,0.0,0.0,0.0,0.0,0.0,0.0,0.0,0.0,0.0,0.0,0.0,0.0,0.0,0.0,0.0,0.0,0.0,0.0,0.0,0.0,0.0,0.0,0.0,0.0,0.0,0.0,please
0.0,0.0,0.02986852552808361,-0.3705170294386093,-0.04403293386632801,-0.661571842236721,-0.15789453660166053,-0.8553662867297794,-0.23403289201607505,-1.0,-0.4451386936405497,-0.5569865382954544,-0.6431699055591974,-0.7250982434687925,-0.7580604538317521,-0.8072632255359591,-0.8363672230340748,-0.859431848575132,-0.5278836821678735,-0.36801134065763486,-0.7686771020906484,-0.504824383022646,-0.9055278096833115,-0.5731236153748699,-0.9961980947482117,-0.6146676005614021,-0.55348728646384,-0.17970270341220332,-0.7866671942334917,-0.29094333894253543,-0.9129041069935958,-0.3659937780087574,-0.9981469849365722,-0.4154147417135548,-0.5456181073108968,-0.0005661197853158115,-0.7408360310894115,-0.014313166964627786,-0.8626558398794104,-0.036076439867464054,-0.9598538132618886,-0.06436949360052564,0.0,0.0,0.0,0.0,0.0,0.0,0.0,0.0,0.0,0.0,0.0,0.0,0.0,0.0,0.0,0.0,0.0,0.0,0.0,0.0,0.0,0.0,0.0,0.0,0.0,0.0,0.0,0.0,0.0,0.0,0.0,0.0,0.0,0.0,0.0,0.0,0.0,0.0,0.0,0.0,0.0,0.0,please
0.0,0.0,0.04008846675545601,-0.37190139774094094,-0.032497592088224045,-0.6602336634515091,-0.15209476803399188,-0.8533685418423635,-0.22915274532665417,-1.0,-0.4391238043009068,-0.5557022576765149,-0.6419352621205907,-0.7262726601011708,-0.754503025443217,-0.8065678769975683,-0.8322411322024212,-0.8569281804789401,-0.5240213201961968,-0.3652164662761779,-0.7641085580333621,-0.5070708886154546,-0.8991465162470679,-0.5766245915766868,-0.9873674880449292,-0.619613305498334,-0.5476092546764181,-0.17415692364884275,-0.782837848839978,-0.2936385044678861,-0.9083968146437904,-0.37496639676548704,-0.9913591682681008,-0.42824768540920677,-0.5339924559778426,0.007336642195831202,-0.7358806889315938,-0.013200886664546782,-0.859545200382808,-0.038477431683664146,-0.9579548649034761,-0.07046195038549631,0.0,0.0,0.0,0.0,0.0,0.0,0.0,0.0,0.0,0.0,0.0,0.0,0.0,0.0,0.0,0.0,0.0,0.0,0.0,0.0,0.0,0.0,0.0,0.0,0.0,0.0,0.0,0.0,0.0,0.0,0.0,0.0,0.0,0.0,0.0,0.0,0.0,0.0,0.0,0.0,0.0,0.0,please
0.0,0.0,0.04888397539825061,-0.3716886772003392,-0.02755501405476336,-0.6636644135873441,-0.14963853917321773,-0.8568678720401917,-0.23060708279416994,-1.0,-0.4402029826577133,-0.5607045955915855,-0.6457864211093278,-0.7303055907673254,-0.7561441360673263,-0.811506409274554,-0.8302673565372972,-0.8645864556985096,-0.5272570119677793,-0.36790286799380034,-0.767032166775695,-0.5097685355553134,-0.9028524829564909,-0.5803277518854401,-0.9916074701774945,-0.6257648300147237,-0.5528357506337149,-0.1757936995727926,-0.7902829216690753,-0.29545481865690826,-0.9153497637116829,-0.37375472159780304,-0.9979114648789902,-0.4252014761670068,-0.5393281322888848,0.005810749867866999,-0.7403129933175407,-0.014756629043822399,-0.864432898344644,-0.03613755171412274,-0.962449022642342,-0.06260254121909804,0.0,0.0,0.0,0.0,0.0,0.0,0.0,0.0,0.0,0.0,0.0,0.0,0.0,0.0,0.0,0.0,0.0,0.0,0.0,0.0,0.0,0.0,0.0,0.0,0.0,0.0,0.0,0.0,0.0,0.0,0.0,0.0,0.0,0.0,0.0,0.0,0.0,0.0,0.0,0.0,0.0,0.0,please
0.0,0.0,0.035309686405066404,-0.3653664691900815,-0.03854205933820874,-0.6551007289306504,-0.15207826580374822,-0.8440282842551773,-0.23003912496577558,-0.984690869121831,-0.4526851789391817,-0.5597024756659379,-0.6437529016360267,-0.7141345882950483,-0.7557395848626857,-0.7907024637617901,-0.8374159269561491,-0.8381119227976335,-0.535775336986584,-0.3731827326368084,-0.764740509418165,-0.5091765107355573,-0.9001767765948582,-0.5713403673620011,-0.9974739398364371,-0.6070789998928626,-0.5639524548336792,-0.182457254189268,-0.7896398201680072,-0.2968461944423502,-0.9140752659585022,-0.3682730652783785,-1.0,-0.4146309912583875,-0.5580497831461075,0.008997154908675345,-0.7534970418192712,-0.00680877573775956,-0.8732386821314774,-0.031043636637792495,-0.9665299012352537,-0.06256423279751441,0.0,0.0,0.0,0.0,0.0,0.0,0.0,0.0,0.0,0.0,0.0,0.0,0.0,0.0,0.0,0.0,0.0,0.0,0.0,0.0,0.0,0.0,0.0,0.0,0.0,0.0,0.0,0.0,0.0,0.0,0.0,0.0,0.0,0.0,0.0,0.0,0.0,0.0,0.0,0.0,0.0,0.0,please
0.0,0.0,0.04214809729123082,-0.3703205024207908,-0.03156839001939141,-0.6582390431251525,-0.14942916107169402,-0.8467686175538989,-0.2263193582750101,-0.9913201896822164,-0.4437610677291417,-0.5579660745402075,-0.6416311278858022,-0.7179187065812253,-0.754969326940466,-0.7952889352445045,-0.8348208307356072,-0.8413027726115451,-0.5315319780249568,-0.3681750267931592,-0.7696514522519402,-0.506264279064762,-0.9050545107785573,-0.5686934526783651,-0.9968382251499264,-0.6023114334067102,-0.5625242493768492,-0.17530352431694132,-0.7959819768719103,-0.2892059069964838,-0.9182235154324146,-0.35841094819665553,-1.0,-0.4008357766455895,-0.5562524856243423,0.014661087270245373,-0.7554305455366379,-0.001750203199157831,-0.8767601659254128,-0.02305202909884764,-0.9714845534250942,-0.05091327350707788,0.0,0.0,0.0,0.0,0.0,0.0,0.0,0.0,0.0,0.0,0.0,0.0,0.0,0.0,0.0,0.0,0.0,0.0,0.0,0.0,0.0,0.0,0.0,0.0,0.0,0.0,0.0,0.0,0.0,0.0,0.0,0.0,0.0,0.0,0.0,0.0,0.0,0.0,0.0,0.0,0.0,0.0,please
0.0,0.0,0.043244963173505346,-0.3706240881874667,-0.03207098095007331,-0.6580809045627908,-0.1494368556278936,-0.848726651444954,-0.227559722640131,-0.9926977688452108,-0.44222615412502925,-0.5569576267962364,-0.6396942067365743,-0.7148423092001439,-0.7535337789987157,-0.7893969642428094,-0.8334766599387592,-0.8331452489519051,-0.5297644296526777,-0.36611087681093524,-0.7671590632360238,-0.503618157578702,-0.9022136178788598,-0.5674032779374477,-0.995607634618675,-0.6033413307341272,-0.5602723469980858,-0.17177057896421147,-0.796124057975968,-0.28771844592050166,-0.9176967567091397,-0.35722971338544357,-1.0,-0.39927069238448476,-0.5531357196145054,0.01875472881161798,-0.752619092812776,-2.4006443492188852e-05,-0.8754360577188142,-0.020778594064671325,-0.9718603793384272,-0.0453835710886739,0.0,0.0,0.0,0.0,0.0,0.0,0.0,0.0,0.0,0.0,0.0,0.0,0.0,0.0,0.0,0.0,0.0,0.0,0.0,0.0,0.0,0.0,0.0,0.0,0.0,0.0,0.0,0.0,0.0,0.0,0.0,0.0,0.0,0.0,0.0,0.0,0.0,0.0,0.0,0.0,0.0,0.0,please
0.0,0.0,0.0360319091153008,-0.3710064524995256,-0.04241528640328777,-0.6528165880281921,-0.16075173909913684,-0.8396024612424661,-0.23590458513569226,-0.9816220739616122,-0.4444116102454698,-0.5516870734053623,-0.647035065015804,-0.6980581150324915,-0.760455045187129,-0.767617172417855,-0.8358933783350457,-0.8088884653390834,-0.530388221570719,-0.3604994633823924,-0.7724563425583572,-0.484795970787061,-0.9057827091336244,-0.5444979516913271,-0.9943348395709677,-0.5818149618150763,-0.5603895222140057,-0.1672418672983921,-0.7989796494316435,-0.27394778776119205,-0.9200202540426283,-0.3390355770929723,-1.0,-0.37982015129998886,-0.5515267425347984,0.019005343271665937,-0.7518861372694017,0.005560454554378341,-0.8722130241019835,-0.011131134291828361,-0.9660546417423057,-0.03441346713871565,0.0,0.0,0.0,0.0,0.0,0.0,0.0,0.0,0.0,0.0,0.0,0.0,0.0,0.0,0.0,0.0,0.0,0.0,0.0,0.0,0.0,0.0,0.0,0.0,0.0,0.0,0.0,0.0,0.0,0.0,0.0,0.0,0.0,0.0,0.0,0.0,0.0,0.0,0.0,0.0,0.0,0.0,please
0.0,0.0,0.03240148239654107,-0.36238048177887583,-0.050004117768169654,-0.6436775787523162,-0.17161663578340539,-0.8290199711756228,-0.24605332509779698,-0.9652641548280831,-0.4514105414865143,-0.5301371216800495,-0.6487053736874614,-0.6740918262301833,-0.760940704138357,-0.743810582664196,-0.8394881614165123,-0.7860185299567635,-0.5362190652666254,-0.3459299979411159,-0.7731859172328598,-0.4707424336009883,-0.9078587605517809,-0.5292888614371011,-0.9976364010706197,-0.5630467366687255,-0.5649332921556517,-0.15894461601811818,-0.8004053942763022,-0.26319662343010086,-0.9212921556516368,-0.3269252625077208,-1.0,-0.3644414247477867,-0.5549670578546427,0.023610459131150917,-0.7550638254066296,0.014752728021412394,-0.8745206917850525,0.0004595429277331686,-0.9661636812847436,-0.020330245007206094,0.0,0.0,0.0,0.0,0.0,0.0,0.0,0.0,0.0,0.0,0.0,0.0,0.0,0.0,0.0,0.0,0.0,0.0,0.0,0.0,0.0,0.0,0.0,0.0,0.0,0.0,0.0,0.0,0.0,0.0,0.0,0.0,0.0,0.0,0.0,0.0,0.0,0.0,0.0,0.0,0.0,0.0,please
0.0,0.0,0.03409216717694137,-0.35952738917833493,-0.04407761004586093,-0.636103825228821,-0.1631546953435701,-0.8184643029266131,-0.24694565708140429,-0.9479145273747734,-0.4470189571957788,-0.5245246707771253,-0.64646976195366,-0.6662338351846311,-0.7589097091578224,-0.7337180937689964,-0.8380520196218768,-0.7745970037086318,-0.532647772166288,-0.33780487353157973,-0.769403025924205,-0.46023911229898545,-0.9035905943729712,-0.5168526470148826,-0.9931854764528013,-0.5503266402906981,-0.5609300512771547,-0.14824937843066965,-0.7959342924769224,-0.25132473185369447,-0.9189342303302785,-0.3142348328234702,-1.0,-0.3537959046596401,-0.5509995526264777,0.03435721643947472,-0.7480056483479488,0.023750307132006467,-0.8669975392398437,0.007020101352533217,-0.9580487517784847,-0.017343440874465012,0.0,0.0,0.0,0.0,0.0,0.0,0.0,0.0,0.0,0.0,0.0,0.0,0.0,0.0,0.0,0.0,0.0,0.0,0.0,0.0,0.0,0.0,0.0,0.0,0.0,0.0,0.0,0.0,0.0,0.0,0.0,0.0,0.0,0.0,0.0,0.0,0.0,0.0,0.0,0.0,0.0,0.0,please
0.0,0.0,0.029236913025656678,-0.3595354285168631,-0.046676065511701226,-0.6392023574671822,-0.16684617876903485,-0.8187845133387291,-0.25066790594649996,-0.9497128431839817,-0.4482955106962943,-0.5283105805392202,-0.6432452368830027,-0.6657872450083752,-0.7580783573454226,-0.7327829963467932,-0.8410915503382375,-0.7732960215030896,-0.5292861172720665,-0.34227933250686876,-0.7638271229651646,-0.4663891213581039,-0.8997275836086478,-0.522470703666592,-0.9955382590119871,-0.5543387929197592,-0.5563553330522854,-0.15073012012924872,-0.7886481633681057,-0.2551215157243011,-0.9143504184654363,-0.31686075239964523,-1.0,-0.3554456382728976,-0.5503786850540433,0.038870520693513,-0.7471343738780494,0.028526370348687144,-0.8650986357497206,0.010368335482891726,-0.9556565493562375,-0.01602515587946961,0.0,0.0,0.0,0.0,0.0,0.0,0.0,0.0,0.0,0.0,0.0,0.0,0.0,0.0,0.0,0.0,0.0,0.0,0.0,0.0,0.0,0.0,0.0,0.0,0.0,0.0,0.0,0.0,0.0,0.0,0.0,0.0,0.0,0.0,0.0,0.0,0.0,0.0,0.0,0.0,0.0,0.0,please
0.0,0.0,0.023482861349573707,-0.35214927100577603,-0.053718966616356445,-0.6342463924045849,-0.16899277934979712,-0.8109696433685841,-0.25030446501088094,-0.9393236929212095,-0.4470079698441055,-0.5191103238415842,-0.6443279638303966,-0.6664986859710083,-0.7605242005588718,-0.7354858379675008,-0.8473588815173361,-0.7773470472773268,-0.5274001711723288,-0.3374232433208776,-0.7610312922838908,-0.4694619494327712,-0.9005615174704124,-0.5296901680058927,-1.0,-0.5616148992157821,-0.5544039079029038,-0.14990639275734433,-0.783810524494525,-0.25793057861790525,-0.9107117510055744,-0.3232549115455652,-0.9985562059208156,-0.36494898006321114,-0.5476586430687386,0.036230496391354707,-0.7408496715557448,0.014248542557489294,-0.8579893298662118,-0.0072156107820089315,-0.9488473584615656,-0.032558018432521735,0.0,0.0,0.0,0.0,0.0,0.0,0.0,0.0,0.0,0.0,0.0,0.0,0.0,0.0,0.0,0.0,0.0,0.0,0.0,0.0,0.0,0.0,0.0,0.0,0.0,0.0,0.0,0.0,0.0,0.0,0.0,0.0,0.0,0.0,0.0,0.0,0.0,0.0,0.0,0.0,0.0,0.0,please
0.0,0.0,0.02510545265914317,-0.35200056435732857,-0.0512293675332748,-0.6322056676936477,-0.1678549077860824,-0.8063001878304538,-0.2550196014902244,-0.932818878259549,-0.4479039257684247,-0.5221817564312341,-0.6464918074198204,-0.6708594980472434,-0.7641039169397809,-0.7401812491010308,-0.8504493209442255,-0.7816294085928049,-0.5273403879407484,-0.3391006061983416,-0.759100314726368,-0.46955585796359517,-0.8997887673037723,-0.5294309601107932,-0.9987464593019584,-0.5629950139283473,-0.5528748113088591,-0.15108513114865937,-0.7817269883404874,-0.25849846734320553,-0.9107688122453712,-0.3247137185508605,-1.0,-0.3700017044774108,-0.5444468358288332,0.034812314226219006,-0.737919384343604,0.01694297012898057,-0.8587531040181101,-0.0024002083390976493,-0.9527401428085943,-0.027923859916879797,0.0,0.0,0.0,0.0,0.0,0.0,0.0,0.0,0.0,0.0,0.0,0.0,0.0,0.0,0.0,0.0,0.0,0.0,0.0,0.0,0.0,0.0,0.0,0.0,0.0,0.0,0.0,0.0,0.0,0.0,0.0,0.0,0.0,0.0,0.0,0.0,0.0,0.0,0.0,0.0,0.0,0.0,please
0.0,0.0,0.0281058036026453,-0.35108988390251966,-0.04833121791109293,-0.6307968749668913,-0.16555428653765064,-0.8046133862789264,-0.2527878016065908,-0.9318921622016778,-0.4466352072654689,-0.5218195032748432,-0.6486429160195029,-0.6701212677276975,-0.7645248987669808,-0.7405146091271817,-0.8474734654006624,-0.7844405220254655,-0.5270842559611468,-0.33692001584977466,-0.7617757680677896,-0.46654786398859155,-0.9013328219591423,-0.527693667082688,-0.9974258948871763,-0.5644104752601545,-0.5537394237716955,-0.14881667023357228,-0.7835653940936281,-0.2577639527812329,-0.9122208543198053,-0.32430927402522824,-1.0,-0.3706300285423081,-0.5458692054558824,0.03608790268068849,-0.7386425134182751,0.018792577728523874,-0.859075585202074,0.0003267426806037323,-0.9526926605796187,-0.025326583759066473,0.0,0.0,0.0,0.0,0.0,0.0,0.0,0.0,0.0,0.0,0.0,0.0,0.0,0.0,0.0,0.0,0.0,0.0,0.0,0.0,0.0,0.0,0.0,0.0,0.0,0.0,0.0,0.0,0.0,0.0,0.0,0.0,0.0,0.0,0.0,0.0,0.0,0.0,0.0,0.0,0.0,0.0,please
0.0,0.0,0.02681713237619057,-0.35002151418738187,-0.049828087964503394,-0.628687604880338,-0.1689969638381395,-0.8055518267124986,-0.2584047945782127,-0.9351908697563542,-0.44011792616381784,-0.5196822474341495,-0.6458283365069145,-0.6703536618546565,-0.7628648796636959,-0.7428563672981807,-0.8475563424651463,-0.7878353334423357,-0.517542916509472,-0.33599371264043865,-0.7564602471045976,-0.46869881897820653,-0.899677933993328,-0.5338215961724468,-1.0,-0.5712526770795757,-0.5408293470057107,-0.1510849448827514,-0.7751038968778026,-0.2640852186611241,-0.9048044393237356,-0.33092149643738206,-0.9934168071079736,-0.37440539091034597,-0.5302607807921674,0.02875287907330156,-0.7248563405777508,0.012307514824006736,-0.8461108944494244,-0.0038049043864554566,-0.9402543912163585,-0.023913936464331514,0.0,0.0,0.0,0.0,0.0,0.0,0.0,0.0,0.0,0.0,0.0,0.0,0.0,0.0,0.0,0.0,0.0,0.0,0.0,0.0,0.0,0.0,0.0,0.0,0.0,0.0,0.0,0.0,0.0,0.0,0.0,0.0,0.0,0.0,0.0,0.0,0.0,0.0,0.0,0.0,0.0,0.0,please
0.0,0.0,0.026346817039918206,-0.34391411426289953,-0.05306863078105726,-0.621199700002639,-0.17138328238315725,-0.7961712028072397,-0.2567797360465898,-0.9260017860228812,-0.4380433940564087,-0.5163342774226447,-0.6494300135271228,-0.6657059770473075,-0.7669012417881681,-0.743579298820016,-0.8521459516105279,-0.7965951491346132,-0.5144639760546942,-0.3334073962459468,-0.7562385234409118,-0.461719689753013,-0.9004117727681737,-0.5271866223651267,-0.9999570094587704,-0.5671163221889932,-0.5382317862697575,-0.14952450758804336,-0.7746365596670404,-0.262080554909988,-0.9088234467857973,-0.3286384257119191,-1.0,-0.37224658352891904,-0.529081611370615,0.028885387217081802,-0.7246870841942082,0.009933794566506367,-0.847320582594194,-0.00645198637582927,-0.942054922331841,-0.027500325621426146,0.0,0.0,0.0,0.0,0.0,0.0,0.0,0.0,0.0,0.0,0.0,0.0,0.0,0.0,0.0,0.0,0.0,0.0,0.0,0.0,0.0,0.0,0.0,0.0,0.0,0.0,0.0,0.0,0.0,0.0,0.0,0.0,0.0,0.0,0.0,0.0,0.0,0.0,0.0,0.0,0.0,0.0,please
0.0,0.0,0.02779229663973187,-0.3452642170187189,-0.05165491597306265,-0.6237690738442808,-0.17043340613353405,-0.7993491858006808,-0.2568087782814296,-0.9292155426937608,-0.43671920293790767,-0.5162318036771556,-0.6445105283403215,-0.6669588898246278,-0.7634036074650663,-0.744595681998159,-0.8511346650360103,-0.7967864824212435,-0.5136705912321977,-0.33285921616888625,-0.7551155026941186,-0.4617466680809245,-0.8993568108655897,-0.5278010292559683,-1.0,-0.5677435899401965,-0.5375427951443246,-0.14885276851623477,-0.7731153416731948,-0.2617275841195883,-0.9062050989107233,-0.3292528586538736,-0.9979442143435565,-0.3738488388389284,-0.5285950583615653,0.02915841860413602,-0.7230998146555452,0.00958926459017832,-0.8450273714271352,-0.007423149782259669,-0.9396959601213365,-0.028787814890686814,0.0,0.0,0.0,0.0,0.0,0.0,0.0,0.0,0.0,0.0,0.0,0.0,0.0,0.0,0.0,0.0,0.0,0.0,0.0,0.0,0.0,0.0,0.0,0.0,0.0,0.0,0.0,0.0,0.0,0.0,0.0,0.0,0.0,0.0,0.0,0.0,0.0,0.0,0.0,0.0,0.0,0.0,please
0.0,0.0,0.02105094801131941,-0.33902872289834923,-0.0550863776819092,-0.6143544118619236,-0.17110650013114992,-0.789956262035404,-0.2582783321142433,-0.9218913737474117,-0.4359150319131468,-0.5020406074267106,-0.6469171239142812,-0.6540811082274716,-0.7658995285000502,-0.7337451938353141,-0.8538742538849164,-0.7888243209526389,-0.5103056112972326,-0.31617920836629854,-0.751173845081025,-0.449317060791719,-0.8977798344738755,-0.5174173488950353,-1.0,-0.5585689944533181,-0.5313426979350818,-0.13233346626035072,-0.7655431845759166,-0.25289756018501736,-0.8987610064636651,-0.32180905851418873,-0.9889836201215962,-0.3682463656545021,-0.5190819932228546,0.044442122368204995,-0.711972601395947,0.024086375549390207,-0.8333380959590898,0.004870246881724099,-0.9261926645611596,-0.018826730699103702,0.0,0.0,0.0,0.0,0.0,0.0,0.0,0.0,0.0,0.0,0.0,0.0,0.0,0.0,0.0,0.0,0.0,0.0,0.0,0.0,0.0,0.0,0.0,0.0,0.0,0.0,0.0,0.0,0.0,0.0,0.0,0.0,0.0,0.0,0.0,0.0,0.0,0.0,0.0,0.0,0.0,0.0,please
0.0,0.0,0.02252322097138305,-0.32874103784767383,-0.05340406946322127,-0.6081820686473637,-0.17671346100863058,-0.78414929765772,-0.26490296207543906,-0.91611446780246,-0.4202712833097333,-0.48655778599330657,-0.6401393365070619,-0.6409287107101591,-0.7618939000766736,-0.7231688590168276,-0.8499573917333555,-0.780464269924971,-0.49805411570226754,-0.3026122391445029,-0.7432393815714441,-0.43868488890882257,-0.8941576484508318,-0.5072434053295574,-1.0,-0.5484151646985705,-0.5243428822837176,-0.12472539559479645,-0.7582332199248643,-0.24460049677608128,-0.8906891860432832,-0.3096345940681604,-0.9810159348509992,-0.3532201811545452,-0.5186472569460018,0.04434036209551513,-0.7071716440383666,0.022678703768962815,-0.8226866060540047,0.00553928823905053,-0.909682862079497,-0.017358543758369482,0.0,0.0,0.0,0.0,0.0,0.0,0.0,0.0,0.0,0.0,0.0,0.0,0.0,0.0,0.0,0.0,0.0,0.0,0.0,0.0,0.0,0.0,0.0,0.0,0.0,0.0,0.0,0.0,0.0,0.0,0.0,0.0,0.0,0.0,0.0,0.0,0.0,0.0,0.0,0.0,0.0,0.0,please
0.0,0.0,0.022677135439207526,-0.3297306636215598,-0.054872951740872526,-0.6082612419755432,-0.1761480286385596,-0.7839201854225967,-0.2673028928658458,-0.9110578379769924,-0.4230900643073965,-0.49310359795650066,-0.6421039602577453,-0.6420682888421961,-0.7656933814052217,-0.7244378851062385,-0.8562678330216741,-0.7839996939994233,-0.5002127391650224,-0.31058156011299676,-0.7469684668984305,-0.4388525322192391,-0.8962589280610694,-0.5063510161840783,-1.0,-0.5496230219018193,-0.5270767532823074,-0.1306068051605794,-0.7607718004996576,-0.24587533141108814,-0.8970555180456534,-0.3134112058958403,-0.9907204895321586,-0.3632385863289085,-0.522304949344441,0.0418554637219555,-0.7093989452435175,0.02121933493869029,-0.8238306974449382,0.004522533805112874,-0.9094334992412303,-0.019972554498831653,0.0,0.0,0.0,0.0,0.0,0.0,0.0,0.0,0.0,0.0,0.0,0.0,0.0,0.0,0.0,0.0,0.0,0.0,0.0,0.0,0.0,0.0,0.0,0.0,0.0,0.0,0.0,0.0,0.0,0.0,0.0,0.0,0.0,0.0,0.0,0.0,0.0,0.0,0.0,0.0,0.0,0.0,please
0.0,0.0,0.0039823692507780515,-0.3192814247221001,-0.0760631677960375,-0.5913037314231091,-0.19444378415915214,-0.7586205432865115,-0.28581606734457216,-0.8841114418197161,-0.42663497014284235,-0.4628300884084276,-0.6390734857913208,-0.6127755016800488,-0.759855960650015,-0.6956199880809072,-0.8503239123827828,-0.7540473130255989,-0.4978167430994056,-0.2888643923045447,-0.7403276222428609,-0.4199748374707753,-0.891344820033584,-0.487855089639388,-1.0,-0.5299390801924033,-0.5211814333812701,-0.11706730891673783,-0.7532866643688738,-0.22461802024208322,-0.8862301794146061,-0.28963947291122993,-0.9790872555694593,-0.33665409672123076,-0.5102543249158278,0.051297517195243905,-0.6949739460856307,0.03196974044562466,-0.8131020033244422,0.01188895548337694,-0.904781814384749,-0.013330877072045992,0.0,0.0,0.0,0.0,0.0,0.0,0.0,0.0,0.0,0.0,0.0,0.0,0.0,0.0,0.0,0.0,0.0,0.0,0.0,0.0,0.0,0.0,0.0,0.0,0.0,0.0,0.0,0.0,0.0,0.0,0.0,0.0,0.0,0.0,0.0,0.0,0.0,0.0,0.0,0.0,0.0,0.0,please
0.0,0.0,0.007708205949248044,-0.3192590209296592,-0.07529643905667625,-0.5913104078298965,-0.19495864530416862,-0.7684205398906068,-0.2872998761303268,-0.8942347832366175,-0.4216175012166916,-0.46807738799493925,-0.6436685249254068,-0.6162300463646024,-0.7652473141986949,-0.7029939372652875,-0.854331998924953,-0.7683850753066939,-0.4934646890247368,-0.2928045777514001,-0.7401200155702342,-0.4222849190488826,-0.8924446763173063,-0.4920514467200174,-1.0,-0.5384369860572911,-0.5160317010651766,-0.1224557899778795,-0.7477335780816907,-0.22817272363304325,-0.8830580982522797,-0.29369119234922103,-0.9770578324815424,-0.34389366094063184,-0.5051188640394674,0.041156863272919626,-0.6862704631717388,0.02369675131592834,-0.8019125665548464,0.0059794143045331,-0.8907415217212031,-0.01957944130889097,0.0,0.0,0.0,0.0,0.0,0.0,0.0,0.0,0.0,0.0,0.0,0.0,0.0,0.0,0.0,0.0,0.0,0.0,0.0,0.0,0.0,0.0,0.0,0.0,0.0,0.0,0.0,0.0,0.0,0.0,0.0,0.0,0.0,0.0,0.0,0.0,0.0,0.0,0.0,0.0,0.0,0.0,please
0.0,0.0,0.008148465961217188,-0.3222539016251362,-0.07438430803385264,-0.5934210401868893,-0.19261573753633793,-0.7723743187041557,-0.28416625037294474,-0.8988561022354328,-0.42316951852944135,-0.4777763638599155,-0.6455946093044012,-0.6235485249445204,-0.7686977501223087,-0.7106060749363092,-0.8602119357787043,-0.777253338446366,-0.4944271096203831,-0.30090426734741077,-0.742690068535847,-0.4257859353195631,-0.8938515495154513,-0.496448534488466,-1.0,-0.5446635157316037,-0.5172223077260389,-0.1279103660146117,-0.7478859300746922,-0.2326495798514412,-0.8862744305660764,-0.30070822954650783,-0.9835326097704208,-0.3558980293901935,-0.5064144342288879,0.03754166878037834,-0.6881361018227217,0.021937317772976188,-0.802138746613404,0.004371299034169904,-0.8888897725875528,-0.022521991916020157,0.0,0.0,0.0,0.0,0.0,0.0,0.0,0.0,0.0,0.0,0.0,0.0,0.0,0.0,0.0,0.0,0.0,0.0,0.0,0.0,0.0,0.0,0.0,0.0,0.0,0.0,0.0,0.0,0.0,0.0,0.0,0.0,0.0,0.0,0.0,0.0,0.0,0.0,0.0,0.0,0.0,0.0,please
0.0,0.0,0.00913838317751956,-0.3279652649735324,-0.07752745440487069,-0.6006828049723428,-0.20016113072676447,-0.7774148791789903,-0.29389011749566085,-0.9037214709396949,-0.4265742417934174,-0.4731126887743791,-0.6532862557652899,-0.6198134560378062,-0.778622818922587,-0.7065203873625928,-0.8718405130229314,-0.7732349967287219,-0.49717631919023697,-0.29645112277836955,-0.7411066112261616,-0.42688395884137276,-0.8924105264865391,-0.5000827281919294,-1.0,-0.5513348437086021,-0.5196524334524691,-0.1276548990770129,-0.7480501559940089,-0.23218570045906037,-0.8822553976089931,-0.29869959933601165,-0.9759478325754422,-0.34937250936775116,-0.5097280783809065,0.03152192837793266,-0.6933533034502523,0.017948016415868673,-0.8102050902169857,0.0037762986433657938,-0.8996938516191475,-0.0167165018411078,0.0,0.0,0.0,0.0,0.0,0.0,0.0,0.0,0.0,0.0,0.0,0.0,0.0,0.0,0.0,0.0,0.0,0.0,0.0,0.0,0.0,0.0,0.0,0.0,0.0,0.0,0.0,0.0,0.0,0.0,0.0,0.0,0.0,0.0,0.0,0.0,0.0,0.0,0.0,0.0,0.0,0.0,please
0.0,0.0,0.011260097014886407,-0.32499160213801737,-0.07305052118958978,-0.6009101019752816,-0.19908371928688662,-0.7750130101592374,-0.29533888201395525,-0.9025865414906596,-0.41981586491016465,-0.46337792467509414,-0.6412977263985269,-0.6195664092482651,-0.7648324517753864,-0.7103633968089865,-0.8586152491249689,-0.7765616107186307,-0.48879168254863364,-0.28712812265577814,-0.7360158193093389,-0.4277357449556262,-0.8895733363965949,-0.502256979798138,-1.0,-0.5491518594519895,-0.5071003270379827,-0.11977874897093556,-0.7379793090604664,-0.2283013170284274,-0.8743292588473434,-0.2952522926598335,-0.9708202579057386,-0.34290080428021186,-0.49103212769623583,0.0410394377522622,-0.677041072071931,0.022091163360606805,-0.797869336229508,0.0038604057777290443,-0.8926305062561897,-0.018671101433989323,0.0,0.0,0.0,0.0,0.0,0.0,0.0,0.0,0.0,0.0,0.0,0.0,0.0,0.0,0.0,0.0,0.0,0.0,0.0,0.0,0.0,0.0,0.0,0.0,0.0,0.0,0.0,0.0,0.0,0.0,0.0,0.0,0.0,0.0,0.0,0.0,0.0,0.0,0.0,0.0,0.0,0.0,please
0.0,0.0,0.01260248575695655,-0.3245044066802427,-0.07431521227742927,-0.5979075579126903,-0.1978283886746965,-0.7769662033767819,-0.29216678435853277,-0.9041074606750596,-0.42416686815397764,-0.4665883121066088,-0.6449611005833384,-0.6192020753338506,-0.7701100338935117,-0.7096932999431762,-0.8659949356128022,-0.7770539267331037,-0.49572075866300874,-0.29160203797504813,-0.7423172233681056,-0.4248079905939613,-0.8933820801695461,-0.49920612544701815,-1.0,-0.5472287711659874,-0.5151294421405547,-0.12285372370372374,-0.7422216441888295,-0.22677447765323874,-0.8780099803866287,-0.29122932281933267,-0.9738412006490655,-0.33780169633403656,-0.4990983260987023,0.03732388772457834,-0.6793999373279902,0.01802911367986823,-0.7953612674759328,0.003043258525531861,-0.8850946233874832,-0.01637415364418534,0.0,0.0,0.0,0.0,0.0,0.0,0.0,0.0,0.0,0.0,0.0,0.0,0.0,0.0,0.0,0.0,0.0,0.0,0.0,0.0,0.0,0.0,0.0,0.0,0.0,0.0,0.0,0.0,0.0,0.0,0.0,0.0,0.0,0.0,0.0,0.0,0.0,0.0,0.0,0.0,0.0,0.0,please
0.0,0.0,0.0073414860300742985,-0.33154658936887704,-0.07874519552964124,-0.6099774989410689,-0.2036259634854797,-0.7831433440313929,-0.3033954973004621,-0.9103237546893573,-0.42082173928319144,-0.4789092125589559,-0.6514280239985109,-0.6269299988150446,-0.776489044836486,-0.7163755815392243,-0.8668070864260196,-0.783329270733064,-0.49187476309075645,-0.2991159098046002,-0.74055521815727,-0.4316467322836622,-0.8934509065126938,-0.5044907190496963,-1.0,-0.5526959262630413,-0.5128214136932397,-0.12672737799051206,-0.7457989185263519,-0.23465739186300083,-0.8841458424760025,-0.2992197843468484,-0.9795653024985974,-0.3486356973593389,-0.49948139107215767,0.038638274582750584,-0.6852099455073278,0.016805853461389984,-0.8034501623694394,-0.0006647097808574494,-0.8935347044627427,-0.02518957649519875,0.0,0.0,0.0,0.0,0.0,0.0,0.0,0.0,0.0,0.0,0.0,0.0,0.0,0.0,0.0,0.0,0.0,0.0,0.0,0.0,0.0,0.0,0.0,0.0,0.0,0.0,0.0,0.0,0.0,0.0,0.0,0.0,0.0,0.0,0.0,0.0,0.0,0.0,0.0,0.0,0.0,0.0,please
0.0,0.0,0.005605960406270939,-0.331400348695268,-0.07841112757872871,-0.6072390427173486,-0.20002753315959562,-0.7880996630673159,-0.29760513789669313,-0.9157825124356652,-0.42098418847319047,-0.47726728163198445,-0.6486559722995503,-0.6220555420503665,-0.7755441937707098,-0.7101263650043086,-0.8708594615176173,-0.7789875813251989,-0.4904450787526782,-0.298775732830766,-0.7376808715116314,-0.4259558406457397,-0.8913180803114383,-0.4998414229415696,-1.0,-0.5508932157771975,-0.508785343297549,-0.12838947571113532,-0.7404753565152081,-0.23328819986285698,-0.8800739213056991,-0.298968726338691,-0.9779177089623048,-0.3495299758562072,-0.4936168377469162,0.0306986016465875,-0.6787568604182078,0.008355791155756652,-0.7964918311032345,-0.009798668126969688,-0.8869833502801673,-0.03409668147009646,0.0,0.0,0.0,0.0,0.0,0.0,0.0,0.0,0.0,0.0,0.0,0.0,0.0,0.0,0.0,0.0,0.0,0.0,0.0,0.0,0.0,0.0,0.0,0.0,0.0,0.0,0.0,0.0,0.0,0.0,0.0,0.0,0.0,0.0,0.0,0.0,0.0,0.0,0.0,0.0,0.0,0.0,please
0.0,0.0,0.002817627314081803,-0.33039966979906227,-0.08223925154454109,-0.6048377058023205,-0.2009609021998109,-0.7887273068750369,-0.29682814919316974,-0.9171802761720277,-0.4260380473593752,-0.4809167006986196,-0.652547373570385,-0.6149149492359736,-0.7779933741425585,-0.6987327010305676,-0.8736258552575545,-0.7668698392454297,-0.49515858162099835,-0.3017202333245251,-0.7391159262988013,-0.42322544294315606,-0.8914130285235082,-0.496331755852222,-1.0,-0.5498793412578646,-0.5142748573387813,-0.12993101158979084,-0.7423325464126682,-0.23107164617833909,-0.8818669019421144,-0.2954315652004901,-0.9804971795336567,-0.3478426653679928,-0.5001937091480073,0.030892568950192507,-0.6825644295844316,0.007605104137775904,-0.7974955394483111,-0.010132276923278512,-0.8863067068789678,-0.03671214209122893,0.0,0.0,0.0,0.0,0.0,0.0,0.0,0.0,0.0,0.0,0.0,0.0,0.0,0.0,0.0,0.0,0.0,0.0,0.0,0.0,0.0,0.0,0.0,0.0,0.0,0.0,0.0,0.0,0.0,0.0,0.0,0.0,0.0,0.0,0.0,0.0,0.0,0.0,0.0,0.0,0.0,0.0,please
0.0,0.0,0.012284624530749863,-0.33101584547115315,-0.07724993684068202,-0.6092504750392839,-0.20105185780582224,-0.7939122977722046,-0.29993992456878815,-0.9239412555787072,-0.4228017539304192,-0.48820802912418276,-0.6523449940835467,-0.6352385315079943,-0.7789906756872732,-0.7250667754770203,-0.8736010293377501,-0.7948697293796075,-0.4958062432354779,-0.30766742048126633,-0.7424429958346677,-0.4372604637595016,-0.8945725568318628,-0.511737755926934,-1.0,-0.5631027983473879,-0.518118438372419,-0.13401276882767746,-0.7512493033818056,-0.23925912967667037,-0.8889886365906128,-0.3058140155081093,-0.9841964521474058,-0.3584275382089181,-0.5048068027249706,0.028013105531044205,-0.6901473000406722,0.0009407500846697025,-0.8061420488729107,-0.019285157242008726,-0.8938469105929645,-0.04654276538821086,0.0,0.0,0.0,0.0,0.0,0.0,0.0,0.0,0.0,0.0,0.0,0.0,0.0,0.0,0.0,0.0,0.0,0.0,0.0,0.0,0.0,0.0,0.0,0.0,0.0,0.0,0.0,0.0,0.0,0.0,0.0,0.0,0.0,0.0,0.0,0.0,0.0,0.0,0.0,0.0,0.0,0.0,please
0.0,0.0,0.015306915374755967,-0.3275002357395061,-0.06859015551822528,-0.6061347277470638,-0.192356452102971,-0.7907720206891975,-0.2921240304121425,-0.9201580851665718,-0.4135944861402633,-0.48878447471999387,-0.6405671019407473,-0.6367725690018265,-0.7684872159338951,-0.7268093443647781,-0.8662034239853597,-0.7980982806732022,-0.4901668249904831,-0.31049643247547437,-0.7372299036436597,-0.4383484439446379,-0.8908181208592792,-0.5144469027321336,-1.0,-0.5689660290640618,-0.5167495101856929,-0.13722396650054308,-0.7478390545274208,-0.24086116514687445,-0.8862421551131026,-0.31002058791686604,-0.982537377808356,-0.3658633479200791,-0.5074092053657804,0.026225146944292135,-0.6899414318293735,-0.0035745093998945285,-0.8044296326305386,-0.025354656990287532,-0.8906552859782142,-0.053089409882898585,0.0,0.0,0.0,0.0,0.0,0.0,0.0,0.0,0.0,0.0,0.0,0.0,0.0,0.0,0.0,0.0,0.0,0.0,0.0,0.0,0.0,0.0,0.0,0.0,0.0,0.0,0.0,0.0,0.0,0.0,0.0,0.0,0.0,0.0,0.0,0.0,0.0,0.0,0.0,0.0,0.0,0.0,please
0.0,0.0,0.013369244689171087,-0.326504960382026,-0.07177494089461525,-0.6077245352702851,-0.19247811802406903,-0.7991218941596714,-0.2922090458137128,-0.9262478308668929,-0.41627984386405137,-0.49248957862884274,-0.6424620008638184,-0.6379573038784834,-0.769602400284521,-0.7268920351864671,-0.8663518177768224,-0.7965983697892323,-0.4913818662553997,-0.314783150237572,-0.7378186152214801,-0.44272688765254603,-0.89123579284924,-0.5172295839625162,-1.0,-0.5686708262307166,-0.517956225748933,-0.14171793808161748,-0.7472211320404106,-0.24446543729219436,-0.8871161108273351,-0.3110732450976332,-0.9837110402438151,-0.36401948609596363,-0.5097950918371349,0.022579801856442667,-0.6918186402025306,-0.005099640426264375,-0.8064321384283282,-0.025214645294282252,-0.8919348240008292,-0.052103020975974586,0.0,0.0,0.0,0.0,0.0,0.0,0.0,0.0,0.0,0.0,0.0,0.0,0.0,0.0,0.0,0.0,0.0,0.0,0.0,0.0,0.0,0.0,0.0,0.0,0.0,0.0,0.0,0.0,0.0,0.0,0.0,0.0,0.0,0.0,0.0,0.0,0.0,0.0,0.0,0.0,0.0,0.0,please
0.0,0.0,0.018219760973973244,-0.3460661899662079,-0.06167177793297714,-0.6468530770393668,-0.1791187821428877,-0.8342407229803367,-0.28173817722084465,-0.9713055988716817,-0.41549888657991446,-0.522320732125543,-0.6417683599121375,-0.6776878689321677,-0.7651595287761331,-0.779178594600335,-0.8574267171232797,-0.8606999461775648,-0.4885936151627871,-0.3376332039444626,-0.737638118834583,-0.47135244391814163,-0.8907674447332674,-0.5553983814652472,-1.0,-0.6138403744619676,-0.5147449994832783,-0.16101926044507403,-0.7483503851496595,-0.2756862799306386,-0.8891349990861376,-0.3539914502853379,-0.9938932490254145,-0.42051185508797545,-0.5071242868198226,0.00890516653688285,-0.6917762698134251,-0.030742198873568622,-0.8082661869382846,-0.05793777792990533,-0.8989316477015539,-0.0893750826919292,0.0,0.0,0.0,0.0,0.0,0.0,0.0,0.0,0.0,0.0,0.0,0.0,0.0,0.0,0.0,0.0,0.0,0.0,0.0,0.0,0.0,0.0,0.0,0.0,0.0,0.0,0.0,0.0,0.0,0.0,0.0,0.0,0.0,0.0,0.0,0.0,0.0,0.0,0.0,0.0,0.0,0.0,please
0.0,0.0,0.023717035095191706,-0.3488188108908993,-0.05769796292264172,-0.653527258910858,-0.17460241728900336,-0.8450444534468445,-0.2759323339512604,-0.9891739873817965,-0.41951774798118285,-0.53348039823765,-0.6366899032685363,-0.6931467349769557,-0.76009018207306,-0.7967238299795537,-0.8554686110694244,-0.8780672618082044,-0.4954518602438108,-0.35417803412449395,-0.735719942851145,-0.4922730202406532,-0.8875361192388134,-0.5751852696830876,-1.0,-0.6319415950498751,-0.5212846521319351,-0.17839585905017355,-0.7491112780506931,-0.2912383900123094,-0.885894867966887,-0.3655045763324974,-0.9908325880329187,-0.4283184374455121,-0.5102615071926189,-0.006163800693801674,-0.6914159175349308,-0.03749461084908729,-0.8068834095693971,-0.06423434153467404,-0.898803456690311,-0.09854620877028468,0.0,0.0,0.0,0.0,0.0,0.0,0.0,0.0,0.0,0.0,0.0,0.0,0.0,0.0,0.0,0.0,0.0,0.0,0.0,0.0,0.0,0.0,0.0,0.0,0.0,0.0,0.0,0.0,0.0,0.0,0.0,0.0,0.0,0.0,0.0,0.0,0.0,0.0,0.0,0.0,0.0,0.0,please
0.0,0.0,0.023367416519951202,-0.3542644981027311,-0.05424437588306339,-0.6548174462686756,-0.1743253515195318,-0.8532155785094694,-0.2760038401713387,-1.0,-0.4246299010969,-0.5357617042433546,-0.6474700111563149,-0.7032146441083401,-0.7709952328158199,-0.8021290438381895,-0.8640376820072153,-0.8772579368683828,-0.5024242276740062,-0.3496672445466829,-0.7396641110433609,-0.4956202663347442,-0.8907580774631574,-0.5809358700947743,-0.9991890267408219,-0.6388678708996631,-0.5256360555408032,-0.17281031787457207,-0.7509197332045743,-0.29281262997411056,-0.8881326275924742,-0.36719009065429375,-0.9901820517623457,-0.42851679249210867,-0.5103831522695734,-0.008515653826546466,-0.6901914826946738,-0.03892367420431398,-0.8037811954163061,-0.061563127053781086,-0.8934487181103019,-0.09564051893596484,0.0,0.0,0.0,0.0,0.0,0.0,0.0,0.0,0.0,0.0,0.0,0.0,0.0,0.0,0.0,0.0,0.0,0.0,0.0,0.0,0.0,0.0,0.0,0.0,0.0,0.0,0.0,0.0,0.0,0.0,0.0,0.0,0.0,0.0,0.0,0.0,0.0,0.0,0.0,0.0,0.0,0.0,please
0.0,0.0,0.027296597293953746,-0.34707618271767454,-0.04997715427318841,-0.653066992137003,-0.16474113778774516,-0.8478370844453593,-0.25895724715839413,-1.0,-0.4118939294276616,-0.5246457874845257,-0.6263540917505969,-0.697970361560083,-0.751462977265078,-0.7993477036620807,-0.8493368929230537,-0.8712426456887147,-0.48311304464025967,-0.3473998823891194,-0.718646263074043,-0.5025296299324257,-0.8689279855380947,-0.5882984228771008,-0.9808386394487809,-0.6407647446237842,-0.5024518175114052,-0.17837511894925426,-0.7305878759533059,-0.2878752478066235,-0.866480733022056,-0.3655971989188431,-0.9689920614730576,-0.4289028946635619,-0.4832279995235805,-0.017358187381439807,-0.6626406174197733,-0.03444206004130906,-0.7794588488492684,-0.05888470523202419,-0.872904096502342,-0.09232412629101182,0.0,0.0,0.0,0.0,0.0,0.0,0.0,0.0,0.0,0.0,0.0,0.0,0.0,0.0,0.0,0.0,0.0,0.0,0.0,0.0,0.0,0.0,0.0,0.0,0.0,0.0,0.0,0.0,0.0,0.0,0.0,0.0,0.0,0.0,0.0,0.0,0.0,0.0,0.0,0.0,0.0,0.0,please
0.0,0.0,0.022535263100863,-0.34631298953811934,-0.05038181673205768,-0.6509260716936307,-0.1609702540742452,-0.8483209264192644,-0.25537906683377326,-1.0,-0.4076551443543259,-0.5191971523729885,-0.6166157236934916,-0.7076986929293879,-0.7395525332799029,-0.8187123933519931,-0.831131302020613,-0.8995099251904994,-0.48562426780124673,-0.3389919220460061,-0.7226898298743225,-0.5008629978184822,-0.8701046188068509,-0.592802013457123,-0.9746062738571566,-0.6503822256388658,-0.5123152507927681,-0.16566327751073892,-0.7374243777971782,-0.28610759564841376,-0.8685262385276084,-0.36853175876951766,-0.9660568503135293,-0.43710788392771344,-0.4998897996152187,0.0013256758718404283,-0.672822826813655,-0.030700723151690115,-0.7831969969884014,-0.06376002077246586,-0.8685098822552846,-0.10117254027220926,0.0,0.0,0.0,0.0,0.0,0.0,0.0,0.0,0.0,0.0,0.0,0.0,0.0,0.0,0.0,0.0,0.0,0.0,0.0,0.0,0.0,0.0,0.0,0.0,0.0,0.0,0.0,0.0,0.0,0.0,0.0,0.0,0.0,0.0,0.0,0.0,0.0,0.0,0.0,0.0,0.0,0.0,please
0.0,0.0,0.02065653365816476,-0.3464495459426913,-0.052425635375907,-0.6459888915168427,-0.16367304605849825,-0.8555018935564344,-0.2654487939121885,-1.0,-0.4121272169275081,-0.5238650201242709,-0.6242572115885409,-0.7142774277697373,-0.748594283015916,-0.8180649899776924,-0.84411931345865,-0.8900274873071875,-0.49322151321935637,-0.34309951761389423,-0.7252074006990902,-0.5096597725771526,-0.8718504893100151,-0.604233429287687,-0.9757601900950107,-0.661973930970871,-0.5212449638261482,-0.16550430773365948,-0.7459766776591386,-0.2894357483683879,-0.8782451995250076,-0.3699499885418492,-0.9719538781857642,-0.4332365619992165,-0.5093150068279141,-0.0017895956722911686,-0.6851937407859924,-0.04095727233103721,-0.7920163853598737,-0.0695503625554985,-0.8705320871113573,-0.10534840335468512,0.0,0.0,0.0,0.0,0.0,0.0,0.0,0.0,0.0,0.0,0.0,0.0,0.0,0.0,0.0,0.0,0.0,0.0,0.0,0.0,0.0,0.0,0.0,0.0,0.0,0.0,0.0,0.0,0.0,0.0,0.0,0.0,0.0,0.0,0.0,0.0,0.0,0.0,0.0,0.0,0.0,0.0,please
0.0,0.0,0.022705472989096444,-0.3355775484390182,-0.05457392535798006,-0.6437515499082143,-0.16315016212624792,-0.851606133815371,-0.2558674261151931,-1.0,-0.41603591575985666,-0.5224181063591856,-0.6214075272120992,-0.7026488418773892,-0.7420710984813629,-0.81039495170525,-0.8376830841262884,-0.8924172641449107,-0.48947095686459224,-0.3443287786177392,-0.7229087741571228,-0.49123668248677804,-0.8685841598210763,-0.5856379851115232,-0.9739209909430773,-0.6501395112349825,-0.511896471590085,-0.17353318246260335,-0.7324712204464672,-0.28443018745506243,-0.8607398696439461,-0.37250825447972213,-0.9582934321323462,-0.4467989618929234,-0.49932681345109775,-0.013051201948946219,-0.6748600598595997,-0.043504266439164836,-0.7875869313299031,-0.07778550674005369,-0.8792331015164536,-0.12305998281259017,0.0,0.0,0.0,0.0,0.0,0.0,0.0,0.0,0.0,0.0,0.0,0.0,0.0,0.0,0.0,0.0,0.0,0.0,0.0,0.0,0.0,0.0,0.0,0.0,0.0,0.0,0.0,0.0,0.0,0.0,0.0,0.0,0.0,0.0,0.0,0.0,0.0,0.0,0.0,0.0,0.0,0.0,please
0.0,0.0,0.024667853104597015,-0.3436090408394023,-0.04769890819341269,-0.6420450400612774,-0.15463029945652834,-0.849541483787037,-0.24552198203017667,-1.0,-0.4161372782647813,-0.5222259541149437,-0.6137969762550305,-0.7078231954187892,-0.7296262720519399,-0.8211969142481975,-0.8194619007525927,-0.9093214659144792,-0.4931332751765979,-0.3453442443069217,-0.7157077897603619,-0.4924072025191796,-0.8557983987647266,-0.5943392928789408,-0.9590447148293596,-0.6712482826538925,-0.5189829435616239,-0.17628671777164465,-0.7316642907512554,-0.2853921476248951,-0.8562575608821992,-0.37403304295492956,-0.9508890305657212,-0.45366585004072996,-0.5101503893664361,-0.02278751109435981,-0.681454903707036,-0.0560135989495313,-0.7849373548614573,-0.0911378861749079,-0.8675684886746343,-0.14207429573611838,0.0,0.0,0.0,0.0,0.0,0.0,0.0,0.0,0.0,0.0,0.0,0.0,0.0,0.0,0.0,0.0,0.0,0.0,0.0,0.0,0.0,0.0,0.0,0.0,0.0,0.0,0.0,0.0,0.0,0.0,0.0,0.0,0.0,0.0,0.0,0.0,0.0,0.0,0.0,0.0,0.0,0.0,please
0.0,0.0,0.022223365068752932,-0.343830462750745,-0.050261508075912405,-0.6385349951162218,-0.15869802217382772,-0.8470963357861256,-0.2472708131575753,-1.0,-0.41010879688890284,-0.5211685219225486,-0.6133289896761883,-0.7080389295544777,-0.7305812622496236,-0.8166361564457741,-0.8204372976200515,-0.9007600391609809,-0.4869960661289658,-0.3423825350193177,-0.7121624416848903,-0.4924950906968469,-0.8523941857514684,-0.5915210199098572,-0.9534534154115628,-0.6648378181026134,-0.513552248107276,-0.17284906724185461,-0.7275950294747263,-0.28583129543208863,-0.8525632177953305,-0.37700309589562214,-0.9457083822877107,-0.4561732430971964,-0.5079329725551708,-0.021784713679759527,-0.681387076195637,-0.05757677628287569,-0.7853279807779936,-0.0931241772923033,-0.8675057261022913,-0.14084339805079962,0.0,0.0,0.0,0.0,0.0,0.0,0.0,0.0,0.0,0.0,0.0,0.0,0.0,0.0,0.0,0.0,0.0,0.0,0.0,0.0,0.0,0.0,0.0,0.0,0.0,0.0,0.0,0.0,0.0,0.0,0.0,0.0,0.0,0.0,0.0,0.0,0.0,0.0,0.0,0.0,0.0,0.0,please
0.0,0.0,0.019702365181935345,-0.3434498336244718,-0.051205193491072006,-0.6470930310881993,-0.16172479706376755,-0.8546474380563626,-0.2600618650524573,-1.0,-0.419300384542269,-0.5241180899520557,-0.6146894697687507,-0.7100968166366547,-0.7333497239049377,-0.8241924088452206,-0.8224657856173109,-0.9106107620942211,-0.5008939971589675,-0.3470048662783823,-0.727302613360636,-0.4955494733312677,-0.8718511766035443,-0.5928159151701851,-0.9754253690123895,-0.6665285817141096,-0.5295851688528247,-0.1769590475206828,-0.7501204968962694,-0.29434697418073336,-0.8765679565073563,-0.379896776820289,-0.9675345062695807,-0.45759893842982813,-0.5202247678750784,-0.021611979038030617,-0.6935805091405502,-0.04096333152213775,-0.7995541614838033,-0.07249422587854212,-0.8829088250130601,-0.12326832488358204,0.0,0.0,0.0,0.0,0.0,0.0,0.0,0.0,0.0,0.0,0.0,0.0,0.0,0.0,0.0,0.0,0.0,0.0,0.0,0.0,0.0,0.0,0.0,0.0,0.0,0.0,0.0,0.0,0.0,0.0,0.0,0.0,0.0,0.0,0.0,0.0,0.0,0.0,0.0,0.0,0.0,0.0,please
0.0,0.0,0.014182711207855971,-0.34141974025801447,-0.06170007231255858,-0.6433429442469805,-0.1705498522926477,-0.8534074201765697,-0.2646318500830358,-1.0,-0.4237826001735649,-0.5209139805387304,-0.6190263237646235,-0.7100295931486527,-0.7360929365875338,-0.8225736257383983,-0.8236972573275065,-0.906302266494849,-0.503627993782375,-0.34501764994889395,-0.7300829471926374,-0.4982202399123242,-0.8699138044637409,-0.5949536981838437,-0.9688806835400892,-0.6657520856765395,-0.5328001497191106,-0.1740839025009662,-0.752299956479578,-0.2872347847400199,-0.8787441312950961,-0.3729563581343138,-0.9700809095952748,-0.44998713582099853,-0.5264236142769132,-0.01804196490829151,-0.7057388265284841,-0.035956949111375,-0.8096304529261485,-0.06816722915919947,-0.8878764064312774,-0.11828437255105344,0.0,0.0,0.0,0.0,0.0,0.0,0.0,0.0,0.0,0.0,0.0,0.0,0.0,0.0,0.0,0.0,0.0,0.0,0.0,0.0,0.0,0.0,0.0,0.0,0.0,0.0,0.0,0.0,0.0,0.0,0.0,0.0,0.0,0.0,0.0,0.0,0.0,0.0,0.0,0.0,0.0,0.0,please
0.0,0.0,0.01159317779440655,-0.34869997261284263,-0.07633541145070707,-0.6467290317525696,-0.19101607791466566,-0.8505919148223465,-0.2826268381203353,-1.0,-0.43481712782758025,-0.5194128941037104,-0.6307035911679653,-0.704382592118968,-0.7432321014863104,-0.8116928066660772,-0.823461916396569,-0.8883649867053681,-0.5120985103830392,-0.33948106727967897,-0.7378948405039525,-0.4960152045446867,-0.8767286795292859,-0.5927953805556934,-0.9712747535694954,-0.6628684057871004,-0.5392225785188364,-0.16595826657264462,-0.7596223447575877,-0.2915330554363507,-0.8847787786190403,-0.37960828457916146,-0.9697733119699129,-0.4551936042002267,-0.5324913399795711,-0.007341339584218384,-0.7110121171997817,-0.031061421271267278,-0.817701628062276,-0.06128685136105546,-0.8986583527595257,-0.10933621725132138,0.0,0.0,0.0,0.0,0.0,0.0,0.0,0.0,0.0,0.0,0.0,0.0,0.0,0.0,0.0,0.0,0.0,0.0,0.0,0.0,0.0,0.0,0.0,0.0,0.0,0.0,0.0,0.0,0.0,0.0,0.0,0.0,0.0,0.0,0.0,0.0,0.0,0.0,0.0,0.0,0.0,0.0,please
0.0,0.0,0.0049397879225541175,-0.3481403742509382,-0.07416285974347415,-0.6427969471873752,-0.18351798466128194,-0.8492544556075907,-0.26946412112476276,-1.0,-0.4394797914830203,-0.5205904056921518,-0.632202586219273,-0.7102401448305764,-0.7441313323896184,-0.8175544622116812,-0.8268314147971826,-0.8967906273598856,-0.5169053949676831,-0.3401627046909142,-0.740980750511817,-0.494814712190864,-0.8797872477883475,-0.5899932954124542,-0.9766525659762999,-0.6576679951416865,-0.5413626033324815,-0.16610220835044176,-0.7602959206820016,-0.2891285184727897,-0.8816712081752898,-0.3787654083481447,-0.9678876098647884,-0.45256396635933716,-0.5323237928153238,-0.008890397939523759,-0.7155469263701334,-0.03263425685317958,-0.8211239013521158,-0.06426677367207533,-0.9024897062328258,-0.11181048270158986,0.0,0.0,0.0,0.0,0.0,0.0,0.0,0.0,0.0,0.0,0.0,0.0,0.0,0.0,0.0,0.0,0.0,0.0,0.0,0.0,0.0,0.0,0.0,0.0,0.0,0.0,0.0,0.0,0.0,0.0,0.0,0.0,0.0,0.0,0.0,0.0,0.0,0.0,0.0,0.0,0.0,0.0,please
0.0,0.0,0.005233572600277926,-0.3446642078244122,-0.0736263047362317,-0.6378630362174229,-0.17994963900991548,-0.8484952651614094,-0.2678410598794262,-1.0,-0.4283217879196314,-0.5142853162537832,-0.6227361063222895,-0.7013997290397629,-0.7302096284919217,-0.8100359771111738,-0.8058528107771126,-0.8916099844319761,-0.5074092648897526,-0.3382579834010734,-0.7279005457515315,-0.5042159044603955,-0.8602808165028019,-0.6004280335879245,-0.946400895770861,-0.6710128270765201,-0.5329958520097379,-0.16693100962291949,-0.7526895763895419,-0.30444785756825377,-0.8729478593096435,-0.3941419650537915,-0.9504351732856889,-0.47020726020193154,-0.524570137952892,-0.011163004524130438,-0.707638431774093,-0.03520881003876333,-0.8133651659370243,-0.07084182260811418,-0.8924416721520442,-0.1262486634834063,0.0,0.0,0.0,0.0,0.0,0.0,0.0,0.0,0.0,0.0,0.0,0.0,0.0,0.0,0.0,0.0,0.0,0.0,0.0,0.0,0.0,0.0,0.0,0.0,0.0,0.0,0.0,0.0,0.0,0.0,0.0,0.0,0.0,0.0,0.0,0.0,0.0,0.0,0.0,0.0,0.0,0.0,please
0.0,0.0,0.016530513367236686,-0.3491303180244718,-0.05463076641534808,-0.6427891805630443,-0.15935965996616208,-0.8526238403714458,-0.2502906302082932,-1.0,-0.4210665532659614,-0.5381521387789043,-0.61369828868239,-0.7282835428979303,-0.7236076919894742,-0.8382104751681203,-0.8023108081483035,-0.9202688101550192,-0.5057708852336716,-0.3607166120581036,-0.7259392193721687,-0.5239869836931562,-0.8611541349772228,-0.6237776177578213,-0.9535324717029948,-0.7000065207742754,-0.53686831752104,-0.18575372087299846,-0.7482053847572344,-0.31199766373979726,-0.8696290380595858,-0.40301785640413657,-0.9523585570438035,-0.48211519894321386,-0.5346489755022223,-0.02459699160923594,-0.7145697586121549,-0.045406324870583666,-0.8198811396069726,-0.07615948832255535,-0.8991443061370302,-0.12469087673563028,0.0,0.0,0.0,0.0,0.0,0.0,0.0,0.0,0.0,0.0,0.0,0.0,0.0,0.0,0.0,0.0,0.0,0.0,0.0,0.0,0.0,0.0,0.0,0.0,0.0,0.0,0.0,0.0,0.0,0.0,0.0,0.0,0.0,0.0,0.0,0.0,0.0,0.0,0.0,0.0,0.0,0.0,please
0.0,0.0,0.016326886271122405,-0.3460180548050228,-0.05316079632360057,-0.6377387512213737,-0.15668231333776247,-0.8488596321740745,-0.24294100244085315,-1.0,-0.42150437421409315,-0.5441411430990191,-0.6053307171741071,-0.7341643324092739,-0.708539163001254,-0.8407170260097062,-0.7829614192284948,-0.9193819306607594,-0.5053754219486667,-0.3674212405540499,-0.7207367126423243,-0.525068253996135,-0.8468670322263563,-0.620789166703691,-0.9322035561993778,-0.6919207313398035,-0.5350438247999909,-0.18925583770995832,-0.7457557156156395,-0.3191610932073885,-0.8634951074447226,-0.40977987548101547,-0.9431918726857615,-0.487317517211166,-0.5304271441329461,-0.024242524435223366,-0.7138901316448842,-0.05361955410259298,-0.8161381825270458,-0.09163204457527536,-0.8911426685030754,-0.1488982408430122,0.0,0.0,0.0,0.0,0.0,0.0,0.0,0.0,0.0,0.0,0.0,0.0,0.0,0.0,0.0,0.0,0.0,0.0,0.0,0.0,0.0,0.0,0.0,0.0,0.0,0.0,0.0,0.0,0.0,0.0,0.0,0.0,0.0,0.0,0.0,0.0,0.0,0.0,0.0,0.0,0.0,0.0,please
0.0,0.0,0.020768247323999036,-0.34682653498207666,-0.045544200947276035,-0.6400389274392948,-0.1504100266636288,-0.8485886545686427,-0.232062831276572,-1.0,-0.4226786023771162,-0.5424539360371603,-0.606960328952144,-0.7370786290511645,-0.7106570811436359,-0.8469843911665833,-0.7857863790778212,-0.9272784864422551,-0.5083639465504863,-0.3649030651885261,-0.7253493414670658,-0.5263678872243465,-0.8538665040290664,-0.6206120235356798,-0.941897288937251,-0.6866629410986305,-0.538245306079495,-0.18649049754393837,-0.7516137278267632,-0.3250871855857333,-0.8662652477091751,-0.4179514261411926,-0.9456026546235191,-0.4926398034456063,-0.5323485353412037,-0.02032715303505866,-0.7185886163636256,-0.04918270785352752,-0.820097263027303,-0.08826678771868465,-0.8936563347565281,-0.14382174511488074,0.0,0.0,0.0,0.0,0.0,0.0,0.0,0.0,0.0,0.0,0.0,0.0,0.0,0.0,0.0,0.0,0.0,0.0,0.0,0.0,0.0,0.0,0.0,0.0,0.0,0.0,0.0,0.0,0.0,0.0,0.0,0.0,0.0,0.0,0.0,0.0,0.0,0.0,0.0,0.0,0.0,0.0,please
0.0,0.0,0.012801667480634306,-0.3517706707253171,-0.06342577402842745,-0.6457826315973333,-0.16735357315810995,-0.854601291708421,-0.25050036748412763,-1.0,-0.42766384894587195,-0.5351038099850198,-0.6156379736795059,-0.7213299021115439,-0.7171802083254848,-0.826317685747301,-0.7869619508372679,-0.9020940773066051,-0.5076724726647291,-0.3532138935713909,-0.7285405366158719,-0.5155391331210396,-0.8573307090012035,-0.6135464307461949,-0.9413945012319109,-0.6838300819150547,-0.5354308811330978,-0.17173255923070127,-0.7508074033838679,-0.310948766616413,-0.8707430234525425,-0.4085854977680391,-0.9488448737505368,-0.4907858406618961,-0.5301287324640205,-0.00293816060666047,-0.7174514547645191,-0.03539594787958576,-0.8250695069000026,-0.07692507913066886,-0.9054194148063568,-0.13683286904071232,0.0,0.0,0.0,0.0,0.0,0.0,0.0,0.0,0.0,0.0,0.0,0.0,0.0,0.0,0.0,0.0,0.0,0.0,0.0,0.0,0.0,0.0,0.0,0.0,0.0,0.0,0.0,0.0,0.0,0.0,0.0,0.0,0.0,0.0,0.0,0.0,0.0,0.0,0.0,0.0,0.0,0.0,please
0.0,0.0,0.023058913579977882,-0.3553385324449626,-0.04934775029010062,-0.643418325097926,-0.16059231601083043,-0.8474288640585758,-0.24375023834558202,-1.0,-0.42232215333656575,-0.5363640449560627,-0.615795263868989,-0.7257306313570172,-0.7262883600189587,-0.8290851070784552,-0.8049389971507488,-0.9029306972765953,-0.504807260142626,-0.35516215671426316,-0.7309864919343855,-0.5107820731434922,-0.8659003061719248,-0.6019444913569082,-0.956677626023524,-0.6670669737465746,-0.5321860171499861,-0.1766242910921403,-0.7527637872704391,-0.3053247764999428,-0.8790285510767772,-0.3922660944556732,-0.9664451982218057,-0.46216366033439205,-0.5260062269485772,-0.012739911852993892,-0.7131861628812848,-0.04101791269197034,-0.8245660748432367,-0.07205527438343402,-0.910565246762586,-0.11757621610725824,0.0,0.0,0.0,0.0,0.0,0.0,0.0,0.0,0.0,0.0,0.0,0.0,0.0,0.0,0.0,0.0,0.0,0.0,0.0,0.0,0.0,0.0,0.0,0.0,0.0,0.0,0.0,0.0,0.0,0.0,0.0,0.0,0.0,0.0,0.0,0.0,0.0,0.0,0.0,0.0,0.0,0.0,please
0.0,0.0,0.02510512827060131,-0.3530082342079127,-0.047782126110919226,-0.6458386810215417,-0.15718759533444163,-0.8510760108642625,-0.24085713306571374,-1.0,-0.4247346762694348,-0.5398284618413608,-0.6159088740490074,-0.7227368695495577,-0.7208451318454329,-0.8218225324590676,-0.7927832415658838,-0.8953760359955973,-0.5067244799359218,-0.35893459267750855,-0.7269945813079314,-0.5113168281836495,-0.8580281175286356,-0.6021786985731584,-0.944696280428066,-0.6685650679822763,-0.5336664131134499,-0.1802632339324088,-0.7511366217304066,-0.306559950328656,-0.8688885163239443,-0.39490566342019995,-0.9488594137007436,-0.46767734054033716,-0.5252865576925403,-0.014561726993069396,-0.7062998678925024,-0.04455033053752834,-0.814433987240808,-0.07486953880640942,-0.8990472939465738,-0.11955594141039201,0.0,0.0,0.0,0.0,0.0,0.0,0.0,0.0,0.0,0.0,0.0,0.0,0.0,0.0,0.0,0.0,0.0,0.0,0.0,0.0,0.0,0.0,0.0,0.0,0.0,0.0,0.0,0.0,0.0,0.0,0.0,0.0,0.0,0.0,0.0,0.0,0.0,0.0,0.0,0.0,0.0,0.0,please
0.0,0.0,0.024898830840725722,-0.3532694851750308,-0.0485406783942501,-0.6436645788702354,-0.16113452748427426,-0.8486315632977025,-0.24597349941523536,-1.0,-0.4278280694425244,-0.5355778069963885,-0.6193846533676018,-0.7221306758076295,-0.725099739622488,-0.8227838563924345,-0.7983577817759959,-0.8967349716161267,-0.5081014372394669,-0.3519492659076331,-0.7297894611857217,-0.5065753646748342,-0.862235371718246,-0.6012248271185483,-0.9528804493521844,-0.6704379528898675,-0.5321126098262658,-0.17307115965033193,-0.7509595555452405,-0.29891076024111746,-0.8688317589928796,-0.391141782803917,-0.9498967538078655,-0.46727252117480345,-0.5216811958058399,-0.009553005710410829,-0.7093243807330732,-0.04051105435569768,-0.8192756049379227,-0.07233927045187825,-0.9045570605494602,-0.1178254491856854,0.0,0.0,0.0,0.0,0.0,0.0,0.0,0.0,0.0,0.0,0.0,0.0,0.0,0.0,0.0,0.0,0.0,0.0,0.0,0.0,0.0,0.0,0.0,0.0,0.0,0.0,0.0,0.0,0.0,0.0,0.0,0.0,0.0,0.0,0.0,0.0,0.0,0.0,0.0,0.0,0.0,0.0,please
0.0,0.0,0.03579498341625207,-0.34835846807628523,-0.03685414075456053,-0.6502801746475954,-0.15069412054311773,-0.8508810116086235,-0.2365990684597844,-1.0,-0.4060242407752902,-0.5413009820688226,-0.6012122007151741,-0.7305477819237147,-0.7042633512126866,-0.8371663816334992,-0.775850240982587,-0.9155080716210614,-0.49000359530472637,-0.3538732120646766,-0.7146510287106136,-0.509915591314262,-0.8433171058768657,-0.6046797263681593,-0.9292682097325871,-0.6712916537106136,-0.5196867226368159,-0.1756095822968491,-0.742486946776534,-0.30109543428689883,-0.858154539800995,-0.3929998445273632,-0.937939696050995,-0.46652868470149256,-0.5130749248548923,-0.01379009898424544,-0.7019861629353233,-0.05032778814262023,-0.8107849424751243,-0.08702062603648425,-0.8935323383084577,-0.13397595356550582,0.0,0.0,0.0,0.0,0.0,0.0,0.0,0.0,0.0,0.0,0.0,0.0,0.0,0.0,0.0,0.0,0.0,0.0,0.0,0.0,0.0,0.0,0.0,0.0,0.0,0.0,0.0,0.0,0.0,0.0,0.0,0.0,0.0,0.0,0.0,0.0,0.0,0.0,0.0,0.0,0.0,0.0,please
0.0,0.0,0.023778427186712067,-0.3431041906414651,-0.042024580332553775,-0.6499383761291604,-0.14332468343912644,-0.8518442420419778,-0.2293952879017984,-1.0,-0.3985641154831028,-0.5524560534345837,-0.5849715700851884,-0.7382567787037381,-0.6928281537376054,-0.8458580122412164,-0.7731116017186715,-0.9253903754519681,-0.478822620839999,-0.3748255964950625,-0.6976364681119462,-0.5281769030676622,-0.8293134137379609,-0.6252127527895986,-0.9209596300509983,-0.6929363423699422,-0.5091344566451983,-0.19626041471477643,-0.7292761868713874,-0.3228245900601772,-0.8468622646468545,-0.4138841870310202,-0.9300287681991519,-0.48877472788376486,-0.5052189323247368,-0.024458737260944434,-0.6939571192640929,-0.06540423731535053,-0.8025022752349985,-0.10792954082811383,-0.8833765516260876,-0.15811472422343478,0.0,0.0,0.0,0.0,0.0,0.0,0.0,0.0,0.0,0.0,0.0,0.0,0.0,0.0,0.0,0.0,0.0,0.0,0.0,0.0,0.0,0.0,0.0,0.0,0.0,0.0,0.0,0.0,0.0,0.0,0.0,0.0,0.0,0.0,0.0,0.0,0.0,0.0,0.0,0.0,0.0,0.0,please
0.0,0.0,0.019220640342196827,-0.3430574756108641,-0.04991209352463223,-0.6441454410179471,-0.15139649749171888,-0.8468634822259491,-0.23332324536956325,-1.0,-0.402896340340478,-0.557340865952447,-0.5806018585589723,-0.7426191095908912,-0.6855399065932312,-0.8452978016014694,-0.7625077961748405,-0.9190247537759269,-0.48167591976446955,-0.379080407414592,-0.6929998330268066,-0.5320250901778019,-0.8200068876442292,-0.6267495352988698,-0.9097592762203163,-0.6919135864614206,-0.510538187751534,-0.20331104159351357,-0.7193401612273512,-0.33051361445398536,-0.8335780636511635,-0.4186205190410828,-0.9157112260006728,-0.49167650908162286,-0.5057312627838851,-0.03813066143483994,-0.6808941230346887,-0.07900041988847173,-0.7834966949129653,-0.11530634670019227,-0.8641111378486486,-0.16248271950222345,0.0,0.0,0.0,0.0,0.0,0.0,0.0,0.0,0.0,0.0,0.0,0.0,0.0,0.0,0.0,0.0,0.0,0.0,0.0,0.0,0.0,0.0,0.0,0.0,0.0,0.0,0.0,0.0,0.0,0.0,0.0,0.0,0.0,0.0,0.0,0.0,0.0,0.0,0.0,0.0,0.0,0.0,please
0.0,0.0,0.040947835052097266,-0.33652347872396954,-0.01935104849102135,-0.6388330711573907,-0.12306555566209494,-0.8444114667118684,-0.20957812481910157,-1.0,-0.38564562223568644,-0.5370665525144993,-0.5712158719801651,-0.7316887742485535,-0.6727880964304788,-0.846169465502465,-0.7436331915633869,-0.9347670235999909,-0.4717161683938416,-0.36315885249760804,-0.6894730545570374,-0.52480330867128,-0.8164007453534893,-0.6249881627487716,-0.9019445152782919,-0.7013536471944007,-0.5054589395069707,-0.19318334633080836,-0.7184358026160993,-0.32847771019618516,-0.8304409869610637,-0.42208387275081094,-0.9084365239833843,-0.5017783336296975,-0.5022978368184081,-0.03258442743178701,-0.679472024456429,-0.06360203324642293,-0.7837499699430298,-0.10601367985482409,-0.8626117414251546,-0.16183207103953776,0.0,0.0,0.0,0.0,0.0,0.0,0.0,0.0,0.0,0.0,0.0,0.0,0.0,0.0,0.0,0.0,0.0,0.0,0.0,0.0,0.0,0.0,0.0,0.0,0.0,0.0,0.0,0.0,0.0,0.0,0.0,0.0,0.0,0.0,0.0,0.0,0.0,0.0,0.0,0.0,0.0,0.0,please
0.0,0.0,0.03353174648880125,-0.3377540536867299,-0.027654793359302113,-0.6389575477239692,-0.12666345704209292,-0.8514947789850983,-0.21457213708014772,-1.0,-0.38497195993651395,-0.5362366998302277,-0.5702314615386387,-0.7360634722455778,-0.678495678524617,-0.8439160721566604,-0.7552621910064476,-0.9216715310139573,-0.46908106452036463,-0.36136149510148324,-0.6858208499669439,-0.5292911835912935,-0.8121039319436734,-0.6307548645392538,-0.8967611394320807,-0.7027479722928007,-0.5022767794412029,-0.18866056146930163,-0.7175496301637139,-0.3242796773175524,-0.8297247132645797,-0.4194177871558196,-0.9054857225456162,-0.4973010934991281,-0.49888003874585074,-0.02907292144175107,-0.6768637514368445,-0.0778694849934694,-0.78028776050365,-0.12187263165411612,-0.8571423840907049,-0.17308793142767634,0.0,0.0,0.0,0.0,0.0,0.0,0.0,0.0,0.0,0.0,0.0,0.0,0.0,0.0,0.0,0.0,0.0,0.0,0.0,0.0,0.0,0.0,0.0,0.0,0.0,0.0,0.0,0.0,0.0,0.0,0.0,0.0,0.0,0.0,0.0,0.0,0.0,0.0,0.0,0.0,0.0,0.0,please
0.0,0.0,0.025192802203961636,-0.3379132607261502,-0.03740731173275847,-0.6337613940303924,-0.1334194978584541,-0.8491731846746797,-0.21951053083215377,-1.0,-0.391662636066792,-0.5325761826382114,-0.5784040315364456,-0.7362078224123907,-0.6843184482587091,-0.8434608665784952,-0.75975092182949,-0.921660047117163,-0.4745440022523575,-0.35807237648086915,-0.6899610969462723,-0.5281973312889328,-0.816975883203107,-0.6299568135678163,-0.9025772233787599,-0.7025503304136212,-0.5051882206519049,-0.18735910222222477,-0.7175160648195004,-0.32531513939185774,-0.8298707446111573,-0.42018337103031306,-0.9063342107473807,-0.49852791119931444,-0.499786977898742,-0.032790208208317836,-0.6740942475144793,-0.08436994054590426,-0.7760191588006655,-0.12720745227573832,-0.8543410492442303,-0.17889039855202313,0.0,0.0,0.0,0.0,0.0,0.0,0.0,0.0,0.0,0.0,0.0,0.0,0.0,0.0,0.0,0.0,0.0,0.0,0.0,0.0,0.0,0.0,0.0,0.0,0.0,0.0,0.0,0.0,0.0,0.0,0.0,0.0,0.0,0.0,0.0,0.0,0.0,0.0,0.0,0.0,0.0,0.0,please
0.0,0.0,0.031062426435092022,-0.3219824149359138,-0.031787091630008514,-0.6184163136455108,-0.12684136015751704,-0.830701721079838,-0.2020766322595343,-1.0,-0.38134760063136997,-0.5228527183081021,-0.5745743405600968,-0.6953007957214379,-0.6833462608686219,-0.7957702550973362,-0.7656651894923546,-0.875687645434772,-0.4596622930012313,-0.3535316579970818,-0.6663059161102403,-0.511224987931287,-0.7893021029393419,-0.6139492625880745,-0.8737894674036266,-0.693504049121018,-0.49129303377612404,-0.18673417913767013,-0.6926969369877577,-0.32264660096224257,-0.8008339616296288,-0.41758642012139224,-0.8762635535715254,-0.5001678771540619,-0.48922114763968516,-0.02860854519122808,-0.6571157945552476,-0.08026806103243093,-0.7538671410981715,-0.12625555296402166,-0.8267762704693509,-0.181495815275465,0.0,0.0,0.0,0.0,0.0,0.0,0.0,0.0,0.0,0.0,0.0,0.0,0.0,0.0,0.0,0.0,0.0,0.0,0.0,0.0,0.0,0.0,0.0,0.0,0.0,0.0,0.0,0.0,0.0,0.0,0.0,0.0,0.0,0.0,0.0,0.0,0.0,0.0,0.0,0.0,0.0,0.0,please
0.0,0.0,0.021522221750079572,-0.3224396661826759,-0.04850490685382758,-0.6122493757695145,-0.14568950242489792,-0.8256064516422146,-0.2174029820351504,-1.0,-0.39118118598848095,-0.5257876742440216,-0.5876839719418987,-0.6905390898034025,-0.6999880004500499,-0.785526351305666,-0.782232488206901,-0.8599575018166357,-0.4669944227481535,-0.35940629754554415,-0.6701943740016522,-0.5130491765075003,-0.7935738000383238,-0.6148847334990821,-0.8800824040363386,-0.6976204277772745,-0.49822639168722493,-0.19414897668425976,-0.6945793837041836,-0.32836247299767196,-0.8067022163355834,-0.4232377565171052,-0.8842879924058082,-0.5078161433767161,-0.4979145102887455,-0.038386266314644236,-0.6599204608896183,-0.08831508412913867,-0.7564134120225869,-0.1285451120274242,-0.8321153389258185,-0.1803647275233597,0.0,0.0,0.0,0.0,0.0,0.0,0.0,0.0,0.0,0.0,0.0,0.0,0.0,0.0,0.0,0.0,0.0,0.0,0.0,0.0,0.0,0.0,0.0,0.0,0.0,0.0,0.0,0.0,0.0,0.0,0.0,0.0,0.0,0.0,0.0,0.0,0.0,0.0,0.0,0.0,0.0,0.0,please
0.0,0.0,0.022113743383344292,-0.3227060378436178,-0.04739072970836903,-0.6123384274110529,-0.14678355815019228,-0.8272200415761753,-0.21768222784541102,-1.0,-0.3890928291059794,-0.5247877689002238,-0.5873842209780363,-0.6907954598285149,-0.6987111385628989,-0.7829378283421998,-0.7818209833496051,-0.8548664714047567,-0.46571745468794623,-0.35765924804239974,-0.6684576301580027,-0.5149518818864691,-0.7925763281462738,-0.6155367377977911,-0.8808837261816999,-0.6966376430426322,-0.49751804844355,-0.19305053564194014,-0.6913241281290057,-0.3274010905444088,-0.8017601466456793,-0.42349226590155875,-0.8773536033792265,-0.5077702285361334,-0.4991539978879834,-0.038285414466649396,-0.6617221569135335,-0.08795366846652986,-0.7548066973506811,-0.12998784594233798,-0.8254363838025597,-0.1848792896185751,0.0,0.0,0.0,0.0,0.0,0.0,0.0,0.0,0.0,0.0,0.0,0.0,0.0,0.0,0.0,0.0,0.0,0.0,0.0,0.0,0.0,0.0,0.0,0.0,0.0,0.0,0.0,0.0,0.0,0.0,0.0,0.0,0.0,0.0,0.0,0.0,0.0,0.0,0.0,0.0,0.0,0.0,please
0.0,0.0,0.027071038472047528,-0.3158290377732389,-0.04433140705142378,-0.605582852146255,-0.14455370180706184,-0.8191169400259126,-0.20893202156338367,-1.0,-0.3872709733964527,-0.5177941878241159,-0.577727251466054,-0.6805695673699823,-0.6850750171315465,-0.7737194280811159,-0.7619642861250704,-0.8437610626594141,-0.46392036239898393,-0.35276876719065386,-0.6598404599970401,-0.5134576892336186,-0.7784808605927911,-0.6125760503919233,-0.8593795888071,-0.6889271549517391,-0.4989102521666518,-0.18958238388824378,-0.6863659216541981,-0.3367587906367823,-0.7892792941777279,-0.431914339455875,-0.8599196702359412,-0.5138219183089138,-0.506204674247573,-0.032000271957709554,-0.6586609967914614,-0.0985851809119427,-0.7423733626625069,-0.1455799332016656,-0.8068442093839212,-0.20345452746964565,0.0,0.0,0.0,0.0,0.0,0.0,0.0,0.0,0.0,0.0,0.0,0.0,0.0,0.0,0.0,0.0,0.0,0.0,0.0,0.0,0.0,0.0,0.0,0.0,0.0,0.0,0.0,0.0,0.0,0.0,0.0,0.0,0.0,0.0,0.0,0.0,0.0,0.0,0.0,0.0,0.0,0.0,please
0.0,0.0,0.022464562513068033,-0.3218408446270915,-0.05427646435568903,-0.6085593447854805,-0.1551670909243248,-0.8185914176076698,-0.21293289314871477,-1.0,-0.3971689513342037,-0.5091874406984915,-0.585842416691052,-0.6675862200844255,-0.6927501885193538,-0.755159089702503,-0.7741373336758595,-0.824498483164599,-0.4688644278509951,-0.34291399969756386,-0.6628075029318943,-0.4995225686035578,-0.7816526951411197,-0.5992721404249656,-0.8652169023043267,-0.6782084710797347,-0.49867262749305363,-0.1829177436655107,-0.6847923695517781,-0.3244424997729213,-0.7882211195520926,-0.42190618793863616,-0.8629322767023795,-0.5051878362305892,-0.5019595445140931,-0.032194601792022076,-0.6556230096017178,-0.09923301495347843,-0.7401744115390703,-0.14543579359162517,-0.8067780413260591,-0.20114820049250287,0.0,0.0,0.0,0.0,0.0,0.0,0.0,0.0,0.0,0.0,0.0,0.0,0.0,0.0,0.0,0.0,0.0,0.0,0.0,0.0,0.0,0.0,0.0,0.0,0.0,0.0,0.0,0.0,0.0,0.0,0.0,0.0,0.0,0.0,0.0,0.0,0.0,0.0,0.0,0.0,0.0,0.0,please
0.0,0.0,0.02168048115333995,-0.32169411314848606,-0.05922016696389618,-0.6062926167504786,-0.1586225295666757,-0.8200030385448931,-0.2115606390893925,-1.0,-0.39414572871061565,-0.5087799559435376,-0.576571697100482,-0.6655042484759113,-0.6802641144190172,-0.7491261744792956,-0.759151909442583,-0.8096515013362525,-0.46303400414617496,-0.3446143986546513,-0.6511455387405939,-0.504823019391818,-0.7658793843995838,-0.5989998651432322,-0.8476184367979004,-0.6692785309245102,-0.4887800632436784,-0.18835734946217023,-0.6703787231624668,-0.32969748432381524,-0.7682434015900418,-0.42428572856917457,-0.8383409983839135,-0.5014708654512324,-0.4891687823897058,-0.04052067880995365,-0.6439508204437007,-0.10222557562257858,-0.7264441440582425,-0.14690315942825607,-0.7909624993324225,-0.20221784513517013,0.0,0.0,0.0,0.0,0.0,0.0,0.0,0.0,0.0,0.0,0.0,0.0,0.0,0.0,0.0,0.0,0.0,0.0,0.0,0.0,0.0,0.0,0.0,0.0,0.0,0.0,0.0,0.0,0.0,0.0,0.0,0.0,0.0,0.0,0.0,0.0,0.0,0.0,0.0,0.0,0.0,0.0,please
0.0,0.0,0.017981980698623574,-0.3233651347788713,-0.06050608790507571,-0.6102947992049964,-0.16043159290507084,-0.8220284203059612,-0.2119268104919402,-1.0,-0.3962708349391795,-0.5103922232488797,-0.5816486177689357,-0.6676542417267619,-0.6857398909748356,-0.7488003719383628,-0.7669082184523188,-0.8100662893294084,-0.46486367951636304,-0.3444864430808439,-0.6550847350134306,-0.5045372675019343,-0.7718774788979619,-0.5992651973214974,-0.8562046480586906,-0.6720053936916834,-0.48990792769252833,-0.18684048508099807,-0.6733907714013353,-0.33130858492673926,-0.7714971982659788,-0.4286326191505326,-0.841816916951003,-0.5079773558616881,-0.4907361784211353,-0.037618023594474005,-0.6490795208512822,-0.10275187554700405,-0.7331162961105512,-0.1499693628945625,-0.7987282430205453,-0.20764029891667585,0.0,0.0,0.0,0.0,0.0,0.0,0.0,0.0,0.0,0.0,0.0,0.0,0.0,0.0,0.0,0.0,0.0,0.0,0.0,0.0,0.0,0.0,0.0,0.0,0.0,0.0,0.0,0.0,0.0,0.0,0.0,0.0,0.0,0.0,0.0,0.0,0.0,0.0,0.0,0.0,0.0,0.0,please
0.0,0.0,0.022796903759262518,-0.32853123028023096,-0.052216489883545804,-0.6039891178475274,-0.14949979241069042,-0.8193773681953731,-0.1970530582718263,-1.0,-0.39260510484961686,-0.5104198165630016,-0.5807465290775742,-0.6629940698491842,-0.6842909342296783,-0.7417912283550467,-0.7636366000857582,-0.8021975297358317,-0.45994680949329736,-0.3450975378060484,-0.6535256637753252,-0.508520884845786,-0.7686679669762843,-0.606653504758997,-0.8504423548308998,-0.6824897201968355,-0.4836246308848166,-0.18400167043762938,-0.6724866622653195,-0.33047756236673204,-0.7712421716467034,-0.4326688692848524,-0.8423061422127757,-0.5161713044484396,-0.4838532465120621,-0.03030098991417373,-0.6451840495569645,-0.10406763230536922,-0.7292371797801206,-0.15697908452628315,-0.7965380471825707,-0.2207595629637336,0.0,0.0,0.0,0.0,0.0,0.0,0.0,0.0,0.0,0.0,0.0,0.0,0.0,0.0,0.0,0.0,0.0,0.0,0.0,0.0,0.0,0.0,0.0,0.0,0.0,0.0,0.0,0.0,0.0,0.0,0.0,0.0,0.0,0.0,0.0,0.0,0.0,0.0,0.0,0.0,0.0,0.0,please
0.0,0.0,0.021584140829773262,-0.32583288160121365,-0.045415699506985145,-0.6042615526546562,-0.1401498699157085,-0.8172093680101835,-0.19349680455132445,-1.0,-0.383492179655603,-0.5060691443748796,-0.5756933582517991,-0.660897841246208,-0.6814048618185012,-0.7434997891377554,-0.7587522390464465,-0.807122679120076,-0.453582037545612,-0.33768945450980714,-0.6500054353443946,-0.4963141570824236,-0.7665843519346671,-0.5911230634765725,-0.8492051051472226,-0.6656865252474173,-0.4803415240414503,-0.17263333215244006,-0.6720649261593905,-0.3201832778717909,-0.7735961888529822,-0.41953821896381954,-0.8445739005438742,-0.502720341339628,-0.4829230699795738,-0.016907075508095507,-0.6440031408525823,-0.09229554491026101,-0.7329410260280201,-0.1472099940453861,-0.8018465126684775,-0.2100818844339016,0.0,0.0,0.0,0.0,0.0,0.0,0.0,0.0,0.0,0.0,0.0,0.0,0.0,0.0,0.0,0.0,0.0,0.0,0.0,0.0,0.0,0.0,0.0,0.0,0.0,0.0,0.0,0.0,0.0,0.0,0.0,0.0,0.0,0.0,0.0,0.0,0.0,0.0,0.0,0.0,0.0,0.0,please
0.0,0.0,0.025452645615754436,-0.3240333964896209,-0.043454608577085455,-0.6061383941000762,-0.13791570693481214,-0.81982954097016,-0.19293430761550556,-1.0,-0.3806675424295496,-0.5097813966077666,-0.5688982964265291,-0.661755228309253,-0.6742229864030791,-0.7438306410807036,-0.7544993407568199,-0.8058597833576323,-0.44965408495932935,-0.3430708288161174,-0.643998272361611,-0.5002934273721255,-0.7606066005664214,-0.5955224726146557,-0.8446476377886035,-0.6678695090708279,-0.47720478470613925,-0.17987654745413018,-0.6660537456294574,-0.32433917105314763,-0.7675413643017034,-0.42247610092158466,-0.8400539983837284,-0.5033485098876793,-0.4813994403574972,-0.0248084127467562,-0.6408894432481926,-0.10079787066631739,-0.7273674771104861,-0.1538861937579379,-0.7944853569573034,-0.21417535045444927,0.0,0.0,0.0,0.0,0.0,0.0,0.0,0.0,0.0,0.0,0.0,0.0,0.0,0.0,0.0,0.0,0.0,0.0,0.0,0.0,0.0,0.0,0.0,0.0,0.0,0.0,0.0,0.0,0.0,0.0,0.0,0.0,0.0,0.0,0.0,0.0,0.0,0.0,0.0,0.0,0.0,0.0,please
0.0,0.0,0.03636711507625488,-0.33275351846618084,-0.03235114443023234,-0.61912039073889,-0.13903756559337788,-0.8225409585301257,-0.19989700273591035,-1.0,-0.3885928708994123,-0.5042820833321193,-0.5840398916513457,-0.6567583395733845,-0.689723655572487,-0.7368774395686255,-0.7664948588777232,-0.7956356548265946,-0.45756923057498794,-0.3306877458992909,-0.657121330874219,-0.484258560524611,-0.7779279922380562,-0.5751503682358574,-0.8655554276790215,-0.6416341067111871,-0.47820352570172653,-0.16306491886962324,-0.6743318532029187,-0.30194417655119904,-0.7840491910271464,-0.3899881414748276,-0.8623800429082426,-0.4600568743025468,-0.4709812128328472,-0.0075283667382451515,-0.6380243463971353,-0.062319900469970546,-0.7382286413004946,-0.10306961954626816,-0.8174916159935667,-0.1497051393740913,0.0,0.0,0.0,0.0,0.0,0.0,0.0,0.0,0.0,0.0,0.0,0.0,0.0,0.0,0.0,0.0,0.0,0.0,0.0,0.0,0.0,0.0,0.0,0.0,0.0,0.0,0.0,0.0,0.0,0.0,0.0,0.0,0.0,0.0,0.0,0.0,0.0,0.0,0.0,0.0,0.0,0.0,please
0.0,0.0,0.032945097359152624,-0.337300958043451,-0.036953210560025096,-0.6198964401710808,-0.14092048068661883,-0.8306001952848142,-0.20739153269387905,-1.0,-0.39547623989406033,-0.5105191325435686,-0.6000616975331624,-0.6598887613762557,-0.7146590518617986,-0.7397338792930066,-0.7985423401176706,-0.7963635068244547,-0.46624397836776627,-0.3291192318434476,-0.6778594666750447,-0.47855021187190167,-0.8053452724079676,-0.5629321022853073,-0.8951615676319007,-0.6224106022782568,-0.4897576899889444,-0.1516213166708763,-0.6983531162078233,-0.2826461958176791,-0.8145277899889197,-0.36077743839461734,-0.8946350110988766,-0.41855839038211157,-0.48571209813420624,0.013407462729767032,-0.6557485451974012,-0.03231600021868733,-0.7623296731242923,-0.062354089910672164,-0.8475073973956913,-0.09872050596924871,0.0,0.0,0.0,0.0,0.0,0.0,0.0,0.0,0.0,0.0,0.0,0.0,0.0,0.0,0.0,0.0,0.0,0.0,0.0,0.0,0.0,0.0,0.0,0.0,0.0,0.0,0.0,0.0,0.0,0.0,0.0,0.0,0.0,0.0,0.0,0.0,0.0,0.0,0.0,0.0,0.0,0.0,please
0.0,0.0,0.030048532800172542,-0.33690183206570273,-0.037575348979878395,-0.6195548663466353,-0.14007488566400753,-0.8304907989539796,-0.2051061727493275,-1.0,-0.39725714536717444,-0.5166829495564383,-0.6014080607337393,-0.667218532832253,-0.713774806523981,-0.7481459345050269,-0.7941752249518855,-0.8075846103618405,-0.4663917700294967,-0.33651168432037915,-0.6781457543609066,-0.4887820801513013,-0.8066798180100194,-0.571864548402134,-0.8952264522639057,-0.6316783188654572,-0.48950426065521624,-0.15980412164811636,-0.6974278380904131,-0.2914860187187015,-0.8136145029342516,-0.36833130527247293,-0.8935110113710424,-0.4266486456740364,-0.4860146469508387,0.008100562864005255,-0.6553847915424063,-0.04015017603535365,-0.7597051410910959,-0.07037441104594391,-0.8437190531526332,-0.10910539689574665,0.0,0.0,0.0,0.0,0.0,0.0,0.0,0.0,0.0,0.0,0.0,0.0,0.0,0.0,0.0,0.0,0.0,0.0,0.0,0.0,0.0,0.0,0.0,0.0,0.0,0.0,0.0,0.0,0.0,0.0,0.0,0.0,0.0,0.0,0.0,0.0,0.0,0.0,0.0,0.0,0.0,0.0,please
0.0,0.0,0.03566792753137358,-0.335324354906285,-0.04409582571772537,-0.6199252301530257,-0.15314687203226665,-0.8267541170119117,-0.2133296862654446,-1.0,-0.408850928329913,-0.5140678458687665,-0.6108444770830592,-0.667723374855895,-0.7251458641333419,-0.749619126690764,-0.8087578686356869,-0.8063186442223333,-0.48130815766333945,-0.33216364532363885,-0.6938609837816972,-0.476854126451673,-0.8238985272733534,-0.5563517824920425,-0.916700176580522,-0.6103705069151826,-0.5079622280710752,-0.15169721209904863,-0.7186876799222223,-0.25912268691780393,-0.8387432332892067,-0.31906690560907647,-0.9247385917015827,-0.36343427931634326,-0.5049390268225491,0.018220721440571994,-0.6791923132097939,-0.004042745023127415,-0.7884497459068972,-0.017960818300947024,-0.8772154636669534,-0.042197467418577106,0.0,0.0,0.0,0.0,0.0,0.0,0.0,0.0,0.0,0.0,0.0,0.0,0.0,0.0,0.0,0.0,0.0,0.0,0.0,0.0,0.0,0.0,0.0,0.0,0.0,0.0,0.0,0.0,0.0,0.0,0.0,0.0,0.0,0.0,0.0,0.0,0.0,0.0,0.0,0.0,0.0,0.0,please
0.0,0.0,0.033405253294769566,-0.3382256836165513,-0.045491718609992925,-0.6219864823070783,-0.15219249937961393,-0.8292712205652787,-0.21612221422206032,-1.0,-0.4134315112115681,-0.5227533161621879,-0.6140253704285492,-0.6806372312322517,-0.7261285831115631,-0.7610678708472335,-0.8081906852851759,-0.8178194438162484,-0.486495631626365,-0.34314769833712083,-0.6971568592695458,-0.4870173671426423,-0.8247665453603068,-0.5657982076649157,-0.91458353452586,-0.6196274260762629,-0.5114559330300879,-0.1633318215879683,-0.7221960077698008,-0.2719713852273547,-0.840718718789691,-0.33467695305480544,-0.9255696855528893,-0.3830088785498002,-0.5057058404305907,0.004298328074822839,-0.678934622921401,-0.01939614125976879,-0.784324708235182,-0.037057646395831985,-0.8682896536717687,-0.06536338732016445,0.0,0.0,0.0,0.0,0.0,0.0,0.0,0.0,0.0,0.0,0.0,0.0,0.0,0.0,0.0,0.0,0.0,0.0,0.0,0.0,0.0,0.0,0.0,0.0,0.0,0.0,0.0,0.0,0.0,0.0,0.0,0.0,0.0,0.0,0.0,0.0,0.0,0.0,0.0,0.0,0.0,0.0,please
0.0,0.0,0.029726205805922137,-0.34101366584532405,-0.04913883855612425,-0.6223695640308234,-0.15326512444845747,-0.8306776969869936,-0.2152109354176034,-1.0,-0.41633637957042646,-0.5237117701813717,-0.6180036063361275,-0.682772634629981,-0.7305102057550115,-0.761057590989985,-0.8119490540771742,-0.8153474641465229,-0.48832481109813597,-0.34176606690788863,-0.7023394679883209,-0.4861103190312677,-0.8301290610137539,-0.5638186140694104,-0.9186956488749353,-0.616762536203488,-0.5118005074913348,-0.16137313928206645,-0.7242943302884016,-0.2707045523690965,-0.8429017666249672,-0.33435415767673043,-0.926130076290139,-0.381851616426232,-0.5044089135783916,0.005274639849793922,-0.6784586890451727,-0.017172562963412602,-0.785088042428175,-0.03448904649442051,-0.8700728928303326,-0.06307049635707182,0.0,0.0,0.0,0.0,0.0,0.0,0.0,0.0,0.0,0.0,0.0,0.0,0.0,0.0,0.0,0.0,0.0,0.0,0.0,0.0,0.0,0.0,0.0,0.0,0.0,0.0,0.0,0.0,0.0,0.0,0.0,0.0,0.0,0.0,0.0,0.0,0.0,0.0,0.0,0.0,0.0,0.0,please
0.0,0.0,0.0362233455231578,-0.3373234915331431,-0.03110653753489983,-0.620381214274916,-0.13282387712963123,-0.8297739811354333,-0.19728714212722961,-1.0,-0.39186159382433255,-0.5292809343108157,-0.5878282115020658,-0.6886774805910055,-0.7002442988171852,-0.7712051756042766,-0.7850408416528407,-0.8303925621020846,-0.46584636515509015,-0.35214312231732964,-0.6739452787872177,-0.5005472982411825,-0.7998233958516324,-0.5838464254344419,-0.8903070084792954,-0.6413665616083679,-0.49156065155281525,-0.17547606335646912,-0.7002367638982179,-0.2825649629616872,-0.8179037329184583,-0.35265932406753586,-0.9029784697464631,-0.40694997005168715,-0.4883292477328266,-0.013548501914587029,-0.6618299663009719,-0.04226730735006229,-0.7656235946778116,-0.06549782133200145,-0.8492951621514562,-0.09916479609313256,0.0,0.0,0.0,0.0,0.0,0.0,0.0,0.0,0.0,0.0,0.0,0.0,0.0,0.0,0.0,0.0,0.0,0.0,0.0,0.0,0.0,0.0,0.0,0.0,0.0,0.0,0.0,0.0,0.0,0.0,0.0,0.0,0.0,0.0,0.0,0.0,0.0,0.0,0.0,0.0,0.0,0.0,please
0.0,0.0,0.03174290587201525,-0.3343259477319618,-0.03499297591974907,-0.618176017345291,-0.13525209823431444,-0.8313351930674826,-0.2003611349832501,-1.0,-0.39331663771843006,-0.5232115624976621,-0.5919883010027747,-0.6835268726275177,-0.7016273035809657,-0.7708108136807508,-0.7828486464557536,-0.835962566877184,-0.46474951871595804,-0.34218143002599427,-0.6760814199622889,-0.49227978645637627,-0.8015976675371651,-0.5768506297538639,-0.8915719001072255,-0.6376684735482622,-0.49014854946287084,-0.16630405953466101,-0.7001358479564765,-0.2743677422764681,-0.8189084475515632,-0.3441917577528542,-0.9029463005987785,-0.3990384696603415,-0.48791522739992227,-0.007936329807657731,-0.6637189904534774,-0.03512353862085726,-0.7697752414987633,-0.05601236411885984,-0.8550425800927357,-0.09063754418557955,0.0,0.0,0.0,0.0,0.0,0.0,0.0,0.0,0.0,0.0,0.0,0.0,0.0,0.0,0.0,0.0,0.0,0.0,0.0,0.0,0.0,0.0,0.0,0.0,0.0,0.0,0.0,0.0,0.0,0.0,0.0,0.0,0.0,0.0,0.0,0.0,0.0,0.0,0.0,0.0,0.0,0.0,please
0.0,0.0,0.034330010542316956,-0.3310138635070134,-0.034037995566943716,-0.6154083526849288,-0.13488522322575688,-0.8312083800613328,-0.1966295804446024,-1.0,-0.3927735899350891,-0.522453934397491,-0.587986201331838,-0.682156588227666,-0.6995385635072535,-0.7637829387368912,-0.7824191855759971,-0.8232411260827488,-0.4645785354584467,-0.34355009521705404,-0.6723918572008347,-0.4901079927092314,-0.797698580989729,-0.5720138707113303,-0.887413578216067,-0.6308568094001926,-0.4894324679347865,-0.16746626578645923,-0.6969477711044458,-0.27462687642435346,-0.8138157183784523,-0.3442481935175557,-0.8964499528117248,-0.3983002615167008,-0.48615498406645263,-0.006870036525886311,-0.6587281499074246,-0.032909799551891494,-0.764306692570188,-0.054302778224712245,-0.849531479262374,-0.08860949480928973,0.0,0.0,0.0,0.0,0.0,0.0,0.0,0.0,0.0,0.0,0.0,0.0,0.0,0.0,0.0,0.0,0.0,0.0,0.0,0.0,0.0,0.0,0.0,0.0,0.0,0.0,0.0,0.0,0.0,0.0,0.0,0.0,0.0,0.0,0.0,0.0,0.0,0.0,0.0,0.0,0.0,0.0,please
0.0,0.0,0.028865980379790813,-0.335290786645901,-0.03574063130290323,-0.6214797252754303,-0.13752255457341261,-0.8296342582090416,-0.20307480601190595,-1.0,-0.39302601574565244,-0.5247223302926471,-0.5918640845003931,-0.6829678562375788,-0.7033360311262192,-0.7716325988606324,-0.7868176704384926,-0.83871201250588,-0.4685552992262265,-0.3455591851616388,-0.6809615795718571,-0.4936970665073331,-0.8077286318945939,-0.57965150778216,-0.8975711874751394,-0.6431359893398849,-0.49699409544085915,-0.16967067478151146,-0.7067942981747893,-0.27929588816175716,-0.8244952169657359,-0.3504934104209695,-0.908696254264276,-0.40812126849366076,-0.496551901120847,-0.008155356071135544,-0.6707595162566029,-0.03709445043102144,-0.773479090006941,-0.058724325674845666,-0.8565366924445902,-0.09361736742704399,0.0,0.0,0.0,0.0,0.0,0.0,0.0,0.0,0.0,0.0,0.0,0.0,0.0,0.0,0.0,0.0,0.0,0.0,0.0,0.0,0.0,0.0,0.0,0.0,0.0,0.0,0.0,0.0,0.0,0.0,0.0,0.0,0.0,0.0,0.0,0.0,0.0,0.0,0.0,0.0,0.0,0.0,please
0.0,0.0,0.026497966448018374,-0.33382605283260314,-0.04539796695390704,-0.6185002039213117,-0.14666820521060506,-0.8295988712419398,-0.20926614585830156,-1.0,-0.39616382216712587,-0.5175686701704676,-0.597010173902842,-0.6719225286917165,-0.7100405168640396,-0.7557764656257084,-0.7941276443824316,-0.8179371739276545,-0.4684011099679098,-0.33897069965125,-0.678783463029536,-0.483470087887315,-0.8047799733613483,-0.5685330987294727,-0.8939158697514954,-0.6312240265316924,-0.4943556074506319,-0.1636730504195142,-0.7026830889369136,-0.273073883112256,-0.8198684641292415,-0.3429016954738141,-0.9029958485812594,-0.40001748929383,-0.491616581681386,-0.0035573609089229363,-0.6651684332218532,-0.03160503296587348,-0.7691686635216451,-0.053311270163577895,-0.8538264816334712,-0.08994098206480144,0.0,0.0,0.0,0.0,0.0,0.0,0.0,0.0,0.0,0.0,0.0,0.0,0.0,0.0,0.0,0.0,0.0,0.0,0.0,0.0,0.0,0.0,0.0,0.0,0.0,0.0,0.0,0.0,0.0,0.0,0.0,0.0,0.0,0.0,0.0,0.0,0.0,0.0,0.0,0.0,0.0,0.0,please
0.0,0.0,0.029280634714698887,-0.3331559711158456,-0.04228369763917504,-0.6175487130980595,-0.14398125362308212,-0.8291751791314317,-0.2058819498559423,-1.0,-0.3942307669188769,-0.5194367912073221,-0.5941377419184982,-0.6737210024195156,-0.7073587127205737,-0.756835197640257,-0.7910903496600343,-0.8181629329635736,-0.4669909117291566,-0.3416229532516313,-0.6763736214856254,-0.4850990491445619,-0.8023289670810755,-0.5695243462703563,-0.8918108906813186,-0.6320631617872822,-0.4933390589351487,-0.16620386588723465,-0.7011607327263586,-0.27423236341927104,-0.8173782674460346,-0.3437210048238836,-0.9006147247828075,-0.4009050522264809,-0.4909950405099953,-0.00552643999406602,-0.6637492465311581,-0.03381142589364951,-0.767249717907517,-0.05594579784986982,-0.8518563043853029,-0.09268983147062933,0.0,0.0,0.0,0.0,0.0,0.0,0.0,0.0,0.0,0.0,0.0,0.0,0.0,0.0,0.0,0.0,0.0,0.0,0.0,0.0,0.0,0.0,0.0,0.0,0.0,0.0,0.0,0.0,0.0,0.0,0.0,0.0,0.0,0.0,0.0,0.0,0.0,0.0,0.0,0.0,0.0,0.0,please
0.0,0.0,0.025070946357230128,-0.3352717981500352,-0.04587686593405954,-0.6160387026868674,-0.14698276092035528,-0.8295034506775493,-0.2085866554400614,-1.0,-0.40259008162408105,-0.5279189860745797,-0.6023751933412521,-0.6860991701786184,-0.7122000573294098,-0.7681532218206792,-0.7887083858569995,-0.8246023196585068,-0.47587132700123047,-0.3496504700575089,-0.6878360281874448,-0.4962621903811727,-0.8111071123874692,-0.5767190698861027,-0.8948880791204058,-0.6336245719088802,-0.5023610792479661,-0.1733344036116558,-0.7098591064275387,-0.27778087651914446,-0.8260292496395086,-0.3448053588932611,-0.9047451484623156,-0.3969792445225435,-0.49905433149882455,-0.011030576170269318,-0.6680663546692185,-0.03808719599528366,-0.7696946166132094,-0.06061639301008018,-0.8503624799868462,-0.097614718234681,0.0,0.0,0.0,0.0,0.0,0.0,0.0,0.0,0.0,0.0,0.0,0.0,0.0,0.0,0.0,0.0,0.0,0.0,0.0,0.0,0.0,0.0,0.0,0.0,0.0,0.0,0.0,0.0,0.0,0.0,0.0,0.0,0.0,0.0,0.0,0.0,0.0,0.0,0.0,0.0,0.0,0.0,please
0.0,0.0,0.02677023002875815,-0.3357166028204128,-0.04450551653502553,-0.6170597676263652,-0.14199990037311483,-0.8310187092000568,-0.1979005456394406,-1.0,-0.39629387987184583,-0.5328531803453165,-0.5966531441394485,-0.6940327140671947,-0.7041964787970905,-0.7744369562285636,-0.7745702375615227,-0.8284913452180918,-0.4706084894255781,-0.35495212442182994,-0.6837202379867593,-0.5031230598575336,-0.8035097822666575,-0.5831360842503259,-0.8804342517231198,-0.6392257776060631,-0.4988405617498369,-0.1798194809439283,-0.7051431771985649,-0.2892741938423295,-0.8195395050973732,-0.3576289287315432,-0.8942771644244543,-0.40992405272449156,-0.4983726798781636,-0.017571266634348676,-0.6694768738055404,-0.044084167708496595,-0.7702980666309468,-0.06778248778051954,-0.8474812015002351,-0.10152781473287238,0.0,0.0,0.0,0.0,0.0,0.0,0.0,0.0,0.0,0.0,0.0,0.0,0.0,0.0,0.0,0.0,0.0,0.0,0.0,0.0,0.0,0.0,0.0,0.0,0.0,0.0,0.0,0.0,0.0,0.0,0.0,0.0,0.0,0.0,0.0,0.0,0.0,0.0,0.0,0.0,0.0,0.0,please
0.0,0.0,0.030826634006362656,-0.33363435591382196,-0.0388617083047592,-0.6192351006540217,-0.13815046978659454,-0.8319293552973231,-0.19339287734387622,-1.0,-0.39791700933420315,-0.5432543528567633,-0.5899068372256732,-0.6996650558567262,-0.6971781070992801,-0.776533125847383,-0.7725442940435077,-0.8318961685267812,-0.47293485630733956,-0.36712731680599864,-0.6757377576546982,-0.5112211253900354,-0.793840390043872,-0.5875613561616326,-0.8734103960828952,-0.6423803295955017,-0.5009114249939016,-0.19082635300888945,-0.7036328128501114,-0.2961296716132719,-0.8160172677792067,-0.3603201530176585,-0.8920967280508877,-0.4106572167539414,-0.4989536477711208,-0.027210971691684727,-0.667567513882123,-0.05813135226884869,-0.7674980881271058,-0.0796283856864732,-0.8447769958027214,-0.11190118772302661,0.0,0.0,0.0,0.0,0.0,0.0,0.0,0.0,0.0,0.0,0.0,0.0,0.0,0.0,0.0,0.0,0.0,0.0,0.0,0.0,0.0,0.0,0.0,0.0,0.0,0.0,0.0,0.0,0.0,0.0,0.0,0.0,0.0,0.0,0.0,0.0,0.0,0.0,0.0,0.0,0.0,0.0,please
0.0,0.0,0.024696244983231624,-0.34028333808145783,-0.044126570004848084,-0.6282213525657365,-0.13993022756011375,-0.8398582559888844,-0.20327770530640396,-1.0,-0.4058344453940693,-0.5313661103863974,-0.5995792911799839,-0.6871043437842053,-0.7050092713378215,-0.7669745450547034,-0.778863848779732,-0.8259587462952134,-0.47967152974575045,-0.3498568065614082,-0.6872729022036296,-0.4964743926149171,-0.8074388116693906,-0.5773864323592182,-0.8885040409038429,-0.6342239815272968,-0.5048919426826404,-0.17387132082827284,-0.7097119137940513,-0.28498418124840685,-0.8227363941243209,-0.35286012025250024,-0.8982819286381879,-0.4042108367194958,-0.5007110941178234,-0.012750463566891078,-0.6723393009761144,-0.0428618195812654,-0.7739335462492316,-0.06671789643090979,-0.852264355579546,-0.09978708410177979,0.0,0.0,0.0,0.0,0.0,0.0,0.0,0.0,0.0,0.0,0.0,0.0,0.0,0.0,0.0,0.0,0.0,0.0,0.0,0.0,0.0,0.0,0.0,0.0,0.0,0.0,0.0,0.0,0.0,0.0,0.0,0.0,0.0,0.0,0.0,0.0,0.0,0.0,0.0,0.0,0.0,0.0,please
0.0,0.0,0.020817716022224233,-0.34085340397340164,-0.047994775578281246,-0.6277962332450844,-0.14653189661736069,-0.8402440414049729,-0.21207554767259268,-1.0,-0.41576003225405894,-0.5278830003428783,-0.6114793687974683,-0.6813227945546236,-0.716670677984203,-0.7591870668990676,-0.7897985296604995,-0.8151569549347637,-0.48790408914220657,-0.3512337739650673,-0.6947693952312844,-0.4978333775344756,-0.8143896946442012,-0.5752653473775436,-0.8958848481039243,-0.6277696614601298,-0.5120377850782054,-0.1767281752388778,-0.7172699483843077,-0.28862630514731247,-0.8323353584099444,-0.35448421865921836,-0.9101337122878664,-0.4007377758291802,-0.5070958163235585,-0.013702865102712724,-0.6773040675781811,-0.03504000842121185,-0.7813996738824392,-0.05360627666440296,-0.8626054759338833,-0.07938576253102383,0.0,0.0,0.0,0.0,0.0,0.0,0.0,0.0,0.0,0.0,0.0,0.0,0.0,0.0,0.0,0.0,0.0,0.0,0.0,0.0,0.0,0.0,0.0,0.0,0.0,0.0,0.0,0.0,0.0,0.0,0.0,0.0,0.0,0.0,0.0,0.0,0.0,0.0,0.0,0.0,0.0,0.0,please
0.0,0.0,0.020518464605986123,-0.3392812937760472,-0.05550541337032176,-0.6254063701255773,-0.16113212552590828,-0.8324165212043196,-0.2225117201658337,-1.0,-0.4173986116630576,-0.5114824133308729,-0.6209937842811707,-0.6787397105191185,-0.7318784539309517,-0.7632316019144106,-0.8075901824631319,-0.8214841421992953,-0.4908820061863307,-0.3331113780458068,-0.7089160100893902,-0.4887871101077379,-0.8363185216348159,-0.5690381110907836,-0.9237235430841689,-0.6201445736433082,-0.5140145569132629,-0.16382259427164733,-0.7290857886750911,-0.27605898486035485,-0.84500045935478,-0.34324683607812156,-0.9250981655726433,-0.3905916198332185,-0.5057857521649907,-0.011567268205209534,-0.6847904852401498,-0.027230074791430425,-0.7934075043479849,-0.040865630916509424,-0.8806743222266554,-0.06200362877038271,0.0,0.0,0.0,0.0,0.0,0.0,0.0,0.0,0.0,0.0,0.0,0.0,0.0,0.0,0.0,0.0,0.0,0.0,0.0,0.0,0.0,0.0,0.0,0.0,0.0,0.0,0.0,0.0,0.0,0.0,0.0,0.0,0.0,0.0,0.0,0.0,0.0,0.0,0.0,0.0,0.0,0.0,please
0.0,0.0,0.025567327392286284,-0.3427663232463688,-0.05411767688143352,-0.6277673226921187,-0.16221308183387864,-0.8348001993082304,-0.22379874410465636,-1.0,-0.41799158141891724,-0.5269957294488472,-0.6220733865156417,-0.6793067728094776,-0.7346078093020542,-0.757890406350613,-0.8117384837312148,-0.8154994099705342,-0.48902154393111985,-0.34433454208617204,-0.7068563562769286,-0.48372276510331524,-0.8346285639746941,-0.5620404959046489,-0.9204010774474076,-0.6186482053941552,-0.509300654669973,-0.17098470359502088,-0.7258542752645231,-0.27206735287353195,-0.8461344686262493,-0.3376764114167599,-0.9294760976673702,-0.38891457551017283,-0.49793311450268396,-0.015458270301357319,-0.6764761100779251,-0.038365250023830906,-0.7852111867157421,-0.05644109118879649,-0.8722330733894202,-0.08576987292912068,0.0,0.0,0.0,0.0,0.0,0.0,0.0,0.0,0.0,0.0,0.0,0.0,0.0,0.0,0.0,0.0,0.0,0.0,0.0,0.0,0.0,0.0,0.0,0.0,0.0,0.0,0.0,0.0,0.0,0.0,0.0,0.0,0.0,0.0,0.0,0.0,0.0,0.0,0.0,0.0,0.0,0.0,please
0.0,0.0,0.0181857289996291,-0.3470819470507859,-0.060748337495053505,-0.6223081070125099,-0.17022230617667294,-0.8332429290972492,-0.23606591282310782,-1.0,-0.42350533118422196,-0.5143751008257716,-0.6395988478630452,-0.6761927085559544,-0.7518683618724845,-0.7523674925302754,-0.8241219367924099,-0.8041482997155507,-0.49443359011445537,-0.328775985472816,-0.7237573783782666,-0.4804617923754345,-0.8524674565432306,-0.556326343206101,-0.9364006888554604,-0.6070895856801897,-0.514364621839586,-0.1552144676192433,-0.7347608653988013,-0.27090054476940023,-0.8558343823809635,-0.33483642440445577,-0.9352357289306884,-0.3748002443258358,-0.5041449905620183,-0.0022811098349421795,-0.6860065548816219,-0.017181400902571625,-0.7983787905319603,-0.02888725576034007,-0.8880109367524243,-0.047191286998749415,0.0,0.0,0.0,0.0,0.0,0.0,0.0,0.0,0.0,0.0,0.0,0.0,0.0,0.0,0.0,0.0,0.0,0.0,0.0,0.0,0.0,0.0,0.0,0.0,0.0,0.0,0.0,0.0,0.0,0.0,0.0,0.0,0.0,0.0,0.0,0.0,0.0,0.0,0.0,0.0,0.0,0.0,please
0.0,0.0,0.021487149264037473,-0.3496233489292055,-0.06181369849079687,-0.628642751133083,-0.1715389445498421,-0.8340024663889534,-0.2287767174671253,-1.0,-0.42184850067528085,-0.5165081230712998,-0.6336110186611135,-0.67565196809511,-0.7440100086320819,-0.7561849048389121,-0.816592431880187,-0.8121090028785716,-0.4968973128767803,-0.33316929862727823,-0.7255433894153183,-0.4820960449751307,-0.8535372673159312,-0.55817126173428,-0.9367211669881691,-0.6068635809698503,-0.5218530835870003,-0.15674116972114938,-0.7433193582470474,-0.2644460223819348,-0.8616112958713834,-0.32526321701959277,-0.9402526637475754,-0.3647480753866622,-0.514502959471132,0.001391919711857809,-0.694903131497989,-0.015280936680088451,-0.80199753472883,-0.027916639071390307,-0.8860470178797829,-0.04838017823614347,0.0,0.0,0.0,0.0,0.0,0.0,0.0,0.0,0.0,0.0,0.0,0.0,0.0,0.0,0.0,0.0,0.0,0.0,0.0,0.0,0.0,0.0,0.0,0.0,0.0,0.0,0.0,0.0,0.0,0.0,0.0,0.0,0.0,0.0,0.0,0.0,0.0,0.0,0.0,0.0,0.0,0.0,please
0.0,0.0,0.025461936198477374,-0.3490221800817763,-0.05829454390295972,-0.6298381546234967,-0.17007757698561615,-0.8347942948386735,-0.22830799140552419,-1.0,-0.4277924522411145,-0.5209046644917021,-0.6403919549000973,-0.6763415930044859,-0.7510949124787255,-0.7555870702586303,-0.8238717500345258,-0.8126302454330948,-0.5018146112276661,-0.33713206763860337,-0.7294950900161364,-0.4813021772803305,-0.8574973975524477,-0.55605774691187,-0.9413901528053695,-0.6057029674230664,-0.5256461678274197,-0.15945739706866383,-0.7489046656167808,-0.26294522526465364,-0.867796086245154,-0.3242108206126785,-0.9473392874370624,-0.36649690167403265,-0.5167342792057057,0.0012392741330073606,-0.6999578376775901,-0.02115963544076503,-0.806762679003529,-0.037038432967954664,-0.8904302778916139,-0.06249446250351939,0.0,0.0,0.0,0.0,0.0,0.0,0.0,0.0,0.0,0.0,0.0,0.0,0.0,0.0,0.0,0.0,0.0,0.0,0.0,0.0,0.0,0.0,0.0,0.0,0.0,0.0,0.0,0.0,0.0,0.0,0.0,0.0,0.0,0.0,0.0,0.0,0.0,0.0,0.0,0.0,0.0,0.0,please
0.0,0.0,0.010485490965174508,-0.35365772387136085,-0.07120072021554104,-0.6336031364839392,-0.17987656847997868,-0.837393966945296,-0.24309773605742685,-1.0,-0.43898993697518995,-0.503735255336164,-0.6555020563986367,-0.6630463498924198,-0.7724136145966222,-0.7426279655934043,-0.8529567870675374,-0.7981328781012585,-0.5066910308650203,-0.31283053513966375,-0.7435111281155391,-0.4495152944648603,-0.8806405181934157,-0.5188646013823569,-0.9746951698432949,-0.5624696538395628,-0.5211030769816638,-0.1337521896837335,-0.753291665873303,-0.23178397341914356,-0.8832654610712314,-0.29201098650012375,-0.974613651726042,-0.33217621241836287,-0.5050059264266266,0.02612477151126259,-0.6980442494620994,0.022697142938745977,-0.819941949580152,0.014591445476875036,-0.919957836687675,-0.0008758734934023877,0.0,0.0,0.0,0.0,0.0,0.0,0.0,0.0,0.0,0.0,0.0,0.0,0.0,0.0,0.0,0.0,0.0,0.0,0.0,0.0,0.0,0.0,0.0,0.0,0.0,0.0,0.0,0.0,0.0,0.0,0.0,0.0,0.0,0.0,0.0,0.0,0.0,0.0,0.0,0.0,0.0,0.0,please
0.0,0.0,0.018328938908088732,-0.3639548877269373,-0.07021482119607132,-0.6395548143446864,-0.18867936290432225,-0.8335505313385552,-0.25531115914864716,-1.0,-0.4419437153386122,-0.5122104859436774,-0.6563791499414308,-0.658933725021982,-0.7741558814746032,-0.735640441219689,-0.8555773776057082,-0.7895541315810254,-0.5111217747580493,-0.320434344555791,-0.7493105571292104,-0.4443393252276423,-0.8840555983354815,-0.5127739143909362,-0.9724730471623452,-0.5599712883037835,-0.5257597823705673,-0.13497911040050917,-0.7609371317157969,-0.22670128377379506,-0.8901299685156896,-0.28282683154320615,-0.9804973013024162,-0.32612473439009315,-0.5048465830053595,0.0334215780627442,-0.6949150731061768,0.026681810166766507,-0.8153026335084969,0.017527136886989553,-0.9155589073644076,-0.003484469501540968,0.0,0.0,0.0,0.0,0.0,0.0,0.0,0.0,0.0,0.0,0.0,0.0,0.0,0.0,0.0,0.0,0.0,0.0,0.0,0.0,0.0,0.0,0.0,0.0,0.0,0.0,0.0,0.0,0.0,0.0,0.0,0.0,0.0,0.0,0.0,0.0,0.0,0.0,0.0,0.0,0.0,0.0,please
0.0,0.0,0.01702391529362249,-0.36171933327776723,-0.07057189927876388,-0.6383450997500116,-0.18743153990798492,-0.8341074163597231,-0.2524036770569357,-1.0,-0.4400617670373635,-0.5107860297373201,-0.6540720786863229,-0.660656956786719,-0.7715577246037812,-0.7368898000152512,-0.8525188584831992,-0.789498480503689,-0.5097840665989233,-0.31955175893298904,-0.7454700330263602,-0.44822747105094995,-0.878867976726081,-0.5158336776657984,-0.9660514790335518,-0.5605966025469371,-0.5251198661211731,-0.13457665431798824,-0.7606720896813166,-0.23017398690886393,-0.8896052383460455,-0.2862493416304157,-0.9791479352761369,-0.3276144587714336,-0.504682034830485,0.03239148798324032,-0.6949973960780975,0.024946517631300028,-0.8150541562554126,0.017068841074459162,-0.9142974228562275,-0.0013090544955632836,0.0,0.0,0.0,0.0,0.0,0.0,0.0,0.0,0.0,0.0,0.0,0.0,0.0,0.0,0.0,0.0,0.0,0.0,0.0,0.0,0.0,0.0,0.0,0.0,0.0,0.0,0.0,0.0,0.0,0.0,0.0,0.0,0.0,0.0,0.0,0.0,0.0,0.0,0.0,0.0,0.0,0.0,please
0.0,0.0,0.00028979996391113183,-0.3540311916117733,-0.08959991723458233,-0.631747888551646,-0.20414471424377412,-0.8327017781405823,-0.2768981179186373,-0.995519444503685,-0.4710516910266527,-0.5083275895161989,-0.6853968799918082,-0.6455757029048211,-0.8036270976276485,-0.7210280578093452,-0.8877395708691745,-0.7742934726793201,-0.5375795380655126,-0.31139490130541575,-0.7774452741657398,-0.4274307463543966,-0.9109137365636651,-0.49102550315308713,-0.9984107890288025,-0.5354163235123514,-0.5524213497871951,-0.12224476389999965,-0.7865161945392672,-0.20253447916245995,-0.9135688245420034,-0.25510745967189985,-1.0,-0.2962484668659268,-0.5331629624150924,0.04851366347841331,-0.7248248003427988,0.04880406845268751,-0.843322281306526,0.045724565704654815,-0.9418479164274985,0.02768497170895916,0.0,0.0,0.0,0.0,0.0,0.0,0.0,0.0,0.0,0.0,0.0,0.0,0.0,0.0,0.0,0.0,0.0,0.0,0.0,0.0,0.0,0.0,0.0,0.0,0.0,0.0,0.0,0.0,0.0,0.0,0.0,0.0,0.0,0.0,0.0,0.0,0.0,0.0,0.0,0.0,0.0,0.0,please
0.0,0.0,0.011897332086316012,-0.3573273891379546,-0.07560608797194569,-0.6429819808381363,-0.19170805011674394,-0.8407579147152217,-0.2620310049517079,-1.0,-0.4584567981816914,-0.5098417205977814,-0.6722231064202914,-0.6423870844293912,-0.7858194101941878,-0.7167753634203086,-0.8614406984250743,-0.7700099487184989,-0.5292452982022564,-0.3137553998174777,-0.763063430382516,-0.42393581794977714,-0.8943927734988553,-0.4848623303606396,-0.9788193332987601,-0.5260022782505753,-0.5462914944715764,-0.12470620283821619,-0.7781294203694199,-0.20597364215490793,-0.9011512258859814,-0.2552397676923563,-0.9836041363779154,-0.2922455431946652,-0.5283510163012346,0.04779676717316314,-0.718358276660211,0.043346369790707336,-0.8333062113026741,0.03749814467427633,-0.924603735210297,0.020903336486641954,0.0,0.0,0.0,0.0,0.0,0.0,0.0,0.0,0.0,0.0,0.0,0.0,0.0,0.0,0.0,0.0,0.0,0.0,0.0,0.0,0.0,0.0,0.0,0.0,0.0,0.0,0.0,0.0,0.0,0.0,0.0,0.0,0.0,0.0,0.0,0.0,0.0,0.0,0.0,0.0,0.0,0.0,please
0.0,0.0,0.011512663783185073,-0.36198678035195564,-0.07904216048297631,-0.6425812471008899,-0.19549305595157537,-0.8393033199623976,-0.26297463833509804,-1.0,-0.45051274197464597,-0.5034683498015524,-0.663893564372443,-0.6380626037286157,-0.7762119235510917,-0.710739215016523,-0.8499652841671698,-0.762027522218427,-0.5181462979870696,-0.3089259374009746,-0.7506741808856564,-0.42393646385291067,-0.8804324693274888,-0.4857656266810429,-0.9643896686151822,-0.5275742480832804,-0.5332587085004701,-0.12180113148335081,-0.7649602899080692,-0.20590486627202514,-0.8888390802097412,-0.25801624148345076,-0.9721054902751575,-0.29833687350561716,-0.5138556150581468,0.047671217252916454,-0.702124044579715,0.04366522766943002,-0.8168707483393133,0.038006341151107646,-0.9090655356144467,0.022005605093144844,0.0,0.0,0.0,0.0,0.0,0.0,0.0,0.0,0.0,0.0,0.0,0.0,0.0,0.0,0.0,0.0,0.0,0.0,0.0,0.0,0.0,0.0,0.0,0.0,0.0,0.0,0.0,0.0,0.0,0.0,0.0,0.0,0.0,0.0,0.0,0.0,0.0,0.0,0.0,0.0,0.0,0.0,please
0.0,0.0,0.017493484563815467,-0.33443378649511496,-0.06725642227859546,-0.6203864613208571,-0.17751668164275156,-0.8269797806068839,-0.25460612523737003,-1.0,-0.43307004891193057,-0.48351110673453834,-0.6494430966589716,-0.6279492909392634,-0.7613806122551746,-0.7029937436146487,-0.8382142221704991,-0.7564910977153171,-0.5023278207166813,-0.29056523437106596,-0.735437062956626,-0.4114661605757083,-0.8650023443261153,-0.4848595138796415,-0.9477303398321709,-0.5331568281435511,-0.519584914401324,-0.1083943100575507,-0.7452201484478771,-0.1939168933594585,-0.8688083773570549,-0.2582857101293911,-0.955054260798727,-0.31059383626868325,-0.5042449647343974,0.05383669390710202,-0.6835656305006339,0.04033276002716957,-0.7953857899148098,0.025104991120655024,-0.8846176118758302,-0.001976451551899128,0.0,0.0,0.0,0.0,0.0,0.0,0.0,0.0,0.0,0.0,0.0,0.0,0.0,0.0,0.0,0.0,0.0,0.0,0.0,0.0,0.0,0.0,0.0,0.0,0.0,0.0,0.0,0.0,0.0,0.0,0.0,0.0,0.0,0.0,0.0,0.0,0.0,0.0,0.0,0.0,0.0,0.0,please
0.0,0.0,0.02077151810163351,-0.33323749610939096,-0.05175903534766642,-0.6257320812617868,-0.15629513206467252,-0.8253873339640099,-0.236538626179618,-1.0,-0.4163978468096206,-0.49288808674851237,-0.6200794631052914,-0.6366329876169949,-0.7300502772033916,-0.7176976769430308,-0.808831142368152,-0.7806048573470034,-0.48824656019488916,-0.30887154869308875,-0.7054952335205538,-0.42772722023420734,-0.8299532486818604,-0.5030014031529736,-0.914556758617949,-0.5566377990368092,-0.5120641551090798,-0.1276538487491242,-0.7213490485043925,-0.20916660821307229,-0.8367200412437894,-0.27051114401107584,-0.9201185625589926,-0.3249791367342035,-0.5054255159407619,0.03997825792997464,-0.6724103212956268,0.02351061352803759,-0.774478565044715,0.005429383212785575,-0.8560902733307854,-0.024557977475407482,0.0,0.0,0.0,0.0,0.0,0.0,0.0,0.0,0.0,0.0,0.0,0.0,0.0,0.0,0.0,0.0,0.0,0.0,0.0,0.0,0.0,0.0,0.0,0.0,0.0,0.0,0.0,0.0,0.0,0.0,0.0,0.0,0.0,0.0,0.0,0.0,0.0,0.0,0.0,0.0,0.0,0.0,please
0.0,0.0,0.014674395612007783,-0.33707946833588376,-0.0632403319961964,-0.6282384113049995,-0.16512093007634485,-0.8341855744545972,-0.24216111345512406,-1.0,-0.4186083490242259,-0.5044356946289917,-0.6184070700328091,-0.6516369956611271,-0.7300238931885783,-0.7284462762730615,-0.8044930529753921,-0.7825226547101016,-0.4878797038567059,-0.31818689899683245,-0.703737318715089,-0.4420129683390324,-0.8276680814708927,-0.514428011864204,-0.9123556070538696,-0.5657157146125766,-0.513383045649477,-0.13662516714211645,-0.7249761750326937,-0.22361148720273893,-0.8397154333310243,-0.2843798476461562,-0.9198788390208883,-0.3367226186053053,-0.5095046663350064,0.029944940185687805,-0.6804032821778749,0.004253596310593609,-0.7793369836961656,-0.016448411074096697,-0.8561931008352383,-0.046705594774040654,0.0,0.0,0.0,0.0,0.0,0.0,0.0,0.0,0.0,0.0,0.0,0.0,0.0,0.0,0.0,0.0,0.0,0.0,0.0,0.0,0.0,0.0,0.0,0.0,0.0,0.0,0.0,0.0,0.0,0.0,0.0,0.0,0.0,0.0,0.0,0.0,0.0,0.0,0.0,0.0,0.0,0.0,please
0.0,0.0,0.03338479637892692,-0.3239016834943573,-0.035290429109819534,-0.6191491487085858,-0.1393364432046279,-0.8177372447226064,-0.21707992876934254,-1.0,-0.39802441741837824,-0.4620737794134301,-0.6044009558082113,-0.6264022732094296,-0.7186173913774507,-0.7234199221328844,-0.799320702633764,-0.7944522770914115,-0.47201573265854435,-0.2811781246121109,-0.6903495168292566,-0.4164886806849893,-0.8168986624718185,-0.5070701521093997,-0.9030341520441231,-0.569952076069041,-0.4965874412695713,-0.11500630760230506,-0.7106998792876736,-0.21155193720783141,-0.8263772504985998,-0.28213848240720457,-0.9124568593135173,-0.34009993259692717,-0.48530076457733623,0.023812620446521868,-0.6494926472297238,0.0022060536168449327,-0.7512208461929132,-0.018175834490097978,-0.8368475983390063,-0.050075587378465534,0.0,0.0,0.0,0.0,0.0,0.0,0.0,0.0,0.0,0.0,0.0,0.0,0.0,0.0,0.0,0.0,0.0,0.0,0.0,0.0,0.0,0.0,0.0,0.0,0.0,0.0,0.0,0.0,0.0,0.0,0.0,0.0,0.0,0.0,0.0,0.0,0.0,0.0,0.0,0.0,0.0,0.0,please
0.0,0.0,0.024486077171680547,-0.31824798694269785,-0.05386452224942763,-0.6071279509934282,-0.15639192653861758,-0.8194707759486977,-0.22529760187928977,-1.0,-0.4060961061259669,-0.4670387467782115,-0.6110708092996922,-0.6371072472001889,-0.7299944932078858,-0.7377533257679576,-0.8189353664513233,-0.8132448530156716,-0.480948365583131,-0.2862276389580335,-0.6956188524252427,-0.4267160371262495,-0.827078244438552,-0.5233217008813291,-0.9203019089081573,-0.592855131132911,-0.50704418570493,-0.11315657952588265,-0.7183897529069415,-0.2142209997833155,-0.8367415496675322,-0.29316348240613854,-0.9231236551138757,-0.36256869553499016,-0.5001507581291837,0.0385984438464749,-0.6641922054653943,0.010811199923215152,-0.7648425256203988,-0.017506121216322404,-0.8451006274155839,-0.058643942746813116,0.0,0.0,0.0,0.0,0.0,0.0,0.0,0.0,0.0,0.0,0.0,0.0,0.0,0.0,0.0,0.0,0.0,0.0,0.0,0.0,0.0,0.0,0.0,0.0,0.0,0.0,0.0,0.0,0.0,0.0,0.0,0.0,0.0,0.0,0.0,0.0,0.0,0.0,0.0,0.0,0.0,0.0,please
0.0,0.0,0.02040604376486146,-0.3199048866553124,-0.06020680501860725,-0.6107654079666582,-0.16564979821667297,-0.822621756743862,-0.23562046806792103,-1.0,-0.4152934123309998,-0.47158647863756975,-0.6191437292951608,-0.6435124274818578,-0.7367268546764865,-0.7434549334505383,-0.8239222399250505,-0.8181646440141147,-0.4895961345504911,-0.29039955701162123,-0.702931882343983,-0.4385377720845996,-0.8315747774214722,-0.5359354563233314,-0.9216663100398169,-0.6056037162445458,-0.5148638697483082,-0.11633216032015453,-0.7254291329437426,-0.22143467126233374,-0.8426586435264034,-0.3002101688772712,-0.9269382428320413,-0.36833288514013024,-0.5074873566143197,0.03928437521385563,-0.6709901648097975,0.011476396603755762,-0.7726274916891486,-0.016826281278343402,-0.8533019067970186,-0.05732728417087631,0.0,0.0,0.0,0.0,0.0,0.0,0.0,0.0,0.0,0.0,0.0,0.0,0.0,0.0,0.0,0.0,0.0,0.0,0.0,0.0,0.0,0.0,0.0,0.0,0.0,0.0,0.0,0.0,0.0,0.0,0.0,0.0,0.0,0.0,0.0,0.0,0.0,0.0,0.0,0.0,0.0,0.0,please
0.0,0.0,0.02518060191151421,-0.31703026451240757,-0.04169167968698831,-0.6079318037786713,-0.10927448915846488,-0.8261964354356918,-0.16678049567111006,-1.0,-0.3947936555687904,-0.5650950585112702,-0.5529252924885957,-0.7149967906544581,-0.6500937056625864,-0.824593343623114,-0.7227972393756208,-0.9080144201473724,-0.47966751993249757,-0.41488391022505167,-0.6510253418596678,-0.5649685818396665,-0.7561617853446964,-0.6726422376975464,-0.8345344100111706,-0.7511433716964181,-0.5251851189355,-0.2420618949728685,-0.6930538786104008,-0.3759275144126943,-0.7832815456533355,-0.46315260268663555,-0.8467042889594448,-0.5312031499918468,-0.535461574354506,-0.05305967395217465,-0.6926162919117717,-0.11888265087876443,-0.7504593813393609,-0.17335796014810417,-0.7788257273424948,-0.22335328502827884,0.0,0.0,0.0,0.0,0.0,0.0,0.0,0.0,0.0,0.0,0.0,0.0,0.0,0.0,0.0,0.0,0.0,0.0,0.0,0.0,0.0,0.0,0.0,0.0,0.0,0.0,0.0,0.0,0.0,0.0,0.0,0.0,0.0,0.0,0.0,0.0,0.0,0.0,0.0,0.0,0.0,0.0,please
0.0,0.0,0.05796117739173216,-0.3161639746553829,0.01678307251588814,-0.630399702177614,-0.0581307612617804,-0.8303189216758112,-0.12223112944343169,-1.0,-0.36147852514245365,-0.5852785070167184,-0.5350245875387055,-0.7458063012611819,-0.6226855462967149,-0.8514997135751782,-0.6661477272896104,-0.9252971378954578,-0.4446058215022584,-0.4191268531919441,-0.6310720947937752,-0.5753730261466915,-0.7156494499773216,-0.6917177487666966,-0.7390832240801455,-0.7637140607950745,-0.4830374742148681,-0.24744430315992694,-0.67935860790957,-0.3845489355587661,-0.7431708533082545,-0.4939869889481831,-0.7512162177363504,-0.5748683071942826,-0.48551904443840255,-0.07289326000688098,-0.6499952350965175,-0.1288616677416883,-0.7045573065072451,-0.19137571571715617,-0.7118683027371346,-0.24940014216179746,0.0,0.0,0.0,0.0,0.0,0.0,0.0,0.0,0.0,0.0,0.0,0.0,0.0,0.0,0.0,0.0,0.0,0.0,0.0,0.0,0.0,0.0,0.0,0.0,0.0,0.0,0.0,0.0,0.0,0.0,0.0,0.0,0.0,0.0,0.0,0.0,0.0,0.0,0.0,0.0,0.0,0.0,please
0.0,0.0,0.04662099243412648,-0.2982588644144194,-0.00711088550345358,-0.6051552858827235,-0.08289737388725295,-0.8320962639202141,-0.1507370636125879,-1.0,-0.3787219250746783,-0.5435574630343456,-0.5697101488642701,-0.7168444458780717,-0.6519182498580285,-0.8212094447363574,-0.6748810325172128,-0.8855441987754371,-0.46430731469636766,-0.3805932330718567,-0.6788124133634056,-0.5522792692688699,-0.7533310258536755,-0.6688202907679026,-0.7502313138712774,-0.7275124718497386,-0.499957026551437,-0.2130755152781751,-0.7273448223467026,-0.3591801472429509,-0.7893060626304589,-0.47502170954957035,-0.7806302008483489,-0.5505560870351334,-0.5026851508378656,-0.05087780430931376,-0.6879146141981728,-0.11259425509718153,-0.7316807902530701,-0.17574591295977346,-0.713515754384565,-0.2275120474206169,0.0,0.0,0.0,0.0,0.0,0.0,0.0,0.0,0.0,0.0,0.0,0.0,0.0,0.0,0.0,0.0,0.0,0.0,0.0,0.0,0.0,0.0,0.0,0.0,0.0,0.0,0.0,0.0,0.0,0.0,0.0,0.0,0.0,0.0,0.0,0.0,0.0,0.0,0.0,0.0,0.0,0.0,please
0.0,0.0,0.0304690837592584,-0.320309591334977,-0.01571933725544695,-0.6191419218356727,-0.10343995614644616,-0.8270394647670323,-0.17311323344468293,-1.0,-0.38811960730823936,-0.5672316071572568,-0.5858006318960829,-0.7172627472981853,-0.6814457947084065,-0.8093770856602653,-0.7209347961478874,-0.8689238121709053,-0.47424075532427784,-0.4133349718366163,-0.6926704000521576,-0.5564466525635284,-0.7920222476147338,-0.6352481517511397,-0.8254980063446965,-0.6734540163918956,-0.5177901995199443,-0.2451267395157236,-0.7322020797839578,-0.37104678913406386,-0.8100743074106672,-0.4288883141259571,-0.8240946625970019,-0.45584855597247315,-0.5265328155319817,-0.06309417190387219,-0.7139829527030157,-0.1022127943944315,-0.7582155712714614,-0.13226303039037554,-0.746222220506512,-0.15024324481984186,0.0,0.0,0.0,0.0,0.0,0.0,0.0,0.0,0.0,0.0,0.0,0.0,0.0,0.0,0.0,0.0,0.0,0.0,0.0,0.0,0.0,0.0,0.0,0.0,0.0,0.0,0.0,0.0,0.0,0.0,0.0,0.0,0.0,0.0,0.0,0.0,0.0,0.0,0.0,0.0,0.0,0.0,please
0.0,0.0,-0.008850937069781238,-0.3258943127306372,-0.08078281171623547,-0.6178763303239398,-0.17855964739215427,-0.821760335056578,-0.24697250185251518,-1.0,-0.44181540081033,-0.5154169836613388,-0.6569499299961123,-0.6540378312090898,-0.77276896536648,-0.7374886244384994,-0.8555158421658192,-0.8079115126583011,-0.5130523504548482,-0.34195615037848853,-0.7466493162075101,-0.46081361410116684,-0.870594467147176,-0.5348175633611891,-0.9563285211584601,-0.5941025447652298,-0.538049307418389,-0.16551668174042128,-0.7690197646201464,-0.25131603599853125,-0.8865825750843256,-0.30526820137607064,-0.9690545389684562,-0.3572397799213093,-0.5277780618819307,0.008265370312529679,-0.7102789894039391,-0.009017728061674004,-0.8160429106916285,-0.03030358545560072,-0.900204139136506,-0.061163065955609545,0.0,0.0,0.0,0.0,0.0,0.0,0.0,0.0,0.0,0.0,0.0,0.0,0.0,0.0,0.0,0.0,0.0,0.0,0.0,0.0,0.0,0.0,0.0,0.0,0.0,0.0,0.0,0.0,0.0,0.0,0.0,0.0,0.0,0.0,0.0,0.0,0.0,0.0,0.0,0.0,0.0,0.0,please
0.0,0.0,0.008112348731594785,-0.33104230450165284,-0.06441074149656895,-0.627488249060479,-0.16989881168060908,-0.8272771121775788,-0.244642745804827,-1.0,-0.4446229104450296,-0.49101157088773645,-0.6595793314207659,-0.6313384580649487,-0.7805669666708868,-0.719536295854018,-0.8713095960493157,-0.7911708246483673,-0.515232761566774,-0.31287974163884175,-0.749216128296719,-0.4281169135508529,-0.8886012836343394,-0.5071496285739328,-0.988016957665499,-0.5672445002491173,-0.5379233161855976,-0.13567095063424459,-0.7655548902725134,-0.21371682292609392,-0.8936072493538676,-0.27531389848661353,-0.9862879680073109,-0.3328185318677107,-0.524408518413919,0.034815310076933656,-0.7008899382674798,0.023046852306381087,-0.812538947322232,0.004796530289613044,-0.9048373987425591,-0.02356422833902033,0.0,0.0,0.0,0.0,0.0,0.0,0.0,0.0,0.0,0.0,0.0,0.0,0.0,0.0,0.0,0.0,0.0,0.0,0.0,0.0,0.0,0.0,0.0,0.0,0.0,0.0,0.0,0.0,0.0,0.0,0.0,0.0,0.0,0.0,0.0,0.0,0.0,0.0,0.0,0.0,0.0,0.0,please
0.0,0.0,0.014798493104646978,-0.3338576372261907,-0.062201012716636195,-0.6314380489633294,-0.16902022380045084,-0.832716118808513,-0.24329069954766716,-1.0,-0.4390190013992663,-0.4896734856519967,-0.6546406889946034,-0.635079494381118,-0.7767292563459665,-0.7249408589871967,-0.8667470572162583,-0.8005588627250131,-0.5114610936127262,-0.3138817588321261,-0.7423072827909117,-0.43075530292844466,-0.8817971362504348,-0.512408815366682,-0.9796323092734951,-0.5787784270727777,-0.5359603004953001,-0.13907150580618358,-0.7604425647420195,-0.22056758274218227,-0.8861731326434076,-0.2848214744689688,-0.9792639235214303,-0.34763779575641374,-0.5254641932490813,0.027410209303727614,-0.6998613168647064,0.011286282471488687,-0.8077804669616936,-0.01015869787294422,-0.8943503415118005,-0.04504942508840203,0.0,0.0,0.0,0.0,0.0,0.0,0.0,0.0,0.0,0.0,0.0,0.0,0.0,0.0,0.0,0.0,0.0,0.0,0.0,0.0,0.0,0.0,0.0,0.0,0.0,0.0,0.0,0.0,0.0,0.0,0.0,0.0,0.0,0.0,0.0,0.0,0.0,0.0,0.0,0.0,0.0,0.0,please
0.0,0.0,0.011135440334816298,-0.33524282934877114,-0.06855871432846722,-0.6216307778480418,-0.1675932557383655,-0.8237641337667335,-0.23400752520279344,-1.0,-0.4477366873172807,-0.5012696624136487,-0.6528413567019031,-0.6444451914687592,-0.7695304595647502,-0.7339006740463453,-0.8508723485578586,-0.8042543568313469,-0.5201066808931142,-0.3263133906218519,-0.739714293759696,-0.44991583970711213,-0.8722285003794907,-0.5347772682732395,-0.9625146715696686,-0.5982560232291576,-0.544156922546991,-0.1518893008922017,-0.7591554196456384,-0.2458242371602346,-0.879356749489592,-0.31330701818914464,-0.9630622428177796,-0.3757205358754668,-0.5345623653855515,0.011207038249658,-0.7062792681034127,-0.013281631489461463,-0.8093104138512278,-0.038118467918131275,-0.8888400897680686,-0.07247106014464962,0.0,0.0,0.0,0.0,0.0,0.0,0.0,0.0,0.0,0.0,0.0,0.0,0.0,0.0,0.0,0.0,0.0,0.0,0.0,0.0,0.0,0.0,0.0,0.0,0.0,0.0,0.0,0.0,0.0,0.0,0.0,0.0,0.0,0.0,0.0,0.0,0.0,0.0,0.0,0.0,0.0,0.0,please
0.0,0.0,0.006282228729396344,-0.32910790194562844,-0.07113078576072185,-0.6239537048880345,-0.17590328502706867,-0.8282454604314915,-0.24514715662884545,-1.0,-0.456002493870446,-0.5014081958251887,-0.6652819903058712,-0.642115061035762,-0.7821252584297467,-0.7265704856332764,-0.8682854222396973,-0.7988709336185316,-0.5294997927278403,-0.32522465858433663,-0.7558773160159628,-0.4434358349017257,-0.8917848895843703,-0.5205954555991773,-0.9846821140747594,-0.5810562932693016,-0.5541487784812091,-0.14848435948279487,-0.775006566003359,-0.2384631523376623,-0.8967467627346892,-0.30168215172057905,-0.9833763985367003,-0.3596153257673308,-0.542641926391635,0.021626312622775458,-0.7171150004942389,0.0010899675651542366,-0.8223810782863534,-0.02084917961833303,-0.9046983964421839,-0.05389076151769453,0.0,0.0,0.0,0.0,0.0,0.0,0.0,0.0,0.0,0.0,0.0,0.0,0.0,0.0,0.0,0.0,0.0,0.0,0.0,0.0,0.0,0.0,0.0,0.0,0.0,0.0,0.0,0.0,0.0,0.0,0.0,0.0,0.0,0.0,0.0,0.0,0.0,0.0,0.0,0.0,0.0,0.0,please
0.0,0.0,0.008267816180559107,-0.3312776593491506,-0.061119478657926454,-0.6182880348789576,-0.15430626057438143,-0.8194364604076888,-0.21698217141317577,-1.0,-0.4455364960966484,-0.49891057315431264,-0.6495378760841697,-0.6388362696269007,-0.765996865296287,-0.7311233135182665,-0.8482875407906645,-0.8063343632785797,-0.5152760315606736,-0.3253959544656013,-0.7389882909723798,-0.43609595000042706,-0.8729559529476583,-0.5144011601236367,-0.9674913688613449,-0.5747729112903932,-0.5371912799578868,-0.1507090383236287,-0.7568035795777848,-0.23169540721686768,-0.8801229360867061,-0.2963643210302465,-0.9682360691157085,-0.35830158608829,-0.5251834208186751,0.017494401503931247,-0.6985677602091128,0.00852210407229301,-0.8078299263765197,-0.013780414404933359,-0.8963102199838929,-0.047021853081927086,0.0,0.0,0.0,0.0,0.0,0.0,0.0,0.0,0.0,0.0,0.0,0.0,0.0,0.0,0.0,0.0,0.0,0.0,0.0,0.0,0.0,0.0,0.0,0.0,0.0,0.0,0.0,0.0,0.0,0.0,0.0,0.0,0.0,0.0,0.0,0.0,0.0,0.0,0.0,0.0,0.0,0.0,please
0.0,0.0,0.017733324996858032,-0.33430971142532884,-0.060509337589146076,-0.6190268680809623,-0.16124006333195023,-0.8195016261389761,-0.21688456234241482,-1.0,-0.4399951665284622,-0.4840187031770602,-0.6369972352795424,-0.6237506602341076,-0.7523238451192358,-0.7101348593293474,-0.8361171055841964,-0.7781143945455874,-0.5070024287352409,-0.31638228970556875,-0.7196144422276999,-0.43509327694844585,-0.8501143844407688,-0.5184409780706491,-0.9435962712377497,-0.5804140407295764,-0.5256895012408928,-0.1491650156866782,-0.7354216414477763,-0.2301340846265922,-0.8582148701246619,-0.29425736846526124,-0.9461432118039438,-0.3521731359609651,-0.5115265454635786,0.006198043075578359,-0.679956081932395,-0.006389613593843976,-0.7852052404431047,-0.026143060231665596,-0.8675946679398738,-0.053658481132093344,0.0,0.0,0.0,0.0,0.0,0.0,0.0,0.0,0.0,0.0,0.0,0.0,0.0,0.0,0.0,0.0,0.0,0.0,0.0,0.0,0.0,0.0,0.0,0.0,0.0,0.0,0.0,0.0,0.0,0.0,0.0,0.0,0.0,0.0,0.0,0.0,0.0,0.0,0.0,0.0,0.0,0.0,please
0.0,0.0,0.018290273341971846,-0.3328405958973664,-0.05890670786442615,-0.6217317830586138,-0.16244280212660567,-0.8242365585786605,-0.22707150675811313,-1.0,-0.4406286810642792,-0.4872860064111278,-0.6415077386781562,-0.6261426423323813,-0.7561795587120678,-0.7116215052641192,-0.8416698896254116,-0.7848790769726717,-0.5102273353755459,-0.3179509473394493,-0.728888182339645,-0.4301982887667227,-0.860865397038357,-0.5096448881629808,-0.9526370255464546,-0.5731550963499834,-0.5316930823030737,-0.14763605971093952,-0.7457382244871077,-0.2254889252965157,-0.865967070690322,-0.28619915738742124,-0.953428000644732,-0.3445042696663259,-0.5180416601260595,0.015086392829502466,-0.6877899873789076,-0.0017374518186956296,-0.7924180649538062,-0.02359058506064984,-0.8746825262890326,-0.056097999268574235,0.0,0.0,0.0,0.0,0.0,0.0,0.0,0.0,0.0,0.0,0.0,0.0,0.0,0.0,0.0,0.0,0.0,0.0,0.0,0.0,0.0,0.0,0.0,0.0,0.0,0.0,0.0,0.0,0.0,0.0,0.0,0.0,0.0,0.0,0.0,0.0,0.0,0.0,0.0,0.0,0.0,0.0,please
0.0,0.0,0.011430264723074065,-0.3362272533859808,-0.059955579220220837,-0.6255661469274181,-0.16332212853131045,-0.8223775128506688,-0.23160175014878695,-1.0,-0.4571659013191412,-0.4965667012923286,-0.6670216004908694,-0.634509416339762,-0.7879396400630442,-0.7181454123781843,-0.8778651994092125,-0.7805865768633836,-0.5302990088788412,-0.3180155363179519,-0.7594553058340426,-0.43057157072263436,-0.8991657843938089,-0.502310359964072,-0.9974681001553328,-0.5500568953460789,-0.5542954928755269,-0.13786516253109288,-0.7812575417110514,-0.21242024699879897,-0.9054352816658584,-0.2700616157453952,-0.9892473164931208,-0.31979306168548843,-0.5434754525677421,0.03705578542314226,-0.720660174743716,0.03463354375193,-0.827699676307728,0.014211959595898242,-0.909722688471325,-0.01609361141894097,0.0,0.0,0.0,0.0,0.0,0.0,0.0,0.0,0.0,0.0,0.0,0.0,0.0,0.0,0.0,0.0,0.0,0.0,0.0,0.0,0.0,0.0,0.0,0.0,0.0,0.0,0.0,0.0,0.0,0.0,0.0,0.0,0.0,0.0,0.0,0.0,0.0,0.0,0.0,0.0,0.0,0.0,please
0.0,0.0,0.006053619316873525,-0.3265326328017742,-0.069668452188245,-0.6249469797042636,-0.17108286055099556,-0.8192626846188339,-0.2400081629614497,-1.0,-0.4583041902047925,-0.47284365375193255,-0.6674334411340543,-0.6129131038470661,-0.7878270594814138,-0.7016731906878182,-0.8765890940064992,-0.775399534979545,-0.5259343907383714,-0.2950373868828221,-0.7564062583858631,-0.4093732741352714,-0.8941485503169099,-0.48659224925511896,-0.9920724919452433,-0.5465959671681017,-0.5450523191293765,-0.1210715206999891,-0.7687709159656446,-0.19501990100569763,-0.8989043626397788,-0.25466264808893213,-0.9941809684405887,-0.3165603808112408,-0.527183072805306,0.05027319518913313,-0.706431383513761,0.057142894241606346,-0.8184368664615683,0.038467198398916914,-0.9098475352703992,0.0017436102969309688,0.0,0.0,0.0,0.0,0.0,0.0,0.0,0.0,0.0,0.0,0.0,0.0,0.0,0.0,0.0,0.0,0.0,0.0,0.0,0.0,0.0,0.0,0.0,0.0,0.0,0.0,0.0,0.0,0.0,0.0,0.0,0.0,0.0,0.0,0.0,0.0,0.0,0.0,0.0,0.0,0.0,0.0,please
0.0,0.0,0.00773106811282684,-0.3181981365965751,-0.0690316806314677,-0.6187576819405256,-0.1774813439747912,-0.8097558830150278,-0.25484900660443766,-0.9840941988715063,-0.4682058388489477,-0.46532870634875756,-0.6735381374155488,-0.6015518684407629,-0.793308270139115,-0.6855034943959885,-0.8877171932255711,-0.7586166104759732,-0.5346198369722414,-0.2881337864987641,-0.7623872475833235,-0.3929222258837712,-0.9005715049594489,-0.46334464513632556,-1.0,-0.5224395535683528,-0.551373806665449,-0.11584252566279994,-0.7724461075243098,-0.18304191520242624,-0.9007281499233133,-0.23724648919203914,-0.9977954875417422,-0.29596419308452565,-0.5290233002342308,0.05872799522828674,-0.7086828325136013,0.06512162300648701,-0.8218164619340822,0.04925324984135093,-0.9176279315953325,0.01231602070660095,0.0,0.0,0.0,0.0,0.0,0.0,0.0,0.0,0.0,0.0,0.0,0.0,0.0,0.0,0.0,0.0,0.0,0.0,0.0,0.0,0.0,0.0,0.0,0.0,0.0,0.0,0.0,0.0,0.0,0.0,0.0,0.0,0.0,0.0,0.0,0.0,0.0,0.0,0.0,0.0,0.0,0.0,please
0.0,0.0,0.014516346341728435,-0.33449768540616986,-0.06048993577850039,-0.6263225564110504,-0.16467849723997036,-0.8205767251263099,-0.23010500048459845,-1.0,-0.4480682389401702,-0.49935797198719745,-0.6481957615659313,-0.6258645511512095,-0.7679749924349665,-0.7021752497032419,-0.8578892470773728,-0.7607840293804816,-0.5169154981853789,-0.31883367698444104,-0.7339435083909285,-0.4206589770121665,-0.8692898279930031,-0.48665650654696135,-0.9679033778225522,-0.5351062745681802,-0.5367284587681518,-0.13627531507468893,-0.7555437178953531,-0.21103311713559833,-0.8773576389491247,-0.2639599930483756,-0.9653142820874029,-0.31309921013050707,-0.5225865984690014,0.03886199041461162,-0.6926550977315079,0.037124292073351065,-0.799105949632718,0.02449066002723516,-0.8859934636863326,8.144162479365611e-05,0.0,0.0,0.0,0.0,0.0,0.0,0.0,0.0,0.0,0.0,0.0,0.0,0.0,0.0,0.0,0.0,0.0,0.0,0.0,0.0,0.0,0.0,0.0,0.0,0.0,0.0,0.0,0.0,0.0,0.0,0.0,0.0,0.0,0.0,0.0,0.0,0.0,0.0,0.0,0.0,0.0,0.0,please
0.0,0.0,0.004948177291614631,-0.33841089743426944,-0.07762897574834392,-0.6302223295233764,-0.18618846518236207,-0.8210759761452119,-0.25369012856045453,-1.0,-0.4818018895311697,-0.47582259145521494,-0.6797615309018253,-0.6082388385477047,-0.7980866577873694,-0.6886767295361476,-0.885944326837611,-0.750464727391806,-0.5475282463291266,-0.2969502428503508,-0.7700300550924507,-0.4001389271212599,-0.90434631353069,-0.46823477812736464,-0.9996294620243668,-0.5157128782134607,-0.5610416610840638,-0.11704977964419129,-0.7823440028125433,-0.18680784255105937,-0.9072851166106177,-0.24147932401724118,-0.9963023430242481,-0.29007074844472786,-0.5365192930348968,0.059942564281393454,-0.7128828263967129,0.06301509067606932,-0.8228470326044912,0.04728425311045354,-0.9107959237609174,0.021435640031141984,0.0,0.0,0.0,0.0,0.0,0.0,0.0,0.0,0.0,0.0,0.0,0.0,0.0,0.0,0.0,0.0,0.0,0.0,0.0,0.0,0.0,0.0,0.0,0.0,0.0,0.0,0.0,0.0,0.0,0.0,0.0,0.0,0.0,0.0,0.0,0.0,0.0,0.0,0.0,0.0,0.0,0.0,please
0.0,0.0,0.011575379324578763,-0.33959230600727563,-0.06587852750016145,-0.6378108764825725,-0.1792257131605971,-0.8303974250372582,-0.24934431896312673,-1.0,-0.4599873125852317,-0.4749593736823512,-0.659385863282343,-0.6043433503131969,-0.7775120258205351,-0.678133861089269,-0.8677236473405178,-0.7377580249164618,-0.5301197960390448,-0.29478704262946037,-0.7506314204713084,-0.3976315812798588,-0.8835600733894771,-0.4640709887446677,-0.977068903298348,-0.5112534836576728,-0.548668745781941,-0.1171660721815136,-0.7635595162574912,-0.18523564783687174,-0.8861660329290327,-0.23878059002809718,-0.975172831205469,-0.28630648083782523,-0.5312162317871655,0.05036149002417193,-0.7026567851711725,0.05077721178232853,-0.8063755145557062,0.03797310318717482,-0.8881885233343336,0.014889402969766726,0.0,0.0,0.0,0.0,0.0,0.0,0.0,0.0,0.0,0.0,0.0,0.0,0.0,0.0,0.0,0.0,0.0,0.0,0.0,0.0,0.0,0.0,0.0,0.0,0.0,0.0,0.0,0.0,0.0,0.0,0.0,0.0,0.0,0.0,0.0,0.0,0.0,0.0,0.0,0.0,0.0,0.0,please
0.0,0.0,0.013664250767790771,-0.34036861464623613,-0.06593143139543398,-0.6368100024589926,-0.18046673010096684,-0.8336376167702392,-0.2576331498423377,-1.0,-0.45618130818303976,-0.4844790922318408,-0.6624949379938975,-0.6112394829018435,-0.7805916467227004,-0.6851628152877164,-0.8698793532063777,-0.747984194178429,-0.5252970673723419,-0.30435981432579134,-0.7465199099066769,-0.3983992373869773,-0.8808790030013923,-0.45969637122669393,-0.9745796826953641,-0.5074666936139818,-0.5440077334390004,-0.12558519943740973,-0.7591233854196306,-0.19245398097781816,-0.8781851724000033,-0.2409260146547548,-0.9654704491207512,-0.28591541816362154,-0.5277902946321539,0.04275383742730819,-0.6969418551114337,0.038332856099585345,-0.8017125559323208,0.027270742988630425,-0.8859394325057595,0.004089345164726225,0.0,0.0,0.0,0.0,0.0,0.0,0.0,0.0,0.0,0.0,0.0,0.0,0.0,0.0,0.0,0.0,0.0,0.0,0.0,0.0,0.0,0.0,0.0,0.0,0.0,0.0,0.0,0.0,0.0,0.0,0.0,0.0,0.0,0.0,0.0,0.0,0.0,0.0,0.0,0.0,0.0,0.0,please
0.0,0.0,0.0059251038090963855,-0.3473513013031226,-0.08513073679188449,-0.6396060510494119,-0.19681921650918413,-0.8307359327050204,-0.2644952674373001,-1.0,-0.47695660436099285,-0.4821994185881963,-0.6830596088610716,-0.6045521855504207,-0.8025857258954672,-0.6773001750704527,-0.8914858346574805,-0.7371835187139397,-0.5451997137416155,-0.2988270683987725,-0.7740018356116751,-0.3884478771191409,-0.9076454843548472,-0.44867645929106575,-0.9980217645322627,-0.4937876270069422,-0.5626575330834638,-0.1183910904099398,-0.7820740794650041,-0.1779872154094344,-0.9043161133550858,-0.22342022164808817,-0.9892576285029252,-0.26709959204137,-0.5408968418584154,0.05143028112352373,-0.7149605383921821,0.06326067707385709,-0.8204808170493553,0.0564224171043428,-0.9030944612237142,0.03459784335844159,0.0,0.0,0.0,0.0,0.0,0.0,0.0,0.0,0.0,0.0,0.0,0.0,0.0,0.0,0.0,0.0,0.0,0.0,0.0,0.0,0.0,0.0,0.0,0.0,0.0,0.0,0.0,0.0,0.0,0.0,0.0,0.0,0.0,0.0,0.0,0.0,0.0,0.0,0.0,0.0,0.0,0.0,please
0.0,0.0,0.005734059248576239,-0.34278490828921704,-0.08135090425046947,-0.6377868318392717,-0.19710697263141042,-0.8361753456881245,-0.2752097761222242,-0.99777695027052,-0.4736913339976303,-0.48319880612535965,-0.6840260236207499,-0.6062871076862554,-0.804200394494543,-0.6836064410523386,-0.8942227392120985,-0.749331558775017,-0.5471558851837723,-0.30194813268068077,-0.7758259590509247,-0.39130496748967925,-0.909140006343773,-0.4499265452535619,-1.0,-0.49691079680660366,-0.5700799925928667,-0.11859398700072353,-0.7904542388149557,-0.17650719698830486,-0.9076955749049395,-0.2194630111331398,-0.9887818520380635,-0.2617354242312319,-0.5541160433373907,0.05508984687005151,-0.7281387980349263,0.06032022509275595,-0.8306413740555855,0.05174268783117558,-0.9089926318834638,0.028777643071995356,0.0,0.0,0.0,0.0,0.0,0.0,0.0,0.0,0.0,0.0,0.0,0.0,0.0,0.0,0.0,0.0,0.0,0.0,0.0,0.0,0.0,0.0,0.0,0.0,0.0,0.0,0.0,0.0,0.0,0.0,0.0,0.0,0.0,0.0,0.0,0.0,0.0,0.0,0.0,0.0,0.0,0.0,please
0.0,0.0,0.006620568413358244,-0.35412999771535303,-0.08281519790040842,-0.6404890126108307,-0.195764298549775,-0.8288810428086354,-0.2622734671355885,-1.0,-0.4763638195651719,-0.4764416437959915,-0.6840738871460512,-0.5999492990660992,-0.8031825202570864,-0.6731252598523022,-0.889579836292674,-0.7291627124378646,-0.5446528293114299,-0.2849255266181405,-0.7767268891331232,-0.38438048657071283,-0.9097855907384959,-0.44828539798079675,-0.9967885736000377,-0.492014502750741,-0.5587745718490427,-0.10062673044981704,-0.780715656402315,-0.16360135684593316,-0.9075636438446693,-0.21267799788802866,-0.9933837384617065,-0.2554325469747358,-0.535628523812562,0.06666311432940403,-0.7115602636488627,0.07710698588156274,-0.8188375103177202,0.07028529641867312,-0.9015227006871068,0.05131761831411482,0.0,0.0,0.0,0.0,0.0,0.0,0.0,0.0,0.0,0.0,0.0,0.0,0.0,0.0,0.0,0.0,0.0,0.0,0.0,0.0,0.0,0.0,0.0,0.0,0.0,0.0,0.0,0.0,0.0,0.0,0.0,0.0,0.0,0.0,0.0,0.0,0.0,0.0,0.0,0.0,0.0,0.0,please
0.0,0.0,0.014001216388536384,-0.36020061234116,-0.06976500665164427,-0.6455939745463184,-0.18943855102440382,-0.8387601646593842,-0.266607842972881,-1.0,-0.46060291541377374,-0.4746487753747245,-0.6760532919252625,-0.6109025457104298,-0.7979034584730698,-0.6791894036794339,-0.8854352180344953,-0.7304856124430962,-0.5350840690552731,-0.28194747366240047,-0.772725078878992,-0.38655897115811927,-0.9081985787768326,-0.4451480050994865,-0.9932432945230224,-0.4861404277459406,-0.5515820516370377,-0.09700462958806334,-0.783098856196952,-0.16089652626874926,-0.9045230238559874,-0.2099142759082896,-0.9843472194519783,-0.25268619135118087,-0.5288876404120959,0.06733272561857018,-0.7058953375096237,0.07592671251627692,-0.8120788840019609,0.06753292723886399,-0.8937129300236308,0.04501510614480579,0.0,0.0,0.0,0.0,0.0,0.0,0.0,0.0,0.0,0.0,0.0,0.0,0.0,0.0,0.0,0.0,0.0,0.0,0.0,0.0,0.0,0.0,0.0,0.0,0.0,0.0,0.0,0.0,0.0,0.0,0.0,0.0,0.0,0.0,0.0,0.0,0.0,0.0,0.0,0.0,0.0,0.0,please
0.0,0.0,0.016204134486467944,-0.35943118006099456,-0.07061311946669857,-0.6481996410402154,-0.1911738480950038,-0.8379432673029328,-0.2656557375375614,-1.0,-0.463764667554845,-0.4739597787956765,-0.678977496963393,-0.6082304684957537,-0.7976424844805743,-0.6849481253262756,-0.8822540495272077,-0.746023029659026,-0.5375241754549532,-0.2834405858610919,-0.7726731617926994,-0.3865063948395286,-0.9086010065036748,-0.4444454182878462,-0.9978932613295655,-0.4874657141415823,-0.5551747661858708,-0.10270456840840164,-0.7853399871847742,-0.16597545087967358,-0.9071536538806395,-0.21227768752850049,-0.9906527135048049,-0.2535536306544744,-0.5340729187047867,0.06084209489452139,-0.7127451738603455,0.06976006584597895,-0.8209331888703045,0.06448278631913139,-0.9060303919151432,0.045775962821403386,0.0,0.0,0.0,0.0,0.0,0.0,0.0,0.0,0.0,0.0,0.0,0.0,0.0,0.0,0.0,0.0,0.0,0.0,0.0,0.0,0.0,0.0,0.0,0.0,0.0,0.0,0.0,0.0,0.0,0.0,0.0,0.0,0.0,0.0,0.0,0.0,0.0,0.0,0.0,0.0,0.0,0.0,please
0.0,0.0,0.008865744444684336,-0.3532568767631659,-0.07282206827418229,-0.6405927122846191,-0.19081810897613746,-0.8323384475443454,-0.2707827331666777,-0.9981973611809208,-0.46679290603235035,-0.46957109353261517,-0.6821377989878387,-0.6032016398943568,-0.8026138994323768,-0.6783005769453113,-0.8935245036803392,-0.7369521435839779,-0.5409451991745644,-0.2819795239197333,-0.7783724302749293,-0.3807794663725005,-0.9120019677440899,-0.4399778527900622,-1.0,-0.4818463904547462,-0.5608167510067235,-0.0994675266736065,-0.7910758003191732,-0.16062114691312163,-0.9121060854584478,-0.2060356393322019,-0.9955140600278979,-0.24664699595171763,-0.544200290197862,0.06845840608289586,-0.7250339946355163,0.07898458593736916,-0.8304869783243465,0.06854900463666852,-0.9114475812708375,0.04397137247123597,0.0,0.0,0.0,0.0,0.0,0.0,0.0,0.0,0.0,0.0,0.0,0.0,0.0,0.0,0.0,0.0,0.0,0.0,0.0,0.0,0.0,0.0,0.0,0.0,0.0,0.0,0.0,0.0,0.0,0.0,0.0,0.0,0.0,0.0,0.0,0.0,0.0,0.0,0.0,0.0,0.0,0.0,please
0.0,0.0,0.005663179484865964,-0.3489719110808921,-0.08024901958256936,-0.628676968165838,-0.20016688041968633,-0.8188891274365427,-0.2743597882233902,-0.9874493276447103,-0.45690090614094164,-0.46425766207903274,-0.6753607887808666,-0.5973456023807145,-0.7986080005929229,-0.6731720693010921,-0.8931597758171219,-0.7328797526480132,-0.5298544962249498,-0.27599445504258413,-0.7697565793501694,-0.3770506594656604,-0.9082191929803078,-0.4350815832976183,-1.0,-0.47606476394255093,-0.5498506414201794,-0.09388715371205213,-0.782164760881264,-0.15625161120366582,-0.9074653510651668,-0.2025850957216098,-0.9940147811824301,-0.2434199449290587,-0.5350122612598969,0.07112497462354227,-0.7196729175998221,0.07385918724442282,-0.8275691850854099,0.06288739378139833,-0.9120590941168509,0.03709695740299748,0.0,0.0,0.0,0.0,0.0,0.0,0.0,0.0,0.0,0.0,0.0,0.0,0.0,0.0,0.0,0.0,0.0,0.0,0.0,0.0,0.0,0.0,0.0,0.0,0.0,0.0,0.0,0.0,0.0,0.0,0.0,0.0,0.0,0.0,0.0,0.0,0.0,0.0,0.0,0.0,0.0,0.0,please
0.0,0.0,0.013150594354820707,-0.3511305621912268,-0.07494636216962887,-0.6377829623044047,-0.1991629099908038,-0.825078282374797,-0.27262315887355426,-0.9884444637051519,-0.45850295101074806,-0.46947032629939894,-0.6714096940838815,-0.6009461051665462,-0.7947997296440186,-0.6757374208755279,-0.888249207724652,-0.7336583343103338,-0.5311595122411292,-0.28393129450924376,-0.7664765018140034,-0.38473984873015743,-0.9059685446727866,-0.44203936973513197,-1.0,-0.48232309470322277,-0.5497965593360392,-0.10273265867678001,-0.7807411783892986,-0.1636652138685942,-0.9051970326802143,-0.21029377785079864,-0.9917446306364969,-0.25136781746265563,-0.5324071234497616,0.06358000869949401,-0.7181052236580387,0.0738444463705152,-0.8265154786038901,0.06782800018420565,-0.9114171910126143,0.045221582708639546,0.0,0.0,0.0,0.0,0.0,0.0,0.0,0.0,0.0,0.0,0.0,0.0,0.0,0.0,0.0,0.0,0.0,0.0,0.0,0.0,0.0,0.0,0.0,0.0,0.0,0.0,0.0,0.0,0.0,0.0,0.0,0.0,0.0,0.0,0.0,0.0,0.0,0.0,0.0,0.0,0.0,0.0,please
0.0,0.0,0.0016108524245917121,-0.3559091470950513,-0.08847161783623594,-0.6495249952326636,-0.20381341359712662,-0.8379623255160059,-0.28779783429380584,-0.9919500859362852,-0.46962663215273864,-0.5053731659730822,-0.6860834773541686,-0.6432318006286466,-0.8086425338335949,-0.7186058734826567,-0.893893275022408,-0.7712458080050255,-0.5390124439385052,-0.31172271970691595,-0.7742912094043967,-0.4139900048470508,-0.9087996644126466,-0.46992261075697433,-0.9984266237050806,-0.5088863978420375,-0.5593816521424234,-0.12732390825926276,-0.7904204386943317,-0.19890414413526522,-0.9141289356924108,-0.24231268301964848,-1.0,-0.2830936482929416,-0.5459878697429117,0.04427597670351267,-0.7282344953901255,0.0444992806032456,-0.8391797821042578,0.03637410370452577,-0.9275422843585195,0.015014055619131543,0.0,0.0,0.0,0.0,0.0,0.0,0.0,0.0,0.0,0.0,0.0,0.0,0.0,0.0,0.0,0.0,0.0,0.0,0.0,0.0,0.0,0.0,0.0,0.0,0.0,0.0,0.0,0.0,0.0,0.0,0.0,0.0,0.0,0.0,0.0,0.0,0.0,0.0,0.0,0.0,0.0,0.0,please
0.0,0.0,-0.0038273117930915693,-0.3525081921211854,-0.09597288962883677,-0.6434259479258749,-0.20687933679605894,-0.8376408335418741,-0.2827492469868405,-0.9943009864277376,-0.4753850555217416,-0.5065437881869433,-0.6934999790229414,-0.647231333949082,-0.8123555718968131,-0.7185476412193511,-0.8926820002289556,-0.763804433095516,-0.5441887538931418,-0.31008614930142175,-0.7818055955829694,-0.41132459689788303,-0.914365532521082,-0.4650675050181552,-1.0,-0.5021316486471273,-0.5642585284393047,-0.12142607315575286,-0.7944493859414071,-0.19701200246158931,-0.9171822560647417,-0.2386931018365573,-0.9993074408262473,-0.27590050085626455,-0.5504171483132864,0.0537286774523183,-0.7294784808055697,0.0592880196539228,-0.8403312730839881,0.05457313582993361,-0.9272265777436148,0.03529300523667498,0.0,0.0,0.0,0.0,0.0,0.0,0.0,0.0,0.0,0.0,0.0,0.0,0.0,0.0,0.0,0.0,0.0,0.0,0.0,0.0,0.0,0.0,0.0,0.0,0.0,0.0,0.0,0.0,0.0,0.0,0.0,0.0,0.0,0.0,0.0,0.0,0.0,0.0,0.0,0.0,0.0,0.0,please
0.0,0.0,0.006072967804695933,-0.3565902639922119,-0.08012056135092821,-0.6494775589912222,-0.18975368830417388,-0.8480120540563771,-0.26373944005948036,-1.0,-0.4627806220670946,-0.5056945636024891,-0.6724798989494742,-0.6378720894537868,-0.7906214169762784,-0.7061065546529945,-0.8717040079352891,-0.7546648328237102,-0.5322720866267335,-0.31746270303400503,-0.7613546595009181,-0.4175250073391655,-0.8941210854990822,-0.46894744388390147,-0.9801464465577014,-0.5037708161936731,-0.5517696080441307,-0.1300751128313869,-0.7734325171724,-0.20010402932527332,-0.8915253932527281,-0.24124482640151818,-0.971577356986831,-0.27593256251438536,-0.5357543511026626,0.04392263831007484,-0.7142699828625484,0.04954764288974529,-0.8219219898547243,0.04917586459370905,-0.9065511815393835,0.03449930053816389,0.0,0.0,0.0,0.0,0.0,0.0,0.0,0.0,0.0,0.0,0.0,0.0,0.0,0.0,0.0,0.0,0.0,0.0,0.0,0.0,0.0,0.0,0.0,0.0,0.0,0.0,0.0,0.0,0.0,0.0,0.0,0.0,0.0,0.0,0.0,0.0,0.0,0.0,0.0,0.0,0.0,0.0,please
0.0,0.0,0.0044833643445852155,-0.3484925375187451,-0.08072636388637437,-0.6406108525270215,-0.18839514132290813,-0.8394070173758627,-0.2551027274155213,-1.0,-0.47841541158092976,-0.4977568782544353,-0.6736425543830794,-0.6330851900007454,-0.7791533581672163,-0.6977920891503201,-0.8490987045013537,-0.7409196249986271,-0.5412993844278053,-0.3116628148306758,-0.7588645456456161,-0.4145345075843651,-0.8736774453737927,-0.4598411841439215,-0.9493198762734758,-0.49259787418748086,-0.5555884820915485,-0.13379106076182856,-0.7710832170389172,-0.20648268635889158,-0.8832492213774712,-0.24911879454612867,-0.960077114207959,-0.28485433491234974,-0.5385798705642348,0.03784766094402523,-0.7078585451843128,0.04686002943767389,-0.8133510077386127,0.039648193884714064,-0.8978296460174632,0.020561265092726114,0.0,0.0,0.0,0.0,0.0,0.0,0.0,0.0,0.0,0.0,0.0,0.0,0.0,0.0,0.0,0.0,0.0,0.0,0.0,0.0,0.0,0.0,0.0,0.0,0.0,0.0,0.0,0.0,0.0,0.0,0.0,0.0,0.0,0.0,0.0,0.0,0.0,0.0,0.0,0.0,0.0,0.0,please
0.0,0.0,0.009772969679683049,-0.36444175485775954,-0.08292047728142056,-0.6466676263007508,-0.20506419636086579,-0.8381591897702637,-0.279116280103554,-1.0,-0.48440296228732277,-0.4805142825755079,-0.6910740007024876,-0.6186934428594716,-0.797057400510897,-0.6845668169434428,-0.8683347856251544,-0.7255319220873937,-0.5465455694919281,-0.2854804610167868,-0.7756407843894546,-0.40265244782349946,-0.894484795942976,-0.4552059936594312,-0.969651470471104,-0.4882593832176405,-0.5558434149877736,-0.10706656322424636,-0.7783263556628213,-0.18681226647371998,-0.8995424407781151,-0.2305670356601984,-0.9805932389917323,-0.26264379337995486,-0.5302592081777231,0.05656804588107739,-0.7115804979370177,0.06620821136751792,-0.8225947156901116,0.060696948202872705,-0.9098257865059521,0.04334061520821963,0.0,0.0,0.0,0.0,0.0,0.0,0.0,0.0,0.0,0.0,0.0,0.0,0.0,0.0,0.0,0.0,0.0,0.0,0.0,0.0,0.0,0.0,0.0,0.0,0.0,0.0,0.0,0.0,0.0,0.0,0.0,0.0,0.0,0.0,0.0,0.0,0.0,0.0,0.0,0.0,0.0,0.0,please
0.0,0.0,0.002952562962782643,-0.3534725165476576,-0.09694626198058451,-0.6364053436465152,-0.2100832130084736,-0.8333033602949236,-0.2737450532622102,-1.0,-0.4854111330305433,-0.4863052433759539,-0.6817706958153861,-0.6152379205072588,-0.7920497767208707,-0.6838769415172886,-0.8686922410663084,-0.7352364733147927,-0.5509006121032302,-0.29611110016163106,-0.768858740782872,-0.3911812602422227,-0.8923277080240066,-0.44299510550797994,-0.9715439639707142,-0.4821144151927069,-0.5625811079631822,-0.11704425902042825,-0.7766328219789675,-0.17547264485198968,-0.8920150429850221,-0.21759733555787064,-0.9702667831195049,-0.2538403502161102,-0.5368072354710001,0.04724290572797327,-0.7093527772276672,0.06597142989706453,-0.8123022079567558,0.06602581128063077,-0.8935765815225793,0.05068668780021776,0.0,0.0,0.0,0.0,0.0,0.0,0.0,0.0,0.0,0.0,0.0,0.0,0.0,0.0,0.0,0.0,0.0,0.0,0.0,0.0,0.0,0.0,0.0,0.0,0.0,0.0,0.0,0.0,0.0,0.0,0.0,0.0,0.0,0.0,0.0,0.0,0.0,0.0,0.0,0.0,0.0,0.0,please
0.0,0.0,0.008608997488545477,-0.3563677340092963,-0.08822575616014124,-0.6379438897646177,-0.2022379336355178,-0.8364184590932181,-0.2653465810028375,-1.0,-0.4754738200440988,-0.4851712166635969,-0.6745560092254783,-0.6134138366013636,-0.7861565438952819,-0.6838911634306809,-0.8593023155371066,-0.7347333909763185,-0.5401884830875983,-0.2939734286829674,-0.757880904168212,-0.3890792271530226,-0.8803793625480911,-0.43963266390006345,-0.9587445458134948,-0.47730398018032427,-0.5515314634008377,-0.11213252945239814,-0.768282054204283,-0.17111618312412905,-0.8823181954086052,-0.21145360357360501,-0.9582661629082159,-0.24649537430369345,-0.5262379146874531,0.05285306305219328,-0.7015980184782642,0.07450379058821759,-0.805017001708391,0.07709610876412083,-0.8857091187840247,0.06364365154843306,0.0,0.0,0.0,0.0,0.0,0.0,0.0,0.0,0.0,0.0,0.0,0.0,0.0,0.0,0.0,0.0,0.0,0.0,0.0,0.0,0.0,0.0,0.0,0.0,0.0,0.0,0.0,0.0,0.0,0.0,0.0,0.0,0.0,0.0,0.0,0.0,0.0,0.0,0.0,0.0,0.0,0.0,please
0.0,0.0,0.00330949718207586,-0.3525332571630878,-0.09260081735309078,-0.6361261930999802,-0.20729066504327695,-0.8307428178241556,-0.2763518769932341,-1.0,-0.47482524530079917,-0.4877715737961176,-0.6736392436740009,-0.6192618803256823,-0.7862919008782415,-0.6877926615013151,-0.8650340283527378,-0.7370411449987655,-0.5409369053815346,-0.2977028376484164,-0.7605879652148304,-0.38868867309591715,-0.8817026322250813,-0.44153053109999085,-0.9625153542012992,-0.4807521857190561,-0.5539690162983192,-0.11854880684605078,-0.7687949001384676,-0.17670690259900285,-0.8826553283893117,-0.21798835790516827,-0.9630515227402382,-0.25484503093109606,-0.5329147151165783,0.046935709881350984,-0.7025272410316751,0.07350678652572899,-0.8017888645781885,0.07180613581777405,-0.8790631468832519,0.054059286674285965,0.0,0.0,0.0,0.0,0.0,0.0,0.0,0.0,0.0,0.0,0.0,0.0,0.0,0.0,0.0,0.0,0.0,0.0,0.0,0.0,0.0,0.0,0.0,0.0,0.0,0.0,0.0,0.0,0.0,0.0,0.0,0.0,0.0,0.0,0.0,0.0,0.0,0.0,0.0,0.0,0.0,0.0,please
0.0,0.0,0.013930206871446235,-0.35494308739793995,-0.07556379604183193,-0.6367774378483977,-0.19384969338375055,-0.8306047988380675,-0.25816235986061115,-1.0,-0.4688868962016358,-0.479667656948276,-0.6704262229979804,-0.6264148598593093,-0.7818566539165668,-0.7038494856809144,-0.8547810618289687,-0.7588550401407427,-0.5376764555644081,-0.2830295385253758,-0.7597414510467269,-0.38479455557060455,-0.8832896935596326,-0.44266635131320553,-0.9652702344074039,-0.4856479943745509,-0.5516184650482701,-0.09936133402845321,-0.7714903731471128,-0.16369749001825876,-0.8856643328929146,-0.20824517775052506,-0.966356537597193,-0.24875162784928226,-0.5316030857814449,0.06507127360428468,-0.7049910991524162,0.07988667640690755,-0.8030219779107166,0.07462062845555469,-0.877803561600293,0.05379098464393341,0.0,0.0,0.0,0.0,0.0,0.0,0.0,0.0,0.0,0.0,0.0,0.0,0.0,0.0,0.0,0.0,0.0,0.0,0.0,0.0,0.0,0.0,0.0,0.0,0.0,0.0,0.0,0.0,0.0,0.0,0.0,0.0,0.0,0.0,0.0,0.0,0.0,0.0,0.0,0.0,0.0,0.0,please
0.0,0.0,0.017852034703328218,-0.35669009193110146,-0.07351940569682203,-0.6391496350264899,-0.19114887830164623,-0.8344327396820842,-0.25303363952662655,-1.0,-0.45808585171300387,-0.4769126951559557,-0.657883829941628,-0.617381572105002,-0.7695989906679742,-0.6920761632588154,-0.8425225212463294,-0.7441035666598732,-0.5257391547529723,-0.2826216494590971,-0.7442046118175196,-0.3802067101752988,-0.8653533576009264,-0.4358730530100376,-0.9430954113046284,-0.47690549804467053,-0.5412698354671817,-0.1010863982365021,-0.756192371701781,-0.16162712748894387,-0.8660834645568545,-0.20458188667588506,-0.9409450172684974,-0.24350694898230563,-0.5225394104674786,0.06001396925028491,-0.691981001454045,0.07764494982128316,-0.788100478984892,0.07583641857119748,-0.8619820250432055,0.05680954113046283,0.0,0.0,0.0,0.0,0.0,0.0,0.0,0.0,0.0,0.0,0.0,0.0,0.0,0.0,0.0,0.0,0.0,0.0,0.0,0.0,0.0,0.0,0.0,0.0,0.0,0.0,0.0,0.0,0.0,0.0,0.0,0.0,0.0,0.0,0.0,0.0,0.0,0.0,0.0,0.0,0.0,0.0,please
0.0,0.0,0.014085004559976072,-0.353758608445773,-0.07550900618211645,-0.6403579214216115,-0.1917864463198149,-0.8368479325967642,-0.2570878038531339,-1.0,-0.4638916643270411,-0.47598477591892235,-0.6638106031829918,-0.6152282786411455,-0.7675786160059748,-0.6906373919872871,-0.8356332769988201,-0.7476974185213934,-0.5316553630640103,-0.28350171756040365,-0.7473507181274187,-0.3860784710409407,-0.8683579865641269,-0.4417359838079562,-0.9464002108415496,-0.4836142489618485,-0.543098655128184,-0.10298538513906551,-0.7542395391212917,-0.16708000051380012,-0.8632992344378201,-0.20932721544189564,-0.9373473509016275,-0.2492914604584932,-0.5197723590215043,0.05988237188485739,-0.6856973414513753,0.07363868199259027,-0.7816461880618542,0.0727558174101171,-0.8551739672158823,0.057166685934171194,0.0,0.0,0.0,0.0,0.0,0.0,0.0,0.0,0.0,0.0,0.0,0.0,0.0,0.0,0.0,0.0,0.0,0.0,0.0,0.0,0.0,0.0,0.0,0.0,0.0,0.0,0.0,0.0,0.0,0.0,0.0,0.0,0.0,0.0,0.0,0.0,0.0,0.0,0.0,0.0,0.0,0.0,please
0.0,0.0,0.01273650781926001,-0.35323601854394326,-0.0763108352943259,-0.6372491806057251,-0.192607511333256,-0.8332444802222384,-0.26457482624830486,-1.0,-0.46556309240349125,-0.47480107145972006,-0.6633301808857227,-0.6216178942971241,-0.767728048199338,-0.6922403269543563,-0.8405979891810726,-0.743249403262898,-0.5316995652539306,-0.2806362537513117,-0.7490910664896309,-0.38571656000666676,-0.8711945898423751,-0.43972027531153624,-0.9537143021476655,-0.48212735108125465,-0.5394819803832326,-0.10149591392330114,-0.7539421228967615,-0.16614188931256743,-0.8669728075369865,-0.2107358984231626,-0.9464253084869257,-0.25294795803200465,-0.5137730163618912,0.056508814336440165,-0.6821237165822371,0.07179111816656109,-0.7820298606440156,0.07188462712186669,-0.8610355181710543,0.05649481739847618,0.0,0.0,0.0,0.0,0.0,0.0,0.0,0.0,0.0,0.0,0.0,0.0,0.0,0.0,0.0,0.0,0.0,0.0,0.0,0.0,0.0,0.0,0.0,0.0,0.0,0.0,0.0,0.0,0.0,0.0,0.0,0.0,0.0,0.0,0.0,0.0,0.0,0.0,0.0,0.0,0.0,0.0,please
0.0,0.0,0.017216332485940462,-0.35445851157032837,-0.07422424507391052,-0.6352865672874515,-0.1929448811097353,-0.8364626159561271,-0.26426274657553606,-1.0,-0.46092950468250377,-0.4876354444647404,-0.6624988453933907,-0.6225228837253229,-0.7744544791122999,-0.6935460467780535,-0.8471851861024409,-0.7442295887029082,-0.5293571061526505,-0.29291583153331224,-0.7476723456623496,-0.38581096161444783,-0.8704769859870602,-0.4354232300510195,-0.9487292454462878,-0.4737296853669587,-0.5417578329430729,-0.11043614475919987,-0.7553035621487634,-0.16795466156828728,-0.8694274567258775,-0.20662431065023357,-0.9455102111068209,-0.2412780913047798,-0.5186207903368891,0.052898431411746015,-0.6863166541286807,0.0725488138642614,-0.7877515183484246,0.07306676490870416,-0.86622127932723,0.056149637727549336,0.0,0.0,0.0,0.0,0.0,0.0,0.0,0.0,0.0,0.0,0.0,0.0,0.0,0.0,0.0,0.0,0.0,0.0,0.0,0.0,0.0,0.0,0.0,0.0,0.0,0.0,0.0,0.0,0.0,0.0,0.0,0.0,0.0,0.0,0.0,0.0,0.0,0.0,0.0,0.0,0.0,0.0,please
0.0,0.0,0.011597400148049343,-0.35169025822500716,-0.07682040627555978,-0.6368488015539979,-0.1915103779105251,-0.8319190536165328,-0.25752734370227154,-1.0,-0.4633127849039512,-0.48124165952207815,-0.6622719634248684,-0.6235858160551637,-0.7676026954706797,-0.6958500576385924,-0.8417783438337715,-0.748004848198614,-0.5332625306324107,-0.2914875982968156,-0.7491772180151782,-0.39602969358334694,-0.8740444629509483,-0.4490992979451288,-0.9586496177246928,-0.4862568037915536,-0.5480229460754645,-0.11135287315287637,-0.7588594611550727,-0.17731781964618892,-0.8682187854268056,-0.21899882690433276,-0.9447373587963364,-0.2556619074654105,-0.530117903554527,0.053143641130715666,-0.697941233435634,0.06346608456668469,-0.793508669016084,0.06297129635599975,-0.8671271060103702,0.04874014703073239,0.0,0.0,0.0,0.0,0.0,0.0,0.0,0.0,0.0,0.0,0.0,0.0,0.0,0.0,0.0,0.0,0.0,0.0,0.0,0.0,0.0,0.0,0.0,0.0,0.0,0.0,0.0,0.0,0.0,0.0,0.0,0.0,0.0,0.0,0.0,0.0,0.0,0.0,0.0,0.0,0.0,0.0,please
0.0,0.0,0.012377448138114481,-0.3518410866487457,-0.07545962637346743,-0.6396576864921806,-0.19252983852444727,-0.8342240188057707,-0.2606198312997075,-1.0,-0.46760276550170543,-0.4854538829921346,-0.6707250651086966,-0.6250136851085818,-0.7792585127610052,-0.7021035539385306,-0.8536790684300318,-0.761176587653401,-0.5360496309946075,-0.29554959021984206,-0.7533822480886361,-0.3927951612947472,-0.8790288772624696,-0.4471106402685598,-0.9635867628402479,-0.48804501334594236,-0.5501244066772856,-0.11358029124903705,-0.762129495168502,-0.17652518197141875,-0.876466301713812,-0.21928032913091394,-0.9574007196808446,-0.25810152193370645,-0.5308722333324106,0.05499281391519298,-0.7005281766098488,0.06767601044731789,-0.8015401140147234,0.06728584457257945,-0.8815817267202899,0.05337030245399247,0.0,0.0,0.0,0.0,0.0,0.0,0.0,0.0,0.0,0.0,0.0,0.0,0.0,0.0,0.0,0.0,0.0,0.0,0.0,0.0,0.0,0.0,0.0,0.0,0.0,0.0,0.0,0.0,0.0,0.0,0.0,0.0,0.0,0.0,0.0,0.0,0.0,0.0,0.0,0.0,0.0,0.0,please
0.0,0.0,0.016885010243313837,-0.3512553443137332,-0.07394061097470335,-0.6333474613916382,-0.1941261858813604,-0.8316718875092183,-0.2596388787816999,-1.0,-0.4662440321214326,-0.49112513353907356,-0.6688539692581751,-0.629426060677967,-0.7767879334435788,-0.7052179691548083,-0.8485907874874069,-0.7611478522364804,-0.534851945556864,-0.30080025673203237,-0.7513526499792104,-0.39709639793615914,-0.8764003643995314,-0.45003794832928323,-0.9595902951116856,-0.4892026613061783,-0.5453373918019914,-0.1180351171846043,-0.7584364219456845,-0.17943401124749372,-0.875456984840977,-0.2242245459640061,-0.956442385155768,-0.26343767284786507,-0.5216599732868409,0.047691848122933096,-0.6956066139935934,0.062248212316485356,-0.7993291970251729,0.06053926427586219,-0.8805913739873084,0.04501411894140037,0.0,0.0,0.0,0.0,0.0,0.0,0.0,0.0,0.0,0.0,0.0,0.0,0.0,0.0,0.0,0.0,0.0,0.0,0.0,0.0,0.0,0.0,0.0,0.0,0.0,0.0,0.0,0.0,0.0,0.0,0.0,0.0,0.0,0.0,0.0,0.0,0.0,0.0,0.0,0.0,0.0,0.0,please
0.0,0.0,0.01608867876243943,-0.3517964472679471,-0.06802198741472552,-0.6342929163163177,-0.1852457197348658,-0.8338810191590491,-0.2566302852926532,-1.0,-0.4634229196992345,-0.49351916548539193,-0.6662621240495523,-0.6348694796538406,-0.7769442632269731,-0.7118625042543912,-0.8520472053348135,-0.7681975952970762,-0.5336665875431424,-0.3040792982481434,-0.7552230536771585,-0.3981789660838129,-0.8798689930699121,-0.44815615585308977,-0.9616977350934113,-0.48560960212881754,-0.5481043565481066,-0.12143512909406311,-0.7645495030922538,-0.18390632667236836,-0.8768205061399683,-0.22753295254493694,-0.9518414498450397,-0.2657355835994956,-0.5279600393592333,0.04479404112329316,-0.7016508067767496,0.06157088858463806,-0.8029444506518938,0.060788878699518205,-0.8806013147549239,0.045163741928242,0.0,0.0,0.0,0.0,0.0,0.0,0.0,0.0,0.0,0.0,0.0,0.0,0.0,0.0,0.0,0.0,0.0,0.0,0.0,0.0,0.0,0.0,0.0,0.0,0.0,0.0,0.0,0.0,0.0,0.0,0.0,0.0,0.0,0.0,0.0,0.0,0.0,0.0,0.0,0.0,0.0,0.0,please
0.0,0.0,0.020330161453792954,-0.3549540064535227,-0.06440529921613251,-0.6392083131745679,-0.1863466846496662,-0.8370958279870687,-0.2564201530755492,-1.0,-0.46574237275386204,-0.49402088498503266,-0.6694044450850245,-0.6360934633786849,-0.7758807314728837,-0.711688471886462,-0.8482556854293649,-0.767077855069666,-0.5374885967908078,-0.2988479158740694,-0.7622050338108358,-0.39959751290697965,-0.8876702525269196,-0.45170227212025327,-0.9696401431889323,-0.4891917236996988,-0.5512550335543992,-0.11261682494941296,-0.7697609708505239,-0.18194215605836708,-0.8806588816024368,-0.22676043391175346,-0.9531510073552589,-0.2633155357571895,-0.5306001839242136,0.055233548639248814,-0.7088557023410293,0.059716191761441904,-0.8096196335218646,0.05443872671210548,-0.8853833641561349,0.03594451974620931,0.0,0.0,0.0,0.0,0.0,0.0,0.0,0.0,0.0,0.0,0.0,0.0,0.0,0.0,0.0,0.0,0.0,0.0,0.0,0.0,0.0,0.0,0.0,0.0,0.0,0.0,0.0,0.0,0.0,0.0,0.0,0.0,0.0,0.0,0.0,0.0,0.0,0.0,0.0,0.0,0.0,0.0,please
0.0,0.0,0.023581667031840982,-0.3552204289082756,-0.061259875778314155,-0.6377615647562193,-0.18407251405800226,-0.8364664146557299,-0.25439961419657947,-1.0,-0.46375401524158244,-0.49446821905421323,-0.6687397754214236,-0.6364777951709032,-0.7774454541336556,-0.7127159058787877,-0.8485718277654636,-0.7672548159986307,-0.5350921745902899,-0.2983876130938695,-0.7603464608608852,-0.39951160050989454,-0.8845979496742542,-0.4518813554259507,-0.9639076126349565,-0.4885846377682902,-0.5483862778943779,-0.11175323034208866,-0.7698476745077713,-0.17939107386501615,-0.8822989009890564,-0.22371732330019378,-0.9545608205786617,-0.2586704063681301,-0.5269674362316965,0.05397819226912241,-0.7049145165723972,0.06338393091038252,-0.8066662125889466,0.05844534118566902,-0.8829709184319707,0.03978498870487166,0.0,0.0,0.0,0.0,0.0,0.0,0.0,0.0,0.0,0.0,0.0,0.0,0.0,0.0,0.0,0.0,0.0,0.0,0.0,0.0,0.0,0.0,0.0,0.0,0.0,0.0,0.0,0.0,0.0,0.0,0.0,0.0,0.0,0.0,0.0,0.0,0.0,0.0,0.0,0.0,0.0,0.0,please
0.0,0.0,0.020612633836392936,-0.3574439195185328,-0.059323612148033875,-0.6430864469900325,-0.17888563614546787,-0.8378370014265979,-0.2564799343753972,-1.0,-0.4657461084907607,-0.48821736334122096,-0.6740357260161828,-0.6318427045170831,-0.7831143462490049,-0.7064085769727406,-0.8592318433372157,-0.7602620967852858,-0.5387427507866095,-0.2927176111940344,-0.7636572126819214,-0.3956983920101716,-0.890284417292809,-0.45037964669007835,-0.9767051365776286,-0.4901293511097809,-0.5526762877205299,-0.1086328427809911,-0.7719611071896022,-0.1668602357710203,-0.8872152787367594,-0.21147773093362662,-0.9656568429658491,-0.2519022222026605,-0.5325333638495806,0.05377443248307806,-0.7121632461511291,0.07086802401613987,-0.8154070095306422,0.0729137037572946,-0.8930267532491826,0.059726888756725174,0.0,0.0,0.0,0.0,0.0,0.0,0.0,0.0,0.0,0.0,0.0,0.0,0.0,0.0,0.0,0.0,0.0,0.0,0.0,0.0,0.0,0.0,0.0,0.0,0.0,0.0,0.0,0.0,0.0,0.0,0.0,0.0,0.0,0.0,0.0,0.0,0.0,0.0,0.0,0.0,0.0,0.0,please
0.0,0.0,0.021843406579904193,-0.36241079237801443,-0.06547779442424004,-0.6534410986978506,-0.19249906279064086,-0.8456414226663558,-0.2708531130273419,-1.0,-0.48102534799618124,-0.49408381027192855,-0.690510070539829,-0.6319088249684682,-0.8021520592001479,-0.7044527826338863,-0.8786336139298622,-0.7560488378853252,-0.5533853896771562,-0.2966096135349628,-0.7802683364129644,-0.39298671794660295,-0.9083728713523359,-0.4456835623628688,-0.9961130474999713,-0.48356227739274377,-0.5676474973073261,-0.10981878434668406,-0.788976637185262,-0.16561356601910718,-0.9063949553740187,-0.2114764571513152,-0.9869572795649041,-0.24885998088612887,-0.5472321107336631,0.056428444181178185,-0.730457306169327,0.07772181232890987,-0.8371063533712719,0.07946367192750434,-0.9185865479632159,0.06691236759491528,0.0,0.0,0.0,0.0,0.0,0.0,0.0,0.0,0.0,0.0,0.0,0.0,0.0,0.0,0.0,0.0,0.0,0.0,0.0,0.0,0.0,0.0,0.0,0.0,0.0,0.0,0.0,0.0,0.0,0.0,0.0,0.0,0.0,0.0,0.0,0.0,0.0,0.0,0.0,0.0,0.0,0.0,please
0.0,0.0,0.021069401119928728,-0.35060168652022805,-0.06269171878574693,-0.6332960965003523,-0.18677638134051447,-0.819078551180812,-0.262686503516129,-0.9795438252648406,-0.4790222262689385,-0.478725013528006,-0.6855860896945696,-0.6186364346227055,-0.7998746894609485,-0.6892046512137171,-0.8803084097231066,-0.7370178684933749,-0.5506823359106178,-0.28737504242809125,-0.7784197617803144,-0.3854811792156811,-0.9095397077950704,-0.436437965088236,-1.0,-0.4686699160773796,-0.5647412333046542,-0.10432729072794214,-0.7876621703935195,-0.15980709841415464,-0.905987993930694,-0.20521063062118183,-0.9889633657563668,-0.24073266758447728,-0.5437947223776558,0.06209570855344557,-0.7237334818580652,0.08854144756291316,-0.829529836240534,0.09077234397267545,-0.9114742558732292,0.07855290963061484,0.0,0.0,0.0,0.0,0.0,0.0,0.0,0.0,0.0,0.0,0.0,0.0,0.0,0.0,0.0,0.0,0.0,0.0,0.0,0.0,0.0,0.0,0.0,0.0,0.0,0.0,0.0,0.0,0.0,0.0,0.0,0.0,0.0,0.0,0.0,0.0,0.0,0.0,0.0,0.0,0.0,0.0,please
0.0,0.0,0.021301186702126648,-0.34599792578749533,-0.05775593296124088,-0.6287940486304527,-0.17665176275099356,-0.8182969042253839,-0.2543285158216939,-0.9796814198290789,-0.4712032703348788,-0.47841496058366273,-0.6776586157979162,-0.616634457624489,-0.7950718187655725,-0.6884744663678851,-0.8807787834343702,-0.7394523627753427,-0.544335010371795,-0.2899288470979558,-0.7678322135252192,-0.38852455629975025,-0.9035249452695341,-0.4373825307590126,-1.0,-0.46523584388056766,-0.5611793798254046,-0.10705137023579774,-0.7796567484499444,-0.16792111253269434,-0.9018531809743817,-0.21015693136097086,-0.989691201943003,-0.23967541606947718,-0.5428270382492815,0.06217348696980525,-0.7205668908626969,0.08096446339823635,-0.8290332027830605,0.08311441879490275,-0.9135855644889194,0.07503937678103843,0.0,0.0,0.0,0.0,0.0,0.0,0.0,0.0,0.0,0.0,0.0,0.0,0.0,0.0,0.0,0.0,0.0,0.0,0.0,0.0,0.0,0.0,0.0,0.0,0.0,0.0,0.0,0.0,0.0,0.0,0.0,0.0,0.0,0.0,0.0,0.0,0.0,0.0,0.0,0.0,0.0,0.0,please
0.0,0.0,0.029403691062206465,-0.3405223635343508,-0.052392288117865435,-0.6145537370040947,-0.1732459334147136,-0.7981381398875328,-0.2566214132448566,-0.9542749493285835,-0.46442629717796474,-0.46895575838832976,-0.6742881949501288,-0.6047214668216598,-0.7928554847376723,-0.6751771697502015,-0.8759142406319297,-0.7244257558198207,-0.5411493974889808,-0.2826024851280974,-0.7694421863337079,-0.38016449049519263,-0.9055841975204032,-0.43219077343308443,-1.0,-0.4649304369495763,-0.561134045278136,-0.10179872127675788,-0.7834563010704475,-0.16401548284291875,-0.9069136142452511,-0.2069135554019746,-0.9941094938036559,-0.23833821879636666,-0.5428649732160116,0.06490501665411834,-0.7190773433084455,0.08518491058322808,-0.8281109925419089,0.08839819480596282,-0.9124016324301774,0.08128507243166015,0.0,0.0,0.0,0.0,0.0,0.0,0.0,0.0,0.0,0.0,0.0,0.0,0.0,0.0,0.0,0.0,0.0,0.0,0.0,0.0,0.0,0.0,0.0,0.0,0.0,0.0,0.0,0.0,0.0,0.0,0.0,0.0,0.0,0.0,0.0,0.0,0.0,0.0,0.0,0.0,0.0,0.0,please
0.0,0.0,0.03137807654133436,-0.3425287393793438,-0.05227945680802252,-0.6172064929110667,-0.17422232746518215,-0.7998677020914272,-0.2549716184829425,-0.9558055635656776,-0.4643570644682611,-0.4726917734350897,-0.6737719988987029,-0.6045795110726889,-0.79277906515998,-0.6752778359808227,-0.8765976735839545,-0.7254756160195459,-0.5417673447626002,-0.2843956039396563,-0.7703511021713868,-0.3809790045234386,-0.9057970133984232,-0.4322600033252297,-1.0,-0.4655598670263763,-0.5629474575181161,-0.1004577969968019,-0.7843618181834348,-0.15954152728807366,-0.9070783530214395,-0.20209439088282477,-0.9931948374179028,-0.23496778350324507,-0.547230857183163,0.07006321196442537,-0.724842133090392,0.08869798290144369,-0.8325943934019382,0.09077951148760166,-0.9156621578488313,0.08159615767041876,0.0,0.0,0.0,0.0,0.0,0.0,0.0,0.0,0.0,0.0,0.0,0.0,0.0,0.0,0.0,0.0,0.0,0.0,0.0,0.0,0.0,0.0,0.0,0.0,0.0,0.0,0.0,0.0,0.0,0.0,0.0,0.0,0.0,0.0,0.0,0.0,0.0,0.0,0.0,0.0,0.0,0.0,please
0.0,0.0,0.023679003535632036,-0.340446661811486,-0.05407616709108766,-0.6141476232646395,-0.16577050221497253,-0.7893279633079866,-0.24028923131884808,-0.9463381080880526,-0.4564743715925422,-0.49348971814032067,-0.6733863078276384,-0.6197214536333947,-0.7971095826721889,-0.6926013000568314,-0.8864170617980964,-0.7471752786878156,-0.531746260970257,-0.30613262048972156,-0.7665212037945058,-0.4007255518028376,-0.9041836460985039,-0.4565436889982761,-1.0,-0.4954498603357954,-0.5515540058869436,-0.1222453922069166,-0.7809150815864384,-0.18623676248613097,-0.9079214539000001,-0.22976809328700917,-0.9971569495661071,-0.2634271739930573,-0.5324370652017588,0.049114344244752056,-0.7182796960283645,0.05879360164797689,-0.8335320284183589,0.05813938160283467,-0.922513064035212,0.04871784275938966,0.0,0.0,0.0,0.0,0.0,0.0,0.0,0.0,0.0,0.0,0.0,0.0,0.0,0.0,0.0,0.0,0.0,0.0,0.0,0.0,0.0,0.0,0.0,0.0,0.0,0.0,0.0,0.0,0.0,0.0,0.0,0.0,0.0,0.0,0.0,0.0,0.0,0.0,0.0,0.0,0.0,0.0,please
0.0,0.0,0.02490514084733359,-0.3319517851218058,-0.05608477239306269,-0.6011623318659397,-0.1684417095881373,-0.7825197367349433,-0.2437822626408066,-0.9365708245720901,-0.45126337262019345,-0.48941232889436864,-0.6646732438418408,-0.6116307732673649,-0.7859065940556546,-0.6840872148043818,-0.8741663642512221,-0.7404839654757734,-0.5302514007839372,-0.3062352953088651,-0.7604100738754584,-0.39812228990882337,-0.8987806579924184,-0.4543348765447951,-0.9974365246735051,-0.495695624247844,-0.55425215681032,-0.12169896972328584,-0.7796950566410799,-0.18331541341450833,-0.908189018922231,-0.2244287503098138,-1.0,-0.25838537006772394,-0.5360237326542792,0.05024948723889979,-0.7154785983047811,0.05746343463431406,-0.8297763749679548,0.05688408833006069,-0.9186328072894326,0.04789835084408027,0.0,0.0,0.0,0.0,0.0,0.0,0.0,0.0,0.0,0.0,0.0,0.0,0.0,0.0,0.0,0.0,0.0,0.0,0.0,0.0,0.0,0.0,0.0,0.0,0.0,0.0,0.0,0.0,0.0,0.0,0.0,0.0,0.0,0.0,0.0,0.0,0.0,0.0,0.0,0.0,0.0,0.0,please
0.0,0.0,0.022347533368088562,-0.3368948182645641,-0.060853616068961544,-0.6225936073967233,-0.1740251553386164,-0.8007816417546926,-0.24797966965380344,-0.9491296914805931,-0.4483643649953846,-0.505925103556641,-0.6630774048429451,-0.6340558151801594,-0.7863679198528468,-0.7074619551599086,-0.8747171508276491,-0.7631914655351628,-0.5206122085582653,-0.3262609466540394,-0.7547224372088726,-0.4235329926619298,-0.8981608480899292,-0.4786436631113219,-0.9996660925134258,-0.5151291961747418,-0.543649632219324,-0.14625074814867012,-0.7726838530584844,-0.2124087273241876,-0.9053968747779676,-0.2549781308139594,-1.0,-0.2861708501103327,-0.528740165883602,0.02676025822568813,-0.7136629271172351,0.030926499710974123,-0.8309416454270901,0.02982448804994227,-0.9221267509310376,0.023045610534635007,0.0,0.0,0.0,0.0,0.0,0.0,0.0,0.0,0.0,0.0,0.0,0.0,0.0,0.0,0.0,0.0,0.0,0.0,0.0,0.0,0.0,0.0,0.0,0.0,0.0,0.0,0.0,0.0,0.0,0.0,0.0,0.0,0.0,0.0,0.0,0.0,0.0,0.0,0.0,0.0,0.0,0.0,please
0.0,0.0,0.017198597721804328,-0.3269436498876528,-0.060775709277577875,-0.6102696766744652,-0.16792339266827844,-0.7980615225685477,-0.2475960015105019,-0.9466875301123762,-0.4446519696568527,-0.495169721671217,-0.6598581227818121,-0.6272500907892662,-0.7829089025567125,-0.6998887379351555,-0.8729083382887634,-0.7553640902770845,-0.5169581327650142,-0.3205811670508029,-0.7552827778187716,-0.42032608900097085,-0.8982779699664767,-0.47738905985725466,-0.9981926063536571,-0.5133149873907816,-0.5408580634613354,-0.14063756490889967,-0.7739626512491301,-0.20733693017979893,-0.9063067794623828,-0.24944390670191172,-1.0,-0.2799563343417814,-0.5284512581005004,0.03329701762686263,-0.7153466413758878,0.036264922355283356,-0.8350268606012202,0.03406094961955319,-0.928832211308219,0.026005228882995425,0.0,0.0,0.0,0.0,0.0,0.0,0.0,0.0,0.0,0.0,0.0,0.0,0.0,0.0,0.0,0.0,0.0,0.0,0.0,0.0,0.0,0.0,0.0,0.0,0.0,0.0,0.0,0.0,0.0,0.0,0.0,0.0,0.0,0.0,0.0,0.0,0.0,0.0,0.0,0.0,0.0,0.0,please
0.0,0.0,0.0160309796678101,-0.316725454817752,-0.060014691094771824,-0.5900668230864136,-0.1645339856369588,-0.7748370072956262,-0.24478815583971017,-0.9229964128054999,-0.4459885466513575,-0.48768914784518724,-0.6605852190470757,-0.6161118520050491,-0.7854889067971274,-0.6916125259411928,-0.8775378866218326,-0.7489792541773344,-0.5178267163976865,-0.3149545360538008,-0.754750287046876,-0.41238174025288654,-0.8977462719564117,-0.47419402229337976,-1.0,-0.5160602192253657,-0.5416683663645245,-0.1373894067222456,-0.7728751042996412,-0.20099057915718757,-0.904350418268305,-0.24874676403677054,-0.9980149906219468,-0.2871919327347544,-0.5291693826174396,0.0356873792085351,-0.716062643969163,0.042897568837763245,-0.8357936400396517,0.03985423010818636,-0.9297660122235614,0.028463639540439734,0.0,0.0,0.0,0.0,0.0,0.0,0.0,0.0,0.0,0.0,0.0,0.0,0.0,0.0,0.0,0.0,0.0,0.0,0.0,0.0,0.0,0.0,0.0,0.0,0.0,0.0,0.0,0.0,0.0,0.0,0.0,0.0,0.0,0.0,0.0,0.0,0.0,0.0,0.0,0.0,0.0,0.0,please
0.0,0.0,0.017022562608031457,-0.32405041322680306,-0.06572515582047868,-0.6047694454479291,-0.18053174314649362,-0.791205776526293,-0.2583881588587618,-0.9420221587521153,-0.44493213719550156,-0.49673934595927505,-0.6584574076395815,-0.624684474163157,-0.7826613290019012,-0.7019078725313503,-0.878206919760191,-0.7630934019378508,-0.5212559018359934,-0.3223130465189121,-0.7573702275131239,-0.4200654775528304,-0.89838356133442,-0.47898040748418635,-0.9980236077728468,-0.5203681336095469,-0.5473502834639659,-0.1435970109801633,-0.7768771115767407,-0.20820538010418482,-0.9078297869542101,-0.2513860835397049,-1.0,-0.28667737230326107,-0.5361262340657398,0.028972694908370452,-0.7210024661658091,0.03388787158496936,-0.8374693659204792,0.03203585268422656,-0.9283109287413748,0.020270278963652823,0.0,0.0,0.0,0.0,0.0,0.0,0.0,0.0,0.0,0.0,0.0,0.0,0.0,0.0,0.0,0.0,0.0,0.0,0.0,0.0,0.0,0.0,0.0,0.0,0.0,0.0,0.0,0.0,0.0,0.0,0.0,0.0,0.0,0.0,0.0,0.0,0.0,0.0,0.0,0.0,0.0,0.0,please
0.0,0.0,0.012845580390287978,-0.3150562583863695,-0.06387892758119922,-0.5931410904223857,-0.16719393060620708,-0.77954199015098,-0.24367508599021406,-0.9277876545880412,-0.42555762668135794,-0.4880515006179578,-0.6392697845090305,-0.6200280306128542,-0.7673974567401344,-0.699736987678022,-0.8694242965025952,-0.7658417182945941,-0.5008497624495691,-0.32390412471369456,-0.744663846705896,-0.4285375692456408,-0.8905989290232886,-0.4897149732819138,-1.0,-0.5343908749539489,-0.5307735401379674,-0.14719465728407247,-0.763238915909288,-0.2209066911821866,-0.8989627659274831,-0.2698170405396118,-0.999923248171194,-0.31269835770802423,-0.5236767421397678,0.03218394301042923,-0.7104888626759096,0.028922764845916125,-0.8318387146927505,0.015430779145133905,-0.9298492509584825,-0.004205436902391953,0.0,0.0,0.0,0.0,0.0,0.0,0.0,0.0,0.0,0.0,0.0,0.0,0.0,0.0,0.0,0.0,0.0,0.0,0.0,0.0,0.0,0.0,0.0,0.0,0.0,0.0,0.0,0.0,0.0,0.0,0.0,0.0,0.0,0.0,0.0,0.0,0.0,0.0,0.0,0.0,0.0,0.0,please
0.0,0.0,0.02186263001147491,-0.3227833328201527,-0.04095096296571674,-0.6201100211974344,-0.1388990303156373,-0.8164529777790895,-0.2179738748964002,-0.9679637650014877,-0.42347135905791955,-0.5236891510256542,-0.6342021505058991,-0.6706472929390649,-0.7681159029569279,-0.7499070244401211,-0.8714715225189573,-0.807476384349684,-0.5009643775546995,-0.3563494609687819,-0.740335330670186,-0.4674003778049992,-0.8894769260981581,-0.5318004793438175,-1.0,-0.5734478544390811,-0.5296557626897628,-0.18071781247131097,-0.7588077049743946,-0.255294640648929,-0.892754092875667,-0.306692495024158,-0.9913144296508106,-0.3465497447269271,-0.5195868749300289,-0.0017966524825432267,-0.7038322957861533,0.004723484796349825,-0.8263863574736813,-0.005352355733218532,-0.9257427154482458,-0.021583951645046628,0.0,0.0,0.0,0.0,0.0,0.0,0.0,0.0,0.0,0.0,0.0,0.0,0.0,0.0,0.0,0.0,0.0,0.0,0.0,0.0,0.0,0.0,0.0,0.0,0.0,0.0,0.0,0.0,0.0,0.0,0.0,0.0,0.0,0.0,0.0,0.0,0.0,0.0,0.0,0.0,0.0,0.0,please
0.0,0.0,0.02555986995934474,-0.3216450283322918,-0.04404361838825421,-0.6153279453997768,-0.15695598137862754,-0.8046476193151099,-0.23350218021724933,-0.9585900559624202,-0.4265193059817297,-0.5024564483172655,-0.6403151309183595,-0.6510068320495447,-0.7716941095515283,-0.7329212102487764,-0.8697984088978141,-0.7939838642858648,-0.5045032545271984,-0.33448352373663254,-0.7471446526748914,-0.4530907124851668,-0.8935090614182296,-0.5211834261359248,-0.9996310833678563,-0.566363847012646,-0.5330714732089568,-0.16063307049018025,-0.7658841290014535,-0.23452228315439871,-0.9010858254281441,-0.2815374569047234,-1.0,-0.3179711691722196,-0.5229733809868204,0.013162192715757248,-0.7083270957821046,0.008100437447776599,-0.8289079253179045,-0.003159173413286335,-0.9262829577929601,-0.020518056130939426,0.0,0.0,0.0,0.0,0.0,0.0,0.0,0.0,0.0,0.0,0.0,0.0,0.0,0.0,0.0,0.0,0.0,0.0,0.0,0.0,0.0,0.0,0.0,0.0,0.0,0.0,0.0,0.0,0.0,0.0,0.0,0.0,0.0,0.0,0.0,0.0,0.0,0.0,0.0,0.0,0.0,0.0,please
0.0,0.0,0.025407846203149922,-0.3193562035955223,-0.040266108326445824,-0.6063293089849981,-0.14723974623056202,-0.7978073640704647,-0.22999472865688908,-0.9501737363503461,-0.4122251013881663,-0.5072657208047814,-0.6388478811228664,-0.6560845246968839,-0.772824425922316,-0.7406486773288238,-0.8722135930018196,-0.8049240221630938,-0.4902255282276216,-0.34043674753853387,-0.7401269233470007,-0.45814910878984394,-0.8907063365241445,-0.525453992873409,-1.0,-0.5706317899927807,-0.5204386982527863,-0.1657251780233691,-0.7578345526676983,-0.24095376958974438,-0.8953461117533017,-0.29287132583867265,-0.996144511229506,-0.33569295261019777,-0.5137381189568728,0.008190792545953875,-0.7027260472914387,0.004327578174459798,-0.8260825119019092,-0.009068889873903016,-0.926730262158613,-0.030288632592075714,0.0,0.0,0.0,0.0,0.0,0.0,0.0,0.0,0.0,0.0,0.0,0.0,0.0,0.0,0.0,0.0,0.0,0.0,0.0,0.0,0.0,0.0,0.0,0.0,0.0,0.0,0.0,0.0,0.0,0.0,0.0,0.0,0.0,0.0,0.0,0.0,0.0,0.0,0.0,0.0,0.0,0.0,please
0.0,0.0,0.018093787105763964,-0.31385986694787976,-0.05195593122929532,-0.5934791448663244,-0.1554926018900558,-0.7881077212520129,-0.22876723469548196,-0.949618030893683,-0.4234267156078704,-0.5031473820612777,-0.6357954391424807,-0.6480752443897441,-0.7670289363963153,-0.73202752671615,-0.8698684931061218,-0.7964968092431645,-0.5022590124648257,-0.34070437922565183,-0.7412830258242562,-0.4574801153768997,-0.8889512250662821,-0.5276595513963966,-1.0,-0.5761948394862259,-0.5353138436014075,-0.16745319590759003,-0.7631791540834639,-0.24577583916633683,-0.8959054213046048,-0.2995270794137899,-0.9939291581498491,-0.34265583743134587,-0.5313922218185958,0.0090462158220333,-0.7153253921350691,0.000561838873557111,-0.8341206306692186,-0.012834866812333617,-0.9300438085220588,-0.030900595860962162,0.0,0.0,0.0,0.0,0.0,0.0,0.0,0.0,0.0,0.0,0.0,0.0,0.0,0.0,0.0,0.0,0.0,0.0,0.0,0.0,0.0,0.0,0.0,0.0,0.0,0.0,0.0,0.0,0.0,0.0,0.0,0.0,0.0,0.0,0.0,0.0,0.0,0.0,0.0,0.0,0.0,0.0,please
0.0,0.0,0.01364985499457292,-0.3061907833800497,-0.06566834295044832,-0.5849987575588581,-0.1764231347127263,-0.7742735361655595,-0.24475739751614298,-0.9418376338524606,-0.43169932762484914,-0.4888891227178407,-0.6398780977726983,-0.6361859835911432,-0.7681283764113713,-0.7238360916605894,-0.8720922358085836,-0.7935100594564071,-0.5121059094062103,-0.3284253535696103,-0.7453840141398166,-0.4429368772449266,-0.8886794321086182,-0.5128837504077393,-0.9979697351590339,-0.5651439815260738,-0.5436385529621227,-0.16049641526726785,-0.7676072526186369,-0.2407958854018697,-0.9000039930790228,-0.2897200069177396,-1.0,-0.3305938922618715,-0.5348524300988584,0.01048709358617078,-0.7141091670032454,0.007321229447446898,-0.8307171920668311,0.0007698818237471107,-0.9269280028966012,-0.014000328619611467,0.0,0.0,0.0,0.0,0.0,0.0,0.0,0.0,0.0,0.0,0.0,0.0,0.0,0.0,0.0,0.0,0.0,0.0,0.0,0.0,0.0,0.0,0.0,0.0,0.0,0.0,0.0,0.0,0.0,0.0,0.0,0.0,0.0,0.0,0.0,0.0,0.0,0.0,0.0,0.0,0.0,0.0,please
0.0,0.0,0.017308462758490052,-0.3103807875007343,-0.051168209032160974,-0.5966414031576857,-0.1538950971455953,-0.7897841524338046,-0.22683432149888752,-0.9401790116408388,-0.4077463027119716,-0.5021753722698943,-0.6222133632368093,-0.655662046720441,-0.751502775069847,-0.7460194297790834,-0.8525392103607888,-0.8180868947664737,-0.48397772551856416,-0.3387368597522139,-0.7337354638019876,-0.46112532728927585,-0.8857642777987152,-0.5350266022571493,-1.0,-0.589638551195072,-0.514965576461441,-0.16529238722009218,-0.7522364574677397,-0.25455360283863016,-0.8932573954010865,-0.31445828220899386,-0.9980780108468302,-0.3660727992993188,-0.509794158393819,0.009730466102170356,-0.6967648936008718,-0.005537467238071226,-0.8196621074426258,-0.024197130612759448,-0.9189214947953828,-0.048975346132953866,0.0,0.0,0.0,0.0,0.0,0.0,0.0,0.0,0.0,0.0,0.0,0.0,0.0,0.0,0.0,0.0,0.0,0.0,0.0,0.0,0.0,0.0,0.0,0.0,0.0,0.0,0.0,0.0,0.0,0.0,0.0,0.0,0.0,0.0,0.0,0.0,0.0,0.0,0.0,0.0,0.0,0.0,please
0.0,0.0,0.022446369123201554,-0.32591163180394384,-0.03977168143412015,-0.6206314813250143,-0.14458930034692538,-0.8225105191493701,-0.21628462963504294,-0.9917827633978584,-0.4167303695380544,-0.5252749901792797,-0.6293034810132073,-0.6891242480291486,-0.7604808075161513,-0.7795663079150534,-0.8628251933143553,-0.848921616169544,-0.49571445523266533,-0.35630267333154203,-0.7392175965951099,-0.48679418453183493,-0.8890559601527694,-0.5643480423229997,-1.0,-0.6166683551765106,-0.5244938708427452,-0.17940170156409402,-0.7580209223054553,-0.2719237653155518,-0.8953669825982042,-0.3356997832166927,-0.997473775706895,-0.3857699064298588,-0.5162200391280455,-0.0013302521031958487,-0.7038800888383092,-0.01828235702092404,-0.8268220255898004,-0.038521783712433824,-0.9270079218474887,-0.0632629244750236,0.0,0.0,0.0,0.0,0.0,0.0,0.0,0.0,0.0,0.0,0.0,0.0,0.0,0.0,0.0,0.0,0.0,0.0,0.0,0.0,0.0,0.0,0.0,0.0,0.0,0.0,0.0,0.0,0.0,0.0,0.0,0.0,0.0,0.0,0.0,0.0,0.0,0.0,0.0,0.0,0.0,0.0,please
0.0,0.0,0.027468705255136887,-0.32744577166145067,-0.038163237686292664,-0.6202678727999154,-0.14658068280496545,-0.8128342288230248,-0.22352828731079785,-0.9747436887856044,-0.41768156376039317,-0.5202522589984734,-0.6300132019562277,-0.6823168037679552,-0.7610703958638434,-0.7737167851261821,-0.8614028934770119,-0.8442127036837512,-0.498853846919447,-0.3519312666242224,-0.7410984217158751,-0.4800517230211679,-0.8902007466188089,-0.5596351109896411,-1.0,-0.6153867825616218,-0.5281032627842278,-0.17740411730414685,-0.7630422636378524,-0.2670002174873523,-0.8983251894062069,-0.33026007379825073,-0.9995439611450683,-0.3807513687748195,-0.5165880183953225,-0.004306565537680869,-0.7034167631668055,-0.02163288240253486,-0.825631885015016,-0.042437548743760406,-0.9253428585421185,-0.06749401383177432,0.0,0.0,0.0,0.0,0.0,0.0,0.0,0.0,0.0,0.0,0.0,0.0,0.0,0.0,0.0,0.0,0.0,0.0,0.0,0.0,0.0,0.0,0.0,0.0,0.0,0.0,0.0,0.0,0.0,0.0,0.0,0.0,0.0,0.0,0.0,0.0,0.0,0.0,0.0,0.0,0.0,0.0,please
0.0,0.0,0.021561894146562236,-0.3283311133477915,-0.04302335882706709,-0.6239217004009503,-0.15281904340413222,-0.8176820124712062,-0.23163457932217135,-0.9789523515520451,-0.40763435660812225,-0.5168499699557186,-0.6310371020531191,-0.6745741862188658,-0.7633211816281203,-0.7661774372715864,-0.8624341370682688,-0.8399872407745713,-0.4870610552613137,-0.346314492271159,-0.7385679200446157,-0.4766980873000045,-0.8906321813735343,-0.5556226386229091,-1.0,-0.6132214091164718,-0.5175947351023229,-0.16914052280822123,-0.7592397385347471,-0.25914939104229007,-0.8982110936313539,-0.3208319462489009,-0.99870755602943,-0.3721265562176702,-0.5113743525258987,0.006614685311683239,-0.7029131179745718,-0.01476742447983846,-0.8256743506916299,-0.03735273651431959,-0.9255184118302788,-0.06706710964907317,0.0,0.0,0.0,0.0,0.0,0.0,0.0,0.0,0.0,0.0,0.0,0.0,0.0,0.0,0.0,0.0,0.0,0.0,0.0,0.0,0.0,0.0,0.0,0.0,0.0,0.0,0.0,0.0,0.0,0.0,0.0,0.0,0.0,0.0,0.0,0.0,0.0,0.0,0.0,0.0,0.0,0.0,please
0.0,0.0,0.021440370625632126,-0.32874277908163363,-0.040436493269353814,-0.6256360221923271,-0.146825069456579,-0.8231521496949237,-0.22284489730429874,-0.98327039964247,-0.4169073260532489,-0.5201355548179188,-0.6272080111676176,-0.6777660347747346,-0.7569547845303293,-0.7669130098976843,-0.8598709539959375,-0.8402204422225845,-0.4965775461511929,-0.34739020598901815,-0.7371820213829475,-0.47239282055745846,-0.8877529716762664,-0.5476171700171035,-1.0,-0.6018468921713,-0.5223937624516792,-0.17002165057543242,-0.7546170680326948,-0.2571492044891328,-0.8922630210380194,-0.3150081425131427,-0.9944551661598843,-0.36188095626297945,-0.5077475021939639,0.006123871432088452,-0.6937566703974339,-0.012880176114731811,-0.8135877010700568,-0.033987700810223904,-0.9107792323367226,-0.062228937458873326,0.0,0.0,0.0,0.0,0.0,0.0,0.0,0.0,0.0,0.0,0.0,0.0,0.0,0.0,0.0,0.0,0.0,0.0,0.0,0.0,0.0,0.0,0.0,0.0,0.0,0.0,0.0,0.0,0.0,0.0,0.0,0.0,0.0,0.0,0.0,0.0,0.0,0.0,0.0,0.0,0.0,0.0,please
0.0,0.0,0.017352634021366324,-0.33148645685469624,-0.05065335520760676,-0.619545979133551,-0.15717088035018076,-0.8140480194755585,-0.2280797543498824,-0.976284712031821,-0.42629865185661203,-0.5189908855189956,-0.6361357878075232,-0.6721314558974606,-0.7658828328094519,-0.7598597205284147,-0.8698037112915415,-0.8298301686151931,-0.5033992816738715,-0.34212336770706886,-0.7417653899144208,-0.4626121531051411,-0.8893180488264909,-0.53749555201062,-1.0,-0.5921270394723789,-0.5278844164353884,-0.16124898768786233,-0.7564604388545432,-0.2481484640297122,-0.8936208424343727,-0.3055881433673618,-0.9972834090060544,-0.35384325607509676,-0.5130968647762272,0.01569570161251049,-0.6977977395839748,-0.009979729278811182,-0.8180061824797789,-0.03139075905566834,-0.9165715657979056,-0.060711415479698744,0.0,0.0,0.0,0.0,0.0,0.0,0.0,0.0,0.0,0.0,0.0,0.0,0.0,0.0,0.0,0.0,0.0,0.0,0.0,0.0,0.0,0.0,0.0,0.0,0.0,0.0,0.0,0.0,0.0,0.0,0.0,0.0,0.0,0.0,0.0,0.0,0.0,0.0,0.0,0.0,0.0,0.0,please
0.0,0.0,0.016004407989455693,-0.32497874548408456,-0.05105643982543898,-0.6067457909507977,-0.15646447803204536,-0.7955935977833074,-0.2336942370501138,-0.9639207347959194,-0.4179154941358447,-0.5074490008141528,-0.6440360817216454,-0.6648314320687532,-0.7713724565912178,-0.7545229068191188,-0.8670822125557407,-0.8249555037701335,-0.49011017832126297,-0.33290473681246885,-0.743687733149348,-0.45902372456213303,-0.8931988446411725,-0.5323186425125842,-1.0,-0.5825120526237754,-0.5170801403270443,-0.1560723292215865,-0.7583714575124463,-0.2376096785299345,-0.8972243850803061,-0.28926259269444277,-0.9992032312154988,-0.3331527743992962,-0.5111756112413305,0.014714083458286415,-0.701770262774975,-0.0008011777817276795,-0.8201027094799613,-0.01548389437403136,-0.9167653127308031,-0.041059983399495584,0.0,0.0,0.0,0.0,0.0,0.0,0.0,0.0,0.0,0.0,0.0,0.0,0.0,0.0,0.0,0.0,0.0,0.0,0.0,0.0,0.0,0.0,0.0,0.0,0.0,0.0,0.0,0.0,0.0,0.0,0.0,0.0,0.0,0.0,0.0,0.0,0.0,0.0,0.0,0.0,0.0,0.0,please
0.0,0.0,0.01034700935432215,-0.3295158744721962,-0.05684412705192957,-0.6118781040276027,-0.15832207786477995,-0.7999883183778488,-0.2336291842016338,-0.9700566307995745,-0.4237322933180119,-0.4879897382213652,-0.6437112764252833,-0.6367025538131723,-0.7715370507965061,-0.7275508551649315,-0.8714394866904711,-0.8028327683037983,-0.4972891617608867,-0.31238575323400447,-0.7461009452588157,-0.4319565563981698,-0.8928732579091601,-0.5148113443090446,-0.9992573646862055,-0.5762465243413921,-0.5266872423650822,-0.13473447622714688,-0.7614191616706424,-0.21831171982556782,-0.8963717282684226,-0.2846565653223275,-1.0,-0.3455112990866275,-0.5216007231575875,0.0363658172673427,-0.7029150410160304,0.016632900261006545,-0.8186964613207954,-0.005633499884186493,-0.912776385676025,-0.035322869006400325,0.0,0.0,0.0,0.0,0.0,0.0,0.0,0.0,0.0,0.0,0.0,0.0,0.0,0.0,0.0,0.0,0.0,0.0,0.0,0.0,0.0,0.0,0.0,0.0,0.0,0.0,0.0,0.0,0.0,0.0,0.0,0.0,0.0,0.0,0.0,0.0,0.0,0.0,0.0,0.0,0.0,0.0,please
0.0,0.0,0.017418196246690165,-0.33443637109075786,-0.041712998573138024,-0.6275631007239726,-0.14155709238616448,-0.8242863739688086,-0.20956656679390498,-1.0,-0.40467862309877417,-0.5087246094958227,-0.6207185617191983,-0.6623991246302842,-0.7468389819404008,-0.7529863999357675,-0.8462397883720486,-0.8271372720834181,-0.48347737818366315,-0.3400508121846776,-0.7284676195338614,-0.4576651028950733,-0.872310934645274,-0.5371274375661115,-0.9783182956976244,-0.5965130803257499,-0.5162032411212443,-0.16457781207821737,-0.7486910090986332,-0.24401422279208512,-0.8818932155345444,-0.30861868985849267,-0.9828802978478385,-0.36708483074389653,-0.5132852601601179,0.008951382689885767,-0.6921111739688577,-0.010824542173394538,-0.8051379071589376,-0.034589807744370614,-0.8970540617097071,-0.06680738911411266,0.0,0.0,0.0,0.0,0.0,0.0,0.0,0.0,0.0,0.0,0.0,0.0,0.0,0.0,0.0,0.0,0.0,0.0,0.0,0.0,0.0,0.0,0.0,0.0,0.0,0.0,0.0,0.0,0.0,0.0,0.0,0.0,0.0,0.0,0.0,0.0,0.0,0.0,0.0,0.0,0.0,0.0,please
0.0,0.0,0.02309860427465687,-0.33540068116622396,-0.03431177975584727,-0.6263682998254656,-0.13371345477277263,-0.8218884017989431,-0.2007346436941455,-1.0,-0.4063709004421659,-0.501498284874972,-0.6207447409242445,-0.6521054922460721,-0.7445707242595415,-0.7436476884729801,-0.8407117387320345,-0.8191009802371445,-0.4831035002713554,-0.3277359433920222,-0.7227760911754239,-0.4487763365857321,-0.8649984463451873,-0.5360802601593457,-0.9692312857851878,-0.6020432544825536,-0.5104461156493025,-0.15675113380172923,-0.7395741215440338,-0.23712227721230983,-0.8709470212865971,-0.3033811069470042,-0.9719769509661658,-0.36455969910986874,-0.5013881554729246,0.0005753101357509708,-0.6767783853344753,-0.009115100486974633,-0.7884283545360921,-0.026351939138243533,-0.8809751457963106,-0.05720135793703943,0.0,0.0,0.0,0.0,0.0,0.0,0.0,0.0,0.0,0.0,0.0,0.0,0.0,0.0,0.0,0.0,0.0,0.0,0.0,0.0,0.0,0.0,0.0,0.0,0.0,0.0,0.0,0.0,0.0,0.0,0.0,0.0,0.0,0.0,0.0,0.0,0.0,0.0,0.0,0.0,0.0,0.0,please
0.0,0.0,0.023423945106642266,-0.3238386616742193,-0.04037718848263993,-0.6191516696753853,-0.14141808324979369,-0.820696029532487,-0.20714936405365292,-1.0,-0.41887922672100353,-0.4966370701077014,-0.625566933840228,-0.6505382890805184,-0.7479125577706642,-0.744596350368321,-0.8454050851983393,-0.8189935636744019,-0.49359454029548466,-0.3275038352385861,-0.7221604769857844,-0.4514841411038564,-0.86067982917483,-0.5388693593184617,-0.9640369974336522,-0.6024372435861278,-0.5209545525740582,-0.16054501179319222,-0.7402471643927178,-0.24193256322727005,-0.8711183112700698,-0.30636953422519225,-0.9740506195813713,-0.3641531500278519,-0.5127824743698093,-0.0036431437893101365,-0.6833742740160256,-0.01999238399205185,-0.7914550133836935,-0.03559067515934669,-0.8819699121689815,-0.06186178712797823,0.0,0.0,0.0,0.0,0.0,0.0,0.0,0.0,0.0,0.0,0.0,0.0,0.0,0.0,0.0,0.0,0.0,0.0,0.0,0.0,0.0,0.0,0.0,0.0,0.0,0.0,0.0,0.0,0.0,0.0,0.0,0.0,0.0,0.0,0.0,0.0,0.0,0.0,0.0,0.0,0.0,0.0,please
0.0,0.0,0.013033512734183645,-0.3357889131912872,-0.07121247122623349,-0.6168079755556102,-0.18737706126661915,-0.7990638388505239,-0.26882537498054443,-0.9444352149943067,-0.4490860386817724,-0.4836469981076897,-0.6667095918016269,-0.621598879359072,-0.7891540307848582,-0.6911025370065452,-0.8801448313713925,-0.7413718021184046,-0.517582430185217,-0.2951381550383787,-0.7543727114103856,-0.40799587132289694,-0.896548786381919,-0.4643716464738312,-0.9969875402423141,-0.49840570805993134,-0.5310412621955715,-0.11049126342434445,-0.7619144282519476,-0.18638322970681478,-0.8991285542257502,-0.23423132060324559,-1.0,-0.2694332079984927,-0.5086359801102619,0.06278439949866063,-0.6956732446978448,0.06751533918229256,-0.817330122140031,0.06667453081352961,-0.9173622340730546,0.05560246737607825,0.0,0.0,0.0,0.0,0.0,0.0,0.0,0.0,0.0,0.0,0.0,0.0,0.0,0.0,0.0,0.0,0.0,0.0,0.0,0.0,0.0,0.0,0.0,0.0,0.0,0.0,0.0,0.0,0.0,0.0,0.0,0.0,0.0,0.0,0.0,0.0,0.0,0.0,0.0,0.0,0.0,0.0,please
0.0,0.0,0.004712351972027694,-0.3458843660530537,-0.08103292940271824,-0.616103325939454,-0.1921239889273994,-0.7984681504611464,-0.2732823839709222,-0.935959243260003,-0.45323414329138656,-0.49566284185520026,-0.6743486012987241,-0.6246793321652998,-0.7949595811578795,-0.6852290504175943,-0.8833721245595383,-0.7286250375107892,-0.5197134021022541,-0.30640050076259046,-0.768256367896883,-0.4101825851628114,-0.9093969640064857,-0.4629874640919055,-1.0,-0.4934226786192455,-0.5323844005990727,-0.12074916393478125,-0.773708795278917,-0.18597307885463962,-0.9077763947912166,-0.23101730635237697,-0.9976843855088217,-0.2609805638254027,-0.5107035941265581,0.051096827506743346,-0.7019281834672034,0.05855292398535249,-0.8229143571535867,0.05614363994042273,-0.9192620007885429,0.041009733727536066,0.0,0.0,0.0,0.0,0.0,0.0,0.0,0.0,0.0,0.0,0.0,0.0,0.0,0.0,0.0,0.0,0.0,0.0,0.0,0.0,0.0,0.0,0.0,0.0,0.0,0.0,0.0,0.0,0.0,0.0,0.0,0.0,0.0,0.0,0.0,0.0,0.0,0.0,0.0,0.0,0.0,0.0,please
0.0,0.0,0.0020544141564018403,-0.3409096520257782,-0.08663764939968892,-0.6108721210643868,-0.19479379183026116,-0.7929788275025828,-0.273809453434728,-0.9339816027699123,-0.4636720253679116,-0.4974818821744103,-0.679610843606853,-0.6267562754737097,-0.7955489316037957,-0.6880291429149661,-0.8794631260825403,-0.7310699540538689,-0.5301383043572149,-0.3097996042088367,-0.7712021417650088,-0.4145764648567561,-0.9095134536656235,-0.46322623001440666,-0.9999327134158321,-0.4892336249317137,-0.5425840621554171,-0.12309237317869821,-0.7788835921229839,-0.1964844759244429,-0.910177104548747,-0.2409210924837582,-1.0,-0.27022361748672263,-0.5203047265087234,0.05341998408072443,-0.7107991316379433,0.057074671417180645,-0.8304743199969121,0.05502964608647665,-0.9269891878978732,0.040460622743421826,0.0,0.0,0.0,0.0,0.0,0.0,0.0,0.0,0.0,0.0,0.0,0.0,0.0,0.0,0.0,0.0,0.0,0.0,0.0,0.0,0.0,0.0,0.0,0.0,0.0,0.0,0.0,0.0,0.0,0.0,0.0,0.0,0.0,0.0,0.0,0.0,0.0,0.0,0.0,0.0,0.0,0.0,please
0.0,0.0,0.008557028402294392,-0.3445194466831645,-0.0824212779181255,-0.6202541840668293,-0.19408377802121482,-0.8023887245016224,-0.2733560498345219,-0.9396921287656776,-0.45285536382987646,-0.4994061177331016,-0.670354018404472,-0.6277194306801913,-0.7915523252477961,-0.6891013611125295,-0.8812035429038483,-0.7330175904611049,-0.5208329056222901,-0.31240365534579145,-0.7620791301401436,-0.4179102749089699,-0.9039012686743029,-0.4700013563923543,-1.0,-0.500033251791868,-0.5354215809568831,-0.12862881015964195,-0.7721943427735083,-0.1974570363160454,-0.9041016567814968,-0.24093985180755512,-0.9955879522177893,-0.2705530729305673,-0.5160664060217504,0.04261353118061759,-0.7076465610014211,0.049606760273531524,-0.8284837481209228,0.04930108944802201,-0.9246877621649355,0.03736624049977005,0.0,0.0,0.0,0.0,0.0,0.0,0.0,0.0,0.0,0.0,0.0,0.0,0.0,0.0,0.0,0.0,0.0,0.0,0.0,0.0,0.0,0.0,0.0,0.0,0.0,0.0,0.0,0.0,0.0,0.0,0.0,0.0,0.0,0.0,0.0,0.0,0.0,0.0,0.0,0.0,0.0,0.0,please
0.0,0.0,0.013856161563324504,-0.35047634531545174,-0.0757575489820118,-0.6277363568728562,-0.18871403553106628,-0.8092929307209594,-0.268293303597463,-0.948224595358306,-0.4514279756340226,-0.5056707270738384,-0.6675319993426063,-0.6326876620289783,-0.7876116641425343,-0.6990059571881224,-0.8785228435456137,-0.7474229992348079,-0.5201054657333561,-0.31646152568341546,-0.7605493124758116,-0.4177482146991099,-0.9019522117231666,-0.4714791887196905,-1.0,-0.504148118564125,-0.5344504312820413,-0.13096023652033767,-0.7681936342381921,-0.1996762513010916,-0.9024233438363161,-0.24425107489162726,-0.9992839357380039,-0.27545394621742414,-0.5146300128474511,0.041439833460276285,-0.706824877047949,0.04465682107759542,-0.8290117358903354,0.04318086631051953,-0.9283808500523971,0.03078722889139044,0.0,0.0,0.0,0.0,0.0,0.0,0.0,0.0,0.0,0.0,0.0,0.0,0.0,0.0,0.0,0.0,0.0,0.0,0.0,0.0,0.0,0.0,0.0,0.0,0.0,0.0,0.0,0.0,0.0,0.0,0.0,0.0,0.0,0.0,0.0,0.0,0.0,0.0,0.0,0.0,0.0,0.0,please
0.0,0.0,0.003474775996976845,-0.3463663552214066,-0.08320015614409564,-0.61461151142427,-0.19477408791582182,-0.7918699644508618,-0.278387399057508,-0.925673415933465,-0.45332719774417374,-0.4919482858163533,-0.66858718443061,-0.6216875030942104,-0.7890840175619367,-0.6863334381654779,-0.8803426550836051,-0.7331887765732569,-0.5185593855102981,-0.30229162118103203,-0.7628728946458317,-0.40250343435091746,-0.9045220170654384,-0.4557637437256537,-1.0,-0.4887541702832569,-0.5311748596608639,-0.11948228829457097,-0.7687548327559255,-0.18228362876883727,-0.9039911485103447,-0.22681639498757508,-0.9986549311651719,-0.25872193350840184,-0.5116472311669883,0.04635278521674432,-0.7036154267802083,0.052349231371428835,-0.8253237657083489,0.05032548421943802,-0.9237889305091103,0.034311810213690175,0.0,0.0,0.0,0.0,0.0,0.0,0.0,0.0,0.0,0.0,0.0,0.0,0.0,0.0,0.0,0.0,0.0,0.0,0.0,0.0,0.0,0.0,0.0,0.0,0.0,0.0,0.0,0.0,0.0,0.0,0.0,0.0,0.0,0.0,0.0,0.0,0.0,0.0,0.0,0.0,0.0,0.0,please
0.0,0.0,0.012110972853914586,-0.35040690523184304,-0.07844761005749593,-0.6243796304242112,-0.1946877055979862,-0.8022501358734517,-0.27620498298006235,-0.9381343144826797,-0.4553194456363168,-0.5047069424182614,-0.6718972582167683,-0.6306412511799536,-0.7913988529420178,-0.6924025286764496,-0.8791888354930061,-0.7373562601905089,-0.5227026659801481,-0.3161510626734174,-0.7629635787636946,-0.4174629566063103,-0.9038859807202723,-0.4702508652993507,-1.0,-0.5035827683858234,-0.5358269687348036,-0.13171393632540976,-0.771481592722904,-0.1939132269229669,-0.9045410337824309,-0.23987528247375497,-0.9995185431505478,-0.2737149231957436,-0.5158331903086473,0.03845039903887411,-0.7090708043708344,0.04019172459166452,-0.8304272504934351,0.03714029291455705,-0.9296627835464402,0.02147444148860093,0.0,0.0,0.0,0.0,0.0,0.0,0.0,0.0,0.0,0.0,0.0,0.0,0.0,0.0,0.0,0.0,0.0,0.0,0.0,0.0,0.0,0.0,0.0,0.0,0.0,0.0,0.0,0.0,0.0,0.0,0.0,0.0,0.0,0.0,0.0,0.0,0.0,0.0,0.0,0.0,0.0,0.0,please
0.0,0.0,0.0034416250648046437,-0.34143690474895677,-0.0822484220295908,-0.6075496050089004,-0.19359095671593632,-0.782720453614377,-0.27448745418357023,-0.9174093369442662,-0.4456786632297547,-0.4927991617995207,-0.6661864778540327,-0.6175489161763267,-0.7877837355753021,-0.6790602148432543,-0.8772730568576909,-0.7220067505592233,-0.5121303416247023,-0.30373492272386154,-0.7622952988989555,-0.4036548006192242,-0.905377244597196,-0.4534940125947598,-1.0,-0.4807369783452791,-0.5270080375885059,-0.11996091781502308,-0.7683519499399991,-0.18662142124287148,-0.9034467006732432,-0.22925218160526994,-0.9954324962204845,-0.2571397496274866,-0.5091089044299185,0.05033335871137553,-0.7032810183120701,0.05659557189418082,-0.8253058960442883,0.054827447440261905,-0.9221214955642808,0.04029634302412002,0.0,0.0,0.0,0.0,0.0,0.0,0.0,0.0,0.0,0.0,0.0,0.0,0.0,0.0,0.0,0.0,0.0,0.0,0.0,0.0,0.0,0.0,0.0,0.0,0.0,0.0,0.0,0.0,0.0,0.0,0.0,0.0,0.0,0.0,0.0,0.0,0.0,0.0,0.0,0.0,0.0,0.0,please
0.0,0.0,0.0009157850091578501,-0.3306451083064511,-0.08911219589112196,-0.5984171409841714,-0.19807455198074553,-0.7783150577831506,-0.27549944775499446,-0.9130281641302816,-0.4433191494331915,-0.4840027798400278,-0.6666046166660462,-0.6110052611100526,-0.7889170303891703,-0.6710017717100177,-0.8783984237839843,-0.7132895771328958,-0.5100393251003933,-0.30095491300954913,-0.7593096900930969,-0.4071202740712027,-0.9030853815308538,-0.45995694459956943,-1.0,-0.48963071489630716,-0.525967195259672,-0.1210829112108291,-0.767631507676315,-0.19075411190754113,-0.9041572040415721,-0.23481618234816182,-0.9986721299867213,-0.26362599763626,-0.5079821850798218,0.045942915459429155,-0.7032139345321393,0.0519701605197016,-0.8261837132618371,0.05441347054413471,-0.9239442192394421,0.0476040304760403,0.0,0.0,0.0,0.0,0.0,0.0,0.0,0.0,0.0,0.0,0.0,0.0,0.0,0.0,0.0,0.0,0.0,0.0,0.0,0.0,0.0,0.0,0.0,0.0,0.0,0.0,0.0,0.0,0.0,0.0,0.0,0.0,0.0,0.0,0.0,0.0,0.0,0.0,0.0,0.0,0.0,0.0,please
0.0,0.0,-0.00039574323382339597,-0.33781940683510897,-0.08780336319049449,-0.5962600235896899,-0.19727007244350978,-0.7706695621449652,-0.2800202408095734,-0.8984813491709308,-0.4409051713645655,-0.4775750418425628,-0.6685537926807049,-0.6005350094454652,-0.7895748766114642,-0.6606857680701229,-0.8781265743978839,-0.7045277009199093,-0.5057908336572797,-0.29057806542413867,-0.757830589439815,-0.3931496956870995,-0.9025033249070391,-0.44643266795851816,-0.9988690152595345,-0.47581245385147053,-0.5184051953378275,-0.11037584911450146,-0.7620260947113509,-0.17827181548407178,-0.9021520244128948,-0.22240769740874855,-1.0,-0.2519493950255112,-0.4975148947721323,0.05168118954588741,-0.6913167738332952,0.0579308345571991,-0.8153370972584177,0.05822884064567002,-0.9136851919741944,0.04685223692664255,0.0,0.0,0.0,0.0,0.0,0.0,0.0,0.0,0.0,0.0,0.0,0.0,0.0,0.0,0.0,0.0,0.0,0.0,0.0,0.0,0.0,0.0,0.0,0.0,0.0,0.0,0.0,0.0,0.0,0.0,0.0,0.0,0.0,0.0,0.0,0.0,0.0,0.0,0.0,0.0,0.0,0.0,please
0.0,0.0,0.004910175220670827,-0.3383278860746894,-0.08365304212028904,-0.598681622986077,-0.19576653498057142,-0.7667530697449176,-0.27377908275048846,-0.9000249404541996,-0.44155713433062843,-0.48609877240027455,-0.6648193084597349,-0.6034821944169917,-0.7855846038736365,-0.663436585819581,-0.8746531543336928,-0.7065947556450611,-0.5071874362741571,-0.30066519061925767,-0.7552098148329717,-0.3997857879673679,-0.9002739721941896,-0.44874363859977057,-1.0,-0.47483418698779334,-0.5215902689729193,-0.11920195020185365,-0.7627344505215313,-0.18834255583362444,-0.899479903921467,-0.2289034140834905,-0.9957364498586894,-0.2539654017370337,-0.5027812893655618,0.04858653983445354,-0.6955894540277342,0.05401267303139105,-0.817829926979271,0.057371619105208084,-0.9157482378581183,0.050939293294149354,0.0,0.0,0.0,0.0,0.0,0.0,0.0,0.0,0.0,0.0,0.0,0.0,0.0,0.0,0.0,0.0,0.0,0.0,0.0,0.0,0.0,0.0,0.0,0.0,0.0,0.0,0.0,0.0,0.0,0.0,0.0,0.0,0.0,0.0,0.0,0.0,0.0,0.0,0.0,0.0,0.0,0.0,please
0.0,0.0,0.0020027405133985028,-0.3297515065517155,-0.08841134529082452,-0.59226638659524,-0.19947782615912588,-0.7628998783367924,-0.2777653087873659,-0.8993391518347089,-0.4400255091813194,-0.4754352354184941,-0.6646460657296064,-0.5957690280020218,-0.7858517717228027,-0.6569805717308961,-0.8756511716875065,-0.7015676830746507,-0.5046550134271668,-0.2928066581661042,-0.7536623548106801,-0.39403554274267916,-0.8993192930419661,-0.44352327956346627,-1.0,-0.46979309011433046,-0.5188341914455066,-0.11445783809688317,-0.7582336240835448,-0.18639462868366555,-0.8981757263353446,-0.22727226742075124,-0.9985836559138174,-0.25327754386451357,-0.49975288917332344,0.051580403942832156,-0.6912246243034903,0.055465982824767134,-0.8132023877013372,0.05858418797958516,-0.9117690699677725,0.05166471013843827,0.0,0.0,0.0,0.0,0.0,0.0,0.0,0.0,0.0,0.0,0.0,0.0,0.0,0.0,0.0,0.0,0.0,0.0,0.0,0.0,0.0,0.0,0.0,0.0,0.0,0.0,0.0,0.0,0.0,0.0,0.0,0.0,0.0,0.0,0.0,0.0,0.0,0.0,0.0,0.0,0.0,0.0,please
0.0,0.0,0.001588876956818236,-0.32750160969893305,-0.08883879889796158,-0.5878396266892888,-0.2006850335968711,-0.7590392344447118,-0.2804141707775152,-0.8946161153051324,-0.4375026969641182,-0.4724911544287778,-0.6611086750759814,-0.5913132222564126,-0.7844233904847903,-0.6526534452456456,-0.877468982321671,-0.6980136965263856,-0.5023730457727337,-0.28952986238840694,-0.7488195070072075,-0.3894889156423542,-0.8960589557769489,-0.4400635173914379,-0.9996613837889703,-0.46881216561178074,-0.5164562390837727,-0.10917423810881433,-0.7569127547889132,-0.18160531972285857,-0.8978292948435177,-0.2242596562621481,-1.0,-0.25318354826449296,-0.49730944264374655,0.05851559471803935,-0.690831527976916,0.05666253304899873,-0.8148206492951714,0.05616242875068331,-0.9153399173490026,0.0470286474590688,0.0,0.0,0.0,0.0,0.0,0.0,0.0,0.0,0.0,0.0,0.0,0.0,0.0,0.0,0.0,0.0,0.0,0.0,0.0,0.0,0.0,0.0,0.0,0.0,0.0,0.0,0.0,0.0,0.0,0.0,0.0,0.0,0.0,0.0,0.0,0.0,0.0,0.0,0.0,0.0,0.0,0.0,please
0.0,0.0,0.004831474164053409,-0.32894308623862356,-0.08560849693091713,-0.5907586211062592,-0.19876625058425462,-0.7599557363420338,-0.28021983830399666,-0.8928346787864418,-0.4367838397628398,-0.47359282418296855,-0.6590960231421459,-0.5909024666682272,-0.7832304013253424,-0.653763354795645,-0.878746497303934,-0.7007846190206873,-0.5020304499534484,-0.29040002657933744,-0.7470166203919395,-0.38752485205804865,-0.8948111394607264,-0.4380312563947092,-1.0,-0.4678238998079794,-0.5164316182361438,-0.10920030173588746,-0.7546092875151869,-0.18061830183707017,-0.8963841907309091,-0.22318224137813863,-0.9998567207591421,-0.25259091907875414,-0.49755236016210375,0.06013990396704162,-0.6899429676887379,0.05615489108889958,-0.813899143495953,0.05469906828850964,-0.9141917804909173,0.04497911030198507,0.0,0.0,0.0,0.0,0.0,0.0,0.0,0.0,0.0,0.0,0.0,0.0,0.0,0.0,0.0,0.0,0.0,0.0,0.0,0.0,0.0,0.0,0.0,0.0,0.0,0.0,0.0,0.0,0.0,0.0,0.0,0.0,0.0,0.0,0.0,0.0,0.0,0.0,0.0,0.0,0.0,0.0,please
0.0,0.0,0.0069153311953627635,-0.32953068048592454,-0.08355115999349182,-0.5929602833191157,-0.1992041913955048,-0.7629418687930807,-0.28024407230172454,-0.8974188491149319,-0.43406580874134965,-0.4756258429853733,-0.6601303462569549,-0.5985716957634425,-0.7868539519762542,-0.6624633344129629,-0.8824625589044346,-0.7087075922284922,-0.49870292397127275,-0.2920876841642679,-0.7476514256431779,-0.391104917180251,-0.8963044357567215,-0.44320844604817583,-1.0,-0.47446372064662207,-0.5131003918598975,-0.11114785906425012,-0.7531658995214656,-0.18464439892766937,-0.8963599378376693,-0.22768626270275366,-0.9993033728538562,-0.25724568262237446,-0.4946710399265244,0.0586683606205893,-0.6864225563498182,0.055642736906450864,-0.8105740587835465,0.05480070191124837,-0.9106973418304738,0.045731053642381086,0.0,0.0,0.0,0.0,0.0,0.0,0.0,0.0,0.0,0.0,0.0,0.0,0.0,0.0,0.0,0.0,0.0,0.0,0.0,0.0,0.0,0.0,0.0,0.0,0.0,0.0,0.0,0.0,0.0,0.0,0.0,0.0,0.0,0.0,0.0,0.0,0.0,0.0,0.0,0.0,0.0,0.0,please
0.0,0.0,0.008906374248637022,-0.33173199773155937,-0.08278300710646633,-0.6025756156547146,-0.20290714508548982,-0.7747150049153413,-0.28073692621653246,-0.9127771427157657,-0.43135318979170784,-0.4833050422549259,-0.6604668549817748,-0.6124314258664859,-0.7881029797831219,-0.676209090849347,-0.8818955396225219,-0.7207962427695387,-0.49688089410889674,-0.30265281531344335,-0.742183099653278,-0.41593142721950954,-0.8928718466336194,-0.46882459750448335,-1.0,-0.49741823775252736,-0.511564678971965,-0.12647368427156497,-0.748847707146941,-0.20783601663677773,-0.892434626733658,-0.2495265383974557,-0.9961664976675807,-0.27509868374002,-0.49324512650577024,0.039487412821792495,-0.6842963059750681,0.03628345302437491,-0.8103225260254082,0.03586981439222761,-0.9111585399561388,0.031866024379938296,0.0,0.0,0.0,0.0,0.0,0.0,0.0,0.0,0.0,0.0,0.0,0.0,0.0,0.0,0.0,0.0,0.0,0.0,0.0,0.0,0.0,0.0,0.0,0.0,0.0,0.0,0.0,0.0,0.0,0.0,0.0,0.0,0.0,0.0,0.0,0.0,0.0,0.0,0.0,0.0,0.0,0.0,please
0.0,0.0,0.002854243320662217,-0.32897970576092217,-0.08610965241758048,-0.5960215959335259,-0.20053372375779155,-0.7698273227309917,-0.28254299027377777,-0.9089551351894367,-0.4363140426409938,-0.48392489619833606,-0.6584144722872639,-0.6073921146931205,-0.7851335073958504,-0.6744809626461116,-0.8846135457905138,-0.7239585137881863,-0.501053453090513,-0.30239726630616665,-0.7425418714940142,-0.4042588732494145,-0.8905539179260843,-0.45466628909462653,-1.0,-0.484538095902653,-0.5161771101918707,-0.12378736758283373,-0.7466428380771466,-0.2030322028560628,-0.8899813659294399,-0.2426683632890809,-0.9988411532103075,-0.26969908889131056,-0.4983912217984752,0.044907974557631965,-0.682915168427648,0.04028149118244762,-0.8055688520874437,0.04072551899864178,-0.9070114005206391,0.035256660272072526,0.0,0.0,0.0,0.0,0.0,0.0,0.0,0.0,0.0,0.0,0.0,0.0,0.0,0.0,0.0,0.0,0.0,0.0,0.0,0.0,0.0,0.0,0.0,0.0,0.0,0.0,0.0,0.0,0.0,0.0,0.0,0.0,0.0,0.0,0.0,0.0,0.0,0.0,0.0,0.0,0.0,0.0,please
0.0,0.0,0.005680421359838804,-0.32972490350160905,-0.08191869551091778,-0.6038412011569531,-0.1992190803978034,-0.7814357885517297,-0.2811500284179165,-0.9228838928514118,-0.42819041505967764,-0.4823765441125903,-0.6589850021382605,-0.6115330102359833,-0.7865689970412166,-0.6819548996993787,-0.8815330576650512,-0.7338071233717008,-0.4947326067727128,-0.301178533287696,-0.7429577715294372,-0.41045115319826064,-0.8924458933146358,-0.46568388368179203,-1.0,-0.5001916924825718,-0.5117003557970573,-0.1258075786907522,-0.7487417463540881,-0.20850371567222403,-0.8925028081960591,-0.2510329655736111,-0.9986368095414637,-0.2808958876626718,-0.4952839696865018,0.036721165300577764,-0.6848577562730871,0.03367740487112336,-0.8087831914545468,0.0370025777698378,-0.9098339824528259,0.034557214079793085,0.0,0.0,0.0,0.0,0.0,0.0,0.0,0.0,0.0,0.0,0.0,0.0,0.0,0.0,0.0,0.0,0.0,0.0,0.0,0.0,0.0,0.0,0.0,0.0,0.0,0.0,0.0,0.0,0.0,0.0,0.0,0.0,0.0,0.0,0.0,0.0,0.0,0.0,0.0,0.0,0.0,0.0,please
0.0,0.0,0.006820750672331137,-0.32312182775437026,-0.08125721349068918,-0.5944266313923161,-0.19826192159835443,-0.7711031639533469,-0.2805229586865342,-0.9143623930454592,-0.435147189015529,-0.4820862826948607,-0.6565310576816765,-0.6077519521664534,-0.7828147706835784,-0.6759407664535199,-0.8828628539929828,-0.7268561788046863,-0.4990379361005033,-0.300406938314165,-0.7391933855820069,-0.4001883561235228,-0.8873971617722974,-0.45109342797804314,-1.0,-0.4837109338025267,-0.5122049677336733,-0.12314059973289702,-0.739536212816966,-0.1957881566314798,-0.8836045857716357,-0.23632688059828522,-0.9940828496499742,-0.26664680761028736,-0.4914993163340871,0.04556420533680986,-0.6769002452288551,0.047396859511626296,-0.8012592338646493,0.04786695439761437,-0.9052583811713873,0.040255155731856604,0.0,0.0,0.0,0.0,0.0,0.0,0.0,0.0,0.0,0.0,0.0,0.0,0.0,0.0,0.0,0.0,0.0,0.0,0.0,0.0,0.0,0.0,0.0,0.0,0.0,0.0,0.0,0.0,0.0,0.0,0.0,0.0,0.0,0.0,0.0,0.0,0.0,0.0,0.0,0.0,0.0,0.0,please
0.0,0.0,0.008546700311552994,-0.3423822786608739,-0.07467101929652278,-0.6336019226198869,-0.1879019057060828,-0.8292964398425754,-0.2700633239844595,-0.9832755294760003,-0.44185456075860396,-0.5137656367037484,-0.6586302054576411,-0.6498752381546571,-0.7825057891010908,-0.7295024708940118,-0.8807446978469701,-0.7917088459916989,-0.5084985554745729,-0.3244861034526159,-0.7467527479522216,-0.43551098261268145,-0.8923286701963263,-0.5040212659531614,-1.0,-0.5525202469776042,-0.5253993767497582,-0.140603840840021,-0.7544526761496969,-0.21831573852917704,-0.8934257233356041,-0.2703013434032377,-0.9985625069647728,-0.3143598197255348,-0.5097633041134444,0.028912867942859473,-0.6991483232433536,0.02188155793086113,-0.8204799841897404,0.01335974146763495,-0.9215109328449848,-0.007615900129936965,0.0,0.0,0.0,0.0,0.0,0.0,0.0,0.0,0.0,0.0,0.0,0.0,0.0,0.0,0.0,0.0,0.0,0.0,0.0,0.0,0.0,0.0,0.0,0.0,0.0,0.0,0.0,0.0,0.0,0.0,0.0,0.0,0.0,0.0,0.0,0.0,0.0,0.0,0.0,0.0,0.0,0.0,please
0.0,0.0,0.021170879035937423,-0.3344293160288726,-0.0485013190755034,-0.6262108283593064,-0.15209587837608546,-0.830354573025503,-0.2267857793731532,-1.0,-0.40079848372302307,-0.5127706492817669,-0.6083797429216737,-0.6637516920489723,-0.7250508400229754,-0.749253110416486,-0.8129014885003513,-0.8131987361006896,-0.4752758181221744,-0.332775601313671,-0.7022593959777937,-0.45493776653306234,-0.831974038281469,-0.5350032615540079,-0.9237415366129862,-0.5908399349951547,-0.5037531437232996,-0.15538099852570217,-0.7210672194340858,-0.24020968210217525,-0.8439649624889868,-0.307254098309145,-0.937128833268605,-0.36763935130895775,-0.49964320861502726,0.006390509192052115,-0.6686875418691783,-0.007115403710001973,-0.7728699978507679,-0.026027389512501366,-0.858493017509329,-0.060531677293425484,0.0,0.0,0.0,0.0,0.0,0.0,0.0,0.0,0.0,0.0,0.0,0.0,0.0,0.0,0.0,0.0,0.0,0.0,0.0,0.0,0.0,0.0,0.0,0.0,0.0,0.0,0.0,0.0,0.0,0.0,0.0,0.0,0.0,0.0,0.0,0.0,0.0,0.0,0.0,0.0,0.0,0.0,please
0.0,0.0,0.026301766754209255,-0.3442696586473006,-0.043896717707641565,-0.6314107247860701,-0.1443178414121354,-0.8356070632129345,-0.2126295902404542,-1.0,-0.4144275681492905,-0.5334199777788696,-0.6144391383526884,-0.6813971733834603,-0.7234987661091308,-0.7674243300772985,-0.8040874517181752,-0.8359697019166914,-0.48590226189551633,-0.3540406161688045,-0.7043193312739428,-0.4762482743754864,-0.8344698548652705,-0.553969609989048,-0.9249008211674494,-0.61079452428237,-0.5065869326439817,-0.1748828318786048,-0.7205016079412804,-0.25839846195542776,-0.8436768838430827,-0.31984765370539725,-0.9332316846057651,-0.3746282874038524,-0.4947821552594499,-0.00776439895963267,-0.6707698623145796,-0.019983484723369117,-0.7837061421930449,-0.03555729548873015,-0.875920663273797,-0.06543219464569026,0.0,0.0,0.0,0.0,0.0,0.0,0.0,0.0,0.0,0.0,0.0,0.0,0.0,0.0,0.0,0.0,0.0,0.0,0.0,0.0,0.0,0.0,0.0,0.0,0.0,0.0,0.0,0.0,0.0,0.0,0.0,0.0,0.0,0.0,0.0,0.0,0.0,0.0,0.0,0.0,0.0,0.0,please
