0,1,2,3,4,5,6,7,8,9,10,11,12,13,14,15,16,17,18,19,20,21,22,23,24,25,26,27,28,29,30,31,32,33,34,35,36,37,38,39,40,41,42,43,44,45,46,47,48,49,50,51,52,53,54,55,56,57,58,59,60,61,62,63,64,65,66,67,68,69,70,71,72,73,74,75,76,77,78,79,80,81,82,83,84
0.0,0.0,0.01093413841244425,-0.4675238519177309,-0.20189891559756248,-0.8459452985152014,-0.46304577294975846,-1.0,-0.5963735666094435,-0.8680205206417749,-0.6131879855799427,-0.7121929726447292,-0.6429815429243952,-0.8212948073936983,-0.5104957947537329,-0.7488091588465947,-0.44284551148320006,-0.6658372250672798,-0.696383619532195,-0.45216325765414594,-0.6819015239234656,-0.5531973954779056,-0.5635806608936323,-0.5125179265801542,-0.48972586766459286,-0.4255048989885039,-0.7071354921154746,-0.19521734464272048,-0.6975845362500697,-0.2937187799012187,-0.5965540211011754,-0.27095072120664054,-0.5137278999851923,-0.19983761359915916,-0.6918034264164545,0.03831114520450679,-0.7034374203294551,-0.04668993933378104,-0.6062270158261079,-0.02963212189576387,-0.5265809239903945,0.014972515218630692,0.0,0.0,0.0,0.0,0.0,0.0,0.0,0.0,0.0,0.0,0.0,0.0,0.0,0.0,0.0,0.0,0.0,0.0,0.0,0.0,0.0,0.0,0.0,0.0,0.0,0.0,0.0,0.0,0.0,0.0,0.0,0.0,0.0,0.0,0.0,0.0,0.0,0.0,0.0,0.0,0.0,0.0,sorry
0.0,0.0,-0.0010881522543569335,-0.47763268561586614,-0.21463084405550956,-0.8432728814692463,-0.46332891838834717,-1.0,-0.5775972943696127,-0.8732544565152853,-0.6074189776558279,-0.717270694411783,-0.6486759606479263,-0.8671098442364397,-0.5105007276945152,-0.8007061418539122,-0.44380295537944603,-0.7026307804728215,-0.6878232606979041,-0.45435207136969735,-0.6814238501468246,-0.6060201585172517,-0.5634305104334049,-0.5702838826768498,-0.5003179134405855,-0.47006167053227593,-0.698091163549167,-0.19913490142579504,-0.6947161383615396,-0.35101851518527577,-0.5990522439312428,-0.33528039731699755,-0.5262411831616212,-0.25252238601517474,-0.6808887737751332,0.02937566942986432,-0.6930950135744364,-0.0978705877237725,-0.6008722983785947,-0.08172713021874782,-0.5294320055616152,-0.013962477798655133,0.0,0.0,0.0,0.0,0.0,0.0,0.0,0.0,0.0,0.0,0.0,0.0,0.0,0.0,0.0,0.0,0.0,0.0,0.0,0.0,0.0,0.0,0.0,0.0,0.0,0.0,0.0,0.0,0.0,0.0,0.0,0.0,0.0,0.0,0.0,0.0,0.0,0.0,0.0,0.0,0.0,0.0,sorry
0.0,0.0,-0.006069002394059815,-0.503487549673703,-0.21877672050263103,-0.8592608796043117,-0.46146730346227227,-1.0,-0.5757465942372428,-0.8972411194963967,-0.6183793308785106,-0.7230935627741928,-0.6630483551472286,-0.8676588039422996,-0.5203818343116167,-0.8093054796018813,-0.4472050263103528,-0.715240074373838,-0.6979741635981382,-0.461587371030661,-0.7015472674906121,-0.6226363824176359,-0.5811401557961768,-0.5955400002430518,-0.5127881682404268,-0.4994942092918687,-0.7067614568522367,-0.21073754055926208,-0.7127018848663823,-0.373663883724039,-0.612196094158251,-0.3618194854594286,-0.5353744819959411,-0.28168143206095736,-0.6874850219354212,0.012721815110527787,-0.7069085031657492,-0.13162273506143132,-0.6107895536354466,-0.12260211211977591,-0.5351107708386501,-0.05579982257221675,0.0,0.0,0.0,0.0,0.0,0.0,0.0,0.0,0.0,0.0,0.0,0.0,0.0,0.0,0.0,0.0,0.0,0.0,0.0,0.0,0.0,0.0,0.0,0.0,0.0,0.0,0.0,0.0,0.0,0.0,0.0,0.0,0.0,0.0,0.0,0.0,0.0,0.0,0.0,0.0,0.0,0.0,sorry
0.0,0.0,-0.029913597453334675,-0.5065101866106682,-0.24499528929690795,-0.845929886715311,-0.4740420262553986,-1.0,-0.596911641790138,-0.8781408695132712,-0.646534253974988,-0.7266455693318801,-0.6723317448737881,-0.8733557469312085,-0.5329845404900245,-0.8191722831443905,-0.4543851557923929,-0.7255702836395079,-0.7204368575940027,-0.4744105799202041,-0.7121049122432211,-0.6219530407955494,-0.5917161995029588,-0.5966023199643191,-0.5132818539464352,-0.5056637281936972,-0.7282729261389093,-0.22238315507249826,-0.7208155363594897,-0.3703994706597364,-0.6191020655711645,-0.35941120514517116,-0.5344600207868317,-0.28535115621055956,-0.7052233875650601,0.000924421692218202,-0.7040157161812778,-0.13828963761758406,-0.6076174169956903,-0.13076567530118377,-0.5288175553045655,-0.06672137596068221,0.0,0.0,0.0,0.0,0.0,0.0,0.0,0.0,0.0,0.0,0.0,0.0,0.0,0.0,0.0,0.0,0.0,0.0,0.0,0.0,0.0,0.0,0.0,0.0,0.0,0.0,0.0,0.0,0.0,0.0,0.0,0.0,0.0,0.0,0.0,0.0,0.0,0.0,0.0,0.0,0.0,0.0,sorry
0.0,0.0,-0.01834938596469012,-0.48406547346187256,-0.2277912710492925,-0.8274648154854919,-0.4549977586254929,-1.0,-0.5777019959629932,-0.8867672794778737,-0.6256400580478008,-0.7190142004371314,-0.6596387967997731,-0.8636560490519113,-0.5244076819628869,-0.8063270076763911,-0.453492618659886,-0.7123346511433543,-0.7039774900151198,-0.47012032508794543,-0.7006227728715173,-0.6111567265295165,-0.5855779580445084,-0.5813745577400866,-0.5147277299814865,-0.4855192011082774,-0.7141938523022842,-0.2191512155341183,-0.7142746430896018,-0.36529947042778593,-0.6161581574635239,-0.3543772651178811,-0.5383004049669872,-0.2785023059564844,-0.6945756204301919,0.004478190286364085,-0.6999574518737638,-0.13598533102695473,-0.6053261136592148,-0.13211294501414472,-0.5288532013666053,-0.07138106659035019,0.0,0.0,0.0,0.0,0.0,0.0,0.0,0.0,0.0,0.0,0.0,0.0,0.0,0.0,0.0,0.0,0.0,0.0,0.0,0.0,0.0,0.0,0.0,0.0,0.0,0.0,0.0,0.0,0.0,0.0,0.0,0.0,0.0,0.0,0.0,0.0,0.0,0.0,0.0,0.0,0.0,0.0,sorry
0.0,0.0,-0.07235467309959603,-0.4964387610103222,-0.29904908927559987,-0.866123717763992,-0.5539440758343703,-1.0,-0.7045621268882458,-0.8467366658853471,-0.7157692889972475,-0.7401473362166169,-0.7940496182737592,-0.7944488511387489,-0.6716537651517056,-0.7454297189412321,-0.5662174176589523,-0.6891291170523872,-0.7961580120424532,-0.45791834255816494,-0.8336484915369062,-0.5218745122841556,-0.7179130467312882,-0.49395217739734076,-0.6134654289473638,-0.4361452459432271,-0.8050916511230836,-0.17329862793659737,-0.8416848795959272,-0.2535608005934132,-0.7385226396598981,-0.24054744587413585,-0.6313423518264465,-0.19319480401056593,-0.7757147174302264,0.07775045432466224,-0.8029686441455686,0.0010603344320517939,-0.7014159030290844,0.006784620591414097,-0.6086345943753174,0.042411623697013234,0.0,0.0,0.0,0.0,0.0,0.0,0.0,0.0,0.0,0.0,0.0,0.0,0.0,0.0,0.0,0.0,0.0,0.0,0.0,0.0,0.0,0.0,0.0,0.0,0.0,0.0,0.0,0.0,0.0,0.0,0.0,0.0,0.0,0.0,0.0,0.0,0.0,0.0,0.0,0.0,0.0,0.0,sorry
0.0,0.0,-0.028964809366300567,-0.49092060939432147,-0.27615814769466934,-0.8596358497347149,-0.5527829047958431,-1.0,-0.6948782612403526,-0.8553017427800418,-0.6989949014089655,-0.738348470727265,-0.8131150137363474,-0.7486083953144131,-0.6947098310825216,-0.7117401606939444,-0.5898935813794826,-0.6796866528998617,-0.779970821683327,-0.45482112290832893,-0.8642720954173596,-0.4779115878730286,-0.7539951146116969,-0.45238330196207427,-0.6496610076570238,-0.4085390739691648,-0.7874862179662896,-0.16866346253418857,-0.8797076685976742,-0.2115878730286362,-0.7768556252017812,-0.20348251433026932,-0.6655622765178512,-0.16681895433197494,-0.7558277443760165,0.08979368067104036,-0.8322286386091872,0.045774626438357,-0.7364098487478908,0.040303844349823044,-0.6414752410713742,0.06234352442389576,0.0,0.0,0.0,0.0,0.0,0.0,0.0,0.0,0.0,0.0,0.0,0.0,0.0,0.0,0.0,0.0,0.0,0.0,0.0,0.0,0.0,0.0,0.0,0.0,0.0,0.0,0.0,0.0,0.0,0.0,0.0,0.0,0.0,0.0,0.0,0.0,0.0,0.0,0.0,0.0,0.0,0.0,sorry
0.0,0.0,-0.015442518134766547,-0.4990982335071818,-0.26660965629707706,-0.880782865069382,-0.5449003271467139,-1.0,-0.6921468008730541,-0.8548671774398036,-0.7128249715362471,-0.7498029910556696,-0.8134303545415222,-0.7745217095155942,-0.6968305797656277,-0.7330093768799749,-0.5910339800032814,-0.6939195706323676,-0.7942048917880209,-0.44990379500131755,-0.8583067547344294,-0.4874865138987635,-0.7417834219148524,-0.46216744641605306,-0.6319888456891708,-0.41284995500489724,-0.7955047157850775,-0.158440559231951,-0.8730557019484619,-0.22097815873079008,-0.7665962944917045,-0.20591660741897153,-0.6524572670819806,-0.1637032461107824,-0.7563496542089065,0.1044607299647497,-0.821995271785336,0.05506058180407989,-0.7261025664609985,0.052733763231294715,-0.6359980087802598,0.07608957754321767,0.0,0.0,0.0,0.0,0.0,0.0,0.0,0.0,0.0,0.0,0.0,0.0,0.0,0.0,0.0,0.0,0.0,0.0,0.0,0.0,0.0,0.0,0.0,0.0,0.0,0.0,0.0,0.0,0.0,0.0,0.0,0.0,0.0,0.0,0.0,0.0,0.0,0.0,0.0,0.0,0.0,0.0,sorry
0.0,0.0,-0.02593896432120316,-0.4974166043855823,-0.28182801086640175,-0.8573963028046906,-0.5641830072138024,-1.0,-0.7072018756275373,-0.8898879070120183,-0.715333527360788,-0.754677563317662,-0.8511382691929992,-0.7263856379927363,-0.7453561430107659,-0.6728800826064326,-0.6322231203374262,-0.6445855644870123,-0.7984024496722384,-0.4635475781030727,-0.8914977082937662,-0.44126963960804727,-0.786897572301695,-0.399218402099645,-0.6733834088376697,-0.37283671811851277,-0.8048332282171232,-0.16497432809351173,-0.901762581697334,-0.18658527020483726,-0.8035533600347953,-0.15446054641847573,-0.6858336839007556,-0.12485212968898782,-0.7701377486895045,0.10935305239972853,-0.8458846193485993,0.08690917505705768,-0.7513646201523656,0.1028192102736889,-0.6539147631773918,0.11789890305346926,0.0,0.0,0.0,0.0,0.0,0.0,0.0,0.0,0.0,0.0,0.0,0.0,0.0,0.0,0.0,0.0,0.0,0.0,0.0,0.0,0.0,0.0,0.0,0.0,0.0,0.0,0.0,0.0,0.0,0.0,0.0,0.0,0.0,0.0,0.0,0.0,0.0,0.0,0.0,0.0,0.0,0.0,sorry
0.0,0.0,-0.03633479514755713,-0.5184758383568482,-0.28837565060151,-0.8591922416884122,-0.554526074177822,-1.0,-0.7060155707096291,-0.9501227372319979,-0.7279545566155334,-0.7453940743042928,-0.8573066157016204,-0.7176794758726655,-0.7412669549932089,-0.672116347765133,-0.6272037370779457,-0.645230536781143,-0.79802914075865,-0.4456501776982178,-0.9086097023294174,-0.4458533382576224,-0.7954802157269145,-0.40872810053622277,-0.6725748044579616,-0.3694690042239906,-0.7935044456508504,-0.13919256459261262,-0.921678240764099,-0.17239451627941707,-0.8180707281287903,-0.15433542615618204,-0.6931670107614551,-0.11989163873208974,-0.7481707140690033,0.14071290520272667,-0.8499901446947177,0.10498893716755163,-0.7565426781808923,0.0988665389849641,-0.6556394882237511,0.11337771920654366,0.0,0.0,0.0,0.0,0.0,0.0,0.0,0.0,0.0,0.0,0.0,0.0,0.0,0.0,0.0,0.0,0.0,0.0,0.0,0.0,0.0,0.0,0.0,0.0,0.0,0.0,0.0,0.0,0.0,0.0,0.0,0.0,0.0,0.0,0.0,0.0,0.0,0.0,0.0,0.0,0.0,0.0,sorry
0.0,0.0,-0.02129359070353321,-0.49106831519109495,-0.2925581231906192,-0.8652232617104613,-0.5792873708936686,-1.0,-0.731493294985498,-0.8815715494381627,-0.7148888894895755,-0.747439498090267,-0.8569024752194233,-0.701666049461139,-0.747763868878515,-0.652298842807213,-0.6300483582783479,-0.6364857668801207,-0.788979907932758,-0.4523810167402358,-0.8980952001232609,-0.42695440157644204,-0.7899185559012507,-0.38963351507107774,-0.6750635901899461,-0.3613267576166316,-0.7912302302762287,-0.15135749174881807,-0.9045988344276342,-0.16423568781474104,-0.7995361497728053,-0.1421548221772308,-0.6816385184904865,-0.11742965884302346,-0.7545655188445912,0.129646949427891,-0.8482738743657875,0.1082682113924427,-0.7470438333058519,0.11443125636915558,-0.647916120417249,0.12782168797152024,0.0,0.0,0.0,0.0,0.0,0.0,0.0,0.0,0.0,0.0,0.0,0.0,0.0,0.0,0.0,0.0,0.0,0.0,0.0,0.0,0.0,0.0,0.0,0.0,0.0,0.0,0.0,0.0,0.0,0.0,0.0,0.0,0.0,0.0,0.0,0.0,0.0,0.0,0.0,0.0,0.0,0.0,sorry
0.0,0.0,-0.0173976622050156,-0.4900835391219655,-0.2810633594187075,-0.8740126548155894,-0.5691216132925685,-1.0,-0.7212696266815855,-0.8773341713886297,-0.705204228566939,-0.7635810337610757,-0.852971077609971,-0.7060810032822328,-0.7468484876398133,-0.6476848948208995,-0.6299556905354388,-0.6309330454324406,-0.7841356267872455,-0.46549049940600123,-0.8921059119473,-0.4203709749301357,-0.782159243149372,-0.3757201473279537,-0.6663633457370935,-0.35453802879099233,-0.7893657962360661,-0.16384206811818205,-0.9030258040657422,-0.1620573625370318,-0.7953088319559154,-0.13042371010150133,-0.674521516031194,-0.11220887625183382,-0.7546531033557884,0.11881059363303743,-0.8503333030802596,0.11314085153823333,-0.7475444212203187,0.12578821674385715,-0.646501638407135,0.13297445060192328,0.0,0.0,0.0,0.0,0.0,0.0,0.0,0.0,0.0,0.0,0.0,0.0,0.0,0.0,0.0,0.0,0.0,0.0,0.0,0.0,0.0,0.0,0.0,0.0,0.0,0.0,0.0,0.0,0.0,0.0,0.0,0.0,0.0,0.0,0.0,0.0,0.0,0.0,0.0,0.0,0.0,0.0,sorry
0.0,0.0,-0.03604867003551392,-0.5140362670079898,-0.3016925844556262,-0.8693845088863548,-0.5884794873281662,-1.0,-0.7652942157622822,-0.934827910319654,-0.7237520196260766,-0.7696455838106344,-0.891745894709564,-0.7035836774840596,-0.7855620627424535,-0.6471723087341624,-0.6578107360709333,-0.6322200961116516,-0.8005418360575467,-0.45899219495503313,-0.9408987792402841,-0.4233630201364863,-0.8320626780259672,-0.3792408568297186,-0.7004571495657939,-0.3541262651968585,-0.8052063937943342,-0.13809625052884317,-0.9518672190258978,-0.14392050494052258,-0.8454439311712865,-0.11796620701158336,-0.7141598248142159,-0.09700075237111438,-0.7651836150608805,0.15875388444696428,-0.8706240241904136,0.1348312032855209,-0.7700514776468466,0.1420241861184308,-0.6662285590339297,0.15110990846270753,0.0,0.0,0.0,0.0,0.0,0.0,0.0,0.0,0.0,0.0,0.0,0.0,0.0,0.0,0.0,0.0,0.0,0.0,0.0,0.0,0.0,0.0,0.0,0.0,0.0,0.0,0.0,0.0,0.0,0.0,0.0,0.0,0.0,0.0,0.0,0.0,0.0,0.0,0.0,0.0,0.0,0.0,sorry
0.0,0.0,-0.016011150186255527,-0.508368027990416,-0.2637507588520768,-0.8715666658284869,-0.531716963442189,-1.0,-0.7008488366662955,-0.9994582963636167,-0.7086701319414759,-0.7942661316684687,-0.8655712853966326,-0.743814412621551,-0.7663457635398968,-0.6835926302441617,-0.6419726921018316,-0.6588416594523333,-0.7926298849418603,-0.4866373782693503,-0.9228133385539962,-0.44572654024520353,-0.8162694293073163,-0.3957260014153265,-0.6873048088770426,-0.3697141687112267,-0.8040627772728742,-0.16802080601765207,-0.9364780642357058,-0.17027095958416702,-0.8297340694946853,-0.13007281387738387,-0.698633168211911,-0.10459765573081496,-0.7696940523958172,0.13128482188080365,-0.8713012023090656,0.11871643538890944,-0.7695302481131974,0.13688003132397686,-0.6614851588290868,0.14989241363455122,0.0,0.0,0.0,0.0,0.0,0.0,0.0,0.0,0.0,0.0,0.0,0.0,0.0,0.0,0.0,0.0,0.0,0.0,0.0,0.0,0.0,0.0,0.0,0.0,0.0,0.0,0.0,0.0,0.0,0.0,0.0,0.0,0.0,0.0,0.0,0.0,0.0,0.0,0.0,0.0,0.0,0.0,sorry
0.0,0.0,-0.015549744163205332,-0.49102050572274863,-0.26827398121818785,-0.8687367225392322,-0.5432264414748214,-1.0,-0.709556669418813,-0.9349602724977385,-0.7015826133920708,-0.7782677271948484,-0.8533371595452824,-0.7106833807261859,-0.7537970100550876,-0.652710629089881,-0.633007987805007,-0.6412898094673363,-0.7764133775462935,-0.4782790789170316,-0.899793553772967,-0.43084298170962576,-0.7940039639367773,-0.38351546619266763,-0.6694022436925672,-0.36183085651916713,-0.7837525127142814,-0.16644515531764728,-0.9067632291630678,-0.16284503771098516,-0.8024409022997461,-0.12669861600649235,-0.6757151408706419,-0.10590874766531738,-0.7518608716007409,0.13115117039076013,-0.8532553707394906,0.12030569271240588,-0.7531282455525574,0.13732904553168718,-0.6502858730285196,0.1466057293058457,0.0,0.0,0.0,0.0,0.0,0.0,0.0,0.0,0.0,0.0,0.0,0.0,0.0,0.0,0.0,0.0,0.0,0.0,0.0,0.0,0.0,0.0,0.0,0.0,0.0,0.0,0.0,0.0,0.0,0.0,0.0,0.0,0.0,0.0,0.0,0.0,0.0,0.0,0.0,0.0,0.0,0.0,sorry
0.0,0.0,-0.005225048479831256,-0.4778339438200973,-0.2554082653859675,-0.8516290357333213,-0.5316022584230163,-1.0,-0.6961576189882174,-0.9612870119413479,-0.6953283587167304,-0.774548939113868,-0.8653589633821345,-0.7158203014254771,-0.769323181864574,-0.654295568206303,-0.6520732215556639,-0.6413194168811875,-0.7702300523922387,-0.47275135800229073,-0.9091389443304113,-0.42897421213186515,-0.8025045786507298,-0.3792235572288815,-0.6793863615744888,-0.3582645354441433,-0.7788632188339892,-0.1629921695149749,-0.9156901004751591,-0.1615377745772899,-0.8102726919631213,-0.12480225331987617,-0.6813702073008925,-0.10240372075617196,-0.7505404367153922,0.1328616708814824,-0.8640342732561436,0.12450598768442181,-0.7636104999943298,0.1412393259318901,-0.6563892731994421,0.1482901645479185,0.0,0.0,0.0,0.0,0.0,0.0,0.0,0.0,0.0,0.0,0.0,0.0,0.0,0.0,0.0,0.0,0.0,0.0,0.0,0.0,0.0,0.0,0.0,0.0,0.0,0.0,0.0,0.0,0.0,0.0,0.0,0.0,0.0,0.0,0.0,0.0,0.0,0.0,0.0,0.0,0.0,0.0,sorry
0.0,0.0,-0.006071827737928498,-0.4867464595447279,-0.266512457026442,-0.8679102471598545,-0.5582424345316412,-1.0,-0.7211132804210347,-0.8850345910615,-0.703196313116308,-0.7686713919895873,-0.8695209597781645,-0.6952676032426467,-0.7697473225528062,-0.633360213912822,-0.6473466038509967,-0.6232962664289857,-0.780886846908026,-0.4680715306367868,-0.9161248107748681,-0.4144546779282147,-0.807588458328028,-0.366743771486779,-0.6824802286264023,-0.34806318350947185,-0.7886001584539423,-0.15923418643804027,-0.922614702262213,-0.14720300496583336,-0.816208989431688,-0.10938485915991115,-0.6880667911661927,-0.09184245150884937,-0.7568389853288626,0.13560191276544573,-0.8705820352842975,0.1363892307909964,-0.7692238586364473,0.1563678678041396,-0.6625348386457847,0.16116746601021462,0.0,0.0,0.0,0.0,0.0,0.0,0.0,0.0,0.0,0.0,0.0,0.0,0.0,0.0,0.0,0.0,0.0,0.0,0.0,0.0,0.0,0.0,0.0,0.0,0.0,0.0,0.0,0.0,0.0,0.0,0.0,0.0,0.0,0.0,0.0,0.0,0.0,0.0,0.0,0.0,0.0,0.0,sorry
0.0,0.0,-0.008833126126971076,-0.48528035620219295,-0.271808322714448,-0.8654968615816838,-0.5619189730274436,-1.0,-0.7241784790747431,-0.8879294478203137,-0.7015547881594081,-0.7683035616693381,-0.8653526515950188,-0.6884831577544425,-0.7672782251382335,-0.6222805487172363,-0.6468413781820516,-0.6127901917463935,-0.7779116842527631,-0.4693961021697785,-0.9138586854960012,-0.4114399067465592,-0.8064508053545979,-0.35892561091793007,-0.6806841829499369,-0.341100692419491,-0.7855720905370747,-0.16235999466881418,-0.9194067151785771,-0.1512977841024885,-0.8175101951876881,-0.11082096735635945,-0.6901470377717336,-0.09480343367856757,-0.7545993818363115,0.1309405523418785,-0.8639130198699501,0.13314283981549585,-0.7668205611707736,0.15391612972834223,-0.6609944071911773,0.15755417041882952,0.0,0.0,0.0,0.0,0.0,0.0,0.0,0.0,0.0,0.0,0.0,0.0,0.0,0.0,0.0,0.0,0.0,0.0,0.0,0.0,0.0,0.0,0.0,0.0,0.0,0.0,0.0,0.0,0.0,0.0,0.0,0.0,0.0,0.0,0.0,0.0,0.0,0.0,0.0,0.0,0.0,0.0,sorry
0.0,0.0,-0.018515809969559295,-0.49094549011362704,-0.28389420220250344,-0.8604227945959135,-0.5750564830122022,-1.0,-0.7300407352741597,-0.9347152714735649,-0.6934116864459756,-0.7324122131285296,-0.8604192786910145,-0.7033195064513339,-0.7429402387580699,-0.6741487466853806,-0.6204246650573197,-0.6679705985968727,-0.771281596558351,-0.4258182741266668,-0.8934652688366362,-0.42501383508577756,-0.7838790838114378,-0.4025021991985143,-0.6717864101837482,-0.37994204382364505,-0.7785837794430666,-0.12230286145436109,-0.8993459713706896,-0.15759692119239804,-0.7936652535072909,-0.14231046987256252,-0.6771372658495235,-0.11943388305678397,-0.748228862907133,0.1527780219378402,-0.8419424952658341,0.11010618735975934,-0.7433097603629539,0.11943950850462236,-0.6499997538866571,0.1349376172993772,0.0,0.0,0.0,0.0,0.0,0.0,0.0,0.0,0.0,0.0,0.0,0.0,0.0,0.0,0.0,0.0,0.0,0.0,0.0,0.0,0.0,0.0,0.0,0.0,0.0,0.0,0.0,0.0,0.0,0.0,0.0,0.0,0.0,0.0,0.0,0.0,0.0,0.0,0.0,0.0,0.0,0.0,sorry
0.0,0.0,0.003846875843538002,-0.5022231722372718,-0.24429853948888278,-0.8729578672892919,-0.5347774018824,-1.0,-0.7028437421640886,-0.9175090057316052,-0.6455400218960199,-0.7369237051135017,-0.8186076433278113,-0.7174050064879633,-0.7107296663665899,-0.6886017377054122,-0.5887186169607831,-0.677689353300092,-0.7219328786963236,-0.42573440045600724,-0.8583890667883417,-0.44547575885877616,-0.7469550419079957,-0.43037120467845874,-0.6297935224502715,-0.39909538470813755,-0.7323468477541507,-0.1297990033063264,-0.8638223079062719,-0.1803763429810102,-0.7591352168295166,-0.1785642349478565,-0.64136155426116,-0.15218213432756061,-0.7045476032901579,0.1344810245912309,-0.8043087749875653,0.07663538468073329,-0.7119758760120743,0.07570706468643337,-0.6218171641228644,0.09448173710251805,0.0,0.0,0.0,0.0,0.0,0.0,0.0,0.0,0.0,0.0,0.0,0.0,0.0,0.0,0.0,0.0,0.0,0.0,0.0,0.0,0.0,0.0,0.0,0.0,0.0,0.0,0.0,0.0,0.0,0.0,0.0,0.0,0.0,0.0,0.0,0.0,0.0,0.0,0.0,0.0,0.0,0.0,sorry
0.0,0.0,-0.01446902008400131,-0.5018191773204972,-0.27089748918068224,-0.8711150103051253,-0.5606938547977345,-1.0,-0.7319578745200279,-0.9224236122833123,-0.6758594814954559,-0.7313681490065802,-0.850920368970296,-0.697788192439882,-0.7504524893296207,-0.6613138644716442,-0.6311527555749097,-0.6550336246381149,-0.7502712808284951,-0.41386035810487826,-0.8822960358246724,-0.4179852451598536,-0.7776720629683583,-0.39632887889030893,-0.6651508037714063,-0.3716894873537034,-0.7551419242002357,-0.11072158572686949,-0.8810492078599808,-0.1487462924953439,-0.7836512342745773,-0.13798371322105735,-0.6677338227972351,-0.11456916349049417,-0.7234222803476367,0.16235856162294732,-0.8249284740612974,0.12342249311691388,-0.739035999143249,0.12495868729866708,-0.650843842953578,0.13705532994131822,0.0,0.0,0.0,0.0,0.0,0.0,0.0,0.0,0.0,0.0,0.0,0.0,0.0,0.0,0.0,0.0,0.0,0.0,0.0,0.0,0.0,0.0,0.0,0.0,0.0,0.0,0.0,0.0,0.0,0.0,0.0,0.0,0.0,0.0,0.0,0.0,0.0,0.0,0.0,0.0,0.0,0.0,sorry
0.0,0.0,-0.017051459868448866,-0.5123061543727864,-0.2763521631746837,-0.8745552341558348,-0.5586177175346505,-1.0,-0.7109069745557797,-0.9067986269367515,-0.6737740555416903,-0.6840372532734357,-0.8104271252272415,-0.721136418497895,-0.6867938127598872,-0.71160012055899,-0.5696964613754363,-0.6847334678029761,-0.7432270804949465,-0.37804858090885657,-0.8482838755078411,-0.45893357117821865,-0.7330763953953012,-0.4605435246593595,-0.6268668573244359,-0.40637926167165134,-0.740427902587245,-0.09256857474452813,-0.8515566293124728,-0.1890607718230183,-0.7485427909406193,-0.2025445584117853,-0.642383713080514,-0.16318423022948486,-0.701977562935475,0.15659917272530144,-0.7977820691686749,0.0638267114535132,-0.7127116089851906,0.04917279349090557,-0.6309820920803381,0.07701387383038005,0.0,0.0,0.0,0.0,0.0,0.0,0.0,0.0,0.0,0.0,0.0,0.0,0.0,0.0,0.0,0.0,0.0,0.0,0.0,0.0,0.0,0.0,0.0,0.0,0.0,0.0,0.0,0.0,0.0,0.0,0.0,0.0,0.0,0.0,0.0,0.0,0.0,0.0,0.0,0.0,0.0,0.0,sorry
0.0,0.0,-0.03737080148170757,-0.5065525326378002,-0.3067294218843214,-0.8675973584539186,-0.6050226140762219,-1.0,-0.7618300753340085,-0.88301169550077,-0.7010793712454391,-0.6727770918020505,-0.8555779075736345,-0.711166914080384,-0.7244374228277307,-0.7089818116233577,-0.6045238557693642,-0.6874360077137586,-0.7680735720528864,-0.35740784417097904,-0.8839637758570458,-0.44851690506250086,-0.7648306025333315,-0.4574501588534802,-0.6572895711649718,-0.40309174655586233,-0.7648718766908531,-0.0655197769114444,-0.8760311602547205,-0.1718420066871072,-0.7726498009128873,-0.1931880298006354,-0.6634616185019215,-0.15421759458372064,-0.7280851565643253,0.18172630030938275,-0.8254904341070215,0.08294718295203873,-0.7396176417541864,0.06870170229886652,-0.6547465281149849,0.09816728866937666,0.0,0.0,0.0,0.0,0.0,0.0,0.0,0.0,0.0,0.0,0.0,0.0,0.0,0.0,0.0,0.0,0.0,0.0,0.0,0.0,0.0,0.0,0.0,0.0,0.0,0.0,0.0,0.0,0.0,0.0,0.0,0.0,0.0,0.0,0.0,0.0,0.0,0.0,0.0,0.0,0.0,0.0,sorry
0.0,0.0,-0.0453864942845794,-0.5051623598728926,-0.32339639972636597,-0.8624016627681172,-0.6201445129755495,-1.0,-0.77518357202754,-0.8898423018359961,-0.7227838263527231,-0.6659802829022862,-0.8644787437108307,-0.7152909568364375,-0.7305463302144938,-0.7112857489628387,-0.6129219674066555,-0.6825562439315033,-0.7835887848662724,-0.3518604080236561,-0.8951474093035573,-0.44913703217406653,-0.7719910600008827,-0.4557937593785859,-0.6594532008562097,-0.39655626599876426,-0.7745287950172125,-0.0611145897696178,-0.8891199438388208,-0.17515819467737664,-0.781615489010504,-0.19391950414864506,-0.6676853236163828,-0.15006151249006974,-0.7323968769308853,0.1848643415129314,-0.8330153119207344,0.0856513152087563,-0.7425309217494924,0.07222959330037956,-0.6528064728793362,0.10445606960014123,0.0,0.0,0.0,0.0,0.0,0.0,0.0,0.0,0.0,0.0,0.0,0.0,0.0,0.0,0.0,0.0,0.0,0.0,0.0,0.0,0.0,0.0,0.0,0.0,0.0,0.0,0.0,0.0,0.0,0.0,0.0,0.0,0.0,0.0,0.0,0.0,0.0,0.0,0.0,0.0,0.0,0.0,sorry
0.0,0.0,-0.04267847056751444,-0.5023439772235729,-0.306533984126952,-0.8525949754467795,-0.5872555390675243,-1.0,-0.7512266487975097,-0.9369808547638376,-0.723472770792296,-0.6618619688598898,-0.8521715277117019,-0.7501570636818157,-0.7184305373636111,-0.7362801246792088,-0.6099111738241143,-0.6921862252283075,-0.7886746119632927,-0.3611452456098086,-0.879107864790945,-0.4851489625024378,-0.7598727429898312,-0.4924741022064495,-0.6569773052258512,-0.43306387886223136,-0.7789447614960155,-0.08403699887238061,-0.8789179037751293,-0.21808806768145664,-0.7758814292356414,-0.23454685693809835,-0.6679889707891918,-0.18379791117112484,-0.7373901988213645,0.15022441042916343,-0.8293627094716655,0.0370852489703978,-0.7430009656632811,0.022790598178128774,-0.6558591332784032,0.057994457052277404,0.0,0.0,0.0,0.0,0.0,0.0,0.0,0.0,0.0,0.0,0.0,0.0,0.0,0.0,0.0,0.0,0.0,0.0,0.0,0.0,0.0,0.0,0.0,0.0,0.0,0.0,0.0,0.0,0.0,0.0,0.0,0.0,0.0,0.0,0.0,0.0,0.0,0.0,0.0,0.0,0.0,0.0,sorry
0.0,0.0,-0.040975458029416045,-0.5091941055296021,-0.30166325796653776,-0.8542296371225878,-0.5861744195322204,-1.0,-0.7415246710118376,-0.9388196981976457,-0.7108963104926963,-0.6602829790899541,-0.849717550481944,-0.7377734250096026,-0.7185771140476654,-0.7271739429175121,-0.6102853588117747,-0.6863111027094642,-0.7772771424032241,-0.36175860772196267,-0.8761767054058566,-0.47398025568267516,-0.7619400028556662,-0.4839496142504446,-0.6609023771074783,-0.43353369920718393,-0.7721835321909328,-0.08402630162404283,-0.8661818737594443,-0.2089100807027352,-0.7681302961379461,-0.22641075607449132,-0.664385150267702,-0.18092187071608176,-0.7347913989479619,0.15179072391137782,-0.8140116680107068,0.03786707209082359,-0.7303926004728608,0.023298482139684978,-0.6469803341129436,0.055644599606776105,0.0,0.0,0.0,0.0,0.0,0.0,0.0,0.0,0.0,0.0,0.0,0.0,0.0,0.0,0.0,0.0,0.0,0.0,0.0,0.0,0.0,0.0,0.0,0.0,0.0,0.0,0.0,0.0,0.0,0.0,0.0,0.0,0.0,0.0,0.0,0.0,0.0,0.0,0.0,0.0,0.0,0.0,sorry
0.0,0.0,-0.03811829147392589,-0.5056075182700638,-0.3020247173633926,-0.8455680093193783,-0.5865460121026913,-1.0,-0.7377305824677868,-0.9249635795561459,-0.7032692958536879,-0.6578685778838974,-0.8369584225143837,-0.7318324985388603,-0.7069907969810427,-0.717499034218262,-0.6012222375151516,-0.6744487730083786,-0.7680328571913005,-0.36308207050306424,-0.8634444464391744,-0.4686285500374677,-0.748822278207642,-0.47202291545736164,-0.648019931341396,-0.4173786190218775,-0.7619715378636309,-0.08607193129086288,-0.8560400089629865,-0.20854768368636728,-0.7574159071732482,-0.22174614668047019,-0.6536540460104404,-0.17407742078761246,-0.7245314545637094,0.14924768760933613,-0.7996669465937659,0.041646636253684435,-0.7144318045058289,0.027641637460496037,-0.6300613778397474,0.058428299100443296,0.0,0.0,0.0,0.0,0.0,0.0,0.0,0.0,0.0,0.0,0.0,0.0,0.0,0.0,0.0,0.0,0.0,0.0,0.0,0.0,0.0,0.0,0.0,0.0,0.0,0.0,0.0,0.0,0.0,0.0,0.0,0.0,0.0,0.0,0.0,0.0,0.0,0.0,0.0,0.0,0.0,0.0,sorry
0.0,0.0,-0.02659462756207732,-0.5085655618055335,-0.2763431582465355,-0.8567148321706467,-0.5463317990508212,-1.0,-0.7017794989599866,-0.9676955397438557,-0.7021722267339678,-0.6695806980801203,-0.8127735358698953,-0.8047447236958545,-0.6674392263522937,-0.7864419188783071,-0.5682104422673917,-0.7233726993077197,-0.7682727325335298,-0.36627846869979147,-0.8304693682089468,-0.5375103790018082,-0.7011182338173725,-0.5331676160838928,-0.6132531969276204,-0.45007318130953905,-0.7632147369146551,-0.0915250776840245,-0.8262777794755524,-0.2637550627096526,-0.7183387615160592,-0.27283786780028885,-0.624444963168767,-0.20261567100856265,-0.7279384847860252,0.144053067665565,-0.794100760682488,-0.019876316759657755,-0.699190031476741,-0.0331347804008034,-0.618090120620744,0.02261565800433171,0.0,0.0,0.0,0.0,0.0,0.0,0.0,0.0,0.0,0.0,0.0,0.0,0.0,0.0,0.0,0.0,0.0,0.0,0.0,0.0,0.0,0.0,0.0,0.0,0.0,0.0,0.0,0.0,0.0,0.0,0.0,0.0,0.0,0.0,0.0,0.0,0.0,0.0,0.0,0.0,0.0,0.0,sorry
0.0,0.0,-0.02577416942046424,-0.5155134070959172,-0.2871374930894482,-0.8621010328929759,-0.5541421409827618,-1.0,-0.6841780883600042,-0.9519457112052252,-0.6937868823342531,-0.6666499896185375,-0.7796844160489905,-0.7856221748038154,-0.6431287851687676,-0.7655015246991252,-0.5509598475050719,-0.7014566567688386,-0.762195716833729,-0.37903282293227536,-0.8110458135189155,-0.5270255734194537,-0.6886086588901591,-0.5240843675187804,-0.5987724233335251,-0.4448068922904508,-0.7611284899850157,-0.11389527480856833,-0.8132862707035129,-0.2687754377099745,-0.7084988530360149,-0.2756903672536154,-0.6156663773198816,-0.20847102321194944,-0.7300741586637682,0.11270640974006318,-0.7816293767870499,-0.03727820568303769,-0.69062741556619,-0.0444683065208092,-0.6115009718549798,0.009133185407916428,0.0,0.0,0.0,0.0,0.0,0.0,0.0,0.0,0.0,0.0,0.0,0.0,0.0,0.0,0.0,0.0,0.0,0.0,0.0,0.0,0.0,0.0,0.0,0.0,0.0,0.0,0.0,0.0,0.0,0.0,0.0,0.0,0.0,0.0,0.0,0.0,0.0,0.0,0.0,0.0,0.0,0.0,sorry
0.0,0.0,-0.01612704095805426,-0.5072854100435199,-0.27953393623259976,-0.8566887866909473,-0.5555125158183895,-1.0,-0.6930806506373653,-0.926627365042131,-0.6840424087163184,-0.6627920614833791,-0.7704373591777524,-0.7784153831908392,-0.6331679990123152,-0.754444272971388,-0.5446198956757925,-0.6921016080743233,-0.7518077718448101,-0.37614864656316555,-0.7963066761319794,-0.5157202382789592,-0.6754270193524492,-0.5067637890058335,-0.5919877156702368,-0.4302694527608877,-0.7494388715701102,-0.11155282570449705,-0.7994154140559894,-0.26482422296984476,-0.6965110034260317,-0.2652396678909843,-0.6058060433964011,-0.1979604308774962,-0.7192820766073027,0.1135047378005494,-0.7671026883545788,-0.028685453254730084,-0.6746433531899133,-0.02808296552362727,-0.5945664989660174,0.025687212568289146,0.0,0.0,0.0,0.0,0.0,0.0,0.0,0.0,0.0,0.0,0.0,0.0,0.0,0.0,0.0,0.0,0.0,0.0,0.0,0.0,0.0,0.0,0.0,0.0,0.0,0.0,0.0,0.0,0.0,0.0,0.0,0.0,0.0,0.0,0.0,0.0,0.0,0.0,0.0,0.0,0.0,0.0,sorry
0.0,0.0,-0.01101397412448821,-0.510020336175824,-0.24444366205235887,-0.8734703482427173,-0.5110485799282727,-1.0,-0.6411480460359503,-0.8858297358343399,-0.6824032797876227,-0.6548844436981628,-0.7351930793207152,-0.7991755994778436,-0.5973479315659698,-0.767157707976367,-0.5148031591788735,-0.6915714104302494,-0.7467938475093752,-0.37234761559993523,-0.7666843607646017,-0.5398758163208193,-0.6388165176209744,-0.5306387749906565,-0.5532541191438705,-0.4438486227792854,-0.7391191829900738,-0.11584157402843454,-0.76750978441487,-0.2873984921498991,-0.6599567517728704,-0.2912544814515901,-0.5729550527783646,-0.22368288806196063,-0.699218992146589,0.10861046563764053,-0.7364593508191946,-0.06285497279381982,-0.6386483033225785,-0.07162919911336922,-0.5583514035813095,-0.019293788829968746,0.0,0.0,0.0,0.0,0.0,0.0,0.0,0.0,0.0,0.0,0.0,0.0,0.0,0.0,0.0,0.0,0.0,0.0,0.0,0.0,0.0,0.0,0.0,0.0,0.0,0.0,0.0,0.0,0.0,0.0,0.0,0.0,0.0,0.0,0.0,0.0,0.0,0.0,0.0,0.0,0.0,0.0,sorry
0.0,0.0,-0.018136052894359,-0.4974374124779164,-0.24762826232104135,-0.8592898967756422,-0.5071462335222137,-1.0,-0.630626968323653,-0.9002144844986203,-0.6814202064487157,-0.6340823549570735,-0.7149415337709684,-0.7825806680335375,-0.5714168385103077,-0.7489408720006145,-0.4996377989045337,-0.6628297773024586,-0.7350466489012839,-0.3450263821841967,-0.7432605779855002,-0.5100352747233268,-0.6142788771175174,-0.4996962946768847,-0.5333815874216363,-0.40309909420182816,-0.7191742051369924,-0.0830143639618773,-0.7319788706179872,-0.24045839414333237,-0.631953167930136,-0.24537853855107744,-0.5485647855450447,-0.17291409393593826,-0.6805238621390545,0.14487925645373811,-0.708917946384784,0.0028154783358839064,-0.615683071087135,-0.004829741850475352,-0.5349863805297708,0.042311942000555415,0.0,0.0,0.0,0.0,0.0,0.0,0.0,0.0,0.0,0.0,0.0,0.0,0.0,0.0,0.0,0.0,0.0,0.0,0.0,0.0,0.0,0.0,0.0,0.0,0.0,0.0,0.0,0.0,0.0,0.0,0.0,0.0,0.0,0.0,0.0,0.0,0.0,0.0,0.0,0.0,0.0,0.0,sorry
0.0,0.0,-0.010721745706771152,-0.5076608010157942,-0.2451645838897835,-0.8733437526465312,-0.513915646203712,-1.0,-0.6431119712933905,-0.8722641159682588,-0.6734803802832166,-0.6299250650417434,-0.7149347568981559,-0.7960605994204429,-0.5653837566500112,-0.7598486495065829,-0.4928597698235922,-0.6658071424214302,-0.7343587414148748,-0.3409046087990093,-0.7434317166815415,-0.5322342320040319,-0.6112490679768391,-0.5244783779510118,-0.5327177884208226,-0.42400939041095487,-0.7238469415130667,-0.08454567905475233,-0.7400195791489762,-0.27409387212908737,-0.6350315747830511,-0.27827739022854775,-0.552675076738301,-0.1987698182621462,-0.6896331781886148,0.13729330406134088,-0.7278418341149793,-0.041125688542289124,-0.6334207071116846,-0.04921023066795931,-0.5539341593373175,0.008032425818655388,0.0,0.0,0.0,0.0,0.0,0.0,0.0,0.0,0.0,0.0,0.0,0.0,0.0,0.0,0.0,0.0,0.0,0.0,0.0,0.0,0.0,0.0,0.0,0.0,0.0,0.0,0.0,0.0,0.0,0.0,0.0,0.0,0.0,0.0,0.0,0.0,0.0,0.0,0.0,0.0,0.0,0.0,sorry
0.0,0.0,0.012737630925582251,-0.49180032755530617,-0.20579792200004088,-0.8562107166464878,-0.46630518977536795,-1.0,-0.6177739641233807,-0.8984419543376091,-0.6234048147449861,-0.663532327346325,-0.6790514525328748,-0.7909648570863933,-0.5439601595525986,-0.7550234990266473,-0.45981257567050027,-0.678777164715797,-0.7068973448030693,-0.3778874045671477,-0.7233480831654291,-0.5311245686923456,-0.6023167382578691,-0.5223808636829301,-0.5192149121711102,-0.4389036664841867,-0.7144746167353049,-0.11078161238077282,-0.7286052663260879,-0.2702683363961193,-0.6286162832694654,-0.2745774377542699,-0.5442157072082611,-0.20437565732535873,-0.6880668898828115,0.12232895911464663,-0.7111263745624457,-0.034317778620769554,-0.6176779917815874,-0.038057292648632196,-0.5399579993230826,0.022089539355474738,0.0,0.0,0.0,0.0,0.0,0.0,0.0,0.0,0.0,0.0,0.0,0.0,0.0,0.0,0.0,0.0,0.0,0.0,0.0,0.0,0.0,0.0,0.0,0.0,0.0,0.0,0.0,0.0,0.0,0.0,0.0,0.0,0.0,0.0,0.0,0.0,0.0,0.0,0.0,0.0,0.0,0.0,sorry
0.0,0.0,0.002557828652438183,-0.48483248310242044,-0.2219271830213882,-0.8692388728639171,-0.4683683442407097,-1.0,-0.5758021692120735,-0.8603818823906263,-0.6334296945987475,-0.6429024880024146,-0.6445569628282322,-0.8252324854281997,-0.5024048029457052,-0.7821204658535954,-0.43961880477144194,-0.6859114332667843,-0.6956749490839337,-0.3663461848497679,-0.6792959126014423,-0.5590496865748089,-0.5573679895593653,-0.5439067489358238,-0.4964883375382366,-0.44520173228271537,-0.6881727250574705,-0.11492257004956553,-0.6801115211178118,-0.2933309864105772,-0.5797895592595353,-0.29376918437562605,-0.5128219156069834,-0.2138902940472207,-0.6533079717671535,0.10786594419503985,-0.6711210626274223,-0.0634192444494484,-0.5773839634345206,-0.06923263554668235,-0.5086252054218144,-0.0071755577509502655,0.0,0.0,0.0,0.0,0.0,0.0,0.0,0.0,0.0,0.0,0.0,0.0,0.0,0.0,0.0,0.0,0.0,0.0,0.0,0.0,0.0,0.0,0.0,0.0,0.0,0.0,0.0,0.0,0.0,0.0,0.0,0.0,0.0,0.0,0.0,0.0,0.0,0.0,0.0,0.0,0.0,0.0,sorry
0.0,0.0,-0.005295245310981181,-0.5011224296517086,-0.23143750091064066,-0.873265880011906,-0.4792355718094794,-1.0,-0.5943236385662041,-0.8459794434580616,-0.638823785309441,-0.641592132897336,-0.651444224040497,-0.8268851302268172,-0.5142023516384246,-0.7832857371818222,-0.452973215716721,-0.6852518884085331,-0.6994565816943537,-0.3685289875132954,-0.6905021220529066,-0.5654115783536033,-0.5690130320483067,-0.5514792967148248,-0.5042638797246639,-0.45188955333856473,-0.6896120358594678,-0.12123176897410866,-0.6934963085229721,-0.3016255195855388,-0.5928057306876534,-0.3018128513772009,-0.522379904710562,-0.22458792209495224,-0.6521899086445296,0.09521918860356639,-0.6799847428663013,-0.07134895541711504,-0.5880932953951764,-0.07312548524137702,-0.5184896478370463,-0.009884353840613948,0.0,0.0,0.0,0.0,0.0,0.0,0.0,0.0,0.0,0.0,0.0,0.0,0.0,0.0,0.0,0.0,0.0,0.0,0.0,0.0,0.0,0.0,0.0,0.0,0.0,0.0,0.0,0.0,0.0,0.0,0.0,0.0,0.0,0.0,0.0,0.0,0.0,0.0,0.0,0.0,0.0,0.0,sorry
0.0,0.0,-0.006127973162429333,-0.4909460881361435,-0.2245523287215921,-0.8440810190083355,-0.4604695125545066,-1.0,-0.5914903566973633,-0.8749621968623155,-0.6060809185220398,-0.619728455110163,-0.6507084283846731,-0.8021845140956185,-0.5080492904604688,-0.7658601675222495,-0.4383678416799763,-0.6724093618443873,-0.6755106684560958,-0.3644647607121773,-0.6892874362177731,-0.5610038774183138,-0.566392455025136,-0.5603183483144873,-0.5013275785604758,-0.46583031149785453,-0.6759237251042787,-0.13188971242561356,-0.6955117892647785,-0.32363737201282744,-0.5961752886807019,-0.3358450076186004,-0.5264626794863991,-0.25611782791142135,-0.646463848605801,0.06656540739946298,-0.6984002871589142,-0.12176571813400813,-0.6110119936191202,-0.12882777904996004,-0.5377268067484278,-0.06584412836351304,0.0,0.0,0.0,0.0,0.0,0.0,0.0,0.0,0.0,0.0,0.0,0.0,0.0,0.0,0.0,0.0,0.0,0.0,0.0,0.0,0.0,0.0,0.0,0.0,0.0,0.0,0.0,0.0,0.0,0.0,0.0,0.0,0.0,0.0,0.0,0.0,0.0,0.0,0.0,0.0,0.0,0.0,sorry
0.0,0.0,-0.012411627487145067,-0.4859247374218676,-0.23221508334201404,-0.8505264289138318,-0.4706201901526189,-1.0,-0.6133260965167596,-0.9136955418161833,-0.6322089086374689,-0.6121220291304649,-0.661652822287761,-0.8562033862833888,-0.5138009360097928,-0.8046837255056305,-0.4469885117500857,-0.6893063072957198,-0.7035899072333128,-0.34085830278582874,-0.6991370496884602,-0.6092307590785833,-0.570689525957091,-0.5967988634772825,-0.5078821753248437,-0.4878157996077413,-0.7004943063096525,-0.11178430578645232,-0.7019199088971836,-0.3754719996002939,-0.5955005257925893,-0.3776369170030152,-0.5285294917558268,-0.28592134369112526,-0.6674905105160874,0.07560195120663625,-0.6950523176588537,-0.16734957641998172,-0.5994386675081862,-0.178499867314555,-0.5316566732294506,-0.11276047472636867,0.0,0.0,0.0,0.0,0.0,0.0,0.0,0.0,0.0,0.0,0.0,0.0,0.0,0.0,0.0,0.0,0.0,0.0,0.0,0.0,0.0,0.0,0.0,0.0,0.0,0.0,0.0,0.0,0.0,0.0,0.0,0.0,0.0,0.0,0.0,0.0,0.0,0.0,0.0,0.0,0.0,0.0,sorry
0.0,0.0,-0.022828480559699067,-0.5034760362691225,-0.2461750303817775,-0.8477510836048578,-0.4883010567017286,-1.0,-0.6412680230782783,-0.9352881199295437,-0.6494921173593807,-0.5962222592644831,-0.700080685642752,-0.8407273010486284,-0.5545625380217438,-0.8075744775022878,-0.48211903578044957,-0.7031010546121651,-0.7208198402148831,-0.3282423969572157,-0.7325950050885619,-0.6027910868721752,-0.602763305176466,-0.6045073782959896,-0.5346632454814378,-0.502209950786032,-0.717716363608733,-0.10080386455259835,-0.7356970569923679,-0.36477413956289184,-0.6241725447510879,-0.37713960610779396,-0.5478685740581649,-0.2916679132812177,-0.6864261009268638,0.08441931269509517,-0.7254809913838751,-0.15331886785553328,-0.6315458542823941,-0.17036495650146294,-0.5591574405317369,-0.10654256559448318,0.0,0.0,0.0,0.0,0.0,0.0,0.0,0.0,0.0,0.0,0.0,0.0,0.0,0.0,0.0,0.0,0.0,0.0,0.0,0.0,0.0,0.0,0.0,0.0,0.0,0.0,0.0,0.0,0.0,0.0,0.0,0.0,0.0,0.0,0.0,0.0,0.0,0.0,0.0,0.0,0.0,0.0,sorry
0.0,0.0,-0.047694228191580555,-0.5445461417371924,-0.2832208721029909,-0.8999932786272035,-0.5089630480354109,-1.0,-0.6228664511930924,-0.8178741759012484,-0.7210467125668241,-0.6367799364099687,-0.6878596908558159,-0.9149015757235704,-0.5183150102866227,-0.8118400391203379,-0.4372698660401178,-0.6536301257773414,-0.7981496255513474,-0.3583991833044996,-0.727718892707408,-0.5903508361777404,-0.5591821745296988,-0.5248525194432755,-0.4744200624210969,-0.41407698991599257,-0.793035294025966,-0.07559157821729712,-0.7324167913530026,-0.27308207088418196,-0.5854157412602672,-0.2494247868642945,-0.49202080508408536,-0.17820989386075653,-0.7476708982091925,0.1823464604666386,-0.7001369114415299,0.04367333738563925,-0.5655657739904303,0.031061509328096506,-0.480706981265878,0.06654987063792647,0.0,0.0,0.0,0.0,0.0,0.0,0.0,0.0,0.0,0.0,0.0,0.0,0.0,0.0,0.0,0.0,0.0,0.0,0.0,0.0,0.0,0.0,0.0,0.0,0.0,0.0,0.0,0.0,0.0,0.0,0.0,0.0,0.0,0.0,0.0,0.0,0.0,0.0,0.0,0.0,0.0,0.0,sorry
0.0,0.0,-0.02351764879685992,-0.49960589764662067,-0.23802853283345882,-0.865953006722298,-0.45902087459760427,-1.0,-0.576327585307015,-0.8722528942859139,-0.6204995590122937,-0.5967651760368077,-0.6226209000749281,-0.9097673690328436,-0.47792518159227965,-0.8733051608388763,-0.39851200928506914,-0.7474193151730733,-0.7112848621349467,-0.3618089607640366,-0.6779986942871524,-0.6428353430636659,-0.5234743019611346,-0.6245911906844996,-0.44343790831171154,-0.5182375176594124,-0.7265301211853679,-0.14321661829218776,-0.700142734937638,-0.39953884274564166,-0.5638091960754306,-0.4161278537035448,-0.4749433173775695,-0.34198928360065356,-0.6980412980342652,0.04559998655363463,-0.6899679498804423,-0.1708599569893234,-0.5692753205233113,-0.20953904621038077,-0.4851077080404842,-0.16650138842568715,0.0,0.0,0.0,0.0,0.0,0.0,0.0,0.0,0.0,0.0,0.0,0.0,0.0,0.0,0.0,0.0,0.0,0.0,0.0,0.0,0.0,0.0,0.0,0.0,0.0,0.0,0.0,0.0,0.0,0.0,0.0,0.0,0.0,0.0,0.0,0.0,0.0,0.0,0.0,0.0,0.0,0.0,sorry
0.0,0.0,-0.030118944456974633,-0.5110813024536746,-0.252290409997168,-0.8662442957026355,-0.4760252048968351,-1.0,-0.6013257880875786,-0.8837167005547011,-0.6196323218928007,-0.5983475131722422,-0.6145024818251038,-0.8696931592522813,-0.46138968639295086,-0.8094535745234336,-0.3943163915772266,-0.6864175401526572,-0.6830689416588801,-0.3350434213404738,-0.6561769209767215,-0.607769884701545,-0.5147629165981275,-0.5754951355549639,-0.4439232168930297,-0.46297188169316944,-0.6800891829055075,-0.09884989833589684,-0.6613525480466756,-0.3474656894250679,-0.5398957413000456,-0.3368163958167638,-0.466988631256921,-0.25523837222119533,-0.6419265644316392,0.1028036907715449,-0.6437775463932561,-0.12118971590013007,-0.5362139151787304,-0.12423539945767839,-0.4675628765768959,-0.05771917983608253,0.0,0.0,0.0,0.0,0.0,0.0,0.0,0.0,0.0,0.0,0.0,0.0,0.0,0.0,0.0,0.0,0.0,0.0,0.0,0.0,0.0,0.0,0.0,0.0,0.0,0.0,0.0,0.0,0.0,0.0,0.0,0.0,0.0,0.0,0.0,0.0,0.0,0.0,0.0,0.0,0.0,0.0,sorry
0.0,0.0,0.00618814412954803,-0.3564887549658578,-0.1658849659805498,-0.6429993167470613,-0.35602694553205766,-0.8609201821462324,-0.4901020378939444,-1.0,-0.6834424185517493,-0.43357359697895825,-0.6567011975337432,-0.7083778266010416,-0.48723426779423856,-0.7142038875864806,-0.3804391741231246,-0.6339963341638744,-0.8311621130108543,-0.29566390092423256,-0.7652785789975411,-0.5530492719469435,-0.574196103821716,-0.5556349956427282,-0.46789171463756907,-0.48590739672447725,-0.8789870059201617,-0.15748059684394422,-0.8159221459870141,-0.39512885659461827,-0.6369482323387298,-0.4252610271705555,-0.521352165748162,-0.37739189670197487,-0.8635711114929691,-0.03312395926666912,-0.8036675749430282,-0.20127680335816775,-0.644707960510435,-0.2451129003882677,-0.5419187951836805,-0.22138980602980946,0.0,0.0,0.0,0.0,0.0,0.0,0.0,0.0,0.0,0.0,0.0,0.0,0.0,0.0,0.0,0.0,0.0,0.0,0.0,0.0,0.0,0.0,0.0,0.0,0.0,0.0,0.0,0.0,0.0,0.0,0.0,0.0,0.0,0.0,0.0,0.0,0.0,0.0,0.0,0.0,0.0,0.0,sorry
0.0,0.0,0.02747457378564901,-0.47219748304173886,-0.11816706815674029,-0.8592084296820092,-0.29708879458194065,-1.0,-0.43052947509420264,-0.9037863464760975,-0.5299494605368342,-0.7822537810707714,-0.5035814434685881,-0.9343094281314884,-0.35832363140171003,-0.8521349614694715,-0.2816877605438089,-0.7564989529067345,-0.6412766668991553,-0.5155561755253797,-0.543867261480023,-0.6450072160910784,-0.3993312820677901,-0.5869717812388785,-0.32876269522343055,-0.5083338251363189,-0.6703766495519228,-0.22735917892150287,-0.5767782701768881,-0.3685464270960196,-0.4483211187355477,-0.3386854910965776,-0.3817848692787664,-0.2772999837257921,-0.6488611631230026,0.0316953611354032,-0.5825585200843397,-0.10653168015995221,-0.46453966346368797,-0.07873229285705344,-0.4050254664527771,-0.022554979102844052,0.0,0.0,0.0,0.0,0.0,0.0,0.0,0.0,0.0,0.0,0.0,0.0,0.0,0.0,0.0,0.0,0.0,0.0,0.0,0.0,0.0,0.0,0.0,0.0,0.0,0.0,0.0,0.0,0.0,0.0,0.0,0.0,0.0,0.0,0.0,0.0,0.0,0.0,0.0,0.0,0.0,0.0,sorry
0.0,0.0,-0.04517850042678117,-0.5171923437272483,-0.2923419132445321,-0.9059125248138562,-0.5253641857794847,-1.0,-0.6671930546206354,-0.8749065420331649,-0.7128897718130282,-0.8208242245011121,-0.7301009909853816,-0.8936339252051908,-0.5380867260515951,-0.8111357281779018,-0.40401492974167114,-0.7329095101356238,-0.8242276878756397,-0.5027435582028027,-0.7797617967854872,-0.5748798712743671,-0.6062846897587718,-0.5360074854622302,-0.4779792193606176,-0.46978041238680246,-0.8490591938861207,-0.1623119135435976,-0.8043815055937504,-0.2561571947068349,-0.6440098407255623,-0.2437109223130804,-0.5253075594441696,-0.1974447550040766,-0.8180740476357402,0.14077429527177454,-0.7920193147281911,0.023870329124027364,-0.6512553151537467,0.03167765446365055,-0.5543455932209207,0.06421696073956445,0.0,0.0,0.0,0.0,0.0,0.0,0.0,0.0,0.0,0.0,0.0,0.0,0.0,0.0,0.0,0.0,0.0,0.0,0.0,0.0,0.0,0.0,0.0,0.0,0.0,0.0,0.0,0.0,0.0,0.0,0.0,0.0,0.0,0.0,0.0,0.0,0.0,0.0,0.0,0.0,0.0,0.0,sorry
0.0,0.0,-0.01712976780849175,-0.51411377498699,-0.25132803172926804,-0.8852066879419598,-0.5160174545412802,-0.9772725533412925,-0.6672700565555454,-0.8271676596412282,-0.688950957770839,-0.8195335698105122,-0.6814364458015735,-1.0,-0.5289976314017204,-0.8912527837726145,-0.42440694163835063,-0.7660117148039306,-0.8091386663146295,-0.49055693628126246,-0.7707092115131479,-0.662114815792696,-0.617066965515658,-0.6068540595249028,-0.502892827624208,-0.5097647281660391,-0.8398309551688248,-0.1439353935163927,-0.7990651881103255,-0.30616165587596045,-0.65252347552576,-0.2872705061683044,-0.5460135610861113,-0.21905133621085499,-0.8066605347139315,0.16848401100498975,-0.7753985769277865,0.025573638916949828,-0.6388545301833655,0.019411074249242356,-0.5557342845991368,0.06235387585330762,0.0,0.0,0.0,0.0,0.0,0.0,0.0,0.0,0.0,0.0,0.0,0.0,0.0,0.0,0.0,0.0,0.0,0.0,0.0,0.0,0.0,0.0,0.0,0.0,0.0,0.0,0.0,0.0,0.0,0.0,0.0,0.0,0.0,0.0,0.0,0.0,0.0,0.0,0.0,0.0,0.0,0.0,sorry
0.0,0.0,-0.04928650210188849,-0.5024218615915635,-0.30890975427927997,-0.8586812052276022,-0.5581364305015307,-1.0,-0.6898609103733818,-0.9706210139178323,-0.78838712710272,-0.6264226385740774,-0.773408704776358,-0.7819362209113845,-0.5992728206460929,-0.7444658843919203,-0.5007860739188879,-0.6535012774532712,-0.8375969066161923,-0.3207436591885056,-0.7850430422590677,-0.5016570748648375,-0.6233131563273739,-0.49687078275222996,-0.5253195628852483,-0.4183055217646018,-0.8074267465586815,-0.03157844086395843,-0.7633939678306179,-0.21780988497377018,-0.6322393638322622,-0.22807297249473032,-0.5346293833322172,-0.1748255004596703,-0.7490654700899428,0.2155762819878867,-0.731861205733173,0.04076098164112721,-0.6111111603870188,0.01839346447721982,-0.5284159623784357,0.051322533335521184,0.0,0.0,0.0,0.0,0.0,0.0,0.0,0.0,0.0,0.0,0.0,0.0,0.0,0.0,0.0,0.0,0.0,0.0,0.0,0.0,0.0,0.0,0.0,0.0,0.0,0.0,0.0,0.0,0.0,0.0,0.0,0.0,0.0,0.0,0.0,0.0,0.0,0.0,0.0,0.0,0.0,0.0,sorry
0.0,0.0,-0.027841247833770375,-0.5149723421615674,-0.2705908583025567,-0.8893635159368447,-0.5603546257112191,-1.0,-0.713236836046745,-0.8515978528701754,-0.6851655782879181,-0.6959533857952626,-0.7527562179100349,-0.8799918940740166,-0.6082001103449102,-0.8091015953411447,-0.5038123717550377,-0.7058788698475158,-0.7642445296222216,-0.3785766703669193,-0.7857256610059856,-0.5614550821184598,-0.6539043222840926,-0.5409416597781259,-0.5507157990098029,-0.4640471614402469,-0.7659661838382116,-0.08589673623184316,-0.7775192660032719,-0.2658536371601983,-0.6663564952900337,-0.2703027046046234,-0.5671863052603655,-0.21174850509581003,-0.7314589234552193,0.1656486162316465,-0.7459764829815101,-0.007379128822445378,-0.6378153845430338,-0.02491161398349187,-0.5533160227350703,0.019119468138388166,0.0,0.0,0.0,0.0,0.0,0.0,0.0,0.0,0.0,0.0,0.0,0.0,0.0,0.0,0.0,0.0,0.0,0.0,0.0,0.0,0.0,0.0,0.0,0.0,0.0,0.0,0.0,0.0,0.0,0.0,0.0,0.0,0.0,0.0,0.0,0.0,0.0,0.0,0.0,0.0,0.0,0.0,sorry
0.0,0.0,-0.041151601045330534,-0.5287648455359207,-0.30248528299004485,-0.9089324811659624,-0.5846529714993409,-1.0,-0.7277662669806407,-0.8569343378153398,-0.708614743995162,-0.6435848021665386,-0.7868002889053869,-0.8379202589236889,-0.6242150473374246,-0.8012216366800725,-0.5088423765951384,-0.7191479977018508,-0.7770167874845716,-0.3302091206641634,-0.8019833497496839,-0.5520894230159893,-0.6586390222877664,-0.5554348752112547,-0.5529233204646492,-0.480771046677693,-0.7711482394355853,-0.05698956725884437,-0.78402349853344,-0.27539893410531446,-0.6630607351811135,-0.2930429786632208,-0.5635667392847116,-0.23571557172336427,-0.7341061118765546,0.16666932461860837,-0.7467631391307742,-0.03963467989375467,-0.6320753806362046,-0.05646413212763038,-0.5467740087552937,-0.010139806873211915,0.0,0.0,0.0,0.0,0.0,0.0,0.0,0.0,0.0,0.0,0.0,0.0,0.0,0.0,0.0,0.0,0.0,0.0,0.0,0.0,0.0,0.0,0.0,0.0,0.0,0.0,0.0,0.0,0.0,0.0,0.0,0.0,0.0,0.0,0.0,0.0,0.0,0.0,0.0,0.0,0.0,0.0,sorry
0.0,0.0,-0.05240424851193667,-0.5300506818456988,-0.3205935551998863,-0.8840050724722014,-0.5988596125328692,-1.0,-0.7251948779546119,-0.8589467249539539,-0.7711648208413191,-0.6024124256376678,-0.7574591005896718,-0.7737028944983358,-0.5927546378390828,-0.7355868715991171,-0.5122402690672503,-0.6415676887359225,-0.810605109345832,-0.29063995758103267,-0.7736453177328884,-0.4857237185035186,-0.6287654336867771,-0.48332877006841224,-0.5397154115238059,-0.39899432583018246,-0.7725464590391337,-0.01479273691562901,-0.7504261599421292,-0.2080875346506979,-0.6318825417651035,-0.21771142974338117,-0.5390318405638113,-0.1497361371176377,-0.7114634319141477,0.2214565737455258,-0.7183516139563629,0.0439694565467947,-0.6039122799602843,0.024313320507190053,-0.5160609570524289,0.07013993399905957,0.0,0.0,0.0,0.0,0.0,0.0,0.0,0.0,0.0,0.0,0.0,0.0,0.0,0.0,0.0,0.0,0.0,0.0,0.0,0.0,0.0,0.0,0.0,0.0,0.0,0.0,0.0,0.0,0.0,0.0,0.0,0.0,0.0,0.0,0.0,0.0,0.0,0.0,0.0,0.0,0.0,0.0,sorry
0.0,0.0,-0.0409268624618789,-0.5161365921436224,-0.3107603207445979,-0.8798567880501421,-0.6031237617895956,-1.0,-0.7362282497461987,-0.8735495249547881,-0.7760596841339257,-0.620504010936363,-0.7932403943378178,-0.7776769676270462,-0.6302189105092274,-0.7324439326112195,-0.5478561576699715,-0.6415567946878661,-0.8177735037531646,-0.3062081859018814,-0.7992864243069381,-0.48940651824498577,-0.6609314152075552,-0.48574334975389516,-0.5756303496288779,-0.4041052490551424,-0.780793643748058,-0.026468637161236833,-0.7691436236516359,-0.20415949106981787,-0.6565639556925813,-0.21443696829489087,-0.5610835534709392,-0.14747251351061894,-0.7195355955076861,0.21958120440891474,-0.7288383860801634,0.05305903379986081,-0.6202635461490816,0.03356815130427205,-0.530229539012103,0.07510930865457406,0.0,0.0,0.0,0.0,0.0,0.0,0.0,0.0,0.0,0.0,0.0,0.0,0.0,0.0,0.0,0.0,0.0,0.0,0.0,0.0,0.0,0.0,0.0,0.0,0.0,0.0,0.0,0.0,0.0,0.0,0.0,0.0,0.0,0.0,0.0,0.0,0.0,0.0,0.0,0.0,0.0,0.0,sorry
0.0,0.0,-0.04114191267522018,-0.5187758872120307,-0.30754270758096464,-0.881820453859798,-0.5990295808789096,-1.0,-0.7444814388538087,-0.8788575535052933,-0.7732160925545931,-0.6218760438799618,-0.7961935839750626,-0.7597812310686176,-0.6315984334824523,-0.7192418873592354,-0.5470588163927876,-0.6398245108878955,-0.8149187178950041,-0.30390666894213964,-0.7960320226986516,-0.4721869937308563,-0.650238237166292,-0.4644482288112083,-0.5577740293584541,-0.3824519380478221,-0.7780103577156732,-0.021510498854310146,-0.765558209375326,-0.1910281120665042,-0.648677421781291,-0.20267427386395528,-0.5508157732334821,-0.14036318327883252,-0.7182419868437762,0.2262842604942036,-0.7247412390920863,0.05734535613443516,-0.6120060451012761,0.039001781824740595,-0.5200350137054109,0.07936096145742426,0.0,0.0,0.0,0.0,0.0,0.0,0.0,0.0,0.0,0.0,0.0,0.0,0.0,0.0,0.0,0.0,0.0,0.0,0.0,0.0,0.0,0.0,0.0,0.0,0.0,0.0,0.0,0.0,0.0,0.0,0.0,0.0,0.0,0.0,0.0,0.0,0.0,0.0,0.0,0.0,0.0,0.0,sorry
0.0,0.0,-0.031834524103448884,-0.5173359826907595,-0.2944461581850323,-0.8749066735032087,-0.5726936192997321,-1.0,-0.7085584468102617,-0.9293661258417147,-0.7721146052340992,-0.6398756712452157,-0.7713115483682393,-0.7963705145307111,-0.6058634795433647,-0.7450784889899897,-0.5307974972414039,-0.6491231601876417,-0.811876478841356,-0.33132421097047915,-0.7799908385599132,-0.516341881576644,-0.6377408307148628,-0.5070793932924128,-0.5552864884152781,-0.4163319938526382,-0.7735855275298117,-0.05722722562108623,-0.7540950670125199,-0.24167353972032937,-0.6391523477226361,-0.24831824814003228,-0.5484949443336927,-0.17273814366172222,-0.712669253263689,0.18553060862395052,-0.7147770555068406,0.005577978913688458,-0.6057977587430867,-0.01250984578505667,-0.5208941818145217,0.03632386657769689,0.0,0.0,0.0,0.0,0.0,0.0,0.0,0.0,0.0,0.0,0.0,0.0,0.0,0.0,0.0,0.0,0.0,0.0,0.0,0.0,0.0,0.0,0.0,0.0,0.0,0.0,0.0,0.0,0.0,0.0,0.0,0.0,0.0,0.0,0.0,0.0,0.0,0.0,0.0,0.0,0.0,0.0,sorry
0.0,0.0,-0.048006216825176355,-0.5323660009658978,-0.3236466113288565,-0.8877843161177649,-0.600984330652923,-1.0,-0.7195524470527429,-0.8916740949580256,-0.792155764925892,-0.6239383092160008,-0.778865636470417,-0.7693757616493913,-0.6065959979187927,-0.7383919202385227,-0.510597571613567,-0.6549960444475391,-0.8412910955713038,-0.31251584707795615,-0.8023922921436861,-0.4714251174434687,-0.6475262723998256,-0.4708780189635092,-0.5455296573052263,-0.3903654232136626,-0.8072772015029678,-0.024203677354406334,-0.7804314140496108,-0.17872600963015128,-0.6522037106472266,-0.19339839914315649,-0.5484622675618105,-0.13431866547759871,-0.7450171914785808,0.22928136026343554,-0.7387751936819972,0.09427247777958,-0.6188556729849267,0.07317761902335512,-0.5255872579444485,0.11240508754895212,0.0,0.0,0.0,0.0,0.0,0.0,0.0,0.0,0.0,0.0,0.0,0.0,0.0,0.0,0.0,0.0,0.0,0.0,0.0,0.0,0.0,0.0,0.0,0.0,0.0,0.0,0.0,0.0,0.0,0.0,0.0,0.0,0.0,0.0,0.0,0.0,0.0,0.0,0.0,0.0,0.0,0.0,sorry
0.0,0.0,-0.030556962095366166,-0.5152133585838522,-0.2951944957979705,-0.8773065111791257,-0.5860339885898328,-1.0,-0.7288772966291664,-0.8725465432917142,-0.7535352900509081,-0.613553219974789,-0.762190154432142,-0.765359711192249,-0.6019339494175344,-0.7212807958103429,-0.5157837483581036,-0.6280851149614068,-0.8003321542115754,-0.3090753637865343,-0.7790206055776452,-0.48026127251073086,-0.6361770998980572,-0.4769901286598528,-0.5435352070420013,-0.39322544547125143,-0.7716885474192333,-0.035615959687712584,-0.7573898679328291,-0.20405032078989693,-0.6405352651482361,-0.2131299140778758,-0.5455090402628774,-0.14932788478679954,-0.7191731601372255,0.20523715051767913,-0.7270030740965172,0.043817634965565136,-0.6161865787246591,0.032716774795649856,-0.5289015273243581,0.08042219120587829,0.0,0.0,0.0,0.0,0.0,0.0,0.0,0.0,0.0,0.0,0.0,0.0,0.0,0.0,0.0,0.0,0.0,0.0,0.0,0.0,0.0,0.0,0.0,0.0,0.0,0.0,0.0,0.0,0.0,0.0,0.0,0.0,0.0,0.0,0.0,0.0,0.0,0.0,0.0,0.0,0.0,0.0,sorry
0.0,0.0,-0.029414195911301583,-0.5269178739276923,-0.3149973651811269,-0.9014269749815403,-0.6142293333630066,-1.0,-0.7498527601217978,-0.8480577847968964,-0.7656855178750405,-0.6044137388914367,-0.7872850715057255,-0.7596013912479503,-0.6211768301261137,-0.7221513951822953,-0.5322244706716444,-0.6328147416327611,-0.809688383985706,-0.2943398685849314,-0.7952211221069649,-0.4724532269973954,-0.6495376946010455,-0.47019634368211766,-0.5571461613113211,-0.38564965572494875,-0.7813680551857448,-0.022461532836678587,-0.7661433325570619,-0.1955824459862131,-0.6465599121250152,-0.21189487589327513,-0.5540578992505669,-0.15162031425480726,-0.7277441261025107,0.2115572773061421,-0.7275809898811828,0.04265565103075863,-0.6157265701811627,0.028644018086859208,-0.5313958737862149,0.07465498974288459,0.0,0.0,0.0,0.0,0.0,0.0,0.0,0.0,0.0,0.0,0.0,0.0,0.0,0.0,0.0,0.0,0.0,0.0,0.0,0.0,0.0,0.0,0.0,0.0,0.0,0.0,0.0,0.0,0.0,0.0,0.0,0.0,0.0,0.0,0.0,0.0,0.0,0.0,0.0,0.0,0.0,0.0,sorry
0.0,0.0,-0.026254237484683206,-0.5054471730130691,-0.28633336296834594,-0.866045813152534,-0.578697000034789,-1.0,-0.7299762662203376,-0.8841490048433919,-0.748351391363842,-0.6189184122333332,-0.7467464621593101,-0.7625135773454502,-0.5857645639980982,-0.7198312350455929,-0.5003156128842727,-0.6334485877628013,-0.7943763698140338,-0.3183550248740834,-0.7586390571427467,-0.4711491555954125,-0.6144093806411213,-0.4630207226046857,-0.5217320634086191,-0.38313258833488595,-0.7655531632799001,-0.040085928651774426,-0.7351880341549962,-0.19615872255056957,-0.6206816310595548,-0.20225857450435442,-0.5290000502506735,-0.1389206928408252,-0.7144739334294539,0.20927492143500462,-0.7051058549765561,0.05253012141335817,-0.5952335303417432,0.03725565609985195,-0.5114706825974187,0.0795885629466995,0.0,0.0,0.0,0.0,0.0,0.0,0.0,0.0,0.0,0.0,0.0,0.0,0.0,0.0,0.0,0.0,0.0,0.0,0.0,0.0,0.0,0.0,0.0,0.0,0.0,0.0,0.0,0.0,0.0,0.0,0.0,0.0,0.0,0.0,0.0,0.0,0.0,0.0,0.0,0.0,0.0,0.0,sorry
0.0,0.0,-0.02796962425800083,-0.5242519575159562,-0.30437221296421096,-0.8925973863546036,-0.588361731780827,-1.0,-0.7171075251612571,-0.8499590371531293,-0.7373032221148373,-0.6057954372124229,-0.7303703151575236,-0.7876120056682007,-0.5659708260091987,-0.7436142373050435,-0.48369392874659667,-0.6418802913457381,-0.7730215542754686,-0.306346611908807,-0.7417450126064317,-0.5158893906927143,-0.5982591327159811,-0.515400507918752,-0.5113745573411204,-0.4188836155431096,-0.7390556903236798,-0.04951782838906961,-0.7180344782848341,-0.25894665283896207,-0.6007020521027236,-0.2709112974793768,-0.5149777560205951,-0.19636050406298575,-0.6848728330345768,0.17203555038962576,-0.6882243981273006,-0.03828342553826843,-0.5767587520431218,-0.05223647990205158,-0.49727728536117405,0.005646157034863394,0.0,0.0,0.0,0.0,0.0,0.0,0.0,0.0,0.0,0.0,0.0,0.0,0.0,0.0,0.0,0.0,0.0,0.0,0.0,0.0,0.0,0.0,0.0,0.0,0.0,0.0,0.0,0.0,0.0,0.0,0.0,0.0,0.0,0.0,0.0,0.0,0.0,0.0,0.0,0.0,0.0,0.0,sorry
0.0,0.0,-0.025554689957901992,-0.5205656639050772,-0.2972316064660145,-0.8923247913826424,-0.5766642571424291,-1.0,-0.7028848746797705,-0.8568414882619965,-0.732214153021019,-0.6065946680849151,-0.7297210445100301,-0.7786272078982457,-0.5654848761779203,-0.7373458778408666,-0.481064884867189,-0.6364576622870755,-0.7717977048345294,-0.31087787832027447,-0.745872222804836,-0.5120646002187299,-0.6028977962216663,-0.5099443437354867,-0.5121050502629253,-0.41366106608338704,-0.7425820986082189,-0.05517573296978232,-0.7233261921526914,-0.25967168047461386,-0.6067141455302701,-0.27249059911009904,-0.5186613282595994,-0.19958145440381128,-0.6902944238865002,0.16705886979580217,-0.6900537835772821,-0.041338259749209724,-0.5804070098428441,-0.05347196212677344,-0.5008009483288139,0.004662054862245127,0.0,0.0,0.0,0.0,0.0,0.0,0.0,0.0,0.0,0.0,0.0,0.0,0.0,0.0,0.0,0.0,0.0,0.0,0.0,0.0,0.0,0.0,0.0,0.0,0.0,0.0,0.0,0.0,0.0,0.0,0.0,0.0,0.0,0.0,0.0,0.0,0.0,0.0,0.0,0.0,0.0,0.0,sorry
0.0,0.0,-0.016938486637959438,-0.5167310839185199,-0.3047277435735838,-0.8946473483510399,-0.6075211759403782,-1.0,-0.7459045751132974,-0.8388583768891631,-0.7549121025953378,-0.6084102605155634,-0.7570042551070442,-0.7946027713987779,-0.585361276279114,-0.7463418483934267,-0.4995724501973866,-0.6471178196602674,-0.7972233901933349,-0.30162567103795196,-0.7624816882373676,-0.5087038340143858,-0.6147429820565022,-0.5059453872861095,-0.5299444402382799,-0.4191608015846059,-0.7632792021990541,-0.032947861958338584,-0.7315972803716596,-0.23861772554078112,-0.6125579372935767,-0.25042259366116115,-0.5267781738705049,-0.18131113636488078,-0.7065494134855004,0.20086835374351053,-0.6922683626928859,0.0022673639123799503,-0.5781776088514987,-0.012328991879291429,-0.49737947560813744,0.03771897412969684,0.0,0.0,0.0,0.0,0.0,0.0,0.0,0.0,0.0,0.0,0.0,0.0,0.0,0.0,0.0,0.0,0.0,0.0,0.0,0.0,0.0,0.0,0.0,0.0,0.0,0.0,0.0,0.0,0.0,0.0,0.0,0.0,0.0,0.0,0.0,0.0,0.0,0.0,0.0,0.0,0.0,0.0,sorry
0.0,0.0,-0.03065677297126618,-0.5131646204424302,-0.30261390441872993,-0.8836503278292688,-0.590132617619198,-1.0,-0.7330303311725701,-0.8847079254815282,-0.7746787644644217,-0.6024136778171957,-0.7660437600995561,-0.7665731161425732,-0.5939959880384108,-0.7325410947454447,-0.5087024276082394,-0.6448726759412322,-0.8170341202474043,-0.29247051393970913,-0.7682609260944668,-0.4926989728635376,-0.6128620516725793,-0.4938091346421739,-0.5161641189472316,-0.4086513493935623,-0.7789953379520422,-0.022326937721725885,-0.7319753338657851,-0.22331971247608612,-0.6062946934378425,-0.24089061832500602,-0.5096188636490276,-0.17417336874756217,-0.7145870094169654,0.2157640372220881,-0.6793913334200116,0.010761901224019762,-0.5598460224001188,-0.008989951522130798,-0.4722492988354167,0.04044911681123349,0.0,0.0,0.0,0.0,0.0,0.0,0.0,0.0,0.0,0.0,0.0,0.0,0.0,0.0,0.0,0.0,0.0,0.0,0.0,0.0,0.0,0.0,0.0,0.0,0.0,0.0,0.0,0.0,0.0,0.0,0.0,0.0,0.0,0.0,0.0,0.0,0.0,0.0,0.0,0.0,0.0,0.0,sorry
0.0,0.0,-0.033364922341538,-0.5147231686023689,-0.30663877840108017,-0.8871747152289613,-0.5962924751443898,-1.0,-0.7307459097394773,-0.8803839999646144,-0.776776660551595,-0.60922959311367,-0.7679409532508481,-0.7749437977359859,-0.597530417782142,-0.7375250141081597,-0.5131674928832581,-0.6470108947061319,-0.8187032361962117,-0.3015189263128329,-0.7702498627887012,-0.4974734322434204,-0.6185562754310867,-0.49464461259970166,-0.5239831343446977,-0.4079866006578033,-0.7811703709109835,-0.033473475001004435,-0.7388619258089569,-0.2285243583690046,-0.6177309803392519,-0.23960299583224134,-0.5228926316518914,-0.17153881964740475,-0.717726778300821,0.20329977968786225,-0.6928306220970457,0.009758312756246017,-0.576533679522324,-0.006382675216709074,-0.489012038102905,0.04112487094397319,0.0,0.0,0.0,0.0,0.0,0.0,0.0,0.0,0.0,0.0,0.0,0.0,0.0,0.0,0.0,0.0,0.0,0.0,0.0,0.0,0.0,0.0,0.0,0.0,0.0,0.0,0.0,0.0,0.0,0.0,0.0,0.0,0.0,0.0,0.0,0.0,0.0,0.0,0.0,0.0,0.0,0.0,sorry
0.0,0.0,-0.02540117952146717,-0.4987555065859249,-0.29975353526767007,-0.8769619865976515,-0.5908333065417142,-1.0,-0.7331405789859617,-0.8626743339739709,-0.7714467819451006,-0.5996581934311309,-0.7545132071784102,-0.7718845297562253,-0.5853847085789308,-0.7306577678530722,-0.5037500093089524,-0.6366509713187998,-0.8114983453677653,-0.2960413975017133,-0.7652013376555935,-0.49196006214202537,-0.6155146542891202,-0.49111780629132606,-0.5234250478570973,-0.4061435089900867,-0.7750346792534601,-0.02694819118426767,-0.733913993998314,-0.22238460667995893,-0.612696357593099,-0.23407465289413967,-0.5192155849845599,-0.16513464014677812,-0.7142006298119338,0.2093230112036194,-0.6945199604828158,0.01823737301907763,-0.5801268306168448,0.0009110966890462965,-0.4958311332418967,0.047552126954857304,0.0,0.0,0.0,0.0,0.0,0.0,0.0,0.0,0.0,0.0,0.0,0.0,0.0,0.0,0.0,0.0,0.0,0.0,0.0,0.0,0.0,0.0,0.0,0.0,0.0,0.0,0.0,0.0,0.0,0.0,0.0,0.0,0.0,0.0,0.0,0.0,0.0,0.0,0.0,0.0,0.0,0.0,sorry
0.0,0.0,-0.032036850127059785,-0.5146397314688658,-0.31184180611561046,-0.8882221332974755,-0.6100880264988545,-1.0,-0.7555719724318885,-0.8427860879213732,-0.7765056498715901,-0.5980115418561043,-0.7575707991292575,-0.7531866651041833,-0.5886481620388896,-0.713665195448133,-0.5085775478695053,-0.6220437246940241,-0.8153978059348808,-0.28620627769110313,-0.7608973767019683,-0.4704030901169504,-0.610256515492797,-0.47043153163515866,-0.5172091886264889,-0.3873912989475378,-0.7746560511400099,-0.014461791970455383,-0.7259216896997962,-0.1964027239774059,-0.6043822619251416,-0.2128172601853487,-0.5105470330006215,-0.14914678145519408,-0.7104043213826754,0.22414166468206073,-0.6782216634723962,0.03995871299609973,-0.5621156457331692,0.017177416930515752,-0.47632144603878956,0.058832720490619786,0.0,0.0,0.0,0.0,0.0,0.0,0.0,0.0,0.0,0.0,0.0,0.0,0.0,0.0,0.0,0.0,0.0,0.0,0.0,0.0,0.0,0.0,0.0,0.0,0.0,0.0,0.0,0.0,0.0,0.0,0.0,0.0,0.0,0.0,0.0,0.0,0.0,0.0,0.0,0.0,0.0,0.0,sorry
0.0,0.0,-0.02205046442588104,-0.5061916168983247,-0.30593911825754966,-0.8720813364392344,-0.6049184456303911,-1.0,-0.7466310358368762,-0.8502424235115941,-0.7693522434682492,-0.6002990906518705,-0.7527694371786423,-0.763916217567565,-0.5792905675993982,-0.7171999494583285,-0.5022728897235604,-0.6200061481881108,-0.8061871953758915,-0.2954922666174532,-0.7463942309792834,-0.48547931837250924,-0.596614896406176,-0.47629810568347386,-0.5134348745572143,-0.388913792720776,-0.7679791248216754,-0.0242743329224638,-0.7053659980730551,-0.21801915445461395,-0.5865687780047959,-0.23198085428357268,-0.5022844241299081,-0.16192419063857094,-0.7086562748656023,0.21398595703503542,-0.6536834689762043,0.0099447554365065,-0.5332291391959925,-0.010412947475983531,-0.45210014451213043,0.03938510429287885,0.0,0.0,0.0,0.0,0.0,0.0,0.0,0.0,0.0,0.0,0.0,0.0,0.0,0.0,0.0,0.0,0.0,0.0,0.0,0.0,0.0,0.0,0.0,0.0,0.0,0.0,0.0,0.0,0.0,0.0,0.0,0.0,0.0,0.0,0.0,0.0,0.0,0.0,0.0,0.0,0.0,0.0,sorry
0.0,0.0,-0.028103524271185645,-0.5145878633284859,-0.3095384969416887,-0.8827919497648714,-0.6108263149651074,-1.0,-0.7546440324912578,-0.8562805048419243,-0.7703964447712287,-0.6047568742064378,-0.7562301483385774,-0.7567554626106909,-0.5795375796149297,-0.7142339470886627,-0.4963411290906766,-0.6219696426231757,-0.8103506731477059,-0.29676520416483887,-0.7583043942758109,-0.47406148965797396,-0.6060986619131717,-0.46831285016931956,-0.5156519974483232,-0.38646011671974473,-0.7760261650356785,-0.025596047531908677,-0.7229969608946936,-0.20585847314381212,-0.6010284583525759,-0.22281656499189928,-0.5109694214474504,-0.16052236058518782,-0.7203075973773926,0.21144522112222913,-0.6766924810251047,0.02333605608076264,-0.554474388429826,0.0021301976076188284,-0.4681395578485022,0.04324239754486175,0.0,0.0,0.0,0.0,0.0,0.0,0.0,0.0,0.0,0.0,0.0,0.0,0.0,0.0,0.0,0.0,0.0,0.0,0.0,0.0,0.0,0.0,0.0,0.0,0.0,0.0,0.0,0.0,0.0,0.0,0.0,0.0,0.0,0.0,0.0,0.0,0.0,0.0,0.0,0.0,0.0,0.0,sorry
0.0,0.0,-0.044394464375962346,-0.5139337555199975,-0.32490867788188876,-0.8796084673666729,-0.6165409321845472,-1.0,-0.7527490290250152,-0.8537874875083552,-0.7816757066689514,-0.6141142318206462,-0.7761490318693467,-0.7913774785140241,-0.6012850828342168,-0.7416620330657002,-0.5223796856458731,-0.6383486297086259,-0.8186983229197271,-0.3047075073354268,-0.7738048864920964,-0.507364043557121,-0.6164826580763231,-0.49330385403445876,-0.5283552098266796,-0.3903227518421382,-0.7816450087012262,-0.02949606424304188,-0.7243761288440533,-0.2326569489966274,-0.6000713857825745,-0.24489138989644899,-0.5117713698612556,-0.1635048338025902,-0.7201746697020077,0.2122386380230925,-0.6686006964449672,-0.002020862824483589,-0.541634769107924,-0.029287768993110128,-0.4540923165935176,0.024956927456019525,0.0,0.0,0.0,0.0,0.0,0.0,0.0,0.0,0.0,0.0,0.0,0.0,0.0,0.0,0.0,0.0,0.0,0.0,0.0,0.0,0.0,0.0,0.0,0.0,0.0,0.0,0.0,0.0,0.0,0.0,0.0,0.0,0.0,0.0,0.0,0.0,0.0,0.0,0.0,0.0,0.0,0.0,sorry
0.0,0.0,-0.0501555356541754,-0.5089913793059724,-0.328680084825641,-0.8843764566409811,-0.6215327823577815,-1.0,-0.7679900708757015,-0.8335555472523556,-0.7522067397599989,-0.5920399288487149,-0.7502095196037142,-0.7689143748284999,-0.5733470775713682,-0.7286336921048348,-0.4816355665804017,-0.6367925046675913,-0.7853060186608971,-0.29199111843145265,-0.7487938991543304,-0.48317731301273553,-0.5908085943529712,-0.4770581740034737,-0.4878933427290991,-0.3868241629655904,-0.7486258438901852,-0.03252985221111866,-0.7039948291728384,-0.2185291580110034,-0.5761027443221751,-0.23591273366909446,-0.47741186777871686,-0.16931567862626148,-0.6917178341970822,0.19234009516256134,-0.6596696615106613,-0.005340573122553033,-0.5308654457243207,-0.02475213961909615,-0.43677258825902354,0.02372605571759006,0.0,0.0,0.0,0.0,0.0,0.0,0.0,0.0,0.0,0.0,0.0,0.0,0.0,0.0,0.0,0.0,0.0,0.0,0.0,0.0,0.0,0.0,0.0,0.0,0.0,0.0,0.0,0.0,0.0,0.0,0.0,0.0,0.0,0.0,0.0,0.0,0.0,0.0,0.0,0.0,0.0,0.0,sorry
0.0,0.0,-0.04401142786957066,-0.49893178055903914,-0.32478831909012235,-0.8844999810972458,-0.6229660080582184,-1.0,-0.7629698980910613,-0.8030598170384465,-0.7674899657167334,-0.6030301884681567,-0.7591043276358779,-0.7430941225435614,-0.585195568236462,-0.6994111407187734,-0.49163583065800914,-0.6129179540069477,-0.8028853300771558,-0.2942525876672958,-0.7632376158306888,-0.44191782382598926,-0.6067920931404557,-0.4308307170267969,-0.5018540950293625,-0.3460984800988212,-0.7693574893994894,-0.01803288531810256,-0.7223187127515243,-0.15868340350161117,-0.5987824573546169,-0.17680798000721554,-0.4990179976457946,-0.11697862483404493,-0.7132431669109769,0.22648544428058257,-0.680268381474343,0.07705788981285247,-0.5569933433224268,0.05482876414135565,-0.4640745887282449,0.0914424580491434,0.0,0.0,0.0,0.0,0.0,0.0,0.0,0.0,0.0,0.0,0.0,0.0,0.0,0.0,0.0,0.0,0.0,0.0,0.0,0.0,0.0,0.0,0.0,0.0,0.0,0.0,0.0,0.0,0.0,0.0,0.0,0.0,0.0,0.0,0.0,0.0,0.0,0.0,0.0,0.0,0.0,0.0,sorry
0.0,0.0,-0.03241164576770165,-0.5094282472170072,-0.2966350694842786,-0.8759546005306778,-0.6016164213751716,-1.0,-0.7729402396906794,-0.8715481085210323,-0.7024613330156321,-0.6306933924103754,-0.7753690241749907,-0.7350157235815341,-0.6313280590503216,-0.704041121371206,-0.53415528069563,-0.6441664293955441,-0.7543436749576118,-0.3225186670030496,-0.7913878607140246,-0.4468956657805054,-0.6634239849133778,-0.4457411397386658,-0.5724618365710474,-0.38300628697003236,-0.7399796930451864,-0.04359770898420135,-0.7785591708607681,-0.1753242391621585,-0.6707915186322722,-0.19032832237668645,-0.5785394871937706,-0.14349478157795587,-0.6996522920135686,0.19507278243917997,-0.75029264381963,0.06799475657001827,-0.6422277835044586,0.055789354532818185,-0.5550349130339418,0.09205876126556638,0.0,0.0,0.0,0.0,0.0,0.0,0.0,0.0,0.0,0.0,0.0,0.0,0.0,0.0,0.0,0.0,0.0,0.0,0.0,0.0,0.0,0.0,0.0,0.0,0.0,0.0,0.0,0.0,0.0,0.0,0.0,0.0,0.0,0.0,0.0,0.0,0.0,0.0,0.0,0.0,0.0,0.0,sorry
0.0,0.0,-0.03717178505189411,-0.5006820017609629,-0.3072000912408915,-0.8683535133804323,-0.6098579431905936,-1.0,-0.764303640262297,-0.8536512491072683,-0.6980368695837459,-0.6221329504767182,-0.7900525574169677,-0.6953126187143196,-0.6563264306798864,-0.6701482988883601,-0.5583112786137258,-0.6241792118624085,-0.7505403342278151,-0.32200368685593345,-0.8041505044456886,-0.42406577539476964,-0.6795716868450065,-0.41889044997774466,-0.5844672284879195,-0.35746419298677845,-0.7388808273418083,-0.042633433401234724,-0.7834734471761508,-0.15444689221811148,-0.6823278651970464,-0.1655219725106082,-0.5908211389984297,-0.12127731101619373,-0.7055121688953586,0.2016322968170007,-0.7612543095698958,0.0889214537829201,-0.6612232869838482,0.08782226055796605,-0.5744300474831668,0.12065361532642095,0.0,0.0,0.0,0.0,0.0,0.0,0.0,0.0,0.0,0.0,0.0,0.0,0.0,0.0,0.0,0.0,0.0,0.0,0.0,0.0,0.0,0.0,0.0,0.0,0.0,0.0,0.0,0.0,0.0,0.0,0.0,0.0,0.0,0.0,0.0,0.0,0.0,0.0,0.0,0.0,0.0,0.0,sorry
0.0,0.0,-0.02222870416638346,-0.5021188329358209,-0.2871010943062534,-0.886347591067805,-0.5984453808349025,-1.0,-0.7480682535058001,-0.8249504489903822,-0.6953857020531862,-0.6348463739385769,-0.7793973340310152,-0.7297119227431192,-0.6355163329622914,-0.7044605472180221,-0.5327077650009854,-0.6551727906807555,-0.7526835078050311,-0.3264411633207425,-0.7826629359814277,-0.4492123925512443,-0.6543703085363676,-0.4514299347187009,-0.5625276872563649,-0.3882742996340927,-0.74221281505408,-0.04894509205062793,-0.7623652098117659,-0.1857012676109736,-0.6599632624050009,-0.19806280571256624,-0.5721491049053706,-0.14760753072879862,-0.7095783134793433,0.18797397081963843,-0.7434629042851761,0.03558775199459251,-0.6380202685232655,0.037422753195156346,-0.5527097050301746,0.08078223479749749,0.0,0.0,0.0,0.0,0.0,0.0,0.0,0.0,0.0,0.0,0.0,0.0,0.0,0.0,0.0,0.0,0.0,0.0,0.0,0.0,0.0,0.0,0.0,0.0,0.0,0.0,0.0,0.0,0.0,0.0,0.0,0.0,0.0,0.0,0.0,0.0,0.0,0.0,0.0,0.0,0.0,0.0,sorry
0.0,0.0,-0.04591141918430724,-0.4986034300501074,-0.3103717362538687,-0.872291157174039,-0.61991946832512,-1.0,-0.7941436401089436,-0.8524601475831391,-0.7201064433301739,-0.6595284086057738,-0.8651555225530878,-0.6724457082917206,-0.7241160967350161,-0.6514712144425128,-0.5913589928333417,-0.6350017465703938,-0.7905035256744932,-0.3287740082504746,-0.8951282628767355,-0.38334369439584726,-0.7667338785878706,-0.37406129276958294,-0.6521396425355644,-0.3355725003338022,-0.7917378846721769,-0.011253093104327769,-0.8884172594649519,-0.0841016885588154,-0.7797285087418663,-0.09364966772150306,-0.66594875927611,-0.06275481876346477,-0.7557588091071314,0.2660546974415695,-0.8667407513904155,0.19183062632462744,-0.7680255261926532,0.1782843416601012,-0.6687637713437812,0.1946741911805013,0.0,0.0,0.0,0.0,0.0,0.0,0.0,0.0,0.0,0.0,0.0,0.0,0.0,0.0,0.0,0.0,0.0,0.0,0.0,0.0,0.0,0.0,0.0,0.0,0.0,0.0,0.0,0.0,0.0,0.0,0.0,0.0,0.0,0.0,0.0,0.0,0.0,0.0,0.0,0.0,0.0,0.0,sorry
0.0,0.0,-0.026231930761109606,-0.5092561226020421,-0.2823602744808985,-0.8720860088952941,-0.5934422146798907,-1.0,-0.77385056996916,-0.8625395727187058,-0.689092463258646,-0.6466684633332879,-0.8313534713106312,-0.7209953772318081,-0.706337053701193,-0.7227221867753375,-0.5951252439315851,-0.687454739431904,-0.7442279991473608,-0.32992827926945767,-0.8801789034974712,-0.43596791407005275,-0.7638304453891099,-0.4558861525807764,-0.6540829428394462,-0.4040126072886291,-0.7441113713207509,-0.031030717257545103,-0.8644854631488365,-0.1554342107812916,-0.7654255552022828,-0.1898731519872305,-0.6621299040206815,-0.14736051491364877,-0.7115634157527232,0.22539206686757754,-0.8293706188308365,0.09089273039019724,-0.7374463601711307,0.06695298499053699,-0.6476336034553416,0.1002862944002136,0.0,0.0,0.0,0.0,0.0,0.0,0.0,0.0,0.0,0.0,0.0,0.0,0.0,0.0,0.0,0.0,0.0,0.0,0.0,0.0,0.0,0.0,0.0,0.0,0.0,0.0,0.0,0.0,0.0,0.0,0.0,0.0,0.0,0.0,0.0,0.0,0.0,0.0,0.0,0.0,0.0,0.0,sorry
0.0,0.0,-0.028104236011795528,-0.5009822976689189,-0.2773218150358621,-0.8661623494144725,-0.5803500689759913,-1.0,-0.7631391579324198,-0.8773702699917374,-0.6984895794724557,-0.6433910513821415,-0.8479317146726307,-0.7182362396061408,-0.7264207878992788,-0.7142107718259744,-0.6083736672627108,-0.6786787346024433,-0.7593269461987268,-0.32739784230804697,-0.8763422293980556,-0.44388391783630543,-0.7692932989327254,-0.4563749907338937,-0.6657819418504369,-0.40518666910146794,-0.7549229692763035,-0.03005038953806878,-0.8584600002531229,-0.16639160644450912,-0.7712132361582452,-0.18712436109067043,-0.6729004811143193,-0.14137546985939023,-0.7185379982679161,0.22824218799438067,-0.822528119242584,0.09298234829349962,-0.7390353486135193,0.08174694580096223,-0.650805382839352,0.11716896496236605,0.0,0.0,0.0,0.0,0.0,0.0,0.0,0.0,0.0,0.0,0.0,0.0,0.0,0.0,0.0,0.0,0.0,0.0,0.0,0.0,0.0,0.0,0.0,0.0,0.0,0.0,0.0,0.0,0.0,0.0,0.0,0.0,0.0,0.0,0.0,0.0,0.0,0.0,0.0,0.0,0.0,0.0,sorry
0.0,0.0,-0.029096186746844707,-0.5031188866948271,-0.2625418922223701,-0.855234243239317,-0.563146716199969,-1.0,-0.7393324424790649,-0.8846250575586856,-0.6322008237075308,-0.6878884723122112,-0.8121140443887029,-0.7242521102537164,-0.6947757281032702,-0.7217065106705516,-0.582335779624477,-0.7023024862748678,-0.6953495359116731,-0.39279938891030497,-0.842757741849317,-0.4744349182011455,-0.7418422007699021,-0.4840049771665801,-0.6417424179177997,-0.44684146224835813,-0.7001552196984437,-0.09952649574044031,-0.819315974576808,-0.20745096208268976,-0.737279161664362,-0.22841091512278636,-0.6381850177843972,-0.19464772348781423,-0.6722337247989286,0.15473631830261195,-0.7801033444178098,0.03763578686216168,-0.7044256272356332,0.020533155278190045,-0.6180909834243136,0.04556322117583391,0.0,0.0,0.0,0.0,0.0,0.0,0.0,0.0,0.0,0.0,0.0,0.0,0.0,0.0,0.0,0.0,0.0,0.0,0.0,0.0,0.0,0.0,0.0,0.0,0.0,0.0,0.0,0.0,0.0,0.0,0.0,0.0,0.0,0.0,0.0,0.0,0.0,0.0,0.0,0.0,0.0,0.0,sorry
0.0,0.0,-0.026436199438388257,-0.4744001331546007,-0.24503668015513227,-0.8476635304940143,-0.5433860284313708,-1.0,-0.730694462092997,-0.8747568228310029,-0.599867561284226,-0.700173781071644,-0.848601787206778,-0.7123670914847275,-0.7519666254436249,-0.6905215042890457,-0.6180195400797138,-0.6717230813835908,-0.673269750818346,-0.40805442157390887,-0.8919550639016803,-0.46358311155814147,-0.7974718522986171,-0.45270094443122044,-0.6713640650811008,-0.42147100039552643,-0.7024127112531745,-0.11424163622664202,-0.8832051600987205,-0.20071767466250498,-0.8074910201181568,-0.20369450325638166,-0.6940114434209278,-0.17118312515995554,-0.7010604045823796,0.14839883382341623,-0.8557312854251193,0.04371050328501706,-0.7917848622547871,0.037137963557876616,-0.7018453724301967,0.05270810328072176,0.0,0.0,0.0,0.0,0.0,0.0,0.0,0.0,0.0,0.0,0.0,0.0,0.0,0.0,0.0,0.0,0.0,0.0,0.0,0.0,0.0,0.0,0.0,0.0,0.0,0.0,0.0,0.0,0.0,0.0,0.0,0.0,0.0,0.0,0.0,0.0,0.0,0.0,0.0,0.0,0.0,0.0,sorry
0.0,0.0,-0.0374133969173792,-0.4901294138514255,-0.2752182464339699,-0.8596969363346995,-0.5703949426351281,-1.0,-0.756399642573706,-0.8844435246767082,-0.6191406706960851,-0.6977650085449817,-0.8380539460846397,-0.715137052995308,-0.7406952755437654,-0.7122166530952857,-0.6217222201572573,-0.7019608210139539,-0.6817921568395477,-0.3915479505596197,-0.8924359982769658,-0.46164337518698356,-0.8027407508971635,-0.46848359837623715,-0.6868860377462438,-0.42700046466124536,-0.694880012247351,-0.09493003638978254,-0.8868265137843175,-0.1947425915313347,-0.8047134643431426,-0.21702584842614212,-0.6920071114448015,-0.17992199023690483,-0.6740930652112284,0.16397500699905382,-0.8347057011542193,0.05702999444401821,-0.7644342296860354,0.03711745458516822,-0.6767134615179176,0.05833736737223427,0.0,0.0,0.0,0.0,0.0,0.0,0.0,0.0,0.0,0.0,0.0,0.0,0.0,0.0,0.0,0.0,0.0,0.0,0.0,0.0,0.0,0.0,0.0,0.0,0.0,0.0,0.0,0.0,0.0,0.0,0.0,0.0,0.0,0.0,0.0,0.0,0.0,0.0,0.0,0.0,0.0,0.0,sorry
0.0,0.0,-0.03257461435572965,-0.48672552221087484,-0.2711781909528666,-0.8576432842335506,-0.5667201312388903,-1.0,-0.7470562270646474,-0.8883647080405609,-0.6046815003911442,-0.7052510667728461,-0.8218287273440361,-0.7165005914606161,-0.7263442111011851,-0.7057347255208052,-0.6095892529181184,-0.6925724425039131,-0.6702946197818449,-0.3998502195397783,-0.8742599713652935,-0.4656743740463005,-0.7948798417711065,-0.46953520965398676,-0.6877843526862433,-0.42975482674737425,-0.6864197409381416,-0.1066358155936149,-0.8719633610707159,-0.20440850775505728,-0.7962838139404772,-0.21491036015488327,-0.6901284063457434,-0.17697745702158288,-0.6737091363269276,0.15154517768067313,-0.8282135499655948,0.04960361947188155,-0.7625203040030252,0.04116643202701249,-0.681767479717083,0.06432968851146618,0.0,0.0,0.0,0.0,0.0,0.0,0.0,0.0,0.0,0.0,0.0,0.0,0.0,0.0,0.0,0.0,0.0,0.0,0.0,0.0,0.0,0.0,0.0,0.0,0.0,0.0,0.0,0.0,0.0,0.0,0.0,0.0,0.0,0.0,0.0,0.0,0.0,0.0,0.0,0.0,0.0,0.0,sorry
0.0,0.0,-0.03175986107345521,-0.4688935746473033,-0.2587777481707294,-0.8360356584343741,-0.5454637332871248,-1.0,-0.7336206073180142,-0.8943798614569332,-0.5737851946320968,-0.6810907547222894,-0.8415431368821055,-0.7458425342661764,-0.7762142588221886,-0.7446792878706453,-0.6571339536955719,-0.7143198381937972,-0.6480949835525579,-0.3851480771536186,-0.8983229647936755,-0.48585100662072933,-0.8247754727486035,-0.49960675587845754,-0.7086350459806222,-0.4587224484961302,-0.6790699691407746,-0.0875582362378445,-0.9062186688189219,-0.21033946223127198,-0.8409252714316254,-0.23367105079954262,-0.7274935610642983,-0.19182052227191707,-0.6772937851659608,0.17453767160415468,-0.8650675396106766,0.06069488718131681,-0.8163941494162802,0.03322352841670365,-0.7314957092577498,0.053147180460256,0.0,0.0,0.0,0.0,0.0,0.0,0.0,0.0,0.0,0.0,0.0,0.0,0.0,0.0,0.0,0.0,0.0,0.0,0.0,0.0,0.0,0.0,0.0,0.0,0.0,0.0,0.0,0.0,0.0,0.0,0.0,0.0,0.0,0.0,0.0,0.0,0.0,0.0,0.0,0.0,0.0,0.0,sorry
0.0,0.0,-0.03653490190357847,-0.47646068360179356,-0.2913801277472735,-0.860857940086333,-0.5991594403740802,-1.0,-0.7828657479513027,-0.8805792478725836,-0.6058935237771637,-0.6684613133544022,-0.8522559464034277,-0.7053654388566254,-0.7802695305585674,-0.70438843283217,-0.6613049932799704,-0.6888463519267495,-0.6734435637593384,-0.3618177791258358,-0.9078631017450729,-0.43999142540233455,-0.8370073942562648,-0.45283410910908684,-0.7250654880449294,-0.4125315432229991,-0.696068048860975,-0.07707140131518674,-0.9078755544802718,-0.18108038151622724,-0.840218065182953,-0.20526626171557774,-0.7303205422988283,-0.16814590336143798,-0.6882520006653319,0.1663295829845826,-0.8580589210060743,0.05355192034518982,-0.8017611725495464,0.037655292279037335,-0.7191123690350286,0.057270307075555194,0.0,0.0,0.0,0.0,0.0,0.0,0.0,0.0,0.0,0.0,0.0,0.0,0.0,0.0,0.0,0.0,0.0,0.0,0.0,0.0,0.0,0.0,0.0,0.0,0.0,0.0,0.0,0.0,0.0,0.0,0.0,0.0,0.0,0.0,0.0,0.0,0.0,0.0,0.0,0.0,0.0,0.0,sorry
0.0,0.0,-0.044652618948278856,-0.49188911853293105,-0.2960278706694597,-0.8709996239745513,-0.604324668863821,-1.0,-0.782339308238576,-0.8803875408920957,-0.6062150073745057,-0.6891958877613301,-0.8541617812320127,-0.7292760085910798,-0.782840197783295,-0.7180647534095332,-0.6723471171710704,-0.6956028311366269,-0.6675291903414308,-0.3800433136888849,-0.9028082598047427,-0.4671389766052695,-0.8356123867333063,-0.4840219638990489,-0.7309547768040846,-0.4468568912351316,-0.6848371096810161,-0.09914316716615292,-0.8980408518776819,-0.21696990846942235,-0.8331842547987135,-0.2415109881300285,-0.7280988465029723,-0.20192871137923948,-0.6758175149751822,0.1423884226440053,-0.8510446574558644,0.01639248816164759,-0.7988776204665331,-0.0004453545808910639,-0.7208610284107918,0.023164349992807327,0.0,0.0,0.0,0.0,0.0,0.0,0.0,0.0,0.0,0.0,0.0,0.0,0.0,0.0,0.0,0.0,0.0,0.0,0.0,0.0,0.0,0.0,0.0,0.0,0.0,0.0,0.0,0.0,0.0,0.0,0.0,0.0,0.0,0.0,0.0,0.0,0.0,0.0,0.0,0.0,0.0,0.0,sorry
0.0,0.0,-0.04797640383669329,-0.4807531847254807,-0.2912738286534252,-0.8590483633745438,-0.592910436009923,-1.0,-0.7807686056348582,-0.8889173254640843,-0.6074712495968301,-0.6815747825416483,-0.8470785159582882,-0.7211538496345498,-0.7494884131413659,-0.7069065221396837,-0.6329403656058697,-0.6952280792316188,-0.6755154692354668,-0.3774683862307931,-0.8932713794075837,-0.46427652224466176,-0.7995803051095699,-0.4595181219214743,-0.6885294859733073,-0.4220574389055064,-0.6927210049799402,-0.0919612898975306,-0.8968348402506007,-0.20786643754911796,-0.808507418869184,-0.21414629519892067,-0.6956933309634846,-0.1790740431705824,-0.6802050908548577,0.15577580024926851,-0.8423849124139406,0.04241021573707422,-0.7664915946994063,0.03776041336724968,-0.6769743017423093,0.059293577553237435,0.0,0.0,0.0,0.0,0.0,0.0,0.0,0.0,0.0,0.0,0.0,0.0,0.0,0.0,0.0,0.0,0.0,0.0,0.0,0.0,0.0,0.0,0.0,0.0,0.0,0.0,0.0,0.0,0.0,0.0,0.0,0.0,0.0,0.0,0.0,0.0,0.0,0.0,0.0,0.0,0.0,0.0,sorry
0.0,0.0,-0.03662993023005379,-0.46931748301093307,-0.2855190521262547,-0.8517525023096063,-0.5971008773669921,-1.0,-0.7868559315789772,-0.889267663528625,-0.5873470417202741,-0.6766898382992229,-0.8201351615590834,-0.731444332821347,-0.7347923763156254,-0.708913273576404,-0.6242855098420399,-0.6819058467044894,-0.6576281477241168,-0.37715905677380596,-0.8803209502541984,-0.4786976016935223,-0.7974156497786745,-0.4791770575332838,-0.694861338608115,-0.4379665262955049,-0.6774535669955848,-0.10175232519256165,-0.8858742780709261,-0.2280589176306557,-0.8021425494652482,-0.23905115565329269,-0.6973955292824068,-0.200442828034936,-0.6685835454014748,0.13838615199759688,-0.83843206073556,0.0036773040802099335,-0.7708119612099503,-0.004600083882632328,-0.6929566219103702,0.019843662327062916,0.0,0.0,0.0,0.0,0.0,0.0,0.0,0.0,0.0,0.0,0.0,0.0,0.0,0.0,0.0,0.0,0.0,0.0,0.0,0.0,0.0,0.0,0.0,0.0,0.0,0.0,0.0,0.0,0.0,0.0,0.0,0.0,0.0,0.0,0.0,0.0,0.0,0.0,0.0,0.0,0.0,0.0,sorry
0.0,0.0,-0.048604860486048604,-0.4702908331745842,-0.296848410254086,-0.8536244556792422,-0.6064899959704861,-1.0,-0.7896055537890532,-0.8770578670770303,-0.5959534191027285,-0.6884691813005062,-0.8256211931185251,-0.7345478056853679,-0.7292039196051785,-0.7130159318056117,-0.6179057716944,-0.6891473470714499,-0.6617276204410371,-0.3857581470184784,-0.8822656065763933,-0.47827107651756523,-0.7951983632666965,-0.4768736708446612,-0.6879127330514326,-0.43356737325974926,-0.6808642705340557,-0.10636801288311365,-0.881578677143875,-0.2280557914170646,-0.7996602177920389,-0.23600770777313765,-0.6935437839614016,-0.1943927083503,-0.6741058055451493,0.13685723411050782,-0.8423950184160823,0.006492722442976005,-0.7718147896614996,0.0020191830355340804,-0.6906767387989783,0.029374731336233546,0.0,0.0,0.0,0.0,0.0,0.0,0.0,0.0,0.0,0.0,0.0,0.0,0.0,0.0,0.0,0.0,0.0,0.0,0.0,0.0,0.0,0.0,0.0,0.0,0.0,0.0,0.0,0.0,0.0,0.0,0.0,0.0,0.0,0.0,0.0,0.0,0.0,0.0,0.0,0.0,0.0,0.0,sorry
0.0,0.0,-0.05700851367163858,-0.47938149229106986,-0.30265022214451276,-0.8516519392252065,-0.617408418626963,-1.0,-0.810249043949196,-0.8935937198782352,-0.5930518755632069,-0.700568743751485,-0.8310458949218347,-0.7365614450377265,-0.7299596060129206,-0.7140670602950868,-0.6137863198432659,-0.6927525745002309,-0.6684072395349984,-0.40109283443845184,-0.8862919575168233,-0.49213110785329045,-0.792101966797129,-0.4836427216849807,-0.6863595647671181,-0.4431761061272433,-0.6969342712270178,-0.12254432802966111,-0.8922489273849713,-0.24517276163064383,-0.8015332678780379,-0.24616499217674723,-0.6945039968079335,-0.2064702111157438,-0.6967807651096376,0.118367742195801,-0.84590586093888,-0.011155016969061165,-0.7701010970486835,-0.010199548986115407,-0.6908714969088064,0.017049759474205683,0.0,0.0,0.0,0.0,0.0,0.0,0.0,0.0,0.0,0.0,0.0,0.0,0.0,0.0,0.0,0.0,0.0,0.0,0.0,0.0,0.0,0.0,0.0,0.0,0.0,0.0,0.0,0.0,0.0,0.0,0.0,0.0,0.0,0.0,0.0,0.0,0.0,0.0,0.0,0.0,0.0,0.0,sorry
0.0,0.0,-0.06440845502911433,-0.4773379958703752,-0.3142729341730734,-0.853778908547094,-0.6275631063413822,-1.0,-0.8141940279540579,-0.8751313454978044,-0.6226960419260258,-0.7053477068104395,-0.8725653060535287,-0.7213941491245642,-0.7765726469544362,-0.6976481161749836,-0.6629222943517594,-0.6917976456224624,-0.6878781919866065,-0.3943108017966877,-0.9233766782294567,-0.46053239751324404,-0.8318233796320366,-0.4549282615943142,-0.7191348087216631,-0.42540509716691244,-0.703733418996808,-0.10175543562628211,-0.9202712239095322,-0.20219610500499158,-0.8340023875227506,-0.21332395231174978,-0.7197244659245219,-0.18493574917337108,-0.6892603160794495,0.15414217161509114,-0.8631977805774022,0.040509854719617905,-0.788779876125978,0.02721588217014831,-0.7011752931791624,0.04103141792589183,0.0,0.0,0.0,0.0,0.0,0.0,0.0,0.0,0.0,0.0,0.0,0.0,0.0,0.0,0.0,0.0,0.0,0.0,0.0,0.0,0.0,0.0,0.0,0.0,0.0,0.0,0.0,0.0,0.0,0.0,0.0,0.0,0.0,0.0,0.0,0.0,0.0,0.0,0.0,0.0,0.0,0.0,sorry
0.0,0.0,-0.0753321746040362,-0.489652119038203,-0.3400394145204511,-0.8620362544167784,-0.6401720886557153,-1.0,-0.8214246019129742,-0.8646781055182174,-0.6587641919414033,-0.6784958231464485,-0.8825902215506664,-0.7250317468933463,-0.7940943947116451,-0.705135611576806,-0.6719895101396198,-0.6762466771461878,-0.7226682234552954,-0.381644738323993,-0.9352555389512872,-0.4693898651435543,-0.8488101977040322,-0.46919046622053007,-0.7312368382863657,-0.4293682857489959,-0.7349836917528975,-0.1022944169409325,-0.9323188359238577,-0.20446439418360726,-0.8515445477503186,-0.21891730815885005,-0.7386851265758515,-0.18925339504360744,-0.7134109438252616,0.13978344538445037,-0.873308201683887,0.03735240325551975,-0.801050463067073,0.02684518778393576,-0.7132861348697389,0.043396221538111596,0.0,0.0,0.0,0.0,0.0,0.0,0.0,0.0,0.0,0.0,0.0,0.0,0.0,0.0,0.0,0.0,0.0,0.0,0.0,0.0,0.0,0.0,0.0,0.0,0.0,0.0,0.0,0.0,0.0,0.0,0.0,0.0,0.0,0.0,0.0,0.0,0.0,0.0,0.0,0.0,0.0,0.0,sorry
0.0,0.0,-0.05075748620790818,-0.4831993624737535,-0.30840368630012127,-0.844736311827911,-0.6178660278037343,-1.0,-0.8025824041771676,-0.8835870256774012,-0.6280420957618157,-0.6919113766336313,-0.8638932683072116,-0.7316807582216889,-0.7744664322180421,-0.7155096541680767,-0.6584598407770179,-0.695902659862085,-0.6923255062173664,-0.40205985721825405,-0.9128454994986972,-0.47716003346939884,-0.8298150698146469,-0.4831997270244434,-0.7239466330599538,-0.4504093038439774,-0.7074459751826649,-0.12858760030042624,-0.9052646679020682,-0.22602142774272674,-0.8268618446757052,-0.24466090451770353,-0.7216517864669852,-0.21357056347962175,-0.6904433310053734,0.11033090174985243,-0.8425608555858872,0.010974433968979106,-0.7751984500033766,0.0006224703030172676,-0.6936721564658852,0.019287283350942652,0.0,0.0,0.0,0.0,0.0,0.0,0.0,0.0,0.0,0.0,0.0,0.0,0.0,0.0,0.0,0.0,0.0,0.0,0.0,0.0,0.0,0.0,0.0,0.0,0.0,0.0,0.0,0.0,0.0,0.0,0.0,0.0,0.0,0.0,0.0,0.0,0.0,0.0,0.0,0.0,0.0,0.0,sorry
0.0,0.0,-0.09081062326213696,-0.5051741910349167,-0.3537360994324056,-0.874498106460691,-0.6591135716050984,-1.0,-0.8488694286031554,-0.9005092684159737,-0.6469668038948322,-0.6919219582886696,-0.8934413511297489,-0.7501261861026292,-0.8543068345010377,-0.7514126300511362,-0.7502255459745512,-0.7361162572192471,-0.7163542049509071,-0.40147183470106607,-0.9564297147147204,-0.5053166411241069,-0.8961400512446437,-0.5283759829897395,-0.7814490352091007,-0.49137803075650716,-0.7421462704435507,-0.14050514072834994,-0.970753613315681,-0.2561785389406574,-0.9107009927761728,-0.291662070999966,-0.7997398509919723,-0.26424921512244165,-0.7341144782756136,0.07962062662336085,-0.9286732587532963,-0.04330445322907432,-0.8765316656079497,-0.06433846141191593,-0.7883116897683822,-0.044970857553275775,0.0,0.0,0.0,0.0,0.0,0.0,0.0,0.0,0.0,0.0,0.0,0.0,0.0,0.0,0.0,0.0,0.0,0.0,0.0,0.0,0.0,0.0,0.0,0.0,0.0,0.0,0.0,0.0,0.0,0.0,0.0,0.0,0.0,0.0,0.0,0.0,0.0,0.0,0.0,0.0,0.0,0.0,sorry
0.0,0.0,-0.06989811047298951,-0.47425715131870777,-0.3067739028638408,-0.8575157696366343,-0.5940637628111137,-1.0,-0.7808207116984486,-0.8827676640685337,-0.6071600953875244,-0.7372347706922557,-0.8625821382746816,-0.7679349077499292,-0.7817469632036538,-0.7436389547579377,-0.6492170512924801,-0.7183697489534531,-0.6784639637719507,-0.4512166451267276,-0.9020185618865748,-0.5191310212164831,-0.8207094647230525,-0.5083359843311602,-0.6999952161045652,-0.47071539340280344,-0.7173088224152864,-0.17811001135290982,-0.9155988683202068,-0.27651827717964605,-0.8433467834632089,-0.27621113992410173,-0.7289472768187133,-0.24003874769158431,-0.733347716043603,0.06307277607962934,-0.9198623057147447,-0.07685709610845928,-0.8485331217747097,-0.06839946680972438,-0.7492738065344289,-0.03239460398932205,0.0,0.0,0.0,0.0,0.0,0.0,0.0,0.0,0.0,0.0,0.0,0.0,0.0,0.0,0.0,0.0,0.0,0.0,0.0,0.0,0.0,0.0,0.0,0.0,0.0,0.0,0.0,0.0,0.0,0.0,0.0,0.0,0.0,0.0,0.0,0.0,0.0,0.0,0.0,0.0,0.0,0.0,sorry
0.0,0.0,-0.05294727379381959,-0.47243673589671364,-0.29590485725892895,-0.8629113061488962,-0.5877810408026856,-1.0,-0.7727858144872728,-0.8860908682714056,-0.6242246597297174,-0.73445280187861,-0.8625314565827111,-0.7519783134344592,-0.7768208097321809,-0.729968792095113,-0.6485023087528087,-0.7150344569852439,-0.6871067752854217,-0.4379336406712349,-0.8938717417394805,-0.4906961026839542,-0.8095838109342013,-0.48072574879914176,-0.6944520209837601,-0.44572641348940073,-0.710732191181652,-0.16015298101960695,-0.8952687998110979,-0.24295572419165762,-0.8199124468131588,-0.2449763825789796,-0.7085761776870453,-0.21163142878657307,-0.7098668853172246,0.08957998083089071,-0.8879603677271033,-0.026491485922046244,-0.8184603542473707,-0.021063151152424166,-0.724083633838405,0.006772403547865601,0.0,0.0,0.0,0.0,0.0,0.0,0.0,0.0,0.0,0.0,0.0,0.0,0.0,0.0,0.0,0.0,0.0,0.0,0.0,0.0,0.0,0.0,0.0,0.0,0.0,0.0,0.0,0.0,0.0,0.0,0.0,0.0,0.0,0.0,0.0,0.0,0.0,0.0,0.0,0.0,0.0,0.0,sorry
0.0,0.0,-0.09279026935084432,-0.49767502812609765,-0.3364230735628946,-0.8678795507669376,-0.6167301695410855,-1.0,-0.7859339201628907,-0.8882793960065398,-0.668848407911323,-0.7035230277409796,-0.861518684465301,-0.7247351867733348,-0.7881950622874941,-0.7142821738487021,-0.679330393836685,-0.7114846300459824,-0.7344964135882482,-0.4347305154341404,-0.894561455746193,-0.48647272882875975,-0.8193058247320666,-0.4896931001467371,-0.7075149723552999,-0.46393547846459143,-0.7584960427338389,-0.18508969149548823,-0.9011701526386826,-0.26503877033236045,-0.8349894003391178,-0.27107353436732773,-0.726073382816247,-0.24057646465204763,-0.757228362517317,0.03128263919966766,-0.9018644348838495,-0.07653703997560919,-0.8319152312402049,-0.0715802498631583,-0.7329245614379166,-0.0429920105836143,0.0,0.0,0.0,0.0,0.0,0.0,0.0,0.0,0.0,0.0,0.0,0.0,0.0,0.0,0.0,0.0,0.0,0.0,0.0,0.0,0.0,0.0,0.0,0.0,0.0,0.0,0.0,0.0,0.0,0.0,0.0,0.0,0.0,0.0,0.0,0.0,0.0,0.0,0.0,0.0,0.0,0.0,sorry
0.0,0.0,-0.08467026923856899,-0.512830070739243,-0.35010204105977644,-0.8710015865631225,-0.6477002469312529,-1.0,-0.8234946856099917,-0.8681969246919324,-0.7077493468847297,-0.7474503572749287,-0.9150742583115629,-0.7341629269107349,-0.8066661417886412,-0.7003415047298668,-0.6700340932135657,-0.6916944732729724,-0.77777876391225,-0.43886922186832716,-0.9331943838051271,-0.46043980006918844,-0.8306608930083861,-0.43767040045807537,-0.7107539395674528,-0.4125344689785158,-0.7910995956053395,-0.14319531427071777,-0.9343439621133498,-0.1982636080592635,-0.845862887544883,-0.1908990921995968,-0.7288586050173568,-0.1665899867587589,-0.7697639718951675,0.11545255221939901,-0.8822724355533288,0.044113039640219974,-0.7981486120554939,0.04810497560510086,-0.7019249185842609,0.0682851042002171,0.0,0.0,0.0,0.0,0.0,0.0,0.0,0.0,0.0,0.0,0.0,0.0,0.0,0.0,0.0,0.0,0.0,0.0,0.0,0.0,0.0,0.0,0.0,0.0,0.0,0.0,0.0,0.0,0.0,0.0,0.0,0.0,0.0,0.0,0.0,0.0,0.0,0.0,0.0,0.0,0.0,0.0,sorry
0.0,0.0,-0.060477168525558296,-0.5011536549403202,-0.3092842085826674,-0.8729961691625504,-0.6072906820296756,-1.0,-0.7886955335996931,-0.8851065522887873,-0.6781934300577619,-0.761941767562383,-0.9018603337776956,-0.730597814603228,-0.8040459236946007,-0.705526824167381,-0.6737738867220169,-0.7056076553397439,-0.7444506551284433,-0.443926536922173,-0.9187678586673228,-0.448002089056058,-0.8270691910972527,-0.43084984948212035,-0.7136026984670856,-0.4105333157700169,-0.7568100021284576,-0.13722158634604087,-0.9083459489193345,-0.1810141192840193,-0.8252088186905621,-0.17881130083527477,-0.7108519277220597,-0.1546394002616728,-0.7383843577292177,0.13607778179948538,-0.8518218786130182,0.08258203156838742,-0.7689256001690404,0.08139766657691863,-0.6751343999313949,0.09735839479528371,0.0,0.0,0.0,0.0,0.0,0.0,0.0,0.0,0.0,0.0,0.0,0.0,0.0,0.0,0.0,0.0,0.0,0.0,0.0,0.0,0.0,0.0,0.0,0.0,0.0,0.0,0.0,0.0,0.0,0.0,0.0,0.0,0.0,0.0,0.0,0.0,0.0,0.0,0.0,0.0,0.0,0.0,sorry
0.0,0.0,-0.08729167473653016,-0.5329234676696094,-0.3653135922695372,-0.8838985882727539,-0.659074477318417,-1.0,-0.8192136206074999,-0.8698512803699466,-0.7355241475953783,-0.7125494547490552,-0.8815930939143066,-0.7223161363847395,-0.7824031815618276,-0.7115562360290971,-0.6759638289721475,-0.7035744383050674,-0.8002509086589064,-0.42631101071634625,-0.9100646843189872,-0.484985605834692,-0.816420969054537,-0.49376629687694895,-0.7096715483703447,-0.46400420788166036,-0.8093088632214203,-0.16108324781594743,-0.9096886364028097,-0.25187889589069884,-0.8298838180595297,-0.26271867631133505,-0.726270292270223,-0.23020860187831207,-0.7898855898772127,0.06486557816023422,-0.8909575951763561,-0.04996637067797417,-0.8113903783257027,-0.052904882117596426,-0.7225739395643367,-0.026794665049543247,0.0,0.0,0.0,0.0,0.0,0.0,0.0,0.0,0.0,0.0,0.0,0.0,0.0,0.0,0.0,0.0,0.0,0.0,0.0,0.0,0.0,0.0,0.0,0.0,0.0,0.0,0.0,0.0,0.0,0.0,0.0,0.0,0.0,0.0,0.0,0.0,0.0,0.0,0.0,0.0,0.0,0.0,sorry
0.0,0.0,-0.06916245429041007,-0.5234874281151649,-0.34349766519919595,-0.889849403017998,-0.6551997862484427,-1.0,-0.8233149588807869,-0.8478109494856603,-0.7325905492607241,-0.7079874692809808,-0.8973456592588911,-0.7284133840164787,-0.7810172772152646,-0.6990435161509807,-0.6480167397295172,-0.6773954427111651,-0.8015403782284097,-0.4048063808568082,-0.9067446694151968,-0.45836466077814264,-0.7998704441869208,-0.45756852943278165,-0.6831515694273136,-0.429862770257465,-0.8065119272126238,-0.12800102681525713,-0.8976396453215438,-0.2137428192836216,-0.8078424374512613,-0.22315212089390404,-0.6952816984549615,-0.19382205959567403,-0.7774713858743775,0.10758977254721641,-0.8477657059238386,0.0017538191003172098,-0.7628103358819892,-0.003930170348806502,-0.6688738275509601,0.019957459401184954,0.0,0.0,0.0,0.0,0.0,0.0,0.0,0.0,0.0,0.0,0.0,0.0,0.0,0.0,0.0,0.0,0.0,0.0,0.0,0.0,0.0,0.0,0.0,0.0,0.0,0.0,0.0,0.0,0.0,0.0,0.0,0.0,0.0,0.0,0.0,0.0,0.0,0.0,0.0,0.0,0.0,0.0,sorry
0.0,0.0,-0.055790838450518174,-0.5084330546971172,-0.3224730936995952,-0.8921800380446722,-0.6405639344186012,-1.0,-0.8046025483454484,-0.850409326315369,-0.7158313881535693,-0.6936419911428157,-0.8771966765297411,-0.7162059794622365,-0.7623332540332064,-0.6906813238118893,-0.6393883924390722,-0.6703986198287931,-0.7881319701467013,-0.38967888489673824,-0.8876819370791301,-0.44413945887066925,-0.7835005712905233,-0.44362003334483086,-0.6764723503336131,-0.4136422587080361,-0.794242927116979,-0.11609131419311346,-0.87750243765488,-0.19943943147431734,-0.7863210577124609,-0.21240645638754768,-0.6790275981891651,-0.18278640481725975,-0.7679166421883268,0.11396455846600594,-0.8316677398358662,0.015622900558222482,-0.7447701178508463,0.011798075120292864,-0.6567365070058463,0.03450001463853199,0.0,0.0,0.0,0.0,0.0,0.0,0.0,0.0,0.0,0.0,0.0,0.0,0.0,0.0,0.0,0.0,0.0,0.0,0.0,0.0,0.0,0.0,0.0,0.0,0.0,0.0,0.0,0.0,0.0,0.0,0.0,0.0,0.0,0.0,0.0,0.0,0.0,0.0,0.0,0.0,0.0,0.0,sorry
0.0,0.0,-0.07400993433118189,-0.526951480082883,-0.3585339090469702,-0.8954443032000623,-0.6727584824678294,-1.0,-0.8328028373122736,-0.8442367246816059,-0.778154060757929,-0.689847043643566,-0.9169772880523303,-0.7504507709376624,-0.7910946150675227,-0.731785247950935,-0.6669418866615077,-0.7054925283256839,-0.8442574474469655,-0.38511837270218563,-0.9308824667729758,-0.48534138622704065,-0.8184450083835776,-0.49153342978223014,-0.7064025015222091,-0.4484642094478338,-0.8418458864193358,-0.10635248245523324,-0.9177968531058651,-0.22490803257049855,-0.8244190565737589,-0.2433545443703865,-0.7144971793675209,-0.2068306704241239,-0.8082410780876463,0.13059649261101358,-0.8795284067464385,-0.00151337136434827,-0.7899115889627301,-0.017265923667490635,-0.6946122638544384,0.010974532737194906,0.0,0.0,0.0,0.0,0.0,0.0,0.0,0.0,0.0,0.0,0.0,0.0,0.0,0.0,0.0,0.0,0.0,0.0,0.0,0.0,0.0,0.0,0.0,0.0,0.0,0.0,0.0,0.0,0.0,0.0,0.0,0.0,0.0,0.0,0.0,0.0,0.0,0.0,0.0,0.0,0.0,0.0,sorry
0.0,0.0,-0.05945961901966333,-0.5208968216271292,-0.3395679586128057,-0.8925552550709613,-0.6681541582987521,-1.0,-0.8334544010327808,-0.8368088948944523,-0.7770585276144791,-0.7061134750104089,-0.9185155551867447,-0.7467332879613293,-0.7775242202486707,-0.71659589418456,-0.6584441778822008,-0.6863390841006631,-0.8438552827111403,-0.39720134415077873,-0.9310426044768833,-0.4775562366172715,-0.8125739901168298,-0.4723904750168081,-0.6972263008172122,-0.4255995121787087,-0.8472294900686298,-0.1098334839196705,-0.9148453357559259,-0.21791896906880256,-0.8185156996835726,-0.22893231087377852,-0.7041472860296132,-0.18463247335014038,-0.8205547563504808,0.13921794601061804,-0.8775630898953988,0.018349239337733882,-0.7858484760848461,0.009913101671890226,-0.6887084192315369,0.040109429512073434,0.0,0.0,0.0,0.0,0.0,0.0,0.0,0.0,0.0,0.0,0.0,0.0,0.0,0.0,0.0,0.0,0.0,0.0,0.0,0.0,0.0,0.0,0.0,0.0,0.0,0.0,0.0,0.0,0.0,0.0,0.0,0.0,0.0,0.0,0.0,0.0,0.0,0.0,0.0,0.0,0.0,0.0,sorry
0.0,0.0,-0.05198417508833574,-0.5196413812514279,-0.32442416964302034,-0.8961122266019179,-0.6446332240015041,-1.0,-0.786158114515636,-0.848163222205122,-0.7844105481845561,-0.6943338797371665,-0.8928724069264167,-0.750863851490359,-0.7484014087966353,-0.7229078964528142,-0.6396499230027095,-0.68849711848657,-0.8469407836250011,-0.3809453586294717,-0.9032195273993217,-0.4679490799694401,-0.7773743265226382,-0.4586840780591883,-0.6741247334660075,-0.4047634050296454,-0.8400620390132542,-0.09419639880011066,-0.884391318010401,-0.20015598602232887,-0.7760295419593106,-0.2100159693166895,-0.6668724148921819,-0.16461069926856914,-0.8027217998380907,0.1544968327402753,-0.8407581243400798,0.04143729773466914,-0.7374968890112575,0.030402466200900886,-0.6442265614763545,0.05897627866615917,0.0,0.0,0.0,0.0,0.0,0.0,0.0,0.0,0.0,0.0,0.0,0.0,0.0,0.0,0.0,0.0,0.0,0.0,0.0,0.0,0.0,0.0,0.0,0.0,0.0,0.0,0.0,0.0,0.0,0.0,0.0,0.0,0.0,0.0,0.0,0.0,0.0,0.0,0.0,0.0,0.0,0.0,sorry
0.0,0.0,-0.06870718105115452,-0.5238826153215755,-0.3383460309902792,-0.8769661681976308,-0.636381440740107,-1.0,-0.7778611231698093,-0.8419543046711101,-0.7949116826359008,-0.6536080605818171,-0.8612112507349379,-0.7728863774324491,-0.7022335009103386,-0.7369893411932368,-0.5976146711161741,-0.6686469653584214,-0.8498163390928923,-0.35367698289139643,-0.8776064799959897,-0.5107342032238025,-0.74418498455641,-0.5054937940493419,-0.6432515499908976,-0.4257001875474272,-0.837450101851181,-0.08088183213196228,-0.8639139550831928,-0.24675851031206422,-0.7600683702816581,-0.26280791031656975,-0.6593027765583779,-0.2005381460426397,-0.7993167436765912,0.15451890665187556,-0.8333021802870424,-0.016089990292832545,-0.7352250843111027,-0.03846274836436359,-0.6445124872977767,0.0017508620869862055,0.0,0.0,0.0,0.0,0.0,0.0,0.0,0.0,0.0,0.0,0.0,0.0,0.0,0.0,0.0,0.0,0.0,0.0,0.0,0.0,0.0,0.0,0.0,0.0,0.0,0.0,0.0,0.0,0.0,0.0,0.0,0.0,0.0,0.0,0.0,0.0,0.0,0.0,0.0,0.0,0.0,0.0,sorry
0.0,0.0,-0.0621351879416912,-0.5211060532941386,-0.323236504773784,-0.868780248745347,-0.6101203514629493,-1.0,-0.7406662276741206,-0.8875547692409415,-0.812631341697479,-0.6838201583242489,-0.858185793649523,-0.7488055403714775,-0.7021216563811142,-0.700755609162455,-0.6059134666265515,-0.6444723845341831,-0.8742315464590164,-0.37486290146350026,-0.8751817497754962,-0.4833786152689148,-0.7377603104856911,-0.4667109679037122,-0.6352656005399318,-0.39954386082369947,-0.8560076032899074,-0.08831464080339378,-0.856507447660327,-0.2261725082685362,-0.7449180236519536,-0.2279121912333036,-0.637181185475321,-0.16919232926021163,-0.8068924879254525,0.16175953535265747,-0.8137393577748359,0.011935551680352437,-0.7065200373344656,0.004156151880331769,-0.6135535587193421,0.04399940367984428,0.0,0.0,0.0,0.0,0.0,0.0,0.0,0.0,0.0,0.0,0.0,0.0,0.0,0.0,0.0,0.0,0.0,0.0,0.0,0.0,0.0,0.0,0.0,0.0,0.0,0.0,0.0,0.0,0.0,0.0,0.0,0.0,0.0,0.0,0.0,0.0,0.0,0.0,0.0,0.0,0.0,0.0,sorry
0.0,0.0,-0.0517991652440058,-0.5072511882913743,-0.31390687952087337,-0.8632098063099493,-0.6058103341595524,-1.0,-0.7328954004451402,-0.8859818616643584,-0.8067851083225267,-0.6867151202303687,-0.8590049578397316,-0.7067071746716159,-0.7037672129719381,-0.6581521485284185,-0.5972751036884921,-0.6124500712948584,-0.8679520558477266,-0.3740221163630753,-0.8663799478028221,-0.44030193123260597,-0.7228714010791055,-0.41997095725089967,-0.6113491338343828,-0.36083080945511,-0.8499086050821137,-0.08005113707033498,-0.8445583156255133,-0.18162329759581247,-0.7281939807931599,-0.18342967891860631,-0.6148987098700739,-0.13696107043575145,-0.8028669087420565,0.17891299088359966,-0.7959340151259507,0.05845076298881062,-0.6809702818259251,0.05253893140106861,-0.5835959373738826,0.08060281285375186,0.0,0.0,0.0,0.0,0.0,0.0,0.0,0.0,0.0,0.0,0.0,0.0,0.0,0.0,0.0,0.0,0.0,0.0,0.0,0.0,0.0,0.0,0.0,0.0,0.0,0.0,0.0,0.0,0.0,0.0,0.0,0.0,0.0,0.0,0.0,0.0,0.0,0.0,0.0,0.0,0.0,0.0,sorry
0.0,0.0,-0.07901274410383495,-0.5189359899911797,-0.3397486775089722,-0.874527228862555,-0.604394251662707,-1.0,-0.7466889075176788,-0.9021361012391643,-0.832787807150919,-0.6451788385692915,-0.8607559178111784,-0.7276252272296934,-0.7078758675396835,-0.6981159777731425,-0.6129495015486821,-0.6453504770675661,-0.8816267219058389,-0.3256758511848304,-0.8776611073285047,-0.4439037285129372,-0.7342087115393109,-0.4373700958945383,-0.6266108327725018,-0.365713318666441,-0.8571370785946896,-0.031215904613599105,-0.85737212494583,-0.16753666613753906,-0.7391862279892758,-0.17910750604670403,-0.6278004952809252,-0.1235370824428903,-0.8049644413134084,0.22320329475949402,-0.8215613374771459,0.08011254237940373,-0.7098474144682727,0.05850970555579607,-0.6134919666623374,0.0896643887942144,0.0,0.0,0.0,0.0,0.0,0.0,0.0,0.0,0.0,0.0,0.0,0.0,0.0,0.0,0.0,0.0,0.0,0.0,0.0,0.0,0.0,0.0,0.0,0.0,0.0,0.0,0.0,0.0,0.0,0.0,0.0,0.0,0.0,0.0,0.0,0.0,0.0,0.0,0.0,0.0,0.0,0.0,sorry
0.0,0.0,-0.05959370209908226,-0.5344638040769336,-0.3299928700540088,-0.8883824398369924,-0.6036722492472129,-1.0,-0.7262593512403271,-0.8673455014837701,-0.8212960802740341,-0.6415175446820851,-0.8383769888079472,-0.7290358873948224,-0.6824742874959935,-0.6974392155751162,-0.5858883760076227,-0.6357724871301205,-0.8617880683515434,-0.3138015694602827,-0.8540179535092635,-0.4371701309773259,-0.7122975215261137,-0.43695972125617877,-0.6044456412481548,-0.36704983766835503,-0.8248006558678147,-0.014163517788888186,-0.8206580918345765,-0.15547534063480503,-0.7034058029474805,-0.1723600121230886,-0.5966641882654607,-0.11989254931545977,-0.756204906362223,0.24650229270281643,-0.7628385906691465,0.09238447634144374,-0.6515392615818014,0.0711315682174481,-0.5608114619877941,0.10817479923860027,0.0,0.0,0.0,0.0,0.0,0.0,0.0,0.0,0.0,0.0,0.0,0.0,0.0,0.0,0.0,0.0,0.0,0.0,0.0,0.0,0.0,0.0,0.0,0.0,0.0,0.0,0.0,0.0,0.0,0.0,0.0,0.0,0.0,0.0,0.0,0.0,0.0,0.0,0.0,0.0,0.0,0.0,sorry
0.0,0.0,-0.04308440217738165,-0.5265940472755182,-0.31375700887677416,-0.8802065883305304,-0.5885812380571577,-1.0,-0.7199134196772766,-0.9025813176988355,-0.81909872895155,-0.6422812213105856,-0.8299555261232886,-0.7293975434360802,-0.6717902085466431,-0.6960792838358487,-0.5744091651206544,-0.6317003334586144,-0.8683975821659372,-0.3229768968220243,-0.8504365291283982,-0.4452329819098838,-0.7033784981652412,-0.44380946874091415,-0.5945774927163322,-0.3764038073085968,-0.8358387550587466,-0.027854949593909266,-0.8241019718952155,-0.16670530560857424,-0.7021299784912921,-0.1828359092324888,-0.5928114112341678,-0.13114671469896264,-0.7685258270870075,0.23122466535494277,-0.7669764146080293,0.08151620299027226,-0.652026417035464,0.054867661169390756,-0.5581727362534918,0.08640402005006516,0.0,0.0,0.0,0.0,0.0,0.0,0.0,0.0,0.0,0.0,0.0,0.0,0.0,0.0,0.0,0.0,0.0,0.0,0.0,0.0,0.0,0.0,0.0,0.0,0.0,0.0,0.0,0.0,0.0,0.0,0.0,0.0,0.0,0.0,0.0,0.0,0.0,0.0,0.0,0.0,0.0,0.0,sorry
0.0,0.0,-0.0503415577630157,-0.5338404506074482,-0.3241065681855305,-0.8841023926892035,-0.6055789390561431,-1.0,-0.7406668462346434,-0.9114831557665659,-0.8001137985009319,-0.6115838652764211,-0.8200596901262492,-0.7486379336269161,-0.658614232817454,-0.7198148935410696,-0.5656315546368021,-0.6467997416817298,-0.8353372470498388,-0.2895782424189321,-0.833370869530884,-0.46907439198391243,-0.6845001465750654,-0.4745518643158406,-0.5814726953910525,-0.38778743045797404,-0.7959809225250719,-0.008283708749395581,-0.8065888466651738,-0.19616633186974614,-0.6851859664380962,-0.21728136246661495,-0.5803481238932501,-0.15007880438016055,-0.7315962835919221,0.23603821120006577,-0.760486174888392,0.04686313134099418,-0.6478916447885803,0.018116678078968804,-0.5551895686149793,0.06213441420274523,0.0,0.0,0.0,0.0,0.0,0.0,0.0,0.0,0.0,0.0,0.0,0.0,0.0,0.0,0.0,0.0,0.0,0.0,0.0,0.0,0.0,0.0,0.0,0.0,0.0,0.0,0.0,0.0,0.0,0.0,0.0,0.0,0.0,0.0,0.0,0.0,0.0,0.0,0.0,0.0,0.0,0.0,sorry
0.0,0.0,-0.047860732384993214,-0.538825390374693,-0.3327323347354949,-0.8893317369285513,-0.6216986416983991,-1.0,-0.7417166824877399,-0.897364415712817,-0.7897712970348377,-0.6230129244665424,-0.8357146539820797,-0.775796184139096,-0.6817979960166423,-0.7429581782095513,-0.5939819410138976,-0.6609072472069054,-0.8301516440124206,-0.29770573496936664,-0.8350428902003073,-0.48585331763790435,-0.6933607382339523,-0.4879307812519632,-0.5994095584122545,-0.3969374416999588,-0.7909419553633439,-0.015800854641235682,-0.8009965326504059,-0.20864168540138806,-0.6856639413405727,-0.2299860534820153,-0.5852752238526617,-0.16102422638851038,-0.7260159100352107,0.22742897522337607,-0.7532163859238518,0.03361375120607703,-0.6461561724065173,0.0079411534060655,-0.5558876705242357,0.055512470630643435,0.0,0.0,0.0,0.0,0.0,0.0,0.0,0.0,0.0,0.0,0.0,0.0,0.0,0.0,0.0,0.0,0.0,0.0,0.0,0.0,0.0,0.0,0.0,0.0,0.0,0.0,0.0,0.0,0.0,0.0,0.0,0.0,0.0,0.0,0.0,0.0,0.0,0.0,0.0,0.0,0.0,0.0,sorry
0.0,0.0,-0.04588722959063509,-0.5343068695207713,-0.3302020618074215,-0.8843916207737313,-0.6201934837629253,-1.0,-0.745910478496279,-0.9140548843177356,-0.7984259212514282,-0.6337378671804971,-0.8397041040493614,-0.7732631518279208,-0.6791824358742964,-0.7366065827987133,-0.5888150446636828,-0.6570805918005681,-0.8428900491433764,-0.3093103308559779,-0.8373341457088869,-0.4822566215505005,-0.6903310769833451,-0.4761330374749392,-0.5914980940447484,-0.38513729746313924,-0.8062189630901414,-0.024277014285835005,-0.8090400325354676,-0.20601433805295508,-0.6902771256552432,-0.22017515331169069,-0.5866062902915127,-0.1503016832597696,-0.7433771494674961,0.22394177936680207,-0.7560121604993509,0.03935911889031002,-0.6434475895348291,0.016888932415886303,-0.5503334473750295,0.06593263970848082,0.0,0.0,0.0,0.0,0.0,0.0,0.0,0.0,0.0,0.0,0.0,0.0,0.0,0.0,0.0,0.0,0.0,0.0,0.0,0.0,0.0,0.0,0.0,0.0,0.0,0.0,0.0,0.0,0.0,0.0,0.0,0.0,0.0,0.0,0.0,0.0,0.0,0.0,0.0,0.0,0.0,0.0,sorry
0.0,0.0,-0.04979135274916558,-0.5373813238715397,-0.32872650003842185,-0.8865315331869963,-0.6363390342422045,-1.0,-0.7979920416693117,-0.8858368219242767,-0.800739035578616,-0.6667809298528722,-0.8629071182846713,-0.7112685106918492,-0.7109194845460711,-0.673235352094324,-0.6143746652010686,-0.6260059002569252,-0.857847464214797,-0.3490245866312072,-0.8616448775902719,-0.4301763951858002,-0.7236733052909646,-0.4190095631382061,-0.6218890845246885,-0.3581496045892372,-0.8315027836338589,-0.05343975623853609,-0.8296318074854637,-0.1620365575375281,-0.7164174815992836,-0.17209127245310588,-0.6089452706066306,-0.1224335608573971,-0.7771658497851162,0.20913726839709687,-0.7718451499954896,0.08146853808828557,-0.65988460086399,0.06296636586270377,-0.5650325694627737,0.09429630693809185,0.0,0.0,0.0,0.0,0.0,0.0,0.0,0.0,0.0,0.0,0.0,0.0,0.0,0.0,0.0,0.0,0.0,0.0,0.0,0.0,0.0,0.0,0.0,0.0,0.0,0.0,0.0,0.0,0.0,0.0,0.0,0.0,0.0,0.0,0.0,0.0,0.0,0.0,0.0,0.0,0.0,0.0,sorry
0.0,0.0,-0.05390997796777592,-0.5325406232580284,-0.3152372524206114,-0.8884241240509122,-0.607309525001376,-1.0,-0.7428870934021791,-0.9026625083212587,-0.7865336382706097,-0.6837124399504677,-0.8245555898586082,-0.7645779731667579,-0.6724308630529773,-0.7198256267360258,-0.5902112778622015,-0.6556123506392109,-0.8397210625751858,-0.3680291975101571,-0.8349814276527856,-0.4778116001347257,-0.6995139410953415,-0.4575261891727032,-0.6053998541755334,-0.3851729723252887,-0.8127528229990416,-0.0739661650090591,-0.8183316620976662,-0.20113379768542733,-0.7037810848135302,-0.20173358517763834,-0.5964920585916273,-0.14469012527359076,-0.7607017785465889,0.1898320617672394,-0.7798002988518192,0.06047321149281625,-0.6634773132872636,0.046705279874026506,-0.5620826488137776,0.08350817697445716,0.0,0.0,0.0,0.0,0.0,0.0,0.0,0.0,0.0,0.0,0.0,0.0,0.0,0.0,0.0,0.0,0.0,0.0,0.0,0.0,0.0,0.0,0.0,0.0,0.0,0.0,0.0,0.0,0.0,0.0,0.0,0.0,0.0,0.0,0.0,0.0,0.0,0.0,0.0,0.0,0.0,0.0,sorry
0.0,0.0,-0.047303761760916725,-0.531004006286792,-0.3073233509074236,-0.884202146132463,-0.5922879524224904,-1.0,-0.7108228256121952,-0.9355424836316355,-0.7795720791445575,-0.6835297315263529,-0.8047511424611903,-0.8031396328451956,-0.6488348909385684,-0.753385678904357,-0.5670666681505191,-0.6653201088428693,-0.8359675729295297,-0.36964905322375924,-0.8193866694905755,-0.5183388669937796,-0.679653664256898,-0.49439797908479427,-0.5884887548271573,-0.3986130875094696,-0.8145913785956507,-0.08265210930959445,-0.8089457025893951,-0.2416491138016517,-0.6938942876768389,-0.2407046493876642,-0.5916475247792836,-0.16365599512898674,-0.7635294928861706,0.17427708947549755,-0.7685985316056549,0.024972318312501844,-0.6568291075855338,0.012846184585198045,-0.5641915128766456,0.06363455193183243,0.0,0.0,0.0,0.0,0.0,0.0,0.0,0.0,0.0,0.0,0.0,0.0,0.0,0.0,0.0,0.0,0.0,0.0,0.0,0.0,0.0,0.0,0.0,0.0,0.0,0.0,0.0,0.0,0.0,0.0,0.0,0.0,0.0,0.0,0.0,0.0,0.0,0.0,0.0,0.0,0.0,0.0,sorry
0.0,0.0,-0.046403016772392516,-0.5286802536293548,-0.3207945131325329,-0.8976843915034025,-0.6117485387626097,-1.0,-0.7313121358937275,-0.8938074380322434,-0.7990120464788398,-0.6949804421072053,-0.8227132124874733,-0.7859538108371595,-0.6633941459422801,-0.7301332396851864,-0.5814967756414033,-0.6478647353927318,-0.8560096358684923,-0.3717394024343667,-0.8373632631809493,-0.4959490994777598,-0.6929627971624799,-0.46868401426600564,-0.5992424265543201,-0.37735852599945024,-0.8331617728702226,-0.07553879570893048,-0.8220648430474115,-0.2169366210656217,-0.7027996085369739,-0.2131489885835804,-0.5986370156977237,-0.1407050888550176,-0.7788107139176655,0.18913467093372946,-0.7750162737912499,0.04681311865935416,-0.6572630405709783,0.040939060549771276,-0.5630992340930586,0.09021161679910665,0.0,0.0,0.0,0.0,0.0,0.0,0.0,0.0,0.0,0.0,0.0,0.0,0.0,0.0,0.0,0.0,0.0,0.0,0.0,0.0,0.0,0.0,0.0,0.0,0.0,0.0,0.0,0.0,0.0,0.0,0.0,0.0,0.0,0.0,0.0,0.0,0.0,0.0,0.0,0.0,0.0,0.0,sorry
0.0,0.0,-0.042335373457760256,-0.5036755263708712,-0.2849246280105021,-0.8488050886457466,-0.5489557399674084,-1.0,-0.6846666604895111,-0.9461795124181022,-0.7756240887210604,-0.6649898065053527,-0.7947283678980827,-0.7968302638809596,-0.655121562858379,-0.7586561550485061,-0.5783530610300597,-0.6792792304784658,-0.832583165302822,-0.36759302618139883,-0.8203215114454377,-0.5175855304406664,-0.6898283867384072,-0.5004360834267628,-0.6027285921763473,-0.41508679972734985,-0.8100781243874816,-0.08801258809277232,-0.811229213574442,-0.2444214939355775,-0.6987401215996837,-0.24403494654503372,-0.5981584473671894,-0.1737011401841315,-0.7556987230156303,0.16251882547563504,-0.7573523000520069,0.018248267961208414,-0.6499816942369752,0.005028679820681925,-0.560439309802647,0.049200806736520795,0.0,0.0,0.0,0.0,0.0,0.0,0.0,0.0,0.0,0.0,0.0,0.0,0.0,0.0,0.0,0.0,0.0,0.0,0.0,0.0,0.0,0.0,0.0,0.0,0.0,0.0,0.0,0.0,0.0,0.0,0.0,0.0,0.0,0.0,0.0,0.0,0.0,0.0,0.0,0.0,0.0,0.0,sorry
0.0,0.0,-0.023287730782907672,-0.5067541620370298,-0.2775438758318444,-0.8503340503525468,-0.5582569581229551,-1.0,-0.6988669828005704,-0.9270493661888131,-0.7667709461390243,-0.6777077911685856,-0.7995556993634734,-0.7828392732572947,-0.6537712388793885,-0.7337354790363098,-0.5758998936332523,-0.6572325836041071,-0.8279147866638039,-0.38236876928747765,-0.8211050509212892,-0.5130973917447699,-0.6890390469404538,-0.4920778869998111,-0.6005276551737675,-0.41334433648548036,-0.8097913764300294,-0.10152924627966255,-0.8153740351218594,-0.2497914631322352,-0.7019723668028333,-0.24435330811663902,-0.5984496923095264,-0.17605171882908188,-0.7607075718842569,0.14998060640245214,-0.7614146765399606,0.012103387081877108,-0.655177500488603,0.0070110775314003474,-0.5650274370334263,0.05038602350809889,0.0,0.0,0.0,0.0,0.0,0.0,0.0,0.0,0.0,0.0,0.0,0.0,0.0,0.0,0.0,0.0,0.0,0.0,0.0,0.0,0.0,0.0,0.0,0.0,0.0,0.0,0.0,0.0,0.0,0.0,0.0,0.0,0.0,0.0,0.0,0.0,0.0,0.0,0.0,0.0,0.0,0.0,sorry
0.0,0.0,-0.01905668392291791,-0.5043474976992467,-0.26691312268872314,-0.8502528302994179,-0.5410820973248721,-1.0,-0.6868291073077121,-0.9348462259707784,-0.7614040632770905,-0.6844155413060389,-0.7882106657776354,-0.7917088210858209,-0.6424191561226498,-0.7407477965446125,-0.5643376259881934,-0.6592248782513024,-0.8237774496828978,-0.3881788184447052,-0.8115953637595632,-0.5208049196913214,-0.6773254205700096,-0.4947767006451731,-0.5890363872616441,-0.40865588379475887,-0.8065565576400645,-0.10579039355510046,-0.8072146717102836,-0.2546194267768719,-0.6929296515507294,-0.24572285989049714,-0.5912563195547916,-0.17253677476959994,-0.7570469440271097,0.14904191003176556,-0.7532839555349654,0.010458144570534867,-0.6437702623844993,0.007212795507890393,-0.5535388785216679,0.054725215727194396,0.0,0.0,0.0,0.0,0.0,0.0,0.0,0.0,0.0,0.0,0.0,0.0,0.0,0.0,0.0,0.0,0.0,0.0,0.0,0.0,0.0,0.0,0.0,0.0,0.0,0.0,0.0,0.0,0.0,0.0,0.0,0.0,0.0,0.0,0.0,0.0,0.0,0.0,0.0,0.0,0.0,0.0,sorry
0.0,0.0,-0.052671518667850914,-0.5187110460769717,-0.316687007584713,-0.8794300283068901,-0.5845512111898479,-1.0,-0.721751065502016,-0.8880652272538483,-0.8131336302468386,-0.7225789302168065,-0.8407890146262915,-0.7715443549160058,-0.6958165866874548,-0.7279865047061004,-0.5937908868427274,-0.668590342430303,-0.8802591709851181,-0.4155852753052735,-0.8769418334941438,-0.4770944223285772,-0.7433279445875054,-0.4560274506546368,-0.6273757659793353,-0.40349139611115725,-0.8623009731691577,-0.11023124748400948,-0.8740257765225337,-0.191284544949169,-0.7573883539191943,-0.18522137521645507,-0.6347928101777008,-0.1440229011047994,-0.8025122205253707,0.1642686534738241,-0.8057781838861591,0.08800132908197497,-0.693833443025195,0.08320104281816497,-0.5930205304826229,0.10555287893213375,0.0,0.0,0.0,0.0,0.0,0.0,0.0,0.0,0.0,0.0,0.0,0.0,0.0,0.0,0.0,0.0,0.0,0.0,0.0,0.0,0.0,0.0,0.0,0.0,0.0,0.0,0.0,0.0,0.0,0.0,0.0,0.0,0.0,0.0,0.0,0.0,0.0,0.0,0.0,0.0,0.0,0.0,sorry
0.0,0.0,-0.06359238469044304,-0.566626832289965,-0.32518720329784784,-0.9017256690530747,-0.5896218657837322,-1.0,-0.736967032485117,-0.8808753878369934,-0.8414673120566598,-0.7778050344804903,-0.8613717095525759,-0.8911167512690356,-0.7107665193891087,-0.8334077030182763,-0.6099809781714924,-0.7316965607218427,-0.9158591069059653,-0.45606067250660554,-0.912137242218592,-0.5770992533795266,-0.7675299580094506,-0.5468852441043295,-0.6522373946124919,-0.46089753428862745,-0.8982249947922948,-0.12893318788304042,-0.9286111324292026,-0.25008277510388,-0.795205073949414,-0.24923172643650437,-0.6686559186940172,-0.19000230235388277,-0.8292774446064619,0.16965634627402396,-0.8521685980857572,0.07405630899781825,-0.7288049138810012,0.0523514159476379,-0.6210933988225105,0.08936641413864556,0.0,0.0,0.0,0.0,0.0,0.0,0.0,0.0,0.0,0.0,0.0,0.0,0.0,0.0,0.0,0.0,0.0,0.0,0.0,0.0,0.0,0.0,0.0,0.0,0.0,0.0,0.0,0.0,0.0,0.0,0.0,0.0,0.0,0.0,0.0,0.0,0.0,0.0,0.0,0.0,0.0,0.0,sorry
0.0,0.0,-0.05431716636283246,-0.5689315987439028,-0.31466286309710967,-0.899178408484707,-0.5802010857729026,-1.0,-0.7290988162441994,-0.8928237115013535,-0.8450077249622682,-0.8037120247043725,-0.8556921113452345,-0.8976911507611639,-0.7089345810126949,-0.8414901984565583,-0.6110228475848815,-0.7453681032092064,-0.9252864134119578,-0.4777854895870499,-0.9157326308802719,-0.5817207414025442,-0.7718435613107528,-0.5519977393461079,-0.655790384993733,-0.470147337092875,-0.9092488960828855,-0.14076391770433422,-0.933840014432298,-0.25088523124836193,-0.8004060537564334,-0.24905101133386748,-0.6721948016867402,-0.19002368785365117,-0.8387914805690789,0.16825561781768536,-0.8579217518572376,0.07874214160404802,-0.7339429954688621,0.05824478944060862,-0.6251688256271314,0.09487491431515326,0.0,0.0,0.0,0.0,0.0,0.0,0.0,0.0,0.0,0.0,0.0,0.0,0.0,0.0,0.0,0.0,0.0,0.0,0.0,0.0,0.0,0.0,0.0,0.0,0.0,0.0,0.0,0.0,0.0,0.0,0.0,0.0,0.0,0.0,0.0,0.0,0.0,0.0,0.0,0.0,0.0,0.0,sorry
0.0,0.0,-0.047619557895139254,-0.5408066273445152,-0.3034777687739332,-0.8931401805930528,-0.5822211590091189,-1.0,-0.7514259251643427,-0.8976458840040941,-0.850856366023854,-0.7977789915912844,-0.9048419767345546,-0.7711513922138433,-0.7594795713449137,-0.7160333823170799,-0.6365230305666688,-0.6750492202664121,-0.9328637883068055,-0.47069431998994454,-0.9558410656021149,-0.46622496340699815,-0.8159457444670281,-0.4262680698762702,-0.6763501760576638,-0.3819394204085557,-0.9171364723477387,-0.1288064975964755,-0.9552459043930717,-0.14877582145279575,-0.826622444209791,-0.13051030946645173,-0.6839928569070268,-0.09797193387715525,-0.850425706793758,0.1891155875472002,-0.8662329568130175,0.16192034049592713,-0.7442732748578998,0.15559454432662215,-0.6290688898375427,0.1684830426842089,0.0,0.0,0.0,0.0,0.0,0.0,0.0,0.0,0.0,0.0,0.0,0.0,0.0,0.0,0.0,0.0,0.0,0.0,0.0,0.0,0.0,0.0,0.0,0.0,0.0,0.0,0.0,0.0,0.0,0.0,0.0,0.0,0.0,0.0,0.0,0.0,0.0,0.0,0.0,0.0,0.0,0.0,sorry
0.0,0.0,-0.03006540743350832,-0.5395801854637319,-0.3032090566501349,-0.8929835248574696,-0.577648113752454,-1.0,-0.7194308623321266,-0.8761925644440539,-0.8248307082482644,-0.7640580194848685,-0.8642455194670939,-0.7607724328101364,-0.7217779537219443,-0.7188762969364955,-0.606023092103074,-0.6769667946148572,-0.902279605047057,-0.43995947975509253,-0.9177710338833769,-0.47613392270837224,-0.7782907270693608,-0.45224068593198413,-0.6506513868258582,-0.4011171506600608,-0.886920987513178,-0.11020522616740992,-0.9276747186718187,-0.17082661811517727,-0.8014832206996795,-0.1647042161474086,-0.6709299947927732,-0.12950978978558794,-0.8215090037246887,0.19266028432994423,-0.8357149784131865,0.14145598158501616,-0.7183521615394963,0.13379586931254084,-0.6148284530156555,0.155074685739166,0.0,0.0,0.0,0.0,0.0,0.0,0.0,0.0,0.0,0.0,0.0,0.0,0.0,0.0,0.0,0.0,0.0,0.0,0.0,0.0,0.0,0.0,0.0,0.0,0.0,0.0,0.0,0.0,0.0,0.0,0.0,0.0,0.0,0.0,0.0,0.0,0.0,0.0,0.0,0.0,0.0,0.0,sorry
0.0,0.0,-0.02306162383446773,-0.5506280843360848,-0.29302504814664054,-0.8981177837648666,-0.5696170539459432,-1.0,-0.7258429044325238,-0.8944147220934578,-0.8466327680222457,-0.801460113589499,-0.8952468256816574,-0.7854148014830087,-0.7484290829793263,-0.7284895201332793,-0.6251201621806615,-0.679136574706608,-0.9347926341958448,-0.4670145336399098,-0.9497657413571688,-0.48424057947830657,-0.8042678871050853,-0.4465742516791485,-0.6690344773655038,-0.395668601254236,-0.9235933554216671,-0.12153975290522642,-0.9634537487478305,-0.1692118401635603,-0.8300683017742524,-0.1533098455233957,-0.6916135197729043,-0.11671542533026202,-0.8562766657459064,0.19976938376165532,-0.8671527368729972,0.15891885109344983,-0.7429321742657136,0.1540746017959879,-0.6325236094712031,0.17480716813309377,0.0,0.0,0.0,0.0,0.0,0.0,0.0,0.0,0.0,0.0,0.0,0.0,0.0,0.0,0.0,0.0,0.0,0.0,0.0,0.0,0.0,0.0,0.0,0.0,0.0,0.0,0.0,0.0,0.0,0.0,0.0,0.0,0.0,0.0,0.0,0.0,0.0,0.0,0.0,0.0,0.0,0.0,sorry
0.0,0.0,-0.02522816310573288,-0.5558429708825942,-0.3084795932217547,-0.9092605740417845,-0.5958821591358631,-1.0,-0.7366913072379938,-0.863889265922113,-0.8077855620637291,-0.7926505783689659,-0.8619980092645764,-0.771615314741535,-0.7235647505258164,-0.7148404917441324,-0.604556823547291,-0.668851139162383,-0.8974733553520736,-0.4572690845517307,-0.9271487703496432,-0.4677503181580361,-0.7870913684913915,-0.43928082942668906,-0.6560882744987488,-0.3976641921686139,-0.8928248257236427,-0.11775849687874496,-0.9277613043261372,-0.15084722265726055,-0.7976746910937792,-0.1452587201984239,-0.6645277281834076,-0.11968455660312786,-0.8342680857037122,0.19060363599240365,-0.8496420504574863,0.15312189310122007,-0.7282269113554286,0.14287413006834163,-0.6216390388321019,0.1565998795813887,0.0,0.0,0.0,0.0,0.0,0.0,0.0,0.0,0.0,0.0,0.0,0.0,0.0,0.0,0.0,0.0,0.0,0.0,0.0,0.0,0.0,0.0,0.0,0.0,0.0,0.0,0.0,0.0,0.0,0.0,0.0,0.0,0.0,0.0,0.0,0.0,0.0,0.0,0.0,0.0,0.0,0.0,sorry
0.0,0.0,-0.014284559239685702,-0.5811803100353549,-0.2789738991098795,-0.9487993296532867,-0.5367742504538806,-1.0,-0.6722154517857537,-0.8325494490955465,-0.7975426500746055,-0.8553688744496468,-0.8170021095340649,-0.8654440679461076,-0.6808311711221692,-0.8149310910039765,-0.5678583451550544,-0.757301854478901,-0.8946335511470133,-0.5071954957405053,-0.9129510691001036,-0.5300716653558645,-0.7710536644885299,-0.5032433902491015,-0.6373879999117965,-0.44535277730817574,-0.8905362038677241,-0.14885930804342554,-0.9356761166932502,-0.18622907922880727,-0.7921325404817382,-0.1824175113378268,-0.6544468537071202,-0.15366845768803886,-0.8258351035288757,0.17708913700210954,-0.8417061499900771,0.1381037714352917,-0.7099489154642813,0.11946372262934678,-0.6019842850737602,0.13155995266411366,0.0,0.0,0.0,0.0,0.0,0.0,0.0,0.0,0.0,0.0,0.0,0.0,0.0,0.0,0.0,0.0,0.0,0.0,0.0,0.0,0.0,0.0,0.0,0.0,0.0,0.0,0.0,0.0,0.0,0.0,0.0,0.0,0.0,0.0,0.0,0.0,0.0,0.0,0.0,0.0,0.0,0.0,sorry
0.0,0.0,-0.013705266358149587,-0.5772283448480741,-0.2929451574775903,-0.9407034926821131,-0.5542306963514375,-1.0,-0.7049523609776766,-0.8493040233040904,-0.8069923755200673,-0.8479872902164949,-0.8701629249425875,-0.817956890817532,-0.7222016550884617,-0.7788598608560366,-0.5915652320813842,-0.7425954540825224,-0.9016499810967054,-0.503144353777803,-0.9394623123307808,-0.5006683395049845,-0.7888367507850684,-0.48026063880745146,-0.6490647931199865,-0.4354995713137744,-0.8949946916647501,-0.14227758861051568,-0.9585082505099054,-0.15897957869980994,-0.8108129262874262,-0.1579079386886523,-0.6675591963243896,-0.13600096949271173,-0.8285140257610654,0.1885346002822046,-0.8575347383926065,0.16778600563865181,-0.7251503272793429,0.14909576974185443,-0.613685259993587,0.15584293130110577,0.0,0.0,0.0,0.0,0.0,0.0,0.0,0.0,0.0,0.0,0.0,0.0,0.0,0.0,0.0,0.0,0.0,0.0,0.0,0.0,0.0,0.0,0.0,0.0,0.0,0.0,0.0,0.0,0.0,0.0,0.0,0.0,0.0,0.0,0.0,0.0,0.0,0.0,0.0,0.0,0.0,0.0,sorry
0.0,0.0,-0.017181835794942906,-0.4526706869639282,-0.21109265733200597,-0.811760405230367,-0.3874970298622222,-0.9474153404112986,-0.49869557641387696,-1.0,-0.6293852941929085,-0.7201217543248253,-0.5425407807532635,-0.903684189362581,-0.39195461263920045,-0.8578771709422435,-0.30712260363191496,-0.7527263732393937,-0.6878015375260915,-0.49511703256733225,-0.5630767093676013,-0.6810048874759494,-0.41050752495829623,-0.6401640612719622,-0.3202428750202579,-0.5492460419487029,-0.6888124201109095,-0.2587342765475484,-0.5567913494965693,-0.4408201113969213,-0.4239380310454032,-0.4128539033398362,-0.3416605233047672,-0.3255195456389848,-0.650662325492982,-0.033355713448418305,-0.5503400274653971,-0.17792508307246893,-0.4320065702493941,-0.16818156893948719,-0.3669272264457412,-0.11232421353797938,0.0,0.0,0.0,0.0,0.0,0.0,0.0,0.0,0.0,0.0,0.0,0.0,0.0,0.0,0.0,0.0,0.0,0.0,0.0,0.0,0.0,0.0,0.0,0.0,0.0,0.0,0.0,0.0,0.0,0.0,0.0,0.0,0.0,0.0,0.0,0.0,0.0,0.0,0.0,0.0,0.0,0.0,sorry
0.0,0.0,0.00642787364618335,-0.4452051049819336,-0.1735474701574642,-0.7891073959050428,-0.3650268675300601,-0.9658423971648399,-0.4963942813816869,-1.0,-0.5528290065562962,-0.7625248615095558,-0.4345067167080279,-0.9312737026241238,-0.28946439659670975,-0.8114068525986138,-0.23877844111326518,-0.6770815327229696,-0.6474426815556157,-0.49144629134560064,-0.4698310568965345,-0.6511355274199564,-0.3224708495965043,-0.5543479752861066,-0.26314498881072124,-0.4511137048947831,-0.6616854852987604,-0.20804916163581463,-0.4780272995602226,-0.35225673526182727,-0.3486429902350016,-0.2939359204115291,-0.29322075578058454,-0.2001569918975151,-0.6286957830645572,0.05462168744886073,-0.46183047248093495,-0.06876701104224427,-0.3365875572986692,-0.031771781985994035,-0.29134373943625763,0.036847263960192736,0.0,0.0,0.0,0.0,0.0,0.0,0.0,0.0,0.0,0.0,0.0,0.0,0.0,0.0,0.0,0.0,0.0,0.0,0.0,0.0,0.0,0.0,0.0,0.0,0.0,0.0,0.0,0.0,0.0,0.0,0.0,0.0,0.0,0.0,0.0,0.0,0.0,0.0,0.0,0.0,0.0,0.0,sorry
0.0,0.0,-0.010156215393028275,-0.521586807459602,-0.23226374082939116,-0.9036025618896762,-0.4619872822004268,-1.0,-0.5936930345378533,-0.8863625046397209,-0.730317578394099,-0.9650967735037187,-0.36666519010253973,-0.9602442746225979,-0.1666407504204389,-0.717490716739502,-0.14170005483653672,-0.5269681199621796,-0.861166414377865,-0.538920346493593,-0.41536645012090007,-0.5438260016832831,-0.2149082060815094,-0.38065507512911023,-0.17222888373279485,-0.26686941419609483,-0.8713357661000225,-0.11181857201992446,-0.46721920714616305,-0.1454970649469277,-0.2940536725968537,-0.08238311340165243,-0.26145633010678615,-0.025639670491986077,-0.8084915675459351,0.26265631849793714,-0.4648959098664524,0.21461523539232563,-0.29252649796157776,0.23383124094013347,-0.2660558782781633,0.25407157466399255,0.0,0.0,0.0,0.0,0.0,0.0,0.0,0.0,0.0,0.0,0.0,0.0,0.0,0.0,0.0,0.0,0.0,0.0,0.0,0.0,0.0,0.0,0.0,0.0,0.0,0.0,0.0,0.0,0.0,0.0,0.0,0.0,0.0,0.0,0.0,0.0,0.0,0.0,0.0,0.0,0.0,0.0,sorry
0.0,0.0,0.027368436022274078,-0.3647460053976788,-0.07605738537604396,-0.6758651377422299,-0.19663822995953145,-0.8732641997818549,-0.27755176736277376,-1.0,-0.3700757594894903,-0.575695400708326,-0.3279828088625523,-0.7790389077849439,-0.22032413392665512,-0.7544202079695008,-0.16599855280981127,-0.675524578375341,-0.4234221388662629,-0.40568423522622593,-0.34598866910335024,-0.6021525597433754,-0.2471968876616277,-0.594682521015039,-0.19761406353004005,-0.5263350628884037,-0.43441266326968053,-0.24468180060099373,-0.36568460198246716,-0.43123067863564435,-0.28011138910984706,-0.428149551967956,-0.23361848631091686,-0.3649931916194702,-0.42501434746673417,-0.09567510187309523,-0.3986681509067206,-0.2631287039339659,-0.3261445367634772,-0.26331357901884844,-0.2790133658324272,-0.2099028301793232,0.0,0.0,0.0,0.0,0.0,0.0,0.0,0.0,0.0,0.0,0.0,0.0,0.0,0.0,0.0,0.0,0.0,0.0,0.0,0.0,0.0,0.0,0.0,0.0,0.0,0.0,0.0,0.0,0.0,0.0,0.0,0.0,0.0,0.0,0.0,0.0,0.0,0.0,0.0,0.0,0.0,0.0,sorry
0.0,0.0,-0.005715112461856374,-0.4888510011781153,-0.208750683276084,-0.8570843691498264,-0.3953014352425778,-1.0,-0.5217641297976096,-0.9247606939578386,-0.6024922921180613,-0.7668567453146939,-0.5550389604792674,-0.933093254047655,-0.4081243780153749,-0.8590377801651824,-0.3341471812965073,-0.7538354710768079,-0.6784684149446057,-0.4914257921495041,-0.5824636725798175,-0.6163807717864476,-0.4415704949623368,-0.5773859912901264,-0.36463833531738093,-0.5004043587187348,-0.6777861283191386,-0.20347664943836136,-0.6009685259838407,-0.3329906142162763,-0.479694332073716,-0.3158013008960976,-0.4071069947681831,-0.2503400439143683,-0.6389797847026193,0.0447644231170934,-0.578333232921616,-0.08655475377654333,-0.4738758761655272,-0.08110041860692155,-0.4131734749475697,-0.03459630751667458,0.0,0.0,0.0,0.0,0.0,0.0,0.0,0.0,0.0,0.0,0.0,0.0,0.0,0.0,0.0,0.0,0.0,0.0,0.0,0.0,0.0,0.0,0.0,0.0,0.0,0.0,0.0,0.0,0.0,0.0,0.0,0.0,0.0,0.0,0.0,0.0,0.0,0.0,0.0,0.0,0.0,0.0,sorry
0.0,0.0,-0.027067300736896633,-0.5033041343681309,-0.26060869808705556,-0.8669633231751425,-0.4756558100029401,-1.0,-0.60384712311634,-0.9173229044647816,-0.704322909131638,-0.7102675508804025,-0.6433751639233328,-0.9233856176817857,-0.48540277304610385,-0.8661265558132697,-0.410714402385697,-0.7565548332298847,-0.7772112732584459,-0.4249970832147174,-0.6876580314266113,-0.625801182581425,-0.5336620355894474,-0.5913415812243031,-0.4601070110184481,-0.48834825949588617,-0.7666590441344615,-0.13458047293923286,-0.6955153842922945,-0.32408471277831963,-0.5617401774338823,-0.31033848709847534,-0.4905538158551781,-0.23055157576408108,-0.7136659557488672,0.1264284080885956,-0.6703836622689323,-0.056364892172281675,-0.5485761420964452,-0.06813097065947349,-0.48114753333302224,-0.016273795134335464,0.0,0.0,0.0,0.0,0.0,0.0,0.0,0.0,0.0,0.0,0.0,0.0,0.0,0.0,0.0,0.0,0.0,0.0,0.0,0.0,0.0,0.0,0.0,0.0,0.0,0.0,0.0,0.0,0.0,0.0,0.0,0.0,0.0,0.0,0.0,0.0,0.0,0.0,0.0,0.0,0.0,0.0,sorry
0.0,0.0,-0.0057548647483216045,-0.49379602911775783,-0.2212493246364115,-0.8598443723677864,-0.4346469616734359,-1.0,-0.5556050064681509,-0.8957042614803288,-0.6203994317571725,-0.654971442985678,-0.600736977200407,-0.9090466337492608,-0.45619787769655423,-0.8618883592030965,-0.3848142899265579,-0.7411917248573001,-0.6922238167715149,-0.40128527869293923,-0.6368486895815899,-0.6507488226942618,-0.49202836612291023,-0.6272508568808685,-0.41350786830537856,-0.5154997008799753,-0.6945049265323723,-0.15940114637110314,-0.643624695553764,-0.38823009573545175,-0.5170675244281353,-0.38364955404698314,-0.44574870338712946,-0.2972140932402283,-0.6579117246527736,0.05625714777551852,-0.637912866592469,-0.1492366047917153,-0.5276104400558357,-0.1730605347345672,-0.46019487967875705,-0.11981503985710415,0.0,0.0,0.0,0.0,0.0,0.0,0.0,0.0,0.0,0.0,0.0,0.0,0.0,0.0,0.0,0.0,0.0,0.0,0.0,0.0,0.0,0.0,0.0,0.0,0.0,0.0,0.0,0.0,0.0,0.0,0.0,0.0,0.0,0.0,0.0,0.0,0.0,0.0,0.0,0.0,0.0,0.0,sorry
0.0,0.0,-0.03253965481740768,-0.5252218059211977,-0.2478995999588193,-0.8932472828085244,-0.4651076213727884,-1.0,-0.5924074904769608,-0.9058735825746768,-0.6865017354727693,-0.7644495573073699,-0.6311750382392305,-0.9792313179297869,-0.4804239958525142,-0.8985047173973791,-0.4066599686732458,-0.7567139264336035,-0.7705443942758814,-0.4808822231700322,-0.6782740962304943,-0.6707841248363802,-0.5263234818290118,-0.6208051747974056,-0.44535834571205857,-0.5078845432618063,-0.7740146504051888,-0.19515428058770756,-0.6943145801773712,-0.36493186798641036,-0.5625333214448546,-0.34019954259997354,-0.48606795920168255,-0.2548460870972012,-0.7332092090362243,0.06359294339123145,-0.6812824481931964,-0.07298959084023356,-0.5602516067830512,-0.08111864456635241,-0.4895747540187961,-0.032525407027193975,0.0,0.0,0.0,0.0,0.0,0.0,0.0,0.0,0.0,0.0,0.0,0.0,0.0,0.0,0.0,0.0,0.0,0.0,0.0,0.0,0.0,0.0,0.0,0.0,0.0,0.0,0.0,0.0,0.0,0.0,0.0,0.0,0.0,0.0,0.0,0.0,0.0,0.0,0.0,0.0,0.0,0.0,sorry
0.0,0.0,-0.024111469798759434,-0.4800264776203894,-0.24609932302655912,-0.8440630367258194,-0.46529277145397935,-1.0,-0.5929895338849231,-0.9088037678178124,-0.620549771085734,-0.6461698590140446,-0.6102651161857153,-0.8371667307716727,-0.46167872373282015,-0.8013695123145103,-0.3854595100083685,-0.7126969283256879,-0.6776282130842208,-0.3888998802690526,-0.6501646454132971,-0.5848531135166531,-0.5206956765371992,-0.5813709623574586,-0.4409549884549547,-0.4898109905882382,-0.6754443419037426,-0.14915330189935144,-0.6588884560606265,-0.339876549733401,-0.5492729918850845,-0.34978722463008544,-0.4694118765071333,-0.27770821121636896,-0.6444898163156048,0.05689165680514577,-0.6567338724707708,-0.12131206767522479,-0.5553859059921591,-0.13498384267115934,-0.47816517955341137,-0.08898880804421566,0.0,0.0,0.0,0.0,0.0,0.0,0.0,0.0,0.0,0.0,0.0,0.0,0.0,0.0,0.0,0.0,0.0,0.0,0.0,0.0,0.0,0.0,0.0,0.0,0.0,0.0,0.0,0.0,0.0,0.0,0.0,0.0,0.0,0.0,0.0,0.0,0.0,0.0,0.0,0.0,0.0,0.0,sorry
0.0,0.0,-0.02694001415207892,-0.4893385240500235,-0.25142452913536956,-0.8538275051246574,-0.4885111623914582,-1.0,-0.590440983966651,-0.8329592677879717,-0.6246272515868404,-0.6112433646932379,-0.616748369390334,-0.8162531682095351,-0.4652497971616409,-0.7682953715569151,-0.391903770726595,-0.6737046106111413,-0.6776296645730344,-0.35456307280053107,-0.6503001845606169,-0.5647899356509997,-0.5197733965232573,-0.5547092136842335,-0.4410174015453811,-0.46801516687862366,-0.6700028612164142,-0.12054474966788005,-0.6484971318939713,-0.3164699884335529,-0.5366671367815449,-0.3259192974862633,-0.4563828631779279,-0.263681356135526,-0.633795504891221,0.07944738806605277,-0.6349874082161491,-0.10991204799062364,-0.534851115428603,-0.12559037918007102,-0.4595336460407817,-0.08323829717906757,0.0,0.0,0.0,0.0,0.0,0.0,0.0,0.0,0.0,0.0,0.0,0.0,0.0,0.0,0.0,0.0,0.0,0.0,0.0,0.0,0.0,0.0,0.0,0.0,0.0,0.0,0.0,0.0,0.0,0.0,0.0,0.0,0.0,0.0,0.0,0.0,0.0,0.0,0.0,0.0,0.0,0.0,sorry
0.0,0.0,-0.037281596400638745,-0.4873724296521028,-0.26398548999169097,-0.8545011164747041,-0.49558821815299614,-1.0,-0.5972144747073937,-0.848786364521914,-0.6595946888773809,-0.6241668068157409,-0.6375938513132107,-0.8253574633961146,-0.4791083521632634,-0.7872520402097407,-0.40373902466235173,-0.6907693934403573,-0.7082985042069699,-0.3632547443930657,-0.6694980942501136,-0.5767744954217044,-0.5256008648724255,-0.5705181574920365,-0.4414244169104706,-0.4770972823290611,-0.6940434700799766,-0.12292086766985652,-0.6636482580163883,-0.3260459977587249,-0.5421558701925399,-0.33454402706847547,-0.45824376281115176,-0.26778408494865547,-0.651014235260619,0.08870895227882394,-0.648799394222972,-0.11190723185874306,-0.5399393640173774,-0.13414847365169652,-0.4584602306881514,-0.0915538397238536,0.0,0.0,0.0,0.0,0.0,0.0,0.0,0.0,0.0,0.0,0.0,0.0,0.0,0.0,0.0,0.0,0.0,0.0,0.0,0.0,0.0,0.0,0.0,0.0,0.0,0.0,0.0,0.0,0.0,0.0,0.0,0.0,0.0,0.0,0.0,0.0,0.0,0.0,0.0,0.0,0.0,0.0,sorry
0.0,0.0,-0.044884623811915804,-0.48258789215105086,-0.27637749059356975,-0.8485306026860433,-0.516504456978438,-1.0,-0.6295931889107812,-0.8475184242862488,-0.6805877505466225,-0.6004928504426814,-0.6516315301950496,-0.7870093437975375,-0.4935645395698493,-0.7385102460020838,-0.4216728510375876,-0.6468285006981769,-0.7347449507338084,-0.3331621232452886,-0.6881392884838313,-0.5184682757901254,-0.5545359291910826,-0.5059647723373655,-0.4783900330591877,-0.41541628140905623,-0.7178699342377304,-0.0888844294200377,-0.6857183973897863,-0.2676604392837497,-0.5753107232676604,-0.2733401174981598,-0.4967617413322798,-0.20423296693536597,-0.6711735697429042,0.11773193276219547,-0.6623980751852483,-0.043226218101821964,-0.5587740072922092,-0.056356048834256205,-0.48285811361953906,-0.010507216170052675,0.0,0.0,0.0,0.0,0.0,0.0,0.0,0.0,0.0,0.0,0.0,0.0,0.0,0.0,0.0,0.0,0.0,0.0,0.0,0.0,0.0,0.0,0.0,0.0,0.0,0.0,0.0,0.0,0.0,0.0,0.0,0.0,0.0,0.0,0.0,0.0,0.0,0.0,0.0,0.0,0.0,0.0,sorry
0.0,0.0,-0.043269006737455526,-0.4926185165288784,-0.27231348027428115,-0.8660760366212316,-0.5349460994766009,-1.0,-0.674674227364286,-0.8613994705342927,-0.7023540210643299,-0.6129387632729105,-0.6840007631621289,-0.7779132263558217,-0.532632874175842,-0.7352697839670891,-0.4612002834602193,-0.6441756574140586,-0.7545655646828261,-0.33710401073350604,-0.7241221657275142,-0.5151304805019989,-0.5911550124717221,-0.5062934499060554,-0.5038349336585272,-0.41143099053696547,-0.7388504035175796,-0.09363902607148226,-0.7210029163695639,-0.2679907998519395,-0.6135542166026449,-0.27543031177986466,-0.5240578508545569,-0.2029954113558173,-0.6998831957502069,0.1169963591539451,-0.7047026349315484,-0.03547824680206054,-0.6053115380794163,-0.045244611925902935,-0.5231482987551137,0.002442470500003077,0.0,0.0,0.0,0.0,0.0,0.0,0.0,0.0,0.0,0.0,0.0,0.0,0.0,0.0,0.0,0.0,0.0,0.0,0.0,0.0,0.0,0.0,0.0,0.0,0.0,0.0,0.0,0.0,0.0,0.0,0.0,0.0,0.0,0.0,0.0,0.0,0.0,0.0,0.0,0.0,0.0,0.0,sorry
0.0,0.0,-0.035728750795579474,-0.4974086840082327,-0.26817962232820763,-0.8710100484098054,-0.5324327787007878,-1.0,-0.6604515034041158,-0.8477332069590358,-0.7117430744405228,-0.6284696678725493,-0.7053862452230791,-0.7801675010492924,-0.5562243933620431,-0.7312727710228144,-0.49391685930481277,-0.6352783586770742,-0.7707916027218231,-0.33756494362291967,-0.7418483526798055,-0.5145008995902938,-0.6057767105762245,-0.500430737976303,-0.5264127792334701,-0.40161907884525483,-0.7535760895420677,-0.0754526192818156,-0.7392960694470849,-0.24961770856580787,-0.6312488003166705,-0.25299013894743805,-0.5444684151505884,-0.17523826055331002,-0.7096479336975778,0.1578939392687006,-0.730392697108545,0.00967277690068872,-0.6336768675338368,-0.0005905426839292487,-0.5534645476929803,0.05076141432676756,0.0,0.0,0.0,0.0,0.0,0.0,0.0,0.0,0.0,0.0,0.0,0.0,0.0,0.0,0.0,0.0,0.0,0.0,0.0,0.0,0.0,0.0,0.0,0.0,0.0,0.0,0.0,0.0,0.0,0.0,0.0,0.0,0.0,0.0,0.0,0.0,0.0,0.0,0.0,0.0,0.0,0.0,sorry
0.0,0.0,-0.03899370031615275,-0.49370558612905574,-0.2560670029369807,-0.8616159213774527,-0.5120327306771736,-1.0,-0.6406009056110583,-0.8700900432733794,-0.7043330203425668,-0.6317739244322059,-0.6861126500969447,-0.7881231231437654,-0.5432733793333526,-0.7375276845602984,-0.48253231984815137,-0.6375901452359644,-0.7640558287541822,-0.3378962162944918,-0.7318384014466314,-0.5282729646091304,-0.6006691495128939,-0.5114388272607168,-0.5195037240402113,-0.4051502791025276,-0.74768132499119,-0.06945095553835558,-0.7360619437597294,-0.266200709109681,-0.6307987496866655,-0.266705710317193,-0.5422168636492157,-0.1841668831939539,-0.7018426128450861,0.17247807575293067,-0.7317029859685735,0.007692332367782022,-0.6338864975416706,0.0005664078879172275,-0.5483976293355293,0.05988388638297697,0.0,0.0,0.0,0.0,0.0,0.0,0.0,0.0,0.0,0.0,0.0,0.0,0.0,0.0,0.0,0.0,0.0,0.0,0.0,0.0,0.0,0.0,0.0,0.0,0.0,0.0,0.0,0.0,0.0,0.0,0.0,0.0,0.0,0.0,0.0,0.0,0.0,0.0,0.0,0.0,0.0,0.0,sorry
0.0,0.0,-0.036957700863905416,-0.4969210971316749,-0.2598453450697094,-0.8638702759290694,-0.5189970873306049,-1.0,-0.6401993229511782,-0.8777492681334362,-0.7146490300427121,-0.6556687463961554,-0.6984131754939955,-0.788772512613167,-0.550673696408201,-0.7299721032950295,-0.4863260830261058,-0.6296831483648776,-0.7735911655347839,-0.3637008056427825,-0.7424932524006749,-0.5258443342592161,-0.6092075310468177,-0.4994504353744831,-0.5263312434310033,-0.39345312932779253,-0.7603875112652656,-0.0938439976306528,-0.7429924152220847,-0.26538954352149546,-0.6337092814691062,-0.2539229018861835,-0.5423997085018596,-0.1716061205361457,-0.7217899021603877,0.14991993511576923,-0.7353324970024798,-0.011977133302599021,-0.6295640798826979,-0.014732586061080513,-0.541283701582478,0.0387969043119437,0.0,0.0,0.0,0.0,0.0,0.0,0.0,0.0,0.0,0.0,0.0,0.0,0.0,0.0,0.0,0.0,0.0,0.0,0.0,0.0,0.0,0.0,0.0,0.0,0.0,0.0,0.0,0.0,0.0,0.0,0.0,0.0,0.0,0.0,0.0,0.0,0.0,0.0,0.0,0.0,0.0,0.0,sorry
0.0,0.0,-0.03394037977406314,-0.493573345469954,-0.264256298102976,-0.86352302342177,-0.5193332767121821,-1.0,-0.6455826731891771,-0.8602905403596489,-0.6851767826200146,-0.6487099147636267,-0.707824704608377,-0.7839789221609955,-0.5617338258142599,-0.7392711380759086,-0.4943245758260303,-0.6560085042507406,-0.7475988323733894,-0.36887787648526665,-0.736013037020078,-0.5353149813104042,-0.6071653759198244,-0.5208664328582387,-0.5300815252261076,-0.4257152036099677,-0.7388750977407238,-0.11172076294539536,-0.7320789440401468,-0.2926087241500596,-0.6296247402427755,-0.29216467892576137,-0.5476270814042907,-0.2152885416945541,-0.70547569614013,0.11426594523934591,-0.7242873812686769,-0.05991010161342586,-0.6270098585425162,-0.06438055691210397,-0.5474403700807682,-0.007780484720136112,0.0,0.0,0.0,0.0,0.0,0.0,0.0,0.0,0.0,0.0,0.0,0.0,0.0,0.0,0.0,0.0,0.0,0.0,0.0,0.0,0.0,0.0,0.0,0.0,0.0,0.0,0.0,0.0,0.0,0.0,0.0,0.0,0.0,0.0,0.0,0.0,0.0,0.0,0.0,0.0,0.0,0.0,sorry
0.0,0.0,-0.027077250052777772,-0.49145616835753203,-0.2618104791747217,-0.8664729505027527,-0.5220620571707794,-1.0,-0.656916497263858,-0.8844520244129808,-0.7052749306772871,-0.6692525007175405,-0.7174425196700974,-0.7917666676945484,-0.5771893286904708,-0.7458834524490072,-0.5068962163675136,-0.6597069588380825,-0.7698125381008067,-0.3833108385379727,-0.7537102180137056,-0.537587024021595,-0.6260560891315744,-0.520969972413237,-0.5416529286325932,-0.42553447870980293,-0.7612385816181546,-0.11448103439687461,-0.7560592439376724,-0.28298800462072354,-0.6526693692048228,-0.2771864822488786,-0.5651794800025618,-0.20022107363032787,-0.7248496723034117,0.13018295503333896,-0.7458229655651728,-0.02791789913634218,-0.6437431655751353,-0.026623242618821145,-0.5598447740518384,0.028314028924590645,0.0,0.0,0.0,0.0,0.0,0.0,0.0,0.0,0.0,0.0,0.0,0.0,0.0,0.0,0.0,0.0,0.0,0.0,0.0,0.0,0.0,0.0,0.0,0.0,0.0,0.0,0.0,0.0,0.0,0.0,0.0,0.0,0.0,0.0,0.0,0.0,0.0,0.0,0.0,0.0,0.0,0.0,sorry
0.0,0.0,-0.025599791313925205,-0.4919320127820221,-0.25233527929877614,-0.8599020817885169,-0.5203415785265894,-1.0,-0.6587680758612527,-0.8606107449175038,-0.6892966264833257,-0.6705914462862815,-0.7181798419879281,-0.8097787782686302,-0.5761506114453685,-0.7615872701494376,-0.5098106608633903,-0.6657317659334475,-0.7527031368125617,-0.381743349942877,-0.7546431443967547,-0.5439243126523179,-0.6315000036230222,-0.5294901924790891,-0.5526577282685095,-0.4266094068146631,-0.7455382482446458,-0.10933218040717937,-0.758871935829032,-0.2787297201336171,-0.6628565355696237,-0.27789787425214785,-0.5768682113622805,-0.19351527345363376,-0.7117431808685108,0.1373468367393767,-0.7541373705071507,0.0016390552124419411,-0.6648151413340934,0.0034012931773662563,-0.5823896970911963,0.06923740214821059,0.0,0.0,0.0,0.0,0.0,0.0,0.0,0.0,0.0,0.0,0.0,0.0,0.0,0.0,0.0,0.0,0.0,0.0,0.0,0.0,0.0,0.0,0.0,0.0,0.0,0.0,0.0,0.0,0.0,0.0,0.0,0.0,0.0,0.0,0.0,0.0,0.0,0.0,0.0,0.0,0.0,0.0,sorry
0.0,0.0,-0.01730615186869404,-0.49683126128004035,-0.24731213940076247,-0.8664694880398929,-0.5125139895054375,-1.0,-0.6368117839949137,-0.8512983827965526,-0.6602483899901379,-0.6575160146302805,-0.69553992962157,-0.8054569636042569,-0.5524820718285429,-0.7597902796856475,-0.48331610513175655,-0.667415147743897,-0.7261950491989005,-0.37883936842695043,-0.731091198042965,-0.5539915376846531,-0.6071060752320822,-0.5395245966013039,-0.5284450507420788,-0.43782534354711655,-0.7240960892061558,-0.12348940643662072,-0.7352777222497356,-0.3090046119666123,-0.6369122092948719,-0.3078992214309015,-0.5553428871110418,-0.22393417418352807,-0.6961469922503957,0.09863663752354535,-0.7274248436522901,-0.07181857160561299,-0.6359801295605075,-0.0724804764195223,-0.5575572293633131,-0.007852166361275625,0.0,0.0,0.0,0.0,0.0,0.0,0.0,0.0,0.0,0.0,0.0,0.0,0.0,0.0,0.0,0.0,0.0,0.0,0.0,0.0,0.0,0.0,0.0,0.0,0.0,0.0,0.0,0.0,0.0,0.0,0.0,0.0,0.0,0.0,0.0,0.0,0.0,0.0,0.0,0.0,0.0,0.0,sorry
0.0,0.0,-0.0167287341258219,-0.4891880866908801,-0.24522390542290157,-0.8580600535622439,-0.508655330747096,-1.0,-0.6366714425615159,-0.8572068157404162,-0.6552667542593584,-0.6557343573465454,-0.7070575710236601,-0.8072665184205897,-0.5680174348123908,-0.7644445254008421,-0.49515811503467355,-0.6762796530102279,-0.7239142908227562,-0.3759432951565332,-0.7352589984234275,-0.5563484489047159,-0.6143429757196318,-0.5414623249963689,-0.5387262118014295,-0.44244743120290714,-0.7241218481131221,-0.11665774282165747,-0.738834448374558,-0.3106466344321726,-0.6431193799549509,-0.3093821168063404,-0.5633040148674294,-0.22599441752377922,-0.6981266156992884,0.10972302845739874,-0.7300822895150972,-0.0618774779248681,-0.6400472444492805,-0.06126966581358863,-0.56286924705597,0.0037269236318595166,0.0,0.0,0.0,0.0,0.0,0.0,0.0,0.0,0.0,0.0,0.0,0.0,0.0,0.0,0.0,0.0,0.0,0.0,0.0,0.0,0.0,0.0,0.0,0.0,0.0,0.0,0.0,0.0,0.0,0.0,0.0,0.0,0.0,0.0,0.0,0.0,0.0,0.0,0.0,0.0,0.0,0.0,sorry
0.0,0.0,-0.022147426133138675,-0.4920097859579255,-0.2551079727496295,-0.8552484729676894,-0.5299512222881225,-1.0,-0.6592828013310237,-0.8478545508776113,-0.6688143969553053,-0.6701634737697768,-0.7139714319493767,-0.8043475594709852,-0.5720885327980196,-0.7586437804370126,-0.501985350497515,-0.6746747866373696,-0.7395452679045795,-0.3882809867000649,-0.7497935912473859,-0.5488701849608841,-0.6252139513184405,-0.535319076289558,-0.5445153650037701,-0.43766455671052884,-0.7400221052368219,-0.12339833921285538,-0.7610014761353218,-0.29856051051028953,-0.661817594022069,-0.2980316723990167,-0.5744400963289903,-0.2157188543541577,-0.7153070179957035,0.10782557761337028,-0.7586974982228979,-0.04009848751319029,-0.6678410993553375,-0.03537720923592704,-0.5851355773141205,0.029351005749029522,0.0,0.0,0.0,0.0,0.0,0.0,0.0,0.0,0.0,0.0,0.0,0.0,0.0,0.0,0.0,0.0,0.0,0.0,0.0,0.0,0.0,0.0,0.0,0.0,0.0,0.0,0.0,0.0,0.0,0.0,0.0,0.0,0.0,0.0,0.0,0.0,0.0,0.0,0.0,0.0,0.0,0.0,sorry
0.0,0.0,-0.014703694947644237,-0.4886221027020105,-0.2582508348355448,-0.853310775535132,-0.5284568101894264,-1.0,-0.6555754208654708,-0.85039845543111,-0.6696671493444448,-0.671894362520563,-0.7092186530334821,-0.8163179565984022,-0.5645276160643045,-0.7630997763921313,-0.49716993212959404,-0.6713540589260912,-0.7391833387511452,-0.40089886422963644,-0.7446691194578248,-0.5641178324812594,-0.6194455115891919,-0.5456248707113094,-0.5448882945713526,-0.44682072953298463,-0.7392027936207729,-0.14622624782056207,-0.7579324152604983,-0.3212525980870199,-0.657562772737571,-0.3196223292650492,-0.5766844469399214,-0.23890136627362904,-0.7137683836204773,0.07741067998463312,-0.7523198085049795,-0.07805835475831634,-0.6597518149669513,-0.07491799403055646,-0.5802183378153413,-0.013205669986307712,0.0,0.0,0.0,0.0,0.0,0.0,0.0,0.0,0.0,0.0,0.0,0.0,0.0,0.0,0.0,0.0,0.0,0.0,0.0,0.0,0.0,0.0,0.0,0.0,0.0,0.0,0.0,0.0,0.0,0.0,0.0,0.0,0.0,0.0,0.0,0.0,0.0,0.0,0.0,0.0,0.0,0.0,sorry
0.0,0.0,-0.03186925965864723,-0.4959595433755996,-0.2709007300536695,-0.8415518288526135,-0.5194320703033007,-1.0,-0.6401487375897074,-0.865778207464148,-0.6763688196432777,-0.6722963844370902,-0.7011080950433198,-0.8336226279453142,-0.5580297227283432,-0.7831167961923177,-0.4906580398864636,-0.6807565785396448,-0.7429688022905588,-0.41233133777067144,-0.742716444180022,-0.58457095402769,-0.6224216958564186,-0.5691686808215273,-0.5511801088263365,-0.4659690873709392,-0.7442886005032289,-0.16471448580175757,-0.7595299892165247,-0.3479582047372922,-0.6629596301391936,-0.34819519329689264,-0.5829926003049121,-0.2653141461842611,-0.7198138301168829,0.05162681738742424,-0.7623128695199495,-0.1033086676830402,-0.676811313972657,-0.1034717832397526,-0.5987924986675591,-0.040790788185277455,0.0,0.0,0.0,0.0,0.0,0.0,0.0,0.0,0.0,0.0,0.0,0.0,0.0,0.0,0.0,0.0,0.0,0.0,0.0,0.0,0.0,0.0,0.0,0.0,0.0,0.0,0.0,0.0,0.0,0.0,0.0,0.0,0.0,0.0,0.0,0.0,0.0,0.0,0.0,0.0,0.0,0.0,sorry
0.0,0.0,-0.01569256211877728,-0.48604769919085034,-0.24608630019909583,-0.8452558571499572,-0.4951941208744624,-1.0,-0.5995644839539283,-0.8561832266388861,-0.6439921881928277,-0.6758947861839381,-0.664759111582349,-0.8473325738520805,-0.5263533985161855,-0.799144170526605,-0.46202999788527677,-0.7053922519268832,-0.7158730444900739,-0.4213590946255819,-0.7070372532376218,-0.6091694205171034,-0.5858904105584136,-0.5934410445368512,-0.5161664257961154,-0.49342096928388846,-0.721493628056238,-0.18297423643385546,-0.725254327142814,-0.3799110062087105,-0.6246037330225243,-0.380279864618731,-0.5476938309527267,-0.3013290597082851,-0.6987791127712717,0.02310262060013312,-0.7246669310882834,-0.16456298805522449,-0.6318900265948375,-0.16453375224993885,-0.5542139027948455,-0.10494289759964294,0.0,0.0,0.0,0.0,0.0,0.0,0.0,0.0,0.0,0.0,0.0,0.0,0.0,0.0,0.0,0.0,0.0,0.0,0.0,0.0,0.0,0.0,0.0,0.0,0.0,0.0,0.0,0.0,0.0,0.0,0.0,0.0,0.0,0.0,0.0,0.0,0.0,0.0,0.0,0.0,0.0,0.0,sorry
0.0,0.0,-0.013511533624455866,-0.48471164218084273,-0.24120511355647045,-0.8460780563686905,-0.4904047068633399,-1.0,-0.5907308676742876,-0.8488322813655685,-0.6403602616759572,-0.6794995589896783,-0.6580289444366326,-0.8470087503920911,-0.5166819406027436,-0.7915033977952434,-0.46037593548761385,-0.694149263065361,-0.7115005855555108,-0.4238271436199032,-0.6931018020950203,-0.6061905656240075,-0.5708035434220631,-0.5805569021311074,-0.5095340826739483,-0.4751672348505334,-0.7153433243230222,-0.18439295445449924,-0.7077114366710161,-0.37263848068256794,-0.6081844534274418,-0.3631240640207358,-0.5379175463110003,-0.27679027083048585,-0.6931561294534914,0.023152796064437656,-0.7117542771118102,-0.15274591610675892,-0.618882272368368,-0.14179833881195655,-0.5453166375445804,-0.0713758243746454,0.0,0.0,0.0,0.0,0.0,0.0,0.0,0.0,0.0,0.0,0.0,0.0,0.0,0.0,0.0,0.0,0.0,0.0,0.0,0.0,0.0,0.0,0.0,0.0,0.0,0.0,0.0,0.0,0.0,0.0,0.0,0.0,0.0,0.0,0.0,0.0,0.0,0.0,0.0,0.0,0.0,0.0,sorry
0.0,0.0,-0.019890898584685582,-0.47605322735898625,-0.24700138272970104,-0.83734088753183,-0.49068566127763025,-1.0,-0.5944981729105737,-0.854406197183942,-0.6429044409525516,-0.6841682688733123,-0.6595957499150452,-0.8451512394916785,-0.518840503052135,-0.7851130260523043,-0.46171844709125265,-0.6858389217203333,-0.7104952727211032,-0.42802545100890366,-0.6972557980086896,-0.6002259473145553,-0.5780658450793834,-0.5727709533948734,-0.5173474942951796,-0.4687827936728764,-0.7144096802057078,-0.1868047367100015,-0.7141721560852832,-0.36813294564340343,-0.6199287228038625,-0.3581659145901187,-0.5503014710028458,-0.27197559689162765,-0.6938226762680969,0.022040841174706477,-0.7213387977187704,-0.13702347347090105,-0.6344032231424341,-0.12628249302522396,-0.5626335137551914,-0.05868741975452182,0.0,0.0,0.0,0.0,0.0,0.0,0.0,0.0,0.0,0.0,0.0,0.0,0.0,0.0,0.0,0.0,0.0,0.0,0.0,0.0,0.0,0.0,0.0,0.0,0.0,0.0,0.0,0.0,0.0,0.0,0.0,0.0,0.0,0.0,0.0,0.0,0.0,0.0,0.0,0.0,0.0,0.0,sorry
0.0,0.0,-0.006488101363908782,-0.4723137010378137,-0.2345972544247832,-0.8416854837245061,-0.4859273126819907,-1.0,-0.5963794063697506,-0.8555329212750802,-0.6334169759121481,-0.6818686296944271,-0.6605985438725,-0.8453939071072986,-0.5231989603701663,-0.7895430633161206,-0.46132161328272403,-0.6929954132790918,-0.7064720589392628,-0.4230493319692228,-0.7036394106880889,-0.5956194091141152,-0.5863763492284502,-0.5724900668131673,-0.5230274375909323,-0.47099549803152385,-0.7142894618422354,-0.17862281333680416,-0.7251281880535393,-0.360300750059024,-0.629820294575239,-0.3536254870742451,-0.5575204162555165,-0.27015745791133683,-0.6968920072402792,0.03343432998157644,-0.7306469334753946,-0.12778144365678493,-0.6446166566779872,-0.12000994832119558,-0.5742274916710556,-0.054364144878228916,0.0,0.0,0.0,0.0,0.0,0.0,0.0,0.0,0.0,0.0,0.0,0.0,0.0,0.0,0.0,0.0,0.0,0.0,0.0,0.0,0.0,0.0,0.0,0.0,0.0,0.0,0.0,0.0,0.0,0.0,0.0,0.0,0.0,0.0,0.0,0.0,0.0,0.0,0.0,0.0,0.0,0.0,sorry
0.0,0.0,-0.011291319170285564,-0.47067613748519543,-0.24638675730359258,-0.8395178436307409,-0.501856741018555,-1.0,-0.6145404103335965,-0.8541790038162916,-0.6545518427589156,-0.678870163837347,-0.6751906089617055,-0.8323962240097381,-0.538030034790762,-0.7745761161008028,-0.47790622121331755,-0.6778045425384919,-0.7249429920877747,-0.41890483122779315,-0.7168454525266482,-0.5828054061389657,-0.5990516330273721,-0.5599282183510988,-0.5361815185386235,-0.4602332543755757,-0.7299958259310435,-0.16957463564284775,-0.7361708263422819,-0.34277228089222267,-0.6390772017699697,-0.3369172752993815,-0.5659988670384261,-0.2549888348795894,-0.7088882480425056,0.05038389097249638,-0.7393561241610739,-0.10364593614291354,-0.6512943212100276,-0.09488501776549546,-0.5795923497335176,-0.030520566028424793,0.0,0.0,0.0,0.0,0.0,0.0,0.0,0.0,0.0,0.0,0.0,0.0,0.0,0.0,0.0,0.0,0.0,0.0,0.0,0.0,0.0,0.0,0.0,0.0,0.0,0.0,0.0,0.0,0.0,0.0,0.0,0.0,0.0,0.0,0.0,0.0,0.0,0.0,0.0,0.0,0.0,0.0,sorry
0.0,0.0,-0.018796680693948915,-0.47497056580321106,-0.25037255320857676,-0.8296107757242807,-0.5028316143482457,-1.0,-0.6202755030321291,-0.8564907718609603,-0.6471111444719088,-0.6908157432403704,-0.6930308535470897,-0.8045716307358628,-0.5594255830543011,-0.7594789136721123,-0.4949167942629693,-0.6872547697046397,-0.7133508162576498,-0.4368648945434275,-0.7366569786210361,-0.5670734875966945,-0.6224404846577366,-0.5528064975169243,-0.547641143731789,-0.4700894495135943,-0.7178114815151144,-0.18891426525788452,-0.7523973844901336,-0.33783581623402903,-0.6580132140253226,-0.33930818220804504,-0.5755082287148633,-0.2701311271814506,-0.695362230899529,0.02653040763803628,-0.7457150475802544,-0.12264572355108427,-0.6618620994101613,-0.12347035347806437,-0.5830755599321189,-0.07270233484174296,0.0,0.0,0.0,0.0,0.0,0.0,0.0,0.0,0.0,0.0,0.0,0.0,0.0,0.0,0.0,0.0,0.0,0.0,0.0,0.0,0.0,0.0,0.0,0.0,0.0,0.0,0.0,0.0,0.0,0.0,0.0,0.0,0.0,0.0,0.0,0.0,0.0,0.0,0.0,0.0,0.0,0.0,sorry
0.0,0.0,-0.011337699278957464,-0.4701207911622676,-0.24285850367136336,-0.8290142223986241,-0.49676681881325657,-1.0,-0.6240468346894225,-0.8938641264801217,-0.6291917708540055,-0.6860990937355296,-0.7060422041410332,-0.799371303830125,-0.5758571145068466,-0.7627079446980221,-0.496147119137395,-0.6982909307402262,-0.7088514916980883,-0.42438473242045377,-0.7501184097373818,-0.5611409671231065,-0.6359042137990342,-0.5491433485479923,-0.5571782761129854,-0.47346907455182907,-0.7219779056691142,-0.17279830654230335,-0.7702311305153139,-0.3326199642786267,-0.6737596083879076,-0.3335561288615466,-0.5870228219884898,-0.2676123569491301,-0.7048866838658464,0.040866309452933784,-0.7572274922272938,-0.10813891645167692,-0.6745251041873388,-0.10465251041873387,-0.5988032016934577,-0.05262896077264007,0.0,0.0,0.0,0.0,0.0,0.0,0.0,0.0,0.0,0.0,0.0,0.0,0.0,0.0,0.0,0.0,0.0,0.0,0.0,0.0,0.0,0.0,0.0,0.0,0.0,0.0,0.0,0.0,0.0,0.0,0.0,0.0,0.0,0.0,0.0,0.0,0.0,0.0,0.0,0.0,0.0,0.0,sorry
0.0,0.0,-0.01977248508895376,-0.4658770343194306,-0.2510151576951249,-0.8277894280521999,-0.5136479049793178,-1.0,-0.6383174381829558,-0.8624900432863455,-0.6355106059020622,-0.6646418679542236,-0.7041828340917875,-0.8027828614260363,-0.5673799909028203,-0.762723772468005,-0.49563426134531485,-0.6910167486338215,-0.7100338047779413,-0.4077426395061043,-0.7444333161782449,-0.5649674231277642,-0.6281322272928203,-0.5506874136461966,-0.5570546386006573,-0.4637228606145508,-0.7214802883763243,-0.16825831719260181,-0.7642562521755286,-0.34255152399114197,-0.6665010773537885,-0.3438333507731535,-0.5862932089340284,-0.2698450916871851,-0.7067120529088552,0.029544479015625368,-0.7599398966850817,-0.14133835315422283,-0.6749581444316078,-0.13651214986001875,-0.6004864642081503,-0.07743920799014259,0.0,0.0,0.0,0.0,0.0,0.0,0.0,0.0,0.0,0.0,0.0,0.0,0.0,0.0,0.0,0.0,0.0,0.0,0.0,0.0,0.0,0.0,0.0,0.0,0.0,0.0,0.0,0.0,0.0,0.0,0.0,0.0,0.0,0.0,0.0,0.0,0.0,0.0,0.0,0.0,0.0,0.0,sorry
0.0,0.0,-0.013512240516247631,-0.479842176595155,-0.26046552023623415,-0.8486585500655329,-0.5304990571652447,-1.0,-0.6557310903504143,-0.8652228199226456,-0.6526194361722923,-0.6834313195384875,-0.7322507205348484,-0.810179566050979,-0.5919409545310248,-0.7789568430527263,-0.5105699317663164,-0.7135764393136228,-0.7232639779404437,-0.4144715741991622,-0.7744316173904142,-0.5716393780938892,-0.6553926717535637,-0.5651410876114835,-0.5744000897367414,-0.48276352136121053,-0.7327347979807055,-0.1622645023123002,-0.7842914963002653,-0.33537364625754773,-0.6867022455421585,-0.34457111772883275,-0.6015506269320217,-0.2770687232062589,-0.7136270795863615,0.051344880404555884,-0.765176699158119,-0.11660875706445417,-0.6806058101272923,-0.11833760508537242,-0.6058054988801965,-0.06405341078572467,0.0,0.0,0.0,0.0,0.0,0.0,0.0,0.0,0.0,0.0,0.0,0.0,0.0,0.0,0.0,0.0,0.0,0.0,0.0,0.0,0.0,0.0,0.0,0.0,0.0,0.0,0.0,0.0,0.0,0.0,0.0,0.0,0.0,0.0,0.0,0.0,0.0,0.0,0.0,0.0,0.0,0.0,sorry
0.0,0.0,-0.021939602370861833,-0.48098593156761443,-0.2605105635525102,-0.8327739148676689,-0.5276925727416106,-1.0,-0.6573799215872123,-0.8687346671695636,-0.6385987328302191,-0.6713695498819026,-0.7254897538377593,-0.7956843618988199,-0.5850600487172325,-0.7603578466591957,-0.5060505237482922,-0.6959928391537854,-0.7132628915340493,-0.40624432746414957,-0.7645051157441878,-0.5608139321284822,-0.6467190867855865,-0.5502666839129873,-0.5698100984453311,-0.4692022743404098,-0.7228821536451512,-0.15747176911379637,-0.7756338838025528,-0.3285576242686165,-0.676233664455442,-0.3328815232124243,-0.5914108432255112,-0.2640388129169144,-0.7055015037994441,0.047907995952187116,-0.7540325955458841,-0.11332517393965019,-0.6661288061017192,-0.11135833252717654,-0.5892483502771186,-0.05512210286270806,0.0,0.0,0.0,0.0,0.0,0.0,0.0,0.0,0.0,0.0,0.0,0.0,0.0,0.0,0.0,0.0,0.0,0.0,0.0,0.0,0.0,0.0,0.0,0.0,0.0,0.0,0.0,0.0,0.0,0.0,0.0,0.0,0.0,0.0,0.0,0.0,0.0,0.0,0.0,0.0,0.0,0.0,sorry
0.0,0.0,-0.0316599480828208,-0.48252196388223884,-0.2637602951317833,-0.8412405178262063,-0.5352282729968996,-1.0,-0.6615641872382415,-0.8559612247071949,-0.6440752182371707,-0.6764797237064156,-0.7265559735592422,-0.7951861673796402,-0.5883592825785906,-0.756931728348686,-0.5091079327879974,-0.6901615263426422,-0.7123216398203643,-0.4046276932737538,-0.7674766344660549,-0.5513015737745359,-0.6500703629156598,-0.5433216902798258,-0.5670917409074854,-0.4625843093501382,-0.7167292737762179,-0.1494183145418561,-0.7758772938030175,-0.30970055112945094,-0.6782830887918323,-0.31788059048783085,-0.5875928594255471,-0.2503265848475844,-0.6939984077236616,0.06585127914734723,-0.7548093473348995,-0.07819254209160074,-0.6691816036016842,-0.07933068327717382,-0.5876691092783737,-0.02734005752378603,0.0,0.0,0.0,0.0,0.0,0.0,0.0,0.0,0.0,0.0,0.0,0.0,0.0,0.0,0.0,0.0,0.0,0.0,0.0,0.0,0.0,0.0,0.0,0.0,0.0,0.0,0.0,0.0,0.0,0.0,0.0,0.0,0.0,0.0,0.0,0.0,0.0,0.0,0.0,0.0,0.0,0.0,sorry
0.0,0.0,-0.03454269552027084,-0.480004535614408,-0.2638694923235883,-0.8351009116353552,-0.5355582913229763,-1.0,-0.6684312559370845,-0.8777189099252434,-0.6513252209087196,-0.6579429368797518,-0.7460819580895344,-0.7797068280666597,-0.6120392214941841,-0.7462005551499472,-0.5246462047205102,-0.6787674236437413,-0.7283615324360068,-0.3768852593688785,-0.790809827010278,-0.5298181935989985,-0.6768449942205628,-0.5231732870824082,-0.5928056709064634,-0.44240579633008625,-0.736851346394823,-0.11338631054379934,-0.8051273848133282,-0.2865362831796971,-0.710497344004369,-0.29241001954248147,-0.6206646989196676,-0.22428323986342247,-0.7152374660262811,0.10498153935513282,-0.7804007655006358,-0.03750386163599149,-0.6996005882414197,-0.03334255112111826,-0.6233143308059624,0.021912108586311468,0.0,0.0,0.0,0.0,0.0,0.0,0.0,0.0,0.0,0.0,0.0,0.0,0.0,0.0,0.0,0.0,0.0,0.0,0.0,0.0,0.0,0.0,0.0,0.0,0.0,0.0,0.0,0.0,0.0,0.0,0.0,0.0,0.0,0.0,0.0,0.0,0.0,0.0,0.0,0.0,0.0,0.0,sorry
0.0,0.0,-0.01286699816912744,-0.47570563899334956,-0.24682921347785775,-0.835823916184631,-0.5280417076534238,-1.0,-0.6708877143274015,-0.8773133004184179,-0.6427509919187451,-0.6797396772204625,-0.7470992554137819,-0.7724881981672448,-0.6189617093478046,-0.7411097958741828,-0.5281887893178705,-0.6875038241232756,-0.7198326681319923,-0.40337675968503345,-0.7913334776694734,-0.5291486442600498,-0.6780891267820415,-0.5218439804769682,-0.5892385641064259,-0.45280090555239166,-0.7316698004866639,-0.14172377357424917,-0.8060951818400034,-0.29148585427384016,-0.7110942522838841,-0.2982068980123972,-0.6166816493855516,-0.2388759195545661,-0.7142903368523111,0.08024422616218048,-0.7813386902436613,-0.06037702325537613,-0.6985881925193089,-0.06196844686468957,-0.618187471466157,-0.016529037450521727,0.0,0.0,0.0,0.0,0.0,0.0,0.0,0.0,0.0,0.0,0.0,0.0,0.0,0.0,0.0,0.0,0.0,0.0,0.0,0.0,0.0,0.0,0.0,0.0,0.0,0.0,0.0,0.0,0.0,0.0,0.0,0.0,0.0,0.0,0.0,0.0,0.0,0.0,0.0,0.0,0.0,0.0,sorry
0.0,0.0,-0.017994353626937663,-0.4866406671979653,-0.24429693348812853,-0.8391726113798037,-0.5158108459133889,-1.0,-0.6507633441654636,-0.8857631409525796,-0.6370055374038347,-0.6711556098241943,-0.7336954056806542,-0.7823937535304557,-0.6021621850862948,-0.7555979259327325,-0.5206549698508653,-0.6970496434350163,-0.7178816146530037,-0.3950982696275667,-0.7777116108773672,-0.5427327244015087,-0.6656308699808626,-0.5397310639460879,-0.5861896523999441,-0.4694129268133216,-0.7288041599149923,-0.13607841543428362,-0.7948922294338253,-0.3036436364621638,-0.6976339541045173,-0.31361756042049166,-0.6087727885578776,-0.25146858122654586,-0.7086383735429783,0.07915701405467428,-0.7684995879785148,-0.07554276983284121,-0.683248543493742,-0.0814624494986532,-0.6058824534215453,-0.032995293118387115,0.0,0.0,0.0,0.0,0.0,0.0,0.0,0.0,0.0,0.0,0.0,0.0,0.0,0.0,0.0,0.0,0.0,0.0,0.0,0.0,0.0,0.0,0.0,0.0,0.0,0.0,0.0,0.0,0.0,0.0,0.0,0.0,0.0,0.0,0.0,0.0,0.0,0.0,0.0,0.0,0.0,0.0,sorry
0.0,0.0,-0.015533831660570872,-0.4862498448198478,-0.23958353228224644,-0.8396911437493435,-0.5086656178079968,-1.0,-0.6452143037902155,-0.8976658517719186,-0.62877177296905,-0.6651009387205515,-0.7371862973538202,-0.7784093079442689,-0.605691112713313,-0.7551006522341167,-0.5185443266136348,-0.6954135909164701,-0.7070983579552508,-0.3878077341787866,-0.7814753096440884,-0.5388589006560539,-0.6675271207158341,-0.5362363560835395,-0.5856299001117297,-0.461977281625715,-0.7217706413476321,-0.12713790502019728,-0.7968318778230851,-0.30107695025640535,-0.698545544180983,-0.3121341329488049,-0.6098603856107413,-0.24745862658403125,-0.7056650305108053,0.0911737110497818,-0.7690805934089021,-0.0696514176303752,-0.6843516334501561,-0.07514121393852001,-0.6085720919239475,-0.02348233811129043,0.0,0.0,0.0,0.0,0.0,0.0,0.0,0.0,0.0,0.0,0.0,0.0,0.0,0.0,0.0,0.0,0.0,0.0,0.0,0.0,0.0,0.0,0.0,0.0,0.0,0.0,0.0,0.0,0.0,0.0,0.0,0.0,0.0,0.0,0.0,0.0,0.0,0.0,0.0,0.0,0.0,0.0,sorry
0.0,0.0,-0.009115171644732415,-0.4814722465224037,-0.23994152735452737,-0.834529983753593,-0.5040543918171942,-1.0,-0.6406140348769023,-0.9034942993376465,-0.6310674682522135,-0.6688935379675649,-0.7363696009536352,-0.7682868211837767,-0.6141691621083799,-0.7449151870259462,-0.5237789959912712,-0.6922195091470156,-0.708163098545514,-0.39222455610778384,-0.7756643963354258,-0.5279006806187093,-0.6643392567028445,-0.5231841756150082,-0.578704649452525,-0.45400836834161673,-0.7201949929342549,-0.13203149784182344,-0.7901092186343405,-0.2885515703257933,-0.6939123439047133,-0.2970184478432654,-0.6019071503417514,-0.23786025686626996,-0.7034829436759178,0.0861059573363583,-0.7636433168626169,-0.06109586341482172,-0.6796742066658336,-0.06255046960768292,-0.6016511973313594,-0.013562505407457966,0.0,0.0,0.0,0.0,0.0,0.0,0.0,0.0,0.0,0.0,0.0,0.0,0.0,0.0,0.0,0.0,0.0,0.0,0.0,0.0,0.0,0.0,0.0,0.0,0.0,0.0,0.0,0.0,0.0,0.0,0.0,0.0,0.0,0.0,0.0,0.0,0.0,0.0,0.0,0.0,0.0,0.0,sorry
0.0,0.0,-0.014944275428609636,-0.4832613538624255,-0.247075789672035,-0.8387260697385337,-0.5140142662196949,-1.0,-0.6655057760866063,-0.9019284014478967,-0.638057435666765,-0.6666062869838221,-0.7450850836856325,-0.7568876907506633,-0.619173082007969,-0.7384376453139389,-0.5256254008005373,-0.6891094705937775,-0.7162642198711968,-0.3950940494606858,-0.7931884423561449,-0.5242157986074176,-0.6815727489066313,-0.5256618717499065,-0.592178197058618,-0.45909023216798517,-0.7252664658738287,-0.13831607548270822,-0.8055694178932556,-0.28416400985931334,-0.7076120949825091,-0.29505241179348934,-0.6141984445140094,-0.23989678721328514,-0.7011023344446842,0.08112050913445319,-0.7626643852061672,-0.054800032823854435,-0.6773393834586009,-0.058303067510766526,-0.5980843633843825,-0.01489048077829006,0.0,0.0,0.0,0.0,0.0,0.0,0.0,0.0,0.0,0.0,0.0,0.0,0.0,0.0,0.0,0.0,0.0,0.0,0.0,0.0,0.0,0.0,0.0,0.0,0.0,0.0,0.0,0.0,0.0,0.0,0.0,0.0,0.0,0.0,0.0,0.0,0.0,0.0,0.0,0.0,0.0,0.0,sorry
0.0,0.0,-0.015675886181853973,-0.4849669590394798,-0.25210262047310716,-0.8336195517874032,-0.5239747948428102,-1.0,-0.6761050487957122,-0.8976051187964519,-0.6350008589610423,-0.6571571629708925,-0.7538232936784747,-0.7728417916032125,-0.6250427187920501,-0.7503266191721327,-0.5338250299413645,-0.6939781634373603,-0.7125136868258608,-0.3811665607994635,-0.7995197154485213,-0.531501861286045,-0.6886633037781448,-0.5325301690961101,-0.5999191781852018,-0.46440875052042035,-0.7262106001294861,-0.12326427205038586,-0.8117059577660166,-0.2947532458639956,-0.7166978358461256,-0.3088414296779905,-0.6240159393824162,-0.24997478139288634,-0.7087993680981257,0.08753821765278044,-0.7794414246648371,-0.07057113878670683,-0.6987073400513665,-0.07754614699421715,-0.6209710600435167,-0.03352026689539689,0.0,0.0,0.0,0.0,0.0,0.0,0.0,0.0,0.0,0.0,0.0,0.0,0.0,0.0,0.0,0.0,0.0,0.0,0.0,0.0,0.0,0.0,0.0,0.0,0.0,0.0,0.0,0.0,0.0,0.0,0.0,0.0,0.0,0.0,0.0,0.0,0.0,0.0,0.0,0.0,0.0,0.0,sorry
0.0,0.0,-0.02525797693265474,-0.4947557511088632,-0.26882949759977276,-0.8390405818098466,-0.5405151628211748,-1.0,-0.6988843786223748,-0.9101274203926195,-0.6541087891232055,-0.6552287082996724,-0.7782827864436213,-0.7718479226994163,-0.6467112807253688,-0.7609184333838065,-0.5479425689500851,-0.7036954218476424,-0.7257568330330064,-0.37853019016825573,-0.8160436207896364,-0.5321540754656104,-0.7003583990512453,-0.5410337015944834,-0.6071755800315546,-0.47303754096144873,-0.7338933759708198,-0.12041747198489168,-0.8249104780958634,-0.2953976803097903,-0.7247963684222656,-0.31621708991680336,-0.62917750718947,-0.25943257843638606,-0.7116600528317822,0.09362848207350731,-0.7816157605889354,-0.06935775313568027,-0.6953184513224452,-0.08040994772257148,-0.6155170470011019,-0.03570100524892041,0.0,0.0,0.0,0.0,0.0,0.0,0.0,0.0,0.0,0.0,0.0,0.0,0.0,0.0,0.0,0.0,0.0,0.0,0.0,0.0,0.0,0.0,0.0,0.0,0.0,0.0,0.0,0.0,0.0,0.0,0.0,0.0,0.0,0.0,0.0,0.0,0.0,0.0,0.0,0.0,0.0,0.0,sorry
0.0,0.0,-0.029517591486084144,-0.48851265075072264,-0.269752243857879,-0.8335107996028559,-0.539452085037454,-1.0,-0.6998765281272151,-0.9095430548466896,-0.6523041984777798,-0.6605763798493407,-0.7755500265734292,-0.7808637821834614,-0.6438912430473429,-0.7650970875893713,-0.5501707583132663,-0.7076953798201937,-0.7272226642513889,-0.3847286812571434,-0.815593734748185,-0.5421866366348674,-0.6994709500016434,-0.544739174195805,-0.6121299487197933,-0.4718020877971216,-0.737458240646742,-0.12337947042907561,-0.8219769391006461,-0.3035039097359215,-0.7223203781922999,-0.31809355955579893,-0.6309598744320201,-0.25613436914927196,-0.7167728260175267,0.09642030792930041,-0.7830687256474832,-0.0729420475989961,-0.6963109754774071,-0.08267282186252142,-0.6180192035661107,-0.03286981252244168,0.0,0.0,0.0,0.0,0.0,0.0,0.0,0.0,0.0,0.0,0.0,0.0,0.0,0.0,0.0,0.0,0.0,0.0,0.0,0.0,0.0,0.0,0.0,0.0,0.0,0.0,0.0,0.0,0.0,0.0,0.0,0.0,0.0,0.0,0.0,0.0,0.0,0.0,0.0,0.0,0.0,0.0,sorry
0.0,0.0,-0.02688984369840259,-0.48702782724206123,-0.26987197300392407,-0.8361680625355925,-0.5389778899845107,-1.0,-0.6933330384168217,-0.9051074970684884,-0.6233234930908538,-0.639896347230547,-0.7664513568444099,-0.7727464743977162,-0.636665765302117,-0.7679787959181893,-0.5380594950447796,-0.7078700340317039,-0.6990138158001313,-0.36760283967216917,-0.8075308385057951,-0.5417315171460722,-0.6973349724045373,-0.5541373255890749,-0.6083030005470493,-0.4781921700912289,-0.7184424794420345,-0.11788726795574259,-0.8182285195897254,-0.3174767940166009,-0.7243185870923766,-0.33975815184545044,-0.6344417417353801,-0.2745078736477974,-0.7108872168645722,0.08616962019322431,-0.7965440561653958,-0.10883914630392766,-0.7142364923045482,-0.11767916489612916,-0.6349950217262087,-0.06246643247803391,0.0,0.0,0.0,0.0,0.0,0.0,0.0,0.0,0.0,0.0,0.0,0.0,0.0,0.0,0.0,0.0,0.0,0.0,0.0,0.0,0.0,0.0,0.0,0.0,0.0,0.0,0.0,0.0,0.0,0.0,0.0,0.0,0.0,0.0,0.0,0.0,0.0,0.0,0.0,0.0,0.0,0.0,sorry
0.0,0.0,-0.03664964772231927,-0.5093518229056917,-0.27396422310521407,-0.8477465990940982,-0.5375897048491096,-1.0,-0.6941203814071859,-0.9318070168707074,-0.6245052041235454,-0.6504755009601855,-0.7657292094525275,-0.7642831128754174,-0.6417555197298774,-0.768462262792042,-0.5408026936772431,-0.7165770220977898,-0.6994452750885805,-0.37582345418943425,-0.8096439356722902,-0.5335328975963598,-0.7057621193146043,-0.5541229477725772,-0.6127260272852446,-0.4861614407374023,-0.713816606774324,-0.12117710625947842,-0.8094017663890422,-0.2949030599504213,-0.720696415957509,-0.3200723111189668,-0.6301301361117174,-0.2627316569348162,-0.6975160979672247,0.08930385451727485,-0.7707163241596254,-0.07542220799259276,-0.6928302795891551,-0.08744261059745363,-0.615599664611268,-0.03850931911432717,0.0,0.0,0.0,0.0,0.0,0.0,0.0,0.0,0.0,0.0,0.0,0.0,0.0,0.0,0.0,0.0,0.0,0.0,0.0,0.0,0.0,0.0,0.0,0.0,0.0,0.0,0.0,0.0,0.0,0.0,0.0,0.0,0.0,0.0,0.0,0.0,0.0,0.0,0.0,0.0,0.0,0.0,sorry
0.0,0.0,-0.03630088567824137,-0.4881241102882909,-0.2882403519127708,-0.8387338604595108,-0.5620583838785697,-1.0,-0.7163024018733433,-0.9096820720296345,-0.6610649521135047,-0.6446258982970019,-0.7975293147251702,-0.777488649595001,-0.6640150530959862,-0.7643100631942343,-0.5684059929879216,-0.7049024289575122,-0.7310409197731927,-0.3569926723716207,-0.8341729641679037,-0.5251458365865653,-0.7209899717300887,-0.5306216335123178,-0.6331818650106878,-0.4532082105204502,-0.7386912255716023,-0.08987667631891155,-0.8333329013689168,-0.2744131709406306,-0.7389491083282523,-0.29216496461887453,-0.649596944802075,-0.2280908187907113,-0.7187263701965287,0.1320139412195781,-0.7984383838396928,-0.03758867959492969,-0.7154241102234963,-0.048726882074362245,-0.6378694348674334,0.0017682463389395834,0.0,0.0,0.0,0.0,0.0,0.0,0.0,0.0,0.0,0.0,0.0,0.0,0.0,0.0,0.0,0.0,0.0,0.0,0.0,0.0,0.0,0.0,0.0,0.0,0.0,0.0,0.0,0.0,0.0,0.0,0.0,0.0,0.0,0.0,0.0,0.0,0.0,0.0,0.0,0.0,0.0,0.0,sorry
0.0,0.0,-0.028337603586503796,-0.5044945792804093,-0.2808065689809149,-0.8469330507418028,-0.5561443939251302,-1.0,-0.7201405621468135,-0.9101879250640538,-0.6255988743833152,-0.6588521457704138,-0.7776312307743195,-0.7787771385826491,-0.6558008442125136,-0.7749129199117623,-0.5607025817433319,-0.7208685618618473,-0.70014521829178,-0.3851815006017368,-0.8206862597925344,-0.5407737088102913,-0.7197910332316445,-0.5561746079805816,-0.6293711787170921,-0.4890561510728216,-0.7170771749667327,-0.13025629152047305,-0.8224402652221592,-0.3077298367296052,-0.7359873571670283,-0.3288014370440858,-0.6448875273834755,-0.26928928908553823,-0.7069500596648084,0.07998073933475647,-0.7940498665492877,-0.09441860524287012,-0.7156373957138022,-0.09997035842138875,-0.6349184792979653,-0.05000394372934313,0.0,0.0,0.0,0.0,0.0,0.0,0.0,0.0,0.0,0.0,0.0,0.0,0.0,0.0,0.0,0.0,0.0,0.0,0.0,0.0,0.0,0.0,0.0,0.0,0.0,0.0,0.0,0.0,0.0,0.0,0.0,0.0,0.0,0.0,0.0,0.0,0.0,0.0,0.0,0.0,0.0,0.0,sorry
0.0,0.0,-0.04468533183869611,-0.49636698936087736,-0.29545266791473956,-0.8338334521671604,-0.5656270930958182,-1.0,-0.7267244567641866,-0.9052335180023716,-0.631829291076787,-0.6299133339179703,-0.783715126720072,-0.744809122370881,-0.6600456525248057,-0.7477189624472397,-0.5634839536204918,-0.6948366384388667,-0.6958619773694639,-0.3642822373295815,-0.8234955446846963,-0.5221621910161627,-0.7253855109155543,-0.544579207511823,-0.6411002360154192,-0.48031743247760267,-0.7092930594690225,-0.11789332408081717,-0.8153703611912869,-0.29072092098122426,-0.7317790250033998,-0.3188648382779644,-0.6461856247926763,-0.26548175996075307,-0.6992964020675815,0.0849115355236886,-0.7802632264591459,-0.08444128401538867,-0.7057242318060327,-0.09704529538784946,-0.6317794062884066,-0.05026098958710647,0.0,0.0,0.0,0.0,0.0,0.0,0.0,0.0,0.0,0.0,0.0,0.0,0.0,0.0,0.0,0.0,0.0,0.0,0.0,0.0,0.0,0.0,0.0,0.0,0.0,0.0,0.0,0.0,0.0,0.0,0.0,0.0,0.0,0.0,0.0,0.0,0.0,0.0,0.0,0.0,0.0,0.0,sorry
0.0,0.0,-0.03774797033575101,-0.49815843835054563,-0.29410383263494383,-0.8413869712020258,-0.5755713111026144,-1.0,-0.7404381448134468,-0.9002464257271305,-0.637690132425524,-0.6228418340181368,-0.7930137109488975,-0.7508738764791851,-0.6670538701260724,-0.7571920535628217,-0.572359495606842,-0.7058088282388745,-0.6999875137397384,-0.3508140976994874,-0.8273590136242567,-0.5261522456830211,-0.7251243612113355,-0.5564725085543822,-0.6377415654664976,-0.4920142925627823,-0.7111598053696094,-0.10567452007150163,-0.820234405275542,-0.3034355330500958,-0.7324307643338063,-0.3353233714972967,-0.6450279129377712,-0.2768106856509579,-0.7028266822971355,0.09057714341537389,-0.8068003537558088,-0.12066708977621128,-0.7267925385214068,-0.1299185675865741,-0.6471874537021761,-0.07448992332918634,0.0,0.0,0.0,0.0,0.0,0.0,0.0,0.0,0.0,0.0,0.0,0.0,0.0,0.0,0.0,0.0,0.0,0.0,0.0,0.0,0.0,0.0,0.0,0.0,0.0,0.0,0.0,0.0,0.0,0.0,0.0,0.0,0.0,0.0,0.0,0.0,0.0,0.0,0.0,0.0,0.0,0.0,sorry
0.0,0.0,-0.0423701458958985,-0.5126593787993724,-0.3026109156942005,-0.8477945455301196,-0.5805535133478121,-1.0,-0.7440258928849771,-0.8951925275113527,-0.6240459353859903,-0.6118392339426184,-0.7956288383402783,-0.7497661924703584,-0.6680592286429811,-0.7632737730300416,-0.5668653814180167,-0.7093506125757276,-0.6874697998607546,-0.3389416832063845,-0.826264768842289,-0.520312678602974,-0.7243155934035103,-0.5524690075130153,-0.6367267465422464,-0.485470810428855,-0.6994167151600802,-0.09481869525007014,-0.8139099892968109,-0.2952287676784471,-0.7303403588166222,-0.32995762887990604,-0.6457608097014538,-0.2717285130880259,-0.6911311608284061,0.09817902902330801,-0.79192915891638,-0.10539069238203111,-0.7158930018808517,-0.12038684754709923,-0.6386663748402315,-0.06615584051209045,0.0,0.0,0.0,0.0,0.0,0.0,0.0,0.0,0.0,0.0,0.0,0.0,0.0,0.0,0.0,0.0,0.0,0.0,0.0,0.0,0.0,0.0,0.0,0.0,0.0,0.0,0.0,0.0,0.0,0.0,0.0,0.0,0.0,0.0,0.0,0.0,0.0,0.0,0.0,0.0,0.0,0.0,sorry
0.0,0.0,-0.039423167607161386,-0.5186710469094663,-0.30382432920982727,-0.8528616975012706,-0.5826620192080982,-1.0,-0.7465091665487773,-0.9053283348265979,-0.6297879433292989,-0.6279197252393153,-0.8069595299098278,-0.7625604510183016,-0.6797350241280121,-0.7771165060752291,-0.5735655490760098,-0.72383053804681,-0.6934016698365792,-0.3505464824449719,-0.8400206044315901,-0.5293171065247804,-0.7380492986895948,-0.5622462105136307,-0.6442480495868634,-0.4944395542212232,-0.7074756886045573,-0.1001489334947107,-0.8292543632143438,-0.302979455822946,-0.7446923612966776,-0.3382106760558953,-0.6538963071828646,-0.2776954735744563,-0.6993164384853582,0.09994983154927511,-0.8039206054794951,-0.10640230643885212,-0.7265400273503199,-0.1211417448665755,-0.6449426141037531,-0.06483453580429327,0.0,0.0,0.0,0.0,0.0,0.0,0.0,0.0,0.0,0.0,0.0,0.0,0.0,0.0,0.0,0.0,0.0,0.0,0.0,0.0,0.0,0.0,0.0,0.0,0.0,0.0,0.0,0.0,0.0,0.0,0.0,0.0,0.0,0.0,0.0,0.0,0.0,0.0,0.0,0.0,0.0,0.0,sorry
0.0,0.0,-0.047330055919567675,-0.5113574390247084,-0.3067278311401277,-0.8504895245401575,-0.5910969681313262,-1.0,-0.7553378658713198,-0.8935088419717715,-0.6264156026814255,-0.6271067690597528,-0.803195021775492,-0.7520986146664266,-0.6738992873712585,-0.7601088383186032,-0.5682920655795882,-0.7110676645034693,-0.6881756730310076,-0.3469583460541869,-0.8329901964621675,-0.5181588554102117,-0.7306727831140127,-0.5459138008866761,-0.6410579575136537,-0.48139428383551347,-0.699615634516177,-0.09325886088996396,-0.8189431123427506,-0.28582322840912355,-0.733409723690013,-0.317519029092266,-0.644994572435802,-0.26090275005284047,-0.6891718137197341,0.1121561781597948,-0.7889995276975386,-0.0829321371816851,-0.7109870990974065,-0.09734258106771669,-0.6319994050554629,-0.04645916671233127,0.0,0.0,0.0,0.0,0.0,0.0,0.0,0.0,0.0,0.0,0.0,0.0,0.0,0.0,0.0,0.0,0.0,0.0,0.0,0.0,0.0,0.0,0.0,0.0,0.0,0.0,0.0,0.0,0.0,0.0,0.0,0.0,0.0,0.0,0.0,0.0,0.0,0.0,0.0,0.0,0.0,0.0,sorry
0.0,0.0,-0.032891034574076224,-0.5097681971982192,-0.29152676477594386,-0.8400065426378124,-0.5690959022187201,-1.0,-0.7277714204858557,-0.8989117022995944,-0.6156089943095927,-0.6335025894695985,-0.7864260386599795,-0.7794014654729814,-0.6565903770000318,-0.7923562777843045,-0.550543824314597,-0.73690093161191,-0.6804463403093344,-0.3694721038929344,-0.8211523220847129,-0.5581889095798367,-0.7162698786171927,-0.5898596902761992,-0.6245110059759986,-0.5192206212520194,-0.6981601427437408,-0.131187676993606,-0.8146729687154167,-0.33852568666866145,-0.7277357215692205,-0.3728174169172622,-0.6396525391990332,-0.3117099586346917,-0.6949368551071844,0.06051096183915626,-0.8011064067872078,-0.1565631160091467,-0.7240918357875797,-0.16722865415733357,-0.6429472246688601,-0.10802881616550797,0.0,0.0,0.0,0.0,0.0,0.0,0.0,0.0,0.0,0.0,0.0,0.0,0.0,0.0,0.0,0.0,0.0,0.0,0.0,0.0,0.0,0.0,0.0,0.0,0.0,0.0,0.0,0.0,0.0,0.0,0.0,0.0,0.0,0.0,0.0,0.0,0.0,0.0,0.0,0.0,0.0,0.0,sorry
0.0,0.0,-0.022920591553856947,-0.4944451869424304,-0.28932544200762317,-0.8406870619440368,-0.5640673311452489,-1.0,-0.71927857467802,-0.9059145104953518,-0.6018471279463962,-0.64207020718264,-0.771846575356549,-0.7881126358021677,-0.6550705258856216,-0.7959459181601586,-0.5532028364565369,-0.7383615582519656,-0.6688245514384042,-0.3886846305487089,-0.8085372561215389,-0.5736891412239736,-0.7106867663727231,-0.6044150643702917,-0.622334396533334,-0.5376628533683564,-0.6927349856198131,-0.1591972797158403,-0.8077983278374203,-0.366286750437574,-0.721662100304053,-0.39993047648665947,-0.6372058101609707,-0.3406452964323257,-0.6954516715200333,0.029039881565859713,-0.8004720145369683,-0.19367824363814876,-0.7226169241564009,-0.19990194742942913,-0.6450708985624953,-0.1369542532712034,0.0,0.0,0.0,0.0,0.0,0.0,0.0,0.0,0.0,0.0,0.0,0.0,0.0,0.0,0.0,0.0,0.0,0.0,0.0,0.0,0.0,0.0,0.0,0.0,0.0,0.0,0.0,0.0,0.0,0.0,0.0,0.0,0.0,0.0,0.0,0.0,0.0,0.0,0.0,0.0,0.0,0.0,sorry
0.0,0.0,-0.04632738766527105,-0.5077322504071781,-0.31108592251093753,-0.8506613384936765,-0.5923331015077984,-1.0,-0.7466173391090525,-0.8707939240519205,-0.6221820165261516,-0.6195863757785969,-0.7795278769146268,-0.7417232562545215,-0.6524174487070111,-0.7476062000404318,-0.5513295427527396,-0.6983856551275188,-0.6794459963052011,-0.34133470479115996,-0.8061454321681452,-0.5114302279306965,-0.7062777888675429,-0.5381100836479082,-0.6187532660064513,-0.47611095076864784,-0.6852977898592645,-0.09483592727883018,-0.7898421001104879,-0.27780921055140995,-0.708231989126662,-0.3084623101266225,-0.6239578976009236,-0.25925257243700345,-0.669388603592321,0.10154467006818722,-0.7590977748562957,-0.08159771446298908,-0.6860202845224034,-0.09151556685157614,-0.6119955728527636,-0.046938949359894525,0.0,0.0,0.0,0.0,0.0,0.0,0.0,0.0,0.0,0.0,0.0,0.0,0.0,0.0,0.0,0.0,0.0,0.0,0.0,0.0,0.0,0.0,0.0,0.0,0.0,0.0,0.0,0.0,0.0,0.0,0.0,0.0,0.0,0.0,0.0,0.0,0.0,0.0,0.0,0.0,0.0,0.0,sorry
0.0,0.0,-0.046731752387230395,-0.5179061500724376,-0.3282300566062586,-0.8568336998110004,-0.6190376066924683,-1.0,-0.7855614261808793,-0.8847804911313296,-0.6543498302881925,-0.6217930418493205,-0.835643290316499,-0.7699233371953327,-0.7014890648367965,-0.7823744410073468,-0.5921591607271434,-0.7254586430676888,-0.7175704034909087,-0.3403809807784748,-0.8644876120743081,-0.5299173469735675,-0.757434794497286,-0.5630821830347025,-0.6621364500314554,-0.4945991064140166,-0.7301418465794564,-0.08935191282622808,-0.851535763161607,-0.29466141541719953,-0.7625652589868369,-0.3310359674041013,-0.6720570862785814,-0.272602557477047,-0.7203087905835853,0.11018598435188275,-0.8298519626333175,-0.10451131891178529,-0.749656865923995,-0.11676720567520028,-0.6684071291661625,-0.062068993181442884,0.0,0.0,0.0,0.0,0.0,0.0,0.0,0.0,0.0,0.0,0.0,0.0,0.0,0.0,0.0,0.0,0.0,0.0,0.0,0.0,0.0,0.0,0.0,0.0,0.0,0.0,0.0,0.0,0.0,0.0,0.0,0.0,0.0,0.0,0.0,0.0,0.0,0.0,0.0,0.0,0.0,0.0,sorry
0.0,0.0,-0.043672873648998946,-0.5110044876515284,-0.31812529100389325,-0.8477190248026126,-0.6112881442124485,-1.0,-0.7855926242689817,-0.900133737959456,-0.6347147418857383,-0.6317761391667299,-0.821146448018862,-0.7595966066882188,-0.6988442398565536,-0.768975435143694,-0.5912941541651945,-0.7195135240447642,-0.7049905722994013,-0.35987002651643984,-0.8569753426828826,-0.5287021474023466,-0.7587902163252771,-0.5618130244261651,-0.6627198008129948,-0.5023878004563601,-0.7260663538409212,-0.11267274486429725,-0.8459764687234794,-0.3033936419983423,-0.7622228239513128,-0.3364787620818212,-0.6693753281533265,-0.28170563779797975,-0.7251453781151863,0.08711063266310252,-0.8308251136772655,-0.12280446849893174,-0.7523823518728268,-0.13150767259626656,-0.6687551802820715,-0.07715392413590419,0.0,0.0,0.0,0.0,0.0,0.0,0.0,0.0,0.0,0.0,0.0,0.0,0.0,0.0,0.0,0.0,0.0,0.0,0.0,0.0,0.0,0.0,0.0,0.0,0.0,0.0,0.0,0.0,0.0,0.0,0.0,0.0,0.0,0.0,0.0,0.0,0.0,0.0,0.0,0.0,0.0,0.0,sorry
0.0,0.0,-0.04925158669026995,-0.5055588051898913,-0.319216728731465,-0.8430407311098113,-0.6006646628327417,-1.0,-0.7648973212073711,-0.8962813243836473,-0.6400167694001561,-0.6206917409738993,-0.7975072408931411,-0.7703930641863913,-0.6667339115751975,-0.776775217323318,-0.5695141828842725,-0.7155469585031348,-0.704611456344541,-0.3483756011019156,-0.8329942130769147,-0.5352128446140689,-0.7296429713626779,-0.5628649805890654,-0.6407789856121635,-0.49086209259720426,-0.7166260944993664,-0.1053846762688535,-0.825623334562403,-0.30543731391017237,-0.738254180606311,-0.3389973494566676,-0.6510719610610153,-0.27956185920267485,-0.7052800444781634,0.08654258854931819,-0.7966922583414252,-0.11094959463224757,-0.716452995165445,-0.12279949884847116,-0.6384460055559095,-0.06883819459325195,0.0,0.0,0.0,0.0,0.0,0.0,0.0,0.0,0.0,0.0,0.0,0.0,0.0,0.0,0.0,0.0,0.0,0.0,0.0,0.0,0.0,0.0,0.0,0.0,0.0,0.0,0.0,0.0,0.0,0.0,0.0,0.0,0.0,0.0,0.0,0.0,0.0,0.0,0.0,0.0,0.0,0.0,sorry
0.0,0.0,-0.04766095239073678,-0.504487005790472,-0.3086485945038674,-0.8376497541393078,-0.5745971133681694,-1.0,-0.7288684372403502,-0.9076202046249292,-0.6421442725181811,-0.6155037993150061,-0.7992700589320824,-0.7693564729617449,-0.6608355282505429,-0.7896301880201826,-0.5552127089880093,-0.7326167051713577,-0.7020651912884796,-0.35506996980838407,-0.8312614855918828,-0.5482873224749677,-0.7190263043330298,-0.5855105927496459,-0.6282177315065115,-0.5131996820313012,-0.7101267765345265,-0.11677837093694177,-0.8206199362264718,-0.32812353520578713,-0.727760812027333,-0.36943699249896944,-0.6389674749869332,-0.3074202541951706,-0.6974715966369288,0.07756201738040537,-0.8039082796429402,-0.14135480863446828,-0.7227899827017836,-0.1663717280109106,-0.6396763551232643,-0.11190417789809334,0.0,0.0,0.0,0.0,0.0,0.0,0.0,0.0,0.0,0.0,0.0,0.0,0.0,0.0,0.0,0.0,0.0,0.0,0.0,0.0,0.0,0.0,0.0,0.0,0.0,0.0,0.0,0.0,0.0,0.0,0.0,0.0,0.0,0.0,0.0,0.0,0.0,0.0,0.0,0.0,0.0,0.0,sorry
0.0,0.0,-0.05021246637790602,-0.5201328467337635,-0.31522559951508416,-0.8566833777418581,-0.5946378284862797,-1.0,-0.7456127113614265,-0.883226205659877,-0.6551667529581129,-0.5974188334238342,-0.797483236308073,-0.7480300294232785,-0.6645534733359432,-0.7628761570420134,-0.5653395673641541,-0.7096920026771395,-0.7118823321420904,-0.32528949727866246,-0.8260411799618634,-0.5220838752857089,-0.7139776357827476,-0.5572244882496307,-0.6222792938413163,-0.48637815858263145,-0.709056813446312,-0.09134538887976866,-0.8124821629266691,-0.284901943451742,-0.7208952632310043,-0.32810491356122695,-0.6325259821439847,-0.2734136054249959,-0.6789017414034778,0.09399600954678049,-0.7633844347068406,-0.09207276263117352,-0.6874932124411218,-0.11322595309954665,-0.6116695500637714,-0.06371276313629418,0.0,0.0,0.0,0.0,0.0,0.0,0.0,0.0,0.0,0.0,0.0,0.0,0.0,0.0,0.0,0.0,0.0,0.0,0.0,0.0,0.0,0.0,0.0,0.0,0.0,0.0,0.0,0.0,0.0,0.0,0.0,0.0,0.0,0.0,0.0,0.0,0.0,0.0,0.0,0.0,0.0,0.0,sorry
0.0,0.0,-0.05679525425056854,-0.5100341031232445,-0.31175038055597504,-0.8442415514677866,-0.58001564560555,-1.0,-0.7377607574596238,-0.9066186092977613,-0.6547212004905997,-0.6134404345383694,-0.8031282364634865,-0.7727001876082508,-0.6628365685067104,-0.785114937698769,-0.5573228827091415,-0.7217894124241021,-0.7142209455228355,-0.34109631715335914,-0.8370850770874656,-0.5363144235927644,-0.7221514856058533,-0.5670103939646887,-0.6262719163276048,-0.4876177922635134,-0.7165090205509705,-0.09567831219554732,-0.8252295499739977,-0.29403944133308646,-0.7319805403041794,-0.33288363802033805,-0.6397732019085617,-0.2705798794732309,-0.6931979529279588,0.1027971890988801,-0.7830309632599982,-0.08638130918838105,-0.7032784999933651,-0.10943835688283425,-0.6223785238156321,-0.057011044811769336,0.0,0.0,0.0,0.0,0.0,0.0,0.0,0.0,0.0,0.0,0.0,0.0,0.0,0.0,0.0,0.0,0.0,0.0,0.0,0.0,0.0,0.0,0.0,0.0,0.0,0.0,0.0,0.0,0.0,0.0,0.0,0.0,0.0,0.0,0.0,0.0,0.0,0.0,0.0,0.0,0.0,0.0,sorry
0.0,0.0,-0.059399936430399654,-0.5100900655127197,-0.3109116446896864,-0.8503502118772206,-0.5896276674460591,-1.0,-0.7521184504974257,-0.89181200384506,-0.6846343010754072,-0.5841196961527524,-0.8079265114830634,-0.7699835671296267,-0.6727140358846534,-0.7721795493764646,-0.582673294719734,-0.6998047872799031,-0.7415142947956572,-0.30294903751249835,-0.8479695689492099,-0.5272931060441307,-0.7331244587254424,-0.5579963222283847,-0.6398579463930686,-0.4719708248992087,-0.7389969257535378,-0.05848853623917612,-0.8387474729797028,-0.2883061532542102,-0.7424388850355359,-0.3290421708375102,-0.6535759187029743,-0.2578429316137799,-0.7105765531121437,0.1359765332948999,-0.7974095387858207,-0.08623139077159854,-0.7147288447704996,-0.11469551576950744,-0.6357722483949962,-0.05491306792810716,0.0,0.0,0.0,0.0,0.0,0.0,0.0,0.0,0.0,0.0,0.0,0.0,0.0,0.0,0.0,0.0,0.0,0.0,0.0,0.0,0.0,0.0,0.0,0.0,0.0,0.0,0.0,0.0,0.0,0.0,0.0,0.0,0.0,0.0,0.0,0.0,0.0,0.0,0.0,0.0,0.0,0.0,sorry
0.0,0.0,-0.044835454467804715,-0.5014965895086207,-0.28866240406086413,-0.839825875806865,-0.5530349712640171,-1.0,-0.7126975217502715,-0.8982050687589228,-0.64331049503984,-0.6027656095566971,-0.7693842812343661,-0.7760496870157285,-0.6306736788159066,-0.7789281661440094,-0.537629189901529,-0.7098818835186022,-0.7067001818115262,-0.3336125584176296,-0.8062828694495625,-0.5444754920503215,-0.6889302405037033,-0.565284980415604,-0.5989024196795725,-0.47984881578465705,-0.7102201871804571,-0.08679059948995156,-0.8021677058801996,-0.3050449647968958,-0.7037439141947214,-0.33772101082327677,-0.6134031090991178,-0.26916891388966846,-0.6861923907605579,0.11725745244225348,-0.7630702963893939,-0.09003148145888497,-0.6779760960550559,-0.11326553024294413,-0.5965416153160958,-0.05688260344343709,0.0,0.0,0.0,0.0,0.0,0.0,0.0,0.0,0.0,0.0,0.0,0.0,0.0,0.0,0.0,0.0,0.0,0.0,0.0,0.0,0.0,0.0,0.0,0.0,0.0,0.0,0.0,0.0,0.0,0.0,0.0,0.0,0.0,0.0,0.0,0.0,0.0,0.0,0.0,0.0,0.0,0.0,sorry
0.0,0.0,-0.030892288356374337,-0.4994539734139094,-0.2684478138560226,-0.8384623607838921,-0.5279391970308439,-1.0,-0.6900264065426329,-0.9144542598637679,-0.6111903852071386,-0.61084930315904,-0.7420374322044059,-0.7827517023094946,-0.6078055519298157,-0.788699228239113,-0.5148986410464338,-0.7195449168143705,-0.6768119134791492,-0.3461607745604176,-0.7773404577645926,-0.5615421279149226,-0.6641989651186759,-0.5877242356070759,-0.5802478942982303,-0.50129433992798,-0.6842897313336573,-0.1100581699929303,-0.7722422409001968,-0.3386941784529463,-0.6781614762149165,-0.37322585655890445,-0.5957879467805693,-0.30132694205621385,-0.6672819924625297,0.0797612248477829,-0.7377536779275914,-0.13932153317414203,-0.6556093083801053,-0.15880957344958277,-0.5807254091655686,-0.09244947703705717,0.0,0.0,0.0,0.0,0.0,0.0,0.0,0.0,0.0,0.0,0.0,0.0,0.0,0.0,0.0,0.0,0.0,0.0,0.0,0.0,0.0,0.0,0.0,0.0,0.0,0.0,0.0,0.0,0.0,0.0,0.0,0.0,0.0,0.0,0.0,0.0,0.0,0.0,0.0,0.0,0.0,0.0,sorry
0.0,0.0,-0.04891629380733296,-0.4940708891467971,-0.29254074550987824,-0.8350190048344733,-0.553786301462267,-1.0,-0.718003610045249,-0.9107703296921704,-0.6544691625405709,-0.6171111567502847,-0.7794767662811897,-0.7853763655866444,-0.6337403116298987,-0.7786784488007772,-0.5362681864912998,-0.7065889649697928,-0.7170649621439116,-0.34308920859063086,-0.8127417010817488,-0.5498073618663826,-0.695114092245871,-0.5688483329288043,-0.6093866596963201,-0.48382977980169445,-0.7199444460170553,-0.09559452819768159,-0.8046967929379468,-0.31104508822447086,-0.7058120283045857,-0.34306331070179064,-0.6181205721385694,-0.2761955639927799,-0.6984847325922522,0.10324103044688313,-0.7745112978034374,-0.10123906341188424,-0.6865452035604177,-0.12603057034980822,-0.6040474786598384,-0.07384933571915125,0.0,0.0,0.0,0.0,0.0,0.0,0.0,0.0,0.0,0.0,0.0,0.0,0.0,0.0,0.0,0.0,0.0,0.0,0.0,0.0,0.0,0.0,0.0,0.0,0.0,0.0,0.0,0.0,0.0,0.0,0.0,0.0,0.0,0.0,0.0,0.0,0.0,0.0,0.0,0.0,0.0,0.0,sorry
0.0,0.0,-0.04799151321782343,-0.5134336295003314,-0.297091029621469,-0.8467663666843127,-0.5657901482742669,-1.0,-0.7216042140605402,-0.918106963501352,-0.6634298737594132,-0.6060072777912905,-0.7776035034505124,-0.7754078853867101,-0.6308801191344865,-0.7676352901339667,-0.5380492323980942,-0.694002499058084,-0.7279606565273585,-0.3280317771450646,-0.811369402753733,-0.535700403950801,-0.6919651586472656,-0.5523079326017388,-0.6074085268434131,-0.46622873535261045,-0.7319545591117852,-0.08122594537364257,-0.8029246491064913,-0.293771670028949,-0.7029697776124457,-0.32101569542014224,-0.6171290401041593,-0.25056634188449967,-0.7117266154455143,0.11676360055131892,-0.7728033088673639,-0.08297981676753513,-0.6836873268186132,-0.10142825461777288,-0.6026500627149118,-0.044236666523590824,0.0,0.0,0.0,0.0,0.0,0.0,0.0,0.0,0.0,0.0,0.0,0.0,0.0,0.0,0.0,0.0,0.0,0.0,0.0,0.0,0.0,0.0,0.0,0.0,0.0,0.0,0.0,0.0,0.0,0.0,0.0,0.0,0.0,0.0,0.0,0.0,0.0,0.0,0.0,0.0,0.0,0.0,sorry
0.0,0.0,-0.04279410432599609,-0.5127887046245678,-0.28797878234968183,-0.8506847268445157,-0.5547269739202656,-1.0,-0.7125850100053291,-0.9058910860223023,-0.6495608478119446,-0.6079893229433196,-0.7646944815992528,-0.7795263085452923,-0.619873665809067,-0.7689221890083725,-0.5285954776618234,-0.6935104764795358,-0.7165577315136692,-0.3329898229156741,-0.7980091100845013,-0.5438687507867213,-0.6788589336824905,-0.5545434546560367,-0.5972787387050363,-0.46523898090340887,-0.7228835582032523,-0.08630463962580892,-0.7915941706752685,-0.3065883415858182,-0.6905474050258398,-0.330936995248498,-0.6065232275391831,-0.2591850803543804,-0.7016838480695773,0.11524245129975166,-0.7560687820791085,-0.09004443283724312,-0.6656773096075864,-0.10891456590047374,-0.5862993458008793,-0.04907022788151714,0.0,0.0,0.0,0.0,0.0,0.0,0.0,0.0,0.0,0.0,0.0,0.0,0.0,0.0,0.0,0.0,0.0,0.0,0.0,0.0,0.0,0.0,0.0,0.0,0.0,0.0,0.0,0.0,0.0,0.0,0.0,0.0,0.0,0.0,0.0,0.0,0.0,0.0,0.0,0.0,0.0,0.0,sorry
0.0,0.0,-0.028705510000890406,-0.495521368035311,-0.2819780451054785,-0.8449338728198036,-0.550024688559888,-1.0,-0.7047800405424314,-0.9032150633750129,-0.6442843960206899,-0.6083567595195503,-0.7629646739664628,-0.7902195142540297,-0.624341012034372,-0.7859646404316508,-0.5306936039862484,-0.7065015905908256,-0.7057753884545424,-0.34811910177584177,-0.7992059765973267,-0.5655281790712707,-0.6810787339567724,-0.5861925615161435,-0.5966163952852367,-0.49298775516811927,-0.7132588552140272,-0.11471623188975603,-0.7952858727087918,-0.3405905364760463,-0.6973830126518751,-0.3714518145224238,-0.6146630387396461,-0.2933070297060616,-0.6985937350032899,0.08173879156726678,-0.7838470326895035,-0.147940557811125,-0.7010672164834009,-0.1656735351358102,-0.6255682126985925,-0.09687339914636557,0.0,0.0,0.0,0.0,0.0,0.0,0.0,0.0,0.0,0.0,0.0,0.0,0.0,0.0,0.0,0.0,0.0,0.0,0.0,0.0,0.0,0.0,0.0,0.0,0.0,0.0,0.0,0.0,0.0,0.0,0.0,0.0,0.0,0.0,0.0,0.0,0.0,0.0,0.0,0.0,0.0,0.0,sorry
0.0,0.0,-0.029068599729811004,-0.5127935836845341,-0.27188413066016776,-0.8468977635352569,-0.545417109875363,-1.0,-0.7041040564255162,-0.9135888908337709,-0.6173243547105791,-0.6047010417087434,-0.7485570471304761,-0.7696117043001341,-0.6078242604586032,-0.7561937012750946,-0.5103357390028141,-0.6793732916829364,-0.6882161467099328,-0.32777302777740375,-0.7853543088861661,-0.5297886736054074,-0.6702748903759757,-0.5465054957878344,-0.5853847163688753,-0.46070982958345114,-0.6936757485177755,-0.08771829430852711,-0.7801367887902984,-0.2890741763050533,-0.6834642762570297,-0.3169508812559749,-0.5977056376146171,-0.24995792322503332,-0.6697371491919015,0.10293550023114174,-0.7287144815916915,-0.08159472099171032,-0.6467001148976469,-0.09637881664400132,-0.5720525499647677,-0.041289097739299035,0.0,0.0,0.0,0.0,0.0,0.0,0.0,0.0,0.0,0.0,0.0,0.0,0.0,0.0,0.0,0.0,0.0,0.0,0.0,0.0,0.0,0.0,0.0,0.0,0.0,0.0,0.0,0.0,0.0,0.0,0.0,0.0,0.0,0.0,0.0,0.0,0.0,0.0,0.0,0.0,0.0,0.0,sorry
0.0,0.0,-0.041281415941077745,-0.4948352455634435,-0.27982648482496975,-0.8407435278437179,-0.5352914636750823,-1.0,-0.6813416956361794,-0.9087625275205713,-0.6507162896064209,-0.6138135656708757,-0.7504355210766483,-0.7971556392431884,-0.6109538862009704,-0.7964618245370003,-0.5252255596641512,-0.7280531481073562,-0.7127456165558389,-0.3441729068991235,-0.7915682225037486,-0.5671082630480214,-0.674190540191495,-0.588811636854811,-0.5933689540002527,-0.5016654907411238,-0.7136345491769825,-0.10029060828708834,-0.7920680374492218,-0.3290979514296161,-0.6905751338151087,-0.36232222745269926,-0.6041787101196313,-0.2914491390771426,-0.6884352661374815,0.09902206230131796,-0.7647358751960963,-0.11322653469464886,-0.6785314944914131,-0.13997893397411026,-0.5995582172596052,-0.08345623712026085,0.0,0.0,0.0,0.0,0.0,0.0,0.0,0.0,0.0,0.0,0.0,0.0,0.0,0.0,0.0,0.0,0.0,0.0,0.0,0.0,0.0,0.0,0.0,0.0,0.0,0.0,0.0,0.0,0.0,0.0,0.0,0.0,0.0,0.0,0.0,0.0,0.0,0.0,0.0,0.0,0.0,0.0,sorry
0.0,0.0,-0.03793832078895254,-0.49719257974168196,-0.28721020490076726,-0.8509656795914148,-0.5567164682454121,-1.0,-0.698657049123773,-0.8805701971165063,-0.6537648622440122,-0.605465126179111,-0.7538426495678298,-0.783469834330139,-0.6144065219722928,-0.7660840633842295,-0.5320094561079358,-0.6908271772434207,-0.7151947336820771,-0.32591672388761916,-0.7891783845225893,-0.5372920280985284,-0.6709001878616392,-0.5451680637424825,-0.5913144122717106,-0.46257030989983294,-0.714465235645281,-0.07776797373696495,-0.7850109300312145,-0.2967202166324447,-0.6852435732853893,-0.3179135305714687,-0.6007727316453428,-0.2504149210129712,-0.6849251262454541,0.12491195713349013,-0.7520458563737507,-0.07877086076898326,-0.6646313146223582,-0.09597639953604035,-0.5878676100660225,-0.04374113351666153,0.0,0.0,0.0,0.0,0.0,0.0,0.0,0.0,0.0,0.0,0.0,0.0,0.0,0.0,0.0,0.0,0.0,0.0,0.0,0.0,0.0,0.0,0.0,0.0,0.0,0.0,0.0,0.0,0.0,0.0,0.0,0.0,0.0,0.0,0.0,0.0,0.0,0.0,0.0,0.0,0.0,0.0,sorry
0.0,0.0,-0.045003216783602966,-0.5021733307930407,-0.29422994618445286,-0.8515049853242876,-0.5657615493576097,-1.0,-0.7082333093110008,-0.8712662530407579,-0.6853654293784843,-0.5738200754908701,-0.7663709434702054,-0.7819252656952809,-0.6173507509049793,-0.7661434216085022,-0.5383172770271949,-0.6829035544768516,-0.7431604001513131,-0.2924296518418502,-0.8024094123364341,-0.533605034197309,-0.6757236382512847,-0.5446160982761905,-0.597137476771509,-0.4514519705215607,-0.7338350411278899,-0.048383738813738565,-0.7983120859944279,-0.2857901000378283,-0.6930246877787074,-0.31327551406410925,-0.6078130565518841,-0.24009575798742555,-0.695561390865439,0.14942443043601913,-0.7639170760127346,-0.06545008739158888,-0.6748058194790744,-0.08842206409820992,-0.5968566639883146,-0.030225616642230155,0.0,0.0,0.0,0.0,0.0,0.0,0.0,0.0,0.0,0.0,0.0,0.0,0.0,0.0,0.0,0.0,0.0,0.0,0.0,0.0,0.0,0.0,0.0,0.0,0.0,0.0,0.0,0.0,0.0,0.0,0.0,0.0,0.0,0.0,0.0,0.0,0.0,0.0,0.0,0.0,0.0,0.0,sorry
0.0,0.0,-0.22327047725815793,0.19233029943606053,-0.3530381812720071,0.5268693462823661,-0.3757896236377657,0.7952791360980096,-0.3439525931614985,0.9701957529567337,-0.3446156323647366,0.37867497452826976,-0.37021650196496203,0.9441969359598894,-0.33594564379217545,1.0,-0.3193709024579833,0.9628685658719074,-0.15442340983626865,0.34401731767970345,-0.1792732892133029,0.9046462294097062,-0.15329212435778722,0.8973475335003577,-0.13637363079772194,0.8140907443938967,0.032443087328549704,0.3103884400152366,-0.0008296506424450384,0.8225947409006308,0.0033957145555841154,0.7909552905325682,0.009760085721275786,0.6590132762683992,0.20355737100775145,0.28538805290687413,0.18127293617047632,0.7160080146915365,0.1641020479580808,0.7151408919596045,0.1625440142208128,0.6054009358731771,0.0,0.0,-0.02923171011813671,-0.5362150315058902,-0.290078896173079,-0.8701592036772092,-0.5689437985836878,-1.0,-0.7465714341060602,-0.9223596348250088,-0.7154811947055715,-0.613084422502705,-0.7823124244176876,-0.8170046020461533,-0.6210199772526642,-0.793840508521949,-0.5293282894390927,-0.7082845132706629,-0.7694557520042284,-0.3127985587819383,-0.8054601907787503,-0.5494118070295355,-0.6669051170436212,-0.5624220654691569,-0.5780980792061124,-0.4727300400430594,-0.7546818832137392,-0.05337045226241902,-0.7920102058606213,-0.2904845846674102,-0.6813380525291882,-0.32142760286804606,-0.5933573351855901,-0.25071327564402357,-0.7125492236295561,0.16308566779480907,-0.7674455738167649,-0.06783410495321852,-0.6731780684689272,-0.10363542274899616,-0.5902886587097114,-0.05615492540700297,sorry
0.0,0.0,-0.2583635026309865,0.1028776545835658,-0.4735772187193675,0.3831465843321014,-0.5622106299405284,0.7248888665153658,-0.5638260682308556,1.0,-0.5642144586096813,0.3262849743613408,-0.5934895145085306,0.9032289188973769,-0.5445082789027464,0.9211214448821264,-0.5066323512755005,0.8155191146796881,-0.39295562631182257,0.35929990449302296,-0.4146575942030201,0.9344448779314559,-0.39418756843151814,0.8775112531829833,-0.3669278775497077,0.7031054450163676,-0.21139308742034676,0.39403060418300984,-0.23945158299668173,0.8928727743588237,-0.22997429841525538,0.8205804251249071,-0.20563470189377892,0.6682174314915729,-0.040177953409934686,0.43849308728051223,-0.07637237093623406,0.8069234867457851,-0.07394274615420111,0.733164972571459,-0.047218621483336616,0.5920929172417362,0.0,0.0,-0.016387122226472838,-0.5359645614523196,-0.26639663177297074,-0.8645617783612715,-0.5542364757946721,-1.0,-0.7422739010224665,-0.9336760755025387,-0.6988207075537316,-0.6415346560478542,-0.7713451280691382,-0.8320418463518119,-0.6136714131077415,-0.7980400552966543,-0.5216562260902831,-0.7061430583570981,-0.7659464226716283,-0.34714028917715795,-0.8002856667767962,-0.5702304461987897,-0.6644072889858802,-0.5672189086735758,-0.5816111997461223,-0.46843754347221256,-0.7580901787577381,-0.08479907143353968,-0.7862560969778117,-0.30441253825554704,-0.6744895818842596,-0.3179025092161091,-0.5873155691382068,-0.23835814147596857,-0.7201938208597065,0.13879264624052307,-0.7546015336996592,-0.07300179974960005,-0.6539614597099535,-0.09459281752104055,-0.5709507264206719,-0.03744642049801767,sorry
0.0,0.0,-0.02603150867539572,-0.5296208688433427,-0.28273355453086874,-0.8590959282447257,-0.559697525230621,-1.0,-0.74001617739794,-0.9322832215372253,-0.7183036082515373,-0.6308440184869344,-0.7695950062926885,-0.8154871977713506,-0.6155324306274329,-0.7829828673905698,-0.5338698304832199,-0.6931477544547712,-0.7782613554424439,-0.34323223346539555,-0.7863050876320068,-0.5536400475743216,-0.6474186673336295,-0.5483760074288314,-0.5676734081360604,-0.45228758517745915,-0.7636184156260892,-0.08518890038926864,-0.7720833455284661,-0.29315733317723564,-0.6569284762115088,-0.3019575183658699,-0.570546226648538,-0.2268033940606599,-0.722619354873042,0.13903143151346475,-0.7467622587691873,-0.06702338538659458,-0.6439945401281952,-0.08312628215191321,-0.5603486122825829,-0.030356567943740972,0.0,0.0,0.0,0.0,0.0,0.0,0.0,0.0,0.0,0.0,0.0,0.0,0.0,0.0,0.0,0.0,0.0,0.0,0.0,0.0,0.0,0.0,0.0,0.0,0.0,0.0,0.0,0.0,0.0,0.0,0.0,0.0,0.0,0.0,0.0,0.0,0.0,0.0,0.0,0.0,0.0,0.0,sorry
0.0,0.0,-0.1913129992180633,0.1433465988010304,-0.2556721439846727,0.45670801265090083,-0.23726729484880865,0.7275960467627482,-0.19846580183489965,0.9111813562821788,-0.2464942607200362,0.34870822477802815,-0.23073253815749536,0.6934746084956914,-0.19079763184885717,0.8601512421284475,-0.18812827146856287,1.0,-0.08861441494097111,0.31634191282252067,-0.05407972369313329,0.6871000754856639,-0.045939909349503136,0.8487381256762963,-0.0738157269698204,0.9435877241580076,0.08173890084297966,0.2708801357613615,0.09777960442804096,0.6190411176842939,0.09600924558341166,0.7454655005692454,0.06890633797493063,0.7909109167615409,0.24540654502454695,0.22644965760650643,0.27330041601740346,0.5490527056927925,0.27158365312250005,0.6424027459179632,0.25529330524529453,0.6546276999664884,0.0,0.0,-0.029454002883597803,-0.5235730492440144,-0.29354445166553167,-0.8714959155941279,-0.5700661403219638,-1.0,-0.7442164792120792,-0.9406830872117309,-0.7412134225154882,-0.6428940873806837,-0.7717301172200127,-0.8265591588435343,-0.6141871560698076,-0.7939725343010281,-0.5346425613645575,-0.7034522325079527,-0.7951533893675883,-0.3493993886606818,-0.7869695480877766,-0.5643974140906561,-0.6438005238570557,-0.5598227344011559,-0.5631167940031117,-0.4593513252422606,-0.7727422787056356,-0.08919252005924747,-0.7700698717928784,-0.298989289641955,-0.6514606635591806,-0.3071731309217666,-0.5630048498756695,-0.22769901955601715,-0.7230906529763145,0.14136003822684648,-0.7423108377463159,-0.06299863075747823,-0.6340499830529029,-0.07930826821398328,-0.5473300807345193,-0.023830106129251932,sorry
0.0,0.0,-0.031535508411294357,-0.5226748473919076,-0.2929512385988563,-0.8616150278858117,-0.5818215830092315,-1.0,-0.7641216545086882,-0.926562329664188,-0.7447899313206006,-0.636941931897919,-0.7815747896088822,-0.8263750594336036,-0.6214247072847044,-0.7853337571096408,-0.5425467830106645,-0.6865703343277746,-0.8032516130881368,-0.34523796728631156,-0.8008259031732554,-0.5602020819290625,-0.6579418904415412,-0.5538971298367693,-0.5768908330735912,-0.45394375546674,-0.7820955533684331,-0.08341381500526393,-0.7848936029738042,-0.29577999663230903,-0.666112123636226,-0.30570598420256095,-0.5777675586953217,-0.22753870413504337,-0.7320907167910102,0.14743628129124844,-0.7515488563413671,-0.060161905068989045,-0.6462353258496895,-0.08144386934382743,-0.5612090624665727,-0.02941457964512317,0.0,0.0,0.0,0.0,0.0,0.0,0.0,0.0,0.0,0.0,0.0,0.0,0.0,0.0,0.0,0.0,0.0,0.0,0.0,0.0,0.0,0.0,0.0,0.0,0.0,0.0,0.0,0.0,0.0,0.0,0.0,0.0,0.0,0.0,0.0,0.0,0.0,0.0,0.0,0.0,0.0,0.0,sorry
0.0,0.0,-0.035177640738446966,-0.5260417125285322,-0.3009467845818034,-0.8635605831574684,-0.5884730420285473,-1.0,-0.7627217146027115,-0.9042560789597013,-0.7434614432570094,-0.6128700869100696,-0.7632490649071364,-0.8044724002070266,-0.5956636933502008,-0.7638473482302457,-0.5183870614260374,-0.6622027784218822,-0.8004981943877796,-0.3167907749897025,-0.7808866823012823,-0.529956236773438,-0.6301310255153406,-0.5216512032685935,-0.5465699727323692,-0.419979238639221,-0.7786173148966188,-0.055834558762380256,-0.7635787811457101,-0.2639182812489299,-0.6417782271832938,-0.26624439506854086,-0.5522015652226661,-0.18570362130182147,-0.7319345831242032,0.16907741091546644,-0.7428127730309728,-0.026943295655670583,-0.6330725444211914,-0.04038583648618371,-0.5462175090084934,0.012123675876218458,0.0,0.0,0.0,0.0,0.0,0.0,0.0,0.0,0.0,0.0,0.0,0.0,0.0,0.0,0.0,0.0,0.0,0.0,0.0,0.0,0.0,0.0,0.0,0.0,0.0,0.0,0.0,0.0,0.0,0.0,0.0,0.0,0.0,0.0,0.0,0.0,0.0,0.0,0.0,0.0,0.0,0.0,sorry
0.0,0.0,-0.03118335997298072,-0.5274552002293497,-0.30048123181205894,-0.8716554806329109,-0.5962578986227237,-1.0,-0.7708216334881968,-0.8979629505994903,-0.7477740021913892,-0.6175770618890717,-0.775144276272125,-0.8129936025574062,-0.6053737143261085,-0.7707087258917736,-0.5257171595983239,-0.6674724014562134,-0.806122193509875,-0.316702371648608,-0.8003231611770666,-0.541013929851983,-0.6528356497390362,-0.5353327141415292,-0.5691998385912274,-0.4313040729206348,-0.7848867291356579,-0.050823145468183624,-0.7851122988772076,-0.2733821814140351,-0.665384347276276,-0.285048972442692,-0.5772292868559848,-0.20151502358296058,-0.7356437991148045,0.17967427631139718,-0.7596727446953065,-0.03307505311566058,-0.6531503183012414,-0.05493150927020457,-0.5691981204321513,0.005296348077429084,0.0,0.0,0.0,0.0,0.0,0.0,0.0,0.0,0.0,0.0,0.0,0.0,0.0,0.0,0.0,0.0,0.0,0.0,0.0,0.0,0.0,0.0,0.0,0.0,0.0,0.0,0.0,0.0,0.0,0.0,0.0,0.0,0.0,0.0,0.0,0.0,0.0,0.0,0.0,0.0,0.0,0.0,sorry
0.0,0.0,-0.019785310828476243,-0.5227426338552676,-0.2802541364592291,-0.8675946404546129,-0.572058595373117,-1.0,-0.7534473552453391,-0.9393074602847546,-0.7414193584383181,-0.632456993402123,-0.7811654373240839,-0.8210350948717058,-0.6195972265522336,-0.7838102653980237,-0.5383431551859235,-0.6879107766955604,-0.8031952303041308,-0.33430059126883716,-0.8045942386404291,-0.5497082320029091,-0.6621574729852151,-0.5456582778371336,-0.578034418982074,-0.44731511286280123,-0.7874733327036124,-0.0704794803137968,-0.7908508231807141,-0.2828468412559899,-0.6754687301937664,-0.2889185912717737,-0.5853654477976814,-0.20596427328650233,-0.7437069095888722,0.1586803854479641,-0.7715326641650756,-0.03896912393251284,-0.6696456057630236,-0.04921318322482066,-0.5858644119393138,0.012625089747473735,0.0,0.0,0.0,0.0,0.0,0.0,0.0,0.0,0.0,0.0,0.0,0.0,0.0,0.0,0.0,0.0,0.0,0.0,0.0,0.0,0.0,0.0,0.0,0.0,0.0,0.0,0.0,0.0,0.0,0.0,0.0,0.0,0.0,0.0,0.0,0.0,0.0,0.0,0.0,0.0,0.0,0.0,sorry
0.0,0.0,-0.019830060439012896,-0.5297139194867525,-0.27538266155522423,-0.8632199537060871,-0.5712084165942094,-1.0,-0.7574009099148413,-0.9233524500777154,-0.7281042590683314,-0.6348202769416924,-0.791600408247892,-0.8305261174274715,-0.6285402304116342,-0.7961556499401844,-0.5365786616326799,-0.6952607067071388,-0.800078966968476,-0.32782863034343546,-0.8117032164398649,-0.5566949301033702,-0.6710147302678218,-0.5559609906954053,-0.5906875652056046,-0.4564432465058769,-0.7899974543543057,-0.0500642078909349,-0.7969691702942512,-0.2730764671349584,-0.6839380147080701,-0.2862354245253835,-0.5947879911643896,-0.2063701595538933,-0.7470542061954121,0.1914311393393884,-0.7701468492793556,0.007771539870053997,-0.6673473946804034,-0.011192812116706757,-0.5843406895724401,0.045659626862182334,0.0,0.0,0.0,0.0,0.0,0.0,0.0,0.0,0.0,0.0,0.0,0.0,0.0,0.0,0.0,0.0,0.0,0.0,0.0,0.0,0.0,0.0,0.0,0.0,0.0,0.0,0.0,0.0,0.0,0.0,0.0,0.0,0.0,0.0,0.0,0.0,0.0,0.0,0.0,0.0,0.0,0.0,sorry
0.0,0.0,-0.04249134244190447,-0.5459782567557339,-0.30839641208084173,-0.8795085534781621,-0.610635786465824,-1.0,-0.8058637215199455,-0.9377999394444024,-0.7550310820528348,-0.630988380894709,-0.8143043675724775,-0.8124120051472258,-0.6498379664673378,-0.7745065664976156,-0.5560347437741276,-0.6797020475361442,-0.8249418098554235,-0.32045927636060856,-0.8343390451139202,-0.5383998183332072,-0.6935089603360836,-0.5332185300128681,-0.6076340265687684,-0.4349732230716827,-0.8133813677995609,-0.04470233139050791,-0.8194875482552418,-0.25646809476951027,-0.7021556373476648,-0.26868424040572253,-0.608833784346378,-0.19252564151086216,-0.7704287620165013,0.1916116304594656,-0.7821450874271441,0.007647509651048369,-0.6761093974718038,-0.013229505714934524,-0.5938810460979487,0.04107940352736356,0.0,0.0,0.0,0.0,0.0,0.0,0.0,0.0,0.0,0.0,0.0,0.0,0.0,0.0,0.0,0.0,0.0,0.0,0.0,0.0,0.0,0.0,0.0,0.0,0.0,0.0,0.0,0.0,0.0,0.0,0.0,0.0,0.0,0.0,0.0,0.0,0.0,0.0,0.0,0.0,0.0,0.0,sorry
0.0,0.0,-0.04530816795563987,-0.5250159601634321,-0.29543379724208374,-0.862928188384649,-0.5841964741718956,-1.0,-0.7688432529549103,-0.9250784328031519,-0.7257756639427988,-0.630053443747264,-0.7877015540639136,-0.7949889646869984,-0.6318760944112067,-0.760761254195243,-0.5411810976944403,-0.6724769261637239,-0.7980918484605283,-0.32825359331679554,-0.8167759557857872,-0.5329531774405369,-0.6821640613599883,-0.5300812600321028,-0.5924585947760105,-0.4369728586020721,-0.792840954691376,-0.055351214796439514,-0.8019013114694294,-0.26177586458485336,-0.688692224208376,-0.2740893586750328,-0.5919123011819641,-0.20167080110900334,-0.7557566029476142,0.18036626295053262,-0.7644108875674887,-0.0015321756894790602,-0.6582427404056618,-0.016471800671238872,-0.5724057894352839,0.03774441850284547,0.0,0.0,0.0,0.0,0.0,0.0,0.0,0.0,0.0,0.0,0.0,0.0,0.0,0.0,0.0,0.0,0.0,0.0,0.0,0.0,0.0,0.0,0.0,0.0,0.0,0.0,0.0,0.0,0.0,0.0,0.0,0.0,0.0,0.0,0.0,0.0,0.0,0.0,0.0,0.0,0.0,0.0,sorry
0.0,0.0,-0.04281866670799266,-0.5211022371644048,-0.30009166166044804,-0.8629172747816939,-0.5909369362306501,-1.0,-0.7739443867602457,-0.9286976204432396,-0.7297915893703468,-0.6414338053308708,-0.7942788264754975,-0.7928296059414623,-0.6381317521279088,-0.757306268454259,-0.5445894551258968,-0.6731967813128721,-0.7991296928172081,-0.33601724387835935,-0.8217360745836938,-0.5259838701002489,-0.6860733986101704,-0.5203519880689427,-0.5929139747795973,-0.4302049556550823,-0.7923986457228964,-0.057670727249357095,-0.7990043474337014,-0.2473005162406595,-0.6853744271715974,-0.2539688906432178,-0.5874491439594008,-0.18476365330287364,-0.7556403143571058,0.1853498138962906,-0.7580063793963184,0.014205962064561532,-0.6494167109553688,0.004032474937760319,-0.5615580294429469,0.05430645715603631,0.0,0.0,0.0,0.0,0.0,0.0,0.0,0.0,0.0,0.0,0.0,0.0,0.0,0.0,0.0,0.0,0.0,0.0,0.0,0.0,0.0,0.0,0.0,0.0,0.0,0.0,0.0,0.0,0.0,0.0,0.0,0.0,0.0,0.0,0.0,0.0,0.0,0.0,0.0,0.0,0.0,0.0,sorry
0.0,0.0,-0.01880997489333518,-0.53504393116241,-0.2779822691055998,-0.8738659642961663,-0.5721012364097249,-1.0,-0.7586023883237506,-0.9390297517278711,-0.721940496544258,-0.6445463967205106,-0.7793207778005153,-0.8152963620640715,-0.6188878693661283,-0.7816059023766616,-0.5289470383597272,-0.6931362647179846,-0.7939766008524384,-0.34105280761165424,-0.8051529174120552,-0.5512904297618497,-0.6674568334796606,-0.5515980469171172,-0.5797238926992635,-0.45934370606058605,-0.7850594440447035,-0.06461720587685192,-0.786592468880718,-0.27041660340491264,-0.6726735627479585,-0.28359793249585774,-0.5790723516429352,-0.21132594436046218,-0.7445380351669341,0.1754482782901063,-0.7503292911823016,-0.011228246208145474,-0.6469556243550052,-0.028247968472542198,-0.5644682381986573,0.02454292007454985,0.0,0.0,0.0,0.0,0.0,0.0,0.0,0.0,0.0,0.0,0.0,0.0,0.0,0.0,0.0,0.0,0.0,0.0,0.0,0.0,0.0,0.0,0.0,0.0,0.0,0.0,0.0,0.0,0.0,0.0,0.0,0.0,0.0,0.0,0.0,0.0,0.0,0.0,0.0,0.0,0.0,0.0,sorry
0.0,0.0,-0.02318006664941812,-0.529679913177531,-0.28269026531909885,-0.8728051690536962,-0.5744777758501116,-1.0,-0.7578118912514997,-0.9313797703819491,-0.7282413241029213,-0.6355935961110697,-0.7758376271739519,-0.8125016950786969,-0.6161308639498627,-0.7788790826643064,-0.529670657509726,-0.6919959137302881,-0.796024884401014,-0.3291659868414539,-0.804433766225939,-0.5512077354997049,-0.6655074839607887,-0.5504126090608252,-0.5784781615746861,-0.45517006536223453,-0.7833980010340518,-0.05513967233213985,-0.7922160694751951,-0.2752428967054558,-0.6767959547135242,-0.2865356724199611,-0.582249092836931,-0.21030340940057282,-0.7401692969265586,0.18009850613521627,-0.7605879458487469,-0.013225703549139631,-0.6566577740506375,-0.03002581685573341,-0.5715960344414162,0.024474138157416093,0.0,0.0,0.0,0.0,0.0,0.0,0.0,0.0,0.0,0.0,0.0,0.0,0.0,0.0,0.0,0.0,0.0,0.0,0.0,0.0,0.0,0.0,0.0,0.0,0.0,0.0,0.0,0.0,0.0,0.0,0.0,0.0,0.0,0.0,0.0,0.0,0.0,0.0,0.0,0.0,0.0,0.0,sorry
0.0,0.0,-0.0305230693963251,-0.5383050251456887,-0.29078859190088835,-0.8766757068270057,-0.5783211122709772,-1.0,-0.7606248072984926,-0.9296753101697982,-0.7298471383348382,-0.6191300891247126,-0.7841409738401599,-0.7942470265573467,-0.6315009950405108,-0.7680668014904798,-0.5407329579670767,-0.6883824454978558,-0.7974980018499345,-0.3126410490096735,-0.815324430771426,-0.530005801217831,-0.6791081413254806,-0.5361841406765596,-0.5868186648025759,-0.4473214596645486,-0.7852761609018303,-0.04459250903945253,-0.8028647653734396,-0.2569603996809755,-0.6935631963266315,-0.27702301546113733,-0.596348205572057,-0.20579756552700623,-0.7415943920994718,0.1811513081618803,-0.7710219826235264,-0.0036089860269641963,-0.679934156602304,-0.02956710004510171,-0.6006808574250917,0.01906120497155025,0.0,0.0,0.0,0.0,0.0,0.0,0.0,0.0,0.0,0.0,0.0,0.0,0.0,0.0,0.0,0.0,0.0,0.0,0.0,0.0,0.0,0.0,0.0,0.0,0.0,0.0,0.0,0.0,0.0,0.0,0.0,0.0,0.0,0.0,0.0,0.0,0.0,0.0,0.0,0.0,0.0,0.0,sorry
0.0,0.0,-0.02698060983038044,-0.5255359136752723,-0.2862506746185564,-0.8715398163384556,-0.572525937172247,-1.0,-0.7531458093480436,-0.9276701464449152,-0.7208756941442696,-0.6235760692859085,-0.7752292876606584,-0.7972301174518138,-0.6240605962429635,-0.7689085353607567,-0.5335135622091288,-0.6873898191898296,-0.7900268855640307,-0.3212647207347784,-0.8018596743813552,-0.5370608367501609,-0.6678818754271896,-0.5412986396879853,-0.5769693283072013,-0.45381683269377154,-0.7796757781151674,-0.05376327645186591,-0.7886631849599527,-0.2608767520453443,-0.6787681320525016,-0.2790817418671789,-0.5816689298586792,-0.2102793272079759,-0.7369305826803412,0.176464511138128,-0.7543382208913973,0.0012769196565458043,-0.6588527310790674,-0.02046914606721143,-0.5780871495599379,0.02837447714479112,0.0,0.0,0.0,0.0,0.0,0.0,0.0,0.0,0.0,0.0,0.0,0.0,0.0,0.0,0.0,0.0,0.0,0.0,0.0,0.0,0.0,0.0,0.0,0.0,0.0,0.0,0.0,0.0,0.0,0.0,0.0,0.0,0.0,0.0,0.0,0.0,0.0,0.0,0.0,0.0,0.0,0.0,sorry
0.0,0.0,-0.021659032986791546,-0.5257488127938199,-0.2771319845908925,-0.871259020484473,-0.5620847040302293,-1.0,-0.7523580647562521,-0.9568069572112262,-0.7432241752068331,-0.6257953263536947,-0.7829036141159401,-0.8124590538788238,-0.6318355089697966,-0.7859368657592342,-0.5454171394448559,-0.7007714012754832,-0.8082604956758017,-0.3154265038459023,-0.8087702530362333,-0.5435975174672606,-0.6689102296519626,-0.5480498233841884,-0.5775392558406185,-0.45644895496656657,-0.7887011530509975,-0.04845923318839143,-0.7972296671792343,-0.26774948808352206,-0.6838097854495221,-0.28360440196763465,-0.5846746251052313,-0.20771286122549865,-0.7377093778492639,0.17916809408323664,-0.762092394601137,-0.013005701303983591,-0.6651716662917342,-0.03619380074183165,-0.5811706858467586,0.016139917394220722,0.0,0.0,0.0,0.0,0.0,0.0,0.0,0.0,0.0,0.0,0.0,0.0,0.0,0.0,0.0,0.0,0.0,0.0,0.0,0.0,0.0,0.0,0.0,0.0,0.0,0.0,0.0,0.0,0.0,0.0,0.0,0.0,0.0,0.0,0.0,0.0,0.0,0.0,0.0,0.0,0.0,0.0,sorry
0.0,0.0,-0.023160515704639548,-0.5240990640269014,-0.28260142659344983,-0.8711603515341292,-0.572017136504158,-1.0,-0.7557060317774557,-0.9338195677567508,-0.7351344206410617,-0.6196495201030411,-0.7728632584385855,-0.7978429282546703,-0.6212091399517387,-0.7685972394406775,-0.5408472727375151,-0.6834752321825704,-0.7989462506553743,-0.31525807966374014,-0.7972178329412153,-0.5343842660270455,-0.6588502591922408,-0.53715182673895,-0.5716885942940286,-0.4464617030034753,-0.7798918084146239,-0.05150648574110713,-0.780381302105527,-0.26254123878721447,-0.666621399062699,-0.2755863563039263,-0.5708438002093174,-0.20040672439191526,-0.7315695465312743,0.17248687340079616,-0.7417370527611026,-0.014492473707569668,-0.640117116344985,-0.028525430937530304,-0.5557032956022825,0.0275532839936569,0.0,0.0,0.0,0.0,0.0,0.0,0.0,0.0,0.0,0.0,0.0,0.0,0.0,0.0,0.0,0.0,0.0,0.0,0.0,0.0,0.0,0.0,0.0,0.0,0.0,0.0,0.0,0.0,0.0,0.0,0.0,0.0,0.0,0.0,0.0,0.0,0.0,0.0,0.0,0.0,0.0,0.0,sorry
0.0,0.0,-0.021683415311477723,-0.5157896181936567,-0.2842725518345061,-0.8693503722356891,-0.5690426600142775,-1.0,-0.7452205565100061,-0.9271390804327191,-0.7490641155381924,-0.6195025613267123,-0.7585598518902043,-0.8014583480423305,-0.5995167604120089,-0.7635267860645,-0.525670141912405,-0.6715351486197078,-0.8045801856079327,-0.30893640221850904,-0.7810051932566112,-0.5250272606748095,-0.6346171346088976,-0.5205396436892519,-0.550060404948499,-0.42377523083319607,-0.7767193837126294,-0.0393444101888243,-0.7657031292901242,-0.24746691456229947,-0.6485324343194245,-0.25419696720089746,-0.5538045311556172,-0.1718395268017541,-0.7215257348615001,0.19112361049006457,-0.7381929898880547,0.012153161846037985,-0.6373202560542233,0.0030469197398664814,-0.5546143104814353,0.06174915472296094,0.0,0.0,0.0,0.0,0.0,0.0,0.0,0.0,0.0,0.0,0.0,0.0,0.0,0.0,0.0,0.0,0.0,0.0,0.0,0.0,0.0,0.0,0.0,0.0,0.0,0.0,0.0,0.0,0.0,0.0,0.0,0.0,0.0,0.0,0.0,0.0,0.0,0.0,0.0,0.0,0.0,0.0,sorry
0.0,0.0,-0.02180522453071297,-0.5201219849947456,-0.2836768954795596,-0.8738257898404457,-0.5685197214626889,-1.0,-0.7404247473203934,-0.9281089575612917,-0.740993961564578,-0.619429825122045,-0.7512988891897325,-0.8083760292435512,-0.5927025145750997,-0.7696981247111804,-0.5213692594869364,-0.6746333419712902,-0.7977131880684637,-0.3142078121991967,-0.7758475365747751,-0.5352686230283282,-0.6308276673371735,-0.5315790921158695,-0.5478767475884413,-0.434343974289102,-0.7716102894722673,-0.0502031856630058,-0.7623056992309895,-0.2609511281442841,-0.6456812733355567,-0.26809700386848767,-0.5531935456256496,-0.1845141187986345,-0.7184241035408263,0.17599546642836753,-0.7362324330877907,-0.007054460575086506,-0.6361992757286195,-0.016302884728983134,-0.5552509675092742,0.04551196163352674,0.0,0.0,0.0,0.0,0.0,0.0,0.0,0.0,0.0,0.0,0.0,0.0,0.0,0.0,0.0,0.0,0.0,0.0,0.0,0.0,0.0,0.0,0.0,0.0,0.0,0.0,0.0,0.0,0.0,0.0,0.0,0.0,0.0,0.0,0.0,0.0,0.0,0.0,0.0,0.0,0.0,0.0,sorry
0.0,0.0,-0.03096210764063311,-0.5113767299824373,-0.2854905882685763,-0.871942114353741,-0.5651769760277822,-1.0,-0.7391840974272281,-0.923686948968911,-0.7500665194064634,-0.6058767219542331,-0.7421686779229736,-0.7881330143460187,-0.585560395415819,-0.7532825797907926,-0.5111769806153275,-0.6637562514861736,-0.8067473615880246,-0.29730695800637513,-0.7639753832320633,-0.5150188586340279,-0.6165785093383307,-0.5078630525985003,-0.5297089431901331,-0.41149860576853237,-0.7792240014251974,-0.030891000688896383,-0.7501949706741169,-0.24174069817851515,-0.6303847268384396,-0.24535339008126836,-0.5366397683595473,-0.16527167060813264,-0.721953850823732,0.1968179256802374,-0.7218647759863414,0.007951745140451522,-0.6162019483304776,-0.007871463098168116,-0.532950043925746,0.04328081358586241,0.0,0.0,0.0,0.0,0.0,0.0,0.0,0.0,0.0,0.0,0.0,0.0,0.0,0.0,0.0,0.0,0.0,0.0,0.0,0.0,0.0,0.0,0.0,0.0,0.0,0.0,0.0,0.0,0.0,0.0,0.0,0.0,0.0,0.0,0.0,0.0,0.0,0.0,0.0,0.0,0.0,0.0,sorry
0.0,0.0,-0.039364746398206224,-0.5035337539477176,-0.2984146063581669,-0.8707344659915364,-0.5798665556006444,-1.0,-0.7410445511642599,-0.8955189815160662,-0.7598995600779465,-0.5907253364545939,-0.7467062154803461,-0.781973368930519,-0.5899957618226941,-0.7404625056449594,-0.5218354348411209,-0.6388434768670223,-0.8133687278072856,-0.28226260857748525,-0.776273602311815,-0.502950769948057,-0.6328738032967689,-0.4933917843927713,-0.5481534272739661,-0.38606792120218586,-0.7866858542104546,-0.01579837838101627,-0.7654285232711221,-0.22414251987982947,-0.650397671667766,-0.22645005538911084,-0.5561089252860769,-0.13848403888912456,-0.7315431883030811,0.21333009995566618,-0.7487338961462617,0.05114042256392084,-0.6475871106854998,0.04559325285176027,-0.5637532232107966,0.10550621442924815,0.0,0.0,0.0,0.0,0.0,0.0,0.0,0.0,0.0,0.0,0.0,0.0,0.0,0.0,0.0,0.0,0.0,0.0,0.0,0.0,0.0,0.0,0.0,0.0,0.0,0.0,0.0,0.0,0.0,0.0,0.0,0.0,0.0,0.0,0.0,0.0,0.0,0.0,0.0,0.0,0.0,0.0,sorry
0.0,0.0,-0.03731446355398348,-0.5106908193003699,-0.2926591404920528,-0.8668947843719833,-0.5745943064605059,-1.0,-0.746399727431093,-0.9261151420454025,-0.76145879318651,-0.5988833467358591,-0.752551578353486,-0.7898449764341465,-0.5943233128845594,-0.744395942973016,-0.5249658830921184,-0.6371444743431693,-0.8142831236250199,-0.291613560303123,-0.7805505232480395,-0.5022356878426574,-0.636044307101629,-0.49056358384149973,-0.5494238135101124,-0.3835509793613315,-0.7901380612803778,-0.0251657303216423,-0.7743054347089393,-0.22130507018466178,-0.6582233196621464,-0.2215138931376015,-0.5625432071175654,-0.1333847453001097,-0.7392237281491508,0.20568621237294313,-0.7613530994638379,0.05425440131008926,-0.6601391786663541,0.04772410458000026,-0.5747186843421253,0.10362197916533099,0.0,0.0,0.0,0.0,0.0,0.0,0.0,0.0,0.0,0.0,0.0,0.0,0.0,0.0,0.0,0.0,0.0,0.0,0.0,0.0,0.0,0.0,0.0,0.0,0.0,0.0,0.0,0.0,0.0,0.0,0.0,0.0,0.0,0.0,0.0,0.0,0.0,0.0,0.0,0.0,0.0,0.0,sorry
0.0,0.0,-0.04024433209467283,-0.5108708099171376,-0.3000509634954299,-0.8689254019549055,-0.5824924478538808,-1.0,-0.7511706420997984,-0.922159388789275,-0.7654365793506746,-0.5987947297965228,-0.7540535734995677,-0.7841299016693563,-0.5942012469044158,-0.7379389747813014,-0.5268407132840577,-0.6316286842893776,-0.8167198313850985,-0.29681315348426773,-0.7822843499629939,-0.5023332354063488,-0.6376665597152776,-0.4907945585767392,-0.5538711219908031,-0.3872720773825617,-0.7909792417963589,-0.036286155087806846,-0.7753883634205762,-0.23109658588483128,-0.6578284209474966,-0.2296639006866718,-0.5654562623087085,-0.14195985920465484,-0.7403269053963134,0.19051530203645445,-0.764206211546433,0.026188578103843334,-0.6596940946369793,0.01873100530525231,-0.5760585352147509,0.07467743546422695,0.0,0.0,0.0,0.0,0.0,0.0,0.0,0.0,0.0,0.0,0.0,0.0,0.0,0.0,0.0,0.0,0.0,0.0,0.0,0.0,0.0,0.0,0.0,0.0,0.0,0.0,0.0,0.0,0.0,0.0,0.0,0.0,0.0,0.0,0.0,0.0,0.0,0.0,0.0,0.0,0.0,0.0,sorry
0.0,0.0,-0.025680884390236546,-0.5017767665864464,-0.27729677962851645,-0.8712885579535441,-0.5532715774082045,-1.0,-0.7195735903827661,-0.9320117464811188,-0.7418923354138882,-0.6065435139042399,-0.7391840949945311,-0.7937528771912438,-0.5841249424561751,-0.7477562396896906,-0.5151402202070213,-0.6408737468732427,-0.802361828389053,-0.30030335739939973,-0.7707895695039633,-0.5079451773427069,-0.6269815364219196,-0.4936455817474219,-0.5452405780739534,-0.38308854315912544,-0.7850155520939489,-0.03516188038497088,-0.773599611323332,-0.22747495901012413,-0.6604682720765402,-0.22356449253348673,-0.569289767361358,-0.1247758394216675,-0.7405913602031575,0.19762542399295613,-0.7802123932701195,0.04905570673153229,-0.6891414353602405,0.051923382147733045,-0.612944254486982,0.127159105354215,0.0,0.0,0.0,0.0,0.0,0.0,0.0,0.0,0.0,0.0,0.0,0.0,0.0,0.0,0.0,0.0,0.0,0.0,0.0,0.0,0.0,0.0,0.0,0.0,0.0,0.0,0.0,0.0,0.0,0.0,0.0,0.0,0.0,0.0,0.0,0.0,0.0,0.0,0.0,0.0,0.0,0.0,sorry
0.0,0.0,-0.03570523562349287,-0.5044285026326498,-0.2932418288342239,-0.8741541846071283,-0.5684714637817397,-1.0,-0.7323957202336421,-0.9305854736015325,-0.7537586562912602,-0.6084358523725835,-0.7416322962073139,-0.799379110461118,-0.5822884772923956,-0.7505545179754096,-0.5142808147975712,-0.6420506058737501,-0.8122471972008437,-0.3080447310574492,-0.7720548174026772,-0.5131820855420167,-0.6246987512905582,-0.49533444337626015,-0.5412303350919873,-0.38511535502122646,-0.7944900051711178,-0.048697002706396014,-0.7730186711115771,-0.23983502179510646,-0.6543173502552684,-0.23162058566907334,-0.5624553746750282,-0.13561123145461235,-0.7522517463628916,0.1781554924912171,-0.7753129770178466,0.023079533924132062,-0.6730742917256785,0.022335319445357632,-0.591924171155114,0.08721063508790011,0.0,0.0,0.0,0.0,0.0,0.0,0.0,0.0,0.0,0.0,0.0,0.0,0.0,0.0,0.0,0.0,0.0,0.0,0.0,0.0,0.0,0.0,0.0,0.0,0.0,0.0,0.0,0.0,0.0,0.0,0.0,0.0,0.0,0.0,0.0,0.0,0.0,0.0,0.0,0.0,0.0,0.0,sorry
0.0,0.0,-0.02525649643212928,-0.4980519279816235,-0.2666564318303861,-0.8639963480654971,-0.5368336926281667,-1.0,-0.6913658513555327,-0.9121762737700959,-0.7143972898515825,-0.6129373991446893,-0.7051293851999513,-0.8051034697793249,-0.5476295202114807,-0.7578959667385936,-0.48033162228155557,-0.652392013702906,-0.7773773662256517,-0.312193528073737,-0.7315186198730858,-0.5258266017207431,-0.585197200047687,-0.5074358236705271,-0.5060152306591313,-0.39626444326170196,-0.7612963891973115,-0.050188965193518224,-0.7403648470056141,-0.24774259024459333,-0.62021613392872,-0.24591050926348917,-0.5300119591344725,-0.15287686642825385,-0.7158528669825653,0.17626697706298466,-0.7480610136631668,0.012986580703099288,-0.6471924564727923,0.007018901274474873,-0.5664737332097454,0.07058063109313825,0.0,0.0,0.0,0.0,0.0,0.0,0.0,0.0,0.0,0.0,0.0,0.0,0.0,0.0,0.0,0.0,0.0,0.0,0.0,0.0,0.0,0.0,0.0,0.0,0.0,0.0,0.0,0.0,0.0,0.0,0.0,0.0,0.0,0.0,0.0,0.0,0.0,0.0,0.0,0.0,0.0,0.0,sorry
0.0,0.0,-0.03066948810631448,-0.49222880009221825,-0.27409720792747694,-0.8655750878955298,-0.5427209327218384,-1.0,-0.6962006076524689,-0.9086703279511902,-0.7130569530098558,-0.6058729858132086,-0.7120282253748426,-0.8006204971552313,-0.5536328231138484,-0.7535480152489481,-0.4867442837028925,-0.6491974541172983,-0.7716048447522046,-0.31188051148199686,-0.7376976723122906,-0.5301611349433105,-0.593461231278458,-0.5129196136713572,-0.5143572304880157,-0.40375690607734804,-0.7559078146742307,-0.06063317716609991,-0.7383935908308701,-0.26148619607907714,-0.6205724119192102,-0.2580355863681649,-0.5309739730426263,-0.16677310190941202,-0.7145064264600538,0.1555731941276729,-0.7385803328091164,-0.009639443067574577,-0.6358519896913158,-0.011496982322088744,-0.5530111732303563,0.04797029254596504,0.0,0.0,0.0,0.0,0.0,0.0,0.0,0.0,0.0,0.0,0.0,0.0,0.0,0.0,0.0,0.0,0.0,0.0,0.0,0.0,0.0,0.0,0.0,0.0,0.0,0.0,0.0,0.0,0.0,0.0,0.0,0.0,0.0,0.0,0.0,0.0,0.0,0.0,0.0,0.0,0.0,0.0,sorry
0.0,0.0,-0.02083023116691092,-0.49075227862287324,-0.26509546835529013,-0.8699620817300031,-0.5368894936480694,-1.0,-0.6905783287225344,-0.9072671024067587,-0.7108676400285269,-0.6068173862386591,-0.7075768945420158,-0.8058207091487133,-0.5501643168572377,-0.763861785750672,-0.4804187989979023,-0.6656034399433642,-0.771705205369948,-0.31214782247509776,-0.7368020778637241,-0.5362620396711573,-0.5895517075630164,-0.5253489447409463,-0.506820194515631,-0.4196065408036113,-0.754256498875383,-0.06132558510124165,-0.7417105215035645,-0.2689924424695073,-0.6223675668827081,-0.27374169599030296,-0.5308280237305935,-0.1869277319310235,-0.7099526642058324,0.15493362016943707,-0.7411147422785445,-0.02152348372636149,-0.6406865126947181,-0.03295251791419473,-0.5585623711784575,0.02028784185873975,0.0,0.0,0.0,0.0,0.0,0.0,0.0,0.0,0.0,0.0,0.0,0.0,0.0,0.0,0.0,0.0,0.0,0.0,0.0,0.0,0.0,0.0,0.0,0.0,0.0,0.0,0.0,0.0,0.0,0.0,0.0,0.0,0.0,0.0,0.0,0.0,0.0,0.0,0.0,0.0,0.0,0.0,sorry
0.0,0.0,-0.02436360714177501,-0.49740542206846944,-0.27005083765543425,-0.872631187893814,-0.5435150042880686,-1.0,-0.7029531026251411,-0.9101208300014623,-0.7271638938034444,-0.6094692543503147,-0.7115462011400597,-0.8028963894593871,-0.5533146572904413,-0.7563794077854464,-0.4835890805089825,-0.6531749492479741,-0.7856823627982711,-0.30710936748682294,-0.7457796117157148,-0.5172514072901119,-0.595670532734892,-0.5016302565068642,-0.5078003657044091,-0.3922683685446782,-0.7626023768151836,-0.047709209664819265,-0.7507476125799155,-0.23837972922592127,-0.6307650151564453,-0.23837907053642354,-0.5372688164535367,-0.14851076891459827,-0.7130771602051422,0.17688678313175238,-0.7469914357191506,0.023882763808437287,-0.6465747158084162,0.01489659233575248,-0.5632488476227238,0.06720905355540831,0.0,0.0,0.0,0.0,0.0,0.0,0.0,0.0,0.0,0.0,0.0,0.0,0.0,0.0,0.0,0.0,0.0,0.0,0.0,0.0,0.0,0.0,0.0,0.0,0.0,0.0,0.0,0.0,0.0,0.0,0.0,0.0,0.0,0.0,0.0,0.0,0.0,0.0,0.0,0.0,0.0,0.0,sorry
0.0,0.0,-0.0173224763396588,-0.49255795463140123,-0.24790118193881971,-0.8675370930268173,-0.5103209468011893,-1.0,-0.6617516622088986,-0.9037897175260606,-0.6815381518899832,-0.6219736609350124,-0.6703853974393513,-0.8262698700923661,-0.5142063620549446,-0.7775649772569443,-0.44889094396963675,-0.6707701260572224,-0.7432966273270456,-0.32707245586872097,-0.7035500356600611,-0.5633980256639929,-0.5631758144151656,-0.5482223412627224,-0.4879766837580766,-0.43583908030170726,-0.7280737503820721,-0.07717356042427034,-0.7102896622076484,-0.3052169950663477,-0.5974041600696074,-0.3044962930413188,-0.5155632258197594,-0.2112672666891274,-0.6844697152008121,0.13723935495606093,-0.7116287115685489,-0.06214382912173739,-0.6133296121022934,-0.06930334429492152,-0.5384289508441215,-0.0037522760245001186,0.0,0.0,0.0,0.0,0.0,0.0,0.0,0.0,0.0,0.0,0.0,0.0,0.0,0.0,0.0,0.0,0.0,0.0,0.0,0.0,0.0,0.0,0.0,0.0,0.0,0.0,0.0,0.0,0.0,0.0,0.0,0.0,0.0,0.0,0.0,0.0,0.0,0.0,0.0,0.0,0.0,0.0,sorry
0.0,0.0,-0.021893755707403092,-0.4929546241773467,-0.24946736152659257,-0.8645583650848632,-0.5124161602166452,-1.0,-0.6669830273640457,-0.9043873791605,-0.6940537519287087,-0.6204458859464055,-0.6845486034575055,-0.8157011052681299,-0.5285395345907988,-0.765697956356079,-0.4619992442611078,-0.6618030670403375,-0.7542011210126901,-0.3321557451900368,-0.7161835185943256,-0.5549145070378184,-0.5746671599962213,-0.5396784960796045,-0.4960504770601757,-0.42956324589854206,-0.7386560443366816,-0.08542242655162641,-0.7204321881789841,-0.30402367981862266,-0.6080588531662311,-0.2979377774978745,-0.5244393362093397,-0.20379160500047233,-0.6990638284472714,0.1270557672324212,-0.7252408917718928,-0.07178763737128822,-0.6263110495323866,-0.07461095191611299,-0.5482715621752684,-0.010677645873350758,0.0,0.0,0.0,0.0,0.0,0.0,0.0,0.0,0.0,0.0,0.0,0.0,0.0,0.0,0.0,0.0,0.0,0.0,0.0,0.0,0.0,0.0,0.0,0.0,0.0,0.0,0.0,0.0,0.0,0.0,0.0,0.0,0.0,0.0,0.0,0.0,0.0,0.0,0.0,0.0,0.0,0.0,sorry
0.0,0.0,-0.01678392455770434,-0.48752278567108875,-0.2373035497370548,-0.8691842706761478,-0.4908477235172034,-1.0,-0.6366274356185059,-0.8926600636880005,-0.6663770085643779,-0.6182787442754211,-0.64797023234258,-0.8291369690482693,-0.4950286087184943,-0.7766622620244128,-0.43367227929048785,-0.6679184800949711,-0.7330981432149352,-0.33337195441363854,-0.6845065406025563,-0.578766926991139,-0.5449521788266364,-0.5590232790094122,-0.4716677593980261,-0.44360387400087115,-0.7246105477848511,-0.09009562395573656,-0.6937132237659416,-0.33142250940775797,-0.5796930666271873,-0.3256937158291563,-0.5011448391661892,-0.22900492173560683,-0.6873646538033948,0.11892809950261565,-0.701287399995157,-0.09261672225343583,-0.6020955920780194,-0.09580663957673748,-0.5312893586356582,-0.026638123849222078,0.0,0.0,0.0,0.0,0.0,0.0,0.0,0.0,0.0,0.0,0.0,0.0,0.0,0.0,0.0,0.0,0.0,0.0,0.0,0.0,0.0,0.0,0.0,0.0,0.0,0.0,0.0,0.0,0.0,0.0,0.0,0.0,0.0,0.0,0.0,0.0,0.0,0.0,0.0,0.0,0.0,0.0,sorry
0.0,0.0,-0.021119703875139857,-0.48449165293183205,-0.24154402660937888,-0.8660237608076266,-0.49908708219788994,-1.0,-0.6479051563276672,-0.8900410128550751,-0.6797564355989878,-0.6379092995934003,-0.6620424535677412,-0.8262262028399319,-0.5075680003601781,-0.7677088105541937,-0.4456430610033517,-0.6618270767587129,-0.7488032593690434,-0.35629742928917746,-0.6920668325189778,-0.5694054809139034,-0.553741229022816,-0.5452951422795019,-0.48115681074401734,-0.4377065168520185,-0.7423807411760912,-0.10917383524647564,-0.6961439337661556,-0.31946160665015444,-0.5854212411423245,-0.3094426303714155,-0.5055962986826118,-0.2177937140392217,-0.7082170511507754,0.10823901471802369,-0.6988714316047824,-0.08141943051694693,-0.5977247934603327,-0.08330610702767227,-0.5219130692959673,-0.020379878452036985,0.0,0.0,0.0,0.0,0.0,0.0,0.0,0.0,0.0,0.0,0.0,0.0,0.0,0.0,0.0,0.0,0.0,0.0,0.0,0.0,0.0,0.0,0.0,0.0,0.0,0.0,0.0,0.0,0.0,0.0,0.0,0.0,0.0,0.0,0.0,0.0,0.0,0.0,0.0,0.0,0.0,0.0,sorry
0.0,0.0,-0.022843199708439236,-0.48772908291137096,-0.2398679429979174,-0.8638659699569099,-0.4943007990144562,-1.0,-0.6409057735563057,-0.8842477521709098,-0.6819026903744962,-0.6406751682838542,-0.661219488297431,-0.8231521588835226,-0.508702563762892,-0.7653872932374203,-0.44734721523148585,-0.6586446758874183,-0.7485839371142017,-0.36060071528841225,-0.6975050981926713,-0.5662685686081972,-0.563081301559966,-0.5418979714366907,-0.4924152079217108,-0.43289569712843784,-0.7418405261524083,-0.11206683676412728,-0.7034425353332757,-0.32010942075191057,-0.5945008502329403,-0.3107487696727969,-0.5153653926043317,-0.22019064386640338,-0.70795574454369,0.1069898579465417,-0.7030902937920328,-0.08324102509003678,-0.6011916081047299,-0.086734443148551,-0.5247136816536183,-0.02572004245212613,0.0,0.0,0.0,0.0,0.0,0.0,0.0,0.0,0.0,0.0,0.0,0.0,0.0,0.0,0.0,0.0,0.0,0.0,0.0,0.0,0.0,0.0,0.0,0.0,0.0,0.0,0.0,0.0,0.0,0.0,0.0,0.0,0.0,0.0,0.0,0.0,0.0,0.0,0.0,0.0,0.0,0.0,sorry
0.0,0.0,-0.017869082816255544,-0.48862031227155134,-0.23876361362895318,-0.8685817967818522,-0.49715370164076234,-1.0,-0.6426181907385419,-0.8836484739705396,-0.6838325481581264,-0.6526047812796123,-0.660125579093479,-0.8195066640483964,-0.5111088374574149,-0.7610458276823353,-0.448467027229399,-0.6576883854632166,-0.7526057294849654,-0.37310259520746425,-0.6996004384990949,-0.5590049838896852,-0.5674752105474693,-0.534474299658585,-0.4956270910222082,-0.4311431624911985,-0.7460644889754304,-0.11908908664578167,-0.7071955633777399,-0.3059311162456941,-0.5989713807154607,-0.2981331977705551,-0.5193193781975167,-0.2141849073848068,-0.7105064823600158,0.11050018138250788,-0.7071668113444511,-0.05701528201156566,-0.6041192181649229,-0.061781390338215676,-0.5258901354220767,-0.007814129727950708,0.0,0.0,0.0,0.0,0.0,0.0,0.0,0.0,0.0,0.0,0.0,0.0,0.0,0.0,0.0,0.0,0.0,0.0,0.0,0.0,0.0,0.0,0.0,0.0,0.0,0.0,0.0,0.0,0.0,0.0,0.0,0.0,0.0,0.0,0.0,0.0,0.0,0.0,0.0,0.0,0.0,0.0,sorry
0.0,0.0,-0.018602394794594388,-0.49960004620182497,-0.24374034574365688,-0.8746285758287452,-0.5011910830477804,-1.0,-0.6431358718669388,-0.8800896315404458,-0.6781559311592807,-0.6557625226196435,-0.6565017518191969,-0.8280124744927425,-0.504344203596042,-0.7736135217341085,-0.44163662264659453,-0.6718977399607284,-0.7475940399645786,-0.3743472067146652,-0.7007202864513148,-0.5669552227312978,-0.5675992761714088,-0.547417394987102,-0.49707927463134793,-0.44252138759480997,-0.7440209448273207,-0.1202901474608247,-0.7069727794247873,-0.31321387594809996,-0.5972902629653871,-0.31194055365186923,-0.5198279752050206,-0.2266954144688715,-0.7119306972625419,0.10609817887806568,-0.7091781465367882,-0.0747052708581989,-0.6079497940168637,-0.08346575289723944,-0.5322624263658414,-0.024275978901166596,0.0,0.0,0.0,0.0,0.0,0.0,0.0,0.0,0.0,0.0,0.0,0.0,0.0,0.0,0.0,0.0,0.0,0.0,0.0,0.0,0.0,0.0,0.0,0.0,0.0,0.0,0.0,0.0,0.0,0.0,0.0,0.0,0.0,0.0,0.0,0.0,0.0,0.0,0.0,0.0,0.0,0.0,sorry
0.0,0.0,-0.017213436625398537,-0.5095018045312745,-0.24788191541895654,-0.8878390636539745,-0.5127522082955374,-1.0,-0.6516160559270471,-0.8580607079156525,-0.6857708916400976,-0.6845862875600652,-0.664652475557201,-0.8180966299808777,-0.5141319052741258,-0.758101037519642,-0.4515145764049342,-0.6585696350545417,-0.7536332540683893,-0.3972728197822326,-0.7045789395811339,-0.5544802381818965,-0.5745243947281841,-0.5290613503175489,-0.5033025325867571,-0.42500348045731023,-0.7454729083075863,-0.13246277159272593,-0.7122295466165897,-0.2973821342351516,-0.6053264419238095,-0.28972075807169556,-0.52716286230312,-0.20555456014823315,-0.7095656701425458,0.10826188771264346,-0.707466002331126,-0.045490357416433126,-0.600915781673254,-0.04383690608259078,-0.5217851655730019,0.021423697450557215,0.0,0.0,0.0,0.0,0.0,0.0,0.0,0.0,0.0,0.0,0.0,0.0,0.0,0.0,0.0,0.0,0.0,0.0,0.0,0.0,0.0,0.0,0.0,0.0,0.0,0.0,0.0,0.0,0.0,0.0,0.0,0.0,0.0,0.0,0.0,0.0,0.0,0.0,0.0,0.0,0.0,0.0,sorry
0.0,0.0,-0.013011070298980831,-0.5033408147506087,-0.23782817795858735,-0.8753348437209296,-0.4947358366939561,-1.0,-0.6367305750196162,-0.8877725184541281,-0.6814734741548871,-0.677582753456085,-0.6633685791674782,-0.8301495308610018,-0.5129919363720705,-0.7759438937261254,-0.4470382236746722,-0.6772725660556047,-0.7463620649209474,-0.3939504434404232,-0.6999661811730871,-0.5652874475839295,-0.5672879540885313,-0.5439666528321634,-0.49310323049132815,-0.44003271745941275,-0.7355980643310623,-0.13380868437607532,-0.7068741510292186,-0.30605976132059565,-0.5993923500382368,-0.30197287898086794,-0.5191224154420435,-0.21694481899927384,-0.6976203306218122,0.10278496639584642,-0.7066535664084157,-0.05131750309409599,-0.6047873396250248,-0.05215877363662215,-0.5249557741835724,0.010371832868415207,0.0,0.0,0.0,0.0,0.0,0.0,0.0,0.0,0.0,0.0,0.0,0.0,0.0,0.0,0.0,0.0,0.0,0.0,0.0,0.0,0.0,0.0,0.0,0.0,0.0,0.0,0.0,0.0,0.0,0.0,0.0,0.0,0.0,0.0,0.0,0.0,0.0,0.0,0.0,0.0,0.0,0.0,sorry
0.0,0.0,-0.01370312468020322,-0.5095840634539784,-0.2326445402719591,-0.8773737383279095,-0.4898502603244176,-1.0,-0.6225922549746603,-0.8635616662651987,-0.6722618704628217,-0.6673499493835499,-0.6626697776497279,-0.8228043245183565,-0.5147981088497707,-0.7727524485609342,-0.4471191131809015,-0.6754646401194013,-0.7369309585322962,-0.3800670372766933,-0.7012562011055326,-0.5586869006516376,-0.5715768559233841,-0.5404800926997382,-0.4956545423344023,-0.4373544678660325,-0.7259482122080895,-0.11979520411103187,-0.7073849636868298,-0.30196656322962867,-0.6052648980035235,-0.2975006651772993,-0.5245624392878115,-0.21244519175211637,-0.6885069957759273,0.11197870173135024,-0.7044111094842475,-0.046051050980132846,-0.6080378607898056,-0.04822433084738077,-0.5293205430365777,0.01429383360963775,0.0,0.0,0.0,0.0,0.0,0.0,0.0,0.0,0.0,0.0,0.0,0.0,0.0,0.0,0.0,0.0,0.0,0.0,0.0,0.0,0.0,0.0,0.0,0.0,0.0,0.0,0.0,0.0,0.0,0.0,0.0,0.0,0.0,0.0,0.0,0.0,0.0,0.0,0.0,0.0,0.0,0.0,sorry
0.0,0.0,-0.013409881842999146,-0.49350202801137427,-0.23600394298708424,-0.869765233134479,-0.4958980367789003,-1.0,-0.6276722041512506,-0.8629461514513717,-0.6742714725137048,-0.6825478617630659,-0.6525408396592259,-0.8304209283953798,-0.5047887022432211,-0.7644283079192534,-0.442433904131864,-0.6582284596017483,-0.7454009008753002,-0.4012368248723928,-0.6953690424995154,-0.5573346569241291,-0.5663209922384282,-0.5236203491981098,-0.49666955254927,-0.4131024122063362,-0.7385990271355057,-0.1369029238348012,-0.7075344269375986,-0.29118081854239564,-0.6029008172036492,-0.2806249293527098,-0.525344774563313,-0.1958393403263889,-0.7039854859681063,0.10351256748197586,-0.7009996709967535,-0.032444393083732904,-0.5973069726586304,-0.03651620293627504,-0.5174528012953004,0.0189931490283669,0.0,0.0,0.0,0.0,0.0,0.0,0.0,0.0,0.0,0.0,0.0,0.0,0.0,0.0,0.0,0.0,0.0,0.0,0.0,0.0,0.0,0.0,0.0,0.0,0.0,0.0,0.0,0.0,0.0,0.0,0.0,0.0,0.0,0.0,0.0,0.0,0.0,0.0,0.0,0.0,0.0,0.0,sorry
0.0,0.0,-0.005819454899302552,-0.4962696442102556,-0.21951659856965058,-0.865116726150128,-0.46606805582082805,-1.0,-0.5962402457734286,-0.8829717512854794,-0.648740798164439,-0.7077651820143984,-0.6308915466074454,-0.8402722382634075,-0.48797051542762554,-0.7789658865782092,-0.4260409293651061,-0.6797112087313981,-0.7187243699933713,-0.43653713877685024,-0.6763731441846647,-0.5850061106304997,-0.5498272295687106,-0.5602802151641006,-0.4760685177070967,-0.4604865659754601,-0.715403626181711,-0.17932828004788637,-0.691903913924373,-0.33346690584885336,-0.5880317777752812,-0.3271524836373669,-0.5074733510348125,-0.2480223153484807,-0.6845355795986083,0.05288036022135587,-0.6872980027788077,-0.09190818949321089,-0.5860001023639838,-0.09473568246192872,-0.5068335761357097,-0.039911342803250184,0.0,0.0,0.0,0.0,0.0,0.0,0.0,0.0,0.0,0.0,0.0,0.0,0.0,0.0,0.0,0.0,0.0,0.0,0.0,0.0,0.0,0.0,0.0,0.0,0.0,0.0,0.0,0.0,0.0,0.0,0.0,0.0,0.0,0.0,0.0,0.0,0.0,0.0,0.0,0.0,0.0,0.0,sorry
0.0,0.0,-0.01046405559513027,-0.5001105584976937,-0.22548486186634348,-0.8766653880990063,-0.47552692566794413,-1.0,-0.6016255000112815,-0.8749809020670893,-0.6544207282678417,-0.6877647521458985,-0.6640887949123752,-0.8299062347901484,-0.5188328181457761,-0.7783837185689927,-0.4496191694897226,-0.687881434875243,-0.7208974900320072,-0.4110713215124918,-0.7067572838065646,-0.5820211898415113,-0.5811241510686784,-0.5648227357265112,-0.5042455430098343,-0.46588577340987547,-0.7168021518616052,-0.15888996689691628,-0.7136128776475215,-0.34096111757557784,-0.6139750131348652,-0.33572908977801275,-0.5345132686313632,-0.2501713173222281,-0.6871557134246381,0.06062441376598344,-0.7122265449985978,-0.12179839674061944,-0.6146464223205681,-0.12000496385091686,-0.5356359369913262,-0.055592551645000855,0.0,0.0,0.0,0.0,0.0,0.0,0.0,0.0,0.0,0.0,0.0,0.0,0.0,0.0,0.0,0.0,0.0,0.0,0.0,0.0,0.0,0.0,0.0,0.0,0.0,0.0,0.0,0.0,0.0,0.0,0.0,0.0,0.0,0.0,0.0,0.0,0.0,0.0,0.0,0.0,0.0,0.0,sorry
0.0,0.0,0.0014394563801490873,-0.494272400138323,-0.21879606975432064,-0.8737165470207251,-0.4714084767047922,-1.0,-0.6076459216810927,-0.8966649722963961,-0.6419044310165961,-0.6975051806129373,-0.6731491496514624,-0.8280303010605631,-0.5349494743985419,-0.7820580488654653,-0.4645124763719849,-0.6981818453642289,-0.7150932640331559,-0.43086741790971045,-0.7167243120900035,-0.5905105731304943,-0.59416804036328,-0.5762736377653033,-0.5170233836097627,-0.47717182734583613,-0.722427536420294,-0.18466447568556996,-0.7296638191712579,-0.36004674901912864,-0.6335044603972366,-0.358852347981186,-0.5548841089735757,-0.2729341249639242,-0.7057463852711989,0.03403051686526766,-0.7358514665619711,-0.14301351769468573,-0.6429696417381899,-0.14638059109688592,-0.5665603135148346,-0.0837166250224255,0.0,0.0,0.0,0.0,0.0,0.0,0.0,0.0,0.0,0.0,0.0,0.0,0.0,0.0,0.0,0.0,0.0,0.0,0.0,0.0,0.0,0.0,0.0,0.0,0.0,0.0,0.0,0.0,0.0,0.0,0.0,0.0,0.0,0.0,0.0,0.0,0.0,0.0,0.0,0.0,0.0,0.0,sorry
0.0,0.0,0.00018423112251630968,-0.49513910756353685,-0.21943118967574016,-0.8700373557999486,-0.46980438835920624,-1.0,-0.6032597475902961,-0.9069564234598082,-0.6433652950376498,-0.696772884837256,-0.670842844319475,-0.8469437886019733,-0.5340394764177631,-0.8041845290281612,-0.4679361083853906,-0.7210842066890271,-0.7173357239825804,-0.4310871073492539,-0.7098681571530673,-0.6095051499785064,-0.5887084287698456,-0.5953000811400901,-0.5185178410203007,-0.4939115533819477,-0.7211028257918345,-0.18722389830442038,-0.7269067594529511,-0.37772345209925484,-0.628443554066608,-0.3769391632248547,-0.5526569459706302,-0.2910342160312435,-0.6994561588725577,0.029357425363529817,-0.7306519756501333,-0.15776619110647122,-0.636681363780684,-0.1644850740125669,-0.5603445121991055,-0.10289602178369699,0.0,0.0,0.0,0.0,0.0,0.0,0.0,0.0,0.0,0.0,0.0,0.0,0.0,0.0,0.0,0.0,0.0,0.0,0.0,0.0,0.0,0.0,0.0,0.0,0.0,0.0,0.0,0.0,0.0,0.0,0.0,0.0,0.0,0.0,0.0,0.0,0.0,0.0,0.0,0.0,0.0,0.0,sorry
0.0,0.0,-0.002198992213393856,-0.4994329312300237,-0.22860062400549536,-0.8707116039935826,-0.481837709974697,-1.0,-0.6148993953674389,-0.8812228984142433,-0.6552006806138659,-0.6814613496827764,-0.6594367861155822,-0.8437300319226554,-0.5161846089589642,-0.7870658410513133,-0.45448329100839735,-0.688506530648967,-0.727952123240757,-0.414347660767444,-0.7027847115370092,-0.5971697128143094,-0.5786477100863376,-0.5762508840953463,-0.5120092490985019,-0.47232264407060154,-0.7254876561573423,-0.17218401266661545,-0.7125698492785716,-0.36084388501539655,-0.6112668060204512,-0.3536299296729652,-0.5391449837562872,-0.26832498983741837,-0.6953322064195994,0.04064441603080756,-0.703249169426489,-0.14700478018943447,-0.6069149554455348,-0.14336135513346637,-0.5354573949773533,-0.07470400454968436,0.0,0.0,0.0,0.0,0.0,0.0,0.0,0.0,0.0,0.0,0.0,0.0,0.0,0.0,0.0,0.0,0.0,0.0,0.0,0.0,0.0,0.0,0.0,0.0,0.0,0.0,0.0,0.0,0.0,0.0,0.0,0.0,0.0,0.0,0.0,0.0,0.0,0.0,0.0,0.0,0.0,0.0,sorry
0.0,0.0,-0.023160697737651975,-0.5147126146572629,-0.25291221124126717,-0.8779885106902464,-0.5129605018561575,-1.0,-0.6439302401074296,-0.8751297090632647,-0.6884653614374261,-0.675691273007752,-0.7061396085699541,-0.8314070034570586,-0.5609258036412872,-0.7788730987564577,-0.49145654260838684,-0.6862747002125287,-0.7605246419474949,-0.3931783437193068,-0.7461017917885145,-0.5714093479310364,-0.6237025625516756,-0.5571500213638457,-0.5502738803402678,-0.45942672755825115,-0.755555640332721,-0.13592469383112019,-0.7593830981460621,-0.32281637913334926,-0.6623990419563733,-0.3264953998368579,-0.5805918132078508,-0.24388876095243908,-0.7230043879119477,0.09111159973586518,-0.760612386313821,-0.07601089833583966,-0.6693057027595429,-0.0860539867155723,-0.5891550390930631,-0.026525850253314172,0.0,0.0,0.0,0.0,0.0,0.0,0.0,0.0,0.0,0.0,0.0,0.0,0.0,0.0,0.0,0.0,0.0,0.0,0.0,0.0,0.0,0.0,0.0,0.0,0.0,0.0,0.0,0.0,0.0,0.0,0.0,0.0,0.0,0.0,0.0,0.0,0.0,0.0,0.0,0.0,0.0,0.0,sorry
0.0,0.0,-0.009428771722940488,-0.5064918147428898,-0.22827123187648155,-0.8749735613881429,-0.4898009519614279,-1.0,-0.6192747335999191,-0.8735646447627552,-0.6613428929411906,-0.6876658090900832,-0.6720388326217334,-0.8399319880636309,-0.5310520425006042,-0.7808178229667122,-0.46950124008659183,-0.682767167100597,-0.735817505874771,-0.40525378496367154,-0.7155609870643628,-0.58323834858517,-0.5941716787190171,-0.5584931790952424,-0.5225544926786042,-0.4530445111384972,-0.7331367934634496,-0.14801200492949418,-0.73926198136185,-0.3356934115150653,-0.6417270712531302,-0.3303093617539127,-0.559366124639415,-0.24220510877967594,-0.7013295579395538,0.08211481470689563,-0.7369139583872533,-0.07508291525760721,-0.6437975959288823,-0.07581274092559995,-0.5630106251510472,-0.009647479461869266,0.0,0.0,0.0,0.0,0.0,0.0,0.0,0.0,0.0,0.0,0.0,0.0,0.0,0.0,0.0,0.0,0.0,0.0,0.0,0.0,0.0,0.0,0.0,0.0,0.0,0.0,0.0,0.0,0.0,0.0,0.0,0.0,0.0,0.0,0.0,0.0,0.0,0.0,0.0,0.0,0.0,0.0,sorry
0.0,0.0,-0.028129039660109146,-0.5127152644458601,-0.24956708383394832,-0.8707501172258589,-0.5064465314685515,-1.0,-0.6347065861692015,-0.8811001985357101,-0.6749505085963254,-0.6695353152698618,-0.6931349472733052,-0.8327682263050552,-0.5478712639156715,-0.7916586497006287,-0.48127824644367384,-0.7078100926832536,-0.7468797968180128,-0.38734737478211667,-0.7321811349743529,-0.580542716532908,-0.6044566136050408,-0.5672007034976776,-0.5299683098240258,-0.46846268084493836,-0.7427560476428695,-0.13530251397802567,-0.7460244756191592,-0.3334409388330433,-0.6439000865119713,-0.33706567641102164,-0.558389167047918,-0.256432100929683,-0.7100017530432403,0.0838980840520098,-0.7451328108409334,-0.09383698408151224,-0.6535601742781524,-0.10490039721394397,-0.5726809233264495,-0.049876574353975064,0.0,0.0,0.0,0.0,0.0,0.0,0.0,0.0,0.0,0.0,0.0,0.0,0.0,0.0,0.0,0.0,0.0,0.0,0.0,0.0,0.0,0.0,0.0,0.0,0.0,0.0,0.0,0.0,0.0,0.0,0.0,0.0,0.0,0.0,0.0,0.0,0.0,0.0,0.0,0.0,0.0,0.0,sorry
0.0,0.0,-0.02670844171198865,-0.5054098986849046,-0.24373865434636302,-0.8730985684922786,-0.5003634247048766,-1.0,-0.6289584735434818,-0.874609382105244,-0.6908114302344617,-0.6823096931444058,-0.6880049839023592,-0.817205376793932,-0.5445249831747822,-0.7652862105971588,-0.4788897175182349,-0.6778176328282737,-0.7590898011895884,-0.40117831093002526,-0.7305469559997817,-0.5613074558451716,-0.6005105771504448,-0.5374352911217418,-0.5225448824053696,-0.4381279444131182,-0.7526103643341762,-0.14036524364734343,-0.7418924277425105,-0.31228440984411665,-0.6367993888353312,-0.30579224039143643,-0.5497066045800971,-0.2252876657511323,-0.7171775469741892,0.09457445840988049,-0.7367484584462594,-0.06571038798042818,-0.635923568037543,-0.06860978227258671,-0.5507766884333448,-0.013222256580024374,0.0,0.0,0.0,0.0,0.0,0.0,0.0,0.0,0.0,0.0,0.0,0.0,0.0,0.0,0.0,0.0,0.0,0.0,0.0,0.0,0.0,0.0,0.0,0.0,0.0,0.0,0.0,0.0,0.0,0.0,0.0,0.0,0.0,0.0,0.0,0.0,0.0,0.0,0.0,0.0,0.0,0.0,sorry
0.0,0.0,-0.01742382111688761,-0.5017266016365985,-0.23414035045714404,-0.868997388422065,-0.49003599036629203,-1.0,-0.6104346668378939,-0.8730335623497454,-0.6715569814817032,-0.6742427457881549,-0.6815177261895304,-0.8172827763188396,-0.5388255916499158,-0.7706284365612205,-0.47112408858687116,-0.6851933071921601,-0.7415107392481456,-0.3934478741886206,-0.7196156021375832,-0.5650567317148733,-0.5920257450288783,-0.5481012460771009,-0.5153763498201207,-0.45171047653044305,-0.7364925481694468,-0.13612673136298684,-0.7300633649559544,-0.31766821895753816,-0.6283106801892642,-0.3166655239426084,-0.5425345474504375,-0.2363563282063114,-0.7029087950210606,0.09294699828156068,-0.7277525229714743,-0.07666445014476318,-0.6327622252428833,-0.08262439095528466,-0.5501577866124253,-0.027215333833229764,0.0,0.0,0.0,0.0,0.0,0.0,0.0,0.0,0.0,0.0,0.0,0.0,0.0,0.0,0.0,0.0,0.0,0.0,0.0,0.0,0.0,0.0,0.0,0.0,0.0,0.0,0.0,0.0,0.0,0.0,0.0,0.0,0.0,0.0,0.0,0.0,0.0,0.0,0.0,0.0,0.0,0.0,sorry
0.0,0.0,-0.02086715006732006,-0.5089904247557298,-0.24887511564758888,-0.8765643451901886,-0.5174810262736278,-1.0,-0.6508766651372352,-0.8547797242510173,-0.6928915282029681,-0.6633639721091864,-0.6949728087132466,-0.8162752826314246,-0.5485255402528827,-0.7621334065454655,-0.4857414984918802,-0.667541576718542,-0.7613037526232258,-0.37566586684919556,-0.7353048583270025,-0.5571724070494257,-0.6062173272055782,-0.5361666679202991,-0.5329148081566338,-0.4308968987641692,-0.7512224796347416,-0.11283819868067727,-0.7428892716646484,-0.3012023588347236,-0.6389538688349493,-0.2953428809976908,-0.5574196860403018,-0.20948611100664175,-0.7135290754962503,0.1224360083341482,-0.7325445478273297,-0.04748095105568385,-0.632914055977194,-0.048372283691997565,-0.5514398594928807,0.013459874987777084,0.0,0.0,0.0,0.0,0.0,0.0,0.0,0.0,0.0,0.0,0.0,0.0,0.0,0.0,0.0,0.0,0.0,0.0,0.0,0.0,0.0,0.0,0.0,0.0,0.0,0.0,0.0,0.0,0.0,0.0,0.0,0.0,0.0,0.0,0.0,0.0,0.0,0.0,0.0,0.0,0.0,0.0,sorry
0.0,0.0,-0.043378401391750684,-0.5390102125768046,-0.28934060492003166,-0.8821320934359855,-0.572176449510071,-1.0,-0.710303952708846,-0.8768260233297198,-0.7272484925656053,-0.6361849405417486,-0.7757105033220667,-0.8060422729013953,-0.627131056385448,-0.7742990424910325,-0.5496646182685009,-0.6870024786126366,-0.7926247357376687,-0.3240863337356457,-0.8104954050208091,-0.5330250083809353,-0.6800196029354096,-0.5332542728337705,-0.5952321653079174,-0.4340743055987946,-0.7786785708247789,-0.047391354008643596,-0.8196567053461089,-0.25812785781645403,-0.7169538588794824,-0.2710540845565238,-0.6222468163785535,-0.18807932055252732,-0.7368388390476949,0.18596645894042713,-0.8040887830717066,0.019875908553172242,-0.7148366676329311,0.012974883584376535,-0.6321787916361359,0.07864512955297143,0.0,0.0,0.0,0.0,0.0,0.0,0.0,0.0,0.0,0.0,0.0,0.0,0.0,0.0,0.0,0.0,0.0,0.0,0.0,0.0,0.0,0.0,0.0,0.0,0.0,0.0,0.0,0.0,0.0,0.0,0.0,0.0,0.0,0.0,0.0,0.0,0.0,0.0,0.0,0.0,0.0,0.0,sorry
0.0,0.0,-0.035657554222334846,-0.5323096358014151,-0.28921368691003346,-0.8871088337537975,-0.5791126544595008,-1.0,-0.7223861960307577,-0.8661308549956186,-0.7243005148684817,-0.6391641538318313,-0.7866286989603689,-0.793269429469948,-0.6397072851823665,-0.7653509751524713,-0.5566355329805136,-0.6865217843263397,-0.7945308217648304,-0.3247595673150984,-0.8181787440682416,-0.5238478914939619,-0.687644158373929,-0.5256405171812777,-0.5978611228583154,-0.43355616608547576,-0.784329053269037,-0.047034507000800294,-0.8323141445013273,-0.2535563414238057,-0.7297094936103791,-0.26895021184627504,-0.6302692821022565,-0.19110082830661998,-0.7424557552510699,0.19093216953212636,-0.8142778836997556,0.02444049330186706,-0.7248478209411577,0.007046930973891705,-0.6380087994793286,0.06472447460078176,0.0,0.0,0.0,0.0,0.0,0.0,0.0,0.0,0.0,0.0,0.0,0.0,0.0,0.0,0.0,0.0,0.0,0.0,0.0,0.0,0.0,0.0,0.0,0.0,0.0,0.0,0.0,0.0,0.0,0.0,0.0,0.0,0.0,0.0,0.0,0.0,0.0,0.0,0.0,0.0,0.0,0.0,sorry
0.0,0.0,-0.043668810681052536,-0.5422269108031676,-0.31461164785981865,-0.8946929377687621,-0.6206950230048771,-1.0,-0.7690334961388833,-0.8586243334126327,-0.7565141641707889,-0.646813242964307,-0.8236911317660789,-0.8011040054386758,-0.6675965652968691,-0.7717809772114738,-0.5777240760341641,-0.691398686855317,-0.8258834440079803,-0.32845107236631205,-0.8561571851159346,-0.5269367916650359,-0.7247943456769168,-0.5311692669089035,-0.6312252015427757,-0.43845937021647846,-0.8134610742000182,-0.04692045101256199,-0.8591487206051845,-0.25812074581270783,-0.7492158377684544,-0.2732644323008439,-0.6478367324323694,-0.19482622226189633,-0.7697194869316555,0.18936731860710448,-0.8251235772836787,0.010481587523410536,-0.7218960345774539,0.0023420429245546446,-0.6294972522990586,0.06735110371960917,0.0,0.0,0.0,0.0,0.0,0.0,0.0,0.0,0.0,0.0,0.0,0.0,0.0,0.0,0.0,0.0,0.0,0.0,0.0,0.0,0.0,0.0,0.0,0.0,0.0,0.0,0.0,0.0,0.0,0.0,0.0,0.0,0.0,0.0,0.0,0.0,0.0,0.0,0.0,0.0,0.0,0.0,sorry
0.0,0.0,-0.0639898165862834,-0.5530000395704672,-0.33524306849647867,-0.9026966813261444,-0.6422539890251769,-1.0,-0.7873851191117074,-0.8506785414877943,-0.7772780855992028,-0.6266485010615008,-0.8532724776357842,-0.7845521497346478,-0.6939875435850291,-0.761775664898879,-0.5993055383009914,-0.6835591150571149,-0.8389889193489461,-0.30023171729385856,-0.8793740320189497,-0.5097122490841277,-0.7474387324935192,-0.5189013397823993,-0.6490916277173638,-0.4236740902703583,-0.8195998505524681,-0.01766315225703503,-0.8833458026317121,-0.23998936198603255,-0.7778357531134136,-0.2616413093591517,-0.6703676556522732,-0.18102200394048235,-0.7690918301709168,0.21398006200600184,-0.8446994899090707,0.050933172842880396,-0.7510812860217785,0.037935654739391665,-0.6562766583016539,0.10264073052603875,0.0,0.0,0.0,0.0,0.0,0.0,0.0,0.0,0.0,0.0,0.0,0.0,0.0,0.0,0.0,0.0,0.0,0.0,0.0,0.0,0.0,0.0,0.0,0.0,0.0,0.0,0.0,0.0,0.0,0.0,0.0,0.0,0.0,0.0,0.0,0.0,0.0,0.0,0.0,0.0,0.0,0.0,sorry
0.0,0.0,-0.048579986565208295,-0.5351139938405518,-0.3175710832626722,-0.8932686554563241,-0.6275089289974929,-1.0,-0.7686664684484283,-0.852591244627001,-0.761549424249432,-0.638788097361862,-0.8432460806014088,-0.7830712447738293,-0.6852902337139858,-0.7575258693154496,-0.5936441230127704,-0.6824227224173816,-0.8216283628274731,-0.31947595135577606,-0.86229453211319,-0.512229422927977,-0.7298202821306258,-0.5158648004786603,-0.6342249483347833,-0.4254763661457932,-0.8037650911987432,-0.03927520032889545,-0.8621041141296567,-0.2440777712928601,-0.7561775723404802,-0.2639289607858252,-0.6510551450480312,-0.18951911888322376,-0.7555023914663378,0.19836965499014414,-0.8267219291773577,0.02586472706449801,-0.729967110455278,0.008830806050795259,-0.6342829914068723,0.06620351507009217,0.0,0.0,0.0,0.0,0.0,0.0,0.0,0.0,0.0,0.0,0.0,0.0,0.0,0.0,0.0,0.0,0.0,0.0,0.0,0.0,0.0,0.0,0.0,0.0,0.0,0.0,0.0,0.0,0.0,0.0,0.0,0.0,0.0,0.0,0.0,0.0,0.0,0.0,0.0,0.0,0.0,0.0,sorry
0.0,0.0,-0.049848534260804656,-0.5366150071604896,-0.3102568582671295,-0.8780315445754774,-0.6153913707294918,-1.0,-0.7675765893382573,-0.8896328642461726,-0.7413718501049489,-0.6256415510567382,-0.8288521764823997,-0.7665739835695236,-0.6735159765137769,-0.747830469976028,-0.582592165861731,-0.6719118987624314,-0.8006108942813508,-0.3101271873111824,-0.8487140163097247,-0.506117404586647,-0.7162543343717682,-0.5136616470818546,-0.6234693910221959,-0.4217027557479453,-0.7831430501627633,-0.03403142199411518,-0.846933156108737,-0.24092863614970111,-0.7420810381726595,-0.26104021263292415,-0.6412663295069347,-0.18419587769856235,-0.7403687869430724,0.19452701661206154,-0.8132754243121836,0.01997344375413655,-0.7190718761306186,0.002355574684753211,-0.6286082029800992,0.05979957947274463,0.0,0.0,0.0,0.0,0.0,0.0,0.0,0.0,0.0,0.0,0.0,0.0,0.0,0.0,0.0,0.0,0.0,0.0,0.0,0.0,0.0,0.0,0.0,0.0,0.0,0.0,0.0,0.0,0.0,0.0,0.0,0.0,0.0,0.0,0.0,0.0,0.0,0.0,0.0,0.0,0.0,0.0,sorry
0.0,0.0,-0.06696448782438982,-0.5443689513109918,-0.3520118723828296,-0.8854721018406074,-0.6844639642037509,-1.0,-0.8389730965954459,-0.8452943543993835,-0.7938307787445343,-0.6183230906005494,-0.8949597098171531,-0.7488347264212756,-0.7394361712659878,-0.7284326753208762,-0.6412342920027084,-0.6577068251773718,-0.8569446026776542,-0.27983878951843316,-0.9177251431934541,-0.46354928725405375,-0.7887632254633359,-0.47857831897128567,-0.6847112225957355,-0.3978258176566372,-0.8322647823952025,0.02057169921240491,-0.9203865290444035,-0.1655034245536041,-0.8268410178289718,-0.19558984559036796,-0.7155784726993403,-0.12992259369575676,-0.775132173789317,0.26499234095987,-0.877288943569864,0.1921048455182302,-0.8120759108138482,0.19195509747801415,-0.7302980583002453,0.24558728345612507,0.0,0.0,0.0,0.0,0.0,0.0,0.0,0.0,0.0,0.0,0.0,0.0,0.0,0.0,0.0,0.0,0.0,0.0,0.0,0.0,0.0,0.0,0.0,0.0,0.0,0.0,0.0,0.0,0.0,0.0,0.0,0.0,0.0,0.0,0.0,0.0,0.0,0.0,0.0,0.0,0.0,0.0,sorry
0.0,0.0,-0.06339608049341139,-0.5483314424958645,-0.3582572650613133,-0.8940171106298483,-0.6920245191663401,-1.0,-0.8447076840292945,-0.8471961216178476,-0.8219117543254825,-0.6143218406561086,-0.9183245168134495,-0.7408055683714212,-0.7617979562587402,-0.7296150159433915,-0.6579370161868645,-0.6708981188127928,-0.881949339195782,-0.2683517796548616,-0.9263304829256865,-0.45219693489960827,-0.7907446489640632,-0.46714699735350956,-0.6858701756790903,-0.39121052130849365,-0.8486469855890564,0.03407190229161317,-0.9329502895589967,-0.14792418781795993,-0.8389760936082191,-0.1866103132311224,-0.7284316654066767,-0.12508580378324352,-0.7790385065896283,0.27956228050343673,-0.881479016819076,0.23815805491646727,-0.8418788445465621,0.2515864109313253,-0.789670758991367,0.3230784811784095,0.0,0.0,0.0,0.0,0.0,0.0,0.0,0.0,0.0,0.0,0.0,0.0,0.0,0.0,0.0,0.0,0.0,0.0,0.0,0.0,0.0,0.0,0.0,0.0,0.0,0.0,0.0,0.0,0.0,0.0,0.0,0.0,0.0,0.0,0.0,0.0,0.0,0.0,0.0,0.0,0.0,0.0,sorry
0.0,0.0,-0.05734753509299004,-0.537424997432311,-0.3262808302541739,-0.8820058836050453,-0.6458717763098811,-1.0,-0.8082367989774892,-0.8641962934975199,-0.7642665514224997,-0.6292043736550643,-0.8585940178552379,-0.7513191967375713,-0.7095975997193652,-0.7319069717593905,-0.6167328477134667,-0.664989275246833,-0.8231688408087402,-0.31193724816180757,-0.8753264190140967,-0.4826471360220221,-0.7465601650465831,-0.49605518621079064,-0.6439128900964608,-0.42001983694802747,-0.8021167680759104,-0.03527185996444433,-0.8714173295935211,-0.20970700559830627,-0.7772421878992632,-0.23671363594189035,-0.6700003622054042,-0.1732006702288493,-0.7525968390880164,0.19347673028746704,-0.8262257551858635,0.08152102453519867,-0.7491414987662689,0.08034559357278914,-0.6644618446376979,0.1402370014155781,0.0,0.0,0.0,0.0,0.0,0.0,0.0,0.0,0.0,0.0,0.0,0.0,0.0,0.0,0.0,0.0,0.0,0.0,0.0,0.0,0.0,0.0,0.0,0.0,0.0,0.0,0.0,0.0,0.0,0.0,0.0,0.0,0.0,0.0,0.0,0.0,0.0,0.0,0.0,0.0,0.0,0.0,sorry
0.0,0.0,-0.06074694671068925,-0.5359351171634915,-0.32901254001786706,-0.8736508226159478,-0.6307161756905934,-1.0,-0.7852791399755557,-0.8983383248092227,-0.762010373312933,-0.637294496409045,-0.8302335048181863,-0.7926009182176671,-0.6768346055163245,-0.7674637320063727,-0.590770498723138,-0.692754522658159,-0.8259043561697951,-0.3239614906047623,-0.85368801053173,-0.5196622707589083,-0.7182905089099599,-0.5202588415297478,-0.6257586224529186,-0.4338052091156014,-0.8097575917390489,-0.048372364435558826,-0.8609428625571128,-0.2493284818928238,-0.749243758816965,-0.267217082578429,-0.6449541643146405,-0.1975376165443613,-0.7630014829044875,0.1816994145585326,-0.8214804580460352,0.02228918743050452,-0.7217914769588326,0.003647102821729614,-0.629998034825696,0.05306221280631904,0.0,0.0,0.0,0.0,0.0,0.0,0.0,0.0,0.0,0.0,0.0,0.0,0.0,0.0,0.0,0.0,0.0,0.0,0.0,0.0,0.0,0.0,0.0,0.0,0.0,0.0,0.0,0.0,0.0,0.0,0.0,0.0,0.0,0.0,0.0,0.0,0.0,0.0,0.0,0.0,0.0,0.0,sorry
0.0,0.0,-0.05086064008060748,-0.5309180516003538,-0.31943782777863183,-0.8772942918763917,-0.6186601137576083,-1.0,-0.7685652650158572,-0.8857147495754765,-0.7602711370129267,-0.6533005789350051,-0.8361346562944405,-0.7851131868416206,-0.6851285594913936,-0.7576123788896483,-0.5956457857377324,-0.6905176118309536,-0.8243398258679586,-0.3383225953091602,-0.8532203671881698,-0.5087905681944442,-0.7182025871712955,-0.5056627666812276,-0.6234979323025033,-0.42340843608402295,-0.8088887908015746,-0.055754520599097024,-0.8612638651915011,-0.23370587909994403,-0.7532423353642481,-0.24900851482446007,-0.648542667728039,-0.18298780385716526,-0.7615250480331887,0.18622113379126579,-0.8271857954686704,0.04685766296150293,-0.7305159274350049,0.029706250478809842,-0.6380986518236884,0.07567250269275046,0.0,0.0,0.0,0.0,0.0,0.0,0.0,0.0,0.0,0.0,0.0,0.0,0.0,0.0,0.0,0.0,0.0,0.0,0.0,0.0,0.0,0.0,0.0,0.0,0.0,0.0,0.0,0.0,0.0,0.0,0.0,0.0,0.0,0.0,0.0,0.0,0.0,0.0,0.0,0.0,0.0,0.0,sorry
0.0,0.0,-0.05684479938614381,-0.5384639460452719,-0.3219256709003897,-0.8863810754598873,-0.618267774569392,-1.0,-0.769719372816671,-0.8805938654766472,-0.7498414877935504,-0.6375466954748299,-0.8080583769157765,-0.8074233184580902,-0.6510659188659814,-0.7810310360842437,-0.5672036225592149,-0.7022166468105728,-0.8123008501100498,-0.32637309936797043,-0.8333340064212588,-0.5413201946570281,-0.6976311511822789,-0.5433551077277224,-0.6074059023080185,-0.4499167053692224,-0.7966444884195223,-0.05595077034913071,-0.840085919673687,-0.2780460594067403,-0.7297647052884518,-0.29296841871453666,-0.6295721180057751,-0.21442612523473942,-0.7517176362498234,0.17041677604345457,-0.8178929487308927,-0.008628314116673062,-0.7226354421178038,-0.024455808412252894,-0.6351811279607456,0.03438856692849787,0.0,0.0,0.0,0.0,0.0,0.0,0.0,0.0,0.0,0.0,0.0,0.0,0.0,0.0,0.0,0.0,0.0,0.0,0.0,0.0,0.0,0.0,0.0,0.0,0.0,0.0,0.0,0.0,0.0,0.0,0.0,0.0,0.0,0.0,0.0,0.0,0.0,0.0,0.0,0.0,0.0,0.0,sorry
0.0,0.0,-0.046898964760330245,-0.5235973375934538,-0.29585068648871715,-0.8702074276990539,-0.5900840799937213,-1.0,-0.7567515905828381,-0.8860922424116603,-0.7217782627518792,-0.6414688301462602,-0.8010519493342718,-0.776948258270651,-0.6504882513336084,-0.7482466245211795,-0.5648676771794087,-0.6751939966732577,-0.7833981887736372,-0.3387550287229006,-0.8295482567515906,-0.5147447598745256,-0.7008873844564675,-0.5190771201652737,-0.6073183267043225,-0.4382646253870439,-0.7715497707484664,-0.06593076629002408,-0.8274901830720971,-0.25212908975368437,-0.7223980393993635,-0.26263845602699876,-0.622663368617731,-0.19157174648907163,-0.7326210627852985,0.164274230912373,-0.7992979409136136,0.0027181054278560234,-0.7046774401806669,-0.0017651481970018812,-0.615926082520425,0.054231975715287574,0.0,0.0,0.0,0.0,0.0,0.0,0.0,0.0,0.0,0.0,0.0,0.0,0.0,0.0,0.0,0.0,0.0,0.0,0.0,0.0,0.0,0.0,0.0,0.0,0.0,0.0,0.0,0.0,0.0,0.0,0.0,0.0,0.0,0.0,0.0,0.0,0.0,0.0,0.0,0.0,0.0,0.0,sorry
0.0,0.0,-0.03983289159866935,-0.5213936682043067,-0.29459312703909313,-0.8677485564606046,-0.5844462284435094,-1.0,-0.7469226439815199,-0.8908746753084983,-0.7182511578057896,-0.6486681610907092,-0.7970177953059358,-0.7831073478786313,-0.6503551078949416,-0.758873375779857,-0.5626010808051587,-0.6957679395709013,-0.787259128349807,-0.3471332835417951,-0.82320919513114,-0.523246869259589,-0.6920589953464062,-0.5254641010297086,-0.6009570042102491,-0.44824230616508387,-0.7783627464388797,-0.07348946319196976,-0.8319322048720121,-0.26331165249099203,-0.7244315451934472,-0.274608806797816,-0.6242989485308361,-0.20642575222422258,-0.738255306535724,0.1584301327949475,-0.8072726829012842,0.0016706772750775727,-0.7136186635903699,-0.003590481715337133,-0.6260997820391516,0.05093430313285036,0.0,0.0,0.0,0.0,0.0,0.0,0.0,0.0,0.0,0.0,0.0,0.0,0.0,0.0,0.0,0.0,0.0,0.0,0.0,0.0,0.0,0.0,0.0,0.0,0.0,0.0,0.0,0.0,0.0,0.0,0.0,0.0,0.0,0.0,0.0,0.0,0.0,0.0,0.0,0.0,0.0,0.0,sorry
0.0,0.0,-0.020342422822655318,-0.4998984302283221,-0.2450429850028975,-0.8514427491487199,-0.5104303228953706,-1.0,-0.6706205695916991,-0.9302039549966297,-0.6501145735975531,-0.6814125387762507,-0.7163310682389635,-0.838626622281561,-0.5763676816084405,-0.8039862637137286,-0.49765231484988665,-0.7182575162837334,-0.7197031364069971,-0.42170128643785404,-0.7588103936033722,-0.6045119174394574,-0.6403701482339647,-0.6004505741225312,-0.5577174449581103,-0.511929019858941,-0.7257232563896072,-0.1762286202868369,-0.764159332814467,-0.3658335693644338,-0.6612105283220433,-0.3711422184285685,-0.5750144634389835,-0.29493159601576285,-0.7010258788197834,0.04224240964994859,-0.7401871778899254,-0.14781707018736606,-0.6463002788464183,-0.14946052216995495,-0.5678201389937693,-0.08416201560748615,0.0,0.0,0.0,0.0,0.0,0.0,0.0,0.0,0.0,0.0,0.0,0.0,0.0,0.0,0.0,0.0,0.0,0.0,0.0,0.0,0.0,0.0,0.0,0.0,0.0,0.0,0.0,0.0,0.0,0.0,0.0,0.0,0.0,0.0,0.0,0.0,0.0,0.0,0.0,0.0,0.0,0.0,sorry
0.0,0.0,0.0007734397421617828,-0.47510127987422707,-0.1853514164668692,-0.8346103048204678,-0.4343753701578669,-1.0,-0.6038888288052932,-0.95752308263492,-0.5725963557504449,-0.7019166979179395,-0.6510045118878905,-0.853899479988183,-0.5234138750033358,-0.8125405856886493,-0.4485077341633297,-0.7350505381071233,-0.6518282813953564,-0.45018500285358065,-0.7047510830263217,-0.6356860040647723,-0.5974590257187442,-0.6257885971947359,-0.5216071534748841,-0.5403206965826791,-0.6730030670724885,-0.21484910668177964,-0.7164659796536657,-0.4148558485294111,-0.6233687888973006,-0.41481043469467155,-0.5450025352156197,-0.33778154821849016,-0.6649112112712456,-0.009366954552924207,-0.7101024245837728,-0.21578500622450447,-0.6240780874501911,-0.2117876523996998,-0.5514789225965664,-0.14634725290777292,0.0,0.0,0.0,0.0,0.0,0.0,0.0,0.0,0.0,0.0,0.0,0.0,0.0,0.0,0.0,0.0,0.0,0.0,0.0,0.0,0.0,0.0,0.0,0.0,0.0,0.0,0.0,0.0,0.0,0.0,0.0,0.0,0.0,0.0,0.0,0.0,0.0,0.0,0.0,0.0,0.0,0.0,sorry
0.0,0.0,0.015993863731161254,-0.46322344472739047,-0.1378663588578851,-0.8154085107137425,-0.3748025261719891,-1.0,-0.5487602889346538,-0.9969976513095092,-0.5240747773782941,-0.7253319846481303,-0.6003404994676488,-0.890018858575613,-0.4751395263987399,-0.8385394261804806,-0.40333137064799407,-0.7489192011279686,-0.617922318718326,-0.4887282452193371,-0.6630398978781537,-0.6848709619926451,-0.5602676592691159,-0.6719713603462288,-0.49280789354096116,-0.5853978077022491,-0.6527124715744997,-0.26250838651401887,-0.6816777880318496,-0.4660181717912661,-0.5933065586972,-0.4616016632125271,-0.5228565749803342,-0.37829500187092746,-0.65642423303638,-0.06272365981406433,-0.6855134226215193,-0.26258163729015055,-0.6025823464696392,-0.25858783701189086,-0.5365099131161813,-0.19181158967248038,0.0,0.0,0.0,0.0,0.0,0.0,0.0,0.0,0.0,0.0,0.0,0.0,0.0,0.0,0.0,0.0,0.0,0.0,0.0,0.0,0.0,0.0,0.0,0.0,0.0,0.0,0.0,0.0,0.0,0.0,0.0,0.0,0.0,0.0,0.0,0.0,0.0,0.0,0.0,0.0,0.0,0.0,sorry
0.0,0.0,0.03148529337639992,-0.4461034134043178,-0.11493022113178314,-0.8158017701622626,-0.3346338681237742,-1.0,-0.49112966250123175,-0.9511790864560472,-0.47283203711246763,-0.7176095770946035,-0.5486871818764302,-0.8853817437428791,-0.4379728004773471,-0.8414986847070459,-0.3694136377238643,-0.7564394408971874,-0.5643217533969886,-0.49620851423436235,-0.6118303256195817,-0.6896340020824904,-0.5171964393319138,-0.679166150130939,-0.45460252632515824,-0.5937000351017246,-0.6048583420633548,-0.2846418375321444,-0.6370388584719352,-0.4866556684290185,-0.553221797943938,-0.4826791379960957,-0.48675988376924406,-0.40219129213853055,-0.617692949366784,-0.09802099836933643,-0.6446497569898069,-0.28931994836005015,-0.5688652243626857,-0.28094003599175543,-0.5074669496601308,-0.2130116144477427,0.0,0.0,0.0,0.0,0.0,0.0,0.0,0.0,0.0,0.0,0.0,0.0,0.0,0.0,0.0,0.0,0.0,0.0,0.0,0.0,0.0,0.0,0.0,0.0,0.0,0.0,0.0,0.0,0.0,0.0,0.0,0.0,0.0,0.0,0.0,0.0,0.0,0.0,0.0,0.0,0.0,0.0,sorry
0.0,0.0,0.03027859945154459,-0.4453815625869381,-0.12491081448845841,-0.8193631444776899,-0.34830301499073607,-1.0,-0.4996151065589438,-0.9563312723673478,-0.49696296128071343,-0.7356054111239172,-0.5799617898041799,-0.8842197001095775,-0.4612097435053076,-0.8366821664935001,-0.3841219982096659,-0.7573756654611246,-0.5884157246594864,-0.503917065517522,-0.6364214230695713,-0.6774105637281341,-0.5372977594328464,-0.6615199292950512,-0.46975877803074606,-0.5808905492691993,-0.6251398107090745,-0.2819402414490729,-0.6563246958229954,-0.45976337688046587,-0.5706375273707259,-0.4524407022803103,-0.5006011150791172,-0.376443764395062,-0.6326072639115204,-0.08324627691888424,-0.6600891760488878,-0.2616660326688658,-0.5795168085118463,-0.24929834422484778,-0.5130996247111524,-0.1849376316491702,0.0,0.0,0.0,0.0,0.0,0.0,0.0,0.0,0.0,0.0,0.0,0.0,0.0,0.0,0.0,0.0,0.0,0.0,0.0,0.0,0.0,0.0,0.0,0.0,0.0,0.0,0.0,0.0,0.0,0.0,0.0,0.0,0.0,0.0,0.0,0.0,0.0,0.0,0.0,0.0,0.0,0.0,sorry
0.0,0.0,0.03680686976543868,-0.4598938298275201,-0.13082589445574297,-0.820763518743617,-0.3653263933240918,-1.0,-0.5274443813296681,-0.9894163387477963,-0.5270654474069147,-0.7377247482848641,-0.6103068064871525,-0.890966117175689,-0.48976485985085944,-0.8477514625132565,-0.4094836001322467,-0.7697160914228981,-0.6197723060863901,-0.5020381494485959,-0.6710183977937952,-0.6794096381168775,-0.5674747647175974,-0.6693503527396555,-0.49554108820993087,-0.5907950205384639,-0.6528913761997122,-0.27325477015266253,-0.6925796153661262,-0.45347476275547993,-0.6012499178363339,-0.4514449523058313,-0.5253544810346638,-0.37539622508233533,-0.6543330419588995,-0.06581922816187862,-0.6932278499019432,-0.2445141650160354,-0.6117023624874547,-0.2427737668827939,-0.5416434891548866,-0.18226844316776006,0.0,0.0,0.0,0.0,0.0,0.0,0.0,0.0,0.0,0.0,0.0,0.0,0.0,0.0,0.0,0.0,0.0,0.0,0.0,0.0,0.0,0.0,0.0,0.0,0.0,0.0,0.0,0.0,0.0,0.0,0.0,0.0,0.0,0.0,0.0,0.0,0.0,0.0,0.0,0.0,0.0,0.0,sorry
0.0,0.0,0.042886594069484085,-0.45059396628757586,-0.11519193378536532,-0.8071477656782473,-0.34096666987201285,-0.9880226375621232,-0.4990803783559388,-1.0,-0.48745576035893623,-0.7182918162820642,-0.5673554252048099,-0.8933989412976023,-0.4494883563844633,-0.8517610250228088,-0.3753550311817642,-0.7656393141184555,-0.5831172851812154,-0.4919527829050287,-0.6239551939508081,-0.6857670901632615,-0.5221208759507565,-0.6720513355739485,-0.45780552617321535,-0.586141177519109,-0.6194926484212107,-0.2775296631337497,-0.6490577454845663,-0.46825229670873486,-0.5613395376327189,-0.46539375332750116,-0.493418407912358,-0.38580344347997403,-0.6255505182106663,-0.0861221799794076,-0.6559897366378107,-0.26967922302408,-0.5773821390291554,-0.26764062283785717,-0.5137643038574388,-0.2031334213630852,0.0,0.0,0.0,0.0,0.0,0.0,0.0,0.0,0.0,0.0,0.0,0.0,0.0,0.0,0.0,0.0,0.0,0.0,0.0,0.0,0.0,0.0,0.0,0.0,0.0,0.0,0.0,0.0,0.0,0.0,0.0,0.0,0.0,0.0,0.0,0.0,0.0,0.0,0.0,0.0,0.0,0.0,sorry
0.0,0.0,0.03262942469197742,-0.46220821270871004,-0.13792176647718632,-0.8188073683282759,-0.3774156806037543,-1.0,-0.5326146543299437,-0.9744235442476462,-0.5391397644296752,-0.720461455166382,-0.6145838680527239,-0.876273762122593,-0.48977697237603307,-0.8337617545446709,-0.41396869458087526,-0.7542168172920745,-0.6259485720207696,-0.4774197485067406,-0.6638728082961975,-0.6604918482129799,-0.556545546469496,-0.6517042092141877,-0.48758393681965534,-0.5662167436824014,-0.6502298365187273,-0.24568342222992756,-0.6786516451277661,-0.42744071757808677,-0.5894846644900157,-0.4274784909629598,-0.5181808628409653,-0.34735726745396733,-0.6478791697216295,-0.03892934730496585,-0.6853237324365867,-0.21932534797520128,-0.6034840620529545,-0.21916989596822387,-0.5338066951871865,-0.15667528351830992,0.0,0.0,0.0,0.0,0.0,0.0,0.0,0.0,0.0,0.0,0.0,0.0,0.0,0.0,0.0,0.0,0.0,0.0,0.0,0.0,0.0,0.0,0.0,0.0,0.0,0.0,0.0,0.0,0.0,0.0,0.0,0.0,0.0,0.0,0.0,0.0,0.0,0.0,0.0,0.0,0.0,0.0,sorry
0.0,0.0,0.025442977633731694,-0.46342035984372115,-0.15355855305550964,-0.8285570559024958,-0.3980671155730263,-1.0,-0.5457604219815598,-0.9665576739272599,-0.5397880989510347,-0.6991680620132755,-0.6127765840477748,-0.8553893915330607,-0.48979396779084894,-0.8146438332866222,-0.4134070651249584,-0.7366788115719148,-0.6264157677759972,-0.45411070308700974,-0.6586174929753581,-0.6362890726993549,-0.5537422836733668,-0.6261175348956425,-0.4842446803159113,-0.5429898505002887,-0.6504471097760499,-0.22411446393538048,-0.6726948035615473,-0.4079500022756726,-0.5855442091319147,-0.4055425802294357,-0.5156875285956226,-0.33000558138643554,-0.6460176927554562,-0.021653383925127976,-0.6742168692015263,-0.20334164552686612,-0.5941582287122807,-0.19847362255934115,-0.5298659269533056,-0.13786072404715194,0.0,0.0,0.0,0.0,0.0,0.0,0.0,0.0,0.0,0.0,0.0,0.0,0.0,0.0,0.0,0.0,0.0,0.0,0.0,0.0,0.0,0.0,0.0,0.0,0.0,0.0,0.0,0.0,0.0,0.0,0.0,0.0,0.0,0.0,0.0,0.0,0.0,0.0,0.0,0.0,0.0,0.0,sorry
0.0,0.0,0.0155595243112118,-0.4647207815703775,-0.15583235123584435,-0.8286941033946423,-0.39525270300839105,-1.0,-0.5509920516706798,-0.9622811593739571,-0.5517571431546957,-0.707042862076699,-0.6226764493748725,-0.8741762369705575,-0.4943905400882265,-0.8291281154045684,-0.416851581939869,-0.7474607148894699,-0.6404653713151969,-0.45852981337967963,-0.6654745868045817,-0.6517460506602456,-0.5579384235773149,-0.637714287375046,-0.4910436584112351,-0.5541732725135253,-0.6626573838472937,-0.2258213895262633,-0.6786530999162492,-0.42131183036330583,-0.5878494075203238,-0.4173272513525335,-0.5176888957349116,-0.3409968422719947,-0.6535971409458846,-0.021518954844828596,-0.6738949526243921,-0.2085006289783425,-0.5891122080893832,-0.20736037867547866,-0.5234732198605059,-0.14846165508736187,0.0,0.0,0.0,0.0,0.0,0.0,0.0,0.0,0.0,0.0,0.0,0.0,0.0,0.0,0.0,0.0,0.0,0.0,0.0,0.0,0.0,0.0,0.0,0.0,0.0,0.0,0.0,0.0,0.0,0.0,0.0,0.0,0.0,0.0,0.0,0.0,0.0,0.0,0.0,0.0,0.0,0.0,sorry
0.0,0.0,0.02026003190264823,-0.47904952311578636,-0.16750399756932205,-0.8395747676930179,-0.4123563358308809,-1.0,-0.5717127904689377,-0.9786853109534374,-0.5568402257725875,-0.6992985507472192,-0.6353357373932926,-0.8727954938970117,-0.5078860697612365,-0.8387528557544548,-0.427003459041713,-0.7584007385521495,-0.6445596051706441,-0.455206286262969,-0.671047762432392,-0.6549674059329577,-0.5628582474578185,-0.6458918036682203,-0.4942619542417083,-0.5607406556208454,-0.6682609064013696,-0.22981251838102826,-0.6802083313045223,-0.42961940802863835,-0.5884826181206263,-0.42785677697555885,-0.5208535808677598,-0.35138001351675086,-0.6632157401979211,-0.03251713452672869,-0.6779215366247465,-0.2285518963378175,-0.5910576662764857,-0.22567033540629133,-0.5261181021235322,-0.16280575805795064,0.0,0.0,0.0,0.0,0.0,0.0,0.0,0.0,0.0,0.0,0.0,0.0,0.0,0.0,0.0,0.0,0.0,0.0,0.0,0.0,0.0,0.0,0.0,0.0,0.0,0.0,0.0,0.0,0.0,0.0,0.0,0.0,0.0,0.0,0.0,0.0,0.0,0.0,0.0,0.0,0.0,0.0,sorry
0.0,0.0,0.012538271879143177,-0.47873091763862385,-0.1711504310122285,-0.8326382780162819,-0.41338889879273716,-1.0,-0.5805477542455849,-0.9718772922943839,-0.5665448493332437,-0.7006946656574483,-0.638187176886951,-0.8734385609091538,-0.5034275432838757,-0.8344097679869308,-0.4235814198611448,-0.7513528494345552,-0.6540684846235449,-0.45250633927466816,-0.6745743212373251,-0.6542462668174649,-0.5619334714676626,-0.6435764127352448,-0.492640791320722,-0.5568951727994218,-0.676239141891622,-0.22156970474517723,-0.6854343779133144,-0.4288145483309418,-0.5910997362978636,-0.4261833718609266,-0.5197016766078573,-0.3470425323198287,-0.6697693312564477,-0.02162123722768882,-0.6857297885999238,-0.2222209233568785,-0.5972478342232185,-0.22154778639250217,-0.528983855428494,-0.1581243540174392,0.0,0.0,0.0,0.0,0.0,0.0,0.0,0.0,0.0,0.0,0.0,0.0,0.0,0.0,0.0,0.0,0.0,0.0,0.0,0.0,0.0,0.0,0.0,0.0,0.0,0.0,0.0,0.0,0.0,0.0,0.0,0.0,0.0,0.0,0.0,0.0,0.0,0.0,0.0,0.0,0.0,0.0,sorry
0.0,0.0,0.019334315583224505,-0.48302154437783834,-0.16610111912971762,-0.8459798808789436,-0.405059709694152,-1.0,-0.5602827801842152,-0.9714313485277318,-0.5684544288338782,-0.6895572272837069,-0.6158721253071134,-0.8802495594792087,-0.48039646390039176,-0.8401142900036666,-0.4067395109858331,-0.7532539834531633,-0.6485336985172903,-0.4410404663216923,-0.6540768984256735,-0.6592977073671629,-0.5365812699509485,-0.6442887237263392,-0.47132717293917586,-0.5437609649017285,-0.6638410140976276,-0.21732904376914497,-0.6642591599934944,-0.4266117864212774,-0.5659169232160953,-0.42262183732055575,-0.4992414188667043,-0.3385644074598383,-0.6520585866187539,-0.020248077443122053,-0.6648844541151041,-0.225855563072665,-0.5775347869476889,-0.2264589634793588,-0.5145124053156978,-0.1588684943187013,0.0,0.0,0.0,0.0,0.0,0.0,0.0,0.0,0.0,0.0,0.0,0.0,0.0,0.0,0.0,0.0,0.0,0.0,0.0,0.0,0.0,0.0,0.0,0.0,0.0,0.0,0.0,0.0,0.0,0.0,0.0,0.0,0.0,0.0,0.0,0.0,0.0,0.0,0.0,0.0,0.0,0.0,sorry
0.0,0.0,0.014445641068660316,-0.4757198696784098,-0.1734616442069299,-0.8338002107373237,-0.41122702364321484,-0.9986922260426915,-0.5745545107048838,-1.0,-0.5743125458533092,-0.6877703011662318,-0.6357025199742228,-0.888948800916266,-0.49451287723362897,-0.8464662706330799,-0.4120397152088244,-0.756535839164654,-0.6569881534202628,-0.42831173025234653,-0.6727165961218707,-0.6599855596928259,-0.5528622890262879,-0.6464107981300335,-0.4834363179059324,-0.5463639083481753,-0.6736706358923581,-0.1901402474830079,-0.6797803696194945,-0.41603407485781535,-0.580502287998301,-0.4108597122703334,-0.5109206641377542,-0.32463342809885937,-0.6624423030204875,0.019377553905065407,-0.6775660760429097,-0.19875739653578098,-0.5888881399885467,-0.20017912187609557,-0.5239465194641084,-0.13406549925495193,0.0,0.0,0.0,0.0,0.0,0.0,0.0,0.0,0.0,0.0,0.0,0.0,0.0,0.0,0.0,0.0,0.0,0.0,0.0,0.0,0.0,0.0,0.0,0.0,0.0,0.0,0.0,0.0,0.0,0.0,0.0,0.0,0.0,0.0,0.0,0.0,0.0,0.0,0.0,0.0,0.0,0.0,sorry
0.0,0.0,0.016436643625386594,-0.4862858262023592,-0.1704595946111857,-0.8390912173552092,-0.4177064312259689,-1.0,-0.5813220933201075,-0.9785281513513935,-0.5884890389895876,-0.6924637085222854,-0.646233851778375,-0.8842755443478058,-0.5062059450010427,-0.8354825319554037,-0.4252312247996149,-0.73816300520134,-0.669884943007423,-0.42646067229609247,-0.6873003700766073,-0.6473982581649735,-0.5669095192901701,-0.6323072590750618,-0.495595718102573,-0.5335212623529388,-0.6852490173189616,-0.17907644547167714,-0.6937969294749745,-0.3947313290602705,-0.5940711252550488,-0.3914256816405755,-0.5208409255228136,-0.3070008594196092,-0.6707675045845456,0.04331153278754017,-0.6867661560168142,-0.15477737914046347,-0.5973960170480788,-0.15387557319000578,-0.5296334117399447,-0.08783814069147226,0.0,0.0,0.0,0.0,0.0,0.0,0.0,0.0,0.0,0.0,0.0,0.0,0.0,0.0,0.0,0.0,0.0,0.0,0.0,0.0,0.0,0.0,0.0,0.0,0.0,0.0,0.0,0.0,0.0,0.0,0.0,0.0,0.0,0.0,0.0,0.0,0.0,0.0,0.0,0.0,0.0,0.0,sorry
0.0,0.0,-0.0035821641112385155,-0.4795008018762844,-0.1974510652948137,-0.8351765719041452,-0.43604831702417585,-1.0,-0.58713593707658,-0.9534439212184276,-0.6155743372586535,-0.668864151645751,-0.6397593696085513,-0.8360642774000113,-0.4951070116679509,-0.778376439206398,-0.42551229913312494,-0.6835515549070682,-0.6865632922928261,-0.41291565688760135,-0.6710578594966164,-0.5900898120726019,-0.5470175313397169,-0.5608977542642171,-0.4772750286177736,-0.4625345848325318,-0.6918854266820837,-0.17277998887113372,-0.6735105015415505,-0.34109782312046083,-0.5730785105835132,-0.3262440654886527,-0.5000858292114417,-0.2437212074337741,-0.6724111161365668,0.0389437992252226,-0.6713990065027682,-0.12229119633383899,-0.5805251590492437,-0.11219228057858532,-0.5110517164395728,-0.05241078824969164,0.0,0.0,0.0,0.0,0.0,0.0,0.0,0.0,0.0,0.0,0.0,0.0,0.0,0.0,0.0,0.0,0.0,0.0,0.0,0.0,0.0,0.0,0.0,0.0,0.0,0.0,0.0,0.0,0.0,0.0,0.0,0.0,0.0,0.0,0.0,0.0,0.0,0.0,0.0,0.0,0.0,0.0,sorry
0.0,0.0,0.010269308683587832,-0.47166754620408674,-0.18143462010603628,-0.8398362358068195,-0.43097049861260067,-1.0,-0.5934000174016005,-0.9320826878663557,-0.5917932065664562,-0.6587196204937893,-0.6355232396484121,-0.8459665170507313,-0.49381675736305225,-0.7889980271881094,-0.42296339800297716,-0.6879150612744402,-0.6718152706610906,-0.3991955542693503,-0.6673728973854095,-0.6126044332468927,-0.5454174681806059,-0.5876965009542509,-0.48187018027679895,-0.4863558211191121,-0.6842732561988474,-0.16780249939945563,-0.6722633145887832,-0.3804022985244578,-0.5725764961120663,-0.36884442023352193,-0.5055819889651154,-0.2811890589327901,-0.6698793425977941,0.0335869805764091,-0.6757918673998037,-0.1742670994369069,-0.5824746021748217,-0.16816991906364256,-0.5160796936561709,-0.09781259989369892,0.0,0.0,0.0,0.0,0.0,0.0,0.0,0.0,0.0,0.0,0.0,0.0,0.0,0.0,0.0,0.0,0.0,0.0,0.0,0.0,0.0,0.0,0.0,0.0,0.0,0.0,0.0,0.0,0.0,0.0,0.0,0.0,0.0,0.0,0.0,0.0,0.0,0.0,0.0,0.0,0.0,0.0,sorry
0.0,0.0,0.015982101843991424,-0.47411851909428515,-0.17376532269732853,-0.8362485420054606,-0.42618626088023304,-1.0,-0.5971360328220265,-0.949844519602798,-0.5799360285141824,-0.6697433414542439,-0.6419968449723947,-0.83173186104955,-0.5077969638127043,-0.7838834184991003,-0.43251129989665854,-0.6929972715426156,-0.6594934818103622,-0.4125598942517907,-0.6841903055713068,-0.6060607621419163,-0.5686012476827779,-0.5937506292027819,-0.49748904192141086,-0.5041652638858908,-0.6760009533446429,-0.17845899985905858,-0.6922267761545842,-0.3788987745588089,-0.5972872756116553,-0.37585753022865753,-0.5230720173212795,-0.2951889340848336,-0.6656279455469768,0.02510255712693016,-0.6890450586452112,-0.17110897487824486,-0.5999689086029989,-0.16100333436503078,-0.5313791328965242,-0.09266266442970933,0.0,0.0,0.0,0.0,0.0,0.0,0.0,0.0,0.0,0.0,0.0,0.0,0.0,0.0,0.0,0.0,0.0,0.0,0.0,0.0,0.0,0.0,0.0,0.0,0.0,0.0,0.0,0.0,0.0,0.0,0.0,0.0,0.0,0.0,0.0,0.0,0.0,0.0,0.0,0.0,0.0,0.0,sorry
0.0,0.0,0.008393285934812084,-0.4719546747531255,-0.17764630133267836,-0.8370940783470412,-0.4289888654646246,-1.0,-0.5982324881969416,-0.9378750315241338,-0.583852317241036,-0.6658244576557504,-0.649166565304151,-0.8257073499016823,-0.5153112189284753,-0.7825255093055485,-0.4388286218940216,-0.696227576772126,-0.6597701802593409,-0.4082587829641468,-0.6907464867908596,-0.5959012286076172,-0.5765567990922928,-0.586786116325345,-0.5035579417100569,-0.5018679663611076,-0.6747160244979503,-0.17211167315778128,-0.6978752851261035,-0.3638009487531471,-0.6049505922310445,-0.3633778091701533,-0.5285790634667108,-0.2864603317207692,-0.6648051186270177,0.035482203012133916,-0.6956210453942829,-0.147378436600212,-0.60851064729085,-0.1433546186789122,-0.537090227354166,-0.08158516259408516,0.0,0.0,0.0,0.0,0.0,0.0,0.0,0.0,0.0,0.0,0.0,0.0,0.0,0.0,0.0,0.0,0.0,0.0,0.0,0.0,0.0,0.0,0.0,0.0,0.0,0.0,0.0,0.0,0.0,0.0,0.0,0.0,0.0,0.0,0.0,0.0,0.0,0.0,0.0,0.0,0.0,0.0,sorry
0.0,0.0,0.021335660969058343,-0.48047935498094546,-0.16597699959956266,-0.8329442942179549,-0.41220478995037274,-1.0,-0.5790724251654616,-0.9615553165929532,-0.5600406286416176,-0.674236581974921,-0.6220456498557976,-0.8448039881758505,-0.48974812941774615,-0.8003005529634613,-0.41994627840742926,-0.712708711086715,-0.6428697408855514,-0.42256396873889235,-0.6650134753911013,-0.6223682493689737,-0.5513119946728336,-0.6131928353212722,-0.48567379205154393,-0.5283302663133219,-0.6604500645648956,-0.1934607233967884,-0.6778702133116168,-0.39493514265017526,-0.5841539299099691,-0.394611643277827,-0.5127206342207444,-0.315506823182172,-0.6512602527704414,0.002833656532752624,-0.67778450172548,-0.19420850636875328,-0.5954377139977594,-0.18830588012975968,-0.5315335400009898,-0.1219781604178946,0.0,0.0,0.0,0.0,0.0,0.0,0.0,0.0,0.0,0.0,0.0,0.0,0.0,0.0,0.0,0.0,0.0,0.0,0.0,0.0,0.0,0.0,0.0,0.0,0.0,0.0,0.0,0.0,0.0,0.0,0.0,0.0,0.0,0.0,0.0,0.0,0.0,0.0,0.0,0.0,0.0,0.0,sorry
0.0,0.0,0.013372718521734207,-0.47821995486252483,-0.1754242985580635,-0.8358014238707318,-0.4189237651233461,-1.0,-0.5874185804255074,-0.9628101179128906,-0.5699900503414971,-0.6820099928006536,-0.6365267063394694,-0.8407704109559492,-0.5034805828864076,-0.7982906720378644,-0.4284188581531025,-0.7168643565842562,-0.6484737116001154,-0.4283665033556504,-0.6782076413736821,-0.6139838091103639,-0.5648516404353403,-0.606080706380814,-0.4937731495837232,-0.5269975489865639,-0.6634865059441795,-0.19646845544808966,-0.6865700282491207,-0.38318813303241683,-0.5946075906816549,-0.38307173910503406,-0.5198876326733483,-0.309130137398762,-0.6530881241343482,0.004056260959679166,-0.685122968611389,-0.17840178105178767,-0.6032753430924473,-0.17494187044591908,-0.5368836177569497,-0.1160766528162387,0.0,0.0,0.0,0.0,0.0,0.0,0.0,0.0,0.0,0.0,0.0,0.0,0.0,0.0,0.0,0.0,0.0,0.0,0.0,0.0,0.0,0.0,0.0,0.0,0.0,0.0,0.0,0.0,0.0,0.0,0.0,0.0,0.0,0.0,0.0,0.0,0.0,0.0,0.0,0.0,0.0,0.0,sorry
0.0,0.0,0.01855006196558222,-0.4740965583527733,-0.1755491256258045,-0.8354336045424885,-0.4303277885709087,-1.0,-0.5977288863215602,-0.9577719901638616,-0.5704871012774878,-0.6700440484528628,-0.6466209713121337,-0.8333650380042512,-0.5157625902005143,-0.7960333321289912,-0.4368207890937093,-0.7176789743183459,-0.65138080734167,-0.4129210536281969,-0.6919220126038038,-0.608713140055275,-0.5786808361152912,-0.610076948759883,-0.50257961391111,-0.5304602081712732,-0.6663250252585382,-0.17809435048882508,-0.6973996655991551,-0.37670808007685735,-0.6045020052297472,-0.38840601538452835,-0.5286169116632415,-0.31540328994364114,-0.6520429053434922,0.024739220012858894,-0.6843485865448279,-0.16952320673085086,-0.6033567193370488,-0.1759691943777824,-0.5379998981387689,-0.11752087175801602,0.0,0.0,0.0,0.0,0.0,0.0,0.0,0.0,0.0,0.0,0.0,0.0,0.0,0.0,0.0,0.0,0.0,0.0,0.0,0.0,0.0,0.0,0.0,0.0,0.0,0.0,0.0,0.0,0.0,0.0,0.0,0.0,0.0,0.0,0.0,0.0,0.0,0.0,0.0,0.0,0.0,0.0,sorry
0.0,0.0,0.017962384457555998,-0.48293844433828476,-0.17716459446863606,-0.8422595003880943,-0.43646280673408083,-1.0,-0.6033789625420296,-0.939249289883455,-0.5803063234763237,-0.6599290008512227,-0.642632337627798,-0.8503540369719147,-0.503133933774702,-0.8044659598432949,-0.4277244339285223,-0.71307706609107,-0.6576917272985724,-0.3922940578648065,-0.6817683673614012,-0.6054128096937682,-0.5654476506334981,-0.5975846449750761,-0.49612447694820383,-0.5083971750409145,-0.6675224748655844,-0.1528732728556648,-0.6822275357642789,-0.354178286566104,-0.591537920265188,-0.3591126273603507,-0.5208860136845941,-0.2809868848331445,-0.6504459123382281,0.05508019919112994,-0.6762777303949891,-0.133257215175943,-0.5963330306948762,-0.13780012689138615,-0.5332168633816637,-0.07713904111130843,0.0,0.0,0.0,0.0,0.0,0.0,0.0,0.0,0.0,0.0,0.0,0.0,0.0,0.0,0.0,0.0,0.0,0.0,0.0,0.0,0.0,0.0,0.0,0.0,0.0,0.0,0.0,0.0,0.0,0.0,0.0,0.0,0.0,0.0,0.0,0.0,0.0,0.0,0.0,0.0,0.0,0.0,sorry
0.0,0.0,0.013746452444041756,-0.4723296670225957,-0.18247151293454794,-0.8323405138735891,-0.43403678273387314,-1.0,-0.5931404932742282,-0.9413851621837576,-0.5827024108494259,-0.6478096683422423,-0.6338523943136107,-0.856681153274534,-0.4900105169393534,-0.810163209702299,-0.42008715299933935,-0.7152641264543269,-0.6617202719437508,-0.392091937522782,-0.667447055216748,-0.6254641897008023,-0.5472825741476411,-0.612256861156284,-0.48497513995093167,-0.5187619140346825,-0.6729330432256668,-0.16366111798203511,-0.6704733910169084,-0.3855902642270371,-0.5704610796800984,-0.38516500007644294,-0.5006779281870872,-0.30561767103303383,-0.6571302756693385,0.03360270752850316,-0.6665369818878509,-0.1708729059663313,-0.5776270018998082,-0.17197046566625657,-0.5119580899564437,-0.1099921384470174,0.0,0.0,0.0,0.0,0.0,0.0,0.0,0.0,0.0,0.0,0.0,0.0,0.0,0.0,0.0,0.0,0.0,0.0,0.0,0.0,0.0,0.0,0.0,0.0,0.0,0.0,0.0,0.0,0.0,0.0,0.0,0.0,0.0,0.0,0.0,0.0,0.0,0.0,0.0,0.0,0.0,0.0,sorry
0.0,0.0,0.01227098990420282,-0.4735215140470277,-0.17713890591233106,-0.8294116698384028,-0.43026057962132697,-1.0,-0.5991843531271167,-0.9614549398445311,-0.5831532432345257,-0.6561998032448473,-0.6507799648421121,-0.8526324065413025,-0.5087644744057027,-0.809343853820598,-0.4337342353965745,-0.7170705254330226,-0.6621645485920717,-0.40270054510853787,-0.6859193061961746,-0.6232380737347999,-0.5656904170564139,-0.6135414314743735,-0.4978044463439022,-0.5268191787891494,-0.6750326581298584,-0.17407146082637165,-0.6862408476599039,-0.38234969196529367,-0.5854616891913685,-0.38381084088636586,-0.5095051285359481,-0.308706818694965,-0.6595031126020062,0.025574944360223204,-0.6720744766635487,-0.16388252749733898,-0.58264220398026,-0.1612174628261781,-0.5141699996774506,-0.10241912073025192,0.0,0.0,0.0,0.0,0.0,0.0,0.0,0.0,0.0,0.0,0.0,0.0,0.0,0.0,0.0,0.0,0.0,0.0,0.0,0.0,0.0,0.0,0.0,0.0,0.0,0.0,0.0,0.0,0.0,0.0,0.0,0.0,0.0,0.0,0.0,0.0,0.0,0.0,0.0,0.0,0.0,0.0,sorry
0.0,0.0,0.0024882098188773473,-0.4725426409199686,-0.18139267207296814,-0.8276928805925277,-0.4200951758391361,-1.0,-0.5797968163488362,-0.9892761945140092,-0.5857713007122873,-0.6707180343223034,-0.6582108908951833,-0.8641386659100746,-0.5179478354509044,-0.8261779501245717,-0.44067489567976814,-0.7363259288873342,-0.6649817313652268,-0.4151606696806757,-0.6931264312042629,-0.6349577761997532,-0.5741419222650044,-0.6256034130468601,-0.5064145758960417,-0.5313432222276853,-0.6796941686259875,-0.18471673339238834,-0.6963249535929121,-0.39820827936301184,-0.6009869012316921,-0.4021944930524378,-0.5281481254599399,-0.3197736510912416,-0.6674092875433946,0.01706845841417127,-0.6981556457053595,-0.1798446944386455,-0.6127182422776429,-0.1854288595261681,-0.5432782869638602,-0.12114486668692485,0.0,0.0,0.0,0.0,0.0,0.0,0.0,0.0,0.0,0.0,0.0,0.0,0.0,0.0,0.0,0.0,0.0,0.0,0.0,0.0,0.0,0.0,0.0,0.0,0.0,0.0,0.0,0.0,0.0,0.0,0.0,0.0,0.0,0.0,0.0,0.0,0.0,0.0,0.0,0.0,0.0,0.0,sorry
0.0,0.0,-0.0009204327411187488,-0.47388906640810075,-0.18668925970291153,-0.8233052468207883,-0.42626267316649324,-1.0,-0.5879286761036929,-0.9604028969036627,-0.5893315588407978,-0.6577052694872808,-0.6454826782349729,-0.8498923341607653,-0.5075889463071719,-0.8128459984983448,-0.4375577483987855,-0.7222488938279455,-0.662533704602085,-0.4076131868616195,-0.683943111826085,-0.6250655203297975,-0.5676510194412395,-0.6199344717998927,-0.5043536586709565,-0.5288875789195324,-0.6743025724894892,-0.17870955250992052,-0.6874707814745498,-0.3850348418618635,-0.5914366699774437,-0.3916805315292484,-0.5199657956332373,-0.31384906949326224,-0.6614879371760384,0.020840580577019638,-0.684399983314943,-0.16695209657185042,-0.5997548004955147,-0.1724558042748375,-0.5323499249959468,-0.11320456981673196,0.0,0.0,0.0,0.0,0.0,0.0,0.0,0.0,0.0,0.0,0.0,0.0,0.0,0.0,0.0,0.0,0.0,0.0,0.0,0.0,0.0,0.0,0.0,0.0,0.0,0.0,0.0,0.0,0.0,0.0,0.0,0.0,0.0,0.0,0.0,0.0,0.0,0.0,0.0,0.0,0.0,0.0,sorry
0.0,0.0,0.00258974714796137,-0.4808576778969103,-0.1974993862074329,-0.838227534810807,-0.4442237925823359,-1.0,-0.5966889131525454,-0.9177739077923445,-0.6012081038918261,-0.6424608735831304,-0.6312347600261682,-0.8348627315827919,-0.4917469680172136,-0.7874752767403879,-0.4290398606805244,-0.6927358221541755,-0.669976126900279,-0.38315448205819513,-0.6708952908004313,-0.6000032023960022,-0.5494613874914412,-0.59250845203802,-0.48234469523102236,-0.49262419577924205,-0.6719766713075993,-0.15614120431438988,-0.6766544568965123,-0.36757101313134855,-0.5807659521257047,-0.37409284508485585,-0.5082949681209102,-0.2842542000948519,-0.6496754142909209,0.03727131461405791,-0.6787207647931633,-0.1598144287764255,-0.5965219310752883,-0.16614449820742072,-0.5268599058495576,-0.09892506240859827,0.0,0.0,0.0,0.0,0.0,0.0,0.0,0.0,0.0,0.0,0.0,0.0,0.0,0.0,0.0,0.0,0.0,0.0,0.0,0.0,0.0,0.0,0.0,0.0,0.0,0.0,0.0,0.0,0.0,0.0,0.0,0.0,0.0,0.0,0.0,0.0,0.0,0.0,0.0,0.0,0.0,0.0,sorry
0.0,0.0,-0.002777156917066574,-0.46628964247814203,-0.1905479747940986,-0.8239632617413108,-0.41813378661382566,-1.0,-0.5506202868063447,-0.9587648732661551,-0.6028849675535062,-0.629372575904135,-0.6116636458401811,-0.8477078970352075,-0.4720268963120874,-0.8007005813134491,-0.41454974033413783,-0.7020068931190895,-0.6735202802325254,-0.37100682738089646,-0.6529265704384738,-0.6084914962951833,-0.5300027234394222,-0.5927586563113361,-0.465850323525821,-0.4880054093141628,-0.6737984467004122,-0.1429741836725111,-0.6563064526731966,-0.3662947137101697,-0.5567221058760553,-0.36541156804372527,-0.48246743611656323,-0.27473455856803436,-0.6503276579360086,0.05258454401172018,-0.6590627611919273,-0.1415238113126039,-0.5727351783852822,-0.14763520937614455,-0.5019139205319159,-0.08310659917545524,0.0,0.0,0.0,0.0,0.0,0.0,0.0,0.0,0.0,0.0,0.0,0.0,0.0,0.0,0.0,0.0,0.0,0.0,0.0,0.0,0.0,0.0,0.0,0.0,0.0,0.0,0.0,0.0,0.0,0.0,0.0,0.0,0.0,0.0,0.0,0.0,0.0,0.0,0.0,0.0,0.0,0.0,sorry
0.0,0.0,-0.007948006990972185,-0.4669211000080723,-0.19536557115153927,-0.8241518940766341,-0.4207435135454779,-1.0,-0.5734949416824514,-0.988357515764417,-0.6100807791442254,-0.6401703063900565,-0.6184241402549715,-0.8622406779215562,-0.4743992250608706,-0.8106542866636505,-0.42069996076495203,-0.7086878410774057,-0.6786405525195847,-0.3833065195884262,-0.658818968737739,-0.6277709048653337,-0.5341245421795539,-0.6071306414461025,-0.4711337051589395,-0.4962865622776602,-0.6766983237811323,-0.15847092194853638,-0.6628072395233974,-0.38974632382618685,-0.56145672787209,-0.38513348364048683,-0.488823267697541,-0.2899530118061826,-0.6482412748950134,0.03451182401673027,-0.6666374437521472,-0.1692479823986694,-0.582424763510279,-0.17590667690407313,-0.5142779906399068,-0.10918306622838553,0.0,0.0,0.0,0.0,0.0,0.0,0.0,0.0,0.0,0.0,0.0,0.0,0.0,0.0,0.0,0.0,0.0,0.0,0.0,0.0,0.0,0.0,0.0,0.0,0.0,0.0,0.0,0.0,0.0,0.0,0.0,0.0,0.0,0.0,0.0,0.0,0.0,0.0,0.0,0.0,0.0,0.0,sorry
0.0,0.0,-0.008664817602610127,-0.4720584834901515,-0.1897387438131868,-0.8290942396820239,-0.4193342994636815,-1.0,-0.5734969234107474,-0.9584706358959023,-0.6004545084896175,-0.6324083890694606,-0.620850427057346,-0.8388424873996441,-0.481808417626145,-0.7902620206964758,-0.4259364400157849,-0.6881445163108512,-0.6690091017873412,-0.38049908240102503,-0.6573840577999286,-0.611087563713823,-0.5341518458598616,-0.5914891336569008,-0.47122239473657584,-0.4869622995551228,-0.6710742147754983,-0.1591626670444244,-0.6623685483722878,-0.37742642812466154,-0.5612505279426407,-0.37096032532134704,-0.48890449138183995,-0.2818289919303007,-0.6479935181572919,0.033083031370754586,-0.6631401784680351,-0.16515807174173663,-0.575683083762152,-0.16362493006048245,-0.5075647106836852,-0.09519119674618691,0.0,0.0,0.0,0.0,0.0,0.0,0.0,0.0,0.0,0.0,0.0,0.0,0.0,0.0,0.0,0.0,0.0,0.0,0.0,0.0,0.0,0.0,0.0,0.0,0.0,0.0,0.0,0.0,0.0,0.0,0.0,0.0,0.0,0.0,0.0,0.0,0.0,0.0,0.0,0.0,0.0,0.0,sorry
0.0,0.0,-0.008403185176672037,-0.4736443513876842,-0.1879409220181271,-0.827782060002643,-0.4197792867680999,-1.0,-0.5825201993524377,-0.9659511337205928,-0.6077484727181929,-0.6298424444894505,-0.6184039750693402,-0.8317461232554509,-0.4791442130628781,-0.7862805002453909,-0.4202702555995341,-0.6886714791470208,-0.6775261310345835,-0.37270392988448475,-0.6581088097740045,-0.6007077588049635,-0.533449521179044,-0.5816223047720374,-0.4664600716743366,-0.4755370989376131,-0.6778600572241674,-0.14556449061843355,-0.6631107770185408,-0.36076457117999855,-0.5619157929492907,-0.3549568011068979,-0.48690219444162636,-0.2651991633876138,-0.651669687101427,0.05348060027350501,-0.6626652925279523,-0.13795456732038083,-0.5757776605625309,-0.13904956071111305,-0.5066377189097684,-0.0735434996887224,0.0,0.0,0.0,0.0,0.0,0.0,0.0,0.0,0.0,0.0,0.0,0.0,0.0,0.0,0.0,0.0,0.0,0.0,0.0,0.0,0.0,0.0,0.0,0.0,0.0,0.0,0.0,0.0,0.0,0.0,0.0,0.0,0.0,0.0,0.0,0.0,0.0,0.0,0.0,0.0,0.0,0.0,sorry
0.0,0.0,0.008739667874882439,-0.48101911587270557,-0.166724552701776,-0.837560669472395,-0.3807974578865791,-1.0,-0.5248857918579005,-0.9601466178177118,-0.5489410758004326,-0.6753334891939958,-0.5529953451113381,-0.8556746821382617,-0.4186547474649287,-0.7970076881405528,-0.36056761898950496,-0.7002661102038948,-0.6271748504748724,-0.436782596016613,-0.5941209192562538,-0.6382721178164702,-0.47398924419522503,-0.6104137391055703,-0.4138148481759868,-0.5100989549649012,-0.6367808576617282,-0.22163705491463082,-0.6083042986678171,-0.4243061746720274,-0.5086190473318558,-0.4111713070690379,-0.44185220648675994,-0.32332691324580304,-0.6202618742942367,-0.033608785716541016,-0.6131395859948197,-0.22755100918596388,-0.522314090927313,-0.22025240203394617,-0.4571153171415627,-0.14946588159248916,0.0,0.0,0.0,0.0,0.0,0.0,0.0,0.0,0.0,0.0,0.0,0.0,0.0,0.0,0.0,0.0,0.0,0.0,0.0,0.0,0.0,0.0,0.0,0.0,0.0,0.0,0.0,0.0,0.0,0.0,0.0,0.0,0.0,0.0,0.0,0.0,0.0,0.0,0.0,0.0,0.0,0.0,sorry
0.0,0.0,0.008151352818326714,-0.4598673968503137,-0.16647078604237472,-0.8248901369224101,-0.39800168395544894,-1.0,-0.5599274215943002,-0.9448198720090049,-0.5783055967605176,-0.6704352368604575,-0.591057425401923,-0.8451116908848033,-0.45479365613718714,-0.7850721168194968,-0.39455313450399504,-0.6849601867996727,-0.6608993108091624,-0.4185077900550233,-0.6268272047414728,-0.6097980106190779,-0.5030462835637124,-0.5757744730594935,-0.4419658233418767,-0.4738736647831231,-0.6749048372380313,-0.18077198716753282,-0.6342526252020135,-0.3607702149731149,-0.5331070386890804,-0.3425607319533698,-0.4636377590119608,-0.2582361623315257,-0.6612346559662705,0.03411659630412191,-0.6353728522801803,-0.13424446865866757,-0.5415143957428776,-0.12740594856706217,-0.4762639027354451,-0.06742087504138519,0.0,0.0,0.0,0.0,0.0,0.0,0.0,0.0,0.0,0.0,0.0,0.0,0.0,0.0,0.0,0.0,0.0,0.0,0.0,0.0,0.0,0.0,0.0,0.0,0.0,0.0,0.0,0.0,0.0,0.0,0.0,0.0,0.0,0.0,0.0,0.0,0.0,0.0,0.0,0.0,0.0,0.0,sorry
0.0,0.0,0.0196720192452157,-0.4508027108534417,-0.1425990048756939,-0.8201717981025715,-0.35968015419817406,-1.0,-0.5016822322704999,-0.9508838140825465,-0.5452716113716227,-0.6794645568333078,-0.54383638329562,-0.8573022990038554,-0.41382984225861763,-0.7874310754499294,-0.36350572842135115,-0.6820091926375861,-0.6293624652848272,-0.44015865973131435,-0.5851268992845675,-0.6300640697917037,-0.4698457842330397,-0.5897499592724565,-0.41726766915652996,-0.48739170255909714,-0.6448496634655815,-0.21656743689517838,-0.6029170069425068,-0.3984223398756605,-0.5063462836952249,-0.37273460736361025,-0.4427462221904768,-0.2854179208932122,-0.6332540128505516,-0.013478265917960126,-0.6114092715241108,-0.18557368835318927,-0.5193875421921517,-0.17248704019659,-0.4552139524295255,-0.10997808981311775,0.0,0.0,0.0,0.0,0.0,0.0,0.0,0.0,0.0,0.0,0.0,0.0,0.0,0.0,0.0,0.0,0.0,0.0,0.0,0.0,0.0,0.0,0.0,0.0,0.0,0.0,0.0,0.0,0.0,0.0,0.0,0.0,0.0,0.0,0.0,0.0,0.0,0.0,0.0,0.0,0.0,0.0,sorry
