0,1,2,3,4,5,6,7,8,9,10,11,12,13,14,15,16,17,18,19,20,21,22,23,24,25,26,27,28,29,30,31,32,33,34,35,36,37,38,39,40,41,42,43,44,45,46,47,48,49,50,51,52,53,54,55,56,57,58,59,60,61,62,63,64,65,66,67,68,69,70,71,72,73,74,75,76,77,78,79,80,81,82,83,84
0.0,0.0,0.13429578598908473,-0.15325103848464322,0.2174074822019709,-0.34728501131149425,0.2413382584133233,-0.5260140850470992,0.23558194762202994,-0.6590853155076113,0.04217743069313258,-0.45588864888354913,-0.023977198072572502,-0.7171617224146526,-0.0657844808854919,-0.8575702654686281,-0.10205508761615051,-0.9654992522910569,-0.059587878168177,-0.4154413016526285,-0.12125666227840336,-0.7005130433671187,-0.1625151650711282,-0.8717430437505592,-0.19404215289050217,-1.0,-0.1422099975715436,-0.3677619601477524,-0.18534858574368282,-0.6355019874998402,-0.21710993238666138,-0.796728792545917,-0.24286731681130894,-0.9228185431817891,-0.20803231125142194,-0.3147019772747607,-0.2348439013791076,-0.5350121550633316,-0.2547985531512417,-0.6583709914492772,-0.27419409757282176,-0.7580636766829842,0.0,0.0,0.0,0.0,0.0,0.0,0.0,0.0,0.0,0.0,0.0,0.0,0.0,0.0,0.0,0.0,0.0,0.0,0.0,0.0,0.0,0.0,0.0,0.0,0.0,0.0,0.0,0.0,0.0,0.0,0.0,0.0,0.0,0.0,0.0,0.0,0.0,0.0,0.0,0.0,0.0,0.0,thank you
0.0,0.0,0.12299689987603697,-0.17197033181134416,0.20018968369509987,-0.3656305818015012,0.24220595008537163,-0.5416142776701848,0.26008984698336063,-0.6843499769010828,0.006552497676712541,-0.4863112997852721,-0.07932538581481867,-0.7367357118112463,-0.13512412260807394,-0.8731483882360698,-0.1827394593572048,-0.97885336648954,-0.09722652244928198,-0.4378273365841885,-0.17631066843816606,-0.712382254347151,-0.22996771742860478,-0.8771626841710564,-0.27058418710798526,-1.0,-0.1801419669001719,-0.38162067035084496,-0.23967951329894238,-0.6436644317910991,-0.27867288508620686,-0.79266001911747,-0.31001472599652086,-0.9074899432929154,-0.2436337031256807,-0.3268421066119282,-0.283535888588436,-0.5436457709412127,-0.3115503438745003,-0.6611760435690075,-0.3378209066284224,-0.7573602608698285,0.0,0.0,0.0,0.0,0.0,0.0,0.0,0.0,0.0,0.0,0.0,0.0,0.0,0.0,0.0,0.0,0.0,0.0,0.0,0.0,0.0,0.0,0.0,0.0,0.0,0.0,0.0,0.0,0.0,0.0,0.0,0.0,0.0,0.0,0.0,0.0,0.0,0.0,0.0,0.0,0.0,0.0,thank you
0.0,0.0,0.12926741728432375,-0.16579002679775337,0.20951362089607842,-0.35481641016272575,0.236830495542037,-0.529760761843366,0.233903474047642,-0.6680129706195524,0.009523520307063469,-0.48037059186282766,-0.08125216549615298,-0.7324127040528046,-0.13958480339984988,-0.8699114576595736,-0.18831668646150337,-0.9757741805666911,-0.0954408430089714,-0.4351266969180551,-0.1775865857720596,-0.7131875218641882,-0.2324338658371566,-0.8775887617295467,-0.27351379114681806,-1.0,-0.17852308439821743,-0.3816825507577951,-0.24158245193106662,-0.6439970952163129,-0.2802715738413564,-0.7951292985023913,-0.3108527433922029,-0.9099825516903484,-0.2423249077549451,-0.32770876219821443,-0.2820954327130579,-0.5456949876699728,-0.3086131809939917,-0.6646794515726314,-0.3341946697649751,-0.7613648944409547,0.0,0.0,0.0,0.0,0.0,0.0,0.0,0.0,0.0,0.0,0.0,0.0,0.0,0.0,0.0,0.0,0.0,0.0,0.0,0.0,0.0,0.0,0.0,0.0,0.0,0.0,0.0,0.0,0.0,0.0,0.0,0.0,0.0,0.0,0.0,0.0,0.0,0.0,0.0,0.0,0.0,0.0,thank you
0.0,0.0,0.12587586988788618,-0.17178310766591667,0.20300323620124885,-0.35661043256162633,0.22906256236390946,-0.528432515743765,0.2277605827777061,-0.6706438138578681,0.0031545500091641797,-0.49037637767965925,-0.09032082523501866,-0.7429214418868886,-0.1484456539462587,-0.8784030497601403,-0.1958819406945585,-0.9841110634469601,-0.1010884282925739,-0.4395939935275975,-0.18794265270816934,-0.7162925304903244,-0.243221898714474,-0.8791897138185719,-0.2826643810897702,-1.0,-0.18313448008511463,-0.38097728393441554,-0.25057063362595394,-0.6449202198317787,-0.2913306364578459,-0.7947006618684024,-0.3218748604713521,-0.9081065866895652,-0.24510875772449095,-0.3248369997042301,-0.28695797822650054,-0.5465724116988712,-0.3134196402559853,-0.6660464297070398,-0.3373802088742317,-0.7632797354203817,0.0,0.0,0.0,0.0,0.0,0.0,0.0,0.0,0.0,0.0,0.0,0.0,0.0,0.0,0.0,0.0,0.0,0.0,0.0,0.0,0.0,0.0,0.0,0.0,0.0,0.0,0.0,0.0,0.0,0.0,0.0,0.0,0.0,0.0,0.0,0.0,0.0,0.0,0.0,0.0,0.0,0.0,thank you
0.0,0.0,0.1276957267605836,-0.16827131675691304,0.203119767478987,-0.35667858098423433,0.22813042898226019,-0.5305129377311282,0.22856629450203045,-0.6745047382121395,0.0013407629304914538,-0.4906967091286972,-0.08979993005360824,-0.7433581247832739,-0.147547284973629,-0.8807322441728047,-0.19596115277395856,-0.9879125902762635,-0.10403919374036721,-0.4389965242138023,-0.18868249560607459,-0.7137836220993966,-0.2440978091136733,-0.8785298981223131,-0.2848914556250042,-1.0,-0.1859934206829946,-0.3795054597044678,-0.2519018067504456,-0.640064679374007,-0.29180157005641005,-0.791054831684379,-0.32209026351671943,-0.9060758069390483,-0.24659729119851137,-0.3216269243611204,-0.28872860676242507,-0.5383018372437063,-0.31584879797893045,-0.6577982925259087,-0.3399201581491383,-0.7556962623727271,0.0,0.0,0.0,0.0,0.0,0.0,0.0,0.0,0.0,0.0,0.0,0.0,0.0,0.0,0.0,0.0,0.0,0.0,0.0,0.0,0.0,0.0,0.0,0.0,0.0,0.0,0.0,0.0,0.0,0.0,0.0,0.0,0.0,0.0,0.0,0.0,0.0,0.0,0.0,0.0,0.0,0.0,thank you
0.0,0.0,0.12882328576113355,-0.18955202859632994,0.1986409155565303,-0.39526744875564074,0.21191006167356924,-0.5799129283745712,0.19480392253670817,-0.7289122595123179,-0.018134898134929318,-0.5148534713535183,-0.12592384325028597,-0.7562108823420884,-0.19162786624625877,-0.890156395274205,-0.24538786474950408,-0.9953104284824102,-0.12140109751616678,-0.45428401855767936,-0.2243834072269345,-0.7205792856426405,-0.2853504354880538,-0.8805685900830647,-0.3281695729519796,-1.0,-0.20190324312441305,-0.3872587717360743,-0.2806924361397657,-0.6484843020055994,-0.3236600797333698,-0.79599493390113,-0.355649053640466,-0.9074756140721966,-0.26140690783473125,-0.32624782827650256,-0.31106772139366573,-0.5492790891416164,-0.3382707182291729,-0.6686522919316087,-0.3634181459678832,-0.7627277418804955,0.0,0.0,0.0,0.0,0.0,0.0,0.0,0.0,0.0,0.0,0.0,0.0,0.0,0.0,0.0,0.0,0.0,0.0,0.0,0.0,0.0,0.0,0.0,0.0,0.0,0.0,0.0,0.0,0.0,0.0,0.0,0.0,0.0,0.0,0.0,0.0,0.0,0.0,0.0,0.0,0.0,0.0,thank you
0.0,0.0,0.11937073440670373,-0.1978096067795401,0.1775016496089515,-0.4074724424140746,0.1937398172081563,-0.5949308362020159,0.17866722243649172,-0.7385864228732288,-0.037547202505435924,-0.5174786682072776,-0.15198281798192204,-0.7627701292883511,-0.223569591405371,-0.8958849875870087,-0.2819791900400085,-0.99807184070274,-0.1433319199531748,-0.44823794614302925,-0.2480810902244932,-0.7200573017854106,-0.3149255872647793,-0.881026129965496,-0.36369691805935184,-1.0,-0.22411764220507535,-0.3794997592462611,-0.30123616198348074,-0.6475173618181339,-0.34514224433589896,-0.7937471103562437,-0.3793460441725218,-0.9012957581826326,-0.2801557699315216,-0.32278515210871794,-0.3247866421467834,-0.5521213877955821,-0.3513021596502057,-0.6713664884104158,-0.3762851844487724,-0.7637227634856031,0.0,0.0,0.0,0.0,0.0,0.0,0.0,0.0,0.0,0.0,0.0,0.0,0.0,0.0,0.0,0.0,0.0,0.0,0.0,0.0,0.0,0.0,0.0,0.0,0.0,0.0,0.0,0.0,0.0,0.0,0.0,0.0,0.0,0.0,0.0,0.0,0.0,0.0,0.0,0.0,0.0,0.0,thank you
0.0,0.0,0.120820214430178,-0.19057986488533235,0.18178692171794614,-0.39249670990485885,0.20524707958899366,-0.5793698323830992,0.19977125877782398,-0.7224436134690795,-0.03918651828993191,-0.5144900660266836,-0.14967082992817182,-0.7584326248991832,-0.2171725037423327,-0.8892082203408426,-0.2735847238969284,-0.9919785366448897,-0.1456598306544279,-0.4470745581853125,-0.24982619627538216,-0.717376679634378,-0.31390130089211216,-0.8778233404888555,-0.3623032967315266,-1.0,-0.22496704552935076,-0.377255768972436,-0.3050799925287144,-0.6429316875097338,-0.34908056625494316,-0.7930630504788099,-0.3842974288822989,-0.9068208662944939,-0.2787034375941604,-0.3173193070115018,-0.32885109717113364,-0.5421806520462813,-0.35692835968353004,-0.662896503962832,-0.38244312109209216,-0.7579632611840489,0.0,0.0,0.0,0.0,0.0,0.0,0.0,0.0,0.0,0.0,0.0,0.0,0.0,0.0,0.0,0.0,0.0,0.0,0.0,0.0,0.0,0.0,0.0,0.0,0.0,0.0,0.0,0.0,0.0,0.0,0.0,0.0,0.0,0.0,0.0,0.0,0.0,0.0,0.0,0.0,0.0,0.0,thank you
0.0,0.0,0.11491466170143586,-0.20385877284537074,0.17560034700818322,-0.4241156370906706,0.2088940256721081,-0.6156991744101563,0.21976817849061353,-0.7652805152592471,-0.04441258733365068,-0.5159745178598812,-0.16438287523976575,-0.7578158747709027,-0.23590705995362027,-0.8898122372969923,-0.2960032938796445,-0.9959388148916177,-0.14789860995746093,-0.44893426584670243,-0.26335936078251393,-0.7155323054321758,-0.3326117761978927,-0.8760290964874919,-0.3842553984633517,-1.0,-0.2247959977875613,-0.378086394685742,-0.3161276485735469,-0.6345685014912487,-0.374439147060273,-0.7909421613566027,-0.4185140594203334,-0.9109691643418532,-0.27710850007612486,-0.31439591144848933,-0.3367819864098556,-0.5277379410939568,-0.3733911570178991,-0.6493700358819237,-0.4051360459843659,-0.7464976373764486,0.0,0.0,0.0,0.0,0.0,0.0,0.0,0.0,0.0,0.0,0.0,0.0,0.0,0.0,0.0,0.0,0.0,0.0,0.0,0.0,0.0,0.0,0.0,0.0,0.0,0.0,0.0,0.0,0.0,0.0,0.0,0.0,0.0,0.0,0.0,0.0,0.0,0.0,0.0,0.0,0.0,0.0,thank you
0.0,0.0,0.1159543249074665,-0.2022267585900258,0.1878181038127513,-0.4229287399253834,0.23230762207147415,-0.6220453864260395,0.25741281662219934,-0.7872851199794928,-0.039049941288411,-0.5140086900524335,-0.15876090049200908,-0.7606172132000553,-0.22865335379141322,-0.8936777217237983,-0.28773470811932644,-0.999953779333464,-0.14732312867975345,-0.4457024846585668,-0.2571448501812389,-0.7158824134900829,-0.3247758935688338,-0.8758921226656791,-0.37771968214926666,-1.0,-0.2287670623023393,-0.37766424570566054,-0.3135724860565293,-0.6402265549922431,-0.3641547672080534,-0.793205902294048,-0.4031325418729465,-0.9108723767999476,-0.2856839850494575,-0.3227691226665298,-0.33918086203528025,-0.5512395787283986,-0.3673672453134938,-0.6753528437477758,-0.3947443415837696,-0.7730355436925662,0.0,0.0,0.0,0.0,0.0,0.0,0.0,0.0,0.0,0.0,0.0,0.0,0.0,0.0,0.0,0.0,0.0,0.0,0.0,0.0,0.0,0.0,0.0,0.0,0.0,0.0,0.0,0.0,0.0,0.0,0.0,0.0,0.0,0.0,0.0,0.0,0.0,0.0,0.0,0.0,0.0,0.0,thank you
0.0,0.0,0.11905268653120231,-0.20677054051883384,0.1875182142570304,-0.43333868765561,0.2193051045813876,-0.6281928014961506,0.240553828149202,-0.785761327260002,-0.03369580182888351,-0.5246357148593916,-0.15045808139334763,-0.7646703649735535,-0.22383859013045423,-0.8954553277418911,-0.2859041729293115,-0.9971783677730991,-0.13815470931766813,-0.4526939890083413,-0.24932248700620718,-0.7188989409915439,-0.3193669183198137,-0.8781385889830995,-0.37314300629897773,-1.0,-0.21887169131567172,-0.3812935277717223,-0.3066655575570522,-0.6441952453618184,-0.3620644354440837,-0.7981573482336474,-0.4052092775106991,-0.9121613869224503,-0.27849197425335886,-0.3188206340282479,-0.33346833874502335,-0.540276741971385,-0.367362346111041,-0.6612340374267127,-0.4001742545062359,-0.7553460995674472,0.0,0.0,0.0,0.0,0.0,0.0,0.0,0.0,0.0,0.0,0.0,0.0,0.0,0.0,0.0,0.0,0.0,0.0,0.0,0.0,0.0,0.0,0.0,0.0,0.0,0.0,0.0,0.0,0.0,0.0,0.0,0.0,0.0,0.0,0.0,0.0,0.0,0.0,0.0,0.0,0.0,0.0,thank you
0.0,0.0,0.1186063795270831,-0.20295278949417905,0.18762852473614242,-0.4325467147090552,0.2167254282923483,-0.6261666748800958,0.23937626174650928,-0.7812913846445717,-0.03226253955620706,-0.5252525914318457,-0.15214480171120387,-0.7595939736408746,-0.22799643698595445,-0.889518363565874,-0.2912573126818289,-0.9928218427459706,-0.1374626087199271,-0.45252186932329796,-0.2523493018537757,-0.7161683868815679,-0.325009094117637,-0.8762271361633677,-0.38021017453014677,-1.0,-0.21992239876188965,-0.38072092638365185,-0.30839142791462554,-0.6423398189038576,-0.3676667015143949,-0.7974753533032656,-0.41469290368268324,-0.9117419087990324,-0.28088731241691023,-0.3163923998528989,-0.3324226871814388,-0.5409377723072225,-0.36558922618388034,-0.6608445323202234,-0.39868839607681045,-0.7532558650293362,0.0,0.0,0.0,0.0,0.0,0.0,0.0,0.0,0.0,0.0,0.0,0.0,0.0,0.0,0.0,0.0,0.0,0.0,0.0,0.0,0.0,0.0,0.0,0.0,0.0,0.0,0.0,0.0,0.0,0.0,0.0,0.0,0.0,0.0,0.0,0.0,0.0,0.0,0.0,0.0,0.0,0.0,thank you
0.0,0.0,0.12027187874859478,-0.21095707186808077,0.18763135481933405,-0.4336006280101089,0.2167991544590631,-0.628549877580932,0.2282560486267207,-0.797005240568108,-0.038294006364747946,-0.5237686636174472,-0.15107608766863423,-0.7612091861552528,-0.21968729363704936,-0.893316550837685,-0.2787473192746112,-0.9987990002394462,-0.1409051300053977,-0.4535700391868568,-0.24584433211020557,-0.7170800544754706,-0.31150478341710086,-0.8771139248138784,-0.36243798603094945,-1.0,-0.21978933368428924,-0.3802673101373888,-0.3032053329839235,-0.6376682573705091,-0.35745454724657105,-0.7920542690714878,-0.3991547199609465,-0.9118930573923086,-0.2773702134666193,-0.31536172327087053,-0.33476614566332696,-0.5347379686957369,-0.37070279502763487,-0.6600295220409401,-0.4038546497504367,-0.7598003377757473,0.0,0.0,0.0,0.0,0.0,0.0,0.0,0.0,0.0,0.0,0.0,0.0,0.0,0.0,0.0,0.0,0.0,0.0,0.0,0.0,0.0,0.0,0.0,0.0,0.0,0.0,0.0,0.0,0.0,0.0,0.0,0.0,0.0,0.0,0.0,0.0,0.0,0.0,0.0,0.0,0.0,0.0,thank you
0.0,0.0,0.12026265339027832,-0.2019933629601925,0.1883305498630775,-0.4354245001369369,0.21146610818334483,-0.6417513612165193,0.21168284080772296,-0.8090565377785743,-0.025140695835818832,-0.5066406472080596,-0.13462732233624494,-0.7502403250239026,-0.20091316294281925,-0.8823770980280794,-0.25688385815239334,-0.9870531837618493,-0.1310816804945544,-0.4383418771007697,-0.23672339520458147,-0.7119698455945992,-0.2983271185036849,-0.8748849599968139,-0.345929654535123,-1.0,-0.21144388659602512,-0.3716794238779325,-0.29220564838118623,-0.6381384774287834,-0.3429402738565334,-0.7964424681661332,-0.38317808524374053,-0.9177570395535597,-0.26756407248393194,-0.3148634425740794,-0.3192083400791723,-0.5436023617218441,-0.35090397128624606,-0.6674366302376931,-0.38170698730397024,-0.7629669455331579,0.0,0.0,0.0,0.0,0.0,0.0,0.0,0.0,0.0,0.0,0.0,0.0,0.0,0.0,0.0,0.0,0.0,0.0,0.0,0.0,0.0,0.0,0.0,0.0,0.0,0.0,0.0,0.0,0.0,0.0,0.0,0.0,0.0,0.0,0.0,0.0,0.0,0.0,0.0,0.0,0.0,0.0,thank you
0.0,0.0,0.12098862701715003,-0.20230389708367605,0.18772371922725087,-0.4406869355469448,0.20630474379930763,-0.6451076217096042,0.2086043726979198,-0.8110229339965555,-0.01823524390370513,-0.512145293633829,-0.12692774885537658,-0.7555858430069249,-0.19515151480195045,-0.8872700226905946,-0.2519936461720725,-0.9915859076064826,-0.12432098366669397,-0.44330264085299104,-0.22766701004407766,-0.7162997950117606,-0.29138885011633686,-0.8766165750929484,-0.34022755770989954,-1.0,-0.2061530501950099,-0.3767924935313925,-0.2840641542822009,-0.6441700629499619,-0.33665598082315984,-0.7964254526871686,-0.37900473999254797,-0.9117365283966966,-0.26656805621084373,-0.3168521789084751,-0.31493409114766885,-0.5445731180476168,-0.3468860706050095,-0.665973278854373,-0.37799032506266733,-0.7609340519265088,0.0,0.0,0.0,0.0,0.0,0.0,0.0,0.0,0.0,0.0,0.0,0.0,0.0,0.0,0.0,0.0,0.0,0.0,0.0,0.0,0.0,0.0,0.0,0.0,0.0,0.0,0.0,0.0,0.0,0.0,0.0,0.0,0.0,0.0,0.0,0.0,0.0,0.0,0.0,0.0,0.0,0.0,thank you
0.0,0.0,0.11975100662088203,-0.2029301779631102,0.18286348125805368,-0.4413777863237316,0.20032774370557022,-0.6447711677376213,0.20627735382831625,-0.8071354568752995,-0.01822134466756399,-0.508900738427806,-0.12685116360495116,-0.7500911196379322,-0.19682989757291725,-0.8820633503901643,-0.25454579371661934,-0.9859041507506249,-0.12453715528795241,-0.4395338692411671,-0.22872148385819202,-0.7132277015178953,-0.29420995686525486,-0.875203691852039,-0.34301765281552504,-1.0,-0.20723159885547995,-0.37374549065413853,-0.28504647819012,-0.6438111828907453,-0.3359186437953984,-0.7978309221307359,-0.3753018427691186,-0.9131872357889239,-0.26877222386444843,-0.31431769328125403,-0.3161261669770952,-0.5422815209374273,-0.34762242317968794,-0.6626613248077878,-0.3770709986999308,-0.7558441409355332,0.0,0.0,0.0,0.0,0.0,0.0,0.0,0.0,0.0,0.0,0.0,0.0,0.0,0.0,0.0,0.0,0.0,0.0,0.0,0.0,0.0,0.0,0.0,0.0,0.0,0.0,0.0,0.0,0.0,0.0,0.0,0.0,0.0,0.0,0.0,0.0,0.0,0.0,0.0,0.0,0.0,0.0,thank you
0.0,0.0,0.11437834758196926,-0.20521762695567836,0.17690227306937026,-0.44239667150786116,0.19388420483019658,-0.6436986802809491,0.1993264316217154,-0.8048991886497054,-0.02528698306140497,-0.5059953479462868,-0.1364925040454839,-0.7518480949317115,-0.20427404184652614,-0.8845899492873563,-0.26088019213773456,-0.9887957213355687,-0.12890799814056528,-0.43653176712458186,-0.23396577033785604,-0.7125168327089473,-0.29876559652867,-0.8750154206537664,-0.34825802227912495,-1.0,-0.21034927383527477,-0.36825647949146945,-0.29040435193239933,-0.636322479600678,-0.341082904034852,-0.7916647285517124,-0.3813398388509179,-0.9075913531085582,-0.2710391888288306,-0.30571319693048815,-0.3206236329066784,-0.5314446992965293,-0.353280749505889,-0.6515174934496529,-0.3861211804810204,-0.7446481302944846,0.0,0.0,0.0,0.0,0.0,0.0,0.0,0.0,0.0,0.0,0.0,0.0,0.0,0.0,0.0,0.0,0.0,0.0,0.0,0.0,0.0,0.0,0.0,0.0,0.0,0.0,0.0,0.0,0.0,0.0,0.0,0.0,0.0,0.0,0.0,0.0,0.0,0.0,0.0,0.0,0.0,0.0,thank you
0.0,0.0,0.11520067454599532,-0.20622626744478165,0.1746921084471293,-0.4400124744807353,0.1892228571758584,-0.6414415533038604,0.19385429690996717,-0.8054832850620981,-0.028929533621901954,-0.5053042531626563,-0.13932118033998736,-0.7506830644485962,-0.20882280750894439,-0.8841955259350808,-0.26692992056181364,-0.9894093968646317,-0.13364327027752831,-0.4369568042228427,-0.23894550211228766,-0.7104098386691577,-0.30497362167094516,-0.8736124305890438,-0.35462465384759767,-1.0,-0.2141709523630767,-0.3691499161148923,-0.29550023534031944,-0.6323715662692351,-0.34711484318826935,-0.7866303597674895,-0.38616545435119703,-0.903194564360524,-0.272849234927391,-0.3066576765702108,-0.325350050677578,-0.5309052372605809,-0.3596449104407361,-0.6515057449026442,-0.3907278801756823,-0.7460256362129556,0.0,0.0,0.0,0.0,0.0,0.0,0.0,0.0,0.0,0.0,0.0,0.0,0.0,0.0,0.0,0.0,0.0,0.0,0.0,0.0,0.0,0.0,0.0,0.0,0.0,0.0,0.0,0.0,0.0,0.0,0.0,0.0,0.0,0.0,0.0,0.0,0.0,0.0,0.0,0.0,0.0,0.0,thank you
0.0,0.0,0.11632991673895896,-0.20574250595651813,0.1775386746870115,-0.4407846573287599,0.1915194922968924,-0.6420663576665612,0.19560268041869533,-0.8059144448964923,-0.028161584407782915,-0.5090853901671297,-0.13694898951872722,-0.7563473016119203,-0.20583365500749737,-0.8894379373345934,-0.2639291664809927,-0.9937645368268209,-0.13251827755493684,-0.4407157891569089,-0.23708794118310889,-0.7128382425537012,-0.30356279938122815,-0.8746958081274859,-0.3544217996121391,-1.0,-0.21236860791960827,-0.3724257627150033,-0.2932516714999777,-0.6333487466860809,-0.34539023078939707,-0.7871753574634289,-0.3856373112708261,-0.9037182446834061,-0.2707086303393812,-0.30918857668007954,-0.3230571218081194,-0.5327870370423956,-0.3574262459496545,-0.6530728225938531,-0.38889523877868376,-0.7477570099407445,0.0,0.0,0.0,0.0,0.0,0.0,0.0,0.0,0.0,0.0,0.0,0.0,0.0,0.0,0.0,0.0,0.0,0.0,0.0,0.0,0.0,0.0,0.0,0.0,0.0,0.0,0.0,0.0,0.0,0.0,0.0,0.0,0.0,0.0,0.0,0.0,0.0,0.0,0.0,0.0,0.0,0.0,thank you
0.0,0.0,0.12278907494904645,-0.2034301170549532,0.18578191731642751,-0.434564575642518,0.19665044909632218,-0.6348279222270427,0.19625434681300022,-0.7982420547703557,-0.02660291974774662,-0.5005682634308367,-0.13852726596688597,-0.7558798809586845,-0.20666183191747733,-0.8911786500284204,-0.2629832469797201,-0.9959939256515429,-0.1323718832908318,-0.4322122429540454,-0.23911091712305704,-0.7134787990202173,-0.3045216216556198,-0.8765392479146853,-0.35332967265393506,-1.0,-0.21319137620384815,-0.3660394657124327,-0.2941474863741107,-0.6368625539703988,-0.3439343839307681,-0.7900552583163195,-0.38347396329588695,-0.9043427612892807,-0.27203538357708446,-0.30622070737314855,-0.32223081646510016,-0.5343431503705487,-0.35400339758635047,-0.6537208894807345,-0.3853065945764412,-0.7464468542779485,0.0,0.0,0.0,0.0,0.0,0.0,0.0,0.0,0.0,0.0,0.0,0.0,0.0,0.0,0.0,0.0,0.0,0.0,0.0,0.0,0.0,0.0,0.0,0.0,0.0,0.0,0.0,0.0,0.0,0.0,0.0,0.0,0.0,0.0,0.0,0.0,0.0,0.0,0.0,0.0,0.0,0.0,thank you
0.0,0.0,0.11855904659038602,-0.19867275062454404,0.18171810260343493,-0.42985163987986985,0.19375862707704608,-0.6276664014469933,0.19187672815880874,-0.7917799263920302,-0.033659390634633905,-0.5053608221478229,-0.14372370177213367,-0.7554359547162037,-0.21009729045768097,-0.8892500584526992,-0.26441601583475577,-0.9940523098253501,-0.13545282772065492,-0.4398534161396169,-0.24258265240937782,-0.7141158220849075,-0.3082795358782522,-0.8755924645618622,-0.3582054567752897,-1.0,-0.21404251844954472,-0.37192684384979574,-0.29786646916140935,-0.6377568443794547,-0.3499139523593675,-0.7902158228750066,-0.3910674326140603,-0.9057985370291631,-0.2732294245767044,-0.3067890286258743,-0.3277146560157411,-0.5307572397216159,-0.36176587726015885,-0.6497754216568494,-0.3946755516720398,-0.7427171155648638,0.0,0.0,0.0,0.0,0.0,0.0,0.0,0.0,0.0,0.0,0.0,0.0,0.0,0.0,0.0,0.0,0.0,0.0,0.0,0.0,0.0,0.0,0.0,0.0,0.0,0.0,0.0,0.0,0.0,0.0,0.0,0.0,0.0,0.0,0.0,0.0,0.0,0.0,0.0,0.0,0.0,0.0,thank you
0.0,0.0,0.11972435695389592,-0.1988874676242757,0.18205806826521517,-0.43021903382062265,0.19261744555498764,-0.6284694107537993,0.19151266906593759,-0.7925078717876123,-0.03424515541368179,-0.5048172511913013,-0.1435935355559294,-0.7557895798787807,-0.21024721742986827,-0.8893759806021192,-0.26501398246411517,-0.9930987187333529,-0.13642808762285863,-0.4395502985287433,-0.24273446905561583,-0.7147428617414064,-0.3079365463503159,-0.8764125700180164,-0.3576285997446389,-1.0,-0.21503020859544683,-0.3715305892462007,-0.2984342730882687,-0.6368483925341718,-0.3502444707963167,-0.7895072766836762,-0.39165215839619927,-0.9048792982846953,-0.274220744780886,-0.30600267723877606,-0.32747190459209724,-0.5306522263331014,-0.36149342222084857,-0.6495960378498933,-0.39463584216828934,-0.7424147574113182,0.0,0.0,0.0,0.0,0.0,0.0,0.0,0.0,0.0,0.0,0.0,0.0,0.0,0.0,0.0,0.0,0.0,0.0,0.0,0.0,0.0,0.0,0.0,0.0,0.0,0.0,0.0,0.0,0.0,0.0,0.0,0.0,0.0,0.0,0.0,0.0,0.0,0.0,0.0,0.0,0.0,0.0,thank you
0.0,0.0,0.12344850359488715,-0.19981912627440054,0.1877394077682438,-0.4239227215112953,0.19672043234824282,-0.6186426426566463,0.20405010254660064,-0.7807158181155266,-0.031590531729698994,-0.500870997629639,-0.14282146107848656,-0.7518535476577203,-0.2093719752978835,-0.886051884470478,-0.26586397514749543,-0.9901516209124535,-0.13724690137893628,-0.43214422799765556,-0.24314109403830758,-0.7091071931842723,-0.305288676622785,-0.8728766062889614,-0.3537978673454726,-1.0,-0.21901342505063212,-0.3638141214989961,-0.30068610189725054,-0.6341842014990428,-0.3494103825482211,-0.7935060911544122,-0.38874313162192087,-0.9154644120889867,-0.27919459605499425,-0.3023039395556499,-0.33263773988866036,-0.5333113968808463,-0.36459957862192643,-0.6578779017831771,-0.39608037951422903,-0.7560740317382968,0.0,0.0,0.0,0.0,0.0,0.0,0.0,0.0,0.0,0.0,0.0,0.0,0.0,0.0,0.0,0.0,0.0,0.0,0.0,0.0,0.0,0.0,0.0,0.0,0.0,0.0,0.0,0.0,0.0,0.0,0.0,0.0,0.0,0.0,0.0,0.0,0.0,0.0,0.0,0.0,0.0,0.0,thank you
0.0,0.0,0.1296482968610882,-0.19186728492537258,0.19694522053659524,-0.41131538029572934,0.20935106197959885,-0.6019058265893353,0.21457551532855304,-0.7646348290544674,-0.03716041702178471,-0.4923722808052822,-0.1446588660392362,-0.7394568518241315,-0.20769206586260733,-0.8773251398768501,-0.2614026419916952,-0.9849551087533677,-0.14013614035937802,-0.42075856386082316,-0.2404912728209308,-0.6983840074158741,-0.3016883861907609,-0.868326701098335,-0.3505201812320584,-1.0,-0.2177256466897807,-0.35364190315004485,-0.2944657539303816,-0.6226124170321679,-0.34513695226377117,-0.7833948678989732,-0.38756494153567317,-0.9082190394031767,-0.2738454012898752,-0.2942208847190941,-0.3266203405268351,-0.5252637824015468,-0.36049824106609535,-0.6522828357642876,-0.39423856491067466,-0.7511352961518616,0.0,0.0,0.0,0.0,0.0,0.0,0.0,0.0,0.0,0.0,0.0,0.0,0.0,0.0,0.0,0.0,0.0,0.0,0.0,0.0,0.0,0.0,0.0,0.0,0.0,0.0,0.0,0.0,0.0,0.0,0.0,0.0,0.0,0.0,0.0,0.0,0.0,0.0,0.0,0.0,0.0,0.0,thank you
0.0,0.0,0.12807369659487383,-0.18705458163918465,0.1905435512662165,-0.4114451388826282,0.2035023800723037,-0.6014598791031455,0.21052032527654818,-0.7551582319849262,-0.04353069977731899,-0.4963848144174683,-0.15203134438023458,-0.7432499819691493,-0.2125904923323807,-0.881901026406181,-0.2634129808602519,-0.9876156228306633,-0.14426089288773092,-0.4278729343406569,-0.243886132923432,-0.7037257935828202,-0.3042387712876732,-0.8721792987802129,-0.35138846003011154,-1.0,-0.21946362726625257,-0.3626939443387636,-0.29637168570423994,-0.629278382812993,-0.3456967684207679,-0.784277210807692,-0.38726069680222863,-0.9003116519865489,-0.2730251147212881,-0.3041587593873117,-0.321583322815337,-0.5354182255839742,-0.3533395952975541,-0.6556639973494649,-0.3858187922034601,-0.7453046537625878,0.0,0.0,0.0,0.0,0.0,0.0,0.0,0.0,0.0,0.0,0.0,0.0,0.0,0.0,0.0,0.0,0.0,0.0,0.0,0.0,0.0,0.0,0.0,0.0,0.0,0.0,0.0,0.0,0.0,0.0,0.0,0.0,0.0,0.0,0.0,0.0,0.0,0.0,0.0,0.0,0.0,0.0,thank you
0.0,0.0,0.12278985064459107,-0.19208195684753734,0.1861552259291751,-0.42001737776904013,0.20056361692506333,-0.6138631194465737,0.2103037250341389,-0.7662169905585635,-0.04061878728676647,-0.5024963414119171,-0.1523507949056905,-0.7441508034631371,-0.21726685782026173,-0.8786738642436601,-0.2704522274949641,-0.9819773462575014,-0.14178458557768217,-0.43585564538388677,-0.244363481180469,-0.7081284276978259,-0.30539709209015076,-0.8730206360308214,-0.35153291554723054,-1.0,-0.2186388458297689,-0.3725492773292265,-0.2975796129181648,-0.6379752633861816,-0.34629944966669307,-0.7910159674682794,-0.3854287937943411,-0.9064299143723994,-0.2748212794053861,-0.3149157133456736,-0.3243988184011949,-0.5457936654200574,-0.356938089670295,-0.6668997125984351,-0.387938418824369,-0.7600707303724754,0.0,0.0,0.0,0.0,0.0,0.0,0.0,0.0,0.0,0.0,0.0,0.0,0.0,0.0,0.0,0.0,0.0,0.0,0.0,0.0,0.0,0.0,0.0,0.0,0.0,0.0,0.0,0.0,0.0,0.0,0.0,0.0,0.0,0.0,0.0,0.0,0.0,0.0,0.0,0.0,0.0,0.0,thank you
0.0,0.0,0.12692026506130843,-0.19157291483517316,0.1894971533947532,-0.41564288758667695,0.19697391182801557,-0.6100130175336355,0.20155054757012916,-0.7677015482087615,-0.03279477449619999,-0.4964462490875207,-0.13770740073339535,-0.7439087105212544,-0.19664455254326177,-0.8836051991990819,-0.24559389092181802,-0.9920975783975529,-0.13545168860606732,-0.43406279398480435,-0.2347497983809391,-0.706118515962644,-0.296072259831182,-0.8715504292539283,-0.34358391879216216,-1.0,-0.21445031531267533,-0.3683422717095783,-0.29308904064546715,-0.6309626893987859,-0.3466279470020463,-0.7877088177762662,-0.38995561491543557,-0.9081087595536893,-0.27474067427577414,-0.3036981517083346,-0.3278883117076082,-0.5239305522422434,-0.3614650737453874,-0.6482159430255213,-0.3922209574312067,-0.7468132356756915,0.0,0.0,0.0,0.0,0.0,0.0,0.0,0.0,0.0,0.0,0.0,0.0,0.0,0.0,0.0,0.0,0.0,0.0,0.0,0.0,0.0,0.0,0.0,0.0,0.0,0.0,0.0,0.0,0.0,0.0,0.0,0.0,0.0,0.0,0.0,0.0,0.0,0.0,0.0,0.0,0.0,0.0,thank you
0.0,0.0,0.13178380522376634,-0.18584693740230432,0.1971947549851015,-0.410878932821334,0.20629158791534793,-0.6091878748122364,0.215969487076248,-0.7692973647979018,-0.017586447563199464,-0.4909320433100017,-0.1329083440892788,-0.743025979354033,-0.2001450350029067,-0.8821122043522487,-0.25605842589621225,-0.9876001065696716,-0.1212567811491545,-0.4272542127982766,-0.22657387768133597,-0.7069846176813033,-0.29237329459921685,-0.8740385710292854,-0.34223166481332057,-1.0,-0.20283951511889112,-0.3618982913438294,-0.2839466083766159,-0.6310708889904703,-0.3359437272906078,-0.7891222658150536,-0.3754616793222692,-0.9087510808158791,-0.26728447291871776,-0.2991079965936933,-0.32009067139437913,-0.5274822806127647,-0.3551970966847352,-0.6547363299606248,-0.38697458182573025,-0.7547017874392714,0.0,0.0,0.0,0.0,0.0,0.0,0.0,0.0,0.0,0.0,0.0,0.0,0.0,0.0,0.0,0.0,0.0,0.0,0.0,0.0,0.0,0.0,0.0,0.0,0.0,0.0,0.0,0.0,0.0,0.0,0.0,0.0,0.0,0.0,0.0,0.0,0.0,0.0,0.0,0.0,0.0,0.0,thank you
0.0,0.0,0.12598452080083436,-0.19012947022640014,0.19186744563949448,-0.416846655779256,0.1994498849885151,-0.6119228798474787,0.20905887845579774,-0.7671530233970943,-0.019724964171531183,-0.49177686173232305,-0.13222324015086298,-0.7415386149468595,-0.1987423929704937,-0.8795900610784281,-0.2523649228112931,-0.9851323709165775,-0.12375907769703896,-0.43051011231266434,-0.2312176585238698,-0.7086628617632131,-0.29647709077981554,-0.8742471550610608,-0.34398906815090957,-1.0,-0.20713529138726694,-0.3675281486172203,-0.29067083303865787,-0.637222154932352,-0.34173165106851344,-0.7945728777745894,-0.3798633302090963,-0.9155071357520294,-0.27359266397705895,-0.3045071658292465,-0.32828334147585925,-0.5323458793264112,-0.36361811038663855,-0.6588647449221664,-0.3948462552916257,-0.7610188968923189,0.0,0.0,0.0,0.0,0.0,0.0,0.0,0.0,0.0,0.0,0.0,0.0,0.0,0.0,0.0,0.0,0.0,0.0,0.0,0.0,0.0,0.0,0.0,0.0,0.0,0.0,0.0,0.0,0.0,0.0,0.0,0.0,0.0,0.0,0.0,0.0,0.0,0.0,0.0,0.0,0.0,0.0,thank you
0.0,0.0,0.1344270137216017,-0.17770190441270203,0.20446356172880878,-0.39731376746741104,0.21766973270409257,-0.5940361432324419,0.22016304012132729,-0.7598881349739853,-0.01901547737795318,-0.4990297233469616,-0.12633440966623166,-0.750765720834204,-0.18955339412840033,-0.8892559898122923,-0.24383369013966044,-0.9960991803311005,-0.12401457714836178,-0.43367305501125614,-0.2238464904845075,-0.7091735366669426,-0.28730860264654356,-0.8754594784976548,-0.3380765576271788,-1.0,-0.20517586017923112,-0.36437561521164596,-0.2801188565901406,-0.633696973520108,-0.3323852667242288,-0.7917683531843814,-0.37649178556925395,-0.9119536033496426,-0.26626031485694235,-0.29766058584576244,-0.3134743999674077,-0.5254586242651959,-0.34689118524096585,-0.650110590248345,-0.38083772605947824,-0.7465823473519451,0.0,0.0,0.0,0.0,0.0,0.0,0.0,0.0,0.0,0.0,0.0,0.0,0.0,0.0,0.0,0.0,0.0,0.0,0.0,0.0,0.0,0.0,0.0,0.0,0.0,0.0,0.0,0.0,0.0,0.0,0.0,0.0,0.0,0.0,0.0,0.0,0.0,0.0,0.0,0.0,0.0,0.0,thank you
0.0,0.0,0.13389304454277778,-0.17708445525875202,0.2034539374715252,-0.40134034375542,0.22036612566474872,-0.5982589234471415,0.2317987669059939,-0.7608859001217115,-0.02021109137365135,-0.5018249144049914,-0.12304114982248927,-0.7509982923979092,-0.1869414707626868,-0.8907812241641119,-0.24329764915224156,-1.0,-0.1266247376274697,-0.4348992504653304,-0.21743812154668196,-0.7046457699050428,-0.2797805147280048,-0.8713829756571891,-0.33171320982167013,-0.9996108973026764,-0.2083641151743984,-0.36485520272528643,-0.2767761564744009,-0.6312059857597009,-0.3252901077908018,-0.789647390534211,-0.366797303030349,-0.91363057846601,-0.2702392817250169,-0.29923590242244874,-0.31224745616842814,-0.5255801523745378,-0.3419385961053323,-0.6508813340432751,-0.3710205463416509,-0.7523933987551747,0.0,0.0,0.0,0.0,0.0,0.0,0.0,0.0,0.0,0.0,0.0,0.0,0.0,0.0,0.0,0.0,0.0,0.0,0.0,0.0,0.0,0.0,0.0,0.0,0.0,0.0,0.0,0.0,0.0,0.0,0.0,0.0,0.0,0.0,0.0,0.0,0.0,0.0,0.0,0.0,0.0,0.0,thank you
0.0,0.0,0.13066726384401173,-0.17577944911381907,0.20207682805582813,-0.38982735176399197,0.2223054666278799,-0.5832463483026945,0.2290876950467264,-0.7451258003180813,-0.02202959450219887,-0.4888417363476901,-0.12532069142621474,-0.7448954108855411,-0.1906515953786211,-0.8853250859372424,-0.24939048479243747,-0.9936919422969951,-0.13406556997328822,-0.4193380308969837,-0.22713471681071587,-0.7016801564763362,-0.2891449377688135,-0.8726018357251427,-0.34011035381021715,-1.0,-0.2182065683060028,-0.35385113668293283,-0.28562486499650447,-0.6287788888880622,-0.33100116732299134,-0.7884323177102515,-0.3714040090737229,-0.9115934492026021,-0.27615335454701695,-0.3006778012465829,-0.31350248232833694,-0.5368587132464996,-0.34041625840121637,-0.6639887925088963,-0.36924891309011254,-0.7658122417883775,0.0,0.0,0.0,0.0,0.0,0.0,0.0,0.0,0.0,0.0,0.0,0.0,0.0,0.0,0.0,0.0,0.0,0.0,0.0,0.0,0.0,0.0,0.0,0.0,0.0,0.0,0.0,0.0,0.0,0.0,0.0,0.0,0.0,0.0,0.0,0.0,0.0,0.0,0.0,0.0,0.0,0.0,thank you
0.0,0.0,0.12861978168789268,-0.1771057093569429,0.19965164112838368,-0.39505160207205153,0.22057629241288937,-0.5908962346055827,0.22731572322341648,-0.7523867895153916,-0.024285512609440122,-0.4910229463329597,-0.1251064334239565,-0.7449055835306235,-0.18644946951761496,-0.8836436114613119,-0.24112341555002778,-0.9911621521514677,-0.13568484589719135,-0.4207653270279164,-0.22687424894033875,-0.7010618993674743,-0.28726350382520865,-0.8718106249947737,-0.33687266996268006,-1.0,-0.2194764188786701,-0.3551201916810013,-0.28374351500102557,-0.6299801127517941,-0.32765458855334656,-0.7910038608709169,-0.3663840575397167,-0.9147349604837476,-0.27825816629045025,-0.30304368849181074,-0.3165166473926455,-0.5415785152789453,-0.34347732199486364,-0.6714875494414305,-0.3711872731449349,-0.7754415849590819,0.0,0.0,0.0,0.0,0.0,0.0,0.0,0.0,0.0,0.0,0.0,0.0,0.0,0.0,0.0,0.0,0.0,0.0,0.0,0.0,0.0,0.0,0.0,0.0,0.0,0.0,0.0,0.0,0.0,0.0,0.0,0.0,0.0,0.0,0.0,0.0,0.0,0.0,0.0,0.0,0.0,0.0,thank you
0.0,0.0,0.1337896897068705,-0.17869090545231442,0.20290790740829845,-0.39380701612017127,0.22074037262560753,-0.5899624578419734,0.22937892300949123,-0.7565598236430615,-0.021577345152063335,-0.4888557266094019,-0.12547334645621228,-0.7408454035333149,-0.19389041654009384,-0.881167328196691,-0.2562810642027636,-0.9917554711178169,-0.13441016585049637,-0.42073477110486646,-0.23139714614487303,-0.6980031057320554,-0.29604348312134926,-0.8698225730274328,-0.3496880982286507,-1.0,-0.2199128317195448,-0.353025311931694,-0.2905195218982357,-0.6246423345223399,-0.33506405961358604,-0.7847570172811702,-0.3751661604950595,-0.9089980291743478,-0.28081045866161475,-0.296462400270788,-0.32178414659514915,-0.5355503865169002,-0.3477035081558381,-0.663781644103789,-0.3760032766502523,-0.766371581426602,0.0,0.0,0.0,0.0,0.0,0.0,0.0,0.0,0.0,0.0,0.0,0.0,0.0,0.0,0.0,0.0,0.0,0.0,0.0,0.0,0.0,0.0,0.0,0.0,0.0,0.0,0.0,0.0,0.0,0.0,0.0,0.0,0.0,0.0,0.0,0.0,0.0,0.0,0.0,0.0,0.0,0.0,thank you
0.0,0.0,0.13107888608845272,-0.17960427638917406,0.2009897299499242,-0.3948747497262832,0.21970442796817263,-0.5899367165865588,0.22068283977010128,-0.756180901420334,-0.017839412316857633,-0.4928307483213363,-0.12293356106818996,-0.7472397983498889,-0.19073371063611266,-0.8845558258296039,-0.25206170354964247,-0.9918022934683529,-0.1315514889210765,-0.42512437101263284,-0.23151809570756898,-0.7057487305668101,-0.2962522899372778,-0.8746557201779662,-0.3487426566499498,-1.0,-0.2185906193131568,-0.35882457759221836,-0.29105880339114165,-0.631056670715321,-0.33667690288701635,-0.7873132914811293,-0.37663990376768053,-0.9073567494278957,-0.28108059316449335,-0.30365983072353364,-0.3235926327275006,-0.5393780350292003,-0.35173144279728497,-0.6654767021535817,-0.38164841810174077,-0.7671426680616362,0.0,0.0,0.0,0.0,0.0,0.0,0.0,0.0,0.0,0.0,0.0,0.0,0.0,0.0,0.0,0.0,0.0,0.0,0.0,0.0,0.0,0.0,0.0,0.0,0.0,0.0,0.0,0.0,0.0,0.0,0.0,0.0,0.0,0.0,0.0,0.0,0.0,0.0,0.0,0.0,0.0,0.0,thank you
0.0,0.0,0.12585492164171908,-0.18336839184926101,0.19815826032928904,-0.39870559606409006,0.2171681626076937,-0.5928520127878967,0.2200928165786312,-0.7559650788834035,-0.018583065911946237,-0.49201569698289194,-0.1229655856499333,-0.7462528669718109,-0.19147410041970306,-0.8828934812072335,-0.252325816722459,-0.9902701290988316,-0.1303386785081035,-0.4245511537942314,-0.2315081915637895,-0.7046824437346253,-0.2961505493920777,-0.8724895480855448,-0.3481879901676605,-1.0,-0.21713354169392,-0.35815590889541393,-0.29148880849917874,-0.6312935418983925,-0.33643976646450996,-0.7877066479357454,-0.3747521061249508,-0.9089397937662372,-0.2816885339948329,-0.29992910845105797,-0.32700173360159507,-0.5341026456651712,-0.355764742293768,-0.6603634917120088,-0.38521714864477713,-0.7620943747521062,0.0,0.0,0.0,0.0,0.0,0.0,0.0,0.0,0.0,0.0,0.0,0.0,0.0,0.0,0.0,0.0,0.0,0.0,0.0,0.0,0.0,0.0,0.0,0.0,0.0,0.0,0.0,0.0,0.0,0.0,0.0,0.0,0.0,0.0,0.0,0.0,0.0,0.0,0.0,0.0,0.0,0.0,thank you
0.0,0.0,0.13040249285899766,-0.1798058098969212,0.20180867758797827,-0.39029252706806816,0.21693540921048174,-0.5847368837004505,0.21352759870389396,-0.7535806622785725,-0.018761021981868065,-0.48186716042134736,-0.12306865523353618,-0.7408871778081356,-0.19064974653675498,-0.8805078296997957,-0.25253745498063745,-0.9889185191875628,-0.13042823433777787,-0.41459451525860025,-0.22968218305804253,-0.7023614419744166,-0.2938775924943267,-0.8746611269800052,-0.3478119743036817,-1.0,-0.21820577376852993,-0.3469468122339765,-0.29295247987535705,-0.6293082542083931,-0.3384110281914353,-0.7920248834294875,-0.3790463233716821,-0.9152963092590293,-0.28367493479954387,-0.28988043760513926,-0.331702663339844,-0.5305334582773531,-0.35821435426145665,-0.6610617230984611,-0.3850544748399625,-0.7648323981348718,0.0,0.0,0.0,0.0,0.0,0.0,0.0,0.0,0.0,0.0,0.0,0.0,0.0,0.0,0.0,0.0,0.0,0.0,0.0,0.0,0.0,0.0,0.0,0.0,0.0,0.0,0.0,0.0,0.0,0.0,0.0,0.0,0.0,0.0,0.0,0.0,0.0,0.0,0.0,0.0,0.0,0.0,thank you
0.0,0.0,0.12438375217158126,-0.18222943083868667,0.19092312634863487,-0.39913609327383187,0.20767752338067347,-0.5954524584662729,0.20843863361744358,-0.7594913329682779,-0.019220255460765428,-0.49282939207864385,-0.12162957798811098,-0.7458158447066311,-0.18894653758792004,-0.8849984326895438,-0.25109028878833245,-0.9937381286529932,-0.1295979317571783,-0.4301090093687446,-0.22599467851492674,-0.706534232184796,-0.29118525522881217,-0.8746606870412691,-0.344943895488357,-1.0,-0.216239200623976,-0.3655653004835467,-0.2894844090545888,-0.6334847749771407,-0.3353285650676632,-0.7910456497054627,-0.3740981461513749,-0.9135187138602705,-0.28080328671289256,-0.3095136828587396,-0.3282134525096261,-0.5411795105915935,-0.35611699809971736,-0.6690254363864888,-0.3820689928762163,-0.7757133213584745,0.0,0.0,0.0,0.0,0.0,0.0,0.0,0.0,0.0,0.0,0.0,0.0,0.0,0.0,0.0,0.0,0.0,0.0,0.0,0.0,0.0,0.0,0.0,0.0,0.0,0.0,0.0,0.0,0.0,0.0,0.0,0.0,0.0,0.0,0.0,0.0,0.0,0.0,0.0,0.0,0.0,0.0,thank you
0.0,0.0,0.11577988108020319,-0.18653840617912043,0.1829696951729596,-0.40425297890267076,0.2038259881733278,-0.6002257405204234,0.20450269414909272,-0.7618871460666626,-0.0226178768102959,-0.4907306319230781,-0.12384320872920633,-0.744321147899569,-0.19042699502588883,-0.8814866564322944,-0.2503681065680867,-0.9902240691640769,-0.1313256433755211,-0.4273312306037807,-0.22769953051643194,-0.7058563209279164,-0.29163406662481833,-0.8737356876686125,-0.34302934841592797,-1.0,-0.21714528039473227,-0.3631457762161266,-0.2916976555038108,-0.6328174041043184,-0.3353959975956529,-0.7906136369788236,-0.3707446472557317,-0.914644389935599,-0.28285106754127154,-0.3059860336479694,-0.33153093233756586,-0.5353367267452677,-0.3591521368226442,-0.6641276228801379,-0.3832833645047737,-0.7723745848999614,0.0,0.0,0.0,0.0,0.0,0.0,0.0,0.0,0.0,0.0,0.0,0.0,0.0,0.0,0.0,0.0,0.0,0.0,0.0,0.0,0.0,0.0,0.0,0.0,0.0,0.0,0.0,0.0,0.0,0.0,0.0,0.0,0.0,0.0,0.0,0.0,0.0,0.0,0.0,0.0,0.0,0.0,thank you
0.0,0.0,0.13205982885568138,-0.18403021781280393,0.2021034132065486,-0.39696183425543086,0.2196272471544041,-0.5982087296927976,0.22361147951711505,-0.7672785907852265,-0.007093090156037926,-0.4838292462266495,-0.10630793489962106,-0.742436851718923,-0.17285986841305778,-0.8818024335329221,-0.23244630945182443,-0.9880910925923365,-0.11977231880395926,-0.4273956621816815,-0.21053952657698372,-0.7109336337012085,-0.2722389768384018,-0.8783415821358218,-0.3221399367333401,-1.0,-0.20532729748110862,-0.365213896875093,-0.2746526472642764,-0.6371538886702897,-0.3159740773472421,-0.7916531002465212,-0.3507674927202275,-0.9107187080829046,-0.26782418087107523,-0.3097478762004972,-0.3113362473375246,-0.5397721344263573,-0.33700978081274485,-0.6662801022625227,-0.3609329841892016,-0.7709340862644134,0.0,0.0,0.0,0.0,0.0,0.0,0.0,0.0,0.0,0.0,0.0,0.0,0.0,0.0,0.0,0.0,0.0,0.0,0.0,0.0,0.0,0.0,0.0,0.0,0.0,0.0,0.0,0.0,0.0,0.0,0.0,0.0,0.0,0.0,0.0,0.0,0.0,0.0,0.0,0.0,0.0,0.0,thank you
0.0,0.0,0.1251042222467384,-0.18327653827524845,0.1920115211465042,-0.397002992660047,0.21063187902714145,-0.5967902213797406,0.21587610871349247,-0.7630829935131007,-0.013957681153951997,-0.4786878065405432,-0.11248497415616378,-0.7355164399444039,-0.1777511699754624,-0.8737453856151358,-0.23626060626690984,-0.9825962689563503,-0.1229199126112097,-0.42236473049449635,-0.2147199748677254,-0.7059150661998385,-0.2750833675443414,-0.8752335131991605,-0.3224887513795478,-1.0,-0.2063616890299344,-0.3631605475784553,-0.277908287703846,-0.6328567579283755,-0.3189918463650274,-0.7893966244500777,-0.3523622410541119,-0.9105977158666759,-0.26736610235250063,-0.31073527077688173,-0.3165101982980758,-0.537682417127678,-0.34440638740367774,-0.6637147454024301,-0.3695042117476159,-0.7693640115506752,0.0,0.0,0.0,0.0,0.0,0.0,0.0,0.0,0.0,0.0,0.0,0.0,0.0,0.0,0.0,0.0,0.0,0.0,0.0,0.0,0.0,0.0,0.0,0.0,0.0,0.0,0.0,0.0,0.0,0.0,0.0,0.0,0.0,0.0,0.0,0.0,0.0,0.0,0.0,0.0,0.0,0.0,thank you
0.0,0.0,0.1264731024499411,-0.18345882827480373,0.19532452428800604,-0.4031255150752611,0.21408600950656173,-0.6073282220804894,0.21853933101897116,-0.7751711457526063,-0.01044145213088875,-0.4769757135296003,-0.1083698898135645,-0.7359798689392598,-0.1730734777574506,-0.8739398791358304,-0.23065687004184074,-0.9826019477906919,-0.12047923881985956,-0.4212557547663337,-0.21067322959994841,-0.7065893802102582,-0.2702300063779754,-0.8756366458196619,-0.3171270650358979,-1.0,-0.20370557299915334,-0.36304951172144934,-0.2745633441475677,-0.6339758742586755,-0.3148194254908123,-0.7912291064999043,-0.34693647311268744,-0.911945446299597,-0.26418495514430296,-0.31144360303399166,-0.31213473805767616,-0.5385339256080319,-0.33947782501824836,-0.6642666505596341,-0.3641032597289719,-0.7683857170205948,0.0,0.0,0.0,0.0,0.0,0.0,0.0,0.0,0.0,0.0,0.0,0.0,0.0,0.0,0.0,0.0,0.0,0.0,0.0,0.0,0.0,0.0,0.0,0.0,0.0,0.0,0.0,0.0,0.0,0.0,0.0,0.0,0.0,0.0,0.0,0.0,0.0,0.0,0.0,0.0,0.0,0.0,thank you
0.0,0.0,0.12946487153769928,-0.18463942516860735,0.19470190850179664,-0.4117461351587665,0.21346278400396124,-0.6192113792693913,0.22256811262071693,-0.7852671723664228,-0.010557639583723105,-0.4688233427588523,-0.11359635963696847,-0.7300735278898165,-0.180927762852309,-0.8726421549585859,-0.24078861671148327,-0.9823691016069066,-0.12158376852088347,-0.41235603743976085,-0.21636298489994488,-0.70308952179843,-0.279084250313542,-0.8755104038075586,-0.3279602315578914,-1.0,-0.2069443654574659,-0.3560233728219103,-0.279834621027622,-0.6319495953444059,-0.3223290349456926,-0.78795154622788,-0.35744443508881363,-0.9055447251289989,-0.2682926976309466,-0.3071881857004743,-0.3148374856592581,-0.5387366321376904,-0.34304742547888384,-0.6645756496865987,-0.36978907830803665,-0.7661980299452977,0.0,0.0,0.0,0.0,0.0,0.0,0.0,0.0,0.0,0.0,0.0,0.0,0.0,0.0,0.0,0.0,0.0,0.0,0.0,0.0,0.0,0.0,0.0,0.0,0.0,0.0,0.0,0.0,0.0,0.0,0.0,0.0,0.0,0.0,0.0,0.0,0.0,0.0,0.0,0.0,0.0,0.0,thank you
0.0,0.0,0.13227393764830395,-0.17597560445189755,0.19791535981983635,-0.3910608293906429,0.21884527094619738,-0.5922991644234812,0.22592307283385607,-0.7552983476945531,-0.0028826181719770155,-0.4729709118850974,-0.09859261657718088,-0.7338470832145291,-0.16128202278142112,-0.87235097113419,-0.21759456416154802,-0.9787865051250948,-0.11211010859111843,-0.41847392508324355,-0.19942007413385657,-0.704249020166922,-0.2580335680422186,-0.8755506154463254,-0.3034783953451284,-1.0,-0.19572613967514485,-0.3627134731276852,-0.2590333602354499,-0.6367891437877858,-0.29808547140723846,-0.7960478052222324,-0.33029697037062095,-0.9193139477003524,-0.2558998274720548,-0.3150422137703397,-0.29746408084166576,-0.5453680837799568,-0.32102753198049516,-0.6695518622869376,-0.3423155473291998,-0.7739160943926001,0.0,0.0,0.0,0.0,0.0,0.0,0.0,0.0,0.0,0.0,0.0,0.0,0.0,0.0,0.0,0.0,0.0,0.0,0.0,0.0,0.0,0.0,0.0,0.0,0.0,0.0,0.0,0.0,0.0,0.0,0.0,0.0,0.0,0.0,0.0,0.0,0.0,0.0,0.0,0.0,0.0,0.0,thank you
0.0,0.0,0.13158017191013582,-0.17735444827577623,0.199128825749256,-0.39601049147027073,0.21747664322739288,-0.6031817947675544,0.219171922965784,-0.7747478192398644,-0.010003931333223672,-0.4793068827821201,-0.10413015949187183,-0.7397869113987025,-0.16450379508658028,-0.8797126928828315,-0.21804537482380332,-0.9881891490224232,-0.1182837250655717,-0.42156013608961984,-0.2052929570921692,-0.7064938999227712,-0.2618807934744081,-0.8758255943388802,-0.3064367969725862,-1.0,-0.19987449606454968,-0.36432792872356906,-0.26368924505572133,-0.6372302426568995,-0.3016230680599378,-0.7884737829095964,-0.3334223452537816,-0.9050984202474576,-0.258060717172458,-0.3174217424365879,-0.2989433273326086,-0.5453887069820134,-0.3229803756960499,-0.6683651379403912,-0.34646583100782113,-0.7694722113337675,0.0,0.0,0.0,0.0,0.0,0.0,0.0,0.0,0.0,0.0,0.0,0.0,0.0,0.0,0.0,0.0,0.0,0.0,0.0,0.0,0.0,0.0,0.0,0.0,0.0,0.0,0.0,0.0,0.0,0.0,0.0,0.0,0.0,0.0,0.0,0.0,0.0,0.0,0.0,0.0,0.0,0.0,thank you
0.0,0.0,0.13176746644937448,-0.17833586008977745,0.19997278780224637,-0.39731994057403297,0.2191425649320664,-0.6040273672616738,0.22170130964402568,-0.7741013228700659,-0.009902427548473628,-0.4804083577932732,-0.10301565119435324,-0.7415654538869166,-0.16386151727765524,-0.8814241784937744,-0.2175307362913803,-0.9902361038213755,-0.11777522800667231,-0.42309361642126914,-0.20319511487842115,-0.708497122766158,-0.25895845693156627,-0.87705160398043,-0.3019576249832299,-1.0,-0.19797728997675182,-0.3655044727199618,-0.261228737144992,-0.6367726485487651,-0.2977781202528302,-0.7893373031723874,-0.3273718603831827,-0.9062216737553935,-0.25483159032112296,-0.3175904815076774,-0.2947166529908904,-0.5447015456604336,-0.31754867505861456,-0.6683159944253001,-0.3394307405860428,-0.7704639717722855,0.0,0.0,0.0,0.0,0.0,0.0,0.0,0.0,0.0,0.0,0.0,0.0,0.0,0.0,0.0,0.0,0.0,0.0,0.0,0.0,0.0,0.0,0.0,0.0,0.0,0.0,0.0,0.0,0.0,0.0,0.0,0.0,0.0,0.0,0.0,0.0,0.0,0.0,0.0,0.0,0.0,0.0,thank you
0.0,0.0,0.1319630143566555,-0.17156245833303355,0.20431392031505388,-0.37572089983735457,0.22295250337236716,-0.570055958356346,0.2256046130862142,-0.7345351608696461,0.003134991020257749,-0.4831584399158957,-0.0860797596955381,-0.7325059007665834,-0.1436394356679791,-0.8681151922326374,-0.19523522850853495,-0.9760853219873667,-0.10439411710787361,-0.43015193849093797,-0.1850014711621845,-0.7036208529601194,-0.2384075082810687,-0.8718433199659553,-0.2814927049697064,-1.0,-0.1878019584910819,-0.36993791032180284,-0.24705601712808398,-0.634511642830787,-0.28633721541374324,-0.7937533397810944,-0.31962294893408716,-0.9203407490060895,-0.2505483104153144,-0.31349349581865715,-0.29327882106696773,-0.5395148369672924,-0.3194823265722164,-0.6647980555431233,-0.34376645363391073,-0.7689787630333804,0.0,0.0,0.0,0.0,0.0,0.0,0.0,0.0,0.0,0.0,0.0,0.0,0.0,0.0,0.0,0.0,0.0,0.0,0.0,0.0,0.0,0.0,0.0,0.0,0.0,0.0,0.0,0.0,0.0,0.0,0.0,0.0,0.0,0.0,0.0,0.0,0.0,0.0,0.0,0.0,0.0,0.0,thank you
0.0,0.0,0.13283589525119832,-0.17045364919068537,0.2080097588002635,-0.3750465242421914,0.22463529044768962,-0.5690164609915704,0.2310302844066384,-0.7336708872546623,0.0017597500704207318,-0.48287456263487605,-0.09138855715486276,-0.7400956790770111,-0.15224436110354525,-0.8766447605811515,-0.2058268790695617,-0.9820187586861936,-0.10448881532541363,-0.42553397538417126,-0.19109909884742796,-0.7085166483921957,-0.24660897986549057,-0.875899441522857,-0.2888943828699533,-1.0,-0.1878183540870796,-0.3653154732389579,-0.25355281322093953,-0.6372403453758605,-0.29408936099878713,-0.7935752081776511,-0.32647395829695897,-0.9152687511203298,-0.2515651094955082,-0.3105037934076883,-0.2938548890611578,-0.5397747002171985,-0.3202749784081888,-0.6624638642707322,-0.34456414804882196,-0.7639483100188332,0.0,0.0,0.0,0.0,0.0,0.0,0.0,0.0,0.0,0.0,0.0,0.0,0.0,0.0,0.0,0.0,0.0,0.0,0.0,0.0,0.0,0.0,0.0,0.0,0.0,0.0,0.0,0.0,0.0,0.0,0.0,0.0,0.0,0.0,0.0,0.0,0.0,0.0,0.0,0.0,0.0,0.0,thank you
0.0,0.0,0.13302264877068026,-0.17445033685191166,0.20700096881199243,-0.380943274644062,0.22177088712521784,-0.5772651747061196,0.23086912555416492,-0.7443844993057591,0.0006211334951492432,-0.4853906202331399,-0.09364829148293716,-0.7444546302814019,-0.15496787740882229,-0.8816021709722497,-0.20912201227161856,-0.988113822759492,-0.10660968633409579,-0.42712368499770076,-0.19381188081975484,-0.7101429109303125,-0.24902988584090946,-0.8758056691127557,-0.29089286963302713,-1.0,-0.18975693385142203,-0.3665130358043744,-0.2562243566180574,-0.6393625261735498,-0.2963971280900415,-0.7963675503045582,-0.32780538784475793,-0.9186722513494167,-0.25250667081375744,-0.31170688749428904,-0.29548589046620544,-0.5427371096662436,-0.3217028768209871,-0.6673460876216781,-0.34554136276577224,-0.770149168771216,0.0,0.0,0.0,0.0,0.0,0.0,0.0,0.0,0.0,0.0,0.0,0.0,0.0,0.0,0.0,0.0,0.0,0.0,0.0,0.0,0.0,0.0,0.0,0.0,0.0,0.0,0.0,0.0,0.0,0.0,0.0,0.0,0.0,0.0,0.0,0.0,0.0,0.0,0.0,0.0,0.0,0.0,thank you
0.0,0.0,0.12593009002684627,-0.1701703919627571,0.19646857835461748,-0.37529960960030423,0.21362239912541692,-0.5688455375514051,0.2175658839477261,-0.7301953278178294,-0.007360464786788384,-0.4886186285828153,-0.10259166531841205,-0.7431800710598744,-0.1639872505386163,-0.8806278204801249,-0.21807849492736336,-0.9867161727484376,-0.11383528624588325,-0.4330603003454274,-0.20079780111096182,-0.7124111637311279,-0.2578171803288279,-0.8787594594915754,-0.30303974289012775,-1.0,-0.1970356679619052,-0.36981335585604114,-0.264679476456732,-0.6398789038826991,-0.3062570897626798,-0.7953590790552528,-0.34014837199396347,-0.9130581431380238,-0.26034038173430335,-0.30907078291089546,-0.30447794209726264,-0.5378049683411532,-0.33093700497345996,-0.6634878935875181,-0.35504909932020545,-0.7662654809338514,0.0,0.0,0.0,0.0,0.0,0.0,0.0,0.0,0.0,0.0,0.0,0.0,0.0,0.0,0.0,0.0,0.0,0.0,0.0,0.0,0.0,0.0,0.0,0.0,0.0,0.0,0.0,0.0,0.0,0.0,0.0,0.0,0.0,0.0,0.0,0.0,0.0,0.0,0.0,0.0,0.0,0.0,thank you
0.0,0.0,0.1319069086703949,-0.17514703623731784,0.20751199327834344,-0.3792757957122336,0.2255542204594939,-0.5754836611345506,0.22713489388997804,-0.7390206618663439,0.0037653925031846556,-0.47908336118966094,-0.09000262000054207,-0.7436725180012106,-0.15161111964367993,-0.8822586211569561,-0.2071632621717094,-0.9882219230803979,-0.10921571638945857,-0.42085177121071127,-0.19507963898199426,-0.7088413273464815,-0.2501124793336164,-0.8760922240190808,-0.29439861953074886,-1.0,-0.19601235917497087,-0.3617655189859694,-0.2591296177509554,-0.638568395565875,-0.2961563688599384,-0.7980480092513123,-0.3271021890556253,-0.9200144551754045,-0.2589622990956481,-0.3120604949090679,-0.2958286881024872,-0.5471451932024538,-0.31645866271558537,-0.6746073161256516,-0.33712287802542307,-0.7782539955008266,0.0,0.0,0.0,0.0,0.0,0.0,0.0,0.0,0.0,0.0,0.0,0.0,0.0,0.0,0.0,0.0,0.0,0.0,0.0,0.0,0.0,0.0,0.0,0.0,0.0,0.0,0.0,0.0,0.0,0.0,0.0,0.0,0.0,0.0,0.0,0.0,0.0,0.0,0.0,0.0,0.0,0.0,thank you
0.0,0.0,0.1280719926039153,-0.1720268892043248,0.20481431932862973,-0.37770935973938846,0.22300593471488475,-0.5744595912283129,0.2226677784397195,-0.7365038253928629,0.0046715061068638855,-0.4744048937282488,-0.09041110193063388,-0.7416771467413983,-0.15271440860044128,-0.8812829417861805,-0.2073246600102386,-0.9874033174720217,-0.10682866134552238,-0.4157940295908417,-0.19321313852738,-0.7078006438697795,-0.24913157783501225,-0.8766013198933074,-0.2929686977840287,-1.0,-0.19333019262262952,-0.35745448528532475,-0.2561947447769126,-0.6397880598319841,-0.29302352173141794,-0.7984026812613374,-0.32257615832072173,-0.9167360621629501,-0.25788335848430843,-0.30790808796832025,-0.29476406916162895,-0.5442258551542278,-0.3144922001870698,-0.671526880353012,-0.3330627962705987,-0.7733859811824704,0.0,0.0,0.0,0.0,0.0,0.0,0.0,0.0,0.0,0.0,0.0,0.0,0.0,0.0,0.0,0.0,0.0,0.0,0.0,0.0,0.0,0.0,0.0,0.0,0.0,0.0,0.0,0.0,0.0,0.0,0.0,0.0,0.0,0.0,0.0,0.0,0.0,0.0,0.0,0.0,0.0,0.0,thank you
0.0,0.0,0.12773180511022808,-0.17393749533959632,0.20051801229178665,-0.3785954733667475,0.21849463795289017,-0.5739204259092392,0.22093574617218023,-0.7367162548591727,-0.0023789395571471054,-0.4717388628704852,-0.09472617489338343,-0.7396236280445351,-0.15558875609670642,-0.8776768684962102,-0.21138890361252033,-0.9840149276660429,-0.11213663450127168,-0.41515729480074137,-0.19708166644356623,-0.7081702379209075,-0.25167383732473514,-0.877166043332995,-0.29589794636784983,-1.0,-0.19714401478392346,-0.35753988182563845,-0.26261642025296894,-0.6385837403793546,-0.3016350717500029,-0.7990117698214269,-0.33461770315541894,-0.9197336090794995,-0.259044057996534,-0.30825145247376473,-0.30047839324553655,-0.5449933114784732,-0.3224214154870043,-0.672594310848701,-0.3443744997084721,-0.7749169212856695,0.0,0.0,0.0,0.0,0.0,0.0,0.0,0.0,0.0,0.0,0.0,0.0,0.0,0.0,0.0,0.0,0.0,0.0,0.0,0.0,0.0,0.0,0.0,0.0,0.0,0.0,0.0,0.0,0.0,0.0,0.0,0.0,0.0,0.0,0.0,0.0,0.0,0.0,0.0,0.0,0.0,0.0,thank you
0.0,0.0,0.12514766382511971,-0.1781236811355689,0.19946601411622522,-0.3883511836354544,0.21891354698350707,-0.5827572120784777,0.21943855412285596,-0.742736169036978,0.005202683575685204,-0.4749805683224552,-0.08676762884720939,-0.7309273386199848,-0.14825991398576618,-0.8670597123915759,-0.20351553474212922,-0.976448967150444,-0.10432695313968343,-0.42283526302109453,-0.19069534852938322,-0.7022425661251569,-0.24819957468542772,-0.8711876188815156,-0.2940136181186787,-1.0,-0.18994961392289716,-0.36772091496968695,-0.2547480010268548,-0.6353984861195558,-0.29236689145000844,-0.795716105640629,-0.3227591396581343,-0.9209088413375692,-0.2536139000940096,-0.3183591985900521,-0.29569615287523804,-0.5451419737239894,-0.3185049250372823,-0.6720135921088238,-0.3390745337332675,-0.7773077199208944,0.0,0.0,0.0,0.0,0.0,0.0,0.0,0.0,0.0,0.0,0.0,0.0,0.0,0.0,0.0,0.0,0.0,0.0,0.0,0.0,0.0,0.0,0.0,0.0,0.0,0.0,0.0,0.0,0.0,0.0,0.0,0.0,0.0,0.0,0.0,0.0,0.0,0.0,0.0,0.0,0.0,0.0,thank you
0.0,0.0,0.12453159137830068,-0.17774566654535712,0.2003129893247009,-0.3879536234636331,0.21863435918130875,-0.5807783217767999,0.21909074245187227,-0.7388707717839125,0.003866317718790443,-0.472803073206768,-0.09166003747804426,-0.7310783442479198,-0.15441300490634327,-0.8674823260804031,-0.20962502857973062,-0.9751148856087916,-0.10574402163795724,-0.41972464578536206,-0.1936532204648898,-0.7036773211426466,-0.25053960137768133,-0.8730933236856849,-0.2941975605894751,-1.0,-0.19143966343652496,-0.36495847483386273,-0.25822636645916724,-0.6370801679961633,-0.29648893658771314,-0.7947928043154545,-0.3265542777498252,-0.9164231402917176,-0.25534492276734966,-0.31561589341799656,-0.296059325898528,-0.5455661303285692,-0.31942206207062357,-0.6709369528911443,-0.3412087856189116,-0.7745941410525944,0.0,0.0,0.0,0.0,0.0,0.0,0.0,0.0,0.0,0.0,0.0,0.0,0.0,0.0,0.0,0.0,0.0,0.0,0.0,0.0,0.0,0.0,0.0,0.0,0.0,0.0,0.0,0.0,0.0,0.0,0.0,0.0,0.0,0.0,0.0,0.0,0.0,0.0,0.0,0.0,0.0,0.0,thank you
0.0,0.0,0.12635093121993463,-0.1858702197503882,0.1929105615302177,-0.39328283872627706,0.20413884006071853,-0.5858481607638587,0.20756852186256342,-0.7431596245684052,-0.005572892231130209,-0.4776146712974791,-0.10373501887733205,-0.7367096423209833,-0.16766701323866262,-0.8723060871537112,-0.22296002526426267,-0.9765298924706174,-0.11612148505312872,-0.42970033575449185,-0.20397476044921836,-0.7151548871557463,-0.2634951392096487,-0.8806052811466893,-0.3071641192231893,-1.0,-0.20157298381044825,-0.3750732725396871,-0.2682941498622858,-0.6450265707215832,-0.3074764701115269,-0.7939085580509304,-0.3379724738735471,-0.9080520025162507,-0.2637155473699474,-0.32344615881089345,-0.3037122694118173,-0.5505939391208313,-0.32733882494286287,-0.6693310675931683,-0.34964774669451354,-0.7699165937726791,0.0,0.0,0.0,0.0,0.0,0.0,0.0,0.0,0.0,0.0,0.0,0.0,0.0,0.0,0.0,0.0,0.0,0.0,0.0,0.0,0.0,0.0,0.0,0.0,0.0,0.0,0.0,0.0,0.0,0.0,0.0,0.0,0.0,0.0,0.0,0.0,0.0,0.0,0.0,0.0,0.0,0.0,thank you
0.0,0.0,0.11924431645717974,-0.19039364710588613,0.1884702026003565,-0.4003016138448075,0.20350449555472658,-0.594130286976811,0.20257798869632054,-0.7520573739187211,-0.00853469575932709,-0.4832426483011761,-0.10405788560487107,-0.73531185311354,-0.16308831429360507,-0.8704195493686554,-0.2159326644688317,-0.977469911634316,-0.11425334305931381,-0.4332449220510481,-0.19767389842364433,-0.7122972526816385,-0.2556116331698329,-0.87655238886077,-0.30102682913934314,-1.0,-0.19789609739487418,-0.37650728357875657,-0.2615036030616874,-0.646933598739714,-0.30417532571004774,-0.8011502216628839,-0.33829183339291913,-0.9215450925268311,-0.2635815886154268,-0.3205684152850709,-0.30665639350735346,-0.5473257928639746,-0.331974136187635,-0.6723297210903795,-0.3553151029121375,-0.7773379601986555,0.0,0.0,0.0,0.0,0.0,0.0,0.0,0.0,0.0,0.0,0.0,0.0,0.0,0.0,0.0,0.0,0.0,0.0,0.0,0.0,0.0,0.0,0.0,0.0,0.0,0.0,0.0,0.0,0.0,0.0,0.0,0.0,0.0,0.0,0.0,0.0,0.0,0.0,0.0,0.0,0.0,0.0,thank you
0.0,0.0,0.12339873583819683,-0.18647132150983683,0.19279026664002552,-0.3936164898708998,0.20616811950340122,-0.5882238586309835,0.2073624974278378,-0.7486419729155048,-0.007834097774967866,-0.4780958022312948,-0.10447414566937352,-0.7349345850692321,-0.1659980287545367,-0.8712873261740243,-0.22037540148096899,-0.9788982050035637,-0.11730196587747263,-0.4261923649279347,-0.2017812782378676,-0.7085078551596828,-0.25988884531538436,-0.875100463436528,-0.30547836997981037,-1.0,-0.2023870410740753,-0.37034550475514505,-0.26596026643127035,-0.6424485791226914,-0.304667579722117,-0.7954120827505584,-0.33629520295478066,-0.9126687562067393,-0.2664008889988996,-0.3197082049737416,-0.3069556857458972,-0.5503830657787613,-0.3311145327909675,-0.6748964052355803,-0.3546446912063366,-0.7778190524900022,0.0,0.0,0.0,0.0,0.0,0.0,0.0,0.0,0.0,0.0,0.0,0.0,0.0,0.0,0.0,0.0,0.0,0.0,0.0,0.0,0.0,0.0,0.0,0.0,0.0,0.0,0.0,0.0,0.0,0.0,0.0,0.0,0.0,0.0,0.0,0.0,0.0,0.0,0.0,0.0,0.0,0.0,thank you
0.0,0.0,0.12700664465370348,-0.18349784820373055,0.19918373447785212,-0.38357374827963064,0.20979984509396274,-0.5751851398910223,0.2131043131043131,-0.7360340948576243,-0.0015671133318192142,-0.49187985658573896,-0.09391867627161744,-0.7469901058136352,-0.15222216398686986,-0.8783446018740136,-0.2030802619037913,-0.9802554979025567,-0.10889350889350889,-0.44356858474505534,-0.19227624521742168,-0.721875915993563,-0.24960118489530253,-0.881492999140058,-0.2933886375062846,-1.0,-0.1918602506837801,-0.38536487360016775,-0.2580823874941522,-0.6534559769853887,-0.2995515877868819,-0.8029012852542264,-0.3321825057119175,-0.9181529299176358,-0.25557807322513204,-0.32558240205299027,-0.3033208709679298,-0.5537444360973772,-0.3299660682013623,-0.6760179054296701,-0.3530230941995648,-0.778163684046037,0.0,0.0,0.0,0.0,0.0,0.0,0.0,0.0,0.0,0.0,0.0,0.0,0.0,0.0,0.0,0.0,0.0,0.0,0.0,0.0,0.0,0.0,0.0,0.0,0.0,0.0,0.0,0.0,0.0,0.0,0.0,0.0,0.0,0.0,0.0,0.0,0.0,0.0,0.0,0.0,0.0,0.0,thank you
0.0,0.0,0.11831017676211171,-0.19169315450412822,0.1897835701949047,-0.3955986285433141,0.20351904715535488,-0.584494544410904,0.20955960660308218,-0.7389072421728056,-0.005367746167762568,-0.49465224142967695,-0.10009768297620451,-0.7440980724781033,-0.1569842302981227,-0.8767191640059245,-0.20642452631956582,-0.9829260817646486,-0.11031247277330478,-0.4464610164974554,-0.1951244612317485,-0.7201574407675237,-0.250292895177864,-0.878988115067061,-0.2917308746880141,-1.0,-0.19379010972678493,-0.38813618216388807,-0.2597024410494001,-0.6514037955935035,-0.30111592294012435,-0.8014354169976579,-0.33258009132794525,-0.9201035255046869,-0.25961818563865496,-0.3267884030934651,-0.3030923375751457,-0.5494789387098262,-0.327158019895347,-0.6692144874206262,-0.34748417648536034,-0.7699972837367582,0.0,0.0,0.0,0.0,0.0,0.0,0.0,0.0,0.0,0.0,0.0,0.0,0.0,0.0,0.0,0.0,0.0,0.0,0.0,0.0,0.0,0.0,0.0,0.0,0.0,0.0,0.0,0.0,0.0,0.0,0.0,0.0,0.0,0.0,0.0,0.0,0.0,0.0,0.0,0.0,0.0,0.0,thank you
0.0,0.0,0.12235764439229255,-0.18818587580194465,0.19009030288714865,-0.39528059559087314,0.19897946032922462,-0.5816955697034257,0.20168292704569568,-0.7355189384223975,-0.010193142794847104,-0.4957985980678537,-0.09963128398612181,-0.7426608569034531,-0.15504643599168594,-0.8715629358854149,-0.20234041285545326,-0.9736716230223136,-0.11368926865689931,-0.4463726516326649,-0.19420825144691245,-0.7190120726395055,-0.24698078375181853,-0.8788066886082132,-0.2872789383547896,-1.0,-0.19398514572226463,-0.3881234653558642,-0.255373023898088,-0.649463088467758,-0.2938140768725986,-0.7993390070358588,-0.32491271199797517,-0.9167667755011322,-0.2551254103476266,-0.3275492047421798,-0.29387302241916746,-0.5463635245802929,-0.3172961656661417,-0.6620937035592547,-0.3388739330116611,-0.7589524341130344,0.0,0.0,0.0,0.0,0.0,0.0,0.0,0.0,0.0,0.0,0.0,0.0,0.0,0.0,0.0,0.0,0.0,0.0,0.0,0.0,0.0,0.0,0.0,0.0,0.0,0.0,0.0,0.0,0.0,0.0,0.0,0.0,0.0,0.0,0.0,0.0,0.0,0.0,0.0,0.0,0.0,0.0,thank you
0.0,0.0,0.12492840109508613,-0.18445568249777206,0.19427123173652885,-0.3917068301664347,0.20606555325064912,-0.5790181241247389,0.20775118992726171,-0.7338018510336239,-0.007763172112320147,-0.4913029663396885,-0.0970231758995465,-0.7424305220488253,-0.15262244027897096,-0.8767794882109207,-0.20109016487272674,-0.9821566007396859,-0.11501571057031991,-0.4382520559610836,-0.19565688585150007,-0.7145689462417127,-0.24794243415949785,-0.8774496347038314,-0.28909738841857624,-1.0,-0.1975398006463961,-0.3774232097064258,-0.2586555774396852,-0.6427928761630476,-0.29793071943392735,-0.7947633571942858,-0.330319528501018,-0.9108876338501007,-0.2581797135187933,-0.3178300262859185,-0.29546859437201045,-0.541655959371834,-0.32000179732775874,-0.659842669630831,-0.3437317659494116,-0.7542533012524593,0.0,0.0,0.0,0.0,0.0,0.0,0.0,0.0,0.0,0.0,0.0,0.0,0.0,0.0,0.0,0.0,0.0,0.0,0.0,0.0,0.0,0.0,0.0,0.0,0.0,0.0,0.0,0.0,0.0,0.0,0.0,0.0,0.0,0.0,0.0,0.0,0.0,0.0,0.0,0.0,0.0,0.0,thank you
0.0,0.0,0.1494271585053616,-0.21337217302460376,0.2492715022217534,-0.40675245342905314,0.30058330535644917,-0.5672545700367063,0.3169437815078036,-0.7086221883231416,0.23368288379298255,-0.478312758912962,0.28472049655842063,-0.6694471125319875,0.2886761406031985,-0.8241442369816204,0.2831669765254502,-0.9551615914401215,0.1694153321439354,-0.476973249365491,0.19833142820049637,-0.6806348233940169,0.19255044037813251,-0.8483321550923507,0.18173530385262826,-1.0,0.09373321175644457,-0.44159119669727387,0.12583123464440957,-0.6231775722420624,0.12761786720463425,-0.7548650195635336,0.12489692504460242,-0.8742740801521672,0.012774194595373113,-0.37779849137821736,0.029437598700925924,-0.4843594848737186,0.03724086728002816,-0.5642702563629239,0.044612057817316184,-0.6446171629647586,0.0,0.0,0.11714692737807005,-0.19162449167521264,0.18443739007466273,-0.39743518607369055,0.19772841459675747,-0.5798258950204461,0.20137984517377314,-0.7297414797595944,-0.010081525623877628,-0.49077089552417424,-0.09504577398208294,-0.7410774298680972,-0.14919165234359785,-0.8729723854714797,-0.19650097166219185,-0.9769840850197347,-0.11004468710432047,-0.4422939713860662,-0.19021818717492944,-0.7158934167846566,-0.24448200102138223,-0.8771640998291241,-0.2876623816048495,-1.0,-0.19037833573012183,-0.3847388436186349,-0.2543733502359689,-0.6456428169347523,-0.2964205057169335,-0.7984406404810723,-0.33079195418880947,-0.9169481777988407,-0.2537255754413931,-0.3252453961098262,-0.2959216734305496,-0.5433405291386597,-0.3222760112478249,-0.6619553398772295,-0.3467014946255581,-0.7595158378434953,thank you
0.0,0.0,0.1799931477942793,-0.1539179417678041,0.3236798944081597,-0.33410531962940326,0.4036243402766371,-0.5075108911441559,0.4480557317545582,-0.6622223602130177,0.30047084545315716,-0.4297325798554538,0.36134716963830243,-0.6461373668684661,0.37007452586021716,-0.8140340971244202,0.3555069097887983,-0.9545295859686467,0.21869727944327452,-0.4607693171369044,0.25121294510906667,-0.6794622643110194,0.24695215839064866,-0.8469550104678454,0.22921187720471886,-1.0,0.11581238530768678,-0.4713989005422918,0.15078065685142952,-0.6671481502474267,0.15019146824573065,-0.8142629853450165,0.13880157160284212,-0.944963213619499,-0.0014998676852794187,-0.4686598233661659,-0.0010473260693213608,-0.6246023789212,6.372045888839028e-05,-0.7314036443770215,-0.002591960535916136,-0.8233026259688488,0.0,0.0,0.11387345445269091,-0.19188508655748235,0.17920046646858453,-0.4019922855024616,0.186152852735549,-0.5914691824386422,0.18674709909154788,-0.7401783650139451,-0.01252449928082297,-0.49422574300724187,-0.10476410651791906,-0.7495924663501453,-0.16115236872883895,-0.8820800216835006,-0.20948812589185353,-0.9834695195350802,-0.11387436552414511,-0.4468094847093739,-0.2016690829040858,-0.7256442698730308,-0.2578942633247047,-0.8834158802032145,-0.30048582885294967,-1.0,-0.19467182636800226,-0.3892591508586279,-0.2645605731550518,-0.6555605537947834,-0.30637863901868495,-0.8053381954179939,-0.33898600024826697,-0.9204208694582655,-0.2579295673435548,-0.326286803016102,-0.2999399831679549,-0.5500559739524671,-0.3236916159788267,-0.6664002541889357,-0.34576152476918576,-0.7597087760096665,thank you
0.0,0.0,0.18822006055580498,-0.14034931146194968,0.349576679767819,-0.29573629859917655,0.44906459790301373,-0.4472166098139517,0.5071719399160383,-0.592528812122957,0.32489337933287726,-0.42542916976928186,0.4082175616490767,-0.6242276767889203,0.4487561148519262,-0.7786717534681061,0.47240337787000797,-0.9029248461562042,0.24630470287261746,-0.4716123807635402,0.31102017867183107,-0.6852898595994688,0.333656626157733,-0.8442009260699996,0.35010866752007175,-0.9891316958768427,0.14264430895334224,-0.5022398973740914,0.18833937947179166,-0.7097376264343976,0.19560677452061928,-0.8612703215635085,0.19995677356994823,-1.0,0.020048682117722566,-0.5222524927952716,0.017112466711962586,-0.6804274682621384,0.013174748469904666,-0.7845422441346507,0.013686558714413375,-0.8764857145185316,0.0,0.0,0.1222763059256777,-0.1883568418955628,0.18865416791895967,-0.3999345928809878,0.19323635115792479,-0.5909130165924503,0.1923321668296087,-0.7420564320646885,-0.008318680065913794,-0.49288225451890644,-0.10223547253764652,-0.7488117898635087,-0.15849711022596547,-0.8818929372978338,-0.206259737657573,-0.9828304009525487,-0.11221811892350016,-0.44431194129020146,-0.1999889452756599,-0.7238032397251519,-0.25590995927025,-0.8839060486615147,-0.2978498561158535,-1.0,-0.19449336543809528,-0.38586446217038783,-0.2629244121707909,-0.6525769598817145,-0.3045757346497668,-0.803859250328475,-0.3371306311441524,-0.9178684649018259,-0.2578705606933155,-0.32330163160822056,-0.2977997643961875,-0.5480126254164234,-0.3221620737741635,-0.6646452642597307,-0.34483174364094255,-0.7571613310348719,thank you
0.0,0.0,0.18612234286875406,-0.16454022173993965,0.35782928449340123,-0.3367997629947357,0.4700631444861272,-0.48912174864806257,0.5408902382176112,-0.629161038929993,0.342001755341583,-0.45030701402394985,0.44629132864673066,-0.627180303291607,0.5107292692963779,-0.7596027259020458,0.5531844594213862,-0.8634099217780176,0.26500513966747546,-0.4881565669070301,0.3562314626195912,-0.6809636791139965,0.4052657686193419,-0.8236863539267231,0.44562581854754024,-0.9560925549952958,0.16562130212877854,-0.5220963013177015,0.22942852361771118,-0.7171343024139362,0.2621127960644832,-0.8601745779410936,0.29040615325771246,-1.0,0.05128269707892719,-0.5499943651486149,0.060734946836030944,-0.7262375755795786,0.06987407814685105,-0.8365308269059031,0.08712995674824679,-0.9355253474398139,0.0,0.0,0.11406055845943214,-0.18912659694975584,0.1791166777476846,-0.40445540477148234,0.1819250891355493,-0.599833605683667,0.17655344134242254,-0.7511316365251042,-0.006984741617319333,-0.4869602479919882,-0.10475656177299471,-0.74339656874389,-0.16030027370313296,-0.8780869189478245,-0.20816860017498856,-0.9804053384644216,-0.1077148951560633,-0.4375053266473216,-0.19863518463920246,-0.721410794622384,-0.25341233681360853,-0.8819335640254056,-0.29511416631553566,-1.0,-0.18912755186692273,-0.37975145893438406,-0.26094687198977284,-0.6537873805309101,-0.3009531266972161,-0.8073628888154133,-0.33156478695201186,-0.9225182598067009,-0.2539931651803779,-0.3170126848809159,-0.2997371590498097,-0.5503445460502836,-0.3235335754844116,-0.6675164633687807,-0.34612452836044305,-0.7572120715853654,thank you
0.0,0.0,0.11279926165341533,-0.19282222063194737,0.17759910957723363,-0.40825790389149275,0.18332237765109682,-0.5991201517417322,0.17911446118085778,-0.7481838282326086,-0.014513881255159684,-0.48988843402109444,-0.10804171668040123,-0.7461318818222484,-0.16203269588722952,-0.8810232582617034,-0.2084210956026523,-0.984974115817423,-0.11606309587660582,-0.43772586104161854,-0.20382487335796948,-0.7181886211898879,-0.25832687181704234,-0.8796116843888045,-0.30021016220065844,-1.0,-0.19654100462253554,-0.3791767770030516,-0.2651149682654093,-0.6478600269576181,-0.3060704070423273,-0.8016482953032216,-0.33788295396670703,-0.9185121027704474,-0.25933366335635377,-0.3177214246665894,-0.300373821157525,-0.5416892604557908,-0.32443648323337965,-0.6568296690203554,-0.3471788073086082,-0.7469318556564888,0.0,0.0,0.0,0.0,0.0,0.0,0.0,0.0,0.0,0.0,0.0,0.0,0.0,0.0,0.0,0.0,0.0,0.0,0.0,0.0,0.0,0.0,0.0,0.0,0.0,0.0,0.0,0.0,0.0,0.0,0.0,0.0,0.0,0.0,0.0,0.0,0.0,0.0,0.0,0.0,0.0,0.0,thank you
0.0,0.0,0.11385388389503252,-0.18679723464548476,0.1803294968665572,-0.40140591553086297,0.1867170427410437,-0.5906642719990228,0.18234670808508188,-0.7418471150031357,-0.01254047456724923,-0.4831033422893374,-0.11201369071943808,-0.7401025066052805,-0.17066823442253637,-0.875604728889295,-0.22048726885242156,-0.9787076838740784,-0.1130626405530709,-0.42782753427521164,-0.20533844707756368,-0.7147601268968613,-0.2616776047100206,-0.8795728626623017,-0.3043252980879569,-1.0,-0.19336378474010127,-0.3675028638192499,-0.2660861732770782,-0.6422259286495634,-0.30943846301663575,-0.7980445092379584,-0.3435922695997207,-0.9147885292308181,-0.2564219315672577,-0.3059008331516809,-0.2988084426434231,-0.5360756812960203,-0.3220457227922275,-0.6530697113439021,-0.34460360620263275,-0.7444110214958993,0.0,0.0,0.0,0.0,0.0,0.0,0.0,0.0,0.0,0.0,0.0,0.0,0.0,0.0,0.0,0.0,0.0,0.0,0.0,0.0,0.0,0.0,0.0,0.0,0.0,0.0,0.0,0.0,0.0,0.0,0.0,0.0,0.0,0.0,0.0,0.0,0.0,0.0,0.0,0.0,0.0,0.0,thank you
0.0,0.0,0.1121921428291961,-0.19449294821783505,0.17669941200384828,-0.40766351270502327,0.17991391879367122,-0.5942300561826138,0.1748190576774139,-0.7443583540253497,-0.023798647398972736,-0.5055999941959575,-0.11707505274812346,-0.7540920443418487,-0.17235622622188698,-0.88373569944802,-0.21910856642998783,-0.9841098788172916,-0.12323018806911681,-0.4484832922602315,-0.21144178895102037,-0.7211460703911173,-0.26714893769178927,-0.8806572249058722,-0.30966005152642434,-1.0,-0.19975959862972772,-0.3817114100480932,-0.2708663751344452,-0.6390836453222137,-0.31499730915258645,-0.7911485241537564,-0.3501910540529966,-0.9087692605468393,-0.2584690438539465,-0.3112163899943488,-0.30105646530180113,-0.5238039591343582,-0.3281386720506071,-0.6367184979759697,-0.35352902630189986,-0.7295264341750318,0.0,0.0,0.0,0.0,0.0,0.0,0.0,0.0,0.0,0.0,0.0,0.0,0.0,0.0,0.0,0.0,0.0,0.0,0.0,0.0,0.0,0.0,0.0,0.0,0.0,0.0,0.0,0.0,0.0,0.0,0.0,0.0,0.0,0.0,0.0,0.0,0.0,0.0,0.0,0.0,0.0,0.0,thank you
0.0,0.0,0.11187307560363047,-0.19093479605104335,0.17618709050327597,-0.4021729002638567,0.18100575783629025,-0.5955961764070593,0.17460575021282182,-0.7479464281932804,-0.016501367989056086,-0.49026287201467095,-0.11391844159364373,-0.7457737396924354,-0.1726257660526951,-0.8797755206193645,-0.22255419015471406,-0.9823328766311046,-0.11682515363406505,-0.43897334115444725,-0.20730857682550305,-0.7182678420925573,-0.2666257787584758,-0.8798925196833719,-0.31197403361949577,-1.0,-0.19647822229186873,-0.377622420197109,-0.2679662386230322,-0.6429498269896193,-0.3148140403112069,-0.79412585287553,-0.3521513004366553,-0.9097712218302254,-0.25923710257376764,-0.3124544709524677,-0.30196505486779635,-0.5320238614561672,-0.32817972750335644,-0.6465026809197291,-0.35271247241786774,-0.738798795491989,0.0,0.0,0.0,0.0,0.0,0.0,0.0,0.0,0.0,0.0,0.0,0.0,0.0,0.0,0.0,0.0,0.0,0.0,0.0,0.0,0.0,0.0,0.0,0.0,0.0,0.0,0.0,0.0,0.0,0.0,0.0,0.0,0.0,0.0,0.0,0.0,0.0,0.0,0.0,0.0,0.0,0.0,thank you
0.0,0.0,0.1196351156649007,-0.18978948528129777,0.18395142149044977,-0.4025857338600212,0.18890944369391774,-0.5942329064423002,0.18285477896542834,-0.7485249743555186,-0.014488998276819208,-0.4953350575837604,-0.11294508818599656,-0.7493788099035297,-0.17114843421588857,-0.8838882595873992,-0.22092653858866038,-0.9871801659858445,-0.11641524913386365,-0.4404406251370469,-0.20562542049996846,-0.7171124902262169,-0.26263318283579296,-0.8795391266864121,-0.3067612116389043,-1.0,-0.19690362274427506,-0.3765045742909127,-0.2666451135363285,-0.6403464438404576,-0.31196939455491984,-0.7928736152247462,-0.34897312436958433,-0.9087706265596605,-0.2589113904282709,-0.31095818906641254,-0.30191576844129686,-0.5338988489665729,-0.32805615900755053,-0.6486957414651209,-0.3530021692182792,-0.7386062558629328,0.0,0.0,0.0,0.0,0.0,0.0,0.0,0.0,0.0,0.0,0.0,0.0,0.0,0.0,0.0,0.0,0.0,0.0,0.0,0.0,0.0,0.0,0.0,0.0,0.0,0.0,0.0,0.0,0.0,0.0,0.0,0.0,0.0,0.0,0.0,0.0,0.0,0.0,0.0,0.0,0.0,0.0,thank you
0.0,0.0,0.11274260876336528,-0.19265663136832903,0.17874163621587905,-0.400423646324077,0.18046775612971386,-0.5933456434318389,0.175014365923615,-0.750616402364047,-0.01901797003769519,-0.48058480975816925,-0.11195231038016334,-0.7424544038977008,-0.1698815684578716,-0.879773304206613,-0.22049877161343198,-0.9857445303868624,-0.11768570148093964,-0.42995186690734594,-0.20477177856071255,-0.7131573083132928,-0.26232770211218426,-0.8762409852276056,-0.3073719486046484,-1.0,-0.19686769018867475,-0.3714929818907903,-0.26729702765519686,-0.6365668466238492,-0.31078939542173684,-0.7903737680581938,-0.3457805328687638,-0.9086484655039726,-0.2601622514060104,-0.3100758625698173,-0.30258197274713183,-0.533648845189604,-0.32856420566866507,-0.6498555675858373,-0.35495939848959673,-0.7430168909020972,0.0,0.0,0.0,0.0,0.0,0.0,0.0,0.0,0.0,0.0,0.0,0.0,0.0,0.0,0.0,0.0,0.0,0.0,0.0,0.0,0.0,0.0,0.0,0.0,0.0,0.0,0.0,0.0,0.0,0.0,0.0,0.0,0.0,0.0,0.0,0.0,0.0,0.0,0.0,0.0,0.0,0.0,thank you
0.0,0.0,0.12040221591490044,-0.18865837676501235,0.188977582257726,-0.3952551392225944,0.19148392600663733,-0.5878731369176305,0.1822963592163576,-0.746144113774241,-0.017665913923279087,-0.4881847233972528,-0.11345673491017637,-0.7456113493272185,-0.17210330928576426,-0.8796960665216316,-0.2207457512672628,-0.9827425104959694,-0.11758544694858526,-0.4371863352858589,-0.20707599554868364,-0.7178682284604977,-0.2641967846631816,-0.8788996105806283,-0.30703291555272827,-1.0,-0.1962227255617323,-0.37783110772236544,-0.2674027180900012,-0.6398789908121499,-0.31280637142094025,-0.7922550041196486,-0.34916903191233545,-0.9089287186094537,-0.2570909928253821,-0.3161522227833416,-0.3015108304695946,-0.539558397469468,-0.3281166224490114,-0.6545944489966553,-0.35511469447049415,-0.7459370692177426,0.0,0.0,0.0,0.0,0.0,0.0,0.0,0.0,0.0,0.0,0.0,0.0,0.0,0.0,0.0,0.0,0.0,0.0,0.0,0.0,0.0,0.0,0.0,0.0,0.0,0.0,0.0,0.0,0.0,0.0,0.0,0.0,0.0,0.0,0.0,0.0,0.0,0.0,0.0,0.0,0.0,0.0,thank you
0.0,0.0,0.12140525210195194,-0.1981167239592244,0.1870594660886262,-0.42654118156126186,0.18434622695143038,-0.6232551344302698,0.1627831777997659,-0.7763576631221122,-0.03081187287578068,-0.4997601296710778,-0.12211633828536221,-0.7561906240097265,-0.17757988475641698,-0.8908093213139485,-0.22489460109505507,-0.9904957261339311,-0.13371977148823666,-0.4389688750610699,-0.22265022614245594,-0.7203394165154249,-0.27875342682396986,-0.8810545946044462,-0.3210116119580062,-1.0,-0.21178433540926994,-0.3791256373760303,-0.27890981287174754,-0.6450554082822286,-0.3204619091208929,-0.7957407142844545,-0.35468252750424917,-0.9068241932743417,-0.2684507610297727,-0.32348248211702024,-0.3057413374769757,-0.5503239719234132,-0.3313788016948485,-0.6649664093351888,-0.36024363887992317,-0.7512315401262494,0.0,0.0,0.0,0.0,0.0,0.0,0.0,0.0,0.0,0.0,0.0,0.0,0.0,0.0,0.0,0.0,0.0,0.0,0.0,0.0,0.0,0.0,0.0,0.0,0.0,0.0,0.0,0.0,0.0,0.0,0.0,0.0,0.0,0.0,0.0,0.0,0.0,0.0,0.0,0.0,0.0,0.0,thank you
0.0,0.0,0.12326288494697724,-0.1945814558553183,0.18618761178946505,-0.41262571973037443,0.18890873007167688,-0.6072507579380575,0.17383362363859992,-0.7637935951491964,-0.025022120237567697,-0.4909244869933003,-0.11553272113290716,-0.7421410634971474,-0.17053657480735285,-0.8754357869612717,-0.21873017405153541,-0.9773389317643687,-0.12631452710953942,-0.43404191218302246,-0.2142645916786957,-0.7156105258693436,-0.2675035063318723,-0.8780033432636747,-0.3084726725488217,-1.0,-0.2030905445307804,-0.3734226625307307,-0.2730495800445476,-0.6401960913357406,-0.31658791130845043,-0.7952164712042038,-0.3526256904804735,-0.9112464406526823,-0.25853431671500215,-0.3169688912678808,-0.30368972875104383,-0.5403705669947043,-0.3318209672064736,-0.6593518514456033,-0.36076593790538536,-0.7505545049966144,0.0,0.0,0.0,0.0,0.0,0.0,0.0,0.0,0.0,0.0,0.0,0.0,0.0,0.0,0.0,0.0,0.0,0.0,0.0,0.0,0.0,0.0,0.0,0.0,0.0,0.0,0.0,0.0,0.0,0.0,0.0,0.0,0.0,0.0,0.0,0.0,0.0,0.0,0.0,0.0,0.0,0.0,thank you
0.0,0.0,0.1259247291712726,-0.20061764012759745,0.19197165014200437,-0.4252168937846052,0.1861056177373077,-0.6252872886029635,0.16928435376463472,-0.7812643492457612,-0.01655705563802365,-0.4854348322550394,-0.11196177421666784,-0.742732448670698,-0.16925459236601903,-0.8786160099318039,-0.2177441102799515,-0.9835689747744815,-0.1224098472572138,-0.4298508650241614,-0.2134223300381189,-0.7166991207632524,-0.2695049525396798,-0.8788012594537994,-0.3112655093329317,-1.0,-0.2043095719946454,-0.3709075040026044,-0.27509235144203087,-0.642114930018197,-0.319889178269563,-0.7972228363463206,-0.35578598031617537,-0.91272834281244,-0.2660113287674894,-0.31417104179472166,-0.3102293267607208,-0.5466515997055443,-0.3367432405182614,-0.6649528555150909,-0.36495810931300976,-0.7551687653514153,0.0,0.0,0.0,0.0,0.0,0.0,0.0,0.0,0.0,0.0,0.0,0.0,0.0,0.0,0.0,0.0,0.0,0.0,0.0,0.0,0.0,0.0,0.0,0.0,0.0,0.0,0.0,0.0,0.0,0.0,0.0,0.0,0.0,0.0,0.0,0.0,0.0,0.0,0.0,0.0,0.0,0.0,thank you
0.0,0.0,0.12633172783343122,-0.196043024235853,0.19322690699176168,-0.419255036138375,0.20526615464348325,-0.6202198757829006,0.2070879315287806,-0.7821658636087749,-0.018632872849150037,-0.5076805017215422,-0.11734755937018747,-0.756397697958877,-0.17622457988426973,-0.8886012381061773,-0.2258633808988726,-0.9912079865023454,-0.12349898179424083,-0.4452646272578593,-0.21366400410916003,-0.7210633560172681,-0.2701882040870499,-0.8818425567203582,-0.31255175327548773,-1.0,-0.2026000044959335,-0.37661079904747796,-0.27111094824472287,-0.6388250339735522,-0.3174429285894871,-0.7925185203205416,-0.35477118623973364,-0.9062742599493314,-0.2595684088614233,-0.31153585707119497,-0.3023832450724107,-0.5346862808437204,-0.3310129492122724,-0.6520994315723542,-0.36071290108114884,-0.7428082770751427,0.0,0.0,0.0,0.0,0.0,0.0,0.0,0.0,0.0,0.0,0.0,0.0,0.0,0.0,0.0,0.0,0.0,0.0,0.0,0.0,0.0,0.0,0.0,0.0,0.0,0.0,0.0,0.0,0.0,0.0,0.0,0.0,0.0,0.0,0.0,0.0,0.0,0.0,0.0,0.0,0.0,0.0,thank you
0.0,0.0,0.12540180717145347,-0.19478630016975224,0.1906874271283162,-0.42118158550879525,0.20425587611636256,-0.6213540234121652,0.20725671546233332,-0.7810263975696936,-0.02103149723701136,-0.5082760006630802,-0.12272509922279465,-0.750612068121924,-0.1848573837286656,-0.8833914145927659,-0.23686812513447594,-0.9877820985007534,-0.1250968149614114,-0.4473220109605804,-0.21808146934627637,-0.7169270985269925,-0.2780306517171092,-0.8782371079823685,-0.3225650709214932,-1.0,-0.20491648677374116,-0.3795350227061761,-0.27521966076099263,-0.6401116617228911,-0.3234044168922467,-0.7928260152181235,-0.3616358695534735,-0.9092342565521618,-0.26405441456158757,-0.3133233130427079,-0.3058820279018481,-0.5350100496167995,-0.33530698484639415,-0.6556424947992345,-0.3645785195962125,-0.7524580736037577,0.0,0.0,0.0,0.0,0.0,0.0,0.0,0.0,0.0,0.0,0.0,0.0,0.0,0.0,0.0,0.0,0.0,0.0,0.0,0.0,0.0,0.0,0.0,0.0,0.0,0.0,0.0,0.0,0.0,0.0,0.0,0.0,0.0,0.0,0.0,0.0,0.0,0.0,0.0,0.0,0.0,0.0,thank you
0.0,0.0,0.12484734834138546,-0.19405189694511932,0.18820848690875389,-0.4222706684033391,0.20165353385125587,-0.6246201029070788,0.20662983935780072,-0.7839052959271336,-0.021654211276669777,-0.5040411505146893,-0.12415760610175545,-0.7474591928168273,-0.1863911392755859,-0.8813831179428437,-0.23787885786075214,-0.9868619499382619,-0.1263213644579519,-0.4427298396657213,-0.22052075539092064,-0.7142370188355057,-0.28026336452569445,-0.8773585951428597,-0.32417115461003393,-1.0,-0.20696547285833494,-0.3768052617479423,-0.27820799423572556,-0.638859585107726,-0.32447399456212145,-0.7911645250785967,-0.360901468473545,-0.9055173220757546,-0.2668600408302772,-0.31373295274341895,-0.3079087877472218,-0.538802619788828,-0.3354244224178545,-0.6592470108603611,-0.3629340526359547,-0.7550830000092377,0.0,0.0,0.0,0.0,0.0,0.0,0.0,0.0,0.0,0.0,0.0,0.0,0.0,0.0,0.0,0.0,0.0,0.0,0.0,0.0,0.0,0.0,0.0,0.0,0.0,0.0,0.0,0.0,0.0,0.0,0.0,0.0,0.0,0.0,0.0,0.0,0.0,0.0,0.0,0.0,0.0,0.0,thank you
0.0,0.0,0.12919853685092336,-0.19541032059520289,0.19921485620819174,-0.41843055759254055,0.21542266265290852,-0.6163944287976375,0.21640051903759294,-0.7777466360746041,-0.015339947251064549,-0.5046267180069752,-0.1162757312638118,-0.7555144636984411,-0.1789390180544542,-0.8908936619245655,-0.23215093603259396,-0.9961208900202096,-0.1223404916439422,-0.4382483848435057,-0.21538040384505436,-0.7133383091008071,-0.2756546697225585,-0.8772362988244594,-0.3206073212141701,-1.0,-0.20443350825165368,-0.36981273133590037,-0.27344291829383793,-0.6347978288916012,-0.31953515932813464,-0.790024373388883,-0.3565229577188198,-0.9078863635798678,-0.2648962297685957,-0.3076490928028279,-0.3054841057166224,-0.5342864973165657,-0.33435665936666475,-0.6558719234966429,-0.36364418829530454,-0.7526595083560578,0.0,0.0,0.0,0.0,0.0,0.0,0.0,0.0,0.0,0.0,0.0,0.0,0.0,0.0,0.0,0.0,0.0,0.0,0.0,0.0,0.0,0.0,0.0,0.0,0.0,0.0,0.0,0.0,0.0,0.0,0.0,0.0,0.0,0.0,0.0,0.0,0.0,0.0,0.0,0.0,0.0,0.0,thank you
0.0,0.0,0.13166684712421287,-0.19048031522010328,0.20091358594251407,-0.4094845347882919,0.2193142927084167,-0.6124380756007275,0.22155981226138413,-0.7803542930850238,-0.016854107135291375,-0.5040307939033595,-0.11747158578245608,-0.7582876304982669,-0.18131213035625457,-0.8951946509244919,-0.23632688864514043,-1.0,-0.12378916909499756,-0.4400057118736358,-0.21361246192738073,-0.7172117269159491,-0.27343398156822313,-0.8804363620386367,-0.32008304185516634,-0.9997159755142648,-0.20668163679701979,-0.3713314157757556,-0.272346685622555,-0.6411656615965943,-0.31602086403073115,-0.7928990740174087,-0.3529335335627498,-0.9067765731582739,-0.26901826387287003,-0.30844180401055127,-0.3074952649509077,-0.5393273484195842,-0.3326736433123218,-0.6612570201908456,-0.3589843535461477,-0.7585035518752677,0.0,0.0,0.0,0.0,0.0,0.0,0.0,0.0,0.0,0.0,0.0,0.0,0.0,0.0,0.0,0.0,0.0,0.0,0.0,0.0,0.0,0.0,0.0,0.0,0.0,0.0,0.0,0.0,0.0,0.0,0.0,0.0,0.0,0.0,0.0,0.0,0.0,0.0,0.0,0.0,0.0,0.0,thank you
0.0,0.0,0.13264763668688861,-0.19057367380359064,0.20337622449948947,-0.41225597300328964,0.2209443438205202,-0.616618339921247,0.2216024012174691,-0.7831829846237277,-0.013275018291604986,-0.5064207780050292,-0.11076062249964927,-0.757905968253449,-0.1745415460070826,-0.8943736092560869,-0.22967870316138073,-1.0,-0.12069187877903301,-0.44058138049872697,-0.2122222522800808,-0.7130520588829256,-0.2739082129463671,-0.8763786333921978,-0.32167525307843153,-0.9994259298520881,-0.20485307893480262,-0.36990186388781066,-0.27086737123685223,-0.6358592839253439,-0.3155209065338305,-0.7881961111701783,-0.3527096425540428,-0.9044910844546837,-0.26900817035508046,-0.3041829424728237,-0.3071224961891179,-0.5313407699271544,-0.33314627559015986,-0.6555956583310633,-0.3600446862494314,-0.7568886844954505,0.0,0.0,0.0,0.0,0.0,0.0,0.0,0.0,0.0,0.0,0.0,0.0,0.0,0.0,0.0,0.0,0.0,0.0,0.0,0.0,0.0,0.0,0.0,0.0,0.0,0.0,0.0,0.0,0.0,0.0,0.0,0.0,0.0,0.0,0.0,0.0,0.0,0.0,0.0,0.0,0.0,0.0,thank you
0.0,0.0,0.13359198240973838,-0.18655151451270122,0.19739651381409132,-0.41196749380443337,0.2199625324485909,-0.620248227124203,0.2376137692332205,-0.7899583407892576,-0.022378803440592423,-0.49352621502967253,-0.11928151037006714,-0.7400824972484575,-0.1803813797177616,-0.87893458315051,-0.2320065056513863,-0.9836197429605862,-0.12664265246241602,-0.4333624216515138,-0.2146160219437043,-0.710467566116685,-0.2709356224859236,-0.8767621515223567,-0.313813417231887,-1.0,-0.20537322926905796,-0.37031441121893943,-0.26685595522033173,-0.6439265062396894,-0.3086014197713952,-0.8013383281897669,-0.3423755310047971,-0.9175925290413356,-0.26242437854360673,-0.3096680254833277,-0.3002758589837555,-0.5403024368003176,-0.3285585288011119,-0.6673299375173121,-0.3567169502369145,-0.7661293090135384,0.0,0.0,0.0,0.0,0.0,0.0,0.0,0.0,0.0,0.0,0.0,0.0,0.0,0.0,0.0,0.0,0.0,0.0,0.0,0.0,0.0,0.0,0.0,0.0,0.0,0.0,0.0,0.0,0.0,0.0,0.0,0.0,0.0,0.0,0.0,0.0,0.0,0.0,0.0,0.0,0.0,0.0,thank you
0.0,0.0,0.13772772831790578,-0.18993649080318498,0.2067760276592303,-0.4196807457228423,0.22331714234314318,-0.6275733621173158,0.23006112061002693,-0.796697703177274,-0.014165831417172729,-0.5093002196592786,-0.11622802840301809,-0.7531298801624844,-0.17699639746688858,-0.8899611325529608,-0.22706087419252916,-0.9952185934852051,-0.12415692712845003,-0.44667510230861446,-0.21517553845246787,-0.7098060558233897,-0.27174165770946623,-0.8740295610291483,-0.31498384680390457,-1.0,-0.20768792357731689,-0.37651323775962653,-0.27402729338346343,-0.6369831846513646,-0.31745573177682135,-0.7959868718432482,-0.35170761278891693,-0.9190755866777328,-0.26861366725171926,-0.3089954480792285,-0.3078903487487887,-0.5305444314936679,-0.3386742436267818,-0.656926070215381,-0.36763132314102187,-0.7590475283417917,0.0,0.0,0.0,0.0,0.0,0.0,0.0,0.0,0.0,0.0,0.0,0.0,0.0,0.0,0.0,0.0,0.0,0.0,0.0,0.0,0.0,0.0,0.0,0.0,0.0,0.0,0.0,0.0,0.0,0.0,0.0,0.0,0.0,0.0,0.0,0.0,0.0,0.0,0.0,0.0,0.0,0.0,thank you
0.0,0.0,0.1291473775728182,-0.17682657785084208,0.19943143876179734,-0.39692744454051926,0.22834402610388177,-0.5995002923758115,0.23617738493855364,-0.76132081514139,-0.024690336653251776,-0.47877132178775056,-0.1311898568722549,-0.7270203287181841,-0.18510680316406375,-0.8731145318487996,-0.22214364251630603,-0.9852821693454933,-0.12708918233219824,-0.42024545334856295,-0.22392784663139179,-0.6917021609715654,-0.2755019315781296,-0.8643693518983078,-0.31013111839381896,-1.0,-0.20412235067780185,-0.3582958819489665,-0.27672184444657943,-0.6207156268644147,-0.31919284112191654,-0.7857318231796492,-0.349651224716609,-0.9142745818077009,-0.2607760946894352,-0.29855692076674817,-0.3116348077851435,-0.5159134282932013,-0.3462410137434423,-0.643103429870726,-0.3762219885587948,-0.7423742101998237,0.0,0.0,0.0,0.0,0.0,0.0,0.0,0.0,0.0,0.0,0.0,0.0,0.0,0.0,0.0,0.0,0.0,0.0,0.0,0.0,0.0,0.0,0.0,0.0,0.0,0.0,0.0,0.0,0.0,0.0,0.0,0.0,0.0,0.0,0.0,0.0,0.0,0.0,0.0,0.0,0.0,0.0,thank you
0.0,0.0,0.12867059140382855,-0.17405915306740422,0.19763678000065488,-0.3936313533735443,0.22292092127585325,-0.598133129357917,0.22576963501832328,-0.7596021299422911,-0.0239189298016402,-0.4877353684463286,-0.12320915553056666,-0.7367371976763086,-0.175371856407364,-0.8782917511197065,-0.2145382042395303,-0.9880667891659791,-0.12817412405076062,-0.4293436689792861,-0.21790123220070143,-0.6987381233534053,-0.26656314501301054,-0.8664889256511378,-0.3007873860123642,-1.0,-0.20767881305658992,-0.3687156540020785,-0.27651446879320674,-0.6312734313858814,-0.3156576599484771,-0.79055036488728,-0.3459489532444569,-0.9156091046743744,-0.26551504726764485,-0.313413969700447,-0.31101865484191366,-0.5334546133557683,-0.343407766070955,-0.6613024790033838,-0.37430718025127796,-0.7659898328913899,0.0,0.0,0.0,0.0,0.0,0.0,0.0,0.0,0.0,0.0,0.0,0.0,0.0,0.0,0.0,0.0,0.0,0.0,0.0,0.0,0.0,0.0,0.0,0.0,0.0,0.0,0.0,0.0,0.0,0.0,0.0,0.0,0.0,0.0,0.0,0.0,0.0,0.0,0.0,0.0,0.0,0.0,thank you
0.0,0.0,0.1370912135902456,-0.1775914461284524,0.21589618811118597,-0.3915595847123875,0.23547357826965065,-0.5795096580672202,0.22201316528532983,-0.7056711341296282,-0.020853331275490473,-0.49151449085619714,-0.1277119271335123,-0.7389045108877658,-0.18874076216569502,-0.880707163561101,-0.24003951529553558,-0.9914224475507792,-0.13075568879171734,-0.42718844372001047,-0.2216474956415654,-0.7027837724559893,-0.2799431599453454,-0.8732058550734711,-0.3229715643621281,-1.0,-0.2132855454309556,-0.35923986662115065,-0.27880756646042093,-0.6259984489598518,-0.324331007165829,-0.7843786163814699,-0.361275275459841,-0.90289475459193,-0.27378303286962163,-0.2991696073889126,-0.31959350141864507,-0.5258096791856361,-0.35134667455637336,-0.6515243402262233,-0.38169121694798536,-0.7528167460497223,0.0,0.0,0.0,0.0,0.0,0.0,0.0,0.0,0.0,0.0,0.0,0.0,0.0,0.0,0.0,0.0,0.0,0.0,0.0,0.0,0.0,0.0,0.0,0.0,0.0,0.0,0.0,0.0,0.0,0.0,0.0,0.0,0.0,0.0,0.0,0.0,0.0,0.0,0.0,0.0,0.0,0.0,thank you
0.0,0.0,0.13127845072575975,-0.17633433168744986,0.20187626700661002,-0.39553784188560703,0.2261201794226222,-0.5921046932205339,0.22483936787288614,-0.743522148573566,-0.023795843515522202,-0.48611373663932833,-0.12228551856803835,-0.7441311436284573,-0.1852985782561514,-0.886989106073858,-0.24021412644779752,-0.992171129044704,-0.13134987784241917,-0.425112397309177,-0.22097828759081498,-0.7071316103429908,-0.28049486083329916,-0.8754830294621079,-0.32721292825074416,-1.0,-0.2130937665928204,-0.3627347234178535,-0.28162550332451636,-0.6363358634979035,-0.3259706988182398,-0.7941278304429256,-0.3655920949401203,-0.9123769997799815,-0.27313112670395984,-0.30537559332555186,-0.31483567030046145,-0.5403016748654861,-0.34648032125564854,-0.6670727589885576,-0.380604554525711,-0.7657004117242592,0.0,0.0,0.0,0.0,0.0,0.0,0.0,0.0,0.0,0.0,0.0,0.0,0.0,0.0,0.0,0.0,0.0,0.0,0.0,0.0,0.0,0.0,0.0,0.0,0.0,0.0,0.0,0.0,0.0,0.0,0.0,0.0,0.0,0.0,0.0,0.0,0.0,0.0,0.0,0.0,0.0,0.0,thank you
0.0,0.0,0.12416044770829092,-0.18348332748253124,0.19413726945807583,-0.4049359975182769,0.2217149636673697,-0.6067529409496221,0.22913914946540304,-0.7669953513061656,-0.035649816167609316,-0.4826182972634693,-0.13039538000250667,-0.7438908268686224,-0.18984798878914486,-0.8859921589799982,-0.24159667916413116,-0.9913610402366938,-0.14147409588094081,-0.42135104188701694,-0.22776019386476765,-0.7086694708927794,-0.28488873929487535,-0.8759215013290489,-0.3315381579104073,-1.0,-0.21986430487083528,-0.3618741886619962,-0.286222041625574,-0.6401008114939621,-0.329133846880634,-0.7943782393263505,-0.36905635541722837,-0.910890488297167,-0.27629812662799275,-0.30899012131293135,-0.3161527223810477,-0.5434400788071849,-0.3450624428979675,-0.6681446794658398,-0.3783069555734136,-0.7658463634193108,0.0,0.0,0.0,0.0,0.0,0.0,0.0,0.0,0.0,0.0,0.0,0.0,0.0,0.0,0.0,0.0,0.0,0.0,0.0,0.0,0.0,0.0,0.0,0.0,0.0,0.0,0.0,0.0,0.0,0.0,0.0,0.0,0.0,0.0,0.0,0.0,0.0,0.0,0.0,0.0,0.0,0.0,thank you
0.0,0.0,0.12882314145704946,-0.17536759543581706,0.20049244385189807,-0.38220053754671623,0.22086759188999439,-0.5688526427016332,0.21420626759614497,-0.6988385303274213,-0.023949337285743666,-0.48955953790839013,-0.12297792370807951,-0.7522905305259874,-0.18758394735162506,-0.8949602513279106,-0.24552666104062804,-0.9995172007857543,-0.13043053378814418,-0.4286130869222968,-0.22074419726120656,-0.7101230400465212,-0.2844697222202523,-0.8765599846820461,-0.33501740998929164,-1.0,-0.21350745686506725,-0.3613945011382091,-0.2862793682762338,-0.6326618490756041,-0.33291672280885887,-0.7919671514988192,-0.37146605583961534,-0.9113740062831978,-0.27805532901688523,-0.29705342136429075,-0.3300176581968783,-0.5189388061924247,-0.3647925339157938,-0.649584500499961,-0.3955024785300438,-0.7569959790370964,0.0,0.0,0.0,0.0,0.0,0.0,0.0,0.0,0.0,0.0,0.0,0.0,0.0,0.0,0.0,0.0,0.0,0.0,0.0,0.0,0.0,0.0,0.0,0.0,0.0,0.0,0.0,0.0,0.0,0.0,0.0,0.0,0.0,0.0,0.0,0.0,0.0,0.0,0.0,0.0,0.0,0.0,thank you
0.0,0.0,0.11957817300173625,-0.20748650025392995,0.17399288842551522,-0.41999670639592573,0.17163343184715527,-0.615595138517548,0.16043863282418105,-0.7774794255309593,-0.057364755902864016,-0.5013619705425887,-0.16204858334718464,-0.752641696950806,-0.2295022089795624,-0.8880479791359011,-0.2888028209834057,-0.9938287149301223,-0.16155665402071132,-0.4402746359089599,-0.2614436427107513,-0.713056261129829,-0.33035597411027584,-0.8772418484258837,-0.38517212152247426,-1.0,-0.2404628473399157,-0.36829000145486707,-0.32208540031300753,-0.6276137224290215,-0.37515628304880255,-0.7827804774497524,-0.4205999580046287,-0.9045254043206097,-0.29712761640951857,-0.2971201309457135,-0.3567973193594439,-0.5157668819281327,-0.391821612568516,-0.6329738903183779,-0.42275346836086386,-0.7326378505740199,0.0,0.0,0.0,0.0,0.0,0.0,0.0,0.0,0.0,0.0,0.0,0.0,0.0,0.0,0.0,0.0,0.0,0.0,0.0,0.0,0.0,0.0,0.0,0.0,0.0,0.0,0.0,0.0,0.0,0.0,0.0,0.0,0.0,0.0,0.0,0.0,0.0,0.0,0.0,0.0,0.0,0.0,thank you
0.0,0.0,0.12057037788336372,-0.1972687375337409,0.17637333396232813,-0.40465716589688516,0.17841658423395068,-0.5954366304945521,0.17073338827209725,-0.7546411707558699,-0.04555851052067501,-0.4924997899255673,-0.14332475590825128,-0.7360447922916689,-0.20495396052959397,-0.8705982035319041,-0.258475766255707,-0.9772669058321085,-0.14638428731695882,-0.436533565471724,-0.23690637387941876,-0.7046817851461897,-0.2995512146724829,-0.8711759082217974,-0.35010590331268954,-1.0,-0.22341056578573,-0.3680518802767381,-0.2952036874328315,-0.6241239527605255,-0.3441267979791577,-0.7798703730184822,-0.3861194792807641,-0.9044717844238285,-0.2807186867473254,-0.29717129248110435,-0.3348117475096966,-0.5095548854467804,-0.3706456545550771,-0.6295363178153438,-0.4028827740439402,-0.7317091508422879,0.0,0.0,0.0,0.0,0.0,0.0,0.0,0.0,0.0,0.0,0.0,0.0,0.0,0.0,0.0,0.0,0.0,0.0,0.0,0.0,0.0,0.0,0.0,0.0,0.0,0.0,0.0,0.0,0.0,0.0,0.0,0.0,0.0,0.0,0.0,0.0,0.0,0.0,0.0,0.0,0.0,0.0,thank you
0.0,0.0,0.11881887969511994,-0.19868038706267074,0.17327916696250373,-0.40192639177549444,0.17496646044190808,-0.59443694990571,0.16866373716733202,-0.7554504337559808,-0.04888374328604773,-0.494573078319933,-0.15008380707533195,-0.738619690592233,-0.21187725990081435,-0.8724201305003852,-0.2657720492158862,-0.9787740785031971,-0.1516627405526992,-0.4372528676368635,-0.24231712716259984,-0.7092543159063933,-0.3029290284735886,-0.8747200390170354,-0.3508644823421522,-1.0,-0.23004902778960093,-0.36653077368297987,-0.30274381279257667,-0.6279029049773857,-0.34973302177199644,-0.7843041187581015,-0.38925691431604764,-0.9064652446910104,-0.2878895709352825,-0.29201831005235107,-0.34257949590852704,-0.5110376650445503,-0.37753944359834013,-0.6312758191402795,-0.4094387323626904,-0.7298808188670562,0.0,0.0,0.0,0.0,0.0,0.0,0.0,0.0,0.0,0.0,0.0,0.0,0.0,0.0,0.0,0.0,0.0,0.0,0.0,0.0,0.0,0.0,0.0,0.0,0.0,0.0,0.0,0.0,0.0,0.0,0.0,0.0,0.0,0.0,0.0,0.0,0.0,0.0,0.0,0.0,0.0,0.0,thank you
0.0,0.0,0.11737202431623481,-0.19496302429144743,0.17589049552497402,-0.39710027506750034,0.18274158147438568,-0.5849697675432652,0.18383204508335163,-0.741366529841558,-0.04049461127876263,-0.4953547191092756,-0.1319361455485763,-0.7441316792253022,-0.1894450287470235,-0.8773010419563427,-0.24016334699775121,-0.9809008745601372,-0.14099964049258487,-0.4424087032999958,-0.2250395195808509,-0.7149122481661413,-0.28476931547218953,-0.878520146618233,-0.33249243216084223,-1.0,-0.21821801564571927,-0.37523618117364427,-0.2862243525293165,-0.6297569371632784,-0.3323267005089735,-0.7779834546979948,-0.3715548035310974,-0.8932547036759678,-0.2754869859944089,-0.3036672470289978,-0.33002355524427596,-0.515188057478487,-0.36309588534988285,-0.627167651497456,-0.3926841417063521,-0.7222335705382679,0.0,0.0,0.0,0.0,0.0,0.0,0.0,0.0,0.0,0.0,0.0,0.0,0.0,0.0,0.0,0.0,0.0,0.0,0.0,0.0,0.0,0.0,0.0,0.0,0.0,0.0,0.0,0.0,0.0,0.0,0.0,0.0,0.0,0.0,0.0,0.0,0.0,0.0,0.0,0.0,0.0,0.0,thank you
0.0,0.0,0.11572546159817122,-0.19315195058348628,0.1755158556867535,-0.3895634449909939,0.1821224956392902,-0.5755711631181291,0.18362387529989332,-0.7295678368423656,-0.03531276281262134,-0.487579317583172,-0.1294967984684753,-0.7283542053044596,-0.18731513028387944,-0.8605530244872407,-0.23700880398925314,-0.9660588899577862,-0.13556940495396563,-0.4373456490241655,-0.21966979968673359,-0.7077052078317316,-0.27746304029292296,-0.873885176220367,-0.3215207123483272,-1.0,-0.21323897615053872,-0.36973373778227164,-0.28073610845666286,-0.6230232664910638,-0.3256018598102535,-0.7746021085869236,-0.3619798423275531,-0.8924387907959038,-0.2717128825386182,-0.2944633132710431,-0.32138271069764596,-0.5015830595544299,-0.35436821936763746,-0.6141769247003914,-0.38539599088744225,-0.7075893611849314,0.0,0.0,0.0,0.0,0.0,0.0,0.0,0.0,0.0,0.0,0.0,0.0,0.0,0.0,0.0,0.0,0.0,0.0,0.0,0.0,0.0,0.0,0.0,0.0,0.0,0.0,0.0,0.0,0.0,0.0,0.0,0.0,0.0,0.0,0.0,0.0,0.0,0.0,0.0,0.0,0.0,0.0,thank you
0.0,0.0,0.1186593116194979,-0.19094820149440384,0.182583996877306,-0.3899922229655351,0.19546141952794363,-0.5783647599266991,0.19635459497094704,-0.7316962710285261,-0.02603583015950346,-0.49763966418979383,-0.11781617704170105,-0.7413372377208401,-0.17263747490194106,-0.8733859008422256,-0.21912597868817152,-0.9783581358121682,-0.1265162674662645,-0.4466912232912507,-0.20883619077773855,-0.7165522491883884,-0.26245893791503655,-0.8786256114368217,-0.30199329146400944,-1.0,-0.20401714745647953,-0.3793736593705705,-0.2700783796551842,-0.6320893888255328,-0.31312792398180567,-0.7832185618489343,-0.34753236883465716,-0.9005521505466829,-0.2620472707973121,-0.30476380936626396,-0.3098836378880991,-0.5135938800381858,-0.34169450789804157,-0.6260715247766634,-0.3703753937905586,-0.7190938931334123,0.0,0.0,0.0,0.0,0.0,0.0,0.0,0.0,0.0,0.0,0.0,0.0,0.0,0.0,0.0,0.0,0.0,0.0,0.0,0.0,0.0,0.0,0.0,0.0,0.0,0.0,0.0,0.0,0.0,0.0,0.0,0.0,0.0,0.0,0.0,0.0,0.0,0.0,0.0,0.0,0.0,0.0,thank you
0.0,0.0,0.12194221190581145,-0.18937292972469172,0.18729235374118233,-0.3895188761993125,0.19678098284986845,-0.5801646439761239,0.19827161315402872,-0.7330612213470505,-0.023639075706548406,-0.5086528880068425,-0.11485314743261342,-0.7583645378482328,-0.17226679660871064,-0.8903369262638482,-0.22238651359977868,-0.993753963869402,-0.12623132598724468,-0.45557464293207767,-0.20967142427241484,-0.7238776480526705,-0.2659071070213344,-0.8830847009284312,-0.30829794896713214,-1.0,-0.20611680906118432,-0.385783409088555,-0.27416167169852934,-0.6418520994448956,-0.3159661428378019,-0.7947547266006012,-0.3497078091446897,-0.913416305214942,-0.26644865442245225,-0.3070274941635618,-0.315514150584093,-0.5200800148201394,-0.3472272140585265,-0.6344390964958089,-0.37451540994762444,-0.7305703599594444,0.0,0.0,0.0,0.0,0.0,0.0,0.0,0.0,0.0,0.0,0.0,0.0,0.0,0.0,0.0,0.0,0.0,0.0,0.0,0.0,0.0,0.0,0.0,0.0,0.0,0.0,0.0,0.0,0.0,0.0,0.0,0.0,0.0,0.0,0.0,0.0,0.0,0.0,0.0,0.0,0.0,0.0,thank you
0.0,0.0,0.1196669084113422,-0.1892910219760733,0.1831494994091804,-0.3846157787719627,0.1922772366735274,-0.5737980979946172,0.19500541958256312,-0.7257537501992426,-0.029342423372336394,-0.4984034054340031,-0.11580082361550847,-0.7395403337540533,-0.1693406812002614,-0.8680268052937875,-0.2164829974436553,-0.9709156999167161,-0.12840503597530434,-0.4481411920666022,-0.20843094163485648,-0.7156028528433731,-0.26206550237599696,-0.8781425664061278,-0.3029421296919009,-1.0,-0.20485152832594283,-0.3796011780157648,-0.26827766343248527,-0.6334918307318788,-0.30908255425118353,-0.7871922170292562,-0.3423845760674967,-0.9085160189245272,-0.2637717147017546,-0.30304095037682705,-0.30755678117605034,-0.5128121933013118,-0.3361435008106041,-0.6268805439090498,-0.36180586017641686,-0.7246101752731248,0.0,0.0,0.0,0.0,0.0,0.0,0.0,0.0,0.0,0.0,0.0,0.0,0.0,0.0,0.0,0.0,0.0,0.0,0.0,0.0,0.0,0.0,0.0,0.0,0.0,0.0,0.0,0.0,0.0,0.0,0.0,0.0,0.0,0.0,0.0,0.0,0.0,0.0,0.0,0.0,0.0,0.0,thank you
0.0,0.0,0.12169121751901792,-0.18840871719497124,0.18554372283530857,-0.3831326321702548,0.19210000768178562,-0.5724697637401752,0.1956741463546994,-0.7248008556665819,-0.02759576060769341,-0.4962193331293413,-0.1151882834985895,-0.7394655493915897,-0.16963215980460764,-0.8691982580863628,-0.21675505609078513,-0.9716919783641317,-0.1282215602971586,-0.44658418127840677,-0.20760025601063056,-0.7158316834605656,-0.26094191525065447,-0.8789203919507353,-0.30059762091983055,-1.0,-0.20524438620057966,-0.3787492476341842,-0.26911366677660725,-0.6336594944945064,-0.3095113339338204,-0.7868893003360002,-0.3418681515918805,-0.9070711111510377,-0.26363943201720574,-0.3023589315241231,-0.30793968459944987,-0.5127604725746504,-0.33678387287029826,-0.627109809750221,-0.3625568135879971,-0.7247495215384252,0.0,0.0,0.0,0.0,0.0,0.0,0.0,0.0,0.0,0.0,0.0,0.0,0.0,0.0,0.0,0.0,0.0,0.0,0.0,0.0,0.0,0.0,0.0,0.0,0.0,0.0,0.0,0.0,0.0,0.0,0.0,0.0,0.0,0.0,0.0,0.0,0.0,0.0,0.0,0.0,0.0,0.0,thank you
0.0,0.0,0.11593354540913686,-0.18131533201662625,0.1804266053614626,-0.37730385772347735,0.1928266247632417,-0.5608170762899491,0.19888572306095648,-0.7043326252788431,-0.02191904027829588,-0.48882874460088893,-0.10311419723344252,-0.7268191767994483,-0.15632247192655524,-0.8588127565408984,-0.20283216273785243,-0.9632712724907163,-0.11990870119170918,-0.4406385173359222,-0.19765516430168367,-0.7063968714907332,-0.2514271766462957,-0.8731627099646635,-0.2928423357864435,-1.0,-0.196550606659946,-0.3764613345460366,-0.2600592196048535,-0.6252081572516036,-0.2985473608196166,-0.7810327913076348,-0.32796535438665664,-0.9038718238215375,-0.2577797866779911,-0.305345162528096,-0.3057327379159268,-0.4977743637518807,-0.3350808740335811,-0.6146732120979849,-0.3578413330237148,-0.7177890660298318,0.0,0.0,0.0,0.0,0.0,0.0,0.0,0.0,0.0,0.0,0.0,0.0,0.0,0.0,0.0,0.0,0.0,0.0,0.0,0.0,0.0,0.0,0.0,0.0,0.0,0.0,0.0,0.0,0.0,0.0,0.0,0.0,0.0,0.0,0.0,0.0,0.0,0.0,0.0,0.0,0.0,0.0,thank you
0.0,0.0,0.11287522308948848,-0.1971979761281812,0.17674059542261158,-0.4017966538068965,0.19248131221386347,-0.5888189637505695,0.20337583888611444,-0.7336348316059856,-0.015991810601252286,-0.50635116125913,-0.10080501232588077,-0.7523261991122182,-0.1546268312239729,-0.8857893239368804,-0.20227377183889408,-0.9910622939468883,-0.11223773928026406,-0.45893342830595246,-0.19085427605595692,-0.7253789785535644,-0.24501194784729835,-0.8810105829475071,-0.28836044894459023,-1.0,-0.18946540098408082,-0.39514803989645864,-0.2572201408274158,-0.6480154237655715,-0.3034363242412968,-0.7933308926961944,-0.340853082266052,-0.9051378727857684,-0.2539362237639798,-0.32538076923842174,-0.3058893635309122,-0.5307058680742776,-0.34119629686371494,-0.6464125618532395,-0.3716966341093631,-0.743241656900802,0.0,0.0,0.0,0.0,0.0,0.0,0.0,0.0,0.0,0.0,0.0,0.0,0.0,0.0,0.0,0.0,0.0,0.0,0.0,0.0,0.0,0.0,0.0,0.0,0.0,0.0,0.0,0.0,0.0,0.0,0.0,0.0,0.0,0.0,0.0,0.0,0.0,0.0,0.0,0.0,0.0,0.0,thank you
0.0,0.0,0.1201318293264947,-0.181461961831764,0.18378495187492191,-0.38948417372139277,0.20117040517649276,-0.5760654804212147,0.2143836528357848,-0.7216830156060852,-0.024188305370467855,-0.49819502792872694,-0.10467875306990682,-0.7411626625591194,-0.15638612309942299,-0.8748823757135805,-0.2013129676551135,-0.9780343174104427,-0.11917772584170239,-0.44695590190226686,-0.19593174616504885,-0.715388964107438,-0.2476009151855668,-0.8760023924278021,-0.2893889272378315,-1.0,-0.19459491568125817,-0.38338491664396457,-0.258126675774825,-0.6408150641019076,-0.3005614421751429,-0.7936739948423517,-0.33587023537147154,-0.9144639466455827,-0.25600534199632535,-0.3140395365080796,-0.30338626852953765,-0.5211858904112395,-0.3359143764837456,-0.642195830866825,-0.3660172836522213,-0.7431593565843997,0.0,0.0,0.0,0.0,0.0,0.0,0.0,0.0,0.0,0.0,0.0,0.0,0.0,0.0,0.0,0.0,0.0,0.0,0.0,0.0,0.0,0.0,0.0,0.0,0.0,0.0,0.0,0.0,0.0,0.0,0.0,0.0,0.0,0.0,0.0,0.0,0.0,0.0,0.0,0.0,0.0,0.0,thank you
0.0,0.0,0.12218834456481384,-0.17818894191779344,0.1890487361213954,-0.38208915908049124,0.20559997676960634,-0.5714664393406717,0.21718260956138113,-0.7219651668543765,-0.021421948988544513,-0.4987660927514949,-0.10458758791770634,-0.743614649252168,-0.1595368025437281,-0.8777131336763965,-0.20694941374368164,-0.9793226680936765,-0.11619096213238421,-0.4445133751065591,-0.19478093946200897,-0.7151885291634776,-0.24936303090264597,-0.8775801811555877,-0.29418483096777404,-1.0,-0.19197400270053327,-0.37878173178436386,-0.25835101539635824,-0.6383403128221402,-0.30294797843721677,-0.7906806712754109,-0.34131235130992454,-0.9086960489663511,-0.2540081762689084,-0.3072843877235666,-0.30155021394777726,-0.5215934805559531,-0.33302428613207724,-0.6421015624513873,-0.3624354163944355,-0.7395590788319261,0.0,0.0,0.0,0.0,0.0,0.0,0.0,0.0,0.0,0.0,0.0,0.0,0.0,0.0,0.0,0.0,0.0,0.0,0.0,0.0,0.0,0.0,0.0,0.0,0.0,0.0,0.0,0.0,0.0,0.0,0.0,0.0,0.0,0.0,0.0,0.0,0.0,0.0,0.0,0.0,0.0,0.0,thank you
0.0,0.0,0.11568395085038738,-0.18573862673053135,0.18195195771957126,-0.3875993951896225,0.19959586922220632,-0.5690425084343679,0.21400851004491472,-0.7132544458391354,-0.01360260372469825,-0.50044680875481,-0.1018041892840818,-0.7371199012971636,-0.15696119811870454,-0.8687261370887643,-0.20530791911408228,-0.9730069915230841,-0.10631298439016722,-0.45086781801209835,-0.19121379327965854,-0.7129279192569918,-0.2480138284440597,-0.8726678412673735,-0.2941928719766789,-1.0,-0.181279416894546,-0.38700697030318687,-0.25081810282426004,-0.6395274285576944,-0.2992389851952241,-0.7909554302041852,-0.3394086837449308,-0.9113062427421997,-0.24362271715587552,-0.3176443229088062,-0.295270647880273,-0.5256255160170167,-0.33243675658634214,-0.6450630068551094,-0.36672984277571846,-0.7441391401654329,0.0,0.0,0.0,0.0,0.0,0.0,0.0,0.0,0.0,0.0,0.0,0.0,0.0,0.0,0.0,0.0,0.0,0.0,0.0,0.0,0.0,0.0,0.0,0.0,0.0,0.0,0.0,0.0,0.0,0.0,0.0,0.0,0.0,0.0,0.0,0.0,0.0,0.0,0.0,0.0,0.0,0.0,thank you
0.0,0.0,0.1138023754861579,-0.18277213749161408,0.17792176176146196,-0.390480790796662,0.19617596342200988,-0.5742344103834948,0.20899622921053232,-0.7159417510085405,-0.01545707678429294,-0.5068343150539909,-0.10212941095769597,-0.7455423437294756,-0.15437676162217828,-0.8763100237024513,-0.19862295221314083,-0.9789412963821583,-0.10663383461883558,-0.45720792016633005,-0.18982000252582445,-0.7194215311451002,-0.2432691567655045,-0.8785145597704869,-0.284580810582654,-1.0,-0.18184130401248247,-0.3926036284448353,-0.24891251365448153,-0.6472846891545788,-0.2928122016479959,-0.8017132004497157,-0.32792160210821564,-0.9228241712372455,-0.24514634862565532,-0.31959673131448685,-0.2907284515187593,-0.533046295147323,-0.31882951488645406,-0.6506627316362157,-0.343446944418539,-0.7476090274772046,0.0,0.0,0.0,0.0,0.0,0.0,0.0,0.0,0.0,0.0,0.0,0.0,0.0,0.0,0.0,0.0,0.0,0.0,0.0,0.0,0.0,0.0,0.0,0.0,0.0,0.0,0.0,0.0,0.0,0.0,0.0,0.0,0.0,0.0,0.0,0.0,0.0,0.0,0.0,0.0,0.0,0.0,thank you
0.0,0.0,0.11801214415462777,-0.17707586814917833,0.18706472802486304,-0.3832677284080266,0.20824759458462236,-0.5715112164022366,0.22084054721425936,-0.7151387725995516,-0.01439745763914512,-0.5004394849998581,-0.10447347834416598,-0.7507499184003633,-0.15935122967104703,-0.8838504562484035,-0.20513372583941192,-0.9860639794368915,-0.11156976414157183,-0.4470808616921636,-0.1942497090795561,-0.7166326224704113,-0.24857932371640223,-0.8786047969942952,-0.2897749446541594,-1.0,-0.1886366297221355,-0.3848261040785627,-0.25357951884596824,-0.6465391997559107,-0.2962306289558085,-0.8014576622058865,-0.33054815442908636,-0.9193795589362246,-0.24862400395226067,-0.32047215146311697,-0.287419309489683,-0.5422267033037209,-0.3138869720858286,-0.6609976353844407,-0.33810177514687934,-0.756617331408055,0.0,0.0,0.0,0.0,0.0,0.0,0.0,0.0,0.0,0.0,0.0,0.0,0.0,0.0,0.0,0.0,0.0,0.0,0.0,0.0,0.0,0.0,0.0,0.0,0.0,0.0,0.0,0.0,0.0,0.0,0.0,0.0,0.0,0.0,0.0,0.0,0.0,0.0,0.0,0.0,0.0,0.0,thank you
0.0,0.0,0.11622279502511579,-0.1804663840096911,0.17570212630303803,-0.39087679829495,0.19234207566159492,-0.5761213299754535,0.2088781918454525,-0.7096774340454407,-0.02521187887951253,-0.49803764407991513,-0.11158331929156629,-0.7427305392493955,-0.160791591334484,-0.8744431490598088,-0.20185556258908932,-0.9772846713998807,-0.11987972657263996,-0.4503155982020466,-0.19938815846399766,-0.7205234467149096,-0.24892751260343468,-0.8795817526857725,-0.286858727679283,-1.0,-0.19401046529102892,-0.3919561168214297,-0.2560757207980581,-0.6498608726540761,-0.29326097648725086,-0.8010100964100135,-0.32353278714654593,-0.9181585095385344,-0.2509570413010115,-0.32733977584785706,-0.2880965284197775,-0.5441596116274939,-0.31007432269346896,-0.6584558003124104,-0.3296316199341479,-0.7511109694284166,0.0,0.0,0.0,0.0,0.0,0.0,0.0,0.0,0.0,0.0,0.0,0.0,0.0,0.0,0.0,0.0,0.0,0.0,0.0,0.0,0.0,0.0,0.0,0.0,0.0,0.0,0.0,0.0,0.0,0.0,0.0,0.0,0.0,0.0,0.0,0.0,0.0,0.0,0.0,0.0,0.0,0.0,thank you
0.0,0.0,0.11929209494920676,-0.17909898300885221,0.18605677543604104,-0.38169406548687185,0.20286420596604773,-0.5651839612724966,0.22220637149271324,-0.7018651407419643,-0.014091559236261797,-0.4935569912979495,-0.10124134675306148,-0.7396630301756177,-0.15188372363669128,-0.8735363624077425,-0.1928514982693506,-0.9777657541651963,-0.1114314366266978,-0.44931515463220884,-0.1891166179882421,-0.7207528230983504,-0.23870103688798455,-0.8799718628694992,-0.27509476807045735,-1.0,-0.18687001171285486,-0.3925751481000398,-0.24609125702958998,-0.6509956395894494,-0.284128706255115,-0.801924643546292,-0.3142207948223175,-0.919572903136192,-0.24489158101015865,-0.32792169093079654,-0.281376584238702,-0.5418300491038915,-0.303993046430958,-0.6567715880679045,-0.3241950227875093,-0.751170346955784,0.0,0.0,0.0,0.0,0.0,0.0,0.0,0.0,0.0,0.0,0.0,0.0,0.0,0.0,0.0,0.0,0.0,0.0,0.0,0.0,0.0,0.0,0.0,0.0,0.0,0.0,0.0,0.0,0.0,0.0,0.0,0.0,0.0,0.0,0.0,0.0,0.0,0.0,0.0,0.0,0.0,0.0,thank you
0.0,0.0,0.12296233404094939,-0.17738345313010784,0.18812746165648342,-0.3796917580024001,0.2053518181777354,-0.5660807107771241,0.22272296110491163,-0.7070646808033872,-0.019589248616697676,-0.49087785125502376,-0.10213001020886453,-0.7359624567175108,-0.151264927716559,-0.8706201926565669,-0.19238001274985303,-0.9769498068494177,-0.11692896365251852,-0.444572531276023,-0.19097053233354694,-0.7138253648327664,-0.2394861577582761,-0.8759104125454393,-0.2770485863003609,-1.0,-0.19213182317461885,-0.38647016985858157,-0.24685703358619518,-0.6428429099447672,-0.28393383785940507,-0.7957097240911948,-0.31509947556360896,-0.9146667511299126,-0.24872542834566047,-0.3238765226134977,-0.28203589672193574,-0.5375445825297703,-0.30466357666705984,-0.6515931288834282,-0.32689923526882597,-0.7434194897836898,0.0,0.0,0.0,0.0,0.0,0.0,0.0,0.0,0.0,0.0,0.0,0.0,0.0,0.0,0.0,0.0,0.0,0.0,0.0,0.0,0.0,0.0,0.0,0.0,0.0,0.0,0.0,0.0,0.0,0.0,0.0,0.0,0.0,0.0,0.0,0.0,0.0,0.0,0.0,0.0,0.0,0.0,thank you
0.0,0.0,0.1256681259162117,-0.1841975615849798,0.18961355807716196,-0.3943352655095015,0.20668883468405055,-0.5837122766600678,0.22947259316637753,-0.7177137275481096,-0.025662707662113662,-0.48941784873237937,-0.11672048130150477,-0.7402772440351544,-0.1716104054559812,-0.8762470764003929,-0.21693284676073693,-0.9795162402132785,-0.1241989261823082,-0.44033624280199996,-0.20232337745865822,-0.7174453232941781,-0.2540827548009243,-0.8787096227189402,-0.29305856430313726,-1.0,-0.1980025706605554,-0.3829579352839717,-0.25839528371082177,-0.6476664883994177,-0.2971347971315361,-0.8007983897751525,-0.32852818646018433,-0.918459289345806,-0.2523451508130893,-0.3206996872463329,-0.2902554957652331,-0.5426504393301032,-0.3156370060734615,-0.6622769610818848,-0.33826963038476626,-0.7598135618900075,0.0,0.0,0.0,0.0,0.0,0.0,0.0,0.0,0.0,0.0,0.0,0.0,0.0,0.0,0.0,0.0,0.0,0.0,0.0,0.0,0.0,0.0,0.0,0.0,0.0,0.0,0.0,0.0,0.0,0.0,0.0,0.0,0.0,0.0,0.0,0.0,0.0,0.0,0.0,0.0,0.0,0.0,thank you
0.0,0.0,0.12545657963239942,-0.1864341628326472,0.19220289946484861,-0.3960417615585412,0.21201322084003932,-0.584779955113666,0.23254553905219627,-0.7267863670039432,-0.036334303406181,-0.5056953219878411,-0.12381353921143366,-0.7507433232741484,-0.1770562175224212,-0.8824729774653232,-0.22151266221663626,-0.9827504021002792,-0.13577418068998393,-0.4541688402399108,-0.21165648770899262,-0.7239084612445643,-0.26311291534205794,-0.8822454954687138,-0.3022744580629184,-1.0,-0.20877858194961377,-0.39462646163645376,-0.26749556280855474,-0.6507657612710867,-0.3075435098093856,-0.802141329394448,-0.3406288274492185,-0.9185087107509543,-0.25966604608888655,-0.33258462459525007,-0.29720497006802227,-0.546539714479074,-0.3263876789546582,-0.6611358382892527,-0.3518999141255463,-0.753302754238274,0.0,0.0,0.0,0.0,0.0,0.0,0.0,0.0,0.0,0.0,0.0,0.0,0.0,0.0,0.0,0.0,0.0,0.0,0.0,0.0,0.0,0.0,0.0,0.0,0.0,0.0,0.0,0.0,0.0,0.0,0.0,0.0,0.0,0.0,0.0,0.0,0.0,0.0,0.0,0.0,0.0,0.0,thank you
0.0,0.0,0.1258599010234529,-0.18212283551725197,0.18870079277782525,-0.38753001860940817,0.2054985651214413,-0.5748567251107233,0.22494590003167395,-0.7198872335432969,-0.04320898579628984,-0.4950487203030992,-0.1274136536626253,-0.740240386365285,-0.17716497321654676,-0.873813550199582,-0.21823900117893144,-0.9766536985069364,-0.14246768135138016,-0.44045131364248513,-0.21826378274619518,-0.7136781602370976,-0.26703493968656994,-0.8776366232326677,-0.3042431722264715,-1.0,-0.21347409951916016,-0.37924161692498437,-0.27321277789236387,-0.6375006550336139,-0.31299997134631286,-0.7924727022001643,-0.3467443345077903,-0.9112706309774238,-0.2603511444824744,-0.3191112090900854,-0.2986935209366813,-0.5339485529500778,-0.32551246861324157,-0.6497721773730352,-0.34997006851328927,-0.7417154059001297,0.0,0.0,0.0,0.0,0.0,0.0,0.0,0.0,0.0,0.0,0.0,0.0,0.0,0.0,0.0,0.0,0.0,0.0,0.0,0.0,0.0,0.0,0.0,0.0,0.0,0.0,0.0,0.0,0.0,0.0,0.0,0.0,0.0,0.0,0.0,0.0,0.0,0.0,0.0,0.0,0.0,0.0,thank you
0.0,0.0,0.12152943412489994,-0.18955223081515032,0.18267842371969387,-0.3957115667236852,0.19547358812302074,-0.5863302843161662,0.21136434818223432,-0.7298613620727963,-0.04151963658071062,-0.5012744838220059,-0.1366318398770756,-0.7442019150718888,-0.19571103133875678,-0.8746032128449552,-0.24326204683011968,-0.9754036133128816,-0.14314854522530338,-0.4479699541978194,-0.22498802076222751,-0.720239424139971,-0.2796394450199832,-0.8803232654197551,-0.31982343005062064,-1.0,-0.21830748762591584,-0.38268618680115535,-0.28396642601114136,-0.6399769249095869,-0.3264896416400982,-0.7898694463852148,-0.36122702194810513,-0.9040509900605788,-0.2697562392421091,-0.3123299149005656,-0.311144840361599,-0.5287747983606513,-0.3412382918008475,-0.6376362220027144,-0.369808439272626,-0.7241188233310044,0.0,0.0,0.0,0.0,0.0,0.0,0.0,0.0,0.0,0.0,0.0,0.0,0.0,0.0,0.0,0.0,0.0,0.0,0.0,0.0,0.0,0.0,0.0,0.0,0.0,0.0,0.0,0.0,0.0,0.0,0.0,0.0,0.0,0.0,0.0,0.0,0.0,0.0,0.0,0.0,0.0,0.0,thank you
0.0,0.0,0.11674350363005542,-0.1939686483513357,0.1767806509036867,-0.3990890653978972,0.19071399444281123,-0.5913775515042479,0.20632370692399712,-0.7360053539761265,-0.03813488714246426,-0.5043106823474585,-0.13406291192898936,-0.7481162864106278,-0.19172572252260064,-0.877985431007271,-0.23932950661321722,-0.9796749410344608,-0.13810115384146432,-0.45521911066012954,-0.22479465361047926,-0.7216436381568341,-0.2831859138405431,-0.8798669092574203,-0.3259650230375415,-1.0,-0.21588892667139023,-0.3896735456408853,-0.2839715339710598,-0.6452015395390867,-0.3300756086557754,-0.7957349727627303,-0.366431165776821,-0.911417977275406,-0.27404879542310906,-0.31682614344375004,-0.3214794423302802,-0.5313623511975322,-0.3542659078254485,-0.64554727200556,-0.38312373076761547,-0.7387706718074953,0.0,0.0,0.0,0.0,0.0,0.0,0.0,0.0,0.0,0.0,0.0,0.0,0.0,0.0,0.0,0.0,0.0,0.0,0.0,0.0,0.0,0.0,0.0,0.0,0.0,0.0,0.0,0.0,0.0,0.0,0.0,0.0,0.0,0.0,0.0,0.0,0.0,0.0,0.0,0.0,0.0,0.0,thank you
0.0,0.0,0.11837906533857101,-0.1935901361319757,0.17981706112149817,-0.3963483884136901,0.19476166589578053,-0.5900166989135934,0.20905264609377883,-0.7355583712804744,-0.03363017878043643,-0.5067365675806553,-0.12741010490565874,-0.7508797330779637,-0.18536554117291953,-0.8810525418612882,-0.23484516589252327,-0.9818676182224452,-0.1319700049293282,-0.45834039074154903,-0.216215915432706,-0.7242971907172281,-0.27635236227739307,-0.8818636009285378,-0.3232048667887055,-1.0,-0.209431574627206,-0.39299557663368145,-0.2763174823944809,-0.6459206009003081,-0.3237161217261769,-0.796363643272987,-0.3628318067616485,-0.911788097518181,-0.26900695751874554,-0.3175144242566378,-0.31598120232177873,-0.5270681463337307,-0.3493175486255426,-0.6420506982491113,-0.3791230193112404,-0.7358764975277357,0.0,0.0,0.0,0.0,0.0,0.0,0.0,0.0,0.0,0.0,0.0,0.0,0.0,0.0,0.0,0.0,0.0,0.0,0.0,0.0,0.0,0.0,0.0,0.0,0.0,0.0,0.0,0.0,0.0,0.0,0.0,0.0,0.0,0.0,0.0,0.0,0.0,0.0,0.0,0.0,0.0,0.0,thank you
0.0,0.0,0.11879840257330423,-0.1962555633186188,0.18067713697219362,-0.399393819442239,0.19407333599495502,-0.5927494816643,0.20177634892045532,-0.7438213704024644,-0.037064972302499354,-0.5251962756956133,-0.14121698870776755,-0.7691378727593606,-0.20119279592771883,-0.8972152783133788,-0.25027788237749354,-0.9969430102941244,-0.1340031054773452,-0.4729966381903392,-0.23189808975714216,-0.7357812124291684,-0.2931955395908664,-0.8865341035401081,-0.3391908859117037,-1.0,-0.21519594110254653,-0.40095534827168505,-0.2951461037488034,-0.6510160287092194,-0.34564527123588473,-0.7972981326304233,-0.38599237468071884,-0.9112843496644996,-0.2816247158794467,-0.31682362295104277,-0.33523219624620604,-0.5275993911540399,-0.3689435819378723,-0.639555649065181,-0.39868805491409465,-0.7326051302757954,0.0,0.0,0.0,0.0,0.0,0.0,0.0,0.0,0.0,0.0,0.0,0.0,0.0,0.0,0.0,0.0,0.0,0.0,0.0,0.0,0.0,0.0,0.0,0.0,0.0,0.0,0.0,0.0,0.0,0.0,0.0,0.0,0.0,0.0,0.0,0.0,0.0,0.0,0.0,0.0,0.0,0.0,thank you
0.0,0.0,0.12261814757508951,-0.1909232089033288,0.1832241041620362,-0.39374105549391125,0.19457066513800178,-0.5893292095995808,0.20335905804035115,-0.7441414289641379,-0.04147018431224811,-0.5215090073661396,-0.1409146416290579,-0.7634682843511227,-0.20078444194434505,-0.8926530545693894,-0.2514874018160333,-0.9938942080363035,-0.14020723364001028,-0.4687277325957754,-0.23433583314668405,-0.7323577796714458,-0.29604852710104895,-0.8849336400961022,-0.34398264118624855,-1.0,-0.22018266744587384,-0.3963026561982871,-0.2970175301592369,-0.6458248769044307,-0.34737193498254076,-0.7937412271254493,-0.38917751592526134,-0.9105207558309669,-0.2830367111278166,-0.3123030349318809,-0.3350952740969964,-0.519972905101204,-0.3680109134773951,-0.6339122179056891,-0.3964064932787659,-0.7311603636414605,0.0,0.0,0.0,0.0,0.0,0.0,0.0,0.0,0.0,0.0,0.0,0.0,0.0,0.0,0.0,0.0,0.0,0.0,0.0,0.0,0.0,0.0,0.0,0.0,0.0,0.0,0.0,0.0,0.0,0.0,0.0,0.0,0.0,0.0,0.0,0.0,0.0,0.0,0.0,0.0,0.0,0.0,thank you
0.0,0.0,0.12214124423805628,-0.18802165100906645,0.18184500684711452,-0.3908469117348834,0.19283998031312163,-0.5892731007517015,0.2023276771534232,-0.7446658585324617,-0.0433222404761308,-0.5183043536711243,-0.14095628328141982,-0.7584150581833842,-0.19946194325895308,-0.8877369432019887,-0.24838021878866456,-0.9895137181540817,-0.1416475456341385,-0.46677554452219444,-0.23349543487721905,-0.7276822232501122,-0.29457346236137727,-0.8832313481638112,-0.3406880951350169,-1.0,-0.21931672404875235,-0.39464700333355357,-0.2933904552818482,-0.6418258440407318,-0.3424893077920391,-0.790436141827553,-0.3818100877023089,-0.9059071458355644,-0.2795041139651515,-0.3119216694655149,-0.3313349765648676,-0.5170773416334185,-0.3655229839747899,-0.6306132667685949,-0.3948970768175614,-0.7255084637627002,0.0,0.0,0.0,0.0,0.0,0.0,0.0,0.0,0.0,0.0,0.0,0.0,0.0,0.0,0.0,0.0,0.0,0.0,0.0,0.0,0.0,0.0,0.0,0.0,0.0,0.0,0.0,0.0,0.0,0.0,0.0,0.0,0.0,0.0,0.0,0.0,0.0,0.0,0.0,0.0,0.0,0.0,thank you
0.0,0.0,0.12334596463429907,-0.18752443006230213,0.1853271079757782,-0.3938061964249826,0.19584448645169183,-0.5921436414846487,0.20719401620029884,-0.7477183559696732,-0.04768486020615914,-0.5202722186137414,-0.1499296588966204,-0.7582872887946477,-0.20686925292796662,-0.8851840956289485,-0.25319738907805095,-0.9870432561377346,-0.1452574367876689,-0.4658477195210397,-0.24154741689409803,-0.729740742790401,-0.3008049177606189,-0.8842019415892138,-0.3451760275189542,-1.0,-0.22243721000678654,-0.39315666988031817,-0.30010674954198185,-0.6420089302618204,-0.3479162722419151,-0.7888712510230771,-0.3869421863121747,-0.9036108433068183,-0.2828679363988268,-0.31009533185563615,-0.33748408951233083,-0.5192842392238304,-0.371139321987493,-0.6297218104023278,-0.40165614705513986,-0.722547017857611,0.0,0.0,0.0,0.0,0.0,0.0,0.0,0.0,0.0,0.0,0.0,0.0,0.0,0.0,0.0,0.0,0.0,0.0,0.0,0.0,0.0,0.0,0.0,0.0,0.0,0.0,0.0,0.0,0.0,0.0,0.0,0.0,0.0,0.0,0.0,0.0,0.0,0.0,0.0,0.0,0.0,0.0,thank you
0.0,0.0,0.12623723221879068,-0.18626761981532794,0.18569179645797132,-0.39602258698493287,0.19220067254300288,-0.5921507075360188,0.20646112915078751,-0.7401127948358597,-0.04850107897564731,-0.5156403313333711,-0.14836075668967819,-0.7513598828857593,-0.20421387124321225,-0.880846007965216,-0.24930013968021228,-0.9844886671075572,-0.1460703047340093,-0.460597105181593,-0.23836883514407842,-0.720875683443663,-0.29682424516941697,-0.8786323130004162,-0.34131353100252804,-1.0,-0.22254055133116468,-0.3894693494451024,-0.29575986210592,-0.6359471374895735,-0.3439883516158952,-0.7871251384106575,-0.3837189958667966,-0.9054616539001015,-0.28187983415820345,-0.3081340813297229,-0.33364045858070196,-0.5163191783324645,-0.36928065566230195,-0.629504511735064,-0.4013561763694702,-0.7222999196240484,0.0,0.0,0.0,0.0,0.0,0.0,0.0,0.0,0.0,0.0,0.0,0.0,0.0,0.0,0.0,0.0,0.0,0.0,0.0,0.0,0.0,0.0,0.0,0.0,0.0,0.0,0.0,0.0,0.0,0.0,0.0,0.0,0.0,0.0,0.0,0.0,0.0,0.0,0.0,0.0,0.0,0.0,thank you
0.0,0.0,0.12880602572050684,-0.18407102241339834,0.1889163140120987,-0.3936235156888457,0.19827840788421774,-0.5919854528694831,0.21325503301036325,-0.741203432046992,-0.04660371954179738,-0.522393108418361,-0.14991998071124898,-0.7581779476140982,-0.2086601811993326,-0.8858092315275109,-0.25601714542480125,-0.9871510023071266,-0.14737618781177236,-0.4651909429361614,-0.2425963274952674,-0.7236486544526298,-0.3025715471373296,-0.8805646580437972,-0.3478189523234325,-1.0,-0.22624857785448782,-0.39244729286585756,-0.3009493904286682,-0.6407034707015069,-0.34926783017249985,-0.790785178348377,-0.38886752934855146,-0.9057854701085081,-0.2863141394660819,-0.3111682519954468,-0.33749982598063244,-0.5219239225831523,-0.37218714353798704,-0.6334607105736537,-0.40339274083021603,-0.7235236567111791,0.0,0.0,0.0,0.0,0.0,0.0,0.0,0.0,0.0,0.0,0.0,0.0,0.0,0.0,0.0,0.0,0.0,0.0,0.0,0.0,0.0,0.0,0.0,0.0,0.0,0.0,0.0,0.0,0.0,0.0,0.0,0.0,0.0,0.0,0.0,0.0,0.0,0.0,0.0,0.0,0.0,0.0,thank you
0.0,0.0,0.1290110655096808,-0.18492970815315393,0.19706494410568956,-0.39132278404199855,0.21058296075899824,-0.588040549302215,0.22482945951968844,-0.7411220879632501,-0.03819679461938071,-0.5108941457634834,-0.13729409994774514,-0.7563208063095156,-0.19437223091488154,-0.887228595904892,-0.24130977225364472,-0.989658521415742,-0.13982316430669126,-0.45431170903682794,-0.23034826785945844,-0.7209539643818244,-0.2890237182498269,-0.8803755228824983,-0.33462031838970735,-1.0,-0.2186194091965599,-0.3831664550458291,-0.2885845518470063,-0.6368346072620913,-0.33448411745802176,-0.7894559114023325,-0.3730530165835762,-0.9060744725329605,-0.27794470716948055,-0.3046319295933171,-0.32610835362747,-0.5174748169225059,-0.3583342655728258,-0.6318779615913372,-0.38872354207881793,-0.7242670001166165,0.0,0.0,0.0,0.0,0.0,0.0,0.0,0.0,0.0,0.0,0.0,0.0,0.0,0.0,0.0,0.0,0.0,0.0,0.0,0.0,0.0,0.0,0.0,0.0,0.0,0.0,0.0,0.0,0.0,0.0,0.0,0.0,0.0,0.0,0.0,0.0,0.0,0.0,0.0,0.0,0.0,0.0,thank you
0.0,0.0,0.129107081464353,-0.18437773315464132,0.19654806028491983,-0.3898951037128863,0.21200198799364345,-0.5851723920225322,0.22613008791276526,-0.7396661882196714,-0.03488503956987046,-0.5117004078020073,-0.1358831356560304,-0.7565955519091052,-0.19431052017870398,-0.8871840536818127,-0.24194546901120656,-0.9892326984859352,-0.137323264103639,-0.45315752575579815,-0.22941294045025482,-0.7204250787612322,-0.2880960053715325,-0.8804750239597519,-0.33329353755449853,-1.0,-0.21811782123795992,-0.3805003077440491,-0.2897370576197995,-0.6349506278008523,-0.33547317929075543,-0.787346617942271,-0.3736139923155249,-0.902672092058109,-0.2800364625083369,-0.3017052640838907,-0.326980071889728,-0.5157754357114154,-0.3585219668210922,-0.6292595322110923,-0.38865260768573184,-0.7204262756267611,0.0,0.0,0.0,0.0,0.0,0.0,0.0,0.0,0.0,0.0,0.0,0.0,0.0,0.0,0.0,0.0,0.0,0.0,0.0,0.0,0.0,0.0,0.0,0.0,0.0,0.0,0.0,0.0,0.0,0.0,0.0,0.0,0.0,0.0,0.0,0.0,0.0,0.0,0.0,0.0,0.0,0.0,thank you
0.0,0.0,0.13558555776671466,-0.18518104356449772,0.2069135263577293,-0.3915315537866283,0.22143862314673857,-0.5858791475971683,0.23603866883558788,-0.7378323459065609,-0.027372537403997955,-0.5220571614273388,-0.12365069495617888,-0.7643222850660419,-0.18189978072949864,-0.8934490464401371,-0.23057429444604668,-0.9962909288447137,-0.1316051715940072,-0.46521651537981407,-0.21946626789854676,-0.7255892932198826,-0.27778340727292133,-0.8830740201330732,-0.3232462107335219,-1.0,-0.21221511173681784,-0.39246571687423515,-0.2803379655750709,-0.6430330800460247,-0.3253408825862527,-0.7964055107227892,-0.363016495353468,-0.9140198212858474,-0.2724485445823038,-0.3135259380154611,-0.3172017318592184,-0.5268649834542809,-0.3486733744932705,-0.6440170092031253,-0.3770724120294783,-0.7403278444756365,0.0,0.0,0.0,0.0,0.0,0.0,0.0,0.0,0.0,0.0,0.0,0.0,0.0,0.0,0.0,0.0,0.0,0.0,0.0,0.0,0.0,0.0,0.0,0.0,0.0,0.0,0.0,0.0,0.0,0.0,0.0,0.0,0.0,0.0,0.0,0.0,0.0,0.0,0.0,0.0,0.0,0.0,thank you
0.0,0.0,0.13325320375338753,-0.1818080568456458,0.20116136718762934,-0.3835916172780084,0.21635648813302594,-0.5759585975096015,0.23200373014934142,-0.7311625501675286,-0.03051967735051032,-0.5095353297097425,-0.13255274720742996,-0.751712385980153,-0.19215250868496883,-0.8809865028916785,-0.24220670602106667,-0.9852178684749101,-0.13428357021527526,-0.4522839187879784,-0.2274403776625702,-0.7173855000377771,-0.28334565980327614,-0.877763559944722,-0.3266234593041369,-1.0,-0.21626588331122396,-0.37962246385514786,-0.29132640943927657,-0.6354585732780794,-0.3366402588227574,-0.7923132795664454,-0.3742502902514931,-0.9141186694395956,-0.2782517724380132,-0.30188774092680004,-0.32772320919268694,-0.5184609582016779,-0.3612763419973818,-0.6376704145757572,-0.3916069833741657,-0.7351569886569386,0.0,0.0,0.0,0.0,0.0,0.0,0.0,0.0,0.0,0.0,0.0,0.0,0.0,0.0,0.0,0.0,0.0,0.0,0.0,0.0,0.0,0.0,0.0,0.0,0.0,0.0,0.0,0.0,0.0,0.0,0.0,0.0,0.0,0.0,0.0,0.0,0.0,0.0,0.0,0.0,0.0,0.0,thank you
0.0,0.0,0.13997707969372813,-0.17984633378211567,0.20474344281854953,-0.38705680288242,0.21698371126306207,-0.576978644048822,0.22741922654277524,-0.7282167235746251,-0.03833671638625135,-0.4996653281757734,-0.13761670059539768,-0.7411861405798426,-0.19066630921201871,-0.8755041436260631,-0.23447797382135713,-0.9833094211886153,-0.13830637202190688,-0.4389203298402944,-0.22782371986554206,-0.7064783744848087,-0.28219036227635763,-0.8729502087279819,-0.32492421274050853,-1.0,-0.21396739306557624,-0.36712467998479836,-0.28368165521142363,-0.6205584541461302,-0.3304010758992096,-0.7761976449238003,-0.3698354923004858,-0.8943149980703341,-0.26888259087842514,-0.2967101406151952,-0.31546119014721435,-0.511301655388187,-0.3493573181474029,-0.6282232048951646,-0.38211096609974754,-0.7194094927777467,0.0,0.0,0.0,0.0,0.0,0.0,0.0,0.0,0.0,0.0,0.0,0.0,0.0,0.0,0.0,0.0,0.0,0.0,0.0,0.0,0.0,0.0,0.0,0.0,0.0,0.0,0.0,0.0,0.0,0.0,0.0,0.0,0.0,0.0,0.0,0.0,0.0,0.0,0.0,0.0,0.0,0.0,thank you
0.0,0.0,0.13780114212214217,-0.1715991145538747,0.20313150482774858,-0.37724455137683427,0.21838994656889626,-0.5656858044381408,0.2366139437667062,-0.7135989480302843,-0.02796964676901168,-0.4923602996276188,-0.11989870771951686,-0.7376590228510561,-0.17538953600211313,-0.8697906109405998,-0.22317233181835147,-0.9714400558141137,-0.1269547141967103,-0.43460274074860966,-0.21170273242243015,-0.7068960864085169,-0.2670280419983979,-0.8748868070249987,-0.3117625947820694,-1.0,-0.20422926853077383,-0.3648890751911432,-0.27148283515025884,-0.6247327727039125,-0.31626892411405144,-0.7840246454913737,-0.35344919164281263,-0.9026916528614782,-0.2629770685531684,-0.29249897358304217,-0.30892293690191475,-0.5112495298579669,-0.3424681092968972,-0.6335700073787177,-0.37242082233942675,-0.7289082081774567,0.0,0.0,0.0,0.0,0.0,0.0,0.0,0.0,0.0,0.0,0.0,0.0,0.0,0.0,0.0,0.0,0.0,0.0,0.0,0.0,0.0,0.0,0.0,0.0,0.0,0.0,0.0,0.0,0.0,0.0,0.0,0.0,0.0,0.0,0.0,0.0,0.0,0.0,0.0,0.0,0.0,0.0,thank you
0.0,0.0,0.13406308841287276,-0.1706265419565552,0.20101611894231103,-0.37634644624303615,0.21441381660612108,-0.5626866986293313,0.23009741605579367,-0.7122648212857051,-0.02842335812845907,-0.4956332043626589,-0.11751921544856496,-0.7385041484206791,-0.1742111556397162,-0.8717525519055607,-0.22336128026259025,-0.9729276962201715,-0.12406258468713144,-0.44201990082512527,-0.20901579025422953,-0.711753497446617,-0.2657886361161226,-0.8774342405743486,-0.3119484871483804,-1.0,-0.20118580979259726,-0.3726107148374809,-0.2719167833818908,-0.6305194200343828,-0.318808725205226,-0.7883260011689814,-0.3578439525192056,-0.9061212808366688,-0.26342337642017594,-0.29655347470860594,-0.3103046246244218,-0.5140991146527627,-0.3445703571190377,-0.6365165704663065,-0.3761960320482136,-0.7325672199488902,0.0,0.0,0.0,0.0,0.0,0.0,0.0,0.0,0.0,0.0,0.0,0.0,0.0,0.0,0.0,0.0,0.0,0.0,0.0,0.0,0.0,0.0,0.0,0.0,0.0,0.0,0.0,0.0,0.0,0.0,0.0,0.0,0.0,0.0,0.0,0.0,0.0,0.0,0.0,0.0,0.0,0.0,thank you
0.0,0.0,0.13297341849009728,-0.17047820032444694,0.20151571833637485,-0.3754478175553208,0.2206906277735695,-0.5709359615617928,0.24195166962373332,-0.7219546646917233,-0.02543752904638893,-0.5109006118777528,-0.12195190607646937,-0.7534217385074822,-0.180643134552585,-0.8853406903913208,-0.2306461324354885,-0.9896205693612989,-0.12676653416868708,-0.4541055091517061,-0.21606347292208009,-0.7172467218220823,-0.2745717320191065,-0.8782468268183568,-0.321408655915386,-1.0,-0.20870444449511288,-0.3815998110630042,-0.2791796047129534,-0.6354014221506108,-0.3244897195135717,-0.7921425629843938,-0.36187163037257913,-0.9104249477903914,-0.27314991919790726,-0.30554929237296363,-0.3205050686740378,-0.5235131134153993,-0.3558534860029832,-0.6427280790720469,-0.38745820909008766,-0.7387687061559626,0.0,0.0,0.0,0.0,0.0,0.0,0.0,0.0,0.0,0.0,0.0,0.0,0.0,0.0,0.0,0.0,0.0,0.0,0.0,0.0,0.0,0.0,0.0,0.0,0.0,0.0,0.0,0.0,0.0,0.0,0.0,0.0,0.0,0.0,0.0,0.0,0.0,0.0,0.0,0.0,0.0,0.0,thank you
0.0,0.0,0.1307157747679717,-0.17198107295709728,0.19588297072471453,-0.3733999478422877,0.21212263922379743,-0.5627591212024368,0.23273936333835493,-0.7132071711954406,-0.03570897738761728,-0.49862364617253313,-0.1266504132055923,-0.7406373367553438,-0.18165774414083236,-0.8728149430212382,-0.2286759073291386,-0.977844133373477,-0.13616701792363306,-0.44487180254984793,-0.21953605769361645,-0.7124286166174035,-0.2740121476291924,-0.8768571657237808,-0.3182299643334892,-1.0,-0.21387955924010896,-0.3749194903788621,-0.28046285341886185,-0.633236004937016,-0.3233793134237509,-0.7889861204952042,-0.3606477138534259,-0.9075512716300701,-0.27102233471640197,-0.30191665981574933,-0.312323157860924,-0.5180319773598506,-0.34246574223745696,-0.6353348356351508,-0.37156680569945505,-0.7297729615072817,0.0,0.0,0.0,0.0,0.0,0.0,0.0,0.0,0.0,0.0,0.0,0.0,0.0,0.0,0.0,0.0,0.0,0.0,0.0,0.0,0.0,0.0,0.0,0.0,0.0,0.0,0.0,0.0,0.0,0.0,0.0,0.0,0.0,0.0,0.0,0.0,0.0,0.0,0.0,0.0,0.0,0.0,thank you
0.0,0.0,0.12726492010584567,-0.1744419217536458,0.1959797970039021,-0.3729666843791765,0.21410345179245233,-0.5615458727168307,0.23316452774691507,-0.7102187763339398,-0.029115340643769222,-0.49737559645535107,-0.11961016376020482,-0.7363170861311048,-0.17407344787423046,-0.8666607624967124,-0.21900230262628215,-0.9685385569135146,-0.1304861815585935,-0.44396593830679143,-0.21328062519792387,-0.7129779023020896,-0.26602364888438024,-0.8766718193968085,-0.3073952412390169,-1.0,-0.2081920358114745,-0.3767448164071516,-0.27602504441546033,-0.6360012130385543,-0.3177596090366005,-0.7923178697754805,-0.35233751455914636,-0.9109527720077935,-0.26548610104718506,-0.30662662565952264,-0.31083307838053986,-0.5241230965761182,-0.3418066223317177,-0.641096780080404,-0.3696113714313318,-0.7353925467905469,0.0,0.0,0.0,0.0,0.0,0.0,0.0,0.0,0.0,0.0,0.0,0.0,0.0,0.0,0.0,0.0,0.0,0.0,0.0,0.0,0.0,0.0,0.0,0.0,0.0,0.0,0.0,0.0,0.0,0.0,0.0,0.0,0.0,0.0,0.0,0.0,0.0,0.0,0.0,0.0,0.0,0.0,thank you
0.0,0.0,0.13851249289049378,-0.17588508392524105,0.21106093673531473,-0.3831456423686891,0.22637170482652805,-0.5719900003968097,0.24719680435961536,-0.7187362935333254,-0.02684443739005066,-0.5063076862029284,-0.11343729746174093,-0.7429340105551367,-0.16606933587291509,-0.8750877610676825,-0.21226141819769057,-0.9803428435379549,-0.13082311548483525,-0.4482319484676534,-0.20835892755578483,-0.7111731015964975,-0.26083607793341534,-0.8760403687684352,-0.30376876578971734,-1.0,-0.20798751372300042,-0.3773051333941775,-0.2664340039416425,-0.6269954895969737,-0.30969273706069866,-0.7865793685435764,-0.3458102191711969,-0.907407113474333,-0.2637632104546116,-0.30626906339695514,-0.3011627845455868,-0.5185519093157679,-0.3303318651376268,-0.6423589011018082,-0.3559774083039033,-0.7424692141846223,0.0,0.0,0.0,0.0,0.0,0.0,0.0,0.0,0.0,0.0,0.0,0.0,0.0,0.0,0.0,0.0,0.0,0.0,0.0,0.0,0.0,0.0,0.0,0.0,0.0,0.0,0.0,0.0,0.0,0.0,0.0,0.0,0.0,0.0,0.0,0.0,0.0,0.0,0.0,0.0,0.0,0.0,thank you
0.0,0.0,0.13891564387758723,-0.16700418234897543,0.2078997182455424,-0.36740081898548854,0.2266920051979815,-0.5571495129335016,0.25084271786345885,-0.7052315616416941,-0.024477000680345223,-0.4944705880537961,-0.11005856728449692,-0.7370257446129052,-0.16230913179618853,-0.8692580123120373,-0.20650200221022205,-0.9724182492963852,-0.12763492356529693,-0.4409958649615011,-0.2029575733016696,-0.7104318572293237,-0.25399657821835947,-0.8770310721839596,-0.2944763475900712,-1.0,-0.2042994938293254,-0.3761812834612345,-0.2618467747368226,-0.6356491640187371,-0.3019838002757378,-0.7930045803740716,-0.3367704994495015,-0.911646399441325,-0.2581599001543247,-0.3117971244486658,-0.2975114175092988,-0.5267332475916653,-0.32859401491617046,-0.6434947323384077,-0.3577687659319315,-0.7385723343760494,0.0,0.0,0.0,0.0,0.0,0.0,0.0,0.0,0.0,0.0,0.0,0.0,0.0,0.0,0.0,0.0,0.0,0.0,0.0,0.0,0.0,0.0,0.0,0.0,0.0,0.0,0.0,0.0,0.0,0.0,0.0,0.0,0.0,0.0,0.0,0.0,0.0,0.0,0.0,0.0,0.0,0.0,thank you
0.0,0.0,0.1346109806275804,-0.16478107246604853,0.20755158052665681,-0.35781624188389377,0.22923612262968607,-0.5443840829357441,0.2525312329465932,-0.691129447290472,-0.013546512297996211,-0.49492676023730575,-0.09846815620006123,-0.7347132572213739,-0.1525655088849346,-0.8654644364589749,-0.19735498998030135,-0.9668295107811357,-0.11520899552959582,-0.4447267922081371,-0.19048326567510318,-0.712066834070884,-0.24020367123361808,-0.8767384139561197,-0.27807707977023094,-1.0,-0.19365429108189194,-0.37980771399034563,-0.2508026532783382,-0.637794283234506,-0.28915186595903225,-0.7929144519683359,-0.3209295193501202,-0.910116863911997,-0.25176278044006495,-0.3110135505211797,-0.2873124156568878,-0.525938216117809,-0.3153147047283256,-0.6413178396737973,-0.34193568350680936,-0.7349532890118057,0.0,0.0,0.0,0.0,0.0,0.0,0.0,0.0,0.0,0.0,0.0,0.0,0.0,0.0,0.0,0.0,0.0,0.0,0.0,0.0,0.0,0.0,0.0,0.0,0.0,0.0,0.0,0.0,0.0,0.0,0.0,0.0,0.0,0.0,0.0,0.0,0.0,0.0,0.0,0.0,0.0,0.0,thank you
0.0,0.0,0.1323132337614491,-0.16422613101957748,0.2032456415136345,-0.3600115155849503,0.2277559090022519,-0.5479172454011542,0.25388515543576984,-0.6933662744078192,-0.013299072251676114,-0.4941744832762972,-0.09795192021640237,-0.7366349273897548,-0.1506362139042069,-0.8645702194561177,-0.19558270435976696,-0.9647890549733733,-0.11403088816781035,-0.4448291181761047,-0.18878491369714306,-0.7158689488999612,-0.23805886049888392,-0.8793727700251983,-0.27711481895215073,-1.0,-0.19180960177156783,-0.382261024522581,-0.24719030563091418,-0.6440154913677442,-0.2840159198775349,-0.7983403372519815,-0.3167195900885193,-0.9142532207189902,-0.24829519596196015,-0.3163485843415627,-0.2819040315383206,-0.5374148152088468,-0.3086849083777112,-0.6522761257986536,-0.3361557106071442,-0.743563241149549,0.0,0.0,0.0,0.0,0.0,0.0,0.0,0.0,0.0,0.0,0.0,0.0,0.0,0.0,0.0,0.0,0.0,0.0,0.0,0.0,0.0,0.0,0.0,0.0,0.0,0.0,0.0,0.0,0.0,0.0,0.0,0.0,0.0,0.0,0.0,0.0,0.0,0.0,0.0,0.0,0.0,0.0,thank you
0.0,0.0,0.1297043795620438,-0.1661469586374696,0.20347542579075426,-0.36011484184914844,0.2283861313868613,-0.5479413625304136,0.25130097323600975,-0.6962138686131387,-0.013534063260340633,-0.48980243309002436,-0.09628953771289538,-0.7389343065693431,-0.14723576642335767,-0.8706571776155718,-0.1901720194647202,-0.9731467153284672,-0.11302481751824818,-0.4426124087591241,-0.18832822384428224,-0.7140598540145986,-0.2389485401459854,-0.8784189781021898,-0.27927980535279806,-1.0,-0.19122433090024332,-0.3816795620437956,-0.24786009732360098,-0.6428036496350364,-0.2856924574209246,-0.7979973236009732,-0.31896520681265206,-0.9159481751824817,-0.25044428223844284,-0.31586593673965935,-0.2852918491484185,-0.5334754257907542,-0.31128491484184917,-0.650243795620438,-0.3369486618004866,-0.7446846715328467,0.0,0.0,0.0,0.0,0.0,0.0,0.0,0.0,0.0,0.0,0.0,0.0,0.0,0.0,0.0,0.0,0.0,0.0,0.0,0.0,0.0,0.0,0.0,0.0,0.0,0.0,0.0,0.0,0.0,0.0,0.0,0.0,0.0,0.0,0.0,0.0,0.0,0.0,0.0,0.0,0.0,0.0,thank you
0.0,0.0,0.12866938611470027,-0.16955308699742067,0.20186295457479825,-0.3654931361765868,0.22479640543591906,-0.5542509496549402,0.24751046246472466,-0.7009523730937733,-0.013875446432471841,-0.49199139704361955,-0.09625249123638133,-0.739939676403805,-0.14760763645859523,-0.8716519384804162,-0.19090442680449,-0.973984357025602,-0.11368168090623243,-0.4446520811834841,-0.18843697426782163,-0.7150559502810863,-0.2390286095381954,-0.87861744996413,-0.2791329041239245,-1.0,-0.19175918905826653,-0.3841984019197931,-0.24778336994751052,-0.6442427078246907,-0.2852947400814087,-0.7987017903895793,-0.31809472474325584,-0.916442742578227,-0.25079093418087955,-0.31871274066581173,-0.2850720699031464,-0.5364259288562107,-0.3109660026929137,-0.6534237572455784,-0.33643583070173994,-0.7479261943615785,0.0,0.0,0.0,0.0,0.0,0.0,0.0,0.0,0.0,0.0,0.0,0.0,0.0,0.0,0.0,0.0,0.0,0.0,0.0,0.0,0.0,0.0,0.0,0.0,0.0,0.0,0.0,0.0,0.0,0.0,0.0,0.0,0.0,0.0,0.0,0.0,0.0,0.0,0.0,0.0,0.0,0.0,thank you
0.0,0.0,0.13383443238917234,-0.17527211563243025,0.2025226771101194,-0.3763605781621513,0.2220305145441615,-0.5666072892302862,0.24128474234035915,-0.7183746117132288,-0.03137831872554738,-0.5043932359136438,-0.11122708308707119,-0.7528008483690503,-0.16208707894017815,-0.8857782884958599,-0.2045326606581933,-0.9873202447829567,-0.13477862567314344,-0.45299671155258514,-0.20649637921980277,-0.7232847559049626,-0.2553209578935334,-0.8836798928008774,-0.2928989059178489,-1.0,-0.2126370267164552,-0.3904629211567119,-0.26554866882796013,-0.6534466688240845,-0.3027027229972348,-0.8059033638278535,-0.3358033830120783,-0.921507453749547,-0.2678722127162343,-0.32524963714686006,-0.30363129276483436,-0.5441983222523442,-0.33169718379456214,-0.657275520347874,-0.3597168098378255,-0.7489504388149187,0.0,0.0,0.0,0.0,0.0,0.0,0.0,0.0,0.0,0.0,0.0,0.0,0.0,0.0,0.0,0.0,0.0,0.0,0.0,0.0,0.0,0.0,0.0,0.0,0.0,0.0,0.0,0.0,0.0,0.0,0.0,0.0,0.0,0.0,0.0,0.0,0.0,0.0,0.0,0.0,0.0,0.0,thank you
0.0,0.0,0.12723433687616306,-0.16651745227279885,0.197275414515959,-0.3601047937162822,0.21988479478788292,-0.5464770777983278,0.24344838783949374,-0.6942396580361743,-0.02154893722662995,-0.4931169412750026,-0.09851520539807816,-0.7373114979385633,-0.14912823190183208,-0.8690184311835342,-0.19247878096934767,-0.9724568398866985,-0.11835446296707175,-0.4451536276764012,-0.1909178701738306,-0.7127860212128125,-0.23913397461236122,-0.8778718056390604,-0.27679550941189696,-1.0,-0.1932837599842212,-0.37932596315343964,-0.25362615384490217,-0.6302985686459628,-0.29277781800477476,-0.7825037590288462,-0.32557100801713074,-0.8972886991104435,-0.2488235927889408,-0.310376941942138,-0.29046481087584064,-0.5194773889344558,-0.3199709063894018,-0.6316758428773014,-0.3471851478466114,-0.7227795695256749,0.0,0.0,0.0,0.0,0.0,0.0,0.0,0.0,0.0,0.0,0.0,0.0,0.0,0.0,0.0,0.0,0.0,0.0,0.0,0.0,0.0,0.0,0.0,0.0,0.0,0.0,0.0,0.0,0.0,0.0,0.0,0.0,0.0,0.0,0.0,0.0,0.0,0.0,0.0,0.0,0.0,0.0,thank you
0.0,0.0,0.12893921711555348,-0.1743262037169953,0.19852521714165336,-0.37253472681818267,0.2192345372212207,-0.5634520629156172,0.23641081951748785,-0.718437325806626,-0.029689541965805432,-0.49998228936933375,-0.10542952007919448,-0.7453511924847269,-0.15480233071899568,-0.8763427454460375,-0.19949464113601578,-0.9795452702362598,-0.13284487724668673,-0.4496025361623114,-0.20167351477719095,-0.7173299453207581,-0.2510548311804042,-0.8794905770123471,-0.2926889118402091,-1.0,-0.20831779769239803,-0.3832398709174666,-0.26019596346762963,-0.6382717873382041,-0.2982051907062067,-0.7955983489963665,-0.3324675709031117,-0.9174878029683017,-0.26050275353699937,-0.3127897785425456,-0.29310266479741837,-0.524752703667592,-0.31859280650110644,-0.643006118556826,-0.34359450765378885,-0.7402377139490791,0.0,0.0,0.0,0.0,0.0,0.0,0.0,0.0,0.0,0.0,0.0,0.0,0.0,0.0,0.0,0.0,0.0,0.0,0.0,0.0,0.0,0.0,0.0,0.0,0.0,0.0,0.0,0.0,0.0,0.0,0.0,0.0,0.0,0.0,0.0,0.0,0.0,0.0,0.0,0.0,0.0,0.0,thank you
0.0,0.0,0.13229070837166512,-0.17127213057336793,0.20112351500995584,-0.3658335446557416,0.22060512882327724,-0.5557933232732495,0.23902372458871732,-0.7090230309205432,-0.0296839943460358,-0.49171271220844615,-0.10654970587332255,-0.736179798790743,-0.15535733576837396,-0.8687554796942857,-0.19728832601949323,-0.9732214518588601,-0.13247583817290076,-0.441611675458816,-0.20226044851901845,-0.7118381865467037,-0.25016721951641097,-0.8772716779833133,-0.2877454988327043,-1.0,-0.20645043172315133,-0.377094167160384,-0.260618410863071,-0.6311557080362027,-0.2970906874479038,-0.7870277228465867,-0.3279138896248847,-0.9053638744437862,-0.2564059118723014,-0.3113257818265761,-0.29446725715643807,-0.5210357716717289,-0.32257764819197093,-0.6341580403532932,-0.34893465077218916,-0.7254652409700892,0.0,0.0,0.0,0.0,0.0,0.0,0.0,0.0,0.0,0.0,0.0,0.0,0.0,0.0,0.0,0.0,0.0,0.0,0.0,0.0,0.0,0.0,0.0,0.0,0.0,0.0,0.0,0.0,0.0,0.0,0.0,0.0,0.0,0.0,0.0,0.0,0.0,0.0,0.0,0.0,0.0,0.0,thank you
0.0,0.0,0.1332798684472838,-0.17380384251590478,0.2044327209648957,-0.37037299714103794,0.22268375087999975,-0.5623276229107038,0.2422800409806533,-0.7175881062450942,-0.02867440952784277,-0.49632713054274813,-0.10727779395514905,-0.745799698987236,-0.15890732503036384,-0.8786224335661283,-0.20411220442862926,-0.9820917636570163,-0.13053479207001173,-0.44580304054261405,-0.2046718581252874,-0.7170755071037603,-0.2558116353867532,-0.8801161315518069,-0.2970350629178507,-1.0,-0.20434247623801785,-0.38003804826797183,-0.2617659688271527,-0.636531292756849,-0.30120643788150847,-0.792383936074909,-0.33506991920482804,-0.9097375424201363,-0.2553024459958051,-0.31120359869602054,-0.2953441677015259,-0.5221303029290437,-0.32501286044187183,-0.6373869127869959,-0.3540138103983293,-0.729983458164295,0.0,0.0,0.0,0.0,0.0,0.0,0.0,0.0,0.0,0.0,0.0,0.0,0.0,0.0,0.0,0.0,0.0,0.0,0.0,0.0,0.0,0.0,0.0,0.0,0.0,0.0,0.0,0.0,0.0,0.0,0.0,0.0,0.0,0.0,0.0,0.0,0.0,0.0,0.0,0.0,0.0,0.0,thank you
0.0,0.0,0.13035792287123874,-0.17636587119472039,0.2011855891770968,-0.37274002706628756,0.2182940112170461,-0.563538166512975,0.2348504977013972,-0.718769533608812,-0.03058264755246492,-0.49660791017333483,-0.10873627074414231,-0.7463543471415043,-0.15944481378100686,-0.8799189140075375,-0.20459178778585804,-0.983501528827628,-0.13157263257458185,-0.4468908194719252,-0.20137904879719812,-0.7190182996547299,-0.2510919632991073,-0.8816977492542097,-0.2923166958812515,-1.0,-0.20492633522692,-0.3819493370565469,-0.260642931556605,-0.639863291545002,-0.2999931149143371,-0.7968161557970729,-0.3348622362081011,-0.9163674288042638,-0.2561798158634631,-0.31283030069765105,-0.29452093912568444,-0.5251421883059642,-0.32330793376321854,-0.6411547530229477,-0.35187607297287843,-0.7343993552850934,0.0,0.0,0.0,0.0,0.0,0.0,0.0,0.0,0.0,0.0,0.0,0.0,0.0,0.0,0.0,0.0,0.0,0.0,0.0,0.0,0.0,0.0,0.0,0.0,0.0,0.0,0.0,0.0,0.0,0.0,0.0,0.0,0.0,0.0,0.0,0.0,0.0,0.0,0.0,0.0,0.0,0.0,thank you
0.0,0.0,0.13167661664156238,-0.17852373398454377,0.20173956364675616,-0.38139935735227803,0.22110417754380463,-0.5736005119830614,0.2367699251096888,-0.728718702338675,-0.028126819227388203,-0.5022322528199936,-0.11341025311690818,-0.7467813401968422,-0.16812771997951623,-0.8784252628722762,-0.21683238837762867,-0.9815469250157215,-0.13347033661996657,-0.4472034148514009,-0.20895848033107645,-0.7130215952542596,-0.2625011884923911,-0.8762374360368685,-0.3083881707892757,-1.0,-0.21250154990528203,-0.3806073627034129,-0.2682933582875034,-0.6365323934374091,-0.3079736024024505,-0.7912889484942149,-0.34534136003562976,-0.9114842004184606,-0.2695604162809279,-0.31487914630939057,-0.30295708027313917,-0.5327486228778808,-0.32973188167675566,-0.6501597722987583,-0.3571604511989734,-0.7456559560566406,0.0,0.0,0.0,0.0,0.0,0.0,0.0,0.0,0.0,0.0,0.0,0.0,0.0,0.0,0.0,0.0,0.0,0.0,0.0,0.0,0.0,0.0,0.0,0.0,0.0,0.0,0.0,0.0,0.0,0.0,0.0,0.0,0.0,0.0,0.0,0.0,0.0,0.0,0.0,0.0,0.0,0.0,thank you
0.0,0.0,0.1315259259161888,-0.17580497579275084,0.20040822107691889,-0.3790047779151806,0.2203416696270527,-0.574759414547923,0.23708304975518896,-0.7307575729194292,-0.0262674149295691,-0.5041759243771167,-0.1126787007865261,-0.7506141226352376,-0.1688529706337373,-0.8818596197538865,-0.2175052856994349,-0.9834784716674351,-0.13060993153922437,-0.4507584010607219,-0.20965481296330316,-0.7202421502666757,-0.26476301520986645,-0.8819106665584386,-0.30868035575460157,-1.0,-0.2097831967721769,-0.38549692366322824,-0.2699891782965199,-0.6444935121811807,-0.3120484589725549,-0.7986099495041942,-0.3492917036783385,-0.915979260099572,-0.26715531384638,-0.3189139255573276,-0.30607379198996765,-0.5336224817137968,-0.3367144721086723,-0.6489919844467178,-0.3662741868468597,-0.7440836370125263,0.0,0.0,0.0,0.0,0.0,0.0,0.0,0.0,0.0,0.0,0.0,0.0,0.0,0.0,0.0,0.0,0.0,0.0,0.0,0.0,0.0,0.0,0.0,0.0,0.0,0.0,0.0,0.0,0.0,0.0,0.0,0.0,0.0,0.0,0.0,0.0,0.0,0.0,0.0,0.0,0.0,0.0,thank you
0.0,0.0,0.12627169410732664,-0.18705060834808193,0.1921363180988888,-0.3879618504567944,0.21233046211925977,-0.5790135698572016,0.227959862168071,-0.7361425662748685,-0.03854080087928442,-0.5081910241990951,-0.12430729898230337,-0.7529756063427263,-0.1804128813802308,-0.8847129610824482,-0.2312526986966042,-0.9870780433190939,-0.14400458415752027,-0.45045171701104736,-0.217816816314549,-0.7208306097475642,-0.27154850571142336,-0.8819400236546624,-0.31565406165572396,-1.0,-0.22119221375895798,-0.3822244001426789,-0.27668349600891573,-0.6422641915174312,-0.3168433015150248,-0.7962048858995342,-0.35307954349573584,-0.9152673266988776,-0.2730013218279968,-0.31620937448266095,-0.3075142380246138,-0.5338508288518614,-0.33620138292734125,-0.651542801114807,-0.3648886344979187,-0.7496162090758127,0.0,0.0,0.0,0.0,0.0,0.0,0.0,0.0,0.0,0.0,0.0,0.0,0.0,0.0,0.0,0.0,0.0,0.0,0.0,0.0,0.0,0.0,0.0,0.0,0.0,0.0,0.0,0.0,0.0,0.0,0.0,0.0,0.0,0.0,0.0,0.0,0.0,0.0,0.0,0.0,0.0,0.0,thank you
0.0,0.0,0.12737768967569607,-0.17640764406133108,0.1940764281877143,-0.37688221901273666,0.2115379119447674,-0.5700385317749426,0.22681414745289766,-0.7253663583600035,-0.03153098674561615,-0.49390317395296746,-0.11169327332046318,-0.7402642344527829,-0.16586266153793267,-0.8743486398734909,-0.21377348385977135,-0.9778360492235866,-0.13560550553332523,-0.44036355638797847,-0.20791916403899816,-0.7125957443988518,-0.26030610042947006,-0.8770820640241288,-0.3020943135914074,-1.0,-0.21174790452668624,-0.3771396359548719,-0.26751077195675393,-0.636431807704781,-0.3086518186310223,-0.7922560368725436,-0.3447879385562534,-0.9126474348805548,-0.2649656991406872,-0.31544344261921636,-0.3026162921937018,-0.532667721737877,-0.33351605863390504,-0.6506734052057451,-0.3633184378042977,-0.7484177038243087,0.0,0.0,0.0,0.0,0.0,0.0,0.0,0.0,0.0,0.0,0.0,0.0,0.0,0.0,0.0,0.0,0.0,0.0,0.0,0.0,0.0,0.0,0.0,0.0,0.0,0.0,0.0,0.0,0.0,0.0,0.0,0.0,0.0,0.0,0.0,0.0,0.0,0.0,0.0,0.0,0.0,0.0,thank you
0.0,0.0,0.12807688557755587,-0.1810883660088236,0.1966251350758456,-0.3803238164105981,0.2164006451141137,-0.5730092054696577,0.23050418836682132,-0.7315659048253561,-0.03462166575939031,-0.4957569934757351,-0.10995580074586242,-0.7455827151666815,-0.16298271841662673,-0.8776123465416521,-0.21246191470518935,-0.979029525751753,-0.13813038779970588,-0.43916996400685737,-0.20790549159482935,-0.7141006995506951,-0.26048168249660786,-0.8787376400523241,-0.30564149854971195,-1.0,-0.213423085985424,-0.3742902932263018,-0.26578234304796106,-0.6350490335475589,-0.3051206948382746,-0.7916317974634178,-0.3426560379918589,-0.9118298003721187,-0.2653129290943215,-0.3131297784349889,-0.3028733577620878,-0.5311872862145451,-0.3317306364205104,-0.6487410524947391,-0.3608410045580481,-0.7460277545316423,0.0,0.0,0.0,0.0,0.0,0.0,0.0,0.0,0.0,0.0,0.0,0.0,0.0,0.0,0.0,0.0,0.0,0.0,0.0,0.0,0.0,0.0,0.0,0.0,0.0,0.0,0.0,0.0,0.0,0.0,0.0,0.0,0.0,0.0,0.0,0.0,0.0,0.0,0.0,0.0,0.0,0.0,thank you
0.0,0.0,0.12652965881229547,-0.1797032971941316,0.19309363397157392,-0.3786373094503147,0.21350115668784478,-0.5709877176611284,0.22944550207576073,-0.7262512811288662,-0.03471995036040615,-0.49901754970498324,-0.10959964395985212,-0.7427296062593532,-0.16095726834152008,-0.8732184411735,-0.20781630453021654,-0.974738573256025,-0.13663563789654634,-0.4438983257501772,-0.20617332089124318,-0.7152057069437084,-0.2550487643821428,-0.8789910157002921,-0.2946994764423187,-1.0,-0.2099828056108515,-0.37679433490549524,-0.26574163830779524,-0.6304890361122412,-0.30454409920192765,-0.7840528780783812,-0.3390338789423258,-0.9007447548662777,-0.2600580939377807,-0.3111695524509348,-0.30120400963658395,-0.5209911983881619,-0.3313678291490166,-0.6349387331682704,-0.3594750017403635,-0.7290437094812188,0.0,0.0,0.0,0.0,0.0,0.0,0.0,0.0,0.0,0.0,0.0,0.0,0.0,0.0,0.0,0.0,0.0,0.0,0.0,0.0,0.0,0.0,0.0,0.0,0.0,0.0,0.0,0.0,0.0,0.0,0.0,0.0,0.0,0.0,0.0,0.0,0.0,0.0,0.0,0.0,0.0,0.0,thank you
0.0,0.0,0.12683388764322998,-0.18019172835921277,0.19894965509052065,-0.3760797567622315,0.22172954666331388,-0.571440916352591,0.24084450684380634,-0.7301840947485748,-0.03453884509957122,-0.49661357066378486,-0.11679583933295215,-0.7438367824281268,-0.17023320929963368,-0.8777211327280329,-0.21712213876806497,-0.9825472710091434,-0.1395224453099196,-0.443851051791803,-0.21139693078959473,-0.715351939386138,-0.2625685652903217,-0.8780516231650646,-0.3039793563219767,-1.0,-0.21627894909629025,-0.3800456420066118,-0.27123485875824604,-0.6407700666668662,-0.31149551912044837,-0.7974061689552531,-0.3472855778643253,-0.9182191834132118,-0.2707081895171068,-0.3168395454958205,-0.3080079070236203,-0.535849730628341,-0.33806637150038865,-0.6548143136685536,-0.3672761580885838,-0.7534557305465166,0.0,0.0,0.0,0.0,0.0,0.0,0.0,0.0,0.0,0.0,0.0,0.0,0.0,0.0,0.0,0.0,0.0,0.0,0.0,0.0,0.0,0.0,0.0,0.0,0.0,0.0,0.0,0.0,0.0,0.0,0.0,0.0,0.0,0.0,0.0,0.0,0.0,0.0,0.0,0.0,0.0,0.0,thank you
0.0,0.0,0.12660727111451445,-0.176851359837689,0.19884469110754474,-0.37476510051103873,0.22362133158713035,-0.5690403219025024,0.24578105310115037,-0.7242653234580624,-0.02848175561785747,-0.4919268924604147,-0.10744396555065927,-0.7400099754629058,-0.15981852529738033,-0.873788129358177,-0.2053636302733233,-0.9771796873493517,-0.13009828554434558,-0.439096498986252,-0.2018747031763043,-0.7135322581382622,-0.2525058430409219,-0.8776866706703698,-0.29297286487223634,-1.0,-0.2051204063023138,-0.3755386064131213,-0.26134420654814194,-0.6376722223514381,-0.30294176758920816,-0.7945758370751259,-0.33858396932376184,-0.9151511139498837,-0.2596605241431847,-0.31122191866439325,-0.30175069572790564,-0.5259108573709586,-0.3328691502746433,-0.6450888140232187,-0.3611974372324114,-0.7437317892636744,0.0,0.0,0.0,0.0,0.0,0.0,0.0,0.0,0.0,0.0,0.0,0.0,0.0,0.0,0.0,0.0,0.0,0.0,0.0,0.0,0.0,0.0,0.0,0.0,0.0,0.0,0.0,0.0,0.0,0.0,0.0,0.0,0.0,0.0,0.0,0.0,0.0,0.0,0.0,0.0,0.0,0.0,thank you
0.0,0.0,0.13004130605398403,-0.17539472264186384,0.2008987479696103,-0.37619984695077724,0.22198365816630422,-0.5711047219817974,0.24207983982911135,-0.7293334093291082,-0.024886461724865132,-0.4920101607134358,-0.11229785956333377,-0.7451366131777849,-0.1717169580458274,-0.8804247615387735,-0.2250129124264256,-0.9845342722337097,-0.12936028206184372,-0.43815266023405525,-0.20957440995058904,-0.7150587390538173,-0.2665443095519442,-0.8799196246748879,-0.3121822206317952,-1.0,-0.2080383355593436,-0.373367633281997,-0.26911866642301013,-0.6399488634616428,-0.3115924699155644,-0.7956738034142081,-0.34894605808153367,-0.9165568351442068,-0.2648294100514597,-0.3086789721062209,-0.30550947822045316,-0.5275035172529016,-0.3344297878366412,-0.6446296547656891,-0.36207011707070763,-0.7436065126812074,0.0,0.0,0.0,0.0,0.0,0.0,0.0,0.0,0.0,0.0,0.0,0.0,0.0,0.0,0.0,0.0,0.0,0.0,0.0,0.0,0.0,0.0,0.0,0.0,0.0,0.0,0.0,0.0,0.0,0.0,0.0,0.0,0.0,0.0,0.0,0.0,0.0,0.0,0.0,0.0,0.0,0.0,thank you
0.0,0.0,0.12964516296910827,-0.17619092809889272,0.19651155493376846,-0.3723825756068292,0.2148151577954858,-0.5688573947596408,0.23521384816489468,-0.728335073180737,-0.030973429315765466,-0.48315377444842755,-0.11818819128321144,-0.738161703254484,-0.17694066329513833,-0.8746012637108649,-0.22927948888283428,-0.9762548139179629,-0.13656143906299267,-0.4282485144968576,-0.21616452808297387,-0.7137128930345898,-0.27147034197950753,-0.8795759007154293,-0.31663306235592686,-1.0,-0.21554671643344547,-0.36612084694342995,-0.276061740602528,-0.6375133167205969,-0.3157373406968165,-0.7910438166027361,-0.35212327073964433,-0.9082256005534858,-0.2716120234680414,-0.30681992120174983,-0.3120022493012548,-0.5337353095142612,-0.3390710668989184,-0.6521433414866358,-0.36611759429615776,-0.7499967473527278,0.0,0.0,0.0,0.0,0.0,0.0,0.0,0.0,0.0,0.0,0.0,0.0,0.0,0.0,0.0,0.0,0.0,0.0,0.0,0.0,0.0,0.0,0.0,0.0,0.0,0.0,0.0,0.0,0.0,0.0,0.0,0.0,0.0,0.0,0.0,0.0,0.0,0.0,0.0,0.0,0.0,0.0,thank you
0.0,0.0,0.12374661317469814,-0.16911364068438856,0.19043884517217322,-0.36734665798375066,0.2093750392195416,-0.5587783676396831,0.23176153031281274,-0.7152651519905399,-0.03453346292631932,-0.4788806661488525,-0.11578491840708466,-0.7303094660053148,-0.17068047008600643,-0.865421402644199,-0.21938791020154313,-0.9695317965315748,-0.13309478555568105,-0.42550862225643327,-0.20783024248483858,-0.7057200800799126,-0.26129887684529396,-0.8748716504187368,-0.30425290898602786,-1.0,-0.20507160384335238,-0.3612396117602381,-0.2638221285136642,-0.6245184537530138,-0.30465535377537184,-0.786804198849932,-0.33811907029582805,-0.9106292743490021,-0.25709119525358715,-0.29655411878396415,-0.3024079287852145,-0.5094581033034591,-0.33445439633049184,-0.6312321885178197,-0.3634270744290448,-0.7326845317198356,0.0,0.0,0.0,0.0,0.0,0.0,0.0,0.0,0.0,0.0,0.0,0.0,0.0,0.0,0.0,0.0,0.0,0.0,0.0,0.0,0.0,0.0,0.0,0.0,0.0,0.0,0.0,0.0,0.0,0.0,0.0,0.0,0.0,0.0,0.0,0.0,0.0,0.0,0.0,0.0,0.0,0.0,thank you
0.0,0.0,0.12527079714572678,-0.1795773537770478,0.19579065260047832,-0.37475228535526034,0.21765559857616626,-0.5685154311210664,0.23839794682092033,-0.7240655903340244,-0.035367270740096296,-0.484593087410241,-0.1193967698010326,-0.7403894224345395,-0.17438867028280006,-0.8763431012972741,-0.22276424396739775,-0.9809051418053744,-0.13858564696309353,-0.4306068708535946,-0.2161639623233532,-0.7130678107580218,-0.2700626342725972,-0.8784974680560705,-0.31343634259085495,-1.0,-0.21455175284383918,-0.36707050409179554,-0.27595392657737927,-0.6321039680883486,-0.31732321056195195,-0.7911671713539782,-0.3529968405123039,-0.9118670703164292,-0.2688015415357407,-0.30421610325346915,-0.3138754730974389,-0.523346354616275,-0.3441758533769511,-0.642421658366975,-0.3718675357197011,-0.7400623265059174,0.0,0.0,0.0,0.0,0.0,0.0,0.0,0.0,0.0,0.0,0.0,0.0,0.0,0.0,0.0,0.0,0.0,0.0,0.0,0.0,0.0,0.0,0.0,0.0,0.0,0.0,0.0,0.0,0.0,0.0,0.0,0.0,0.0,0.0,0.0,0.0,0.0,0.0,0.0,0.0,0.0,0.0,thank you
0.0,0.0,0.1253308479600674,-0.17354222965057248,0.19547486313684836,-0.36834130656934905,0.21788926149391505,-0.5608238197559953,0.2411513614059569,-0.7149052698079673,-0.029788123025245885,-0.4812191629148108,-0.10951518504785997,-0.7323861912705192,-0.16296121518748682,-0.8667629648325347,-0.21032535205876837,-0.9709485917420897,-0.13178726454472717,-0.43159573697465,-0.20400723505969398,-0.7100412167476962,-0.25486887162245053,-0.8767789971708874,-0.2958576168314067,-1.0,-0.20849639941504938,-0.36899407330554007,-0.2648360332353818,-0.6297810527558111,-0.30272948025572455,-0.7870877879913026,-0.33520549317915393,-0.908175743513279,-0.2648564949970536,-0.3046785544021151,-0.30393060393529003,-0.5143423703982617,-0.33094515343535164,-0.6310736149328475,-0.3557989774417299,-0.7300287040150453,0.0,0.0,0.0,0.0,0.0,0.0,0.0,0.0,0.0,0.0,0.0,0.0,0.0,0.0,0.0,0.0,0.0,0.0,0.0,0.0,0.0,0.0,0.0,0.0,0.0,0.0,0.0,0.0,0.0,0.0,0.0,0.0,0.0,0.0,0.0,0.0,0.0,0.0,0.0,0.0,0.0,0.0,thank you
0.0,0.0,0.12341414525628432,-0.17667238669795615,0.1916347748281778,-0.3734553703002321,0.21310394689383516,-0.5647881592643104,0.23522910739155556,-0.7188961332985833,-0.035117777196202134,-0.4891105378436873,-0.11909314656446829,-0.7382653115592855,-0.17312892936077431,-0.873027767708572,-0.22041807342049383,-0.9785196298939275,-0.1363112173841269,-0.4359649992603875,-0.21241093268298003,-0.7114454629242816,-0.26405105728465944,-0.8767534641228331,-0.30537056212176134,-1.0,-0.21206632201988085,-0.37236807669862987,-0.2720969396297386,-0.6312698415278606,-0.3116485989896839,-0.7890831026446701,-0.34565370637979453,-0.9110124238646136,-0.26716926000639735,-0.30854159430836114,-0.31219224579048505,-0.5221413254109003,-0.3424124155202673,-0.6405450700356152,-0.3698296434887098,-0.7394582640906117,0.0,0.0,0.0,0.0,0.0,0.0,0.0,0.0,0.0,0.0,0.0,0.0,0.0,0.0,0.0,0.0,0.0,0.0,0.0,0.0,0.0,0.0,0.0,0.0,0.0,0.0,0.0,0.0,0.0,0.0,0.0,0.0,0.0,0.0,0.0,0.0,0.0,0.0,0.0,0.0,0.0,0.0,thank you
0.0,0.0,0.12038364394697815,-0.17751716813296195,0.18841021941361574,-0.3731999994262946,0.2102120988723821,-0.5639665343319631,0.23226156805149578,-0.717677977745969,-0.03521457297675633,-0.48649067298507503,-0.1170749775537777,-0.734232783819214,-0.170913909056226,-0.8673543003519683,-0.21778330646479888,-0.9718761563748706,-0.13425799099856287,-0.4340104371348007,-0.21025019649408652,-0.7090270387337175,-0.26215753375538925,-0.8752782471006365,-0.3029397379887611,-1.0,-0.20810202847873419,-0.3699180461890187,-0.2702483929078543,-0.626449323171099,-0.3117138443709464,-0.7846270628293427,-0.3452877096534533,-0.9081714647558453,-0.2623666672881808,-0.3054905754551635,-0.31042211089150945,-0.5129268367894301,-0.34075355482185016,-0.6302987068681137,-0.36701778630048965,-0.7303258503030599,0.0,0.0,0.0,0.0,0.0,0.0,0.0,0.0,0.0,0.0,0.0,0.0,0.0,0.0,0.0,0.0,0.0,0.0,0.0,0.0,0.0,0.0,0.0,0.0,0.0,0.0,0.0,0.0,0.0,0.0,0.0,0.0,0.0,0.0,0.0,0.0,0.0,0.0,0.0,0.0,0.0,0.0,thank you
0.0,0.0,0.1222901269088973,-0.17869652505924338,0.1906035828104136,-0.3731732231122698,0.21365863209830846,-0.5660854758625438,0.23507288242654426,-0.7247814555385235,-0.03474341729106345,-0.490798982010846,-0.1181237564032242,-0.7433008830291481,-0.17180136068653917,-0.8777555601153173,-0.21934635368819902,-0.9829291462203822,-0.13960881714863796,-0.436627224727856,-0.21555155905852544,-0.7141538132795461,-0.26805444355484387,-0.8782655381703465,-0.31078826210046767,-1.0,-0.21710214626195654,-0.37248067577456717,-0.27546629151450697,-0.6330100819907741,-0.31331937688621025,-0.7903030855728692,-0.3462905667917919,-0.9127398401132967,-0.27223181113288175,-0.31033112363704474,-0.3116508617279083,-0.5253734198972801,-0.3381969897526061,-0.642673200536979,-0.36314988339079973,-0.7420123480135309,0.0,0.0,0.0,0.0,0.0,0.0,0.0,0.0,0.0,0.0,0.0,0.0,0.0,0.0,0.0,0.0,0.0,0.0,0.0,0.0,0.0,0.0,0.0,0.0,0.0,0.0,0.0,0.0,0.0,0.0,0.0,0.0,0.0,0.0,0.0,0.0,0.0,0.0,0.0,0.0,0.0,0.0,thank you
0.0,0.0,0.12528928837753414,-0.1754409507536186,0.19591980406437787,-0.3743470695700089,0.21905279241288322,-0.5667828976987299,0.24113761557194532,-0.7244573615787488,-0.028870258703855962,-0.4956794039885901,-0.1084972648624783,-0.7406100564757662,-0.1619589042762706,-0.8708601386081131,-0.2102475964338048,-0.9744200761006169,-0.131857877143915,-0.44464610084287776,-0.20630394009292688,-0.7132548571070988,-0.26038787326761587,-0.877705891453195,-0.3043741341338557,-1.0,-0.20677335470222896,-0.3787542304677111,-0.2669790592934706,-0.6300119417825066,-0.3060002676906122,-0.7838259246190189,-0.3396554091755303,-0.9070466946293267,-0.2611700860955586,-0.3114797554628875,-0.30649445237279915,-0.5198019784769795,-0.3333589435607371,-0.6373079015663378,-0.355972455678952,-0.7413554183882591,0.0,0.0,0.0,0.0,0.0,0.0,0.0,0.0,0.0,0.0,0.0,0.0,0.0,0.0,0.0,0.0,0.0,0.0,0.0,0.0,0.0,0.0,0.0,0.0,0.0,0.0,0.0,0.0,0.0,0.0,0.0,0.0,0.0,0.0,0.0,0.0,0.0,0.0,0.0,0.0,0.0,0.0,thank you
0.0,0.0,0.12333597719601237,-0.1732360454300413,0.19805679128026513,-0.3709404373030381,0.220766782609887,-0.5629143500351055,0.24190103525130005,-0.7218230703509401,-0.023950499676172347,-0.491078285823147,-0.10709421455383539,-0.7398840602481589,-0.16136025477505966,-0.8729264559606097,-0.20797738955456593,-0.975484742120201,-0.1253882875235782,-0.4376455522711769,-0.20521186930456353,-0.7124171971951296,-0.2593726406083607,-0.8780464794354048,-0.3027302542955398,-1.0,-0.20025963442550268,-0.3712819109412819,-0.2659985992470411,-0.6268770969780797,-0.30826250876988065,-0.7851070322151502,-0.3434959460627734,-0.9095673230712614,-0.25623573092397584,-0.30204496578283263,-0.3042462481039238,-0.5077660973213743,-0.3347314849186668,-0.6285716317263175,-0.3606276386057366,-0.7327177963174782,0.0,0.0,0.0,0.0,0.0,0.0,0.0,0.0,0.0,0.0,0.0,0.0,0.0,0.0,0.0,0.0,0.0,0.0,0.0,0.0,0.0,0.0,0.0,0.0,0.0,0.0,0.0,0.0,0.0,0.0,0.0,0.0,0.0,0.0,0.0,0.0,0.0,0.0,0.0,0.0,0.0,0.0,thank you
0.0,0.0,0.12467285003052571,-0.17699128554992502,0.19829598115657346,-0.3713522896337996,0.22110611984225784,-0.5617915252955092,0.24079095457888164,-0.7246246813413059,-0.021578131826792392,-0.48289179559253065,-0.10670428215873264,-0.7370186840650326,-0.16057516296815874,-0.8727771942527618,-0.2083336978577799,-0.9799768865769748,-0.1276406794186753,-0.4306704522316015,-0.2060147219844951,-0.7090293820427195,-0.25814643521680114,-0.8759724868955606,-0.29950049000662665,-1.0,-0.20711164037201735,-0.36870901565876946,-0.26908988795461986,-0.6307135776178902,-0.3051368956549201,-0.7903596749848573,-0.33478679951481366,-0.9170127933499762,-0.26522764423031564,-0.3093877653244791,-0.3099533357246137,-0.5225445075772196,-0.33662666160964044,-0.6429826985547507,-0.3600503163814885,-0.7470603462073075,0.0,0.0,0.0,0.0,0.0,0.0,0.0,0.0,0.0,0.0,0.0,0.0,0.0,0.0,0.0,0.0,0.0,0.0,0.0,0.0,0.0,0.0,0.0,0.0,0.0,0.0,0.0,0.0,0.0,0.0,0.0,0.0,0.0,0.0,0.0,0.0,0.0,0.0,0.0,0.0,0.0,0.0,thank you
0.0,0.0,0.12278056522151622,-0.1754343148118573,0.1945293840206636,-0.3708637179598367,0.21797332935964903,-0.5624489888744194,0.2417882801318444,-0.7236060438244653,-0.02441439779419789,-0.48664185263752446,-0.10533584223070326,-0.7346518565461498,-0.15892966459988694,-0.8676335437111778,-0.20698522105118092,-0.972763516961788,-0.1265090340501862,-0.4332476196505251,-0.20063790531622272,-0.7079342040702996,-0.2521491075248761,-0.8748778236339286,-0.2942119758042001,-1.0,-0.20182084578716203,-0.36957079966606116,-0.2605768370751534,-0.6285283490750407,-0.29772439252103283,-0.7874629355219372,-0.329458934569475,-0.9150346642290512,-0.2574776857882686,-0.30765498259787644,-0.3005239051563476,-0.5160247701285298,-0.32677830999727264,-0.6363525583506178,-0.3498645728337466,-0.7419156541380768,0.0,0.0,0.0,0.0,0.0,0.0,0.0,0.0,0.0,0.0,0.0,0.0,0.0,0.0,0.0,0.0,0.0,0.0,0.0,0.0,0.0,0.0,0.0,0.0,0.0,0.0,0.0,0.0,0.0,0.0,0.0,0.0,0.0,0.0,0.0,0.0,0.0,0.0,0.0,0.0,0.0,0.0,thank you
0.0,0.0,0.12114350928019736,-0.17557948849065885,0.1927692095386697,-0.3703076015242501,0.21619985590570714,-0.5597470645655879,0.23694130655087198,-0.7187062669164752,-0.025181451288594114,-0.48775613353189334,-0.10476332385403976,-0.7332381170888889,-0.1589388835316817,-0.8650359685430814,-0.2072309597848237,-0.9690957532821243,-0.12599361142459475,-0.4342104572496277,-0.19993650368998223,-0.7076274307445747,-0.2513994163419183,-0.8744693190063082,-0.2926324808177647,-1.0,-0.20068220435483092,-0.36934059505355277,-0.2586241958192336,-0.6288794763840291,-0.29625244778275117,-0.7879543266808955,-0.32760540175808583,-0.9147249636166144,-0.2558357765302399,-0.30448529467790864,-0.2993094141322467,-0.5124932799738564,-0.3260654045857882,-0.6313991792890276,-0.3495173857129916,-0.7348126562538362,0.0,0.0,0.0,0.0,0.0,0.0,0.0,0.0,0.0,0.0,0.0,0.0,0.0,0.0,0.0,0.0,0.0,0.0,0.0,0.0,0.0,0.0,0.0,0.0,0.0,0.0,0.0,0.0,0.0,0.0,0.0,0.0,0.0,0.0,0.0,0.0,0.0,0.0,0.0,0.0,0.0,0.0,thank you
0.0,0.0,0.1274184514918083,-0.1745317683222358,0.20020456108143161,-0.371724126348002,0.22062039454787133,-0.5634077655060933,0.24335999117041981,-0.7260036620820945,-0.02930248373074442,-0.4752490688837505,-0.11672475360466926,-0.7326861735492376,-0.1716991731865941,-0.8721107632445416,-0.221022798551894,-0.9845511481539116,-0.1361246369280739,-0.42435096073099055,-0.21611939950628387,-0.7047921038325725,-0.27134814938717366,-0.8738283496705703,-0.3169052355708687,-1.0,-0.2152228166497913,-0.36106830379514276,-0.27897960079054906,-0.6262242644815741,-0.31937972884688287,-0.7867793489281452,-0.35358184122796976,-0.916784634336784,-0.2734238376728298,-0.2986050223036018,-0.32006842581884415,-0.5143989681456442,-0.3461286266917935,-0.6392163610475666,-0.36783462086619007,-0.7486220919112682,0.0,0.0,0.0,0.0,0.0,0.0,0.0,0.0,0.0,0.0,0.0,0.0,0.0,0.0,0.0,0.0,0.0,0.0,0.0,0.0,0.0,0.0,0.0,0.0,0.0,0.0,0.0,0.0,0.0,0.0,0.0,0.0,0.0,0.0,0.0,0.0,0.0,0.0,0.0,0.0,0.0,0.0,thank you
0.0,0.0,0.12600898166300215,-0.17177244332643754,0.19651838709153335,-0.3648127037594636,0.21834874278380106,-0.5550786877078211,0.24038895041537145,-0.7149476182481831,-0.031263708070228644,-0.46699756707138756,-0.11091656557670021,-0.7253731979810889,-0.16569409882807845,-0.863507052379044,-0.21479776027056008,-0.9725095651867818,-0.13797130376271297,-0.4178817206775916,-0.21272369539787928,-0.7031234768810857,-0.26407751118307754,-0.8737720276842094,-0.30499796240536353,-1.0,-0.21602886344189673,-0.35954592778927075,-0.2763859197472029,-0.6268957753419909,-0.3123190873200689,-0.7828748294106816,-0.3423599001375546,-0.9043999182254379,-0.2708337282160148,-0.3034966748621747,-0.3150123000314101,-0.5194094427957152,-0.33696738223921496,-0.6381768401984251,-0.3559133737963976,-0.7411872339618963,0.0,0.0,0.0,0.0,0.0,0.0,0.0,0.0,0.0,0.0,0.0,0.0,0.0,0.0,0.0,0.0,0.0,0.0,0.0,0.0,0.0,0.0,0.0,0.0,0.0,0.0,0.0,0.0,0.0,0.0,0.0,0.0,0.0,0.0,0.0,0.0,0.0,0.0,0.0,0.0,0.0,0.0,thank you
0.0,0.0,-0.08423011639725093,-0.16896993506510247,-0.11922111868751314,-0.35519077277191563,-0.09929890745611229,-0.5090681306721954,-0.0562143018004559,-0.6178404699853323,-0.01152946536098521,-0.4890085927600718,0.053075473197042464,-0.7286389637038084,0.09409525737855552,-0.8692462522822358,0.12813200327990482,-0.9780722567999556,0.0668016967578483,-0.4581644578396545,0.13268253141347822,-0.7166151457268085,0.17361818542710825,-0.8744559953524527,0.20658291613909552,-1.0,0.13916301497212338,-0.40188957763140537,0.20360484880355886,-0.6412759945228683,0.23718051920265223,-0.7813867041995014,0.2592125463155322,-0.8903214452016159,0.20642016293131066,-0.32662401103112887,0.25546055173923304,-0.5079570968952218,0.2816919396971829,-0.6191209358274296,0.30339424216880545,-0.7106822112970177,0.0,0.0,0.0,0.0,0.0,0.0,0.0,0.0,0.0,0.0,0.0,0.0,0.0,0.0,0.0,0.0,0.0,0.0,0.0,0.0,0.0,0.0,0.0,0.0,0.0,0.0,0.0,0.0,0.0,0.0,0.0,0.0,0.0,0.0,0.0,0.0,0.0,0.0,0.0,0.0,0.0,0.0,thank you
0.0,0.0,-0.08775586348201815,-0.16793196266857732,-0.12552267991538305,-0.3440172800298782,-0.10813243944702022,-0.494383655942846,-0.058564297787033266,-0.5971843794691788,-0.04554978924391696,-0.47633289492633785,0.030956297290714113,-0.7181748036548804,0.08105295445491638,-0.8595385841703662,0.11834549385427362,-0.9685554326452932,0.026856339505085106,-0.4563837874525615,0.10032209973711678,-0.7186641882079869,0.14760182374998593,-0.8745378739931364,0.18301248636453527,-1.0,0.10698860211983259,-0.4104334012882751,0.17545228754463066,-0.6549097146177258,0.2177660957304046,-0.7983068186053803,0.24818558076461136,-0.9101264833695315,0.1908844944720721,-0.3445792302075092,0.24237203405036672,-0.531579110957174,0.27063114385342535,-0.641157909609732,0.2958292473892164,-0.7302073234565657,0.0,0.0,0.0,0.0,0.0,0.0,0.0,0.0,0.0,0.0,0.0,0.0,0.0,0.0,0.0,0.0,0.0,0.0,0.0,0.0,0.0,0.0,0.0,0.0,0.0,0.0,0.0,0.0,0.0,0.0,0.0,0.0,0.0,0.0,0.0,0.0,0.0,0.0,0.0,0.0,0.0,0.0,thank you
0.0,0.0,-0.08667284958708822,-0.16167174074792073,-0.12489690287515767,-0.3380277513788228,-0.10419213466739559,-0.4843102995460487,-0.0541261774252306,-0.5883929207720711,-0.05204641874850182,-0.47519040886513175,0.01887530817007649,-0.7220304664151305,0.07533191667709059,-0.8528473245579719,0.12085474804931519,-0.9497638546339261,0.020254255575218417,-0.45266701983401797,0.09304531090604369,-0.7227144582161992,0.14637412084004658,-0.8775477760174782,0.18841345298497011,-1.0,0.10033250224384195,-0.4022512176050768,0.16821912456026428,-0.649451087235492,0.2137562836295969,-0.797406113715568,0.24742936196148416,-0.9128704083468429,0.18447283792558866,-0.33360211262516803,0.2371205215979444,-0.5224055281488167,0.266170861899439,-0.6387524089219442,0.29373473477314643,-0.7362784267740056,0.0,0.0,0.0,0.0,0.0,0.0,0.0,0.0,0.0,0.0,0.0,0.0,0.0,0.0,0.0,0.0,0.0,0.0,0.0,0.0,0.0,0.0,0.0,0.0,0.0,0.0,0.0,0.0,0.0,0.0,0.0,0.0,0.0,0.0,0.0,0.0,0.0,0.0,0.0,0.0,0.0,0.0,thank you
0.0,0.0,-0.08303915286056285,-0.1592326686422218,-0.11981959160435057,-0.3410002094272353,-0.09956973362611345,-0.49575615145476687,-0.05330186490563861,-0.6086198745192265,-0.05002012758758636,-0.4710680663595903,0.02334499186745137,-0.7222739032345848,0.08135295010239361,-0.8599686736985728,0.13026712631973644,-0.9625912795502456,0.0200097063880323,-0.45113410491175837,0.09397037670567197,-0.7237441576698649,0.14760469167169335,-0.8783576390151653,0.19130726486776614,-1.0,0.10064847199631809,-0.40429162805221386,0.17084170937770013,-0.656159606126311,0.21653797969182845,-0.8029721110641537,0.251252487732204,-0.9162313631706531,0.18834844678980653,-0.33831502621602605,0.24239710162738756,-0.5303698334489154,0.2709109332303336,-0.6463992937160543,0.2977263977386875,-0.7435903352466037,0.0,0.0,0.0,0.0,0.0,0.0,0.0,0.0,0.0,0.0,0.0,0.0,0.0,0.0,0.0,0.0,0.0,0.0,0.0,0.0,0.0,0.0,0.0,0.0,0.0,0.0,0.0,0.0,0.0,0.0,0.0,0.0,0.0,0.0,0.0,0.0,0.0,0.0,0.0,0.0,0.0,0.0,thank you
0.0,0.0,-0.08695638944230305,-0.1625115595731015,-0.12382645134608329,-0.35315760500098764,-0.10882328553812777,-0.5176312808704311,-0.06364022018910663,-0.6405090041055344,-0.05651506034559922,-0.4730541184537063,0.015889769533745077,-0.7213130508626288,0.07396947689492687,-0.858744362212044,0.12233698751502713,-0.9595932855964486,0.01596013490880774,-0.4491344551729454,0.08748584134547725,-0.7241722939949048,0.14061195308670713,-0.8796949870185392,0.18374415301768568,-1.0,0.09857922798914015,-0.40101468138684954,0.1658200000456424,-0.6610911932725123,0.21266635071979342,-0.8087877351756637,0.24849132832331863,-0.9194637220215224,0.18651046314109512,-0.3353748167013676,0.23846927036304222,-0.5310597836904979,0.26937272881488733,-0.6463035610458298,0.29755640703998604,-0.7402749346362719,0.0,0.0,0.0,0.0,0.0,0.0,0.0,0.0,0.0,0.0,0.0,0.0,0.0,0.0,0.0,0.0,0.0,0.0,0.0,0.0,0.0,0.0,0.0,0.0,0.0,0.0,0.0,0.0,0.0,0.0,0.0,0.0,0.0,0.0,0.0,0.0,0.0,0.0,0.0,0.0,0.0,0.0,thank you
0.0,0.0,-0.08737872924767995,-0.16547054412448703,-0.11913342551313245,-0.35708412303155523,-0.0953921702014561,-0.5220668946903803,-0.056232546219098935,-0.6505857003186215,-0.03852681071605985,-0.4763274049277169,0.037012615132463636,-0.7229501754474781,0.09323895978155286,-0.8663431303373844,0.13862622568019517,-0.975060449487263,0.032579758202050946,-0.4483393397859193,0.10514445544836402,-0.7189533268575442,0.15701603232410163,-0.8758692481229177,0.19811446959174053,-1.0,0.11122515812421492,-0.39720650911725713,0.17748374460922198,-0.6515463108568608,0.22299339659356618,-0.8001382064173593,0.25766650108052863,-0.9134659499001737,0.1950767127882069,-0.32986201506728385,0.24655910950517165,-0.522597951583457,0.27708627459666063,-0.6396608120892646,0.30510167727156234,-0.7372596021502995,0.0,0.0,0.0,0.0,0.0,0.0,0.0,0.0,0.0,0.0,0.0,0.0,0.0,0.0,0.0,0.0,0.0,0.0,0.0,0.0,0.0,0.0,0.0,0.0,0.0,0.0,0.0,0.0,0.0,0.0,0.0,0.0,0.0,0.0,0.0,0.0,0.0,0.0,0.0,0.0,0.0,0.0,thank you
0.0,0.0,-0.08645382480286251,-0.1598520899775681,-0.13601952688032648,-0.3351732060212425,-0.16456288941035335,-0.4733912945959495,-0.21292340157041223,-0.5621283054625931,-0.02816358173543747,-0.48936343697375023,0.04983680871985964,-0.7286718938290829,0.10861782168642221,-0.8710311749489231,0.1578328084821912,-0.9774096660578342,0.047051406603633085,-0.4567925717808851,0.12503250578931002,-0.7209543571132956,0.17976595317262933,-0.8778862633042241,0.2260661577372524,-1.0,0.12613828136393906,-0.4009981045684556,0.2026239213286592,-0.6504383362283098,0.2516521686345048,-0.799471110552093,0.2902199179015008,-0.9117931132225191,0.20860935924948215,-0.3288438690673237,0.2662668486733651,-0.5201078047589761,0.299978599551568,-0.6357535645764962,0.33060400450746946,-0.7350148632802,0.0,0.0,0.0,0.0,0.0,0.0,0.0,0.0,0.0,0.0,0.0,0.0,0.0,0.0,0.0,0.0,0.0,0.0,0.0,0.0,0.0,0.0,0.0,0.0,0.0,0.0,0.0,0.0,0.0,0.0,0.0,0.0,0.0,0.0,0.0,0.0,0.0,0.0,0.0,0.0,0.0,0.0,thank you
0.0,0.0,-0.0904553496896171,-0.16986606306076557,-0.1457863746210963,-0.3476927333389301,-0.1885446085986385,-0.483032031979708,-0.25134493975820915,-0.5638992244255527,-0.017760887161283476,-0.49428390702821773,0.06327354825969626,-0.7320157702073602,0.11938983637908267,-0.8739492204391771,0.16229234547250695,-0.9840222899114074,0.061866040884901455,-0.4577687067933648,0.1440425333073559,-0.718717115701515,0.19879579777935122,-0.8759954718997482,0.2413008573083464,-1.0,0.14062533824792722,-0.3998548536894566,0.21998853191027645,-0.6471017465604971,0.26894927587883743,-0.7952468147275193,0.3039760532347458,-0.9066575640024478,0.2185052569997851,-0.3276887839231321,0.2791825131695593,-0.5224968861390817,0.31674143100851077,-0.6380563699905647,0.3479756076054766,-0.7331855470389678,0.0,0.0,0.0,0.0,0.0,0.0,0.0,0.0,0.0,0.0,0.0,0.0,0.0,0.0,0.0,0.0,0.0,0.0,0.0,0.0,0.0,0.0,0.0,0.0,0.0,0.0,0.0,0.0,0.0,0.0,0.0,0.0,0.0,0.0,0.0,0.0,0.0,0.0,0.0,0.0,0.0,0.0,thank you
0.0,0.0,-0.08940233451924419,-0.16874612234442923,-0.1453553953345308,-0.3485706607262645,-0.18792299907723609,-0.48868616893403444,-0.24741161569769457,-0.5725506076699634,-0.014768159500636696,-0.4873993909128224,0.06736491586471588,-0.7262595622592705,0.12330839736167201,-0.8706697544440164,0.16544558789720054,-0.9830847609579528,0.06564300058893124,-0.45252804771917743,0.1508285979132308,-0.7114404880255897,0.20590311713642945,-0.872790064383517,0.24691467215635968,-1.0,0.14402229540413175,-0.3965627831147849,0.22528181567186978,-0.6390995755705862,0.272669391217261,-0.790819968653321,0.30395583855515534,-0.9047372222391354,0.21958159637109176,-0.32727098080672035,0.2804691871384135,-0.5188216546133472,0.3168326731914509,-0.6360289447632885,0.34627464246834627,-0.7315880252747033,0.0,0.0,0.0,0.0,0.0,0.0,0.0,0.0,0.0,0.0,0.0,0.0,0.0,0.0,0.0,0.0,0.0,0.0,0.0,0.0,0.0,0.0,0.0,0.0,0.0,0.0,0.0,0.0,0.0,0.0,0.0,0.0,0.0,0.0,0.0,0.0,0.0,0.0,0.0,0.0,0.0,0.0,thank you
0.0,0.0,-0.0919166922007458,-0.16646786562195806,-0.14887449426890198,-0.3463049060866991,-0.18766180268514293,-0.48711649376447363,-0.24013199034499147,-0.5757322548572071,-0.014461668657282632,-0.487965892723517,0.07055535058811759,-0.7275844656915775,0.12825572536586688,-0.8728744181877682,0.1714755414788088,-0.9833934686952189,0.06897171657797482,-0.4500290254736311,0.15377742829092592,-0.7123343672029866,0.2073127518233417,-0.8745015643531748,0.24579378156585396,-1.0,0.14980961477933344,-0.3930286231816088,0.2278960856777787,-0.6385859539636186,0.27218572759619053,-0.791044729453404,0.30125054455332034,-0.9033863399972069,0.22659697426373265,-0.3239831704363305,0.28326061331815877,-0.5166495223563891,0.31705796340184805,-0.6345335913838637,0.3447329969088131,-0.7302462631656839,0.0,0.0,0.0,0.0,0.0,0.0,0.0,0.0,0.0,0.0,0.0,0.0,0.0,0.0,0.0,0.0,0.0,0.0,0.0,0.0,0.0,0.0,0.0,0.0,0.0,0.0,0.0,0.0,0.0,0.0,0.0,0.0,0.0,0.0,0.0,0.0,0.0,0.0,0.0,0.0,0.0,0.0,thank you
0.0,0.0,-0.09157003399135852,-0.16004199696503874,-0.15105088521435647,-0.3356793414310658,-0.1922080668044746,-0.48121799510728086,-0.24682360287619987,-0.5780699890539825,-0.016999705439396624,-0.48151021792809084,0.07307271906451293,-0.7286990343918986,0.13115622569680208,-0.8765601451711023,0.17403882069779172,-0.9893456858300764,0.06345105540492732,-0.44674219609216265,0.1520736650871915,-0.7115872452661202,0.2066641349347317,-0.874771222000508,0.24604758894093773,-1.0,0.14261967238834622,-0.39144117022122177,0.22554731386185575,-0.6362137585257631,0.2733073025573783,-0.7888756356820429,0.3044440986835167,-0.9000673281379147,0.21910750215205874,-0.32342234743501097,0.28114004304636964,-0.5126944190896051,0.31824337978940215,-0.6275824055367003,0.34862130571909933,-0.7200609278087549,0.0,0.0,0.0,0.0,0.0,0.0,0.0,0.0,0.0,0.0,0.0,0.0,0.0,0.0,0.0,0.0,0.0,0.0,0.0,0.0,0.0,0.0,0.0,0.0,0.0,0.0,0.0,0.0,0.0,0.0,0.0,0.0,0.0,0.0,0.0,0.0,0.0,0.0,0.0,0.0,0.0,0.0,thank you
0.0,0.0,-0.09021792079330801,-0.16250253390258232,-0.14876180074631187,-0.3381924793771357,-0.19063777293750672,-0.4805740168457981,-0.24325839704288396,-0.5798696436402148,-0.014445830334020072,-0.47933602444130036,0.07305978045026931,-0.7258043330768403,0.12999993277401312,-0.8733821807696445,0.1726858488263377,-0.9862517685605778,0.06411794851109953,-0.44448710708996286,0.1511075998461042,-0.7094963429063139,0.2050298224820248,-0.8732911671258718,0.2444967772896137,-1.0,0.1420085625222363,-0.3879885777877065,0.22454862921041527,-0.6326332522484507,0.2715596325530982,-0.7846689585556962,0.3026525564491441,-0.8968794731137423,0.21815505001613425,-0.3180828596486873,0.28018110680864794,-0.5068032698720017,0.31689205471574783,-0.620854225101563,0.34746811419730106,-0.7138861998494138,0.0,0.0,0.0,0.0,0.0,0.0,0.0,0.0,0.0,0.0,0.0,0.0,0.0,0.0,0.0,0.0,0.0,0.0,0.0,0.0,0.0,0.0,0.0,0.0,0.0,0.0,0.0,0.0,0.0,0.0,0.0,0.0,0.0,0.0,0.0,0.0,0.0,0.0,0.0,0.0,0.0,0.0,thank you
0.0,0.0,-0.0973442107756665,-0.155590365791809,-0.16430584238173954,-0.34336344301726474,-0.19757328348338504,-0.4977801837206279,-0.23167983569248762,-0.618457772362979,-0.019363272420272883,-0.4840165520189794,0.05849999511845957,-0.7273908885790966,0.11529504801123473,-0.8690971256976107,0.16061051627685424,-0.9754175900913978,0.061938398042861983,-0.4512794003618506,0.14053582356982428,-0.7141100155335754,0.19466594077304075,-0.8765229763831074,0.23946229575249459,-1.0,0.13917605763711863,-0.39980304268984185,0.21797529632235021,-0.6453756139821706,0.2662312503885963,-0.7959778162249044,0.3025208788622619,-0.9077578982039528,0.21229703711049805,-0.33349065596084904,0.2723078689917872,-0.5242198913009408,0.3064595112190645,-0.640528244336,0.3360417746814538,-0.7352311563547123,0.0,0.0,0.0,0.0,0.0,0.0,0.0,0.0,0.0,0.0,0.0,0.0,0.0,0.0,0.0,0.0,0.0,0.0,0.0,0.0,0.0,0.0,0.0,0.0,0.0,0.0,0.0,0.0,0.0,0.0,0.0,0.0,0.0,0.0,0.0,0.0,0.0,0.0,0.0,0.0,0.0,0.0,thank you
0.0,0.0,-0.10413485934803703,-0.16621249163802335,-0.16739471944940526,-0.3553159571625729,-0.18359134090950183,-0.5115387744606651,-0.17590083348567365,-0.6420795256624795,-0.025078773335690422,-0.4704905090309348,0.05836119821852231,-0.71890826233605,0.11694601025735804,-0.8674257566961102,0.16208411093857036,-0.9795636303735117,0.06190298499966854,-0.43105663242859926,0.1412154547408641,-0.6985120703751991,0.19618490464835503,-0.8668632693771859,0.23769295323922385,-1.0,0.14283963687425796,-0.37801332492280865,0.21825801192874894,-0.6267201063101033,0.26529538619776655,-0.7840503205173276,0.2985628700111895,-0.9032022101733868,0.21537137220790334,-0.31440404468559974,0.2742310245907403,-0.5083737788500751,0.31057448537432525,-0.6294413898258098,0.3420762863381875,-0.7278824461769947,0.0,0.0,0.0,0.0,0.0,0.0,0.0,0.0,0.0,0.0,0.0,0.0,0.0,0.0,0.0,0.0,0.0,0.0,0.0,0.0,0.0,0.0,0.0,0.0,0.0,0.0,0.0,0.0,0.0,0.0,0.0,0.0,0.0,0.0,0.0,0.0,0.0,0.0,0.0,0.0,0.0,0.0,thank you
0.0,0.0,-0.08971896162750992,-0.17001109271098355,-0.145724445808554,-0.363870280416628,-0.16178198381885325,-0.5217852356411568,-0.15750588683461006,-0.6477945835200212,-0.01522163710255231,-0.47462443672911087,0.06535546019947142,-0.7250004441031977,0.11947634311610436,-0.8753108722384183,0.15905173604874476,-0.9894199814858311,0.06587752818081513,-0.4350114183866619,0.1446842574298465,-0.7002466253091452,0.19769932338410584,-0.8685205343449676,0.23562721681512871,-1.0,0.1441325825686534,-0.3806023618394952,0.21785618063354775,-0.6259521079111556,0.26551943296903713,-0.7827538444533484,0.29810131079526053,-0.8988147872548303,0.21684831309867578,-0.31553778923454373,0.276180623678793,-0.5063834900195208,0.31213867270383844,-0.6282202416316154,0.3433165676152053,-0.7255634682683331,0.0,0.0,0.0,0.0,0.0,0.0,0.0,0.0,0.0,0.0,0.0,0.0,0.0,0.0,0.0,0.0,0.0,0.0,0.0,0.0,0.0,0.0,0.0,0.0,0.0,0.0,0.0,0.0,0.0,0.0,0.0,0.0,0.0,0.0,0.0,0.0,0.0,0.0,0.0,0.0,0.0,0.0,thank you
0.0,0.0,-0.08828768437007123,-0.16419397776911432,-0.1416600048359363,-0.35325625318770404,-0.14700020526290236,-0.4968782733303882,-0.11884926348113384,-0.576734435471737,-0.0247411500202619,-0.47273464506102364,0.05545907985496037,-0.7203451589441507,0.11133661721929818,-0.8697566024230636,0.15254807213909422,-0.9845185142811544,0.05740919760472134,-0.43283696885820466,0.13369428998985222,-0.6957539902483296,0.18536273608238205,-0.8660933566445332,0.22407979006460255,-1.0,0.13635633832133404,-0.37994836219913003,0.2058957562495824,-0.6207481856826482,0.25432277903857164,-0.7801446839071481,0.2886896535479476,-0.8945633692727685,0.20736035753240342,-0.3158649956567908,0.26806361611703156,-0.5000567237060385,0.303203952007899,-0.6204535108368717,0.33450774639119457,-0.7128682053532758,0.0,0.0,0.0,0.0,0.0,0.0,0.0,0.0,0.0,0.0,0.0,0.0,0.0,0.0,0.0,0.0,0.0,0.0,0.0,0.0,0.0,0.0,0.0,0.0,0.0,0.0,0.0,0.0,0.0,0.0,0.0,0.0,0.0,0.0,0.0,0.0,0.0,0.0,0.0,0.0,0.0,0.0,thank you
0.0,0.0,-0.09060260952314891,-0.17819309787160859,-0.13321117772512636,-0.3843067536602736,-0.11830010893996615,-0.5544248487644364,-0.06844855330290489,-0.6633424853040318,-0.01867040030330255,-0.4641609840989458,0.06561435632063223,-0.7152602420434154,0.11883352519373308,-0.8660370985006383,0.15804502408509194,-0.9828458748905493,0.06728385061209248,-0.4212123645198731,0.14441897655343974,-0.6916963325761856,0.19451176318836352,-0.8628546547011657,0.2295921663945147,-1.0,0.1484378303415622,-0.3631104949618235,0.21841287344482616,-0.6155214984210119,0.2683683567643737,-0.7739213019204886,0.3017866296977094,-0.8924385306359804,0.2204730170479407,-0.2953273163758196,0.2758374908365478,-0.4914527498433364,0.31100127373767655,-0.6136522254301894,0.3413580153067066,-0.7097474426663639,0.0,0.0,0.0,0.0,0.0,0.0,0.0,0.0,0.0,0.0,0.0,0.0,0.0,0.0,0.0,0.0,0.0,0.0,0.0,0.0,0.0,0.0,0.0,0.0,0.0,0.0,0.0,0.0,0.0,0.0,0.0,0.0,0.0,0.0,0.0,0.0,0.0,0.0,0.0,0.0,0.0,0.0,thank you
0.0,0.0,-0.0870726057505139,-0.1801465724291144,-0.13097854048761057,-0.3794912405072895,-0.12131583252523288,-0.5454082902807448,-0.07241156931130874,-0.6546801463353337,-0.022973959802831394,-0.46331800906178944,0.06396385716419574,-0.7127419855798526,0.11966102458443088,-0.8606606428606993,0.16054375478636512,-0.9733013886682583,0.06448760109158762,-0.42432955324097676,0.14613332827529632,-0.6970028759682387,0.2007065445466853,-0.8656121449791474,0.23907523276849285,-1.0,0.14860303339964104,-0.36901683615042286,0.21883213876724572,-0.6212871439714917,0.2707810636577669,-0.7765607403069438,0.3069256776781713,-0.895441839291938,0.22530769066626202,-0.3032840095691738,0.277438349246392,-0.5006000886737115,0.31214640172036484,-0.6231424161452542,0.34219955852820605,-0.7228365629690046,0.0,0.0,0.0,0.0,0.0,0.0,0.0,0.0,0.0,0.0,0.0,0.0,0.0,0.0,0.0,0.0,0.0,0.0,0.0,0.0,0.0,0.0,0.0,0.0,0.0,0.0,0.0,0.0,0.0,0.0,0.0,0.0,0.0,0.0,0.0,0.0,0.0,0.0,0.0,0.0,0.0,0.0,thank you
0.0,0.0,-0.09280708078292771,-0.17890252551324579,-0.12928250464822263,-0.38497805634567106,-0.10931565159316926,-0.5562550384941528,-0.057252915922594946,-0.6717944724000221,-0.03557357792415305,-0.4522187064282972,0.04832715676267288,-0.7095109539074133,0.10272876457788992,-0.8640364147723997,0.14156006137744534,-0.9822631221398757,0.05006077782288348,-0.41009074975549875,0.1300298501702032,-0.6851887972148112,0.183131931411463,-0.8591130779952577,0.22066140423305877,-1.0,0.13461914440539624,-0.3514412419398452,0.20304111962605614,-0.6055690451460564,0.25352209264097847,-0.7666094842810469,0.28797522663316133,-0.8911820809839506,0.21259648235283576,-0.2849713709000241,0.2665533127531883,-0.4806704468152122,0.3009125977918731,-0.6050955501811618,0.33108210715138214,-0.7074614397968727,0.0,0.0,0.0,0.0,0.0,0.0,0.0,0.0,0.0,0.0,0.0,0.0,0.0,0.0,0.0,0.0,0.0,0.0,0.0,0.0,0.0,0.0,0.0,0.0,0.0,0.0,0.0,0.0,0.0,0.0,0.0,0.0,0.0,0.0,0.0,0.0,0.0,0.0,0.0,0.0,0.0,0.0,thank you
0.0,0.0,-0.08123321162889509,-0.17955027869596216,-0.11223329894642844,-0.3865650722665111,-0.09909358549196678,-0.5589557633172741,-0.04546576702601882,-0.6765189199991358,-0.03073644687853321,-0.4474530735771743,0.0548981985582705,-0.7054453284219472,0.10877019105436371,-0.8584053928028749,0.14901603491981188,-0.9732950126385378,0.05024944008756958,-0.40233263839378947,0.13928373067311917,-0.6856865858664419,0.19417675319204097,-0.8606758737154421,0.23197365530998623,-1.0,0.13338720915159763,-0.34027305182880724,0.21319723500478896,-0.6038786088246519,0.26502750502300865,-0.7680249944188793,0.29992492492492495,-0.897779524128445,0.2124251049610762,-0.2667170317799814,0.2725225225225225,-0.4702769316078669,0.30839180007345474,-0.5968526980217628,0.33893830881240955,-0.7054646823082075,0.0,0.0,0.0,0.0,0.0,0.0,0.0,0.0,0.0,0.0,0.0,0.0,0.0,0.0,0.0,0.0,0.0,0.0,0.0,0.0,0.0,0.0,0.0,0.0,0.0,0.0,0.0,0.0,0.0,0.0,0.0,0.0,0.0,0.0,0.0,0.0,0.0,0.0,0.0,0.0,0.0,0.0,thank you
0.0,0.0,-0.07605420890026875,-0.1889457734656594,-0.09976046317653117,-0.3968124651727081,-0.08655155144564121,-0.5673744983106559,-0.03780965430165548,-0.6850689227698189,-0.034595183429615366,-0.4509887424085321,0.05238950490579879,-0.7020456845899373,0.10584829584329658,-0.8564502789710167,0.1442716158452716,-0.974958736271875,0.04478844844855436,-0.40447909833463824,0.1384296682678404,-0.6823314535412743,0.19476622951802555,-0.8590076602408109,0.2332022240091415,-1.0,0.12913177324699693,-0.3412715312017267,0.21360503911237136,-0.5990823229010164,0.26449520705927165,-0.7653826417250355,0.29793646091231635,-0.8965461906877994,0.2108580915702083,-0.26771122091259847,0.2754012192197276,-0.4686230346826925,0.31245106545062107,-0.5962882042166593,0.34327994177229476,-0.7056271645823193,0.0,0.0,0.0,0.0,0.0,0.0,0.0,0.0,0.0,0.0,0.0,0.0,0.0,0.0,0.0,0.0,0.0,0.0,0.0,0.0,0.0,0.0,0.0,0.0,0.0,0.0,0.0,0.0,0.0,0.0,0.0,0.0,0.0,0.0,0.0,0.0,0.0,0.0,0.0,0.0,0.0,0.0,thank you
0.0,0.0,-0.07974555896829148,-0.19706679308168293,-0.10257321903162224,-0.41355008754856104,-0.07905296137739548,-0.5840816116329985,-0.03650673758584293,-0.7039872669443219,-0.04943698660405778,-0.4511079360635808,0.038539743701477454,-0.7020041093683563,0.09384653340270313,-0.8571228611345132,0.1327042953815383,-0.978824384365033,0.02975649703637777,-0.4024271507058905,0.12301717254681362,-0.6791312224842664,0.18032890792743636,-0.8565856413317241,0.21916675249858927,-1.0,0.1160585144827064,-0.33964748169139064,0.20015718245930025,-0.5966093309423641,0.25056891158959843,-0.7641048258668364,0.28219786502996197,-0.8974856528640132,0.20355964790424855,-0.26901485200375724,0.2683046478646338,-0.471933401470675,0.3049926228562927,-0.6019683240590841,0.33485927086001827,-0.712930953280144,0.0,0.0,0.0,0.0,0.0,0.0,0.0,0.0,0.0,0.0,0.0,0.0,0.0,0.0,0.0,0.0,0.0,0.0,0.0,0.0,0.0,0.0,0.0,0.0,0.0,0.0,0.0,0.0,0.0,0.0,0.0,0.0,0.0,0.0,0.0,0.0,0.0,0.0,0.0,0.0,0.0,0.0,thank you
0.0,0.0,-0.07890904745397036,-0.18882757106037737,-0.10891707882152062,-0.3945776426536672,-0.0935724298008953,-0.5618023422309977,-0.042008035673913556,-0.6769036817253014,-0.04224380906446411,-0.44789709514263754,0.03627648144280396,-0.7021077495160725,0.08674867417839971,-0.8573624816710412,0.12410766769516977,-0.9770373943056958,0.035486586754918406,-0.40413949171993996,0.12008983073839058,-0.6826016463226887,0.17321732708336474,-0.8582696170997074,0.2097466997108277,-1.0,0.11928647866519963,-0.3422269065885205,0.19763225379982732,-0.6013681316196878,0.24654608131705816,-0.7675825583673715,0.27836418483772546,-0.9010285748736621,0.20278427919014533,-0.2680106108791656,0.26160166570132354,-0.47207603315038466,0.2959369462285947,-0.6016166087819667,0.3239341212542714,-0.7149516933697078,0.0,0.0,0.0,0.0,0.0,0.0,0.0,0.0,0.0,0.0,0.0,0.0,0.0,0.0,0.0,0.0,0.0,0.0,0.0,0.0,0.0,0.0,0.0,0.0,0.0,0.0,0.0,0.0,0.0,0.0,0.0,0.0,0.0,0.0,0.0,0.0,0.0,0.0,0.0,0.0,0.0,0.0,thank you
0.0,0.0,-0.07444256468420206,-0.1890087648479755,-0.09991770737708928,-0.3955952937677865,-0.08592935011686963,-0.563879434898353,-0.038118767567562946,-0.6802256509865608,-0.040371132892972374,-0.45115435058152814,0.041293186269095596,-0.7056904323289517,0.09314149097056372,-0.8606577812567229,0.13156543769655857,-0.979595403149466,0.03616891094942657,-0.40668663879285355,0.12367179770712927,-0.6863687568323493,0.17877463464489515,-0.8610235262474372,0.21675208193713244,-1.0,0.12023749069881862,-0.3433031600837197,0.19966995360037704,-0.6036065617898603,0.2497212583080406,-0.7698712009360679,0.28263435520461316,-0.902287764825971,0.20474252898561096,-0.26778493767273814,0.264530298618394,-0.4718443652519186,0.2998974333118914,-0.601052969573734,0.32944116857233624,-0.7128656141386075,0.0,0.0,0.0,0.0,0.0,0.0,0.0,0.0,0.0,0.0,0.0,0.0,0.0,0.0,0.0,0.0,0.0,0.0,0.0,0.0,0.0,0.0,0.0,0.0,0.0,0.0,0.0,0.0,0.0,0.0,0.0,0.0,0.0,0.0,0.0,0.0,0.0,0.0,0.0,0.0,0.0,0.0,thank you
0.0,0.0,-0.07141173544493064,-0.18438893229290398,-0.09966478833553476,-0.38574357826005584,-0.08546513381405059,-0.5473429925744017,-0.03652199977607109,-0.6475862983600719,-0.04264709588578138,-0.44470133378174204,0.03965111710366545,-0.6988112762667167,0.09281956659426849,-0.8542790873120308,0.1323629540602815,-0.9745702279488897,0.0327911251436223,-0.4037328784243668,0.12042996003571295,-0.68213848805017,0.17452263272642538,-0.8586580956705286,0.21235608332634417,-1.0,0.11784506846151335,-0.34456214254521234,0.1970985506180562,-0.6008628286683543,0.243914773152163,-0.7688262447989205,0.2738823075915619,-0.9003175493748788,0.2039702141495804,-0.27230127445297514,0.26330724410027884,-0.4724999184022879,0.2952265131830916,-0.6004160037282924,0.3222364920668432,-0.7103880291405055,0.0,0.0,0.0,0.0,0.0,0.0,0.0,0.0,0.0,0.0,0.0,0.0,0.0,0.0,0.0,0.0,0.0,0.0,0.0,0.0,0.0,0.0,0.0,0.0,0.0,0.0,0.0,0.0,0.0,0.0,0.0,0.0,0.0,0.0,0.0,0.0,0.0,0.0,0.0,0.0,0.0,0.0,thank you
0.0,0.0,-0.06866735153550554,-0.18513841347240612,-0.0926234984015242,-0.38617600994607165,-0.07648282849484936,-0.5450677333936126,-0.02541515968611748,-0.6423902864339458,-0.0374387452772306,-0.445556560209255,0.04252763021926567,-0.6944674976587981,0.09448021280718184,-0.8480396470436271,0.1328641174476055,-0.9689871476087448,0.03341429989989343,-0.40265665870119804,0.12208439629282784,-0.6788698453192108,0.17702261681790293,-0.8565388155132884,0.21544517147285822,-1.0,0.1147866075176801,-0.34095609842735813,0.19740600881583623,-0.5983149400975232,0.24819525624051408,-0.7665284819323797,0.2813559595698647,-0.8983074724706946,0.19834107679142313,-0.2666047728226822,0.2607943536668066,-0.47198630800529595,0.2967474448606581,-0.6038853860561243,0.3274630049730358,-0.7165280782768754,0.0,0.0,0.0,0.0,0.0,0.0,0.0,0.0,0.0,0.0,0.0,0.0,0.0,0.0,0.0,0.0,0.0,0.0,0.0,0.0,0.0,0.0,0.0,0.0,0.0,0.0,0.0,0.0,0.0,0.0,0.0,0.0,0.0,0.0,0.0,0.0,0.0,0.0,0.0,0.0,0.0,0.0,thank you
0.0,0.0,-0.07359965346043555,-0.18702509158993008,-0.08704119420378635,-0.39208713110214816,-0.05925772001130618,-0.5479782127795758,-0.0006518831067417422,-0.633560473800724,-0.04050655954219279,-0.4527933792193849,0.04713156280009302,-0.6972607574855435,0.1007193241670332,-0.8480307230598926,0.14095545273498958,-0.9682190569687041,0.03887720534590617,-0.40278860096571234,0.12964351803118979,-0.6781020816820746,0.1840784344784238,-0.8573207392170574,0.22366581156466694,-1.0,0.12267373295966649,-0.3364440135148814,0.20581554890214318,-0.5946854908983864,0.25405752532524956,-0.762154493366713,0.2854472172683057,-0.8915386926415095,0.20560017391631127,-0.2601442931588944,0.27024661244039055,-0.4680241890758009,0.30349648965038334,-0.6026087042608486,0.3311084316074308,-0.7166402633636036,0.0,0.0,0.0,0.0,0.0,0.0,0.0,0.0,0.0,0.0,0.0,0.0,0.0,0.0,0.0,0.0,0.0,0.0,0.0,0.0,0.0,0.0,0.0,0.0,0.0,0.0,0.0,0.0,0.0,0.0,0.0,0.0,0.0,0.0,0.0,0.0,0.0,0.0,0.0,0.0,0.0,0.0,thank you
0.0,0.0,-0.07330914921982207,-0.1839799822058735,-0.0874571148391131,-0.38430647372016485,-0.06008747914813112,-0.537094891506475,-0.00103377015747124,-0.6196892288906107,-0.03870342152100301,-0.45474561218455006,0.04598876441685154,-0.7029072779253532,0.09976814197336145,-0.8554069698580578,0.13998318690333147,-0.9756535114287982,0.03895196901859929,-0.4080621510315369,0.1264923318161933,-0.6833108081971024,0.18063650491771113,-0.8586714862083555,0.22018197704629464,-1.0,0.12111491249094242,-0.3428422109222119,0.2024025061723127,-0.6007051052234256,0.24994257386337126,-0.7656319726396362,0.28097192938658916,-0.8929766239732586,0.20125268736373755,-0.266156384928989,0.2659360520089377,-0.4704526575340499,0.2989904764335498,-0.6016322980544104,0.32611714772355216,-0.7129361146193783,0.0,0.0,0.0,0.0,0.0,0.0,0.0,0.0,0.0,0.0,0.0,0.0,0.0,0.0,0.0,0.0,0.0,0.0,0.0,0.0,0.0,0.0,0.0,0.0,0.0,0.0,0.0,0.0,0.0,0.0,0.0,0.0,0.0,0.0,0.0,0.0,0.0,0.0,0.0,0.0,0.0,0.0,thank you
0.0,0.0,-0.06305599643960166,-0.18763012198851156,-0.07245378263016342,-0.38678828666138076,-0.04121439980629622,-0.5323672667293348,0.016923715595801817,-0.6116627298691266,-0.03756850826060515,-0.45582052164605363,0.05379372609145834,-0.7074523203525797,0.11158117782972944,-0.8574518858125928,0.15499010562555468,-0.973277205588548,0.038740149332192886,-0.4065036690333264,0.1272493760308956,-0.6844746542931237,0.1841428880659353,-0.860606039782439,0.2268461431342379,-1.0,0.12167210582726207,-0.3427041039371142,0.20285316934265823,-0.6072275924402978,0.25106911995142855,-0.7716039638939715,0.28223159930319996,-0.900293486286019,0.20397266561582097,-0.271270176550565,0.2701191508644011,-0.47208403962923834,0.303617737396774,-0.6022281593633969,0.3321690356506711,-0.7137867006914845,0.0,0.0,0.0,0.0,0.0,0.0,0.0,0.0,0.0,0.0,0.0,0.0,0.0,0.0,0.0,0.0,0.0,0.0,0.0,0.0,0.0,0.0,0.0,0.0,0.0,0.0,0.0,0.0,0.0,0.0,0.0,0.0,0.0,0.0,0.0,0.0,0.0,0.0,0.0,0.0,0.0,0.0,thank you
0.0,0.0,-0.05156228716906216,-0.17662026462396896,-0.055454719097652205,-0.3727914888804731,-0.022049115138221945,-0.5120149106258223,0.04367842201058333,-0.5970260358849113,-0.03287892480894886,-0.4536356211928462,0.05246913520274476,-0.7026803412173604,0.11044717304164448,-0.8546806629958785,0.15492945841527578,-0.9732607103571683,0.02996649889233186,-0.4075066497979072,0.12381341742582237,-0.6821100276562418,0.18453026457150506,-0.8571041060376804,0.23115880877437167,-1.0,0.10792268843620109,-0.3415263144292988,0.1979640319236934,-0.5998625834734476,0.2509096169611478,-0.7644188740200183,0.2869823295793154,-0.8970843096636346,0.1934657392346529,-0.2634071953640576,0.2641395523897593,-0.4670347040852076,0.30320095787402335,-0.5988682956250752,0.3374050816522705,-0.7152728403968834,0.0,0.0,0.0,0.0,0.0,0.0,0.0,0.0,0.0,0.0,0.0,0.0,0.0,0.0,0.0,0.0,0.0,0.0,0.0,0.0,0.0,0.0,0.0,0.0,0.0,0.0,0.0,0.0,0.0,0.0,0.0,0.0,0.0,0.0,0.0,0.0,0.0,0.0,0.0,0.0,0.0,0.0,thank you
0.0,0.0,-0.04779805913609544,-0.1842439460491051,-0.044309264279516064,-0.37951200820834713,-0.004853872053359584,-0.5140262395424147,0.060846865354683206,-0.5931799791975553,-0.030824489503935702,-0.4592911149360754,0.049556487845676074,-0.7048545189192089,0.10855721709179388,-0.8571784891230458,0.1530177338272598,-0.9771989300838851,0.02768747551660324,-0.41538832974100826,0.1204345302317511,-0.6868160939462299,0.1826342964848739,-0.8586803594214965,0.23029584790129132,-1.0,0.10379048167343434,-0.35076433859013306,0.19399953920320967,-0.6072626292471262,0.25112521363220314,-0.7680710060837733,0.2903480195345876,-0.893627096677716,0.19047297879630823,-0.2735780223903101,0.2615310972195613,-0.4762580256550801,0.3009658468149372,-0.6067845192825954,0.3347954086984051,-0.7191930614885943,0.0,0.0,0.0,0.0,0.0,0.0,0.0,0.0,0.0,0.0,0.0,0.0,0.0,0.0,0.0,0.0,0.0,0.0,0.0,0.0,0.0,0.0,0.0,0.0,0.0,0.0,0.0,0.0,0.0,0.0,0.0,0.0,0.0,0.0,0.0,0.0,0.0,0.0,0.0,0.0,0.0,0.0,thank you
0.0,0.0,-0.053855600439388106,-0.20438601529558773,-0.037363550649740396,-0.42085133661676627,0.03256874257457398,-0.5722104848972364,0.10804054389886868,-0.6479241062397204,-0.04002272202760615,-0.4594759541398333,0.05191443834329898,-0.7128473109359331,0.11493203716294567,-0.8623937522157796,0.1645788941110318,-0.9749862467222494,0.03854756332850354,-0.40306851117620635,0.12811000207772816,-0.6856069083565322,0.18740542116342024,-0.8630326324042408,0.23142807641701202,-1.0,0.12723109382909079,-0.33736288102332496,0.21081857868115098,-0.5987737159748435,0.2633802911214988,-0.7680292432457566,0.2973698677733045,-0.8987710657632557,0.2156281939883204,-0.26792092409954343,0.2830204338858506,-0.4777509078389392,0.3189772031817252,-0.6082512875925676,0.3496682566993058,-0.7174169924965059,0.0,0.0,0.0,0.0,0.0,0.0,0.0,0.0,0.0,0.0,0.0,0.0,0.0,0.0,0.0,0.0,0.0,0.0,0.0,0.0,0.0,0.0,0.0,0.0,0.0,0.0,0.0,0.0,0.0,0.0,0.0,0.0,0.0,0.0,0.0,0.0,0.0,0.0,0.0,0.0,0.0,0.0,thank you
0.0,0.0,-0.06415997803450944,-0.20251596451594395,-0.051495801148534866,-0.4057573760656799,0.019595227251891507,-0.5390397754655222,0.09959026981420084,-0.5926514792454572,-0.04332539135994993,-0.45795433762356863,0.04542154952186404,-0.7180931922274274,0.10520075815054945,-0.8679822663147022,0.15193526854471487,-0.9812746417699721,0.03565823380065928,-0.40610128208348834,0.12177841866451189,-0.6860075950392623,0.17812487051382248,-0.8618761269063262,0.22098779634200796,-1.0,0.12118858740000654,-0.34440713800577705,0.20120059352060668,-0.6052601306045673,0.25298403358376675,-0.7659170782337988,0.28795834862448255,-0.8877276627711354,0.2047571935452085,-0.2783109969001183,0.26947761788259383,-0.48511364332644813,0.3031268287387891,-0.6095974250987062,0.33292716580376536,-0.7131706086237354,0.0,0.0,0.0,0.0,0.0,0.0,0.0,0.0,0.0,0.0,0.0,0.0,0.0,0.0,0.0,0.0,0.0,0.0,0.0,0.0,0.0,0.0,0.0,0.0,0.0,0.0,0.0,0.0,0.0,0.0,0.0,0.0,0.0,0.0,0.0,0.0,0.0,0.0,0.0,0.0,0.0,0.0,thank you
0.0,0.0,-0.06275814695215419,-0.19899605223826752,-0.05702323525037586,-0.4025180049446415,6.037233533445538e-05,-0.5424314442682358,0.07245315254027644,-0.6072599205735666,-0.0336732222187864,-0.4608612408134657,0.05122049670234524,-0.7200963674996577,0.10756076990925008,-0.86944666545922,0.1504154647418199,-0.9810452954489567,0.042478380077718335,-0.41317096120120334,0.12794278322355876,-0.6959284749800845,0.18290995392560067,-0.8674422303013168,0.2250260079603133,-1.0,0.12494800248557322,-0.3530228133802765,0.2062183689456487,-0.6163844259989781,0.25755206377674605,-0.7766875172097968,0.2925096706173734,-0.897967072044811,0.20591439055599975,-0.28635021991727516,0.27261063598574037,-0.4920041627461461,0.3059348766563739,-0.6183156044816888,0.33491010043895103,-0.7242616905137391,0.0,0.0,0.0,0.0,0.0,0.0,0.0,0.0,0.0,0.0,0.0,0.0,0.0,0.0,0.0,0.0,0.0,0.0,0.0,0.0,0.0,0.0,0.0,0.0,0.0,0.0,0.0,0.0,0.0,0.0,0.0,0.0,0.0,0.0,0.0,0.0,0.0,0.0,0.0,0.0,0.0,0.0,thank you
0.0,0.0,-0.05239758752616247,-0.2009275865634549,-0.043553514060878776,-0.3944826159973472,0.005243279766382965,-0.5284221579624829,0.07875063734806156,-0.5890062362056486,-0.03469990265956878,-0.45869556690995833,0.04670138950791381,-0.707073048110419,0.10690546568304102,-0.8537306700801187,0.15454701043646307,-0.9636408530302112,0.038993667523595246,-0.41850573524115825,0.12678849671431475,-0.6915934236376796,0.181899671609754,-0.8637005765548619,0.22237064954235736,-1.0,0.12431344688528448,-0.36269009017360826,0.20939727375480907,-0.6207155056532327,0.25706868027055646,-0.7809612100164374,0.28734431770775765,-0.9015642215083132,0.21183194335000838,-0.29357481842265715,0.28250394888379404,-0.4983116961837559,0.3179714325445074,-0.6235797389279717,0.34641070530808427,-0.7254090615740625,0.0,0.0,0.0,0.0,0.0,0.0,0.0,0.0,0.0,0.0,0.0,0.0,0.0,0.0,0.0,0.0,0.0,0.0,0.0,0.0,0.0,0.0,0.0,0.0,0.0,0.0,0.0,0.0,0.0,0.0,0.0,0.0,0.0,0.0,0.0,0.0,0.0,0.0,0.0,0.0,0.0,0.0,thank you
0.0,0.0,-0.052634517745206395,-0.19020058734749204,-0.04236572342937674,-0.3766759012065021,0.012208502068159433,-0.5011903189027046,0.08654348936979334,-0.5562380679748815,-0.039845449035616244,-0.45074498479202013,0.044570373694773645,-0.7059421222943881,0.10270943915374985,-0.8537115370230948,0.14753496856691267,-0.9676146225897396,0.02954379905193922,-0.4060904621394353,0.11937670001866482,-0.686802122895577,0.17650388081361817,-0.8614955340758714,0.21977680515680192,-1.0,0.11133344028901802,-0.3453123700191332,0.19680597469833952,-0.6075095124148986,0.24845080283173915,-0.7661740763188231,0.28381320084809564,-0.8881397330581846,0.19642324112075576,-0.2740910689207053,0.2653967251986894,-0.4822859016329267,0.3022345698948409,-0.6064357612273759,0.33520269849891543,-0.711537722151501,0.0,0.0,0.0,0.0,0.0,0.0,0.0,0.0,0.0,0.0,0.0,0.0,0.0,0.0,0.0,0.0,0.0,0.0,0.0,0.0,0.0,0.0,0.0,0.0,0.0,0.0,0.0,0.0,0.0,0.0,0.0,0.0,0.0,0.0,0.0,0.0,0.0,0.0,0.0,0.0,0.0,0.0,thank you
0.0,0.0,-0.050660676188890086,-0.20451841154061828,-0.037309255911712004,-0.3904650727554681,0.02419267014170503,-0.5099187231570141,0.10054977823465758,-0.5554369690297039,-0.04282170995676478,-0.4612322637286707,0.04297078489307607,-0.7131219217270126,0.10241858582816979,-0.8624106456446845,0.14757222252739743,-0.9774147541569157,0.029940220688544555,-0.41853569986665345,0.1223947146254215,-0.6965691019095303,0.18234694252720182,-0.8668042953493248,0.2278258018760037,-1.0,0.11418572466444385,-0.35956927037206815,0.199728625977098,-0.621980981461523,0.2538943534658438,-0.7773512990610025,0.29147608377784356,-0.8960086604940153,0.20036990146469835,-0.28963225300435774,0.2683532249834223,-0.4956697093265804,0.30502041942368696,-0.618771896745826,0.33836115556043833,-0.7227696114541251,0.0,0.0,0.0,0.0,0.0,0.0,0.0,0.0,0.0,0.0,0.0,0.0,0.0,0.0,0.0,0.0,0.0,0.0,0.0,0.0,0.0,0.0,0.0,0.0,0.0,0.0,0.0,0.0,0.0,0.0,0.0,0.0,0.0,0.0,0.0,0.0,0.0,0.0,0.0,0.0,0.0,0.0,thank you
0.0,0.0,-0.05221931260933462,-0.1984036768708727,-0.03897861829010873,-0.3907560092352117,0.02324450287578296,-0.5150984522628635,0.10068274293534275,-0.5682875912063227,-0.037983917993385595,-0.458150160411238,0.05250643904265368,-0.711622552679653,0.11130900304039007,-0.8574905270224619,0.15545546678486818,-0.9712327028056367,0.03373004004363702,-0.4160883757259389,0.12356807956225269,-0.6936756013538665,0.17908771084233652,-0.863731739907863,0.218072267898602,-1.0,0.11577564374288585,-0.3571179770324674,0.200911299363304,-0.6157612271728676,0.2498388141402883,-0.7772397217386814,0.28077436346539913,-0.9036579787108143,0.20024830928061316,-0.2860400694577433,0.2670495306007837,-0.4905797828046899,0.30435453573265225,-0.6145331936145354,0.3371041629459723,-0.7196775852460392,0.0,0.0,0.0,0.0,0.0,0.0,0.0,0.0,0.0,0.0,0.0,0.0,0.0,0.0,0.0,0.0,0.0,0.0,0.0,0.0,0.0,0.0,0.0,0.0,0.0,0.0,0.0,0.0,0.0,0.0,0.0,0.0,0.0,0.0,0.0,0.0,0.0,0.0,0.0,0.0,0.0,0.0,thank you
0.0,0.0,-0.0587123831691623,-0.20216188320318634,-0.04364271231222176,-0.3966563309723426,0.0285137765010278,-0.5169220630889508,0.10759155923792262,-0.5657998747846635,-0.04645579371634582,-0.45701278366381576,0.0417971419454493,-0.7060379817579913,0.09867853648478493,-0.8541057140113778,0.142303256127442,-0.9714090511484695,0.0273654860348744,-0.41670630454614216,0.11456333496432762,-0.6900454830810068,0.16959370164470056,-0.8625939903801467,0.2097254557389709,-1.0,0.11094876966807703,-0.35846684718459065,0.1913937394719433,-0.6183418808462319,0.24240253132131515,-0.7762714720340192,0.276721118226506,-0.8993735651698755,0.19539928291963554,-0.29113725439366495,0.2593647581418535,-0.4935286933621034,0.29533338370143836,-0.6161486511722778,0.3289378918628621,-0.721585183181578,0.0,0.0,0.0,0.0,0.0,0.0,0.0,0.0,0.0,0.0,0.0,0.0,0.0,0.0,0.0,0.0,0.0,0.0,0.0,0.0,0.0,0.0,0.0,0.0,0.0,0.0,0.0,0.0,0.0,0.0,0.0,0.0,0.0,0.0,0.0,0.0,0.0,0.0,0.0,0.0,0.0,0.0,thank you
0.0,0.0,-0.058639160692581065,-0.19865802550969713,-0.05277342415486028,-0.3922148261673797,0.004243307821821394,-0.5198810468476291,0.07628885764413006,-0.5792812314125065,-0.04287441421748439,-0.45993999599837215,0.043120858008904306,-0.7074314925391417,0.0982078934151444,-0.8563388371596065,0.13923801995641766,-0.9731271632950003,0.029112523325815536,-0.41896040021723124,0.11714093556426355,-0.6937383370922321,0.17167757700071185,-0.8644451960729603,0.21108119153233765,-1.0,0.11039933251758198,-0.35998113518288394,0.19277391415011005,-0.6175707872998676,0.24342470610493247,-0.7739672329287697,0.27711553747715056,-0.8951641552141619,0.19327905161419406,-0.28944291623395096,0.26031627151725667,-0.49050804340813475,0.29500019395645305,-0.6109956635420396,0.32584131163561775,-0.714698564450028,0.0,0.0,0.0,0.0,0.0,0.0,0.0,0.0,0.0,0.0,0.0,0.0,0.0,0.0,0.0,0.0,0.0,0.0,0.0,0.0,0.0,0.0,0.0,0.0,0.0,0.0,0.0,0.0,0.0,0.0,0.0,0.0,0.0,0.0,0.0,0.0,0.0,0.0,0.0,0.0,0.0,0.0,thank you
0.0,0.0,-0.06169281452680993,-0.20107667778780902,-0.061350422606598294,-0.39598630049661176,-0.008010335939784941,-0.530797227016801,0.0624061237799407,-0.5965484772430258,-0.05661729132247379,-0.4619015718459047,0.036039423859716195,-0.7111362776371462,0.09397801577751012,-0.8571107287816805,0.13577322436045894,-0.9723274797389124,0.012916880860917827,-0.41554221026203464,0.11024332785813547,-0.6950474230637876,0.1690185492583871,-0.8668871182454019,0.21055224590227664,-1.0,0.09552508457828351,-0.3533152399887325,0.186081094443554,-0.6183853764123884,0.24099894951688997,-0.7777051983825047,0.2778135166798437,-0.8988046199688847,0.18308853514091683,-0.2812699618098644,0.2536464913437983,-0.4965935178260783,0.2912822077347526,-0.6225479994423629,0.3245198794731739,-0.7284418106366568,0.0,0.0,0.0,0.0,0.0,0.0,0.0,0.0,0.0,0.0,0.0,0.0,0.0,0.0,0.0,0.0,0.0,0.0,0.0,0.0,0.0,0.0,0.0,0.0,0.0,0.0,0.0,0.0,0.0,0.0,0.0,0.0,0.0,0.0,0.0,0.0,0.0,0.0,0.0,0.0,0.0,0.0,thank you
0.0,0.0,-0.05494547440241629,-0.20580691906103063,-0.044858844524790595,-0.39516177806764985,0.012945330434690157,-0.5186526224348778,0.082574902869716,-0.5787035479678329,-0.04655952865036183,-0.4632921514756605,0.041936003382718676,-0.7088732050440295,0.09773935810960964,-0.8532588907478427,0.13851865227384474,-0.9671455539855444,0.02470161991579108,-0.42357745158649474,0.12006437762629987,-0.700127427124182,0.1761438157408316,-0.8677727896465941,0.21575629157264173,-1.0,0.1065745493993182,-0.36581798331194443,0.19297069733888034,-0.6278753239491707,0.24372324243903637,-0.7845808822363173,0.27784237346657376,-0.9053776477381642,0.19262358871104787,-0.29547197100008943,0.2596640950591357,-0.5048888895086047,0.29527789344192146,-0.626118429664184,0.32623583482195845,-0.7304235701311936,0.0,0.0,0.0,0.0,0.0,0.0,0.0,0.0,0.0,0.0,0.0,0.0,0.0,0.0,0.0,0.0,0.0,0.0,0.0,0.0,0.0,0.0,0.0,0.0,0.0,0.0,0.0,0.0,0.0,0.0,0.0,0.0,0.0,0.0,0.0,0.0,0.0,0.0,0.0,0.0,0.0,0.0,thank you
0.0,0.0,-0.058377547720319535,-0.20707398622601708,-0.04868116253145518,-0.396563239025677,0.011957176761437338,-0.520950533904946,0.08406398440903552,-0.5776912197698817,-0.05048648102587199,-0.4661897616246481,0.04091532024124464,-0.7144594199268858,0.09686554897747433,-0.8600015714435042,0.13689965070458895,-0.9742482326522108,0.02181658167542536,-0.4215893537508743,0.11600199517202045,-0.6989898213956243,0.17109152535952032,-0.8681969299325613,0.20926453637856635,-1.0,0.10548244367883343,-0.3601017158900298,0.1909359103603727,-0.6213306969562402,0.24121087789673512,-0.7767967948164813,0.2739205796662226,-0.8956393144297098,0.19284531944850752,-0.2879561483077869,0.2596451729675237,-0.4996281852423215,0.2947361553371904,-0.6220092588890035,0.32529722380652726,-0.7266333717074225,0.0,0.0,0.0,0.0,0.0,0.0,0.0,0.0,0.0,0.0,0.0,0.0,0.0,0.0,0.0,0.0,0.0,0.0,0.0,0.0,0.0,0.0,0.0,0.0,0.0,0.0,0.0,0.0,0.0,0.0,0.0,0.0,0.0,0.0,0.0,0.0,0.0,0.0,0.0,0.0,0.0,0.0,thank you
0.0,0.0,-0.05006288104472248,-0.20014241799954727,-0.0487842363682069,-0.38985105919082724,-0.009798441739022007,-0.5239661147380156,0.053486857689475475,-0.5993787834878491,-0.040542460699573596,-0.47079787609054075,0.046304064422667914,-0.7193633201336606,0.10193299176937055,-0.8622659541054463,0.1413823970410114,-0.9741345859157696,0.024813046924175373,-0.4290451886259164,0.12065294792391058,-0.7065743360154967,0.17808765503453428,-0.8705627359625022,0.21897583008144358,-1.0,0.1034923764322678,-0.3687669243711125,0.19210181817654576,-0.6297954839103728,0.24447649967077845,-0.7859958412784199,0.2800360521614532,-0.9076514967392295,0.18859383702327895,-0.296323502359104,0.2551090962111701,-0.5009019383745825,0.29271176159176127,-0.6229245132042944,0.32596667259319834,-0.7277692081700592,0.0,0.0,0.0,0.0,0.0,0.0,0.0,0.0,0.0,0.0,0.0,0.0,0.0,0.0,0.0,0.0,0.0,0.0,0.0,0.0,0.0,0.0,0.0,0.0,0.0,0.0,0.0,0.0,0.0,0.0,0.0,0.0,0.0,0.0,0.0,0.0,0.0,0.0,0.0,0.0,0.0,0.0,thank you
0.0,0.0,-0.04782856347577313,-0.19432262369662656,-0.051608012365284665,-0.3770580466057681,-0.02775958480072776,-0.505866597601968,0.014413077560455421,-0.5860492380916391,-0.028462459434474407,-0.4808877271600307,0.050109726232818695,-0.7211818174277148,0.10145681044597424,-0.8644030773116013,0.1385663975048227,-0.978577531422441,0.031214601653681704,-0.44170960936355097,0.11727148970527378,-0.7066161093409697,0.17223506944412442,-0.8683790287868914,0.21331922545537998,-1.0,0.10549294775077352,-0.38168267781778903,0.18898350465864128,-0.629657696550974,0.24045390991296559,-0.7822299725430956,0.27595165962655294,-0.9034274585634849,0.18944674199265787,-0.30660836721282464,0.2555497694412672,-0.5075553032195271,0.295067895698787,-0.6292538155327367,0.3301698751950509,-0.7357377556860862,0.0,0.0,0.0,0.0,0.0,0.0,0.0,0.0,0.0,0.0,0.0,0.0,0.0,0.0,0.0,0.0,0.0,0.0,0.0,0.0,0.0,0.0,0.0,0.0,0.0,0.0,0.0,0.0,0.0,0.0,0.0,0.0,0.0,0.0,0.0,0.0,0.0,0.0,0.0,0.0,0.0,0.0,thank you
0.0,0.0,-0.04635320933787795,-0.19007902516789502,-0.053426010195644545,-0.3768280332637365,-0.03423138209278393,-0.5100476768325689,0.00639142441601085,-0.5931958646370553,-0.02903884933169156,-0.48168434843644975,0.05180403498283872,-0.7274616919773245,0.10319158547031426,-0.8718224119778004,0.1399870286596356,-0.987358891595434,0.030799683691132645,-0.4364019531737959,0.12092410297363052,-0.7021536365853513,0.1743542027291492,-0.8657661455823831,0.213242013461344,-1.0,0.1056867746607896,-0.37033734407623536,0.19476510311639333,-0.6217164551992433,0.2447973362837649,-0.7753578736668035,0.2778361469505267,-0.8994873550808692,0.18913331444700227,-0.2914921168156754,0.25619122187126364,-0.49388666565543005,0.29521789175009366,-0.6172199841176366,0.3299482001475216,-0.7260803501852943,0.0,0.0,0.0,0.0,0.0,0.0,0.0,0.0,0.0,0.0,0.0,0.0,0.0,0.0,0.0,0.0,0.0,0.0,0.0,0.0,0.0,0.0,0.0,0.0,0.0,0.0,0.0,0.0,0.0,0.0,0.0,0.0,0.0,0.0,0.0,0.0,0.0,0.0,0.0,0.0,0.0,0.0,thank you
0.0,0.0,-0.04076799520717133,-0.1944529261693618,-0.04077996183802818,-0.37991775450418197,-0.018508324721862687,-0.5095152086227682,0.030186598377093244,-0.5801602138861557,-0.02670083461459921,-0.48458775149708344,0.057720754422731654,-0.7329136777432632,0.1107363067966217,-0.8760641133479274,0.14479131160836536,-0.9853080654705955,0.032196992361043286,-0.452324170625627,0.11756703339886672,-0.7234640925800326,0.17083668366828964,-0.8777861501302626,0.20612019824461106,-1.0,0.1072130025550687,-0.4003722008216829,0.18841788401400944,-0.6517334050816491,0.2408812342769086,-0.7968382617194814,0.2759646938067281,-0.9064726734263977,0.1934177160951571,-0.3309796385845869,0.2593343580886897,-0.5222502129867282,0.2998777859571201,-0.636173503794773,0.3353729361904501,-0.7315718710058957,0.0,0.0,0.0,0.0,0.0,0.0,0.0,0.0,0.0,0.0,0.0,0.0,0.0,0.0,0.0,0.0,0.0,0.0,0.0,0.0,0.0,0.0,0.0,0.0,0.0,0.0,0.0,0.0,0.0,0.0,0.0,0.0,0.0,0.0,0.0,0.0,0.0,0.0,0.0,0.0,0.0,0.0,thank you
0.0,0.0,-0.03867620167926701,-0.19448164414969993,-0.04372595021718486,-0.3795332868510385,-0.03362288672486662,-0.5123101799593943,-0.0029872700726340344,-0.5980026482623726,-0.01752309205138889,-0.4865511425114269,0.05651809173734611,-0.7267017403914301,0.1063278531381394,-0.8663917355827119,0.14233033219386326,-0.9744537587354913,0.042897451854863496,-0.4504098704142571,0.1254425576119909,-0.7146745952067759,0.17661766212285393,-0.8723129776149907,0.21505550830053716,-1.0,0.11754938446623525,-0.3947262210667033,0.20086335017672585,-0.6433056480347162,0.2529288700027323,-0.7883955940490774,0.2900250501131049,-0.9013743185915508,0.20093101302276978,-0.32255998167654465,0.26815291129549484,-0.5170519288071942,0.30717921619279887,-0.6317534306449885,0.3427140984208106,-0.7313127206348697,0.0,0.0,0.0,0.0,0.0,0.0,0.0,0.0,0.0,0.0,0.0,0.0,0.0,0.0,0.0,0.0,0.0,0.0,0.0,0.0,0.0,0.0,0.0,0.0,0.0,0.0,0.0,0.0,0.0,0.0,0.0,0.0,0.0,0.0,0.0,0.0,0.0,0.0,0.0,0.0,0.0,0.0,thank you
0.0,0.0,-0.04473998122182492,-0.18733843895669897,-0.0550412294193563,-0.3768958598585318,-0.04364108855276229,-0.5176924041252231,-0.004068840119645763,-0.6065673548431118,-0.023973665335452456,-0.48467656904855294,0.05065767015374404,-0.7319608294777378,0.10181033154925193,-0.874440182468468,0.14050483857976273,-0.9846386170283851,0.03761247071083124,-0.4471072990415298,0.12168517870657497,-0.7134929323446697,0.1747891391815647,-0.8716503052412345,0.21476533438253173,-1.0,0.11410648327496864,-0.3882326127765476,0.20102831806134622,-0.6379770927258696,0.2540918031105718,-0.7837810830577943,0.29053714826501736,-0.8986969739118217,0.19757892354747222,-0.31434325946887764,0.26631679479847375,-0.5084979216222147,0.30635506577710897,-0.6214786631925764,0.34227049575633833,-0.7176494860428417,0.0,0.0,0.0,0.0,0.0,0.0,0.0,0.0,0.0,0.0,0.0,0.0,0.0,0.0,0.0,0.0,0.0,0.0,0.0,0.0,0.0,0.0,0.0,0.0,0.0,0.0,0.0,0.0,0.0,0.0,0.0,0.0,0.0,0.0,0.0,0.0,0.0,0.0,0.0,0.0,0.0,0.0,thank you
0.0,0.0,-0.04133712440120417,-0.19034948993981227,-0.05089738420495165,-0.38944656955014845,-0.039220108258525205,-0.5365099891574344,0.003770246245317746,-0.6321932274703397,-0.03622231646503116,-0.48073574850261874,0.039839011926822085,-0.7208246199356967,0.10052301277082912,-0.8546515441777094,0.14856383012060526,-0.9521579630182861,0.019375288560571084,-0.4507212708573148,0.10571647631244137,-0.7211524038531846,0.16506834576711674,-0.8760926652864506,0.21038818055900843,-1.0,0.09480528298260385,-0.39979902604931594,0.1852177600805567,-0.6515794839440198,0.24341089562933885,-0.7932224564364937,0.28374221017028467,-0.9047613277651153,0.1821434018079299,-0.3302979720850943,0.2555669993252122,-0.5189776233681312,0.2995885465739373,-0.6292206096488387,0.33687903331947544,-0.7224432749979631,0.0,0.0,0.0,0.0,0.0,0.0,0.0,0.0,0.0,0.0,0.0,0.0,0.0,0.0,0.0,0.0,0.0,0.0,0.0,0.0,0.0,0.0,0.0,0.0,0.0,0.0,0.0,0.0,0.0,0.0,0.0,0.0,0.0,0.0,0.0,0.0,0.0,0.0,0.0,0.0,0.0,0.0,thank you
0.0,0.0,-0.04411731015037025,-0.19257351552223695,-0.055124592432944604,-0.39508879266783464,-0.04585056429368948,-0.5407366054543419,-0.004332973260834702,-0.6380983935925251,-0.02630009730170401,-0.48737152695378233,0.05414476729936549,-0.7320887706225796,0.11701513298692025,-0.8662360925779679,0.16931274565870574,-0.9671720217184665,0.0344895853460435,-0.4460042543019586,0.12362017235931345,-0.7173456821342228,0.18588948065269517,-0.8729253145663374,0.23549497865284472,-1.0,0.11072132074419594,-0.384261978894478,0.19961816321528747,-0.6385615600778587,0.2594126755029236,-0.7812267795383724,0.30167688745205695,-0.894318289391953,0.19546587459362166,-0.3059628524485146,0.2672103199458119,-0.49790462012351394,0.30953191439697797,-0.6110637786518073,0.34595521441604066,-0.7097532530799598,0.0,0.0,0.0,0.0,0.0,0.0,0.0,0.0,0.0,0.0,0.0,0.0,0.0,0.0,0.0,0.0,0.0,0.0,0.0,0.0,0.0,0.0,0.0,0.0,0.0,0.0,0.0,0.0,0.0,0.0,0.0,0.0,0.0,0.0,0.0,0.0,0.0,0.0,0.0,0.0,0.0,0.0,thank you
0.0,0.0,-0.050432835352822274,-0.19028417149196997,-0.06343226054905274,-0.38842370209155325,-0.05626223596253972,-0.5328599810036236,-0.02334413859152681,-0.6351978599141149,-0.027149664120292547,-0.4878926062164337,0.048611051715452616,-0.7298692030842466,0.11034488884093374,-0.8632857415111177,0.16274194775799117,-0.9611065531796561,0.03705905302778598,-0.4557071040350961,0.12127120452421665,-0.7214493476382934,0.18276435216588735,-0.8757417238454964,0.2330444401606468,-1.0,0.11548489774918598,-0.39754336632369236,0.19681063954978895,-0.6464809881624636,0.2558535792116219,-0.7883026884631554,0.29976312645880304,-0.9014368339782057,0.20160666535521052,-0.31890841233321426,0.2686187844819211,-0.5042763777581425,0.30937645085318116,-0.6153301766277024,0.3460547868478055,-0.712864134679089,0.0,0.0,0.0,0.0,0.0,0.0,0.0,0.0,0.0,0.0,0.0,0.0,0.0,0.0,0.0,0.0,0.0,0.0,0.0,0.0,0.0,0.0,0.0,0.0,0.0,0.0,0.0,0.0,0.0,0.0,0.0,0.0,0.0,0.0,0.0,0.0,0.0,0.0,0.0,0.0,0.0,0.0,thank you
0.0,0.0,-0.057331889674827635,-0.195704915523083,-0.07289350004474818,-0.39306007887241085,-0.05815146342709945,-0.5338974917666832,-0.00861766537571467,-0.615378478187521,-0.038832972303078556,-0.4823237783460012,0.048944093461008614,-0.7272440514416658,0.10786471667932027,-0.869280992849774,0.14962389566252618,-0.9748304830559371,0.026853990762219778,-0.4425668198896489,0.11614370661479732,-0.7127544315143683,0.17245933871221006,-0.8717193635168039,0.21366454226551554,-1.0,0.10638733323790141,-0.3896062600264234,0.19230613577219735,-0.643956025150554,0.24440584256182474,-0.7919466703544402,0.27933242665288993,-0.9076298292469889,0.19315901048957276,-0.3252595451781937,0.2634359565783166,-0.5162014976646542,0.3025237737671185,-0.6301763632987288,0.33553636176318435,-0.7278302871815103,0.0,0.0,0.0,0.0,0.0,0.0,0.0,0.0,0.0,0.0,0.0,0.0,0.0,0.0,0.0,0.0,0.0,0.0,0.0,0.0,0.0,0.0,0.0,0.0,0.0,0.0,0.0,0.0,0.0,0.0,0.0,0.0,0.0,0.0,0.0,0.0,0.0,0.0,0.0,0.0,0.0,0.0,thank you
0.0,0.0,-0.05656419525559102,-0.1988677200860211,-0.07074774005351478,-0.39040661293108136,-0.05280503067281463,-0.5246697911220359,0.0015161336875749668,-0.6000437676105487,-0.03689302013073503,-0.4821253078519093,0.05184652000179802,-0.7283659066874543,0.1116232578716639,-0.8707204148696317,0.1561556186965769,-0.9807420147768916,0.028995450534319723,-0.4352523261893552,0.12375977969514085,-0.705042501898568,0.18256511319250415,-0.8672504713889947,0.22670096312401375,-1.0,0.1085627189859163,-0.37301431082574105,0.19752157033455015,-0.6250201685881042,0.25325264320880464,-0.7747458521317192,0.2920988816784051,-0.8928036584990785,0.19438508872995858,-0.29920768795822916,0.26587948056126637,-0.4923184294761845,0.3051458880921344,-0.6073891555690144,0.3389846387516058,-0.7082335155800864,0.0,0.0,0.0,0.0,0.0,0.0,0.0,0.0,0.0,0.0,0.0,0.0,0.0,0.0,0.0,0.0,0.0,0.0,0.0,0.0,0.0,0.0,0.0,0.0,0.0,0.0,0.0,0.0,0.0,0.0,0.0,0.0,0.0,0.0,0.0,0.0,0.0,0.0,0.0,0.0,0.0,0.0,thank you
0.0,0.0,-0.05796933350031879,-0.18893503127182196,-0.0750179794000668,-0.3763572312293166,-0.062216195881531405,-0.5114304391717521,-0.015496795966542187,-0.5911278064942163,-0.0365470443574096,-0.4778141793423809,0.04821491597595409,-0.7243527890366457,0.10700352187509488,-0.8685444940340651,0.1513233360278714,-0.9787731597443604,0.028085340953942373,-0.4334795404863831,0.12067000068312232,-0.7043216500440235,0.18010413345933146,-0.8673234128791328,0.22560150343838237,-1.0,0.1062310955384522,-0.37340770827640646,0.1939670099356347,-0.6254615819594984,0.24993488990345206,-0.7759292361174364,0.29012643930078635,-0.8941286110605094,0.19093114791116372,-0.2999528455839937,0.2622646548714212,-0.4933160750068312,0.3023972612487476,-0.6085939160366761,0.3377059091978626,-0.7095698321796157,0.0,0.0,0.0,0.0,0.0,0.0,0.0,0.0,0.0,0.0,0.0,0.0,0.0,0.0,0.0,0.0,0.0,0.0,0.0,0.0,0.0,0.0,0.0,0.0,0.0,0.0,0.0,0.0,0.0,0.0,0.0,0.0,0.0,0.0,0.0,0.0,0.0,0.0,0.0,0.0,0.0,0.0,thank you
0.0,0.0,-0.05773512367083072,-0.20949308313012535,-0.06866367602282035,-0.4070871439235113,-0.04297173391052112,-0.5372219668208285,0.017090003810693886,-0.6007599982178596,-0.032462830800462264,-0.4868386697567055,0.058988595546491086,-0.7270676996774973,0.11611589985267474,-0.8664216140765191,0.15848889933172228,-0.9747802255104425,0.03418685243405272,-0.4328156746707832,0.1304348745943204,-0.7039210322674425,0.18659482019423837,-0.8674560519469012,0.22881810495263266,-1.0,0.11306074883246163,-0.3649056747479429,0.20422170622014263,-0.6211149776697321,0.25678650730615304,-0.7711348525166882,0.2926981280806324,-0.8881876205464848,0.19725082455102386,-0.2878721617984285,0.27189051983489815,-0.48179640739428936,0.31256301894569477,-0.5958429337016423,0.3477371422683112,-0.6939838576916155,0.0,0.0,0.0,0.0,0.0,0.0,0.0,0.0,0.0,0.0,0.0,0.0,0.0,0.0,0.0,0.0,0.0,0.0,0.0,0.0,0.0,0.0,0.0,0.0,0.0,0.0,0.0,0.0,0.0,0.0,0.0,0.0,0.0,0.0,0.0,0.0,0.0,0.0,0.0,0.0,0.0,0.0,thank you
0.0,0.0,-0.04778988024295575,-0.20252031535809203,-0.060595152357218886,-0.3940681066404931,-0.05077214294363962,-0.5300409812556963,-0.01582080420137539,-0.6081643839108737,-0.01896316785743877,-0.4867466746547186,0.06141885647637682,-0.7222003683851601,0.1146636414044525,-0.8633635222210183,0.15514037514101248,-0.9750048756859421,0.04498059285791677,-0.441886539920077,0.13147194727885736,-0.704049050037922,0.18576172235995947,-0.865540436326091,0.2272216238264893,-1.0,0.12108985921058502,-0.378572985513158,0.20659575146111242,-0.6238749275020554,0.2585520806113409,-0.7710298850867745,0.2950740913059828,-0.8889008992931848,0.20425491233325474,-0.3013367664960708,0.2744655547128444,-0.4873345612838669,0.31357352725604043,-0.6007140808535318,0.34858974767528567,-0.6996852792525223,0.0,0.0,0.0,0.0,0.0,0.0,0.0,0.0,0.0,0.0,0.0,0.0,0.0,0.0,0.0,0.0,0.0,0.0,0.0,0.0,0.0,0.0,0.0,0.0,0.0,0.0,0.0,0.0,0.0,0.0,0.0,0.0,0.0,0.0,0.0,0.0,0.0,0.0,0.0,0.0,0.0,0.0,thank you
0.0,0.0,-0.05052030615702363,-0.20688583532783578,-0.051886558312489076,-0.39954478943881283,-0.007853960337277735,-0.5365018225687752,0.06614378869856288,-0.598431393072728,-0.04134757325345252,-0.47818582647936686,0.0578138185027959,-0.7286382314284666,0.11584277889402772,-0.872394018003397,0.15642258560893652,-0.9831703740312545,0.030917440548000785,-0.43213898786464866,0.1223805294837458,-0.7092166515235553,0.1782984016643754,-0.8720999682750018,0.21941977244327807,-1.0,0.11365575031778952,-0.37204709327796925,0.19913142026558356,-0.6273815330296079,0.2513599125512294,-0.7698780314099064,0.28668904322153327,-0.8793878154425205,0.19831023918922128,-0.30439731136035497,0.26643198440942945,-0.488340523613542,0.30217116607712846,-0.5974235308843937,0.3338896898072113,-0.6892272049413304,0.0,0.0,0.0,0.0,0.0,0.0,0.0,0.0,0.0,0.0,0.0,0.0,0.0,0.0,0.0,0.0,0.0,0.0,0.0,0.0,0.0,0.0,0.0,0.0,0.0,0.0,0.0,0.0,0.0,0.0,0.0,0.0,0.0,0.0,0.0,0.0,0.0,0.0,0.0,0.0,0.0,0.0,thank you
0.0,0.0,-0.05918036300084987,-0.20426742346078092,-0.05778792391648579,-0.40052876468446624,-0.011528230146884828,-0.538925255416652,0.06046074797683108,-0.6045897798483961,-0.04890406180485266,-0.4810508741990446,0.04884360977068256,-0.7268994941362888,0.10759209472561448,-0.869764261574318,0.1492484477851001,-0.9810964855311324,0.02560851643900485,-0.4310475112142608,0.11847754547313656,-0.7021021786422963,0.17537434649853376,-0.8662863634643154,0.21711947146405297,-1.0,0.1091788244693496,-0.3668174972149857,0.19529969095939828,-0.6217072362446434,0.24868714247863688,-0.7693659589149459,0.2848347358477567,-0.8843146849700178,0.19390670726211376,-0.29551922442763223,0.2655847114082519,-0.48517114324871957,0.3033525282157146,-0.5993043114554154,0.33681953679037274,-0.6982504037624039,0.0,0.0,0.0,0.0,0.0,0.0,0.0,0.0,0.0,0.0,0.0,0.0,0.0,0.0,0.0,0.0,0.0,0.0,0.0,0.0,0.0,0.0,0.0,0.0,0.0,0.0,0.0,0.0,0.0,0.0,0.0,0.0,0.0,0.0,0.0,0.0,0.0,0.0,0.0,0.0,0.0,0.0,thank you
0.0,0.0,-0.05610281109685342,-0.19852018764204013,-0.059304166289365405,-0.3941131616667808,-0.02062798021984332,-0.5349954282130055,0.048970574918779,-0.6052593219178536,-0.04302393893682762,-0.48939985909178246,0.051522327768415796,-0.7313078513263703,0.10939063269556537,-0.8730641684537863,0.15028065692382783,-0.982837301806408,0.02346588386777597,-0.4366329893082025,0.1177282083674745,-0.7051340947088743,0.17525790841849298,-0.8672751707794345,0.21740061884768883,-1.0,0.10260155661617087,-0.36861219761604497,0.19093588013525423,-0.6207686123632605,0.24520362673015636,-0.7676038645955956,0.28252829207313973,-0.8821370674747171,0.18737521450957093,-0.290188105844599,0.26161222853634347,-0.48354874474631,0.3015052111745959,-0.5969793076945162,0.3370333243517228,-0.6950181877613041,0.0,0.0,0.0,0.0,0.0,0.0,0.0,0.0,0.0,0.0,0.0,0.0,0.0,0.0,0.0,0.0,0.0,0.0,0.0,0.0,0.0,0.0,0.0,0.0,0.0,0.0,0.0,0.0,0.0,0.0,0.0,0.0,0.0,0.0,0.0,0.0,0.0,0.0,0.0,0.0,0.0,0.0,thank you
0.0,0.0,-0.05010101877904021,-0.21244385260279072,-0.035585672659063414,-0.41377492357367357,0.03046385589610315,-0.5391029303321234,0.11374055857442528,-0.592119819297379,-0.05022201221389348,-0.49277490209554903,0.05439077299770184,-0.73763382661426,0.11512503848163978,-0.8764795922020089,0.15584856490331264,-0.9848461808314898,0.011988086800260601,-0.4314869305612234,0.12038560392906492,-0.7091286324878112,0.18105815560185284,-0.870994651946992,0.22429848865597057,-1.0,0.08991329997064657,-0.3589074793988989,0.19448642224560952,-0.621781395648532,0.2527786249704676,-0.768575499187411,0.29110533588207077,-0.8814711083428195,0.17576007503024835,-0.28108221110132664,0.26118616522405264,-0.480594514486995,0.3077196675186323,-0.5950643269829679,0.34678221897663897,-0.6925091461013624,0.0,0.0,0.0,0.0,0.0,0.0,0.0,0.0,0.0,0.0,0.0,0.0,0.0,0.0,0.0,0.0,0.0,0.0,0.0,0.0,0.0,0.0,0.0,0.0,0.0,0.0,0.0,0.0,0.0,0.0,0.0,0.0,0.0,0.0,0.0,0.0,0.0,0.0,0.0,0.0,0.0,0.0,thank you
0.0,0.0,-0.0515805373610101,-0.20777270220682678,-0.035952986334776844,-0.4076392924544997,0.032218569358799735,-0.5322820774244668,0.11225671415833118,-0.5881400614015959,-0.049908919443800645,-0.4868568274167602,0.050385872152697936,-0.7354682128573434,0.11060578988049638,-0.8777354136958212,0.15339024607448798,-0.9879363218183458,0.013750709292328911,-0.4278280070284162,0.11778591188448553,-0.7048778761304436,0.17669742074478834,-0.8686658910595486,0.2196382923095015,-1.0,0.09205629697456139,-0.35731607207894295,0.19258100204025014,-0.6176023807104455,0.25061667045336483,-0.7682483647743451,0.28931220622167825,-0.8842163761184555,0.17712870473230707,-0.2807869976583363,0.2628209226680124,-0.4804806176237879,0.31060581842344726,-0.5971490729820419,0.350551678154253,-0.6969754747549017,0.0,0.0,0.0,0.0,0.0,0.0,0.0,0.0,0.0,0.0,0.0,0.0,0.0,0.0,0.0,0.0,0.0,0.0,0.0,0.0,0.0,0.0,0.0,0.0,0.0,0.0,0.0,0.0,0.0,0.0,0.0,0.0,0.0,0.0,0.0,0.0,0.0,0.0,0.0,0.0,0.0,0.0,thank you
0.0,0.0,-0.047850526389750916,-0.21797893269940158,-0.03256809691660909,-0.4194067429414589,0.03381366154134414,-0.5460550045085663,0.11394361950042743,-0.6075076411415455,-0.04589369152038223,-0.4917030669961238,0.052105559003665404,-0.7390687761291909,0.11416977972433337,-0.881400700291593,0.15975855749300294,-0.990440668438865,0.018148443080814588,-0.43610278360052934,0.12028781633154942,-0.7083191830712119,0.17960517841040835,-0.8694231377279168,0.22319086459077442,-1.0,0.09728007565022895,-0.36879515885377023,0.19732062347030788,-0.6226169006827258,0.25534997013806754,-0.7693675125595775,0.29444055718852835,-0.8842279226634502,0.18366332720480602,-0.2962166102607942,0.26843974330448633,-0.4887575679505346,0.3162179569753961,-0.6011265560408933,0.3564716955722366,-0.698506903376155,0.0,0.0,0.0,0.0,0.0,0.0,0.0,0.0,0.0,0.0,0.0,0.0,0.0,0.0,0.0,0.0,0.0,0.0,0.0,0.0,0.0,0.0,0.0,0.0,0.0,0.0,0.0,0.0,0.0,0.0,0.0,0.0,0.0,0.0,0.0,0.0,0.0,0.0,0.0,0.0,0.0,0.0,thank you
0.0,0.0,-0.04650530619345859,-0.21317344223137544,-0.030254354040888488,-0.41550997761853714,0.033667703455020785,-0.5493247357482743,0.11021650891496924,-0.6212816091143335,-0.04576915119712614,-0.49039795275442455,0.051303831885121026,-0.7386405847392278,0.1154626050894318,-0.8795303654385074,0.16295033290075045,-0.9871897275668152,0.015928719037409018,-0.4341615885196261,0.11624930645676992,-0.7086277953318663,0.17755676475013635,-0.8698360416784217,0.22251820257104704,-1.0,0.09426192894355734,-0.3642107007842916,0.19115226917940906,-0.6233390227388139,0.24997311050612198,-0.7698976377212285,0.2903365918110177,-0.881669769978747,0.1811642181064154,-0.28763353645921497,0.2655812127367451,-0.48190410530572325,0.3165398893152025,-0.5939225041847693,0.36050553423987663,-0.6886945988263838,0.0,0.0,0.0,0.0,0.0,0.0,0.0,0.0,0.0,0.0,0.0,0.0,0.0,0.0,0.0,0.0,0.0,0.0,0.0,0.0,0.0,0.0,0.0,0.0,0.0,0.0,0.0,0.0,0.0,0.0,0.0,0.0,0.0,0.0,0.0,0.0,0.0,0.0,0.0,0.0,0.0,0.0,thank you
0.0,0.0,-0.046432963338077365,-0.2114542675017332,-0.030953989748791152,-0.41374693848834976,0.032174636979103305,-0.5466529671196214,0.10834490026544094,-0.6179359511975622,-0.045832606583111155,-0.4867873145321219,0.049984390138084984,-0.7345367828441022,0.1130197974089095,-0.8781061793067463,0.1599420163251307,-0.9885395764963848,0.014838456250613767,-0.4304341007327108,0.11435022667278358,-0.7040680912436736,0.17428755271076612,-0.8674689011976355,0.2186078348315381,-1.0,0.0926100128836325,-0.3609841395008655,0.19010759811860856,-0.6184460199249261,0.24847221224721916,-0.7660988976359487,0.2886155005195959,-0.8795044711627955,0.1789539487087786,-0.28491501053116036,0.26448441285666335,-0.4778549558013722,0.31572726566519266,-0.5898338026063339,0.359993756055234,-0.6850202488490476,0.0,0.0,0.0,0.0,0.0,0.0,0.0,0.0,0.0,0.0,0.0,0.0,0.0,0.0,0.0,0.0,0.0,0.0,0.0,0.0,0.0,0.0,0.0,0.0,0.0,0.0,0.0,0.0,0.0,0.0,0.0,0.0,0.0,0.0,0.0,0.0,0.0,0.0,0.0,0.0,0.0,0.0,thank you
0.0,0.0,-0.05089994501390245,-0.21218426020751147,-0.036885256753301884,-0.4139199850781441,0.029823853257433492,-0.5448086680919706,0.10976801986207287,-0.6101232671215204,-0.05389696682093567,-0.48238812064932435,0.044432091286924755,-0.7362876764357947,0.10864358505825614,-0.881888744501758,0.15653724094531368,-0.9922316323927838,0.011795238715861326,-0.42749616730130646,0.11175843421718067,-0.7076039977158263,0.17135024261254866,-0.8704022693459714,0.21513538671642973,-1.0,0.09300093761740444,-0.3616926068264549,0.1895547891302282,-0.6241381024824355,0.2467754875566373,-0.7708044710257982,0.2860040523194631,-0.8822532590810173,0.18106460027990248,-0.29093058895141305,0.2644884248233546,-0.48330014259904486,0.3133167561085612,-0.592578906815187,0.3555270442457152,-0.6852535759350946,0.0,0.0,0.0,0.0,0.0,0.0,0.0,0.0,0.0,0.0,0.0,0.0,0.0,0.0,0.0,0.0,0.0,0.0,0.0,0.0,0.0,0.0,0.0,0.0,0.0,0.0,0.0,0.0,0.0,0.0,0.0,0.0,0.0,0.0,0.0,0.0,0.0,0.0,0.0,0.0,0.0,0.0,thank you
0.0,0.0,-0.04972317515889893,-0.21020477695407497,-0.03640606459344197,-0.41124628452600537,0.025633539715920438,-0.5426668585593947,0.10284432017105866,-0.6099894850617386,-0.05188475862636136,-0.48466434437303946,0.045728820329663876,-0.7363934349189939,0.10868921602030147,-0.881295158428986,0.15543575313979582,-0.9915404678266386,0.012431858500652043,-0.4284035504070867,0.11303411774381146,-0.706672580095633,0.1725350106324236,-0.8696928933115594,0.2164040379712631,-1.0,0.09250311336160814,-0.36117726188657967,0.19003254344020584,-0.6221201405124711,0.24740093048392214,-0.7696805573504705,0.2867626326115817,-0.8826541701422748,0.17962774768847586,-0.28850963967245086,0.26370863047334847,-0.4801176615717189,0.3129277935077599,-0.5896436669525477,0.3553206175029665,-0.6828077822291669,0.0,0.0,0.0,0.0,0.0,0.0,0.0,0.0,0.0,0.0,0.0,0.0,0.0,0.0,0.0,0.0,0.0,0.0,0.0,0.0,0.0,0.0,0.0,0.0,0.0,0.0,0.0,0.0,0.0,0.0,0.0,0.0,0.0,0.0,0.0,0.0,0.0,0.0,0.0,0.0,0.0,0.0,thank you
0.0,0.0,-0.058578221082854445,-0.2110572244298193,-0.04186456557571338,-0.41213173234303957,0.031722435493667954,-0.5413195065466125,0.1125747782106569,-0.5974120568497288,-0.049953183965558604,-0.47117753775019794,0.04449049725224007,-0.716058087019934,0.10683243373392652,-0.8620307992192623,0.15448225728456633,-0.9722378467677063,0.0286725530161709,-0.4276998278563901,0.121803628408275,-0.6980649468434242,0.18110619477947215,-0.8642640291857869,0.22649513939830668,-1.0,0.11501825551733662,-0.3701199936292176,0.20294858934115106,-0.6233830755499336,0.2587846666902835,-0.7691835577363677,0.29825169256309075,-0.8836341454352854,0.1997464935495828,-0.305094235449948,0.2734877240034204,-0.48721076950238484,0.32016824971393404,-0.5896354973544836,0.36179031082333146,-0.6753974034741501,0.0,0.0,0.0,0.0,0.0,0.0,0.0,0.0,0.0,0.0,0.0,0.0,0.0,0.0,0.0,0.0,0.0,0.0,0.0,0.0,0.0,0.0,0.0,0.0,0.0,0.0,0.0,0.0,0.0,0.0,0.0,0.0,0.0,0.0,0.0,0.0,0.0,0.0,0.0,0.0,0.0,0.0,thank you
0.0,0.0,-0.06555749904204426,-0.20351404543220325,-0.057845352617055666,-0.41312582305486767,0.0025332292227128682,-0.5632391185162138,0.07458142793974706,-0.6424685108390104,-0.05011618847350214,-0.4678491333868635,0.03827511808169469,-0.7124822413016059,0.09806843221715063,-0.8634716656404037,0.14470492268708643,-0.9776772913010812,0.029034780529574384,-0.4282489022862454,0.11321207452512766,-0.6938875474829802,0.1693613278585442,-0.862734514797899,0.2137517631065505,-1.0,0.11569127249139684,-0.37325642837228074,0.19433213538048924,-0.6198681296988403,0.24871310594068702,-0.7676633282629987,0.2887406235916065,-0.882355093417348,0.19885870670444222,-0.3097414810009935,0.2687717489988618,-0.48330150547247286,0.3141601316263805,-0.5877332881040191,0.35618198407878976,-0.6746759613663753,0.0,0.0,0.0,0.0,0.0,0.0,0.0,0.0,0.0,0.0,0.0,0.0,0.0,0.0,0.0,0.0,0.0,0.0,0.0,0.0,0.0,0.0,0.0,0.0,0.0,0.0,0.0,0.0,0.0,0.0,0.0,0.0,0.0,0.0,0.0,0.0,0.0,0.0,0.0,0.0,0.0,0.0,thank you
0.0,0.0,-0.06802612547845088,-0.20636002239164347,-0.056777024127848325,-0.4185637522483995,0.01372042271331024,-0.5634942330151712,0.09502524743050207,-0.6345598536018436,-0.05225038858594498,-0.4714739555065541,0.038172637297999246,-0.7194241824066471,0.09822245018001403,-0.8702657160637309,0.1455696939903443,-0.9812853599002037,0.029011528286499375,-0.42935010243892735,0.11473884467076044,-0.6972973740967331,0.17070786577516858,-0.8658456397389157,0.21431260780240796,-1.0,0.1171044592901167,-0.3736042873745798,0.19405072787049218,-0.6198515559066484,0.24694104007479037,-0.7685798071704407,0.28639338253053986,-0.8844875354131798,0.20213090018385016,-0.310869892616725,0.27081641409764234,-0.4822986670152337,0.3138093641398398,-0.5847140092692311,0.35421818212817224,-0.6699341037801527,0.0,0.0,0.0,0.0,0.0,0.0,0.0,0.0,0.0,0.0,0.0,0.0,0.0,0.0,0.0,0.0,0.0,0.0,0.0,0.0,0.0,0.0,0.0,0.0,0.0,0.0,0.0,0.0,0.0,0.0,0.0,0.0,0.0,0.0,0.0,0.0,0.0,0.0,0.0,0.0,0.0,0.0,thank you
0.0,0.0,-0.04896931385041398,-0.18772085146756248,-0.04217828636361129,-0.39809638859929286,0.014340107122959727,-0.5492078858384771,0.08786661481518256,-0.6245216148979242,-0.05187051470872153,-0.46475422948142997,0.0437685824135211,-0.7199098666754925,0.10710585976931605,-0.8685644861462763,0.15307288994798304,-0.9810808276379442,0.01916201933950035,-0.42139508072834786,0.12095779068548765,-0.6993579241754787,0.1830236034575011,-0.8653157700221196,0.22930367318119887,-1.0,0.10388568954199695,-0.3614258054907412,0.20185727603192727,-0.621962413190135,0.25990128911615284,-0.7704719588277151,0.3006881353875347,-0.8879387380231346,0.1905360009267074,-0.2924798799693304,0.2763063540132497,-0.4676672899876991,0.3265035551363308,-0.573257872875606,0.37108369601791635,-0.6630243757136475,0.0,0.0,0.0,0.0,0.0,0.0,0.0,0.0,0.0,0.0,0.0,0.0,0.0,0.0,0.0,0.0,0.0,0.0,0.0,0.0,0.0,0.0,0.0,0.0,0.0,0.0,0.0,0.0,0.0,0.0,0.0,0.0,0.0,0.0,0.0,0.0,0.0,0.0,0.0,0.0,0.0,0.0,thank you
0.0,0.0,-0.059743060344792875,-0.19654466202980503,-0.06568038727790057,-0.393934407261917,-0.025916108579768955,-0.5386621538293034,0.04614844203220497,-0.6142396519588723,-0.04948864144284803,-0.45901037750360596,0.03832591916891919,-0.7064662019066988,0.10007618634460443,-0.8547374993859187,0.1463404649085106,-0.96843045123631,0.02439238168768055,-0.42048768387874935,0.11762575646087316,-0.6939048508259024,0.1780545744423538,-0.8625614987287511,0.22230654560966123,-1.0,0.10871426281926522,-0.3644799825614343,0.1995651365059031,-0.6145784369021097,0.2581633883004298,-0.7646164092715398,0.2985849688476238,-0.8826319563327147,0.1939445815482472,-0.29639279939716684,0.273880110397718,-0.4731738431178738,0.32263024361644066,-0.5796068108122329,0.3659117650453937,-0.6690081842603522,0.0,0.0,0.0,0.0,0.0,0.0,0.0,0.0,0.0,0.0,0.0,0.0,0.0,0.0,0.0,0.0,0.0,0.0,0.0,0.0,0.0,0.0,0.0,0.0,0.0,0.0,0.0,0.0,0.0,0.0,0.0,0.0,0.0,0.0,0.0,0.0,0.0,0.0,0.0,0.0,0.0,0.0,thank you
0.0,0.0,-0.06676226367758283,-0.17758295077820696,-0.08484009799786082,-0.3663702105421988,-0.06287694821644356,-0.5089729837551914,-0.010644838982399507,-0.5996495376050468,-0.026445978692071465,-0.45202631475450794,0.05320581581471197,-0.7001438710594509,0.11200877364123848,-0.8520629187188921,0.15664003368387283,-0.9679016134791014,0.047403033553548336,-0.41150361836871246,0.13781148392831483,-0.6867759696002019,0.19551452347113543,-0.8592492742827076,0.23868740857041726,-1.0,0.12982955764983012,-0.351123785405146,0.21728938389924246,-0.6093786348520637,0.271190520807066,-0.7675990138521842,0.31023299297301565,-0.892028844129575,0.21293559424505482,-0.2756527856927853,0.29006354026654574,-0.46189010636484845,0.33920744705598993,-0.5727710717635631,0.3829707767212153,-0.6687397774304171,0.0,0.0,0.0,0.0,0.0,0.0,0.0,0.0,0.0,0.0,0.0,0.0,0.0,0.0,0.0,0.0,0.0,0.0,0.0,0.0,0.0,0.0,0.0,0.0,0.0,0.0,0.0,0.0,0.0,0.0,0.0,0.0,0.0,0.0,0.0,0.0,0.0,0.0,0.0,0.0,0.0,0.0,thank you
0.0,0.0,-0.06167331617414143,-0.1884215210636134,-0.07245641911518588,-0.38056420141146535,-0.05252751818835868,-0.5246239533598288,0.0021828595318798038,-0.6132720834824182,-0.02215318362002521,-0.45365594666030573,0.05731003376692995,-0.706333639839078,0.11521666365290725,-0.8561851961572644,0.16054078385958703,-0.9692778647706913,0.05185256432452674,-0.41558895912444516,0.14277229957538054,-0.6934550122666421,0.20045745020564099,-0.8641320308762859,0.2440544939000227,-1.0,0.13444662888566566,-0.356928119914281,0.2203403111482167,-0.6146584128132225,0.2722532789061208,-0.7718507175953534,0.30986320097158476,-0.8918042415778249,0.21723947332309937,-0.28234154999570377,0.2948909724439793,-0.46785139472938364,0.3429541511009199,-0.5818476781869223,0.3849668550586914,-0.6780699628217509,0.0,0.0,0.0,0.0,0.0,0.0,0.0,0.0,0.0,0.0,0.0,0.0,0.0,0.0,0.0,0.0,0.0,0.0,0.0,0.0,0.0,0.0,0.0,0.0,0.0,0.0,0.0,0.0,0.0,0.0,0.0,0.0,0.0,0.0,0.0,0.0,0.0,0.0,0.0,0.0,0.0,0.0,thank you
0.0,0.0,-0.07386125480700861,-0.1789931886857817,-0.09697586514947708,-0.37143566584338483,-0.07811742338112054,-0.5179804100934666,-0.024533831303852754,-0.5953413390163604,-0.02449485471695153,-0.460266171485526,0.057316876662886894,-0.7067981891950924,0.11241594817334295,-0.8545560641467452,0.15520975007415513,-0.9674285240375958,0.057269432319086995,-0.41868176451118255,0.14461060895375633,-0.6924468355618892,0.2017430628524237,-0.8631837122197951,0.2455415392040956,-1.0,0.1422366484020471,-0.3569533110299258,0.22246864501693675,-0.6156183791169175,0.2750871618594298,-0.7684860472535702,0.3143190267259841,-0.8858832779483921,0.2221120030204987,-0.28021924516920693,0.2933082803953247,-0.4642480096412884,0.3397774623676695,-0.5768709197553018,0.3837670858787452,-0.6742628257253444,0.0,0.0,0.0,0.0,0.0,0.0,0.0,0.0,0.0,0.0,0.0,0.0,0.0,0.0,0.0,0.0,0.0,0.0,0.0,0.0,0.0,0.0,0.0,0.0,0.0,0.0,0.0,0.0,0.0,0.0,0.0,0.0,0.0,0.0,0.0,0.0,0.0,0.0,0.0,0.0,0.0,0.0,thank you
0.0,0.0,-0.07420134668376342,-0.1829996773801917,-0.09345188200531186,-0.37249165517504906,-0.07242971894349026,-0.5181039532293179,-0.019408096644705625,-0.5960903993278673,-0.027542880138760377,-0.46004738206359624,0.049600498005029386,-0.7014025497122299,0.1041699214829483,-0.849541149503567,0.1464577844483709,-0.963563792867442,0.052230792633820716,-0.4231557828028648,0.14019970988401648,-0.6920579419371409,0.1974832269139408,-0.8615709504805197,0.24069964966487686,-1.0,0.13544034218014567,-0.36487260387076054,0.2185595630170321,-0.6174989080746369,0.2723315061217955,-0.7734650286415772,0.3126453179739863,-0.8923156024646799,0.21415703603813202,-0.28981512965978845,0.288894671646072,-0.4730150538175307,0.3357666863850088,-0.5866079405102617,0.37883413327245313,-0.6815923875268507,0.0,0.0,0.0,0.0,0.0,0.0,0.0,0.0,0.0,0.0,0.0,0.0,0.0,0.0,0.0,0.0,0.0,0.0,0.0,0.0,0.0,0.0,0.0,0.0,0.0,0.0,0.0,0.0,0.0,0.0,0.0,0.0,0.0,0.0,0.0,0.0,0.0,0.0,0.0,0.0,0.0,0.0,thank you
0.0,0.0,-0.07569664910621302,-0.19044339605198354,-0.09156000846205917,-0.3813773706192215,-0.06455525803877611,-0.527307549986541,-0.004618473750927789,-0.6036584238430284,-0.02905086864574156,-0.45885371755500276,0.05015715081219199,-0.6996259548931905,0.10434518573907707,-0.8466940939197319,0.1461022300311372,-0.9614969104119107,0.05246488689679914,-0.4215495797665538,0.1401206779924749,-0.6923923830901932,0.1957381861945971,-0.861967342310704,0.237338427857944,-1.0,0.1365010105725313,-0.3645713945420679,0.2181642038088391,-0.6178566257274933,0.2697371406836547,-0.7738409032023515,0.3075745995109583,-0.8928255233377781,0.2147799804585024,-0.29252622962196156,0.2879213230203788,-0.47573221184635456,0.3333852006653426,-0.5879558292037572,0.37480294616050874,-0.6817751882532019,0.0,0.0,0.0,0.0,0.0,0.0,0.0,0.0,0.0,0.0,0.0,0.0,0.0,0.0,0.0,0.0,0.0,0.0,0.0,0.0,0.0,0.0,0.0,0.0,0.0,0.0,0.0,0.0,0.0,0.0,0.0,0.0,0.0,0.0,0.0,0.0,0.0,0.0,0.0,0.0,0.0,0.0,thank you
0.0,0.0,-0.07334756360020186,-0.18970689731944074,-0.0769308728144388,-0.39012592023629294,-0.03085713702615252,-0.5415231116602843,0.03675356034968979,-0.6219011599430048,-0.02667583656158162,-0.4631033484727046,0.05595143341645145,-0.7122007376732864,0.11206729413423576,-0.8604232530352955,0.15391798486805,-0.9733363389438062,0.049270675631549264,-0.42400768471517203,0.1429744087110755,-0.6982496957283225,0.20023685416481135,-0.8665256163356785,0.24333524430789324,-1.0,0.1316072409237985,-0.36243116780954077,0.2227573646733161,-0.6270144083771187,0.27734038724136906,-0.7824531718467065,0.318192802490575,-0.8978655991183543,0.21055055084305518,-0.286566637352688,0.2883604951464957,-0.47673620387686644,0.3379648955828658,-0.5912228289102621,0.3830279484667676,-0.6843529217502301,0.0,0.0,0.0,0.0,0.0,0.0,0.0,0.0,0.0,0.0,0.0,0.0,0.0,0.0,0.0,0.0,0.0,0.0,0.0,0.0,0.0,0.0,0.0,0.0,0.0,0.0,0.0,0.0,0.0,0.0,0.0,0.0,0.0,0.0,0.0,0.0,0.0,0.0,0.0,0.0,0.0,0.0,thank you
0.0,0.0,-0.07059399354496712,-0.18855313609494553,-0.08318623078975118,-0.3861776656778414,-0.054610631455175994,-0.5389128112595557,0.000827201357411667,-0.6299596875296962,-0.01978791587619801,-0.4694908675825226,0.06115267789981303,-0.7130858102623344,0.11709862415519556,-0.8632639018486948,0.1591061416695385,-0.9771250488020178,0.05722035155771461,-0.42924686321810523,0.150641667821123,-0.6981400849756191,0.20677709757083304,-0.8657044034590183,0.24841389148721071,-1.0,0.14017233266203127,-0.3659754049279447,0.22956618011579674,-0.6249591551440475,0.2812911668634013,-0.7820392545684985,0.31855472752731484,-0.9013577551415287,0.2206309170657651,-0.285923608956444,0.30031118799853906,-0.4706907388940346,0.3491097710512727,-0.5857641222449043,0.391350851301826,-0.6828410388046168,0.0,0.0,0.0,0.0,0.0,0.0,0.0,0.0,0.0,0.0,0.0,0.0,0.0,0.0,0.0,0.0,0.0,0.0,0.0,0.0,0.0,0.0,0.0,0.0,0.0,0.0,0.0,0.0,0.0,0.0,0.0,0.0,0.0,0.0,0.0,0.0,0.0,0.0,0.0,0.0,0.0,0.0,thank you
0.0,0.0,-0.06911821240928917,-0.18613459138003863,-0.0805154185529796,-0.38113883692605743,-0.053234197517220055,-0.5332080349190227,0.003976936413088802,-0.6231195915054727,-0.017147734379114037,-0.4691824436671302,0.06277294611964779,-0.7124677120405584,0.11723673603054895,-0.8578823528348202,0.15923679162833018,-0.9680364739525525,0.059560027184150925,-0.42974757025265575,0.1525794093391164,-0.7003770026784119,0.20818532684150134,-0.8668062487385971,0.25077062818938595,-1.0,0.14129034766015833,-0.36710875943043464,0.23031742490965926,-0.6254811411648007,0.2816623148972447,-0.7801747352381676,0.32003529329072644,-0.8980456475864573,0.2186470890154379,-0.28687618893934125,0.29430086581113885,-0.470401752731354,0.34171221277587294,-0.5823074299654413,0.38457482500824364,-0.6765929046834802,0.0,0.0,0.0,0.0,0.0,0.0,0.0,0.0,0.0,0.0,0.0,0.0,0.0,0.0,0.0,0.0,0.0,0.0,0.0,0.0,0.0,0.0,0.0,0.0,0.0,0.0,0.0,0.0,0.0,0.0,0.0,0.0,0.0,0.0,0.0,0.0,0.0,0.0,0.0,0.0,0.0,0.0,thank you
0.0,0.0,-0.09051882397094743,-0.19077047534827724,-0.11061473834613647,-0.39432576365809346,-0.06848462390629266,-0.5563013400820424,-0.0077593639129119735,-0.6236244177847213,-0.01904702763391828,-0.47280031834215946,0.06558975079410216,-0.7190972040771867,0.11848879773577103,-0.8681986091307101,0.15853889726294063,-0.9793964393728081,0.07627577226590981,-0.43000148629049717,0.16001104877136713,-0.7016757077016316,0.21004067278059163,-0.8704676340449656,0.245441985919377,-1.0,0.16407866616625957,-0.373620176088097,0.24022198438557948,-0.6254398639399458,0.2877365650763358,-0.7808642247615092,0.31897524681584316,-0.8958119410433578,0.23627460495099878,-0.3066531746780439,0.31105288864064595,-0.4870881623635503,0.35366180579544704,-0.5942173572035659,0.3877087169240981,-0.6809271376058417,0.0,0.0,0.0,0.0,0.0,0.0,0.0,0.0,0.0,0.0,0.0,0.0,0.0,0.0,0.0,0.0,0.0,0.0,0.0,0.0,0.0,0.0,0.0,0.0,0.0,0.0,0.0,0.0,0.0,0.0,0.0,0.0,0.0,0.0,0.0,0.0,0.0,0.0,0.0,0.0,0.0,0.0,thank you
0.0,0.0,-0.09238287747217697,-0.18669597083308545,-0.1139190557071045,-0.38244922850409496,-0.07648249292183618,-0.5371452367695098,-0.019363320639763072,-0.6193085312957669,-0.01574820430654493,-0.4769446930649257,0.07000948508488783,-0.7190451904024399,0.12512146011039418,-0.8647280285038276,0.16764146691060067,-0.9751219837173823,0.0759909707874091,-0.43077882194666384,0.16621948401762082,-0.6966769226792903,0.22010165105538002,-0.8653534603403357,0.2597941801194671,-1.0,0.16248471791731867,-0.36675082256429725,0.2519698206300708,-0.6137919417552955,0.3031225469848147,-0.7707022505519597,0.33749923965580975,-0.8917766742667664,0.2366983214942451,-0.28996731132713427,0.32317145856185436,-0.4637538075697528,0.37035747206111097,-0.5743941922849741,0.40780896321582927,-0.6686260708598452,0.0,0.0,0.0,0.0,0.0,0.0,0.0,0.0,0.0,0.0,0.0,0.0,0.0,0.0,0.0,0.0,0.0,0.0,0.0,0.0,0.0,0.0,0.0,0.0,0.0,0.0,0.0,0.0,0.0,0.0,0.0,0.0,0.0,0.0,0.0,0.0,0.0,0.0,0.0,0.0,0.0,0.0,thank you
0.0,0.0,-0.08903677310160772,-0.18026834837600772,-0.1084114489473148,-0.3772502965038074,-0.07125814625841696,-0.5352961623888428,-0.014187212736040124,-0.6189096836254101,-0.019229711062647106,-0.4671733215299,0.06278930805171089,-0.710262689003913,0.11697000621182935,-0.8571597465502911,0.15841424438101254,-0.9679340551666133,0.06942188884250704,-0.425991390064211,0.16021315568665243,-0.6951224875072841,0.21499271750849736,-0.8650632000047732,0.25600117739689654,-1.0,0.15483509482486774,-0.3665737286246002,0.24496440738904945,-0.6190394005883006,0.2972882967234644,-0.7758979253462305,0.3340680278182115,-0.8952479174018952,0.22958720173109165,-0.293413803520125,0.31380135449259344,-0.46845104466351706,0.3609280574696972,-0.5780327085631095,0.39920450575295835,-0.6702645629389135,0.0,0.0,0.0,0.0,0.0,0.0,0.0,0.0,0.0,0.0,0.0,0.0,0.0,0.0,0.0,0.0,0.0,0.0,0.0,0.0,0.0,0.0,0.0,0.0,0.0,0.0,0.0,0.0,0.0,0.0,0.0,0.0,0.0,0.0,0.0,0.0,0.0,0.0,0.0,0.0,0.0,0.0,thank you
0.0,0.0,-0.09341082677813214,-0.190092515682462,-0.11437032471267437,-0.38699004617828736,-0.07597480169839849,-0.5438377694232912,-0.01595948376741766,-0.6283246154660973,-0.002812610135771183,-0.47743318729570733,0.08231644256091918,-0.7195495639032128,0.13596974076559576,-0.8649809822699526,0.17842392700923065,-0.9774250139546177,0.092534971546965,-0.42707385452804186,0.18496728592984396,-0.6961683594927472,0.23996112105110473,-0.8652876460276363,0.28148234765382607,-1.0,0.17749837786423842,-0.3593595762242521,0.26966118994692123,-0.6097066162869187,0.3221791565853045,-0.7641032090280764,0.35793044029025606,-0.8823389791867504,0.24666914555020425,-0.2801919405625918,0.33719445599004555,-0.45807893355117285,0.3852023730151586,-0.5724298602009944,0.4237505740409892,-0.6727740777365381,0.0,0.0,0.0,0.0,0.0,0.0,0.0,0.0,0.0,0.0,0.0,0.0,0.0,0.0,0.0,0.0,0.0,0.0,0.0,0.0,0.0,0.0,0.0,0.0,0.0,0.0,0.0,0.0,0.0,0.0,0.0,0.0,0.0,0.0,0.0,0.0,0.0,0.0,0.0,0.0,0.0,0.0,thank you
0.0,0.0,-0.09416503449374272,-0.19151202913409912,-0.11803070021343827,-0.39485415908814675,-0.07259269945503252,-0.5610425528220604,0.0011222818881430827,-0.6379465681925313,0.0017293494666401146,-0.4742649005401658,0.085736934381611,-0.725275768807573,0.1386199801974213,-0.872313023936083,0.18184717888279417,-0.9837915957581582,0.09554304788652809,-0.4233582541148014,0.17974473580020275,-0.6975204333330689,0.23256754645020877,-0.8669818902223749,0.27426464330814104,-1.0,0.17864346119408392,-0.35650043547238197,0.25905890806291637,-0.6180046554709286,0.3097176471243925,-0.7796522608872919,0.34666463310460405,-0.9010565591058101,0.24682784682433132,-0.2801381078741081,0.3261426621671069,-0.4600817697734793,0.3733803224789279,-0.5746018959286386,0.4150903881181098,-0.6723875783512671,0.0,0.0,0.0,0.0,0.0,0.0,0.0,0.0,0.0,0.0,0.0,0.0,0.0,0.0,0.0,0.0,0.0,0.0,0.0,0.0,0.0,0.0,0.0,0.0,0.0,0.0,0.0,0.0,0.0,0.0,0.0,0.0,0.0,0.0,0.0,0.0,0.0,0.0,0.0,0.0,0.0,0.0,thank you
0.0,0.0,-0.09376199730115077,-0.18838960319450082,-0.11834296935351064,-0.38594498538795,-0.07562154769373958,-0.5520372663482517,-0.004354662387196204,-0.6368550303928094,-0.000525495047089871,-0.4743717497256396,0.08462644354709051,-0.7271290344338717,0.13797930344915646,-0.8738396157300234,0.18090296911595083,-0.9858359199779748,0.09708603186440765,-0.4259103949813791,0.17909062101106307,-0.6997362661789903,0.23143204877103093,-0.867122399727485,0.27140679107165355,-1.0,0.18164385880292758,-0.3616133450925444,0.2566057537836704,-0.6190840711474691,0.3053539832206409,-0.7783539310423234,0.3398352607494758,-0.8996314004872522,0.2500230136075113,-0.288380864386856,0.32579685411409065,-0.4610011619220456,0.37128393870786974,-0.5722092766261075,0.4104103591352992,-0.6684466684568496,0.0,0.0,0.0,0.0,0.0,0.0,0.0,0.0,0.0,0.0,0.0,0.0,0.0,0.0,0.0,0.0,0.0,0.0,0.0,0.0,0.0,0.0,0.0,0.0,0.0,0.0,0.0,0.0,0.0,0.0,0.0,0.0,0.0,0.0,0.0,0.0,0.0,0.0,0.0,0.0,0.0,0.0,thank you
0.0,0.0,-0.09900168396265742,-0.19206802379639415,-0.12898280021956265,-0.3975410928786451,-0.09180791737537132,-0.5659350309516484,-0.02820108435514472,-0.6559794217139345,-0.005657505102885083,-0.4846860545969557,0.08080640185130089,-0.7282545995795807,0.13524772110632835,-0.8765260514821115,0.17721940057023655,-0.9908617834429948,0.09675770532473309,-0.4376457702658494,0.1798632092460088,-0.7021724345597045,0.23361839518654998,-0.8678681811468129,0.2748778079622359,-1.0,0.18377062473364061,-0.37593947891534013,0.26073288137056533,-0.6223139229727802,0.313183303080691,-0.7713037781452203,0.35041225132560744,-0.8833763811011905,0.252664546089749,-0.3050771960815598,0.32528390154552983,-0.4765068376332432,0.36829583740851735,-0.5871108931096345,0.40389679285312535,-0.6793305962768301,0.0,0.0,0.0,0.0,0.0,0.0,0.0,0.0,0.0,0.0,0.0,0.0,0.0,0.0,0.0,0.0,0.0,0.0,0.0,0.0,0.0,0.0,0.0,0.0,0.0,0.0,0.0,0.0,0.0,0.0,0.0,0.0,0.0,0.0,0.0,0.0,0.0,0.0,0.0,0.0,0.0,0.0,thank you
0.0,0.0,-0.09987314823752898,-0.18272412170649752,-0.13410249865306378,-0.39010832654717587,-0.0964393769815353,-0.5661301187502525,-0.031454756030222464,-0.6482476846621813,0.005243157323197477,-0.474177876826478,0.0944745147941025,-0.7236386311987073,0.14675186827853698,-0.8721353917464272,0.1873359517536136,-0.9842113738163137,0.10835345449093559,-0.42046417526566526,0.19554948820611548,-0.6931686619609926,0.2500396280885567,-0.8642137525486043,0.28826351077015017,-1.0,0.19280536085850458,-0.35316699098531656,0.27615909279840894,-0.6073611294622955,0.33065331589208846,-0.7629025810711122,0.3644358164213355,-0.8835340423602803,0.25698506570724466,-0.27806668533078094,0.3380030961210959,-0.4544819315808749,0.382137688814493,-0.5697308828761218,0.4136530648269462,-0.6698493378811232,0.0,0.0,0.0,0.0,0.0,0.0,0.0,0.0,0.0,0.0,0.0,0.0,0.0,0.0,0.0,0.0,0.0,0.0,0.0,0.0,0.0,0.0,0.0,0.0,0.0,0.0,0.0,0.0,0.0,0.0,0.0,0.0,0.0,0.0,0.0,0.0,0.0,0.0,0.0,0.0,0.0,0.0,thank you
0.0,0.0,-0.0968892876803917,-0.18172598921267136,-0.12686119256030243,-0.38607318618703024,-0.0883451612527671,-0.5577488395222707,-0.027979529688438132,-0.6456229075226898,0.005980763761494592,-0.4833845035683339,0.09472664533372363,-0.7319976266546475,0.14832909501863584,-0.8771105642973683,0.19097426076196528,-0.986635379643782,0.1082748382150181,-0.4305850537453785,0.19497959288894506,-0.6998156790478677,0.24975696910326797,-0.8670616836947682,0.28991964388177516,-1.0,0.19351704168406067,-0.3611921445096223,0.275809922812223,-0.6134991709091393,0.3293399206002052,-0.7696825920856334,0.3640145460956224,-0.8897641789505722,0.2586768682818277,-0.2830424308245504,0.3377521367592443,-0.4574271822053983,0.38317531820623657,-0.5726481511356964,0.41820690182799153,-0.671788956875633,0.0,0.0,0.0,0.0,0.0,0.0,0.0,0.0,0.0,0.0,0.0,0.0,0.0,0.0,0.0,0.0,0.0,0.0,0.0,0.0,0.0,0.0,0.0,0.0,0.0,0.0,0.0,0.0,0.0,0.0,0.0,0.0,0.0,0.0,0.0,0.0,0.0,0.0,0.0,0.0,0.0,0.0,thank you
0.0,0.0,-0.10397828046923151,-0.18472073797505106,-0.1313591515935636,-0.3994384706679367,-0.08320638138558789,-0.5797941127031749,-0.024238364719006117,-0.6720454765409711,0.0069558529143596455,-0.48321779127041936,0.0933566964308454,-0.7282403818236459,0.14498184096454275,-0.8733902129675378,0.18515767543971354,-0.9830273888172941,0.11382837291986084,-0.42978326312518783,0.19231360883451082,-0.6985182430814839,0.24222401067639224,-0.8667704422858482,0.27636095985656145,-1.0,0.19733630126170915,-0.36465890047422334,0.2707805074342531,-0.6129693715904055,0.31735637043413595,-0.7672218458544934,0.343418584868659,-0.8858314698886008,0.2564984897183694,-0.29613785585851743,0.33525053356492684,-0.46044182741530454,0.3780044926421524,-0.5747666321993062,0.40724802746522276,-0.6743920416053301,0.0,0.0,0.0,0.0,0.0,0.0,0.0,0.0,0.0,0.0,0.0,0.0,0.0,0.0,0.0,0.0,0.0,0.0,0.0,0.0,0.0,0.0,0.0,0.0,0.0,0.0,0.0,0.0,0.0,0.0,0.0,0.0,0.0,0.0,0.0,0.0,0.0,0.0,0.0,0.0,0.0,0.0,thank you
0.0,0.0,-0.10423002594062461,-0.18677068431440247,-0.13429288935209674,-0.41025688026824514,-0.08308321989261976,-0.594591627531467,-0.015840238142910724,-0.6870422168658779,0.007783698136376217,-0.4787340459518485,0.09309487484323427,-0.7262708146419699,0.14597865931407009,-0.8728278906634298,0.18771661670440862,-0.9830612434821109,0.1143504550587441,-0.42262470454720336,0.18619891491724905,-0.6957093022459448,0.23403779378593326,-0.8663274255531469,0.26957451574344926,-1.0,0.19946412607812322,-0.35619470898277217,0.27100922686947543,-0.607282349941,0.31664019157145235,-0.7698395017015099,0.343184109947317,-0.8920706451959889,0.2619980928262631,-0.28669184318632573,0.3401400447263262,-0.45425824679408283,0.3792601704853785,-0.5705082211112933,0.4037025316583186,-0.6684921926334105,0.0,0.0,0.0,0.0,0.0,0.0,0.0,0.0,0.0,0.0,0.0,0.0,0.0,0.0,0.0,0.0,0.0,0.0,0.0,0.0,0.0,0.0,0.0,0.0,0.0,0.0,0.0,0.0,0.0,0.0,0.0,0.0,0.0,0.0,0.0,0.0,0.0,0.0,0.0,0.0,0.0,0.0,thank you
0.0,0.0,-0.1023673646340149,-0.187556470525541,-0.13182279143398973,-0.4154746168618836,-0.07551033327977606,-0.6020376068156894,0.00377087881860956,-0.678265353672272,0.005767255890063632,-0.47480197502094545,0.09237436046816795,-0.7210645527975122,0.14541187873406655,-0.8668595796649613,0.18697368468501316,-0.975748576291655,0.11266688730656779,-0.4212243430987859,0.1907704072208548,-0.6961658341250059,0.2431837696647649,-0.867476222778452,0.28094384460753813,-1.0,0.19745631710601655,-0.35471924307157987,0.26926008035192334,-0.6089456925334896,0.3148849593973165,-0.7702611738016027,0.34062039345757283,-0.8913437971672882,0.26076440907439025,-0.2832012632569254,0.33941555535343587,-0.4521031777354573,0.3781671074790115,-0.572680546412311,0.40283834133820773,-0.6757737388566499,0.0,0.0,0.0,0.0,0.0,0.0,0.0,0.0,0.0,0.0,0.0,0.0,0.0,0.0,0.0,0.0,0.0,0.0,0.0,0.0,0.0,0.0,0.0,0.0,0.0,0.0,0.0,0.0,0.0,0.0,0.0,0.0,0.0,0.0,0.0,0.0,0.0,0.0,0.0,0.0,0.0,0.0,thank you
0.0,0.0,-0.10846640263787667,-0.20187231374818404,-0.13556803362850708,-0.41678672542010514,-0.08010701806206083,-0.5935477713277594,-0.0065376261119248985,-0.6766844896146667,0.01434998482939601,-0.46800409103969876,0.09651277043359796,-0.7251906372256481,0.15029728355767744,-0.8747780168906089,0.19027654704997057,-0.9857018564398712,0.12761532170722542,-0.4160149335005114,0.2021669851488829,-0.6953053511040382,0.253592519586154,-0.8682136664034417,0.2912796153297446,-1.0,0.21468042268718615,-0.35916836959208154,0.27650404984799254,-0.6092333721138177,0.3204924719645229,-0.7717127511438233,0.3500345608461781,-0.8910702409011539,0.27667142882977375,-0.30194846817086723,0.34996001390471254,-0.4612890391883827,0.391272884002146,-0.5716755781406667,0.42420515077169146,-0.660870893136658,0.0,0.0,0.0,0.0,0.0,0.0,0.0,0.0,0.0,0.0,0.0,0.0,0.0,0.0,0.0,0.0,0.0,0.0,0.0,0.0,0.0,0.0,0.0,0.0,0.0,0.0,0.0,0.0,0.0,0.0,0.0,0.0,0.0,0.0,0.0,0.0,0.0,0.0,0.0,0.0,0.0,0.0,thank you
0.0,0.0,-0.1081510592024448,-0.2024695198347893,-0.13711146116103642,-0.4266748894238102,-0.09772401235985695,-0.6116459319355851,-0.056609623800822795,-0.7290476933980624,0.003158185792916332,-0.47720646495190433,0.08998815014690241,-0.7262589489298861,0.14341788586322773,-0.8737846967898493,0.18270405730369524,-0.9873465592724748,0.11496748775679287,-0.4230128286666373,0.18518776400686998,-0.6960983901521431,0.23172219941472136,-0.8663271463717084,0.26660451371494404,-1.0,0.20711180076171024,-0.36222511184215683,0.27683543614472456,-0.6181469739470018,0.3222152292616016,-0.7854250223001094,0.351671468298679,-0.9143095064275958,0.2771741325563913,-0.298848994852337,0.3548526625396142,-0.4591590000307449,0.396829214821138,-0.5759583219547013,0.428394494610899,-0.6766489170054133,0.0,0.0,0.0,0.0,0.0,0.0,0.0,0.0,0.0,0.0,0.0,0.0,0.0,0.0,0.0,0.0,0.0,0.0,0.0,0.0,0.0,0.0,0.0,0.0,0.0,0.0,0.0,0.0,0.0,0.0,0.0,0.0,0.0,0.0,0.0,0.0,0.0,0.0,0.0,0.0,0.0,0.0,thank you
0.0,0.0,-0.10590962017465962,-0.19707899238817597,-0.131033889917822,-0.41090980078350686,-0.07967416190092884,-0.5856531042910491,-0.01093127645845592,-0.6709496294755217,0.006242848432463246,-0.45675898509276286,0.09115654207682804,-0.7083317131173541,0.14409812725403295,-0.8582925219844392,0.1844957864844182,-0.9744455259043421,0.11671022662561287,-0.4062159446227614,0.1920236224528971,-0.6838930661401442,0.24426971552823548,-0.8605758915415251,0.28367826991330974,-1.0,0.20595537441595738,-0.3475547832032588,0.27279555058755117,-0.6037335302989599,0.3174107718274674,-0.771235109886173,0.34587216012326405,-0.8993734353401576,0.27254240212135455,-0.28648293779337836,0.34653676120371946,-0.4448964380974526,0.38658751327672414,-0.559231905115415,0.41661733643598936,-0.6582195678533622,0.0,0.0,0.0,0.0,0.0,0.0,0.0,0.0,0.0,0.0,0.0,0.0,0.0,0.0,0.0,0.0,0.0,0.0,0.0,0.0,0.0,0.0,0.0,0.0,0.0,0.0,0.0,0.0,0.0,0.0,0.0,0.0,0.0,0.0,0.0,0.0,0.0,0.0,0.0,0.0,0.0,0.0,thank you
0.0,0.0,-0.10604743819206458,-0.19164901247389043,-0.132024927433246,-0.4091608630219856,-0.07163487085896028,-0.5807917034815607,0.010694058252184046,-0.6468403625324682,0.010883741368880151,-0.4749792414866617,0.096579716995529,-0.721865268835465,0.15066043767789516,-0.8705253762553912,0.19449308532159848,-0.9830973658405261,0.12103465439129621,-0.4187487135982545,0.19939080317642427,-0.6887056470199696,0.2524348699198381,-0.8621194500813515,0.2945707389874228,-1.0,0.20979921176344452,-0.35545696511708896,0.28106107502881933,-0.6088258703119216,0.3264702740436801,-0.7747026308725462,0.35674943202672743,-0.9023365751309489,0.27597582621230893,-0.28948695754932935,0.3563408160502243,-0.4523780921576254,0.3990192238311646,-0.5681166843665112,0.43286880697830393,-0.6679919376360259,0.0,0.0,0.0,0.0,0.0,0.0,0.0,0.0,0.0,0.0,0.0,0.0,0.0,0.0,0.0,0.0,0.0,0.0,0.0,0.0,0.0,0.0,0.0,0.0,0.0,0.0,0.0,0.0,0.0,0.0,0.0,0.0,0.0,0.0,0.0,0.0,0.0,0.0,0.0,0.0,0.0,0.0,thank you
0.0,0.0,-0.10304066095059683,-0.19683185628167255,-0.12601551504671327,-0.40898777529601077,-0.07584763551648774,-0.5788611091096861,-0.012938588274851694,-0.6658623820159953,0.014556572279462977,-0.45918293825203543,0.094550135696616,-0.7120180608593318,0.14676139010975814,-0.8621314696063598,0.18784830799529265,-0.9756983452217979,0.12246088815236449,-0.4110866777145327,0.19748857986886664,-0.6887510627566827,0.249685616158705,-0.865017940773831,0.28899469222086127,-1.0,0.20802113504815428,-0.35033129187981843,0.27454091313014867,-0.6094066335230685,0.3185484064654034,-0.7773968345461969,0.34725258784254387,-0.9059778562336384,0.2713792059946682,-0.2833798784734731,0.34709964694862744,-0.44320580253140235,0.38764886999543674,-0.5608863270648702,0.4203735139419266,-0.6629572735787881,0.0,0.0,0.0,0.0,0.0,0.0,0.0,0.0,0.0,0.0,0.0,0.0,0.0,0.0,0.0,0.0,0.0,0.0,0.0,0.0,0.0,0.0,0.0,0.0,0.0,0.0,0.0,0.0,0.0,0.0,0.0,0.0,0.0,0.0,0.0,0.0,0.0,0.0,0.0,0.0,0.0,0.0,thank you
0.0,0.0,-0.09912887547146502,-0.20632274652264385,-0.12171759968807064,-0.43134040836495735,-0.07553284716619119,-0.6116303714198577,-0.009839962475823544,-0.7003777510973506,0.016164446228858872,-0.47279574417159204,0.09583412152119614,-0.7211422868900874,0.14940548115491076,-0.8693286183613671,0.1921955889790104,-0.9797469820447587,0.12193861399898855,-0.4207058560106241,0.1987588453980767,-0.6919311439083051,0.25412659776939617,-0.8652824157539772,0.298204861928789,-1.0,0.21017727471017206,-0.3585747761868179,0.27933410028838024,-0.6127900692189798,0.3245443630734308,-0.7781363764462443,0.35434278644033773,-0.9048212003875954,0.27847021421980983,-0.28945211613964245,0.3573785965494744,-0.44746441573081425,0.39793655634610264,-0.5629460339030162,0.42884622808676887,-0.6638974570807581,0.0,0.0,0.0,0.0,0.0,0.0,0.0,0.0,0.0,0.0,0.0,0.0,0.0,0.0,0.0,0.0,0.0,0.0,0.0,0.0,0.0,0.0,0.0,0.0,0.0,0.0,0.0,0.0,0.0,0.0,0.0,0.0,0.0,0.0,0.0,0.0,0.0,0.0,0.0,0.0,0.0,0.0,thank you
0.0,0.0,-0.09882061565422347,-0.17882794869214588,-0.1406613176774358,-0.38900274649079963,-0.11322104823549246,-0.5649023888447199,-0.05097726324001332,-0.6577802984833412,-0.009007421208074573,-0.44317490333851467,0.07312194271885408,-0.6981429704505382,0.12053237402193907,-0.8523295328284664,0.1580914428318516,-0.9689901610039843,0.10144344167940918,-0.40385781231916384,0.17678634710682012,-0.6816396703002713,0.2235469247402615,-0.8603669879622254,0.25766546960423686,-1.0,0.19086317446154374,-0.35708175298876993,0.25408749839754996,-0.6053524757593441,0.2926951689742262,-0.7689558747092697,0.3137198798393755,-0.8965624402326258,0.25497033272621167,-0.30459464669351544,0.31065799666463834,-0.4740835449007916,0.33640858992515354,-0.5909133389356938,0.35226175320400327,-0.6881735128178067,0.0,0.0,0.0,0.0,0.0,0.0,0.0,0.0,0.0,0.0,0.0,0.0,0.0,0.0,0.0,0.0,0.0,0.0,0.0,0.0,0.0,0.0,0.0,0.0,0.0,0.0,0.0,0.0,0.0,0.0,0.0,0.0,0.0,0.0,0.0,0.0,0.0,0.0,0.0,0.0,0.0,0.0,thank you
0.0,0.0,-0.10046133304455616,-0.17875863451409402,-0.1381553936048146,-0.38055838444535584,-0.10461327284373315,-0.5437697094256561,-0.045392064925709,-0.6289935347707678,-0.0212724512726932,-0.438589922598503,0.05573255317416796,-0.6997070755014048,0.1044756044735884,-0.8502920796717771,0.14594671293245534,-0.9668968051721833,0.08513387048958482,-0.394769523563756,0.16805458272467402,-0.6781340386869241,0.21757065056273148,-0.8581397527883126,0.25509228964964265,-1.0,0.17296341055050451,-0.34160092377972445,0.2531138588463352,-0.5916278046330302,0.2957873094723519,-0.7539541735212842,0.31796996563858926,-0.8817499742711833,0.23935527809394783,-0.2823647393862871,0.30862416496549266,-0.45948498589139214,0.334482201803014,-0.5821350232941794,0.3443075376984767,-0.6891494283594538,0.0,0.0,0.0,0.0,0.0,0.0,0.0,0.0,0.0,0.0,0.0,0.0,0.0,0.0,0.0,0.0,0.0,0.0,0.0,0.0,0.0,0.0,0.0,0.0,0.0,0.0,0.0,0.0,0.0,0.0,0.0,0.0,0.0,0.0,0.0,0.0,0.0,0.0,0.0,0.0,0.0,0.0,thank you
0.0,0.0,-0.10406829789830273,-0.17751914111451356,-0.13828348799237647,-0.37997780347358207,-0.102501660865742,-0.5504744362256608,-0.04062758451046587,-0.6345952039233232,-0.01685396196375342,-0.4486669494496385,0.06406254539538289,-0.7085774273334922,0.11615388042154032,-0.8616253822896511,0.15832021104131924,-0.9763694152784154,0.09505100746275884,-0.4002659322056878,0.17805168343027367,-0.6856216480049274,0.2289404160783425,-0.8618674909983982,0.26696639724809557,-1.0,0.18552867826076852,-0.3462102239602399,0.264425417928053,-0.5991915505997517,0.3084513371179767,-0.7578405452675495,0.3327212825176207,-0.8775921611010716,0.25014352204254525,-0.29097244415520523,0.31661630805524726,-0.4748354144997937,0.342620042339971,-0.5942963061958524,0.3534052105667862,-0.6939800153787452,0.0,0.0,0.0,0.0,0.0,0.0,0.0,0.0,0.0,0.0,0.0,0.0,0.0,0.0,0.0,0.0,0.0,0.0,0.0,0.0,0.0,0.0,0.0,0.0,0.0,0.0,0.0,0.0,0.0,0.0,0.0,0.0,0.0,0.0,0.0,0.0,0.0,0.0,0.0,0.0,0.0,0.0,thank you
0.0,0.0,-0.09747838216360141,-0.1715677770148784,-0.13095393500662592,-0.3691223549290362,-0.09486719429162911,-0.5323555035653772,-0.03742624128905503,-0.6095756113319751,-0.015249133732489812,-0.4595268705397466,0.05933859451334085,-0.7129878435284001,0.10667169615131403,-0.8623469609762852,0.14740213932049215,-0.9712961471698789,0.08774340963268751,-0.4190423446816967,0.16118245632872108,-0.6940016331697338,0.2109429906973371,-0.8697446359227644,0.24955417480190517,-1.0,0.17551272016945785,-0.359562566694828,0.243642175713617,-0.6094181338351515,0.2876641999587469,-0.7681993408926299,0.3157693180715788,-0.8868770950299462,0.24436853124920532,-0.2882742368887269,0.314055996812776,-0.46347040091773967,0.3530419434531462,-0.577921504249161,0.3837589087336907,-0.6735035634934763,0.0,0.0,0.0,0.0,0.0,0.0,0.0,0.0,0.0,0.0,0.0,0.0,0.0,0.0,0.0,0.0,0.0,0.0,0.0,0.0,0.0,0.0,0.0,0.0,0.0,0.0,0.0,0.0,0.0,0.0,0.0,0.0,0.0,0.0,0.0,0.0,0.0,0.0,0.0,0.0,0.0,0.0,thank you
0.0,0.0,-0.09297245131383472,-0.1674846886041466,-0.12411419543697313,-0.3503074293261709,-0.10061763691089186,-0.5064673353759791,-0.058549827879374024,-0.6022355970759204,-0.012494466947921544,-0.4737715498064793,0.06570168486363444,-0.723915437318545,0.11552637299472619,-0.869975247218081,0.15722362240612958,-0.9789377966682673,0.08329294220959407,-0.43084858153006206,0.16159750242065163,-0.7015429471841786,0.21367154751629316,-0.8683813152351064,0.25366448548341136,-1.0,0.16872777158509789,-0.3680374118794581,0.24838110123410995,-0.6151449256046185,0.29921403441060934,-0.769193918316946,0.3320029291855685,-0.8876750068236282,0.23862021543517853,-0.29146729220033946,0.31992754752230024,-0.46682233674821355,0.36109542604782585,-0.5822507198130007,0.39014193146787035,-0.6826444065583421,0.0,0.0,0.0,0.0,0.0,0.0,0.0,0.0,0.0,0.0,0.0,0.0,0.0,0.0,0.0,0.0,0.0,0.0,0.0,0.0,0.0,0.0,0.0,0.0,0.0,0.0,0.0,0.0,0.0,0.0,0.0,0.0,0.0,0.0,0.0,0.0,0.0,0.0,0.0,0.0,0.0,0.0,thank you
0.0,0.0,-0.0895418395194921,-0.17149249079914178,-0.1194008943089888,-0.36136552186045956,-0.09373415886662143,-0.51881989892783,-0.04785280201012446,-0.6087944444225811,-0.009134518711581885,-0.4829551513093525,0.06789998176600633,-0.7291015101232396,0.11810933537374159,-0.8742276085901787,0.15943491110787533,-0.9833997571674306,0.08316472042677665,-0.43792487032407224,0.16217413295298685,-0.7039586506245002,0.21476299462518836,-0.8686179850893532,0.25499649843605554,-1.0,0.16714434857698954,-0.37312485488233454,0.24716131574849232,-0.6180212575009084,0.29890819043635464,-0.7738609984994904,0.33243334613273484,-0.8950016181966637,0.23751978706893143,-0.29436880679031674,0.31838108372139134,-0.4694277018402841,0.3595841937323411,-0.5848099026514626,0.3898055858986951,-0.685499964675151,0.0,0.0,0.0,0.0,0.0,0.0,0.0,0.0,0.0,0.0,0.0,0.0,0.0,0.0,0.0,0.0,0.0,0.0,0.0,0.0,0.0,0.0,0.0,0.0,0.0,0.0,0.0,0.0,0.0,0.0,0.0,0.0,0.0,0.0,0.0,0.0,0.0,0.0,0.0,0.0,0.0,0.0,thank you
0.0,0.0,-0.08312374297330277,-0.1874401360072427,-0.0902495965330899,-0.3821091244440029,-0.04361735029550085,-0.5477684203028673,-0.002964005690710983,-0.6649500188378279,-0.014610844215849642,-0.4658457997267109,0.0693063368203621,-0.7181049332616058,0.12136162818813835,-0.8664677292076304,0.16347317062198571,-0.9798382758420322,0.07510538874341378,-0.421337916892377,0.1639338070594057,-0.7002684156168405,0.2201594748650893,-0.8697987445196916,0.2627325909417227,-1.0,0.15771610549933365,-0.3571457223135477,0.24263515907186678,-0.6088863938399366,0.29645502070286656,-0.7613369047105816,0.3335983437706771,-0.8749501875347937,0.22723265748330368,-0.28116835769754883,0.3067756199144894,-0.4554261379078952,0.3536148948174418,-0.5540499455483683,0.3904933636488029,-0.6339920637449602,0.0,0.0,0.0,0.0,0.0,0.0,0.0,0.0,0.0,0.0,0.0,0.0,0.0,0.0,0.0,0.0,0.0,0.0,0.0,0.0,0.0,0.0,0.0,0.0,0.0,0.0,0.0,0.0,0.0,0.0,0.0,0.0,0.0,0.0,0.0,0.0,0.0,0.0,0.0,0.0,0.0,0.0,thank you
0.0,0.0,-0.08338134934689412,-0.18793945979908036,-0.08949159159680746,-0.3883195351798165,-0.03480600901215894,-0.5543869141700227,0.01422092098615704,-0.6614993758547543,-0.016737041906463548,-0.47173316790149,0.06700990250043233,-0.7219991753580056,0.12295982286810787,-0.8681771636091227,0.17042638975208635,-0.9786291610627007,0.07305321810496967,-0.4271877744558835,0.16066331196463404,-0.7002362161317192,0.21856760365228803,-0.868726736147034,0.2639438692172169,-1.0,0.15779103556759458,-0.3653111173370407,0.24403663766574965,-0.6104044219539031,0.2977722205902232,-0.7635488226574164,0.33389316355173004,-0.8787021101622022,0.22993814807458932,-0.2910297150529636,0.31718226929092114,-0.45970468452535135,0.363458882308031,-0.5614328079135424,0.39938876810417673,-0.6466478907062394,0.0,0.0,0.0,0.0,0.0,0.0,0.0,0.0,0.0,0.0,0.0,0.0,0.0,0.0,0.0,0.0,0.0,0.0,0.0,0.0,0.0,0.0,0.0,0.0,0.0,0.0,0.0,0.0,0.0,0.0,0.0,0.0,0.0,0.0,0.0,0.0,0.0,0.0,0.0,0.0,0.0,0.0,thank you
0.0,0.0,-0.08566010123260243,-0.19000266600615262,-0.0934392613839408,-0.38238356076319624,-0.038768172802577515,-0.5282449170985534,0.019117154898739035,-0.6091820277151193,-0.01318481851304925,-0.47191995931031744,0.0675769218406409,-0.721319540690628,0.12158737031581773,-0.8681238312588276,0.16785751426124212,-0.977936624684948,0.07787460695317094,-0.42825002221671793,0.16198946454873592,-0.7007160400921947,0.21788360708741664,-0.8703795371737688,0.2623054146395881,-1.0,0.1615502353081317,-0.36692469572550346,0.24461012968890922,-0.6099307783792574,0.2970533068875607,-0.764291021987933,0.3327918756771372,-0.8788264278731889,0.2306319379973945,-0.29168489698060623,0.31759715323484866,-0.4565321877700277,0.3636800149750133,-0.5575683376789864,0.39972923965882684,-0.6419493231936862,0.0,0.0,0.0,0.0,0.0,0.0,0.0,0.0,0.0,0.0,0.0,0.0,0.0,0.0,0.0,0.0,0.0,0.0,0.0,0.0,0.0,0.0,0.0,0.0,0.0,0.0,0.0,0.0,0.0,0.0,0.0,0.0,0.0,0.0,0.0,0.0,0.0,0.0,0.0,0.0,0.0,0.0,thank you
0.0,0.0,-0.08301187418735166,-0.20333290510010615,-0.08017302896183001,-0.413835685015892,-0.012823500833159956,-0.5740983700988612,0.04738637513458082,-0.6685895475469626,-0.010799530383526436,-0.4720420547767143,0.07649164433600922,-0.7245812314850711,0.1333634801945922,-0.8703347684830955,0.1805076003818476,-0.9810408265431839,0.08196412390871584,-0.4231461575163079,0.1695386715447358,-0.6980296344972561,0.22513092378244387,-0.8676230668396274,0.266457040817448,-1.0,0.1675024793945919,-0.3593221636464855,0.25470440727784266,-0.6072333897615878,0.3058667194189368,-0.764558887563766,0.33723082415189926,-0.8862930881262295,0.24126186310255351,-0.28453880986785784,0.33452907040419533,-0.45463740583132384,0.37924268280158513,-0.5633533162873771,0.41020640841550293,-0.6587327934562931,0.0,0.0,0.0,0.0,0.0,0.0,0.0,0.0,0.0,0.0,0.0,0.0,0.0,0.0,0.0,0.0,0.0,0.0,0.0,0.0,0.0,0.0,0.0,0.0,0.0,0.0,0.0,0.0,0.0,0.0,0.0,0.0,0.0,0.0,0.0,0.0,0.0,0.0,0.0,0.0,0.0,0.0,thank you
0.0,0.0,-0.08495233604047486,-0.20161044359576694,-0.08584474698452216,-0.3970282939412124,-0.0188086239280669,-0.5335037445257286,0.0507605359614189,-0.5917738514266356,-0.004252569458914307,-0.46475769569197195,0.0806674950319535,-0.7160680045493558,0.136255798852364,-0.8631606084138459,0.18279864847496408,-0.9730193056617542,0.09179651612766028,-0.4197455994570918,0.17455531949860084,-0.6924691074528813,0.2282548049632524,-0.8667069345963883,0.26950931761715086,-1.0,0.1762464046602356,-0.35719065154766333,0.2548899325636538,-0.6067900086536253,0.3016767774861731,-0.7660502925052217,0.3311056326165754,-0.8851421972149839,0.24397655257399187,-0.28150006370366587,0.3313624059578131,-0.44344914591385287,0.37529666974396725,-0.551476199545624,0.408878481573225,-0.6448926355391092,0.0,0.0,0.0,0.0,0.0,0.0,0.0,0.0,0.0,0.0,0.0,0.0,0.0,0.0,0.0,0.0,0.0,0.0,0.0,0.0,0.0,0.0,0.0,0.0,0.0,0.0,0.0,0.0,0.0,0.0,0.0,0.0,0.0,0.0,0.0,0.0,0.0,0.0,0.0,0.0,0.0,0.0,thank you
0.0,0.0,-0.08496384718322214,-0.19819517709047763,-0.09325792142414593,-0.394140317154674,-0.03121254658243211,-0.5334106251103533,0.039267518111983576,-0.5958991919002412,-0.0060646333761546255,-0.473971975364744,0.07806413307666771,-0.7240295978075199,0.13526014169035694,-0.867556757872087,0.18329469680671495,-0.9740441555489523,0.08853990253521897,-0.43071666590835345,0.17190595567968175,-0.7009113426993442,0.2277728565434286,-0.8710483689618842,0.27032181127886995,-1.0,0.17281218678621427,-0.3672819863537323,0.25186072276424454,-0.6130299556190167,0.3002493446207788,-0.7690823904504211,0.3298422839570319,-0.8839322041768641,0.24252017628067402,-0.288577874367534,0.3320612395032131,-0.44875216283100605,0.37683869891426397,-0.5552088535034352,0.40945515476049377,-0.6469626934237018,0.0,0.0,0.0,0.0,0.0,0.0,0.0,0.0,0.0,0.0,0.0,0.0,0.0,0.0,0.0,0.0,0.0,0.0,0.0,0.0,0.0,0.0,0.0,0.0,0.0,0.0,0.0,0.0,0.0,0.0,0.0,0.0,0.0,0.0,0.0,0.0,0.0,0.0,0.0,0.0,0.0,0.0,thank you
0.0,0.0,-0.08035435614783622,-0.20113229907286967,-0.07516927593707008,-0.40322830080344796,-0.01211714095421372,-0.5579658431985856,0.039712103906679244,-0.6551689685119857,-0.005316204507414099,-0.4688401245221555,0.08176869899016484,-0.7243426117597968,0.1392778097387393,-0.8685009821669082,0.1869433192498903,-0.977968118894027,0.08728904125175996,-0.423785291321821,0.17278086421315206,-0.6988034603317604,0.22669394501927312,-0.8690729052963906,0.2666286509306263,-1.0,0.17260081433905575,-0.3594541555154778,0.2564939331346692,-0.6103083379868868,0.3047339901357788,-0.7699976736918922,0.333399129799557,-0.8917256351092943,0.24576292314766546,-0.28091941844921664,0.3399800886021588,-0.4411962359922416,0.3856436797058017,-0.5515408463899953,0.41665284191058694,-0.6513237180514574,0.0,0.0,0.0,0.0,0.0,0.0,0.0,0.0,0.0,0.0,0.0,0.0,0.0,0.0,0.0,0.0,0.0,0.0,0.0,0.0,0.0,0.0,0.0,0.0,0.0,0.0,0.0,0.0,0.0,0.0,0.0,0.0,0.0,0.0,0.0,0.0,0.0,0.0,0.0,0.0,0.0,0.0,thank you
0.0,0.0,-0.08048476501438795,-0.20493495407940168,-0.07076434707765598,-0.40023598994396314,0.0075680243164277655,-0.5275551643793959,0.08374211075779742,-0.5788555778200125,-0.0010910186543897533,-0.468814839723964,0.08372191190382054,-0.7247992177806771,0.14052417522281394,-0.8708511460418288,0.1870686936840054,-0.9790269501338922,0.0945453181861878,-0.4271702265899958,0.17920039844109734,-0.7024650831014517,0.23505930046880044,-0.8725704799733973,0.27630638893491816,-1.0,0.17980000516192934,-0.3634041278228366,0.26222198989384005,-0.6148708825664814,0.3108389481783439,-0.7715743398247712,0.33973434392439045,-0.8873214411957123,0.2515079005573013,-0.2841432637383066,0.34568935883226687,-0.44292832511476876,0.39049640179859574,-0.5534491600456195,0.42063496219634855,-0.6517427683427102,0.0,0.0,0.0,0.0,0.0,0.0,0.0,0.0,0.0,0.0,0.0,0.0,0.0,0.0,0.0,0.0,0.0,0.0,0.0,0.0,0.0,0.0,0.0,0.0,0.0,0.0,0.0,0.0,0.0,0.0,0.0,0.0,0.0,0.0,0.0,0.0,0.0,0.0,0.0,0.0,0.0,0.0,thank you
0.0,0.0,-0.0816229647081142,-0.19886850470736944,-0.07803141753891808,-0.3901709822107583,-0.009081733657686919,-0.5211751500098281,0.05515882080390706,-0.5828584650857671,-0.0019091065214745305,-0.46461020416972576,0.08060495982354335,-0.7206488998414728,0.13580138845121162,-0.8668243972142051,0.18017445213459599,-0.9758121483645321,0.09462156247354253,-0.42437557581190755,0.17710858082708683,-0.6990747919574094,0.2316785520357967,-0.8705094081621575,0.27032438878486525,-1.0,0.1793168825967109,-0.36218946451090467,0.2559664441876738,-0.6114835767745196,0.3016711583005932,-0.7710576487181012,0.3268473731861404,-0.8883688634637769,0.25011490764870886,-0.2850750850390705,0.3423905200124569,-0.44238435084727834,0.3854478656448454,-0.5529406076127499,0.41310147276313575,-0.6496143901242967,0.0,0.0,0.0,0.0,0.0,0.0,0.0,0.0,0.0,0.0,0.0,0.0,0.0,0.0,0.0,0.0,0.0,0.0,0.0,0.0,0.0,0.0,0.0,0.0,0.0,0.0,0.0,0.0,0.0,0.0,0.0,0.0,0.0,0.0,0.0,0.0,0.0,0.0,0.0,0.0,0.0,0.0,thank you
0.0,0.0,-0.0819857632969886,-0.20257638174993892,-0.07510943097724616,-0.39664186237291704,-0.0007017731639669447,-0.5284342760748868,0.0729308001075478,-0.5851310963221698,-0.00459130831301539,-0.4715646242544462,0.07638843960214649,-0.72675988086168,0.13106415680277353,-0.8697775494535644,0.17539802121594616,-0.9756449522642128,0.09148251917688184,-0.4276366299566052,0.17109601792756432,-0.704918588631348,0.22558442455791863,-0.874555985058408,0.2650421659553325,-1.0,0.1751783620002203,-0.36393050887809947,0.2471688520482924,-0.6119209065538356,0.29105102673501,-0.7693933795060609,0.3145699582070163,-0.8833956877147909,0.24524846050688587,-0.2862455575596035,0.3366046091962892,-0.4444991632422617,0.3798462257195008,-0.5533491478193806,0.4070054336560439,-0.6479098284715366,0.0,0.0,0.0,0.0,0.0,0.0,0.0,0.0,0.0,0.0,0.0,0.0,0.0,0.0,0.0,0.0,0.0,0.0,0.0,0.0,0.0,0.0,0.0,0.0,0.0,0.0,0.0,0.0,0.0,0.0,0.0,0.0,0.0,0.0,0.0,0.0,0.0,0.0,0.0,0.0,0.0,0.0,thank you
0.0,0.0,-0.08270542348905828,-0.20834844836572006,-0.06994434826134728,-0.4072691502532771,0.01289290489607871,-0.5409477343036291,0.09213711202267323,-0.6011238525066201,-0.006056188958302679,-0.4695369414141803,0.07349934887328263,-0.7232324121299797,0.1253350861728738,-0.8658055567397002,0.16785858838661297,-0.9749673061505691,0.09184109116094909,-0.4261719478750258,0.1709584191074178,-0.7021856863966542,0.22375271761177445,-0.8706128475254206,0.2625470353680298,-1.0,0.17596198758435885,-0.3641412300954848,0.25472544729723967,-0.6094621248687319,0.2995519349762537,-0.7624191935929681,0.32289862087648397,-0.8764630411674351,0.24524397885408114,-0.2897254908432011,0.3409216067267968,-0.438714651565844,0.3817491083391433,-0.5443399188578307,0.4045108115454553,-0.6401865050607283,0.0,0.0,0.0,0.0,0.0,0.0,0.0,0.0,0.0,0.0,0.0,0.0,0.0,0.0,0.0,0.0,0.0,0.0,0.0,0.0,0.0,0.0,0.0,0.0,0.0,0.0,0.0,0.0,0.0,0.0,0.0,0.0,0.0,0.0,0.0,0.0,0.0,0.0,0.0,0.0,0.0,0.0,thank you
0.0,0.0,-0.08169643715774925,-0.20761439497807854,-0.06886943572074262,-0.40489131778728454,0.011884750053349673,-0.5389361022042345,0.09001385717674448,-0.6014443336236655,-0.005894566393095041,-0.46724549916518066,0.07274202662812668,-0.721044682754913,0.12407247129421269,-0.8639221580194404,0.1664382476395632,-0.97308016738517,0.0912990118633186,-0.4241525186998616,0.1701692443946209,-0.6999537483525713,0.22261879575364082,-0.8695463583467737,0.26110785975767803,-1.0,0.1752330212949912,-0.3619910372550151,0.2544022867547188,-0.6076470000998303,0.2988672467813891,-0.7602627826273317,0.3218291290127884,-0.8744393247076301,0.24428746360544873,-0.28726357852201717,0.3397338286381042,-0.43698867887893333,0.38079530852596455,-0.5430861114087703,0.4040089645767333,-0.6390688123767577,0.0,0.0,0.0,0.0,0.0,0.0,0.0,0.0,0.0,0.0,0.0,0.0,0.0,0.0,0.0,0.0,0.0,0.0,0.0,0.0,0.0,0.0,0.0,0.0,0.0,0.0,0.0,0.0,0.0,0.0,0.0,0.0,0.0,0.0,0.0,0.0,0.0,0.0,0.0,0.0,0.0,0.0,thank you
0.0,0.0,-0.06537640051438263,-0.2056501354327593,-0.04817345794310951,-0.39026691600259517,0.02925505799897007,-0.5058391739619974,0.10756048651054805,-0.5521359753631664,-0.0007452620354772731,-0.470739759625036,0.07663161198441723,-0.7175059570048267,0.1292277277845179,-0.8619044086199824,0.17286806143497627,-0.9735659729192669,0.08827941116571093,-0.4330162446576068,0.17008576195837807,-0.6998576937735843,0.22616097950906716,-0.8693926691745729,0.2693448094776747,-1.0,0.17140099443431003,-0.3730234236121415,0.24963959757122947,-0.6127557729850195,0.29718198758848224,-0.7638454902782263,0.32665834213428063,-0.8749132633912595,0.24328309519861047,-0.29850849400517293,0.3324045970038957,-0.45590598115288045,0.3793961095448819,-0.5563366093223125,0.4153153393965314,-0.6413019364993469,0.0,0.0,0.0,0.0,0.0,0.0,0.0,0.0,0.0,0.0,0.0,0.0,0.0,0.0,0.0,0.0,0.0,0.0,0.0,0.0,0.0,0.0,0.0,0.0,0.0,0.0,0.0,0.0,0.0,0.0,0.0,0.0,0.0,0.0,0.0,0.0,0.0,0.0,0.0,0.0,0.0,0.0,thank you
0.0,0.0,-0.06790782261700141,-0.20726602367578284,-0.05491363717632451,-0.3963338989576352,0.023721120528432768,-0.508433542435168,0.10278548945149067,-0.5507756584843096,-0.0016954103993702448,-0.46994476479425645,0.07836812452948431,-0.7204168801011762,0.1322070024069197,-0.8618960808853721,0.17654452545510452,-0.967865263684397,0.08742277509834441,-0.4318835874255173,0.17309109110646279,-0.7043662393588958,0.2287095649007269,-0.8731566479502426,0.26978277394296446,-1.0,0.16862514538226442,-0.369714273805306,0.25303003878201014,-0.6142544636605581,0.2982503671804817,-0.7679836170047067,0.3228223921410763,-0.8810415677189765,0.24081920826491546,-0.2893565008952367,0.3424525169915807,-0.44419533087559154,0.38930271722697113,-0.5482349194579513,0.4186232258427784,-0.639475384374071,0.0,0.0,0.0,0.0,0.0,0.0,0.0,0.0,0.0,0.0,0.0,0.0,0.0,0.0,0.0,0.0,0.0,0.0,0.0,0.0,0.0,0.0,0.0,0.0,0.0,0.0,0.0,0.0,0.0,0.0,0.0,0.0,0.0,0.0,0.0,0.0,0.0,0.0,0.0,0.0,0.0,0.0,thank you
0.0,0.0,-0.06995426072874851,-0.2045224863132668,-0.057478024047291694,-0.3894373026469389,0.01849698263578231,-0.5062394062008256,0.09179296434669709,-0.5539816678634567,-0.0016909603075998649,-0.4793549587121252,0.07338272828746067,-0.7272818259206866,0.1256938576248585,-0.8675404613446032,0.1692408230309125,-0.9722751318078815,0.08538402056307819,-0.43838904892083763,0.16555763514297914,-0.7074506202242238,0.2199486585373258,-0.8746017982574517,0.2623018696232991,-1.0,0.16561669272743562,-0.37652484935256514,0.2455654837303714,-0.6175881581632024,0.2917680166568145,-0.7676389458460349,0.3193238992061814,-0.8774766699543896,0.23645129782261493,-0.29944329487599103,0.3286901377329578,-0.45891974663008406,0.37159032140020565,-0.5592453360606531,0.39961986049531467,-0.6457683768896817,0.0,0.0,0.0,0.0,0.0,0.0,0.0,0.0,0.0,0.0,0.0,0.0,0.0,0.0,0.0,0.0,0.0,0.0,0.0,0.0,0.0,0.0,0.0,0.0,0.0,0.0,0.0,0.0,0.0,0.0,0.0,0.0,0.0,0.0,0.0,0.0,0.0,0.0,0.0,0.0,0.0,0.0,thank you
0.0,0.0,-0.07006129194008985,-0.2019670913169705,-0.06103093305914865,-0.3886860438460141,0.01016269345096845,-0.5072216136922686,0.07828795037103146,-0.5560999774296919,-0.0015532805984866994,-0.48201515312552196,0.07544612221519145,-0.7332054504453188,0.1283558429386001,-0.874268665658843,0.17210172045737152,-0.9787344475160226,0.08610856681523822,-0.4407089740868084,0.168616596600593,-0.7134305815845847,0.22266908472323613,-0.8783428717647866,0.26326890533446395,-1.0,0.1662126678206742,-0.37908989028110235,0.25182101773553023,-0.624287086122912,0.30081740285336017,-0.7765894392009645,0.32892996525588425,-0.8868782301599493,0.2353843747703264,-0.3017282261032554,0.33328017558451556,-0.4579270545896857,0.37791815315076566,-0.558040483662236,0.40505804053023736,-0.6439425363493276,0.0,0.0,0.0,0.0,0.0,0.0,0.0,0.0,0.0,0.0,0.0,0.0,0.0,0.0,0.0,0.0,0.0,0.0,0.0,0.0,0.0,0.0,0.0,0.0,0.0,0.0,0.0,0.0,0.0,0.0,0.0,0.0,0.0,0.0,0.0,0.0,0.0,0.0,0.0,0.0,0.0,0.0,thank you
0.0,0.0,-0.0545067501677171,-0.22286554035412615,-0.02254969334785377,-0.4235100263890107,0.062739832599376,-0.544473138321202,0.13849531033626766,-0.5963175132004452,-0.00102972928716408,-0.4800040067731192,0.0759797657957479,-0.7279280354656443,0.12870513656719332,-0.8676526534465329,0.173184879981654,-0.9724769090216355,0.08405850763097353,-0.43444102806423346,0.16531902172771562,-0.7091406792677907,0.22037470741575205,-0.8757897481919864,0.26322427579904284,-1.0,0.1656301738907221,-0.3693570051005576,0.2484471140636881,-0.6191030891593503,0.2965702079121794,-0.7732218685039026,0.32610381324863863,-0.8883935966519495,0.2400372622297103,-0.291304380469338,0.3367522689920903,-0.44889848427840495,0.38245352699149976,-0.5497117850925041,0.4143032866849018,-0.6389407977413052,0.0,0.0,0.0,0.0,0.0,0.0,0.0,0.0,0.0,0.0,0.0,0.0,0.0,0.0,0.0,0.0,0.0,0.0,0.0,0.0,0.0,0.0,0.0,0.0,0.0,0.0,0.0,0.0,0.0,0.0,0.0,0.0,0.0,0.0,0.0,0.0,0.0,0.0,0.0,0.0,0.0,0.0,thank you
0.0,0.0,-0.05219608628857567,-0.2218160437477732,-0.013380663855091814,-0.4258974049840643,0.07711949173850523,-0.54528053154512,0.16048932620214484,-0.5912149995118726,-0.0067321094588667675,-0.4728802143249999,0.06410224903822534,-0.7246926219337726,0.11593231211121477,-0.8673073325783502,0.1592218334871922,-0.9757110155158957,0.07216295145393037,-0.4252910284510289,0.15459816423648645,-0.7010836426653545,0.21144008547866017,-0.871209460013602,0.25446968989507046,-1.0,0.15285690371536692,-0.3606604647029974,0.23515372541377827,-0.607628027895248,0.28229198379282355,-0.7620749834889606,0.31047769884538856,-0.8786291881252355,0.23048215897030094,-0.2875583620547838,0.32200858660780995,-0.4513935529222058,0.36529666239446834,-0.5487218051054552,0.3960834744951303,-0.6313642190237434,0.0,0.0,0.0,0.0,0.0,0.0,0.0,0.0,0.0,0.0,0.0,0.0,0.0,0.0,0.0,0.0,0.0,0.0,0.0,0.0,0.0,0.0,0.0,0.0,0.0,0.0,0.0,0.0,0.0,0.0,0.0,0.0,0.0,0.0,0.0,0.0,0.0,0.0,0.0,0.0,0.0,0.0,thank you
0.0,0.0,-0.051016203694513235,-0.2173602283552017,-0.012811329522958841,-0.41872738088448036,0.07415181917896672,-0.5334443592393673,0.15180823647859498,-0.5795040999953616,-0.007211971198209228,-0.47274744282283654,0.06630479632495084,-0.7214208113922728,0.1195798007092088,-0.8645212482299557,0.16301857346946305,-0.9716935262787726,0.07096929818657795,-0.42312006359425486,0.15182189037970337,-0.6996595917832179,0.2086945524517516,-0.8713526532483357,0.2517444311208623,-1.0,0.1511564321639816,-0.35771032406323827,0.23532392040492242,-0.6088807103204803,0.2837737717081292,-0.7672374933413023,0.31288814966302464,-0.8851959659210249,0.228977470966335,-0.2839223184052941,0.32232502888865283,-0.45482074219313995,0.36593636371823424,-0.5588216354100465,0.39598656649803293,-0.6472758675819493,0.0,0.0,0.0,0.0,0.0,0.0,0.0,0.0,0.0,0.0,0.0,0.0,0.0,0.0,0.0,0.0,0.0,0.0,0.0,0.0,0.0,0.0,0.0,0.0,0.0,0.0,0.0,0.0,0.0,0.0,0.0,0.0,0.0,0.0,0.0,0.0,0.0,0.0,0.0,0.0,0.0,0.0,thank you
0.0,0.0,-0.05001153449169755,-0.21555606555713577,-0.015993206937501288,-0.4248882620890193,0.060418935909449085,-0.5677245103588455,0.12335494762310197,-0.6459467954724544,-0.0028395262851643446,-0.4776341845867481,0.07315255891311,-0.7241011023961619,0.1300059099405914,-0.8663784629239422,0.177065645130859,-0.9718956758736486,0.07244235528771224,-0.4280055476544948,0.15542251913298674,-0.7019620130740094,0.21341088792596363,-0.8719070914530606,0.25842037712634985,-1.0,0.15106864489144894,-0.3627328104363764,0.23557148055308483,-0.6104409743197028,0.28667244976748685,-0.7693769551161614,0.3200801627354265,-0.8871613576294916,0.22821041370376888,-0.28644047171710924,0.32400109716402126,-0.45282967638417865,0.37214075409415,-0.55372635429202,0.4088696871972691,-0.6384024055162617,0.0,0.0,0.0,0.0,0.0,0.0,0.0,0.0,0.0,0.0,0.0,0.0,0.0,0.0,0.0,0.0,0.0,0.0,0.0,0.0,0.0,0.0,0.0,0.0,0.0,0.0,0.0,0.0,0.0,0.0,0.0,0.0,0.0,0.0,0.0,0.0,0.0,0.0,0.0,0.0,0.0,0.0,thank you
0.0,0.0,-0.04968479060238316,-0.22181531346446398,-0.015898735194575575,-0.4253103967499076,0.07019910103698478,-0.5422137448812658,0.14777299484090253,-0.5890766038548065,-0.009143168074909457,-0.47708443966725805,0.05990150638663975,-0.7210585328573692,0.1161864995616609,-0.8640994544177569,0.16384322976407217,-0.9727393570465027,0.06751091890061976,-0.42635908207256507,0.14741386020214844,-0.698822831951678,0.20556221315021356,-0.8695409682915268,0.2512759224630446,-1.0,0.14829297389966942,-0.35984276011866156,0.22860162876032183,-0.6079184367586632,0.27836181835580875,-0.7629474937851645,0.3103697564592227,-0.8793389811881034,0.22796789159755854,-0.28462358803207916,0.3172452719097753,-0.45555117729489725,0.360086005591703,-0.5558578167800409,0.3922532659281895,-0.6407867149206692,0.0,0.0,0.0,0.0,0.0,0.0,0.0,0.0,0.0,0.0,0.0,0.0,0.0,0.0,0.0,0.0,0.0,0.0,0.0,0.0,0.0,0.0,0.0,0.0,0.0,0.0,0.0,0.0,0.0,0.0,0.0,0.0,0.0,0.0,0.0,0.0,0.0,0.0,0.0,0.0,0.0,0.0,thank you
0.0,0.0,-0.05225996754443869,-0.21286497540873328,-0.02425553001652405,-0.417229085653745,0.04781625046748468,-0.5441968080562195,0.10953437410016174,-0.6086436420358975,-0.01363107194870747,-0.4770218724996038,0.05246207920544955,-0.717965758307327,0.1083314444551092,-0.8626507187849599,0.1555070658926629,-0.9721077790870843,0.06113603799049872,-0.4258596188409464,0.14179340413870298,-0.6970802778994755,0.20103880523599074,-0.8699480455335656,0.24599018378565288,-1.0,0.13997318164947872,-0.35759153517402403,0.22437590415037106,-0.6042692232844808,0.27691976146765535,-0.7611399341189038,0.3093588859832519,-0.875607374965224,0.21802288123159866,-0.27919331473067305,0.3128489647560689,-0.4524356788770384,0.3571502783398191,-0.5548480520068206,0.3872641041370187,-0.6398617767278975,0.0,0.0,0.0,0.0,0.0,0.0,0.0,0.0,0.0,0.0,0.0,0.0,0.0,0.0,0.0,0.0,0.0,0.0,0.0,0.0,0.0,0.0,0.0,0.0,0.0,0.0,0.0,0.0,0.0,0.0,0.0,0.0,0.0,0.0,0.0,0.0,0.0,0.0,0.0,0.0,0.0,0.0,thank you
0.0,0.0,-0.041165438527239806,-0.21558648452207227,-0.021958978970943108,-0.443955287998054,0.014548213723519122,-0.6252744872371367,0.040475852093906105,-0.7518714447751342,-0.0004949249642981919,-0.49555004506033257,0.07026852462420764,-0.7266414040262775,0.12230899506614848,-0.8670030394656101,0.16460463537753192,-0.9748317598458023,0.06652740377782665,-0.4493610713268338,0.14242373608940403,-0.7020106417710844,0.192950091962198,-0.8667631199853343,0.23196863609416912,-1.0,0.14282596016171364,-0.38501208649003626,0.2266182027929291,-0.6162160182563534,0.27928926819148364,-0.7682386143848895,0.31306568612497576,-0.8875622453716661,0.22295937869802168,-0.3042836551576758,0.31467468645561936,-0.45550575671498833,0.36695091472162994,-0.5539855245112186,0.40797423268943495,-0.6388023669003506,0.0,0.0,0.0,0.0,0.0,0.0,0.0,0.0,0.0,0.0,0.0,0.0,0.0,0.0,0.0,0.0,0.0,0.0,0.0,0.0,0.0,0.0,0.0,0.0,0.0,0.0,0.0,0.0,0.0,0.0,0.0,0.0,0.0,0.0,0.0,0.0,0.0,0.0,0.0,0.0,0.0,0.0,thank you
0.0,0.0,-0.04309886052690759,-0.21722267522550986,-0.02243510571212851,-0.4443565776847393,0.013818707403797627,-0.6291344996427966,0.030620001824429106,-0.7636656240487693,0.0007092495009950015,-0.4861577082505777,0.07506687693086757,-0.7302390313721222,0.1269162280820039,-0.8752201160822566,0.1683311985650403,-0.9843729803553682,0.07334613298927767,-0.4403866715246479,0.15179841111350237,-0.7082509000463199,0.20482708699163782,-0.8728674835911513,0.24576220468396923,-1.0,0.15297709116590583,-0.37975588536869104,0.23559214060009104,-0.6219854881599601,0.28721714499193673,-0.7720708914270206,0.31923995873652805,-0.8857990113055509,0.23219889586582002,-0.3055570627808834,0.3218008211220325,-0.45434323184615144,0.37052006221969414,-0.5484564824770461,0.40493311447347113,-0.6277295388073154,0.0,0.0,0.0,0.0,0.0,0.0,0.0,0.0,0.0,0.0,0.0,0.0,0.0,0.0,0.0,0.0,0.0,0.0,0.0,0.0,0.0,0.0,0.0,0.0,0.0,0.0,0.0,0.0,0.0,0.0,0.0,0.0,0.0,0.0,0.0,0.0,0.0,0.0,0.0,0.0,0.0,0.0,thank you
0.0,0.0,-0.05021052354581406,-0.22029574548704464,-0.019897103848789073,-0.4306594534607112,0.051248494887409075,-0.5630604138305647,0.11339931661742846,-0.6311106163405603,-0.009391772617893673,-0.48419256821182716,0.06128741583471035,-0.721364633971887,0.1131074717801203,-0.8650079556144612,0.15656343878335247,-0.9707655940168668,0.069991322624559,-0.4464316364568456,0.14526000126267563,-0.7094298586398904,0.20089602321070688,-0.8750264095212239,0.2449641604793576,-1.0,0.1538439213810076,-0.3863271939070162,0.22961160595987226,-0.6287431536937215,0.27847650280869524,-0.7780932060362825,0.31042219606147,-0.887210904406034,0.23504208575819935,-0.3096955619767436,0.3241421521515462,-0.45265838159421784,0.37281829740429195,-0.5458962554953734,0.41004741097893205,-0.6219091113958207,0.0,0.0,0.0,0.0,0.0,0.0,0.0,0.0,0.0,0.0,0.0,0.0,0.0,0.0,0.0,0.0,0.0,0.0,0.0,0.0,0.0,0.0,0.0,0.0,0.0,0.0,0.0,0.0,0.0,0.0,0.0,0.0,0.0,0.0,0.0,0.0,0.0,0.0,0.0,0.0,0.0,0.0,thank you
0.0,0.0,-0.05791113870553123,-0.21489357994030892,-0.01990839378689846,-0.4252669760146396,0.07178256323116136,-0.54596584101257,0.1554386423545302,-0.588437574886173,-0.009857743502603315,-0.4911090778380498,0.06877524344814065,-0.7269280874888352,0.12245278086399582,-0.8678561314075333,0.1647364006709801,-0.9756730496917413,0.07200052284164433,-0.4477169248197286,0.14736727447007822,-0.7054580310655078,0.19747848724484238,-0.8688401629523125,0.23443620242685664,-1.0,0.15548918371348278,-0.38615101409493935,0.23318563056880814,-0.6212711587477943,0.2809923098708145,-0.7729163671219746,0.3112029714833453,-0.8889427706250136,0.23410855499640545,-0.31302006404810145,0.32534344160512385,-0.46098642790231575,0.37781092739036665,-0.5571455024726053,0.41984848484848486,-0.6392573470143563,0.0,0.0,0.0,0.0,0.0,0.0,0.0,0.0,0.0,0.0,0.0,0.0,0.0,0.0,0.0,0.0,0.0,0.0,0.0,0.0,0.0,0.0,0.0,0.0,0.0,0.0,0.0,0.0,0.0,0.0,0.0,0.0,0.0,0.0,0.0,0.0,0.0,0.0,0.0,0.0,0.0,0.0,thank you
0.0,0.0,-0.04714554920723192,-0.21944672443433227,-0.007966448054997813,-0.42425324018497773,0.08108928856294688,-0.5400853414325704,0.1671221819102186,-0.5801680092613635,-0.0025832582496272552,-0.48282588333640797,0.07882663996627695,-0.7214454660581544,0.13567547708231403,-0.8600863039299302,0.17890419675584918,-0.967806245716664,0.07222584644067585,-0.4410403527018103,0.158115479185549,-0.7062818994350675,0.21552588449496962,-0.8698690201509517,0.25842352290075316,-1.0,0.15365757908742775,-0.378558009626756,0.23464939251266173,-0.6261096569677234,0.2880110705020404,-0.7790377878245867,0.32422291706213724,-0.8962064681604982,0.23491051448157485,-0.3044383605105157,0.3240694076452591,-0.4668582303773079,0.3759501319423464,-0.5685113195927923,0.4195539359458007,-0.6532828289579807,0.0,0.0,0.0,0.0,0.0,0.0,0.0,0.0,0.0,0.0,0.0,0.0,0.0,0.0,0.0,0.0,0.0,0.0,0.0,0.0,0.0,0.0,0.0,0.0,0.0,0.0,0.0,0.0,0.0,0.0,0.0,0.0,0.0,0.0,0.0,0.0,0.0,0.0,0.0,0.0,0.0,0.0,thank you
0.0,0.0,-0.04807777352747678,-0.21827993809165544,-0.008666678103120124,-0.42480468728243354,0.07970576827235216,-0.541885602344265,0.16522931240254415,-0.5842273632298565,-0.004441836834039163,-0.48461570508743207,0.07381257865810745,-0.7192228885317844,0.13086748544247157,-0.8585594390731482,0.17474670669128325,-0.9669358020626163,0.06877712305319443,-0.44217703139818887,0.15282168868443877,-0.7032235871951229,0.2111286643343728,-0.8679294590639204,0.25542717270151233,-1.0,0.1490895431976012,-0.3783533779458986,0.2305302734433743,-0.6226957310021386,0.28533858548745245,-0.7758346698760028,0.3225684744654813,-0.8933453430947177,0.23044527980063143,-0.30209748269549486,0.3216632866005684,-0.4623694267061833,0.37499217456959016,-0.5648434657711775,0.4194851769081964,-0.6504522263321667,0.0,0.0,0.0,0.0,0.0,0.0,0.0,0.0,0.0,0.0,0.0,0.0,0.0,0.0,0.0,0.0,0.0,0.0,0.0,0.0,0.0,0.0,0.0,0.0,0.0,0.0,0.0,0.0,0.0,0.0,0.0,0.0,0.0,0.0,0.0,0.0,0.0,0.0,0.0,0.0,0.0,0.0,thank you
0.0,0.0,-0.03948609748710554,-0.22154222738553198,0.0033644262020893325,-0.4146397913379954,0.08893641594980539,-0.5216039309462569,0.17048965052730553,-0.5572667808822931,0.005323796780565865,-0.4840006961427364,0.08892127258508536,-0.723004805193044,0.1474655205927158,-0.8639174302388131,0.1936316500843056,-0.9722471849163047,0.08520764491295955,-0.44601390477309816,0.1663627446105443,-0.7051876195082701,0.2196652412315398,-0.8672765449622319,0.2587109380297352,-1.0,0.1695733639515593,-0.38844177037234595,0.2533260027393669,-0.6303766855469015,0.3067671628567166,-0.7785029766882592,0.3418814613572975,-0.8934153485912151,0.24970865974441617,-0.3164495364322233,0.3395433936506358,-0.4728800419493805,0.3965720620742341,-0.5732068674028904,0.44426733237199334,-0.658725290323164,0.0,0.0,0.0,0.0,0.0,0.0,0.0,0.0,0.0,0.0,0.0,0.0,0.0,0.0,0.0,0.0,0.0,0.0,0.0,0.0,0.0,0.0,0.0,0.0,0.0,0.0,0.0,0.0,0.0,0.0,0.0,0.0,0.0,0.0,0.0,0.0,0.0,0.0,0.0,0.0,0.0,0.0,thank you
0.0,0.0,-0.03896131301022125,-0.22667037753948602,0.006754739062145333,-0.41779530810320026,0.09985468282873447,-0.51752007236202,0.18601099802327584,-0.5366161630563601,-0.0017017165448276097,-0.4831497097648805,0.08855165318243464,-0.7261366734230407,0.15165078709665644,-0.863807469576356,0.2009530023280404,-0.9671311721301284,0.08120332655414661,-0.44218509575078446,0.16961525168728747,-0.7109755527242407,0.23098335468225842,-0.8729791046682857,0.27682670185912445,-1.0,0.16942236994740523,-0.38319658995121497,0.2488095740518739,-0.6345713428606952,0.302545673962562,-0.7839856827226552,0.3388252349997662,-0.8966213187362196,0.253463145443782,-0.31393938426126067,0.3381934360895309,-0.48241308630174645,0.390511952166241,-0.5795871577946009,0.4350904468217857,-0.6578277934488647,0.0,0.0,0.0,0.0,0.0,0.0,0.0,0.0,0.0,0.0,0.0,0.0,0.0,0.0,0.0,0.0,0.0,0.0,0.0,0.0,0.0,0.0,0.0,0.0,0.0,0.0,0.0,0.0,0.0,0.0,0.0,0.0,0.0,0.0,0.0,0.0,0.0,0.0,0.0,0.0,0.0,0.0,thank you
0.0,0.0,-0.037571528751593544,-0.22157508126185127,0.007358007134609594,-0.4143711421816665,0.09860822080189588,-0.5170279455187682,0.1846100148104717,-0.5408535265515317,-0.0006573327539943549,-0.4884448959181411,0.09215962260723935,-0.7263201451776744,0.1553432298937092,-0.8625999285765172,0.2039544437446754,-0.9655790252583752,0.07840491196907805,-0.4442649879492789,0.1662907336338825,-0.7101362850183897,0.2268264598283879,-0.8719555399062209,0.27194035843298975,-1.0,0.16463055873511698,-0.38144805762495754,0.24667856906307095,-0.6334630169524934,0.3029747493634365,-0.7837875977606075,0.34097543355396925,-0.897510488759223,0.2491539230679413,-0.3083232028675003,0.3388406953615478,-0.4796783348541361,0.39239294386974616,-0.5806096397120026,0.4369077774436994,-0.6637779380645966,0.0,0.0,0.0,0.0,0.0,0.0,0.0,0.0,0.0,0.0,0.0,0.0,0.0,0.0,0.0,0.0,0.0,0.0,0.0,0.0,0.0,0.0,0.0,0.0,0.0,0.0,0.0,0.0,0.0,0.0,0.0,0.0,0.0,0.0,0.0,0.0,0.0,0.0,0.0,0.0,0.0,0.0,thank you
0.0,0.0,-0.05122363821437033,-0.2247874529090788,-0.014409494129027485,-0.42301202100234014,0.0783584500520189,-0.521012875030083,0.16767317706748225,-0.5374608687672128,-0.007757301609448993,-0.47751645548520855,0.08254150041062627,-0.7210939233865946,0.14273804852787905,-0.8600115555946777,0.18902644583057476,-0.9667406761614824,0.07791516564111545,-0.4416081941714479,0.1659984820406019,-0.7113435392145754,0.22249014637398737,-0.8724031516620298,0.2648152041285499,-1.0,0.16530563798775333,-0.3881401579389464,0.2500801821551278,-0.6419945199886504,0.30331902618362905,-0.7865052379431791,0.3398230935843975,-0.8952001674343865,0.24501653274100765,-0.3224268434404208,0.3309881906317277,-0.48695922111171563,0.38465182450104457,-0.5803392419192775,0.4304704831343567,-0.6538689704189886,0.0,0.0,0.0,0.0,0.0,0.0,0.0,0.0,0.0,0.0,0.0,0.0,0.0,0.0,0.0,0.0,0.0,0.0,0.0,0.0,0.0,0.0,0.0,0.0,0.0,0.0,0.0,0.0,0.0,0.0,0.0,0.0,0.0,0.0,0.0,0.0,0.0,0.0,0.0,0.0,0.0,0.0,thank you
0.0,0.0,-0.0480011813458288,-0.22528411912346225,-0.006944317700490434,-0.4192604405348576,0.08798869472900273,-0.5251710332296179,0.17869929652562494,-0.5491233887748918,-0.009407035028183772,-0.47505912062266215,0.08094992150829229,-0.7203298856080838,0.14506886482952852,-0.8599709356690355,0.19545987749936772,-0.9654190874103472,0.07804479206393489,-0.4341936568081335,0.1696799202259727,-0.7076503282714498,0.23178270632012907,-0.871654028747188,0.27977594723954036,-1.0,0.1675957360621221,-0.3766694153973638,0.2530259542911131,-0.6326232537876426,0.3076285928355547,-0.7797688364099128,0.3464141389840094,-0.8894346582310104,0.24957483164518288,-0.30947657894194175,0.3382333665251058,-0.4717532959287893,0.39319877589438235,-0.5674167090748645,0.44101898662618866,-0.6445400561328891,0.0,0.0,0.0,0.0,0.0,0.0,0.0,0.0,0.0,0.0,0.0,0.0,0.0,0.0,0.0,0.0,0.0,0.0,0.0,0.0,0.0,0.0,0.0,0.0,0.0,0.0,0.0,0.0,0.0,0.0,0.0,0.0,0.0,0.0,0.0,0.0,0.0,0.0,0.0,0.0,0.0,0.0,thank you
0.0,0.0,-0.051823078697007474,-0.22671061709540355,-0.01136623526277846,-0.42023257128371133,0.08501102616158651,-0.523945741793457,0.17579388482663277,-0.546609291356572,-0.013215534928022906,-0.4760733366736549,0.07829862522950799,-0.7195288858723713,0.1424102638337369,-0.8597281938486729,0.19271231174024475,-0.9657686988652366,0.07483874521875727,-0.4335500567703637,0.16763652849166355,-0.7057036746797023,0.2293005190058497,-0.8707574556860868,0.27637329787282244,-1.0,0.1651432113209716,-0.37551860639429135,0.2517391811378827,-0.6294043535631064,0.3070294135112273,-0.7784129052475085,0.34634965726726236,-0.8894052264029768,0.24748623309737244,-0.30878880590020674,0.336867897593466,-0.4724489048840637,0.3925234826120043,-0.5683887924498874,0.44138963738749964,-0.645444097825794,0.0,0.0,0.0,0.0,0.0,0.0,0.0,0.0,0.0,0.0,0.0,0.0,0.0,0.0,0.0,0.0,0.0,0.0,0.0,0.0,0.0,0.0,0.0,0.0,0.0,0.0,0.0,0.0,0.0,0.0,0.0,0.0,0.0,0.0,0.0,0.0,0.0,0.0,0.0,0.0,0.0,0.0,thank you
0.0,0.0,-0.04469037035685205,-0.22735765623397894,-0.005112688539619824,-0.4193197025388509,0.08787189547317613,-0.52861355047962,0.17555084797654813,-0.5564251929969987,-0.012840972970454872,-0.4665224136817337,0.07891703644400944,-0.7181853611635458,0.14378777666064826,-0.8595608104133013,0.19412404011773002,-0.9670275232486073,0.07319658355271041,-0.4197084700162783,0.16635586079578948,-0.6979648899024431,0.22949143498902494,-0.8668667094254862,0.2777092878927626,-1.0,0.1626126231046985,-0.36052888705644426,0.24905383505068984,-0.6181321247523378,0.30638875354999456,-0.7676577635952755,0.3468418225438552,-0.878694941916602,0.24552215026115137,-0.2953564258173302,0.33730549319560865,-0.4600999461392556,0.3932463477108463,-0.5565041951588724,0.4425815169039413,-0.6358458982389722,0.0,0.0,0.0,0.0,0.0,0.0,0.0,0.0,0.0,0.0,0.0,0.0,0.0,0.0,0.0,0.0,0.0,0.0,0.0,0.0,0.0,0.0,0.0,0.0,0.0,0.0,0.0,0.0,0.0,0.0,0.0,0.0,0.0,0.0,0.0,0.0,0.0,0.0,0.0,0.0,0.0,0.0,thank you
0.0,0.0,-0.04837381912090259,-0.23010693814945632,-0.010543041288302912,-0.42521989033149427,0.08259859364904629,-0.5378434631162692,0.17051401252677803,-0.5727854998267553,-0.016851130826592415,-0.4729832452773293,0.0767025946116781,-0.7189264915598164,0.1429848931560841,-0.8624197625604847,0.19390386342999438,-0.9716999778188754,0.0714565653470911,-0.4267177203023012,0.1670311168800291,-0.6978421003543664,0.23007178179185794,-0.8656915992494179,0.2768407313102279,-1.0,0.16351753492802248,-0.3692287395853821,0.25118794661259436,-0.619313912204306,0.30691693482953636,-0.7701407269126629,0.34536602963185614,-0.8852448163098438,0.24853515176673383,-0.30580715372679135,0.33992186831757376,-0.46892274638082815,0.39524613557934535,-0.5636419473577642,0.4432511149760284,-0.6430450576443453,0.0,0.0,0.0,0.0,0.0,0.0,0.0,0.0,0.0,0.0,0.0,0.0,0.0,0.0,0.0,0.0,0.0,0.0,0.0,0.0,0.0,0.0,0.0,0.0,0.0,0.0,0.0,0.0,0.0,0.0,0.0,0.0,0.0,0.0,0.0,0.0,0.0,0.0,0.0,0.0,0.0,0.0,thank you
0.0,0.0,-0.05183809395942038,-0.2263700886121677,-0.015151676135759946,-0.4214615019057315,0.08048757459204983,-0.53157472534478,0.17074178159331901,-0.5637628006622248,-0.020491443043452223,-0.46999583694742963,0.07357688317759717,-0.7165183357835135,0.1406300408191651,-0.8594486804765391,0.19341303180340347,-0.9674122812948542,0.07043962221505305,-0.42558615973371916,0.16386151620113243,-0.6973847143527757,0.22547529793354185,-0.8658205173776052,0.2723720609911349,-1.0,0.1641728999766251,-0.3688916138155391,0.2508996202059697,-0.6170928563563342,0.3054657934237292,-0.7668309027932054,0.3441290575273979,-0.8814418650475515,0.24957174166278695,-0.3056004164984381,0.33929494213260336,-0.46585234396280106,0.39371647100641555,-0.5592706158033726,0.44181880482720914,-0.6383867253679617,0.0,0.0,0.0,0.0,0.0,0.0,0.0,0.0,0.0,0.0,0.0,0.0,0.0,0.0,0.0,0.0,0.0,0.0,0.0,0.0,0.0,0.0,0.0,0.0,0.0,0.0,0.0,0.0,0.0,0.0,0.0,0.0,0.0,0.0,0.0,0.0,0.0,0.0,0.0,0.0,0.0,0.0,thank you
0.0,0.0,-0.040341325478223874,-0.22672381640111583,-0.0032348703942688206,-0.4189852466459088,0.08305741546403177,-0.5329284234132786,0.16788544790925633,-0.5687838045564878,-0.013070439788417288,-0.47030299130480374,0.07538450355636744,-0.7132136716082836,0.14134907215094394,-0.8572636526020646,0.1927601200668733,-0.9685040139466324,0.06956359576214938,-0.4226873482928364,0.16405500959843852,-0.6947694170274273,0.22606437805574126,-0.8640856340391254,0.27121636226925916,-1.0,0.15733634096322804,-0.35890962691804923,0.2491813026469288,-0.6148644123741807,0.3072721726312829,-0.7699129765407251,0.3474183119855958,-0.8868723628126344,0.2403266686447434,-0.28643623264565377,0.33574408453775567,-0.45326483944809276,0.39521102861180724,-0.5539503741067375,0.44675935028521246,-0.637390892982475,0.0,0.0,0.0,0.0,0.0,0.0,0.0,0.0,0.0,0.0,0.0,0.0,0.0,0.0,0.0,0.0,0.0,0.0,0.0,0.0,0.0,0.0,0.0,0.0,0.0,0.0,0.0,0.0,0.0,0.0,0.0,0.0,0.0,0.0,0.0,0.0,0.0,0.0,0.0,0.0,0.0,0.0,thank you
0.0,0.0,-0.05033805309523724,-0.22919916490107317,-0.015961679773146543,-0.42373219668413803,0.07562611577767694,-0.519807874844729,0.16965620649285842,-0.5338733131585247,-0.013510333336906204,-0.4748144787003326,0.07190175558945813,-0.7163593402575563,0.13752097572710892,-0.8577423507820418,0.19051652988527512,-0.9655477627280533,0.07516283357212018,-0.4338324633393715,0.1637522762162349,-0.7017594005199718,0.2245369262118879,-0.8672380877520809,0.27181672127203715,-1.0,0.16640465616480937,-0.3741531403745083,0.2517038423840097,-0.6192877839985422,0.30670758794322944,-0.7667470562524638,0.3463939613725063,-0.8806520726817132,0.2513607277222593,-0.301845387602854,0.3408027763585542,-0.4528375141872732,0.39721470926957425,-0.5456416339451279,0.44688475468075806,-0.6254054910255449,0.0,0.0,0.0,0.0,0.0,0.0,0.0,0.0,0.0,0.0,0.0,0.0,0.0,0.0,0.0,0.0,0.0,0.0,0.0,0.0,0.0,0.0,0.0,0.0,0.0,0.0,0.0,0.0,0.0,0.0,0.0,0.0,0.0,0.0,0.0,0.0,0.0,0.0,0.0,0.0,0.0,0.0,thank you
0.0,0.0,-0.048747656567821325,-0.22924622324551963,-0.015325477481714828,-0.4191656954718774,0.07343465368410772,-0.5142386322795751,0.16501780866214086,-0.5276866377188981,-0.015151349921245507,-0.4717071755253223,0.06957326538604874,-0.7145199389688235,0.13558598369151376,-0.8564985021947896,0.18874016991246445,-0.9642214684465213,0.07317897420968135,-0.43142242658668256,0.1604376255875768,-0.6996073180515161,0.222528858472343,-0.8661690419451838,0.27034660985848846,-1.0,0.16381693302217168,-0.3736696844035758,0.24621506662127576,-0.6192345878736097,0.3004667661726454,-0.765100854114057,0.33899767482217413,-0.8770732914636956,0.24843095539963758,-0.304449415528812,0.3374364535158832,-0.4565790584167739,0.3934757757625815,-0.5492843819550269,0.4427222265948378,-0.6286109243530136,0.0,0.0,0.0,0.0,0.0,0.0,0.0,0.0,0.0,0.0,0.0,0.0,0.0,0.0,0.0,0.0,0.0,0.0,0.0,0.0,0.0,0.0,0.0,0.0,0.0,0.0,0.0,0.0,0.0,0.0,0.0,0.0,0.0,0.0,0.0,0.0,0.0,0.0,0.0,0.0,0.0,0.0,thank you
0.0,0.0,-0.04359260439910743,-0.2222858691329806,-0.00639779056284131,-0.4076030140330998,0.08627064213159459,-0.5047730542953777,0.17395651933837528,-0.5199984316411298,-0.01750471783692687,-0.46343078966869117,0.06853113447563684,-0.7071338056042381,0.13346884789192615,-0.8511054377971704,0.18450303672326215,-0.9618679989364857,0.06519291974132287,-0.42173726833645847,0.15871954170512162,-0.6936173826132107,0.22345610613613448,-0.8639875570676143,0.2726122084209735,-1.0,0.15369371714508573,-0.3598121495843153,0.24204742290332923,-0.6100941525734774,0.3005788775469011,-0.7620859915392143,0.34218006059062167,-0.8782041734122339,0.23861025771662725,-0.2855937421553056,0.33276677529175885,-0.44379892711260954,0.38955343069222625,-0.5413633771499393,0.4393697053387771,-0.6229386869124164,0.0,0.0,0.0,0.0,0.0,0.0,0.0,0.0,0.0,0.0,0.0,0.0,0.0,0.0,0.0,0.0,0.0,0.0,0.0,0.0,0.0,0.0,0.0,0.0,0.0,0.0,0.0,0.0,0.0,0.0,0.0,0.0,0.0,0.0,0.0,0.0,0.0,0.0,0.0,0.0,0.0,0.0,thank you
0.0,0.0,-0.048633972019499316,-0.21961182907412383,-0.011903053040745048,-0.4096905556540071,0.0826606340029578,-0.5112348086728223,0.1696018992471758,-0.5315819681622223,-0.01654049833854545,-0.4680108293123032,0.07138374015292161,-0.7090276344922832,0.13558365429916008,-0.8513294479994413,0.18699012954727495,-0.9616285553159607,0.06625969921155127,-0.42188251774913915,0.16087616334235472,-0.6922902457706103,0.22313435840692364,-0.863153107922091,0.27205257598819976,-1.0,0.15317639581177417,-0.3547964703958077,0.24713940225854084,-0.6043627087111995,0.3040844005717214,-0.7567408510805768,0.34489189455410985,-0.8726966611895273,0.2364398715423899,-0.2754224612458077,0.33049296301713865,-0.44092662915702024,0.3876376953065018,-0.5439229345334358,0.4386869015231877,-0.6314594206759243,0.0,0.0,0.0,0.0,0.0,0.0,0.0,0.0,0.0,0.0,0.0,0.0,0.0,0.0,0.0,0.0,0.0,0.0,0.0,0.0,0.0,0.0,0.0,0.0,0.0,0.0,0.0,0.0,0.0,0.0,0.0,0.0,0.0,0.0,0.0,0.0,0.0,0.0,0.0,0.0,0.0,0.0,thank you
0.0,0.0,-0.04680569380870634,-0.22130666376287886,-0.008662124291324473,-0.41449382518729544,0.08576346339178564,-0.5203760556132716,0.17629519840424485,-0.5473543421777367,-0.014234634959235664,-0.47131373834985313,0.07642614051963464,-0.7144162424367005,0.13952172169865248,-0.8558248979731365,0.19004762951531268,-0.9645709212063065,0.06906936242011093,-0.429960570213974,0.16220816762764084,-0.6982703370604899,0.22187195156047276,-0.8648955372147046,0.267664111740894,-1.0,0.15615311353138706,-0.36736666214647723,0.2493074262335646,-0.6140879589624151,0.30599592186848784,-0.7621100515958118,0.3453786194435911,-0.8752316785742341,0.23817044162854503,-0.2909683672011734,0.3307908211025987,-0.45145825914449794,0.3881476105214616,-0.5507019235405807,0.43854753409328356,-0.6343633856505643,0.0,0.0,0.0,0.0,0.0,0.0,0.0,0.0,0.0,0.0,0.0,0.0,0.0,0.0,0.0,0.0,0.0,0.0,0.0,0.0,0.0,0.0,0.0,0.0,0.0,0.0,0.0,0.0,0.0,0.0,0.0,0.0,0.0,0.0,0.0,0.0,0.0,0.0,0.0,0.0,0.0,0.0,thank you
0.0,0.0,-0.049821351635778055,-0.21393925161035146,-0.020033270885128265,-0.4049111304949712,0.06425017569075601,-0.5172594096084303,0.15094109327325123,-0.5491923080997853,-0.024031890962255623,-0.4561190265142954,0.057877854312634196,-0.7034408460701774,0.12130994233105435,-0.8486607332043169,0.17223774843908915,-0.9603208166176969,0.05653280473076054,-0.4113825538196406,0.14489830242117754,-0.686879564428184,0.20794568065600633,-0.8612343202621765,0.2565971216733529,-1.0,0.14422445332805967,-0.3510577201519946,0.22794043641936942,-0.6050690314583569,0.2809167172844389,-0.7576727861199005,0.3168392968131992,-0.8736931344643463,0.23026657320036162,-0.2822233621030625,0.3225086344502204,-0.45337683813142726,0.37756671834388067,-0.5552187658916262,0.42411527785625497,-0.641184076237428,0.0,0.0,0.0,0.0,0.0,0.0,0.0,0.0,0.0,0.0,0.0,0.0,0.0,0.0,0.0,0.0,0.0,0.0,0.0,0.0,0.0,0.0,0.0,0.0,0.0,0.0,0.0,0.0,0.0,0.0,0.0,0.0,0.0,0.0,0.0,0.0,0.0,0.0,0.0,0.0,0.0,0.0,thank you
0.0,0.0,-0.06179097040214122,-0.21236225751709048,-0.027706435949010285,-0.4079431632143495,0.07138260571083943,-0.5157587559040131,0.15974802415392297,-0.5446463687312133,-0.02965549542382179,-0.4601020778062575,0.05282424887907961,-0.7076778635733221,0.11215876488634674,-0.8548658050042292,0.1605143027623884,-0.9676109879604649,0.057540722585971094,-0.416838239933103,0.14154949533185981,-0.6905913262736468,0.1995287482797227,-0.8644165920812175,0.2448652596482561,-1.0,0.1473617068144902,-0.35790750121101106,0.22687738793736748,-0.6081694324769106,0.2778850667633337,-0.7621471627053505,0.3137347367160374,-0.876834240655967,0.2318315726890006,-0.2907296969852508,0.3196653225245918,-0.46148642651755994,0.37205467674826687,-0.5645264118036419,0.4172447974644155,-0.6503425584038821,0.0,0.0,0.0,0.0,0.0,0.0,0.0,0.0,0.0,0.0,0.0,0.0,0.0,0.0,0.0,0.0,0.0,0.0,0.0,0.0,0.0,0.0,0.0,0.0,0.0,0.0,0.0,0.0,0.0,0.0,0.0,0.0,0.0,0.0,0.0,0.0,0.0,0.0,0.0,0.0,0.0,0.0,thank you
0.0,0.0,-0.052889460491694726,-0.21151131615700133,-0.021047528607141878,-0.40341449594685425,0.06722989898083552,-0.5117897232794382,0.15394164998799467,-0.5436235546881816,-0.024476833885411914,-0.45635172847537414,0.05262536420985466,-0.7000117560751492,0.11170026494787032,-0.8475650385125698,0.15950688457362003,-0.961957257735539,0.055044498613780114,-0.41422780033448736,0.13827314887511394,-0.6851887161618201,0.19711375892817828,-0.8596812732784828,0.24450756584440606,-1.0,0.14079250070411828,-0.35420701326733317,0.22263337329568067,-0.6059959721941821,0.2749064706600766,-0.7607406078098556,0.313083390036664,-0.8772802839403705,0.22482351347960716,-0.2843352167978113,0.3112955734846087,-0.4560447412126454,0.36424994163503327,-0.5633781227334246,0.41168113536268947,-0.6537898179926938,0.0,0.0,0.0,0.0,0.0,0.0,0.0,0.0,0.0,0.0,0.0,0.0,0.0,0.0,0.0,0.0,0.0,0.0,0.0,0.0,0.0,0.0,0.0,0.0,0.0,0.0,0.0,0.0,0.0,0.0,0.0,0.0,0.0,0.0,0.0,0.0,0.0,0.0,0.0,0.0,0.0,0.0,thank you
0.0,0.0,-0.054355581634816005,-0.21494495732662905,-0.021420791779831784,-0.4090191677748403,0.068518670257679,-0.5203953140715107,0.15709447501052104,-0.5538663203069354,-0.02427318222543833,-0.45920575992985846,0.05297180075619306,-0.701594345909926,0.11125395996209747,-0.8476743007670289,0.1581514280837447,-0.9614720894007689,0.05498312817243299,-0.4155889536123296,0.13798335582703947,-0.6862071235871431,0.19663093885956806,-0.8601084114765166,0.24369022131619036,-1.0,0.14058187939507033,-0.35632713657356907,0.22071630087476746,-0.6075622608517255,0.2725095814106701,-0.7621230205865398,0.3109912593427655,-0.8792328431913832,0.22361987748756001,-0.28852569184400023,0.307210706825242,-0.4597320693101983,0.3595254464393519,-0.5648271775431424,0.4077058710740158,-0.6535078313803815,0.0,0.0,0.0,0.0,0.0,0.0,0.0,0.0,0.0,0.0,0.0,0.0,0.0,0.0,0.0,0.0,0.0,0.0,0.0,0.0,0.0,0.0,0.0,0.0,0.0,0.0,0.0,0.0,0.0,0.0,0.0,0.0,0.0,0.0,0.0,0.0,0.0,0.0,0.0,0.0,0.0,0.0,thank you
0.0,0.0,-0.05153343110850814,-0.20738671186670982,-0.018398328858962892,-0.3981788606306765,0.07127857309635643,-0.5064700849506244,0.1558219714200995,-0.5384291429774689,-0.022815401165730557,-0.453783221919156,0.055283389413883055,-0.7048536227052864,0.1135261251870119,-0.8526936569532003,0.1605217486326721,-0.9642398246185939,0.05537240615946767,-0.4168912037335465,0.13699973867957677,-0.6935687549995181,0.19563619449524539,-0.8665841573521386,0.2411444197448555,-1.0,0.14108171921417245,-0.36152115089034137,0.21978582366376145,-0.6168885025357495,0.2714090900626412,-0.7680137662862275,0.30758948587406565,-0.87911976149242,0.2259551957232672,-0.29658722075600386,0.3131525208826123,-0.46763647853028645,0.36434247013488186,-0.5720991642453088,0.4081528288600884,-0.6580653980450285,0.0,0.0,0.0,0.0,0.0,0.0,0.0,0.0,0.0,0.0,0.0,0.0,0.0,0.0,0.0,0.0,0.0,0.0,0.0,0.0,0.0,0.0,0.0,0.0,0.0,0.0,0.0,0.0,0.0,0.0,0.0,0.0,0.0,0.0,0.0,0.0,0.0,0.0,0.0,0.0,0.0,0.0,thank you
0.0,0.0,-0.05193276766949976,-0.2099941024448386,-0.0135616544573125,-0.4019041167838935,0.08743506160570594,-0.5019179405967269,0.17894860173292737,-0.52339355144843,-0.024277075591048664,-0.45390544895176477,0.06010555504524299,-0.6996825564555542,0.1238816298466908,-0.8465787676519553,0.17412085440641345,-0.9557887039787273,0.0633754766366976,-0.4141148489629973,0.14864400092400745,-0.6905929205743809,0.208051307217452,-0.865506199087709,0.2528747430469801,-1.0,0.15317097192898854,-0.3595100824599006,0.23298458538997419,-0.6148208818019637,0.28137135853192924,-0.7660771901139269,0.31416142240681755,-0.8793774020891401,0.23655397251108098,-0.29624945135797537,0.32513980855783753,-0.46640919353126226,0.3769636796711001,-0.5682784936662032,0.4225067402430954,-0.6534543550505668,0.0,0.0,0.0,0.0,0.0,0.0,0.0,0.0,0.0,0.0,0.0,0.0,0.0,0.0,0.0,0.0,0.0,0.0,0.0,0.0,0.0,0.0,0.0,0.0,0.0,0.0,0.0,0.0,0.0,0.0,0.0,0.0,0.0,0.0,0.0,0.0,0.0,0.0,0.0,0.0,0.0,0.0,thank you
0.0,0.0,-0.05254573748278702,-0.21242892665753985,-0.016212405685506758,-0.4050477775950097,0.08102185730053633,-0.5086514182010669,0.17376917570249883,-0.5329794934911755,-0.02479440096635102,-0.4566649709976484,0.061219695593016994,-0.7010334498262624,0.12300739689694573,-0.8458141986200767,0.17208779865630083,-0.955164414111626,0.06367253859683956,-0.4159352549624365,0.14708522910665625,-0.6882806697538661,0.20557378895071612,-0.8611545602644042,0.25078674300716847,-1.0,0.1535083017991656,-0.3621213721014428,0.23340556789852113,-0.6175965163919236,0.2839325309392811,-0.768041494269754,0.3186094298565039,-0.8825556530392713,0.23499868867817358,-0.30160001298298766,0.32047974143017627,-0.4743755293122002,0.3723348560962039,-0.5753549234274206,0.4186711992253484,-0.6601230138082489,0.0,0.0,0.0,0.0,0.0,0.0,0.0,0.0,0.0,0.0,0.0,0.0,0.0,0.0,0.0,0.0,0.0,0.0,0.0,0.0,0.0,0.0,0.0,0.0,0.0,0.0,0.0,0.0,0.0,0.0,0.0,0.0,0.0,0.0,0.0,0.0,0.0,0.0,0.0,0.0,0.0,0.0,thank you
0.0,0.0,-0.04471537973882572,-0.21675850194479931,-0.003251499936723193,-0.4032136325684638,0.09584758048641996,-0.49603666066672236,0.1852951216444783,-0.5107097722883914,-0.010604837427964637,-0.4569323838455991,0.0739921070821258,-0.7042147881352335,0.13604256781822557,-0.8504695020599019,0.18567922469426246,-0.9583546806179686,0.072228253755592,-0.4184666006060753,0.1585713814699054,-0.694633040917488,0.22060831814591256,-0.868191548864206,0.268045883878274,-1.0,0.15930819595553605,-0.36532454684033533,0.23906194750019102,-0.6167628849248585,0.293515637663382,-0.7702670873537797,0.3323789492970154,-0.8841884389226793,0.24183151706193448,-0.3024236497706734,0.3287349554703046,-0.47081616419354055,0.38248154459376194,-0.5693876088415369,0.429885053386474,-0.6498492511520624,0.0,0.0,0.0,0.0,0.0,0.0,0.0,0.0,0.0,0.0,0.0,0.0,0.0,0.0,0.0,0.0,0.0,0.0,0.0,0.0,0.0,0.0,0.0,0.0,0.0,0.0,0.0,0.0,0.0,0.0,0.0,0.0,0.0,0.0,0.0,0.0,0.0,0.0,0.0,0.0,0.0,0.0,thank you
0.0,0.0,-0.05076421272633701,-0.21856405401052081,-0.012779569660136008,-0.41403770679217267,0.08397913122733683,-0.5222781612536977,0.1746157820093265,-0.5479455337605041,-0.016912073794997307,-0.465539810562459,0.07062441316398409,-0.713294806771351,0.13447423421582994,-0.85606420133337,0.18415896331857487,-0.9630577151993965,0.06253265656490259,-0.42275843374203964,0.15387822489716865,-0.699090526944367,0.21759516073905,-0.8698791559775755,0.2649677068314587,-1.0,0.14897070436036347,-0.3643070129604821,0.23425452674007927,-0.6190036653924877,0.29058852531792273,-0.77423814443925,0.32966355389855545,-0.887467539865563,0.23316797161972633,-0.2973177419925121,0.3266519802155235,-0.47123963338217906,0.3839123448690398,-0.5717749064008831,0.43334691977386924,-0.653659892434677,0.0,0.0,0.0,0.0,0.0,0.0,0.0,0.0,0.0,0.0,0.0,0.0,0.0,0.0,0.0,0.0,0.0,0.0,0.0,0.0,0.0,0.0,0.0,0.0,0.0,0.0,0.0,0.0,0.0,0.0,0.0,0.0,0.0,0.0,0.0,0.0,0.0,0.0,0.0,0.0,0.0,0.0,thank you
0.0,0.0,-0.05152166852314013,-0.22146244386984798,-0.012526081390108624,-0.4187208511422621,0.08430048878799787,-0.5295337098496617,0.1743431211082494,-0.5623090230455348,-0.0176884869354861,-0.4632000328885136,0.07181931736460911,-0.7082948611113006,0.133688885182653,-0.8508722177983361,0.18050543098857846,-0.9607931119606444,0.060960457602361115,-0.41913176272496144,0.15304176860709545,-0.694237164760737,0.2156572705144539,-0.8651841766502854,0.26291366122220183,-1.0,0.14681506504346525,-0.361030540530904,0.2348988044986343,-0.6143297669689046,0.2920361672334155,-0.7695777742230819,0.33237788434504806,-0.8856130483229293,0.23042914249630442,-0.29457489550395705,0.32144810385444417,-0.4641592162558103,0.3785038298167498,-0.5641876429983024,0.429055111835559,-0.6470302626931056,0.0,0.0,0.0,0.0,0.0,0.0,0.0,0.0,0.0,0.0,0.0,0.0,0.0,0.0,0.0,0.0,0.0,0.0,0.0,0.0,0.0,0.0,0.0,0.0,0.0,0.0,0.0,0.0,0.0,0.0,0.0,0.0,0.0,0.0,0.0,0.0,0.0,0.0,0.0,0.0,0.0,0.0,thank you
0.0,0.0,-0.04383896635849653,-0.2176073736497613,-0.004477798116168634,-0.4150836081916979,0.09202345071260114,-0.5259126893186703,0.18186466621993116,-0.5576618521730974,-0.01599583820439406,-0.4673671324512725,0.07130014533407983,-0.714127381501476,0.13544517385456342,-0.8593767556366513,0.1853579057194714,-0.9682340120425191,0.06019789802247021,-0.421900675808306,0.1550755244065525,-0.6971320934972911,0.2185747203793577,-0.867297704727177,0.26568413866592405,-1.0,0.14396293062352478,-0.36011270885126123,0.23648523597207033,-0.6186569119747353,0.2949191089657493,-0.7724062508158724,0.3352300252666634,-0.8856722643977919,0.22696967323522557,-0.28852866407714794,0.32612106918695105,-0.4651535677437634,0.3843987781494127,-0.5670264724624312,0.4332141071720386,-0.6504826580568553,0.0,0.0,0.0,0.0,0.0,0.0,0.0,0.0,0.0,0.0,0.0,0.0,0.0,0.0,0.0,0.0,0.0,0.0,0.0,0.0,0.0,0.0,0.0,0.0,0.0,0.0,0.0,0.0,0.0,0.0,0.0,0.0,0.0,0.0,0.0,0.0,0.0,0.0,0.0,0.0,0.0,0.0,thank you
0.0,0.0,-0.039443767757082304,-0.21729055906202643,0.005739968360216277,-0.4110915305733454,0.10487652673115369,-0.5091277447445617,0.19736953167225899,-0.523767654077039,-0.007207411877327216,-0.4723535300905559,0.07711384208587187,-0.7123483569372758,0.14184587913610247,-0.8554789406213754,0.19483026115363417,-0.9621662617510647,0.07198942555585408,-0.4334137251272091,0.1594387014240764,-0.7002017472554104,0.22307592603878662,-0.8684091533148477,0.27288784128719956,-1.0,0.15645927415051417,-0.37565791036081314,0.2462068072936502,-0.6212022412038034,0.3040097374309972,-0.771687782268998,0.3440832679297592,-0.8847908053685962,0.2397169033832556,-0.30447631312875534,0.3414647405826722,-0.4596400099533606,0.3996636687365956,-0.5566127901446088,0.4482163446273837,-0.6396863451548088,0.0,0.0,0.0,0.0,0.0,0.0,0.0,0.0,0.0,0.0,0.0,0.0,0.0,0.0,0.0,0.0,0.0,0.0,0.0,0.0,0.0,0.0,0.0,0.0,0.0,0.0,0.0,0.0,0.0,0.0,0.0,0.0,0.0,0.0,0.0,0.0,0.0,0.0,0.0,0.0,0.0,0.0,thank you
0.0,0.0,-0.035941671392328935,-0.22175821938183218,0.011491748908357797,-0.4179368128237695,0.11123232569131651,-0.5119971151182705,0.20530030659452186,-0.5230029313325723,-0.004277553834156841,-0.48085703890476117,0.07866289068713689,-0.7205555217443979,0.14278837394179766,-0.8605621537871752,0.19571228385901468,-0.9652782794152805,0.07442875417133309,-0.44240180813223434,0.15998817304664253,-0.7065958111198767,0.2245895404456968,-0.8710884835468271,0.27590331247595695,-1.0,0.15882993550158284,-0.38400342939936405,0.24621250255716629,-0.6251813241827069,0.30379495801696993,-0.7726350690970506,0.34377557758779065,-0.8844625343617739,0.24250733686321818,-0.3124505511819085,0.3409973432013883,-0.4673692309238238,0.3990535024599039,-0.5633118351249139,0.4478032827663771,-0.6455379794414258,0.0,0.0,0.0,0.0,0.0,0.0,0.0,0.0,0.0,0.0,0.0,0.0,0.0,0.0,0.0,0.0,0.0,0.0,0.0,0.0,0.0,0.0,0.0,0.0,0.0,0.0,0.0,0.0,0.0,0.0,0.0,0.0,0.0,0.0,0.0,0.0,0.0,0.0,0.0,0.0,0.0,0.0,thank you
