0,1,2,3,4,5,6,7,8,9,10,11,12,13,14,15,16,17,18,19,20,21,22,23,24,25,26,27,28,29,30,31,32,33,34,35,36,37,38,39,40,41,42,43,44,45,46,47,48,49,50,51,52,53,54,55,56,57,58,59,60,61,62,63,64,65,66,67,68,69,70,71,72,73,74,75,76,77,78,79,80,81,82,83,84
0.0,0.0,-0.24385796973298343,0.00013124553460970822,-0.5082563002202491,-0.3432001195985799,-0.5783779210823208,-0.7213503745857653,-0.5345871096604247,-1.0,-0.5814307559568959,-0.7350222190288063,-0.6748439684709403,-0.9367509516025573,-0.5589417032251635,-0.6471885352245051,-0.4858422863261854,-0.49112977199202906,-0.40447874662542527,-0.8729693882103846,-0.4321344695971023,-0.8906542169798694,-0.3405378343501724,-0.5493917797995449,-0.3286492487714201,-0.47512361127448394,-0.21695727074186466,-0.917265480454266,-0.22773273194099108,-0.8220861028652088,-0.17009566148039168,-0.49751879302782,-0.1800439571137108,-0.46656599680259225,-0.0336915689375138,-0.9142103277777552,-0.05006307318517557,-0.7741415006492742,-0.0320835938446134,-0.5206435029404215,-0.04049518679455525,-0.4995262992293888,0.0,0.0,0.0,0.0,0.0,0.0,0.0,0.0,0.0,0.0,0.0,0.0,0.0,0.0,0.0,0.0,0.0,0.0,0.0,0.0,0.0,0.0,0.0,0.0,0.0,0.0,0.0,0.0,0.0,0.0,0.0,0.0,0.0,0.0,0.0,0.0,0.0,0.0,0.0,0.0,0.0,0.0,washroom
0.0,0.0,-0.28718989838115616,-0.06344711195020655,-0.516237770969016,-0.39637571209781863,-0.5727116797523484,-0.7354212350999078,-0.6063273485561603,-1.0,-0.5452686364669341,-0.8597395070847567,-0.6787437745606526,-0.9509167680721812,-0.6223288276396618,-0.6734902429969455,-0.5489687155469394,-0.5083220668769739,-0.3883198624736783,-0.9681265208975358,-0.4696507887408324,-0.8330831157818387,-0.4145285584298723,-0.5363496918427894,-0.37483063279115086,-0.4551153563651997,-0.22072654643779982,-0.9716402330860194,-0.2933687460056301,-0.7385385102441051,-0.25235914114788377,-0.4729953189021953,-0.2235081241446456,-0.43195223318794346,-0.06542100103020299,-0.9126404455264984,-0.1445173023436896,-0.6842675233025279,-0.12234556806791458,-0.4867615804504983,-0.09060986417142436,-0.46912872441195913,0.0,0.0,0.0,0.0,0.0,0.0,0.0,0.0,0.0,0.0,0.0,0.0,0.0,0.0,0.0,0.0,0.0,0.0,0.0,0.0,0.0,0.0,0.0,0.0,0.0,0.0,0.0,0.0,0.0,0.0,0.0,0.0,0.0,0.0,0.0,0.0,0.0,0.0,0.0,0.0,0.0,0.0,washroom
0.0,0.0,-0.28596093615067225,-0.06544832466000423,-0.5086038818706944,-0.39638321150011013,-0.562537258856575,-0.7342363330921985,-0.5931586508137349,-1.0,-0.5301596973605848,-0.8498892900635523,-0.671031530412757,-0.9265150517716669,-0.6151739616563298,-0.6445414913747122,-0.5404545045352807,-0.4828287437068637,-0.3716918607157278,-0.9549254705575494,-0.46459965111195234,-0.8321003394752838,-0.41426042507572,-0.5386965756013539,-0.3735087293853876,-0.44365170662790526,-0.20584834659379644,-0.9568306022145506,-0.2922539991783625,-0.7194122564740608,-0.2466364031161233,-0.4603680126723364,-0.21215167275954963,-0.41162103919844306,-0.05437322576000737,-0.8939413177224161,-0.14591044737605283,-0.6513547488859364,-0.11679773671414785,-0.46532804068190636,-0.07903320066516864,-0.451094827583679,0.0,0.0,0.0,0.0,0.0,0.0,0.0,0.0,0.0,0.0,0.0,0.0,0.0,0.0,0.0,0.0,0.0,0.0,0.0,0.0,0.0,0.0,0.0,0.0,0.0,0.0,0.0,0.0,0.0,0.0,0.0,0.0,0.0,0.0,0.0,0.0,0.0,0.0,0.0,0.0,0.0,0.0,washroom
0.0,0.0,-0.2797445859051335,-0.05123356087886268,-0.5130323229265358,-0.36880252997241175,-0.5654886373616927,-0.7223847992360749,-0.5736065872966931,-1.0,-0.5733393630095559,-0.8003180529627325,-0.709211389360736,-0.8904760392003702,-0.6372181141938453,-0.6122232998399769,-0.5529664698924188,-0.4582572616175603,-0.41847011915462445,-0.9265469576608345,-0.4878138873160653,-0.8397074734971437,-0.4262554402566848,-0.5366701486801051,-0.3895787511219994,-0.45323637265143174,-0.25109490324176076,-0.9435870219939915,-0.30318837817282124,-0.7123816411308633,-0.2640543468172591,-0.4510805142416841,-0.24850270307644295,-0.43493275478340815,-0.09527947362421538,-0.8949995421681793,-0.1582503474227183,-0.6361308414824283,-0.1326429104898302,-0.4458609200364023,-0.1116368390792784,-0.4545980330050025,0.0,0.0,0.0,0.0,0.0,0.0,0.0,0.0,0.0,0.0,0.0,0.0,0.0,0.0,0.0,0.0,0.0,0.0,0.0,0.0,0.0,0.0,0.0,0.0,0.0,0.0,0.0,0.0,0.0,0.0,0.0,0.0,0.0,0.0,0.0,0.0,0.0,0.0,0.0,0.0,0.0,0.0,washroom
0.0,0.0,-0.2874088265929394,-0.06555150061582515,-0.5305187285460805,-0.3905709992361158,-0.5950553974958117,-0.7356947380994843,-0.6061211781951388,-1.0,-0.5755945866275769,-0.8583240789474125,-0.7117914873925651,-0.9298243735597705,-0.6421977245419622,-0.6283678408444149,-0.5600080704714099,-0.485646639829784,-0.42045215384888207,-0.9607397664448403,-0.4829919499389863,-0.8530484934283543,-0.4315065582618105,-0.5399590386770315,-0.40433195602195354,-0.46406682832146573,-0.2513322802461159,-0.9618957979009414,-0.2998404308534256,-0.7391517907780476,-0.2661930562493789,-0.4656123302883922,-0.2548465489533315,-0.43973328631134956,-0.09111301236368113,-0.9045419154253409,-0.15436181877375008,-0.6788758756812806,-0.13112976896435308,-0.4779643005440876,-0.10730414468227203,-0.4748110616317008,0.0,0.0,0.0,0.0,0.0,0.0,0.0,0.0,0.0,0.0,0.0,0.0,0.0,0.0,0.0,0.0,0.0,0.0,0.0,0.0,0.0,0.0,0.0,0.0,0.0,0.0,0.0,0.0,0.0,0.0,0.0,0.0,0.0,0.0,0.0,0.0,0.0,0.0,0.0,0.0,0.0,0.0,washroom
0.0,0.0,-0.2843640747684977,-0.047060200157746354,-0.5385386901594111,-0.3727958494695847,-0.6089493765198097,-0.7238159471194915,-0.6161090278403214,-1.0,-0.5700968311540865,-0.8578297321859879,-0.7121405334446838,-0.9238522451563954,-0.6443399625011258,-0.6300936653102663,-0.5637528622230228,-0.47878714066990347,-0.4150598644691344,-0.9640089953631304,-0.4801155669453155,-0.8268873614602181,-0.4219844655318754,-0.5148303407921705,-0.39416597754980065,-0.4427633859245492,-0.24442872894099796,-0.9678028907429089,-0.2936668113129791,-0.7256100389999208,-0.25128271258231877,-0.4470055484142125,-0.23581988532003678,-0.4211094235707989,-0.0793071168714913,-0.9133913146712298,-0.13776094331229138,-0.689490421957856,-0.11977226393312428,-0.4679611829339185,-0.10112380632677512,-0.4477052408361103,0.0,0.0,0.0,0.0,0.0,0.0,0.0,0.0,0.0,0.0,0.0,0.0,0.0,0.0,0.0,0.0,0.0,0.0,0.0,0.0,0.0,0.0,0.0,0.0,0.0,0.0,0.0,0.0,0.0,0.0,0.0,0.0,0.0,0.0,0.0,0.0,0.0,0.0,0.0,0.0,0.0,0.0,washroom
0.0,0.0,-0.3280665176314936,-0.04785934802274819,-0.6093187111032511,-0.3642713987752242,-0.6922896845361173,-0.7095543414369412,-0.7010737669208578,-0.9666137423186825,-0.6603848903273924,-0.8622752659517109,-0.8113659383392786,-0.9817710978161942,-0.7301309201190033,-0.662508661149934,-0.6416901388568106,-0.5243655254274109,-0.49587891996685723,-0.9804370748586081,-0.5791886928810152,-0.9090668466277492,-0.5069095095603018,-0.5678377338706547,-0.4622217011263122,-0.5064118978221546,-0.31865934221923853,-1.0,-0.3849820855852977,-0.7842804099003169,-0.32767478073125006,-0.4894758450478613,-0.2957539092323251,-0.4845020804405648,-0.14839221216062704,-0.9589931067637945,-0.22899041283736332,-0.7280275400059839,-0.19347371814000652,-0.50348622313475,-0.15825661002101418,-0.5012801052160611,0.0,0.0,0.0,0.0,0.0,0.0,0.0,0.0,0.0,0.0,0.0,0.0,0.0,0.0,0.0,0.0,0.0,0.0,0.0,0.0,0.0,0.0,0.0,0.0,0.0,0.0,0.0,0.0,0.0,0.0,0.0,0.0,0.0,0.0,0.0,0.0,0.0,0.0,0.0,0.0,0.0,0.0,washroom
0.0,0.0,-0.31386434202988456,-0.055144975929659536,-0.5920010033264862,-0.34807199896185775,-0.6942952027067659,-0.6965356750614814,-0.704263188046172,-0.9815888007241675,-0.6022198202874515,-0.8127518207052404,-0.7175960360691124,-1.0,-0.6475408214616916,-0.730251955220621,-0.5816231417095797,-0.6079454279013385,-0.4504864709177747,-0.9236554000803927,-0.5132497649937173,-0.8641426306144346,-0.4410280614909368,-0.5689426932827767,-0.419767114312753,-0.5225807804424132,-0.2834017515485094,-0.9535577735647209,-0.34381300463049413,-0.7575340482166426,-0.27844762920597943,-0.4952567502983076,-0.2643678251869764,-0.4900264757919791,-0.12162643338007083,-0.9296971188387999,-0.19333776970333819,-0.727691811020133,-0.14768997528082065,-0.5361217316718837,-0.11899349262064447,-0.543323447771634,0.0,0.0,0.0,0.0,0.0,0.0,0.0,0.0,0.0,0.0,0.0,0.0,0.0,0.0,0.0,0.0,0.0,0.0,0.0,0.0,0.0,0.0,0.0,0.0,0.0,0.0,0.0,0.0,0.0,0.0,0.0,0.0,0.0,0.0,0.0,0.0,0.0,0.0,0.0,0.0,0.0,0.0,washroom
0.0,0.0,-0.30782131044002553,-0.0591906929197432,-0.5896438873045018,-0.36777014884556786,-0.6880400209659986,-0.7187060495370551,-0.6781002982120301,-0.9942221419176727,-0.6035363030823925,-0.8508870668437708,-0.7338482048677579,-1.0,-0.6706966799494732,-0.7307301636910576,-0.608116511049472,-0.5994798381320727,-0.4510892389733172,-0.9584566387988176,-0.5214771262257296,-0.8526971747991301,-0.4591329875896915,-0.5610345776197732,-0.44613585901993724,-0.4963801910380123,-0.27962830930708027,-0.9807297567423265,-0.3517713664361709,-0.7383205714211301,-0.2813993501842664,-0.48089050149106016,-0.26105028584078865,-0.45924571238817047,-0.11278095740386243,-0.9450497128569755,-0.20417024781549922,-0.7138747542029665,-0.15436826906798973,-0.521921921188681,-0.1151339349663372,-0.5156024143454311,0.0,0.0,0.0,0.0,0.0,0.0,0.0,0.0,0.0,0.0,0.0,0.0,0.0,0.0,0.0,0.0,0.0,0.0,0.0,0.0,0.0,0.0,0.0,0.0,0.0,0.0,0.0,0.0,0.0,0.0,0.0,0.0,0.0,0.0,0.0,0.0,0.0,0.0,0.0,0.0,0.0,0.0,washroom
0.0,0.0,-0.30454153652344146,-0.053592695023152684,-0.5592585371001458,-0.34161303261162157,-0.6381000827337848,-0.6874740555177911,-0.641361615893461,-0.9675623378663093,-0.5717551723043399,-0.7526222734848319,-0.6715233775500824,-1.0,-0.6540507607014935,-0.8343786701007851,-0.6093547300681451,-0.6766980521903018,-0.41275501854399255,-0.8662552924682576,-0.4925380886640699,-0.7964662327024762,-0.4334858707431984,-0.5435094377111886,-0.39174302812247896,-0.4587417291979357,-0.24259961341433303,-0.8903886591644259,-0.32330854342781695,-0.6838386332560135,-0.26430538041670293,-0.45383706267444895,-0.2328892146391393,-0.42111249115259664,-0.07697498570605886,-0.8622332020942737,-0.16878063097805185,-0.6497817468741923,-0.12687124899983634,-0.48182804151776715,-0.08926839342697188,-0.4813366679679272,0.0,0.0,0.0,0.0,0.0,0.0,0.0,0.0,0.0,0.0,0.0,0.0,0.0,0.0,0.0,0.0,0.0,0.0,0.0,0.0,0.0,0.0,0.0,0.0,0.0,0.0,0.0,0.0,0.0,0.0,0.0,0.0,0.0,0.0,0.0,0.0,0.0,0.0,0.0,0.0,0.0,0.0,washroom
0.0,0.0,-0.3047503936483999,-0.06515876946783336,-0.5867726745174573,-0.3326068189677336,-0.6803242332172718,-0.7035607828448972,-0.6031198637816366,-1.0,-0.5512584838725311,-0.7527374683459046,-0.6631819440029504,-0.9354987486211012,-0.5960485668076984,-0.6549631732373299,-0.5247183268074355,-0.545850900688895,-0.3855343556281659,-0.854531617954474,-0.47641148722295734,-0.8652449326752403,-0.4028622776820865,-0.5731298928832804,-0.34360268986912884,-0.5413731244717472,-0.21776251645848682,-0.8821210933938529,-0.30571593082958987,-0.741555553912787,-0.2466887947582543,-0.4900090927236034,-0.20257388967331083,-0.49777897699877693,-0.0530663505980088,-0.8619984114428683,-0.16017814181527562,-0.6615798340310992,-0.12061452683749817,-0.4720215991201332,-0.07443753660293546,-0.48094881379794113,0.0,0.0,0.0,0.0,0.0,0.0,0.0,0.0,0.0,0.0,0.0,0.0,0.0,0.0,0.0,0.0,0.0,0.0,0.0,0.0,0.0,0.0,0.0,0.0,0.0,0.0,0.0,0.0,0.0,0.0,0.0,0.0,0.0,0.0,0.0,0.0,0.0,0.0,0.0,0.0,0.0,0.0,washroom
0.0,0.0,-0.28403488749233846,-0.09327309815588312,-0.4778962167355804,-0.40264487341231664,-0.5114278707027433,-0.7447372395332685,-0.48667530174029405,-1.0,-0.4698528938504337,-0.7480332350774695,-0.597445571902553,-0.928054748442132,-0.5720918571031334,-0.6840837700299564,-0.5161995972449095,-0.5678573336637042,-0.31395882508591255,-0.8335330842651655,-0.454084699723658,-0.9104582969273413,-0.43472225085155314,-0.6286231236278078,-0.38672187056055485,-0.5518384167105922,-0.16372915708752625,-0.8361703013764095,-0.2986874491770949,-0.6941808325764673,-0.2753054422418323,-0.4558885579104524,-0.24150413503359308,-0.45258330749682285,-0.036833118297844414,-0.7825761938676394,-0.16564407370746284,-0.5685047538478172,-0.12809454438067466,-0.42135821939677603,-0.0809956725071904,-0.46167874076563853,0.0,0.0,0.0,0.0,0.0,0.0,0.0,0.0,0.0,0.0,0.0,0.0,0.0,0.0,0.0,0.0,0.0,0.0,0.0,0.0,0.0,0.0,0.0,0.0,0.0,0.0,0.0,0.0,0.0,0.0,0.0,0.0,0.0,0.0,0.0,0.0,0.0,0.0,0.0,0.0,0.0,0.0,washroom
0.0,0.0,-0.28080126784915493,-0.07246833855350014,-0.4720693320224243,-0.39588328468719686,-0.48569137451931815,-0.7465111170791575,-0.45504747056251743,-1.0,-0.44279142675611993,-0.7626277936043435,-0.5545739665102655,-0.9089861212003418,-0.5298519198394868,-0.6612365408022544,-0.4820390144403769,-0.543683078185296,-0.28729060483808067,-0.841445496441447,-0.41162262515435993,-0.8501385603301332,-0.39654731182841035,-0.5886805085056607,-0.3591358118901754,-0.5304649328320736,-0.13940902006036535,-0.8347845664071409,-0.27241934810663726,-0.6722446351877046,-0.2584465306373691,-0.4471406991299347,-0.23406345401200981,-0.4539584660509273,-0.014888964121875752,-0.7736607626573059,-0.15427057988752435,-0.5557612048783017,-0.1215262421418185,-0.41680456648302977,-0.07714561925484771,-0.4593697602461496,0.0,0.0,0.0,0.0,0.0,0.0,0.0,0.0,0.0,0.0,0.0,0.0,0.0,0.0,0.0,0.0,0.0,0.0,0.0,0.0,0.0,0.0,0.0,0.0,0.0,0.0,0.0,0.0,0.0,0.0,0.0,0.0,0.0,0.0,0.0,0.0,0.0,0.0,0.0,0.0,0.0,0.0,washroom
0.0,0.0,-0.29684669715899525,-0.08935092592021282,-0.47515850692776423,-0.4045168194074357,-0.47867990371029173,-0.7517053873404244,-0.4405597919070457,-1.0,-0.4644806093999699,-0.7605582405532691,-0.5916334433090376,-0.9087345624873843,-0.5512748866674365,-0.6458735311720742,-0.4997192578535081,-0.5628514234993076,-0.32299758570568526,-0.8340051459109928,-0.4538992307577041,-0.8509647040572309,-0.4256412335730586,-0.594987805125285,-0.3935154293591939,-0.5749898853496672,-0.18562564951921254,-0.830497411619111,-0.31075290900869373,-0.6837618213598498,-0.2961600468226776,-0.4523923902571457,-0.2777720973157172,-0.47607830105606647,-0.06662138946648415,-0.7773406270466191,-0.2061189447621096,-0.5704244098465129,-0.17591294084670422,-0.419900343148878,-0.13413392590346526,-0.4578529792603392,0.0,0.0,0.0,0.0,0.0,0.0,0.0,0.0,0.0,0.0,0.0,0.0,0.0,0.0,0.0,0.0,0.0,0.0,0.0,0.0,0.0,0.0,0.0,0.0,0.0,0.0,0.0,0.0,0.0,0.0,0.0,0.0,0.0,0.0,0.0,0.0,0.0,0.0,0.0,0.0,0.0,0.0,washroom
0.0,0.0,-0.2909023604215661,-0.09903623377754552,-0.45411505966379234,-0.4188258862468426,-0.46182693145196413,-0.7551058270185524,-0.45302804633742705,-1.0,-0.4252286386203292,-0.7599804024039718,-0.5642609528786691,-0.901299102865604,-0.5291494643323752,-0.6555548297186656,-0.4766923612925703,-0.5633050256946259,-0.29182736695409806,-0.8278882501524257,-0.4401550387596899,-0.834811863078129,-0.41564497866039546,-0.5935955056179776,-0.3831674070202944,-0.5617646546468078,-0.16774279243968296,-0.8188942600818744,-0.3124658130824841,-0.6656767703161746,-0.2929601080045292,-0.4498414772232384,-0.27031965856632695,-0.466949307551607,-0.06685872310774323,-0.7580781290828325,-0.21709302325581395,-0.5442487588189182,-0.1779239613274105,-0.4065364515286125,-0.1319615016113579,-0.4476156258165665,0.0,0.0,0.0,0.0,0.0,0.0,0.0,0.0,0.0,0.0,0.0,0.0,0.0,0.0,0.0,0.0,0.0,0.0,0.0,0.0,0.0,0.0,0.0,0.0,0.0,0.0,0.0,0.0,0.0,0.0,0.0,0.0,0.0,0.0,0.0,0.0,0.0,0.0,0.0,0.0,0.0,0.0,washroom
0.0,0.0,-0.31069752261283134,-0.1802227627773968,-0.44756838321815773,-0.508089266041899,-0.47757838715554113,-0.7878166237140781,-0.48182135851932684,-1.0,-0.2680295769369689,-0.8923426255882907,-0.5180805459356123,-0.87295315960326,-0.47878491715446975,-0.671352348800635,-0.404104371851732,-0.6560679779524612,-0.18969508559401374,-0.8955716416176452,-0.48775410475609693,-0.7828892438008814,-0.44281052325610304,-0.5902933328029243,-0.3591594341921289,-0.5934934174272839,-0.1450923522091162,-0.8339744201174525,-0.4365152303504904,-0.6479911433736459,-0.3898425453488472,-0.46313935579706245,-0.30533210314588344,-0.47824245331081505,-0.1391437841102395,-0.7271135634495095,-0.3777894507960431,-0.5132318232797455,-0.31854697443051466,-0.3867835013238378,-0.23109366587572425,-0.41731562671073885,0.0,0.0,0.0,0.0,0.0,0.0,0.0,0.0,0.0,0.0,0.0,0.0,0.0,0.0,0.0,0.0,0.0,0.0,0.0,0.0,0.0,0.0,0.0,0.0,0.0,0.0,0.0,0.0,0.0,0.0,0.0,0.0,0.0,0.0,0.0,0.0,0.0,0.0,0.0,0.0,0.0,0.0,washroom
0.0,0.0,-0.22207589706433112,-0.2680620864716408,-0.3567426387974357,-0.5888795599801238,-0.42969350862978456,-0.8153600618808549,-0.48140955187784407,-1.0,-0.16934107170395102,-0.9638124285542938,-0.5075067253816761,-0.9265982419766625,-0.4836899397102272,-0.7408254533972051,-0.38960949949452545,-0.6967945815086886,-0.13117272542573685,-0.9170850396669008,-0.49932268858606654,-0.7871562956671162,-0.45377661696778915,-0.6024713176852448,-0.3566461947435543,-0.5810729768167098,-0.12559218852119933,-0.8135349683129879,-0.46675690958002775,-0.6383847334447906,-0.4131834615582324,-0.4665287728840444,-0.31809990526941917,-0.46224704854269116,-0.1429051201022209,-0.6654634822178216,-0.4068847346687,-0.4883168064779072,-0.35768309071371046,-0.3484288676146252,-0.2690470886869167,-0.34119213662744446,0.0,0.0,0.0,0.0,0.0,0.0,0.0,0.0,0.0,0.0,0.0,0.0,0.0,0.0,0.0,0.0,0.0,0.0,0.0,0.0,0.0,0.0,0.0,0.0,0.0,0.0,0.0,0.0,0.0,0.0,0.0,0.0,0.0,0.0,0.0,0.0,0.0,0.0,0.0,0.0,0.0,0.0,washroom
0.0,0.0,-0.2479155083397057,-0.2143007978233142,-0.382314726068406,-0.5507832898820978,-0.43561838635675926,-0.8060047669657324,-0.47704487874148926,-1.0,-0.1664920170465979,-0.9393913647066656,-0.49251739415810686,-0.9118543615947722,-0.4631081868686342,-0.7258194744015332,-0.36632596326842726,-0.6804403853520892,-0.1265620955171939,-0.9061925339399116,-0.48370839525569154,-0.7745509417912443,-0.4343926093646977,-0.5871541353701006,-0.33300838069741595,-0.5672783626759601,-0.12354112911600461,-0.8090242427585,-0.4545540820063192,-0.6318028262929414,-0.4024304867184305,-0.45467283381057644,-0.3056353445119028,-0.45252188585815073,-0.14752154053386637,-0.6682879517599365,-0.4042127575212374,-0.47969865860148136,-0.3533884759075445,-0.3391839713882682,-0.26298754696037613,-0.34062886781831075,0.0,0.0,0.0,0.0,0.0,0.0,0.0,0.0,0.0,0.0,0.0,0.0,0.0,0.0,0.0,0.0,0.0,0.0,0.0,0.0,0.0,0.0,0.0,0.0,0.0,0.0,0.0,0.0,0.0,0.0,0.0,0.0,0.0,0.0,0.0,0.0,0.0,0.0,0.0,0.0,0.0,0.0,washroom
0.0,0.0,-0.23267628096731588,-0.22627900933068945,-0.3670474651211637,-0.5685114277678918,-0.4252362423568649,-0.8153538587819704,-0.47053486561355884,-1.0,-0.1512139253941526,-0.9406766084848398,-0.4819252537879385,-0.9239711804921612,-0.4564958574627462,-0.7346670687741029,-0.35963204118176867,-0.6851925970868231,-0.10900332450629531,-0.8921465468006776,-0.47476665647836275,-0.7811013234454234,-0.42782790276391225,-0.5916695612638311,-0.3234347434047684,-0.5647683703511202,-0.10494037807931315,-0.785998829277422,-0.44439042326554296,-0.6243221429817419,-0.39523889199397655,-0.4464745332239574,-0.2957895181169573,-0.43676292664370314,-0.12874591810943053,-0.6373801242634034,-0.39494849990362646,-0.4684629612771556,-0.34291237329674357,-0.32821273585457406,-0.2463679374583928,-0.3247849903397588,0.0,0.0,0.0,0.0,0.0,0.0,0.0,0.0,0.0,0.0,0.0,0.0,0.0,0.0,0.0,0.0,0.0,0.0,0.0,0.0,0.0,0.0,0.0,0.0,0.0,0.0,0.0,0.0,0.0,0.0,0.0,0.0,0.0,0.0,0.0,0.0,0.0,0.0,0.0,0.0,0.0,0.0,washroom
0.0,0.0,-0.20530959407610658,-0.25224513615689204,-0.3278039565997507,-0.588273025347527,-0.393445937817548,-0.8190811617424602,-0.44738858785376606,-1.0,-0.12714000138217355,-0.9483686512801742,-0.470054186322113,-0.9253221872128471,-0.4437498880183471,-0.7444673384712649,-0.3422645633739368,-0.7112833993278541,-0.09449203842442454,-0.8954759412217902,-0.4718162016335244,-0.8036284615128657,-0.4307093365822944,-0.6302849581124629,-0.3299289204456742,-0.6129581329394992,-0.09503927676489483,-0.7902971417163012,-0.4476839634594268,-0.6629963986700419,-0.4068479020397298,-0.49757223776456466,-0.31208966722892123,-0.49205838915352107,-0.1204139353808272,-0.6418547745137436,-0.40106836895842984,-0.5162464261855337,-0.35667602619986744,-0.3898978471367251,-0.2621926903496131,-0.38099972100571045,0.0,0.0,0.0,0.0,0.0,0.0,0.0,0.0,0.0,0.0,0.0,0.0,0.0,0.0,0.0,0.0,0.0,0.0,0.0,0.0,0.0,0.0,0.0,0.0,0.0,0.0,0.0,0.0,0.0,0.0,0.0,0.0,0.0,0.0,0.0,0.0,0.0,0.0,0.0,0.0,0.0,0.0,washroom
0.0,0.0,-0.13466554549128298,-0.2662395246978337,-0.27450802307117694,-0.6135899314640727,-0.39028128712022564,-0.8310537347794319,-0.46493911772749724,-1.0,-0.12637561688457472,-0.9348495393520314,-0.4793259477265584,-0.920296880166217,-0.4512732620080741,-0.744096480951584,-0.35102773276294896,-0.7171928639363869,-0.11206022099673035,-0.8732161881941864,-0.4849646503198207,-0.7961699070540165,-0.4342219396606267,-0.6307846322776052,-0.33343147019564784,-0.6160523673264457,-0.12114204775064188,-0.7614371114494594,-0.463089484490634,-0.6499162179924157,-0.4135917683412183,-0.49107583853441694,-0.3171271445540675,-0.48506669905013045,-0.15073056686028713,-0.6088660957380368,-0.423369567435842,-0.502735926459603,-0.37219927259665037,-0.38127242520848553,-0.27612090325372174,-0.36889085276000994,0.0,0.0,0.0,0.0,0.0,0.0,0.0,0.0,0.0,0.0,0.0,0.0,0.0,0.0,0.0,0.0,0.0,0.0,0.0,0.0,0.0,0.0,0.0,0.0,0.0,0.0,0.0,0.0,0.0,0.0,0.0,0.0,0.0,0.0,0.0,0.0,0.0,0.0,0.0,0.0,0.0,0.0,washroom
0.0,0.0,-0.14149840629052143,-0.2557713313112443,-0.2565078722418409,-0.5868334587107144,-0.3336161899459952,-0.8172430177246438,-0.3942592063931163,-1.0,-0.043809199047361205,-0.9097995321319052,-0.38440803286574365,-0.9257646341445438,-0.3828705835182875,-0.7375624573442565,-0.30065070123708415,-0.6849565322925782,-0.05383038135524514,-0.8458968675636513,-0.42379159871638455,-0.8036998038020056,-0.4005460917880354,-0.6266759499977643,-0.3106311010918396,-0.5949128066238566,-0.10040443418277123,-0.7408687841768012,-0.436440546799339,-0.6531968284026692,-0.4010934610986989,-0.4820874130117645,-0.30963659886133427,-0.462611089191225,-0.16039837086383624,-0.6002803670813865,-0.4195069843636144,-0.49313110477700106,-0.38802145648389413,-0.3551719275212278,-0.3085909957257041,-0.33488192005754747,0.0,0.0,0.0,0.0,0.0,0.0,0.0,0.0,0.0,0.0,0.0,0.0,0.0,0.0,0.0,0.0,0.0,0.0,0.0,0.0,0.0,0.0,0.0,0.0,0.0,0.0,0.0,0.0,0.0,0.0,0.0,0.0,0.0,0.0,0.0,0.0,0.0,0.0,0.0,0.0,0.0,0.0,washroom
0.0,0.0,-0.022376164493392154,-0.3017842569391225,-0.13932827974056566,-0.6203686960448604,-0.2872807709934108,-0.8261605228488027,-0.38432706944241135,-1.0,-0.04015463113652259,-0.8646886663471097,-0.38847413454114393,-0.8887946482816158,-0.3908947308497824,-0.7265003630894463,-0.3168613189666637,-0.6674555131712012,-0.10636320234367301,-0.7727940283027984,-0.44940618849843617,-0.7553748240762268,-0.41694484389067327,-0.6084274065080554,-0.3338327607140089,-0.5612784001484887,-0.18845777398901833,-0.6492828624651621,-0.4814432111841117,-0.6140253942558197,-0.43312552561861545,-0.45978557152383714,-0.3487227766631554,-0.40993085514022715,-0.2661177749266406,-0.5033763969854487,-0.4714565770854681,-0.47022044648042427,-0.43750747466745504,-0.33786884195036915,-0.37189544172055605,-0.29445262472050726,0.0,0.0,0.0,0.0,0.0,0.0,0.0,0.0,0.0,0.0,0.0,0.0,0.0,0.0,0.0,0.0,0.0,0.0,0.0,0.0,0.0,0.0,0.0,0.0,0.0,0.0,0.0,0.0,0.0,0.0,0.0,0.0,0.0,0.0,0.0,0.0,0.0,0.0,0.0,0.0,0.0,0.0,washroom
0.0,0.0,-0.035779976471760365,-0.28514530795553394,-0.15068228062982109,-0.6018204688020907,-0.29489573234519834,-0.8164361422883704,-0.39743181983652853,-1.0,-0.03073232603855719,-0.8655288297574752,-0.3808446982905623,-0.89481075861329,-0.3785833623923698,-0.7285673639558098,-0.3050504286048214,-0.6557572337840997,-0.09704392959921522,-0.7869367496541655,-0.44918867808846463,-0.7749628299797289,-0.4136304763510536,-0.6155824772094128,-0.32874008959124473,-0.5627521909236175,-0.1813868249521963,-0.6744667826473485,-0.4876419262500814,-0.641733215053475,-0.4343977881921958,-0.4753997693159567,-0.34606198963071394,-0.428143070090396,-0.2626301429704594,-0.5370344646559091,-0.48305219513877445,-0.4912789360943889,-0.4438081260561842,-0.34602845997325293,-0.37392130301996834,-0.30812845115974297,0.0,0.0,0.0,0.0,0.0,0.0,0.0,0.0,0.0,0.0,0.0,0.0,0.0,0.0,0.0,0.0,0.0,0.0,0.0,0.0,0.0,0.0,0.0,0.0,0.0,0.0,0.0,0.0,0.0,0.0,0.0,0.0,0.0,0.0,0.0,0.0,0.0,0.0,0.0,0.0,0.0,0.0,washroom
0.0,0.0,-0.044221869631643616,-0.2889752623243352,-0.1510745034398486,-0.6046897334231909,-0.288464386555911,-0.819463064260839,-0.3875607780555943,-1.0,-0.023014977488179666,-0.8694806482285057,-0.3771464380284537,-0.9042428739101679,-0.38291513721524945,-0.7367074611500446,-0.31051019556555975,-0.657547284953382,-0.0822042046185292,-0.800276036935498,-0.444682381443294,-0.785849464834718,-0.41558754813882504,-0.6221675701465235,-0.3308193164105936,-0.5616410931294205,-0.16448945468474044,-0.6948585829299956,-0.48262612335985483,-0.6530232122845602,-0.43369011018803993,-0.4805406503221798,-0.34467471107056696,-0.423781821795533,-0.2473825456085669,-0.5623266025410643,-0.4781290658402604,-0.5017267986903442,-0.4441917670367903,-0.3502494800789807,-0.37489260272148683,-0.30296090859665464,0.0,0.0,0.0,0.0,0.0,0.0,0.0,0.0,0.0,0.0,0.0,0.0,0.0,0.0,0.0,0.0,0.0,0.0,0.0,0.0,0.0,0.0,0.0,0.0,0.0,0.0,0.0,0.0,0.0,0.0,0.0,0.0,0.0,0.0,0.0,0.0,0.0,0.0,0.0,0.0,0.0,0.0,washroom
0.0,0.0,-0.09227513817163883,-0.2668582621540042,-0.20423619322496195,-0.6085903470629791,-0.31247048623572476,-0.8291346658758552,-0.39250898162874426,-1.0,-0.0463125266804429,-0.8830475771324521,-0.39251700937262707,-0.8983715957643734,-0.3773969898793761,-0.7369355551609893,-0.28918105679109357,-0.7059385471483565,-0.067655464343595,-0.8455259022239684,-0.42949940878027404,-0.7946115894177336,-0.38569767705425245,-0.6346970423902655,-0.29461395051887557,-0.6153430963291489,-0.11481940409584937,-0.7597055423543767,-0.434839747343289,-0.6542507376079968,-0.3799299791845323,-0.49357497157234226,-0.2900017755480588,-0.4908398720094293,-0.1725601325238849,-0.6373688644425723,-0.4113302632722217,-0.5051103673117825,-0.36911896927546306,-0.3721213454876524,-0.2961226941486247,-0.363627520239359,0.0,0.0,0.0,0.0,0.0,0.0,0.0,0.0,0.0,0.0,0.0,0.0,0.0,0.0,0.0,0.0,0.0,0.0,0.0,0.0,0.0,0.0,0.0,0.0,0.0,0.0,0.0,0.0,0.0,0.0,0.0,0.0,0.0,0.0,0.0,0.0,0.0,0.0,0.0,0.0,0.0,0.0,washroom
0.0,0.0,-0.07979307665609668,-0.2516219808478079,-0.22560619685424457,-0.5922207037720668,-0.3672450581349488,-0.8268163227475666,-0.45669064634704276,-1.0,-0.12936948822313724,-0.886549095240349,-0.4835327038667235,-0.9698321422373672,-0.4743130492056731,-0.7700647411929891,-0.3838637062804676,-0.7000099586666035,-0.14447905327590832,-0.8606447299919542,-0.5147585467051604,-0.8020187499013993,-0.44441239923012604,-0.6079199007682964,-0.3380119346238188,-0.5904813881395239,-0.18131428762995566,-0.7758767570637513,-0.49978899458879583,-0.6074515476359506,-0.40078111442409325,-0.42784995346048876,-0.28043851657279883,-0.437973776168615,-0.22969467319797435,-0.6520298917759162,-0.474241070724281,-0.5009776255383596,-0.39675771451559466,-0.3584449492798208,-0.29728789026141006,-0.3524194629813684,0.0,0.0,0.0,0.0,0.0,0.0,0.0,0.0,0.0,0.0,0.0,0.0,0.0,0.0,0.0,0.0,0.0,0.0,0.0,0.0,0.0,0.0,0.0,0.0,0.0,0.0,0.0,0.0,0.0,0.0,0.0,0.0,0.0,0.0,0.0,0.0,0.0,0.0,0.0,0.0,0.0,0.0,washroom
0.0,0.0,-0.25376076647633794,-0.10960176134714023,-0.4079759024484661,-0.4465755346946676,-0.4246656343753024,-0.7586276976676667,-0.40870173231394563,-0.9962048775766961,-0.3108318010258395,-0.83227039581922,-0.47788348011226167,-1.0,-0.5284181747798317,-0.8034680150972612,-0.5091081970386141,-0.6609479338043163,-0.20426304074324977,-0.8892073937868964,-0.43052937191522306,-0.8067236039872254,-0.4100169360301945,-0.5774044324010452,-0.3417874770153876,-0.5356600212910094,-0.11560485822123294,-0.8717182812348785,-0.3520081292944934,-0.6594217555405013,-0.31687360882609117,-0.45289267395722443,-0.2518121552308139,-0.44837752830736477,-0.058889964192393306,-0.8034026904093681,-0.2762343946578922,-0.5614845640181941,-0.23799912900416142,-0.40745911158424464,-0.1704011419723217,-0.4247682183296235,0.0,0.0,0.0,0.0,0.0,0.0,0.0,0.0,0.0,0.0,0.0,0.0,0.0,0.0,0.0,0.0,0.0,0.0,0.0,0.0,0.0,0.0,0.0,0.0,0.0,0.0,0.0,0.0,0.0,0.0,0.0,0.0,0.0,0.0,0.0,0.0,0.0,0.0,0.0,0.0,0.0,0.0,washroom
0.0,0.0,-0.2636883786314607,-0.1405116018350382,-0.4160658880730386,-0.463010168066799,-0.4360724516997155,-0.7651786181297737,-0.441867236069767,-1.0,-0.2277245183857922,-0.8505775112005188,-0.48617727068850036,-0.8824634059297599,-0.4911490558884943,-0.6785665187459122,-0.4361937260431098,-0.6144003562318118,-0.148607358575369,-0.872354587664918,-0.43951395835290924,-0.7521369974231517,-0.40659399155060355,-0.5402554445005557,-0.333145712975105,-0.5422865583128239,-0.10250829595198277,-0.8324784726468496,-0.37994372315011493,-0.6403178869010285,-0.33836884156617947,-0.4405350698091225,-0.2656630211845911,-0.4609008276742497,-0.08789242317710082,-0.755323920531052,-0.3275731106082186,-0.5536395957953908,-0.27945126599768283,-0.4165370990714181,-0.20522025874020028,-0.4401587490412615,0.0,0.0,0.0,0.0,0.0,0.0,0.0,0.0,0.0,0.0,0.0,0.0,0.0,0.0,0.0,0.0,0.0,0.0,0.0,0.0,0.0,0.0,0.0,0.0,0.0,0.0,0.0,0.0,0.0,0.0,0.0,0.0,0.0,0.0,0.0,0.0,0.0,0.0,0.0,0.0,0.0,0.0,washroom
0.0,0.0,-0.26824857149812387,-0.09117448128353477,-0.4371862510602489,-0.42701406712180795,-0.45253593390443175,-0.748915885093605,-0.4581845484568934,-1.0,-0.35412670099239774,-0.8495289082193213,-0.5409032914611601,-0.9617470323771483,-0.5623278363476939,-0.7223630053455158,-0.5294714578857457,-0.5646342505371053,-0.23520985648394985,-0.9160311537751065,-0.45002474908437934,-0.8342789854259635,-0.4317214050224651,-0.5802302309230383,-0.3774108877833078,-0.5099519003812362,-0.126090499072327,-0.8972523981791165,-0.3360123759741521,-0.6631422888583297,-0.2907599758857523,-0.4309385988820192,-0.22405248237850872,-0.40857802787267183,-0.036524588943245125,-0.8231865269516813,-0.23027531387423647,-0.5663912684657525,-0.1794649901886706,-0.39400828724403075,-0.10569267126390257,-0.39457438973340203,0.0,0.0,0.0,0.0,0.0,0.0,0.0,0.0,0.0,0.0,0.0,0.0,0.0,0.0,0.0,0.0,0.0,0.0,0.0,0.0,0.0,0.0,0.0,0.0,0.0,0.0,0.0,0.0,0.0,0.0,0.0,0.0,0.0,0.0,0.0,0.0,0.0,0.0,0.0,0.0,0.0,0.0,washroom
0.0,0.0,-0.2643652328675075,-0.10256794428251019,-0.40749089687360956,-0.44068620774197065,-0.42545969653218557,-0.7595081133600298,-0.4517956541084384,-1.0,-0.3289211546668846,-0.8250810427960446,-0.4914262624061311,-0.9637663788171837,-0.5077801084202784,-0.7392474143488881,-0.47338754347253625,-0.6069406230987859,-0.21788162757543564,-0.8872206634158744,-0.4258033906308171,-0.7933885423193222,-0.39841410371661806,-0.5585124447229108,-0.33837069928355445,-0.5335612520090441,-0.11744349705340199,-0.870507232558773,-0.33246206652319593,-0.6641700037229744,-0.2825079226710979,-0.43974774578441256,-0.21686734406639607,-0.43818228045801666,-0.04180900233366931,-0.7990333887239278,-0.23707219846177596,-0.5637922580293661,-0.17610122858154675,-0.4124692400592044,-0.09806269125645846,-0.43611285152596546,0.0,0.0,0.0,0.0,0.0,0.0,0.0,0.0,0.0,0.0,0.0,0.0,0.0,0.0,0.0,0.0,0.0,0.0,0.0,0.0,0.0,0.0,0.0,0.0,0.0,0.0,0.0,0.0,0.0,0.0,0.0,0.0,0.0,0.0,0.0,0.0,0.0,0.0,0.0,0.0,0.0,0.0,washroom
0.0,0.0,-0.29613892599624614,-0.017385989907457048,-0.588022436210725,-0.3191779050124059,-0.6867214242906242,-0.6732052956724099,-0.6846929436122852,-0.9557960046483753,-0.5631647852989701,-0.8136759782272787,-0.7217575163379333,-1.0,-0.7324103721563505,-0.8028449083604604,-0.7053633048881991,-0.6528326160341302,-0.41157621192957927,-0.9425928613672424,-0.5644572074006716,-0.8847236497447244,-0.48914572775014886,-0.5980483340195315,-0.4090165447801056,-0.5602758417775198,-0.25001406953013694,-0.9746116562848345,-0.3909285593689742,-0.7534643132538923,-0.31842555540087303,-0.4971046387981363,-0.2543869782302407,-0.5079495313612296,-0.08878416550901586,-0.9430544406892786,-0.23200902029665482,-0.6975717471986825,-0.1892351803417563,-0.5120030370438386,-0.13627055755820094,-0.5393936970479657,0.0,0.0,0.0,0.0,0.0,0.0,0.0,0.0,0.0,0.0,0.0,0.0,0.0,0.0,0.0,0.0,0.0,0.0,0.0,0.0,0.0,0.0,0.0,0.0,0.0,0.0,0.0,0.0,0.0,0.0,0.0,0.0,0.0,0.0,0.0,0.0,0.0,0.0,0.0,0.0,0.0,0.0,washroom
0.0,0.0,-0.29172944388661387,0.02469277041361974,-0.6262692915460918,-0.2774902935777755,-0.742996615903517,-0.6799398564440327,-0.7623292757543225,-0.9932292533843519,-0.6732482729667586,-0.7736393899433192,-0.8604108720100594,-0.9960076241763203,-0.794190651395161,-0.7337799836770716,-0.7130790783572065,-0.5557431069335673,-0.49739732030222955,-0.9271499942287519,-0.6491014728429577,-0.9473508949520476,-0.5340406602307887,-0.6144132070672764,-0.461498624604312,-0.5583565119597627,-0.2997954015920473,-0.9900407664626131,-0.4128224876428895,-0.8372860424661718,-0.3109752796501704,-0.5174347874495271,-0.25477353724395835,-0.5012441380972859,-0.09351362780658862,-1.0,-0.21462352565038903,-0.8062214055083244,-0.1555422879270596,-0.5672095044796122,-0.10297541039703123,-0.565287117041934,0.0,0.0,0.0,0.0,0.0,0.0,0.0,0.0,0.0,0.0,0.0,0.0,0.0,0.0,0.0,0.0,0.0,0.0,0.0,0.0,0.0,0.0,0.0,0.0,0.0,0.0,0.0,0.0,0.0,0.0,0.0,0.0,0.0,0.0,0.0,0.0,0.0,0.0,0.0,0.0,0.0,0.0,washroom
0.0,0.0,-0.31467792303481235,0.0352358294054255,-0.6481458619124185,-0.26566215844662905,-0.759311514774721,-0.6762280870453559,-0.7635272423750714,-1.0,-0.6839856947588929,-0.6990788947524004,-0.8484157943948677,-0.9627155758617009,-0.7448169077679859,-0.6686450894471057,-0.6531741413732028,-0.4998305544092497,-0.49639491594367424,-0.8569028297167726,-0.6188536624594646,-0.951532166872182,-0.5087110773148997,-0.6062507470115848,-0.45063427739202333,-0.5199810535728426,-0.29662126967622365,-0.9331612153060768,-0.37337053102625006,-0.8758472894361864,-0.28244833876920034,-0.545031456873023,-0.2452381854123332,-0.49953937359727824,-0.08636904905363776,-0.9654375262222585,-0.15882585272448344,-0.8581683841579931,-0.11244104449311668,-0.6045149749077886,-0.07754066325283397,-0.5752075278109646,0.0,0.0,0.0,0.0,0.0,0.0,0.0,0.0,0.0,0.0,0.0,0.0,0.0,0.0,0.0,0.0,0.0,0.0,0.0,0.0,0.0,0.0,0.0,0.0,0.0,0.0,0.0,0.0,0.0,0.0,0.0,0.0,0.0,0.0,0.0,0.0,0.0,0.0,0.0,0.0,0.0,0.0,washroom
0.0,0.0,-0.3265296810750399,0.025389348978324015,-0.6697283770361193,-0.2631894301047072,-0.7918727208274691,-0.6739105473824708,-0.7937554746520165,-1.0,-0.7063861706090846,-0.6914640303767664,-0.8768473425092721,-0.9826189983147975,-0.7706038700995127,-0.6977355309992535,-0.6769791102070327,-0.5368189934010857,-0.5160505390291609,-0.8439209614429064,-0.6511856335103106,-0.9830446861968323,-0.5272863926787701,-0.6341180062965706,-0.4594205129413629,-0.5452435019923095,-0.3126915658144051,-0.9265976708003685,-0.403971281862036,-0.927248486902702,-0.30266308132844705,-0.5824884339750073,-0.25412914738578,-0.5133911179145405,-0.09744993404094125,-0.9688410509526835,-0.1896908322674423,-0.9276591328101066,-0.1424886144787028,-0.6592170451645316,-0.1001905818185647,-0.5961961854555136,0.0,0.0,0.0,0.0,0.0,0.0,0.0,0.0,0.0,0.0,0.0,0.0,0.0,0.0,0.0,0.0,0.0,0.0,0.0,0.0,0.0,0.0,0.0,0.0,0.0,0.0,0.0,0.0,0.0,0.0,0.0,0.0,0.0,0.0,0.0,0.0,0.0,0.0,0.0,0.0,0.0,0.0,washroom
0.0,0.0,-0.2747558642095121,0.035391347851138344,-0.591613566487066,-0.22805155017339976,-0.7167069615938385,-0.5834964249247278,-0.6983358769369807,-0.8818687657539499,-0.6364611007472045,-0.5860606739975374,-0.7764645639446255,-0.8820170638802902,-0.6763136051754302,-0.646541011628754,-0.5839347767393517,-0.4704352419156803,-0.45175927375790503,-0.7107741641983025,-0.5704488068325309,-0.9940754898527007,-0.4615569820284479,-0.6645993617074174,-0.3975323191776956,-0.5044661725431253,-0.2518163249194501,-0.7852534087850938,-0.316397105743979,-0.9784487928750601,-0.22873982794800318,-0.6439872306589802,-0.19826979703656727,-0.5024057009289133,-0.04518425824112316,-0.8239064430738015,-0.11260363967219135,-1.0,-0.06958060853699972,-0.7556278048518785,-0.04788502882435788,-0.6440269222163242,0.0,0.0,0.0,0.0,0.0,0.0,0.0,0.0,0.0,0.0,0.0,0.0,0.0,0.0,0.0,0.0,0.0,0.0,0.0,0.0,0.0,0.0,0.0,0.0,0.0,0.0,0.0,0.0,0.0,0.0,0.0,0.0,0.0,0.0,0.0,0.0,0.0,0.0,0.0,0.0,0.0,0.0,washroom
0.0,0.0,-0.2841442785688847,0.07451388085325183,-0.6368078652540354,-0.24197020363267327,-0.7603688233591129,-0.6689846821872402,-0.758195036580221,-0.9923669827542346,-0.6668068431960429,-0.6281640461610016,-0.8072331089158126,-0.9388890364694605,-0.6789067491396928,-0.6573368230385379,-0.5785762236893232,-0.46479280363114245,-0.4625847981705612,-0.7682782915332625,-0.541965386002488,-1.0,-0.41456383112360196,-0.6247831503609396,-0.37231816710333004,-0.4773208933417199,-0.2550178770099536,-0.8454922965192847,-0.2909763085156341,-0.9639555715442846,-0.19705998489875548,-0.5917648240056659,-0.19049675170159147,-0.47072299121705496,-0.0462217847834025,-0.8909257008863989,-0.08418200916790522,-0.9910900856322509,-0.03710835930876462,-0.7084086557055824,-0.03422408463900867,-0.6043194782191338,0.0,0.0,0.0,0.0,0.0,0.0,0.0,0.0,0.0,0.0,0.0,0.0,0.0,0.0,0.0,0.0,0.0,0.0,0.0,0.0,0.0,0.0,0.0,0.0,0.0,0.0,0.0,0.0,0.0,0.0,0.0,0.0,0.0,0.0,0.0,0.0,0.0,0.0,0.0,0.0,0.0,0.0,washroom
0.0,0.0,-0.2691696038761819,0.06427514980547432,-0.6236047049356247,-0.22644472208041225,-0.7456389170654284,-0.631454720981045,-0.7130268784157717,-0.9347367549617291,-0.6838687222014762,-0.6442870514570621,-0.8132700299588694,-0.9503575613987689,-0.6718344344067223,-0.6596728514603558,-0.5668275066128942,-0.4644808694525908,-0.48773537919489823,-0.8039601254613893,-0.5417423501622568,-1.0,-0.40599408834194506,-0.6194947628727222,-0.3709750140981606,-0.48616822454864744,-0.28348318702550845,-0.8842940482395214,-0.28045347339954163,-0.9311097333166574,-0.1949280448577432,-0.5827278282779503,-0.21014738197046665,-0.5075956482861667,-0.07631566883142606,-0.9272494855896102,-0.06990061631327425,-0.9210044566655703,-0.026216124913040942,-0.6591739078765878,-0.04416607655423597,-0.6074894057942438,0.0,0.0,0.0,0.0,0.0,0.0,0.0,0.0,0.0,0.0,0.0,0.0,0.0,0.0,0.0,0.0,0.0,0.0,0.0,0.0,0.0,0.0,0.0,0.0,0.0,0.0,0.0,0.0,0.0,0.0,0.0,0.0,0.0,0.0,0.0,0.0,0.0,0.0,0.0,0.0,0.0,0.0,washroom
0.0,0.0,-0.2663748402604266,0.0787792215017238,-0.6049765115331562,-0.22060546411606952,-0.725339564199355,-0.6421600390083629,-0.7064710685247999,-0.983299135565515,-0.6638138528776031,-0.5836217236002231,-0.8116189779612567,-0.8864740465122367,-0.6709119350209687,-0.6133353295666701,-0.5650780249071016,-0.41333033898332816,-0.46614339173133973,-0.7258423041114226,-0.5662446760293283,-0.9868240418489048,-0.42990848415530697,-0.6195199713327803,-0.3841014741037812,-0.46175208745465524,-0.2601251572851881,-0.8044431736183039,-0.30900383047724705,-0.971786841549797,-0.2156026088478952,-0.6082576155483669,-0.20653570066971993,-0.47495668010033526,-0.0501132289728725,-0.8450366603343528,-0.10048498652542498,-1.0,-0.05734466604816158,-0.7286394851681499,-0.051873023197213125,-0.6113836842286112,0.0,0.0,0.0,0.0,0.0,0.0,0.0,0.0,0.0,0.0,0.0,0.0,0.0,0.0,0.0,0.0,0.0,0.0,0.0,0.0,0.0,0.0,0.0,0.0,0.0,0.0,0.0,0.0,0.0,0.0,0.0,0.0,0.0,0.0,0.0,0.0,0.0,0.0,0.0,0.0,0.0,0.0,washroom
0.0,0.0,-0.2591163879422106,0.06454087068223194,-0.5799661911831594,-0.21979288561197285,-0.7011377864214641,-0.6195184519708612,-0.6996791643507104,-0.9503716559855339,-0.6508120733970363,-0.5808272869820753,-0.7780790486708483,-0.8781780880765966,-0.6511636269462161,-0.6276148947003398,-0.5670451637287016,-0.4556520361989219,-0.45994871679129157,-0.7216988873081518,-0.5293107293454639,-0.9410120687300577,-0.39473495960959576,-0.5892400896518931,-0.36576985445530047,-0.45616387368401723,-0.2603470166339532,-0.802286513464807,-0.2969950396138496,-0.9601967934796954,-0.1906330679913745,-0.6111186556347454,-0.1839657918122069,-0.49073968167380805,-0.0585250588058426,-0.8453845303432027,-0.09857691582339081,-1.0,-0.03980129382417197,-0.7344278800708922,-0.03416802117431127,-0.6212819578051583,0.0,0.0,0.0,0.0,0.0,0.0,0.0,0.0,0.0,0.0,0.0,0.0,0.0,0.0,0.0,0.0,0.0,0.0,0.0,0.0,0.0,0.0,0.0,0.0,0.0,0.0,0.0,0.0,0.0,0.0,0.0,0.0,0.0,0.0,0.0,0.0,0.0,0.0,0.0,0.0,0.0,0.0,washroom
0.0,0.0,-0.2670075712766906,0.027079190352173144,-0.5677532052633602,-0.2352372419192509,-0.6884965778307018,-0.6073026678404154,-0.703380896529617,-0.9246339094230657,-0.6361581545624135,-0.5824625065258368,-0.7694076238192387,-0.882602483157837,-0.6516246208111032,-0.65042076953189,-0.5654324516658936,-0.4901495783348565,-0.45495726626495997,-0.71566719520191,-0.525143736334926,-0.9589175488752051,-0.4058344618661635,-0.6139742280294342,-0.37528888139228794,-0.47405618395564036,-0.26256496449459704,-0.7908321463369672,-0.2934243822052421,-0.9644319042232938,-0.20444686093726502,-0.6260418481990556,-0.19567621102550142,-0.5015928825744953,-0.06516917916822311,-0.8249221097773547,-0.10664495306062208,-1.0,-0.06140798355657075,-0.7456395842421615,-0.05580332070396565,-0.6239994805452633,0.0,0.0,0.0,0.0,0.0,0.0,0.0,0.0,0.0,0.0,0.0,0.0,0.0,0.0,0.0,0.0,0.0,0.0,0.0,0.0,0.0,0.0,0.0,0.0,0.0,0.0,0.0,0.0,0.0,0.0,0.0,0.0,0.0,0.0,0.0,0.0,0.0,0.0,0.0,0.0,0.0,0.0,washroom
0.0,0.0,-0.25984426502340296,0.08090736905978727,-0.5885722428252039,-0.13053813548088733,-0.729484118684957,-0.4749942560392592,-0.6785094127315626,-0.7893807421197278,-0.6789600927281457,-0.5486977410033373,-0.8399025588608695,-0.8788786463104625,-0.7021553844477109,-0.6442087620439074,-0.5887143690332767,-0.4325110387142954,-0.47605026112929216,-0.6921483738699862,-0.5754439787090522,-0.9850465555382091,-0.4269393967957536,-0.6397737615873362,-0.3739782377528447,-0.45806724557935946,-0.26799590264133827,-0.7785563217442789,-0.3250017673725356,-0.9757770547914942,-0.215193070721412,-0.6253140768276841,-0.19537346054488094,-0.4654555991834739,-0.05631143460574337,-0.8242270690777556,-0.11577689278234513,-1.0,-0.05833102593030072,-0.7392219731536112,-0.04754894885518444,-0.5997103718257253,0.0,0.0,0.0,0.0,0.0,0.0,0.0,0.0,0.0,0.0,0.0,0.0,0.0,0.0,0.0,0.0,0.0,0.0,0.0,0.0,0.0,0.0,0.0,0.0,0.0,0.0,0.0,0.0,0.0,0.0,0.0,0.0,0.0,0.0,0.0,0.0,0.0,0.0,0.0,0.0,0.0,0.0,washroom
0.0,0.0,-0.2513507939781398,0.11385764621483327,-0.6026016466519664,-0.15136471878068083,-0.7445725878804864,-0.579536180691058,-0.7200860870071016,-0.9283701106757407,-0.6956841925289028,-0.5400947944152729,-0.8508646597324675,-0.8761566839933513,-0.6980722080330247,-0.6202107051766775,-0.5841496969152156,-0.41350423825160887,-0.4987991179783302,-0.6938753783051577,-0.5846100967156855,-1.0,-0.4224580625488029,-0.6246169357326297,-0.3711753062134584,-0.42640600846416477,-0.29381650635517415,-0.7846287806279557,-0.3176515379856275,-0.9683891118619928,-0.19833360654148446,-0.5881935300784548,-0.19042572880477604,-0.4137654604967453,-0.08760992221499543,-0.8370635940444149,-0.11054495331665883,-0.9971778479305805,-0.04209344423821636,-0.7186315620631974,-0.040231751017480034,-0.5743455783464032,0.0,0.0,0.0,0.0,0.0,0.0,0.0,0.0,0.0,0.0,0.0,0.0,0.0,0.0,0.0,0.0,0.0,0.0,0.0,0.0,0.0,0.0,0.0,0.0,0.0,0.0,0.0,0.0,0.0,0.0,0.0,0.0,0.0,0.0,0.0,0.0,0.0,0.0,0.0,0.0,0.0,0.0,washroom
0.0,0.0,-0.22621721267706496,0.04929609697027654,-0.5388537454228255,-0.27142202614791316,-0.6466046137510347,-0.6700963068506665,-0.6405274565985316,-0.9973105929356941,-0.6267314070495211,-0.6543049465806908,-0.7660143503200031,-0.9078685800216958,-0.6231490960783164,-0.6359297171223172,-0.5207112969724156,-0.4615622719866774,-0.4293611089309737,-0.8095060213998098,-0.5114019440674423,-1.0,-0.38748758042544507,-0.6112385726938127,-0.3475426740277893,-0.4697083489896911,-0.22593189865784447,-0.8726947405805087,-0.24834178920830394,-0.9097059771399613,-0.17153915588887977,-0.5398046872972505,-0.173392596022559,-0.4531088611393655,-0.020660887301434262,-0.8894260328123705,-0.04942160997321918,-0.9242967850898102,-0.018289037571641107,-0.6486694442054595,-0.02176879907177,-0.562711282187676,0.0,0.0,0.0,0.0,0.0,0.0,0.0,0.0,0.0,0.0,0.0,0.0,0.0,0.0,0.0,0.0,0.0,0.0,0.0,0.0,0.0,0.0,0.0,0.0,0.0,0.0,0.0,0.0,0.0,0.0,0.0,0.0,0.0,0.0,0.0,0.0,0.0,0.0,0.0,0.0,0.0,0.0,washroom
0.0,0.0,-0.22361481257129665,0.07639151801175006,-0.5524488805418979,-0.24188506143768781,-0.6656549112290889,-0.6636443304663654,-0.6340870244149486,-0.9870390621799797,-0.6404961191043342,-0.6443984270363066,-0.7967578725765349,-0.9353844525845536,-0.649030303632141,-0.6478638006089773,-0.5402330275206582,-0.47306057623201214,-0.45057893802607457,-0.8109666179666912,-0.5232236197777345,-1.0,-0.3897609646319014,-0.5987257529359631,-0.3572717297263078,-0.4755893959010095,-0.2531997373428681,-0.8796760975803518,-0.26521388061016893,-0.901214354783252,-0.18449584353777806,-0.5207078336620685,-0.1944776834534696,-0.4523114696510607,-0.05674095378301989,-0.9022731758300822,-0.06060726428198155,-0.8517932928093266,-0.02340950307405665,-0.5727383992065669,-0.036635146155784476,-0.5271653386923995,0.0,0.0,0.0,0.0,0.0,0.0,0.0,0.0,0.0,0.0,0.0,0.0,0.0,0.0,0.0,0.0,0.0,0.0,0.0,0.0,0.0,0.0,0.0,0.0,0.0,0.0,0.0,0.0,0.0,0.0,0.0,0.0,0.0,0.0,0.0,0.0,0.0,0.0,0.0,0.0,0.0,0.0,washroom
0.0,0.0,-0.24150465350365657,0.03357600309545087,-0.5156071035640372,-0.3067352219071998,-0.608537000139075,-0.7030573085274989,-0.6614356117302166,-1.0,-0.6113397050784397,-0.6245532044388324,-0.7437911286691351,-0.8773791114899336,-0.6139201654579078,-0.6160029852924774,-0.5198256192622968,-0.4477142821734802,-0.4223183660205418,-0.7504053140409266,-0.47145038672481193,-0.9484129617874301,-0.37886886607080156,-0.5888293880563515,-0.36579581866275973,-0.46473733419440477,-0.23043979361824884,-0.8015210120251657,-0.23896990885769875,-0.8834666020404088,-0.18192824006818806,-0.5221207694013029,-0.19975296980145327,-0.43985971328524004,-0.04227025434196195,-0.8123515099273367,-0.05517338242725759,-0.8897073504565377,-0.029784075777959232,-0.6135602229055103,-0.04344289044610019,-0.5234677311639474,0.0,0.0,0.0,0.0,0.0,0.0,0.0,0.0,0.0,0.0,0.0,0.0,0.0,0.0,0.0,0.0,0.0,0.0,0.0,0.0,0.0,0.0,0.0,0.0,0.0,0.0,0.0,0.0,0.0,0.0,0.0,0.0,0.0,0.0,0.0,0.0,0.0,0.0,0.0,0.0,0.0,0.0,washroom
0.0,0.0,-0.22440453988383866,0.014342297903868746,-0.47556805639077715,-0.331573151453793,-0.5633056504959313,-0.719539871151743,-0.6208674294036899,-1.0,-0.5890078075243526,-0.6766038157150216,-0.7047187692682444,-0.8708230252190395,-0.5903386643728734,-0.6107468276381794,-0.4901618088488659,-0.4552218052457835,-0.41241211143166706,-0.8245108561888015,-0.4401944142073092,-0.9047446505644406,-0.36586536143737614,-0.5445211579596404,-0.3508737474848201,-0.46739362660394257,-0.22591250599456492,-0.8657972327312126,-0.20553453757482104,-0.7893901909887416,-0.17333287660457694,-0.4500777707576876,-0.19564762868967056,-0.43713103294283023,-0.04601186987290254,-0.8542926159647,-0.029970287257013957,-0.7247689079361697,-0.0247049659102731,-0.48145630501361303,-0.05290060821046061,-0.47938884617629224,0.0,0.0,0.0,0.0,0.0,0.0,0.0,0.0,0.0,0.0,0.0,0.0,0.0,0.0,0.0,0.0,0.0,0.0,0.0,0.0,0.0,0.0,0.0,0.0,0.0,0.0,0.0,0.0,0.0,0.0,0.0,0.0,0.0,0.0,0.0,0.0,0.0,0.0,0.0,0.0,0.0,0.0,washroom
0.0,0.0,-0.22903582768969782,0.011587315837596281,-0.47970750426191033,-0.33823536553188804,-0.5766577931603483,-0.7219095251003514,-0.6435561198118845,-1.0,-0.6061511715257197,-0.6749658169326622,-0.7183575492188231,-0.8758473235601492,-0.5859945862438696,-0.6155504722125686,-0.4924794761514193,-0.46631070537340014,-0.42835987395379144,-0.8330607445651693,-0.4368810797827375,-0.8808778159395135,-0.35725386417147603,-0.5383971631011392,-0.3599810385302097,-0.48241724622130955,-0.24003542263544755,-0.8772780254769535,-0.2089853310095115,-0.7855928192460662,-0.1771296135000485,-0.4573205680023579,-0.2092854173123399,-0.457341237847283,-0.0627576337410564,-0.865992290147843,-0.03393042206453649,-0.7173081187788903,-0.030975879411626637,-0.47758025347455735,-0.06538345114937412,-0.47805765218204455,0.0,0.0,0.0,0.0,0.0,0.0,0.0,0.0,0.0,0.0,0.0,0.0,0.0,0.0,0.0,0.0,0.0,0.0,0.0,0.0,0.0,0.0,0.0,0.0,0.0,0.0,0.0,0.0,0.0,0.0,0.0,0.0,0.0,0.0,0.0,0.0,0.0,0.0,0.0,0.0,0.0,0.0,washroom
0.0,0.0,-0.22494012546631562,0.0013533040915890784,-0.4638738966429482,-0.3473397151985444,-0.5470657593383182,-0.7269079782429084,-0.5967863058993051,-1.0,-0.5678661203440445,-0.676428637279333,-0.6856776563325039,-0.851295459747733,-0.5679383308369301,-0.595339525441521,-0.4698409604790103,-0.44880480533955697,-0.39106468763177976,-0.8213455151733758,-0.40152188871802186,-0.8719650706862438,-0.3390023244066909,-0.5386912116909022,-0.3317868837000937,-0.460183917087398,-0.20907508290477342,-0.8492790576834477,-0.18294096044395666,-0.7487071342214289,-0.165871474903991,-0.43614296415660425,-0.19620291989788174,-0.4246495775510898,-0.040228488955708915,-0.8210652029202484,-0.01487559522536743,-0.6411013478941469,-0.019770718832087586,-0.42145408797271144,-0.05673361093477184,-0.4308353760840483,0.0,0.0,0.0,0.0,0.0,0.0,0.0,0.0,0.0,0.0,0.0,0.0,0.0,0.0,0.0,0.0,0.0,0.0,0.0,0.0,0.0,0.0,0.0,0.0,0.0,0.0,0.0,0.0,0.0,0.0,0.0,0.0,0.0,0.0,0.0,0.0,0.0,0.0,0.0,0.0,0.0,0.0,washroom
0.0,0.0,-0.218749446300783,-0.00909988124086612,-0.448955317710022,-0.3584109701132434,-0.5269428600816748,-0.7255458237445093,-0.5668170274043433,-1.0,-0.552397721831178,-0.6836255292789243,-0.6651471050821591,-0.8722287713733651,-0.555017280017746,-0.6210092524433524,-0.46293626608489036,-0.4571446585657643,-0.37855146992328864,-0.8241987440203361,-0.38370981811973065,-0.8712916534258248,-0.323818259176565,-0.548076049106131,-0.31786212389009916,-0.4494795054778542,-0.1979441622671788,-0.8533196986219477,-0.169832464711095,-0.7571456250225794,-0.15065105823569627,-0.4501350853507928,-0.17756549988483056,-0.4165467991755663,-0.02829693511231954,-0.8260589432807205,-0.0005057790665914057,-0.6644358388879672,-0.00911253722296918,-0.43927326129241506,-0.04606570387625119,-0.42774826377183706,0.0,0.0,0.0,0.0,0.0,0.0,0.0,0.0,0.0,0.0,0.0,0.0,0.0,0.0,0.0,0.0,0.0,0.0,0.0,0.0,0.0,0.0,0.0,0.0,0.0,0.0,0.0,0.0,0.0,0.0,0.0,0.0,0.0,0.0,0.0,0.0,0.0,0.0,0.0,0.0,0.0,0.0,washroom
0.0,0.0,-0.2221661636472745,-0.00927077381942381,-0.4601995329586146,-0.35682875790976826,-0.547708901506321,-0.7261802282411347,-0.5997359757103221,-1.0,-0.5681451516562294,-0.6804624113336984,-0.6714400736540085,-0.886026963324006,-0.5514243092095115,-0.6350554295590757,-0.4687565458051523,-0.4757109019855638,-0.3961419792821425,-0.8230473580521493,-0.4008541471089897,-0.878374619893866,-0.33028529329962397,-0.5597252310212535,-0.3299169304705882,-0.47024507494490214,-0.2167082234681917,-0.8622028421929465,-0.18658203600259524,-0.7748296379907339,-0.16008310896371974,-0.46830931436032797,-0.1894152750415394,-0.4349940512186709,-0.045211897933804646,-0.8464728447237012,-0.01329980025363219,-0.6923332978424562,-0.018201252758371846,-0.45729577609849487,-0.0564717846367184,-0.4357029408946995,0.0,0.0,0.0,0.0,0.0,0.0,0.0,0.0,0.0,0.0,0.0,0.0,0.0,0.0,0.0,0.0,0.0,0.0,0.0,0.0,0.0,0.0,0.0,0.0,0.0,0.0,0.0,0.0,0.0,0.0,0.0,0.0,0.0,0.0,0.0,0.0,0.0,0.0,0.0,0.0,0.0,0.0,washroom
0.0,0.0,-0.22872122020742208,-0.009385525080039762,-0.463529668894642,-0.35444445866967106,-0.540364867917247,-0.729392219065238,-0.5925365722954974,-1.0,-0.5625789309559321,-0.6606112925335546,-0.669303414023899,-0.8767469975373084,-0.5524732537797697,-0.6394648835548353,-0.4683393704178894,-0.4794738363027986,-0.39463603284442245,-0.7907626662179624,-0.3992246591051459,-0.8788979661075847,-0.3365977180094722,-0.5643164407751489,-0.3413879868571099,-0.46091494523643395,-0.21901814234594918,-0.8279149699273629,-0.1952629538215614,-0.7972111138443868,-0.17357151544691954,-0.48003738389547873,-0.20568298310317426,-0.42221465744993913,-0.0495729840999562,-0.8166337301866725,-0.02884334885813598,-0.7163990749131931,-0.033486615230279494,-0.4717163121994222,-0.06858134152218663,-0.43116214715976586,0.0,0.0,0.0,0.0,0.0,0.0,0.0,0.0,0.0,0.0,0.0,0.0,0.0,0.0,0.0,0.0,0.0,0.0,0.0,0.0,0.0,0.0,0.0,0.0,0.0,0.0,0.0,0.0,0.0,0.0,0.0,0.0,0.0,0.0,0.0,0.0,0.0,0.0,0.0,0.0,0.0,0.0,washroom
0.0,0.0,-0.23916925206434062,-0.017944489523173117,-0.4721571762684359,-0.3581468664980192,-0.5579929358980478,-0.7303014175934323,-0.6209522218509856,-1.0,-0.5689866832132118,-0.6802357882678631,-0.665360841964584,-0.897387356212114,-0.5548150446279414,-0.6425998759009116,-0.4722182712042385,-0.4782201326905637,-0.39388119898811513,-0.806218080282564,-0.3919619588563792,-0.8805219321273448,-0.3332900577538065,-0.5504878048780488,-0.3392246193499117,-0.45481766980096416,-0.21351295880864876,-0.8427176507087967,-0.1872946398739917,-0.7893375017898907,-0.1655904252780297,-0.464785451768412,-0.19832657152403227,-0.41667557634480457,-0.03857238317980049,-0.8315487327573863,-0.01690563696243616,-0.7096644551572717,-0.022320891604219368,-0.4603968784306238,-0.057871939286907544,-0.4266514724834137,0.0,0.0,0.0,0.0,0.0,0.0,0.0,0.0,0.0,0.0,0.0,0.0,0.0,0.0,0.0,0.0,0.0,0.0,0.0,0.0,0.0,0.0,0.0,0.0,0.0,0.0,0.0,0.0,0.0,0.0,0.0,0.0,0.0,0.0,0.0,0.0,0.0,0.0,0.0,0.0,0.0,0.0,washroom
0.0,0.0,-0.2266993011709817,-0.006392239283342076,-0.461357747501645,-0.3548392420586144,-0.5427392652835511,-0.7308272885113581,-0.5943361770127661,-1.0,-0.5527207259957363,-0.6952467332607644,-0.6549989463867524,-0.9038989908992212,-0.5507390720214617,-0.6352766458311956,-0.4641724854581041,-0.4680386839904125,-0.37946198034802003,-0.8277211983876009,-0.38677317129933597,-0.8922103418658067,-0.3312076895349774,-0.5475830159936338,-0.32843576582853584,-0.4581146278592564,-0.20065388601507206,-0.858741318454066,-0.17538749886087784,-0.7799024648331165,-0.15849189554949458,-0.45102061757283385,-0.1858131275187755,-0.4197626272737297,-0.02925911495052084,-0.837872959356839,-0.004390732891461571,-0.6854934557581698,-0.012648381872494379,-0.4403823527793743,-0.04721694219669632,-0.4279786579335164,0.0,0.0,0.0,0.0,0.0,0.0,0.0,0.0,0.0,0.0,0.0,0.0,0.0,0.0,0.0,0.0,0.0,0.0,0.0,0.0,0.0,0.0,0.0,0.0,0.0,0.0,0.0,0.0,0.0,0.0,0.0,0.0,0.0,0.0,0.0,0.0,0.0,0.0,0.0,0.0,0.0,0.0,washroom
0.0,0.0,-0.27555458733963034,-0.03764232554241973,-0.5179713145930785,-0.3726675659516484,-0.5947683424047041,-0.7278579968960974,-0.6385074130706888,-1.0,-0.5630179792923238,-0.6647791481467104,-0.6868806030209593,-0.9155663365896294,-0.5948223648330575,-0.6924906437551266,-0.5089862540559222,-0.4965151136537667,-0.3901575155813875,-0.7534696532777732,-0.43968201142335656,-0.9428824634026316,-0.37104061142333145,-0.6476241375727623,-0.3415720049243328,-0.4815883397990642,-0.2109894936427537,-0.7817487612845629,-0.23121348068139116,-0.9023283289719645,-0.19075872239218347,-0.6014110909553012,-0.18663367026996264,-0.45937607612991366,-0.029785454322968943,-0.7699927270735409,-0.06197930388206426,-0.8810967608277593,-0.05252588145443956,-0.644436563032804,-0.0550410652117296,-0.5298788628705986,0.0,0.0,0.0,0.0,0.0,0.0,0.0,0.0,0.0,0.0,0.0,0.0,0.0,0.0,0.0,0.0,0.0,0.0,0.0,0.0,0.0,0.0,0.0,0.0,0.0,0.0,0.0,0.0,0.0,0.0,0.0,0.0,0.0,0.0,0.0,0.0,0.0,0.0,0.0,0.0,0.0,0.0,washroom
0.0,0.0,-0.2661113980159705,-0.018632252280893633,-0.5248254676190048,-0.35041807404274977,-0.6082861334698307,-0.7244706858868415,-0.6319224459404061,-1.0,-0.5804413196744648,-0.6112566762422748,-0.7016925527526767,-0.8905531060894732,-0.6000640909117414,-0.6518618688737468,-0.5160545452194594,-0.4785836719782517,-0.4144078296378382,-0.7040480458736785,-0.4755418889122976,-0.9293251921649874,-0.3940315845489184,-0.6164937251498771,-0.36900621311698595,-0.47161910933407564,-0.24379163659236128,-0.7455747988856092,-0.2768273578952626,-0.9034683881972326,-0.21981965811250745,-0.5788486807996254,-0.21367727437172274,-0.4400239124002984,-0.07253783024376095,-0.7468452085325082,-0.10276526424698122,-0.875200442551802,-0.08161095346132755,-0.6260903757912807,-0.0796063378001758,-0.509119898428074,0.0,0.0,0.0,0.0,0.0,0.0,0.0,0.0,0.0,0.0,0.0,0.0,0.0,0.0,0.0,0.0,0.0,0.0,0.0,0.0,0.0,0.0,0.0,0.0,0.0,0.0,0.0,0.0,0.0,0.0,0.0,0.0,0.0,0.0,0.0,0.0,0.0,0.0,0.0,0.0,0.0,0.0,washroom
0.0,0.0,-0.2657021294437553,-0.021187571648731262,-0.5310892856960243,-0.35908196563724293,-0.6222451350447559,-0.728690478503591,-0.6700175178271759,-1.0,-0.5958914406035214,-0.6258627248658041,-0.7024520867485257,-0.8912946216282274,-0.5952205886112648,-0.6515330399719388,-0.5093970410927524,-0.47667664422653117,-0.4235543190698883,-0.7322014580804429,-0.467573100880391,-0.922938178330049,-0.38672929997208194,-0.6037192402601188,-0.3590888684588096,-0.4442773563931888,-0.2503770985855863,-0.77460319002394,-0.27021606342823773,-0.870470598582007,-0.21211731524214586,-0.5586320550671312,-0.20479137627945077,-0.43599090259249523,-0.08125004474051016,-0.7742613725263611,-0.1003084794260125,-0.8307479283865499,-0.07692299825844369,-0.5912570907317093,-0.0780867628425717,-0.5046052046251972,0.0,0.0,0.0,0.0,0.0,0.0,0.0,0.0,0.0,0.0,0.0,0.0,0.0,0.0,0.0,0.0,0.0,0.0,0.0,0.0,0.0,0.0,0.0,0.0,0.0,0.0,0.0,0.0,0.0,0.0,0.0,0.0,0.0,0.0,0.0,0.0,0.0,0.0,0.0,0.0,0.0,0.0,washroom
0.0,0.0,-0.2610522529304278,0.058516382711634174,-0.5508260084994949,-0.307559824841987,-0.6420166030457566,-0.6978261381832381,-0.6541927683920482,-1.0,-0.5855632979297248,-0.6348216399687541,-0.7057113586127398,-0.8417744519178687,-0.601177925935354,-0.572854932302361,-0.5020357462257462,-0.3539773074288587,-0.39287633893655804,-0.7361509704720216,-0.45603312337604773,-0.9220183920081472,-0.37939403868358657,-0.5842860172551514,-0.34158409413661167,-0.40409005534081416,-0.1898925869149584,-0.7668932311658408,-0.23366798364862726,-0.9361705913498539,-0.18482065411582377,-0.5979125886686545,-0.16641838668614434,-0.4344966451344631,0.00945713487413864,-0.7565358442499848,-0.03959794512983042,-0.9133762288897228,-0.030689361268290978,-0.6588116897471135,-0.02476077837817735,-0.529975940379462,0.0,0.0,-0.2683204153533325,-0.03806117080214838,-0.526416053545248,-0.36514095078230685,-0.6097591265649499,-0.7208351675502467,-0.6392333545712908,-1.0,-0.5882118497355528,-0.6031722691736772,-0.7209704566909556,-0.8490777812006337,-0.6150406265715447,-0.627291606732228,-0.5124750038294923,-0.44510336233996933,-0.43401461514483575,-0.6985367486963729,-0.517071439326281,-0.9154805905135933,-0.4353682900797671,-0.6302684901797191,-0.384501140228892,-0.4564329137585269,-0.2704743333908356,-0.7375950892653682,-0.30805938044102954,-0.8706671073575485,-0.24382916324580586,-0.5891238761435752,-0.21239402622702747,-0.4491505448195555,-0.10262203674667227,-0.7410582823267591,-0.14003444649569133,-0.8463367396335675,-0.12013074990274461,-0.6300590270699729,-0.10751072812850587,-0.5222563042323692,washroom
0.0,0.0,-0.3087166090310601,-0.051343689353564655,-0.5675583280881384,-0.3585877343378624,-0.6602128687618198,-0.723503584614732,-0.6862574154893756,-1.0,-0.5983058128922765,-0.582239371729174,-0.7263065241247837,-0.8807852979900587,-0.6298010185162259,-0.6579103403968626,-0.5395292225774041,-0.5070497012808991,-0.4425638483933776,-0.6717431755633716,-0.5120651067333823,-0.919486655775195,-0.43116356740441114,-0.6197563073016733,-0.3848042973965444,-0.4824461533137542,-0.2825223443856722,-0.7186318156946369,-0.3285593009650145,-0.8820481990338995,-0.25949300647913703,-0.5775955099683319,-0.22153386730793428,-0.4477877584896503,-0.11694214618752878,-0.7381429273270096,-0.17703405329697244,-0.8797922946240119,-0.14662046551268035,-0.6478685250801404,-0.11933213066696437,-0.5344336007550184,0.0,0.0,0.0,0.0,0.0,0.0,0.0,0.0,0.0,0.0,0.0,0.0,0.0,0.0,0.0,0.0,0.0,0.0,0.0,0.0,0.0,0.0,0.0,0.0,0.0,0.0,0.0,0.0,0.0,0.0,0.0,0.0,0.0,0.0,0.0,0.0,0.0,0.0,0.0,0.0,0.0,0.0,washroom
0.0,0.0,-0.3153687528785374,-0.05980149120575985,-0.5785476547883269,-0.35225383500705737,-0.6784451831678258,-0.7153638008932065,-0.7141148349727382,-1.0,-0.6002157247786847,-0.6136600515351233,-0.7234565359076135,-0.8924000972218892,-0.6367742266088037,-0.6729362561956623,-0.5435493417542158,-0.49677219880215234,-0.4452364486805858,-0.6980092862261625,-0.5121609633429286,-0.9247766787817928,-0.4374063569387892,-0.6346038153166473,-0.38856411073704816,-0.4825374348935378,-0.2848074813842178,-0.7418481467429962,-0.33560607520843394,-0.8898817932894018,-0.2721241306014045,-0.6000634042172424,-0.2313088018875213,-0.46654596985964725,-0.11694364092214116,-0.7557206008387973,-0.18549541557421326,-0.8824719934671403,-0.15788026193495067,-0.6627580458400267,-0.12913085292149112,-0.5574547046132915,0.0,0.0,0.0,0.0,0.0,0.0,0.0,0.0,0.0,0.0,0.0,0.0,0.0,0.0,0.0,0.0,0.0,0.0,0.0,0.0,0.0,0.0,0.0,0.0,0.0,0.0,0.0,0.0,0.0,0.0,0.0,0.0,0.0,0.0,0.0,0.0,0.0,0.0,0.0,0.0,0.0,0.0,washroom
0.0,0.0,-0.306269080999327,-0.017478022088655,-0.5903112012170909,-0.3286964036205087,-0.6958081464417288,-0.7055278412183584,-0.7129996544005831,-1.0,-0.6043507236627332,-0.6238584408944126,-0.7297759149224678,-0.9158566095805968,-0.6424257448129554,-0.6890446965343343,-0.5498206150877416,-0.5121813066694746,-0.43747868886116903,-0.7178354055544791,-0.4999483416344311,-0.9363285062744284,-0.425382049097563,-0.6203730691241744,-0.38320142570487264,-0.46520124151721776,-0.2667915269717734,-0.7614182317390978,-0.319622025806737,-0.9041771977663781,-0.25546794722198474,-0.5947917804773629,-0.22161768914471242,-0.467148415309493,-0.09370596454420652,-0.7713838401409596,-0.15489422578303685,-0.8816802271251641,-0.12483433838837123,-0.6440415128606224,-0.10130783137521171,-0.5440015395183195,0.0,0.0,0.0,0.0,0.0,0.0,0.0,0.0,0.0,0.0,0.0,0.0,0.0,0.0,0.0,0.0,0.0,0.0,0.0,0.0,0.0,0.0,0.0,0.0,0.0,0.0,0.0,0.0,0.0,0.0,0.0,0.0,0.0,0.0,0.0,0.0,0.0,0.0,0.0,0.0,0.0,0.0,washroom
0.0,0.0,-0.32801231217104443,-0.06839445281867743,-0.6028460721619265,-0.36513505732035223,-0.7032038983575454,-0.7069669024736454,-0.7037186436498793,-0.9688392866121901,-0.6263966004462864,-0.6632154149454172,-0.7737601324184127,-0.9574132075000847,-0.707559120284652,-0.7576078572032495,-0.6047348372686021,-0.5646748407623147,-0.47094761926577655,-0.7530783221091297,-0.5868826362110277,-1.0,-0.5184092210175494,-0.7277660389530334,-0.441277134470317,-0.535331379387021,-0.30045891293392524,-0.803631002863131,-0.3804876522586405,-0.9279542822748464,-0.3144263141369096,-0.6642333591450907,-0.256074981479226,-0.5049748158444709,-0.11837540128343656,-0.8253970559697976,-0.21513671478529497,-0.9308732828942541,-0.1893271921463724,-0.7296127156240839,-0.1520368381826288,-0.6178381219171618,0.0,0.0,0.0,0.0,0.0,0.0,0.0,0.0,0.0,0.0,0.0,0.0,0.0,0.0,0.0,0.0,0.0,0.0,0.0,0.0,0.0,0.0,0.0,0.0,0.0,0.0,0.0,0.0,0.0,0.0,0.0,0.0,0.0,0.0,0.0,0.0,0.0,0.0,0.0,0.0,0.0,0.0,washroom
0.0,0.0,-0.3157389367957521,-0.05584988921473397,-0.579241088425772,-0.3293359012980356,-0.6760118790035455,-0.6485460478540346,-0.6866067763809156,-0.8941576326683741,-0.5858023992021232,-0.6475316151247426,-0.6855759998068455,-1.0,-0.6838535814378497,-0.9184869314245704,-0.6400509630796261,-0.7893445561067476,-0.43705818223015475,-0.7279581894734496,-0.5114011318112509,-0.9149964062114039,-0.47078222012558757,-0.6675416814473217,-0.4275568366488432,-0.5177611161360179,-0.2838264655135589,-0.7687906854942805,-0.3505598695464026,-0.8786781544084735,-0.30894361187826064,-0.6374144037561127,-0.2706432974449742,-0.5149559180504765,-0.12014434586547158,-0.7830350891203854,-0.19795033328442563,-0.8877211294339644,-0.18326316004524273,-0.6950576584842199,-0.15499462324651905,-0.591968114644642,0.0,0.0,0.0,0.0,0.0,0.0,0.0,0.0,0.0,0.0,0.0,0.0,0.0,0.0,0.0,0.0,0.0,0.0,0.0,0.0,0.0,0.0,0.0,0.0,0.0,0.0,0.0,0.0,0.0,0.0,0.0,0.0,0.0,0.0,0.0,0.0,0.0,0.0,0.0,0.0,0.0,0.0,washroom
0.0,0.0,-0.3200990461074024,-0.05120053530025053,-0.5946539999688779,-0.33925003501237105,-0.6985197547577922,-0.6904571837604843,-0.6970095544870298,-0.9713163095404821,-0.592982353764997,-0.6639349236730311,-0.7056992359522587,-1.0,-0.6805914756547313,-0.8474090845432053,-0.6186923268443739,-0.6952087515366541,-0.43877892410874064,-0.7492402315484805,-0.5156878763829886,-0.9539750711918211,-0.4650864416538288,-0.6811123819305044,-0.41804654311189954,-0.5401070600501066,-0.27810948757449855,-0.7927757807758742,-0.34298352084403155,-0.919307377495604,-0.2977895523084823,-0.6569164993853384,-0.2598205810497487,-0.545498187137233,-0.10736465773462178,-0.8071242394534958,-0.17977063006706814,-0.9222923766397461,-0.16292462225541915,-0.7117668798531036,-0.13396550114373745,-0.6152529449294306,0.0,0.0,0.0,0.0,0.0,0.0,0.0,0.0,0.0,0.0,0.0,0.0,0.0,0.0,0.0,0.0,0.0,0.0,0.0,0.0,0.0,0.0,0.0,0.0,0.0,0.0,0.0,0.0,0.0,0.0,0.0,0.0,0.0,0.0,0.0,0.0,0.0,0.0,0.0,0.0,0.0,0.0,washroom
0.0,0.0,-0.33729227021680286,-0.030037876254474925,-0.6356205756768268,-0.3089383208428523,-0.730925468965056,-0.6639336039115329,-0.7482865922987296,-0.9322856348320737,-0.6584492912282678,-0.6549212730082405,-0.8178998303312764,-0.9647550187797228,-0.7295794714924864,-0.7045634550465885,-0.6243822228010828,-0.515753318572389,-0.48771749805514586,-0.7553778297187794,-0.592753262250821,-1.0,-0.5130045620470074,-0.6742677316136482,-0.4538457950669347,-0.543888141845869,-0.3130035940200575,-0.8070999496625986,-0.3872244203278619,-0.9431653777241158,-0.3262026414815388,-0.6411625299648342,-0.2869289081008015,-0.5458312359416087,-0.13047067230351694,-0.8318889197875269,-0.21970383655480968,-0.9576215401836787,-0.1980842746662067,-0.7247529771228831,-0.16804507837498195,-0.6315179014583766,0.0,0.0,0.0,0.0,0.0,0.0,0.0,0.0,0.0,0.0,0.0,0.0,0.0,0.0,0.0,0.0,0.0,0.0,0.0,0.0,0.0,0.0,0.0,0.0,0.0,0.0,0.0,0.0,0.0,0.0,0.0,0.0,0.0,0.0,0.0,0.0,0.0,0.0,0.0,0.0,0.0,0.0,washroom
0.0,0.0,-0.35105897859624846,-0.045914956696870894,-0.6340960992296414,-0.32774024694870385,-0.7475273843505521,-0.6617863334163128,-0.7988577643350036,-0.9127851256373701,-0.6066539031336979,-0.6904579161289132,-0.7282605417313959,-1.0,-0.6999117236486538,-0.7633631084079511,-0.6229821020935585,-0.5721284414159689,-0.4444793068258192,-0.769745925265358,-0.5543138145512378,-0.9896800848821459,-0.5079946142872641,-0.6788523444101172,-0.43166145456558896,-0.546029522384875,-0.27273881318950427,-0.8050596169229501,-0.36209599839382955,-0.943929436539387,-0.3289160645403215,-0.6651809890282534,-0.2715643460775094,-0.5644991318666824,-0.09408746516325273,-0.8112650707898911,-0.186308117327869,-0.9418803087916674,-0.18744882244929287,-0.7273867814154197,-0.15365757148651343,-0.6367065763405874,0.0,0.0,0.0,0.0,0.0,0.0,0.0,0.0,0.0,0.0,0.0,0.0,0.0,0.0,0.0,0.0,0.0,0.0,0.0,0.0,0.0,0.0,0.0,0.0,0.0,0.0,0.0,0.0,0.0,0.0,0.0,0.0,0.0,0.0,0.0,0.0,0.0,0.0,0.0,0.0,0.0,0.0,washroom
0.0,0.0,-0.2967011935887435,-0.009133487292625697,-0.5665350648388521,-0.26561726225570503,-0.6834597536974705,-0.5850745623647583,-0.7496279268103924,-0.8204814660146695,-0.5582204692950872,-0.6338521999612824,-0.6691769939484914,-1.0,-0.6609117876755248,-0.9024575131002835,-0.6022629105538257,-0.7547756558520333,-0.3994882036813528,-0.7098984477216773,-0.5011286771304304,-0.924306532745307,-0.4445510625528344,-0.6313179130034453,-0.39004030076302015,-0.49398398993869996,-0.23524682949544892,-0.7454340280610434,-0.3190568942350815,-0.8912457076534408,-0.26938539903223485,-0.6177548254860985,-0.22790679009868595,-0.5138292163113358,-0.06251932024488259,-0.7551231446501497,-0.14269971455647332,-0.8830254808949513,-0.13015307587118044,-0.6729998117034051,-0.10507876045277614,-0.5773870341698788,0.0,0.0,0.0,0.0,0.0,0.0,0.0,0.0,0.0,0.0,0.0,0.0,0.0,0.0,0.0,0.0,0.0,0.0,0.0,0.0,0.0,0.0,0.0,0.0,0.0,0.0,0.0,0.0,0.0,0.0,0.0,0.0,0.0,0.0,0.0,0.0,0.0,0.0,0.0,0.0,0.0,0.0,washroom
0.0,0.0,-0.34970699115374565,-0.03174937115439523,-0.6339582928362743,-0.2868544243632893,-0.7189732741223913,-0.5885073830279309,-0.7474316583345735,-0.808955032873513,-0.631837983971163,-0.6577174831439323,-0.8010634992270617,-0.9142283195510026,-0.7293164451911792,-0.6704165529517326,-0.6241260512470994,-0.4743287021664089,-0.4559880789584795,-0.7665890900559259,-0.59903039739552,-1.0,-0.5399758690042741,-0.7042469679922556,-0.46147257244267437,-0.5449101680298724,-0.2708066820268679,-0.8248190538885175,-0.38347826634937976,-0.9335471739637318,-0.3285712831455805,-0.6416842833923196,-0.26669355429013525,-0.5163931287256285,-0.07230573166895066,-0.846247552604165,-0.19192140023762583,-0.9413584810173217,-0.18657118328649813,-0.7060182548219576,-0.15439135162176482,-0.5977802198547971,0.0,0.0,0.0,0.0,0.0,0.0,0.0,0.0,0.0,0.0,0.0,0.0,0.0,0.0,0.0,0.0,0.0,0.0,0.0,0.0,0.0,0.0,0.0,0.0,0.0,0.0,0.0,0.0,0.0,0.0,0.0,0.0,0.0,0.0,0.0,0.0,0.0,0.0,0.0,0.0,0.0,0.0,washroom
0.0,0.0,-0.3388283528797337,-0.02723790507793606,-0.6224556139288595,-0.3313019694265098,-0.7126331480625234,-0.665397973576197,-0.7827304291952013,-0.9114917810715186,-0.5952710010663519,-0.7566997196829468,-0.7629303409838961,-1.0,-0.7125737653081888,-0.7226069130661854,-0.6156154311923905,-0.5419808158175355,-0.4226971037964867,-0.8507868722494238,-0.5733541968127195,-0.9877138603916521,-0.5109586558992706,-0.6690421460216853,-0.4210394621242074,-0.5763223194396299,-0.23969721900918098,-0.8868865114357481,-0.3844292327595876,-0.9179436919527232,-0.3257986599799317,-0.6267991832587327,-0.24670032366138836,-0.5672423410204394,-0.050943297590329034,-0.8906113835217425,-0.21258213979918478,-0.9131225228636293,-0.19563623038275485,-0.6795056918623802,-0.13367514791127505,-0.6208411135738318,0.0,0.0,0.0,0.0,0.0,0.0,0.0,0.0,0.0,0.0,0.0,0.0,0.0,0.0,0.0,0.0,0.0,0.0,0.0,0.0,0.0,0.0,0.0,0.0,0.0,0.0,0.0,0.0,0.0,0.0,0.0,0.0,0.0,0.0,0.0,0.0,0.0,0.0,0.0,0.0,0.0,0.0,washroom
0.0,0.0,-0.31519668598013295,-0.01603282271703228,-0.6057641233538272,-0.30118628235107364,-0.6934653731325059,-0.630148137746328,-0.7360959323682705,-0.8782931088168314,-0.5874259972688438,-0.7247576658587166,-0.7436124627824009,-0.9660594830340662,-0.6832479592646636,-0.6968554054301571,-0.5861092625267875,-0.5036133887705116,-0.4132654411061386,-0.8232410804958412,-0.5527411283216007,-1.0,-0.4871379233851683,-0.6852205174543671,-0.4071493405133027,-0.5754456444979007,-0.2267037672452566,-0.8649364934967143,-0.3487011744785466,-0.9418682980338525,-0.2950834101598194,-0.6441646467915021,-0.23331593289740662,-0.5666838635887229,-0.0288984608245975,-0.8744823115919466,-0.15514727281237853,-0.9445063465800512,-0.15117061178304608,-0.7032579517957046,-0.1140420500359202,-0.619896126520503,0.0,0.0,0.0,0.0,0.0,0.0,0.0,0.0,0.0,0.0,0.0,0.0,0.0,0.0,0.0,0.0,0.0,0.0,0.0,0.0,0.0,0.0,0.0,0.0,0.0,0.0,0.0,0.0,0.0,0.0,0.0,0.0,0.0,0.0,0.0,0.0,0.0,0.0,0.0,0.0,0.0,0.0,washroom
0.0,0.0,-0.3149757878253463,-0.07785795863808682,-0.5767270722982769,-0.37282622759749817,-0.6731618767007869,-0.6819086712493034,-0.7292849130592921,-0.9376789933277706,-0.5250898850876844,-0.8270003698303976,-0.7033664754348055,-1.0,-0.6509715434357142,-0.7002015219081211,-0.5613959212699344,-0.5311885207904794,-0.35746960615609696,-0.9083116070709942,-0.5390782359395678,-0.9456639678216989,-0.46219528471337123,-0.6259787006217837,-0.3674494234007892,-0.5654182089001774,-0.18294022297818407,-0.9323067738054122,-0.35230165934646995,-0.8826659575703671,-0.2839895021145537,-0.5828705359280553,-0.20686661959734334,-0.546888483399913,0.00020936679534319343,-0.9145864980321559,-0.1742400392855651,-0.8780466434580263,-0.15113786523298806,-0.6319443807684118,-0.08951321965378577,-0.5866320065285763,0.0,0.0,0.0,0.0,0.0,0.0,0.0,0.0,0.0,0.0,0.0,0.0,0.0,0.0,0.0,0.0,0.0,0.0,0.0,0.0,0.0,0.0,0.0,0.0,0.0,0.0,0.0,0.0,0.0,0.0,0.0,0.0,0.0,0.0,0.0,0.0,0.0,0.0,0.0,0.0,0.0,0.0,washroom
0.0,0.0,-0.3043048265724208,-0.05380437917271005,-0.5742289300135622,-0.3608708604943674,-0.6639332334643342,-0.6985462552035682,-0.7125653968205252,-0.9684693003367006,-0.5696205277887871,-0.7809037844565244,-0.7575228501927973,-1.0,-0.696951385034149,-0.7039605589771242,-0.6104796833965761,-0.5484146810603612,-0.3964480008297135,-0.8881140898365919,-0.5669752869205301,-0.9815499873267616,-0.4782673804601417,-0.6344477140282431,-0.38936950771215506,-0.5782991826158094,-0.21076786066740077,-0.9309824431992862,-0.3670804827366152,-0.8968170857478189,-0.28472030771363666,-0.5681775248186457,-0.2100598526094436,-0.5535215463573303,-0.012976443651183797,-0.9336107511394008,-0.17874398947195191,-0.8935246895321167,-0.14745140911065616,-0.6323004070781756,-0.08529539228567543,-0.6044277490476551,0.0,0.0,0.0,0.0,0.0,0.0,0.0,0.0,0.0,0.0,0.0,0.0,0.0,0.0,0.0,0.0,0.0,0.0,0.0,0.0,0.0,0.0,0.0,0.0,0.0,0.0,0.0,0.0,0.0,0.0,0.0,0.0,0.0,0.0,0.0,0.0,0.0,0.0,0.0,0.0,0.0,0.0,washroom
0.0,0.0,-0.31524335016913996,-0.024841415753170996,-0.5972227818213027,-0.3447750954430728,-0.6777832480504334,-0.7164133384626339,-0.7138269788328044,-1.0,-0.6256147847487572,-0.7214237893204211,-0.8190801147800574,-0.9783437915502318,-0.740746699576612,-0.7007064194814807,-0.637198761682359,-0.5351131711716386,-0.4480506542341842,-0.8477607788441743,-0.6078016881433128,-0.9926361053817364,-0.5078024056566545,-0.6518823962517103,-0.42089553392099516,-0.5651477277180371,-0.25545627501292906,-0.9085109776781599,-0.39037803570236,-0.9043836201638911,-0.298661616844564,-0.572116989998416,-0.2274462099565463,-0.529936588378602,-0.047390100413232494,-0.9340594200394853,-0.20177413452712836,-0.912845310194816,-0.16296218207949717,-0.6417290305346082,-0.1061240867572978,-0.5951397853972789,0.0,0.0,0.0,0.0,0.0,0.0,0.0,0.0,0.0,0.0,0.0,0.0,0.0,0.0,0.0,0.0,0.0,0.0,0.0,0.0,0.0,0.0,0.0,0.0,0.0,0.0,0.0,0.0,0.0,0.0,0.0,0.0,0.0,0.0,0.0,0.0,0.0,0.0,0.0,0.0,0.0,0.0,washroom
0.0,0.0,-0.2978865305657792,-0.02313389315912076,-0.5661598950944182,-0.337222901807817,-0.6379210909836831,-0.7095131362881166,-0.660611433720357,-1.0,-0.6235261077215363,-0.6642403849974708,-0.8088391651801105,-0.9277496098796829,-0.7285253935301781,-0.6898385068352946,-0.625626259903364,-0.5116354122924683,-0.46474042634539153,-0.7719672911097675,-0.5779096854013916,-0.9026036302400434,-0.4868739146170807,-0.589583223698695,-0.42322979885579026,-0.4713372991538175,-0.29530899784453823,-0.8242734848134994,-0.38968589541875776,-0.8423339343996443,-0.3058827888474455,-0.5318035318642113,-0.25007061365684236,-0.4439843071216155,-0.11681485689860523,-0.8457599049749603,-0.2229184543825037,-0.8443589085437692,-0.1770319281126124,-0.5990143085285188,-0.1287778306410646,-0.5302349958061394,0.0,0.0,0.0,0.0,0.0,0.0,0.0,0.0,0.0,0.0,0.0,0.0,0.0,0.0,0.0,0.0,0.0,0.0,0.0,0.0,0.0,0.0,0.0,0.0,0.0,0.0,0.0,0.0,0.0,0.0,0.0,0.0,0.0,0.0,0.0,0.0,0.0,0.0,0.0,0.0,0.0,0.0,washroom
0.0,0.0,-0.31216122299675764,-0.05084676418671179,-0.5725874393909134,-0.35996912146365123,-0.6565120819810066,-0.716717422094411,-0.6767909255001477,-1.0,-0.5772612094847064,-0.7133862438704545,-0.7443428378860691,-0.9752643328680378,-0.7129332402383505,-0.7664202377152036,-0.6481908655303265,-0.61435421277228,-0.41208634146945444,-0.8056611726630207,-0.5479852777857032,-0.9188959308269106,-0.4720647760202541,-0.6160133419394154,-0.3916266194947139,-0.5108449015692821,-0.2430161267139714,-0.834097311532455,-0.37681773427124554,-0.8185379960497438,-0.3056969715240248,-0.5387529399478144,-0.23501010173874798,-0.481946338314848,-0.07696216787135665,-0.8228742340254985,-0.2119701701280307,-0.7794407948746798,-0.17381773588623176,-0.5734536103285904,-0.11286331133542671,-0.548825608944009,0.0,0.0,0.0,0.0,0.0,0.0,0.0,0.0,0.0,0.0,0.0,0.0,0.0,0.0,0.0,0.0,0.0,0.0,0.0,0.0,0.0,0.0,0.0,0.0,0.0,0.0,0.0,0.0,0.0,0.0,0.0,0.0,0.0,0.0,0.0,0.0,0.0,0.0,0.0,0.0,0.0,0.0,washroom
0.0,0.0,-0.2982652496194784,-0.0346345521615498,-0.5597227609415,-0.34915215245473197,-0.6355590390258647,-0.7141077872503203,-0.6506450810397267,-1.0,-0.5674899486128685,-0.7005186863512461,-0.739372547341164,-0.9552281925693298,-0.7231319667548531,-0.7661042883243409,-0.6660984032806444,-0.6164112468535079,-0.40494183169310033,-0.797804343697252,-0.5379341891613545,-0.9007134277972014,-0.4687790406843771,-0.6049231065540661,-0.3965379892945705,-0.5001094083123567,-0.23957745386259494,-0.8279641226336105,-0.37251363591374664,-0.8116732516738937,-0.30269454750701524,-0.5269548376396694,-0.2370404650254528,-0.4630475431280077,-0.07686776574316065,-0.8179215630676058,-0.20672178990929008,-0.7594327887884568,-0.165271287139307,-0.5552758079228738,-0.10629298422540788,-0.5323080873875489,0.0,0.0,0.0,0.0,0.0,0.0,0.0,0.0,0.0,0.0,0.0,0.0,0.0,0.0,0.0,0.0,0.0,0.0,0.0,0.0,0.0,0.0,0.0,0.0,0.0,0.0,0.0,0.0,0.0,0.0,0.0,0.0,0.0,0.0,0.0,0.0,0.0,0.0,0.0,0.0,0.0,0.0,washroom
0.0,0.0,-0.287465677147961,-0.048855689319299817,-0.5502701088520886,-0.34408935422908205,-0.6502882742248992,-0.6535335153823515,-0.6851703717918173,-0.9033850121120454,-0.5169698002024603,-0.7826860818746233,-0.6913724720754558,-1.0,-0.7040321737321162,-0.8227442326288906,-0.6710563622466416,-0.7075579809592395,-0.36328589493838326,-0.8586733995336296,-0.5225455454948258,-0.9240089091181547,-0.46444546021998967,-0.6126166869162959,-0.38491993760167487,-0.5091813292309417,-0.20894383180481874,-0.8701731046832164,-0.380598519387358,-0.8383303381131083,-0.3200733298907167,-0.5423926976279365,-0.24251689056252285,-0.46839656356425097,-0.06171914500926596,-0.8338245710115147,-0.22777167473956678,-0.776241956297455,-0.20276490989004828,-0.5580176134042124,-0.1398933148193866,-0.5163752480894017,0.0,0.0,0.0,0.0,0.0,0.0,0.0,0.0,0.0,0.0,0.0,0.0,0.0,0.0,0.0,0.0,0.0,0.0,0.0,0.0,0.0,0.0,0.0,0.0,0.0,0.0,0.0,0.0,0.0,0.0,0.0,0.0,0.0,0.0,0.0,0.0,0.0,0.0,0.0,0.0,0.0,0.0,washroom
0.0,0.0,-0.28348263432371057,-0.03863844626317654,-0.5322365372235468,-0.35166149774895206,-0.6231429116628817,-0.693065891643548,-0.6546722612599578,-0.9613059852502365,-0.4736626342817721,-0.7607708502397833,-0.6024478442572591,-1.0,-0.5982062911914513,-0.7715348854764945,-0.5416034968304994,-0.6076073258137638,-0.3257948914736972,-0.8191581269435865,-0.48449586801121436,-0.9258438546496145,-0.43303577981458996,-0.6162089081526309,-0.34916248854555254,-0.5008696992381875,-0.1780833695052727,-0.8202595362862217,-0.3265728502859156,-0.8217373434908333,-0.2709231078930317,-0.5323791280570531,-0.19799995386767152,-0.4499731593725165,-0.03571009186624141,-0.7843481397138538,-0.1746239690997276,-0.7632373571208394,-0.14667931111852026,-0.5480153662592343,-0.08527823036387923,-0.49938874664754274,0.0,0.0,0.0,0.0,0.0,0.0,0.0,0.0,0.0,0.0,0.0,0.0,0.0,0.0,0.0,0.0,0.0,0.0,0.0,0.0,0.0,0.0,0.0,0.0,0.0,0.0,0.0,0.0,0.0,0.0,0.0,0.0,0.0,0.0,0.0,0.0,0.0,0.0,0.0,0.0,0.0,0.0,washroom
0.0,0.0,-0.28626351459739063,-0.046032902418837805,-0.5449161344853994,-0.3597858022582641,-0.6444563703736469,-0.6965967223354119,-0.6742528366864795,-0.9649301293915946,-0.47348615458242577,-0.7639859795128643,-0.6047531519182774,-1.0,-0.5949258072785237,-0.7380197261027384,-0.5341721394779463,-0.5669354619518151,-0.3233404231620494,-0.8147572182219435,-0.48393117234785604,-0.9382870469309,-0.4385484521665724,-0.6222723656028015,-0.35824455059350446,-0.5110597597416752,-0.17482760844320258,-0.8151281418591055,-0.3144009503319394,-0.8344103086926701,-0.2655653361202347,-0.541695600664465,-0.19388967260126722,-0.45718416731640477,-0.030453043785510208,-0.7796553714379206,-0.1627816501518602,-0.8029660034630198,-0.14377980779120836,-0.5828819807322224,-0.08390814950141148,-0.5163539485513993,0.0,0.0,0.0,0.0,0.0,0.0,0.0,0.0,0.0,0.0,0.0,0.0,0.0,0.0,0.0,0.0,0.0,0.0,0.0,0.0,0.0,0.0,0.0,0.0,0.0,0.0,0.0,0.0,0.0,0.0,0.0,0.0,0.0,0.0,0.0,0.0,0.0,0.0,0.0,0.0,0.0,0.0,washroom
0.0,0.0,-0.26339259577825525,0.005008664212125738,-0.5437803979245286,-0.2800184719798778,-0.6275187633403424,-0.6239414587064251,-0.598820988677705,-0.8790145505142444,-0.5772225605468931,-0.6520444750122153,-0.7210104545059101,-0.9291132300631473,-0.6565147379151066,-0.7149909199494647,-0.5634429888276257,-0.5372440747130305,-0.40918608932975054,-0.7436142814230209,-0.5197279760214442,-1.0,-0.4456250242800387,-0.6723806147076574,-0.3814168380632217,-0.5252870789704498,-0.22818968578483756,-0.7783471845824627,-0.3090363327867247,-0.9141955742755794,-0.25736403315107576,-0.5964200690182329,-0.2142011005491803,-0.491786370677264,-0.043456755267605694,-0.7758751346687218,-0.12686573289057484,-0.8930551155510981,-0.11319176224110639,-0.6571209865437974,-0.08040946951603523,-0.5639179200638202,0.0,0.0,0.0,0.0,0.0,0.0,0.0,0.0,0.0,0.0,0.0,0.0,0.0,0.0,0.0,0.0,0.0,0.0,0.0,0.0,0.0,0.0,0.0,0.0,0.0,0.0,0.0,0.0,0.0,0.0,0.0,0.0,0.0,0.0,0.0,0.0,0.0,0.0,0.0,0.0,0.0,0.0,washroom
0.0,0.0,-0.2780179403700973,0.009264215885969903,-0.5614917239297333,-0.2991163363308767,-0.6596817508975236,-0.6569434484430394,-0.711912906270376,-0.9226496891914489,-0.5811620502702951,-0.7030344655765081,-0.7168163193848246,-0.9796770823162897,-0.6625665076431184,-0.7634297462693435,-0.5676562712176355,-0.5980200053194892,-0.40315275126450095,-0.8051641690879321,-0.5211977155375097,-1.0,-0.44671588877554114,-0.6656560759452474,-0.36676980191075154,-0.5529317231217097,-0.21498143228929942,-0.8390618845132163,-0.2984772120489797,-0.8854929449432868,-0.2372542682167254,-0.5669077270630696,-0.18003665285170634,-0.5003866168834302,-0.024414659793976407,-0.8347591584433424,-0.11335281568194393,-0.8806492919131419,-0.0935242513716763,-0.6367484678412189,-0.05375153047539848,-0.5673527012119233,0.0,0.0,0.0,0.0,0.0,0.0,0.0,0.0,0.0,0.0,0.0,0.0,0.0,0.0,0.0,0.0,0.0,0.0,0.0,0.0,0.0,0.0,0.0,0.0,0.0,0.0,0.0,0.0,0.0,0.0,0.0,0.0,0.0,0.0,0.0,0.0,0.0,0.0,0.0,0.0,0.0,0.0,washroom
0.0,0.0,-0.27451265293199756,0.014727831927452001,-0.56955663854904,-0.3124284809697189,-0.6500525792080327,-0.7053936090820688,-0.6653214681471765,-1.0,-0.6026804088740134,-0.6990863655894525,-0.7490456591058142,-0.9876291865487686,-0.6742350573282978,-0.760209977611434,-0.5852060200366358,-0.5985956263144802,-0.4184705669508582,-0.8065446979805061,-0.5297236482055225,-0.9791175738935751,-0.4402072638458581,-0.6372724394491056,-0.37396424613853774,-0.5362824803817363,-0.22930188380560393,-0.8406539044302223,-0.31528019629570997,-0.8822039168683146,-0.24369049503607046,-0.546687509893937,-0.1963782536918519,-0.48494142789298716,-0.037417738980981025,-0.8407669779958841,-0.13364277799136118,-0.8601132997127932,-0.10135857889142676,-0.6032661299441416,-0.061189760057893665,-0.5447601709672313,0.0,0.0,0.0,0.0,0.0,0.0,0.0,0.0,0.0,0.0,0.0,0.0,0.0,0.0,0.0,0.0,0.0,0.0,0.0,0.0,0.0,0.0,0.0,0.0,0.0,0.0,0.0,0.0,0.0,0.0,0.0,0.0,0.0,0.0,0.0,0.0,0.0,0.0,0.0,0.0,0.0,0.0,washroom
0.0,0.0,-0.2757001873201896,-0.017573753326815423,-0.5442209974763192,-0.3127735443075968,-0.6402128768238132,-0.629468659172219,-0.670960056565088,-0.8833502513593876,-0.5379907683178431,-0.6677617869765479,-0.6615438588549506,-0.9017309527054654,-0.6164546541957114,-0.693940853662437,-0.5325886449620612,-0.49484955585876245,-0.36717168163538844,-0.7667039470091013,-0.47543950374664984,-1.0,-0.42746545991854745,-0.7242161656290332,-0.3588123890138948,-0.5418085181236096,-0.17887478971377455,-0.8063098414691571,-0.25202905603319115,-0.9376460440603459,-0.22453968289895093,-0.6800111595006566,-0.1832598633404007,-0.5326093107040178,0.015616904380104008,-0.7976346582206107,-0.03583439655295424,-0.9428572553237657,-0.056367287311382054,-0.7536668160832612,-0.054586097171302764,-0.6228039573911764,0.0,0.0,0.0,0.0,0.0,0.0,0.0,0.0,0.0,0.0,0.0,0.0,0.0,0.0,0.0,0.0,0.0,0.0,0.0,0.0,0.0,0.0,0.0,0.0,0.0,0.0,0.0,0.0,0.0,0.0,0.0,0.0,0.0,0.0,0.0,0.0,0.0,0.0,0.0,0.0,0.0,0.0,washroom
0.0,0.0,-0.2680251541788807,0.022687506460671227,-0.5536721743987664,-0.2897249484805924,-0.6429114700741709,-0.6676697105714126,-0.6543024039861275,-0.9483544611112639,-0.5581299190009644,-0.6433975022215226,-0.6813905166355764,-0.9160544242202385,-0.5982927705918781,-0.6847955867332665,-0.5139891906450429,-0.49344259652124267,-0.3729521450376829,-0.7350631652120475,-0.4695080026971228,-1.0,-0.4015199292147522,-0.6802856825835477,-0.3507985626725414,-0.5023623533249815,-0.17881620587657912,-0.7677714691068483,-0.23644586739904994,-0.9217303313458965,-0.188608923834732,-0.6064106928969129,-0.15691630858346997,-0.46498719246019515,0.01560945586211671,-0.7609561129567161,-0.04165129540607156,-0.9153763501024698,-0.031398625074327356,-0.6975154036627382,-0.01538754069630151,-0.5894019386281281,0.0,0.0,0.0,0.0,0.0,0.0,0.0,0.0,0.0,0.0,0.0,0.0,0.0,0.0,0.0,0.0,0.0,0.0,0.0,0.0,0.0,0.0,0.0,0.0,0.0,0.0,0.0,0.0,0.0,0.0,0.0,0.0,0.0,0.0,0.0,0.0,0.0,0.0,0.0,0.0,0.0,0.0,washroom
0.0,0.0,-0.2694588691588827,0.016804327726538636,-0.5352243275392143,-0.3164513998254316,-0.6270060982979804,-0.706622493812723,-0.6746718814183661,-1.0,-0.5669539418607815,-0.614923234947935,-0.691440974336125,-0.8852620823058373,-0.5983187198078944,-0.6506334906411442,-0.506655141762124,-0.4433595988762326,-0.38538272807514024,-0.717432889954556,-0.47970006703533874,-0.9630038967914469,-0.40329226917074656,-0.6532484486648906,-0.3447262188456274,-0.4689904692072302,-0.19722171302720082,-0.7587222877113922,-0.24646436534304209,-0.8878707961862556,-0.19206226659726747,-0.5667510072026193,-0.15788940819347566,-0.4144478772365741,-0.004126486719376156,-0.7641640586218016,-0.059528986428354476,-0.8696196112485566,-0.043566726030629305,-0.6288449985080957,-0.029511605409390566,-0.5106536235432748,0.0,0.0,0.0,0.0,0.0,0.0,0.0,0.0,0.0,0.0,0.0,0.0,0.0,0.0,0.0,0.0,0.0,0.0,0.0,0.0,0.0,0.0,0.0,0.0,0.0,0.0,0.0,0.0,0.0,0.0,0.0,0.0,0.0,0.0,0.0,0.0,0.0,0.0,0.0,0.0,0.0,0.0,washroom
0.0,0.0,-0.2599859106259886,0.011271944511734614,-0.5326927803981362,-0.25593276643344687,-0.6193410946606438,-0.5892123665873434,-0.6144957571569033,-0.8270026148168204,-0.5586142895820568,-0.6174641442352907,-0.6835659742508229,-0.9338877053735555,-0.5866291662510509,-0.6892598358436525,-0.4954663743106716,-0.47934508457186825,-0.3756301031677045,-0.7138815067614745,-0.4711791256394545,-1.0,-0.3823893512119355,-0.6784100381891502,-0.327122401214073,-0.4850115600552888,-0.18724261510181398,-0.7495555880131667,-0.2374638414295282,-0.8942130256351796,-0.1757475739914787,-0.5865917608333214,-0.15333104150932642,-0.43451201960756375,0.005244328626188067,-0.7454084849737094,-0.041687002151702124,-0.8760108368838794,-0.027942737649087307,-0.6494769475754164,-0.02842099263291392,-0.5263441013437451,0.0,0.0,0.0,0.0,0.0,0.0,0.0,0.0,0.0,0.0,0.0,0.0,0.0,0.0,0.0,0.0,0.0,0.0,0.0,0.0,0.0,0.0,0.0,0.0,0.0,0.0,0.0,0.0,0.0,0.0,0.0,0.0,0.0,0.0,0.0,0.0,0.0,0.0,0.0,0.0,0.0,0.0,washroom
0.0,0.0,-0.2671569532466835,0.024222568344164565,-0.5456774665664107,-0.28617944035662496,-0.6364168490520437,-0.6813768025941243,-0.6517626064101187,-0.9783239734948171,-0.5750699050700897,-0.5924912052204737,-0.707751490413019,-0.8858260547021859,-0.6268928077501477,-0.6599021832536656,-0.5430184723937913,-0.46986613137118,-0.38875820734196254,-0.7086490110908212,-0.4785702776733444,-1.0,-0.414588676217842,-0.7048092674150062,-0.3687194532466835,-0.5322561966271013,-0.19273784507760888,-0.7565927278586391,-0.21910917611042482,-0.9516115090767495,-0.18662975320908748,-0.6688627040925936,-0.17606217103496427,-0.5353578669638541,0.009954549116493905,-0.7637838028358129,-0.018181192598958052,-0.9136768891992051,-0.011426080213760138,-0.7108078441377088,-0.013962971292765455,-0.6120528760943122,0.0,0.0,0.0,0.0,0.0,0.0,0.0,0.0,0.0,0.0,0.0,0.0,0.0,0.0,0.0,0.0,0.0,0.0,0.0,0.0,0.0,0.0,0.0,0.0,0.0,0.0,0.0,0.0,0.0,0.0,0.0,0.0,0.0,0.0,0.0,0.0,0.0,0.0,0.0,0.0,0.0,0.0,washroom
0.0,0.0,-0.2595541186771738,0.031995689364854855,-0.5416928864898152,-0.3001476007659075,-0.6231065438905407,-0.7021443485456418,-0.6309930818154702,-1.0,-0.5810855487881149,-0.5604626235218274,-0.6906915297943789,-0.8585010920917164,-0.6044826756728151,-0.6300763020908505,-0.5255657227530334,-0.4369432978283251,-0.3980563654033042,-0.6588474824158801,-0.47922254616132165,-0.9594361535278892,-0.40032291275774806,-0.6571570976339617,-0.357134967141029,-0.46516949071000396,-0.2076382915259456,-0.7099450586458063,-0.24949186463835887,-0.9404420325414465,-0.1990747529563452,-0.6315199799863368,-0.18889549596359054,-0.45970730017608175,-0.012083634019378614,-0.7264139941690962,-0.047989685265902686,-0.9241258936389266,-0.027437192698861725,-0.7018718548239664,-0.025017463845509916,-0.5690096123314955,0.0,0.0,0.0,0.0,0.0,0.0,0.0,0.0,0.0,0.0,0.0,0.0,0.0,0.0,0.0,0.0,0.0,0.0,0.0,0.0,0.0,0.0,0.0,0.0,0.0,0.0,0.0,0.0,0.0,0.0,0.0,0.0,0.0,0.0,0.0,0.0,0.0,0.0,0.0,0.0,0.0,0.0,washroom
0.0,0.0,-0.2796505939737883,0.018628510036568208,-0.5629744649455748,-0.2983664790258822,-0.6500074249172386,-0.695583878643548,-0.6444424592422979,-1.0,-0.5952268165285318,-0.5697458327407113,-0.7162713828800608,-0.9029577030479775,-0.6406304793048554,-0.674068466748713,-0.5661912760552884,-0.4758478608989753,-0.4104995774262141,-0.670108380282711,-0.49555778368375414,-0.974923370544119,-0.42498972461981094,-0.6758798331019659,-0.38250901079336125,-0.48444783496074195,-0.22061877967273158,-0.7228147136391616,-0.2688834844372559,-0.9329575032217088,-0.21368402451672408,-0.6275003261869975,-0.1996209569954279,-0.45315856762963336,-0.024541016692546127,-0.7423722199170368,-0.07001599001965741,-0.9365430133879682,-0.05222204851703441,-0.7122254886633856,-0.05264756092448252,-0.56659210404131,0.0,0.0,0.0,0.0,0.0,0.0,0.0,0.0,0.0,0.0,0.0,0.0,0.0,0.0,0.0,0.0,0.0,0.0,0.0,0.0,0.0,0.0,0.0,0.0,0.0,0.0,0.0,0.0,0.0,0.0,0.0,0.0,0.0,0.0,0.0,0.0,0.0,0.0,0.0,0.0,0.0,0.0,washroom
0.0,0.0,-0.27758171037095664,0.1525033830532122,-0.6370615482896977,-0.07578001033424489,-0.7781377293816931,-0.4292310299059614,-0.8019511420714437,-0.6495099629295218,-0.6394542999693942,-0.5617047535236799,-0.7830012738445147,-0.8935675813058547,-0.6588222319068666,-0.668971009924386,-0.5598268059932514,-0.4641610066195647,-0.43477748172617,-0.6992017291924101,-0.5152082838818599,-0.998641054428804,-0.3866274565774721,-0.634814193482404,-0.3474439535126892,-0.4431066999336746,-0.228758890770695,-0.7716097532679951,-0.27180208928818117,-0.9830431374584322,-0.17999941993898674,-0.6320100564261983,-0.16546736508047966,-0.46644308876383656,-0.02108330973655308,-0.8129051363639486,-0.06633989896253034,-1.0,-0.021727864375629194,-0.7414259731477545,-0.017667437282811036,-0.5989954259136152,0.0,0.0,0.0,0.0,0.0,0.0,0.0,0.0,0.0,0.0,0.0,0.0,0.0,0.0,0.0,0.0,0.0,0.0,0.0,0.0,0.0,0.0,0.0,0.0,0.0,0.0,0.0,0.0,0.0,0.0,0.0,0.0,0.0,0.0,0.0,0.0,0.0,0.0,0.0,0.0,0.0,0.0,washroom
0.0,0.0,-0.26008156843599983,0.08240295778314638,-0.5713848600107657,-0.24076449169640568,-0.6554876302914655,-0.6721042205229795,-0.630358986245775,-1.0,-0.6167126234838396,-0.5656009847425418,-0.7580775708681129,-0.8766670136718326,-0.6413534090351598,-0.6323699068231301,-0.5479221826385623,-0.44204253052577097,-0.42834351870417675,-0.6807591789276584,-0.5175033337282012,-0.9632186489806851,-0.4067748399716447,-0.6124008706239956,-0.3670565944913015,-0.444843186998007,-0.23384900352252977,-0.7422043921965205,-0.29137117809279467,-0.9518030337140305,-0.2113258041759251,-0.5971134982103593,-0.19413007428816506,-0.43762308640753417,-0.03709707443876188,-0.7720618790551955,-0.09822229082554239,-0.9817459898253983,-0.0632407513294315,-0.724017902731546,-0.053004953626947564,-0.5834688448334777,0.0,0.0,0.0,0.0,0.0,0.0,0.0,0.0,0.0,0.0,0.0,0.0,0.0,0.0,0.0,0.0,0.0,0.0,0.0,0.0,0.0,0.0,0.0,0.0,0.0,0.0,0.0,0.0,0.0,0.0,0.0,0.0,0.0,0.0,0.0,0.0,0.0,0.0,0.0,0.0,0.0,0.0,washroom
0.0,0.0,-0.26445697342027974,0.0662932041652312,-0.5851007647351277,-0.23683787078926358,-0.6791870468818872,-0.670684947143813,-0.6608763131528803,-1.0,-0.6438834598952434,-0.5873476598252407,-0.7763452317344792,-0.9229160262929703,-0.657093552666052,-0.677940681969621,-0.5597000197355437,-0.48278813034260765,-0.45210211046540816,-0.7060927130458821,-0.5296617657879192,-0.9981433460617276,-0.41443988532755155,-0.632717749405355,-0.38264399898502915,-0.461142296020778,-0.2571032485255073,-0.7727080810518838,-0.30380600304353717,-0.9819650137633069,-0.21620322521418567,-0.6191205099059364,-0.20516369842713905,-0.46401495225304956,-0.05841273967167482,-0.8028405429956355,-0.11068648747893213,-0.9954448370923699,-0.06461121322707772,-0.7278905179308073,-0.05462722858641933,-0.5868673365749136,0.0,0.0,0.0,0.0,0.0,0.0,0.0,0.0,0.0,0.0,0.0,0.0,0.0,0.0,0.0,0.0,0.0,0.0,0.0,0.0,0.0,0.0,0.0,0.0,0.0,0.0,0.0,0.0,0.0,0.0,0.0,0.0,0.0,0.0,0.0,0.0,0.0,0.0,0.0,0.0,0.0,0.0,washroom
0.0,0.0,-0.2530031901046961,0.0887610317079537,-0.5777771187201441,-0.19761364797807762,-0.6646955528438523,-0.6024694570635379,-0.6427543549226263,-0.8860134310630764,-0.644532853837015,-0.5760333797809516,-0.7882124140627379,-0.8962727261275905,-0.6594439264995541,-0.6370374551488691,-0.5589563460951872,-0.44598419441604914,-0.4456844294923401,-0.7085887912473745,-0.535947474807389,-1.0,-0.41580743356420014,-0.6192464069267383,-0.38508982025425487,-0.4720688451604149,-0.24158565439878715,-0.7776484111422622,-0.2865765426612524,-0.9632454719152954,-0.20552935535712605,-0.5868411808760822,-0.20495469962039875,-0.46221327604634305,-0.03663573826121356,-0.812932018258235,-0.08474450062910771,-0.9799588014569213,-0.04709498290781862,-0.7090824466749294,-0.043948089006583826,-0.5916268959932113,0.0,0.0,0.0,0.0,0.0,0.0,0.0,0.0,0.0,0.0,0.0,0.0,0.0,0.0,0.0,0.0,0.0,0.0,0.0,0.0,0.0,0.0,0.0,0.0,0.0,0.0,0.0,0.0,0.0,0.0,0.0,0.0,0.0,0.0,0.0,0.0,0.0,0.0,0.0,0.0,0.0,0.0,washroom
0.0,0.0,-0.2455631178088591,0.09236527035467966,-0.5824614259521697,-0.19949542915383595,-0.6775618419177671,-0.6347925521388089,-0.630856819948594,-0.9497717370225606,-0.6381142158236516,-0.5838701713468473,-0.7904824891753589,-0.893260751211492,-0.6681359209718936,-0.645170493549143,-0.5644198728608811,-0.4488415273163293,-0.44291971513466116,-0.7173034923386077,-0.5207441738873031,-0.9896082833739421,-0.40934124928655863,-0.6121632399797168,-0.3837876118872765,-0.44158749871622643,-0.24247655113903432,-0.7886969151016618,-0.2855834867611759,-0.979534468115197,-0.20650364668224694,-0.6064162199797871,-0.20574447923791833,-0.45491425463914825,-0.041479623471314564,-0.821481622408174,-0.08737741779907868,-1.0,-0.053948336512602106,-0.7210240250476279,-0.055037190786584714,-0.5826190756432299,0.0,0.0,0.0,0.0,0.0,0.0,0.0,0.0,0.0,0.0,0.0,0.0,0.0,0.0,0.0,0.0,0.0,0.0,0.0,0.0,0.0,0.0,0.0,0.0,0.0,0.0,0.0,0.0,0.0,0.0,0.0,0.0,0.0,0.0,0.0,0.0,0.0,0.0,0.0,0.0,0.0,0.0,washroom
0.0,0.0,-0.24573398894792126,0.09172129275830047,-0.5842299319520772,-0.21290566152628293,-0.6778544352935804,-0.6611039900135487,-0.6478259678180517,-0.9765909056310798,-0.650674237695809,-0.5798395469561114,-0.8072146021403888,-0.9171975521015695,-0.6770628263483993,-0.654127479486672,-0.5739097870267472,-0.45732162158047773,-0.45733197338976084,-0.7114908127692612,-0.5283121983893803,-0.9861748542373914,-0.41562696950783234,-0.6024104492380764,-0.4054992464491772,-0.4400441474219428,-0.262444549315715,-0.782477127068459,-0.30052733334348214,-0.9853202210415747,-0.21719161503448065,-0.6105618901185891,-0.22703466333784955,-0.46281112515032957,-0.0673762730441931,-0.822078886876037,-0.09929333678393643,-1.0,-0.05549300491710941,-0.722233098387858,-0.06197841343299487,-0.5851570278128758,0.0,0.0,0.0,0.0,0.0,0.0,0.0,0.0,0.0,0.0,0.0,0.0,0.0,0.0,0.0,0.0,0.0,0.0,0.0,0.0,0.0,0.0,0.0,0.0,0.0,0.0,0.0,0.0,0.0,0.0,0.0,0.0,0.0,0.0,0.0,0.0,0.0,0.0,0.0,0.0,0.0,0.0,washroom
0.0,0.0,-0.22503393609181938,0.08149396372215068,-0.5455883080634829,-0.23545937097531325,-0.634294510444292,-0.6691453721869822,-0.6111620654007,-1.0,-0.6124850045939103,-0.5911253943607911,-0.7603013926168438,-0.8615273715477132,-0.6317821028741697,-0.6012897720965751,-0.530020635818592,-0.42053979449773915,-0.42207912224883615,-0.7235546568342274,-0.4956694203381172,-0.9459076751068903,-0.38048892045112603,-0.5629322923144615,-0.35730699223916684,-0.4058221628424202,-0.22591794620778383,-0.7882839905901737,-0.26385869746927026,-0.9216412630779334,-0.18103911978805157,-0.5450806375036945,-0.18440076551798848,-0.4169358149810961,-0.0302534741865034,-0.8178695757420135,-0.07328403739857622,-0.9369686076105113,-0.032074187305828714,-0.6542257957094081,-0.03139613416090589,-0.5452194578517083,0.0,0.0,0.0,0.0,0.0,0.0,0.0,0.0,0.0,0.0,0.0,0.0,0.0,0.0,0.0,0.0,0.0,0.0,0.0,0.0,0.0,0.0,0.0,0.0,0.0,0.0,0.0,0.0,0.0,0.0,0.0,0.0,0.0,0.0,0.0,0.0,0.0,0.0,0.0,0.0,0.0,0.0,washroom
0.0,0.0,-0.23965997662981367,0.06880486962367796,-0.5521212239102102,-0.25378252606261437,-0.63394942290947,-0.6777093403319299,-0.6089407045408112,-1.0,-0.6114122333301167,-0.5857932609394072,-0.7677720274049825,-0.8690253747436456,-0.6438004484604245,-0.6154038031793472,-0.5410692692983617,-0.4268060690271038,-0.42080066090510587,-0.7193070514725112,-0.5036739199171275,-0.952083108461083,-0.3911133283673912,-0.5808290987425334,-0.3596285434622279,-0.4229947783868876,-0.22292121734997955,-0.7806877995091778,-0.2715899926985649,-0.9424829227404423,-0.19738412070722847,-0.5716249424549528,-0.19680692211137213,-0.4307470386470058,-0.02436566319292278,-0.8028869337875657,-0.06862687886724649,-0.9408618083581154,-0.039233485350152954,-0.6672691653771872,-0.04400796025517263,-0.5498294657849004,0.0,0.0,0.0,0.0,0.0,0.0,0.0,0.0,0.0,0.0,0.0,0.0,0.0,0.0,0.0,0.0,0.0,0.0,0.0,0.0,0.0,0.0,0.0,0.0,0.0,0.0,0.0,0.0,0.0,0.0,0.0,0.0,0.0,0.0,0.0,0.0,0.0,0.0,0.0,0.0,0.0,0.0,washroom
0.0,0.0,-0.21638579521621554,0.08923375832392443,-0.526086289250233,-0.2437627946435125,-0.6241982100096708,-0.677021263181776,-0.6015843786678362,-1.0,-0.6018788985050127,-0.5686025286828957,-0.764665764853061,-0.8582645142482025,-0.6238942563339597,-0.6020282292662061,-0.522294346346585,-0.41980351385175113,-0.4167529326007459,-0.7180718062372399,-0.47605772312696315,-0.8981151190607947,-0.34856905926452414,-0.5195527808309923,-0.33934483602032833,-0.380433574617176,-0.22656766811848073,-0.7862230062790249,-0.2396282423355239,-0.8624500322936399,-0.1518367108392734,-0.4890902259220254,-0.17232378682562147,-0.38493259522367057,-0.03943413535533473,-0.8184301310360172,-0.04618094056290564,-0.8559290639768415,0.002427257626855791,-0.5823156484141833,-0.014092544115275064,-0.5077660049097378,0.0,0.0,0.0,0.0,0.0,0.0,0.0,0.0,0.0,0.0,0.0,0.0,0.0,0.0,0.0,0.0,0.0,0.0,0.0,0.0,0.0,0.0,0.0,0.0,0.0,0.0,0.0,0.0,0.0,0.0,0.0,0.0,0.0,0.0,0.0,0.0,0.0,0.0,0.0,0.0,0.0,0.0,washroom
0.0,0.0,-0.22048983990805454,0.05985659838364326,-0.5180866219051375,-0.25180837590699573,-0.6153263422898233,-0.6753354417013345,-0.5978811055740942,-1.0,-0.6105073098091964,-0.5912743426324827,-0.7518815984221814,-0.8672638761070639,-0.607295869391293,-0.6038928392344074,-0.5075463234259416,-0.4414978529837239,-0.43580675686359227,-0.7467102169963001,-0.48043175078006756,-0.9007139030067036,-0.3563027408563797,-0.5264927868665454,-0.3453479919303283,-0.4031589844686787,-0.25598437156253323,-0.8221687165667647,-0.2464251446777802,-0.8579020747406987,-0.16455906942881812,-0.4913147086085234,-0.19059875757357542,-0.4108199314108734,-0.07807083667239013,-0.8572077271004567,-0.05647426872729139,-0.8351329555712204,-0.01242492490012559,-0.5660598116738931,-0.035885859201801915,-0.5114208405151959,0.0,0.0,0.0,0.0,0.0,0.0,0.0,0.0,0.0,0.0,0.0,0.0,0.0,0.0,0.0,0.0,0.0,0.0,0.0,0.0,0.0,0.0,0.0,0.0,0.0,0.0,0.0,0.0,0.0,0.0,0.0,0.0,0.0,0.0,0.0,0.0,0.0,0.0,0.0,0.0,0.0,0.0,washroom
0.0,0.0,-0.23256511001405117,0.07512861285193154,-0.5176409547763364,-0.2579876397300151,-0.5982651799339662,-0.6806629834254143,-0.5877601390336582,-1.0,-0.5989613817787565,-0.6187063937188868,-0.7393609846873835,-0.8640072638161597,-0.5914532334989259,-0.5880212147254545,-0.493498584806449,-0.42965100505356135,-0.41929024826479233,-0.7839784690070803,-0.4644038384121306,-0.8824222987166879,-0.35114411822615293,-0.5053059035043158,-0.34022565580281033,-0.3943871826925214,-0.23529927325664018,-0.8465653198254741,-0.2341698056557098,-0.8152756152099846,-0.16557552668610093,-0.4488848212804595,-0.19120352689901302,-0.3881984692034556,-0.055942753521705406,-0.860882417234303,-0.04109554636496542,-0.7584019397737861,-0.005388122709709359,-0.4952444638982239,-0.02734349282274397,-0.46978245242681016,0.0,0.0,0.0,0.0,0.0,0.0,0.0,0.0,0.0,0.0,0.0,0.0,0.0,0.0,0.0,0.0,0.0,0.0,0.0,0.0,0.0,0.0,0.0,0.0,0.0,0.0,0.0,0.0,0.0,0.0,0.0,0.0,0.0,0.0,0.0,0.0,0.0,0.0,0.0,0.0,0.0,0.0,washroom
0.0,0.0,-0.2319201997494473,0.049305555762906315,-0.5207357893151722,-0.28165711144599087,-0.602065591780231,-0.6908592253886509,-0.5758143883578885,-1.0,-0.5980267307310846,-0.6510138407130133,-0.7292708044390049,-0.8708499035619908,-0.5981628855343185,-0.5955542470893178,-0.5034449255313844,-0.4391277055417493,-0.4273509122322052,-0.8220648811477054,-0.45100800835082794,-0.8781467261089874,-0.35497965789513236,-0.5104887469747109,-0.3472256020396149,-0.4255183959769839,-0.24292485200380956,-0.8870293340945262,-0.21744678492029818,-0.803525434025782,-0.1657173153577144,-0.44403306053603786,-0.1950045320240974,-0.41181732125974646,-0.0611253453261032,-0.9041710048592734,-0.0258950909325977,-0.7535206914991928,-0.005324170353943766,-0.4941354403886304,-0.03379147234997517,-0.48864883974310935,0.0,0.0,0.0,0.0,0.0,0.0,0.0,0.0,0.0,0.0,0.0,0.0,0.0,0.0,0.0,0.0,0.0,0.0,0.0,0.0,0.0,0.0,0.0,0.0,0.0,0.0,0.0,0.0,0.0,0.0,0.0,0.0,0.0,0.0,0.0,0.0,0.0,0.0,0.0,0.0,0.0,0.0,washroom
0.0,0.0,-0.2380690840324117,0.04503315101484179,-0.5294731120936486,-0.2963790242837019,-0.6083326449386608,-0.6969313586127648,-0.5967016864633183,-1.0,-0.6073989942430467,-0.669024480104111,-0.7342536010443466,-0.8952371872479896,-0.6036339935309653,-0.6216998384073695,-0.5060276232302952,-0.45427376632025857,-0.4363834004012329,-0.839519854832121,-0.45402406904119896,-0.9025429545938822,-0.3621409972435592,-0.5327610232219456,-0.3596274437640769,-0.4438354331098,-0.2502811561753838,-0.9033113905680948,-0.22251699002464304,-0.8248927263972167,-0.17379917568315645,-0.46849841827136646,-0.20918828744084864,-0.4396618368501665,-0.06603358043494502,-0.9197405832790266,-0.030269429285779918,-0.7720693163594452,-0.013630707988506819,-0.512572652778958,-0.050881791630285375,-0.5088775278271827,0.0,0.0,0.0,0.0,0.0,0.0,0.0,0.0,0.0,0.0,0.0,0.0,0.0,0.0,0.0,0.0,0.0,0.0,0.0,0.0,0.0,0.0,0.0,0.0,0.0,0.0,0.0,0.0,0.0,0.0,0.0,0.0,0.0,0.0,0.0,0.0,0.0,0.0,0.0,0.0,0.0,0.0,washroom
0.0,0.0,-0.23050589461463816,0.04436447470450474,-0.5112812952804283,-0.2877813538624677,-0.586574028680161,-0.6933749160690439,-0.5859646990173317,-1.0,-0.603154752723587,-0.6671536716794926,-0.7276883183208496,-0.8710869252342183,-0.5988070670772953,-0.6041593439117398,-0.5077004322838452,-0.45658765067673246,-0.43541229809982035,-0.8434192874245099,-0.43273969562951226,-0.8458438002140299,-0.3465753589607298,-0.4826466237727636,-0.35795250707237164,-0.42660434990278057,-0.25106006732825187,-0.9054031944700084,-0.2084283977439512,-0.7771347132700648,-0.167759847659939,-0.4177705988498807,-0.21396874872777585,-0.4092678888810525,-0.0718945928490921,-0.9192997525410557,-0.030955781741478703,-0.7153996604344168,-0.018145906166672304,-0.4508733693311842,-0.06333664565549671,-0.45646895753977607,0.0,0.0,0.0,0.0,0.0,0.0,0.0,0.0,0.0,0.0,0.0,0.0,0.0,0.0,0.0,0.0,0.0,0.0,0.0,0.0,0.0,0.0,0.0,0.0,0.0,0.0,0.0,0.0,0.0,0.0,0.0,0.0,0.0,0.0,0.0,0.0,0.0,0.0,0.0,0.0,0.0,0.0,washroom
0.0,0.0,-0.23028675475844598,0.0389075344703401,-0.5131153724504419,-0.2944780960086934,-0.5946561311689511,-0.6926595045275901,-0.5991117323378116,-1.0,-0.6165438358337344,-0.6990105238689891,-0.7427015124989857,-0.882622365202019,-0.6148511815332225,-0.6153594404025519,-0.5178496775726774,-0.46324548248068104,-0.44717663836388827,-0.8778183840914395,-0.44620252371633795,-0.8577257757404592,-0.3588386641407274,-0.4926094303318177,-0.36653405421158103,-0.44359030056274684,-0.25729174155470164,-0.9363072805529209,-0.217921435167312,-0.7815523810202993,-0.17577411179497873,-0.4255296676118059,-0.21430194585857681,-0.4260273257083581,-0.07134917577064245,-0.9414084687839044,-0.04097044485275623,-0.7268577902477131,-0.02605149547028979,-0.4626065449942091,-0.06162614697952181,-0.47033527931397967,0.0,0.0,0.0,0.0,0.0,0.0,0.0,0.0,0.0,0.0,0.0,0.0,0.0,0.0,0.0,0.0,0.0,0.0,0.0,0.0,0.0,0.0,0.0,0.0,0.0,0.0,0.0,0.0,0.0,0.0,0.0,0.0,0.0,0.0,0.0,0.0,0.0,0.0,0.0,0.0,0.0,0.0,washroom
0.0,0.0,-0.23752642790482945,0.03098079673998076,-0.5187726934355349,-0.30520686087685606,-0.6017054801507219,-0.6972669381106082,-0.6087466402394829,-1.0,-0.6220848306061553,-0.7132365022399365,-0.7399224970535248,-0.8815630879310509,-0.6111968847303505,-0.616900341694026,-0.5128359988851513,-0.4678569090289769,-0.44920097859799984,-0.8918930325895208,-0.44301797131177684,-0.8571865874735649,-0.3626167642063178,-0.4964257253174593,-0.37212393587754583,-0.4524391931056277,-0.255351701802765,-0.9454395177731175,-0.21649024348715765,-0.7817472071817948,-0.1808691147768317,-0.4342974236860749,-0.2190035563444229,-0.44384266711506737,-0.0658722167598223,-0.9435426597410678,-0.038197509933988766,-0.7215384528118348,-0.028969338871428118,-0.464370458969461,-0.0642833938587755,-0.4803779025749487,0.0,0.0,0.0,0.0,0.0,0.0,0.0,0.0,0.0,0.0,0.0,0.0,0.0,0.0,0.0,0.0,0.0,0.0,0.0,0.0,0.0,0.0,0.0,0.0,0.0,0.0,0.0,0.0,0.0,0.0,0.0,0.0,0.0,0.0,0.0,0.0,0.0,0.0,0.0,0.0,0.0,0.0,washroom
0.0,0.0,-0.23986261790614857,0.026108540904704672,-0.519468273652872,-0.2998262816474703,-0.6030640036909202,-0.6918375874697493,-0.6016197981239118,-1.0,-0.6234275740910376,-0.7164347233552958,-0.7352800911038122,-0.8800615049783432,-0.6059059967062558,-0.617074312591847,-0.510524919974872,-0.46894069483262435,-0.4529033319372291,-0.88871158937095,-0.443428986056405,-0.8487379175724916,-0.36265815784355016,-0.4947083830248357,-0.3759857902291414,-0.45582340061662296,-0.2609411050211877,-0.9396446955209332,-0.22535763558144958,-0.8003856782430023,-0.19032904716712068,-0.44934739329732076,-0.23079923746101436,-0.4505525164204095,-0.07253850688838083,-0.9369760421328912,-0.05460868312088628,-0.7689114747240234,-0.047269764917477225,-0.4992023949418623,-0.08293247532969246,-0.4916642089988418,0.0,0.0,0.0,0.0,0.0,0.0,0.0,0.0,0.0,0.0,0.0,0.0,0.0,0.0,0.0,0.0,0.0,0.0,0.0,0.0,0.0,0.0,0.0,0.0,0.0,0.0,0.0,0.0,0.0,0.0,0.0,0.0,0.0,0.0,0.0,0.0,0.0,0.0,0.0,0.0,0.0,0.0,washroom
0.0,0.0,-0.2432070693451002,0.016783097054038156,-0.5273728368582545,-0.30986427141547895,-0.6165564526908984,-0.6939579616092904,-0.6135458610790874,-1.0,-0.6331474919713678,-0.7421193322339426,-0.7568703406637407,-0.9039704048887507,-0.6299893659897658,-0.6403143433258355,-0.5244599943556467,-0.47764282576686756,-0.45961995429672603,-0.9192717833029748,-0.45176926393605304,-0.8715978427601353,-0.37700293338398205,-0.5121539279305735,-0.3864746804003828,-0.45548899194257936,-0.2617318410032823,-0.967370719972784,-0.22846192990943637,-0.802326509750676,-0.19688775336220002,-0.45433846671313965,-0.2325550473703719,-0.45028542031560415,-0.07021968150992625,-0.9553983766969362,-0.0503183271585781,-0.7427058268891609,-0.04549482349657873,-0.4815960992641192,-0.07725923640541109,-0.4849110690544838,0.0,0.0,0.0,0.0,0.0,0.0,0.0,0.0,0.0,0.0,0.0,0.0,0.0,0.0,0.0,0.0,0.0,0.0,0.0,0.0,0.0,0.0,0.0,0.0,0.0,0.0,0.0,0.0,0.0,0.0,0.0,0.0,0.0,0.0,0.0,0.0,0.0,0.0,0.0,0.0,0.0,0.0,washroom
0.0,0.0,-0.24756841012497574,0.02561063140935793,-0.5340038547278946,-0.29416215117228295,-0.6185178910099819,-0.6883379592121733,-0.6126027217212993,-1.0,-0.6336821482150063,-0.7415338202571393,-0.7659812562059168,-0.9055697429531077,-0.6403577893946721,-0.6443069858471725,-0.5322931523644351,-0.47654273829437016,-0.45889108288691804,-0.9200479735980918,-0.4551059742121374,-0.8668804531204916,-0.375958984216563,-0.509500353743676,-0.37823588182804874,-0.4471541860352881,-0.26014484494321105,-0.9672906725647905,-0.2298510374598637,-0.7961107705451144,-0.19546550922146613,-0.4494994706680262,-0.22661323032153194,-0.4400485075508102,-0.06543590565055464,-0.9543735348388747,-0.04707696825753772,-0.7331427532861196,-0.042236070765164516,-0.4696194251998985,-0.07411099439452329,-0.4690335147745744,0.0,0.0,0.0,0.0,0.0,0.0,0.0,0.0,0.0,0.0,0.0,0.0,0.0,0.0,0.0,0.0,0.0,0.0,0.0,0.0,0.0,0.0,0.0,0.0,0.0,0.0,0.0,0.0,0.0,0.0,0.0,0.0,0.0,0.0,0.0,0.0,0.0,0.0,0.0,0.0,0.0,0.0,washroom
0.0,0.0,-0.25443416777080424,0.03434282518686381,-0.5477828880151611,-0.29335260307563155,-0.6308525890259131,-0.6925767316431233,-0.6329393042967717,-1.0,-0.6511638837835902,-0.6885631102622924,-0.7734144177495254,-0.885398643645292,-0.6437127305673747,-0.6323133510233764,-0.5426974008429627,-0.47047653477335966,-0.4813907647675569,-0.8557788739850611,-0.4845985964791099,-0.8767404408014858,-0.3976088707572022,-0.5274628057972306,-0.3970630264237908,-0.44378227411910054,-0.29349340679922586,-0.9116046893566384,-0.2660180839801228,-0.8265699691815594,-0.22205319417538524,-0.4812710100766624,-0.2543847127619366,-0.4437285275598766,-0.10786423537396213,-0.9130064936265879,-0.0814127538541443,-0.7734252488051864,-0.06549600666130359,-0.5096132260677352,-0.09652861600668583,-0.4877318369582799,0.0,0.0,0.0,0.0,0.0,0.0,0.0,0.0,0.0,0.0,0.0,0.0,0.0,0.0,0.0,0.0,0.0,0.0,0.0,0.0,0.0,0.0,0.0,0.0,0.0,0.0,0.0,0.0,0.0,0.0,0.0,0.0,0.0,0.0,0.0,0.0,0.0,0.0,0.0,0.0,0.0,0.0,washroom
0.0,0.0,-0.25022263017074414,0.0157078512697666,-0.5396348100631654,-0.30196115752397423,-0.6156095439029111,-0.6962670564086303,-0.5982361412970214,-1.0,-0.6266104722495969,-0.6470254476445869,-0.7571745666005248,-0.866198361973117,-0.6276867025101577,-0.6130991447701728,-0.5244881115690024,-0.4558888446691291,-0.4542267137694296,-0.7891174187535688,-0.4932542957663448,-0.9142508660746227,-0.3947521652368572,-0.5550418641298027,-0.37140205298618184,-0.4239043436725749,-0.2711913138620631,-0.8479272960081897,-0.2761372649305068,-0.8741241167728947,-0.2197354755191317,-0.517698947672554,-0.23473670486422277,-0.4254415280417438,-0.09094739248059305,-0.8605244615528862,-0.09552252800029618,-0.8205310086706051,-0.07013443924761666,-0.5505488190842647,-0.0841423336148822,-0.48820150636020093,0.0,0.0,0.0,0.0,0.0,0.0,0.0,0.0,0.0,0.0,0.0,0.0,0.0,0.0,0.0,0.0,0.0,0.0,0.0,0.0,0.0,0.0,0.0,0.0,0.0,0.0,0.0,0.0,0.0,0.0,0.0,0.0,0.0,0.0,0.0,0.0,0.0,0.0,0.0,0.0,0.0,0.0,washroom
0.0,0.0,-0.25024954012138684,0.008033745531307772,-0.5479724938523626,-0.3223254588138446,-0.6362004446302734,-0.7032271720825047,-0.6252920908350593,-1.0,-0.6514549755540879,-0.6722996748693163,-0.7628683018451825,-0.8860257852254528,-0.6281869804049494,-0.6146595628012241,-0.5266248181487373,-0.47157879185968155,-0.4788614886072966,-0.835843856573593,-0.49757387545762366,-0.9171488369258108,-0.4002312922831872,-0.5498351716913958,-0.3767705179834874,-0.45116491018103416,-0.29137084869686736,-0.9030678464124451,-0.28245283822466843,-0.8544057347847774,-0.22441329117241213,-0.5097213103047288,-0.2359704332716746,-0.47112982779143087,-0.11151217097183642,-0.9189063722048758,-0.09865787923934001,-0.788409724651383,-0.07299519557209988,-0.5429427299683942,-0.08356559876339541,-0.5438538943256428,0.0,0.0,0.0,0.0,0.0,0.0,0.0,0.0,0.0,0.0,0.0,0.0,0.0,0.0,0.0,0.0,0.0,0.0,0.0,0.0,0.0,0.0,0.0,0.0,0.0,0.0,0.0,0.0,0.0,0.0,0.0,0.0,0.0,0.0,0.0,0.0,0.0,0.0,0.0,0.0,0.0,0.0,washroom
0.0,0.0,-0.26961593108525905,-0.011835290863292366,-0.5549519430702694,-0.3210391044958225,-0.6476182958615484,-0.6989751083778184,-0.6546676855974506,-1.0,-0.6522940611889357,-0.6350216010532056,-0.7830760160551452,-0.8971097618505423,-0.6605724081181028,-0.6589422585709169,-0.5594703050132978,-0.49642116861302005,-0.48080284108451865,-0.7628799510466161,-0.5543053318300845,-0.9868544889535888,-0.4434202358349761,-0.6324728770218535,-0.39638572956701495,-0.48070411470142954,-0.2988768942542642,-0.828393055809745,-0.32991702792606137,-0.9534484147663003,-0.25561564515130053,-0.5920348764918977,-0.2424820092122892,-0.467865726530713,-0.1144925673469939,-0.8521600354669875,-0.15196179102698257,-0.9547356996929702,-0.1196323932439487,-0.6863195037229626,-0.11298140171904986,-0.5844208370413938,0.0,0.0,0.0,0.0,0.0,0.0,0.0,0.0,0.0,0.0,0.0,0.0,0.0,0.0,0.0,0.0,0.0,0.0,0.0,0.0,0.0,0.0,0.0,0.0,0.0,0.0,0.0,0.0,0.0,0.0,0.0,0.0,0.0,0.0,0.0,0.0,0.0,0.0,0.0,0.0,0.0,0.0,washroom
0.0,0.0,-0.2654199971591576,-0.028531170573522373,-0.5327620961883195,-0.3388771605338645,-0.6005866269785642,-0.7129203232051026,-0.620680356179332,-1.0,-0.6263362362464986,-0.6077731213069921,-0.7507514167597147,-0.8589322989133429,-0.6281532594946788,-0.61437517392023,-0.5379858055520104,-0.4875473696519457,-0.46120959907158854,-0.731676159776229,-0.5281344522811708,-0.94212236963451,-0.426215860781055,-0.5994544745708573,-0.38579151053076094,-0.4860155930165492,-0.2882797118521014,-0.7940447388505654,-0.3209693921317965,-0.9142352705693145,-0.251861832771093,-0.5688912415341386,-0.2368474460664213,-0.47416797840587827,-0.11917287316336168,-0.8154975158902357,-0.15985108592478836,-0.8958479065990537,-0.12391094261335647,-0.6460068612620454,-0.10770396004594633,-0.5742230516924051,0.0,0.0,0.0,0.0,0.0,0.0,0.0,0.0,0.0,0.0,0.0,0.0,0.0,0.0,0.0,0.0,0.0,0.0,0.0,0.0,0.0,0.0,0.0,0.0,0.0,0.0,0.0,0.0,0.0,0.0,0.0,0.0,0.0,0.0,0.0,0.0,0.0,0.0,0.0,0.0,0.0,0.0,washroom
0.0,0.0,-0.25802835034585414,-0.019014139277325825,-0.5389853749355374,-0.3309091039620368,-0.6102307249595277,-0.7080081889831614,-0.612898486043192,-1.0,-0.630384429924009,-0.6191031603683846,-0.7518164969004149,-0.8663637875602598,-0.6152214100510076,-0.6101156197315727,-0.5321570743649171,-0.4833979254735527,-0.4619263733357902,-0.7482375858054434,-0.5136538491451462,-0.9374740504716084,-0.40935056481728543,-0.581194294513836,-0.38926218984704886,-0.47096703946242746,-0.28317991952206206,-0.8108991010544931,-0.30295695997760114,-0.9052243654555092,-0.2322040976025328,-0.5541457624644484,-0.23379762299328632,-0.47534079882070984,-0.10963067015890983,-0.8336023509225767,-0.13321479808126047,-0.8794435463896803,-0.09593434455230408,-0.6274754504000565,-0.09001874946904423,-0.5717020617236829,0.0,0.0,0.0,0.0,0.0,0.0,0.0,0.0,0.0,0.0,0.0,0.0,0.0,0.0,0.0,0.0,0.0,0.0,0.0,0.0,0.0,0.0,0.0,0.0,0.0,0.0,0.0,0.0,0.0,0.0,0.0,0.0,0.0,0.0,0.0,0.0,0.0,0.0,0.0,0.0,0.0,0.0,washroom
0.0,0.0,-0.258309138947515,0.10468643516963343,-0.6020874338434101,-0.18734899154344173,-0.7285199337515113,-0.6068627864512794,-0.6839514442011313,-0.9575373071246261,-0.6457665796126154,-0.5868049503077045,-0.8089852180899639,-0.8612303537606283,-0.6556120387672577,-0.5808288988958415,-0.5436943069631891,-0.3942025626991601,-0.4315431435914141,-0.7222420136504953,-0.5254700435981732,-0.9912046441024056,-0.38970976731548107,-0.589905626225918,-0.35103093578107847,-0.3779907572618308,-0.20828668513452553,-0.7847769415687584,-0.26962091424879503,-1.0,-0.17926460247434073,-0.6204743200712695,-0.16831432424525627,-0.43343194038381366,0.015673117204160637,-0.799433327082517,-0.04973007145750233,-0.9909376715692377,-0.008274115742418259,-0.7232506141977552,-0.002803889193524425,-0.5790088780225195,0.0,0.0,-0.29950300762814513,-0.03934540444814998,-0.5670128532328919,-0.3328916965101853,-0.6452573875506193,-0.7022574143270941,-0.6490273576817244,-1.0,-0.629037931764092,-0.5953841032794881,-0.7641042455413232,-0.8834931958877635,-0.6581077327833831,-0.646363360962105,-0.5621605359915197,-0.4896915822638932,-0.46021042108894145,-0.7040057606172659,-0.5443491925317787,-0.9653613485262701,-0.4557951904201124,-0.6433727962567538,-0.4030985631533657,-0.4822933998089945,-0.28728322212345847,-0.7668553970609931,-0.3446001038507196,-0.950088913646919,-0.2746187371269473,-0.631186612602689,-0.2375461828560208,-0.49000607458455775,-0.11188549959389013,-0.7916013224428335,-0.17765534686822876,-0.9414055916629608,-0.14788620733286886,-0.7073018921517102,-0.12011926556855118,-0.5982360603510238,washroom
0.0,0.0,-0.3002920700170502,-0.03317019871812765,-0.5792291903673292,-0.31371293510713505,-0.6542496557766573,-0.6943424892659854,-0.6553850088954034,-1.0,-0.6465277734261289,-0.5819009445704999,-0.7929695266209829,-0.8841763221053195,-0.6677781885734371,-0.6570028728478564,-0.5660085644248807,-0.5034954976099478,-0.4782861579775789,-0.6994154042295749,-0.57015320146223,-0.9778368304450095,-0.4584770089569278,-0.6539255133157609,-0.4051908937046293,-0.4970770211478745,-0.3040709786538802,-0.7670797156888939,-0.35464062057615325,-0.9512644119491785,-0.26682393367669266,-0.6136358587012313,-0.23323730589193012,-0.4692403616039868,-0.1257219860305423,-0.7944614934137556,-0.1823822590963546,-0.9374782457113787,-0.14037932073640155,-0.687428114715669,-0.11694251057165855,-0.569715124920175,0.0,0.0,0.0,0.0,0.0,0.0,0.0,0.0,0.0,0.0,0.0,0.0,0.0,0.0,0.0,0.0,0.0,0.0,0.0,0.0,0.0,0.0,0.0,0.0,0.0,0.0,0.0,0.0,0.0,0.0,0.0,0.0,0.0,0.0,0.0,0.0,0.0,0.0,0.0,0.0,0.0,0.0,washroom
0.0,0.0,-0.28393372175570175,-0.028259810111740617,-0.5637895038569869,-0.3099528352589866,-0.6432590774866794,-0.6922578572217168,-0.6322047411765288,-1.0,-0.6201695903213092,-0.5887203122992746,-0.7737697506540463,-0.8694051404936,-0.6468519989594685,-0.6432619905087914,-0.5408619807210371,-0.48638526290461515,-0.4498810176118404,-0.7062828934815596,-0.5403472497138684,-0.9644885126429529,-0.43293946361358643,-0.637244269430076,-0.38315387660613115,-0.4725801598142191,-0.2742219973369152,-0.7708258505077834,-0.33295697087647885,-0.9475345783007235,-0.2536962609322079,-0.6179789976931778,-0.22560744521843443,-0.4770516487559502,-0.09711695288565426,-0.7950482119724627,-0.15841072504829062,-0.9312427738845237,-0.11810848152605072,-0.6858165827279346,-0.09529456625246405,-0.576843629846941,0.0,0.0,0.0,0.0,0.0,0.0,0.0,0.0,0.0,0.0,0.0,0.0,0.0,0.0,0.0,0.0,0.0,0.0,0.0,0.0,0.0,0.0,0.0,0.0,0.0,0.0,0.0,0.0,0.0,0.0,0.0,0.0,0.0,0.0,0.0,0.0,0.0,0.0,0.0,0.0,0.0,0.0,washroom
0.0,0.0,-0.24731306918202695,0.11513372533396198,-0.5868514758864894,-0.18948966585250768,-0.6986825915516606,-0.6475078826756535,-0.6558880860567433,-1.0,-0.6282960040746678,-0.554914131024255,-0.7759948399534816,-0.8412030164234746,-0.6300653663359435,-0.5633580479373119,-0.5223235350666162,-0.381701773447423,-0.42952515054195856,-0.6754350228787798,-0.5037731528416423,-0.9469509889277125,-0.37439083304693477,-0.5659129605691942,-0.340802558135787,-0.36858578071376397,-0.23216836263343768,-0.7374601462487909,-0.27759573614052657,-0.9637869149645472,-0.18501510198100363,-0.5986654638551259,-0.17799836818401069,-0.4195239999505283,-0.037222944517132005,-0.7631363248460662,-0.07472023200720487,-0.9458626118875209,-0.025215942025183336,-0.6786038341304396,-0.023431963130103407,-0.536410596984551,0.0,0.0,-0.3056318882510114,-0.029344268732085017,-0.5835842495853727,-0.314957184785095,-0.661028088700635,-0.6926525738055275,-0.6438758255928968,-1.0,-0.6340213767558165,-0.5889577320120939,-0.7675874581555209,-0.8868667390070012,-0.6647732903363327,-0.6771236053658163,-0.5670278281757085,-0.5122100803202089,-0.47041016471034053,-0.699397863321643,-0.5418329486747196,-0.9580271282486928,-0.45431153171828653,-0.6631272464821344,-0.40580496904552515,-0.4941886736476544,-0.30170749782012934,-0.7615788683121288,-0.3363339406015633,-0.9261505322997932,-0.2672661648549381,-0.6216299262116123,-0.23586480875413615,-0.47341181075419475,-0.12691334679171032,-0.7862897822497761,-0.17129545084835768,-0.9117309762267888,-0.13944191571831646,-0.6799036805690164,-0.11883520427211018,-0.5666498177260412,washroom
0.0,0.0,-0.30658988745126353,-0.029187272128438455,-0.5762314612444837,-0.3155665177570416,-0.6591234455042517,-0.696560622972821,-0.6707034070160828,-1.0,-0.6217661026499014,-0.5760159406398432,-0.7561218447052485,-0.868410379485461,-0.6683293949899672,-0.6612241143244817,-0.5721211284934831,-0.4863189589960551,-0.45798259901093785,-0.6785074869591143,-0.5311984966123676,-0.948667492938497,-0.4538285707714964,-0.6537324735506773,-0.40424996119150697,-0.4812683518998092,-0.28937583623062346,-0.7358970757697839,-0.33522390241778965,-0.9248304541127557,-0.2716676645993444,-0.619027413990934,-0.23784209994603772,-0.4655645875991875,-0.11366017887224572,-0.7586276002717005,-0.16902729078936884,-0.9070263495294111,-0.13924043771052066,-0.6757855537130077,-0.1170592279204315,-0.5589884987232211,0.0,0.0,0.0,0.0,0.0,0.0,0.0,0.0,0.0,0.0,0.0,0.0,0.0,0.0,0.0,0.0,0.0,0.0,0.0,0.0,0.0,0.0,0.0,0.0,0.0,0.0,0.0,0.0,0.0,0.0,0.0,0.0,0.0,0.0,0.0,0.0,0.0,0.0,0.0,0.0,0.0,0.0,washroom
0.0,0.0,-0.28994532879687984,0.014340285882797956,-0.5760514463734814,-0.29267939420089806,-0.6570261977830391,-0.6942023464391299,-0.6623154707951492,-1.0,-0.6155648723288801,-0.5582717688631819,-0.7570615988270162,-0.8631741229483983,-0.650887434448281,-0.6393340965946621,-0.55469023412856,-0.4636324165776588,-0.44899942368043533,-0.6641205535227744,-0.5232126093735632,-0.9403871344993784,-0.4328705598383745,-0.618173973058155,-0.3995022970258744,-0.44115325890019635,-0.2769601180798285,-0.7211718116071636,-0.33100616099424723,-0.9362851943133326,-0.25722681492664307,-0.6098495068274163,-0.235941053051378,-0.448434219572028,-0.10247979092163637,-0.7435118576655723,-0.15665517732689446,-0.9213210955528407,-0.11954268992020113,-0.6755442110535466,-0.10405481738821135,-0.542698341001314,0.0,0.0,0.0,0.0,0.0,0.0,0.0,0.0,0.0,0.0,0.0,0.0,0.0,0.0,0.0,0.0,0.0,0.0,0.0,0.0,0.0,0.0,0.0,0.0,0.0,0.0,0.0,0.0,0.0,0.0,0.0,0.0,0.0,0.0,0.0,0.0,0.0,0.0,0.0,0.0,0.0,0.0,washroom
0.0,0.0,-0.2946079803793191,-0.00694669131598222,-0.5663663212203808,-0.3117829756313845,-0.6445084280832252,-0.706258812729476,-0.6415452811340138,-1.0,-0.6251295922876838,-0.5782733786302635,-0.7460328872998288,-0.8668751763453723,-0.6405419508618727,-0.6234751685743741,-0.5493685337760623,-0.4582386923806816,-0.4528294966753564,-0.6847814443089967,-0.5336344413542017,-0.9582170861008436,-0.4448075751980243,-0.6339264347931552,-0.3996965679423087,-0.4721970754175368,-0.2799091737359146,-0.742319875344475,-0.3181432107803353,-0.9014906154303699,-0.2552707521055229,-0.5792690831565794,-0.23730631059517493,-0.444556288716547,-0.10357868988960461,-0.7658903294285884,-0.14966434008792848,-0.8738552756906838,-0.11958476724589653,-0.6293085009998806,-0.10698630888119778,-0.5250761757538323,0.0,0.0,0.0,0.0,0.0,0.0,0.0,0.0,0.0,0.0,0.0,0.0,0.0,0.0,0.0,0.0,0.0,0.0,0.0,0.0,0.0,0.0,0.0,0.0,0.0,0.0,0.0,0.0,0.0,0.0,0.0,0.0,0.0,0.0,0.0,0.0,0.0,0.0,0.0,0.0,0.0,0.0,washroom
0.0,0.0,-0.27449316699981413,0.02685864053070962,-0.5645905320371557,-0.29064658425849715,-0.6349080399170103,-0.6996495313809753,-0.62621876979446,-1.0,-0.6045686087837145,-0.5946633187557605,-0.7385067912777312,-0.8721225729858485,-0.6299806180233418,-0.6346607395494733,-0.5331807302946743,-0.4661797782641183,-0.4315850360519938,-0.7072278463248207,-0.5012805000625837,-0.9489070613358013,-0.4111929966963402,-0.6164033726915156,-0.3709634473367799,-0.4397861534551882,-0.2557578883886409,-0.7617913346254651,-0.29321744605476263,-0.8980231142398738,-0.22236627005048418,-0.5627297105599532,-0.20611158101552454,-0.4220620754266121,-0.08025238292110284,-0.7796402007229364,-0.12265225851232898,-0.8657352444746195,-0.08348739033632091,-0.6164644391933153,-0.06962188077239642,-0.5231404112316848,0.0,0.0,0.0,0.0,0.0,0.0,0.0,0.0,0.0,0.0,0.0,0.0,0.0,0.0,0.0,0.0,0.0,0.0,0.0,0.0,0.0,0.0,0.0,0.0,0.0,0.0,0.0,0.0,0.0,0.0,0.0,0.0,0.0,0.0,0.0,0.0,0.0,0.0,0.0,0.0,0.0,0.0,washroom
0.0,0.0,-0.2571812068036223,0.04848122205368254,-0.556357121487102,-0.2725647535795927,-0.6375351711790159,-0.6969607367214854,-0.6357882049903009,-1.0,-0.5978101223924046,-0.5910659481676451,-0.7311478406031108,-0.8739988025016308,-0.6168979204428028,-0.630979973527758,-0.5265003750428302,-0.4601765825041841,-0.42346312958399157,-0.6971516535062139,-0.48174397050258067,-0.9364460530088989,-0.3858335089224494,-0.5950441572673134,-0.3655777037134479,-0.4260696093462303,-0.2458298069994284,-0.7500918690015944,-0.2819029902147387,-0.9133718969716795,-0.20675744526955162,-0.5622161713501426,-0.20535932905943605,-0.4101462958069319,-0.06961128644153232,-0.7691404747852089,-0.1104135405013273,-0.8893062929975061,-0.06720348430892975,-0.6275958571057714,-0.06204407461431511,-0.5121451402171252,0.0,0.0,0.0,0.0,0.0,0.0,0.0,0.0,0.0,0.0,0.0,0.0,0.0,0.0,0.0,0.0,0.0,0.0,0.0,0.0,0.0,0.0,0.0,0.0,0.0,0.0,0.0,0.0,0.0,0.0,0.0,0.0,0.0,0.0,0.0,0.0,0.0,0.0,0.0,0.0,0.0,0.0,washroom
0.0,0.0,-0.3019577380703272,0.0318194357730896,-0.6178691214263935,-0.26086804271459574,-0.6902965475243863,-0.6871556428242606,-0.6096963635540608,-0.985503582467645,-0.6424100283471453,-0.6193603572133193,-0.7714730266534909,-0.9173542778225224,-0.6670218244834268,-0.6879392675862905,-0.5739344624931993,-0.5147210423960213,-0.4566721698334787,-0.7315425407890568,-0.5354019034181413,-1.0,-0.4518845855244222,-0.6805962551704288,-0.41668809001393015,-0.49728144128878304,-0.27350596707836505,-0.7876483655765386,-0.3164093160386423,-0.9383754924878783,-0.2647391917433708,-0.6187983680106863,-0.2623669652839284,-0.4669199319121896,-0.08655957555295724,-0.8031453459521831,-0.12538252418560675,-0.9056464541299801,-0.10250196226473107,-0.6631656219759985,-0.10059521318436919,-0.5455382071519531,0.0,0.0,0.0,0.0,0.0,0.0,0.0,0.0,0.0,0.0,0.0,0.0,0.0,0.0,0.0,0.0,0.0,0.0,0.0,0.0,0.0,0.0,0.0,0.0,0.0,0.0,0.0,0.0,0.0,0.0,0.0,0.0,0.0,0.0,0.0,0.0,0.0,0.0,0.0,0.0,0.0,0.0,washroom
0.0,0.0,-0.3126430256133654,0.027795609510103958,-0.6238451672806431,-0.2394013156444548,-0.6862791230176599,-0.6253485810014751,-0.5791039888148178,-0.8858143333538767,-0.6211761805643965,-0.6643860543307267,-0.752049649540856,-0.9670720005614184,-0.6429855763153408,-0.7306635668692961,-0.5468458227186417,-0.5431079817233117,-0.4318418707469069,-0.7677986055410377,-0.4889059133823165,-1.0,-0.4112875690357954,-0.6837603877025976,-0.3893229734842265,-0.4988449985852076,-0.24640420056132845,-0.8176865692791666,-0.27632402299476233,-0.9484745659016591,-0.2268980598225504,-0.6409297412751845,-0.23079065076401037,-0.4829862780883523,-0.06086441340548399,-0.8246066809690406,-0.09880064293204363,-0.9249989091028507,-0.07914155166511391,-0.6852327614633047,-0.08220146193713643,-0.5542481784266879,0.0,0.0,0.0,0.0,0.0,0.0,0.0,0.0,0.0,0.0,0.0,0.0,0.0,0.0,0.0,0.0,0.0,0.0,0.0,0.0,0.0,0.0,0.0,0.0,0.0,0.0,0.0,0.0,0.0,0.0,0.0,0.0,0.0,0.0,0.0,0.0,0.0,0.0,0.0,0.0,0.0,0.0,washroom
0.0,0.0,-0.3051303064466915,0.04943035004964099,-0.6238051823903081,-0.25860098138900744,-0.6835117243998603,-0.6995581629238498,-0.605109841637406,-1.0,-0.6353359962167758,-0.6454840526590886,-0.7567508520090082,-0.9546875014403723,-0.6412984460572517,-0.705300754340245,-0.5514146068959033,-0.5156832342510848,-0.4439024547630922,-0.7493047034953341,-0.48409460272919436,-0.9853943946703,-0.3973915664705302,-0.6539668082917508,-0.3897776433942453,-0.48039710948396414,-0.2583566942511401,-0.8021412459012767,-0.27099647949969996,-0.9311944534835807,-0.2095379838844236,-0.5995456259235667,-0.22457961870926052,-0.45351354042122477,-0.07133737528680693,-0.8162933068089739,-0.09025395722117388,-0.9140067791985353,-0.06202035603237127,-0.6553205277708384,-0.0750777340109459,-0.5331995438744309,0.0,0.0,0.0,0.0,0.0,0.0,0.0,0.0,0.0,0.0,0.0,0.0,0.0,0.0,0.0,0.0,0.0,0.0,0.0,0.0,0.0,0.0,0.0,0.0,0.0,0.0,0.0,0.0,0.0,0.0,0.0,0.0,0.0,0.0,0.0,0.0,0.0,0.0,0.0,0.0,0.0,0.0,washroom
0.0,0.0,-0.31682315295857677,-0.013815328416298617,-0.5769783687812466,-0.3281927142459674,-0.60900239021256,-0.7099760068013364,-0.5647427026569201,-0.9735218727900552,-0.5798594651552181,-0.6363675690641195,-0.687962281179888,-0.9168530249235101,-0.6050958111399661,-0.6945764624398747,-0.517096007857784,-0.5171611250984158,-0.3997164895523258,-0.731005687968201,-0.4777838644942098,-1.0,-0.41995383506394923,-0.7015991063910978,-0.37412860154122946,-0.5119863536121171,-0.22068870361591938,-0.771625640528242,-0.2669998119341232,-0.9174208654764328,-0.2320036210650175,-0.6243746126548755,-0.21533633965517004,-0.473313087791246,-0.041345349513373854,-0.7720263620090536,-0.08940050700374629,-0.8864742383901196,-0.0790049721339193,-0.6674184748085075,-0.07150373923231783,-0.5555443232110177,0.0,0.0,0.0,0.0,0.0,0.0,0.0,0.0,0.0,0.0,0.0,0.0,0.0,0.0,0.0,0.0,0.0,0.0,0.0,0.0,0.0,0.0,0.0,0.0,0.0,0.0,0.0,0.0,0.0,0.0,0.0,0.0,0.0,0.0,0.0,0.0,0.0,0.0,0.0,0.0,0.0,0.0,washroom
0.0,0.0,-0.3037188004875944,0.011956308229612998,-0.5675696123774553,-0.3190759577781558,-0.6135240728609708,-0.7181139267988034,-0.5887670007208653,-1.0,-0.550614239299097,-0.6355865935964226,-0.6568455421480659,-0.9036084620380282,-0.5896636181049042,-0.7192318789773299,-0.49728618165994515,-0.537054076178643,-0.37469302132802756,-0.7303681676392553,-0.4258904378669529,-0.9370741889795009,-0.37326538840731993,-0.6561791881383348,-0.32921882445378237,-0.4554365182674044,-0.2000424812429335,-0.7705256301932615,-0.23765059929567603,-0.8570012753771385,-0.20123280191052811,-0.5825386114084694,-0.17735777947159725,-0.4270215479525827,-0.026855288397827443,-0.7763729101249155,-0.07381538892423771,-0.8194312212699448,-0.06141735095615691,-0.6128976624978031,-0.047921097670204575,-0.5152448451549296,0.0,0.0,0.0,0.0,0.0,0.0,0.0,0.0,0.0,0.0,0.0,0.0,0.0,0.0,0.0,0.0,0.0,0.0,0.0,0.0,0.0,0.0,0.0,0.0,0.0,0.0,0.0,0.0,0.0,0.0,0.0,0.0,0.0,0.0,0.0,0.0,0.0,0.0,0.0,0.0,0.0,0.0,washroom
0.0,0.0,-0.2945907884476251,0.03666138919907348,-0.5756755166898865,-0.2995441333883705,-0.6294584252365182,-0.714735698423145,-0.6145752627379448,-1.0,-0.5591774390522881,-0.6569144964778058,-0.6613017161238618,-0.9493614498840851,-0.5897954658693316,-0.7450540709989497,-0.49999773750992355,-0.5317284066690163,-0.3757397714080582,-0.7596335570517039,-0.4227658790352139,-0.96595354655375,-0.35907426950480126,-0.6699449309915388,-0.32133392392703924,-0.45400231980649175,-0.19197781351953458,-0.8041930477199379,-0.2168526349713594,-0.8855431409093902,-0.16802759634562603,-0.5878487188524248,-0.15196793900728975,-0.4080938822771108,-0.008861419466162953,-0.810706002486728,-0.040952075935200276,-0.8641892567921209,-0.021434830984449656,-0.6414546503975195,-0.017532789765902664,-0.5276478801222146,0.0,0.0,0.0,0.0,0.0,0.0,0.0,0.0,0.0,0.0,0.0,0.0,0.0,0.0,0.0,0.0,0.0,0.0,0.0,0.0,0.0,0.0,0.0,0.0,0.0,0.0,0.0,0.0,0.0,0.0,0.0,0.0,0.0,0.0,0.0,0.0,0.0,0.0,0.0,0.0,0.0,0.0,washroom
0.0,0.0,-0.27116190247973143,-0.007214069958821786,-0.5395255151480756,-0.32387485102062696,-0.5878783865875473,-0.7157652232220744,-0.5277816314476276,-0.975474369241829,-0.5436412345476598,-0.7185036059839786,-0.6406391556679426,-0.9762158503542924,-0.5824615281132223,-0.7406634337879963,-0.5094710943231239,-0.5434751764104957,-0.3440929547207806,-0.8025085288720448,-0.4072518008899875,-1.0,-0.35892993397612544,-0.67711151329411,-0.32407559218643917,-0.4889366393616641,-0.14582269194954356,-0.8208043519843947,-0.20957114960576959,-0.9052927352717993,-0.17966649640452603,-0.5922269026794216,-0.16585003899213221,-0.43691787689416633,0.046529910433706016,-0.7956701917235783,-0.03265669897443335,-0.8343412431658669,-0.03182535728774512,-0.5943830309603836,-0.026496257385908602,-0.48780208392452135,0.0,0.0,0.0,0.0,0.0,0.0,0.0,0.0,0.0,0.0,0.0,0.0,0.0,0.0,0.0,0.0,0.0,0.0,0.0,0.0,0.0,0.0,0.0,0.0,0.0,0.0,0.0,0.0,0.0,0.0,0.0,0.0,0.0,0.0,0.0,0.0,0.0,0.0,0.0,0.0,0.0,0.0,washroom
0.0,0.0,-0.2584049715337388,0.0214584916916919,-0.5321953862132883,-0.28438198436188683,-0.55517253566261,-0.6595811796156988,-0.4818022179049697,-0.8823470146163556,-0.5524105724743678,-0.6775196979775319,-0.6359984660448909,-0.9616769695208184,-0.5551477434032809,-0.6969895339740989,-0.47674881696085936,-0.4791051365868866,-0.35449607622934,-0.7669469598623871,-0.40932811394733387,-1.0,-0.3425752194510572,-0.658907041159898,-0.312959546945198,-0.463983968375627,-0.1584373069698426,-0.7890437203580847,-0.1948001664773839,-0.884594670297238,-0.15684163495982864,-0.5612904212732355,-0.16123935976891504,-0.40641739720311665,0.031758884200631624,-0.7655575383501965,-0.008034802002159565,-0.8165778980700544,-0.001809834931027407,-0.5711677628889418,-0.015038351515202665,-0.4677476443397426,0.0,0.0,0.0,0.0,0.0,0.0,0.0,0.0,0.0,0.0,0.0,0.0,0.0,0.0,0.0,0.0,0.0,0.0,0.0,0.0,0.0,0.0,0.0,0.0,0.0,0.0,0.0,0.0,0.0,0.0,0.0,0.0,0.0,0.0,0.0,0.0,0.0,0.0,0.0,0.0,0.0,0.0,washroom
0.0,0.0,-0.25278538333311457,0.015088138396314331,-0.5161505243676743,-0.3263989919540079,-0.5579382309317863,-0.7311557089792222,-0.5549434942969272,-1.0,-0.5423408192998805,-0.6565839316418811,-0.6325577854489611,-0.9410944124325672,-0.5542856392822922,-0.6877687794505625,-0.47530261068161234,-0.48174885479149987,-0.3542604381324898,-0.7346119416698387,-0.40704214629792485,-0.9797981282896032,-0.3397514011576778,-0.6404882722774227,-0.30687282607268956,-0.4444585034192185,-0.16504915536771364,-0.7589861787444052,-0.20362476537992047,-0.8964369249347002,-0.15806476170475278,-0.5620827700263824,-0.15321616548755038,-0.39580295850998204,0.018585847979314056,-0.7466139892632602,-0.026626589838161366,-0.8426566212083426,-0.010932573798679564,-0.5915145628519302,-0.013271030490766141,-0.475140378279759,0.0,0.0,0.0,0.0,0.0,0.0,0.0,0.0,0.0,0.0,0.0,0.0,0.0,0.0,0.0,0.0,0.0,0.0,0.0,0.0,0.0,0.0,0.0,0.0,0.0,0.0,0.0,0.0,0.0,0.0,0.0,0.0,0.0,0.0,0.0,0.0,0.0,0.0,0.0,0.0,0.0,0.0,washroom
0.0,0.0,-0.2548381776295138,-0.034452230078796296,-0.5033949976855916,-0.36880071081600185,-0.5235362031997361,-0.734968316547222,-0.4628572036626178,-0.9743361372257958,-0.4965576500508106,-0.7207610413241609,-0.5930025059456353,-1.0,-0.5336280878730321,-0.7167829191340388,-0.46348235995169007,-0.5007560400738482,-0.3048176937851484,-0.7709171973844525,-0.3827047187328747,-0.9979478912281262,-0.3438396833250866,-0.6652790857288791,-0.3146664325655882,-0.4828739099668534,-0.11209664118157199,-0.7642852202412305,-0.18727181795448863,-0.898681053242034,-0.1639808888392311,-0.5856293860699218,-0.15457268572462265,-0.4277494905641304,0.07205844014195038,-0.7195144530813554,-0.014425414864354386,-0.8370693737264103,-0.016686086415220826,-0.6065489776699494,-0.009499715354370507,-0.48979798141024616,0.0,0.0,0.0,0.0,0.0,0.0,0.0,0.0,0.0,0.0,0.0,0.0,0.0,0.0,0.0,0.0,0.0,0.0,0.0,0.0,0.0,0.0,0.0,0.0,0.0,0.0,0.0,0.0,0.0,0.0,0.0,0.0,0.0,0.0,0.0,0.0,0.0,0.0,0.0,0.0,0.0,0.0,washroom
0.0,0.0,-0.25056021944114026,0.02934018837077587,-0.5270024164649377,-0.32336090979851373,-0.5667086719721116,-0.7344597321867348,-0.5339868245380933,-0.9930418229374663,-0.5299033521090268,-0.6826877471202097,-0.6184747684444154,-1.0,-0.5653494773604966,-0.7102961534631893,-0.49330145640994894,-0.48813715927790846,-0.33893035291951146,-0.735903508424437,-0.4157015617622528,-0.9969079527070939,-0.37217253795198973,-0.6316700374407527,-0.33190579534030185,-0.43263555276233956,-0.1491125888508569,-0.7375528501331358,-0.21616708190178038,-0.8886857621286305,-0.19008810407608492,-0.5419824648370626,-0.17708127009482777,-0.3739664178824829,0.03404463982681109,-0.7106189554918636,-0.04013023429110426,-0.8235959182406165,-0.03827050917068251,-0.5701963257313366,-0.031552693817725526,-0.452980645796775,0.0,0.0,0.0,0.0,0.0,0.0,0.0,0.0,0.0,0.0,0.0,0.0,0.0,0.0,0.0,0.0,0.0,0.0,0.0,0.0,0.0,0.0,0.0,0.0,0.0,0.0,0.0,0.0,0.0,0.0,0.0,0.0,0.0,0.0,0.0,0.0,0.0,0.0,0.0,0.0,0.0,0.0,washroom
0.0,0.0,-0.2526763090829805,0.0020313491818656202,-0.5142832343889377,-0.34517563719528455,-0.5651589890207799,-0.7384186953143546,-0.5535690569833968,-1.0,-0.5105133431144845,-0.6860109321618261,-0.605292383564738,-0.987118056681178,-0.566336491815519,-0.7104739187313923,-0.4962274943765353,-0.5037547280501872,-0.3264297090438698,-0.7283775036313308,-0.40960156275326504,-0.9694596977185099,-0.3842538804782376,-0.624821047810169,-0.34349304217154103,-0.4384812305427075,-0.14216045619344508,-0.7246776769103832,-0.22368683863505884,-0.8877309646634131,-0.20497228267178103,-0.5576683562332878,-0.1814332070428471,-0.38903918490872264,0.034792279513647426,-0.6913295637906387,-0.050511837249453864,-0.8235152327659498,-0.04962505006478357,-0.5871383440295066,-0.031147876991741794,-0.46685842045215686,0.0,0.0,0.0,0.0,0.0,0.0,0.0,0.0,0.0,0.0,0.0,0.0,0.0,0.0,0.0,0.0,0.0,0.0,0.0,0.0,0.0,0.0,0.0,0.0,0.0,0.0,0.0,0.0,0.0,0.0,0.0,0.0,0.0,0.0,0.0,0.0,0.0,0.0,0.0,0.0,0.0,0.0,washroom
0.0,0.0,-0.2551510040859835,-0.0053906570844630625,-0.5260900005821098,-0.2947510252341924,-0.5862064545828863,-0.649522910292609,-0.5258256479709735,-0.8554477198652709,-0.4977695582213929,-0.6637947470198916,-0.5915837605253728,-1.0,-0.5603773353149988,-0.7414615441717192,-0.49756608681766984,-0.5232766479448053,-0.31171925859506466,-0.7023208023075046,-0.3862554799762243,-0.9475278758493328,-0.35642155216104254,-0.618003000268625,-0.32005677973659796,-0.43003814688285547,-0.12699819866392453,-0.7017119902333726,-0.19718354989775697,-0.8651844406859497,-0.17824789225521614,-0.5535848083229951,-0.1665085001380508,-0.38753772365165484,0.05566998967689702,-0.6736542983467548,-0.019545537808030873,-0.8110840112598191,-0.021561560246494124,-0.580018467299582,-0.017060623263350207,-0.45173909305158505,0.0,0.0,0.0,0.0,0.0,0.0,0.0,0.0,0.0,0.0,0.0,0.0,0.0,0.0,0.0,0.0,0.0,0.0,0.0,0.0,0.0,0.0,0.0,0.0,0.0,0.0,0.0,0.0,0.0,0.0,0.0,0.0,0.0,0.0,0.0,0.0,0.0,0.0,0.0,0.0,0.0,0.0,washroom
0.0,0.0,-0.2608560224019835,-0.05414591399490619,-0.5012298456385386,-0.35550897128006737,-0.5692082784341453,-0.7058405468011035,-0.5475019441840085,-0.9527898132025928,-0.4490177328270668,-0.6762842775993663,-0.5527987424322183,-1.0,-0.533233865868435,-0.7536005041899891,-0.48243641298309986,-0.5508530009998661,-0.2657655412722491,-0.7090467632061749,-0.36641664823715203,-0.9139461069077974,-0.3422386824610203,-0.6144062737182662,-0.299201353089773,-0.45352335979915465,-0.08485363850533002,-0.7025756674339575,-0.1971080717120967,-0.8376920433296059,-0.17344042179188873,-0.55738431715793,-0.14011051479085357,-0.41831519972921594,0.09503711340848423,-0.6691559489954098,-0.02977223196477315,-0.7802303741243385,-0.027481261596317835,-0.5770343328879102,0.004564809075419804,-0.4777200146605491,0.0,0.0,0.0,0.0,0.0,0.0,0.0,0.0,0.0,0.0,0.0,0.0,0.0,0.0,0.0,0.0,0.0,0.0,0.0,0.0,0.0,0.0,0.0,0.0,0.0,0.0,0.0,0.0,0.0,0.0,0.0,0.0,0.0,0.0,0.0,0.0,0.0,0.0,0.0,0.0,0.0,0.0,washroom
0.0,0.0,-0.2607901350985314,-0.040154921355274494,-0.503467796824836,-0.3447511024949086,-0.5455613637464233,-0.6986260255317971,-0.4980488487595702,-0.9252634306948845,-0.4761889304029967,-0.6827166794295497,-0.5723729968969964,-1.0,-0.5320158561304678,-0.760029417602774,-0.4831458103064848,-0.5628181297152378,-0.2885670998596704,-0.731466457919471,-0.3543767464706061,-0.9340530570519496,-0.32184496476326757,-0.6272026616331772,-0.2984221032202377,-0.47601704390343064,-0.09840475492337747,-0.7345359357197707,-0.17911637567470773,-0.8719381719471654,-0.15748475239031326,-0.5758394633309688,-0.14442137842329525,-0.44063130771568165,0.09256859628331365,-0.707894060443382,-0.003725626574184989,-0.8147888377013613,-0.01239871069160635,-0.592644428562534,-0.0037607488929817623,-0.4860753309879429,0.0,0.0,0.0,0.0,0.0,0.0,0.0,0.0,0.0,0.0,0.0,0.0,0.0,0.0,0.0,0.0,0.0,0.0,0.0,0.0,0.0,0.0,0.0,0.0,0.0,0.0,0.0,0.0,0.0,0.0,0.0,0.0,0.0,0.0,0.0,0.0,0.0,0.0,0.0,0.0,0.0,0.0,washroom
0.0,0.0,-0.2533276709531098,-0.04784995830574613,-0.4837643162275743,-0.36291766945393067,-0.5252590352221747,-0.7113365155767919,-0.5171912104351407,-0.9454133386400364,-0.46280675153479134,-0.6943872545227462,-0.5663674888321821,-1.0,-0.5286783375009804,-0.7718169251461433,-0.47731144353883115,-0.5622348760296186,-0.2771448799296186,-0.7423172401871787,-0.3468182989491341,-0.9392058831845981,-0.320824879332081,-0.6365023989534555,-0.29924470178871815,-0.4662527295998259,-0.08853693449333878,-0.7384983346306657,-0.17260247369900858,-0.8752074709273944,-0.15648816475392388,-0.5806929195527645,-0.14335300761486994,-0.4298018682653643,0.10094864430986807,-0.7034399493373468,0.0025027222639846477,-0.8020053789055351,-0.0069410395767299645,-0.5819493490841402,0.002636101195128575,-0.47272267479175545,0.0,0.0,0.0,0.0,0.0,0.0,0.0,0.0,0.0,0.0,0.0,0.0,0.0,0.0,0.0,0.0,0.0,0.0,0.0,0.0,0.0,0.0,0.0,0.0,0.0,0.0,0.0,0.0,0.0,0.0,0.0,0.0,0.0,0.0,0.0,0.0,0.0,0.0,0.0,0.0,0.0,0.0,washroom
0.0,0.0,-0.24997231162308717,-0.0202964027041401,-0.5080049564936098,-0.33911298502634507,-0.5723028505321103,-0.7017095516676078,-0.5719091821237259,-0.9416268703361533,-0.47108949651016796,-0.7083843695000192,-0.566821648472753,-1.0,-0.5243723510995849,-0.7139193034591281,-0.4683535559003657,-0.502404776656231,-0.2792276861837741,-0.7467012451545341,-0.34815913414881544,-0.9510403702018236,-0.31594466710894964,-0.6190830486821978,-0.28823764851661576,-0.46061835547489677,-0.08858142301808791,-0.7384490122651285,-0.16320351779457964,-0.8812755295059407,-0.14410347228695028,-0.5620510233733764,-0.13240088383492243,-0.4185775301967794,0.0988661472583024,-0.7033620817273161,0.010202481536513019,-0.809174996024936,0.0014622752718121358,-0.5708032919012869,0.008159572776568506,-0.4601117404200957,0.0,0.0,0.0,0.0,0.0,0.0,0.0,0.0,0.0,0.0,0.0,0.0,0.0,0.0,0.0,0.0,0.0,0.0,0.0,0.0,0.0,0.0,0.0,0.0,0.0,0.0,0.0,0.0,0.0,0.0,0.0,0.0,0.0,0.0,0.0,0.0,0.0,0.0,0.0,0.0,0.0,0.0,washroom
0.0,0.0,-0.21380530721967464,0.035547780770742034,-0.4815812469567128,-0.28878589302821495,-0.5596872306810351,-0.6563745493475684,-0.574403761625972,-0.8725915336090941,-0.47676663677345704,-0.6630352155125537,-0.5591800844551484,-1.0,-0.5262434509551891,-0.7280843698954066,-0.47933351804823027,-0.5320450289013234,-0.2848697186158187,-0.7085707165681066,-0.3548826759832926,-0.9438854723919541,-0.31644230364615183,-0.6010109041903503,-0.29186593196043165,-0.4648333986393398,-0.09769723916808346,-0.7072809912522741,-0.16286662218207315,-0.8563972834887288,-0.12932939202020716,-0.5191669030252256,-0.12000074323153793,-0.3886057140296429,0.08111224599652321,-0.6849572669190375,0.013498942807786662,-0.7923334573874209,0.02467583355329708,-0.5340167784519689,0.03076923917682735,-0.4307207105293503,0.0,0.0,0.0,0.0,0.0,0.0,0.0,0.0,0.0,0.0,0.0,0.0,0.0,0.0,0.0,0.0,0.0,0.0,0.0,0.0,0.0,0.0,0.0,0.0,0.0,0.0,0.0,0.0,0.0,0.0,0.0,0.0,0.0,0.0,0.0,0.0,0.0,0.0,0.0,0.0,0.0,0.0,washroom
0.0,0.0,-0.2252610431235587,0.0015846418714722185,-0.47633767375001407,-0.305249333578085,-0.5444590784031134,-0.6505958328360701,-0.5462310301884712,-0.8602726911243465,-0.4650064943023,-0.6635801560666202,-0.5592356899239576,-1.0,-0.5381140888630341,-0.7599553881302242,-0.49199196601020784,-0.5567883521062464,-0.27706186739421407,-0.6976587866277847,-0.35164011236454146,-0.9411734484450869,-0.31748281163954506,-0.6141945593427242,-0.28256556783535564,-0.45134036298520624,-0.09011640508391217,-0.687323025579577,-0.1638924284516267,-0.8520481803912209,-0.13395762835679434,-0.5384244881489018,-0.11331500550423561,-0.39139958502826505,0.09109095180729984,-0.6538304074632832,0.009726201071305673,-0.7882231299914747,0.01515925891635328,-0.5584987592056133,0.02973197021665335,-0.4481154214392787,0.0,0.0,0.0,0.0,0.0,0.0,0.0,0.0,0.0,0.0,0.0,0.0,0.0,0.0,0.0,0.0,0.0,0.0,0.0,0.0,0.0,0.0,0.0,0.0,0.0,0.0,0.0,0.0,0.0,0.0,0.0,0.0,0.0,0.0,0.0,0.0,0.0,0.0,0.0,0.0,0.0,0.0,washroom
0.0,0.0,-0.2612321766316317,-0.01277431362219209,-0.5281120184128026,-0.292519690989645,-0.6203892425014466,-0.614475468308734,-0.6009759670607744,-0.8333099430861308,-0.5030923706051524,-0.6785289405729387,-0.5993007755486273,-0.9969108680444602,-0.5632249177382999,-0.7825343944588864,-0.5120688277815681,-0.6142730527079429,-0.3209242674174576,-0.7267497344307318,-0.4007003040012436,-1.0,-0.35299445543186314,-0.6970971983521751,-0.30803336240920987,-0.5275652264031989,-0.13622893798201902,-0.7415503631605765,-0.21224490236550966,-0.9361413864874901,-0.17159984972665798,-0.6323965359403743,-0.1322821036540604,-0.4662003730924354,0.04459026764200399,-0.7252378248365562,-0.03749060791612329,-0.9084428356752369,-0.026970394424340828,-0.6831683061430706,0.004456381867016729,-0.5399228337752291,0.0,0.0,0.0,0.0,0.0,0.0,0.0,0.0,0.0,0.0,0.0,0.0,0.0,0.0,0.0,0.0,0.0,0.0,0.0,0.0,0.0,0.0,0.0,0.0,0.0,0.0,0.0,0.0,0.0,0.0,0.0,0.0,0.0,0.0,0.0,0.0,0.0,0.0,0.0,0.0,0.0,0.0,washroom
0.0,0.0,-0.19635286777421337,-0.019332478600112883,-0.41478995021269155,-0.23334893131298923,-0.4938446585485043,-0.4566448294951484,-0.4538462093302967,-0.5937014817179056,-0.40037894976007965,-0.5783320620529105,-0.45772406542856575,-0.8319038190706489,-0.478019020519007,-0.9294831568868236,-0.49038357505693714,-1.0,-0.255071146622812,-0.6367555120374928,-0.33931601506782866,-0.8427881433715799,-0.3095198166471016,-0.6273047592771914,-0.27781714840080135,-0.4832484009816809,-0.10754626649283484,-0.6532848623861482,-0.17371956816136785,-0.7455464612421762,-0.1363218341060194,-0.5186165944471193,-0.1047994893239493,-0.4081013021157352,0.040722898735752196,-0.6337021849794161,-0.02594223518146852,-0.7123944431521263,-0.018612537169174066,-0.5323766271938604,0.0011991510371304045,-0.4438558386032866,0.0,0.0,0.0,0.0,0.0,0.0,0.0,0.0,0.0,0.0,0.0,0.0,0.0,0.0,0.0,0.0,0.0,0.0,0.0,0.0,0.0,0.0,0.0,0.0,0.0,0.0,0.0,0.0,0.0,0.0,0.0,0.0,0.0,0.0,0.0,0.0,0.0,0.0,0.0,0.0,0.0,0.0,washroom
0.0,0.0,-0.22446793782369864,-0.010180666218262408,-0.4762952578524343,-0.2723570765931887,-0.5687584688993129,-0.5469080273446655,-0.551184583033095,-0.7103453839252524,-0.48149405828019887,-0.6847890664942817,-0.5668725547160391,-0.9961376913576074,-0.5543306803353657,-1.0,-0.5249382172333312,-0.9667043486128719,-0.30750430326372163,-0.7624205981073271,-0.3921191679739068,-0.9912375848525117,-0.3507566004271105,-0.7199352030410093,-0.31602961648354405,-0.5623136569620212,-0.12873599054644635,-0.7828091836389859,-0.18953055998569757,-0.8916198912710517,-0.1466908746826377,-0.6130970744347436,-0.11318210409156168,-0.496438565527887,0.05369023259971635,-0.7600632053782348,-0.00957673763009265,-0.834113135228768,0.0009173391822109237,-0.6138105604653521,0.02142747351816746,-0.5249382172333312,0.0,0.0,0.0,0.0,0.0,0.0,0.0,0.0,0.0,0.0,0.0,0.0,0.0,0.0,0.0,0.0,0.0,0.0,0.0,0.0,0.0,0.0,0.0,0.0,0.0,0.0,0.0,0.0,0.0,0.0,0.0,0.0,0.0,0.0,0.0,0.0,0.0,0.0,0.0,0.0,0.0,0.0,washroom
0.0,0.0,-0.21309814030786214,0.004805721268166446,-0.4707851944587214,-0.30399686818164545,-0.5417585780024758,-0.6613306428227163,-0.48879714976531363,-0.9269807351173632,-0.5047819726455866,-0.6669993140397857,-0.6177876683152377,-0.9253318307538163,-0.5495166280355739,-0.7149720316221659,-0.4719171288065292,-0.5297747730631623,-0.32187933099880206,-0.7580315341710181,-0.40062826356071346,-1.0,-0.34802231470574707,-0.6992754420243625,-0.3150827252019383,-0.5367193702765239,-0.13182885392647226,-0.7788563263330727,-0.1879670979083213,-0.8854551436016711,-0.15221717140405858,-0.5823382243829858,-0.1316973615530299,-0.4589283821538351,0.057431668963200136,-0.759469950742857,-0.013090740737037252,-0.829937863603911,-0.006557119687058151,-0.6067603079021416,0.010175409826230079,-0.5123042863513916,0.0,0.0,0.0,0.0,0.0,0.0,0.0,0.0,0.0,0.0,0.0,0.0,0.0,0.0,0.0,0.0,0.0,0.0,0.0,0.0,0.0,0.0,0.0,0.0,0.0,0.0,0.0,0.0,0.0,0.0,0.0,0.0,0.0,0.0,0.0,0.0,0.0,0.0,0.0,0.0,0.0,0.0,washroom
0.0,0.0,-0.22137987731732883,-0.0024526127776158995,-0.4752756765143287,-0.3279911942450399,-0.530428954169962,-0.7132973711396774,-0.4976424644004556,-1.0,-0.5017705168035904,-0.6460929429082831,-0.6205344472657507,-0.9192950855032374,-0.5606057882607594,-0.7041718541279578,-0.48978369705478336,-0.5266358004836165,-0.3230206918212814,-0.7314050798648296,-0.40323602980409373,-0.9761304250753995,-0.3558606329396539,-0.6604127011757405,-0.3255154034488892,-0.5108198774686955,-0.14008936308697148,-0.7500028381247186,-0.19118837958215235,-0.8416813618457649,-0.15913649109396463,-0.5303012385576272,-0.14315501080379475,-0.431690595211516,0.044028774800479835,-0.7377979557933694,-0.023974585539186934,-0.7995106126943642,-0.015542043979580639,-0.5701735797077867,-0.0019791189704040355,-0.49169233592801004,0.0,0.0,0.0,0.0,0.0,0.0,0.0,0.0,0.0,0.0,0.0,0.0,0.0,0.0,0.0,0.0,0.0,0.0,0.0,0.0,0.0,0.0,0.0,0.0,0.0,0.0,0.0,0.0,0.0,0.0,0.0,0.0,0.0,0.0,0.0,0.0,0.0,0.0,0.0,0.0,0.0,0.0,washroom
0.0,0.0,-0.21217519226555753,-0.01401232488046118,-0.45744450213485194,-0.2836305923638767,-0.523350806162072,-0.6106762850077974,-0.4716059628559698,-0.8417061140171119,-0.4986628406879397,-0.6215802323204984,-0.6147752191468325,-0.9332626318977628,-0.5409686280791488,-0.711238950599213,-0.4668950654448575,-0.5003479836281989,-0.32484685958584425,-0.7077499084011349,-0.41270075801513084,-1.0,-0.3541713846986628,-0.6928390861102979,-0.3180869554010189,-0.5026163213527541,-0.1444403631549779,-0.7311264911282587,-0.19474609162832401,-0.8485194125152588,-0.1572453321402466,-0.5535600198111315,-0.14320584980732018,-0.4244774261731559,0.03977370017067768,-0.7214892778695301,-0.016987216664917544,-0.8060354906477099,-0.013794604964934665,-0.5994722248305651,-0.012210727101664614,-0.5081665681633645,0.0,0.0,0.0,0.0,0.0,0.0,0.0,0.0,0.0,0.0,0.0,0.0,0.0,0.0,0.0,0.0,0.0,0.0,0.0,0.0,0.0,0.0,0.0,0.0,0.0,0.0,0.0,0.0,0.0,0.0,0.0,0.0,0.0,0.0,0.0,0.0,0.0,0.0,0.0,0.0,0.0,0.0,washroom
0.0,0.0,-0.2224444533415108,0.00641864676500467,-0.4712647976667786,-0.315720954952442,-0.5347576607774442,-0.7033638390274314,-0.5224569043459285,-1.0,-0.5383719717771367,-0.63171468809354,-0.6620753404557772,-0.9098087516922146,-0.5735220811743893,-0.6833146421612127,-0.48644688370717876,-0.4910332969775737,-0.3533089094196028,-0.7393837588746404,-0.4468353110485286,-0.9919838409720759,-0.37306816946916926,-0.6587034500721323,-0.3239698553703646,-0.5011837253493211,-0.16586673729568582,-0.765976552514861,-0.22515507660007505,-0.8510063535319716,-0.18246836982914846,-0.5182816382002096,-0.15904684261446456,-0.41714384517813957,0.022553476624009146,-0.7579559938387327,-0.046267140479447265,-0.7819045989082712,-0.038419048012920884,-0.5426961660145655,-0.02875478076772981,-0.47355569448666884,0.0,0.0,0.0,0.0,0.0,0.0,0.0,0.0,0.0,0.0,0.0,0.0,0.0,0.0,0.0,0.0,0.0,0.0,0.0,0.0,0.0,0.0,0.0,0.0,0.0,0.0,0.0,0.0,0.0,0.0,0.0,0.0,0.0,0.0,0.0,0.0,0.0,0.0,0.0,0.0,0.0,0.0,washroom
0.0,0.0,-0.2157133413278734,0.019740001790845525,-0.4804399396253705,-0.2558317085051881,-0.5383097417283715,-0.6153859336367489,-0.46669819925769884,-0.8673150555697652,-0.5206726981315655,-0.6248709884310523,-0.6532526767356742,-0.9272672511335238,-0.5612923306826249,-0.6815619600418664,-0.4694528024376064,-0.4732673462454152,-0.3407871922841121,-0.7257898464200012,-0.44756014434729036,-1.0,-0.35789705037459946,-0.6472796927971594,-0.30188985614540637,-0.47799894862801096,-0.15302689310151738,-0.7551357208131809,-0.21466154090689618,-0.8534154380309611,-0.15819678136218224,-0.5223193763059141,-0.13208171225396761,-0.41637201259761286,0.039474862398370586,-0.7547347085141851,-0.02927646841835351,-0.8057690931766643,-0.015762011196640408,-0.5727946572822934,-0.005368680682389262,-0.49921404159988486,0.0,0.0,0.0,0.0,0.0,0.0,0.0,0.0,0.0,0.0,0.0,0.0,0.0,0.0,0.0,0.0,0.0,0.0,0.0,0.0,0.0,0.0,0.0,0.0,0.0,0.0,0.0,0.0,0.0,0.0,0.0,0.0,0.0,0.0,0.0,0.0,0.0,0.0,0.0,0.0,0.0,0.0,washroom
0.0,0.0,-0.2393760956708772,-0.004287457237554121,-0.49245502427457405,-0.29581591580914274,-0.557445708566876,-0.6625079111472805,-0.522107336799613,-0.9425429162812657,-0.5374663918429978,-0.6578729159367611,-0.6744895211017734,-0.9504546052356465,-0.5815302634290168,-0.7070872396146488,-0.4901028595398415,-0.5093251328238565,-0.35568171501756213,-0.7552572160171671,-0.45294294678833963,-1.0,-0.3664545255012488,-0.66009247890126,-0.31499853856382315,-0.49793914748761897,-0.16737246775577788,-0.7860697940317504,-0.22368835290617797,-0.8821839771560951,-0.16686589432635593,-0.5510721568132935,-0.13914562426075056,-0.4401226089701631,0.02356974798946899,-0.7801222146315653,-0.04304054125789246,-0.8328925191151302,-0.030086301652127057,-0.5968769683075269,-0.01554690755121581,-0.5183117194614548,0.0,0.0,0.0,0.0,0.0,0.0,0.0,0.0,0.0,0.0,0.0,0.0,0.0,0.0,0.0,0.0,0.0,0.0,0.0,0.0,0.0,0.0,0.0,0.0,0.0,0.0,0.0,0.0,0.0,0.0,0.0,0.0,0.0,0.0,0.0,0.0,0.0,0.0,0.0,0.0,0.0,0.0,washroom
0.0,0.0,-0.230281453108711,0.03798813868146416,-0.5141962406761177,-0.2341003188867507,-0.600991341871764,-0.5895597071193488,-0.5482310839387271,-0.8672618810123759,-0.5588242214794831,-0.6054297707432404,-0.6995389083781176,-0.9128480566527838,-0.6026405091548223,-0.6676754005010931,-0.5050257656811562,-0.44736915873030486,-0.3703833290876483,-0.7198156861180424,-0.4795647507885209,-1.0,-0.3979125552578461,-0.6687172813702411,-0.34081044499894114,-0.4866189308444412,-0.1749791040683893,-0.7629211540487978,-0.2367185254070998,-0.8954112841099868,-0.1909555655815105,-0.5732693718330003,-0.16939976244625116,-0.4399929204481397,0.026335932920223067,-0.7704483954891387,-0.03497503230301301,-0.8783370828358721,-0.031186858223789544,-0.65828865133514,-0.025959448081410753,-0.5600543447680373,0.0,0.0,0.0,0.0,0.0,0.0,0.0,0.0,0.0,0.0,0.0,0.0,0.0,0.0,0.0,0.0,0.0,0.0,0.0,0.0,0.0,0.0,0.0,0.0,0.0,0.0,0.0,0.0,0.0,0.0,0.0,0.0,0.0,0.0,0.0,0.0,0.0,0.0,0.0,0.0,0.0,0.0,washroom
0.0,0.0,-0.2224239909709362,0.029458149586700844,-0.5078039107783857,-0.29035672144556607,-0.6044508563043764,-0.6798562897701007,-0.5942925674051271,-0.9889963219750249,-0.5758894152860091,-0.6409545732136985,-0.7213344397278806,-0.9250440064220361,-0.614266291850512,-0.6632852417520774,-0.5183970332624993,-0.47214716205456203,-0.38810841666492313,-0.7601937190528958,-0.4877135332923041,-1.0,-0.3946966488009212,-0.6411176111352137,-0.35323014440896383,-0.4930697040407745,-0.19516428735256022,-0.802144205265138,-0.24194748599867438,-0.9079435786152672,-0.1863199735665394,-0.5556940303250534,-0.17787437237308604,-0.4544743250802458,0.001437339157958481,-0.8071474561544447,-0.04682899137951794,-0.8649292008812732,-0.02637700920552371,-0.6115390582408563,-0.02146297519336574,-0.5354303510289351,0.0,0.0,0.0,0.0,0.0,0.0,0.0,0.0,0.0,0.0,0.0,0.0,0.0,0.0,0.0,0.0,0.0,0.0,0.0,0.0,0.0,0.0,0.0,0.0,0.0,0.0,0.0,0.0,0.0,0.0,0.0,0.0,0.0,0.0,0.0,0.0,0.0,0.0,0.0,0.0,0.0,0.0,washroom
0.0,0.0,-0.2223640279106813,0.024266891643215882,-0.49870393123871104,-0.2667112090035917,-0.5740640918931059,-0.6363027595487635,-0.5402813716774908,-0.9170670758522025,-0.5530048147246397,-0.6196711039138747,-0.6926450409846121,-0.9197526390390934,-0.5833507916645434,-0.655476725685263,-0.48833424871610487,-0.4591261774936631,-0.37078173688690585,-0.7322575226533644,-0.47465257920892057,-1.0,-0.384002128972714,-0.6487111976792688,-0.3348832556673518,-0.48447491945575305,-0.18504585407099974,-0.7726362835081998,-0.23090822957422433,-0.8751672696868636,-0.17828447831675265,-0.5412192143562217,-0.16721306524886143,-0.43639637395179237,0.005291856113152635,-0.7807939482818171,-0.041593483229621406,-0.8419315142695906,-0.027843867784754818,-0.6058644893768413,-0.02595950044636706,-0.5283091087191625,0.0,0.0,0.0,0.0,0.0,0.0,0.0,0.0,0.0,0.0,0.0,0.0,0.0,0.0,0.0,0.0,0.0,0.0,0.0,0.0,0.0,0.0,0.0,0.0,0.0,0.0,0.0,0.0,0.0,0.0,0.0,0.0,0.0,0.0,0.0,0.0,0.0,0.0,0.0,0.0,0.0,0.0,washroom
0.0,0.0,-0.23661872140164195,0.0640527151596292,-0.545592556530206,-0.26365766298347343,-0.62945221556678,-0.6860671842263121,-0.6053100576386413,-1.0,-0.5997722273900911,-0.6291396078022261,-0.7448350894427685,-0.913049399995943,-0.6294947780376201,-0.6392104317537042,-0.5319968355255723,-0.44202303227358214,-0.4037856329383536,-0.754146128010525,-0.5118580854929712,-0.9770622694381899,-0.40160679666513077,-0.5971224871841684,-0.34892568701261445,-0.44709249422599334,-0.20615196142354983,-0.8000045641458092,-0.2591167001370693,-0.8820474395866478,-0.18993258104618915,-0.5064169716675215,-0.1729695346889571,-0.39933196843639607,-0.008738165821937458,-0.8089995537279653,-0.06689914831590264,-0.8466356449645156,-0.03476828628640812,-0.5810581428708043,-0.021889425960861363,-0.5124698983716867,0.0,0.0,0.0,0.0,0.0,0.0,0.0,0.0,0.0,0.0,0.0,0.0,0.0,0.0,0.0,0.0,0.0,0.0,0.0,0.0,0.0,0.0,0.0,0.0,0.0,0.0,0.0,0.0,0.0,0.0,0.0,0.0,0.0,0.0,0.0,0.0,0.0,0.0,0.0,0.0,0.0,0.0,washroom
0.0,0.0,-0.24995408978493425,0.04233831452015673,-0.5556526201431712,-0.2570306131030328,-0.6461371059230184,-0.6664460687983881,-0.5871008600227577,-1.0,-0.5978409326896178,-0.6390118405448126,-0.7498751413777184,-0.9319009918322724,-0.6375603912408458,-0.6825923910898141,-0.5392948534219844,-0.48725789870232844,-0.40583051149986527,-0.7787261502868745,-0.504075625709034,-0.9779939896234333,-0.40168331734342044,-0.6233289110783494,-0.35754978469396337,-0.4570120773900343,-0.21340646930709042,-0.8314578509900302,-0.2601202418567292,-0.8596757279987094,-0.19434214523417642,-0.5124215021135862,-0.18178419967768455,-0.39718840694128127,-0.019662958951977057,-0.836336176048083,-0.07073193754837735,-0.8045069242901938,-0.04297093153971705,-0.5474708191240503,-0.036311805018029414,-0.47320096317056803,0.0,0.0,0.0,0.0,0.0,0.0,0.0,0.0,0.0,0.0,0.0,0.0,0.0,0.0,0.0,0.0,0.0,0.0,0.0,0.0,0.0,0.0,0.0,0.0,0.0,0.0,0.0,0.0,0.0,0.0,0.0,0.0,0.0,0.0,0.0,0.0,0.0,0.0,0.0,0.0,0.0,0.0,washroom
0.0,0.0,-0.2604627435779595,0.02444906127216858,-0.5536002007590047,-0.27159867695337014,-0.6291288603748456,-0.674533789410193,-0.5852001489226082,-1.0,-0.600041528396482,-0.6427439830342834,-0.739426107858895,-0.925846947934555,-0.6249778320365726,-0.6769790577993935,-0.5306189591785084,-0.49083765344470803,-0.4146397971464624,-0.7681205502496068,-0.5030630074034823,-0.9747389778909865,-0.4050121909390703,-0.6341231358121823,-0.3652858831609597,-0.4709244415361028,-0.22758878588390194,-0.8203231607423933,-0.27217269753281476,-0.8788004781199525,-0.20744339697672615,-0.5445117062490028,-0.19785992086551632,-0.43019664403791696,-0.037846826741455106,-0.8309018693212347,-0.08890699466964425,-0.8351014736982156,-0.06170671829668367,-0.5887076682464033,-0.05541027569289603,-0.5136206389214605,0.0,0.0,0.0,0.0,0.0,0.0,0.0,0.0,0.0,0.0,0.0,0.0,0.0,0.0,0.0,0.0,0.0,0.0,0.0,0.0,0.0,0.0,0.0,0.0,0.0,0.0,0.0,0.0,0.0,0.0,0.0,0.0,0.0,0.0,0.0,0.0,0.0,0.0,0.0,0.0,0.0,0.0,washroom
0.0,0.0,-0.2292243174496052,0.04480024630185059,-0.5049366459020198,-0.28776929570577,-0.5807174858363998,-0.6903554651369184,-0.5780658485773332,-1.0,-0.5742328930912126,-0.6643146634911209,-0.7114064300996313,-0.8681549061874121,-0.6013928229174272,-0.5908361722479917,-0.5096826976022883,-0.4431639310606505,-0.40010325011036907,-0.8054942638095925,-0.4757441990221969,-0.9035277267372277,-0.3934247707491969,-0.5524606699170356,-0.3600332519204652,-0.4535773251285395,-0.22363950493210968,-0.8493673662632313,-0.2603562158073636,-0.8012398793015575,-0.21055618241496682,-0.4632921420607967,-0.206742835084727,-0.41362292726061917,-0.052266563806768356,-0.8424389560793405,-0.08581963042723391,-0.7296385031602055,-0.06001910185573636,-0.4827647968046315,-0.05319136638263619,-0.4638180503610608,0.0,0.0,0.0,0.0,0.0,0.0,0.0,0.0,0.0,0.0,0.0,0.0,0.0,0.0,0.0,0.0,0.0,0.0,0.0,0.0,0.0,0.0,0.0,0.0,0.0,0.0,0.0,0.0,0.0,0.0,0.0,0.0,0.0,0.0,0.0,0.0,0.0,0.0,0.0,0.0,0.0,0.0,washroom
0.0,0.0,-0.24732136624566617,0.06253961133998068,-0.5542278060276127,-0.2618369868669235,-0.6413833194379412,-0.6835731399666015,-0.6313926272375625,-1.0,-0.6040767783442318,-0.600413553683503,-0.7500836128077771,-0.8983191020326912,-0.6385704315674162,-0.6469161191940469,-0.5487690373065411,-0.4612048958996862,-0.4245784785077558,-0.7246288866475555,-0.4882119421094794,-0.9350539428302619,-0.3853294971267069,-0.5798725646084727,-0.35772495634282026,-0.420455474485743,-0.24183898920239866,-0.7838420562440588,-0.27255720536923195,-0.9014027569565491,-0.19403097091265256,-0.5334999906003902,-0.18945561977893574,-0.38544870458075775,-0.0584690702561809,-0.8042763706780558,-0.08143996775278065,-0.8720459540363454,-0.04036119567116638,-0.594996463852234,-0.04133088564580493,-0.4829717689642956,0.0,0.0,0.0,0.0,0.0,0.0,0.0,0.0,0.0,0.0,0.0,0.0,0.0,0.0,0.0,0.0,0.0,0.0,0.0,0.0,0.0,0.0,0.0,0.0,0.0,0.0,0.0,0.0,0.0,0.0,0.0,0.0,0.0,0.0,0.0,0.0,0.0,0.0,0.0,0.0,0.0,0.0,washroom
0.0,0.0,-0.2528951817707427,0.022803270133936338,-0.5532028526700296,-0.30095696642894415,-0.6294270307879631,-0.6972484953905027,-0.606069368585841,-1.0,-0.6020533658027483,-0.6390771264567751,-0.7365754044181597,-0.8887464254652984,-0.6250102626543746,-0.6342401113237085,-0.5318988345799269,-0.4671173421464603,-0.43608168377109063,-0.7688157244738215,-0.5144741694207688,-0.9457775613150113,-0.4159677161245434,-0.5986385110453992,-0.37454722560445297,-0.4417157766568099,-0.2636582362149939,-0.8278715602713516,-0.29828853713689335,-0.8717715080883632,-0.2247241607236041,-0.5317705340059141,-0.21049281614193774,-0.4115623586710732,-0.08867907462167333,-0.8425612802226474,-0.1174595929726909,-0.8215873369281614,-0.08163200556618543,-0.5632217081231519,-0.0752857192555227,-0.4829626021916855,0.0,0.0,0.0,0.0,0.0,0.0,0.0,0.0,0.0,0.0,0.0,0.0,0.0,0.0,0.0,0.0,0.0,0.0,0.0,0.0,0.0,0.0,0.0,0.0,0.0,0.0,0.0,0.0,0.0,0.0,0.0,0.0,0.0,0.0,0.0,0.0,0.0,0.0,0.0,0.0,0.0,0.0,washroom
0.0,0.0,-0.2492532990175362,0.029318532799180303,-0.5375690444496151,-0.28259037838653495,-0.6141956549151945,-0.6851414814357553,-0.5958863779897717,-1.0,-0.5814822113428905,-0.6012819883746268,-0.7347904356850523,-0.8745368237943965,-0.6232415396312107,-0.6206170723201204,-0.52421337208106,-0.4484160336657808,-0.4041940826354363,-0.7171948840760245,-0.48650767647125553,-0.9263545216497119,-0.38329489689696344,-0.5748030561319702,-0.3430748727007387,-0.40810789848982004,-0.2243622110474285,-0.7723615905772957,-0.2767040900905749,-0.9284277677267948,-0.1956475286453016,-0.5669173872509216,-0.17532818701898395,-0.40283812324668383,-0.04476301575920272,-0.7879340191216654,-0.09427030654706789,-0.8951513635833628,-0.05485488860292391,-0.6313025071530814,-0.04219381566444384,-0.5166595703033287,0.0,0.0,0.0,0.0,0.0,0.0,0.0,0.0,0.0,0.0,0.0,0.0,0.0,0.0,0.0,0.0,0.0,0.0,0.0,0.0,0.0,0.0,0.0,0.0,0.0,0.0,0.0,0.0,0.0,0.0,0.0,0.0,0.0,0.0,0.0,0.0,0.0,0.0,0.0,0.0,0.0,0.0,washroom
0.0,0.0,-0.25622647028607376,0.03543924747426439,-0.5431752379477509,-0.291943810575017,-0.6071693542224307,-0.6943711888758826,-0.587691596839813,-1.0,-0.5864780089060553,-0.6243952936270439,-0.736606883037553,-0.8733032922241808,-0.6280279600943137,-0.608431399639365,-0.5276506243297558,-0.43673097468115485,-0.40742090296407973,-0.7511765173265235,-0.48407229097364873,-0.924430365204946,-0.3983306333785266,-0.5618565466186293,-0.3574487122455476,-0.40158449643945043,-0.22840504281718396,-0.8005426732032396,-0.27491764758276865,-0.873106678832911,-0.21421395889287176,-0.5211388495409065,-0.19900640650944681,-0.3954459581398197,-0.05221211573721925,-0.805239379966892,-0.09762069961977957,-0.8130826601159235,-0.07022640651956848,-0.5581527754371421,-0.060512895257442086,-0.48078477336827335,0.0,0.0,0.0,0.0,0.0,0.0,0.0,0.0,0.0,0.0,0.0,0.0,0.0,0.0,0.0,0.0,0.0,0.0,0.0,0.0,0.0,0.0,0.0,0.0,0.0,0.0,0.0,0.0,0.0,0.0,0.0,0.0,0.0,0.0,0.0,0.0,0.0,0.0,0.0,0.0,0.0,0.0,washroom
0.0,0.0,-0.25860880886443266,0.034065115103418045,-0.5577187145489396,-0.29314284338693225,-0.622396995706002,-0.6992794689525192,-0.5979234141747068,-1.0,-0.602760806962676,-0.6363773141298711,-0.7438169087828858,-0.8789824298150501,-0.6323378366314835,-0.6206637491687338,-0.5336932394357721,-0.444124865969289,-0.43164634348171915,-0.7602748519769342,-0.49256700030993816,-0.9229755971325201,-0.4080436481228679,-0.574833270309226,-0.3724040169593359,-0.40862214924576695,-0.25525641115657094,-0.8122373925873619,-0.2852587281701711,-0.861668019093797,-0.22368710085428592,-0.5196081037299907,-0.21171837151056247,-0.39486600941048555,-0.07637318162076606,-0.8230197808767138,-0.11040695184322946,-0.7989509244483051,-0.08008943070674933,-0.5362765591445305,-0.0713687833070705,-0.457008364318793,0.0,0.0,0.0,0.0,0.0,0.0,0.0,0.0,0.0,0.0,0.0,0.0,0.0,0.0,0.0,0.0,0.0,0.0,0.0,0.0,0.0,0.0,0.0,0.0,0.0,0.0,0.0,0.0,0.0,0.0,0.0,0.0,0.0,0.0,0.0,0.0,0.0,0.0,0.0,0.0,0.0,0.0,washroom
0.0,0.0,-0.23989283129784122,0.018535459725736815,-0.5080758613512194,-0.2984954995015889,-0.5889101644574767,-0.6934052287438996,-0.580760918163295,-1.0,-0.5919180980369467,-0.647958479405759,-0.7333200876543722,-0.8770189653378049,-0.6129588348072184,-0.6105547198162877,-0.5184213188475095,-0.46195518351208936,-0.41690386378396055,-0.7878153824059053,-0.4773131358562713,-0.9023815294101379,-0.37844408880039027,-0.5358224050417033,-0.34941882764096643,-0.41810106938237046,-0.23324379157317668,-0.8390577227766728,-0.25852071966248263,-0.8288231311280976,-0.1954953046979221,-0.4662517809494629,-0.1955423680993591,-0.38083000917736326,-0.05395358044530226,-0.8426752972211488,-0.08174645975266484,-0.7784303579317237,-0.05257612687128572,-0.5181898833579689,-0.0510962982694011,-0.46395052617610594,0.0,0.0,0.0,0.0,0.0,0.0,0.0,0.0,0.0,0.0,0.0,0.0,0.0,0.0,0.0,0.0,0.0,0.0,0.0,0.0,0.0,0.0,0.0,0.0,0.0,0.0,0.0,0.0,0.0,0.0,0.0,0.0,0.0,0.0,0.0,0.0,0.0,0.0,0.0,0.0,0.0,0.0,washroom
0.0,0.0,-0.24352046214042217,0.012927169221985255,-0.5097609891493919,-0.30595404025016615,-0.5726035941589519,-0.7009324853721904,-0.5448142346159105,-1.0,-0.6035953584443063,-0.6522419711977891,-0.7383693620859653,-0.8642177030680616,-0.6164897815244589,-0.6096897393023273,-0.5236309593779912,-0.4540999848863961,-0.43311990365677244,-0.7963631391195246,-0.4812665679884273,-0.894994758218322,-0.386017517386642,-0.5464584987633233,-0.36414285474387237,-0.4203628224535377,-0.2500325062433578,-0.8518766058204168,-0.2644484854009783,-0.8220538668035687,-0.20674546531907698,-0.46691824020074707,-0.21300849480499853,-0.37182920188176366,-0.06886621581746605,-0.857406745465319,-0.09091408515916065,-0.7752604697691937,-0.06498969636050024,-0.5119467041548017,-0.06744025928227174,-0.4523160998265534,0.0,0.0,0.0,0.0,0.0,0.0,0.0,0.0,0.0,0.0,0.0,0.0,0.0,0.0,0.0,0.0,0.0,0.0,0.0,0.0,0.0,0.0,0.0,0.0,0.0,0.0,0.0,0.0,0.0,0.0,0.0,0.0,0.0,0.0,0.0,0.0,0.0,0.0,0.0,0.0,0.0,0.0,washroom
0.0,0.0,-0.24170582933168755,0.004347269265530797,-0.5184786387126755,-0.3128106738743046,-0.5831493003167572,-0.704840639564029,-0.5402237669096723,-1.0,-0.6045368112788475,-0.6825434733025073,-0.7403303690458621,-0.8849075037414422,-0.615613675809975,-0.6166643289005221,-0.5150266322384863,-0.4614189305390726,-0.43230410637771066,-0.8257064830930719,-0.4821080389475905,-0.9322364128015261,-0.38665058283559245,-0.5692354041062557,-0.358366621090391,-0.44343732123712143,-0.24472630450400124,-0.8788072757787505,-0.2577366439354484,-0.8424286259667679,-0.2013780216643838,-0.4808385709459171,-0.20458145244800707,-0.3926166433499904,-0.057410007184057005,-0.8818106750940087,-0.07862505198988622,-0.7907848917695589,-0.055052563147129245,-0.5194380579383829,-0.05654938398845672,-0.4606005091044811,0.0,0.0,0.0,0.0,0.0,0.0,0.0,0.0,0.0,0.0,0.0,0.0,0.0,0.0,0.0,0.0,0.0,0.0,0.0,0.0,0.0,0.0,0.0,0.0,0.0,0.0,0.0,0.0,0.0,0.0,0.0,0.0,0.0,0.0,0.0,0.0,0.0,0.0,0.0,0.0,0.0,0.0,washroom
0.0,0.0,-0.26456104203003383,0.001813834933975469,-0.5475526928050953,-0.2901989764658114,-0.6266871457007076,-0.6725053311246872,-0.5970914448365592,-0.9717001564631602,-0.6416016389489935,-0.6339722332689319,-0.7866587234735448,-0.8811597583849745,-0.6664049379314088,-0.6443933686340944,-0.5572857138383784,-0.4730116705443227,-0.47367238555695773,-0.7667657739185619,-0.5709728480574665,-1.0,-0.4617489846595126,-0.6501751468864457,-0.3997242323754531,-0.4766359481156053,-0.2949541935571414,-0.8312723826343636,-0.32471689979573154,-0.9269221013868753,-0.2557687309574731,-0.5796970522507627,-0.23731698559474268,-0.4484386563165086,-0.10815789940640028,-0.8495566007308573,-0.14038106451313237,-0.9008838759442327,-0.11242619145287369,-0.635253999517772,-0.10607946533229372,-0.5354528924808961,0.0,0.0,0.0,0.0,0.0,0.0,0.0,0.0,0.0,0.0,0.0,0.0,0.0,0.0,0.0,0.0,0.0,0.0,0.0,0.0,0.0,0.0,0.0,0.0,0.0,0.0,0.0,0.0,0.0,0.0,0.0,0.0,0.0,0.0,0.0,0.0,0.0,0.0,0.0,0.0,0.0,0.0,washroom
0.0,0.0,-0.2541217218267576,-0.014837676012545712,-0.5328632523742686,-0.31660075395502396,-0.5992437456953809,-0.6889271870078102,-0.5631134245590346,-0.9794412957073476,-0.6178923487256237,-0.6363865341584267,-0.7439932599723459,-0.8504822218575888,-0.62085515472591,-0.6087943826483742,-0.5099817520727492,-0.44245945688901056,-0.45423125119536467,-0.7763510625289369,-0.5416744615764078,-1.0,-0.4301896592988657,-0.6458781214041079,-0.36091912698404405,-0.45764568294383173,-0.2798271568036237,-0.8479767898070799,-0.31187729993384344,-0.9019636379218265,-0.24094240197487304,-0.5627970121893228,-0.21839691018487262,-0.434035990012761,-0.10374824549210354,-0.8733914180395288,-0.1402004659178676,-0.8666231719412513,-0.11037957987962221,-0.6123728994242392,-0.10106488047398625,-0.5323393821832924,0.0,0.0,0.0,0.0,0.0,0.0,0.0,0.0,0.0,0.0,0.0,0.0,0.0,0.0,0.0,0.0,0.0,0.0,0.0,0.0,0.0,0.0,0.0,0.0,0.0,0.0,0.0,0.0,0.0,0.0,0.0,0.0,0.0,0.0,0.0,0.0,0.0,0.0,0.0,0.0,0.0,0.0,washroom
0.0,0.0,-0.2503447564393571,0.005476300008637526,-0.5391040312878822,-0.30304964249034777,-0.6102842883395831,-0.696744302414148,-0.5752313652138383,-1.0,-0.630194192712148,-0.6468118186271099,-0.7563430987924522,-0.8585568507633109,-0.6269398218936653,-0.6121593626317866,-0.5170853791048219,-0.4388239750654381,-0.46250596029932955,-0.787297529207159,-0.5209598105917734,-0.9719924823736247,-0.4091322751867154,-0.6174864690036004,-0.35706477901064854,-0.44217230267516916,-0.2808799012885077,-0.8564031553235728,-0.2928928321257494,-0.9078023939757179,-0.22828521815981698,-0.5593973443532645,-0.2228005243168028,-0.4290817118115059,-0.0952147833294117,-0.8803553678706223,-0.11372887427579487,-0.8835374434059255,-0.08928981933489964,-0.6193599186826987,-0.09331967214224463,-0.5312130146672779,0.0,0.0,0.0,0.0,0.0,0.0,0.0,0.0,0.0,0.0,0.0,0.0,0.0,0.0,0.0,0.0,0.0,0.0,0.0,0.0,0.0,0.0,0.0,0.0,0.0,0.0,0.0,0.0,0.0,0.0,0.0,0.0,0.0,0.0,0.0,0.0,0.0,0.0,0.0,0.0,0.0,0.0,washroom
0.0,0.0,-0.2750689203408702,-0.058210234629643996,-0.5261023157015998,-0.35978521329520635,-0.5841806100829666,-0.7122120943588578,-0.5559311922044348,-1.0,-0.5708112112606495,-0.6384247153860358,-0.7151601257447932,-0.8455648954803773,-0.6095150499296865,-0.6188008570925941,-0.5088277040648523,-0.4602441905315526,-0.41256049310140985,-0.7419355279303574,-0.4751340436435395,-0.9137763648303571,-0.3906570460463271,-0.5944569251967085,-0.3444083012542792,-0.4395295715520435,-0.24680365870581641,-0.7910126564297788,-0.28101333388695426,-0.8954852942622655,-0.2296235632717685,-0.5805767018106682,-0.2031057587137929,-0.43921761344949173,-0.07885219086372512,-0.8018951318145909,-0.12106596793879283,-0.8982707905597436,-0.11341534571623067,-0.6495126132692007,-0.10325731243997129,-0.5218496329165515,0.0,0.0,0.0,0.0,0.0,0.0,0.0,0.0,0.0,0.0,0.0,0.0,0.0,0.0,0.0,0.0,0.0,0.0,0.0,0.0,0.0,0.0,0.0,0.0,0.0,0.0,0.0,0.0,0.0,0.0,0.0,0.0,0.0,0.0,0.0,0.0,0.0,0.0,0.0,0.0,0.0,0.0,washroom
0.0,0.0,-0.27638620458188096,-0.0675159742932273,-0.5109157077824282,-0.3719609022684705,-0.5480861424339518,-0.7159859548524449,-0.5112166345971975,-1.0,-0.558837734174677,-0.6754700559331362,-0.6897241172363087,-0.8318680927980932,-0.585372908907064,-0.600666134782788,-0.4862371491024104,-0.4384278991582298,-0.40041668977659456,-0.7972575270812801,-0.47252336235940273,-0.9012493582550796,-0.3839325559864668,-0.5970396537919481,-0.33356912570520836,-0.44532077290976035,-0.2309690099422465,-0.8622016863847682,-0.28500187012647177,-0.8722898454265808,-0.2270040573922615,-0.5818155443774612,-0.19554156160537914,-0.45965802995331084,-0.0598514422728223,-0.8893414168305693,-0.12535877274194673,-0.8789537531233956,-0.11248945831751192,-0.6394501401528242,-0.09648572659746488,-0.538550630652155,0.0,0.0,0.0,0.0,0.0,0.0,0.0,0.0,0.0,0.0,0.0,0.0,0.0,0.0,0.0,0.0,0.0,0.0,0.0,0.0,0.0,0.0,0.0,0.0,0.0,0.0,0.0,0.0,0.0,0.0,0.0,0.0,0.0,0.0,0.0,0.0,0.0,0.0,0.0,0.0,0.0,0.0,washroom
0.0,0.0,-0.27773072286132144,-0.022374775782779726,-0.5512737755017543,-0.2980682272380807,-0.6293463583080834,-0.6271213019236875,-0.5911073380240456,-0.9035215551725959,-0.6122585773070982,-0.7709218873172764,-0.7598156773071634,-0.9290355350470016,-0.6497135301033014,-0.6699952858146053,-0.5393406269540559,-0.49462921921222897,-0.43892750000163006,-0.918084671464312,-0.5017014753509395,-0.9552755516346747,-0.40042310302940204,-0.6230584956727951,-0.3505769497851231,-0.5094130480566537,-0.24780705615096868,-0.9837406246067437,-0.2885873679392359,-0.9218028792392622,-0.22375069196808436,-0.602399539926803,-0.1957925732345115,-0.5176749350739958,-0.048122182817804886,-1.0,-0.09826435821549499,-0.9382177640677356,-0.08670286743749792,-0.6602422035002338,-0.07512996611393984,-0.564757128167812,0.0,0.0,0.0,0.0,0.0,0.0,0.0,0.0,0.0,0.0,0.0,0.0,0.0,0.0,0.0,0.0,0.0,0.0,0.0,0.0,0.0,0.0,0.0,0.0,0.0,0.0,0.0,0.0,0.0,0.0,0.0,0.0,0.0,0.0,0.0,0.0,0.0,0.0,0.0,0.0,0.0,0.0,washroom
0.0,0.0,-0.28773540213208604,-0.0026116060078278675,-0.5771733416448179,-0.20516014423645004,-0.6876513361479708,-0.4242438542753845,-0.6456205390246517,-0.611348468868698,-0.6656114519966037,-0.7444214829927344,-0.8054177929423351,-1.0,-0.7060567749025358,-0.696408392404503,-0.6007187678224093,-0.5160074730196845,-0.48954827154410335,-0.8751192123697717,-0.5527162860833482,-0.9708249331368135,-0.45059696725926235,-0.6055604270903182,-0.3918008960453503,-0.5384806737863019,-0.2990027315957502,-0.9314909786370702,-0.32200637482088423,-0.8905594777812287,-0.25802294218506444,-0.5605031813743727,-0.23220210077162914,-0.5354158138432312,-0.096404441522743,-0.9466879721623798,-0.12186860611062396,-0.9127370940606175,-0.11193579670811069,-0.6370880977126224,-0.1059161893599096,-0.576411699438865,0.0,0.0,0.0,0.0,0.0,0.0,0.0,0.0,0.0,0.0,0.0,0.0,0.0,0.0,0.0,0.0,0.0,0.0,0.0,0.0,0.0,0.0,0.0,0.0,0.0,0.0,0.0,0.0,0.0,0.0,0.0,0.0,0.0,0.0,0.0,0.0,0.0,0.0,0.0,0.0,0.0,0.0,washroom
0.0,0.0,-0.3153897891189874,-0.08032581542157799,-0.5691277693028125,-0.3668881228990999,-0.6087746191749692,-0.6979619061570385,-0.5366205870641254,-0.9627270905454709,-0.610857626409074,-0.7030566760149478,-0.7533544689010088,-0.9529439277875954,-0.6789168436742574,-0.6851184609281382,-0.5841042288114199,-0.498986660202311,-0.4506285458062679,-0.8162086777282004,-0.5673996447826664,-1.0,-0.4878285825400679,-0.6722571693186512,-0.41064038390539037,-0.525615319035656,-0.27970855373303527,-0.8763297877284569,-0.3673539877923321,-0.9072192699268782,-0.3003583032702377,-0.595391320933321,-0.24177830259356245,-0.4935847838784721,-0.10100679612480717,-0.8947959582409566,-0.1965180224276952,-0.8981559111859998,-0.17133008702713134,-0.6549406031556119,-0.13230116808278936,-0.5782732957543089,0.0,0.0,0.0,0.0,0.0,0.0,0.0,0.0,0.0,0.0,0.0,0.0,0.0,0.0,0.0,0.0,0.0,0.0,0.0,0.0,0.0,0.0,0.0,0.0,0.0,0.0,0.0,0.0,0.0,0.0,0.0,0.0,0.0,0.0,0.0,0.0,0.0,0.0,0.0,0.0,0.0,0.0,washroom
0.0,0.0,-0.28285797517872296,-0.05171069225633333,-0.5184013635598755,-0.37023835156901663,-0.5726969571408668,-0.7193281355453787,-0.5788488992547103,-1.0,-0.5516272791588486,-0.6856509568984079,-0.6904807742761969,-0.8845370934968544,-0.6121660083485473,-0.6150574211420538,-0.5199259595672652,-0.45024327312270773,-0.3983885530451209,-0.8064866801406262,-0.4871697628426315,-0.8764331763381831,-0.4136283611769027,-0.5680591165449246,-0.35321411834527233,-0.46590105143928306,-0.24282692596499544,-0.8480068612248517,-0.31714021542653764,-0.7755771516869892,-0.2549697740608789,-0.4968547291245605,-0.21186962949023921,-0.4509793349026817,-0.0928892596137666,-0.844419917093533,-0.17052025526940984,-0.7275453208147342,-0.13567529325765237,-0.5297520586388648,-0.09938932927546407,-0.5225741897078009,0.0,0.0,0.0,0.0,0.0,0.0,0.0,0.0,0.0,0.0,0.0,0.0,0.0,0.0,0.0,0.0,0.0,0.0,0.0,0.0,0.0,0.0,0.0,0.0,0.0,0.0,0.0,0.0,0.0,0.0,0.0,0.0,0.0,0.0,0.0,0.0,0.0,0.0,0.0,0.0,0.0,0.0,washroom
0.0,0.0,-0.28137431243179584,-0.027812221782321483,-0.5655155781802981,-0.3496755341277003,-0.6344416152351248,-0.7196888182368109,-0.5741166871320995,-1.0,-0.6069718461294206,-0.7552074310623067,-0.7558340551501547,-0.9573075663150363,-0.6671936766836755,-0.6519945255804512,-0.570594489003933,-0.477039392106305,-0.4383977073356016,-0.8877804283472036,-0.5301842692835624,-0.9538826376091015,-0.43759101423469665,-0.6038855516723709,-0.37211261548231767,-0.5086234166085529,-0.26175884820142004,-0.9289732247828018,-0.3281789918144968,-0.8294296273817443,-0.25909438952384206,-0.5187434559182615,-0.21797555000432084,-0.483127573670534,-0.08735839159785123,-0.9215851700305675,-0.16016334831898743,-0.7689409088259942,-0.12744344205133976,-0.5401704626527623,-0.09425045268465615,-0.5286589078894746,0.0,0.0,0.0,0.0,0.0,0.0,0.0,0.0,0.0,0.0,0.0,0.0,0.0,0.0,0.0,0.0,0.0,0.0,0.0,0.0,0.0,0.0,0.0,0.0,0.0,0.0,0.0,0.0,0.0,0.0,0.0,0.0,0.0,0.0,0.0,0.0,0.0,0.0,0.0,0.0,0.0,0.0,washroom
0.0,0.0,-0.2795859088768396,-0.09358065097251592,-0.49440955834283484,-0.4128278211949968,-0.5383054305367089,-0.7338470131878151,-0.5322708504307123,-1.0,-0.49130247754476036,-0.782236954660489,-0.6331155821216147,-0.9377254446388599,-0.5980201471170845,-0.6827639158659774,-0.5284341136095577,-0.5153127682628332,-0.3428862125602807,-0.8775246683785132,-0.4554771976827756,-0.8924558023704756,-0.41468481843386057,-0.6046605078964871,-0.3570918448854021,-0.5051270421021344,-0.19741651915554778,-0.8921412043025535,-0.31175459991094573,-0.7641466215830892,-0.25478024777335945,-0.5109956367929427,-0.1941172049642291,-0.46844785319864657,-0.06638245834408116,-0.8512275933852074,-0.18128553154799246,-0.694441055916502,-0.13907274013406484,-0.5212931529033474,-0.0826282572513344,-0.5231078512423225,0.0,0.0,0.0,0.0,0.0,0.0,0.0,0.0,0.0,0.0,0.0,0.0,0.0,0.0,0.0,0.0,0.0,0.0,0.0,0.0,0.0,0.0,0.0,0.0,0.0,0.0,0.0,0.0,0.0,0.0,0.0,0.0,0.0,0.0,0.0,0.0,0.0,0.0,0.0,0.0,0.0,0.0,washroom
0.0,0.0,0.2509552361602279,-0.09154207885816304,0.4788746081036048,-0.3826230208659361,0.5567870596184071,-0.6794414080829642,0.5671925388617028,-0.9334520014024116,0.3922149277743564,-0.9160279537088434,0.485396690057876,-1.0,0.430172393421783,-0.7227902975109123,0.3661892937353001,-0.4848158080914519,0.19721195946509668,-0.9651625143291452,0.2754398089093646,-0.9742989268271981,0.24172430073530157,-0.645900236837803,0.21675602137568475,-0.3973927104497507,0.002272890583442766,-0.9461455624138262,0.07764093922995643,-0.845172892560708,0.08219781237295468,-0.5470220214306624,0.08012650639886457,-0.3383954540259292,-0.18535343135103644,-0.86936449246252,-0.11491383704729667,-0.7503181709234938,-0.08257156374196978,-0.5260765124512254,-0.06312757074631156,-0.4012435552001836,0.0,0.0,0.0,0.0,0.0,0.0,0.0,0.0,0.0,0.0,0.0,0.0,0.0,0.0,0.0,0.0,0.0,0.0,0.0,0.0,0.0,0.0,0.0,0.0,0.0,0.0,0.0,0.0,0.0,0.0,0.0,0.0,0.0,0.0,0.0,0.0,0.0,0.0,0.0,0.0,0.0,0.0,washroom
0.0,0.0,0.25130298881811913,-0.08703819821287764,0.489395871462199,-0.40833250892542794,0.5380932827243868,-0.736696966081919,0.5272085524076106,-1.0,0.4150302169744618,-0.9297408061545445,0.516278722128951,-0.9744821505989566,0.4643575728655352,-0.7152210189099776,0.3940487326910711,-0.4794173230408431,0.2201121825180909,-0.9970583186152275,0.30916205725658386,-0.9296393312403072,0.2599920056680468,-0.5704941500984925,0.21902632819387746,-0.3013761307724314,0.023272489605186204,-0.9798272235008627,0.10995916271193346,-0.8292137185355024,0.10099136262988062,-0.5066227839188084,0.09547225479441691,-0.28673246411643355,-0.17355265493291744,-0.8957445276288186,-0.07507979783578377,-0.7668819341191395,-0.03741314620243773,-0.5399818436282483,-0.013417602369639287,-0.4158165566324586,0.0,0.0,0.0,0.0,0.0,0.0,0.0,0.0,0.0,0.0,0.0,0.0,0.0,0.0,0.0,0.0,0.0,0.0,0.0,0.0,0.0,0.0,0.0,0.0,0.0,0.0,0.0,0.0,0.0,0.0,0.0,0.0,0.0,0.0,0.0,0.0,0.0,0.0,0.0,0.0,0.0,0.0,washroom
0.0,0.0,0.26801068835131586,-0.06895828696109058,0.4990562739812818,-0.3857676347679132,0.5398629172542422,-0.7213454427976436,0.5177260005763532,-1.0,0.4406762660407257,-0.8706763916382735,0.5576121184887266,-0.9617332182487655,0.49383909139942883,-0.7081671200970729,0.42189890932485036,-0.48165543150084184,0.24600216027782176,-0.93917694531413,0.3398802218052694,-0.941862988426186,0.28595369357966266,-0.5998381884926132,0.2515738070500695,-0.3496105429372661,0.04430401165545243,-0.9380252855774243,0.13443002088408113,-0.8374673533596297,0.115120444559498,-0.5221990176876236,0.1045255936402984,-0.31711985285549515,-0.15685912630159182,-0.8747921535025318,-0.06391519653574053,-0.7664035630628776,-0.046388407625445785,-0.540498580398828,-0.037943716947784215,-0.42458983678598666,0.0,0.0,0.0,0.0,0.0,0.0,0.0,0.0,0.0,0.0,0.0,0.0,0.0,0.0,0.0,0.0,0.0,0.0,0.0,0.0,0.0,0.0,0.0,0.0,0.0,0.0,0.0,0.0,0.0,0.0,0.0,0.0,0.0,0.0,0.0,0.0,0.0,0.0,0.0,0.0,0.0,0.0,washroom
0.0,0.0,0.25818632453710455,-0.074581652654258,0.4960086504349516,-0.38897636519738865,0.5537694189305211,-0.7258644765190909,0.5419495877273979,-1.0,0.4172538918857624,-0.8925577100646352,0.5255092255106835,-0.9587280296771477,0.46784144109118597,-0.6676839837358863,0.400833778814534,-0.44098848228604753,0.22451750336135815,-0.9414491908441464,0.32536780547860883,-0.9357314801315384,0.28466880497643,-0.5965297824431809,0.24392055855242908,-0.36051319434319873,0.03125965884239685,-0.9250613144125318,0.12848568790397044,-0.8710518216131279,0.11866857818600055,-0.5651876690803648,0.09325590060099463,-0.3589451005167582,-0.1598367108908004,-0.8497830911535533,-0.0612040951871831,-0.8311788242536164,-0.04948680565680128,-0.5897885989211256,-0.06443731674523336,-0.4390141096045747,0.0,0.0,0.0,0.0,0.0,0.0,0.0,0.0,0.0,0.0,0.0,0.0,0.0,0.0,0.0,0.0,0.0,0.0,0.0,0.0,0.0,0.0,0.0,0.0,0.0,0.0,0.0,0.0,0.0,0.0,0.0,0.0,0.0,0.0,0.0,0.0,0.0,0.0,0.0,0.0,0.0,0.0,washroom
0.0,0.0,0.2726880953326266,-0.08141650907842689,0.5045716481223683,-0.3828079645184959,0.5574034376693051,-0.718959389283958,0.540829865037357,-1.0,0.4441582724681648,-0.8651258293507719,0.5497014915574491,-0.9391359777312108,0.4837501488868888,-0.679031130099161,0.40695014938708624,-0.45659302405918334,0.2571544644026689,-0.9177606661629262,0.3486433864365842,-0.9256431522816662,0.2969731490897814,-0.6061120373447395,0.2511122358605912,-0.36589628969183774,0.06732719820354097,-0.9081331162893355,0.15748653296598,-0.8562842146759799,0.13419921675336235,-0.566906876057644,0.1045465757266071,-0.3666440848372342,-0.1244846012660622,-0.8423337085856074,-0.030882032502203213,-0.8061059724510018,-0.02638400718783695,-0.5867794069971992,-0.04174553894240133,-0.4565989639035657,0.0,0.0,0.0,0.0,0.0,0.0,0.0,0.0,0.0,0.0,0.0,0.0,0.0,0.0,0.0,0.0,0.0,0.0,0.0,0.0,0.0,0.0,0.0,0.0,0.0,0.0,0.0,0.0,0.0,0.0,0.0,0.0,0.0,0.0,0.0,0.0,0.0,0.0,0.0,0.0,0.0,0.0,washroom
0.0,0.0,0.2567482998681,-0.09231832364210205,0.4930928632150315,-0.4061333048631941,0.5679935843730933,-0.732461404552166,0.5613452017713432,-1.0,0.42834016729488655,-0.9024336738571203,0.5420638615169764,-0.9810204883469854,0.483395427158236,-0.7294560408640851,0.4126560024663181,-0.5019997298618634,0.24503544255426377,-0.9479017989415385,0.3395036411728672,-0.9496389286899931,0.2867099420987518,-0.6191922992785958,0.24316539745842472,-0.36266721719875367,0.05294061360739329,-0.9297533158840917,0.13579579525990643,-0.8750555736912531,0.12167123204219817,-0.5765440102098678,0.10218851888305572,-0.35653988121921526,-0.14248617541933714,-0.8608059408237491,-0.059863595624746746,-0.8424953133494698,-0.03860637027569781,-0.6183345030089019,-0.0365741807630264,-0.46488404212801165,0.0,0.0,0.0,0.0,0.0,0.0,0.0,0.0,0.0,0.0,0.0,0.0,0.0,0.0,0.0,0.0,0.0,0.0,0.0,0.0,0.0,0.0,0.0,0.0,0.0,0.0,0.0,0.0,0.0,0.0,0.0,0.0,0.0,0.0,0.0,0.0,0.0,0.0,0.0,0.0,0.0,0.0,washroom
0.0,0.0,0.25099896562289287,-0.0951156640648154,0.4653789780176081,-0.402876943074752,0.526062434968792,-0.727658275420367,0.5410941578147233,-1.0,0.3989574692073143,-0.8542571839396327,0.47741415184834035,-0.9217045822321451,0.4228285663956285,-0.6316891180578533,0.3625907793225874,-0.4069215050534762,0.22041123516648406,-0.8995260009344735,0.2966991209325145,-0.8980502673323562,0.25936665064685444,-0.5809456438587025,0.22286513275341058,-0.349279122362888,0.03796695503256326,-0.8933603675781634,0.10792696857936918,-0.8243300968117976,0.09906755787655765,-0.5477228537231593,0.07729986110906265,-0.34919758550725527,-0.14580584711088204,-0.8363160145898098,-0.07864508008561091,-0.7661984929874129,-0.05997731438747037,-0.5571432825179694,-0.06223015266315233,-0.42411131088722953,0.0,0.0,0.0,0.0,0.0,0.0,0.0,0.0,0.0,0.0,0.0,0.0,0.0,0.0,0.0,0.0,0.0,0.0,0.0,0.0,0.0,0.0,0.0,0.0,0.0,0.0,0.0,0.0,0.0,0.0,0.0,0.0,0.0,0.0,0.0,0.0,0.0,0.0,0.0,0.0,0.0,0.0,washroom
0.0,0.0,0.2436854814024262,-0.09951238431661182,0.43217456593843995,-0.40413818537967805,0.4964712614697892,-0.7278424031190895,0.5218502410563887,-1.0,0.38873044517187455,-0.8255107847699666,0.4516399056992381,-0.8645208331293995,0.405368799210333,-0.5938664820371123,0.3555709384121629,-0.40761189484898885,0.21575942352825703,-0.8782333872424117,0.28233651805204535,-0.8714325360909948,0.2505610715428059,-0.5604807740895666,0.2192867069631075,-0.35238150166370313,0.0385176970020538,-0.8774002790079213,0.10101523326104596,-0.7948162095506639,0.09709626461147235,-0.5256174829442981,0.08170281079447943,-0.35646661574714783,-0.14240039409273614,-0.8253774451224013,-0.08139657936182693,-0.7456546222691498,-0.05463367180615167,-0.5523142498017763,-0.049782648437584745,-0.451823776840226,0.0,0.0,0.0,0.0,0.0,0.0,0.0,0.0,0.0,0.0,0.0,0.0,0.0,0.0,0.0,0.0,0.0,0.0,0.0,0.0,0.0,0.0,0.0,0.0,0.0,0.0,0.0,0.0,0.0,0.0,0.0,0.0,0.0,0.0,0.0,0.0,0.0,0.0,0.0,0.0,0.0,0.0,washroom
0.0,0.0,0.2354902944482189,-0.08405152529293844,0.4292874487305302,-0.3923967585952375,0.49092155561426903,-0.7179400681915402,0.4996727508534427,-1.0,0.40304552707950647,-0.8536269742415473,0.48804852566199475,-0.849740087902502,0.4433512986168776,-0.5954146850859314,0.37868204436224556,-0.3940963048237337,0.22195932202679014,-0.9308040394890248,0.27451459135401723,-0.807980895045419,0.2431427084119675,-0.5035023653154174,0.21126913955360963,-0.30043385085092644,0.034037449778985596,-0.9200751952223983,0.0885276435754846,-0.7065402124590054,0.08413330481534603,-0.4450035332947502,0.07232468252770019,-0.2878487162711893,-0.15080655053974484,-0.8467454371220319,-0.08189917738188102,-0.660647484126385,-0.050674078197998705,-0.46602034632579287,-0.03624457948550196,-0.37477772745191784,0.0,0.0,0.0,0.0,0.0,0.0,0.0,0.0,0.0,0.0,0.0,0.0,0.0,0.0,0.0,0.0,0.0,0.0,0.0,0.0,0.0,0.0,0.0,0.0,0.0,0.0,0.0,0.0,0.0,0.0,0.0,0.0,0.0,0.0,0.0,0.0,0.0,0.0,0.0,0.0,0.0,0.0,washroom
0.0,0.0,0.24488221149306305,-0.07566379654002482,0.44346455370628135,-0.4056050924203237,0.5045903906138743,-0.7329245840153904,0.5329226188744387,-1.0,0.3957491449084729,-0.8701217928006423,0.4792556403373509,-0.8563175708611962,0.44293677299355283,-0.6115018423834454,0.3842312496203705,-0.3991254867552052,0.21665832119794992,-0.9305902007353201,0.285874541318237,-0.7728697744477571,0.25643239123965683,-0.47773571865715025,0.2258983118673586,-0.26082422605348143,0.032770256647408284,-0.9040554384127378,0.10736215812289736,-0.6800806677599996,0.10525537389486343,-0.42748272590060876,0.09851047420127229,-0.25561736817094377,-0.14481110912044884,-0.8190687069423581,-0.06095012268094227,-0.642758047252197,-0.03532596073699421,-0.4542688731371357,-0.024156941771087112,-0.3500429013238925,0.0,0.0,0.0,0.0,0.0,0.0,0.0,0.0,0.0,0.0,0.0,0.0,0.0,0.0,0.0,0.0,0.0,0.0,0.0,0.0,0.0,0.0,0.0,0.0,0.0,0.0,0.0,0.0,0.0,0.0,0.0,0.0,0.0,0.0,0.0,0.0,0.0,0.0,0.0,0.0,0.0,0.0,washroom
0.0,0.0,0.23981909475046823,-0.09313917943415898,0.43623606408594595,-0.4126655472276049,0.5014719575065621,-0.7312595720585434,0.534434888452001,-1.0,0.3964955645591769,-0.869631256376728,0.47267199733672915,-0.8449779187796512,0.43078777778630967,-0.5890594358730596,0.3695306901591993,-0.37785452626004395,0.22064512980844614,-0.921886305184783,0.2842122680381983,-0.7753865916498829,0.2522273807132325,-0.4849171728210632,0.21939040523974762,-0.26983179433168175,0.04011972829286864,-0.8941803122556284,0.11011703579339933,-0.6827004555946894,0.10633094063348296,-0.4270388376328694,0.09973704163416636,-0.24886621497738126,-0.13409700082310724,-0.8084208602077559,-0.058418816682399746,-0.6417965089651315,-0.02842135065384142,-0.45520357104198245,-0.012894644997536623,-0.34856473925483406,0.0,0.0,0.0,0.0,0.0,0.0,0.0,0.0,0.0,0.0,0.0,0.0,0.0,0.0,0.0,0.0,0.0,0.0,0.0,0.0,0.0,0.0,0.0,0.0,0.0,0.0,0.0,0.0,0.0,0.0,0.0,0.0,0.0,0.0,0.0,0.0,0.0,0.0,0.0,0.0,0.0,0.0,washroom
0.0,0.0,0.2697165374167932,-0.06898994919538641,0.5025180977602852,-0.39481330062761855,0.5880219372753065,-0.7292275037318561,0.6198753069576335,-0.9983613442278303,0.4584115613626992,-0.9310349161831808,0.5584449793385099,-0.9414308303916133,0.5019590366114008,-0.6676712097443867,0.4291436445595235,-0.4303702454868655,0.2638927105366632,-1.0,0.33305535115242835,-0.8400661583017438,0.2965589868259945,-0.5123076792759639,0.26759806181205215,-0.26958606249079503,0.06350986568050393,-0.9752373618980973,0.13188501155966859,-0.7277257441647651,0.12725048753902976,-0.43791210607843745,0.1236578502049481,-0.23460211432226677,-0.13251689274578538,-0.8872029919335073,-0.05710033617445331,-0.7055663199267045,-0.022761658242039594,-0.5015808642604449,0.0009413321886150995,-0.37741300054895105,0.0,0.0,0.0,0.0,0.0,0.0,0.0,0.0,0.0,0.0,0.0,0.0,0.0,0.0,0.0,0.0,0.0,0.0,0.0,0.0,0.0,0.0,0.0,0.0,0.0,0.0,0.0,0.0,0.0,0.0,0.0,0.0,0.0,0.0,0.0,0.0,0.0,0.0,0.0,0.0,0.0,0.0,washroom
0.0,0.0,0.2701788486522014,-0.07943619113730539,0.49756299208036425,-0.3879955902916352,0.55685233486297,-0.7209644121659876,0.5706526147409404,-0.9954886991117795,0.46470293079608926,-0.9232329705195743,0.5516104840250473,-0.921110037098787,0.4940581847598819,-0.65512194740741,0.4198405347701085,-0.4305954642306738,0.2724714173342715,-1.0,0.33115659450004487,-0.8575015299510658,0.2929966102590124,-0.5242368232206555,0.26036479530723383,-0.2728861411898937,0.07627631333936781,-0.9827985263964054,0.13435341748356128,-0.7386283069107439,0.1266331941309164,-0.43730973296795955,0.1201513486070641,-0.22839696968635398,-0.11587934257510908,-0.8969504188064199,-0.04523696792936921,-0.7262372527657015,-0.02289604443985736,-0.531771916431122,-0.014455376494616,-0.4219932453098343,0.0,0.0,0.0,0.0,0.0,0.0,0.0,0.0,0.0,0.0,0.0,0.0,0.0,0.0,0.0,0.0,0.0,0.0,0.0,0.0,0.0,0.0,0.0,0.0,0.0,0.0,0.0,0.0,0.0,0.0,0.0,0.0,0.0,0.0,0.0,0.0,0.0,0.0,0.0,0.0,0.0,0.0,washroom
0.0,0.0,0.26747282058311317,-0.08324369412175721,0.511482455649137,-0.3964323733092178,0.5675847616404909,-0.731454016268507,0.5828721824243625,-1.0,0.4692549344749204,-0.8872237029756318,0.5554728116679468,-0.9528513070051755,0.49905318147461863,-0.669118337410629,0.42633244822447497,-0.4359006505006841,0.26670193729350594,-0.9346696610481616,0.3391092467269499,-0.9718785007699082,0.29385349428551766,-0.6075337613170375,0.2492862991445062,-0.3402278215038827,0.06609091408036298,-0.9230172600406364,0.12891929517809297,-0.8794460561393597,0.11814670964891238,-0.5459073953812195,0.0971396524589561,-0.3200756451864092,-0.1368025310157244,-0.8570341637532182,-0.07066578740838622,-0.8653163532846398,-0.05198628513097912,-0.6467933678963188,-0.05599295590419428,-0.5085754149243785,0.0,0.0,0.0,0.0,0.0,0.0,0.0,0.0,0.0,0.0,0.0,0.0,0.0,0.0,0.0,0.0,0.0,0.0,0.0,0.0,0.0,0.0,0.0,0.0,0.0,0.0,0.0,0.0,0.0,0.0,0.0,0.0,0.0,0.0,0.0,0.0,0.0,0.0,0.0,0.0,0.0,0.0,washroom
0.0,0.0,0.27232983698238766,-0.08183816637337926,0.5033175554116447,-0.2739860482451375,0.6224019397747063,-0.46986325706149684,0.6632990656151094,-0.6450363992917758,0.4343830370659967,-0.7411291608101862,0.5338359854670883,-0.9236845339581766,0.49647399237880474,-0.6881908543945633,0.4325283542056445,-0.47956041963055196,0.26164131448651606,-0.7934321299852087,0.3421383717743732,-1.0,0.31247100275778567,-0.7339992967945982,0.2588811049621036,-0.5217889591048703,0.07853101931419508,-0.7998222880752504,0.15293106334295178,-0.9592942167486646,0.1525532258906199,-0.7190241014668933,0.11099752224179373,-0.5394150049660673,-0.11549022342027587,-0.7681338451391141,-0.03310355113024727,-0.926936217330962,-0.008872478861776794,-0.7507684358299407,-0.031589207137335214,-0.6092835660099138,0.0,0.0,0.0,0.0,0.0,0.0,0.0,0.0,0.0,0.0,0.0,0.0,0.0,0.0,0.0,0.0,0.0,0.0,0.0,0.0,0.0,0.0,0.0,0.0,0.0,0.0,0.0,0.0,0.0,0.0,0.0,0.0,0.0,0.0,0.0,0.0,0.0,0.0,0.0,0.0,0.0,0.0,washroom
0.0,0.0,0.2856862125436316,-0.07489232801549586,0.5241892441810126,-0.2732911015072841,0.624172515133449,-0.5143848163329928,0.6385146584800501,-0.7250808312945128,0.4693209058052578,-0.7403818799367697,0.57267008586547,-0.9508985446656293,0.5449940257819051,-0.7636556648698659,0.5114034279395503,-0.6038963528820964,0.3024665913807989,-0.7974965799765978,0.38428895054139034,-1.0,0.3573242615099558,-0.7766332003255516,0.31787277636633954,-0.6047290945658116,0.12429141196872132,-0.8101178887632751,0.19079679742329375,-0.9592723451836422,0.18616244925625314,-0.7505392875961379,0.1522180985412023,-0.5926826341972654,-0.066928095399481,-0.7885912224759237,-0.0024898759885908514,-0.9325049414081343,0.02182800560067485,-0.7787881861383298,0.006190984496718509,-0.6523549303997408,0.0,0.0,0.0,0.0,0.0,0.0,0.0,0.0,0.0,0.0,0.0,0.0,0.0,0.0,0.0,0.0,0.0,0.0,0.0,0.0,0.0,0.0,0.0,0.0,0.0,0.0,0.0,0.0,0.0,0.0,0.0,0.0,0.0,0.0,0.0,0.0,0.0,0.0,0.0,0.0,0.0,0.0,washroom
0.0,0.0,0.27751846678401665,-0.14683255943833518,0.49348021031058614,-0.42684649979856676,0.5607368573743977,-0.7404819301807867,0.5960429628980791,-1.0,0.44231275173330425,-0.8443251893425822,0.522288113823911,-0.9325249912329174,0.46666023695506254,-0.6746022353653396,0.3977296905755648,-0.44791079411908136,0.2814944824066628,-0.8889511152443492,0.3650652025561055,-0.9214370001636937,0.3035381429439817,-0.6224665926783911,0.24882688824633187,-0.36299853172721,0.11890369379166306,-0.8847255212026729,0.19736372505807706,-0.8655913828197485,0.1671690849526422,-0.6024509315161167,0.13943606148792223,-0.37783874096928366,-0.049557701070593575,-0.8353195551136553,0.02407771688706289,-0.8272777563971748,0.03595699734331771,-0.6388334701588387,0.03972598867687407,-0.4900384509178491,0.0,0.0,0.0,0.0,0.0,0.0,0.0,0.0,0.0,0.0,0.0,0.0,0.0,0.0,0.0,0.0,0.0,0.0,0.0,0.0,0.0,0.0,0.0,0.0,0.0,0.0,0.0,0.0,0.0,0.0,0.0,0.0,0.0,0.0,0.0,0.0,0.0,0.0,0.0,0.0,0.0,0.0,washroom
0.0,0.0,0.28826087001606227,-0.12131889493657191,0.5286014851100145,-0.4023609122196494,0.6006386187363879,-0.7312989890840992,0.6355504215346828,-1.0,0.4798833024151444,-0.9057626043035215,0.5694471952242545,-0.9974847215064434,0.5136344201534745,-0.7221365591944195,0.4313973949913571,-0.47490822188786563,0.30325368572810174,-0.9660487522289958,0.3889060560592219,-0.9532781057398607,0.3260914950266477,-0.634274981430076,0.26293802639988195,-0.3681587242004218,0.12648183500229337,-0.9625805229580947,0.21132262447552277,-0.8504575857405104,0.1769308486792282,-0.55663075041158,0.14163969750293715,-0.326706575152975,-0.05692057602884638,-0.9058085754509234,0.036967542641695696,-0.8137847077842287,0.05370173159140706,-0.602038492021932,0.059285843409828634,-0.4553711755375427,0.0,0.0,0.0,0.0,0.0,0.0,0.0,0.0,0.0,0.0,0.0,0.0,0.0,0.0,0.0,0.0,0.0,0.0,0.0,0.0,0.0,0.0,0.0,0.0,0.0,0.0,0.0,0.0,0.0,0.0,0.0,0.0,0.0,0.0,0.0,0.0,0.0,0.0,0.0,0.0,0.0,0.0,washroom
0.0,0.0,0.30954707046694013,-0.13365542205309916,0.5634043514348503,-0.40802212598923526,0.6493922554673002,-0.7120569764591288,0.7071829082261745,-0.9557723909613414,0.48483930360165656,-0.9115433270312285,0.5778985256857448,-1.0,0.5165444800327059,-0.729610969299608,0.4369093595349585,-0.49376542639595017,0.31149262406405015,-0.9631650581629231,0.3976247442118962,-0.9428427706079918,0.3474311709039168,-0.6433024435629419,0.3023940966324355,-0.3806970821424441,0.13836690616604821,-0.9529822728750764,0.22381795525190354,-0.8431761589847185,0.20348839323970136,-0.5627982072827502,0.18024741156624158,-0.3259433334327509,-0.04042161299450851,-0.8929378113922366,0.04469972131554195,-0.7981676369580256,0.06921118695136952,-0.5930988678762149,0.08538612455471228,-0.43705775846328543,0.0,0.0,0.0,0.0,0.0,0.0,0.0,0.0,0.0,0.0,0.0,0.0,0.0,0.0,0.0,0.0,0.0,0.0,0.0,0.0,0.0,0.0,0.0,0.0,0.0,0.0,0.0,0.0,0.0,0.0,0.0,0.0,0.0,0.0,0.0,0.0,0.0,0.0,0.0,0.0,0.0,0.0,washroom
0.0,0.0,0.30176539816666675,-0.14808060461878236,0.5543199154487796,-0.438976385874327,0.6277037312359909,-0.754454285746688,0.6749991128560511,-1.0,0.46552668364373617,-0.851468689671925,0.5456043206288222,-0.9542412980324427,0.49635484440958466,-0.7041526750956927,0.43007787477624765,-0.4751656398356534,0.2927293340274396,-0.8832829520931292,0.36940289907667523,-0.9475531472391897,0.3316813554535208,-0.6572712330130226,0.2967214817974524,-0.39443041883071867,0.12312442221320648,-0.8730897595785023,0.19790535253271366,-0.8774848719092179,0.18840047397265988,-0.599887104073143,0.17294313388995977,-0.3627957801946302,-0.054840861008871075,-0.8194912659306359,0.024907892508151664,-0.8230599625167963,0.05317595704540458,-0.6163656657365983,0.07013193019475827,-0.4515376125255214,0.0,0.0,0.0,0.0,0.0,0.0,0.0,0.0,0.0,0.0,0.0,0.0,0.0,0.0,0.0,0.0,0.0,0.0,0.0,0.0,0.0,0.0,0.0,0.0,0.0,0.0,0.0,0.0,0.0,0.0,0.0,0.0,0.0,0.0,0.0,0.0,0.0,0.0,0.0,0.0,0.0,0.0,washroom
0.0,0.0,0.2992529452319264,-0.13049972022386758,0.573378921872272,-0.440715651403994,0.6682827189340588,-0.7600107944203424,0.7451916029053167,-1.0,0.47797681610483966,-0.8905964500511141,0.5572110110864452,-0.9984115559402559,0.5074851294805496,-0.7253271086546287,0.44453608295527586,-0.4855739338079612,0.29553614167132314,-0.9237780160119827,0.37870664490673284,-0.9808698451879477,0.3384237424364204,-0.6683982067885861,0.30423253265642675,-0.39542652542152096,0.11514236308370458,-0.9143729495559162,0.19482023362765238,-0.8986230503647589,0.18299808803440837,-0.5964691046658259,0.1682323631187009,-0.35199959248730117,-0.07108102464557477,-0.8608091382389619,0.007512348840202528,-0.836330379255115,0.03456858675918138,-0.6103610881366754,0.05239551751585236,-0.44297719134315483,0.0,0.0,0.0,0.0,0.0,0.0,0.0,0.0,0.0,0.0,0.0,0.0,0.0,0.0,0.0,0.0,0.0,0.0,0.0,0.0,0.0,0.0,0.0,0.0,0.0,0.0,0.0,0.0,0.0,0.0,0.0,0.0,0.0,0.0,0.0,0.0,0.0,0.0,0.0,0.0,0.0,0.0,washroom
0.0,0.0,0.2831238567321027,-0.15219595061666852,0.5194896385900647,-0.4443569056009758,0.5865306538917939,-0.7498415927725023,0.6127544008390228,-1.0,0.43232808191143296,-0.8926947298976652,0.5015975081676597,-0.9843228446394099,0.45666866192918387,-0.7235672178238605,0.4057643484624081,-0.5091420539935951,0.26501032616505743,-0.9212722894644297,0.35158011939640516,-0.9818533665089539,0.31162411123517136,-0.6917319410892575,0.2790451870490457,-0.4364484223341144,0.09680112814764995,-0.9099682250874209,0.17676260413303638,-0.8918239282733632,0.16293298137785275,-0.6088484505300168,0.14829954173869797,-0.3772786981905163,-0.07781231732540836,-0.8527628673986437,-0.0007718822984645306,-0.8193483864661226,0.023647171121476438,-0.6047880848167013,0.039462969316705024,-0.4430569343031581,0.0,0.0,0.0,0.0,0.0,0.0,0.0,0.0,0.0,0.0,0.0,0.0,0.0,0.0,0.0,0.0,0.0,0.0,0.0,0.0,0.0,0.0,0.0,0.0,0.0,0.0,0.0,0.0,0.0,0.0,0.0,0.0,0.0,0.0,0.0,0.0,0.0,0.0,0.0,0.0,0.0,0.0,washroom
0.0,0.0,0.2805029809136818,-0.14245354234192936,0.5131934184880593,-0.38996488011154656,0.5449790351954598,-0.6925880343243138,0.5432651862998387,-0.9369436479009036,0.41960896424979716,-0.8404976577052404,0.5038142740048881,-1.0,0.4513152726255044,-0.7507978584259082,0.38893449463983637,-0.5277753556210507,0.2497782688527531,-0.866355910879027,0.34113399287968965,-0.9873874838995782,0.2958591085411336,-0.7015324362772087,0.25096810144158466,-0.45114648290386417,0.08547175170097686,-0.8559852046362572,0.17202247041716182,-0.9170223084786835,0.15086396254321474,-0.6508120591847768,0.1188049189435632,-0.4208386586179091,-0.0858963211729993,-0.8062738288318588,-0.0029925400340984304,-0.8738661192315645,0.012893832303155476,-0.6823082627655273,0.00774148971773708,-0.5194184996856732,0.0,0.0,0.0,0.0,0.0,0.0,0.0,0.0,0.0,0.0,0.0,0.0,0.0,0.0,0.0,0.0,0.0,0.0,0.0,0.0,0.0,0.0,0.0,0.0,0.0,0.0,0.0,0.0,0.0,0.0,0.0,0.0,0.0,0.0,0.0,0.0,0.0,0.0,0.0,0.0,0.0,0.0,washroom
0.0,0.0,0.2788463031193724,-0.11083397155927222,0.5248767965197711,-0.40917786149462165,0.581918886657973,-0.7380229140361408,0.5952496153395017,-0.9992013551089124,0.43504735808960004,-0.8246387986172922,0.5277024556174232,-1.0,0.46726763401019783,-0.7332564874804219,0.40152906860411364,-0.49220501887078855,0.26096347105214135,-0.8580348333367832,0.35333481677740747,-0.9773576411169299,0.30343287933044927,-0.6786001980225346,0.26134425044675813,-0.4276169850896621,0.09085469665293619,-0.8546505109257381,0.16665071101819462,-0.8921061800970104,0.15063533667280743,-0.6136654523124478,0.1304475602519785,-0.39708865475771565,-0.08138307873293177,-0.810625426921405,-0.002864901368218418,-0.8444371709686544,0.01508240014351459,-0.6402298820834454,0.019749858555332463,-0.4896784203735519,0.0,0.0,0.0,0.0,0.0,0.0,0.0,0.0,0.0,0.0,0.0,0.0,0.0,0.0,0.0,0.0,0.0,0.0,0.0,0.0,0.0,0.0,0.0,0.0,0.0,0.0,0.0,0.0,0.0,0.0,0.0,0.0,0.0,0.0,0.0,0.0,0.0,0.0,0.0,0.0,0.0,0.0,washroom
0.0,0.0,0.2804380371988164,-0.10339800267718754,0.5337387276313935,-0.4127910560800338,0.5946821720445259,-0.7429340742567282,0.606570557982246,-0.999876708468367,0.43121499401155416,-0.8400697477807524,0.5228434990136678,-1.0,0.4658473650838382,-0.7336832464421587,0.3993650486120896,-0.48967257291813443,0.2531395307876568,-0.8682555128927716,0.34403026807101594,-0.9681185712272792,0.29919926553473297,-0.6585581936029308,0.25916474390587574,-0.4008370614344089,0.08116325560095815,-0.8599491862758912,0.16075212237565167,-0.8854502782866,0.14867219423700154,-0.5959309391292096,0.12961000246583063,-0.3743822213611385,-0.09360028885444555,-0.8123265112019163,-0.009926289277159363,-0.8496292447513034,0.011231198041425954,-0.6359945223333803,0.016818946385796816,-0.4775248344370861,0.0,0.0,0.0,0.0,0.0,0.0,0.0,0.0,0.0,0.0,0.0,0.0,0.0,0.0,0.0,0.0,0.0,0.0,0.0,0.0,0.0,0.0,0.0,0.0,0.0,0.0,0.0,0.0,0.0,0.0,0.0,0.0,0.0,0.0,0.0,0.0,0.0,0.0,0.0,0.0,0.0,0.0,washroom
0.0,0.0,0.2620699209357096,-0.11184911845430166,0.5013729875218936,-0.40840452777775277,0.5594365286197619,-0.7266776535654496,0.5719004666133514,-0.9795641883473504,0.4129539404854326,-0.8176254265144693,0.5073277727151284,-1.0,0.4672729701599547,-0.7889579868067257,0.41436943327213177,-0.5698080381278973,0.247942205434017,-0.8501178902635507,0.3502404583551857,-0.9567669730943923,0.3108338048644015,-0.6542455337986572,0.2690684465202806,-0.391863907587707,0.08432032507306858,-0.8430057924105838,0.17089792709245097,-0.863126750249859,0.15690042613214683,-0.5677808293609278,0.13567972890187086,-0.33781205386339125,-0.08743580355640876,-0.7999283932470154,-0.00816101084266575,-0.8388222848131612,0.017829721660233153,-0.63225254514329,0.026237667850816864,-0.4760967482797737,0.0,0.0,0.0,0.0,0.0,0.0,0.0,0.0,0.0,0.0,0.0,0.0,0.0,0.0,0.0,0.0,0.0,0.0,0.0,0.0,0.0,0.0,0.0,0.0,0.0,0.0,0.0,0.0,0.0,0.0,0.0,0.0,0.0,0.0,0.0,0.0,0.0,0.0,0.0,0.0,0.0,0.0,washroom
0.0,0.0,0.2848449432626413,-0.13189750009751108,0.5264943516405125,-0.4211840149476283,0.5975411696537957,-0.7356796147301433,0.6059853954227588,-0.9993994256479084,0.42864279125153965,-0.8147138836530522,0.5096228176899692,-1.0,0.4699691676969947,-0.7689738966326012,0.41043782246213867,-0.5235842916441686,0.26391624290459936,-0.8372636178354604,0.3467640179833954,-0.9838747196262341,0.3010127525713558,-0.6885552051421947,0.25577371411063066,-0.4196186681817306,0.09914975025411626,-0.83218317235779,0.1755458154112642,-0.9160643300658893,0.15366855532732476,-0.6271974653694636,0.12631775082555477,-0.3865621723685985,-0.07562960446210766,-0.7958004908919939,-0.0014271864689376647,-0.8938740946153669,0.014369140816828113,-0.6837421515317701,0.013660716845170711,-0.5096423199087579,0.0,0.0,0.0,0.0,0.0,0.0,0.0,0.0,0.0,0.0,0.0,0.0,0.0,0.0,0.0,0.0,0.0,0.0,0.0,0.0,0.0,0.0,0.0,0.0,0.0,0.0,0.0,0.0,0.0,0.0,0.0,0.0,0.0,0.0,0.0,0.0,0.0,0.0,0.0,0.0,0.0,0.0,washroom
0.0,0.0,0.2590599819404264,-0.10033703535420345,0.5087678558761674,-0.34819222134672273,0.5732352134844816,-0.6179738768843209,0.51270137287268,-0.8170912200181363,0.41896173747668264,-0.7825542026851634,0.49984447102895474,-1.0,0.4886070834938948,-0.8370823244319957,0.4644960190334869,-0.63938223605128,0.25048695665510623,-0.8091254526875598,0.32141008460392595,-0.9475802663691246,0.2964343845078766,-0.6614946693583483,0.2636211266336533,-0.40510863542858894,0.08414356977571237,-0.7977385272820342,0.15161822023094015,-0.8665369713213205,0.14201424635789014,-0.5977752407463857,0.11862427076323746,-0.37886713560209123,-0.08757287574744971,-0.7528321130659673,-0.02309089985372129,-0.8451396357794279,-0.0077170168345133405,-0.6485270519759129,-0.010937353218035802,-0.4864486097770927,0.0,0.0,0.0,0.0,0.0,0.0,0.0,0.0,0.0,0.0,0.0,0.0,0.0,0.0,0.0,0.0,0.0,0.0,0.0,0.0,0.0,0.0,0.0,0.0,0.0,0.0,0.0,0.0,0.0,0.0,0.0,0.0,0.0,0.0,0.0,0.0,0.0,0.0,0.0,0.0,0.0,0.0,washroom
0.0,0.0,0.2744736812646101,-0.100577838793357,0.5347143422682259,-0.3169259546094296,0.6363945830920583,-0.562394988128761,0.6212166468049423,-0.7409764844646035,0.4450109247964894,-0.7893285041017599,0.5287161354206632,-1.0,0.4841679497917318,-0.7528049809337622,0.4361845847915842,-0.5203159489816583,0.27962008982045067,-0.8158614611648164,0.3620086767410218,-0.9685862489021775,0.3211595040641057,-0.6802789868383425,0.28162364763028086,-0.44350399490345777,0.11600485229899037,-0.8108834786750212,0.1880281123966673,-0.9034384359477198,0.1737696501317387,-0.6440393964342522,0.14452126798876888,-0.44032577977197856,-0.055836548354563836,-0.7734236897622394,0.01418646139379439,-0.87820505644563,0.02456552689881308,-0.6850427476550105,0.01547204585259717,-0.5286471875900011,0.0,0.0,0.0,0.0,0.0,0.0,0.0,0.0,0.0,0.0,0.0,0.0,0.0,0.0,0.0,0.0,0.0,0.0,0.0,0.0,0.0,0.0,0.0,0.0,0.0,0.0,0.0,0.0,0.0,0.0,0.0,0.0,0.0,0.0,0.0,0.0,0.0,0.0,0.0,0.0,0.0,0.0,washroom
0.0,0.0,0.25936628581044735,-0.08535401870934238,0.5041069288163311,-0.329994001695218,0.5544464886171585,-0.6214377967534821,0.5019600312613888,-0.8222147888668986,0.4475409015214633,-0.7217762209028017,0.5305162465272293,-1.0,0.5161546426982254,-0.9172899844828708,0.5031390440085608,-0.7605040021391545,0.2820762187347397,-0.7525208882446648,0.3463404146366896,-0.9424684108209005,0.3133510288486455,-0.6889182093459989,0.28732938126608626,-0.45650299863618576,0.11786720517196345,-0.7443302598473891,0.16598140422276528,-0.8754298699059577,0.15144016097343918,-0.6371577946473648,0.131697633818463,-0.4355001564101849,-0.062429344409032764,-0.709672240650749,-0.013709636622489823,-0.8416132652355393,-0.002412227043579078,-0.668150240500017,-0.0055675315169103675,-0.5167136929631936,0.0,0.0,0.0,0.0,0.0,0.0,0.0,0.0,0.0,0.0,0.0,0.0,0.0,0.0,0.0,0.0,0.0,0.0,0.0,0.0,0.0,0.0,0.0,0.0,0.0,0.0,0.0,0.0,0.0,0.0,0.0,0.0,0.0,0.0,0.0,0.0,0.0,0.0,0.0,0.0,0.0,0.0,washroom
0.0,0.0,0.2701207243460765,-0.10314264019635785,0.517975453141683,-0.345388929773142,0.5651182464767464,-0.6378381281345579,0.4978089998766383,-0.8442834597436628,0.4569020890671726,-0.7562095618106099,0.5430205439827124,-1.0,0.4986664171072949,-0.8006235084928174,0.46305422386326417,-0.5846415703523467,0.28555450036370444,-0.7901058571300956,0.35559418881151605,-0.9738212573538483,0.3125204716672126,-0.7002873477652384,0.2793704616706582,-0.469755105686976,0.11364035162348297,-0.7821958176118019,0.17171448351844684,-0.9140232515601006,0.15613607650129105,-0.6638940407774342,0.13189230520543982,-0.4629739323892616,-0.07182710427469681,-0.7434171625950204,-0.012955374955866275,-0.8735217861077671,-0.0027386836877501797,-0.6956990356515413,-0.008915544003981606,-0.5486720534624235,0.0,0.0,0.0,0.0,0.0,0.0,0.0,0.0,0.0,0.0,0.0,0.0,0.0,0.0,0.0,0.0,0.0,0.0,0.0,0.0,0.0,0.0,0.0,0.0,0.0,0.0,0.0,0.0,0.0,0.0,0.0,0.0,0.0,0.0,0.0,0.0,0.0,0.0,0.0,0.0,0.0,0.0,washroom
0.0,0.0,0.2824941837980502,-0.09306033457849983,0.5448949552826892,-0.35474887303329067,0.6070043236020565,-0.6682318139212594,0.5474934197060701,-0.891416185178381,0.47474165691552894,-0.7759902990661527,0.5567325882195222,-1.0,0.49723106306986226,-0.7577839456827148,0.44586587620385865,-0.5190347173604456,0.2979848384290269,-0.8117983525404541,0.3664800296147708,-0.9888128107054528,0.31957167817218163,-0.6970389091083626,0.2838758938083172,-0.4517615216519393,0.12083962950641865,-0.8096296553752078,0.18276142289925737,-0.9322666940305383,0.16506676288157016,-0.6618051659238148,0.14039210883317912,-0.44262993287576086,-0.06878124294869992,-0.7785175953556448,-0.0022693807655153426,-0.9068232586288604,0.003213048153242095,-0.7105818188037244,-0.004670615670561053,-0.5454452670156663,0.0,0.0,0.0,0.0,0.0,0.0,0.0,0.0,0.0,0.0,0.0,0.0,0.0,0.0,0.0,0.0,0.0,0.0,0.0,0.0,0.0,0.0,0.0,0.0,0.0,0.0,0.0,0.0,0.0,0.0,0.0,0.0,0.0,0.0,0.0,0.0,0.0,0.0,0.0,0.0,0.0,0.0,washroom
0.0,0.0,0.2774553781664225,-0.12172350520119968,0.5111624088357415,-0.3637463843520316,0.5755632127039316,-0.6394213147625105,0.5918973172998472,-0.8627886419007783,0.42273009932606254,-0.817913188136249,0.5144779112136435,-1.0,0.47950414132828895,-0.7506198658933615,0.4293259263378039,-0.5220677931866383,0.2552264482166586,-0.8375049220472539,0.3483771144944788,-0.9993668006068728,0.3241736918134581,-0.7214972328732614,0.2887967963288052,-0.4899300870705904,0.08475254726583821,-0.8227654472850158,0.17175448431129353,-0.9217794491619186,0.16557029364338166,-0.6646965238715037,0.13630439642367168,-0.46730228689379383,-0.09288456366547554,-0.771045085385463,0.004758924650406984,-0.8793443095459915,0.02061699493553962,-0.6866485709325166,0.006303341091349793,-0.5313728738741703,0.0,0.0,0.0,0.0,0.0,0.0,0.0,0.0,0.0,0.0,0.0,0.0,0.0,0.0,0.0,0.0,0.0,0.0,0.0,0.0,0.0,0.0,0.0,0.0,0.0,0.0,0.0,0.0,0.0,0.0,0.0,0.0,0.0,0.0,0.0,0.0,0.0,0.0,0.0,0.0,0.0,0.0,washroom
0.0,0.0,0.27211002259863387,-0.1335189069043123,0.5126452478998135,-0.41599370118242185,0.5780430930167202,-0.7207199046816101,0.5974510924221416,-0.9672470776227073,0.4237763524922368,-0.8122664362674397,0.5003007731845028,-1.0,0.471755481852577,-0.7673310386313543,0.4255580561923276,-0.5305325427295341,0.2572496208399817,-0.8258610358210411,0.3320234022440699,-0.9829110895886026,0.311864631163818,-0.7174514640337981,0.2838120155983993,-0.4697659078821155,0.08892579844248265,-0.8145477834525975,0.15888285407042504,-0.9266374719259006,0.16183687641822106,-0.6676827922899872,0.14451019261096673,-0.4419571624662937,-0.08991376286995682,-0.7700443843672267,-0.007462716899272338,-0.8869011536219362,0.011378284408336178,-0.6808070708407946,0.005996592785624203,-0.5016676073086722,0.0,0.0,0.0,0.0,0.0,0.0,0.0,0.0,0.0,0.0,0.0,0.0,0.0,0.0,0.0,0.0,0.0,0.0,0.0,0.0,0.0,0.0,0.0,0.0,0.0,0.0,0.0,0.0,0.0,0.0,0.0,0.0,0.0,0.0,0.0,0.0,0.0,0.0,0.0,0.0,0.0,0.0,washroom
0.0,0.0,0.25617739364010544,-0.10536573276748148,0.48897028592572966,-0.38987245492295675,0.5214592764831912,-0.7028432684796463,0.4834969712612436,-0.9303607077107212,0.4070461574304601,-0.7958559270544487,0.477688747984267,-1.0,0.43896183469390554,-0.7461232829152639,0.39744458732863414,-0.5441868087691809,0.24227169111432917,-0.8157528677085284,0.3036864501628575,-0.973307812135969,0.27533113981992025,-0.675233436727683,0.24529500509358027,-0.46763006902600696,0.0774598223870847,-0.8015662188275172,0.1282511546209965,-0.9145654696372366,0.1249920055915177,-0.6315736878891564,0.10700001827293368,-0.4376384745754969,-0.09959034366820008,-0.7527637812181651,-0.03881627935661001,-0.8639528695358218,-0.018355447389939838,-0.6544468326153593,-0.020671256218507742,-0.5019928918288009,0.0,0.0,0.0,0.0,0.0,0.0,0.0,0.0,0.0,0.0,0.0,0.0,0.0,0.0,0.0,0.0,0.0,0.0,0.0,0.0,0.0,0.0,0.0,0.0,0.0,0.0,0.0,0.0,0.0,0.0,0.0,0.0,0.0,0.0,0.0,0.0,0.0,0.0,0.0,0.0,0.0,0.0,washroom
0.0,0.0,0.26177727599395656,-0.12921079042920183,0.4950872805590242,-0.394757524240167,0.5265338142707091,-0.6980250525894648,0.46020041843603404,-0.9168285717379572,0.3953408384336518,-0.7991518434951206,0.4567566704984359,-1.0,0.43250652987041704,-0.7618431018750973,0.3987372829241965,-0.5657891212330356,0.23633343572914844,-0.815073157915434,0.2875653485722623,-0.9769119283905601,0.275506389099918,-0.6963038910219768,0.24989812661252037,-0.488200639565401,0.07410398437504452,-0.8026636969980548,0.12216200689718454,-0.9302564815696082,0.13034892276372953,-0.6672481761101634,0.1127828161964723,-0.47193509283159,-0.1025638468302986,-0.7600746368605557,-0.04075020987342624,-0.8977533142333792,-0.018803120203758173,-0.7025074816385686,-0.02638990920587771,-0.5463308767836391,0.0,0.0,0.0,0.0,0.0,0.0,0.0,0.0,0.0,0.0,0.0,0.0,0.0,0.0,0.0,0.0,0.0,0.0,0.0,0.0,0.0,0.0,0.0,0.0,0.0,0.0,0.0,0.0,0.0,0.0,0.0,0.0,0.0,0.0,0.0,0.0,0.0,0.0,0.0,0.0,0.0,0.0,washroom
0.0,0.0,0.26061438030005063,-0.13247214743604102,0.48644049384264587,-0.40372330655963157,0.528481962469034,-0.6942495150719664,0.49641259648163993,-0.9160307352539321,0.3837813411339924,-0.7777730492005966,0.4336953308037934,-1.0,0.4219811830004166,-0.7571389693991372,0.3910415425415157,-0.5324358618279883,0.2196250823145738,-0.7784657235395043,0.26366505919929756,-0.9689769250411013,0.27174028688028884,-0.7016275887093523,0.25580709719615286,-0.47482517952416575,0.0537732552670128,-0.7483419492987022,0.0930014693431409,-0.9160004972472214,0.12369052632050495,-0.6718722701799498,0.11576088904219434,-0.46196170748424265,-0.1228570212651582,-0.6919049496257207,-0.0785589013972199,-0.861618562104386,-0.03527571462489193,-0.6890099404647245,-0.02881010083815275,-0.5242637605329057,0.0,0.0,0.0,0.0,0.0,0.0,0.0,0.0,0.0,0.0,0.0,0.0,0.0,0.0,0.0,0.0,0.0,0.0,0.0,0.0,0.0,0.0,0.0,0.0,0.0,0.0,0.0,0.0,0.0,0.0,0.0,0.0,0.0,0.0,0.0,0.0,0.0,0.0,0.0,0.0,0.0,0.0,washroom
0.0,0.0,0.26685306633180544,-0.133260969884677,0.5025355863990735,-0.42261178433399743,0.5489021795560131,-0.740124996117444,0.5283035559775833,-1.0,0.4133710237079963,-0.7975463355327088,0.4851930406847498,-0.9895764464185085,0.44929936503569734,-0.7723712877218049,0.40756493852249887,-0.5567507665274862,0.24308905030461425,-0.82112232491891,0.3136805743520569,-0.9822223306872789,0.28620816268575255,-0.7167703124237355,0.2561103111813176,-0.49220549148721865,0.07238138236742735,-0.8062360505309119,0.13524440135423554,-0.9434644380055642,0.132898228223298,-0.691060026534497,0.1118936002165357,-0.48262999906818654,-0.108721829282903,-0.7553030168569489,-0.043369814569125024,-0.8841667147364077,-0.018515632279792516,-0.6910761114093901,-0.019647952007170528,-0.533474288604809,0.0,0.0,0.0,0.0,0.0,0.0,0.0,0.0,0.0,0.0,0.0,0.0,0.0,0.0,0.0,0.0,0.0,0.0,0.0,0.0,0.0,0.0,0.0,0.0,0.0,0.0,0.0,0.0,0.0,0.0,0.0,0.0,0.0,0.0,0.0,0.0,0.0,0.0,0.0,0.0,0.0,0.0,washroom
0.0,0.0,0.26311020328997614,-0.13008541771588333,0.5008160472018012,-0.38940218619100464,0.5482630482145593,-0.6843605462942861,0.5042885181442393,-0.9200158029937526,0.4048277374498993,-0.8009461959857751,0.47395729444812396,-1.0,0.4307139558948803,-0.786094798126122,0.3836868252182279,-0.566120761761604,0.2354447705204739,-0.8269059743912156,0.3028397450802988,-0.992019157548354,0.271479232948691,-0.7283466475943413,0.24162683775923688,-0.49494778069323786,0.06610147637871203,-0.817288629448449,0.11927816464868093,-0.9379264135910155,0.1187739896387903,-0.6916895428041828,0.10301783181603287,-0.4836658317014226,-0.11256850443508705,-0.7740568621249406,-0.051797783393191486,-0.8911808495045861,-0.022474083200447862,-0.7086353332459062,-0.016557327729184734,-0.5545914088578314,0.0,0.0,0.0,0.0,0.0,0.0,0.0,0.0,0.0,0.0,0.0,0.0,0.0,0.0,0.0,0.0,0.0,0.0,0.0,0.0,0.0,0.0,0.0,0.0,0.0,0.0,0.0,0.0,0.0,0.0,0.0,0.0,0.0,0.0,0.0,0.0,0.0,0.0,0.0,0.0,0.0,0.0,washroom
0.0,0.0,0.2618493172299198,-0.1112960389650666,0.5075915936960338,-0.4061739303595193,0.5675340623323544,-0.7233369279100565,0.5688599932316043,-0.9846323683835395,0.4061878044825931,-0.8094092670436801,0.4901074782067451,-1.0,0.4591328183403937,-0.7657493060218047,0.40981384735417753,-0.5283097400696645,0.23579425818056382,-0.8322961292828874,0.32410713216979314,-0.9799298567864049,0.298536307219876,-0.7035638541552183,0.26699144809935393,-0.4742724790718375,0.06318112422835392,-0.8196168130431991,0.1470706013316982,-0.9083469988911583,0.1417486509455623,-0.6375447916541981,0.11995240359660797,-0.43376602461215025,-0.12043473340464451,-0.7709654322142991,-0.023270440935953783,-0.8629481477773655,-0.0016673431435171935,-0.6572264594217265,-0.0062400908836673825,-0.5055784856421869,0.0,0.0,0.0,0.0,0.0,0.0,0.0,0.0,0.0,0.0,0.0,0.0,0.0,0.0,0.0,0.0,0.0,0.0,0.0,0.0,0.0,0.0,0.0,0.0,0.0,0.0,0.0,0.0,0.0,0.0,0.0,0.0,0.0,0.0,0.0,0.0,0.0,0.0,0.0,0.0,0.0,0.0,washroom
0.0,0.0,0.27812720435781807,-0.07655778187146835,0.5379237852817671,-0.36886191715307487,0.6307832447933002,-0.6955997940547767,0.6030298781133961,-0.9881367416340106,0.4406406245149744,-0.8019468460088479,0.5019617781079372,-1.0,0.4757120577502946,-0.7535556057454864,0.44370411323133835,-0.5312915784031539,0.26584461625575745,-0.8403148478585015,0.3249594050281034,-0.9907934778303821,0.30177558178990377,-0.6827287528004375,0.27282068957396954,-0.44227539500486496,0.08331656371189505,-0.8426526044470896,0.13197031991085698,-0.9764147762486499,0.1367261131906631,-0.6828935946111714,0.12135113553529167,-0.45568003134135204,-0.11354148715143718,-0.813040485790957,-0.056867213499045735,-0.9285250190263843,-0.023268652546645417,-0.7041057385287761,-0.015249473094926405,-0.5290217923014593,0.0,0.0,0.0,0.0,0.0,0.0,0.0,0.0,0.0,0.0,0.0,0.0,0.0,0.0,0.0,0.0,0.0,0.0,0.0,0.0,0.0,0.0,0.0,0.0,0.0,0.0,0.0,0.0,0.0,0.0,0.0,0.0,0.0,0.0,0.0,0.0,0.0,0.0,0.0,0.0,0.0,0.0,washroom
0.0,0.0,0.2756858801191467,-0.08453039907498797,0.5335807508609683,-0.3780509016219382,0.6104684820425861,-0.7027594080878325,0.5965904459382491,-0.9892338069676002,0.4469226579662092,-0.81344569578132,0.5021126369332964,-0.9929824524968212,0.4774411496400106,-0.7319033098670892,0.4473927962663075,-0.48467650279409086,0.2573458135884766,-0.8559128652787679,0.322064465280637,-1.0,0.3040751203642313,-0.6898026976748532,0.2785744659088726,-0.4301612281019652,0.06344556598057453,-0.8544544241026485,0.11862542048951495,-0.9639361608781591,0.12845938456793746,-0.6550155786854716,0.11763633880902105,-0.40951927515110104,-0.1392743826806346,-0.8119971194618565,-0.07635944214754814,-0.9208147956235342,-0.03879251039314569,-0.694884656461559,-0.025135914360583357,-0.514930460548621,0.0,0.0,0.0,0.0,0.0,0.0,0.0,0.0,0.0,0.0,0.0,0.0,0.0,0.0,0.0,0.0,0.0,0.0,0.0,0.0,0.0,0.0,0.0,0.0,0.0,0.0,0.0,0.0,0.0,0.0,0.0,0.0,0.0,0.0,0.0,0.0,0.0,0.0,0.0,0.0,0.0,0.0,washroom
0.0,0.0,0.24746423157096836,-0.060650464278946374,0.4727316657191586,-0.37775819594466553,0.5243052397195376,-0.7150142126208073,0.5154024540458594,-1.0,0.4276786052681448,-0.7896925336365359,0.5029709115027478,-0.9457267386772787,0.4719769755542922,-0.7221191017623649,0.418019471290506,-0.48576795527761985,0.2477416145537237,-0.8345688838355126,0.318862042827364,-0.9386881750994883,0.2843239530036005,-0.6305523971953761,0.24407381087739247,-0.371544911881751,0.06295504074284632,-0.834759806708357,0.12901080159181352,-0.8956395679363275,0.12114577411407997,-0.5894788705703998,0.09669769755542922,-0.3522346977449308,-0.13143500094750804,-0.7946584233465984,-0.054436943339018384,-0.8652795148758764,-0.02898166571915861,-0.6297555429221149,-0.028046949024066705,-0.4544566041311351,0.0,0.0,0.0,0.0,0.0,0.0,0.0,0.0,0.0,0.0,0.0,0.0,0.0,0.0,0.0,0.0,0.0,0.0,0.0,0.0,0.0,0.0,0.0,0.0,0.0,0.0,0.0,0.0,0.0,0.0,0.0,0.0,0.0,0.0,0.0,0.0,0.0,0.0,0.0,0.0,0.0,0.0,washroom
0.0,0.0,0.24424930198258354,-0.07493589948024952,0.4552519612421761,-0.38961932002116223,0.48581313185812214,-0.7232867172888571,0.4694796772190969,-1.0,0.4139897500330933,-0.7596509017323414,0.4867655198837213,-0.9147652035860467,0.4765662305049885,-0.724642341161992,0.4385307798266741,-0.49841916694007776,0.235335518000789,-0.7994532943232868,0.3044098623711928,-0.929838273154497,0.27963139088407385,-0.6326744235321975,0.2393499645912617,-0.3732539734895366,0.053420667606530935,-0.7933169446867888,0.11331189440900173,-0.8953233816065912,0.11614677784850302,-0.5941315422613449,0.09173331562532357,-0.35452600565403936,-0.13765086940357354,-0.7498496056982511,-0.0725315565908528,-0.8692104746955307,-0.037012288863656914,-0.6595833171325431,-0.03730870871474362,-0.4920351090418758,0.0,0.0,0.0,0.0,0.0,0.0,0.0,0.0,0.0,0.0,0.0,0.0,0.0,0.0,0.0,0.0,0.0,0.0,0.0,0.0,0.0,0.0,0.0,0.0,0.0,0.0,0.0,0.0,0.0,0.0,0.0,0.0,0.0,0.0,0.0,0.0,0.0,0.0,0.0,0.0,0.0,0.0,washroom
0.0,0.0,0.2330385241498515,-0.04968476375882935,0.45944179760288,-0.37178580451673726,0.49279077487365613,-0.7165972637281683,0.46267408309220137,-1.0,0.41749240219745537,-0.8037297708762758,0.4986163700450758,-0.903865006446992,0.4754679077160315,-0.6954321610464322,0.42482774634908926,-0.48130985543530075,0.23568273113713165,-0.8623622400047095,0.2997035691888564,-0.9006398751973548,0.26745286991302897,-0.5646358982577178,0.2279675990616908,-0.30379681632245914,0.047565269150673196,-0.8610119283660289,0.10480552323656168,-0.8484454041573083,0.10268725506949423,-0.5337577909670161,0.0892495488740862,-0.30956395113531654,-0.15086431391659055,-0.8098476678405071,-0.08189008471437413,-0.8117412928814907,-0.054086052012548944,-0.6055626462019981,-0.045238097184827124,-0.47361598167206437,0.0,0.0,0.0,0.0,0.0,0.0,0.0,0.0,0.0,0.0,0.0,0.0,0.0,0.0,0.0,0.0,0.0,0.0,0.0,0.0,0.0,0.0,0.0,0.0,0.0,0.0,0.0,0.0,0.0,0.0,0.0,0.0,0.0,0.0,0.0,0.0,0.0,0.0,0.0,0.0,0.0,0.0,washroom
0.0,0.0,0.2566196549555359,-0.0592873008669899,0.5107764694642815,-0.3769367949238498,0.5581583828926732,-0.7243473691752849,0.527627441145796,-1.0,0.440865158788921,-0.8312494526578933,0.5276164943036614,-0.9148076938387192,0.4889060721138153,-0.698877053030484,0.4389681705637425,-0.48670098004092127,0.2527456670408496,-0.8981812319377105,0.3294159561170954,-0.9019700335172403,0.2801985558129722,-0.5765439028079645,0.23567575851664319,-0.3213710223156353,0.061961912950711344,-0.9017940879091133,0.1238732713941102,-0.8654844077161304,0.10759710844140852,-0.5626545495075911,0.08831354940409372,-0.34352942113098794,-0.13668605252891958,-0.8537911899814501,-0.07455456304186868,-0.8319572157602682,-0.056333643825582966,-0.6191402549220983,-0.05239516905904926,-0.48633157387725207,0.0,0.0,0.0,0.0,0.0,0.0,0.0,0.0,0.0,0.0,0.0,0.0,0.0,0.0,0.0,0.0,0.0,0.0,0.0,0.0,0.0,0.0,0.0,0.0,0.0,0.0,0.0,0.0,0.0,0.0,0.0,0.0,0.0,0.0,0.0,0.0,0.0,0.0,0.0,0.0,0.0,0.0,washroom
0.0,0.0,0.24519960998800402,-0.05753860878153332,0.4770035376822548,-0.3834636746905817,0.5153417321619733,-0.7265417064972591,0.5116346704318432,-1.0,0.3999045593441138,-0.8115694392832823,0.48328509105435763,-0.920840015261339,0.4937106173624083,-0.7668291971260103,0.48835979179500616,-0.5891976759684706,0.22437872868768907,-0.8738655680743177,0.3071483867321066,-0.8958810807136165,0.2703962868658152,-0.5669843311573067,0.23010001218310094,-0.30913262813929676,0.047422815854529954,-0.8743651134040462,0.11490306414536311,-0.8481928336632446,0.10553868974759593,-0.5305736636494078,0.09030618538707698,-0.307004977503274,-0.13943711782204346,-0.827357439578121,-0.06665473817599502,-0.8054301493938429,-0.03830267634847641,-0.5837859348964112,-0.027850797878536393,-0.44685971980395517,0.0,0.0,0.0,0.0,0.0,0.0,0.0,0.0,0.0,0.0,0.0,0.0,0.0,0.0,0.0,0.0,0.0,0.0,0.0,0.0,0.0,0.0,0.0,0.0,0.0,0.0,0.0,0.0,0.0,0.0,0.0,0.0,0.0,0.0,0.0,0.0,0.0,0.0,0.0,0.0,0.0,0.0,washroom
0.0,0.0,0.25990773502515696,-0.04302097622990654,0.48962099790890945,-0.370076371825049,0.5417094683404006,-0.7218343451397757,0.5560728845205459,-1.0,0.43417335880257246,-0.7746255885454466,0.5238154973285295,-0.8949203655568022,0.4608196888417024,-0.6324981892289813,0.38816541797045767,-0.399078139884125,0.2405412787596739,-0.8246786016038155,0.32641525483955025,-0.9206254176976756,0.27444361413384843,-0.5989201415882957,0.21715738740737073,-0.35481636377079695,0.04432153694080555,-0.8254021921635429,0.11340236157561845,-0.8880710209877155,0.10133605828349675,-0.5952540929885654,0.06873374523438806,-0.381833282725065,-0.1599305625844817,-0.7832900112199608,-0.09895154742856159,-0.8588801000392663,-0.07970012626942406,-0.6549391875255285,-0.08932484980829875,-0.5115232514484374,0.0,0.0,0.0,0.0,0.0,0.0,0.0,0.0,0.0,0.0,0.0,0.0,0.0,0.0,0.0,0.0,0.0,0.0,0.0,0.0,0.0,0.0,0.0,0.0,0.0,0.0,0.0,0.0,0.0,0.0,0.0,0.0,0.0,0.0,0.0,0.0,0.0,0.0,0.0,0.0,0.0,0.0,washroom
0.0,0.0,0.2603116760126001,-0.058823590944498336,0.4842789916294561,-0.3757713794765115,0.5250961151554754,-0.7245527585555216,0.5379399452005883,-1.0,0.43209646453833694,-0.7755462681238001,0.5098768652058604,-0.899153879788585,0.4564343630945698,-0.6405457067401603,0.38425228232087855,-0.4076890032267355,0.24201109238282598,-0.8301657581085068,0.3107185222429961,-0.9094380096474302,0.262677855751602,-0.590812695220289,0.20528509571765402,-0.3552243895737459,0.052532781666395856,-0.8299164479827499,0.09911995269035263,-0.890520427042094,0.09253938576958723,-0.6108652490974276,0.06678181423850227,-0.412949272537461,-0.14297953146433262,-0.787130994862468,-0.09866701023810337,-0.8446773508550117,-0.07820719170798009,-0.6484545910372487,-0.08260829996994332,-0.5224347731487067,0.0,0.0,0.0,0.0,0.0,0.0,0.0,0.0,0.0,0.0,0.0,0.0,0.0,0.0,0.0,0.0,0.0,0.0,0.0,0.0,0.0,0.0,0.0,0.0,0.0,0.0,0.0,0.0,0.0,0.0,0.0,0.0,0.0,0.0,0.0,0.0,0.0,0.0,0.0,0.0,0.0,0.0,washroom
0.0,0.0,0.22075849288278346,-0.02265939050955557,0.4644977367178661,-0.35141555163133126,0.49689899824738365,-0.7121749111751512,0.4768538243316035,-1.0,0.42886958617568105,-0.7777514194737469,0.5012182280956958,-0.9027840378749851,0.43698456995425355,-0.6334286344173872,0.3660004447173056,-0.39010817131674597,0.22684488886653706,-0.8362690685196765,0.28376348504013366,-0.8968711322483622,0.23887028519790396,-0.558990358870418,0.1953926844319527,-0.31915456899586564,0.02571199841597136,-0.835713330037491,0.07552460668929474,-0.8590606722822506,0.07509823476329242,-0.5477294587891607,0.05292483866345686,-0.33000649363178103,-0.18167302903409363,-0.7861207081696088,-0.12097022386740212,-0.8183794767075357,-0.10000509242433875,-0.5830405189338551,-0.10758189235121027,-0.43112622601697453,0.0,0.0,0.0,0.0,0.0,0.0,0.0,0.0,0.0,0.0,0.0,0.0,0.0,0.0,0.0,0.0,0.0,0.0,0.0,0.0,0.0,0.0,0.0,0.0,0.0,0.0,0.0,0.0,0.0,0.0,0.0,0.0,0.0,0.0,0.0,0.0,0.0,0.0,0.0,0.0,0.0,0.0,washroom
0.0,0.0,0.23119506027076936,-0.05992388505578879,0.4592823759185478,-0.3737840147729768,0.47379632357077317,-0.7216007001800653,0.4349354529062977,-1.0,0.4406080848538882,-0.8571387095662041,0.5051896552871277,-0.9117940057666869,0.4449981219254468,-0.6516471106987345,0.3695757366074534,-0.4041108360365308,0.22986453064164825,-0.926250340986966,0.27552351706205025,-0.9005249535925056,0.23475841186870536,-0.5540546752564132,0.1889669622189466,-0.29586267131759786,0.01712676972991413,-0.9196398814726282,0.06052359871746561,-0.859400262144126,0.05252847505789974,-0.5380202735274958,0.030044202798179872,-0.312501020692692,-0.1986252857183469,-0.8508724125062225,-0.14877586435281429,-0.8415567393238569,-0.12375619144626257,-0.6230051128387112,-0.12567146457757838,-0.4885458622176764,0.0,0.0,0.0,0.0,0.0,0.0,0.0,0.0,0.0,0.0,0.0,0.0,0.0,0.0,0.0,0.0,0.0,0.0,0.0,0.0,0.0,0.0,0.0,0.0,0.0,0.0,0.0,0.0,0.0,0.0,0.0,0.0,0.0,0.0,0.0,0.0,0.0,0.0,0.0,0.0,0.0,0.0,washroom
0.0,0.0,0.22913626516458482,-0.05925739387105718,0.4351921752718755,-0.37742017610227013,0.4405916755423619,-0.7209462076202254,0.4253352469636277,-1.0,0.3999974292042945,-0.8107653866960493,0.46461976964011903,-0.8805741001454849,0.41802630891510484,-0.6292716327621098,0.3550430580637707,-0.401914607012412,0.20131762954944454,-0.8643573549774061,0.2564441970091971,-0.9021248317580068,0.22874221470456443,-0.5583989416061723,0.19291029830352363,-0.3085554698930798,0.0046886614364334825,-0.8553247398727926,0.05876562553126322,-0.8298691630843689,0.06206370763473803,-0.5076254499929096,0.04361880130706994,-0.297264701012313,-0.19254126472644384,-0.7886510150358377,-0.12760130662764954,-0.7866164928430982,-0.09664630025179977,-0.5552429443406144,-0.0999208858353856,-0.42329561082244177,0.0,0.0,0.0,0.0,0.0,0.0,0.0,0.0,0.0,0.0,0.0,0.0,0.0,0.0,0.0,0.0,0.0,0.0,0.0,0.0,0.0,0.0,0.0,0.0,0.0,0.0,0.0,0.0,0.0,0.0,0.0,0.0,0.0,0.0,0.0,0.0,0.0,0.0,0.0,0.0,0.0,0.0,washroom
0.0,0.0,0.24379561055524715,-0.056996168374876456,0.4602265126795651,-0.38672172653298853,0.4871608064013864,-0.726036637376623,0.4639526665673784,-1.0,0.42880150015570206,-0.8275955536901394,0.4917349273615944,-0.9016620858663128,0.44856957175158074,-0.6582829445294412,0.38891780284054756,-0.4422491504082102,0.23121555937665011,-0.8844625570343493,0.2817958542628522,-0.9040997034890805,0.25948997413991526,-0.5925485045830569,0.23106270055104997,-0.35751120378017576,0.032994083320922296,-0.8789201045234839,0.0790083808337508,-0.8392236558848617,0.09125617731082197,-0.5367088641871675,0.08409171529536008,-0.3193349490244926,-0.1658168943527532,-0.8164478262635563,-0.10834942254836918,-0.8089364870902666,-0.06256908433637065,-0.5785854127459077,-0.04778564562206366,-0.4216997251519788,0.0,0.0,0.0,0.0,0.0,0.0,0.0,0.0,0.0,0.0,0.0,0.0,0.0,0.0,0.0,0.0,0.0,0.0,0.0,0.0,0.0,0.0,0.0,0.0,0.0,0.0,0.0,0.0,0.0,0.0,0.0,0.0,0.0,0.0,0.0,0.0,0.0,0.0,0.0,0.0,0.0,0.0,washroom
0.0,0.0,0.2440579850210524,-0.07228611696159044,0.469629627058751,-0.38789777067147363,0.516002800042823,-0.723130548258957,0.48754490867690237,-1.0,0.4405046965058466,-0.8344461332150809,0.5203854757656667,-0.9094297742692403,0.4716056488888331,-0.6494745781581175,0.3992307624536897,-0.42257526516709887,0.24717466121430767,-0.8977178102533147,0.30549313511621595,-0.9138591707676383,0.27240775116354754,-0.5859999994660483,0.23450185107712745,-0.3395321568419105,0.04737993895329978,-0.8960681664124611,0.09198733359728346,-0.8516177535743396,0.09855013419541618,-0.543649084793402,0.08984578673380932,-0.3243882181417038,-0.15547179039618417,-0.8366919341520059,-0.09394373270163285,-0.8100731059998286,-0.052061894615550754,-0.5809327976373704,-0.038647826002220706,-0.42926327744371684,0.0,0.0,0.0,0.0,0.0,0.0,0.0,0.0,0.0,0.0,0.0,0.0,0.0,0.0,0.0,0.0,0.0,0.0,0.0,0.0,0.0,0.0,0.0,0.0,0.0,0.0,0.0,0.0,0.0,0.0,0.0,0.0,0.0,0.0,0.0,0.0,0.0,0.0,0.0,0.0,0.0,0.0,washroom
0.0,0.0,0.26159748538671085,-0.08555126866391151,0.49430121214993333,-0.3916282507793482,0.5537917747241164,-0.7206997492685866,0.5400395407197511,-0.9939346202723675,0.4692260281322498,-0.9278791761106291,0.5429967878271887,-0.9521246259864072,0.5059228010887724,-0.6870291296193709,0.4456926543812087,-0.45882868175630737,0.2726113107484412,-1.0,0.3212712077214163,-0.9135635726421143,0.29074113111842115,-0.5809209354466021,0.2588240789310987,-0.3293915174016752,0.06842984831375908,-0.9877540337362576,0.11176490294030653,-0.8256425298870429,0.11582750898912698,-0.5209213385342535,0.1133960461459101,-0.30518446979538943,-0.1353245590956456,-0.9069011874199612,-0.08005198196564059,-0.7927170776798929,-0.03866032729627868,-0.5668913063253712,-0.01438859501620249,-0.4244074475346015,0.0,0.0,0.0,0.0,0.0,0.0,0.0,0.0,0.0,0.0,0.0,0.0,0.0,0.0,0.0,0.0,0.0,0.0,0.0,0.0,0.0,0.0,0.0,0.0,0.0,0.0,0.0,0.0,0.0,0.0,0.0,0.0,0.0,0.0,0.0,0.0,0.0,0.0,0.0,0.0,0.0,0.0,washroom
0.0,0.0,0.2577507611596129,-0.0881949327331696,0.48746447768130113,-0.39477002929249366,0.5425875290744926,-0.7286177836707586,0.5116849888549425,-1.0,0.4344968048025042,-0.9219463978188829,0.5254560700849058,-0.9261351796289267,0.4749798003241959,-0.6650510438628683,0.3999629332326621,-0.43815316346549776,0.2433546557256037,-0.9926532982178182,0.3198771132601816,-0.8669966934968241,0.278244705471998,-0.5339079253069073,0.2310542584236007,-0.2815707036073315,0.048417707429660735,-0.9666264736806194,0.11817027687847764,-0.768697576012559,0.11095463918123279,-0.4664258600109119,0.09373742871496868,-0.25478278531860954,-0.14498717416085397,-0.8748494738863702,-0.06489042120440386,-0.7782609073639047,-0.025672490478424743,-0.5614903949125533,-0.012825180532544332,-0.4191669171593315,0.0,0.0,0.0,0.0,0.0,0.0,0.0,0.0,0.0,0.0,0.0,0.0,0.0,0.0,0.0,0.0,0.0,0.0,0.0,0.0,0.0,0.0,0.0,0.0,0.0,0.0,0.0,0.0,0.0,0.0,0.0,0.0,0.0,0.0,0.0,0.0,0.0,0.0,0.0,0.0,0.0,0.0,washroom
0.0,0.0,0.24925996022033817,-0.10256301377178666,0.4679250099970172,-0.399993226776636,0.5125946785910133,-0.7264605088514307,0.4959752725245497,-1.0,0.43545834532758304,-0.9084070029919412,0.4995762827768653,-0.9014191205490479,0.46055925984299145,-0.6491470297461734,0.39998879813059035,-0.42577471998582833,0.2455736334044956,-0.9808797114606846,0.3064399026218887,-0.8676918548081419,0.26853850772863863,-0.5332657747720876,0.2288971759566201,-0.27627665491338743,0.055119189193061614,-0.9626811023160516,0.10850768956233255,-0.766149253186997,0.1034913361355374,-0.46463192089917144,0.0970798289500592,-0.2567353844911421,-0.1351453442555902,-0.8799915074199359,-0.07585332845313907,-0.7609966537671496,-0.041492245310519725,-0.561169370962931,-0.022901440482253503,-0.4454709930196723,0.0,0.0,0.0,0.0,0.0,0.0,0.0,0.0,0.0,0.0,0.0,0.0,0.0,0.0,0.0,0.0,0.0,0.0,0.0,0.0,0.0,0.0,0.0,0.0,0.0,0.0,0.0,0.0,0.0,0.0,0.0,0.0,0.0,0.0,0.0,0.0,0.0,0.0,0.0,0.0,0.0,0.0,washroom
0.0,0.0,0.24369469916759867,-0.10201352806929938,0.44493156521990335,-0.40442602688280765,0.4863701761372781,-0.7293104213180582,0.46697232585396453,-1.0,0.41392711742347643,-0.8891450450041476,0.48682052713248675,-0.8763954174593808,0.44682763060694725,-0.620393574786122,0.3902938785280074,-0.4036844695453364,0.22865565843069444,-0.956080718580667,0.2949163213803748,-0.8466456846779552,0.2568120101852578,-0.5299341548670923,0.221950561468526,-0.28778821431961404,0.04107221710941723,-0.9361773196429382,0.10098682581475872,-0.738645016115653,0.09867032965899196,-0.4468216981482475,0.0975394224777249,-0.24866364919463005,-0.14248966204588318,-0.8524747122499597,-0.07418010841439307,-0.718463307485009,-0.03713332246575682,-0.5245797239910693,-0.014271690100738307,-0.4176819768809505,0.0,0.0,0.0,0.0,0.0,0.0,0.0,0.0,0.0,0.0,0.0,0.0,0.0,0.0,0.0,0.0,0.0,0.0,0.0,0.0,0.0,0.0,0.0,0.0,0.0,0.0,0.0,0.0,0.0,0.0,0.0,0.0,0.0,0.0,0.0,0.0,0.0,0.0,0.0,0.0,0.0,0.0,washroom
0.0,0.0,0.25485762762171477,-0.10255857568738957,0.4628698922871848,-0.39768961113667434,0.4976021928897872,-0.7196634570679424,0.4972190553127567,-1.0,0.42796507319979293,-0.8324636359010035,0.4943611100971672,-0.8802106244209973,0.46194002431511494,-0.6516991671953237,0.41023217124704353,-0.4467671901015155,0.2406290490221599,-0.8828022650411473,0.3092285266441811,-0.9215343301127219,0.28086009323724875,-0.612723311523622,0.2490663352890757,-0.35932682887578427,0.053021924368429146,-0.8784881039512461,0.11310911347879594,-0.8333791162310986,0.11198314727536694,-0.5199379413042824,0.10214559707515225,-0.29194443918969865,-0.1410968072490269,-0.8205480039677919,-0.07145888824558959,-0.8158941346645987,-0.03651876614779678,-0.5883397220680583,-0.027534216610212936,-0.4309285277898637,0.0,0.0,0.0,0.0,0.0,0.0,0.0,0.0,0.0,0.0,0.0,0.0,0.0,0.0,0.0,0.0,0.0,0.0,0.0,0.0,0.0,0.0,0.0,0.0,0.0,0.0,0.0,0.0,0.0,0.0,0.0,0.0,0.0,0.0,0.0,0.0,0.0,0.0,0.0,0.0,0.0,0.0,washroom
0.0,0.0,0.24863001992322992,-0.12175242957995534,0.44921324020964115,-0.4144455664276925,0.47372660176410997,-0.7355337782551941,0.46353201243887693,-1.0,0.4236439942566934,-0.8101755715715683,0.5004702146474134,-0.8797142217844377,0.4412962401818439,-0.6240498347712241,0.3605858293790992,-0.3940646443996568,0.23814479748844555,-0.855800015797671,0.295540433092873,-0.92483308549705,0.24486541292607267,-0.6077908938812098,0.19520939757756203,-0.3519170638790108,0.05371139306559308,-0.8492849902585616,0.09831242894144321,-0.8652034830836943,0.08337441002992475,-0.5856634209883893,0.05886586483854037,-0.3759427342685885,-0.13761794241115943,-0.798098334721822,-0.0880464198321869,-0.8460767420028419,-0.07160652130057216,-0.6633155788429004,-0.07985020835586704,-0.5398933849867632,0.0,0.0,0.0,0.0,0.0,0.0,0.0,0.0,0.0,0.0,0.0,0.0,0.0,0.0,0.0,0.0,0.0,0.0,0.0,0.0,0.0,0.0,0.0,0.0,0.0,0.0,0.0,0.0,0.0,0.0,0.0,0.0,0.0,0.0,0.0,0.0,0.0,0.0,0.0,0.0,0.0,0.0,washroom
0.0,0.0,0.24566823078724853,-0.12215163435644805,0.4429445279527662,-0.41583550959874244,0.4599807511964562,-0.7413421238305291,0.45157007909096564,-1.0,0.40033411611036557,-0.7790828521371361,0.4677132427123898,-0.903425421207342,0.42929247028892414,-0.652892524073189,0.35818872600386065,-0.4156359688292089,0.22145413042225523,-0.8160320113852917,0.27627322635922097,-0.9784246542941833,0.2521365340513743,-0.6874334326545603,0.20885166867402005,-0.4395410103586315,0.04667361810132944,-0.8081383964318899,0.08726726335855212,-0.9274718041151844,0.09705895254284035,-0.6679191481443999,0.07604295172403512,-0.45727490955441913,-0.13755096388799457,-0.7597460327653971,-0.09321105536138238,-0.9078184717986679,-0.061205834044579584,-0.7327311942142352,-0.0662802188870499,-0.5846318057092169,0.0,0.0,0.0,0.0,0.0,0.0,0.0,0.0,0.0,0.0,0.0,0.0,0.0,0.0,0.0,0.0,0.0,0.0,0.0,0.0,0.0,0.0,0.0,0.0,0.0,0.0,0.0,0.0,0.0,0.0,0.0,0.0,0.0,0.0,0.0,0.0,0.0,0.0,0.0,0.0,0.0,0.0,washroom
0.0,0.0,0.2493694108920428,-0.08562358856363714,0.4763525333688612,-0.3877644408356483,0.5129026963348114,-0.7312457128042447,0.505227153109976,-1.0,0.41902263639358844,-0.7706612078624545,0.4916596601210227,-0.9209439602376284,0.45177126074011925,-0.6558522810131915,0.38522573079621364,-0.4202205006424417,0.23440150897287942,-0.8157263492326408,0.2992708691537353,-0.9999657924538153,0.26889591843960775,-0.6859708251640312,0.22229308785518084,-0.44334960292240466,0.051652344507198286,-0.812961539315573,0.09659025781087308,-0.9697419250686702,0.10329388663139089,-0.6975317755096775,0.0799728920199796,-0.49615315138519556,-0.14011680976823487,-0.7711425140385969,-0.0952282573535722,-0.9143932151432606,-0.0666618055943141,-0.7258397202422855,-0.07460005677252401,-0.5852004952292476,0.0,0.0,0.0,0.0,0.0,0.0,0.0,0.0,0.0,0.0,0.0,0.0,0.0,0.0,0.0,0.0,0.0,0.0,0.0,0.0,0.0,0.0,0.0,0.0,0.0,0.0,0.0,0.0,0.0,0.0,0.0,0.0,0.0,0.0,0.0,0.0,0.0,0.0,0.0,0.0,0.0,0.0,washroom
0.0,0.0,0.26180787085376594,-0.13206380981870464,0.45061498921061033,-0.43927187821791447,0.5128235016670147,-0.7560010729381944,0.5472653877819463,-1.0,0.39656212720198364,-0.7690050478501631,0.4766044866578815,-0.8660291445538185,0.42073624082781863,-0.6146831711924496,0.35153967831056643,-0.41150420174118424,0.23248989469843717,-0.8018448776202375,0.3076561761154837,-0.9148139280339308,0.26973054129371865,-0.651944070396267,0.23038122310153547,-0.4516871773084373,0.07099754448372951,-0.7928191151020252,0.13561881770372025,-0.8636546387174668,0.1304769054254188,-0.6452535086519143,0.10971738159874991,-0.48155902480239454,-0.0981804456413986,-0.7506744868739094,-0.04374998499806775,-0.8228391816866012,-0.025308709761817323,-0.6786286073646286,-0.0297402805481346,-0.5755110258201256,0.0,0.0,0.0,0.0,0.0,0.0,0.0,0.0,0.0,0.0,0.0,0.0,0.0,0.0,0.0,0.0,0.0,0.0,0.0,0.0,0.0,0.0,0.0,0.0,0.0,0.0,0.0,0.0,0.0,0.0,0.0,0.0,0.0,0.0,0.0,0.0,0.0,0.0,0.0,0.0,0.0,0.0,washroom
0.0,0.0,0.24839400325256233,-0.14718598197589153,0.44433554821004845,-0.4501973441362959,0.5088053616286801,-0.7544687454801025,0.5371066947559087,-1.0,0.3690866110975169,-0.7868837265089602,0.43210685029650525,-0.9322128423937601,0.40750337458954117,-0.6938755809922336,0.3576112427950228,-0.47064211327396277,0.20779630403472307,-0.8089592666437257,0.2815291212084574,-0.913906515932328,0.24883240324332612,-0.6277413228391001,0.19876212134283167,-0.4009891099133238,0.04639920311902191,-0.7906041934386242,0.1104309372491507,-0.8722229188588002,0.10688380989154812,-0.6234945834991631,0.08242914003368015,-0.4247897075099169,-0.12569652522307248,-0.7400900596089293,-0.06582189415093595,-0.8543434471067365,-0.03787509737322399,-0.6967093061702795,-0.03816549327054411,-0.5638269657364912,0.0,0.0,0.0,0.0,0.0,0.0,0.0,0.0,0.0,0.0,0.0,0.0,0.0,0.0,0.0,0.0,0.0,0.0,0.0,0.0,0.0,0.0,0.0,0.0,0.0,0.0,0.0,0.0,0.0,0.0,0.0,0.0,0.0,0.0,0.0,0.0,0.0,0.0,0.0,0.0,0.0,0.0,washroom
0.0,0.0,0.24906319629775828,-0.12510620905195627,0.4537395511607905,-0.4403011569668094,0.5206117966812986,-0.7495357065802264,0.5396749181323869,-1.0,0.3767015007408193,-0.7986966265954951,0.45410418461224056,-0.9213013297649912,0.427057852245514,-0.6705438326506558,0.3748920011363677,-0.4503937422977082,0.21170120298124048,-0.8222489211503348,0.2949347678728153,-0.9119412655400398,0.2629721482523791,-0.6060783957039313,0.21829763526827162,-0.37643449338078827,0.047803103793782456,-0.804604306807565,0.11640983953850194,-0.8510479672783375,0.11176885786259388,-0.5827288379989385,0.09033179528849974,-0.38954535203805857,-0.1214483221166378,-0.7543952079907607,-0.05777105314796959,-0.8315813246493841,-0.0318256176721449,-0.6626966474223945,-0.03196766363515958,-0.5431837625681389,0.0,0.0,0.0,0.0,0.0,0.0,0.0,0.0,0.0,0.0,0.0,0.0,0.0,0.0,0.0,0.0,0.0,0.0,0.0,0.0,0.0,0.0,0.0,0.0,0.0,0.0,0.0,0.0,0.0,0.0,0.0,0.0,0.0,0.0,0.0,0.0,0.0,0.0,0.0,0.0,0.0,0.0,washroom
0.0,0.0,0.25447394769311676,-0.13727522805881995,0.490890108445328,-0.4235760952169051,0.5200275664382948,-0.7503716701389591,0.48859037688580154,-1.0,0.39884919511201394,-0.8205768725095572,0.477893211836809,-0.9971649767534595,0.4792832726043349,-0.844909166563124,0.46367168198617054,-0.6688823600800987,0.2277220051838774,-0.8478016198894452,0.3043116986878491,-0.9475829521517136,0.2858959670358566,-0.6548907311463188,0.2564670242983417,-0.40377716551132276,0.0660819754791619,-0.824082996939952,0.13804511620380672,-0.8674611281434842,0.14560006125875177,-0.6088939327829678,0.13521713626893747,-0.39486827923588375,-0.10612898145766933,-0.7601405628292297,-0.03664960138467895,-0.8379294252946633,-0.006823524227547367,-0.6734045273685032,-0.0007344909888954065,-0.5425145128339974,0.0,0.0,0.0,0.0,0.0,0.0,0.0,0.0,0.0,0.0,0.0,0.0,0.0,0.0,0.0,0.0,0.0,0.0,0.0,0.0,0.0,0.0,0.0,0.0,0.0,0.0,0.0,0.0,0.0,0.0,0.0,0.0,0.0,0.0,0.0,0.0,0.0,0.0,0.0,0.0,0.0,0.0,washroom
0.0,0.0,0.267418871565101,-0.13272796705620066,0.5080461689382396,-0.34946664223865703,0.5605634907935007,-0.6199218149083524,0.5152910836991736,-0.831626851330051,0.4186966651901636,-0.805138308143881,0.5080055844285353,-1.0,0.46374160577057616,-0.7549283122950965,0.41361625761346077,-0.5277872474967088,0.25464074205490583,-0.8343498786716419,0.33485950415778637,-0.9868618279108563,0.28922338255268065,-0.6935050096745741,0.25000618430624066,-0.4527113158116477,0.091201896726724,-0.8274621075961061,0.16303937779694913,-0.9258899796459021,0.14843745772446906,-0.6786959153430319,0.12503043838227826,-0.4732478507603218,-0.08006801963826447,-0.7866847248408894,-0.014699709414910517,-0.8817177992837028,0.0036153067763762593,-0.7220896461571881,0.0037206332420375125,-0.5876981007222497,0.0,0.0,0.0,0.0,0.0,0.0,0.0,0.0,0.0,0.0,0.0,0.0,0.0,0.0,0.0,0.0,0.0,0.0,0.0,0.0,0.0,0.0,0.0,0.0,0.0,0.0,0.0,0.0,0.0,0.0,0.0,0.0,0.0,0.0,0.0,0.0,0.0,0.0,0.0,0.0,0.0,0.0,washroom
0.0,0.0,0.25200575161930544,-0.14466312682970803,0.47169392725354264,-0.4362844125501161,0.5139026406907854,-0.7538005464925024,0.5059391158880355,-1.0,0.37311875350055196,-0.8069428044907556,0.4516873953528926,-0.9371891990145993,0.4227658165836386,-0.6896508536543915,0.37873737030408805,-0.4676992340533695,0.21298577316571077,-0.8277048644926176,0.2992319844416629,-0.9166706074815385,0.26398447417460863,-0.6263294708421571,0.22720817403820717,-0.3913025969477404,0.059046276003836384,-0.8138807322231073,0.13858066380070905,-0.8467685564351782,0.13131170761912223,-0.5867542069430262,0.11566137710790493,-0.3850544349684267,-0.09828792529397247,-0.7655317366136676,-0.025074481401077913,-0.8137414490474805,-0.006447296280806704,-0.6355639084410777,-0.002401618788228983,-0.5040776350381792,0.0,0.0,0.0,0.0,0.0,0.0,0.0,0.0,0.0,0.0,0.0,0.0,0.0,0.0,0.0,0.0,0.0,0.0,0.0,0.0,0.0,0.0,0.0,0.0,0.0,0.0,0.0,0.0,0.0,0.0,0.0,0.0,0.0,0.0,0.0,0.0,0.0,0.0,0.0,0.0,0.0,0.0,washroom
0.0,0.0,0.2555457416796059,-0.11704610867721708,0.49090582294958396,-0.39765161118681563,0.530817505984001,-0.7248689774979393,0.5158998646820027,-0.9770458236305288,0.3957093347247835,-0.7738886940190078,0.4673601747019481,-1.0,0.45620990046328,-0.8421609389437912,0.43779053977549404,-0.6539473819649376,0.23218992660839574,-0.7974636387318272,0.30022601826990913,-0.9336272745340081,0.27589174085138696,-0.6408399850825567,0.24592818723766796,-0.39289053969631443,0.07341911918989731,-0.7813747326697552,0.13266547949999644,-0.8902985943239287,0.13477482499321033,-0.6354454765070062,0.11854874021240729,-0.4182173338474731,-0.09853747295025697,-0.7347909776388791,-0.03931229319268919,-0.851203649231047,-0.009284010226841739,-0.6778659662963963,-0.004882810180284113,-0.5315281432137906,0.0,0.0,0.0,0.0,0.0,0.0,0.0,0.0,0.0,0.0,0.0,0.0,0.0,0.0,0.0,0.0,0.0,0.0,0.0,0.0,0.0,0.0,0.0,0.0,0.0,0.0,0.0,0.0,0.0,0.0,0.0,0.0,0.0,0.0,0.0,0.0,0.0,0.0,0.0,0.0,0.0,0.0,washroom
0.0,0.0,0.27293585258111225,-0.12991071636297033,0.512064733280627,-0.3618129819347312,0.5686555932452891,-0.6377741653162237,0.5196540750808256,-0.8680626673248623,0.41646690261878083,-0.8323872829509158,0.505147757714657,-1.0,0.4868462406923067,-0.7780531539454298,0.4489411976705968,-0.5899589642979663,0.2640301196384662,-0.8674763825808288,0.35740400221823754,-0.9667649306969978,0.32895269494284995,-0.6888164704558597,0.2850141220174456,-0.4956809088174941,0.10743519882709211,-0.8570336614582078,0.19197568229627346,-0.8885280657383402,0.1846211081966076,-0.6241796349383407,0.1573857284080339,-0.45254371861039516,-0.06039007816706916,-0.80519314613676,0.02816133743986457,-0.827231699646241,0.04925384056692804,-0.6303906153832487,0.044601633052585,-0.5101895527104249,0.0,0.0,0.0,0.0,0.0,0.0,0.0,0.0,0.0,0.0,0.0,0.0,0.0,0.0,0.0,0.0,0.0,0.0,0.0,0.0,0.0,0.0,0.0,0.0,0.0,0.0,0.0,0.0,0.0,0.0,0.0,0.0,0.0,0.0,0.0,0.0,0.0,0.0,0.0,0.0,0.0,0.0,washroom
0.0,0.0,0.28590716640201935,-0.15033379994252363,0.5103698043375673,-0.43859233233522227,0.5603459882866525,-0.7458313081964738,0.560986748210706,-1.0,0.40749660417105354,-0.8588562380174805,0.4841156431503581,-0.9870603135419522,0.46645291816151563,-0.742877146700252,0.4289292842073758,-0.5139455228252238,0.24362893047611353,-0.883926880529948,0.3438960498905433,-0.9446443462372626,0.3264730304743919,-0.6821826362227346,0.2952554630136067,-0.4557933040477575,0.07825128825191069,-0.8665118071548803,0.17954123973250094,-0.8483330309423254,0.1779884508707316,-0.5896606996312596,0.1644611988192183,-0.38763039784503367,-0.0900877993395074,-0.8073107109543681,0.01545284267412535,-0.8029337666574404,0.04193192096867538,-0.6086252510176451,0.051892945637159925,-0.4625240422923622,0.0,0.0,0.0,0.0,0.0,0.0,0.0,0.0,0.0,0.0,0.0,0.0,0.0,0.0,0.0,0.0,0.0,0.0,0.0,0.0,0.0,0.0,0.0,0.0,0.0,0.0,0.0,0.0,0.0,0.0,0.0,0.0,0.0,0.0,0.0,0.0,0.0,0.0,0.0,0.0,0.0,0.0,washroom
0.0,0.0,0.2859303898545226,-0.17447163615745012,0.5019880254092031,-0.457043837330204,0.5525944404946055,-0.7440053905627073,0.562823878409561,-1.0,0.3713079776891631,-0.8918186322700965,0.46424363783108796,-0.994815159146519,0.44657175907974067,-0.7513667964927907,0.41209384445848946,-0.5318225702414747,0.21547506655775328,-0.9032002054432238,0.33117991003035674,-0.9469270123939291,0.3132442614980173,-0.6611696053623282,0.28696317857446363,-0.4135162508654946,0.059360971267204826,-0.8781151420107709,0.17201992390613324,-0.8638776108216196,0.168753683140978,-0.5923159404716185,0.1532165749586815,-0.3732110209330113,-0.10026502361621868,-0.8152687410054736,0.006510423317991653,-0.8309621142076713,0.02988144755741288,-0.629432249477917,0.03250265975602224,-0.4720880025151006,0.0,0.0,0.0,0.0,0.0,0.0,0.0,0.0,0.0,0.0,0.0,0.0,0.0,0.0,0.0,0.0,0.0,0.0,0.0,0.0,0.0,0.0,0.0,0.0,0.0,0.0,0.0,0.0,0.0,0.0,0.0,0.0,0.0,0.0,0.0,0.0,0.0,0.0,0.0,0.0,0.0,0.0,washroom
0.0,0.0,0.2820599451523818,-0.15514343316807125,0.5065607152730485,-0.44400225786471886,0.5542330628840368,-0.7308165783524331,0.5585905780384126,-0.9814655699711698,0.3698450318788536,-0.909178258612203,0.46691780274315153,-1.0,0.4509764494306694,-0.7503783175632784,0.4186954377454489,-0.5437576879619399,0.20854496801518857,-0.9252169004641916,0.3225209001790687,-0.9505528589826702,0.3103916200853635,-0.6705289895766408,0.28841717325740335,-0.43653078700648945,0.04527047658862071,-0.897719402513512,0.16276565309989222,-0.8741577557749417,0.1652318212510921,-0.5987897690986554,0.15065298911813238,-0.380826355369027,-0.11957074562514629,-0.828899319847151,-0.005190006444161676,-0.8595143856999332,0.022093890183393715,-0.6630787102814721,0.02261669567663216,-0.5053441269027856,0.0,0.0,0.0,0.0,0.0,0.0,0.0,0.0,0.0,0.0,0.0,0.0,0.0,0.0,0.0,0.0,0.0,0.0,0.0,0.0,0.0,0.0,0.0,0.0,0.0,0.0,0.0,0.0,0.0,0.0,0.0,0.0,0.0,0.0,0.0,0.0,0.0,0.0,0.0,0.0,0.0,0.0,washroom
0.0,0.0,0.27140578016272376,-0.13559771042566304,0.5041995680753204,-0.434824001014443,0.5426459269424078,-0.7419412232492256,0.5173853615476941,-0.989567554337088,0.38073659180562014,-0.8505303708713299,0.4519505911194949,-1.0,0.4294578725989303,-0.7468360091889665,0.39088151364337415,-0.5178977437489372,0.22088710684188745,-0.8589806223686655,0.29864976845730934,-0.9637267806080171,0.28559520380770015,-0.6741799673058378,0.2631172300986821,-0.43115893235768554,0.062102443018675776,-0.8422609890622988,0.1396149343315243,-0.9012515396040723,0.1490120484770084,-0.6286686319862146,0.13982037870573977,-0.4134582775897541,-0.1045851940466349,-0.7933947176221141,-0.016637799602283284,-0.8765544717572965,0.0066970934044491975,-0.6802155101655646,0.007467509807757147,-0.5280048205703883,0.0,0.0,0.0,0.0,0.0,0.0,0.0,0.0,0.0,0.0,0.0,0.0,0.0,0.0,0.0,0.0,0.0,0.0,0.0,0.0,0.0,0.0,0.0,0.0,0.0,0.0,0.0,0.0,0.0,0.0,0.0,0.0,0.0,0.0,0.0,0.0,0.0,0.0,0.0,0.0,0.0,0.0,washroom
0.0,0.0,0.2702040395442244,-0.13276369808657956,0.5063659367288366,-0.43925418355370305,0.5619139663415122,-0.7528865079950787,0.5466567459013659,-1.0,0.3902510283863963,-0.8374861373817065,0.45356717898118726,-0.994814344536991,0.43229102955909543,-0.7404503366960818,0.39615748945328966,-0.5007541668730685,0.22480996713409512,-0.8427162745369607,0.288137743625723,-0.9547798105686479,0.28293616573878533,-0.6674811534102799,0.2651217534683083,-0.41467602669305914,0.05887227789735041,-0.8204334740909307,0.12143527256662397,-0.8916860684350835,0.1408995512403821,-0.62008439390156,0.13799712082137466,-0.39169011222528766,-0.11562965351794584,-0.7669973139123569,-0.0357501382470776,-0.8593862941796717,-0.0029782514853346894,-0.656991056147016,0.007283371631396391,-0.48660039568487146,0.0,0.0,0.0,0.0,0.0,0.0,0.0,0.0,0.0,0.0,0.0,0.0,0.0,0.0,0.0,0.0,0.0,0.0,0.0,0.0,0.0,0.0,0.0,0.0,0.0,0.0,0.0,0.0,0.0,0.0,0.0,0.0,0.0,0.0,0.0,0.0,0.0,0.0,0.0,0.0,0.0,0.0,washroom
0.0,0.0,0.26905400990781164,-0.1337647465013266,0.49838981288283873,-0.4391305402435821,0.5568109624841884,-0.7523284492711065,0.5569598531839643,-1.0,0.38458725794939574,-0.7958680121362693,0.45368647695703535,-0.9970485063708189,0.42934323460787555,-0.7551824027191519,0.3871054977052253,-0.512579328810015,0.2173711321318516,-0.7939951374413404,0.29224818763634336,-0.9439123315044979,0.2751765915951329,-0.6608522741054559,0.2459669199442834,-0.41154060329376163,0.05317513933021377,-0.7735514379951519,0.12285263226887234,-0.8702163379287317,0.12904230508607534,-0.6026130446832085,0.11368179089965592,-0.3863664631052975,-0.12066159079261977,-0.7298580816168756,-0.03645912627737641,-0.8549087225177959,-0.009422691149080103,-0.6560743534866486,-0.009667831815955612,-0.49078761373881835,0.0,0.0,0.0,0.0,0.0,0.0,0.0,0.0,0.0,0.0,0.0,0.0,0.0,0.0,0.0,0.0,0.0,0.0,0.0,0.0,0.0,0.0,0.0,0.0,0.0,0.0,0.0,0.0,0.0,0.0,0.0,0.0,0.0,0.0,0.0,0.0,0.0,0.0,0.0,0.0,0.0,0.0,washroom
0.0,0.0,0.26571052119329636,-0.12839887058390143,0.48997214134864336,-0.4345844958546913,0.5432525969663163,-0.7468331976331658,0.5469826945657839,-1.0,0.3867925713053798,-0.8006897684864442,0.4576343379331853,-0.996067660312829,0.43372529402284365,-0.7584261431779793,0.39065897954869405,-0.5194691367585591,0.22025236045034316,-0.8021528186215514,0.30022824837944695,-0.9534084463412235,0.28490232727531506,-0.6680812275388315,0.25636657045559674,-0.41923188821376023,0.05463937593272063,-0.7833011350673652,0.13211327022054592,-0.8715252559291206,0.13724205630754613,-0.5996056671738853,0.12037459525419188,-0.38822422551484087,-0.12026235482000716,-0.7388178178157226,-0.03131377297396859,-0.8550816398719884,-0.007268941685207705,-0.6630003202384416,-0.012220079159593862,-0.5084889350292715,0.0,0.0,0.0,0.0,0.0,0.0,0.0,0.0,0.0,0.0,0.0,0.0,0.0,0.0,0.0,0.0,0.0,0.0,0.0,0.0,0.0,0.0,0.0,0.0,0.0,0.0,0.0,0.0,0.0,0.0,0.0,0.0,0.0,0.0,0.0,0.0,0.0,0.0,0.0,0.0,0.0,0.0,washroom
0.0,0.0,0.2605626504068222,-0.1086366234630148,0.4884922752166572,-0.4154430097280925,0.5458767577537345,-0.7340688406505983,0.5639078620564205,-0.9862436089494009,0.3991912733241289,-0.7630357867106335,0.46768001624433336,-1.0,0.49502014942460054,-0.9967548348307697,0.5103925132236382,-0.9308938983809074,0.2328280422035396,-0.7795820574146234,0.31859648324988193,-0.934338944996116,0.30478324760816466,-0.654357389082983,0.2797446593845661,-0.41549853235197537,0.06668584400469352,-0.767692284100277,0.149426715688737,-0.8468537972980047,0.14271667439576843,-0.5759023351758031,0.12345138148220024,-0.37781770706369394,-0.11413309883397202,-0.7291997709295175,-0.021867717612992506,-0.8262152448204002,-0.0028639098185679287,-0.6364806905533807,-0.011633047277249843,-0.4988512104725187,0.0,0.0,0.0,0.0,0.0,0.0,0.0,0.0,0.0,0.0,0.0,0.0,0.0,0.0,0.0,0.0,0.0,0.0,0.0,0.0,0.0,0.0,0.0,0.0,0.0,0.0,0.0,0.0,0.0,0.0,0.0,0.0,0.0,0.0,0.0,0.0,0.0,0.0,0.0,0.0,0.0,0.0,washroom
0.0,0.0,0.24544195367037341,-0.10404916828392893,0.474523445255782,-0.40046398091411084,0.5315133098270737,-0.719081939240093,0.5230658026053503,-0.9688205879022638,0.3761755543676614,-0.7456289153326996,0.45328881363608836,-1.0,0.4695297255876784,-0.9712816353615602,0.4727272966660259,-0.8756699679005259,0.21019599375390052,-0.7582375045094626,0.29370307854759753,-0.9133756586448702,0.2810818497091561,-0.6281332536332445,0.2575036141532612,-0.3883457052799553,0.04864505460070519,-0.7406652148610822,0.1286999317984922,-0.8257064385909937,0.12353215345602583,-0.5588942402641689,0.10221852395084224,-0.3601676861782666,-0.12597002820224512,-0.6959787443022775,-0.037521625671152865,-0.7997751193526387,-0.015810636801954936,-0.6131436681878148,-0.02352583362518663,-0.47011641655058367,0.0,0.0,0.0,0.0,0.0,0.0,0.0,0.0,0.0,0.0,0.0,0.0,0.0,0.0,0.0,0.0,0.0,0.0,0.0,0.0,0.0,0.0,0.0,0.0,0.0,0.0,0.0,0.0,0.0,0.0,0.0,0.0,0.0,0.0,0.0,0.0,0.0,0.0,0.0,0.0,0.0,0.0,washroom
0.0,0.0,0.20715810249466413,-0.08282740370271639,0.39854757445065664,-0.34635333454556366,0.4378181001290496,-0.6239078893245464,0.44033465501748614,-0.8375930578039682,0.3186485014537937,-0.6169593379103856,0.3805196937411841,-0.8277850256598565,0.41341563847760343,-0.9372820854128086,0.43465342864053075,-1.0,0.17956272321073918,-0.6283632771882376,0.25601289789548576,-0.7571197936619184,0.24938520502287054,-0.5254034343780287,0.22650737312626557,-0.3308585591995043,0.04446494741803764,-0.6131041806058445,0.11913782176330084,-0.6791436651843326,0.1176771871783691,-0.45390935459326437,0.09954536948604376,-0.28843902981557035,-0.10311784467798513,-0.5768025894652475,-0.026696578156197644,-0.6625216921558693,-0.004966025184968108,-0.5044726003576668,-0.01171994301340456,-0.3842729001198696,0.0,0.0,0.0,0.0,0.0,0.0,0.0,0.0,0.0,0.0,0.0,0.0,0.0,0.0,0.0,0.0,0.0,0.0,0.0,0.0,0.0,0.0,0.0,0.0,0.0,0.0,0.0,0.0,0.0,0.0,0.0,0.0,0.0,0.0,0.0,0.0,0.0,0.0,0.0,0.0,0.0,0.0,washroom
0.0,0.0,0.2567986342954437,-0.12262797502518105,0.4687814763118804,-0.43105772363312483,0.520297270882338,-0.7488704642977052,0.5422077727996844,-1.0,0.3555741030216263,-0.7493412079531269,0.4191117938969704,-0.9150728631475963,0.3961910611508462,-0.6733228325118981,0.35655544164721426,-0.4497609419256753,0.1959646060548095,-0.7494468139372003,0.2693971293105424,-0.8681648768444932,0.2537128971806191,-0.5850217837249223,0.22601424086732402,-0.3558144562636802,0.03912726616992003,-0.7300980043457859,0.11433043315390279,-0.7952359745788463,0.11445870457323726,-0.5351209636844931,0.09589297331655593,-0.34366926995380237,-0.12768909199775638,-0.6870232163796874,-0.03730157781317903,-0.7712474756682817,-0.01797692808132856,-0.5869764907131493,-0.02560596414776469,-0.4520070616529728,0.0,0.0,0.0,0.0,0.0,0.0,0.0,0.0,0.0,0.0,0.0,0.0,0.0,0.0,0.0,0.0,0.0,0.0,0.0,0.0,0.0,0.0,0.0,0.0,0.0,0.0,0.0,0.0,0.0,0.0,0.0,0.0,0.0,0.0,0.0,0.0,0.0,0.0,0.0,0.0,0.0,0.0,washroom
0.0,0.0,0.1955241157610946,-0.057442264413385354,0.385780547381738,-0.33141285227358713,0.412351712874124,-0.6184609341589432,0.37996362804704376,-0.833857629055392,0.31417613445549625,-0.6054216995513446,0.3605074389060867,-0.7948734080894012,0.39016826491840967,-0.9198575729415795,0.41696048482333925,-1.0,0.1725620886581232,-0.626147676250509,0.2344296923687766,-0.72171630046736,0.22239327960577496,-0.48423499444388235,0.2077630908848213,-0.2964246149189623,0.03611263912612089,-0.6141924584736533,0.08729651303668398,-0.6608438667177926,0.09016193085928101,-0.4233833908216508,0.08546537480200751,-0.25232808555826014,-0.11181336035865229,-0.5764644217174058,-0.05086355756469455,-0.6374563098706747,-0.02245190153556298,-0.4770766574192237,-0.0149354138521197,-0.36370932705085357,0.0,0.0,0.0,0.0,0.0,0.0,0.0,0.0,0.0,0.0,0.0,0.0,0.0,0.0,0.0,0.0,0.0,0.0,0.0,0.0,0.0,0.0,0.0,0.0,0.0,0.0,0.0,0.0,0.0,0.0,0.0,0.0,0.0,0.0,0.0,0.0,0.0,0.0,0.0,0.0,0.0,0.0,washroom
0.0,0.0,0.24988522393647417,-0.09523901006876712,0.4762007152568422,-0.41159730842742015,0.5105204823550274,-0.739214498236488,0.5032940237630785,-1.0,0.3793169100116254,-0.7892194242477981,0.4402627534432819,-0.9236310614569171,0.41109189966700166,-0.653553624559122,0.37037767728714704,-0.41227118677464486,0.21169582865362258,-0.7987157888514512,0.28379810250044335,-0.8998182301826565,0.2590687868219345,-0.5900952690587378,0.22899721187759847,-0.34469074500995056,0.047800782250596044,-0.7795373490177533,0.1188449488680026,-0.811955922050797,0.11479330456542729,-0.5157390987369707,0.09888844554787098,-0.30888012058875686,-0.12068481409233316,-0.7293117376997498,-0.03819703060038226,-0.7695040491812969,-0.020991704596953754,-0.5579456562432268,-0.02180622056708242,-0.4212069712912061,0.0,0.0,0.0,0.0,0.0,0.0,0.0,0.0,0.0,0.0,0.0,0.0,0.0,0.0,0.0,0.0,0.0,0.0,0.0,0.0,0.0,0.0,0.0,0.0,0.0,0.0,0.0,0.0,0.0,0.0,0.0,0.0,0.0,0.0,0.0,0.0,0.0,0.0,0.0,0.0,0.0,0.0,washroom
0.0,0.0,0.24784929719013335,-0.11255324980626752,0.4746912233147404,-0.42528363998373453,0.5088191478232137,-0.7496862646151458,0.48059290425472995,-1.0,0.36719229671343545,-0.7982649521952956,0.413600991077181,-0.9137867943794146,0.3888574351380791,-0.6428964675596902,0.35975992793198797,-0.4182534110882677,0.1985581663746675,-0.8116399496508555,0.2558750530782045,-0.9134899824800504,0.24088155501032213,-0.6166439994527678,0.22185719039844276,-0.38405613579310083,0.034353965468515456,-0.7935268496422873,0.08430594064046043,-0.8543808631593,0.09755975173838516,-0.5771609160741868,0.09662316107986513,-0.37141441047807544,-0.13548492768346124,-0.7390237586800912,-0.07545294584626658,-0.7996084165818914,-0.04632916581654752,-0.5965256439327056,-0.0338140707775667,-0.4520161196791023,0.0,0.0,0.0,0.0,0.0,0.0,0.0,0.0,0.0,0.0,0.0,0.0,0.0,0.0,0.0,0.0,0.0,0.0,0.0,0.0,0.0,0.0,0.0,0.0,0.0,0.0,0.0,0.0,0.0,0.0,0.0,0.0,0.0,0.0,0.0,0.0,0.0,0.0,0.0,0.0,0.0,0.0,washroom
0.0,0.0,0.21817380212402487,-0.08265382703799834,0.4407519095130278,-0.34112634335837105,0.4885578593537395,-0.6183857338532194,0.4697463156379543,-0.8360389860230074,0.3436976338062341,-0.7289270062221562,0.39992155538515717,-0.9169338068678192,0.4330058998679161,-0.9815222872331276,0.4658421909811778,-1.0,0.1790687316053489,-0.7552767922534924,0.23182330090231676,-0.8580252054814362,0.22509870079784466,-0.6147943918211192,0.21253149327223134,-0.4072067651577357,0.01699075050629141,-0.7351373935022691,0.05493974747442742,-0.8175418092143679,0.0692901780824026,-0.6083278034330949,0.06665732694429935,-0.42053239133406545,-0.158767283390111,-0.6783865848392315,-0.12344796899513942,-0.770685976203172,-0.0909185760288104,-0.6337387889382682,-0.08151336998608548,-0.5065059691236926,0.0,0.0,0.0,0.0,0.0,0.0,0.0,0.0,0.0,0.0,0.0,0.0,0.0,0.0,0.0,0.0,0.0,0.0,0.0,0.0,0.0,0.0,0.0,0.0,0.0,0.0,0.0,0.0,0.0,0.0,0.0,0.0,0.0,0.0,0.0,0.0,0.0,0.0,0.0,0.0,0.0,0.0,washroom
0.0,0.0,0.27348876390261206,-0.13677471093675395,0.5089461980850595,-0.43448159603058134,0.5561675758054112,-0.7537720000857494,0.5393952814432407,-1.0,0.3899608378497943,-0.8408812312057733,0.4391288735839165,-0.9658917062770525,0.4092184037745336,-0.6944855327085319,0.36849863483024536,-0.4517479239870362,0.21256258246073553,-0.8551434061618755,0.27051018956468526,-0.9642239774868794,0.25063045312722293,-0.6745945903808639,0.22404155533858353,-0.4225916593097561,0.03781793059363934,-0.8350780417170932,0.08912726578227832,-0.9175231864484734,0.09815117427985103,-0.6764688973209153,0.08715478549977296,-0.4621674530278315,-0.1479564841178431,-0.7771421277159667,-0.10086275610331247,-0.8651283415477381,-0.07473744112035516,-0.7072163984073994,-0.067685769298979,-0.5720602077864372,0.0,0.0,0.0,0.0,0.0,0.0,0.0,0.0,0.0,0.0,0.0,0.0,0.0,0.0,0.0,0.0,0.0,0.0,0.0,0.0,0.0,0.0,0.0,0.0,0.0,0.0,0.0,0.0,0.0,0.0,0.0,0.0,0.0,0.0,0.0,0.0,0.0,0.0,0.0,0.0,0.0,0.0,washroom
0.0,0.0,0.25900400548513886,-0.11254167459751797,0.5051338658234261,-0.43234184956251803,0.5638409217108039,-0.7566620308814614,0.5306702808192882,-1.0,0.3806722953713005,-0.8716188523166654,0.44750471104145856,-0.9761588189445692,0.4172709164914933,-0.6722096949505139,0.3788689239837743,-0.47211744236181447,0.19684836073355627,-0.8951066763179917,0.2626313568957189,-0.9660392842273545,0.24595295025353253,-0.6339540469108118,0.2145507155364567,-0.42360702990660354,0.012835938125929414,-0.8757146449595214,0.06489010966109678,-0.9131038040762491,0.07818244801876914,-0.6166455717599636,0.06194006453050055,-0.4232800704305908,-0.18165979634963175,-0.8159176469662004,-0.11811040578634911,-0.8620884003947595,-0.09054716621999186,-0.6417492054097437,-0.0930746185434187,-0.4989911030899523,0.0,0.0,0.0,0.0,0.0,0.0,0.0,0.0,0.0,0.0,0.0,0.0,0.0,0.0,0.0,0.0,0.0,0.0,0.0,0.0,0.0,0.0,0.0,0.0,0.0,0.0,0.0,0.0,0.0,0.0,0.0,0.0,0.0,0.0,0.0,0.0,0.0,0.0,0.0,0.0,0.0,0.0,washroom
0.0,0.0,0.2318395832086248,-0.1021200793455847,0.44418727539564423,-0.4325457258861874,0.4977282062820071,-0.7454534195593885,0.4911700171117299,-1.0,0.33518411106730545,-0.8008041893808195,0.389421070339737,-0.9469470320746889,0.38765870665045626,-0.6945880283943253,0.36377659387817024,-0.4686801675256934,0.16219463612288246,-0.810045762008657,0.22270968061544433,-0.9469742787374887,0.22096527495391804,-0.6432053634642894,0.19787434747338806,-0.408109184808747,-0.011407063078088522,-0.7845746734012711,0.039187719185985306,-0.8841913623950642,0.06543595692550308,-0.5931994806620939,0.0577796446787474,-0.37687996812966107,-0.1924516423338831,-0.7266639557613275,-0.13440324648115543,-0.846627296615015,-0.08851140334762407,-0.64004887886175,-0.07984717099138634,-0.47675095930958605,0.0,0.0,0.0,0.0,0.0,0.0,0.0,0.0,0.0,0.0,0.0,0.0,0.0,0.0,0.0,0.0,0.0,0.0,0.0,0.0,0.0,0.0,0.0,0.0,0.0,0.0,0.0,0.0,0.0,0.0,0.0,0.0,0.0,0.0,0.0,0.0,0.0,0.0,0.0,0.0,0.0,0.0,washroom
0.0,0.0,0.24702873028603736,-0.1161209101128766,0.447705611946382,-0.4377526904340852,0.49683212480195643,-0.7419899186788769,0.4775754702096468,-1.0,0.34957605530099334,-0.8300658885170893,0.4113331865126584,-0.9734029964565816,0.4119433414632543,-0.7287119608448982,0.3866728599790945,-0.49385612998231576,0.18337970784877033,-0.8381503388927968,0.24669550761604858,-0.9629251773352705,0.24773811245587163,-0.6718566131757312,0.22924815761966433,-0.4260886643482148,0.012036898555679002,-0.8084101128766115,0.07243176125643436,-0.8991272113494573,0.09772175948143814,-0.6146232570523229,0.08933962744801562,-0.3887640274006824,-0.16511429825195742,-0.7458008191278852,-0.09609796664321918,-0.8480931938756057,-0.050487137851465684,-0.6359885414132914,-0.042921832782207965,-0.4666423974282277,0.0,0.0,0.0,0.0,0.0,0.0,0.0,0.0,0.0,0.0,0.0,0.0,0.0,0.0,0.0,0.0,0.0,0.0,0.0,0.0,0.0,0.0,0.0,0.0,0.0,0.0,0.0,0.0,0.0,0.0,0.0,0.0,0.0,0.0,0.0,0.0,0.0,0.0,0.0,0.0,0.0,0.0,washroom
0.0,0.0,0.2373931683322278,-0.11561971569648952,0.4314928901586033,-0.44384430991080864,0.4545280400966659,-0.7512137700075797,0.4564616585398101,-1.0,0.3574176127549706,-0.8633782883345115,0.41803230660247315,-0.9210210016203633,0.3929311371915056,-0.67454887870413,0.3451187778089113,-0.43701692404425235,0.17872035625454952,-0.8960792768537459,0.23879004614692345,-0.8942271648601282,0.22270022228348768,-0.5874278743042842,0.2015194379735919,-0.34049713675730536,-0.0018538022195295463,-0.8685860621717675,0.05997973231328826,-0.8254402287288825,0.06790614062829829,-0.5279792485330718,0.0649865570699145,-0.3114500410537094,-0.18546942832052393,-0.7955239813008429,-0.11585221566080697,-0.7846911356289856,-0.07559422708973898,-0.5737828683208845,-0.05651645941992949,-0.43639604772597007,0.0,0.0,0.0,0.0,0.0,0.0,0.0,0.0,0.0,0.0,0.0,0.0,0.0,0.0,0.0,0.0,0.0,0.0,0.0,0.0,0.0,0.0,0.0,0.0,0.0,0.0,0.0,0.0,0.0,0.0,0.0,0.0,0.0,0.0,0.0,0.0,0.0,0.0,0.0,0.0,0.0,0.0,washroom
0.0,0.0,0.2477005968804384,-0.10122931751860283,0.4367005276811769,-0.44766400961133573,0.45972363728986243,-0.7611859870023174,0.4713901542701834,-1.0,0.3660129299556241,-0.8790628800438164,0.43142537227730354,-0.9443534874955463,0.41662832487728174,-0.7130089458449524,0.3825071996678435,-0.47920856657410654,0.1792825876990215,-0.9131825329285422,0.2491881969617107,-0.9317698962600007,0.24056699960836161,-0.6001821265669216,0.21974354311997385,-0.3366106054493682,-0.005703785935765418,-0.8842936816657293,0.06336315036263358,-0.8534989060627387,0.07892672681603892,-0.5306714684083287,0.07628850497204055,-0.29983966383882166,-0.19096051519586335,-0.8071111075120951,-0.1295031051328184,-0.8447941542819619,-0.08401636930615225,-0.6450887664569095,-0.06714481638638511,-0.509539927973875,0.0,0.0,0.0,0.0,0.0,0.0,0.0,0.0,0.0,0.0,0.0,0.0,0.0,0.0,0.0,0.0,0.0,0.0,0.0,0.0,0.0,0.0,0.0,0.0,0.0,0.0,0.0,0.0,0.0,0.0,0.0,0.0,0.0,0.0,0.0,0.0,0.0,0.0,0.0,0.0,0.0,0.0,washroom
0.0,0.0,0.23951651739105173,-0.10885861988702651,0.42758026646116093,-0.4447681412913567,0.4486260072851395,-0.7564108550646477,0.4635017646092213,-1.0,0.364806801934957,-0.893620138324261,0.433184206239527,-0.9386915478764983,0.4104501366453782,-0.7111769039903587,0.36790168519200395,-0.4815698944585104,0.1850055802358064,-0.9346315743322698,0.25859768014751355,-0.9274515877562034,0.24543395556556785,-0.6114067077606804,0.22652460204952027,-0.3481197403470475,0.008021566693531169,-0.9095698816262849,0.08197724632561701,-0.8431381635018003,0.09406858895779874,-0.5295542191822522,0.09554892874086995,-0.29870854344617254,-0.16884856084809605,-0.8326068273855375,-0.09046897150069669,-0.8149785577077653,-0.0458652252750641,-0.6022002989195623,-0.025055633043978533,-0.4606783185649865,0.0,0.0,0.0,0.0,0.0,0.0,0.0,0.0,0.0,0.0,0.0,0.0,0.0,0.0,0.0,0.0,0.0,0.0,0.0,0.0,0.0,0.0,0.0,0.0,0.0,0.0,0.0,0.0,0.0,0.0,0.0,0.0,0.0,0.0,0.0,0.0,0.0,0.0,0.0,0.0,0.0,0.0,washroom
0.0,0.0,0.24849349825562955,-0.09170678181124245,0.4508297182667032,-0.41410117886113307,0.46765573680164707,-0.738109588930639,0.47078750665226016,-1.0,0.3994420164814785,-0.8253217274911706,0.4653524757158907,-0.8953266864487414,0.4392131249764819,-0.6585529251130212,0.3911900221473227,-0.43525435823832026,0.216264809678165,-0.865121393668661,0.2949190507291952,-0.9107669854375978,0.2684630456869164,-0.5990958301751896,0.2322082278378945,-0.35143588027544387,0.034225542528772704,-0.8514140420476598,0.10171675348202143,-0.8425584726948239,0.09571107285501566,-0.5385720218032867,0.07672777338773404,-0.32014707542453513,-0.15577913421170045,-0.7917724980782359,-0.08809272309933504,-0.8177895547420536,-0.05531270326350476,-0.6021904750385697,-0.049390175888446304,-0.4593570422573067,0.0,0.0,0.0,0.0,0.0,0.0,0.0,0.0,0.0,0.0,0.0,0.0,0.0,0.0,0.0,0.0,0.0,0.0,0.0,0.0,0.0,0.0,0.0,0.0,0.0,0.0,0.0,0.0,0.0,0.0,0.0,0.0,0.0,0.0,0.0,0.0,0.0,0.0,0.0,0.0,0.0,0.0,washroom
0.0,0.0,0.2516256321353233,-0.08764994358672379,0.4448106050365087,-0.4070057969504519,0.4788929941371077,-0.740008981283717,0.5170916400865949,-1.0,0.41014430061055585,-0.8374862428758044,0.4512776898186401,-0.9101937570186885,0.42634885758994306,-0.6553785162681909,0.3845895151095921,-0.4329107338209955,0.2217795141006814,-0.8810514036717756,0.26963930452420626,-0.9184018722217863,0.256821027809668,-0.6071374169379625,0.23549212752895343,-0.3743952305558834,0.03126700064029563,-0.8694218941540547,0.08280568841012155,-0.8623433633127089,0.09212756192436862,-0.5823070029614498,0.08350912338846295,-0.38704980655950233,-0.16115139793483227,-0.8101846570395922,-0.10206137606191151,-0.8250222388981904,-0.07437304111410122,-0.6249189739180092,-0.06921523230993737,-0.5002472820406637,0.0,0.0,0.0,0.0,0.0,0.0,0.0,0.0,0.0,0.0,0.0,0.0,0.0,0.0,0.0,0.0,0.0,0.0,0.0,0.0,0.0,0.0,0.0,0.0,0.0,0.0,0.0,0.0,0.0,0.0,0.0,0.0,0.0,0.0,0.0,0.0,0.0,0.0,0.0,0.0,0.0,0.0,washroom
0.0,0.0,0.2530768362775398,-0.09527203759382219,0.45238661464692154,-0.4093159910857033,0.49493847311507694,-0.7383209789718905,0.5242287736019257,-1.0,0.40893138655101086,-0.8247774542033586,0.4559333408996827,-0.9236124550857349,0.430497122272424,-0.6695592645246026,0.3859038255768412,-0.44286498724326623,0.22281723395698858,-0.8582762631593794,0.2758070462830965,-0.9362353563258508,0.26410079951820287,-0.6234680602745011,0.2403678295445823,-0.38734777368917916,0.035274058202720865,-0.843310964493047,0.09021329888676259,-0.8821558584865246,0.10111901058392317,-0.5984899228691597,0.08896485124579068,-0.3981183407651941,-0.1563598665086043,-0.7857396839059158,-0.09126083371110409,-0.8483746235139832,-0.061124403247931995,-0.6473509358108972,-0.05982576840541812,-0.5145959471046577,0.0,0.0,0.0,0.0,0.0,0.0,0.0,0.0,0.0,0.0,0.0,0.0,0.0,0.0,0.0,0.0,0.0,0.0,0.0,0.0,0.0,0.0,0.0,0.0,0.0,0.0,0.0,0.0,0.0,0.0,0.0,0.0,0.0,0.0,0.0,0.0,0.0,0.0,0.0,0.0,0.0,0.0,washroom
0.0,0.0,0.23209290319855228,-0.08953206721513428,0.4179853413406374,-0.4185582752530445,0.45688350043517506,-0.7391835233587439,0.48179719537279375,-1.0,0.40687735020938726,-0.8615428866426414,0.47869863086034203,-0.8933044541923107,0.42472713808872103,-0.6387904058962649,0.3582494096715096,-0.41870084866903523,0.22197220967672798,-0.9267054607171412,0.28254634257254624,-0.8805091889964385,0.242828463990428,-0.5642437676158929,0.20516749425513,-0.3259271775992625,0.028132002482454774,-0.9223279287965375,0.08607489484045755,-0.8017484035815436,0.07499377211984616,-0.49587810625229467,0.05885626301098903,-0.28571246638342496,-0.16706420525105034,-0.85980405007899,-0.10201423000726223,-0.766271540544587,-0.07806624476531919,-0.5387150500994907,-0.07273667031745726,-0.400827919788631,0.0,0.0,0.0,0.0,0.0,0.0,0.0,0.0,0.0,0.0,0.0,0.0,0.0,0.0,0.0,0.0,0.0,0.0,0.0,0.0,0.0,0.0,0.0,0.0,0.0,0.0,0.0,0.0,0.0,0.0,0.0,0.0,0.0,0.0,0.0,0.0,0.0,0.0,0.0,0.0,0.0,0.0,washroom
0.0,0.0,0.22922220803374657,-0.08563150443882117,0.39830120512279255,-0.4175882660727197,0.41850211972930706,-0.7393435137093974,0.43081250450628883,-1.0,0.3719113643030114,-0.8688805321662878,0.43794800473837175,-0.8603437027925526,0.4016612678068989,-0.6039388366666116,0.34521762949952034,-0.38573542778398884,0.18659278814260402,-0.9322196248624949,0.23975700642853773,-0.8236757591630769,0.22049484770119185,-0.5243255623920844,0.19766978899999335,-0.3069065735207718,-0.00025959119237343374,-0.9103826921445359,0.05423834380529705,-0.7273027099698943,0.0597628729288807,-0.4502869112470309,0.057682958221888646,-0.26870743276327513,-0.18098283860435205,-0.8291779921106284,-0.11511399861068763,-0.7013737050482307,-0.08212781963378096,-0.4935032707331996,-0.06775040560218931,-0.378974474353172,0.0,0.0,0.0,0.0,0.0,0.0,0.0,0.0,0.0,0.0,0.0,0.0,0.0,0.0,0.0,0.0,0.0,0.0,0.0,0.0,0.0,0.0,0.0,0.0,0.0,0.0,0.0,0.0,0.0,0.0,0.0,0.0,0.0,0.0,0.0,0.0,0.0,0.0,0.0,0.0,0.0,0.0,washroom
0.0,0.0,0.2266049810529655,-0.09305913290738423,0.39623567766249795,-0.41611612802379616,0.41670675024739756,-0.7354584239883134,0.4241706290507404,-1.0,0.37531233585845525,-0.8715905969379018,0.4483661702624081,-0.8796929396579765,0.41066878376933924,-0.631307489049568,0.3519158802239393,-0.41111616825104563,0.19548058345602645,-0.9372130216755914,0.25288731083135935,-0.8445032911636824,0.22753595454090939,-0.550654439881525,0.20347258857752998,-0.33010423455015014,0.011321959365880626,-0.9230843496460577,0.07590652106701055,-0.745221002761888,0.07011925655445563,-0.4672397900367447,0.06345245196579075,-0.2832633379192398,-0.16782722281413748,-0.8495219278736911,-0.09235257000403421,-0.7028559623105153,-0.07176253969567511,-0.492315445999515,-0.06470481244332268,-0.37856169193512607,0.0,0.0,0.0,0.0,0.0,0.0,0.0,0.0,0.0,0.0,0.0,0.0,0.0,0.0,0.0,0.0,0.0,0.0,0.0,0.0,0.0,0.0,0.0,0.0,0.0,0.0,0.0,0.0,0.0,0.0,0.0,0.0,0.0,0.0,0.0,0.0,0.0,0.0,0.0,0.0,0.0,0.0,washroom
0.0,0.0,0.2285927411301554,-0.10771206331036313,0.3963980435339171,-0.4387690187778387,0.440590371280858,-0.7464808140057021,0.4627424303555176,-1.0,0.34231722470273,-0.8467763749616307,0.41054395279603345,-0.8491336243815671,0.3815308583063352,-0.6201329957281053,0.3305577858530184,-0.4085630912056876,0.17125994753625481,-0.8980755697758428,0.23079892606150618,-0.8060951237133716,0.21644940814086128,-0.5349050116682909,0.20322034102774789,-0.3194162771651348,-0.004387304148978807,-0.8757003320201759,0.05734311477013936,-0.7087851975566961,0.062061500806258114,-0.46031561352690675,0.06493078780063777,-0.2874147330099365,-0.17832057037232638,-0.803795780113372,-0.10768351252414418,-0.678147120995015,-0.07553532724160533,-0.495044629034139,-0.05727957921770846,-0.39378155833676254,0.0,0.0,0.0,0.0,0.0,0.0,0.0,0.0,0.0,0.0,0.0,0.0,0.0,0.0,0.0,0.0,0.0,0.0,0.0,0.0,0.0,0.0,0.0,0.0,0.0,0.0,0.0,0.0,0.0,0.0,0.0,0.0,0.0,0.0,0.0,0.0,0.0,0.0,0.0,0.0,0.0,0.0,washroom
0.0,0.0,0.24082165400145644,-0.10383617564682894,0.4165110900897922,-0.42973597277228454,0.46857716047142595,-0.7441178613200474,0.5012120860218175,-1.0,0.36386532054957577,-0.8603601097087042,0.4301162113346844,-0.860757418012152,0.39718975611237856,-0.6145200862465467,0.34217935701108027,-0.3944857478414842,0.18910719340392948,-0.9155184913682217,0.23561403890771937,-0.7918736204759473,0.21650170845258632,-0.5040100450721808,0.199868119449478,-0.2841453288183196,0.01104963316185636,-0.8912458572276106,0.06367470396095949,-0.6819337355340666,0.06767816307005879,-0.42221130834054427,0.07447958122952135,-0.24681420836858167,-0.16344559309016882,-0.8172376427843516,-0.10105327022636627,-0.6649777031547839,-0.06984615459056412,-0.48958221607173913,-0.048327259462483264,-0.40307034910711814,0.0,0.0,0.0,0.0,0.0,0.0,0.0,0.0,0.0,0.0,0.0,0.0,0.0,0.0,0.0,0.0,0.0,0.0,0.0,0.0,0.0,0.0,0.0,0.0,0.0,0.0,0.0,0.0,0.0,0.0,0.0,0.0,0.0,0.0,0.0,0.0,0.0,0.0,0.0,0.0,0.0,0.0,washroom
0.0,0.0,0.24015236988886718,-0.11760947222032807,0.4160718637315599,-0.4369948091654485,0.4705799732729207,-0.7442184828701374,0.49867885966273023,-1.0,0.3662380046678662,-0.8846394275764885,0.4302058647981437,-0.877171711024798,0.4030888005713803,-0.6289021929625573,0.3519638209128121,-0.40981104949291086,0.19260462966912267,-0.9381348801967774,0.24271668073474204,-0.8104868604538388,0.2210564178269999,-0.5197248724568456,0.1985071087021664,-0.2950655421986568,0.014418984865431412,-0.9121769040327246,0.06698450465115836,-0.6965775591966228,0.06921887000256187,-0.4307577662160264,0.07341063122688922,-0.24993867007379422,-0.16049776807969549,-0.8339090513190892,-0.09909598466249252,-0.6731189642998703,-0.06602305787887836,-0.49618396098139833,-0.04202397178307218,-0.4091381182538779,0.0,0.0,0.0,0.0,0.0,0.0,0.0,0.0,0.0,0.0,0.0,0.0,0.0,0.0,0.0,0.0,0.0,0.0,0.0,0.0,0.0,0.0,0.0,0.0,0.0,0.0,0.0,0.0,0.0,0.0,0.0,0.0,0.0,0.0,0.0,0.0,0.0,0.0,0.0,0.0,0.0,0.0,washroom
0.0,0.0,0.24551519317921622,-0.10154761544742492,0.43752673144135934,-0.43185885582950634,0.4773434833606228,-0.748835427206235,0.48828474331335947,-1.0,0.36912097300286434,-0.8808493253956253,0.4569023011720792,-0.8790507584168938,0.41507394078688725,-0.6181394700802267,0.3510397180615979,-0.39012054529980256,0.18883994724995573,-0.9342341739066571,0.2578409527841741,-0.80065203115752,0.2278307246326722,-0.4944142088141393,0.19879983928733438,-0.2633449295586018,0.00790737636573364,-0.9025479653862937,0.07855412063818482,-0.6877214119385318,0.07405243790745197,-0.4162476940756646,0.07001896042234597,-0.23179588843430438,-0.16792961476482812,-0.8181838064708449,-0.08967156509078969,-0.6822768383671247,-0.060233362782921254,-0.5083439899079358,-0.044586154085428285,-0.41715494299452627,0.0,0.0,0.0,0.0,0.0,0.0,0.0,0.0,0.0,0.0,0.0,0.0,0.0,0.0,0.0,0.0,0.0,0.0,0.0,0.0,0.0,0.0,0.0,0.0,0.0,0.0,0.0,0.0,0.0,0.0,0.0,0.0,0.0,0.0,0.0,0.0,0.0,0.0,0.0,0.0,0.0,0.0,washroom
0.0,0.0,0.2503127842632681,-0.1002898022278116,0.44638383386618424,-0.42561958548614925,0.48378823259196874,-0.7479723069915235,0.47733949272079484,-1.0,0.38110810589747396,-0.8984868760046895,0.4681009623262612,-0.8981979825931392,0.4285859066832971,-0.6389810021599533,0.36780757991317775,-0.4120137798577124,0.1977106367579825,-0.9560824180681485,0.26823078535219524,-0.8213851075859444,0.2387790797106219,-0.5055207833886013,0.20971899125801377,-0.26473294434161354,0.014599169341937161,-0.927351155862815,0.08209227128881437,-0.7067610697263114,0.0827840732428795,-0.42128453191969256,0.08387217416664991,-0.225537902182178,-0.1647846367089615,-0.8414872970895573,-0.08891183573449016,-0.6862804821793524,-0.051946009704505275,-0.4946970571152464,-0.0263335019692396,-0.3909661460434684,0.0,0.0,0.0,0.0,0.0,0.0,0.0,0.0,0.0,0.0,0.0,0.0,0.0,0.0,0.0,0.0,0.0,0.0,0.0,0.0,0.0,0.0,0.0,0.0,0.0,0.0,0.0,0.0,0.0,0.0,0.0,0.0,0.0,0.0,0.0,0.0,0.0,0.0,0.0,0.0,0.0,0.0,washroom
0.0,0.0,0.24726829499221362,-0.09839945481498444,0.44535943182737714,-0.42488980976323754,0.487132912517732,-0.7493692995440461,0.47732712367013447,-1.0,0.3807216490305406,-0.8962830095930324,0.4717369680468956,-0.8979289134667414,0.4296316918515648,-0.6360667080986727,0.36752056416520473,-0.4095837294420276,0.19799962127696819,-0.9557191306324729,0.2682989831176502,-0.8194063626570283,0.23729392485320355,-0.5025175723633473,0.20961604200302647,-0.2631464507651802,0.015401724400827686,-0.9283288681080528,0.08287511332791304,-0.7029190297864564,0.08164357538762687,-0.4209264291977842,0.08259602527976237,-0.2278500697169651,-0.16319563521705838,-0.8447777782059207,-0.08920468713789427,-0.687974607941844,-0.05322847622879935,-0.5011199302445021,-0.02712259671887136,-0.3999755591531797,0.0,0.0,0.0,0.0,0.0,0.0,0.0,0.0,0.0,0.0,0.0,0.0,0.0,0.0,0.0,0.0,0.0,0.0,0.0,0.0,0.0,0.0,0.0,0.0,0.0,0.0,0.0,0.0,0.0,0.0,0.0,0.0,0.0,0.0,0.0,0.0,0.0,0.0,0.0,0.0,0.0,0.0,washroom
0.0,0.0,0.24504094771292043,-0.10960207954238653,0.4379448989312548,-0.42887845410585607,0.49363409031544336,-0.744724593431245,0.4956534897197205,-1.0,0.3823440562710034,-0.8987095598806798,0.46580094977621983,-0.8813690649961258,0.4256568809937201,-0.6248219306775304,0.36554654935126796,-0.4057988590393366,0.2054930956295368,-0.9535524418270297,0.27098803505852964,-0.8138174111738637,0.23927495878888716,-0.5045477642834095,0.21151974072667648,-0.2670858749596669,0.025279121605159126,-0.9255003501023967,0.09194728818804998,-0.70825166106576,0.08353262098287681,-0.42954079516046545,0.07934387628105649,-0.23586173479578823,-0.15082265831981578,-0.8418637410251963,-0.07845407841854686,-0.6880576670229882,-0.05293282094731782,-0.4995053020209359,-0.03635234458855835,-0.39478298041402077,0.0,0.0,0.0,0.0,0.0,0.0,0.0,0.0,0.0,0.0,0.0,0.0,0.0,0.0,0.0,0.0,0.0,0.0,0.0,0.0,0.0,0.0,0.0,0.0,0.0,0.0,0.0,0.0,0.0,0.0,0.0,0.0,0.0,0.0,0.0,0.0,0.0,0.0,0.0,0.0,0.0,0.0,washroom
0.0,0.0,0.24208214013267992,-0.10420712232619876,0.429967475713291,-0.42584609076179786,0.47108094327088085,-0.741568914077571,0.4927565231630701,-1.0,0.38233357430328396,-0.8665718762772406,0.4581260792058908,-0.8624104184223524,0.41255919406867775,-0.6203889867413274,0.35269440350617937,-0.40683688996992534,0.20657368688018468,-0.9272023122464657,0.26375053086612055,-0.809397029279846,0.2313400725039973,-0.5116889064623881,0.2097077606968691,-0.27512378000641696,0.03025184688156926,-0.9062858542651016,0.08981083193211303,-0.6949245870560528,0.08458817436638882,-0.42664967895080885,0.08756581741400635,-0.23930446220432922,-0.1408577198917366,-0.830909388641928,-0.071197700534261,-0.6682658550905235,-0.04632201307095567,-0.47914677998910976,-0.02660521267262302,-0.3784453044808429,0.0,0.0,0.0,0.0,0.0,0.0,0.0,0.0,0.0,0.0,0.0,0.0,0.0,0.0,0.0,0.0,0.0,0.0,0.0,0.0,0.0,0.0,0.0,0.0,0.0,0.0,0.0,0.0,0.0,0.0,0.0,0.0,0.0,0.0,0.0,0.0,0.0,0.0,0.0,0.0,0.0,0.0,washroom
0.0,0.0,0.2478871007988973,-0.10602770725318483,0.4369764951763819,-0.4291529523288959,0.4832337187210778,-0.7416658414959223,0.5015550177642758,-1.0,0.3746203884507782,-0.8573759042221016,0.453023227566248,-0.8509028688216166,0.41307360919121383,-0.6100208735191486,0.35684449426275283,-0.3999073168219968,0.20240329328944745,-0.9161040322463524,0.2691944617180187,-0.7910794421581714,0.2390107721089648,-0.49404147506201984,0.21431572220923953,-0.2625629935346222,0.030434145433373073,-0.8939139366717761,0.10013546002938928,-0.6859838477777822,0.09283395320159647,-0.41891476184252047,0.09054169488750612,-0.23645591145719871,-0.13657143536140498,-0.8194711249651778,-0.05914823895360428,-0.6667820585435539,-0.038884289937273823,-0.482210506998108,-0.025920263420907055,-0.3859372421341424,0.0,0.0,0.0,0.0,0.0,0.0,0.0,0.0,0.0,0.0,0.0,0.0,0.0,0.0,0.0,0.0,0.0,0.0,0.0,0.0,0.0,0.0,0.0,0.0,0.0,0.0,0.0,0.0,0.0,0.0,0.0,0.0,0.0,0.0,0.0,0.0,0.0,0.0,0.0,0.0,0.0,0.0,washroom
0.0,0.0,0.24601800420149583,-0.10653983435580042,0.43428503781692857,-0.42891385280473443,0.48237347453146445,-0.7411094156646632,0.5025490798862786,-1.0,0.3738831361321442,-0.8636625536018668,0.45381140834897316,-0.8626128462108016,0.41423261377140375,-0.6204231944539615,0.35687238389695003,-0.4055635291605087,0.20046478281028826,-0.922736256818632,0.2673683646401386,-0.8011152441136264,0.23668422044761742,-0.5009255928900388,0.21096852237620478,-0.26605909663307087,0.02615909745961213,-0.900342054765557,0.095943308868601,-0.6939387063669539,0.08844124718142767,-0.4241887031007828,0.0857321915687993,-0.23874084172294924,-0.14333118521483007,-0.8247945845017116,-0.06636059755199811,-0.6745168533094579,-0.04508729208821381,-0.4878617084501045,-0.031598938721031394,-0.3886260991332249,0.0,0.0,0.0,0.0,0.0,0.0,0.0,0.0,0.0,0.0,0.0,0.0,0.0,0.0,0.0,0.0,0.0,0.0,0.0,0.0,0.0,0.0,0.0,0.0,0.0,0.0,0.0,0.0,0.0,0.0,0.0,0.0,0.0,0.0,0.0,0.0,0.0,0.0,0.0,0.0,0.0,0.0,washroom
0.0,0.0,0.2526546903906534,-0.10459582177242029,0.44404762973732137,-0.4249888234303348,0.4979269946197368,-0.7419459992778425,0.5237785431086346,-1.0,0.38922271209564696,-0.871375709878836,0.461079279769062,-0.8703528802897554,0.42055669792840955,-0.6262438100306957,0.3633613679522647,-0.40580185731051055,0.21253060121645703,-0.9305322115132136,0.2735318150613085,-0.8121149933648046,0.2381073271767645,-0.5080633201989933,0.21012984956323624,-0.26556699561018626,0.03577876405506355,-0.9074136506254662,0.1020059595673477,-0.6979109950507456,0.08827585324912336,-0.42354750171355926,0.08237995765556247,-0.232695772277155,-0.13669971883750615,-0.8298372370376961,-0.06575659594476231,-0.6751137860503894,-0.04489185189296942,-0.4860500356589033,-0.028931601570461096,-0.3854421336676917,0.0,0.0,0.0,0.0,0.0,0.0,0.0,0.0,0.0,0.0,0.0,0.0,0.0,0.0,0.0,0.0,0.0,0.0,0.0,0.0,0.0,0.0,0.0,0.0,0.0,0.0,0.0,0.0,0.0,0.0,0.0,0.0,0.0,0.0,0.0,0.0,0.0,0.0,0.0,0.0,0.0,0.0,washroom
0.0,0.0,0.25286751928492546,-0.11763238038295473,0.4429562074185706,-0.44120524129533545,0.5114714422025562,-0.7509123397586842,0.5576310426213575,-1.0,0.38142299612185643,-0.8689509628470843,0.4481838521254711,-0.8554835257389426,0.406636116559987,-0.6008548023593746,0.3561230576861912,-0.394558859462684,0.2068700883332173,-0.9190558679274388,0.27452847316354684,-0.8080768038964354,0.24215218539737662,-0.5117860891904767,0.220526859659253,-0.27911412881006104,0.03317157338509652,-0.8927582050515516,0.10722596021933829,-0.6967734009312458,0.09562988777818275,-0.42062063947734474,0.0922359320034891,-0.22594820678518143,-0.13567700974791383,-0.8174905503523909,-0.06026479489248082,-0.666058394658782,-0.040062274167414036,-0.47473255006026754,-0.025012592704831093,-0.36710280424862163,0.0,0.0,0.0,0.0,0.0,0.0,0.0,0.0,0.0,0.0,0.0,0.0,0.0,0.0,0.0,0.0,0.0,0.0,0.0,0.0,0.0,0.0,0.0,0.0,0.0,0.0,0.0,0.0,0.0,0.0,0.0,0.0,0.0,0.0,0.0,0.0,0.0,0.0,0.0,0.0,0.0,0.0,washroom
0.0,0.0,0.25374171623125996,-0.12535621665639884,0.46412211294168243,-0.43706462200676927,0.5162478222676928,-0.7452323498484086,0.5269007031937678,-1.0,0.4027966919733362,-0.839570051175399,0.4621591963123284,-0.8856276106955895,0.42687102284009537,-0.6450190765905869,0.37807753969934493,-0.4389760248033115,0.23592616630162727,-0.8912788578544668,0.3053057151303015,-0.8770388770703245,0.2669517198581932,-0.5728691617531355,0.23214169658412373,-0.32246251694790123,0.06806774308613982,-0.888019709432033,0.1296636116767483,-0.8009316815762274,0.11677392226023531,-0.5097263806830314,0.10782294456063343,-0.2913835028148416,-0.10717857240194327,-0.8403023262988,-0.03810061909444073,-0.7789448589344603,-0.009636231475610746,-0.5791826012628676,0.01028824085951429,-0.4494815522076223,0.0,0.0,0.0,0.0,0.0,0.0,0.0,0.0,0.0,0.0,0.0,0.0,0.0,0.0,0.0,0.0,0.0,0.0,0.0,0.0,0.0,0.0,0.0,0.0,0.0,0.0,0.0,0.0,0.0,0.0,0.0,0.0,0.0,0.0,0.0,0.0,0.0,0.0,0.0,0.0,0.0,0.0,washroom
0.0,0.0,0.2530981767867857,-0.11201526895149934,0.46992341035154095,-0.42372748533715365,0.5176665870771039,-0.7419660458680772,0.5374112270261666,-1.0,0.4053805605554127,-0.811953127869816,0.46566184843698344,-0.8811709461362328,0.4336665380989115,-0.6443708751178537,0.38436417122776084,-0.4365251809131984,0.23724516034235757,-0.8637071593872828,0.30843863644712194,-0.8929104066414429,0.27351764439383364,-0.5881230944421996,0.23611789663152483,-0.3399949797352729,0.06852661352532785,-0.8673670548188419,0.1283952601354247,-0.8301766888292987,0.1187164040211096,-0.5302933181500936,0.1063670119629235,-0.3059937063022689,-0.11205062508418127,-0.8273797279261409,-0.043296416020766754,-0.8055437191590444,-0.013175286828539592,-0.6015305685143689,0.0016080152811960475,-0.4654608847910468,0.0,0.0,0.0,0.0,0.0,0.0,0.0,0.0,0.0,0.0,0.0,0.0,0.0,0.0,0.0,0.0,0.0,0.0,0.0,0.0,0.0,0.0,0.0,0.0,0.0,0.0,0.0,0.0,0.0,0.0,0.0,0.0,0.0,0.0,0.0,0.0,0.0,0.0,0.0,0.0,0.0,0.0,washroom
0.0,0.0,0.2402433838103782,-0.0958288438968459,0.44862777274359794,-0.40624989668660805,0.48072179619536226,-0.732394721775157,0.4829928875304117,-1.0,0.4018411573504285,-0.8570951129384432,0.46741112418495123,-0.8826104401375909,0.42061594317237483,-0.63631912792978,0.35407881271498576,-0.416903122844507,0.21963179858471923,-0.9156115176023479,0.27753388303571563,-0.8467926263541568,0.24301759258006975,-0.5296552263051675,0.2093443394029012,-0.2837074405177842,0.03972553952131712,-0.8983333107922297,0.09613209687865823,-0.7633442582549279,0.09460245758139968,-0.4673185553857459,0.09161771490312585,-0.26061663443288835,-0.1404474559358991,-0.8279022798072285,-0.06547709748726803,-0.7375806783670023,-0.038277649293486676,-0.5390200029754257,-0.02597486516663135,-0.4292508389047428,0.0,0.0,0.0,0.0,0.0,0.0,0.0,0.0,0.0,0.0,0.0,0.0,0.0,0.0,0.0,0.0,0.0,0.0,0.0,0.0,0.0,0.0,0.0,0.0,0.0,0.0,0.0,0.0,0.0,0.0,0.0,0.0,0.0,0.0,0.0,0.0,0.0,0.0,0.0,0.0,0.0,0.0,washroom
0.0,0.0,0.2404615426775624,-0.09829366608067973,0.46277192718306387,-0.41410104447631446,0.49125319203288753,-0.7428513740349091,0.4631244013215733,-1.0,0.4031803309981003,-0.841751396430719,0.49843497072637705,-0.9385746878209948,0.4436613085767762,-0.6771655031450206,0.37230151752873736,-0.45653716680720485,0.21781704796766688,-0.8881847455870647,0.2941933744311669,-0.9323867035037315,0.24609230916549307,-0.5963371038721442,0.2051193167482544,-0.3494480267590554,0.03606575863364771,-0.8771711099722462,0.0909436825704216,-0.8542067426192261,0.08193007782465184,-0.5452488281573603,0.07122875508591203,-0.3328543380935716,-0.14802323116413169,-0.8179214357509573,-0.0938518304558445,-0.8347734164571718,-0.06588116487190447,-0.6442471275247653,-0.052412809899262953,-0.5272928064721686,0.0,0.0,0.0,0.0,0.0,0.0,0.0,0.0,0.0,0.0,0.0,0.0,0.0,0.0,0.0,0.0,0.0,0.0,0.0,0.0,0.0,0.0,0.0,0.0,0.0,0.0,0.0,0.0,0.0,0.0,0.0,0.0,0.0,0.0,0.0,0.0,0.0,0.0,0.0,0.0,0.0,0.0,washroom
0.0,0.0,0.2419028563645132,-0.09156546004071581,0.4686239518871247,-0.41124157429529634,0.48466622981236124,-0.7453998382657375,0.4602594497353718,-1.0,0.40271509245726866,-0.815367700023438,0.4923979988146032,-0.9258249613150787,0.4373043512406785,-0.6691871687546094,0.3680681590885943,-0.44663536286517524,0.21972237663467567,-0.8633146074999049,0.29444701116800853,-0.9227893760959706,0.24774516913992467,-0.5818113991977097,0.20615933892654098,-0.3261098983086621,0.0440949814520988,-0.8574772031998351,0.096990859191795,-0.8565850878064882,0.09088302857837056,-0.5472661633025204,0.08037382948202086,-0.3292252462520723,-0.13662771791483058,-0.8074233326829604,-0.08345098335167876,-0.8331225756733508,-0.050485662957086425,-0.6451110972037644,-0.033748682381150474,-0.5276359432923844,0.0,0.0,0.0,0.0,0.0,0.0,0.0,0.0,0.0,0.0,0.0,0.0,0.0,0.0,0.0,0.0,0.0,0.0,0.0,0.0,0.0,0.0,0.0,0.0,0.0,0.0,0.0,0.0,0.0,0.0,0.0,0.0,0.0,0.0,0.0,0.0,0.0,0.0,0.0,0.0,0.0,0.0,washroom
0.0,0.0,0.23989968628574532,-0.11456015126505649,0.44915755437238286,-0.4218142297497556,0.4760550164065776,-0.7441856113532228,0.4571844613436982,-1.0,0.38020514280332995,-0.8434302983490968,0.46358926899087816,-0.9320396211870466,0.4167253839218914,-0.6840176283668608,0.34955105456394886,-0.4578930561694836,0.20053954434591942,-0.8771084913893459,0.2721004131015809,-0.9263871203841259,0.2393929336224564,-0.6049448875803572,0.20311257179123876,-0.3452096075642344,0.03060562158030143,-0.8535061486705565,0.09052805038569338,-0.852140186437127,0.09525354964596333,-0.559611076533456,0.08885533714543034,-0.3362742574861816,-0.13808089821602818,-0.7813374527948544,-0.08173856041138991,-0.8373866900124632,-0.047562050360539794,-0.6505425044931353,-0.031142435842260043,-0.5095894966001252,0.0,0.0,0.0,0.0,0.0,0.0,0.0,0.0,0.0,0.0,0.0,0.0,0.0,0.0,0.0,0.0,0.0,0.0,0.0,0.0,0.0,0.0,0.0,0.0,0.0,0.0,0.0,0.0,0.0,0.0,0.0,0.0,0.0,0.0,0.0,0.0,0.0,0.0,0.0,0.0,0.0,0.0,washroom
0.0,0.0,0.24805195409357134,-0.13193213589568242,0.43576821626449697,-0.43981751558824395,0.4579321327943158,-0.7535170272780701,0.4562099439117847,-1.0,0.3770909801403989,-0.8693862550532893,0.44261603375527425,-0.9294777143548305,0.39786796551900594,-0.6831708992567574,0.34150807053127963,-0.4680514268612464,0.20231346442810025,-0.9113554988005464,0.2574728203983085,-0.9066473141389754,0.2280895426569718,-0.5977099508898596,0.20259444824361855,-0.35414381347140617,0.03389948780930317,-0.8888460900295715,0.08558763919321048,-0.8056758110461375,0.08343746171750582,-0.523933711389924,0.08095078596383497,-0.3224602521100923,-0.1320535543987458,-0.8173800585227881,-0.07520364348550189,-0.7926947309331857,-0.05406596916931446,-0.6209342246660992,-0.04455686898431794,-0.5142527954943346,0.0,0.0,0.0,0.0,0.0,0.0,0.0,0.0,0.0,0.0,0.0,0.0,0.0,0.0,0.0,0.0,0.0,0.0,0.0,0.0,0.0,0.0,0.0,0.0,0.0,0.0,0.0,0.0,0.0,0.0,0.0,0.0,0.0,0.0,0.0,0.0,0.0,0.0,0.0,0.0,0.0,0.0,washroom
0.0,0.0,0.24226539821139792,-0.11950273100207658,0.4297547416763404,-0.4295882453600714,0.44686054237716655,-0.7492229401091167,0.4482085458859223,-1.0,0.3726862793160701,-0.8583353759964727,0.4439659730861788,-0.9140811176219393,0.39703651973366755,-0.669667300277648,0.3388512987483485,-0.45374501089163405,0.19720609931505265,-0.9065533258409991,0.25769390268906966,-0.880474761162576,0.226506367713281,-0.5617360632562671,0.20168870430408395,-0.31771474556125445,0.029839068977265546,-0.8878801473184073,0.08875564044812176,-0.7796732663956477,0.08097502092766197,-0.49128499698610834,0.07619071844702102,-0.2930735990799537,-0.13497100959974595,-0.8192691736695326,-0.07282718453187556,-0.7622574433873984,-0.055185820680384114,-0.5803423349258398,-0.04684990511251605,-0.47731842266323193,0.0,0.0,0.0,0.0,0.0,0.0,0.0,0.0,0.0,0.0,0.0,0.0,0.0,0.0,0.0,0.0,0.0,0.0,0.0,0.0,0.0,0.0,0.0,0.0,0.0,0.0,0.0,0.0,0.0,0.0,0.0,0.0,0.0,0.0,0.0,0.0,0.0,0.0,0.0,0.0,0.0,0.0,washroom
0.0,0.0,0.24805355045154706,-0.14280973098532407,0.4523294273671006,-0.4353356172029065,0.4839108121468551,-0.7521195337291569,0.466776308795467,-1.0,0.36207499694361905,-0.7997246599444005,0.4213770922920731,-0.9553180363682753,0.3973012820853554,-0.7282096650738049,0.35255071599045346,-0.5080173522704924,0.1965357583279736,-0.8162975533006256,0.24379056349033387,-0.9418726180161696,0.22686535578931702,-0.6562451828778882,0.20612930617495256,-0.40805475971530475,0.03772487654878781,-0.7943889497212049,0.07906508629625102,-0.8603187406647496,0.08500758779786426,-0.6066540734913438,0.08019843885377742,-0.3907373718313303,-0.12732999213314128,-0.7370751630512781,-0.08743541734217114,-0.8455222026141359,-0.05520887041476418,-0.691587909488601,-0.03900108169307557,-0.5484612450898576,0.0,0.0,0.0,0.0,0.0,0.0,0.0,0.0,0.0,0.0,0.0,0.0,0.0,0.0,0.0,0.0,0.0,0.0,0.0,0.0,0.0,0.0,0.0,0.0,0.0,0.0,0.0,0.0,0.0,0.0,0.0,0.0,0.0,0.0,0.0,0.0,0.0,0.0,0.0,0.0,0.0,0.0,washroom
0.0,0.0,0.24278325112109944,-0.12040071609654956,0.44389898776007386,-0.43258729021740516,0.4623738924799861,-0.7561816093135316,0.4511741065778179,-1.0,0.3539011639155486,-0.8292880177982618,0.4075766767174471,-0.9844016900209649,0.37810753104987604,-0.7392458776338465,0.3303926494917073,-0.5048270301271655,0.18520652267253965,-0.8468738371276955,0.23747236265303356,-0.9424077522176266,0.2190153913855282,-0.6483736255474445,0.19302292136629456,-0.40429382030473765,0.02737144904709566,-0.8238500432299666,0.07924171845238444,-0.8616151350061336,0.08410754691408394,-0.5962548743640953,0.07390565417613203,-0.3880499060390556,-0.13018910480688947,-0.7632066944198338,-0.07265720998934684,-0.809129782670698,-0.04515263954553873,-0.6324549275436792,-0.03622885016566026,-0.5049515296717592,0.0,0.0,0.0,0.0,0.0,0.0,0.0,0.0,0.0,0.0,0.0,0.0,0.0,0.0,0.0,0.0,0.0,0.0,0.0,0.0,0.0,0.0,0.0,0.0,0.0,0.0,0.0,0.0,0.0,0.0,0.0,0.0,0.0,0.0,0.0,0.0,0.0,0.0,0.0,0.0,0.0,0.0,washroom
0.0,0.0,0.24857816273128344,-0.11977698635345718,0.4501901923809566,-0.41292969219194325,0.4749148334582369,-0.7339771577550372,0.4626871803261051,-0.9853136995255138,0.3388416171289572,-0.7987011503654626,0.38650743120908854,-1.0,0.3666864522746817,-0.756566279576168,0.3300237574675011,-0.5192848884379097,0.17492909236010248,-0.8028078614815847,0.21663951211711902,-0.9714468253494536,0.21173824488024365,-0.6798065947605352,0.19658991177166302,-0.42880497138271556,0.01659633011973793,-0.774307743210073,0.059438435072624606,-0.8895543043092833,0.0833499134517817,-0.6190540931891084,0.08438653930188121,-0.3931765075196364,-0.1491243486776803,-0.7128212950619985,-0.10145263944432285,-0.8337574159185349,-0.06129301343284352,-0.6722950642092721,-0.044529961010930354,-0.5318345643150163,0.0,0.0,0.0,0.0,0.0,0.0,0.0,0.0,0.0,0.0,0.0,0.0,0.0,0.0,0.0,0.0,0.0,0.0,0.0,0.0,0.0,0.0,0.0,0.0,0.0,0.0,0.0,0.0,0.0,0.0,0.0,0.0,0.0,0.0,0.0,0.0,0.0,0.0,0.0,0.0,0.0,0.0,washroom
0.0,0.0,0.2512320188253622,-0.12855501762832183,0.4638901684775005,-0.4289266483442305,0.49859963458767564,-0.7193324883957449,0.47355199434453654,-0.9439088809268021,0.3490737051222364,-0.8883516434963398,0.4268330550057643,-1.0,0.4002005431274091,-0.7470043307824291,0.358483113385006,-0.5324064111616855,0.1790929494076573,-0.8974489048676096,0.2531738343175029,-0.9520349277234714,0.23561567394682129,-0.6555902930907942,0.21541346985430146,-0.4116857486738871,0.013435203132760205,-0.8605353871480574,0.0836365481053952,-0.8560884189821312,0.09975138706950934,-0.5848491344571712,0.10163735976913403,-0.37226523730936745,-0.15073197014190207,-0.7820146934046593,-0.0817622348899222,-0.8095257576414623,-0.0396823383770489,-0.6263466704195205,-0.017786645349584063,-0.4884337917215208,0.0,0.0,0.0,0.0,0.0,0.0,0.0,0.0,0.0,0.0,0.0,0.0,0.0,0.0,0.0,0.0,0.0,0.0,0.0,0.0,0.0,0.0,0.0,0.0,0.0,0.0,0.0,0.0,0.0,0.0,0.0,0.0,0.0,0.0,0.0,0.0,0.0,0.0,0.0,0.0,0.0,0.0,washroom
0.0,0.0,0.2502723981804941,-0.12410929699950396,0.4587043936211755,-0.4425658832096759,0.4836563202499182,-0.7451260672710578,0.4650777300503425,-0.9655480153243765,0.34524026131650326,-0.8722597122985509,0.4196616394549926,-1.0,0.3949672298973098,-0.7453949826387056,0.3503460649491826,-0.5139977414486391,0.1746822724826123,-0.8755816825152242,0.23875779675148548,-0.945779991767897,0.2249721902671212,-0.6515173454633724,0.20552289685596986,-0.4044318265770282,0.012739918312207787,-0.8386887737332588,0.0710120209813089,-0.855826323732731,0.09149708182499393,-0.5854667496912961,0.09556817342297179,-0.3679007081719454,-0.14839632299395258,-0.7675608700699729,-0.08457641608004138,-0.8133022342772108,-0.04314825173349094,-0.633975789173729,-0.021600616352334012,-0.496083840803791,0.0,0.0,0.0,0.0,0.0,0.0,0.0,0.0,0.0,0.0,0.0,0.0,0.0,0.0,0.0,0.0,0.0,0.0,0.0,0.0,0.0,0.0,0.0,0.0,0.0,0.0,0.0,0.0,0.0,0.0,0.0,0.0,0.0,0.0,0.0,0.0,0.0,0.0,0.0,0.0,0.0,0.0,washroom
0.0,0.0,0.24321704216854936,-0.11051821340156857,0.4550410867710999,-0.42525702635794377,0.48425180469741413,-0.7534931036634838,0.4527381472466663,-1.0,0.3577858911148557,-0.8194911481412137,0.4301647631529676,-0.9686866795647923,0.4124724874659344,-0.7211308743680959,0.37226070856477145,-0.49070710853148597,0.19096569514656014,-0.8279760344504774,0.2604208533566332,-0.9147113524308806,0.25168695000936153,-0.6294597349643222,0.23382970313507667,-0.38588196134723,0.02784018806299278,-0.8014138009944038,0.09882460629511744,-0.8288605962262581,0.11377519815265556,-0.5581081362208492,0.11121783269882876,-0.3380245064386611,-0.13625101416713475,-0.7409195115355011,-0.062313549272920175,-0.7890199504878403,-0.023673885456323204,-0.6065938546672491,-0.006486925045247457,-0.4598685223324804,0.0,0.0,0.0,0.0,0.0,0.0,0.0,0.0,0.0,0.0,0.0,0.0,0.0,0.0,0.0,0.0,0.0,0.0,0.0,0.0,0.0,0.0,0.0,0.0,0.0,0.0,0.0,0.0,0.0,0.0,0.0,0.0,0.0,0.0,0.0,0.0,0.0,0.0,0.0,0.0,0.0,0.0,washroom
