0,1,2,3,4,5,6,7,8,9,10,11,12,13,14,15,16,17,18,19,20,21,22,23,24,25,26,27,28,29,30,31,32,33,34,35,36,37,38,39,40,41,42,43,44,45,46,47,48,49,50,51,52,53,54,55,56,57,58,59,60,61,62,63,64,65,66,67,68,69,70,71,72,73,74,75,76,77,78,79,80,81,82,83,84
0.0,0.0,-0.15886307061361438,-0.10399756817476445,-0.23411315012050563,-0.2520430716609341,-0.2615131725995624,-0.33558565606276763,-0.2475779135603633,-0.35121706211499826,-0.1658612735662896,-0.4700045085835512,-0.18219435188153538,-0.6752868314875388,-0.21063395091135972,-0.8142058059827498,-0.2268237412047497,-0.9290305204284814,-0.10808866072078585,-0.45763990977724023,-0.15702962254342864,-0.6991467218255037,-0.20507317827041538,-0.8669258995773682,-0.2347479280312561,-1.0,-0.05884898927263647,-0.3923133440023705,-0.1360884972367364,-0.583291770493939,-0.20150382974158026,-0.7175195191014508,-0.23402502200009961,-0.8358291259606284,-0.03771819692420088,-0.2778513597913535,-0.1705464326630913,-0.3091125753718943,-0.22853138319000807,-0.25602384440405596,-0.23638340713531242,-0.20533852054598564,0.0,0.0,0.0,0.0,0.0,0.0,0.0,0.0,0.0,0.0,0.0,0.0,0.0,0.0,0.0,0.0,0.0,0.0,0.0,0.0,0.0,0.0,0.0,0.0,0.0,0.0,0.0,0.0,0.0,0.0,0.0,0.0,0.0,0.0,0.0,0.0,0.0,0.0,0.0,0.0,0.0,0.0,water
0.0,0.0,-0.21306180393441393,-0.09855779305004492,-0.3106082617887841,-0.25292410453216696,-0.3538256351158726,-0.3431227540862413,-0.3662906153880415,-0.34468302466640843,-0.2447806424043247,-0.49777769283010254,-0.2990494939641657,-0.6780052524550414,-0.3489327366967118,-0.8115518239366689,-0.38367427063312304,-0.920152828661143,-0.19171916812923767,-0.4939217308096626,-0.2852938448219901,-0.7129894717682733,-0.34919322017017085,-0.8706592151968742,-0.38763325119321773,-1.0,-0.1524593725565975,-0.4364417694499441,-0.27439895476951287,-0.6124119892888775,-0.3379024758993606,-0.7205358647428823,-0.35762864122316235,-0.8296671300016816,-0.1411876538373661,-0.3243355041166208,-0.28324022503106777,-0.33478395127214305,-0.31467236509700314,-0.27368422529269104,-0.2841264474981575,-0.2280567441897982,0.0,0.0,0.0,0.0,0.0,0.0,0.0,0.0,0.0,0.0,0.0,0.0,0.0,0.0,0.0,0.0,0.0,0.0,0.0,0.0,0.0,0.0,0.0,0.0,0.0,0.0,0.0,0.0,0.0,0.0,0.0,0.0,0.0,0.0,0.0,0.0,0.0,0.0,0.0,0.0,0.0,0.0,water
0.0,0.0,-0.22416526567486073,-0.10291294491317558,-0.32369502388875626,-0.2687717805423538,-0.3639037727141383,-0.36510722362914305,-0.37420068133670853,-0.35672512836720077,-0.2568639032346185,-0.5107620026269829,-0.3129913149568887,-0.6978270083478365,-0.36060470830104013,-0.832390918595635,-0.39261449374975,-0.9437489159614774,-0.1992770864344832,-0.502109065889274,-0.28934344618335034,-0.7208878147702592,-0.3494733030122415,-0.8739101993698183,-0.3829238395563796,-1.0,-0.1562005568572488,-0.4349170624210681,-0.2655786312891498,-0.6215476455894003,-0.33461997981423863,-0.7403688502169512,-0.3587541973702548,-0.8606574416744676,-0.1430851929171546,-0.3151158062547162,-0.2859882404577257,-0.33572433144754726,-0.32818516301697315,-0.273676343001537,-0.30464410622940774,-0.2271891838470144,0.0,0.0,0.0,0.0,0.0,0.0,0.0,0.0,0.0,0.0,0.0,0.0,0.0,0.0,0.0,0.0,0.0,0.0,0.0,0.0,0.0,0.0,0.0,0.0,0.0,0.0,0.0,0.0,0.0,0.0,0.0,0.0,0.0,0.0,0.0,0.0,0.0,0.0,0.0,0.0,0.0,0.0,water
0.0,0.0,-0.22226976869473647,-0.11099344746706806,-0.3149848350803424,-0.26701747453118624,-0.3601969978010219,-0.3565752331349702,-0.37317191213411877,-0.3558268849586272,-0.24510326834822074,-0.5223076208670182,-0.3005906492924086,-0.7134930968812104,-0.3483457157668173,-0.8521739468271332,-0.38357015916782944,-0.9660960349942038,-0.19302702304690375,-0.5071752622178709,-0.27662426705355064,-0.7303963303743517,-0.33568531117408706,-0.8789664765917801,-0.3765541868831678,-1.0,-0.15423742673310592,-0.4336619405102976,-0.25109366137069267,-0.6180878621810918,-0.3237686296144592,-0.7307594966216103,-0.3686697052007701,-0.8311769065487958,-0.14262165699271706,-0.31133892716657435,-0.2513621046843821,-0.3498341793645349,-0.30871351085743126,-0.34224505932948746,-0.32996132640227865,-0.33344193169662467,0.0,0.0,0.0,0.0,0.0,0.0,0.0,0.0,0.0,0.0,0.0,0.0,0.0,0.0,0.0,0.0,0.0,0.0,0.0,0.0,0.0,0.0,0.0,0.0,0.0,0.0,0.0,0.0,0.0,0.0,0.0,0.0,0.0,0.0,0.0,0.0,0.0,0.0,0.0,0.0,0.0,0.0,water
0.0,0.0,-0.2040068624704316,-0.11164583760552926,-0.28529950018918004,-0.25738524280032693,-0.33321548691480546,-0.3454209400660253,-0.3538849424228333,-0.3579999696734261,-0.21733069829102536,-0.5021280951156887,-0.27515733715351887,-0.6859872816125651,-0.31941879121164773,-0.8192523560859657,-0.3581512415121696,-0.9341837530434883,-0.1757959281520141,-0.4967341168179626,-0.2575810116656221,-0.7196039277245538,-0.3132475139430034,-0.8684292423266547,-0.3581812973130655,-1.0,-0.1474255988054218,-0.44672902628591893,-0.23766692251704788,-0.6467293512134962,-0.3021499735725571,-0.7814403534056742,-0.3457356685276593,-0.9001975920700341,-0.14798555733022173,-0.35238648474573336,-0.22981134704864672,-0.49787154385366994,-0.2799294401714462,-0.5937076691572967,-0.31007983109542475,-0.6825174161181408,0.0,0.0,0.0,0.0,0.0,0.0,0.0,0.0,0.0,0.0,0.0,0.0,0.0,0.0,0.0,0.0,0.0,0.0,0.0,0.0,0.0,0.0,0.0,0.0,0.0,0.0,0.0,0.0,0.0,0.0,0.0,0.0,0.0,0.0,0.0,0.0,0.0,0.0,0.0,0.0,0.0,0.0,water
0.0,0.0,-0.22079905425945137,-0.11603638948327602,-0.31460209673797457,-0.2760549108543029,-0.3625592711710591,-0.36143026555340485,-0.38927894706562466,-0.360408064034207,-0.24171818193628128,-0.5262279687549296,-0.30297808056981984,-0.7143859831451812,-0.35310966024976015,-0.8500017630563603,-0.3921210867108235,-0.9614601447190895,-0.19462471953485005,-0.514125793143381,-0.28513632137362505,-0.73303095370214,-0.3459661270476972,-0.8788605830705761,-0.3904896100304916,-1.0,-0.16161956213103407,-0.44367406098690326,-0.269533550962536,-0.6246675710836487,-0.33594593541275003,-0.7345739063946982,-0.37456503543743286,-0.8331688432680012,-0.15871070472146492,-0.32216217520326185,-0.2691430803749557,-0.37362207866200725,-0.3163459450631638,-0.37841870547122786,-0.3274125570441525,-0.3825576194656269,0.0,0.0,0.0,0.0,0.0,0.0,0.0,0.0,0.0,0.0,0.0,0.0,0.0,0.0,0.0,0.0,0.0,0.0,0.0,0.0,0.0,0.0,0.0,0.0,0.0,0.0,0.0,0.0,0.0,0.0,0.0,0.0,0.0,0.0,0.0,0.0,0.0,0.0,0.0,0.0,0.0,0.0,water
0.0,0.0,-0.2250163688697115,-0.1224270167881746,-0.32412893644604646,-0.2840740571752442,-0.3644577692787359,-0.37550909061856325,-0.3859458934977132,-0.3720347125922957,-0.24714057360061806,-0.5276992463485533,-0.3063277304728192,-0.7242712267324771,-0.35161737523995,-0.8583544574054192,-0.38458613664064395,-0.9697465169105199,-0.1949915975381528,-0.5145144370446821,-0.28384553793563766,-0.7352436155632576,-0.3435984098757275,-0.8807897717329594,-0.38504298260154235,-1.0,-0.15516071332656053,-0.44130588253187,-0.2629583596361481,-0.6173912189701387,-0.3346809615365734,-0.7326937104844127,-0.3751952857655231,-0.8379301893937425,-0.1432265029952962,-0.3141038339829864,-0.2708859750600224,-0.34521190587163536,-0.32655794002322924,-0.31157298821730156,-0.3353090525384406,-0.27836300136822767,0.0,0.0,0.0,0.0,0.0,0.0,0.0,0.0,0.0,0.0,0.0,0.0,0.0,0.0,0.0,0.0,0.0,0.0,0.0,0.0,0.0,0.0,0.0,0.0,0.0,0.0,0.0,0.0,0.0,0.0,0.0,0.0,0.0,0.0,0.0,0.0,0.0,0.0,0.0,0.0,0.0,0.0,water
0.0,0.0,-0.22267833141764876,-0.11916751907330828,-0.312742887230251,-0.2737598578273315,-0.3538170461214443,-0.3584325969383435,-0.3687922817214494,-0.359876513772004,-0.23986070815770189,-0.5361470700731789,-0.29063663340415363,-0.7319052480673646,-0.3379211140232977,-0.8626110602316535,-0.3744264381989775,-0.9688210899839705,-0.19023497225744854,-0.5190620185443457,-0.27144468570282915,-0.7439988788135667,-0.3289248581241733,-0.8844013964221306,-0.37228353169833467,-1.0,-0.149630894136448,-0.44438360537351956,-0.25727140984327723,-0.6106526336688782,-0.3289803334945688,-0.7165214412306579,-0.37375937120127534,-0.8148376177513399,-0.13603164237267185,-0.31582809642592624,-0.25733515785662636,-0.3387349474395197,-0.3124379673434986,-0.3141515723374499,-0.32389479923268805,-0.2917278436723527,0.0,0.0,0.0,0.0,0.0,0.0,0.0,0.0,0.0,0.0,0.0,0.0,0.0,0.0,0.0,0.0,0.0,0.0,0.0,0.0,0.0,0.0,0.0,0.0,0.0,0.0,0.0,0.0,0.0,0.0,0.0,0.0,0.0,0.0,0.0,0.0,0.0,0.0,0.0,0.0,0.0,0.0,water
0.0,0.0,-0.21436805395784364,-0.11303951185804269,-0.31402453004242387,-0.2672690549548159,-0.3604308946459247,-0.3568880289444329,-0.3895625476435193,-0.36995259025562255,-0.2468806823062557,-0.5129605390017583,-0.2991434328483431,-0.715989660642984,-0.344584762764058,-0.849299606477296,-0.3789293451239968,-0.9602136191734241,-0.19818222265740057,-0.5046759980384936,-0.27718651590540155,-0.7351307667555512,-0.33503263136796246,-0.8811444496438913,-0.37925973359476073,-1.0,-0.16193980882721903,-0.4422409869524587,-0.26290332172568504,-0.6386893709623775,-0.332528787348164,-0.7530740644850215,-0.3737856972227946,-0.8546523001745452,-0.1553662796716379,-0.3291452089366677,-0.2834244504688613,-0.36565894178374936,-0.33624595799741336,-0.31322308770652535,-0.3423133920864152,-0.2651215298948504,0.0,0.0,0.0,0.0,0.0,0.0,0.0,0.0,0.0,0.0,0.0,0.0,0.0,0.0,0.0,0.0,0.0,0.0,0.0,0.0,0.0,0.0,0.0,0.0,0.0,0.0,0.0,0.0,0.0,0.0,0.0,0.0,0.0,0.0,0.0,0.0,0.0,0.0,0.0,0.0,0.0,0.0,water
0.0,0.0,-0.22090803474414314,-0.1266456059580624,-0.3184502986740398,-0.2911927989914465,-0.3641900143316162,-0.38044113616448383,-0.38231170610649035,-0.3655981366613215,-0.24103650603633875,-0.5328578846850359,-0.2955038164655454,-0.7258929311698002,-0.34238463797032564,-0.8568091384884623,-0.37590310273152666,-0.9666453815395402,-0.19149362370873635,-0.5212448495429655,-0.2753131105924088,-0.741052194553404,-0.33628035026744246,-0.88312740509642,-0.3787626726334288,-1.0,-0.15304013330460223,-0.45163832794070863,-0.25877928375997444,-0.6435248918583246,-0.33099072257984885,-0.7521683920225865,-0.3724371872296718,-0.8514474059608469,-0.14212799045473218,-0.33221401132108325,-0.27384337706654654,-0.36653695414610105,-0.331415351515251,-0.330744070000293,-0.34297290541154096,-0.2969067439220503,0.0,0.0,0.0,0.0,0.0,0.0,0.0,0.0,0.0,0.0,0.0,0.0,0.0,0.0,0.0,0.0,0.0,0.0,0.0,0.0,0.0,0.0,0.0,0.0,0.0,0.0,0.0,0.0,0.0,0.0,0.0,0.0,0.0,0.0,0.0,0.0,0.0,0.0,0.0,0.0,0.0,0.0,water
0.0,0.0,-0.20548762247267838,-0.11989049985124942,-0.2970387745911003,-0.2736930494854545,-0.34325079182973073,-0.3613048795120324,-0.3588930245019321,-0.3550207839895069,-0.2274636711642486,-0.5199262082080733,-0.2844001119327549,-0.7072950241699143,-0.3348133056980511,-0.8360135831466418,-0.37293187387923427,-0.9430116814403658,-0.1819501036323083,-0.509381148288711,-0.26433573416217265,-0.7314850731672039,-0.3270186932631603,-0.8815029067999559,-0.37212658674131044,-1.0,-0.14416334785774515,-0.4439849293475849,-0.24343607259028174,-0.6325706647424971,-0.3199513971870526,-0.7498954225913501,-0.36854486185920143,-0.8483251589001333,-0.13205702324618138,-0.32734393105862747,-0.2601394885938715,-0.3554635429593311,-0.31663460858874326,-0.31673107046175136,-0.3286645033456552,-0.27413169932330816,0.0,0.0,0.0,0.0,0.0,0.0,0.0,0.0,0.0,0.0,0.0,0.0,0.0,0.0,0.0,0.0,0.0,0.0,0.0,0.0,0.0,0.0,0.0,0.0,0.0,0.0,0.0,0.0,0.0,0.0,0.0,0.0,0.0,0.0,0.0,0.0,0.0,0.0,0.0,0.0,0.0,0.0,water
0.0,0.0,-0.21916929118828288,-0.12675378365126533,-0.31265170488511856,-0.28247196345497166,-0.35701825907787316,-0.36586595563760466,-0.3710228286993385,-0.35536452787083067,-0.23357897590231683,-0.5209208514518988,-0.2911145964919315,-0.7060120615314267,-0.3405553798409867,-0.8304844468435466,-0.3796335771843957,-0.9338012720123375,-0.18543500872613003,-0.513818167625727,-0.26570004933041375,-0.7393878293999455,-0.3267283613195811,-0.8831506885250376,-0.37158725991412284,-1.0,-0.14743736711659786,-0.4499471185642525,-0.2508113498767593,-0.647553281858799,-0.32370796650991696,-0.759083951491973,-0.36508920956383,-0.8574843707045163,-0.13794536800637947,-0.3342507695480562,-0.2759636759241348,-0.3784796549899537,-0.32878635452081356,-0.3337826318127637,-0.3297356397416733,-0.28768012905672274,0.0,0.0,0.0,0.0,0.0,0.0,0.0,0.0,0.0,0.0,0.0,0.0,0.0,0.0,0.0,0.0,0.0,0.0,0.0,0.0,0.0,0.0,0.0,0.0,0.0,0.0,0.0,0.0,0.0,0.0,0.0,0.0,0.0,0.0,0.0,0.0,0.0,0.0,0.0,0.0,0.0,0.0,water
0.0,0.0,-0.1334783400901927,-0.08552773769106341,-0.2120464561136897,-0.22837740395099396,-0.2589128999962202,-0.3337427347205006,-0.28354204000616406,-0.37008003558860275,-0.1310129667733097,-0.48494607919627136,-0.18905887917223546,-0.6764444058922786,-0.2464371418242648,-0.8221270102181546,-0.2863583807185758,-0.9349473391413571,-0.08368967164861876,-0.48386276871963413,-0.16151817567705087,-0.7064034770607613,-0.22687964423027532,-0.8711362087864694,-0.2750234785920792,-1.0,-0.04563690708680343,-0.4186710293072919,-0.14154126174777643,-0.6124476759343704,-0.22372069537338474,-0.7532075294318326,-0.2784591307735772,-0.8572487063756129,-0.03271374726083092,-0.29617068766833593,-0.1425092387896386,-0.32294500533538284,-0.22037856988479257,-0.3105265504351172,-0.26876760894405943,-0.2797274351104051,0.0,0.0,-0.20194215294023962,-0.11990943506679379,-0.2901054366938634,-0.27652844466349147,-0.33057061503661983,-0.36314256874691964,-0.3468131172802972,-0.36365995966761294,-0.2055854114699799,-0.5267327968594974,-0.2613637684309754,-0.714158088322332,-0.30459969998213665,-0.844058505635558,-0.3359977315722529,-0.954070149083482,-0.155726273515568,-0.5145747558857522,-0.23519334364958602,-0.7382075116380674,-0.2889326982883486,-0.8826723542362995,-0.3295382006245709,-1.0,-0.1215380112302239,-0.4480906682392137,-0.22934945194010833,-0.6358652631397709,-0.29894272757990614,-0.7477917264801276,-0.33848450087056836,-0.8447928391719163,-0.12227449697507096,-0.3331506825729222,-0.2613146980774322,-0.36535374774825186,-0.3105989811445014,-0.32504869371705775,-0.3116923030567817,-0.2834114226313331,water
0.0,0.0,-0.19411265010156956,-0.11759876312137589,-0.2774322150940574,-0.2754095373683065,-0.3186337820599217,-0.3690293286615827,-0.36149835871818325,-0.40078489469259687,-0.21431847153990197,-0.5085628785972043,-0.26408093181483794,-0.6994487737206087,-0.30752852142136927,-0.8277702986336586,-0.3367478818630032,-0.9315849856629108,-0.16110877901029858,-0.5116740456885387,-0.22642409680970815,-0.7418051166169278,-0.2814349971444939,-0.8860466670651949,-0.321500758710948,-1.0,-0.12267360076340947,-0.4646070552287306,-0.21544060050995434,-0.6687207045919935,-0.281323821009069,-0.7859634393749254,-0.3168206625259439,-0.8768435330452312,-0.11432458181559894,-0.36953756242352503,-0.24508051115434137,-0.4040828994559649,-0.30100056316006696,-0.35267298091233695,-0.31153417111021947,-0.2958019758911021,0.0,0.0,0.0,0.0,0.0,0.0,0.0,0.0,0.0,0.0,0.0,0.0,0.0,0.0,0.0,0.0,0.0,0.0,0.0,0.0,0.0,0.0,0.0,0.0,0.0,0.0,0.0,0.0,0.0,0.0,0.0,0.0,0.0,0.0,0.0,0.0,0.0,0.0,0.0,0.0,0.0,0.0,water
0.0,0.0,-0.14391326709466773,-0.07899357486649489,-0.21968557530660757,-0.22418265700124612,-0.2639595045149933,-0.3358267081873754,-0.29007584267506636,-0.37271966612846685,-0.13396569679818018,-0.46518683039541053,-0.18034807284376767,-0.6773799989253062,-0.22911076766399954,-0.8339838642405881,-0.2646775023093122,-0.9576795826094077,-0.07990117934847969,-0.4693300307823003,-0.14991261716081258,-0.7037366079082109,-0.21203145270451806,-0.8698916862201229,-0.2598952429447633,-1.0,-0.037781883221727236,-0.4162821224690322,-0.150940740873419,-0.5670401654004897,-0.21330662804592523,-0.6525914193378352,-0.23182718412319062,-0.7140690209283819,-0.029113966157381228,-0.3099501290911929,-0.15943030994680266,-0.34709871062334796,-0.22520822191914722,-0.3033279683937678,-0.24142880537551592,-0.24382652395415663,0.0,0.0,-0.18928635948653144,-0.11742346810229323,-0.2742718024672668,-0.2797603631432247,-0.31596950452443734,-0.3669609903570062,-0.3402416920689275,-0.38209496532434617,-0.20585436203376226,-0.5073577255182754,-0.25674176699395296,-0.700380434292293,-0.3016653159624631,-0.8301994281933299,-0.3315926375875418,-0.9356313715152437,-0.15420472421539416,-0.49949554883736386,-0.22356505373587618,-0.7354618495193026,-0.2771843065408337,-0.8832296228685701,-0.31475112018964285,-1.0,-0.11672636830590007,-0.44655073128365164,-0.21698221361311798,-0.6601352435217358,-0.2835785688461964,-0.7814182856229989,-0.31681557419524914,-0.8839115396201555,-0.11526791582784011,-0.3433601574459742,-0.2628742868094768,-0.39314426115013107,-0.30579851483416487,-0.3203712672539351,-0.29257749349054457,-0.24761345640254698,water
0.0,0.0,-0.18579929568754394,-0.1098524672139548,-0.2667034563612526,-0.2649953528806839,-0.3109670469765453,-0.35749643956447835,-0.35213756445006733,-0.38638301274688924,-0.20068774715430204,-0.5053695873428726,-0.253179764887568,-0.7003458393262914,-0.29851888532747173,-0.8325212654300264,-0.3294847351848776,-0.9385031946736592,-0.14782809015764867,-0.5027202434171699,-0.21672318011386327,-0.7393641927971417,-0.2724900475667118,-0.8874173501878284,-0.31319927660431635,-1.0,-0.11070591155984182,-0.45183627474193466,-0.21077513243406568,-0.6537655360443296,-0.2785186026129886,-0.7689376738252329,-0.3137196479497899,-0.8607549448530062,-0.10840929812595637,-0.3508623675217602,-0.25316761699962187,-0.3959023186121546,-0.3026891448240279,-0.33325610221542135,-0.29950396860455664,-0.2684983620229635,0.0,0.0,0.0,0.0,0.0,0.0,0.0,0.0,0.0,0.0,0.0,0.0,0.0,0.0,0.0,0.0,0.0,0.0,0.0,0.0,0.0,0.0,0.0,0.0,0.0,0.0,0.0,0.0,0.0,0.0,0.0,0.0,0.0,0.0,0.0,0.0,0.0,0.0,0.0,0.0,0.0,0.0,water
0.0,0.0,-0.13709885529186883,-0.088303082834997,-0.21687945029868963,-0.2296351522479504,-0.26971424438961905,-0.3413498107761352,-0.29979430944475255,-0.36923730868203003,-0.1280221449672279,-0.47197124754560466,-0.18036736067827155,-0.6828015953699724,-0.2377554678256997,-0.8358793837035434,-0.27903977603219876,-0.9519880211980675,-0.07316595406391677,-0.4743642504768317,-0.15459256777356817,-0.7106146940109112,-0.21954884910060132,-0.876532078569786,-0.2658058116751697,-1.0,-0.0316566271015191,-0.4231520627326278,-0.1238219682819805,-0.6071526308724693,-0.1814348340480172,-0.7247786491798912,-0.2016251296784391,-0.8053434280475864,-0.024360556527312855,-0.32089755689462673,-0.15493464830999207,-0.3607081873529574,-0.2253120606931514,-0.3221667667328109,-0.25065567603958666,-0.2665439512357042,0.0,0.0,-0.1818277399650572,-0.11437900942033173,-0.26724289696317666,-0.2789369562414699,-0.31538639364449916,-0.3778366579383744,-0.35063917328698,-0.3899148213515664,-0.2111641378329236,-0.5111294617651897,-0.2581379840756827,-0.7101767590324488,-0.3012488941446348,-0.844476724800946,-0.33280789458475407,-0.9518780647197684,-0.15577178701781372,-0.503283779157905,-0.22097679815416624,-0.7340556773169615,-0.2755012470047435,-0.8850057126598767,-0.31851012941286305,-1.0,-0.1120145906223465,-0.4504430089935494,-0.20460991646624196,-0.6510196097608685,-0.2788910549082196,-0.7748147275483576,-0.32564673089148616,-0.8730918160034499,-0.0988596908495192,-0.3501860504403416,-0.24086196702217044,-0.3912371798576503,-0.3005039143945692,-0.3306834297298379,-0.31249938872316496,-0.26271678099395834,water
0.0,0.0,-0.18015692230993402,-0.12557206167501567,-0.2637508346869479,-0.28336903275929526,-0.30454092974292457,-0.4031166145818908,-0.3252723540743779,-0.4153695513183806,-0.1970829422223236,-0.5158233836166517,-0.23685442245016375,-0.730995845243163,-0.2530670745005087,-0.8625594987200109,-0.2663694649694485,-0.9776954424288861,-0.13740675304507996,-0.5201682943013661,-0.19665515425154445,-0.7275781964058828,-0.22679186253250014,-0.873476238100547,-0.2524861393671764,-1.0,-0.0898890055465806,-0.47885067942179266,-0.21635458083412137,-0.5019672893487545,-0.24636141659728883,-0.37149498396493347,-0.2389228401304218,-0.2700054299746237,-0.061312396704217204,-0.4038332408942025,-0.16735191099962038,-0.40494088123856486,-0.20076499102413325,-0.3220417170077837,-0.20068795194996136,-0.2511255036342194,0.0,0.0,0.0,0.0,0.0,0.0,0.0,0.0,0.0,0.0,0.0,0.0,0.0,0.0,0.0,0.0,0.0,0.0,0.0,0.0,0.0,0.0,0.0,0.0,0.0,0.0,0.0,0.0,0.0,0.0,0.0,0.0,0.0,0.0,0.0,0.0,0.0,0.0,0.0,0.0,0.0,0.0,water
0.0,0.0,-0.1766590412291032,-0.12343723120995927,-0.25526038002185475,-0.2804601442273462,-0.28590028881731716,-0.38487859368829574,-0.27405970748567965,-0.3782613560130032,-0.17476123152659256,-0.5086236136790886,-0.20018984730404005,-0.6943438504818708,-0.21857469914310013,-0.831062211807326,-0.22852764195320283,-0.943179139703824,-0.11145823337199856,-0.5125132059518214,-0.15627776345459296,-0.7280794466523769,-0.18146160755073099,-0.8809124964456144,-0.19784937011645118,-1.0,-0.06164421120501519,-0.4674469141742483,-0.141491740779935,-0.6450773031865425,-0.18276550872930553,-0.7756047319871702,-0.194486910353422,-0.8819521680314475,-0.042569709073268326,-0.3722097244450184,-0.1645431746732287,-0.4294358841918179,-0.22763611582940896,-0.37886853129473386,-0.24724747942657535,-0.30973855200414274,0.0,0.0,0.0,0.0,0.0,0.0,0.0,0.0,0.0,0.0,0.0,0.0,0.0,0.0,0.0,0.0,0.0,0.0,0.0,0.0,0.0,0.0,0.0,0.0,0.0,0.0,0.0,0.0,0.0,0.0,0.0,0.0,0.0,0.0,0.0,0.0,0.0,0.0,0.0,0.0,0.0,0.0,water
0.0,0.0,-0.1675503552971505,-0.11855869281085998,-0.24634272985122846,-0.2707293691564994,-0.27777131447520026,-0.38718779407874004,-0.24229570056469715,-0.3934916766713459,-0.1756833403012378,-0.5147114418855875,-0.19421562031906917,-0.7106539002634462,-0.210435406426028,-0.8480767374108733,-0.2172792008161795,-0.9603711338301695,-0.11472674854999045,-0.5154864517326551,-0.1514669216604476,-0.725433188499153,-0.18073102078077624,-0.8782818884993069,-0.20042911441929573,-1.0,-0.06266429647953316,-0.4679495821346595,-0.12221755740384017,-0.6515719350548785,-0.16942366229979552,-0.7837188112967581,-0.194608623326081,-0.8833687153332092,-0.03502543083531942,-0.3760748478295436,-0.133706572562936,-0.41410948971407546,-0.1981951331404899,-0.38847522530596285,-0.23213744153063126,-0.34507753287359094,0.0,0.0,0.0,0.0,0.0,0.0,0.0,0.0,0.0,0.0,0.0,0.0,0.0,0.0,0.0,0.0,0.0,0.0,0.0,0.0,0.0,0.0,0.0,0.0,0.0,0.0,0.0,0.0,0.0,0.0,0.0,0.0,0.0,0.0,0.0,0.0,0.0,0.0,0.0,0.0,0.0,0.0,water
0.0,0.0,-0.1475449587944836,-0.0954417270019094,-0.2185567652434637,-0.2475436701153153,-0.25186321529748085,-0.3588651461684347,-0.24081332837907787,-0.4046166931203863,-0.15689260792151086,-0.4894953317597129,-0.17759395008086462,-0.6801818326306452,-0.19283021866737687,-0.8121539627958324,-0.19987886415818107,-0.9202569626261563,-0.09392215948263827,-0.49366227585036715,-0.12436634571396048,-0.7254537761521329,-0.1527492896156085,-0.8796098738597874,-0.1759936253337142,-1.0,-0.0376745354848548,-0.45949187380394463,-0.10237267312867676,-0.6588522593767518,-0.14635701138118484,-0.7904725801289968,-0.16412489019379586,-0.8925999746559764,-0.006674713752139744,-0.3832441638942166,-0.13531324568883124,-0.4623563928151841,-0.20156381217071562,-0.3980122123829181,-0.22105486981118702,-0.3157863198115092,0.0,0.0,0.0,0.0,0.0,0.0,0.0,0.0,0.0,0.0,0.0,0.0,0.0,0.0,0.0,0.0,0.0,0.0,0.0,0.0,0.0,0.0,0.0,0.0,0.0,0.0,0.0,0.0,0.0,0.0,0.0,0.0,0.0,0.0,0.0,0.0,0.0,0.0,0.0,0.0,0.0,0.0,water
0.0,0.0,-0.14250656662017985,-0.1032184994738148,-0.21453490361827188,-0.25698050975795483,-0.24597906809606515,-0.3676115897637728,-0.22514331060327347,-0.40648405616064476,-0.15108552434569084,-0.5082889141761994,-0.1733611256085353,-0.7012279793632731,-0.18941811617142515,-0.8340871756260748,-0.19571094893009008,-0.9450855157898339,-0.08630955945892761,-0.5093832082752248,-0.12156289838208746,-0.7318940956031451,-0.15040918385680918,-0.8809905971132539,-0.1734246528461058,-1.0,-0.02780888782416003,-0.47370913508842477,-0.08519195064981733,-0.6648007768718076,-0.13300015400542442,-0.7907968925127696,-0.15525522121168045,-0.8877159284388128,0.004767537367705062,-0.3935692040486315,-0.11813670548173752,-0.4623674911660777,-0.18459796028371223,-0.3904621446110935,-0.20499298419733228,-0.3005030843864167,0.0,0.0,0.0,0.0,0.0,0.0,0.0,0.0,0.0,0.0,0.0,0.0,0.0,0.0,0.0,0.0,0.0,0.0,0.0,0.0,0.0,0.0,0.0,0.0,0.0,0.0,0.0,0.0,0.0,0.0,0.0,0.0,0.0,0.0,0.0,0.0,0.0,0.0,0.0,0.0,0.0,0.0,water
0.0,0.0,-0.141706306252841,-0.10076518270333591,-0.2177639962035447,-0.2538556942743967,-0.25212077699179514,-0.3652998051456849,-0.2347689163717619,-0.4029598847817963,-0.1541290751795339,-0.5062971788483942,-0.17558025172373606,-0.7025822604734732,-0.1921463088847289,-0.8335616883130845,-0.19970696594500473,-0.9435393387682679,-0.08837445228133506,-0.5067986137003527,-0.12581305769038076,-0.7345323904981966,-0.15512592422485097,-0.8818998360230625,-0.17969150145334398,-1.0,-0.028016919770853733,-0.47100171287737164,-0.0962025986022611,-0.6511421834434469,-0.13563898754884796,-0.7588468202536676,-0.1484752467072373,-0.8371128017693855,0.00420048449099847,-0.3987011289164922,-0.12600055820106162,-0.4641600944727344,-0.19253528643498313,-0.39910816844254593,-0.21335988443775863,-0.31739772513715275,0.0,0.0,0.0,0.0,0.0,0.0,0.0,0.0,0.0,0.0,0.0,0.0,0.0,0.0,0.0,0.0,0.0,0.0,0.0,0.0,0.0,0.0,0.0,0.0,0.0,0.0,0.0,0.0,0.0,0.0,0.0,0.0,0.0,0.0,0.0,0.0,0.0,0.0,0.0,0.0,0.0,0.0,water
0.0,0.0,-0.1397449233996458,-0.10551591327223646,-0.21514963290290412,-0.26720649426571985,-0.2499847401090115,-0.38957620488660394,-0.2204675974483743,-0.43851897384755584,-0.1338803968431369,-0.5026429701335993,-0.16984645540672982,-0.687948554823845,-0.1914357623067797,-0.8129150260492787,-0.20077997386475008,-0.9158752299730051,-0.07151386715727574,-0.5090112880207707,-0.10718160559844564,-0.7385789387712993,-0.1347742825701955,-0.8843478653346859,-0.15386010763596347,-1.0,-0.01534242335666019,-0.4817397135439055,-0.06915761103182655,-0.6880373201052288,-0.10465555631974414,-0.8167110851286989,-0.11520250520125862,-0.9182540535428738,0.01335670317577675,-0.416283808181021,-0.11398106913805257,-0.5059492082050929,-0.1784366993930432,-0.4332100362798535,-0.19478820990732304,-0.34409377740332536,0.0,0.0,0.0,0.0,0.0,0.0,0.0,0.0,0.0,0.0,0.0,0.0,0.0,0.0,0.0,0.0,0.0,0.0,0.0,0.0,0.0,0.0,0.0,0.0,0.0,0.0,0.0,0.0,0.0,0.0,0.0,0.0,0.0,0.0,0.0,0.0,0.0,0.0,0.0,0.0,0.0,0.0,water
0.0,0.0,-0.1309447108845391,-0.09718820044700392,-0.2082745943510996,-0.25270936560617024,-0.24549881496307058,-0.3648366602195358,-0.2325826496746197,-0.42793327892698546,-0.13859365360422823,-0.4954307001814898,-0.1725358636345278,-0.6809655353095274,-0.19353872263896002,-0.8074587983035306,-0.20306004721342696,-0.9104135160241226,-0.07406251088500922,-0.5018299637084443,-0.10599600265065333,-0.7323109384753101,-0.13203582955042534,-0.8820467813388364,-0.1532119939285422,-1.0,-0.018242794631422636,-0.4749494668455708,-0.06753567237890581,-0.6810452429598165,-0.10467281291716965,-0.8180355547406712,-0.12226405627317372,-0.9232584145528646,0.010501963735797133,-0.4129875602642191,-0.11880841977766908,-0.4892504724227557,-0.18671826935672506,-0.41602713564682114,-0.2129918768715538,-0.32684068577641556,0.0,0.0,0.0,0.0,0.0,0.0,0.0,0.0,0.0,0.0,0.0,0.0,0.0,0.0,0.0,0.0,0.0,0.0,0.0,0.0,0.0,0.0,0.0,0.0,0.0,0.0,0.0,0.0,0.0,0.0,0.0,0.0,0.0,0.0,0.0,0.0,0.0,0.0,0.0,0.0,0.0,0.0,water
0.0,0.0,-0.13647479639357818,-0.098790060224552,-0.2115746097476808,-0.2556835118061276,-0.24937579928140796,-0.3704526830748389,-0.23630075737422235,-0.43481549620351345,-0.1380000149573129,-0.49565564846895876,-0.17447000364317408,-0.6795278189994198,-0.19669336547018848,-0.8053970258451683,-0.20555835114856139,-0.9087567588357655,-0.07522630948603468,-0.502715286480619,-0.11099821901138572,-0.7308950776551634,-0.13783121099747114,-0.8809105157388325,-0.1575156757981062,-1.0,-0.0208237846916176,-0.47691328070495953,-0.07311497793262157,-0.6820827417181893,-0.1075950029754369,-0.8203915183488836,-0.12100572971921919,-0.9272053222392806,0.006156002636760588,-0.4155058189289068,-0.12565083007744682,-0.48869237828753725,-0.1927433528098915,-0.4129592295701802,-0.21603210266699574,-0.3227328720070684,0.0,0.0,0.0,0.0,0.0,0.0,0.0,0.0,0.0,0.0,0.0,0.0,0.0,0.0,0.0,0.0,0.0,0.0,0.0,0.0,0.0,0.0,0.0,0.0,0.0,0.0,0.0,0.0,0.0,0.0,0.0,0.0,0.0,0.0,0.0,0.0,0.0,0.0,0.0,0.0,0.0,0.0,water
0.0,0.0,-0.1308953767421422,-0.09750178319236506,-0.2067245798389618,-0.2556870890053271,-0.2374357661824041,-0.37403011277532927,-0.21133647896919866,-0.43861715909485643,-0.1349444541172404,-0.5026202858350274,-0.16337089527444967,-0.6843128300131254,-0.1793396040044949,-0.8083823147381941,-0.18555877374331023,-0.9105548152374028,-0.07115251872858118,-0.5090242213677485,-0.10061403192846687,-0.7348951832388655,-0.12351667910870004,-0.8818200048716794,-0.1410766752471589,-1.0,-0.013521148011466136,-0.48095111548885044,-0.05836446683134335,-0.6876089921057909,-0.09340496932610778,-0.8236788766239731,-0.10733017263774162,-0.9316899335887378,0.02071550606967354,-0.4148341572495427,-0.10122416395609352,-0.4973795010556371,-0.16462930590076308,-0.42571551992178036,-0.18456589734906903,-0.33874560009138127,0.0,0.0,0.0,0.0,0.0,0.0,0.0,0.0,0.0,0.0,0.0,0.0,0.0,0.0,0.0,0.0,0.0,0.0,0.0,0.0,0.0,0.0,0.0,0.0,0.0,0.0,0.0,0.0,0.0,0.0,0.0,0.0,0.0,0.0,0.0,0.0,0.0,0.0,0.0,0.0,0.0,0.0,water
0.0,0.0,-0.13537943618419854,-0.10298386725224709,-0.21494687239839755,-0.25587671524955563,-0.2505242044788545,-0.3713118451461933,-0.22687484129220556,-0.4349548225204887,-0.13783090240314405,-0.5005146150458739,-0.17176442352507557,-0.6880237089355301,-0.1916776579068893,-0.8141790748929358,-0.19953242139075708,-0.9189372551078463,-0.07401070802158748,-0.5076667248818464,-0.11243401237947583,-0.735551295966331,-0.13853205602800328,-0.8822404772644723,-0.1580784276329958,-1.0,-0.020039022027838284,-0.4829330593291254,-0.07993044178892747,-0.6877976340350941,-0.12233073579344254,-0.8236924352766846,-0.1418846075136154,-0.9311592285167236,0.00870077647621017,-0.42211976826786984,-0.12060956650405702,-0.48708940887306484,-0.18194293698081793,-0.4097143634705819,-0.20126923377751874,-0.3198004112206009,0.0,0.0,0.0,0.0,0.0,0.0,0.0,0.0,0.0,0.0,0.0,0.0,0.0,0.0,0.0,0.0,0.0,0.0,0.0,0.0,0.0,0.0,0.0,0.0,0.0,0.0,0.0,0.0,0.0,0.0,0.0,0.0,0.0,0.0,0.0,0.0,0.0,0.0,0.0,0.0,0.0,0.0,water
0.0,0.0,-0.13666815371216884,-0.09770123521448855,-0.2099875292895363,-0.2506015710365617,-0.2454023851299999,-0.36887244135055575,-0.21570170777082212,-0.42735235386792475,-0.13026731846458428,-0.49208510790747106,-0.16389430774335584,-0.6784269077329493,-0.18445328047071388,-0.8062821843703272,-0.19094623861365279,-0.9119147317304518,-0.06784552696428617,-0.5000810340283209,-0.10434176058794879,-0.7294045619598976,-0.1320579572430347,-0.8798956281715226,-0.15073502128635977,-1.0,-0.012874174625772063,-0.4756919239781396,-0.06953252748546292,-0.6828063704688118,-0.10777781663620072,-0.8192009277116759,-0.12005212620495467,-0.9250253977704553,0.01500195761152628,-0.4143031030914908,-0.11870333612829649,-0.4868436990072052,-0.17940123529978752,-0.40472338821185194,-0.19133413571237867,-0.3089279453950068,0.0,0.0,0.0,0.0,0.0,0.0,0.0,0.0,0.0,0.0,0.0,0.0,0.0,0.0,0.0,0.0,0.0,0.0,0.0,0.0,0.0,0.0,0.0,0.0,0.0,0.0,0.0,0.0,0.0,0.0,0.0,0.0,0.0,0.0,0.0,0.0,0.0,0.0,0.0,0.0,0.0,0.0,water
0.0,0.0,-0.13970232904243549,-0.10431537937938799,-0.21294603060584782,-0.26112545472728194,-0.24734927464076142,-0.37612589023316234,-0.2135897190503176,-0.4329504824437364,-0.12718578250728801,-0.49727007708991744,-0.15649005917503359,-0.6833627075776948,-0.17582006832603367,-0.8117257538821855,-0.1828554776424185,-0.9165422338548292,-0.06597150608686675,-0.5045893717209364,-0.09933405236608732,-0.7335899771278763,-0.12891597747413042,-0.8812492674360962,-0.14906817871440814,-1.0,-0.011825113742307406,-0.48046019530019257,-0.07361576337728896,-0.676573547265292,-0.1036899714286636,-0.7913169805355754,-0.1038934225708181,-0.8799171571036386,0.0115764990273702,-0.42211380575147345,-0.1271866427658172,-0.4936619377538435,-0.18327377835223932,-0.41664041085947356,-0.18674298593584837,-0.32922222951052366,0.0,0.0,0.0,0.0,0.0,0.0,0.0,0.0,0.0,0.0,0.0,0.0,0.0,0.0,0.0,0.0,0.0,0.0,0.0,0.0,0.0,0.0,0.0,0.0,0.0,0.0,0.0,0.0,0.0,0.0,0.0,0.0,0.0,0.0,0.0,0.0,0.0,0.0,0.0,0.0,0.0,0.0,water
0.0,0.0,-0.1459850231026608,-0.10872951298528866,-0.21886451749960167,-0.26917924478198524,-0.24809262308141697,-0.3890105688034415,-0.21536714642307078,-0.43421551861490254,-0.13460980402570502,-0.5222722396303574,-0.16795581284189282,-0.6960675553667216,-0.1844199904402783,-0.8180330341494503,-0.19067374794200437,-0.9214683732540231,-0.06991725529767912,-0.5241684635402836,-0.10430803547718945,-0.7405910032396835,-0.12739115194646555,-0.8846730044080939,-0.14422688406181952,-1.0,-0.013263795209517234,-0.48662658664825537,-0.06630729194327899,-0.6796231345265282,-0.10762525890912954,-0.8057288225609432,-0.12645706091667108,-0.9034555207392851,0.015082479154495725,-0.4041988422114823,-0.11198279250092942,-0.49428923469116787,-0.18228052472250253,-0.4203337405066653,-0.20909299484837218,-0.3253906208508152,0.0,0.0,0.0,0.0,0.0,0.0,0.0,0.0,0.0,0.0,0.0,0.0,0.0,0.0,0.0,0.0,0.0,0.0,0.0,0.0,0.0,0.0,0.0,0.0,0.0,0.0,0.0,0.0,0.0,0.0,0.0,0.0,0.0,0.0,0.0,0.0,0.0,0.0,0.0,0.0,0.0,0.0,water
0.0,0.0,-0.1418018760592716,-0.11168543939560739,-0.21559773456180653,-0.2795130544486337,-0.24225491630205928,-0.4021734470461686,-0.21326757941130406,-0.44737966340719265,-0.11987394412151793,-0.5212735452634146,-0.149181849694221,-0.704033240904133,-0.16659575233570262,-0.8296513535517093,-0.17178581961850173,-0.9329218650461862,-0.05890643423139242,-0.5225566817349746,-0.09551007798565671,-0.7449654236084615,-0.12152332169476562,-0.8881924084251827,-0.1378843888868662,-1.0,-0.006170516255611299,-0.48845209490987346,-0.06828392992213499,-0.6770705709978843,-0.10507521838202868,-0.7827175563704301,-0.11303880798431454,-0.8569027076204648,0.017578495701298928,-0.41884625004658804,-0.1101916065726059,-0.48501761511981145,-0.17493850919620635,-0.41991675124322697,-0.19350585587206207,-0.33973386336320066,0.0,0.0,0.0,0.0,0.0,0.0,0.0,0.0,0.0,0.0,0.0,0.0,0.0,0.0,0.0,0.0,0.0,0.0,0.0,0.0,0.0,0.0,0.0,0.0,0.0,0.0,0.0,0.0,0.0,0.0,0.0,0.0,0.0,0.0,0.0,0.0,0.0,0.0,0.0,0.0,0.0,0.0,water
0.0,0.0,-0.1391841057824844,-0.10719528081264186,-0.21352003985428064,-0.27445075604396363,-0.24195729947669747,-0.39531152934779057,-0.22512161922642085,-0.44217063861494327,-0.11496759688668547,-0.5135775153712592,-0.14735156603575528,-0.696711247476842,-0.1657798687699723,-0.8245428631411574,-0.1715622671510212,-0.9290190271494381,-0.05448063815032085,-0.5129279043634931,-0.09467004923277068,-0.7366401688472373,-0.12199823787636568,-0.8858725953637564,-0.14002515844485705,-1.0,-0.003083716360044535,-0.4788263378975318,-0.06628548984111633,-0.6639792417017572,-0.09864407683822707,-0.7658580371938869,-0.10401240197757078,-0.8314646620215894,0.01687052693347467,-0.41325348423811387,-0.11154788966765729,-0.49239245281070765,-0.17448465627403775,-0.430697045517512,-0.1942315402922303,-0.3481762278508459,0.0,0.0,0.0,0.0,0.0,0.0,0.0,0.0,0.0,0.0,0.0,0.0,0.0,0.0,0.0,0.0,0.0,0.0,0.0,0.0,0.0,0.0,0.0,0.0,0.0,0.0,0.0,0.0,0.0,0.0,0.0,0.0,0.0,0.0,0.0,0.0,0.0,0.0,0.0,0.0,0.0,0.0,water
0.0,0.0,-0.12631217780584106,-0.09884545530251489,-0.20413887064268038,-0.26241512251558935,-0.23541609726537352,-0.3811821760163718,-0.20652258286297254,-0.4356433576879448,-0.11499699182171233,-0.5125222623675048,-0.14533643218096295,-0.7009409825208208,-0.16309675158057102,-0.8265456350539417,-0.1705094595085287,-0.9282925092990434,-0.04713718619329878,-0.5116757977434423,-0.07858161838904715,-0.7417932830325046,-0.10280750985675766,-0.8862356328774427,-0.12166847244336917,-1.0,0.008945389442218298,-0.4773449494458625,-0.05284087487000256,-0.676622464818882,-0.09038080906188976,-0.7974238165530908,-0.1024522251930746,-0.8854757063783164,0.03391772659562278,-0.4109991261388841,-0.0968185497732288,-0.4885346768920811,-0.15931668800766405,-0.4248447912637371,-0.17845835591913164,-0.3428066488241578,0.0,0.0,0.0,0.0,0.0,0.0,0.0,0.0,0.0,0.0,0.0,0.0,0.0,0.0,0.0,0.0,0.0,0.0,0.0,0.0,0.0,0.0,0.0,0.0,0.0,0.0,0.0,0.0,0.0,0.0,0.0,0.0,0.0,0.0,0.0,0.0,0.0,0.0,0.0,0.0,0.0,0.0,water
0.0,0.0,-0.12538451458580674,-0.094260472010143,-0.20256988753920746,-0.25423256388781884,-0.23228669109503883,-0.37495294229531156,-0.20465751851739852,-0.4333233411036067,-0.11381368786465612,-0.5088334816828843,-0.14239957261305133,-0.7031095994211519,-0.15980007651944345,-0.8304305467721811,-0.16601804824581587,-0.9336283670636825,-0.04706625067436594,-0.5071510180898801,-0.0730911882996249,-0.7408979771432127,-0.09690512597002418,-0.8857750091705003,-0.11549505581843593,-1.0,0.010061254997758323,-0.4709445242800226,-0.04992323951593783,-0.6700486858245759,-0.08287327442300352,-0.7737123719142964,-0.08964629698046213,-0.843912168300703,0.037386935510236995,-0.4048459246384281,-0.09153539813119009,-0.4914428385295119,-0.15451383638950938,-0.42932644921295854,-0.17370351914936324,-0.34795704918938036,0.0,0.0,0.0,0.0,0.0,0.0,0.0,0.0,0.0,0.0,0.0,0.0,0.0,0.0,0.0,0.0,0.0,0.0,0.0,0.0,0.0,0.0,0.0,0.0,0.0,0.0,0.0,0.0,0.0,0.0,0.0,0.0,0.0,0.0,0.0,0.0,0.0,0.0,0.0,0.0,0.0,0.0,water
0.0,0.0,-0.15022946081674748,-0.10856804875815616,-0.21737212299410735,-0.27045215830507363,-0.24983372404583515,-0.38470511715328654,-0.23850255762649497,-0.43473431261952433,-0.11314085344048704,-0.49060584047528144,-0.13876548957687304,-0.6792420235049417,-0.15661661688465373,-0.8150309575594663,-0.16269475880917048,-0.9251879134224861,-0.05160600977443479,-0.487979760113465,-0.08642009166339873,-0.7172604805677395,-0.11288539311090649,-0.8745674665763737,-0.1301530429795269,-1.0,-0.006159768302015869,-0.4578406238501046,-0.07992777145305317,-0.6619413343882858,-0.1144103811476755,-0.7957984441753317,-0.11652251765116428,-0.8989322924314641,0.0015776780793874826,-0.396386542790361,-0.14138293222678486,-0.48112228063234963,-0.19583744344458132,-0.4085531918936801,-0.19656020398820434,-0.3177181497330083,0.0,0.0,0.0,0.0,0.0,0.0,0.0,0.0,0.0,0.0,0.0,0.0,0.0,0.0,0.0,0.0,0.0,0.0,0.0,0.0,0.0,0.0,0.0,0.0,0.0,0.0,0.0,0.0,0.0,0.0,0.0,0.0,0.0,0.0,0.0,0.0,0.0,0.0,0.0,0.0,0.0,0.0,water
0.0,0.0,-0.1586740066593059,-0.13910545300178306,-0.21878063604182177,-0.3026440114388259,-0.24825268407156253,-0.41811193596957724,-0.2346768133561729,-0.4293525708473511,-0.09652639889670762,-0.515525867285992,-0.11342737888222411,-0.6984897452357879,-0.12981211012239163,-0.8379454944315021,-0.14077860955994878,-0.9504732244104735,-0.049042116247706796,-0.5090937454495572,-0.08816472705565338,-0.720379254589605,-0.11243274540260587,-0.8768722942107225,-0.12582903252258912,-1.0,-0.02453847556895004,-0.46164559588541526,-0.11501766734756977,-0.62999331646113,-0.153273300484681,-0.7261601154354697,-0.1610388846084526,-0.8033910142859833,-0.03325087633549072,-0.3849954227819749,-0.15148503733283308,-0.44065703362951647,-0.19819105227981373,-0.40879154736798606,-0.20482677431296833,-0.3611659778662137,0.0,0.0,0.0,0.0,0.0,0.0,0.0,0.0,0.0,0.0,0.0,0.0,0.0,0.0,0.0,0.0,0.0,0.0,0.0,0.0,0.0,0.0,0.0,0.0,0.0,0.0,0.0,0.0,0.0,0.0,0.0,0.0,0.0,0.0,0.0,0.0,0.0,0.0,0.0,0.0,0.0,0.0,water
0.0,0.0,-0.08309035627624888,-0.155365708689519,-0.1522419089085548,-0.3396431623493683,-0.22299189710129558,-0.39898265981459485,-0.28058325187067085,-0.3863332979858152,-0.05538362007893487,-0.522179825003052,-0.07809343507477783,-0.7376841375487774,-0.08446512224746054,-0.8813644468722348,-0.07827121229808473,-1.0,-0.060936596354809476,-0.4900542777477274,-0.1375454356700419,-0.7232387356519523,-0.1702130029558248,-0.8683276732748704,-0.18576048997006747,-0.9859063653157083,-0.08358002336500649,-0.41783439717481247,-0.20941555403670142,-0.6010414002607399,-0.2586246458936135,-0.7041697892782958,-0.2638889012654709,-0.8002387739698501,-0.128564121437438,-0.30744944488059517,-0.2641023230448293,-0.3633739710976117,-0.28437917431168136,-0.30916327969124685,-0.25729109394033634,-0.2483864155032432,0.0,0.0,0.0,0.0,0.0,0.0,0.0,0.0,0.0,0.0,0.0,0.0,0.0,0.0,0.0,0.0,0.0,0.0,0.0,0.0,0.0,0.0,0.0,0.0,0.0,0.0,0.0,0.0,0.0,0.0,0.0,0.0,0.0,0.0,0.0,0.0,0.0,0.0,0.0,0.0,0.0,0.0,water
0.0,0.0,-0.07197987217078593,-0.1570690811686345,-0.14054976881711986,-0.33818521999950646,-0.22020567536584326,-0.3925958663020386,-0.282708507664593,-0.3742647801126638,-0.05336611695767368,-0.5187452187431997,-0.07547823785027964,-0.7362715955769028,-0.08142169058510244,-0.8792357168015327,-0.07346523058837781,-1.0,-0.06359581919053463,-0.48724624285755946,-0.14478419566080614,-0.7177872848294227,-0.17852994160416916,-0.8592940901983395,-0.1927241890651956,-0.9760698237356731,-0.08713878376044025,-0.41541869788289876,-0.22079995333717703,-0.583560104183726,-0.26437674845373316,-0.6609196614253249,-0.2618248753227699,-0.7416770798046443,-0.1299115425428098,-0.3077419904834762,-0.2696815037992063,-0.3640400133706935,-0.28824949355133245,-0.3044796310047538,-0.2565205686582868,-0.2462949045543364,0.0,0.0,0.0,0.0,0.0,0.0,0.0,0.0,0.0,0.0,0.0,0.0,0.0,0.0,0.0,0.0,0.0,0.0,0.0,0.0,0.0,0.0,0.0,0.0,0.0,0.0,0.0,0.0,0.0,0.0,0.0,0.0,0.0,0.0,0.0,0.0,0.0,0.0,0.0,0.0,0.0,0.0,water
0.0,0.0,-0.04839527358140796,-0.15958797852524,-0.106857204943272,-0.33091942036517846,-0.18908228220289908,-0.40557143001157075,-0.24699692753668642,-0.458456106786862,-0.05333921764756617,-0.49637476211651615,-0.08066050680523182,-0.7269640858945595,-0.09509290757183549,-0.8792820987287865,-0.09868420610482667,-0.9983818882600091,-0.07158201057608407,-0.4662095122030447,-0.14003667242030132,-0.7165053894120428,-0.17369711537923024,-0.874205981614505,-0.19686884289217033,-1.0,-0.10177772749725852,-0.39066992693518704,-0.19835993409269362,-0.6108632804230434,-0.25126656503530026,-0.7472779632805351,-0.27641663184989623,-0.8647894360131232,-0.1496994183265772,-0.273593281128713,-0.2606889352116841,-0.3394356210845135,-0.28018445980987244,-0.3078455905166958,-0.26332119506837715,-0.25891221581394513,0.0,0.0,0.0,0.0,0.0,0.0,0.0,0.0,0.0,0.0,0.0,0.0,0.0,0.0,0.0,0.0,0.0,0.0,0.0,0.0,0.0,0.0,0.0,0.0,0.0,0.0,0.0,0.0,0.0,0.0,0.0,0.0,0.0,0.0,0.0,0.0,0.0,0.0,0.0,0.0,0.0,0.0,water
0.0,0.0,-0.07466236411317338,-0.1585677293331889,-0.13966916876289107,-0.3249756276303103,-0.22054665430997553,-0.3780048668958806,-0.2781590580742195,-0.3952580974885872,-0.05853024023779052,-0.4960897224157599,-0.08969277218264544,-0.7303742802517164,-0.09898079586541192,-0.8818206416474875,-0.0976809361486262,-1.0,-0.06684426066912463,-0.4628445620083457,-0.14152111224484792,-0.7194511792571632,-0.17474665885680993,-0.8757474973465655,-0.19742132081973182,-0.9981641041688677,-0.09095295854044833,-0.38856199229801913,-0.19197514932116208,-0.6088735039466077,-0.25059543471080126,-0.744908771333903,-0.2812473393217817,-0.8625739362079133,-0.13955081733806027,-0.27303963457716,-0.2583997193444178,-0.352641777651774,-0.2808946253297012,-0.31256477567390106,-0.26484730883124513,-0.2548415985421601,0.0,0.0,0.0,0.0,0.0,0.0,0.0,0.0,0.0,0.0,0.0,0.0,0.0,0.0,0.0,0.0,0.0,0.0,0.0,0.0,0.0,0.0,0.0,0.0,0.0,0.0,0.0,0.0,0.0,0.0,0.0,0.0,0.0,0.0,0.0,0.0,0.0,0.0,0.0,0.0,0.0,0.0,water
0.0,0.0,-0.11058316191449956,-0.12834035351760262,-0.17551466966938845,-0.2901100789867136,-0.2406890100603666,-0.36533112389422456,-0.29160078931624545,-0.4124840654854835,-0.06402408053581836,-0.4942922210922841,-0.08922975559181641,-0.7224685193489353,-0.1057948196438822,-0.8760185143358296,-0.11656010603544872,-0.9958297571343104,-0.06408533958557591,-0.46475896877661493,-0.12945227137759044,-0.7141813598407265,-0.1644990585277335,-0.8733006398044999,-0.19160640840174478,-1.0,-0.08546717187019692,-0.39569357694456164,-0.17598777463280377,-0.6163801851213226,-0.22795902695067655,-0.7531236055578264,-0.2562816417866048,-0.8687908278896147,-0.13732009285814234,-0.28912795098394595,-0.24739401137699546,-0.36518987550971166,-0.270170037934336,-0.33414343652251327,-0.25780320199730944,-0.2840538065998914,0.0,0.0,0.0,0.0,0.0,0.0,0.0,0.0,0.0,0.0,0.0,0.0,0.0,0.0,0.0,0.0,0.0,0.0,0.0,0.0,0.0,0.0,0.0,0.0,0.0,0.0,0.0,0.0,0.0,0.0,0.0,0.0,0.0,0.0,0.0,0.0,0.0,0.0,0.0,0.0,0.0,0.0,water
0.0,0.0,0.041462833022912024,-0.08883489415438779,0.04942313923485042,-0.21350938750482268,0.025187302487674913,-0.3241551087213996,-0.005322583328513947,-0.4304701159742463,-0.001776175012655841,-0.3874259960087557,-0.05061187723952932,-0.5919863768485648,-0.09340882209175108,-0.7316110034121257,-0.1347116250733801,-0.852934768744707,-0.04978003791602859,-0.4381796820472437,-0.0774066101913785,-0.69335946629189,-0.09227950118160795,-0.8494378746742953,-0.10914682597842129,-0.9902750060803494,-0.11316738270867481,-0.45086245893288485,-0.143723217744638,-0.6891147090582549,-0.1571023629782383,-0.8533249409988252,-0.17348840930931192,-1.0,-0.19325251552172568,-0.4409687204647526,-0.23575475158505002,-0.6109966781883015,-0.259043875959289,-0.7237873565176195,-0.27461135278464155,-0.8230701525751765,0.0,0.0,-0.09921475395452749,-0.13594559604289394,-0.16596881653622395,-0.28778386835424724,-0.23402957604572033,-0.3599303720078862,-0.2892719579445856,-0.40861638588570853,-0.07253585602713679,-0.5093981491920604,-0.10310046385173532,-0.7335579551231204,-0.11857699744576806,-0.8803299582763389,-0.12723562270594094,-1.0,-0.0727461598894275,-0.475956932805237,-0.14646480770256873,-0.7171750163476649,-0.18340193510808658,-0.8739590014629737,-0.20974751704142205,-0.999525811673561,-0.09067065723082501,-0.39470239659334533,-0.196646166877231,-0.6088499973098073,-0.2505786146869341,-0.7447951468476858,-0.2802929653358064,-0.8634279574203887,-0.1309849253209199,-0.27931076592800597,-0.2390755292256509,-0.34370638901794126,-0.26649830450883,-0.3449496822335431,-0.2656567541809055,-0.33312198762600653,water
0.0,0.0,-0.11623740534588665,0.07892592721093442,-0.24975150971904872,0.08566099558531805,-0.359938219616225,0.062123142137203234,-0.4124439204998858,0.05368648247185588,-0.24037235987416689,-0.24806516907823928,-0.2997888928752394,-0.4648470607612591,-0.3456348254696533,-0.621816283805449,-0.37811146623944514,-0.7515093377824563,-0.16156920039697442,-0.37398635600583946,-0.21277783348501375,-0.6199698113380196,-0.24351246874093302,-0.7958429777809465,-0.2611826345421888,-0.9382768061630927,-0.0942474928884312,-0.4483592016132138,-0.14323486878149974,-0.6870158633450242,-0.18089863693501584,-0.8580305539150516,-0.20657158140472975,-1.0,-0.04499818707896291,-0.48445710926213925,-0.06889023687691086,-0.6630643360114746,-0.094749239278507,-0.7893477258802389,-0.11231913205499842,-0.8965853413038315,0.0,0.0,-0.11939880411838272,-0.130496233191997,-0.18693374361560808,-0.28835743562847277,-0.24516400336417157,-0.361085960306889,-0.2937192517445716,-0.4034806030290958,-0.08298692292318073,-0.5060415585182085,-0.12453247449484889,-0.7311759085252955,-0.14223103953527574,-0.8770161443571208,-0.15119903385141753,-0.9942025719547741,-0.0729916579812556,-0.47819458808348186,-0.1503850420454378,-0.7223029283584372,-0.18901757158142443,-0.8781907428049697,-0.21441697753060684,-1.0,-0.08390800126447065,-0.4049655065103695,-0.184701246451501,-0.6171649655780505,-0.24306966795125798,-0.754880932739372,-0.2738244066981175,-0.8691965916524369,-0.12341018971978203,-0.29506856444575,-0.23987618650316184,-0.3566790922817659,-0.26983258283333533,-0.34193490837729695,-0.2672479744101186,-0.313438264724175,water
0.0,0.0,-0.08773984514248191,0.07679085575736583,-0.2098950778978056,0.0698561831157679,-0.3208400984276117,0.02690523095129854,-0.39318583623781383,-0.014296177631531473,-0.1794059706016063,-0.23309087235439713,-0.2614097374061005,-0.46748316844543547,-0.320636965196747,-0.6292584013450812,-0.36816905880400347,-0.7650235605683401,-0.13670289149149584,-0.34954827210472006,-0.20553402752220756,-0.6060665757437995,-0.2574737153536972,-0.7951605221570368,-0.299846657863024,-0.9550162723067709,-0.10473448357976317,-0.41769496099697645,-0.15985105968436777,-0.6499819597485911,-0.21115753469140347,-0.8414099538891174,-0.24419753353682738,-1.0,-0.0940723341920493,-0.44670981894803685,-0.13869994732246588,-0.6290054770203277,-0.17894594419067825,-0.7594033006443978,-0.20458330627295623,-0.8746520035503215,0.0,0.0,-0.10567946420799199,-0.1354157505825456,-0.1793170750919329,-0.29711447208156017,-0.25144990242235576,-0.35930547900542187,-0.30817483819297076,-0.38101826708101083,-0.08475727770792228,-0.4962894537151225,-0.13001110601647128,-0.7312912405686692,-0.14807186530279504,-0.8797477772862159,-0.15535421658276174,-0.9985696220575379,-0.07888024142774633,-0.4629801315759735,-0.1634439526587866,-0.7226684694083289,-0.2059242978292135,-0.8782699587736971,-0.234325311177692,-1.0,-0.09662592372048642,-0.3936667734079493,-0.20087500998601623,-0.6206159710469306,-0.2578360297255451,-0.7540730079044493,-0.28570736463381585,-0.8679375368811272,-0.14545838220047713,-0.29010378519804986,-0.2635743247159328,-0.36917446023484424,-0.28364862291437715,-0.3315120182404516,-0.26807211593222174,-0.28173790920009156,water
0.0,0.0,-0.01826685492410872,-0.1049057242028474,-0.08877381296195275,-0.19094993796061568,-0.19541670677833756,-0.2140682994790831,-0.281430836782937,-0.2082404079624341,-0.061913701077132066,-0.4226516622276418,-0.11999606905625261,-0.6378584646322027,-0.17260185690295116,-0.8061195702168169,-0.20853288889601984,-0.9283254580752816,-0.086346722609077,-0.39140400207511045,-0.1352284760773995,-0.6553301056808822,-0.16747993079399714,-0.8423454229909401,-0.18685453636256671,-1.0,-0.11959862925050006,-0.2781573901742451,-0.20661922793055867,-0.5045894436778658,-0.245781756409845,-0.6904605755757361,-0.2608881459316069,-0.8640281209554065,-0.1771053947523238,-0.11365775652750591,-0.2964157213682893,-0.12325146541304324,-0.3335763432061526,-0.11822079335536802,-0.339664793451636,-0.11635225801966007,0.0,0.0,-0.09838187673031196,-0.15390994326823818,-0.17412253888918122,-0.31857748963365434,-0.2523111288064605,-0.37010310000088076,-0.309569083865944,-0.38778545136653286,-0.09913503315582027,-0.5045705416244828,-0.1366300281095593,-0.7326628923781248,-0.14595855358736196,-0.8790008471033739,-0.14875008779297164,-1.0,-0.09733716859705815,-0.4663912696184828,-0.17995628305221892,-0.7113376125867231,-0.22033246831379455,-0.864806727866178,-0.25029251150229076,-0.9882496305920171,-0.11390231911203874,-0.38685253106854944,-0.22803273057483112,-0.5964217504348999,-0.288526322421862,-0.7275389445105511,-0.3228288148840873,-0.8416406750539913,-0.15571390534528778,-0.27287049255075224,-0.2725494695046173,-0.3456436958097177,-0.29038798508863195,-0.315338352418942,-0.2758198847298043,-0.27168125065068427,water
0.0,0.0,-0.1005406925896689,0.004120647378431658,-0.2175359116350429,-0.06546418113812538,-0.3264895788659421,-0.1315701809208843,-0.3767113925780805,-0.156657564331259,-0.17270237013984976,-0.3523495217559683,-0.24355630918622745,-0.5711274713236816,-0.2961672795968692,-0.7210241497471188,-0.33883897516353334,-0.8378962214908219,-0.12177056105976672,-0.4262666261238017,-0.1723127888637862,-0.6587000597247905,-0.20479957529037837,-0.8303650871787152,-0.22710013196240342,-0.9736375632945766,-0.08286624849408679,-0.4641075138672776,-0.12169759710891075,-0.6914331407547246,-0.14132820142540525,-0.8600832053162657,-0.15065107945378065,-1.0,-0.061805088525741916,-0.4692308378011372,-0.06535423998140574,-0.6437269325789984,-0.06112068006364041,-0.7640920296623221,-0.05231416230286114,-0.8646782834520731,0.0,0.0,-0.11774516148804073,-0.13771529034677205,-0.18395223862300708,-0.2969780932945868,-0.2434712086905732,-0.3652321638460041,-0.29545535463191974,-0.3956808529049099,-0.09410243259613929,-0.5057060730175441,-0.14296144333316507,-0.7257871595555203,-0.16864125065799437,-0.8683351030076651,-0.18305380591149345,-0.9784718666849342,-0.08010134915884885,-0.47645056208942954,-0.1518159743003627,-0.7303624737703618,-0.18595731870001947,-0.8825849623951716,-0.20563563156642317,-1.0,-0.08747223804613533,-0.40394972382264077,-0.18992826960102105,-0.6220678689635778,-0.2494932091376488,-0.7520429372868278,-0.2786908075483671,-0.8634880281080769,-0.12825504402252685,-0.29068703624917974,-0.2506458259722092,-0.3541539724832166,-0.2799857269305374,-0.32814944944800584,-0.27144126453897127,-0.29307339251076225,water
0.0,0.0,-0.05044045601230325,-0.04106940256937003,-0.1448094820344854,-0.13367073770308965,-0.25579785805365773,-0.18048903160790203,-0.3168481261712671,-0.2054246262410886,-0.07168483095099937,-0.40186962722042296,-0.14420935326958645,-0.6061722204550406,-0.2001368318029133,-0.7549201239003114,-0.24876712345510385,-0.8646630188371375,-0.06956360188484434,-0.42947616153486295,-0.11555045466476362,-0.6791752568499168,-0.1450970182706208,-0.8592655267275779,-0.1685668197850598,-1.0,-0.08697711413232961,-0.4141527107700196,-0.150875549366855,-0.6460884224344267,-0.18993311497691,-0.8302555344614165,-0.2115221667215155,-0.9816242650026844,-0.13152903581247016,-0.3586982461511854,-0.194441414262714,-0.506917828499455,-0.21778746213673342,-0.6033839439887968,-0.22785611943418002,-0.6668194489387896,0.0,0.0,-0.10820358414874086,-0.1361684821194048,-0.17898900203555115,-0.297958959623321,-0.24809805032579252,-0.36688212267110404,-0.30125340411565127,-0.40330134005227014,-0.09738957690749561,-0.5083783321545857,-0.13992474766560345,-0.7336898458796988,-0.15909712623002953,-0.8812126386540593,-0.16783384603938545,-0.9977614381234641,-0.08692533787109567,-0.47882405298330505,-0.16182586261413398,-0.7275868216776443,-0.19851795363371058,-0.8801848826643355,-0.222817543937646,-1.0,-0.09677079113394307,-0.4060430056112619,-0.19873820326205352,-0.6245437929299642,-0.2569083757009541,-0.7544933419285883,-0.28634050819369444,-0.8662374785477769,-0.13670402215289362,-0.2933711439870037,-0.2538305515948931,-0.35788613888111376,-0.27771913023399086,-0.3316462650335682,-0.2656794598961946,-0.29426348388185547,water
0.0,0.0,-0.08371201407875302,-0.08781512892087943,-0.14080638572012194,-0.21467748260309366,-0.19470079233975923,-0.2901250609728604,-0.23666337379061955,-0.33915065659401844,-0.05457812245946415,-0.45367142015868656,-0.12256248608042543,-0.645628877839764,-0.18075293455374697,-0.7912073377848645,-0.2300590394912848,-0.9003739668772195,-0.041401972719683336,-0.4272502572132431,-0.1102760960426735,-0.6679313496829411,-0.15364122407543282,-0.8514811793688335,-0.18555151574773562,-1.0,-0.051880696778036924,-0.3395966295159199,-0.14105943163046553,-0.5567821632692657,-0.18863862120038313,-0.7188028687645429,-0.21019889791127816,-0.859850549882973,-0.09978698781089328,-0.20866340658274615,-0.2109417762128646,-0.28027922495808755,-0.24735702291213213,-0.3057264617432021,-0.2559336669932216,-0.30965031295985834,0.0,0.0,-0.14478104423571486,-0.11810709992451428,-0.20997134595859465,-0.27354438502481687,-0.25427194890141547,-0.3649577823271788,-0.29082909016121433,-0.4220792838151143,-0.10876882821091638,-0.49644013613476246,-0.16319646362158163,-0.7008995869165854,-0.20058255583631318,-0.8344927121021002,-0.2289322518951139,-0.9400820239336013,-0.07756529111401399,-0.47404251898706323,-0.15263362568149333,-0.7182406481444477,-0.19055184513435877,-0.87796481314251,-0.2176883135428403,-1.0,-0.07148489544485613,-0.403294743256466,-0.16891537201082577,-0.6050446111227615,-0.2237543395313059,-0.7493388824250273,-0.25463276260254675,-0.8665766166676621,-0.10077120280065077,-0.29299554405182787,-0.2184215040475349,-0.3494571628592252,-0.25957806576014936,-0.3409835417760297,-0.27002864056982967,-0.3111940710697464,water
0.0,0.0,-0.15385916929195576,-0.1365518280358932,-0.22186375128568853,-0.3013986436339445,-0.2720829092945752,-0.37620213432778765,-0.3144440702020434,-0.3893724256540074,-0.10965229462744495,-0.49963004291321245,-0.17056118791625827,-0.7037434318762084,-0.21635511175282748,-0.8396636975847944,-0.2522582537980263,-0.9461484537920093,-0.08328660330081798,-0.4763850657225202,-0.16189530225754126,-0.7232212031217095,-0.20990942102337978,-0.8802413509100084,-0.24149160906563386,-1.0,-0.08454475146144926,-0.4101581099999706,-0.18595144796747545,-0.6285746212831528,-0.24446608213974763,-0.7664658048133102,-0.26844859835915946,-0.8861875826069726,-0.12703450949752568,-0.3013377946847877,-0.2629173383991026,-0.36422258228915555,-0.2907685131796788,-0.31188321163920507,-0.26850435771219716,-0.24697593163925938,0.0,0.0,0.0,0.0,0.0,0.0,0.0,0.0,0.0,0.0,0.0,0.0,0.0,0.0,0.0,0.0,0.0,0.0,0.0,0.0,0.0,0.0,0.0,0.0,0.0,0.0,0.0,0.0,0.0,0.0,0.0,0.0,0.0,0.0,0.0,0.0,0.0,0.0,0.0,0.0,0.0,0.0,water
0.0,0.0,-0.15651518059958194,-0.1393799939761234,-0.2247038543971466,-0.30486073354861853,-0.2732249564356781,-0.3780447149321657,-0.3146146316743952,-0.383115830897229,-0.11042323285455828,-0.5004003452964016,-0.17180875619640013,-0.7077905404287559,-0.21529874280471967,-0.8448706736248711,-0.24827232817390646,-0.9512265433124205,-0.08353358152550935,-0.4759046069964448,-0.1622469286274876,-0.7247145060976453,-0.2089677799657831,-0.8815956972569151,-0.23871797945853554,-1.0,-0.08355307187110264,-0.40788647372282144,-0.18665382721264714,-0.6246692023757372,-0.24685814495876546,-0.7611460413861625,-0.2728858017591623,-0.8798245687591063,-0.12494444684926098,-0.2959171578724792,-0.26272589253884643,-0.3671709151465141,-0.29123539555543065,-0.31390969307011696,-0.2695129521278585,-0.24698528546897283,0.0,0.0,0.0,0.0,0.0,0.0,0.0,0.0,0.0,0.0,0.0,0.0,0.0,0.0,0.0,0.0,0.0,0.0,0.0,0.0,0.0,0.0,0.0,0.0,0.0,0.0,0.0,0.0,0.0,0.0,0.0,0.0,0.0,0.0,0.0,0.0,0.0,0.0,0.0,0.0,0.0,0.0,water
0.0,0.0,-0.16919717764243852,-0.12405377066015948,-0.23088620709633664,-0.2885929904561963,-0.2734316228101566,-0.3745151700014882,-0.31390173551587774,-0.3987133303114886,-0.11824637577434773,-0.508467867906759,-0.1669978199548541,-0.7122901607144277,-0.20678120139913683,-0.852611907658786,-0.2393212436822428,-0.9621097020529232,-0.08942683784394785,-0.48530758630718074,-0.16280858885530022,-0.7250484801597715,-0.20998685611134021,-0.8814914280715745,-0.24576765649122925,-1.0,-0.08610144537333983,-0.4204892434823012,-0.18097941851073038,-0.6392449023410208,-0.24450177618581845,-0.7756341613869586,-0.2777825112438754,-0.8838209750107071,-0.12424462401321432,-0.31400897692378477,-0.25687827532186625,-0.3857880141822218,-0.2948235572111327,-0.33145092853564356,-0.2850098323557779,-0.2549162346905506,0.0,0.0,0.0,0.0,0.0,0.0,0.0,0.0,0.0,0.0,0.0,0.0,0.0,0.0,0.0,0.0,0.0,0.0,0.0,0.0,0.0,0.0,0.0,0.0,0.0,0.0,0.0,0.0,0.0,0.0,0.0,0.0,0.0,0.0,0.0,0.0,0.0,0.0,0.0,0.0,0.0,0.0,water
0.0,0.0,-0.17196121392857078,-0.129729775300356,-0.2332353640819615,-0.29641140432264734,-0.2716287306393194,-0.3866790679530951,-0.3084114034112348,-0.38943016666089436,-0.1255694049752187,-0.5073466685137961,-0.174981635037614,-0.7049550309059988,-0.21598585670043147,-0.8409771982814406,-0.24844171243476565,-0.9460186310948434,-0.08983724906534646,-0.4848997172798346,-0.15943270950184013,-0.7253626966144671,-0.20419514071297978,-0.8834772757515053,-0.2367493150734872,-1.0,-0.07772434875018,-0.4199324096471193,-0.17049133337829636,-0.6365006589512558,-0.23246225840732485,-0.7707216473234548,-0.26513787848683645,-0.8793128040700038,-0.10487304934934259,-0.3108415709835417,-0.240177251507932,-0.3855885628665018,-0.2822775606590606,-0.3394446581200476,-0.27645181179695916,-0.2720484361072477,0.0,0.0,0.0,0.0,0.0,0.0,0.0,0.0,0.0,0.0,0.0,0.0,0.0,0.0,0.0,0.0,0.0,0.0,0.0,0.0,0.0,0.0,0.0,0.0,0.0,0.0,0.0,0.0,0.0,0.0,0.0,0.0,0.0,0.0,0.0,0.0,0.0,0.0,0.0,0.0,0.0,0.0,water
0.0,0.0,-0.1800663935205162,-0.13220526792254483,-0.23962947941423474,-0.3011186230596764,-0.27600246168004433,-0.3893455723178759,-0.3046048285122022,-0.37391187512816515,-0.13609012095151618,-0.5023582385574391,-0.18124358037585409,-0.7023363226028515,-0.22136989720871672,-0.8420255252667768,-0.2509114218043742,-0.949259563563316,-0.09776061684773095,-0.4879498624796584,-0.16576486908854637,-0.7264847945561133,-0.2132833873881411,-0.8857919593909184,-0.24570433649447487,-1.0,-0.07867213868343313,-0.4313455441272289,-0.1690656755683939,-0.6439200731501821,-0.23038522064410172,-0.7775646554761924,-0.2588917620109207,-0.8834807810264215,-0.10006020067193772,-0.32816823086866753,-0.24013600168416382,-0.4027538624596521,-0.28782536894509236,-0.34432851924989233,-0.28092423036123587,-0.2686977876253063,0.0,0.0,0.0,0.0,0.0,0.0,0.0,0.0,0.0,0.0,0.0,0.0,0.0,0.0,0.0,0.0,0.0,0.0,0.0,0.0,0.0,0.0,0.0,0.0,0.0,0.0,0.0,0.0,0.0,0.0,0.0,0.0,0.0,0.0,0.0,0.0,0.0,0.0,0.0,0.0,0.0,0.0,water
0.0,0.0,-0.12830287171541524,-0.09178550410458802,-0.18644316694429575,-0.24771219229443533,-0.23001458522436974,-0.3465705881635806,-0.24298390859630514,-0.3893318393453052,-0.06408660032384518,-0.4738541012077142,-0.10193503590336957,-0.6841068711257998,-0.14963985800463933,-0.8481831642622104,-0.18873443808649837,-0.965858826997738,-0.01954929883417952,-0.4680524292267504,-0.07530231645725344,-0.7022106700447642,-0.13513720196435042,-0.8743598183718412,-0.18514299283040908,-1.0,0.00576897713910159,-0.41396546316399624,-0.08165453632618591,-0.6251386760029836,-0.1402650277130346,-0.7731626330098207,-0.16987325484354687,-0.8677657120881143,-0.009245990448672978,-0.3100748323973742,-0.14461676657988679,-0.38206970540285035,-0.21962995534660412,-0.3760593959988163,-0.25365725055221033,-0.3344643532018225,0.0,0.0,-0.1777142516275825,-0.11686810449601312,-0.24685590468068014,-0.27769884351646723,-0.2884060988482149,-0.36292020786440127,-0.31391297157975057,-0.39225757386968607,-0.1257999723160694,-0.5127206739770361,-0.17601728656484109,-0.7162926840952595,-0.2191902841840691,-0.8579862727318581,-0.253554057020145,-0.9642884204935709,-0.09026481453033244,-0.4910461370437478,-0.16035836180225613,-0.7343461997586753,-0.20757558553701183,-0.8876817794364593,-0.24453248128858793,-1.0,-0.08203978517085614,-0.4276418749621419,-0.1782776034928737,-0.6440466075784415,-0.24376518499291433,-0.7709608465847312,-0.28235144818970814,-0.8667401066222864,-0.11870717426066978,-0.32287662294739894,-0.25286840759129303,-0.38849030221777764,-0.2986522624243154,-0.33837501776308776,-0.29964020102863537,-0.2674332182753556,water
0.0,0.0,-0.17123831228606007,-0.12627117241748245,-0.23258553573926058,-0.28295278536450796,-0.27019906940307287,-0.37038433195204346,-0.3003968875529091,-0.3681132619922536,-0.13771447262509529,-0.5009895554356186,-0.18254356662028115,-0.6977962755722047,-0.21943581626252925,-0.8360481977306528,-0.24735304404751407,-0.9438599847628184,-0.09314537635861281,-0.48764194753939466,-0.15712725857442814,-0.7269672500332648,-0.1981047820314595,-0.882871816586223,-0.22851125572556027,-1.0,-0.06947764937572211,-0.4330242904068092,-0.16232811985373938,-0.6432479813907815,-0.21880236931147298,-0.7809447732636198,-0.24245150883686264,-0.8954040697918227,-0.08744854731085959,-0.33109384693954114,-0.23657685222313926,-0.400384715035009,-0.279912035990758,-0.3338398037708511,-0.2663281180403289,-0.25178275251684373,0.0,0.0,0.0,0.0,0.0,0.0,0.0,0.0,0.0,0.0,0.0,0.0,0.0,0.0,0.0,0.0,0.0,0.0,0.0,0.0,0.0,0.0,0.0,0.0,0.0,0.0,0.0,0.0,0.0,0.0,0.0,0.0,0.0,0.0,0.0,0.0,0.0,0.0,0.0,0.0,0.0,0.0,water
0.0,0.0,-0.12478970626933931,-0.07796883932379337,-0.17879666226353702,-0.21925459638770528,-0.21951593228600208,-0.3163227342786883,-0.2451526468685711,-0.35384750998482023,-0.07448617551246337,-0.468501376032024,-0.12024095792051293,-0.6713125517713414,-0.16895262120165253,-0.8298845896080091,-0.20491080745792506,-0.9472547415743154,-0.02026390259015505,-0.4638769232364688,-0.07730901803295477,-0.6967715423873605,-0.12363521345672467,-0.8703654684018195,-0.1591391730326242,-1.0,0.006344914126009015,-0.4060649113778339,-0.09337262013867914,-0.6083640450545162,-0.15110037191105766,-0.7596974933272493,-0.1764461947496892,-0.8700175390610315,-0.01414506475711706,-0.296327945440946,-0.15642703530238353,-0.348504124207145,-0.2165956073272571,-0.32848185361819293,-0.23604879825672362,-0.2800115630764524,0.0,0.0,-0.1734818488626561,-0.1321795321901532,-0.23638020744092123,-0.29222762627591053,-0.27324258123990236,-0.37714505137229953,-0.2984077798401993,-0.36694797954685077,-0.1361478843209241,-0.506400857124118,-0.17865686508351672,-0.7056720020570253,-0.21295964494981462,-0.8458129754629838,-0.23802305892637535,-0.9545023866621973,-0.09373989387619676,-0.4908876095773317,-0.1592365404302823,-0.7303894390906968,-0.20158257501708324,-0.8843642704879284,-0.23221123634162688,-1.0,-0.07151725811060052,-0.4350576654715011,-0.16839829128921063,-0.6454842689991723,-0.22747093237665622,-0.7796103044619792,-0.2520061329491011,-0.8931753920410098,-0.09098660278329317,-0.3307035757153916,-0.2431520054067266,-0.4029139224344431,-0.28369598691710146,-0.32914923259840373,-0.26446334539392236,-0.24171748900396994,water
0.0,0.0,-0.17189061136654415,-0.11966472718395248,-0.23926842169508078,-0.27143037980406254,-0.2791565510662634,-0.36372466578960455,-0.31019290845551173,-0.38152699226467385,-0.13891940522530097,-0.5011892329323261,-0.18415388371241403,-0.7017482470060084,-0.22032116748721706,-0.8492784581790563,-0.24919787244623473,-0.9630492375436835,-0.09703607257010846,-0.4825437513845375,-0.16346697228212467,-0.7160120347388932,-0.197382602523588,-0.8771211114275769,-0.22493648081087558,-1.0,-0.08109162586519465,-0.41997034264194616,-0.17790029521729891,-0.6204147509188808,-0.22338466859258657,-0.7567423019715814,-0.24019035412513054,-0.8671764025082168,-0.10653026994525143,-0.3138826725981383,-0.23923880954641422,-0.37045046633482975,-0.2788955798782059,-0.32049748409759804,-0.2707074817015005,-0.2507599698001293,0.0,0.0,0.0,0.0,0.0,0.0,0.0,0.0,0.0,0.0,0.0,0.0,0.0,0.0,0.0,0.0,0.0,0.0,0.0,0.0,0.0,0.0,0.0,0.0,0.0,0.0,0.0,0.0,0.0,0.0,0.0,0.0,0.0,0.0,0.0,0.0,0.0,0.0,0.0,0.0,0.0,0.0,water
0.0,0.0,-0.11636224695465644,-0.0787936003463706,-0.17894879742381678,-0.21636299970850256,-0.22221890549071635,-0.30369308824014196,-0.2595134458708986,-0.35274875854018706,-0.051854616756144875,-0.45221972832854124,-0.10073793238245814,-0.666441532700276,-0.15336931323670916,-0.8300299985386193,-0.19764629446536436,-0.9506284326548772,-0.019524358205964355,-0.43752182012765145,-0.08271726487668724,-0.6805548886041114,-0.13445455586095442,-0.8596059567228835,-0.17643940162818061,-1.0,-0.012128941023293578,-0.36810909012566057,-0.1081805913582301,-0.5759117211820519,-0.17355388847977726,-0.7398316582829788,-0.2129512077935461,-0.8660850907756246,-0.0452347956052673,-0.24880824789793488,-0.17147317302099066,-0.3012061452747435,-0.23244117293585162,-0.293675751540355,-0.25639704494797044,-0.2609828732925791,0.0,0.0,-0.16856749901139234,-0.11443136575725313,-0.23573765280460476,-0.26804709231775536,-0.28014609009906877,-0.3513856447157705,-0.32277808589728835,-0.3757758224435759,-0.13350058457292713,-0.5033368476291616,-0.18818658491614187,-0.6973307253836691,-0.2298148245704672,-0.8346405865670997,-0.2609816845874652,-0.9407260461323114,-0.09740673908241382,-0.48516907621650746,-0.1652289556572438,-0.721399393653964,-0.2088849432508676,-0.8805723501414348,-0.2415831559793411,-1.0,-0.08558844031059351,-0.42126036681470724,-0.17392440729324535,-0.6201612204878849,-0.23275453340770405,-0.752150574952514,-0.2632814268146575,-0.854169007709218,-0.11494550957327193,-0.3127183669851841,-0.2470204416255717,-0.3624051439704428,-0.2892681861417667,-0.3153173481483927,-0.286755573904556,-0.24889873966936077,water
0.0,0.0,-0.16639816092906964,-0.11687152479192964,-0.23207760810838515,-0.26933990393269475,-0.27579271522268706,-0.3531227055826139,-0.3195052315250893,-0.38302247720817717,-0.13115320642260017,-0.505420091138004,-0.18356713345587497,-0.6985290721761896,-0.22324192573471482,-0.8364080262902074,-0.25313302377261415,-0.9430566579022128,-0.09525942250126894,-0.48602414681748046,-0.16059113766605695,-0.7223474197653715,-0.20280244743862197,-0.8807082063178413,-0.23515064895332324,-1.0,-0.08326035879816066,-0.4223377098529478,-0.16988178913809995,-0.6181404594027661,-0.22819206612292658,-0.7481611430932447,-0.259134808504081,-0.8495781369719446,-0.11083763652170661,-0.3149381933660346,-0.24104913914079215,-0.3635294337634156,-0.2848766649627385,-0.3190328026073931,-0.28454098585574406,-0.2562873935824012,0.0,0.0,0.0,0.0,0.0,0.0,0.0,0.0,0.0,0.0,0.0,0.0,0.0,0.0,0.0,0.0,0.0,0.0,0.0,0.0,0.0,0.0,0.0,0.0,0.0,0.0,0.0,0.0,0.0,0.0,0.0,0.0,0.0,0.0,0.0,0.0,0.0,0.0,0.0,0.0,0.0,0.0,water
0.0,0.0,-0.17971993586704846,-0.12718826291792246,-0.24327511101981042,-0.2932204929195781,-0.282710557136331,-0.3741800773373274,-0.3188025556242827,-0.3699109644562209,-0.1395462450990362,-0.5108073173532451,-0.18661814643630203,-0.7099030327710867,-0.22862787962410788,-0.8459563467410218,-0.26090125414392046,-0.9482220862777997,-0.09759347418453919,-0.4980350846835355,-0.1595358129626203,-0.7326084440511569,-0.2067817719819451,-0.8874914698146382,-0.24238636366210115,-1.0,-0.07633103166490872,-0.44377959518509114,-0.16484043882014032,-0.6504212830078254,-0.22287038670702117,-0.7886448256173045,-0.2518058626069968,-0.8960623101587855,-0.09879455146229969,-0.34365079023546596,-0.24155514480308155,-0.4001188620319383,-0.29007511092921434,-0.3336779758484491,-0.2852554004878145,-0.25177415398567177,0.0,0.0,0.0,0.0,0.0,0.0,0.0,0.0,0.0,0.0,0.0,0.0,0.0,0.0,0.0,0.0,0.0,0.0,0.0,0.0,0.0,0.0,0.0,0.0,0.0,0.0,0.0,0.0,0.0,0.0,0.0,0.0,0.0,0.0,0.0,0.0,0.0,0.0,0.0,0.0,0.0,0.0,water
0.0,0.0,-0.16943231168168016,-0.12233931320887949,-0.23281141933573188,-0.28196456352964044,-0.27518891364416365,-0.37278014332865184,-0.31422422268052835,-0.38508410755250627,-0.12517968528043624,-0.5050160118248035,-0.17278018796402655,-0.6992838923653646,-0.2130399569179363,-0.8387942110597085,-0.24392161046217475,-0.9469879044829762,-0.08634735561070007,-0.4884812836062526,-0.1605911598301267,-0.7266315401145924,-0.20724338397737344,-0.8849525447854611,-0.24166004761255425,-1.0,-0.07226199358098676,-0.4312810508774087,-0.1742243655137275,-0.6356110839455261,-0.23126491518944034,-0.7616765582376704,-0.2558750754058862,-0.8589198551760632,-0.09996069855254175,-0.33037765321036583,-0.24433984392348515,-0.3925757088488068,-0.28398141293725093,-0.32990965130622074,-0.273466546121398,-0.2480028459514934,0.0,0.0,0.0,0.0,0.0,0.0,0.0,0.0,0.0,0.0,0.0,0.0,0.0,0.0,0.0,0.0,0.0,0.0,0.0,0.0,0.0,0.0,0.0,0.0,0.0,0.0,0.0,0.0,0.0,0.0,0.0,0.0,0.0,0.0,0.0,0.0,0.0,0.0,0.0,0.0,0.0,0.0,water
0.0,0.0,-0.17547281695203262,-0.1336386541581184,-0.23901874039952198,-0.2989663508448421,-0.2794320490958373,-0.3858773318935345,-0.3182627705367254,-0.3745438003806557,-0.13294598778553895,-0.5106116710287627,-0.17693740671482325,-0.7073340270357453,-0.21549583478841372,-0.8466190221726502,-0.24409385362938307,-0.9543477358356942,-0.09459913376741906,-0.4923576920267662,-0.16784993471841447,-0.7260058259458171,-0.21406421328085645,-0.8847498619662445,-0.24626953646633143,-1.0,-0.07836809578687899,-0.4351254669670293,-0.17482610632917236,-0.6333683588668955,-0.23369952887586243,-0.7670432004028122,-0.2595870465172091,-0.8725393970650038,-0.10337201978628134,-0.33563570899398426,-0.24486477798155687,-0.38663837686956093,-0.2899276097038119,-0.32160277670412024,-0.2824027442020827,-0.23935241910400495,0.0,0.0,0.0,0.0,0.0,0.0,0.0,0.0,0.0,0.0,0.0,0.0,0.0,0.0,0.0,0.0,0.0,0.0,0.0,0.0,0.0,0.0,0.0,0.0,0.0,0.0,0.0,0.0,0.0,0.0,0.0,0.0,0.0,0.0,0.0,0.0,0.0,0.0,0.0,0.0,0.0,0.0,water
0.0,0.0,-0.13470890654399342,-0.0926855923810008,-0.1995674561161753,-0.24658548989738135,-0.24301987536233957,-0.3540746835808322,-0.2779443919803854,-0.3905012431202145,-0.06061888880858225,-0.49519073575614037,-0.11003526696704878,-0.691048554890952,-0.15613476053223707,-0.8509327968497208,-0.19251710729857574,-0.9681840119729248,-0.01531085683030423,-0.48829963234564117,-0.08166416877736327,-0.706493638523251,-0.13605117456394158,-0.8757581365401625,-0.1797519266311535,-1.0,0.0008289233077825865,-0.43666387887924063,-0.09299428755087448,-0.6327676481108041,-0.1548075830994954,-0.7819836391559967,-0.18881872207083097,-0.8805471476275082,-0.026173961641845298,-0.3381678809294425,-0.15913765501276214,-0.3869583968395545,-0.23410517715687512,-0.35980751823644513,-0.27358493313413756,-0.300715161460017,0.0,0.0,-0.1736346520193746,-0.13517372912438566,-0.23381288247415347,-0.29327490124859124,-0.27066121764877177,-0.3923368462234394,-0.3096391822471975,-0.40759202164195196,-0.13399449170532624,-0.5146983441772791,-0.1712232726561406,-0.7077213932117715,-0.19976559738767236,-0.850467360353171,-0.22022053184607895,-0.9653075242238262,-0.09011774591156942,-0.5062262846574654,-0.15836902906859138,-0.7200099140412611,-0.193579213411964,-0.8776282768018103,-0.21885968519584678,-1.0,-0.06852403043566209,-0.45696528084967336,-0.1669451193352702,-0.6325605123291995,-0.20932631199887966,-0.7660681934882977,-0.2201758519740279,-0.8736655500403453,-0.08502023931517537,-0.3669164441935061,-0.22353806791785127,-0.3998417310004957,-0.27452558200534827,-0.34752449057165785,-0.27536616377729417,-0.2807549786937028,water
0.0,0.0,-0.172793799231239,-0.12781665096553643,-0.238102711307937,-0.29531422602140595,-0.2746305988853342,-0.3969784719894864,-0.29028624640799267,-0.4004736255345786,-0.13279102596788994,-0.5237662245319952,-0.16775850989813573,-0.7108702398496236,-0.20094053941744192,-0.8480389018851767,-0.22673377137013165,-0.9566130480268519,-0.0829400667222353,-0.5134342680102079,-0.13923133202806845,-0.7285940950312291,-0.1813681004275743,-0.8817424688290294,-0.21459941517812348,-1.0,-0.054510351781367615,-0.46335227732101875,-0.13689487980716517,-0.6574116016769826,-0.1912461898086116,-0.7956045104957606,-0.21803819527894,-0.9047277716408128,-0.06409959648132245,-0.3719158797458078,-0.19791331868583645,-0.42054079964346286,-0.2600181369650974,-0.3586786419072432,-0.2737206495372615,-0.28192658516255376,0.0,0.0,0.0,0.0,0.0,0.0,0.0,0.0,0.0,0.0,0.0,0.0,0.0,0.0,0.0,0.0,0.0,0.0,0.0,0.0,0.0,0.0,0.0,0.0,0.0,0.0,0.0,0.0,0.0,0.0,0.0,0.0,0.0,0.0,0.0,0.0,0.0,0.0,0.0,0.0,0.0,0.0,water
0.0,0.0,-0.16335407823170467,-0.13006992118282512,-0.2257439054237724,-0.2933157575408323,-0.26333451143145936,-0.39663240687200046,-0.28673666746058646,-0.40297003431092104,-0.12592298656420353,-0.5188157900791284,-0.15681837254617972,-0.7035410649729515,-0.18676302676707598,-0.8407886932379286,-0.2107401355828069,-0.9518739976944919,-0.07794400915191615,-0.5082098393616096,-0.13271154877249552,-0.7223764656749462,-0.17201583837165657,-0.8778961548498604,-0.20413102700722394,-1.0,-0.04979586327605205,-0.45942868887319555,-0.13174438352856677,-0.6520678908807974,-0.1862656400195186,-0.7918042057883985,-0.21454415819264994,-0.9028246527659852,-0.05700709466321549,-0.37133010199934136,-0.1892098628067118,-0.4213967890727418,-0.2525681699213362,-0.3637604015729692,-0.26974959535287396,-0.2893572601922104,0.0,0.0,0.0,0.0,0.0,0.0,0.0,0.0,0.0,0.0,0.0,0.0,0.0,0.0,0.0,0.0,0.0,0.0,0.0,0.0,0.0,0.0,0.0,0.0,0.0,0.0,0.0,0.0,0.0,0.0,0.0,0.0,0.0,0.0,0.0,0.0,0.0,0.0,0.0,0.0,0.0,0.0,water
0.0,0.0,-0.16960759360206523,-0.12469754063515963,-0.2349788868868573,-0.28425706980926674,-0.27553815884878186,-0.39379879112512756,-0.2954300178033811,-0.4112894433986572,-0.11849176506879475,-0.5185619219861347,-0.1572157419228323,-0.7067814697090682,-0.18684663012865757,-0.8436588690409433,-0.2085158051177837,-0.9582089525509561,-0.07319331946760436,-0.5086128025405131,-0.13889256388163404,-0.7271354823198524,-0.17554697883137022,-0.8771830856015127,-0.20432284359820369,-1.0,-0.04881882748405072,-0.4637822189598733,-0.15637784357693724,-0.6276989090756054,-0.19380971536752128,-0.7285607825518359,-0.19989158584853942,-0.8051538247496323,-0.06566432265555797,-0.38550129176927733,-0.19750269132590528,-0.45283559082354685,-0.24771939650724212,-0.3928541127869824,-0.25127772222382655,-0.3125309342980693,0.0,0.0,0.0,0.0,0.0,0.0,0.0,0.0,0.0,0.0,0.0,0.0,0.0,0.0,0.0,0.0,0.0,0.0,0.0,0.0,0.0,0.0,0.0,0.0,0.0,0.0,0.0,0.0,0.0,0.0,0.0,0.0,0.0,0.0,0.0,0.0,0.0,0.0,0.0,0.0,0.0,0.0,water
0.0,0.0,-0.1697136104389322,-0.13169138756520385,-0.23306064043552682,-0.2925424600319789,-0.27199667581531606,-0.39905010407810254,-0.2923415205100391,-0.4045356853706556,-0.11702550871978296,-0.5247663035021211,-0.1568823477674514,-0.7063815776120447,-0.18762970296583126,-0.8408225214639944,-0.2098594550953166,-0.9511732748180607,-0.07131165471779385,-0.5146582111195557,-0.13664654264495948,-0.7294639132013432,-0.17322903722680907,-0.87966000401428,-0.2014656632470113,-1.0,-0.04606589282774454,-0.46638378772126465,-0.14390178996294684,-0.6400140274279065,-0.1843867059675204,-0.7617200062243892,-0.19723003403117156,-0.8589593993915434,-0.06008339779485225,-0.3814907863252875,-0.19334824781187912,-0.4445483596704682,-0.24749355572745294,-0.3896650331403622,-0.2570201413116773,-0.31448704041568093,0.0,0.0,0.0,0.0,0.0,0.0,0.0,0.0,0.0,0.0,0.0,0.0,0.0,0.0,0.0,0.0,0.0,0.0,0.0,0.0,0.0,0.0,0.0,0.0,0.0,0.0,0.0,0.0,0.0,0.0,0.0,0.0,0.0,0.0,0.0,0.0,0.0,0.0,0.0,0.0,0.0,0.0,water
0.0,0.0,-0.16970505887873946,-0.13300085089216476,-0.23251525631933942,-0.2911629874174264,-0.27517287012332714,-0.39848738358155184,-0.30612026790610114,-0.40931547474376695,-0.11601208239616322,-0.5268071918332524,-0.1572403745379265,-0.7114912237264898,-0.18806488586551362,-0.8430242515624298,-0.2110926945478846,-0.9554367375531467,-0.07248710827954874,-0.5103390439570075,-0.137430669097441,-0.7301304413599919,-0.17455350876037323,-0.8775312679020125,-0.20723460500749813,-1.0,-0.04759158448114431,-0.45898386303225625,-0.162852037893549,-0.6085037426989318,-0.1984607165393357,-0.6794174046289806,-0.20462843542600714,-0.7341568467290169,-0.06342054107292368,-0.37652432583945533,-0.19733270519652973,-0.4554471863090406,-0.24662164464326358,-0.39839107330983425,-0.25424151345231893,-0.32044380863512445,0.0,0.0,0.0,0.0,0.0,0.0,0.0,0.0,0.0,0.0,0.0,0.0,0.0,0.0,0.0,0.0,0.0,0.0,0.0,0.0,0.0,0.0,0.0,0.0,0.0,0.0,0.0,0.0,0.0,0.0,0.0,0.0,0.0,0.0,0.0,0.0,0.0,0.0,0.0,0.0,0.0,0.0,water
0.0,0.0,-0.17525669234621813,-0.12690612989088534,-0.24271903119249535,-0.2893679904109666,-0.28222449817954676,-0.3967311750505056,-0.3028673685869119,-0.3909136030342763,-0.1296405800689915,-0.53235117021097,-0.1631558274199085,-0.7163525657979888,-0.19252212962077173,-0.8552296809845641,-0.21749086959702424,-0.967564306736521,-0.08393938200255482,-0.517689853294542,-0.14155844302009532,-0.7226718738569411,-0.17804516524763228,-0.8749099339909849,-0.20955684484786413,-1.0,-0.05972347118506722,-0.4658062047348666,-0.13710021777910333,-0.6456219647389183,-0.18949393088467836,-0.7846602477166958,-0.21823041816964261,-0.8968138973455709,-0.07157560648947964,-0.3776969437769762,-0.18493373775344255,-0.4319938324057557,-0.239555775648132,-0.3818463391163908,-0.2547807296444067,-0.3097230772693764,0.0,0.0,0.0,0.0,0.0,0.0,0.0,0.0,0.0,0.0,0.0,0.0,0.0,0.0,0.0,0.0,0.0,0.0,0.0,0.0,0.0,0.0,0.0,0.0,0.0,0.0,0.0,0.0,0.0,0.0,0.0,0.0,0.0,0.0,0.0,0.0,0.0,0.0,0.0,0.0,0.0,0.0,water
0.0,0.0,-0.17293568552584682,-0.1195640762789319,-0.2317533638458471,-0.27893939607807156,-0.2698541230710598,-0.3836930228208666,-0.2901341303757133,-0.4051252995084356,-0.11263546250454336,-0.513317097829424,-0.14962122548794732,-0.6973837783761085,-0.1786874384662345,-0.8354291572123749,-0.19926794668661627,-0.9463924010431186,-0.06436828862908946,-0.5060183992575367,-0.12178480561505535,-0.723443438339197,-0.1577602238682198,-0.8774223130696835,-0.1841348308461047,-1.0,-0.040449739043902026,-0.4621560725666153,-0.1285169083318924,-0.65539613629707,-0.17318005617878404,-0.7967233159597856,-0.18982063899838028,-0.9073294875097484,-0.05811831068420254,-0.3783836954488833,-0.1905283875771488,-0.4467307264777808,-0.2477128847735028,-0.3835324615976371,-0.25599281532636275,-0.2995395333490954,0.0,0.0,0.0,0.0,0.0,0.0,0.0,0.0,0.0,0.0,0.0,0.0,0.0,0.0,0.0,0.0,0.0,0.0,0.0,0.0,0.0,0.0,0.0,0.0,0.0,0.0,0.0,0.0,0.0,0.0,0.0,0.0,0.0,0.0,0.0,0.0,0.0,0.0,0.0,0.0,0.0,0.0,water
0.0,0.0,-0.16419227102356235,-0.12456501560405056,-0.23217521745568478,-0.2745530954531084,-0.2767833208664208,-0.38388907900711994,-0.31262208043371825,-0.4257810507573734,-0.11067787123405806,-0.5180589725032114,-0.1492227634662316,-0.7120988071535286,-0.17674674027125814,-0.8431218257402009,-0.1959598665032973,-0.9568793876210637,-0.06998510486699426,-0.5044751684493715,-0.12912141184919176,-0.7216560493811071,-0.16272837312746338,-0.8737929021511772,-0.19285905438262718,-1.0,-0.044132420855702806,-0.4558744323884769,-0.18945849709029228,-0.5310109299133323,-0.2316661674658748,-0.43812228299764044,-0.23713213526641255,-0.3522666374860772,-0.05326970526780793,-0.379700061589319,-0.19056602628904468,-0.44487104329070765,-0.24169134021818484,-0.3718372558981154,-0.2546212773683183,-0.29053890541781535,0.0,0.0,0.0,0.0,0.0,0.0,0.0,0.0,0.0,0.0,0.0,0.0,0.0,0.0,0.0,0.0,0.0,0.0,0.0,0.0,0.0,0.0,0.0,0.0,0.0,0.0,0.0,0.0,0.0,0.0,0.0,0.0,0.0,0.0,0.0,0.0,0.0,0.0,0.0,0.0,0.0,0.0,water
0.0,0.0,-0.15945298882461964,-0.12072051645902585,-0.22499004253585447,-0.27208960805596855,-0.2650387027194193,-0.3718555805016998,-0.2870183117439874,-0.3904698489723072,-0.11713734959016946,-0.5157966427383482,-0.15266671097032394,-0.6969762319565754,-0.18193079681864993,-0.8332725243919866,-0.2048994198392646,-0.9459779880319317,-0.0685961778105567,-0.5051396585925423,-0.1258768975104385,-0.718403999838422,-0.16300097337741112,-0.8763439318974605,-0.19549444836082983,-1.0,-0.040839285008467646,-0.45366901606355053,-0.12293613367195226,-0.6310636830325246,-0.17447279733726334,-0.7738022484540412,-0.20344597755368235,-0.8848667393767865,-0.050013399684575334,-0.3610698117051131,-0.17893074426235062,-0.4123258855410671,-0.23834412040517866,-0.35852474033496173,-0.25793024606338116,-0.28150782719662526,0.0,0.0,0.0,0.0,0.0,0.0,0.0,0.0,0.0,0.0,0.0,0.0,0.0,0.0,0.0,0.0,0.0,0.0,0.0,0.0,0.0,0.0,0.0,0.0,0.0,0.0,0.0,0.0,0.0,0.0,0.0,0.0,0.0,0.0,0.0,0.0,0.0,0.0,0.0,0.0,0.0,0.0,water
0.0,0.0,-0.17518123025620702,-0.13249734542800173,-0.2395485329903941,-0.29799435280078307,-0.2753968397574123,-0.4108041742317188,-0.285358545956533,-0.3992171770888591,-0.12278553971001394,-0.5430459922803369,-0.15339520420565408,-0.7154157593752951,-0.17837201255835425,-0.8488826966038249,-0.19932327170371889,-0.9603241887778023,-0.07538168023153693,-0.5332022302818039,-0.13034764963356757,-0.7259656419386187,-0.1636809535452107,-0.875133611250619,-0.19073397702107153,-1.0,-0.047668434027596955,-0.4820669649437619,-0.12195827533582652,-0.6543579554632106,-0.17033282992821402,-0.7884517953556686,-0.19453731891317452,-0.8977769117993629,-0.053139323765988115,-0.39367699927004784,-0.16811009478785932,-0.4386310617140547,-0.22827421486013075,-0.38997670684786895,-0.24798766672168523,-0.3216877870269765,0.0,0.0,0.0,0.0,0.0,0.0,0.0,0.0,0.0,0.0,0.0,0.0,0.0,0.0,0.0,0.0,0.0,0.0,0.0,0.0,0.0,0.0,0.0,0.0,0.0,0.0,0.0,0.0,0.0,0.0,0.0,0.0,0.0,0.0,0.0,0.0,0.0,0.0,0.0,0.0,0.0,0.0,water
0.0,0.0,-0.17115075557250062,-0.13561979590884432,-0.2346185802433233,-0.3006533013490415,-0.26939729572473636,-0.4141677556496822,-0.28154820101627603,-0.4032367177429003,-0.12031904087816297,-0.5381811193455354,-0.15303497299639104,-0.7136142375065875,-0.17903455767533438,-0.8471419475815288,-0.2009406424826557,-0.9586936892208705,-0.0724416786843655,-0.5245597829007589,-0.12813981502511276,-0.7228691740883006,-0.16179829152220918,-0.8740296735616302,-0.1890250415597495,-1.0,-0.04430091271114642,-0.4708955697539234,-0.11796400683532653,-0.650244382605788,-0.1656326027471785,-0.7890686524822068,-0.1892309328823038,-0.903576073526423,-0.04952051206122867,-0.37983056758554057,-0.16615142234192865,-0.4435396676945015,-0.22932699633309986,-0.3971256598308241,-0.2518400292980477,-0.3292587049900228,0.0,0.0,0.0,0.0,0.0,0.0,0.0,0.0,0.0,0.0,0.0,0.0,0.0,0.0,0.0,0.0,0.0,0.0,0.0,0.0,0.0,0.0,0.0,0.0,0.0,0.0,0.0,0.0,0.0,0.0,0.0,0.0,0.0,0.0,0.0,0.0,0.0,0.0,0.0,0.0,0.0,0.0,water
0.0,0.0,-0.16807005901144445,-0.12125257809094399,-0.23682283771093718,-0.28025838381078166,-0.27623818849396115,-0.38734756461221825,-0.28356940079853044,-0.3941584959346949,-0.13783867602695313,-0.5215848292224846,-0.16783084687169944,-0.7035274573462851,-0.19634870753876082,-0.8402639791627359,-0.21697592914289185,-0.9525325473815704,-0.08836817415858268,-0.5113871918490036,-0.13903755608906584,-0.71980689529535,-0.17379293294035744,-0.8751379861504195,-0.20190003404923476,-1.0,-0.0535527231797214,-0.4628451280316289,-0.12332741267021906,-0.6541218008358328,-0.17369533959232006,-0.797867910656543,-0.20220886277724642,-0.9153527348909232,-0.05370280006159225,-0.36867969212551804,-0.17683047167949478,-0.4433143134741714,-0.24154190983675886,-0.3795114693871355,-0.2638168324669213,-0.2925115539680371,0.0,0.0,0.0,0.0,0.0,0.0,0.0,0.0,0.0,0.0,0.0,0.0,0.0,0.0,0.0,0.0,0.0,0.0,0.0,0.0,0.0,0.0,0.0,0.0,0.0,0.0,0.0,0.0,0.0,0.0,0.0,0.0,0.0,0.0,0.0,0.0,0.0,0.0,0.0,0.0,0.0,0.0,water
0.0,0.0,-0.17060206558427973,-0.12495797635890211,-0.23372103086981652,-0.28528996421086233,-0.2693759973139663,-0.3967033894213937,-0.2852739810925146,-0.40151920083538434,-0.13616725256936782,-0.5210296520551245,-0.16659323855380395,-0.6998803114511758,-0.19293515724996424,-0.8332725902350323,-0.2116650886508552,-0.9427256370523042,-0.08491341499003392,-0.509542465297062,-0.13661238785178625,-0.7185877360119445,-0.16897570174587842,-0.875737234924875,-0.19446127323042958,-1.0,-0.05144759211603874,-0.46200606184227294,-0.12543573025019342,-0.6475546263842794,-0.17211317700466358,-0.7904321791709741,-0.19685874098258557,-0.9052942611689379,-0.05168222864253093,-0.37197587440704805,-0.17745045124583514,-0.44059455460594327,-0.24581307536507835,-0.3794935939226748,-0.27227350834014336,-0.2967075646033294,0.0,0.0,0.0,0.0,0.0,0.0,0.0,0.0,0.0,0.0,0.0,0.0,0.0,0.0,0.0,0.0,0.0,0.0,0.0,0.0,0.0,0.0,0.0,0.0,0.0,0.0,0.0,0.0,0.0,0.0,0.0,0.0,0.0,0.0,0.0,0.0,0.0,0.0,0.0,0.0,0.0,0.0,water
0.0,0.0,-0.17454014695321665,-0.12956704563321972,-0.2369554650149241,-0.2899544459421473,-0.27283182071646506,-0.4016791039486944,-0.28736085883868445,-0.39989349130233487,-0.13648967482789925,-0.521229665158375,-0.16871357163745782,-0.6996498341198999,-0.19553963207394723,-0.8334209638513754,-0.21447970915536466,-0.9432721242706149,-0.08593228149088625,-0.5092668455041619,-0.1422065575250554,-0.7185250333602949,-0.17573564384224238,-0.8765118445130029,-0.2008026969991109,-1.0,-0.05297281171403767,-0.46075893771312915,-0.1309651358476568,-0.6443850354843627,-0.17555224127316713,-0.7862594620787383,-0.1957537834685155,-0.8996417216638124,-0.05437788038532422,-0.3699262529764754,-0.1808715700066797,-0.44374916721930957,-0.24782353925087575,-0.3830538206942212,-0.27075343999759244,-0.2975363212323257,0.0,0.0,0.0,0.0,0.0,0.0,0.0,0.0,0.0,0.0,0.0,0.0,0.0,0.0,0.0,0.0,0.0,0.0,0.0,0.0,0.0,0.0,0.0,0.0,0.0,0.0,0.0,0.0,0.0,0.0,0.0,0.0,0.0,0.0,0.0,0.0,0.0,0.0,0.0,0.0,0.0,0.0,water
0.0,0.0,-0.16540781940504026,-0.11849177991877934,-0.22949842427910525,-0.28776894550113613,-0.26453854074156247,-0.399097745927841,-0.27259157405584283,-0.4078332985633446,-0.1216176055251068,-0.5169551996835751,-0.15056953675737764,-0.6975312729093884,-0.17173024075087545,-0.8320381602978251,-0.1842730528824393,-0.9431411909745069,-0.06913503918299138,-0.5131509793956882,-0.11822519794471377,-0.7244818855594846,-0.148713014736035,-0.8772539798973746,-0.171740226720588,-1.0,-0.037290650114849506,-0.4722226141835938,-0.11678179114865353,-0.6564898057359844,-0.16032365830356177,-0.7932361553756103,-0.17728873541370027,-0.902487874102104,-0.04170596833188501,-0.3943661329744752,-0.17192019126171207,-0.45603448893435156,-0.2342173376840322,-0.3994537674567233,-0.25126251963816926,-0.3256055676557046,0.0,0.0,0.0,0.0,0.0,0.0,0.0,0.0,0.0,0.0,0.0,0.0,0.0,0.0,0.0,0.0,0.0,0.0,0.0,0.0,0.0,0.0,0.0,0.0,0.0,0.0,0.0,0.0,0.0,0.0,0.0,0.0,0.0,0.0,0.0,0.0,0.0,0.0,0.0,0.0,0.0,0.0,water
0.0,0.0,-0.1608219339781287,-0.12705718924253254,-0.22880025882080304,-0.2855443547424659,-0.26233196068041575,-0.39162725117465325,-0.28244460241019276,-0.39811079040592423,-0.12865615847262743,-0.5208458371468608,-0.16001084061646567,-0.7048600939896202,-0.1824415429087483,-0.8392841721357968,-0.1975963818900081,-0.9503874717538581,-0.07527566975958394,-0.5064457836815306,-0.12356545184930588,-0.7225546446486716,-0.15303452636530795,-0.875759287973729,-0.177859451277331,-1.0,-0.038444263044216956,-0.4524230166510654,-0.11173017193530174,-0.6379863359627687,-0.15837498378030263,-0.7762873015067068,-0.1807355996210558,-0.8905585955282674,-0.03529362751416159,-0.35564143858191893,-0.16456797886730748,-0.4355864283119754,-0.23021207769658164,-0.3860185991649514,-0.2526165246927805,-0.31448463457618525,0.0,0.0,0.0,0.0,0.0,0.0,0.0,0.0,0.0,0.0,0.0,0.0,0.0,0.0,0.0,0.0,0.0,0.0,0.0,0.0,0.0,0.0,0.0,0.0,0.0,0.0,0.0,0.0,0.0,0.0,0.0,0.0,0.0,0.0,0.0,0.0,0.0,0.0,0.0,0.0,0.0,0.0,water
0.0,0.0,-0.16605502976623282,-0.13278498764986874,-0.23348228189074366,-0.2916362618145471,-0.2658244116268299,-0.4009717127054102,-0.26189679464409366,-0.4012445707427265,-0.12932755772984714,-0.5263505226672642,-0.1563292336720255,-0.7091084087305036,-0.18051607229199235,-0.8415485853101815,-0.197732352489239,-0.9502019994707551,-0.0779793161037606,-0.5122262723495982,-0.12438512123977677,-0.7269911213858501,-0.15596990195965818,-0.878425381562382,-0.1811083844571913,-1.0,-0.04179235871794433,-0.4589803778444475,-0.10886515546514709,-0.6481412169295083,-0.15939634006130313,-0.7872565543903162,-0.18743851754212773,-0.9012219228754512,-0.03772397819649723,-0.36282620243378966,-0.15954891516715752,-0.43532365102692366,-0.22766947377409477,-0.38291171817990904,-0.2541887176344097,-0.31074065894674197,0.0,0.0,0.0,0.0,0.0,0.0,0.0,0.0,0.0,0.0,0.0,0.0,0.0,0.0,0.0,0.0,0.0,0.0,0.0,0.0,0.0,0.0,0.0,0.0,0.0,0.0,0.0,0.0,0.0,0.0,0.0,0.0,0.0,0.0,0.0,0.0,0.0,0.0,0.0,0.0,0.0,0.0,water
0.0,0.0,-0.16529778778609203,-0.12608071221637712,-0.22550076103696842,-0.28919512154798505,-0.2632464340549497,-0.39863500735701274,-0.26783262382658707,-0.4076051307783361,-0.10727218113044855,-0.5157943351538531,-0.13465748827526414,-0.6966892476394327,-0.1555916410250134,-0.8290102697585658,-0.16792647324368362,-0.9353579128198819,-0.05576536228644749,-0.508869746842754,-0.10438777694542155,-0.72890207776297,-0.1344713353477356,-0.8807691572725999,-0.15636845912397335,-1.0,-0.025559204897260546,-0.4686480466503101,-0.10756912403560652,-0.6616233608826784,-0.14919953167616434,-0.7921178513357385,-0.16133769021361638,-0.8963581230202464,-0.034173340367208656,-0.38954894093584463,-0.16283399903939078,-0.46514828572906997,-0.22072058144985005,-0.40511171215389674,-0.2296007416916642,-0.3246416878208964,0.0,0.0,0.0,0.0,0.0,0.0,0.0,0.0,0.0,0.0,0.0,0.0,0.0,0.0,0.0,0.0,0.0,0.0,0.0,0.0,0.0,0.0,0.0,0.0,0.0,0.0,0.0,0.0,0.0,0.0,0.0,0.0,0.0,0.0,0.0,0.0,0.0,0.0,0.0,0.0,0.0,0.0,water
0.0,0.0,-0.1503576218485535,-0.12072410177636508,-0.20808846646705545,-0.2787555021845416,-0.2446523268360475,-0.38764433328985237,-0.2587403690952317,-0.4152578158796006,-0.10814335131524855,-0.5092232977369778,-0.1328043557165664,-0.6876050714975075,-0.15392470718589651,-0.8189436106536777,-0.16663826436660328,-0.9276459106382695,-0.057469636580214076,-0.5064483249698767,-0.09955367916518298,-0.7239077238282117,-0.12751916403112662,-0.8782630858135562,-0.14928248913316539,-1.0,-0.02269748498886508,-0.47085827309574396,-0.09118320257172262,-0.662422940405241,-0.13215837351739457,-0.8024218530233621,-0.1505379209387415,-0.9092386414259401,-0.019052176923478617,-0.39996763642076005,-0.14404715369197307,-0.45886419309495313,-0.20596742711049326,-0.3948393199866162,-0.22677671429728805,-0.3111031790017533,0.0,0.0,0.0,0.0,0.0,0.0,0.0,0.0,0.0,0.0,0.0,0.0,0.0,0.0,0.0,0.0,0.0,0.0,0.0,0.0,0.0,0.0,0.0,0.0,0.0,0.0,0.0,0.0,0.0,0.0,0.0,0.0,0.0,0.0,0.0,0.0,0.0,0.0,0.0,0.0,0.0,0.0,water
0.0,0.0,-0.16829835582547722,-0.12402142697269294,-0.2345885691925167,-0.2839428431348878,-0.26745998756248934,-0.38745542844701,-0.27599756209130283,-0.39385472126207455,-0.11359419043399256,-0.5256799357373532,-0.14748912587878799,-0.7036142083441819,-0.1677632687987927,-0.8369963955580816,-0.18212796279970583,-0.9476463022550002,-0.06549160685546539,-0.5132430776378648,-0.11781398243304941,-0.7247738550388341,-0.14508906480056152,-0.876275698587653,-0.16752160957657866,-1.0,-0.03646357068793268,-0.4661475887477724,-0.10962976110539409,-0.6523931114723311,-0.15388211075735914,-0.7917369512176818,-0.17596249866500138,-0.9018465505266801,-0.04360807006942863,-0.37969927674070225,-0.1616034600554272,-0.4586715964277938,-0.22254758848675432,-0.40111102338004034,-0.24260182368969477,-0.31866259565496285,0.0,0.0,0.0,0.0,0.0,0.0,0.0,0.0,0.0,0.0,0.0,0.0,0.0,0.0,0.0,0.0,0.0,0.0,0.0,0.0,0.0,0.0,0.0,0.0,0.0,0.0,0.0,0.0,0.0,0.0,0.0,0.0,0.0,0.0,0.0,0.0,0.0,0.0,0.0,0.0,0.0,0.0,water
0.0,0.0,-0.14676898055048923,-0.12079083245430344,-0.2075349533464625,-0.2798809542367509,-0.24227168172709024,-0.3866854683800388,-0.26431606277745734,-0.4006594456309183,-0.09965709173607971,-0.5163248409518811,-0.1314214649574515,-0.6968596115640496,-0.15228348584285545,-0.8290206740903556,-0.16708236553440686,-0.9403207982803924,-0.050656371191375636,-0.5081388209048032,-0.10217943122002421,-0.720069465012878,-0.13166547153242192,-0.8737988034800923,-0.15648009581858902,-1.0,-0.020853793511979923,-0.46532248705704254,-0.09194241358226767,-0.6477679568920274,-0.13713277768251345,-0.7908190306941651,-0.16184910650724615,-0.9047155407289627,-0.023098350887950102,-0.38769527021292444,-0.13875335373721942,-0.4470752553516899,-0.20679936120940656,-0.3913765868005217,-0.2375804550516939,-0.3160948209117315,0.0,0.0,0.0,0.0,0.0,0.0,0.0,0.0,0.0,0.0,0.0,0.0,0.0,0.0,0.0,0.0,0.0,0.0,0.0,0.0,0.0,0.0,0.0,0.0,0.0,0.0,0.0,0.0,0.0,0.0,0.0,0.0,0.0,0.0,0.0,0.0,0.0,0.0,0.0,0.0,0.0,0.0,water
0.0,0.0,-0.1564657196128376,-0.11893413068715095,-0.22065254208841542,-0.2778238657739303,-0.2590059771020885,-0.38583238045250906,-0.26244964408102983,-0.4078828346747774,-0.10966964424668504,-0.5143474862473468,-0.13484575100886212,-0.6927518428053974,-0.1586209812805236,-0.8248189453778051,-0.17486957920521237,-0.9318200147258776,-0.05820775868044279,-0.5090051052324819,-0.09966755611897707,-0.7267022273216907,-0.12996371714631846,-0.8803123560052852,-0.1543268055002766,-1.0,-0.024934598881129734,-0.47071281007497645,-0.0928626138389247,-0.6620794700427782,-0.13396211116250298,-0.7944515090101185,-0.1508545847917169,-0.8941280017925639,-0.027208652782724427,-0.3958948455504789,-0.14794777152308208,-0.4661963075450288,-0.20636924724085964,-0.4066386767460606,-0.2226184990677534,-0.32434421237697375,0.0,0.0,0.0,0.0,0.0,0.0,0.0,0.0,0.0,0.0,0.0,0.0,0.0,0.0,0.0,0.0,0.0,0.0,0.0,0.0,0.0,0.0,0.0,0.0,0.0,0.0,0.0,0.0,0.0,0.0,0.0,0.0,0.0,0.0,0.0,0.0,0.0,0.0,0.0,0.0,0.0,0.0,water
0.0,0.0,-0.1538330827067669,-0.12989151450053707,-0.21568947368421051,-0.290150805585392,-0.24725059076262085,-0.3896607948442535,-0.24630494092373792,-0.3942,-0.10446938775510205,-0.5156171858216971,-0.13074951664876477,-0.6928339419978518,-0.1487452201933405,-0.8258274973147154,-0.16061697099892588,-0.935505477980666,-0.05256133190118153,-0.507422126745435,-0.0960296455424275,-0.722708485499463,-0.11996133190118152,-0.8761611170784103,-0.14057293233082707,-1.0,-0.0173546723952739,-0.46365520945220196,-0.08780945220193341,-0.6497520945220193,-0.1279314715359828,-0.7877802363050483,-0.14617228786251343,-0.8964352309344791,-0.018226638023630504,-0.38020429645542425,-0.13862900107411386,-0.45536928034371643,-0.19734779806659505,-0.39851471535982813,-0.21463791621911923,-0.31701825993555316,0.0,0.0,0.0,0.0,0.0,0.0,0.0,0.0,0.0,0.0,0.0,0.0,0.0,0.0,0.0,0.0,0.0,0.0,0.0,0.0,0.0,0.0,0.0,0.0,0.0,0.0,0.0,0.0,0.0,0.0,0.0,0.0,0.0,0.0,0.0,0.0,0.0,0.0,0.0,0.0,0.0,0.0,water
0.0,0.0,-0.15026559280219337,-0.12915655836902876,-0.2119442111806078,-0.2923666185974424,-0.24681200940622458,-0.39629710117338246,-0.24771090104769805,-0.3962778506682706,-0.10712264411248969,-0.5155710919014836,-0.1280011002733144,-0.6976483582955346,-0.14696391728100733,-0.8314932702373073,-0.1597453970972805,-0.939793831368142,-0.05719025616433258,-0.5040368309219581,-0.09419550214087007,-0.7236292677835097,-0.1197603868239276,-0.8787628855394911,-0.14195236911688522,-1.0,-0.021151813333413188,-0.4596075207017793,-0.07816753158473153,-0.6506208715687579,-0.11904833202928986,-0.7935770475799763,-0.14215920509958713,-0.9036206350014395,-0.01781356185251461,-0.3785958339340204,-0.13462990476133438,-0.44693213255812264,-0.20028097181683271,-0.38637774367824107,-0.2274385149561452,-0.30265836641924776,0.0,0.0,0.0,0.0,0.0,0.0,0.0,0.0,0.0,0.0,0.0,0.0,0.0,0.0,0.0,0.0,0.0,0.0,0.0,0.0,0.0,0.0,0.0,0.0,0.0,0.0,0.0,0.0,0.0,0.0,0.0,0.0,0.0,0.0,0.0,0.0,0.0,0.0,0.0,0.0,0.0,0.0,water
0.0,0.0,-0.15220755528471025,-0.1177544729539449,-0.21967738079305413,-0.2866090528455866,-0.2531332008847806,-0.4022702496209104,-0.23196980190322247,-0.4048808894236496,-0.10278016355533842,-0.5270648958927522,-0.12219310202046846,-0.7098941407757465,-0.14425219625081373,-0.840102156035483,-0.16019344938390634,-0.9424050197048623,-0.0453790051285916,-0.5173694712582743,-0.07904358978023848,-0.7397069759847126,-0.11045615922585597,-0.8874674563337738,-0.13871062330081024,-1.0,-0.006223955863187315,-0.47312048010651325,-0.07230032124621182,-0.6691302617223249,-0.12010329081379631,-0.7994138566826965,-0.1432696601425576,-0.897966104778153,-0.00569359859426088,-0.38922051557916354,-0.13406496216034072,-0.4559160281373047,-0.1965384063987637,-0.3971620147252645,-0.21412985242251348,-0.316816461735232,0.0,0.0,0.0,0.0,0.0,0.0,0.0,0.0,0.0,0.0,0.0,0.0,0.0,0.0,0.0,0.0,0.0,0.0,0.0,0.0,0.0,0.0,0.0,0.0,0.0,0.0,0.0,0.0,0.0,0.0,0.0,0.0,0.0,0.0,0.0,0.0,0.0,0.0,0.0,0.0,0.0,0.0,water
0.0,0.0,-0.15126797503728084,-0.11228386377477807,-0.21787571402573924,-0.26657479460905503,-0.2543877182671683,-0.368274051208266,-0.2558241869706471,-0.39336910192257946,-0.10706241404308511,-0.5052902791918953,-0.12950614542663397,-0.6889888632654827,-0.14821135034024768,-0.822823167101308,-0.16152207294729454,-0.9312800702699777,-0.051633815338442766,-0.49937946938665917,-0.09108332456095115,-0.7236870087909925,-0.11945853589722717,-0.8780795856082926,-0.1456133045854911,-1.0,-0.014966678443678536,-0.4599906920407999,-0.08110006951136198,-0.6531583346083476,-0.12363220093599542,-0.795056126908739,-0.14688249426030492,-0.9031494911947303,-0.01664010801324083,-0.3823700263256703,-0.139769193297417,-0.45100706237142424,-0.2024879612372937,-0.3924308477019271,-0.22660299124736455,-0.30978520520342195,0.0,0.0,0.0,0.0,0.0,0.0,0.0,0.0,0.0,0.0,0.0,0.0,0.0,0.0,0.0,0.0,0.0,0.0,0.0,0.0,0.0,0.0,0.0,0.0,0.0,0.0,0.0,0.0,0.0,0.0,0.0,0.0,0.0,0.0,0.0,0.0,0.0,0.0,0.0,0.0,0.0,0.0,water
0.0,0.0,-0.15798979243730643,-0.11623968287636369,-0.22194457672793952,-0.2739862942551226,-0.26005819083218196,-0.3762209490879847,-0.27223331917114746,-0.3962107773443291,-0.10850126024753544,-0.5143913773650005,-0.13444006967881758,-0.6957494238205665,-0.15606268504255236,-0.829132616103851,-0.17079509848832872,-0.9365131288641675,-0.05638693364652694,-0.5048205735922633,-0.09766276462123417,-0.7283184234789909,-0.12760035965766495,-0.881371230450843,-0.15350766559777768,-1.0,-0.022824279352245066,-0.4623072595911408,-0.08629194630510441,-0.6582181927482847,-0.13236213392565652,-0.7980403965383274,-0.15945858876874647,-0.9015632420717472,-0.026763941967116827,-0.3826556450480072,-0.14786854067845143,-0.4511312882101205,-0.21736761574889732,-0.39521971203651296,-0.24925950612451603,-0.31497017849317077,0.0,0.0,0.0,0.0,0.0,0.0,0.0,0.0,0.0,0.0,0.0,0.0,0.0,0.0,0.0,0.0,0.0,0.0,0.0,0.0,0.0,0.0,0.0,0.0,0.0,0.0,0.0,0.0,0.0,0.0,0.0,0.0,0.0,0.0,0.0,0.0,0.0,0.0,0.0,0.0,0.0,0.0,water
0.0,0.0,-0.14960804290970953,-0.12584170135041298,-0.21158526536606553,-0.28093534102798934,-0.2448434660800257,-0.39160925144049485,-0.23187332571707162,-0.41002153553792925,-0.0932658741977819,-0.51613985138848,-0.11704594906145739,-0.697770526783806,-0.13609017974320436,-0.830065379112159,-0.14949216815401214,-0.9368810893257034,-0.04004653015189893,-0.5073979594026355,-0.07836438061509754,-0.7255231745219737,-0.10530783630931179,-0.878539222746472,-0.12857462892182403,-1.0,-0.004897425091262099,-0.46643580409784635,-0.07042695984982632,-0.6551193896232869,-0.10872785826543216,-0.7942714524943544,-0.12382762643008761,-0.8993031206359207,-0.006237709765495245,-0.38909627132202795,-0.12976449099653148,-0.4591223903502937,-0.19115901363974624,-0.3998782027567892,-0.20798274066972175,-0.31624194992322224,0.0,0.0,0.0,0.0,0.0,0.0,0.0,0.0,0.0,0.0,0.0,0.0,0.0,0.0,0.0,0.0,0.0,0.0,0.0,0.0,0.0,0.0,0.0,0.0,0.0,0.0,0.0,0.0,0.0,0.0,0.0,0.0,0.0,0.0,0.0,0.0,0.0,0.0,0.0,0.0,0.0,0.0,water
0.0,0.0,-0.15040350601019137,-0.13093159053293754,-0.21293943626570602,-0.29135142986109724,-0.24761142619088414,-0.4043655097378059,-0.24101178294951195,-0.41104603682215207,-0.093516507696576,-0.520012880534564,-0.11283274351907337,-0.7015188333244912,-0.13130165585751224,-0.8347149540310159,-0.1465617408986108,-0.9432506346772517,-0.04026297685591457,-0.5075467669510357,-0.07253541277286338,-0.7297377276162662,-0.09917511525947624,-0.8808678836351113,-0.126200755437699,-1.0,-0.003815673549330882,-0.463615533872501,-0.07420309845998903,-0.6485975350431424,-0.11201955649562488,-0.7709878352439604,-0.127173318420556,-0.860081823139215,-0.005857120865683247,-0.38726683927684624,-0.12791671051498657,-0.4705024017283051,-0.18663990252192345,-0.4168751092584169,-0.20322674350341843,-0.33435054187826196,0.0,0.0,0.0,0.0,0.0,0.0,0.0,0.0,0.0,0.0,0.0,0.0,0.0,0.0,0.0,0.0,0.0,0.0,0.0,0.0,0.0,0.0,0.0,0.0,0.0,0.0,0.0,0.0,0.0,0.0,0.0,0.0,0.0,0.0,0.0,0.0,0.0,0.0,0.0,0.0,0.0,0.0,water
0.0,0.0,-0.14024814499197621,-0.11918569366661111,-0.20715044143897682,-0.2752059402183768,-0.2382022118592636,-0.3783151422530945,-0.2221290743879443,-0.38906061492245075,-0.10052482131233628,-0.5120809526654571,-0.11903769133127681,-0.6885886216391573,-0.13563659347259388,-0.820511949721133,-0.1465070086233372,-0.9296215353879663,-0.045886803369673566,-0.5075983266931435,-0.08502650310941166,-0.7238530081055387,-0.11069610361840554,-0.8772423349569567,-0.1330819809253081,-1.0,-0.008930242893634328,-0.46318546726077237,-0.07710837816902663,-0.6476458509557785,-0.11331046215091836,-0.7820326003444303,-0.12750380225546334,-0.8889057994484503,-0.006806011075018946,-0.37743132094180637,-0.12454459408892089,-0.43879673682103143,-0.17788245553902932,-0.37919141670309076,-0.1917707766663627,-0.29991604116812837,0.0,0.0,0.0,0.0,0.0,0.0,0.0,0.0,0.0,0.0,0.0,0.0,0.0,0.0,0.0,0.0,0.0,0.0,0.0,0.0,0.0,0.0,0.0,0.0,0.0,0.0,0.0,0.0,0.0,0.0,0.0,0.0,0.0,0.0,0.0,0.0,0.0,0.0,0.0,0.0,0.0,0.0,water
0.0,0.0,-0.14600670474917926,-0.13017733638600787,-0.208733852259084,-0.29213943535643516,-0.24607546584558254,-0.40709909515169196,-0.2459186384869088,-0.4249175463351095,-0.08895907196380173,-0.5236148814630279,-0.11242634482713743,-0.708276818725577,-0.1322371325104416,-0.8371088670362123,-0.14584987739050553,-0.9426287345463774,-0.03594491737280553,-0.5140085007803409,-0.06808715089373157,-0.732684621917003,-0.09624080699931564,-0.8816549949947562,-0.12629157524730678,-1.0,0.0029319991800727304,-0.47283340184136574,-0.09015056944816509,-0.6254003923937647,-0.13103218648356404,-0.6660269209453458,-0.14528286948514857,-0.6860110212975024,0.005631468721835336,-0.40304978238306005,-0.12737049541610768,-0.4811873327744235,-0.18586406343373826,-0.41220498615559314,-0.2038406434476857,-0.32459033461925985,0.0,0.0,0.0,0.0,0.0,0.0,0.0,0.0,0.0,0.0,0.0,0.0,0.0,0.0,0.0,0.0,0.0,0.0,0.0,0.0,0.0,0.0,0.0,0.0,0.0,0.0,0.0,0.0,0.0,0.0,0.0,0.0,0.0,0.0,0.0,0.0,0.0,0.0,0.0,0.0,0.0,0.0,water
0.0,0.0,-0.14421964816757557,-0.12114787712742438,-0.2078081784999003,-0.27891888259825387,-0.24328566226514883,-0.39534589340986137,-0.23219877925073046,-0.4156727126123861,-0.07703552137611736,-0.5111419381128672,-0.09692710184759708,-0.6988353895906848,-0.11712083510347758,-0.8306897493475754,-0.1315069057300653,-0.9380252993350038,-0.02582365895317282,-0.5026892464821092,-0.059547291029053484,-0.7295277399665334,-0.08936612940982669,-0.880887644248693,-0.11778843236025975,-1.0,0.009240152940462463,-0.462272518402275,-0.08333282757783578,-0.6216026235705182,-0.12006888389876798,-0.689000251432733,-0.13012207492695446,-0.7299517075750613,0.006998500073695801,-0.39298047494776267,-0.11817013325934853,-0.4623334258143386,-0.1729256799521411,-0.40330850796348156,-0.18826437718377997,-0.32457213084906233,0.0,0.0,0.0,0.0,0.0,0.0,0.0,0.0,0.0,0.0,0.0,0.0,0.0,0.0,0.0,0.0,0.0,0.0,0.0,0.0,0.0,0.0,0.0,0.0,0.0,0.0,0.0,0.0,0.0,0.0,0.0,0.0,0.0,0.0,0.0,0.0,0.0,0.0,0.0,0.0,0.0,0.0,water
0.0,0.0,-0.14318714603275023,-0.12387391291159865,-0.20737270178570655,-0.28591779076771084,-0.2410144858456432,-0.40217114357149975,-0.2313434614367983,-0.4226411210822569,-0.07714395282025505,-0.5150571764083942,-0.09887987104434151,-0.6966673455327004,-0.11847844455903318,-0.8250800556381268,-0.13236739363108108,-0.9303708775137903,-0.026882444957686425,-0.5078909510046495,-0.06027268748618796,-0.7288893607248556,-0.08985579152168544,-0.8794554916651139,-0.11935244846756826,-1.0,0.008237822659970447,-0.46695706244556434,-0.08987550752458001,-0.6116560575793948,-0.12592979369694554,-0.647944985852143,-0.13434679365794686,-0.6654419634538971,0.0063715188255328735,-0.39792158663991645,-0.12119621972726918,-0.47091586249929585,-0.17369278567621557,-0.41020357314637074,-0.18717268185304428,-0.33172868180104603,0.0,0.0,0.0,0.0,0.0,0.0,0.0,0.0,0.0,0.0,0.0,0.0,0.0,0.0,0.0,0.0,0.0,0.0,0.0,0.0,0.0,0.0,0.0,0.0,0.0,0.0,0.0,0.0,0.0,0.0,0.0,0.0,0.0,0.0,0.0,0.0,0.0,0.0,0.0,0.0,0.0,0.0,water
0.0,0.0,-0.14210026231530457,-0.12574434322432562,-0.20710865373808304,-0.2715142258375389,-0.24243062762423784,-0.3748467287420994,-0.24347349658702241,-0.4002392227525348,-0.0849420685973677,-0.5073603011725979,-0.10554015934495892,-0.6883936325515662,-0.12343805131880485,-0.818560485235689,-0.13635929724982734,-0.9268603209631902,-0.033812914769009925,-0.49323066496178297,-0.06797761525268353,-0.717685825723833,-0.094044894376445,-0.8726787593182469,-0.1226906654232107,-1.0,0.0015500161182203198,-0.4432381472873025,-0.08690419469540162,-0.5974680318435921,-0.1148709473470764,-0.6686599779403687,-0.12148375679203602,-0.7128287698908681,-0.003058334411056316,-0.3631389530289872,-0.12121896501764114,-0.4488161310048308,-0.17610176978694106,-0.40583985452750543,-0.1959981940819991,-0.33709643860355043,0.0,0.0,0.0,0.0,0.0,0.0,0.0,0.0,0.0,0.0,0.0,0.0,0.0,0.0,0.0,0.0,0.0,0.0,0.0,0.0,0.0,0.0,0.0,0.0,0.0,0.0,0.0,0.0,0.0,0.0,0.0,0.0,0.0,0.0,0.0,0.0,0.0,0.0,0.0,0.0,0.0,0.0,water
0.0,0.0,-0.14520569555514032,-0.12797156693568015,-0.2063126565689245,-0.282211070622471,-0.24033780714293848,-0.38423611658872403,-0.24478869864992717,-0.3914827348686772,-0.08740653317647794,-0.5102017875272961,-0.10854278436333313,-0.6902503035944998,-0.12608588550258756,-0.8210673703507018,-0.13935715156441328,-0.9272147213489677,-0.0363058528464067,-0.4983237449915871,-0.07433098486097924,-0.7266291287902914,-0.10142165321599267,-0.8789983469442935,-0.12709758596501292,-1.0,-0.003255072949150083,-0.45146600606303205,-0.0787645823429692,-0.6343273320254551,-0.115888737835657,-0.7519553847899472,-0.13017212616539584,-0.8399370497490046,-0.008958726754826826,-0.36810543112528005,-0.12738947536255235,-0.45096827558745906,-0.184063893408066,-0.4041638950531074,-0.20121123554841674,-0.3316517354554086,0.0,0.0,0.0,0.0,0.0,0.0,0.0,0.0,0.0,0.0,0.0,0.0,0.0,0.0,0.0,0.0,0.0,0.0,0.0,0.0,0.0,0.0,0.0,0.0,0.0,0.0,0.0,0.0,0.0,0.0,0.0,0.0,0.0,0.0,0.0,0.0,0.0,0.0,0.0,0.0,0.0,0.0,water
0.0,0.0,-0.14334676776840366,-0.13288532997932784,-0.20214646437820943,-0.29364728977800253,-0.2361366828064018,-0.40767717413704824,-0.2167260841206677,-0.4310533036175244,-0.06938648468920564,-0.5226733180221849,-0.08645005853221184,-0.7013431602295398,-0.10583452486928514,-0.8271410998106998,-0.11841714452038642,-0.9289270227606383,-0.018003063646078767,-0.5156626250050459,-0.04517709446525354,-0.7404628612584744,-0.07178896110104295,-0.8851844455161776,-0.09340954914262525,-1.0,0.016918464947597203,-0.47479354382267397,-0.0582670641049883,-0.6609835536169932,-0.09309213671255054,-0.7679882978067948,-0.10047144456648983,-0.8513798092551006,0.01529889670498703,-0.4009301416458281,-0.10871970612792953,-0.49010625030540855,-0.16339644047667104,-0.43879230306725786,-0.17432039959123058,-0.3657222195074796,0.0,0.0,0.0,0.0,0.0,0.0,0.0,0.0,0.0,0.0,0.0,0.0,0.0,0.0,0.0,0.0,0.0,0.0,0.0,0.0,0.0,0.0,0.0,0.0,0.0,0.0,0.0,0.0,0.0,0.0,0.0,0.0,0.0,0.0,0.0,0.0,0.0,0.0,0.0,0.0,0.0,0.0,water
0.0,0.0,-0.13535835200387797,-0.12481241486358327,-0.20237142659287966,-0.2708066435329259,-0.23637141730335123,-0.379493070434049,-0.21744453095904248,-0.41093094586822887,-0.08357092006022993,-0.5117273962549689,-0.10046603875084556,-0.6892439506168669,-0.11450547195449144,-0.8179655679406551,-0.12193139429910085,-0.9231460423653166,-0.024509787362694435,-0.5058882942652363,-0.055225190836471365,-0.728191354151448,-0.07783569188829934,-0.8802028748556956,-0.09884733842343191,-1.0,0.016281798689163088,-0.46375964949764764,-0.04657262848895686,-0.6427728735636067,-0.07168159043482593,-0.7619672349887554,-0.07707943982454614,-0.8487337528259168,0.018454070460228574,-0.3863063061541437,-0.10524106748504597,-0.45157685522438856,-0.16395342061549037,-0.3983254780518001,-0.18540494743393668,-0.32089662528322505,0.0,0.0,0.0,0.0,0.0,0.0,0.0,0.0,0.0,0.0,0.0,0.0,0.0,0.0,0.0,0.0,0.0,0.0,0.0,0.0,0.0,0.0,0.0,0.0,0.0,0.0,0.0,0.0,0.0,0.0,0.0,0.0,0.0,0.0,0.0,0.0,0.0,0.0,0.0,0.0,0.0,0.0,water
0.0,0.0,-0.14132366604244853,-0.12028483252133881,-0.20862511060072267,-0.27444371775121373,-0.2414621351666441,-0.386931784795477,-0.21885903059690753,-0.4190905150353113,-0.08114218292401486,-0.5114369024473949,-0.10152720543589246,-0.6921746635566467,-0.11808537907413037,-0.821641591492239,-0.12711567792388287,-0.9268619456019022,-0.024518870889038202,-0.5019282208761365,-0.05846722514176905,-0.7302994458680251,-0.08545380147138347,-0.8812627260023044,-0.1089822689690352,-1.0,0.01636656507154664,-0.458056246056057,-0.05882127519333304,-0.6317091739626951,-0.08307530046352242,-0.7168674724445592,-0.08273551460525655,-0.7699475162845992,0.017697605914828714,-0.3845211361280933,-0.11039101773103097,-0.47097002475582683,-0.16225477296939628,-0.4125185540962079,-0.1723040035971315,-0.33011835448266114,0.0,0.0,0.0,0.0,0.0,0.0,0.0,0.0,0.0,0.0,0.0,0.0,0.0,0.0,0.0,0.0,0.0,0.0,0.0,0.0,0.0,0.0,0.0,0.0,0.0,0.0,0.0,0.0,0.0,0.0,0.0,0.0,0.0,0.0,0.0,0.0,0.0,0.0,0.0,0.0,0.0,0.0,water
0.0,0.0,-0.140153755174453,-0.12139428592012741,-0.20697050760134808,-0.2759539583573661,-0.240625840252259,-0.3885579459399654,-0.21513631223441596,-0.4240703566936505,-0.08367272198633811,-0.5138872390581198,-0.10130820978185497,-0.6933919238866001,-0.11761022930336736,-0.8211171286454887,-0.1264099620522246,-0.924839261216979,-0.02660203809014923,-0.5055206315566478,-0.056531207102910985,-0.7338260954959691,-0.08293469371826875,-0.8823014302996411,-0.10585859790067194,-1.0,0.016123837798454384,-0.4622827244349967,-0.054856384673541495,-0.6400266050399483,-0.07798741706830814,-0.7265710331838265,-0.07692240068030683,-0.7817050897362611,0.020158549570755725,-0.38926767097404724,-0.10877790495173656,-0.47490403702749145,-0.16172575109707193,-0.418275912790017,-0.17275779421747775,-0.3383806004488207,0.0,0.0,0.0,0.0,0.0,0.0,0.0,0.0,0.0,0.0,0.0,0.0,0.0,0.0,0.0,0.0,0.0,0.0,0.0,0.0,0.0,0.0,0.0,0.0,0.0,0.0,0.0,0.0,0.0,0.0,0.0,0.0,0.0,0.0,0.0,0.0,0.0,0.0,0.0,0.0,0.0,0.0,water
0.0,0.0,-0.13895165748169985,-0.11501846764602422,-0.2066341144742793,-0.2648934655521868,-0.24628647464781656,-0.3594174525536441,-0.24309441950451433,-0.4053474513810952,-0.0945386438633813,-0.5020754116484363,-0.1116030000502521,-0.6874597983215799,-0.13043497378515553,-0.8174188428616894,-0.14145379319586593,-0.9227966548853415,-0.0380412569724786,-0.4983557094758706,-0.07032278597631451,-0.727236846513342,-0.09907180187272818,-0.8790369185413491,-0.12262768220573209,-1.0,0.004432444429554934,-0.46214614147640665,-0.0539663562203722,-0.6683763547128092,-0.0982080939379219,-0.8058336404294879,-0.12244677465284176,-0.9124788522420811,0.01293112112430694,-0.3897131861505218,-0.11290620445903617,-0.4644099984924371,-0.1800204986683194,-0.4023417477679693,-0.20859070084926046,-0.32258852744602085,0.0,0.0,0.0,0.0,0.0,0.0,0.0,0.0,0.0,0.0,0.0,0.0,0.0,0.0,0.0,0.0,0.0,0.0,0.0,0.0,0.0,0.0,0.0,0.0,0.0,0.0,0.0,0.0,0.0,0.0,0.0,0.0,0.0,0.0,0.0,0.0,0.0,0.0,0.0,0.0,0.0,0.0,water
0.0,0.0,-0.1389968354155053,-0.12231618810274958,-0.2023447591251037,-0.2778616805168079,-0.23203960897763315,-0.3815447407907578,-0.21484383869425505,-0.40862121687005976,-0.08741090388537469,-0.5216520349108015,-0.10649899511232652,-0.7025706493010986,-0.12162185963318152,-0.8328491212776662,-0.13105555964635932,-0.9397924696342701,-0.031982186824862646,-0.5135392990550385,-0.06448045153419642,-0.7325517611051706,-0.08842947865735717,-0.8799441990787416,-0.11085446327793913,-1.0,0.0072301832564556955,-0.47030801488901675,-0.04933721551790177,-0.661741716175413,-0.09209125496263422,-0.794915486941341,-0.11551083540744159,-0.8967827254811546,0.013462163236368552,-0.38769374936736956,-0.10067253521350919,-0.46081829326337986,-0.16335435346284652,-0.40440516612636224,-0.1877689541380343,-0.32432460535002156,0.0,0.0,0.0,0.0,0.0,0.0,0.0,0.0,0.0,0.0,0.0,0.0,0.0,0.0,0.0,0.0,0.0,0.0,0.0,0.0,0.0,0.0,0.0,0.0,0.0,0.0,0.0,0.0,0.0,0.0,0.0,0.0,0.0,0.0,0.0,0.0,0.0,0.0,0.0,0.0,0.0,0.0,water
0.0,0.0,-0.13281605611420577,-0.11844264383202288,-0.1963457173042241,-0.26928136307193107,-0.22781900574810168,-0.37455844970105745,-0.20594181747134896,-0.4034669672584321,-0.08299966608712642,-0.5143656223853843,-0.1000965947203027,-0.6970711251263753,-0.11443547881127017,-0.8281028737981979,-0.1229620472017217,-0.9358243037200757,-0.02713115786078486,-0.5066266757225971,-0.056709817080590905,-0.7273150836403325,-0.08149895299576272,-0.877908315862209,-0.10487580167512256,-1.0,0.013838014780592293,-0.4643466950415412,-0.0383833479797429,-0.6594543450991653,-0.08239710704286675,-0.798037030221852,-0.10612934344644404,-0.9037469824676793,0.021759497673768384,-0.3836717868044201,-0.09118495278269852,-0.45860933078049293,-0.15450923439631037,-0.4026839773612967,-0.17819452088134471,-0.32209833713073255,0.0,0.0,0.0,0.0,0.0,0.0,0.0,0.0,0.0,0.0,0.0,0.0,0.0,0.0,0.0,0.0,0.0,0.0,0.0,0.0,0.0,0.0,0.0,0.0,0.0,0.0,0.0,0.0,0.0,0.0,0.0,0.0,0.0,0.0,0.0,0.0,0.0,0.0,0.0,0.0,0.0,0.0,water
0.0,0.0,-0.1336788196200215,-0.11539078358134747,-0.20246439314855585,-0.26715854807744793,-0.23867126854287696,-0.37487913833514086,-0.2132343575914243,-0.4084804795452343,-0.09338962330936482,-0.5121113437955281,-0.111857708847899,-0.6938075243341871,-0.12762145513001436,-0.8230365189470892,-0.13715921241990336,-0.928388537934589,-0.033747115717030735,-0.5080123085307918,-0.06163257292216318,-0.7284445204230295,-0.08991642402651615,-0.8793071712171304,-0.11674591524598231,-1.0,0.012444996041449892,-0.46849070280238264,-0.03932801549060421,-0.6668857868374718,-0.08020856121619523,-0.8050702870086351,-0.10166386048977695,-0.9082268022827992,0.025399885496134755,-0.3911062317438059,-0.09477881839289212,-0.46740892478500906,-0.16032635717335403,-0.40865227765790935,-0.18515721431476037,-0.32483680237166024,0.0,0.0,0.0,0.0,0.0,0.0,0.0,0.0,0.0,0.0,0.0,0.0,0.0,0.0,0.0,0.0,0.0,0.0,0.0,0.0,0.0,0.0,0.0,0.0,0.0,0.0,0.0,0.0,0.0,0.0,0.0,0.0,0.0,0.0,0.0,0.0,0.0,0.0,0.0,0.0,0.0,0.0,water
0.0,0.0,-0.13282322414184564,-0.11180320257555158,-0.19998914676357976,-0.2634811108021986,-0.2365337566449524,-0.371218703758257,-0.22017372399603846,-0.40650425325804174,-0.08954451026947673,-0.5135496603531698,-0.11116453952436488,-0.6920499299849435,-0.12816015553898424,-0.8179166756048343,-0.13850704918767454,-0.921023271165457,-0.030492284538300985,-0.510638189416799,-0.06437455941913309,-0.7330496766011656,-0.09166651976212935,-0.8819087168479822,-0.11688510840386698,-1.0,0.013661484794955603,-0.4721204569063858,-0.04598692556697541,-0.6636027689983143,-0.08810980161940482,-0.8002683786602859,-0.1101376237104348,-0.9023493327595915,0.02404830815885145,-0.39623084727669783,-0.09965373715585311,-0.4664372690368634,-0.16363037997159469,-0.4109451597220467,-0.1879358949661585,-0.33169614421253824,0.0,0.0,0.0,0.0,0.0,0.0,0.0,0.0,0.0,0.0,0.0,0.0,0.0,0.0,0.0,0.0,0.0,0.0,0.0,0.0,0.0,0.0,0.0,0.0,0.0,0.0,0.0,0.0,0.0,0.0,0.0,0.0,0.0,0.0,0.0,0.0,0.0,0.0,0.0,0.0,0.0,0.0,water
0.0,0.0,-0.13528816798301166,-0.11443968755251377,-0.20278476313101015,-0.2661001767111302,-0.23993489299959886,-0.3710480247832115,-0.2192648401642636,-0.40607959184581655,-0.09087707334666807,-0.5139931099823882,-0.11400760457562946,-0.6935518767637472,-0.13225426313747338,-0.8199188768978858,-0.14239136630825042,-0.9228287936366193,-0.03299617864035206,-0.5112925383995468,-0.06871899370226876,-0.7340850319802856,-0.09816145408742231,-0.8820807624325572,-0.12330003744436588,-1.0,0.010237971977543552,-0.47273628465007744,-0.05057129676387015,-0.6659324717244179,-0.09319536062823466,-0.8000850179942747,-0.11344901177177119,-0.9008427843096452,0.018804827547186365,-0.39570133593953466,-0.10486732255407448,-0.46476892037107004,-0.1656142899736618,-0.4090889152174369,-0.1851844278058004,-0.3310838459241691,0.0,0.0,0.0,0.0,0.0,0.0,0.0,0.0,0.0,0.0,0.0,0.0,0.0,0.0,0.0,0.0,0.0,0.0,0.0,0.0,0.0,0.0,0.0,0.0,0.0,0.0,0.0,0.0,0.0,0.0,0.0,0.0,0.0,0.0,0.0,0.0,0.0,0.0,0.0,0.0,0.0,0.0,water
0.0,0.0,-0.13614908006774043,-0.1265007737170851,-0.20105890747783137,-0.2830460880706603,-0.23510629213947307,-0.39615379455687316,-0.210546870092401,-0.40977449452861603,-0.08809685187539354,-0.5207232034847187,-0.10588180430781653,-0.6989385585374948,-0.1215184062045573,-0.824911241330951,-0.13001832773620836,-0.9269426665738248,-0.029087375837412728,-0.5164045696048325,-0.0605841665138823,-0.7365122277536907,-0.08833853864890918,-0.884731805404457,-0.1130063470992583,-1.0,0.017014748855501333,-0.475067613738115,-0.042603309383984066,-0.6652325165172148,-0.08319923443851265,-0.7904633167389278,-0.10122204072645721,-0.8793237710546976,0.02814767210919728,-0.3963937778112803,-0.0988641573404319,-0.47462342113057876,-0.16557322033891086,-0.42109991544157027,-0.18972422367972477,-0.34090355931153127,0.0,0.0,0.0,0.0,0.0,0.0,0.0,0.0,0.0,0.0,0.0,0.0,0.0,0.0,0.0,0.0,0.0,0.0,0.0,0.0,0.0,0.0,0.0,0.0,0.0,0.0,0.0,0.0,0.0,0.0,0.0,0.0,0.0,0.0,0.0,0.0,0.0,0.0,0.0,0.0,0.0,0.0,water
0.0,0.0,-0.14065499311551338,-0.13150058551514351,-0.20650175912953558,-0.2863464070387577,-0.24367055761111545,-0.39790739170338607,-0.22017845829706614,-0.41367646229123123,-0.08567385062236017,-0.5202216989887967,-0.10209131624407217,-0.697181215106506,-0.12097294140498654,-0.8226386555418072,-0.13470272239777387,-0.9257782570814169,-0.030609370740264277,-0.5162135366622063,-0.06114767859073245,-0.7417305407196819,-0.0915544124240327,-0.8861645721777158,-0.11983033627390136,-1.0,0.009435213686109617,-0.4759734216178479,-0.059320285612521194,-0.664275220973286,-0.09954812615773291,-0.7732189378725149,-0.11589086807411386,-0.8511316442186894,0.014615267668064811,-0.4022855117410968,-0.11377599340536383,-0.4757966257617188,-0.17542337331661703,-0.41849065006178165,-0.19416577981615815,-0.3378486980632563,0.0,0.0,0.0,0.0,0.0,0.0,0.0,0.0,0.0,0.0,0.0,0.0,0.0,0.0,0.0,0.0,0.0,0.0,0.0,0.0,0.0,0.0,0.0,0.0,0.0,0.0,0.0,0.0,0.0,0.0,0.0,0.0,0.0,0.0,0.0,0.0,0.0,0.0,0.0,0.0,0.0,0.0,water
0.0,0.0,-0.13779100729353072,-0.12344784154445293,-0.20023044824775177,-0.2761126322770158,-0.2354599939315152,-0.38520103408351425,-0.21473453376841986,-0.42144470623201696,-0.08469412074314742,-0.5132319306796596,-0.09944863297422778,-0.6904396096897899,-0.11784295129644805,-0.8163388278745164,-0.12991867930584586,-0.9191345492715356,-0.029047571224932435,-0.5109563559455412,-0.05518809412104293,-0.7341155697320081,-0.0851485076431003,-0.882372464924736,-0.11306053988101573,-1.0,0.012180438279933594,-0.47366643761741095,-0.03974686238565114,-0.6732345773441664,-0.08238835347703408,-0.8015130098763841,-0.10644452100832778,-0.8923629810435867,0.019830926103456745,-0.40133433860903217,-0.10059445027000903,-0.4757107504043337,-0.16926147567820243,-0.42382563363096887,-0.19952948900317322,-0.3464610176938944,0.0,0.0,0.0,0.0,0.0,0.0,0.0,0.0,0.0,0.0,0.0,0.0,0.0,0.0,0.0,0.0,0.0,0.0,0.0,0.0,0.0,0.0,0.0,0.0,0.0,0.0,0.0,0.0,0.0,0.0,0.0,0.0,0.0,0.0,0.0,0.0,0.0,0.0,0.0,0.0,0.0,0.0,water
0.0,0.0,-0.13882711327806443,-0.1222914780964806,-0.20139521030119123,-0.2764508083509332,-0.23645237802685304,-0.38730681138564,-0.21345029992175207,-0.42179293444265675,-0.08578643444040518,-0.5115955519844714,-0.09892775266367784,-0.6905019381852188,-0.11683685427510458,-0.818397287977419,-0.12798712865745748,-0.9218355001079688,-0.029592036510833444,-0.5094149461882072,-0.05414995937498593,-0.7330577394136403,-0.08414556556903004,-0.8824595792367901,-0.11135092270997257,-1.0,0.012516878840961594,-0.47247095080974477,-0.03856384946293281,-0.6755044567430983,-0.08274057695883011,-0.8065110671801995,-0.10651301855326917,-0.9006553825838453,0.02099827528641761,-0.39953377194195716,-0.09941538149450731,-0.47667819692270613,-0.16565699193053626,-0.42320499946069196,-0.19135871962478743,-0.34461248411292833,0.0,0.0,0.0,0.0,0.0,0.0,0.0,0.0,0.0,0.0,0.0,0.0,0.0,0.0,0.0,0.0,0.0,0.0,0.0,0.0,0.0,0.0,0.0,0.0,0.0,0.0,0.0,0.0,0.0,0.0,0.0,0.0,0.0,0.0,0.0,0.0,0.0,0.0,0.0,0.0,0.0,0.0,water
0.0,0.0,-0.1414041279092294,-0.12072412339673023,-0.20261378166054403,-0.2816955437358141,-0.23542669340201122,-0.39347601364795526,-0.21539284537690392,-0.41973113810666407,-0.0788336602469159,-0.520273815367286,-0.09239363463612837,-0.6995690220784939,-0.1107478182986979,-0.8303163309014787,-0.12464387540621591,-0.9359276493111696,-0.023911750243874035,-0.5129305150050231,-0.05301801210711234,-0.7341523619229839,-0.079343135960016,-0.882520466260185,-0.10440441753975034,-1.0,0.013532788080152089,-0.4714251555559932,-0.045466854216521614,-0.6687213379774114,-0.08832232430526672,-0.8050026661848767,-0.111156041065455,-0.9095457981204628,0.01375627238455398,-0.3917589948686377,-0.10557000378253607,-0.46065209894360853,-0.1677625389358251,-0.4032847055176862,-0.19035693055011174,-0.3231197723885142,0.0,0.0,0.0,0.0,0.0,0.0,0.0,0.0,0.0,0.0,0.0,0.0,0.0,0.0,0.0,0.0,0.0,0.0,0.0,0.0,0.0,0.0,0.0,0.0,0.0,0.0,0.0,0.0,0.0,0.0,0.0,0.0,0.0,0.0,0.0,0.0,0.0,0.0,0.0,0.0,0.0,0.0,water
0.0,0.0,-0.1480414116713044,-0.14190813009450984,-0.2090229387146082,-0.2990165233042744,-0.24174987452405866,-0.4192090822186869,-0.2163668490586999,-0.4448419617894472,-0.06876410918229206,-0.530992667286984,-0.08674548121944611,-0.7257120073559858,-0.10457448177228675,-0.8513996001456092,-0.11895360749369108,-0.9564524932497676,-0.01657533891677487,-0.515681748223467,-0.042778843109625354,-0.7374481245353658,-0.0707745784645082,-0.882128361778206,-0.10221382154269322,-1.0,0.01943285313628378,-0.4688373967924705,-0.10145130545476741,-0.5700704641270541,-0.15284682186895263,-0.4823811140155858,-0.17175219302964131,-0.4018499303350548,0.018905261382962234,-0.3989981245573213,-0.11080546552562234,-0.47219483877823537,-0.16898875832170054,-0.3975266639119776,-0.19145773403842836,-0.31537340454541263,0.0,0.0,0.0,0.0,0.0,0.0,0.0,0.0,0.0,0.0,0.0,0.0,0.0,0.0,0.0,0.0,0.0,0.0,0.0,0.0,0.0,0.0,0.0,0.0,0.0,0.0,0.0,0.0,0.0,0.0,0.0,0.0,0.0,0.0,0.0,0.0,0.0,0.0,0.0,0.0,0.0,0.0,water
0.0,0.0,-0.14240045345424265,-0.13629397768271231,-0.20749553392774603,-0.29297589096534965,-0.24461390135065725,-0.4151969215455912,-0.22044880536167985,-0.4422882864597021,-0.06669659559211631,-0.5327626451556577,-0.0858549487094148,-0.7250273326724153,-0.10429403263611937,-0.8503330663956814,-0.11868074596591027,-0.9544857269604518,-0.014979456732390647,-0.5192312550161603,-0.041720272090272494,-0.7397437664444747,-0.07047796612122456,-0.8835619291659447,-0.1045023237757245,-1.0,0.02158228585787365,-0.47306950675328624,-0.0921914310797857,-0.5829676789763776,-0.1475217564527044,-0.52168576666872,-0.17396863755879238,-0.45863205015650643,0.021131800871897848,-0.40370323919312445,-0.10532219315502135,-0.4790893422741936,-0.16792586785389663,-0.4106557315295616,-0.19812409454290508,-0.32883830713370565,0.0,0.0,0.0,0.0,0.0,0.0,0.0,0.0,0.0,0.0,0.0,0.0,0.0,0.0,0.0,0.0,0.0,0.0,0.0,0.0,0.0,0.0,0.0,0.0,0.0,0.0,0.0,0.0,0.0,0.0,0.0,0.0,0.0,0.0,0.0,0.0,0.0,0.0,0.0,0.0,0.0,0.0,water
0.0,0.0,-0.13997445077028361,-0.13193375489778045,-0.20258224938903782,-0.2860040646697893,-0.24029000942297693,-0.39374973444631867,-0.2275602556130769,-0.41379205480639764,-0.07159478222872707,-0.5138947391578071,-0.08658937194316708,-0.6919370245780312,-0.10144808444402172,-0.8172002866793528,-0.11176785097677384,-0.9211163758139422,-0.016317990639138375,-0.5041001488394684,-0.04958353634036077,-0.7252625287957246,-0.07459874703954825,-0.8757530131850503,-0.10137238142502414,-1.0,0.022279333787551446,-0.46218202844837497,-0.06803846576077544,-0.6220719808460577,-0.09578329870621168,-0.6996492426786446,-0.10118150629165418,-0.7519289711571497,0.0198637388793667,-0.393641464031684,-0.11423693405792554,-0.46408107426681844,-0.16736686567286505,-0.40821936362446215,-0.1820148606536039,-0.32834771798533346,0.0,0.0,0.0,0.0,0.0,0.0,0.0,0.0,0.0,0.0,0.0,0.0,0.0,0.0,0.0,0.0,0.0,0.0,0.0,0.0,0.0,0.0,0.0,0.0,0.0,0.0,0.0,0.0,0.0,0.0,0.0,0.0,0.0,0.0,0.0,0.0,0.0,0.0,0.0,0.0,0.0,0.0,water
0.0,0.0,-0.14326769142270301,-0.12968297284913302,-0.20414898362932582,-0.29089224428136295,-0.2366530226387504,-0.4054334123788675,-0.20126477893090303,-0.4177141171638791,-0.07602018187526641,-0.5261539086080457,-0.08914647665795884,-0.7092010383741524,-0.10373614309904848,-0.8382381583930854,-0.11095734348271657,-0.9386146143690702,-0.01893098076779399,-0.5170590656273713,-0.04172109954339004,-0.7397113765540091,-0.06653234252181886,-0.8860431440919041,-0.089064422470237,-1.0,0.021179265511372496,-0.4720478090884082,-0.037424267223713836,-0.6636035262571242,-0.07654835172570754,-0.7933920898899308,-0.09415696447874214,-0.889519218602289,0.022743909311984275,-0.38832576203508207,-0.10051184538572594,-0.45816186527306985,-0.1654935796916749,-0.40852836678049165,-0.18908135154475644,-0.33108324915581355,0.0,0.0,0.0,0.0,0.0,0.0,0.0,0.0,0.0,0.0,0.0,0.0,0.0,0.0,0.0,0.0,0.0,0.0,0.0,0.0,0.0,0.0,0.0,0.0,0.0,0.0,0.0,0.0,0.0,0.0,0.0,0.0,0.0,0.0,0.0,0.0,0.0,0.0,0.0,0.0,0.0,0.0,water
0.0,0.0,-0.1463636897601173,-0.13662219399020628,-0.20601914797806314,-0.3011623227310995,-0.2389346571441624,-0.41433553122477884,-0.21785937265463373,-0.4253270188368941,-0.07451852689788398,-0.5310994750730395,-0.09067531320496951,-0.7141073304864439,-0.10516355836522125,-0.844299658677828,-0.11339314266570659,-0.9474128910575331,-0.01883732920295073,-0.518469031919823,-0.0434092624700065,-0.7437175183767945,-0.06711342381597753,-0.8875146568396047,-0.08884209335563856,-1.0,0.018857125453845366,-0.47364031299830534,-0.040769834864460945,-0.6690691193713929,-0.07601673327053643,-0.7894940643878499,-0.08802022263168313,-0.8770578855428632,0.01708329435719833,-0.39463260551292956,-0.10363206818611957,-0.48243028347796196,-0.16443353354376822,-0.4299828359978507,-0.18375032359256271,-0.3476800316740014,0.0,0.0,0.0,0.0,0.0,0.0,0.0,0.0,0.0,0.0,0.0,0.0,0.0,0.0,0.0,0.0,0.0,0.0,0.0,0.0,0.0,0.0,0.0,0.0,0.0,0.0,0.0,0.0,0.0,0.0,0.0,0.0,0.0,0.0,0.0,0.0,0.0,0.0,0.0,0.0,0.0,0.0,water
0.0,0.0,-0.13877544091935293,-0.12376466194768379,-0.19918245319210334,-0.2808968189302507,-0.229053254061211,-0.38992802702381557,-0.21031662168355655,-0.4085767089338154,-0.07823793519037192,-0.5180810884215172,-0.09538541189251583,-0.7040149547622685,-0.10963062925429885,-0.834313201269712,-0.11659346302048854,-0.9382080596153519,-0.01624484391709528,-0.5057915754273395,-0.04168342924071905,-0.7293576327001748,-0.06767475513910814,-0.8793075571624993,-0.09168088302693894,-1.0,0.02669365653273582,-0.4603335964420906,-0.026772376975437523,-0.6618708730118315,-0.06721855850350529,-0.8003225204121471,-0.08577005992089763,-0.9071238817877816,0.028843085332111152,-0.3762283359644209,-0.0925737553258305,-0.4601201388535248,-0.15843337831644344,-0.4072042997063367,-0.18198564359796982,-0.32744372867545957,0.0,0.0,0.0,0.0,0.0,0.0,0.0,0.0,0.0,0.0,0.0,0.0,0.0,0.0,0.0,0.0,0.0,0.0,0.0,0.0,0.0,0.0,0.0,0.0,0.0,0.0,0.0,0.0,0.0,0.0,0.0,0.0,0.0,0.0,0.0,0.0,0.0,0.0,0.0,0.0,0.0,0.0,water
0.0,0.0,-0.14163736667396268,-0.13568648438465375,-0.19587598648931895,-0.2905091640761635,-0.22420198375395006,-0.39640075051841694,-0.22384751604804567,-0.4072243512777074,-0.07897818832209201,-0.5130999118153512,-0.0918613286908818,-0.6937093263595344,-0.10431198050237837,-0.823195472597601,-0.1126007470601954,-0.9280949290242206,-0.020836838999966682,-0.5006013931571918,-0.04735064384071769,-0.7265183595715348,-0.0697067807711075,-0.8790805432444275,-0.0942869337004109,-1.0,0.01987908033237726,-0.4510564655879546,-0.03426886660163523,-0.6471076826921496,-0.06763121525699857,-0.7839821926895727,-0.0844073852429253,-0.8859910820058191,0.02042269588610811,-0.3626795059466649,-0.1004183182837437,-0.457023584649039,-0.1653347242131597,-0.4150215864717748,-0.1919945545663074,-0.33822924719156566,0.0,0.0,0.0,0.0,0.0,0.0,0.0,0.0,0.0,0.0,0.0,0.0,0.0,0.0,0.0,0.0,0.0,0.0,0.0,0.0,0.0,0.0,0.0,0.0,0.0,0.0,0.0,0.0,0.0,0.0,0.0,0.0,0.0,0.0,0.0,0.0,0.0,0.0,0.0,0.0,0.0,0.0,water
0.0,0.0,-0.13935230163360499,-0.13994141330756074,-0.1933323978341086,-0.2967890253299057,-0.22099325576696294,-0.40152574866801977,-0.21040789241084681,-0.40145685041430607,-0.07580725260522839,-0.5157662170581542,-0.08655095552607188,-0.6979586943380595,-0.09908432745928314,-0.8275468281624878,-0.10697686472491583,-0.9325003597668753,-0.016275158134134153,-0.5017461598704965,-0.03943950954556861,-0.7261747415630717,-0.06083273337071116,-0.8784259762008154,-0.08392713303831396,-1.0,0.026751485263042787,-0.4512144528730677,-0.025471705467761202,-0.6471313780135348,-0.06097832570501139,-0.7852426682881987,-0.07894307129030838,-0.8915002099605805,0.029510575881945056,-0.36075673459360247,-0.09174508320359602,-0.45394657414495054,-0.15858513327387436,-0.40884392312134793,-0.18515088822912315,-0.331030403935502,0.0,0.0,0.0,0.0,0.0,0.0,0.0,0.0,0.0,0.0,0.0,0.0,0.0,0.0,0.0,0.0,0.0,0.0,0.0,0.0,0.0,0.0,0.0,0.0,0.0,0.0,0.0,0.0,0.0,0.0,0.0,0.0,0.0,0.0,0.0,0.0,0.0,0.0,0.0,0.0,0.0,0.0,water
0.0,0.0,-0.14512688438587398,-0.14295766091849035,-0.20489994956615531,-0.2992188872563202,-0.24046618965747815,-0.42273001810199173,-0.2122776474927736,-0.4406097775229378,-0.0637015732387706,-0.5294635919211449,-0.08450094530681171,-0.7229988820643438,-0.10014002602980754,-0.8488193061107114,-0.10860058754992033,-0.9520260070817159,-0.009296609569494255,-0.5162166225406946,-0.03544550915894353,-0.7393470521548887,-0.05942780749130519,-0.8840373385264751,-0.08299339290412412,-1.0,0.029040760510911454,-0.46914161071889643,-0.08843404223331902,-0.5772872447824571,-0.1325717414885239,-0.4962871687383585,-0.14200252081816458,-0.4193069410780606,0.029822397696650477,-0.39937180582008314,-0.10431043298810477,-0.48168123887199504,-0.15942667120017692,-0.407716990087171,-0.17594899975788258,-0.32141305668431996,0.0,0.0,0.0,0.0,0.0,0.0,0.0,0.0,0.0,0.0,0.0,0.0,0.0,0.0,0.0,0.0,0.0,0.0,0.0,0.0,0.0,0.0,0.0,0.0,0.0,0.0,0.0,0.0,0.0,0.0,0.0,0.0,0.0,0.0,0.0,0.0,0.0,0.0,0.0,0.0,0.0,0.0,water
0.0,0.0,-0.1425506146580549,-0.13700399442734132,-0.2043958068196637,-0.2890407822380758,-0.2388074475992334,-0.4015895074945545,-0.2481319026101717,-0.43209538077897575,-0.06463431902136746,-0.5197745887969246,-0.08552597884128467,-0.7092099073504607,-0.1046524039084359,-0.8370806464593948,-0.11869078673562623,-0.9470156278042442,-0.017517636207992557,-0.49575078319784016,-0.05445091795219857,-0.7210539589849222,-0.07965054248205392,-0.8742116913070742,-0.10632876362122964,-1.0,0.01198844667519121,-0.43614855602807334,-0.11937596379923796,-0.5332059099104062,-0.17134010218262466,-0.4497148036550237,-0.18897620257827996,-0.3703982419527202,0.004392966261485431,-0.3525920308570696,-0.12082507885776851,-0.44273241038146544,-0.1782043540592222,-0.38125864272104815,-0.20283253144949812,-0.30605637130743574,0.0,0.0,0.0,0.0,0.0,0.0,0.0,0.0,0.0,0.0,0.0,0.0,0.0,0.0,0.0,0.0,0.0,0.0,0.0,0.0,0.0,0.0,0.0,0.0,0.0,0.0,0.0,0.0,0.0,0.0,0.0,0.0,0.0,0.0,0.0,0.0,0.0,0.0,0.0,0.0,0.0,0.0,water
0.0,0.0,-0.14024432519080593,-0.13007129961399858,-0.1948430397500124,-0.2818750615771345,-0.22578872930766802,-0.3833597600750924,-0.2396556316864182,-0.4083836342948203,-0.06003853789534667,-0.5197412805167693,-0.08257142249995761,-0.7056626923165259,-0.10349315949137877,-0.8391507582117335,-0.1192616281777826,-0.9484540087760966,-0.010858825819831797,-0.4998064948610058,-0.054509635654400465,-0.7277158387229649,-0.0835457096057754,-0.8804822968018956,-0.10987077977956083,-1.0,0.0165903557382162,-0.4442465867217482,-0.0610299968382355,-0.6336412172170849,-0.10040308741044619,-0.7658645773120107,-0.11893300214583569,-0.8632608760513188,0.0034135465617581903,-0.3533214947826593,-0.11525951690041472,-0.4406529505187075,-0.1767839553223143,-0.40423663564216555,-0.20262037940744712,-0.33616060475775794,0.0,0.0,0.0,0.0,0.0,0.0,0.0,0.0,0.0,0.0,0.0,0.0,0.0,0.0,0.0,0.0,0.0,0.0,0.0,0.0,0.0,0.0,0.0,0.0,0.0,0.0,0.0,0.0,0.0,0.0,0.0,0.0,0.0,0.0,0.0,0.0,0.0,0.0,0.0,0.0,0.0,0.0,water
0.0,0.0,-0.14861504992873484,-0.14572952171712425,-0.19812893348842384,-0.3104596409752766,-0.2215578446445062,-0.4193457572431371,-0.2215801554296475,-0.41276720129199923,-0.05596062264982285,-0.5355495954742088,-0.07160835108855075,-0.7141007611103398,-0.0876775054688369,-0.8456865384267167,-0.10002366883293252,-0.9549861047999013,-0.007966351455870345,-0.5117298683426558,-0.044564230487008874,-0.7296861918011852,-0.06832036649183058,-0.8783896226179195,-0.09110797730206345,-1.0,0.01705535575247488,-0.45513592118321744,-0.0448750725369971,-0.6517055786878758,-0.08491678831613284,-0.7890087372052498,-0.10417972620032025,-0.8967290880040836,0.0018963089554413742,-0.36465760381736456,-0.11165459369365718,-0.45197360989796964,-0.17396182635440477,-0.4090539106171745,-0.1969755629000313,-0.33634575638088454,0.0,0.0,0.0,0.0,0.0,0.0,0.0,0.0,0.0,0.0,0.0,0.0,0.0,0.0,0.0,0.0,0.0,0.0,0.0,0.0,0.0,0.0,0.0,0.0,0.0,0.0,0.0,0.0,0.0,0.0,0.0,0.0,0.0,0.0,0.0,0.0,0.0,0.0,0.0,0.0,0.0,0.0,water
0.0,0.0,-0.14624620114476578,-0.14363102401511502,-0.1934082452523385,-0.30700450065330664,-0.217950968517099,-0.41907937182868865,-0.23153506584754646,-0.4368934374376249,-0.04441986823772344,-0.5355619228302775,-0.059153672593346786,-0.7174936863638245,-0.07725662782802463,-0.8501280498389868,-0.09207408664391525,-0.9601436342748361,0.001294476920146183,-0.5098581146668592,-0.03797067282675573,-0.730274830908546,-0.06368445017455825,-0.8790464865235048,-0.08728302666171675,-1.0,0.0218929790718646,-0.45242282605138595,-0.04246807531242015,-0.6513017695952447,-0.08358424253378524,-0.7916938922924984,-0.10348706899260741,-0.9029989690563018,0.002438332467531342,-0.36325800747645487,-0.10722854723627119,-0.4496440242649948,-0.1684464911613428,-0.4126878243100295,-0.19226634019755023,-0.3462492785886409,0.0,0.0,0.0,0.0,0.0,0.0,0.0,0.0,0.0,0.0,0.0,0.0,0.0,0.0,0.0,0.0,0.0,0.0,0.0,0.0,0.0,0.0,0.0,0.0,0.0,0.0,0.0,0.0,0.0,0.0,0.0,0.0,0.0,0.0,0.0,0.0,0.0,0.0,0.0,0.0,0.0,0.0,water
0.0,0.0,-0.14120723819607525,-0.13449504702619464,-0.19560269548175607,-0.3016461232673502,-0.22368378160234603,-0.41568643814009326,-0.22169083498823638,-0.43124187489324084,-0.04655786684191471,-0.5415933749982071,-0.06230563310310296,-0.7170163586569359,-0.0816035630290963,-0.8452821028373927,-0.0945150666807491,-0.9522368682410304,-0.003983502691961148,-0.5241448508500964,-0.0426778091734873,-0.7327891168880956,-0.07002836914573969,-0.8773348476293921,-0.08992784492287044,-1.0,0.01811743965743181,-0.4712911807901722,-0.04179200682911013,-0.6676872083274114,-0.08393911695329197,-0.8052434456928839,-0.10408199278579622,-0.9165172581505334,0.005703384868948629,-0.38746072457588626,-0.1045357600318854,-0.46764430906765175,-0.16346606459924398,-0.4431354447418851,-0.18762026027289494,-0.3967612145488906,0.0,0.0,0.0,0.0,0.0,0.0,0.0,0.0,0.0,0.0,0.0,0.0,0.0,0.0,0.0,0.0,0.0,0.0,0.0,0.0,0.0,0.0,0.0,0.0,0.0,0.0,0.0,0.0,0.0,0.0,0.0,0.0,0.0,0.0,0.0,0.0,0.0,0.0,0.0,0.0,0.0,0.0,water
0.0,0.0,-0.14472522487752937,-0.1465382024812395,-0.19858205822548974,-0.3019014800097702,-0.22800588324238133,-0.39458665569814866,-0.23607472267660037,-0.40515576740679493,-0.06308455733465011,-0.5229914870624709,-0.0797170883660045,-0.7092760460889233,-0.10287807286803836,-0.8415646210310055,-0.122316457958185,-0.9501432216356133,-0.017825040153869418,-0.500892954383724,-0.054876567164021284,-0.7298289059220481,-0.08559779304394351,-0.8801745094037772,-0.11278082595901398,-1.0,0.004359774440462835,-0.4394830698175074,-0.05195588202639846,-0.6481975432916339,-0.09904275713015352,-0.7878735843051504,-0.12588066238288234,-0.8982708723461174,-0.012791293985537206,-0.3400008670486615,-0.1226203479402836,-0.4286299468033925,-0.18110827851717762,-0.3884718478815992,-0.20234917318451112,-0.31964848578410276,0.0,0.0,0.0,0.0,0.0,0.0,0.0,0.0,0.0,0.0,0.0,0.0,0.0,0.0,0.0,0.0,0.0,0.0,0.0,0.0,0.0,0.0,0.0,0.0,0.0,0.0,0.0,0.0,0.0,0.0,0.0,0.0,0.0,0.0,0.0,0.0,0.0,0.0,0.0,0.0,0.0,0.0,water
0.0,0.0,-0.11324938522310359,-0.11865584130763654,-0.16656892470629459,-0.27153893075495755,-0.2031261229349187,-0.3717293421535542,-0.22533059843399733,-0.4033386573502764,0.008183725899658692,-0.5020755993355422,-0.01544263297147921,-0.6942138720266602,-0.04500767911651157,-0.8458920882721157,-0.06858953619670814,-0.961431269669344,0.0580661414261801,-0.4755972894828713,0.031299081447228934,-0.7053838215529334,-0.005314639171039053,-0.8715826652736413,-0.03831246139661454,-1.0,0.07905027039953146,-0.4079223418172332,-0.0035253602662946248,-0.6037153880287625,-0.05032257404496983,-0.6919435134163948,-0.0605193665911756,-0.7415954915082142,0.05287554460345451,-0.30836569730342167,-0.07360110282599161,-0.4145909607655331,-0.14000570339044824,-0.3901945163051749,-0.16060044169306295,-0.32765747943390655,0.0,0.0,-0.141504555625658,-0.1515409026443745,-0.1921519407647786,-0.3066996055506598,-0.21653261978588015,-0.4002517270129015,-0.23634269703907332,-0.40799287821791136,-0.06188000242185091,-0.5292041631018176,-0.07499736313493625,-0.7177730695740858,-0.09838020534814,-0.8528575808319486,-0.12061630543219877,-0.9623228887803478,-0.01270380613554107,-0.505055185895243,-0.050390972743266045,-0.7330942718305149,-0.08250595674771095,-0.8847558391317621,-0.11263553646886007,-1.0,0.011634725833425865,-0.4430784805923522,-0.05371374364023448,-0.644759827055883,-0.09578570128094947,-0.7808190691235188,-0.11374120126800583,-0.8840543153553692,-0.005016996815009314,-0.34331105957903013,-0.12582970323126685,-0.42861861859934436,-0.1856606529027659,-0.38566563780791685,-0.20146173250913382,-0.3122908292079499,water
0.0,0.0,-0.14812383481656055,-0.14878798937704457,-0.200920934609026,-0.31549034436666784,-0.2346247449787189,-0.434442602624081,-0.23234274420486123,-0.4500989306693869,-0.048292896338246155,-0.5415493422209715,-0.07054504203454219,-0.7177448643990292,-0.096792008160681,-0.8456193499595483,-0.11509374230539238,-0.9498757870484364,-0.006118092440817475,-0.5271456962960357,-0.05029569277850083,-0.744248830419642,-0.08361971930071406,-0.8857856414224912,-0.10845835238664744,-1.0,0.014033205529564882,-0.47885455872524535,-0.08465079672165746,-0.6449026522213233,-0.11725065074395863,-0.712304337120546,-0.11908614442998347,-0.7601804055717754,-0.0025794523198142743,-0.40479066270357733,-0.13606704421541385,-0.47356176791304655,-0.18889327359386543,-0.41936864645256605,-0.19998065355798655,-0.34751244327974956,0.0,0.0,0.0,0.0,0.0,0.0,0.0,0.0,0.0,0.0,0.0,0.0,0.0,0.0,0.0,0.0,0.0,0.0,0.0,0.0,0.0,0.0,0.0,0.0,0.0,0.0,0.0,0.0,0.0,0.0,0.0,0.0,0.0,0.0,0.0,0.0,0.0,0.0,0.0,0.0,0.0,0.0,water
0.0,0.0,-0.1417905095666096,-0.1363468277458923,-0.19635870322522425,-0.3046165979745351,-0.22426435669856506,-0.41833281967685515,-0.22881511618866462,-0.4390375908240493,-0.05243280414870753,-0.5349313326359666,-0.07632676822204433,-0.7087031498449016,-0.09273168545443307,-0.8332544003776721,-0.10490652851999524,-0.9421631420356001,-0.01872530922227671,-0.52315750775169,-0.05922039222679452,-0.7285033687034815,-0.08058936319734251,-0.8728404083321326,-0.09701301758428112,-1.0,-0.0006383554722505972,-0.4821448916163294,-0.05053625951691308,-0.6819611382799852,-0.07832216749680876,-0.8275916876813546,-0.09511216556063612,-0.9464741951692169,-0.013064319482699469,-0.4218174996839451,-0.06486479850774717,-0.5820636757429875,-0.08915848854481442,-0.6720433685441081,-0.10316784979952322,-0.740272670826315,0.0,0.0,0.0,0.0,0.0,0.0,0.0,0.0,0.0,0.0,0.0,0.0,0.0,0.0,0.0,0.0,0.0,0.0,0.0,0.0,0.0,0.0,0.0,0.0,0.0,0.0,0.0,0.0,0.0,0.0,0.0,0.0,0.0,0.0,0.0,0.0,0.0,0.0,0.0,0.0,0.0,0.0,water
0.0,0.0,-0.14196784907711887,-0.13565942132507378,-0.19684917308270997,-0.30162647837491985,-0.22450618793018176,-0.41985565476642794,-0.22036617366153252,-0.43807141359064955,-0.058243314773088965,-0.5366288731284339,-0.0768144871514852,-0.7126265387322613,-0.09356647188759118,-0.8428765961585809,-0.10580772235275522,-0.9522992456200762,-0.018122617459077506,-0.5258342448449836,-0.05861218931709793,-0.727514827714528,-0.08339278603843503,-0.8750405458040574,-0.10449310471651373,-1.0,0.0036652972642492176,-0.4807095331164232,-0.05668249129052246,-0.6646949935105002,-0.09271343593502424,-0.8043358282481912,-0.11561383633433799,-0.9118954332940649,-0.006295618100428537,-0.4061510644386268,-0.10053123145043034,-0.48535900242775465,-0.15467220101513232,-0.48238499212532093,-0.1885043363927413,-0.453503787097511,0.0,0.0,0.0,0.0,0.0,0.0,0.0,0.0,0.0,0.0,0.0,0.0,0.0,0.0,0.0,0.0,0.0,0.0,0.0,0.0,0.0,0.0,0.0,0.0,0.0,0.0,0.0,0.0,0.0,0.0,0.0,0.0,0.0,0.0,0.0,0.0,0.0,0.0,0.0,0.0,0.0,0.0,water
0.0,0.0,-0.10948586486527796,-0.12045802566906373,-0.16083940631061158,-0.2722004656316246,-0.2044239149272836,-0.3632157233960592,-0.2630176214135627,-0.39308127466074355,0.003775258520885161,-0.5049217216090741,-0.02992358035331943,-0.6960213547046177,-0.06885565860036429,-0.8514061562127523,-0.10529404038669134,-0.9736068679498867,0.05175443436793499,-0.47948166552810484,0.00828831545441569,-0.7014017392664967,-0.03619124004276537,-0.8704979854321082,-0.08015241961870226,-1.0,0.06386722944520305,-0.4089781362455646,-0.018096008609029792,-0.6067368663204091,-0.06865229773171028,-0.74875710241072,-0.1003175279193748,-0.8469019072658895,0.028947448183780197,-0.301984413490416,-0.09442964789037062,-0.36803265586962935,-0.16085443169963315,-0.3587345306495916,-0.19666576255274107,-0.3177359432952181,0.0,0.0,-0.13252559104663886,-0.15808142626057434,-0.18435776594891387,-0.3111045345294296,-0.22338947091163974,-0.39020088383867935,-0.2680986192227998,-0.39145360208621843,-0.06540538136951805,-0.510349286697379,-0.09148353711635238,-0.7039036172877672,-0.11598281682463583,-0.8440178554901845,-0.1363511900291457,-0.9583154173489988,-0.020603257875923448,-0.479583224383582,-0.0667325648661466,-0.7119699058269908,-0.09571784393743302,-0.8732426999056845,-0.124726526372719,-1.0,0.0008806047599463766,-0.4106364885252243,-0.07006414011040855,-0.6068190168927609,-0.11462840032262601,-0.7499182477943925,-0.13915278545774534,-0.8623497105110253,-0.01726934229526152,-0.30705405049467266,-0.1298954784487995,-0.3878971417897063,-0.19254926248553514,-0.3622368424691911,-0.216410375009122,-0.30167297883761446,water
0.0,0.0,-0.1441745466365588,-0.15900669166077955,-0.19939943640901897,-0.3323534581512483,-0.23061682300895087,-0.4621969093412298,-0.2386030863486663,-0.4687294105551302,-0.050370298535305474,-0.5534240744893706,-0.07503666394366874,-0.7385746890495749,-0.09448084461873427,-0.8730146864545333,-0.10921242055210185,-0.9831113517585786,-0.005148104822624633,-0.5284088600471103,-0.04067840137348644,-0.7338041672868053,-0.0672313351736579,-0.8801602550503979,-0.09346123566637911,-1.0,0.02024895788646872,-0.4685213133515121,-0.06177187024162847,-0.6189199193920778,-0.10259641107526092,-0.6553596029675963,-0.11771814120484016,-0.6681682440075526,0.005109268990665707,-0.38274889895926706,-0.10764506922992137,-0.4801844095909689,-0.17284481897451404,-0.43969479974740994,-0.20251247629162253,-0.36844631305407005,0.0,0.0,0.0,0.0,0.0,0.0,0.0,0.0,0.0,0.0,0.0,0.0,0.0,0.0,0.0,0.0,0.0,0.0,0.0,0.0,0.0,0.0,0.0,0.0,0.0,0.0,0.0,0.0,0.0,0.0,0.0,0.0,0.0,0.0,0.0,0.0,0.0,0.0,0.0,0.0,0.0,0.0,water
0.0,0.0,-0.13638648873517534,-0.14477361352638843,-0.1938255465080329,-0.30381268495370983,-0.22397155636906202,-0.4245410468955215,-0.2302917150892412,-0.4474438173905585,-0.07094444599281455,-0.5123740337900449,-0.08539786882338059,-0.7044199629125749,-0.10166547730237054,-0.845757707156257,-0.11541262731113143,-0.9555614177568093,-0.023686173753484644,-0.4962751616444382,-0.047683893976545,-0.7147381572912136,-0.06945585017077802,-0.8727849035210584,-0.09266411768937953,-1.0,0.0031230265032711297,-0.4428976587131575,-0.051985914297066255,-0.6271205738850169,-0.08906059233150619,-0.7736288660551108,-0.10900043059092501,-0.8866297088725712,-0.0033909305409090544,-0.35760349467854,-0.10835551643580468,-0.42781379718756934,-0.17899468145669795,-0.43012554977041273,-0.22268518488511346,-0.40601980372572416,0.0,0.0,0.0,0.0,0.0,0.0,0.0,0.0,0.0,0.0,0.0,0.0,0.0,0.0,0.0,0.0,0.0,0.0,0.0,0.0,0.0,0.0,0.0,0.0,0.0,0.0,0.0,0.0,0.0,0.0,0.0,0.0,0.0,0.0,0.0,0.0,0.0,0.0,0.0,0.0,0.0,0.0,water
0.0,0.0,-0.14099576859243168,-0.1377998918032863,-0.19993089425660351,-0.2968712237478911,-0.22382377233351353,-0.42306160394979214,-0.2140925058683947,-0.4496238338405802,-0.060475546297365346,-0.5012982128123399,-0.07430007216632152,-0.6923050944694931,-0.09007766902992549,-0.8376171225204304,-0.10312480805425962,-0.95049187712011,-0.013708646048783083,-0.4843267794042933,-0.04035150634267879,-0.7015275662050541,-0.06153366203238852,-0.8678921502925385,-0.0798118567640993,-1.0,0.009429746750879705,-0.429634248249191,-0.05050460490363717,-0.6145085756343787,-0.084676276319125,-0.7629656115552232,-0.10064341795233814,-0.8756810050178706,-0.0006268908304446049,-0.3462071099551741,-0.10182079069719337,-0.4161377319258614,-0.1673743637955137,-0.42730377631015437,-0.20739279480807749,-0.4121072671422453,0.0,0.0,0.0,0.0,0.0,0.0,0.0,0.0,0.0,0.0,0.0,0.0,0.0,0.0,0.0,0.0,0.0,0.0,0.0,0.0,0.0,0.0,0.0,0.0,0.0,0.0,0.0,0.0,0.0,0.0,0.0,0.0,0.0,0.0,0.0,0.0,0.0,0.0,0.0,0.0,0.0,0.0,water
0.0,0.0,-0.13490597107067542,-0.13891475119569432,-0.18239237547549986,-0.29232063983235607,-0.21571958475720876,-0.3918822754034152,-0.24588481782082977,-0.427868232337961,-0.03981643088399348,-0.48361488593820134,-0.04497186613358001,-0.6748778432213367,-0.061914964200372014,-0.8152035999796221,-0.08027628832730355,-0.9274508474657859,-0.0033856110727132184,-0.4603287813444807,-0.02964896748890751,-0.6906704753454106,-0.05666806931517191,-0.8616344077567398,-0.08187522739553044,-1.0,0.011006846235092179,-0.41390679861992224,-0.02714084743770616,-0.6301625053201028,-0.058835020857209444,-0.7966244575099793,-0.07917817099181156,-0.9282585403443295,-0.011117159392082243,-0.3488874216124735,-0.05562230058690611,-0.5010525880870615,-0.08545358563891174,-0.609460336001842,-0.10684631531993022,-0.6969685543320377,0.0,0.0,0.0,0.0,0.0,0.0,0.0,0.0,0.0,0.0,0.0,0.0,0.0,0.0,0.0,0.0,0.0,0.0,0.0,0.0,0.0,0.0,0.0,0.0,0.0,0.0,0.0,0.0,0.0,0.0,0.0,0.0,0.0,0.0,0.0,0.0,0.0,0.0,0.0,0.0,0.0,0.0,water
0.0,0.0,-0.11675261270719638,-0.10305562401331013,-0.18286396560527046,-0.2520736873444043,-0.21328620332516307,-0.3532618226542149,-0.20849843304569424,-0.37189864523560245,-0.07997982583958824,-0.4955218918188808,-0.08206074737224181,-0.6720935701952221,-0.08601323594270989,-0.7955358164174707,-0.08609771572495015,-0.8971572261966562,-0.01142555068680121,-0.4765028710502546,-0.020793873021255307,-0.7049544576291167,-0.045330297498951774,-0.8684447815867479,-0.07153048817079131,-1.0,0.042930489064140744,-0.4108364450053125,0.019301979487532046,-0.6007730191384577,-0.019050093791978927,-0.7360589424179979,-0.04045338648373978,-0.8380606083204623,0.06387914458297186,-0.3013520066667172,-0.04822455541786322,-0.37041723884726074,-0.1275376707001393,-0.32315594715333235,-0.1716858338669154,-0.25235256772899506,0.0,0.0,0.0,0.0,0.0,0.0,0.0,0.0,0.0,0.0,0.0,0.0,0.0,0.0,0.0,0.0,0.0,0.0,0.0,0.0,0.0,0.0,0.0,0.0,0.0,0.0,0.0,0.0,0.0,0.0,0.0,0.0,0.0,0.0,0.0,0.0,0.0,0.0,0.0,0.0,0.0,0.0,water
0.0,0.0,-0.12808817411702397,-0.11408845771359188,-0.18902105657563717,-0.25318600084703347,-0.2180508276418382,-0.34907018827243674,-0.21955689444855023,-0.3790594923621434,-0.09043462582625672,-0.48820679636357833,-0.0917966406014501,-0.6618743855016419,-0.09648837958367648,-0.7820999856323593,-0.094990764330313,-0.8843143865158284,-0.025321041644559596,-0.4750043431593597,-0.04000627293070759,-0.7022183449416983,-0.06102040298884489,-0.8645668625861941,-0.08112477028208467,-1.0,0.023458131474242014,-0.4164313222079589,-0.0050972257306602636,-0.6065888309905314,-0.03892409847749962,-0.7402895877801807,-0.05455008155748981,-0.8440596379166733,0.03846226804007539,-0.3148791474824231,-0.07685823833943879,-0.37830767973871554,-0.15065983155115115,-0.3274084814155037,-0.18585191188222666,-0.2534126902890713,0.0,0.0,0.0,0.0,0.0,0.0,0.0,0.0,0.0,0.0,0.0,0.0,0.0,0.0,0.0,0.0,0.0,0.0,0.0,0.0,0.0,0.0,0.0,0.0,0.0,0.0,0.0,0.0,0.0,0.0,0.0,0.0,0.0,0.0,0.0,0.0,0.0,0.0,0.0,0.0,0.0,0.0,water
0.0,0.0,-0.13835457761684666,-0.12446119357509065,-0.19856351748598458,-0.26242296557643435,-0.22927894608375776,-0.3535956957576436,-0.24239322537654406,-0.37173837026753354,-0.10155261392338821,-0.48772514983963383,-0.10250144490376077,-0.6690905481079057,-0.11225243068226413,-0.7919201018877907,-0.11904333893324553,-0.8944308417658889,-0.04267861826860282,-0.47005503182506264,-0.0574052038099728,-0.7047005242923224,-0.0785958863046175,-0.868582633530207,-0.10215158206969706,-1.0,0.0018151225886280451,-0.40523169489581357,-0.025785560108647097,-0.5950021666585181,-0.06665593406963163,-0.7301481191340579,-0.09418987885116348,-0.8330048179569981,0.014753912765922245,-0.2964059494528142,-0.0920607720294145,-0.36009418411596705,-0.17215277740339688,-0.31841049990045084,-0.2181612272786676,-0.2536258300644458,0.0,0.0,0.0,0.0,0.0,0.0,0.0,0.0,0.0,0.0,0.0,0.0,0.0,0.0,0.0,0.0,0.0,0.0,0.0,0.0,0.0,0.0,0.0,0.0,0.0,0.0,0.0,0.0,0.0,0.0,0.0,0.0,0.0,0.0,0.0,0.0,0.0,0.0,0.0,0.0,0.0,0.0,water
0.0,0.0,-0.13322727891984648,-0.12272564552969958,-0.1890676269899243,-0.26480758026366136,-0.22168814567463216,-0.3522290992730182,-0.240048566906675,-0.3926536937516667,-0.09011581562257238,-0.4892822359038575,-0.09107237063318144,-0.6690955554975825,-0.10787404199566361,-0.7938698230083365,-0.12009385109047271,-0.9022987756095864,-0.027645164469488795,-0.47052198192400896,-0.04686775337113175,-0.7013417858012453,-0.07632928536644752,-0.8671075153338667,-0.10450997570930004,-1.0,0.01652811112270572,-0.4111411121546257,-0.021161786786786787,-0.6019015516481733,-0.07293478323883729,-0.739643299187218,-0.10762004765383144,-0.846336684174522,0.026204534650480598,-0.3116313103644185,-0.09190355896436977,-0.3658495005623384,-0.17174383601748466,-0.3185630732083435,-0.21308078107064593,-0.2534260249631871,0.0,0.0,0.0,0.0,0.0,0.0,0.0,0.0,0.0,0.0,0.0,0.0,0.0,0.0,0.0,0.0,0.0,0.0,0.0,0.0,0.0,0.0,0.0,0.0,0.0,0.0,0.0,0.0,0.0,0.0,0.0,0.0,0.0,0.0,0.0,0.0,0.0,0.0,0.0,0.0,0.0,0.0,water
0.0,0.0,-0.13710443006692746,-0.1259195382260106,-0.19372174436289144,-0.27197626715198275,-0.22558786642688428,-0.3676310682333759,-0.23443322656235677,-0.38403798463461286,-0.09116840710188151,-0.4885462336541016,-0.08858480348616644,-0.6645679118407947,-0.10377657247551822,-0.7839397447920842,-0.11593415737857422,-0.8875703773624921,-0.02687451001395775,-0.4717412176348605,-0.04461681249274344,-0.7049084334932801,-0.07506091912664672,-0.8671073380812928,-0.1054216315290584,-1.0,0.017554845186876767,-0.4124010097891168,-0.025281572355099827,-0.6090424508989503,-0.07708700354820887,-0.7415601982338396,-0.10864560938357644,-0.8466009841238232,0.024651981853127662,-0.3097445081124255,-0.09354550215728655,-0.38123241576913025,-0.1654216243399005,-0.33573205577204907,-0.19594642927108769,-0.2678205744352827,0.0,0.0,0.0,0.0,0.0,0.0,0.0,0.0,0.0,0.0,0.0,0.0,0.0,0.0,0.0,0.0,0.0,0.0,0.0,0.0,0.0,0.0,0.0,0.0,0.0,0.0,0.0,0.0,0.0,0.0,0.0,0.0,0.0,0.0,0.0,0.0,0.0,0.0,0.0,0.0,0.0,0.0,water
0.0,0.0,-0.142508960886329,-0.14832110332146065,-0.19958313762222965,-0.2968202332821802,-0.23302796036570564,-0.3924490882908479,-0.2632213874912555,-0.4039460813863602,-0.09799048112108412,-0.5049290102864483,-0.10232185652507639,-0.6724800820195458,-0.11541727062067651,-0.7926269694537929,-0.12503889218332126,-0.8961626439738164,-0.03502233152342614,-0.4835878168678695,-0.058683690304931084,-0.7101429904874856,-0.08582393329038145,-0.8715826022693941,-0.11209568268124485,-1.0,0.007672784491206593,-0.4202170615712133,-0.054349041683873785,-0.5826262729859395,-0.092681141196219,-0.6483002820240192,-0.10927907939678974,-0.6885363027958548,0.010581947080444947,-0.32176032886375544,-0.1109053227419303,-0.38713792991205775,-0.17550153413865383,-0.34225575936180996,-0.20079059102843935,-0.2786407857030243,0.0,0.0,0.0,0.0,0.0,0.0,0.0,0.0,0.0,0.0,0.0,0.0,0.0,0.0,0.0,0.0,0.0,0.0,0.0,0.0,0.0,0.0,0.0,0.0,0.0,0.0,0.0,0.0,0.0,0.0,0.0,0.0,0.0,0.0,0.0,0.0,0.0,0.0,0.0,0.0,0.0,0.0,water
0.0,0.0,-0.1448831868607462,-0.1543902964138443,-0.2005937870041309,-0.31206350229247115,-0.23483549203731519,-0.41323924962487835,-0.25671411006644174,-0.41575946664987257,-0.08612053542986488,-0.5135549083634005,-0.08855342545203167,-0.6877517745506047,-0.10648566848546051,-0.8125568907046722,-0.12389230182262623,-0.916545592750797,-0.024414579545196574,-0.48928019848310983,-0.05141418483446682,-0.7160266836170149,-0.08155792837647934,-0.87570859363615,-0.1103816977248112,-1.0,0.0125318825944285,-0.4235863094693228,-0.05169410723975638,-0.605900559258969,-0.09752632076141823,-0.7203324357752917,-0.12102680444683012,-0.8042220134348108,0.00809907605467952,-0.32085387135066495,-0.11787570932593806,-0.3900243636845624,-0.18219561688014488,-0.35499799715427477,-0.20547183310546538,-0.29707438063735164,0.0,0.0,0.0,0.0,0.0,0.0,0.0,0.0,0.0,0.0,0.0,0.0,0.0,0.0,0.0,0.0,0.0,0.0,0.0,0.0,0.0,0.0,0.0,0.0,0.0,0.0,0.0,0.0,0.0,0.0,0.0,0.0,0.0,0.0,0.0,0.0,0.0,0.0,0.0,0.0,0.0,0.0,water
0.0,0.0,-0.1384841839317036,-0.1494098001473236,-0.19721314381135702,-0.3027104871757678,-0.23245611708476338,-0.4063175374167006,-0.2655269178362711,-0.4233085909926271,-0.0794806614452822,-0.5065531929838554,-0.07764506133940823,-0.6873425174921624,-0.09901137340386476,-0.8120222935324867,-0.12104625730558781,-0.9193490177298667,-0.020471651365121257,-0.4783272058251905,-0.04065392362037778,-0.7071201711690239,-0.07479297595318131,-0.8718034080518,-0.11245670974488725,-1.0,0.01610572178594836,-0.4127246689471887,-0.0699013348937611,-0.5722391412866981,-0.1306687529278599,-0.6013711301717598,-0.16437556579377952,-0.607591866434895,0.013614902987574076,-0.3159685136504809,-0.11484363010179303,-0.3979926747940369,-0.17944669324003448,-0.3477954598210276,-0.20378197643737,-0.27757639324974753,0.0,0.0,0.0,0.0,0.0,0.0,0.0,0.0,0.0,0.0,0.0,0.0,0.0,0.0,0.0,0.0,0.0,0.0,0.0,0.0,0.0,0.0,0.0,0.0,0.0,0.0,0.0,0.0,0.0,0.0,0.0,0.0,0.0,0.0,0.0,0.0,0.0,0.0,0.0,0.0,0.0,0.0,water
0.0,0.0,-0.15143096620070617,-0.1620940974205038,-0.21096232710541948,-0.3201101848876665,-0.24773637612626237,-0.429248978370176,-0.25225761183819745,-0.41489371738586334,-0.08655795796495741,-0.5286523439631671,-0.08484499030027436,-0.6995332625578011,-0.1028583436786591,-0.8221645436781782,-0.12202526793792545,-0.9260850752975079,-0.028747704096120055,-0.49603362892199765,-0.05079541080053861,-0.7157095228608114,-0.07934592013094029,-0.8750682366033812,-0.10747984164483373,-1.0,0.006419374071256125,-0.42279205220000726,-0.058434950607890786,-0.5906793470670423,-0.09875536065461263,-0.6778483128285925,-0.11583435121719672,-0.7394653876014808,-0.0002552802783220982,-0.31697597202128147,-0.12538923305480035,-0.39555124168882333,-0.1871357978239391,-0.3550761835894368,-0.2067644464126924,-0.2908878074624345,0.0,0.0,0.0,0.0,0.0,0.0,0.0,0.0,0.0,0.0,0.0,0.0,0.0,0.0,0.0,0.0,0.0,0.0,0.0,0.0,0.0,0.0,0.0,0.0,0.0,0.0,0.0,0.0,0.0,0.0,0.0,0.0,0.0,0.0,0.0,0.0,0.0,0.0,0.0,0.0,0.0,0.0,water
0.0,0.0,-0.14089337713117855,-0.14876171935000668,-0.19846965048662502,-0.3035075879423923,-0.23073016042624384,-0.4064745195344009,-0.24238006477263066,-0.401203688679121,-0.08754809980609364,-0.5084613603263215,-0.08665609083113324,-0.6932398823674445,-0.10581876117605842,-0.8302892459130845,-0.12334740536754037,-0.9391796802449253,-0.028336536828400902,-0.4827416478846013,-0.04767374636369166,-0.7098790445215722,-0.07783671759468751,-0.8746586603656876,-0.10858593835030322,-1.0,0.008938861286106554,-0.4150177345896064,-0.0387856043252508,-0.6015439949764481,-0.08703531196759455,-0.7297904103800821,-0.11741090694859108,-0.8235370881339883,0.005768457068142302,-0.30834071710518357,-0.1118724012026057,-0.38289097184756865,-0.18095833386729931,-0.34893578925195967,-0.21182307177062337,-0.2879227002566466,0.0,0.0,0.0,0.0,0.0,0.0,0.0,0.0,0.0,0.0,0.0,0.0,0.0,0.0,0.0,0.0,0.0,0.0,0.0,0.0,0.0,0.0,0.0,0.0,0.0,0.0,0.0,0.0,0.0,0.0,0.0,0.0,0.0,0.0,0.0,0.0,0.0,0.0,0.0,0.0,0.0,0.0,water
0.0,0.0,-0.13871022357733034,-0.14707365727783386,-0.19518747299736658,-0.29968099755557936,-0.22741559697162447,-0.4031622477502131,-0.24371740220617108,-0.4162858407944421,-0.07829841977099261,-0.509832269574247,-0.0783202545433329,-0.6891476528156655,-0.09876995062835821,-0.8190028023677484,-0.11884935045131759,-0.9240966041917752,-0.023666387587254076,-0.486198097224872,-0.04475752485316115,-0.7127281331019086,-0.07764337660078412,-0.8734367108385305,-0.11109210014357258,-1.0,0.008591445995270086,-0.4213663627815209,-0.03491684352235684,-0.6158676512120626,-0.08657093491125954,-0.7450525448427162,-0.12290936529180384,-0.8398936682381737,0.004190128606809084,-0.31899385369055977,-0.10684953228843806,-0.38860418175264494,-0.17735848651380656,-0.3610458354825073,-0.21452771208454424,-0.30919254653938544,0.0,0.0,0.0,0.0,0.0,0.0,0.0,0.0,0.0,0.0,0.0,0.0,0.0,0.0,0.0,0.0,0.0,0.0,0.0,0.0,0.0,0.0,0.0,0.0,0.0,0.0,0.0,0.0,0.0,0.0,0.0,0.0,0.0,0.0,0.0,0.0,0.0,0.0,0.0,0.0,0.0,0.0,water
0.0,0.0,-0.1586815332913617,-0.16779444763331627,-0.21520302357804177,-0.32006815822439694,-0.23799745556860755,-0.4175177089738043,-0.2360421117565944,-0.40020302449820355,-0.09740519895094195,-0.5297126684379168,-0.11330246619923674,-0.70903471899271,-0.13333972539059488,-0.8475628686743247,-0.14774301795033223,-0.958743809841572,-0.04977467998153051,-0.5120185092385164,-0.08633841305584443,-0.715897837748607,-0.1164615656700149,-0.8725141599097652,-0.14203654256935305,-1.0,-0.01953669117548277,-0.44857703419707695,-0.07937518069677227,-0.6289119988545826,-0.12438066210057847,-0.7615444878903948,-0.14730649319531153,-0.8688537562936767,-0.02107060088589497,-0.3443780966894971,-0.12288742354145614,-0.391626564482086,-0.18364386646832886,-0.37832820220445,-0.20963825311332143,-0.3405540883064551,0.0,0.0,0.0,0.0,0.0,0.0,0.0,0.0,0.0,0.0,0.0,0.0,0.0,0.0,0.0,0.0,0.0,0.0,0.0,0.0,0.0,0.0,0.0,0.0,0.0,0.0,0.0,0.0,0.0,0.0,0.0,0.0,0.0,0.0,0.0,0.0,0.0,0.0,0.0,0.0,0.0,0.0,water
0.0,0.0,-0.14608189869239258,-0.16103299351995312,-0.20069131156267564,-0.3109359340754112,-0.22406661601187167,-0.40783869322524335,-0.22441716008005638,-0.3958506808658699,-0.0993820313266699,-0.5320106583239904,-0.11712911471080673,-0.7160873705997983,-0.1364250229730895,-0.8508789994736263,-0.14693874288875078,-0.9595673624514145,-0.05000512991319295,-0.5066475125125274,-0.08275014646273898,-0.7148201333480044,-0.11057620820607679,-0.8714979049137134,-0.13307738288185142,-1.0,-0.015628763795005694,-0.43981329346374715,-0.07411535018720466,-0.6195282784606096,-0.11917531812896454,-0.7533340718425756,-0.14378477560718841,-0.8607698810157526,-0.01118971608532607,-0.3360009501491392,-0.11525576706328082,-0.40323515373383334,-0.18100545555116085,-0.42680338752702496,-0.21536750995500545,-0.42869662288149457,0.0,0.0,0.0,0.0,0.0,0.0,0.0,0.0,0.0,0.0,0.0,0.0,0.0,0.0,0.0,0.0,0.0,0.0,0.0,0.0,0.0,0.0,0.0,0.0,0.0,0.0,0.0,0.0,0.0,0.0,0.0,0.0,0.0,0.0,0.0,0.0,0.0,0.0,0.0,0.0,0.0,0.0,water
0.0,0.0,-0.1538191760905516,-0.17298863723604058,-0.21148262666975784,-0.3203161388510058,-0.23698259914248251,-0.4212029362173028,-0.2262936343032904,-0.41057931293825756,-0.10696089545750427,-0.5394711600832028,-0.11730695998105667,-0.7196622279490809,-0.1342233755526172,-0.8567379626272946,-0.14144390369911336,-0.9644881003112963,-0.05486633650446275,-0.5123012630733127,-0.07627112670757213,-0.722370187941758,-0.1025986319420407,-0.8764911163100726,-0.12267296892046789,-1.0,-0.016821927484584248,-0.4405836620572609,-0.062131632192167434,-0.6244658613208254,-0.10882855917668872,-0.7467902149203929,-0.13283043827041843,-0.8396352378842364,-0.009346700603637906,-0.3289347477844353,-0.12125679061687576,-0.3836829741801777,-0.1976650774507038,-0.3700243021073701,-0.23502082833667248,-0.3311639808364444,0.0,0.0,0.0,0.0,0.0,0.0,0.0,0.0,0.0,0.0,0.0,0.0,0.0,0.0,0.0,0.0,0.0,0.0,0.0,0.0,0.0,0.0,0.0,0.0,0.0,0.0,0.0,0.0,0.0,0.0,0.0,0.0,0.0,0.0,0.0,0.0,0.0,0.0,0.0,0.0,0.0,0.0,water
0.0,0.0,-0.14245900574321999,-0.14322541483928583,-0.20304760094753918,-0.30858515877487025,-0.23510025666559684,-0.423830435866084,-0.22946699466597112,-0.4254412136879268,-0.0963036081539567,-0.5226700591387788,-0.11806210202045374,-0.698213813011307,-0.14025693709802067,-0.8173386482924999,-0.15575364369152422,-0.9145417011295419,-0.049381219680346124,-0.5113399262874248,-0.07513737475795183,-0.731411428067212,-0.09939174035176859,-0.8803240172868692,-0.12172872569943072,-1.0,-0.01409925114151709,-0.4599843111093442,-0.06114226371881009,-0.666947735049738,-0.10465556679268848,-0.8059629420257673,-0.13464345589996343,-0.9139222905392499,-0.006839309107022864,-0.3782554690522572,-0.1066953165073698,-0.4963674109354865,-0.16940646929176004,-0.510072985339905,-0.20862830807240937,-0.4981593188422801,0.0,0.0,0.0,0.0,0.0,0.0,0.0,0.0,0.0,0.0,0.0,0.0,0.0,0.0,0.0,0.0,0.0,0.0,0.0,0.0,0.0,0.0,0.0,0.0,0.0,0.0,0.0,0.0,0.0,0.0,0.0,0.0,0.0,0.0,0.0,0.0,0.0,0.0,0.0,0.0,0.0,0.0,water
0.0,0.0,-0.13753498973190134,-0.152503185546209,-0.19815005012267878,-0.30603948795389224,-0.24064095497163132,-0.42920211361311444,-0.22824273221157668,-0.44761854462200323,-0.08464400078965653,-0.5217408337029507,-0.10610563450696461,-0.6980885697217999,-0.12869042644016174,-0.8174380773401907,-0.14421076650523149,-0.9149264055501573,-0.03647495276161859,-0.5087988760213618,-0.06841030347935997,-0.7437625082362714,-0.0965339718954064,-0.888712065080004,-0.12005794232943547,-1.0,-0.0023933771404691276,-0.45882284773730075,-0.07483831269885628,-0.6525374894562908,-0.11350666464979502,-0.7292797973556762,-0.1286723771481606,-0.7872885810026075,0.0007835033573221414,-0.3791138925708191,-0.12343172419451189,-0.48497545142458653,-0.1757034993577631,-0.435668887789295,-0.18717792653630497,-0.3643555197760247,0.0,0.0,0.0,0.0,0.0,0.0,0.0,0.0,0.0,0.0,0.0,0.0,0.0,0.0,0.0,0.0,0.0,0.0,0.0,0.0,0.0,0.0,0.0,0.0,0.0,0.0,0.0,0.0,0.0,0.0,0.0,0.0,0.0,0.0,0.0,0.0,0.0,0.0,0.0,0.0,0.0,0.0,water
0.0,0.0,-0.13224378702918085,-0.13412398494255356,-0.1940859760571156,-0.29452753452578123,-0.23489303347850182,-0.41582388590237707,-0.22483205436877804,-0.43166676581120583,-0.07778233494782388,-0.5158500809332528,-0.1024252841534674,-0.6859508013487832,-0.12803150082916143,-0.8036917251880354,-0.14648219520620498,-0.9003826979212,-0.029261414928245445,-0.5086494739599476,-0.059578771379998056,-0.7350114851121429,-0.08853774328243566,-0.8830497277699679,-0.11371273339407241,-1.0,0.0037555951437961087,-0.46519786640951705,-0.054183638646332646,-0.674041559303567,-0.101490194605076,-0.8013813443373335,-0.12906281276188508,-0.8997471292437776,0.008519542432297324,-0.3901135152792171,-0.11465450215352375,-0.47750076445657835,-0.18031866098516275,-0.4303607713236422,-0.20609624116961334,-0.3606613253850722,0.0,0.0,0.0,0.0,0.0,0.0,0.0,0.0,0.0,0.0,0.0,0.0,0.0,0.0,0.0,0.0,0.0,0.0,0.0,0.0,0.0,0.0,0.0,0.0,0.0,0.0,0.0,0.0,0.0,0.0,0.0,0.0,0.0,0.0,0.0,0.0,0.0,0.0,0.0,0.0,0.0,0.0,water
0.0,0.0,-0.10562313558243355,-0.11183517665720884,-0.18014008358099678,-0.2534692688895252,-0.2257870899280967,-0.3566389092575517,-0.23536449564735065,-0.3940000102182689,-0.0977743943954128,-0.5013742460972321,-0.11535825806060367,-0.6878492121159347,-0.13794463075507898,-0.8078636687450478,-0.15242569485894458,-0.9062920323492623,-0.05392224919203482,-0.5027821458409091,-0.06668864334931753,-0.7293689263775948,-0.08857706385151878,-0.877765735523212,-0.10899960704092039,-1.0,-0.01420072811829912,-0.4722221913699611,-0.04756781876167465,-0.6895641041987978,-0.07766528549732203,-0.8273112558008113,-0.1021966834609099,-0.9336541129309749,0.010868239643284676,-0.41735852862259293,-0.02495767748522183,-0.5832692285051495,-0.0510546919514028,-0.6888077301648406,-0.07567827647125856,-0.780687516229832,0.0,0.0,0.0,0.0,0.0,0.0,0.0,0.0,0.0,0.0,0.0,0.0,0.0,0.0,0.0,0.0,0.0,0.0,0.0,0.0,0.0,0.0,0.0,0.0,0.0,0.0,0.0,0.0,0.0,0.0,0.0,0.0,0.0,0.0,0.0,0.0,0.0,0.0,0.0,0.0,0.0,0.0,water
0.0,0.0,-0.10536526257731135,-0.1081421320918263,-0.1826939914185804,-0.26359896371316327,-0.22751070491481512,-0.3785077018551504,-0.21682638421814027,-0.42173625216036903,-0.09774014640462357,-0.4971314348854242,-0.1046839309040864,-0.6855855667213773,-0.12132466892365933,-0.8086689043307705,-0.13235069091541662,-0.9094116501963574,-0.052053417691751376,-0.499509998041833,-0.05948248706079591,-0.719737518180925,-0.07757493785523416,-0.86937806452563,-0.09480979893467431,-1.0,-0.008692098600497342,-0.4691236638846582,-0.037142815724518344,-0.6770168027297446,-0.05760002356243274,-0.8123995461470476,-0.07180168163057557,-0.9234768578483495,0.02101520490227458,-0.41657207561792137,-0.014625505735174363,-0.5773375877637341,-0.03469775312415078,-0.6762512537676307,-0.04924985635890003,-0.7649888941326551,0.0,0.0,0.0,0.0,0.0,0.0,0.0,0.0,0.0,0.0,0.0,0.0,0.0,0.0,0.0,0.0,0.0,0.0,0.0,0.0,0.0,0.0,0.0,0.0,0.0,0.0,0.0,0.0,0.0,0.0,0.0,0.0,0.0,0.0,0.0,0.0,0.0,0.0,0.0,0.0,0.0,0.0,water
0.0,0.0,-0.10515214767463105,-0.10042821109530195,-0.18139587270437021,-0.25382306141658373,-0.22693941815868054,-0.3635279646934532,-0.22697351327087578,-0.41052208081764313,-0.09726512523840125,-0.48998273846768103,-0.10259666023092032,-0.6757072795886201,-0.11965785437342707,-0.8002553136056663,-0.13103033783083134,-0.9013894110927625,-0.049665291810659734,-0.49329584281824085,-0.05386675018793461,-0.716670558212231,-0.0719315163225059,-0.8691382566205066,-0.08934048060940428,-1.0,-0.0061585178172826474,-0.46102587724960137,-0.03504601311744779,-0.6583538080360534,-0.05140014517463634,-0.781773176270084,-0.061331463510352804,-0.8796158021674616,0.019981381717354342,-0.4046849976098151,-0.026269225822274173,-0.5487549523150463,-0.04978286116305717,-0.6284331132670196,-0.06456179903682484,-0.696333411634522,0.0,0.0,0.0,0.0,0.0,0.0,0.0,0.0,0.0,0.0,0.0,0.0,0.0,0.0,0.0,0.0,0.0,0.0,0.0,0.0,0.0,0.0,0.0,0.0,0.0,0.0,0.0,0.0,0.0,0.0,0.0,0.0,0.0,0.0,0.0,0.0,0.0,0.0,0.0,0.0,0.0,0.0,water
0.0,0.0,-0.10587716886678432,-0.10201035179154518,-0.1784139595590528,-0.23790558084877314,-0.22123575573149595,-0.3447914318554777,-0.21608582315086872,-0.408070282117985,-0.07954175694133217,-0.48044377161223417,-0.0779975536364362,-0.6751000128845374,-0.09068578981121847,-0.8008315015533025,-0.09969477477416269,-0.9005954306238033,-0.032755599738815144,-0.48790321504389844,-0.027585284839267216,-0.7236521524335396,-0.04565930614218754,-0.875605979687078,-0.0666659549031488,-1.0,0.011791414142271982,-0.4636329687890889,-0.029125605797702087,-0.6539783496096665,-0.05154033309076756,-0.7470246060692237,-0.06504313408241591,-0.8134134584937127,0.042390127775301434,-0.4186550144508215,0.0072311129304218,-0.5708480913050241,-0.01189599485006742,-0.660206118626552,-0.02580450104689899,-0.7359028966914886,0.0,0.0,0.0,0.0,0.0,0.0,0.0,0.0,0.0,0.0,0.0,0.0,0.0,0.0,0.0,0.0,0.0,0.0,0.0,0.0,0.0,0.0,0.0,0.0,0.0,0.0,0.0,0.0,0.0,0.0,0.0,0.0,0.0,0.0,0.0,0.0,0.0,0.0,0.0,0.0,0.0,0.0,water
0.0,0.0,-0.11792268392056515,-0.10138368284473012,-0.19207131762004456,-0.24157891811916027,-0.2362941931573702,-0.3469611585424965,-0.2473174525761601,-0.4272602690908384,-0.09317797979762737,-0.49243065200287983,-0.09424534172403248,-0.6966105340124111,-0.10816690121382203,-0.8328578011247797,-0.1180345787384395,-0.9388246857412857,-0.044394331293890366,-0.4933796396787497,-0.04573507543679475,-0.7368966557903575,-0.06686201325442713,-0.8866390858816402,-0.0894343629733319,-1.0,-0.00021805782993333412,-0.45628912424735785,-0.06808562919153875,-0.5936069930024619,-0.11000955217899583,-0.5669959630642434,-0.13013043347155293,-0.5267270367037431,0.025581547771984778,-0.39470261522362643,-0.07264316244161968,-0.4681038712865686,-0.1393549027001042,-0.42597036357342705,-0.1772199595434193,-0.37417053916605214,0.0,0.0,0.0,0.0,0.0,0.0,0.0,0.0,0.0,0.0,0.0,0.0,0.0,0.0,0.0,0.0,0.0,0.0,0.0,0.0,0.0,0.0,0.0,0.0,0.0,0.0,0.0,0.0,0.0,0.0,0.0,0.0,0.0,0.0,0.0,0.0,0.0,0.0,0.0,0.0,0.0,0.0,water
0.0,0.0,-0.11532502431681392,-0.10122177284716725,-0.1896996829678177,-0.24573723623828525,-0.23473472270822476,-0.3532938957913765,-0.24008717508957048,-0.41081223414826573,-0.08916824231611208,-0.5004968489514109,-0.08616061662333943,-0.703303582468666,-0.0990536591861489,-0.8360466041813406,-0.10799368638894187,-0.940100040598942,-0.03737180170695774,-0.49652080583142977,-0.03732349347137975,-0.7358901155342765,-0.059968041473996904,-0.8860160923993875,-0.08471562468555845,-1.0,0.009013365612245562,-0.4554422856753817,-0.0729899894322606,-0.5847411554629105,-0.11934386903412063,-0.5282272779836092,-0.13659866969631893,-0.46345744795350796,0.0351516252842802,-0.3909840813100192,-0.07742608714805699,-0.4705312253922103,-0.14199517518368393,-0.4124882545909093,-0.17110576800332802,-0.345309520627116,0.0,0.0,0.0,0.0,0.0,0.0,0.0,0.0,0.0,0.0,0.0,0.0,0.0,0.0,0.0,0.0,0.0,0.0,0.0,0.0,0.0,0.0,0.0,0.0,0.0,0.0,0.0,0.0,0.0,0.0,0.0,0.0,0.0,0.0,0.0,0.0,0.0,0.0,0.0,0.0,0.0,0.0,water
0.0,0.0,-0.11532774101640746,-0.10192225192686741,-0.1910294910079521,-0.24970177389540638,-0.23643792790137572,-0.36461094303531744,-0.22368699774871395,-0.42683752672337305,-0.08899814592493831,-0.5075631564184793,-0.09216413612079485,-0.7067881118466776,-0.10495473651205531,-0.8417259198473,-0.11376127518456197,-0.951109736780338,-0.03265114933073002,-0.5040991308403301,-0.03855311450788942,-0.7361690094570289,-0.05770646515541706,-0.8819289094066527,-0.0791548408244391,-1.0,0.017607482824185318,-0.4626383912802781,-0.032472378960634665,-0.646440778564034,-0.0604465088791403,-0.7398023964384263,-0.07277632419129294,-0.8041673585647918,0.046776297235874405,-0.39408237016452213,-0.056123470057488786,-0.4785611604460257,-0.12254416429175019,-0.4489107086503244,-0.15843860992432393,-0.4022168034484626,0.0,0.0,0.0,0.0,0.0,0.0,0.0,0.0,0.0,0.0,0.0,0.0,0.0,0.0,0.0,0.0,0.0,0.0,0.0,0.0,0.0,0.0,0.0,0.0,0.0,0.0,0.0,0.0,0.0,0.0,0.0,0.0,0.0,0.0,0.0,0.0,0.0,0.0,0.0,0.0,0.0,0.0,water
0.0,0.0,-0.11578562121086215,-0.10507936115037991,-0.18384063968817776,-0.25664285449079216,-0.21533656346429397,-0.37546900506392866,-0.19568855058081486,-0.44494426748575905,-0.07856603603928997,-0.5030979907703087,-0.08527475014390609,-0.6961385176068069,-0.10023062862275234,-0.8300930571717015,-0.11098462585298619,-0.9386663245081872,-0.026881330700127475,-0.5026701242858683,-0.036029944592047995,-0.7280638233330698,-0.061176824791200395,-0.8791885893514791,-0.08716781938881774,-1.0,0.017604912533633867,-0.46528787912847586,-0.027947713402197778,-0.6588573034965077,-0.0647846434829039,-0.7709878740011502,-0.08397927954255162,-0.8452833276798043,0.041289115748492304,-0.39969852335547346,-0.05551933873159057,-0.48150184672125207,-0.1192855892597935,-0.4511786408242719,-0.15209264344956366,-0.3970643913801321,0.0,0.0,0.0,0.0,0.0,0.0,0.0,0.0,0.0,0.0,0.0,0.0,0.0,0.0,0.0,0.0,0.0,0.0,0.0,0.0,0.0,0.0,0.0,0.0,0.0,0.0,0.0,0.0,0.0,0.0,0.0,0.0,0.0,0.0,0.0,0.0,0.0,0.0,0.0,0.0,0.0,0.0,water
0.0,0.0,-0.11576657348693738,-0.10513129613367134,-0.1869578488803589,-0.25355297936200516,-0.22167658049254413,-0.3712662031615814,-0.20661566774393836,-0.43463053353493375,-0.08061243364528287,-0.5007963454126977,-0.0866492824771785,-0.6949168626553457,-0.10153080500536775,-0.8293674223807442,-0.11113160721204508,-0.9369553749699642,-0.03006295911653742,-0.49951447922663783,-0.04071396800256982,-0.724731923263613,-0.06499355895226977,-0.8768596511304249,-0.08873371056872283,-1.0,0.014624997050337606,-0.46152003651745477,-0.029495608999350185,-0.6486514397270426,-0.06425772919384268,-0.7580256824884443,-0.08138074140684053,-0.8301877456941906,0.03898705167986128,-0.39614892077879205,-0.05626737922052285,-0.47340749313204417,-0.12099502452216103,-0.44554796354039666,-0.1552258248841893,-0.3943068090387298,0.0,0.0,0.0,0.0,0.0,0.0,0.0,0.0,0.0,0.0,0.0,0.0,0.0,0.0,0.0,0.0,0.0,0.0,0.0,0.0,0.0,0.0,0.0,0.0,0.0,0.0,0.0,0.0,0.0,0.0,0.0,0.0,0.0,0.0,0.0,0.0,0.0,0.0,0.0,0.0,0.0,0.0,water
0.0,0.0,-0.11561296856569264,-0.08972799083425195,-0.17850040160024225,-0.24400847020307054,-0.20992114509285806,-0.360182811509632,-0.22657341085018398,-0.44475042558139166,-0.057511745264349254,-0.46424939124539577,-0.060690087665306494,-0.685405078578131,-0.07819382169829063,-0.8253342605637116,-0.08999413576886497,-0.9360415107891955,-0.0034938548991991334,-0.4709690009581462,-0.00883948222223933,-0.7161911311660728,-0.042448039722803574,-0.8735587940188508,-0.07630221307211538,-1.0,0.04276770691699443,-0.44582722501381133,-0.09068772559846257,-0.545244944376564,-0.1613713233843029,-0.43850518438846114,-0.18729931443850933,-0.33794614560914016,0.06395225716688106,-0.3985399420859824,-0.06665427589698358,-0.45312018276751875,-0.12745482959575663,-0.3868080583016263,-0.1476928423509176,-0.32057291790772935,0.0,0.0,0.0,0.0,0.0,0.0,0.0,0.0,0.0,0.0,0.0,0.0,0.0,0.0,0.0,0.0,0.0,0.0,0.0,0.0,0.0,0.0,0.0,0.0,0.0,0.0,0.0,0.0,0.0,0.0,0.0,0.0,0.0,0.0,0.0,0.0,0.0,0.0,0.0,0.0,0.0,0.0,water
0.0,0.0,-0.10596034619246539,-0.07002320433135616,-0.1892292354488622,-0.22032933322531278,-0.2262356468254792,-0.34029775730148604,-0.19833666210703899,-0.3749509276487743,-0.07115228687757902,-0.46371993753555585,-0.08000751680177047,-0.6591974028646425,-0.09705423055557601,-0.7913415728014973,-0.10729364113833124,-0.893803972611881,0.00075212654294743,-0.46532462294914395,-0.015189162057380783,-0.7079572979597284,-0.040679333191835344,-0.8708226010232045,-0.0639274084062751,-1.0,0.05993109449588439,-0.4221755472278557,0.006378791906225666,-0.6120580391726251,-0.028473903998746605,-0.7131938395256558,-0.03962256192155164,-0.7747566245721303,0.09047412762806294,-0.34713920746395205,-0.031138485243924457,-0.4178725799435749,-0.10069501402593252,-0.38084251117421236,-0.13343751513459381,-0.3187994364184136,0.0,0.0,0.0,0.0,0.0,0.0,0.0,0.0,0.0,0.0,0.0,0.0,0.0,0.0,0.0,0.0,0.0,0.0,0.0,0.0,0.0,0.0,0.0,0.0,0.0,0.0,0.0,0.0,0.0,0.0,0.0,0.0,0.0,0.0,0.0,0.0,0.0,0.0,0.0,0.0,0.0,0.0,water
0.0,0.0,-0.10447900684338034,-0.07898775038827521,-0.17909965770954003,-0.23156652402892125,-0.21643384938269336,-0.35122255870804653,-0.209921111516274,-0.3912616613247474,-0.06425932338364569,-0.4764497764018433,-0.08531314883040111,-0.6698518592909847,-0.10184822908802556,-0.7891108273211,-0.1120074327497404,-0.8800316977461082,0.0018687477183188072,-0.47405364813960016,-0.020397609447567296,-0.7203131166215373,-0.04721650470888309,-0.877492794454753,-0.0741272744341985,-1.0,0.05631630075813329,-0.4273404465289036,-0.06379319248238782,-0.5357081720646082,-0.1158070226517019,-0.41594547852497765,-0.13030523548217143,-0.30615443801710407,0.08653750806673634,-0.3554675813561579,-0.03464723321107693,-0.4353284559609261,-0.0931271247949853,-0.39189527831784826,-0.12041088372357275,-0.33948184703155193,0.0,0.0,0.0,0.0,0.0,0.0,0.0,0.0,0.0,0.0,0.0,0.0,0.0,0.0,0.0,0.0,0.0,0.0,0.0,0.0,0.0,0.0,0.0,0.0,0.0,0.0,0.0,0.0,0.0,0.0,0.0,0.0,0.0,0.0,0.0,0.0,0.0,0.0,0.0,0.0,0.0,0.0,water
0.0,0.0,-0.11140881097190224,-0.09357493040944732,-0.1936778794496724,-0.24473656373428487,-0.2368902393315309,-0.3652017251460527,-0.2061539954389244,-0.4151919799699149,-0.07589118386398733,-0.48561920182842827,-0.09674273734501422,-0.6857253576146474,-0.11461118413052206,-0.803257179362882,-0.1265069623869518,-0.8970492939328366,-0.013426270662688635,-0.48258924332455433,-0.03400087789877344,-0.7331454263472914,-0.05823596486405896,-0.8807581913619426,-0.0842062345805493,-1.0,0.04116004244565607,-0.436048947437685,-0.0847867805436309,-0.5252291782234461,-0.14109370028502558,-0.4031875055181019,-0.16273527937004517,-0.2951332840244079,0.07021336938215583,-0.36648379885290117,-0.040154498523231004,-0.4442205275055514,-0.10131172569578059,-0.4088003521590146,-0.13767372650537985,-0.36411372204092307,0.0,0.0,0.0,0.0,0.0,0.0,0.0,0.0,0.0,0.0,0.0,0.0,0.0,0.0,0.0,0.0,0.0,0.0,0.0,0.0,0.0,0.0,0.0,0.0,0.0,0.0,0.0,0.0,0.0,0.0,0.0,0.0,0.0,0.0,0.0,0.0,0.0,0.0,0.0,0.0,0.0,0.0,water
0.0,0.0,-0.10984473925235515,-0.08435080217024275,-0.18570373444619775,-0.2426403435550602,-0.22213753835789404,-0.36627475389881914,-0.19476393120744206,-0.3896060417271793,-0.05837918574937022,-0.49338290674797813,-0.08164145882596743,-0.6843476600352031,-0.09888803955648764,-0.8102950932381815,-0.10831425764347727,-0.914098516781339,0.004166695500743171,-0.4815772694958725,-0.02969860004791756,-0.7162031113495975,-0.05831727820781595,-0.8718149177723834,-0.08418845852652944,-1.0,0.05219553880415203,-0.42577182900127053,-0.020852367720323048,-0.5987312133522784,-0.05564795967892617,-0.6610014096590353,-0.06429818263024009,-0.6999713654241331,0.06455591251622735,-0.34157383185051365,-0.05018139283739096,-0.438347850433624,-0.10912541476650102,-0.39220241783550663,-0.13180227816012283,-0.32017215159380125,0.0,0.0,0.0,0.0,0.0,0.0,0.0,0.0,0.0,0.0,0.0,0.0,0.0,0.0,0.0,0.0,0.0,0.0,0.0,0.0,0.0,0.0,0.0,0.0,0.0,0.0,0.0,0.0,0.0,0.0,0.0,0.0,0.0,0.0,0.0,0.0,0.0,0.0,0.0,0.0,0.0,0.0,water
0.0,0.0,-0.11925046314298424,-0.10937311141652048,-0.19000363307705884,-0.2615598582242842,-0.22578935464691896,-0.366986611839913,-0.2104924734782751,-0.37263965875313565,-0.09578554315201708,-0.49787411641624324,-0.11003710566376948,-0.6819444816148285,-0.12589337924619162,-0.8129014292143825,-0.13526626326742194,-0.9190511249332464,-0.033637710675176846,-0.4812452236056602,-0.05943325747076615,-0.7111904895593202,-0.08349587723592979,-0.8699174747508142,-0.10714306329792789,-1.0,0.019681762040624343,-0.42294509435767563,-0.022753872410601728,-0.6178531190849893,-0.0706779545688699,-0.7598780951341431,-0.09885240593837552,-0.8763520617843499,0.04326090443503028,-0.3196416879937211,-0.06642881119316582,-0.41431631769361005,-0.1417832373637749,-0.36037850470804456,-0.17842274078843545,-0.27908713735042856,0.0,0.0,0.0,0.0,0.0,0.0,0.0,0.0,0.0,0.0,0.0,0.0,0.0,0.0,0.0,0.0,0.0,0.0,0.0,0.0,0.0,0.0,0.0,0.0,0.0,0.0,0.0,0.0,0.0,0.0,0.0,0.0,0.0,0.0,0.0,0.0,0.0,0.0,0.0,0.0,0.0,0.0,water
0.0,0.0,-0.14019150571054523,-0.13009786352907418,-0.20361587392241826,-0.26813403330450125,-0.23698952388441233,-0.3705001607147045,-0.22833955499270922,-0.39271327806954737,-0.10797976098343604,-0.48650962149962684,-0.12413814153102483,-0.6758612031944289,-0.14230752517288903,-0.8071632199225535,-0.15264361893646872,-0.9147901672950405,-0.04804990295039089,-0.47405078308757087,-0.08036838845226911,-0.7079129229797196,-0.10485686044859406,-0.8698954112847933,-0.1286493619005445,-1.0,0.0008342679617650751,-0.4244539148860443,-0.047643287850382195,-0.6186490101215776,-0.08951912504983535,-0.7570000565605398,-0.11331473043384693,-0.8682555005124937,0.016548441343271433,-0.33039649628148937,-0.1001238813773733,-0.43016118374312134,-0.16885942222718853,-0.37962537609310143,-0.19797654668934606,-0.3004597613145221,0.0,0.0,0.0,0.0,0.0,0.0,0.0,0.0,0.0,0.0,0.0,0.0,0.0,0.0,0.0,0.0,0.0,0.0,0.0,0.0,0.0,0.0,0.0,0.0,0.0,0.0,0.0,0.0,0.0,0.0,0.0,0.0,0.0,0.0,0.0,0.0,0.0,0.0,0.0,0.0,0.0,0.0,water
0.0,0.0,-0.126654518767055,-0.12199300038763541,-0.18715174113971633,-0.26927501090624384,-0.21350207911600363,-0.38131861711813325,-0.19822114152445194,-0.4009178728922591,-0.08505019430811343,-0.49657315797486296,-0.09481911840022994,-0.6739982780288334,-0.11140599073683564,-0.8032256042357591,-0.12432819456994858,-0.9083258883737948,-0.025500695739464653,-0.4882241138223794,-0.04376587162316891,-0.7114476967249712,-0.07046810920486979,-0.8732012586850162,-0.10056635708428234,-1.0,0.020546638424861204,-0.43725820228427703,-0.020187574600626784,-0.6272167820120111,-0.07099809082097257,-0.7779000907041276,-0.10771658862074715,-0.8943955766066081,0.03520991800807424,-0.3420911075413211,-0.07808128573847105,-0.4056010545047798,-0.1597143182456875,-0.36565047055697963,-0.2067600374756875,-0.30148670333780103,0.0,0.0,0.0,0.0,0.0,0.0,0.0,0.0,0.0,0.0,0.0,0.0,0.0,0.0,0.0,0.0,0.0,0.0,0.0,0.0,0.0,0.0,0.0,0.0,0.0,0.0,0.0,0.0,0.0,0.0,0.0,0.0,0.0,0.0,0.0,0.0,0.0,0.0,0.0,0.0,0.0,0.0,water
0.0,0.0,-0.12159062682130634,-0.13301310010478287,-0.1870545302787266,-0.2760524322029243,-0.21423053683171553,-0.3875893616881616,-0.18488977760672876,-0.40481911394386083,-0.08166050970839407,-0.5183359664363147,-0.08851043527558794,-0.7063966955910698,-0.10110044473126631,-0.8365572002900616,-0.11209590966769699,-0.9461088518899438,-0.021746678334543076,-0.5028805789625148,-0.04083336413827746,-0.7216038585524486,-0.06296835750686547,-0.8729178592786392,-0.08949694201910689,-1.0,0.024811741485830128,-0.4466585042201622,-0.010481569373137236,-0.6283845852750525,-0.05834951600538528,-0.761112840410467,-0.09459668612502707,-0.8661010994083033,0.04185338205466329,-0.34977113941787985,-0.04450249209119046,-0.42942944291648083,-0.11647619998500634,-0.40087775089590566,-0.16278535886493167,-0.3443653035680417,0.0,0.0,0.0,0.0,0.0,0.0,0.0,0.0,0.0,0.0,0.0,0.0,0.0,0.0,0.0,0.0,0.0,0.0,0.0,0.0,0.0,0.0,0.0,0.0,0.0,0.0,0.0,0.0,0.0,0.0,0.0,0.0,0.0,0.0,0.0,0.0,0.0,0.0,0.0,0.0,0.0,0.0,water
0.0,0.0,0.11390862532736934,-0.12101273004503386,0.17089201497413972,-0.26861620915165113,0.19840724999620074,-0.3709645554615591,0.1857967549276368,-0.3988087555152553,0.0827406322977402,-0.48949105148247024,0.1069911401318089,-0.6891923791962797,0.1250919167000157,-0.825918635104125,0.13247392443023803,-0.9365629384976216,0.02299877917196452,-0.47635960224308155,0.04703389444143318,-0.709040104960817,0.06918184258916857,-0.8704706520032218,0.08264661334197876,-1.0,-0.028431717213675302,-0.41584300455404316,-0.003097357236572158,-0.5706703409706849,0.029186300384484845,-0.6825695137457132,0.053533866580212454,-0.7645331725825325,-0.059776907607126395,-0.319292628934131,0.02060494308712457,-0.38929987285151996,0.08856453925139433,-0.40244003505448134,0.14224004214642844,-0.39723555902272967,0.0,0.0,0.0,0.0,0.0,0.0,0.0,0.0,0.0,0.0,0.0,0.0,0.0,0.0,0.0,0.0,0.0,0.0,0.0,0.0,0.0,0.0,0.0,0.0,0.0,0.0,0.0,0.0,0.0,0.0,0.0,0.0,0.0,0.0,0.0,0.0,0.0,0.0,0.0,0.0,0.0,0.0,water
0.0,0.0,0.14483903251099373,-0.1182348907011914,0.21149637588492537,-0.26293428380523054,0.24706946231058913,-0.34866364037624104,0.24943661273855766,-0.37451267946813555,0.14291578840829133,-0.5230255932784938,0.17273300147450815,-0.7119373424332031,0.19571166331322107,-0.8402907355448016,0.20845885131153952,-0.9431022962598057,0.09671173344790064,-0.5091916327227417,0.12901473794197973,-0.7343394930060606,0.1574897328288676,-0.8841519982294144,0.17760295204005824,-1.0,0.05758697645196635,-0.45266770062823036,0.11120283915262189,-0.6327114025130054,0.1602930201714898,-0.7569337790035248,0.19426560801097628,-0.851611816727583,0.038531237020359634,-0.3586370437938578,0.13114859606750232,-0.429560843514411,0.197901902161702,-0.42455944292066006,0.24380211017192235,-0.3999850071373586,0.0,0.0,0.0,0.0,0.0,0.0,0.0,0.0,0.0,0.0,0.0,0.0,0.0,0.0,0.0,0.0,0.0,0.0,0.0,0.0,0.0,0.0,0.0,0.0,0.0,0.0,0.0,0.0,0.0,0.0,0.0,0.0,0.0,0.0,0.0,0.0,0.0,0.0,0.0,0.0,0.0,0.0,water
0.0,0.0,0.13789417591570327,-0.11620656331680296,0.20214754648160016,-0.26491860241057624,0.24037714185050194,-0.35328275679976534,0.24332084925226274,-0.3912921494650173,0.13163968686652494,-0.5210134052710983,0.16799279952850468,-0.7039115741260882,0.19485240351512556,-0.8328390541054257,0.21107428164229164,-0.935602268516746,0.08363675278318433,-0.508800680881405,0.11732473277015838,-0.7334243853206287,0.1484091949954045,-0.8847487293624039,0.17213658551281705,-1.0,0.04501633684381425,-0.4507638261668599,0.09620724118545838,-0.6293845182749415,0.14594710908894243,-0.7532066430291355,0.18156084279158866,-0.8442241092356048,0.028906913779082187,-0.3535716878532004,0.1287097879003374,-0.4301472041997729,0.19852743495546885,-0.42761565767800275,0.24620137260033972,-0.40344817558137175,0.0,0.0,0.0,0.0,0.0,0.0,0.0,0.0,0.0,0.0,0.0,0.0,0.0,0.0,0.0,0.0,0.0,0.0,0.0,0.0,0.0,0.0,0.0,0.0,0.0,0.0,0.0,0.0,0.0,0.0,0.0,0.0,0.0,0.0,0.0,0.0,0.0,0.0,0.0,0.0,0.0,0.0,water
0.0,0.0,0.15524905310965395,-0.14916367647638917,0.22930921761310574,-0.3039418227583726,0.267795668217372,-0.4093577297692708,0.26497186112881793,-0.4617692512196312,0.13427240051845266,-0.5830232661817474,0.17468437571992726,-0.772997467256512,0.2064788143277983,-0.8943740230288026,0.22423124314500872,-1.0,0.08922161377143968,-0.5640273399050997,0.15066310917079084,-0.7704579548475627,0.19828153436032647,-0.8932340433775795,0.22875988466692357,-0.9972812278915955,0.05178247862479801,-0.5035432967025785,0.13429317410341557,-0.6512677605398518,0.19587623331490164,-0.6336526941355702,0.23123404197711311,-0.6068384307587237,0.03127183122886025,-0.4079892406834556,0.10126130672384927,-0.5161101485498054,0.1651923645638119,-0.5314870362326334,0.21624181573269952,-0.5264147803356778,0.0,0.0,0.0,0.0,0.0,0.0,0.0,0.0,0.0,0.0,0.0,0.0,0.0,0.0,0.0,0.0,0.0,0.0,0.0,0.0,0.0,0.0,0.0,0.0,0.0,0.0,0.0,0.0,0.0,0.0,0.0,0.0,0.0,0.0,0.0,0.0,0.0,0.0,0.0,0.0,0.0,0.0,water
0.0,0.0,0.1502342226608539,-0.13577094144584312,0.2258564552842057,-0.27991853084482826,0.2583053496794536,-0.38471434628010975,0.24636645665099768,-0.43090843398824097,0.1307997867897352,-0.5693282600366969,0.16879474706342773,-0.7633644524095335,0.1945873181661968,-0.8905928280318126,0.20722643101842708,-1.0,0.08298283666650345,-0.550543572469329,0.14203207853786212,-0.742489431727813,0.1952341658078773,-0.8397732285598724,0.22765173305276581,-0.9136013436794922,0.0420414998882665,-0.4918316195835067,0.1315153221092408,-0.6356754516504883,0.20425870564104515,-0.6001745966513364,0.2426683445643101,-0.5483518322089981,0.014833405695183113,-0.3957881458527146,0.09450902349559483,-0.49006267982654506,0.16144620977448862,-0.502298832703967,0.20941074558385803,-0.4924117519975699,0.0,0.0,0.0,0.0,0.0,0.0,0.0,0.0,0.0,0.0,0.0,0.0,0.0,0.0,0.0,0.0,0.0,0.0,0.0,0.0,0.0,0.0,0.0,0.0,0.0,0.0,0.0,0.0,0.0,0.0,0.0,0.0,0.0,0.0,0.0,0.0,0.0,0.0,0.0,0.0,0.0,0.0,water
0.0,0.0,0.14393581273322992,-0.12553462434635726,0.22640662717356796,-0.274166841370718,0.2662053681064277,-0.3853567257066529,0.23647077850121895,-0.41738423111249545,0.13122103157251616,-0.5707769438571061,0.16830457205493893,-0.7524161270807252,0.1952244098497146,-0.8753214454713715,0.20654103947912236,-0.9814405596918819,0.0863112687108039,-0.5621067511635289,0.14243451593001455,-0.7745313838357822,0.19610036598002983,-0.8987343440212281,0.2251902077880071,-1.0,0.04468358600530701,-0.5129688707329784,0.14122600315066278,-0.6678868396935591,0.20955848792146103,-0.5995917316066584,0.23192735506052747,-0.5221242415348399,0.017970637739669,-0.4247117383152939,0.11337701932925624,-0.5227510197725054,0.17356605909589157,-0.4974620992039485,0.2007441793601639,-0.45400930823185526,0.0,0.0,0.0,0.0,0.0,0.0,0.0,0.0,0.0,0.0,0.0,0.0,0.0,0.0,0.0,0.0,0.0,0.0,0.0,0.0,0.0,0.0,0.0,0.0,0.0,0.0,0.0,0.0,0.0,0.0,0.0,0.0,0.0,0.0,0.0,0.0,0.0,0.0,0.0,0.0,0.0,0.0,water
0.0,0.0,0.13550642117712278,-0.10882391247410085,0.21964581074189296,-0.2560093430166628,0.2581510473443439,-0.3647471436388626,0.23282402506355818,-0.40564025473841797,0.13837184671994948,-0.5434545212538839,0.1628125848297156,-0.7473907631800033,0.18677159749650663,-0.8755261529565944,0.19849724084268439,-0.9842801740938337,0.09087233452808559,-0.5370371607228815,0.12810354508897667,-0.76630340664211,0.17970971002966923,-0.8979677125877399,0.20825244941703946,-1.0,0.04242094049408643,-0.4927563473499256,0.1264826862699542,-0.6574248691982438,0.19940547041640447,-0.5883085390038981,0.22314240514934564,-0.504362364397687,0.004510018791943747,-0.4139952512056852,0.09328310857583401,-0.5278923682953813,0.16000440816349898,-0.4962027297218516,0.19121947740362988,-0.4398080540582059,0.0,0.0,0.0,0.0,0.0,0.0,0.0,0.0,0.0,0.0,0.0,0.0,0.0,0.0,0.0,0.0,0.0,0.0,0.0,0.0,0.0,0.0,0.0,0.0,0.0,0.0,0.0,0.0,0.0,0.0,0.0,0.0,0.0,0.0,0.0,0.0,0.0,0.0,0.0,0.0,0.0,0.0,water
0.0,0.0,0.13516039197808905,-0.1111794907054458,0.2171738202563008,-0.25611924067015984,0.24875772811138117,-0.36618144323607316,0.2166451964962425,-0.40167101759408036,0.12998842523381343,-0.550612426423005,0.14885171104870867,-0.7541244637198504,0.16630343705915235,-0.8845893403206411,0.1764303285505008,-0.9945038623307333,0.08063624657036118,-0.5408814882907477,0.12037877883674689,-0.7590211635920463,0.16107421383708703,-0.8912291549500707,0.18582644338980622,-1.0,0.030673735642605306,-0.4900036000161722,0.11961374513773874,-0.63102787845745,0.17824510469219862,-0.5719031205869842,0.19937528703894916,-0.5087716197675992,-0.010431815524228448,-0.4014107608768545,0.06829789928040833,-0.49649089210434383,0.12755363285693846,-0.4937665489983506,0.16355113148726183,-0.4762511508794135,0.0,0.0,0.0,0.0,0.0,0.0,0.0,0.0,0.0,0.0,0.0,0.0,0.0,0.0,0.0,0.0,0.0,0.0,0.0,0.0,0.0,0.0,0.0,0.0,0.0,0.0,0.0,0.0,0.0,0.0,0.0,0.0,0.0,0.0,0.0,0.0,0.0,0.0,0.0,0.0,0.0,0.0,water
0.0,0.0,0.13057528276565333,-0.1147601805086171,0.20822406157959095,-0.25874299235053294,0.2392498888905583,-0.3680463300927019,0.21501676213758572,-0.4111975053325262,0.12639722849190196,-0.5428729775537118,0.14783759458842494,-0.7382300326518783,0.16985846813885264,-0.8667597869606709,0.1836640283121882,-0.9735603148577435,0.0760129134131512,-0.5340949681599355,0.11479241072834966,-0.7513130785385025,0.1577191860924421,-0.8892971921904966,0.1862823095836195,-1.0,0.026447803280309372,-0.4849654506584416,0.09270525924486292,-0.6449843719784168,0.157734210706152,-0.645762743901582,0.19505038334574884,-0.6297491713440874,-0.016563667285260708,-0.3979281057694032,0.05509804529775634,-0.4890584462319965,0.11781296391523985,-0.5008057554933139,0.16185483218233485,-0.49835213914149357,0.0,0.0,0.0,0.0,0.0,0.0,0.0,0.0,0.0,0.0,0.0,0.0,0.0,0.0,0.0,0.0,0.0,0.0,0.0,0.0,0.0,0.0,0.0,0.0,0.0,0.0,0.0,0.0,0.0,0.0,0.0,0.0,0.0,0.0,0.0,0.0,0.0,0.0,0.0,0.0,0.0,0.0,water
0.0,0.0,0.13460105946258782,-0.11272216397588089,0.2186933099556349,-0.2547092309295148,0.26179525010778354,-0.35871038452426296,0.23540896617366433,-0.39465066794063086,0.14664158265001306,-0.5402976167093613,0.17243106185615054,-0.7398126579696488,0.1991721103342131,-0.8742691521005403,0.2194975079864721,-0.9820270523824245,0.08794208017434701,-0.5227560471617251,0.11782501519460933,-0.7433993421484434,0.15028877687481715,-0.8853854331335933,0.17736458254290052,-1.0,0.031648827996046354,-0.4631914706210307,0.0676092407623973,-0.6278295461282964,0.10614987020839123,-0.7163757507942553,0.13468487075615354,-0.77819017868275,-0.013795192525642963,-0.36778615944933907,0.051960562089529004,-0.4612592970147808,0.11146096870239866,-0.4849960705068912,0.1589058466124012,-0.48687676177560874,0.0,0.0,0.0,0.0,0.0,0.0,0.0,0.0,0.0,0.0,0.0,0.0,0.0,0.0,0.0,0.0,0.0,0.0,0.0,0.0,0.0,0.0,0.0,0.0,0.0,0.0,0.0,0.0,0.0,0.0,0.0,0.0,0.0,0.0,0.0,0.0,0.0,0.0,0.0,0.0,0.0,0.0,water
0.0,0.0,0.1175713987949973,-0.08717222939874665,0.1949108096317452,-0.21666678645690743,0.2325122039030274,-0.3035569642887868,0.2001792933203437,-0.3188164985573988,0.12683303570903517,-0.4989675170249157,0.15668421920394376,-0.6805342383377122,0.17968753913601615,-0.8092793440896258,0.193024113339863,-0.9136861221263682,0.06856891390980317,-0.48466456227883725,0.09522812308948178,-0.7081195349786414,0.12209064897778632,-0.8675694930411672,0.1429635539281507,-1.0,0.013394291319846695,-0.41923012336870197,0.054839754416938426,-0.5775394605388078,0.1021994795005139,-0.6787145156804336,0.13820559446560376,-0.7560563223219966,-0.027931599336928348,-0.3088229432723514,0.042311546537746235,-0.3741909530489774,0.10467793958172297,-0.37133450030807874,0.15299762009461687,-0.3494486055218074,0.0,0.0,0.0,0.0,0.0,0.0,0.0,0.0,0.0,0.0,0.0,0.0,0.0,0.0,0.0,0.0,0.0,0.0,0.0,0.0,0.0,0.0,0.0,0.0,0.0,0.0,0.0,0.0,0.0,0.0,0.0,0.0,0.0,0.0,0.0,0.0,0.0,0.0,0.0,0.0,0.0,0.0,water
0.0,0.0,0.1247646403579389,-0.09551610856794418,0.19968228473327276,-0.22379929052446454,0.24017418719518266,-0.3084611534820267,0.21933218233819343,-0.33263593943084274,0.13488534796722926,-0.5110496181433583,0.1673892246378048,-0.6914187501903505,0.19250836516282016,-0.8191701386961384,0.20734144962747458,-0.92269209310403,0.07893784734244755,-0.4955243597904535,0.1083180314915899,-0.7184037038053039,0.13767845158681594,-0.8731106698459074,0.160264877202585,-1.0,0.025978498869344915,-0.4292905871047216,0.06949030556955359,-0.5844321463308952,0.11992827916434556,-0.6839248257469246,0.15830737186251045,-0.7590848227833965,-0.01293443928515037,-0.31882205374656264,0.05837891125766991,-0.38382073506296527,0.12028306013218804,-0.38209251434837915,0.1681481427081333,-0.3617886749595053,0.0,0.0,0.0,0.0,0.0,0.0,0.0,0.0,0.0,0.0,0.0,0.0,0.0,0.0,0.0,0.0,0.0,0.0,0.0,0.0,0.0,0.0,0.0,0.0,0.0,0.0,0.0,0.0,0.0,0.0,0.0,0.0,0.0,0.0,0.0,0.0,0.0,0.0,0.0,0.0,0.0,0.0,water
0.0,0.0,0.12515657865261395,-0.1071555919868646,0.20343720031915616,-0.23457558690251556,0.23876220432538828,-0.3274759143647962,0.20274250708746508,-0.33998899230048335,0.12887587224692149,-0.4797760788929879,0.15606843483433497,-0.6804459376806475,0.17866683502629851,-0.8102958906546142,0.19210627547942644,-0.9221012288854789,0.07325972213948735,-0.460240978007254,0.10559116883814235,-0.6970428553569825,0.128239699368987,-0.8600153285571775,0.1427642833710744,-1.0,0.02154471919878714,-0.3885720026881608,0.05334874858733125,-0.5515816017041798,0.08608365012631167,-0.6687701832295349,0.11164592794823025,-0.7672819623909193,-0.018446915956381992,-0.2785621276406523,0.03401427393230768,-0.34645328901168143,0.09296765733165645,-0.3645176202897408,0.14411035638266187,-0.3663992908759427,0.0,0.0,0.0,0.0,0.0,0.0,0.0,0.0,0.0,0.0,0.0,0.0,0.0,0.0,0.0,0.0,0.0,0.0,0.0,0.0,0.0,0.0,0.0,0.0,0.0,0.0,0.0,0.0,0.0,0.0,0.0,0.0,0.0,0.0,0.0,0.0,0.0,0.0,0.0,0.0,0.0,0.0,water
0.0,0.0,0.13241088625761446,-0.10103270479380999,0.20950821246386936,-0.22836917929886588,0.2547763029050379,-0.3127458342581947,0.23343362187652017,-0.33508065164223844,0.1380984022667869,-0.47345198550359896,0.17375875125708243,-0.672654614273295,0.20046769671979559,-0.807462069832646,0.21208788905976642,-0.9213466686984795,0.08363720666974422,-0.45509914140989766,0.12806473290444179,-0.6972306649378626,0.1611972856988524,-0.8647937774444773,0.1790973461446047,-1.0,0.03623561107278291,-0.3844748615047635,0.07436048251620347,-0.5462359142170811,0.12080178208156779,-0.6703873390664905,0.15387492673165076,-0.7653689581459451,0.009522189653990284,-0.2764844864379548,0.09500399885985192,-0.3427725821648206,0.17172595511307792,-0.3430134699829161,0.23054530776368823,-0.32089471920598167,0.0,0.0,0.12066852653165908,-0.08497474916542978,0.1990646942552935,-0.22510117329086923,0.2413344780241003,-0.3261652824972524,0.2129539407885182,-0.3572369932194067,0.09897124608207783,-0.4548958705641087,0.12203097978182208,-0.6698452092425368,0.14449124435165148,-0.8276606077710563,0.15872129732535825,-0.9590561039244627,0.027589613939820304,-0.4343274873076317,0.03220884804075566,-0.6730956812472254,0.05466486379587561,-0.85367803151642,0.0749078908471776,-1.0,-0.03206593336416513,-0.36071715872232735,-0.02035517000923924,-0.5368395410662105,0.021245232314888157,-0.6628336349562604,0.05733955703145359,-0.7612001330780268,-0.07633639385327838,-0.24598474134761072,-0.015972968268306725,-0.33984723837344044,0.04610311590045516,-0.3777299278268008,0.09744502033765974,-0.3972057219431452,water
0.0,0.0,0.1359113789811575,-0.10658418874660837,0.2161736717940576,-0.2376939564365142,0.2576050870882974,-0.3273956151546054,0.23246580891258195,-0.3486428392596528,0.1489225151287547,-0.48058959907018967,0.18275556044072358,-0.671777163060802,0.2089712039700132,-0.7997038366888332,0.22504534046567864,-0.9093656812875675,0.08987945847912507,-0.47161330638348975,0.13220720033056305,-0.7072709619506475,0.16657700347864673,-0.8701343217656625,0.1892634184370312,-1.0,0.03653861419996214,-0.41068304826342455,0.07769635831079032,-0.5745810459551827,0.11213302719613746,-0.7031173478422823,0.13502115888398336,-0.8006761886733309,0.003962685458279647,-0.3084110380371395,0.1005820474146266,-0.3747107064563602,0.18039327638041616,-0.37487843055835435,0.24066790424256487,-0.35403687894757196,0.0,0.0,0.0,0.0,0.0,0.0,0.0,0.0,0.0,0.0,0.0,0.0,0.0,0.0,0.0,0.0,0.0,0.0,0.0,0.0,0.0,0.0,0.0,0.0,0.0,0.0,0.0,0.0,0.0,0.0,0.0,0.0,0.0,0.0,0.0,0.0,0.0,0.0,0.0,0.0,0.0,0.0,water
0.0,0.0,0.13215788562362588,-0.10390858426821509,0.2129281463167135,-0.23591194259436735,0.25456222970306597,-0.32493335695705045,0.22911847965273135,-0.3424353099404843,0.14462526878689527,-0.476653391748343,0.17835731945976854,-0.6680570432233488,0.20397482463416794,-0.7969654261530655,0.21700726429302,-0.906469609967061,0.08668588778197457,-0.4685430743583342,0.13006950204962592,-0.7085246720195862,0.16568004091198285,-0.8703953885430341,0.18735111018047984,-1.0,0.034214055037891905,-0.409367072296628,0.08231513099082702,-0.5720139487311647,0.1249680878480136,-0.694871908447358,0.15265646014705764,-0.7884401501179844,0.0022385820937593118,-0.30964048997736954,0.10226395074454976,-0.36722813262569565,0.17850862534126877,-0.35693470189821935,0.23225946089603686,-0.3281457126980164,0.0,0.0,0.1173011260158918,-0.08446520113881353,0.1906054951110227,-0.21782598083079674,0.23154268140154133,-0.31621082741179407,0.2222701958544219,-0.3714103179292959,0.09243596193218663,-0.4624510338703379,0.11952354905144728,-0.6680493337779273,0.14672926826005314,-0.8215965652842604,0.1630400788355003,-0.9488841439727266,0.022784348103967345,-0.4533576395996938,0.037885440649100495,-0.6808861017344466,0.06056225826148437,-0.8595338780366951,0.0763572506220235,-1.0,-0.033302900016583925,-0.3945914686923459,-0.01096533353257606,-0.5588720606754681,0.03313971113675127,-0.6836054115603356,0.06999843752642511,-0.7734595058090445,-0.07294934177960945,-0.292326437330548,-0.003454606356364631,-0.36503370929459744,0.0666803898459916,-0.39224245753113524,0.1257765985884225,-0.39836286088659145,water
0.0,0.0,0.13797153799657288,-0.10519309611046457,0.22053395002878803,-0.22559176626732141,0.2454677812042487,-0.3058235843177651,0.22947622819090308,-0.32241917672238035,0.15064732021718802,-0.4872919884831209,0.1773502278611246,-0.6856614356092969,0.20330687134834277,-0.8206716211065711,0.2181427441769459,-0.9347138423164006,0.10238114199417003,-0.4804859928359473,0.14248114430220352,-0.7057960126746387,0.17000444348426555,-0.8658300634459688,0.18924845231800377,-1.0,0.05193657524012385,-0.4297281781153098,0.09182791884621615,-0.5991727675338288,0.1366427553012514,-0.7289927887469436,0.1727786581342897,-0.8344541157747019,0.008965774358746167,-0.340616253254899,0.06742857416137811,-0.40140465669665515,0.1311928852684877,-0.3932552192226335,0.18555362341502038,-0.3690289770483745,0.0,0.0,0.0,0.0,0.0,0.0,0.0,0.0,0.0,0.0,0.0,0.0,0.0,0.0,0.0,0.0,0.0,0.0,0.0,0.0,0.0,0.0,0.0,0.0,0.0,0.0,0.0,0.0,0.0,0.0,0.0,0.0,0.0,0.0,0.0,0.0,0.0,0.0,0.0,0.0,0.0,0.0,water
0.0,0.0,0.13365336397782712,-0.10261595856380641,0.21226988546888917,-0.2292911228321684,0.24907814303523765,-0.30945018369316735,0.24574975085806136,-0.33556759217615895,0.14717728859813733,-0.4941166047856447,0.17350102602817943,-0.6865249712072035,0.19891371571410588,-0.819512932278749,0.2138006618634164,-0.9310278466718409,0.09573122682110995,-0.48576510419028973,0.13632599676910276,-0.7083288648156477,0.16567917724451348,-0.8660084769723331,0.1865126783680366,-1.0,0.0440163121736834,-0.43230863334572506,0.08856026267677844,-0.5996271030822387,0.13589956241731477,-0.730302950662902,0.1720240837913829,-0.836977453661295,0.0008302965075196144,-0.3398658469744991,0.06813973736561066,-0.4017961109695786,0.13333809504229796,-0.3952891720857599,0.18565970369170917,-0.37241495368778815,0.0,0.0,0.12171508474888473,-0.08367118719448663,0.20624012766858277,-0.22620889926691473,0.25624387838702556,-0.3211616068451546,0.26682117135070443,-0.3717394443971341,0.11689307569323555,-0.47547604091780216,0.14970118386555717,-0.672158376956013,0.17610770995547456,-0.8156056048814333,0.18953394720536773,-0.9383987875969481,0.050859875561573314,-0.4621301571377507,0.07830458983824927,-0.6809756352796047,0.09955674783612911,-0.8551010705164432,0.10987723004237378,-1.0,-0.007027992105605282,-0.41274667647637486,0.03709914363489732,-0.586629983483491,0.0805907928805224,-0.7219358832701673,0.11082598828761417,-0.833215294709031,-0.054972318096162015,-0.32396036358209895,5.472578510812614e-06,-0.4448426820546676,0.04710475236048328,-0.5141783831013182,0.0853240393822767,-0.5604801346734832,water
0.0,0.0,0.1418918587417135,-0.12008524345364441,0.2162507376065376,-0.24984110516763908,0.2559064275580061,-0.3425076793593717,0.2520707620573859,-0.3964366969678183,0.14724209863388357,-0.5311364738237211,0.1761964167598478,-0.7233191602859705,0.19794538388768487,-0.8561860155598741,0.21480696898239066,-0.9716553920097197,0.09942345149459267,-0.5105269777779166,0.13476077017050028,-0.7190315644305723,0.16084516886116226,-0.869957347051737,0.18153717871464897,-1.0,0.05322463960421918,-0.44809368573122177,0.07747957337239285,-0.6094005973999677,0.11626608071456065,-0.7015658444574583,0.15099591935769469,-0.7737730085292516,0.01596742533280941,-0.35321574149360696,0.046042370171213924,-0.452095828414098,0.09673684651851944,-0.4911319957770771,0.14773294428444694,-0.512598743381612,0.0,0.0,0.0,0.0,0.0,0.0,0.0,0.0,0.0,0.0,0.0,0.0,0.0,0.0,0.0,0.0,0.0,0.0,0.0,0.0,0.0,0.0,0.0,0.0,0.0,0.0,0.0,0.0,0.0,0.0,0.0,0.0,0.0,0.0,0.0,0.0,0.0,0.0,0.0,0.0,0.0,0.0,water
0.0,0.0,0.13279317726927667,-0.1093794125120391,0.19829701326924162,-0.24215675107461693,0.22643464421659174,-0.33831455042448855,0.22646856825505304,-0.3905310594791739,0.13242686505264628,-0.5353170583320471,0.15582849803454007,-0.7160353537906519,0.17079427856488286,-0.8436056894431763,0.18337582824641252,-0.9513185554829896,0.07963544464416941,-0.5247637617579931,0.1137194428100247,-0.7285636584581727,0.14242142597336716,-0.8772666481095437,0.1667026126676853,-1.0,0.027155294138263147,-0.4744213873314161,0.08035537564582046,-0.6185062145019199,0.12899581925541903,-0.6508517741935121,0.16027086210417554,-0.660780059674855,-0.01939095791824127,-0.38769963791143847,0.044862294240035266,-0.45994076548357143,0.10547129588254285,-0.46344707322043144,0.15352683065681658,-0.45004123680304353,0.0,0.0,0.0,0.0,0.0,0.0,0.0,0.0,0.0,0.0,0.0,0.0,0.0,0.0,0.0,0.0,0.0,0.0,0.0,0.0,0.0,0.0,0.0,0.0,0.0,0.0,0.0,0.0,0.0,0.0,0.0,0.0,0.0,0.0,0.0,0.0,0.0,0.0,0.0,0.0,0.0,0.0,water
0.0,0.0,0.13034149678317225,-0.11757608637963875,0.20036561562004282,-0.26402802266816844,0.23069484658886524,-0.36869740589820554,0.22033129492796782,-0.4183086149654729,0.12878562540910618,-0.5533120647257588,0.14953148127399352,-0.7442268703892627,0.1696090861378607,-0.8767939048337923,0.18430813140933028,-0.9857891105515488,0.0780280344622207,-0.5399392606308638,0.11463323445986189,-0.7415180124663132,0.14611946195533593,-0.8833403114809202,0.17183002411883688,-1.0,0.027452071920130678,-0.492023092754324,0.08195804855611315,-0.6446864846058132,0.13522694705060237,-0.7257691786032304,0.17492100933499236,-0.7851416170825053,-0.01956515329319424,-0.40726749500227033,0.04323027297333955,-0.486079598058699,0.09796128012643224,-0.5104109637509804,0.14322602711452614,-0.5213287179275491,0.0,0.0,0.0,0.0,0.0,0.0,0.0,0.0,0.0,0.0,0.0,0.0,0.0,0.0,0.0,0.0,0.0,0.0,0.0,0.0,0.0,0.0,0.0,0.0,0.0,0.0,0.0,0.0,0.0,0.0,0.0,0.0,0.0,0.0,0.0,0.0,0.0,0.0,0.0,0.0,0.0,0.0,water
0.0,0.0,0.12903274107650883,-0.11299184914641335,0.20400464569171986,-0.24959357161810147,0.23324311393203762,-0.35506762740772396,0.20500635265610204,-0.3815540131306024,0.13008343069894074,-0.5161358393573103,0.14623586844511632,-0.7173213125402337,0.16002251345107898,-0.8489620899762678,0.16772718377341506,-0.9561760747805008,0.07626367713046124,-0.5078993241553915,0.10623862633126624,-0.7313526386911462,0.1332905180020554,-0.8807070310078797,0.15276089243152932,-1.0,0.021364215777198086,-0.45827292719203777,0.06341780094794211,-0.6320805767046371,0.11496647705812477,-0.703278843414978,0.1553035798894385,-0.7501009251686593,-0.03001162815801759,-0.37312667449305853,0.028467977993554255,-0.45569750724699587,0.08333192111609888,-0.4930865969286713,0.1307833487748648,-0.5193199442758425,0.0,0.0,0.0,0.0,0.0,0.0,0.0,0.0,0.0,0.0,0.0,0.0,0.0,0.0,0.0,0.0,0.0,0.0,0.0,0.0,0.0,0.0,0.0,0.0,0.0,0.0,0.0,0.0,0.0,0.0,0.0,0.0,0.0,0.0,0.0,0.0,0.0,0.0,0.0,0.0,0.0,0.0,water
0.0,0.0,0.1228015134938215,-0.10409121420161234,0.1965212399298835,-0.249412047311549,0.2293878244802311,-0.3557731276413972,0.21801426164263388,-0.41272253526369895,0.12003775540091174,-0.5396210459084229,0.13528671370912515,-0.749215731401438,0.15442019846051802,-0.8869784605039782,0.16635988159703988,-1.0,0.06056503862986713,-0.5181721572297284,0.08684468004955075,-0.7335034347675126,0.12037056764446896,-0.8773333439471134,0.1441225685566297,-0.9869923442648244,0.0056044270701026905,-0.4536564511374733,0.04216776780732805,-0.5963716792818466,0.09494174556568365,-0.6373048927731162,0.1350287052023365,-0.6517550080457916,-0.0400397829450758,-0.35201023043531093,0.017158268083949692,-0.44629033168140775,0.08080383931642261,-0.47011303909905866,0.13371302570696555,-0.46943594236436464,0.0,0.0,0.0,0.0,0.0,0.0,0.0,0.0,0.0,0.0,0.0,0.0,0.0,0.0,0.0,0.0,0.0,0.0,0.0,0.0,0.0,0.0,0.0,0.0,0.0,0.0,0.0,0.0,0.0,0.0,0.0,0.0,0.0,0.0,0.0,0.0,0.0,0.0,0.0,0.0,0.0,0.0,water
0.0,0.0,0.1278054841565499,-0.11453899652271611,0.1947253951391744,-0.24890212889499366,0.2284889275481292,-0.3413417269288937,0.21635483812985243,-0.3872415102556326,0.12837543744768318,-0.5377346620563779,0.15254714514833234,-0.7338577510348463,0.17610089151615993,-0.866672794707375,0.19256105155358347,-0.976874913113408,0.070294353002903,-0.5130323631082545,0.09839634938660057,-0.7273750727230821,0.12406586248267103,-0.8770143184553151,0.14463708081983173,-1.0,0.015371560627672153,-0.4458877699400036,0.041926833469204436,-0.5853973188760112,0.08196497142156361,-0.6602352576063737,0.11610050927203655,-0.7128554841906788,-0.028269114424550813,-0.34299607039389574,0.024146224759089504,-0.43044419724979904,0.08378188240214038,-0.45755850212179616,0.137514939943305,-0.4672977638491255,0.0,0.0,0.0,0.0,0.0,0.0,0.0,0.0,0.0,0.0,0.0,0.0,0.0,0.0,0.0,0.0,0.0,0.0,0.0,0.0,0.0,0.0,0.0,0.0,0.0,0.0,0.0,0.0,0.0,0.0,0.0,0.0,0.0,0.0,0.0,0.0,0.0,0.0,0.0,0.0,0.0,0.0,water
0.0,0.0,0.1315071306462901,-0.11107126056976331,0.2000268474856297,-0.24389311488199727,0.23552886104705195,-0.33272960910519855,0.2218724400234055,-0.38911621289826637,0.12820511937952478,-0.5411273649307587,0.15362016544476187,-0.7413894147477599,0.1780319875170665,-0.8742514255555938,0.19621874964145986,-0.9844307529916589,0.0722565655870306,-0.5156743422939685,0.10108789683222616,-0.7291338817563304,0.12744707947544143,-0.8761142280200553,0.14952948060441262,-1.0,0.019826409206163447,-0.4466051698619764,0.04840498399476818,-0.5945281611767,0.08871900779036014,-0.6802905035624548,0.12503837813650914,-0.7449236452919378,-0.02267809405798598,-0.3408935393935222,0.021539944239837537,-0.43175919870581353,0.08061703323810507,-0.4630119666356888,0.137574891864294,-0.4746006723344692,0.0,0.0,0.0,0.0,0.0,0.0,0.0,0.0,0.0,0.0,0.0,0.0,0.0,0.0,0.0,0.0,0.0,0.0,0.0,0.0,0.0,0.0,0.0,0.0,0.0,0.0,0.0,0.0,0.0,0.0,0.0,0.0,0.0,0.0,0.0,0.0,0.0,0.0,0.0,0.0,0.0,0.0,water
0.0,0.0,0.10750617833564749,-0.09321425963842328,0.16548347503111396,-0.20661090805477564,0.18724410351528628,-0.28291808655590395,0.1818505990260688,-0.32468913761459445,0.09693475472535722,-0.4828267059748214,0.11930584231117557,-0.694917729234401,0.14074586470443884,-0.8422544811108096,0.15050871243129457,-0.9618582308108625,0.04385577516695052,-0.45884829923960396,0.07318710069374347,-0.6926520431237682,0.0951473103920934,-0.858515329155238,0.10858734784808982,-1.0,-0.007429065510127701,-0.38971223694348694,0.03701237801016693,-0.5452734503219555,0.08367411023703093,-0.6889553973643145,0.11571662312769704,-0.8117453335338909,-0.05214624072883545,-0.27947436919051827,0.027641788958974765,-0.32147575454355837,0.09124302904032189,-0.3142623790038889,0.1354526738338777,-0.2967741274127308,0.0,0.0,0.0,0.0,0.0,0.0,0.0,0.0,0.0,0.0,0.0,0.0,0.0,0.0,0.0,0.0,0.0,0.0,0.0,0.0,0.0,0.0,0.0,0.0,0.0,0.0,0.0,0.0,0.0,0.0,0.0,0.0,0.0,0.0,0.0,0.0,0.0,0.0,0.0,0.0,0.0,0.0,water
0.0,0.0,0.10619687946375053,-0.07939913727067878,0.1646777768973035,-0.18483518537708343,0.1751726576167458,-0.25839373048140946,0.1533008641516258,-0.3184424139353339,0.09447566741642437,-0.47793152213004336,0.106033619216554,-0.6952430007375665,0.12134543917717648,-0.8410302361635162,0.1284012890143226,-0.9582130977996948,0.04691979624470954,-0.45341688356811516,0.07590087756192612,-0.687627778827574,0.09245711243724081,-0.8554938546282806,0.1021312218205905,-1.0,-0.0033556228779723627,-0.3820462492812282,0.032451199713913595,-0.5570088121928076,0.06690480109070443,-0.7062685026586937,0.09248972384940639,-0.8398269664884722,-0.05223230703898537,-0.26876984876838583,2.824290523997326e-05,-0.32229198287545285,0.043113912373846666,-0.3602411009450198,0.07312870434148314,-0.38999022673566874,0.0,0.0,0.0,0.0,0.0,0.0,0.0,0.0,0.0,0.0,0.0,0.0,0.0,0.0,0.0,0.0,0.0,0.0,0.0,0.0,0.0,0.0,0.0,0.0,0.0,0.0,0.0,0.0,0.0,0.0,0.0,0.0,0.0,0.0,0.0,0.0,0.0,0.0,0.0,0.0,0.0,0.0,water
0.0,0.0,0.12080338841561354,-0.08825625932602353,0.188079064879027,-0.20472661088740976,0.206706856349933,-0.2826359342180713,0.19484023393072686,-0.34278145978602814,0.11705228750922703,-0.4811784608853505,0.13360607827048399,-0.690258206108684,0.15202121264442467,-0.8319266416177463,0.16285375527880652,-0.9475711153844936,0.06945145161239225,-0.4542747640575449,0.09716112675788613,-0.6842725226438228,0.11633491631527425,-0.8524985426850711,0.13033593089159162,-1.0,0.020417061356126583,-0.3824590367781935,0.051355599891018185,-0.5499930302329487,0.08448248687624545,-0.6919707491549157,0.1107591026741729,-0.8200326945436228,-0.025548057335838224,-0.26985235182116846,0.015811272964590416,-0.33320634628970786,0.05763264733929143,-0.3712329597115784,0.08941805217187446,-0.39834416551295904,0.0,0.0,0.0,0.0,0.0,0.0,0.0,0.0,0.0,0.0,0.0,0.0,0.0,0.0,0.0,0.0,0.0,0.0,0.0,0.0,0.0,0.0,0.0,0.0,0.0,0.0,0.0,0.0,0.0,0.0,0.0,0.0,0.0,0.0,0.0,0.0,0.0,0.0,0.0,0.0,0.0,0.0,water
0.0,0.0,0.11951196470387232,-0.09186259434578548,0.185544667892785,-0.2088515693309615,0.21282640375473613,-0.29324247997507563,0.1635642857860725,-0.30834262972231435,0.09181555964261666,-0.4985033316248078,0.11173154038652879,-0.6985117737510176,0.13135988583029315,-0.8277140933256952,0.1405699440206631,-0.9379879599200008,0.030845117134501162,-0.46445261856664755,0.06267494799047246,-0.6955895920644014,0.090356177324851,-0.8624353524085185,0.10473522879167044,-1.0,-0.028252881880584113,-0.3697510577783138,-0.014025788685540849,-0.5134022773640466,0.021926010793861368,-0.618812273243485,0.051675360046632694,-0.7077685651400488,-0.0766653601471342,-0.23569170159093877,-0.030040602607008974,-0.26464779248449766,0.02977899719600808,-0.28631390639290055,0.08203616044059858,-0.3018046049788444,0.0,0.0,0.0,0.0,0.0,0.0,0.0,0.0,0.0,0.0,0.0,0.0,0.0,0.0,0.0,0.0,0.0,0.0,0.0,0.0,0.0,0.0,0.0,0.0,0.0,0.0,0.0,0.0,0.0,0.0,0.0,0.0,0.0,0.0,0.0,0.0,0.0,0.0,0.0,0.0,0.0,0.0,water
0.0,0.0,0.11571648735902822,-0.10628129637699407,0.190494993108269,-0.22714126261924683,0.21756377573404495,-0.32018734851987946,0.17057853539245865,-0.3490011060176367,0.1008391652452934,-0.5085583691240302,0.11765133105871324,-0.7223242397159495,0.13667362922846654,-0.860784707989989,0.14996476432056033,-0.9764279330452317,0.035129538959159386,-0.4741187432882532,0.06751158294994843,-0.7020281500623416,0.09188477795390332,-0.8630838545740098,0.11095116036706,-1.0,-0.030505662129478278,-0.3812663320492872,-0.010026258139991683,-0.5368226064845913,0.03151748537555441,-0.662753846482384,0.06782979295628937,-0.7670345428062232,-0.08570706369126567,-0.247280678774716,-0.03656476123360611,-0.29693602879409403,0.03772765494448663,-0.3147354913680514,0.10910638807116317,-0.31154599107193637,0.0,0.0,0.0,0.0,0.0,0.0,0.0,0.0,0.0,0.0,0.0,0.0,0.0,0.0,0.0,0.0,0.0,0.0,0.0,0.0,0.0,0.0,0.0,0.0,0.0,0.0,0.0,0.0,0.0,0.0,0.0,0.0,0.0,0.0,0.0,0.0,0.0,0.0,0.0,0.0,0.0,0.0,water
0.0,0.0,0.12290404651649503,-0.10508977637032238,0.1999543375616892,-0.23419249888750657,0.2266594649672911,-0.33014302278999613,0.17343122570879838,-0.35084375095790704,0.10566499625293185,-0.5033666535246223,0.11878459696027685,-0.718280724637528,0.13503915659785237,-0.8585384003137179,0.1462593267115751,-0.9717237464762233,0.03824821129024927,-0.4708169454154172,0.07260338261423802,-0.6995817447490839,0.09544009817424237,-0.8632078074313504,0.11246299175645008,-1.0,-0.02954127218512736,-0.37893354952524805,-0.0064267767920657285,-0.5433756168921425,0.03184542841831444,-0.6774052319429896,0.06688099121315162,-0.7850683826723731,-0.08759567179276863,-0.2443344223965804,-0.028912250957378552,-0.2920510362308194,0.04541636850433318,-0.3105354449392383,0.11449031945737803,-0.3099864386786221,0.0,0.0,0.0,0.0,0.0,0.0,0.0,0.0,0.0,0.0,0.0,0.0,0.0,0.0,0.0,0.0,0.0,0.0,0.0,0.0,0.0,0.0,0.0,0.0,0.0,0.0,0.0,0.0,0.0,0.0,0.0,0.0,0.0,0.0,0.0,0.0,0.0,0.0,0.0,0.0,0.0,0.0,water
0.0,0.0,0.11396734037996699,-0.10201654630451547,0.19356532838472562,-0.2396477136862378,0.23158818492968608,-0.3458027501181362,0.1838108476078634,-0.4041879988890302,0.08987796770786768,-0.5012100723959306,0.10015018508365663,-0.7361029884322183,0.11789646033620872,-0.8827994907913278,0.13334859569928786,-1.0,0.012871214695765682,-0.4686878349231572,0.02689827182947209,-0.7089678061196062,0.046720172140773314,-0.8702132492081363,0.06413341165131711,-0.9998322061299844,-0.06013538774845296,-0.3870938654646189,-0.04281625316500921,-0.5610563400350219,-0.010835358272875791,-0.691647182870649,0.013624054112566081,-0.7966861455004659,-0.11990956144339307,-0.2656619308672242,-0.0431808698825528,-0.32932620021530357,0.035259255352496854,-0.33999461528417135,0.09647669026272394,-0.3364092707282849,0.0,0.0,0.0,0.0,0.0,0.0,0.0,0.0,0.0,0.0,0.0,0.0,0.0,0.0,0.0,0.0,0.0,0.0,0.0,0.0,0.0,0.0,0.0,0.0,0.0,0.0,0.0,0.0,0.0,0.0,0.0,0.0,0.0,0.0,0.0,0.0,0.0,0.0,0.0,0.0,0.0,0.0,water
0.0,0.0,0.10515208167638666,-0.08775689038454915,0.1773661879546245,-0.2240760781042902,0.21757504156191457,-0.32816953018836015,0.1851577212141781,-0.38362751495071046,0.07962879464707061,-0.4721867453737011,0.09302182119707265,-0.7018474837795178,0.11625757314225588,-0.8576717271366657,0.13331454784743046,-0.9826750596792703,0.013112314567112933,-0.4526523049810663,0.03869106288940882,-0.6885046642947396,0.06269655920084363,-0.8594745110600521,0.08000466653265143,-1.0,-0.051475961226912774,-0.3860814339137828,-0.025826086228883112,-0.5406707391472466,0.004877869367832723,-0.656766209633179,0.0284795685461688,-0.7493410322689371,-0.10648451491509849,-0.2769273820965887,-0.045046635163354914,-0.344189281414298,0.014398043559104906,-0.3603977956373952,0.06169261249739478,-0.36198651842998225,0.0,0.0,0.0,0.0,0.0,0.0,0.0,0.0,0.0,0.0,0.0,0.0,0.0,0.0,0.0,0.0,0.0,0.0,0.0,0.0,0.0,0.0,0.0,0.0,0.0,0.0,0.0,0.0,0.0,0.0,0.0,0.0,0.0,0.0,0.0,0.0,0.0,0.0,0.0,0.0,0.0,0.0,water
0.0,0.0,0.10747434630425541,-0.09707477277934774,0.17959776100576527,-0.22982517452845108,0.2179675969964674,-0.32773391904225174,0.1842797871019058,-0.37758340295955817,0.0923387429631224,-0.4824196675376695,0.1025159368835379,-0.7007746447905311,0.11702220401525373,-0.845761325158713,0.12987605374758815,-0.9641000627214634,0.0251489538322197,-0.4646917891972501,0.05184154614193566,-0.6911309304763823,0.0713471112252904,-0.8543741470305283,0.08652476031991804,-1.0,-0.04137967546850156,-0.40024625696358684,-0.013889274629746637,-0.562360602897531,0.01615106614915673,-0.6753977181113819,0.037930573588940655,-0.7737298132165619,-0.09979819967026872,-0.2916723563443185,-0.042963141689560384,-0.35273224106952056,0.009424227766089829,-0.37273830491580434,0.05211127543671651,-0.3863113684774114,0.0,0.0,0.0,0.0,0.0,0.0,0.0,0.0,0.0,0.0,0.0,0.0,0.0,0.0,0.0,0.0,0.0,0.0,0.0,0.0,0.0,0.0,0.0,0.0,0.0,0.0,0.0,0.0,0.0,0.0,0.0,0.0,0.0,0.0,0.0,0.0,0.0,0.0,0.0,0.0,0.0,0.0,water
0.0,0.0,0.1072219962172988,-0.062373342856287664,0.18163959219717635,-0.17621035990253905,0.2259276362146106,-0.26369836130010915,0.21532378013345815,-0.32537593110943236,0.1080051173957004,-0.48288889637706683,0.12709736699976298,-0.7044809403176949,0.14409589695330094,-0.8567292981634114,0.15185030262174287,-0.9843036913809796,0.0458377203493097,-0.4714777289561127,0.06980376978722258,-0.7022198661653436,0.1009490261530471,-0.8727172064712164,0.12316566570853547,-1.0,-0.01607902144490752,-0.4180792183547038,0.045265721863594975,-0.5069248807952144,0.09838129228924958,-0.41658545235695943,0.12129154001344483,-0.32676728895307805,-0.06772793391360855,-0.3286441442772761,-0.004068935747731066,-0.40574826004969433,0.04655890718451559,-0.344421777018669,0.06968601923503745,-0.27032627727346575,0.0,0.0,0.0,0.0,0.0,0.0,0.0,0.0,0.0,0.0,0.0,0.0,0.0,0.0,0.0,0.0,0.0,0.0,0.0,0.0,0.0,0.0,0.0,0.0,0.0,0.0,0.0,0.0,0.0,0.0,0.0,0.0,0.0,0.0,0.0,0.0,0.0,0.0,0.0,0.0,0.0,0.0,water
0.0,0.0,0.09378495384733018,-0.08323421888048779,0.1603769763117919,-0.20242935925005287,0.19917191058409073,-0.28162931884432607,0.2115806250331015,-0.3560154902649206,0.07855459034660889,-0.48723887535990734,0.08083661951379144,-0.7008504844302915,0.09636599240779199,-0.8438264293438174,0.1092233086327607,-0.9620026579392167,0.01672672575770383,-0.4723364576453633,0.03343039008712836,-0.7045140071432555,0.054552729298115346,-0.8712302456506847,0.07263692262689135,-1.0,-0.04035118609397628,-0.4164936036541929,-0.016862989862441648,-0.5797132736670757,0.013639914123800763,-0.7063147276419014,0.040461845875301335,-0.8012511745544936,-0.09134587898414671,-0.3174046966746999,-0.04117061212922397,-0.40911499883728314,0.015452647609801334,-0.4424583166876003,0.06557451366692142,-0.45887454618090473,0.0,0.0,0.0,0.0,0.0,0.0,0.0,0.0,0.0,0.0,0.0,0.0,0.0,0.0,0.0,0.0,0.0,0.0,0.0,0.0,0.0,0.0,0.0,0.0,0.0,0.0,0.0,0.0,0.0,0.0,0.0,0.0,0.0,0.0,0.0,0.0,0.0,0.0,0.0,0.0,0.0,0.0,water
0.0,0.0,0.08871330543818104,-0.06972185468584757,0.1570561832700713,-0.17958882041837496,0.1884029886308203,-0.25825223412238774,0.18665582127740435,-0.3184976192310076,0.06999233529260065,-0.4554486225031034,0.07885678934940911,-0.6861319490744215,0.09540230392568096,-0.8321757777257749,0.1078941253214819,-0.9534667061103924,0.006220072768113902,-0.4419059496085145,0.01596489704647933,-0.6924077859821381,0.042622690510169925,-0.8642018916962291,0.06863919636842991,-1.0,-0.054157445551060085,-0.3832316087496388,0.02385732164346895,-0.4675638315425849,0.08000436955369555,-0.39888007292183325,0.11284797599885267,-0.3363817184545451,-0.10341525101794084,-0.28940165732331147,-0.039806274397833144,-0.3603817210710443,0.019170844480028836,-0.3648817726651383,0.06266082271566127,-0.3612569400597641,0.0,0.0,0.0,0.0,0.0,0.0,0.0,0.0,0.0,0.0,0.0,0.0,0.0,0.0,0.0,0.0,0.0,0.0,0.0,0.0,0.0,0.0,0.0,0.0,0.0,0.0,0.0,0.0,0.0,0.0,0.0,0.0,0.0,0.0,0.0,0.0,0.0,0.0,0.0,0.0,0.0,0.0,water
0.0,0.0,0.1144826846750515,-0.12919500814653148,0.18283439421012163,-0.298637819235186,0.22413854537798636,-0.424723576000289,0.22917973034931977,-0.5421497992084181,0.07667314657866829,-0.4825815214473264,0.09780059920204016,-0.6895720817536243,0.11836705241342012,-0.8343136722129897,0.13617626185005502,-0.9452296664559122,0.00815084310987616,-0.465299875987891,0.029563513821769447,-0.7003869399076563,0.05988652452729129,-0.8659831303181459,0.08419872265249893,-1.0,-0.05101002672556944,-0.41168505805400235,0.0017571907336173692,-0.5809651662969516,0.04562204063861518,-0.6872385975405187,0.07258214622625393,-0.7701448087867346,-0.09173788441394598,-0.3209274582854309,0.010020217455607341,-0.3970816641377221,0.07820865468501217,-0.40073694626933765,0.12323137939147183,-0.39293664644053355,0.0,0.0,0.0,0.0,0.0,0.0,0.0,0.0,0.0,0.0,0.0,0.0,0.0,0.0,0.0,0.0,0.0,0.0,0.0,0.0,0.0,0.0,0.0,0.0,0.0,0.0,0.0,0.0,0.0,0.0,0.0,0.0,0.0,0.0,0.0,0.0,0.0,0.0,0.0,0.0,0.0,0.0,water
0.0,0.0,0.10468442507600229,-0.10312780872959215,0.17244301459281225,-0.2526664641181591,0.21108516916217612,-0.3624478049271478,0.20204839915227857,-0.44065752464599056,0.06348247986475228,-0.44420140280374354,0.0892473210474616,-0.6498296914987409,0.10784776056529673,-0.7956459775171156,0.12324661647688617,-0.9101214731862434,2.1770857991750187e-05,-0.4288545881896823,0.019379866057032936,-0.6677876670326208,0.051515963742574514,-0.8492935468418277,0.07766194405560516,-1.0,-0.050707236014367274,-0.3785188733580989,0.03612702400945392,-0.5238764802039899,0.09382360013196718,-0.558218964877716,0.1203872528644149,-0.5778048339506092,-0.07594361198664672,-0.296637930873798,0.04151158347576967,-0.36967990501344833,0.11054622859028103,-0.350215117698701,0.15013914336892845,-0.3184712682456752,0.0,0.0,0.0,0.0,0.0,0.0,0.0,0.0,0.0,0.0,0.0,0.0,0.0,0.0,0.0,0.0,0.0,0.0,0.0,0.0,0.0,0.0,0.0,0.0,0.0,0.0,0.0,0.0,0.0,0.0,0.0,0.0,0.0,0.0,0.0,0.0,0.0,0.0,0.0,0.0,0.0,0.0,water
0.0,0.0,0.1051003007518797,-0.10051639097744361,0.17332601503759398,-0.2575521804511278,0.21274977443609022,-0.36941203007518797,0.20562293233082707,-0.4337870676691729,0.08059624060150376,-0.46597338345864664,0.10644368421052632,-0.676344962406015,0.12269548872180451,-0.8273375939849624,0.13044293233082707,-0.9404615037593985,0.013046015037593985,-0.45372345864661656,0.032126541353383456,-0.6915209022556391,0.05754842105263158,-0.8628987969924812,0.07078563909774437,-1.0,-0.04396075187969925,-0.40478706766917294,0.007242255639097745,-0.572816992481203,0.06143345864661654,-0.695623007518797,0.09332796992481203,-0.7968861654135339,-0.07944774436090225,-0.3239087218045113,0.03482541353383459,-0.38788661654135337,0.10667834586466166,-0.37463067669172934,0.14892052631578948,-0.35163112781954886,0.0,0.0,0.0,0.0,0.0,0.0,0.0,0.0,0.0,0.0,0.0,0.0,0.0,0.0,0.0,0.0,0.0,0.0,0.0,0.0,0.0,0.0,0.0,0.0,0.0,0.0,0.0,0.0,0.0,0.0,0.0,0.0,0.0,0.0,0.0,0.0,0.0,0.0,0.0,0.0,0.0,0.0,water
0.0,0.0,0.1141965026081945,-0.10701198534471099,0.18744714510029933,-0.25362956581059865,0.22554714745267318,-0.3601840144435754,0.195269964302727,-0.39647202733458403,0.08416484847772009,-0.47578598690903956,0.11120604736504726,-0.6753369775524727,0.13129679018589635,-0.8170804394234332,0.14187188678024712,-0.9270942008103927,0.018836339471068744,-0.4627700084097365,0.045159108685552306,-0.6957367634864533,0.07160677424856358,-0.8625991672596609,0.08516688622155832,-1.0,-0.035618321463647004,-0.4111365788251069,0.019903435053898764,-0.5721759752059797,0.0720474032733282,-0.6950216418393211,0.10398646502902241,-0.7934653995212919,-0.06734103833781264,-0.32650257878982125,0.045668103575020144,-0.3916864168053587,0.11974001858375333,-0.373546674037438,0.16870666486318006,-0.3408385330596738,0.0,0.0,0.0,0.0,0.0,0.0,0.0,0.0,0.0,0.0,0.0,0.0,0.0,0.0,0.0,0.0,0.0,0.0,0.0,0.0,0.0,0.0,0.0,0.0,0.0,0.0,0.0,0.0,0.0,0.0,0.0,0.0,0.0,0.0,0.0,0.0,0.0,0.0,0.0,0.0,0.0,0.0,water
0.0,0.0,0.110333841861722,-0.10241915030200172,0.18408465102931226,-0.24760180538222587,0.2188378756712667,-0.3521724437790855,0.19308452485522978,-0.37968549016502123,0.09905978309695918,-0.45573908278396513,0.11847966333518833,-0.6548995496763259,0.13503373134230914,-0.7886422320408083,0.14262936852923172,-0.8962356551493431,0.03552169434903328,-0.4489425717741055,0.056401234150001825,-0.6894915439946601,0.0785599009682477,-0.8592208062055507,0.08996595286766439,-1.0,-0.021319516916481415,-0.4043276149081846,0.035384449874613616,-0.5614765121055445,0.08688951933351699,-0.6729317988634681,0.11989603482688532,-0.7615609309404823,-0.06048407985385947,-0.3268168464682824,0.04512128536901519,-0.39010429018846776,0.1188423605992829,-0.3731755319926521,0.17024992545226453,-0.34484029611311445,0.0,0.0,0.0,0.0,0.0,0.0,0.0,0.0,0.0,0.0,0.0,0.0,0.0,0.0,0.0,0.0,0.0,0.0,0.0,0.0,0.0,0.0,0.0,0.0,0.0,0.0,0.0,0.0,0.0,0.0,0.0,0.0,0.0,0.0,0.0,0.0,0.0,0.0,0.0,0.0,0.0,0.0,water
0.0,0.0,0.11196860527316274,-0.10873392016465219,0.1821985487557773,-0.25690577782880175,0.2163900972422921,-0.3610084392011751,0.20488744635202058,-0.4044500959056855,0.10665365277677255,-0.45585607020457014,0.12577475349729225,-0.6506663483213524,0.14460891361333855,-0.7799131593914502,0.1538927143014414,-0.8834244693851915,0.04436189096007456,-0.44835554401969746,0.06316208130173284,-0.6877135069646356,0.08364703380089608,-0.8586342986018041,0.0937864568471557,-1.0,-0.012446733313977495,-0.40472005162296487,0.040151372087715784,-0.5669422239304166,0.0934433621258368,-0.7013495290125444,0.12963094682496304,-0.8114781510570701,-0.05150448664460988,-0.32980144736196276,0.05527658744915279,-0.391240290537241,0.1295443585633087,-0.366939284505041,0.17931021669388408,-0.32961274179893385,0.0,0.0,0.0,0.0,0.0,0.0,0.0,0.0,0.0,0.0,0.0,0.0,0.0,0.0,0.0,0.0,0.0,0.0,0.0,0.0,0.0,0.0,0.0,0.0,0.0,0.0,0.0,0.0,0.0,0.0,0.0,0.0,0.0,0.0,0.0,0.0,0.0,0.0,0.0,0.0,0.0,0.0,water
0.0,0.0,0.15372042794062918,-0.10818144734682336,0.2468238425922164,-0.24227059460214945,0.29743222621111975,-0.34050321865568917,0.2851095935604134,-0.3986618323178709,0.20521501855135305,-0.5132547507878028,0.23020547065830893,-0.7272513931797978,0.23921868169193541,-0.8656462745340222,0.23773091680900477,-0.9856636963916278,0.14499202852504148,-0.5048608932927473,0.1895375406902761,-0.7209679857114765,0.2078165146858784,-0.8694769704819777,0.2137654614923316,-1.0,0.0841307516913991,-0.46392797882074177,0.16093977270326448,-0.5508490717822788,0.2005367947357387,-0.4698182568716389,0.21196444445889043,-0.3909802882732371,0.02916381584186414,-0.39903627224252786,0.09326625701465419,-0.471517375540167,0.13869131296124448,-0.43699560715661306,0.165053411319982,-0.38356787292445055,0.0,0.0,0.0,0.0,0.0,0.0,0.0,0.0,0.0,0.0,0.0,0.0,0.0,0.0,0.0,0.0,0.0,0.0,0.0,0.0,0.0,0.0,0.0,0.0,0.0,0.0,0.0,0.0,0.0,0.0,0.0,0.0,0.0,0.0,0.0,0.0,0.0,0.0,0.0,0.0,0.0,0.0,water
0.0,0.0,0.1551684516472334,-0.1000530458382744,0.25092033782749,-0.2528655454753161,0.30019389855053946,-0.3478116227297684,0.27528500316001875,-0.3611751254342433,0.2164267712738783,-0.5171652317300062,0.23055742265918439,-0.7105774596170512,0.24463107921981966,-0.8454167615889062,0.2556952099292783,-0.9572133960901384,0.16051758601448216,-0.5090585267990994,0.18506302532511523,-0.7221161323892712,0.20073361548122132,-0.870214405072755,0.2116275083737593,-1.0,0.10658123471530712,-0.46234599990077757,0.14541727595268053,-0.6352692934948082,0.17044596832547879,-0.7350233446487833,0.1858860903259291,-0.8188837211000151,0.061906915753684795,-0.3825824479501193,0.1085096010976191,-0.47330111867483965,0.1403213413014366,-0.5000475371681752,0.16582465869889526,-0.5164960610519934,0.0,0.0,0.0,0.0,0.0,0.0,0.0,0.0,0.0,0.0,0.0,0.0,0.0,0.0,0.0,0.0,0.0,0.0,0.0,0.0,0.0,0.0,0.0,0.0,0.0,0.0,0.0,0.0,0.0,0.0,0.0,0.0,0.0,0.0,0.0,0.0,0.0,0.0,0.0,0.0,0.0,0.0,water
0.0,0.0,0.1608053067931494,-0.10334861991198992,0.2613404058049418,-0.25700878002196575,0.30372115515521586,-0.36887338806176023,0.26824250503538716,-0.38397354065251155,0.21205199672899383,-0.5444490742044501,0.23059364743913185,-0.749291978555143,0.2484579939562798,-0.8783539427408901,0.26560853431982495,-0.9864363378004438,0.15452015347684314,-0.5365764891858233,0.17824364762747122,-0.753476879012413,0.20667437004521758,-0.886915849797033,0.22716192502909843,-1.0,0.09664947875738357,-0.4869732843316186,0.1470525877558254,-0.6405030418599462,0.18568520458048485,-0.6553712679884263,0.20395268700169666,-0.6606375950822263,0.04727111521830415,-0.40465373989043674,0.1116147444961411,-0.49825624663343404,0.15404500019102993,-0.4922453512914609,0.17835127011576413,-0.47127869686386276,0.0,0.0,0.0,0.0,0.0,0.0,0.0,0.0,0.0,0.0,0.0,0.0,0.0,0.0,0.0,0.0,0.0,0.0,0.0,0.0,0.0,0.0,0.0,0.0,0.0,0.0,0.0,0.0,0.0,0.0,0.0,0.0,0.0,0.0,0.0,0.0,0.0,0.0,0.0,0.0,0.0,0.0,water
0.0,0.0,0.14467052489850082,-0.09072513700811635,0.25019287710177723,-0.2414381097310331,0.3012096935770279,-0.359661567236271,0.276836631166494,-0.39033791541476054,0.20401176846620706,-0.5189954550422806,0.24333950828520262,-0.7143663669742478,0.2634971172374844,-0.8280772245864547,0.27875618396628316,-0.9280239658617406,0.14194616523072542,-0.5213363180292729,0.1517855782296544,-0.7515547277135941,0.17777446256378207,-0.8866117800171985,0.19773331544873626,-1.0,0.08286406646448041,-0.4827893048353692,0.13303873288256873,-0.5827889097688842,0.16688407865134083,-0.5060952174191962,0.17469802340712484,-0.4373290044080013,0.034403142020193164,-0.41997862502189326,0.07818365737877903,-0.4982591677529427,0.0954949063701837,-0.46612558862554676,0.09402873939364068,-0.4261134431530369,0.0,0.0,0.1333196852394163,-0.06321887837620196,0.22308055248693978,-0.21571443801988463,0.260459052315677,-0.3223408333579075,0.24553866115601244,-0.3430234800144269,0.13748046356639437,-0.5000061246294032,0.17780275517587893,-0.6908566088153832,0.20753953221441648,-0.8256780758682797,0.2245349251320765,-0.9447243122835114,0.08878421569583729,-0.5042847453628616,0.14153235959287094,-0.7109968855125294,0.19410096111314004,-0.8599955086051043,0.2293898281247519,-1.0,0.037966350832382506,-0.47773674528119986,0.17219486302379758,-0.5670347493325288,0.18561301869372998,-0.4488890602776952,0.15067246162466003,-0.364866857361918,0.0012121095265207795,-0.42166394838978954,0.12205615150972114,-0.5083932375017863,0.14566410263971527,-0.439637240468829,0.1275078656120206,-0.36468334531794766,water
0.0,0.0,0.14973290653362847,-0.09589218079572423,0.2583174285149612,-0.2468918427749205,0.32343710345344956,-0.3735474263367999,0.28077848318812626,-0.4240621238805666,0.19194383019905498,-0.5389729651355999,0.22137533009672747,-0.7462843485400287,0.24148252283285562,-0.8621394983999399,0.2539223903357198,-0.9632958980594184,0.13676999515891036,-0.541193680656107,0.15873323139333667,-0.7687584546329359,0.1942793762781343,-0.8944447235084146,0.22031542320270434,-1.0,0.07784228664383509,-0.5097491911958413,0.11851555564719578,-0.6049730076898088,0.15664643001993248,-0.5235521094932957,0.1701195531983546,-0.44722981970834574,0.02238954605407324,-0.45868808883564005,0.05902652640740917,-0.53094316139605,0.07594665018312567,-0.49914551587217154,0.07713959381788246,-0.45916846882279044,0.0,0.0,0.0,0.0,0.0,0.0,0.0,0.0,0.0,0.0,0.0,0.0,0.0,0.0,0.0,0.0,0.0,0.0,0.0,0.0,0.0,0.0,0.0,0.0,0.0,0.0,0.0,0.0,0.0,0.0,0.0,0.0,0.0,0.0,0.0,0.0,0.0,0.0,0.0,0.0,0.0,0.0,water
0.0,0.0,0.14734327092439167,-0.08706699719485941,0.25991316645387363,-0.25295658089708584,0.3103535082896098,-0.3830985620159735,0.25144147880301576,-0.4088014780574634,0.16504046951157003,-0.5575831989785933,0.20372182045236387,-0.7631843937261773,0.22790450872762177,-0.8903327493173536,0.24414473500274922,-1.0,0.11034500433352283,-0.5566678005274782,0.15394863144553275,-0.7605025022599554,0.19793656747714417,-0.8815370958873471,0.22978423250048927,-0.9928648313653858,0.05370073530097015,-0.5261448887729141,0.15870152745030427,-0.6158362301147219,0.18847096539705321,-0.4959998788477489,0.1791358349719952,-0.4016087621035759,0.010373079037864738,-0.4712233115569928,0.10116108123724407,-0.5752693307736038,0.1475966422187637,-0.5680134758580841,0.16769416978090082,-0.5446536909499269,0.0,0.0,0.0,0.0,0.0,0.0,0.0,0.0,0.0,0.0,0.0,0.0,0.0,0.0,0.0,0.0,0.0,0.0,0.0,0.0,0.0,0.0,0.0,0.0,0.0,0.0,0.0,0.0,0.0,0.0,0.0,0.0,0.0,0.0,0.0,0.0,0.0,0.0,0.0,0.0,0.0,0.0,water
0.0,0.0,0.1316500296390554,-0.07657898983671246,0.23710316315151317,-0.22500875364999479,0.2777863032028966,-0.34573737420376865,0.23005576759721305,-0.37945211091412095,0.14602253835705703,-0.5153078534782716,0.17812087709875407,-0.7005989148869087,0.19871532405933062,-0.8225033650909191,0.21208583126403158,-0.9250010807673879,0.0959781420171352,-0.526855654971066,0.14324660712600298,-0.7362857408643468,0.1915211478451309,-0.8778748695440203,0.23019621077295352,-1.0,0.03899782194249774,-0.5029135451727949,0.15117717636562034,-0.5929273224106794,0.17570539027924992,-0.4676044785189843,0.16406478991126844,-0.37110632329272136,-0.005366830558533796,-0.4501023843199778,0.08000553171831604,-0.5515815757565881,0.12966232300029176,-0.5405916992085161,0.15367233441455339,-0.5125483318044153,0.0,0.0,0.0,0.0,0.0,0.0,0.0,0.0,0.0,0.0,0.0,0.0,0.0,0.0,0.0,0.0,0.0,0.0,0.0,0.0,0.0,0.0,0.0,0.0,0.0,0.0,0.0,0.0,0.0,0.0,0.0,0.0,0.0,0.0,0.0,0.0,0.0,0.0,0.0,0.0,0.0,0.0,water
0.0,0.0,0.12930500679324297,-0.09205831401834606,0.20450341603390643,-0.22717248660488076,0.24582428983091564,-0.32421471809751257,0.2596782480117163,-0.3916913972770997,0.11879946995277708,-0.5199637958422574,0.1534230598778209,-0.7248918584984805,0.18287324066698418,-0.8639679289223174,0.20373574317901713,-0.9813713593170006,0.06433881638522707,-0.5126925220943086,0.11833566760294813,-0.7226327384677559,0.16478461813018275,-0.8746665972525695,0.20002168455219416,-1.0,0.012861167467171508,-0.4607846013649135,0.1234899952152804,-0.5412720118609868,0.2008823384726972,-0.4628348173170231,0.24338714911229004,-0.39022818634420287,-0.02366130979548357,-0.3717883755358544,0.06664701894762198,-0.4525140293317209,0.13714674088680773,-0.4535675941463621,0.1905236080359465,-0.44044590321895377,0.0,0.0,0.0,0.0,0.0,0.0,0.0,0.0,0.0,0.0,0.0,0.0,0.0,0.0,0.0,0.0,0.0,0.0,0.0,0.0,0.0,0.0,0.0,0.0,0.0,0.0,0.0,0.0,0.0,0.0,0.0,0.0,0.0,0.0,0.0,0.0,0.0,0.0,0.0,0.0,0.0,0.0,water
0.0,0.0,0.1390180157256232,-0.08672259631026394,0.22419014053304065,-0.21053961936278015,0.27228113106669316,-0.2943053799050791,0.2825133779200705,-0.3540370914728604,0.15297869449392196,-0.4957514738815654,0.18237203467182161,-0.7077686671620749,0.2141587576479167,-0.8500280407787614,0.2377546826412599,-0.966520913694745,0.095140210223554,-0.47648140341460304,0.12394087510016824,-0.7100370374590201,0.1564017161209792,-0.8677125096475893,0.18063198724935783,-1.0,0.04661594851468269,-0.4094390451703398,0.08952087191841547,-0.5597665251757243,0.14044147030736828,-0.6391791077841962,0.1765180737483031,-0.6919196139023185,0.014922061826435807,-0.3016575919195295,0.09473985373220867,-0.3787781731759674,0.16798504744989268,-0.3855269493194045,0.22320786931013775,-0.3700498741857308,0.0,0.0,0.0,0.0,0.0,0.0,0.0,0.0,0.0,0.0,0.0,0.0,0.0,0.0,0.0,0.0,0.0,0.0,0.0,0.0,0.0,0.0,0.0,0.0,0.0,0.0,0.0,0.0,0.0,0.0,0.0,0.0,0.0,0.0,0.0,0.0,0.0,0.0,0.0,0.0,0.0,0.0,water
0.0,0.0,0.1279100790438456,-0.08306564560102157,0.20562498951116698,-0.20038495924230196,0.2514037872696843,-0.2803804280664389,0.26775311270422714,-0.34531202561868857,0.13631172964289148,-0.46418120736766144,0.16495425343156475,-0.6626964844483026,0.18647905513540894,-0.8099926921439785,0.2000414976375334,-0.9296357590634959,0.08135415411185139,-0.4513749143729814,0.10547131857217613,-0.6898074479105482,0.13210160742319504,-0.8580632045635196,0.15418813381157326,-1.0,0.036422186589855354,-0.38745234255689526,0.07354617146152544,-0.5527317498119638,0.11482630873937195,-0.6632356104653381,0.14579630457435172,-0.746419493820361,0.00735743959576419,-0.27967653201802095,0.08430304183785714,-0.341926421027097,0.14962234479959846,-0.3324189613690559,0.19964654539795776,-0.30569360554969877,0.0,0.0,0.0,0.0,0.0,0.0,0.0,0.0,0.0,0.0,0.0,0.0,0.0,0.0,0.0,0.0,0.0,0.0,0.0,0.0,0.0,0.0,0.0,0.0,0.0,0.0,0.0,0.0,0.0,0.0,0.0,0.0,0.0,0.0,0.0,0.0,0.0,0.0,0.0,0.0,0.0,0.0,water
0.0,0.0,0.1414266493472795,-0.09950167683868039,0.22895999268459097,-0.22458149373461792,0.271193681706241,-0.3050353617180582,0.2812996535341007,-0.3497443514647622,0.16062402939919077,-0.4949618637411283,0.18335044951468982,-0.6959923907241239,0.2082802848945401,-0.8342432654860409,0.2241694158067544,-0.9488958890683874,0.10670366184678126,-0.474673913298335,0.13412032597337534,-0.7085221779598293,0.16114884747137728,-0.866759906869216,0.18099629071247864,-1.0,0.059681642934573204,-0.40778794067328333,0.10651130019671885,-0.5721116834741315,0.1567880313343353,-0.6907821157006966,0.19603312958043473,-0.7868292938363771,0.026889403676930903,-0.3020484317591917,0.08826498193422228,-0.38182527270609956,0.14859238947362663,-0.400520793034105,0.1983925639179955,-0.4016608948402138,0.0,0.0,0.0,0.0,0.0,0.0,0.0,0.0,0.0,0.0,0.0,0.0,0.0,0.0,0.0,0.0,0.0,0.0,0.0,0.0,0.0,0.0,0.0,0.0,0.0,0.0,0.0,0.0,0.0,0.0,0.0,0.0,0.0,0.0,0.0,0.0,0.0,0.0,0.0,0.0,0.0,0.0,water
0.0,0.0,0.15754273964056834,-0.11083011399461554,0.24088128563374267,-0.24811114058001474,0.28248957051019014,-0.3478824924687491,0.2922799882235589,-0.4146356058862189,0.16513320639464088,-0.5385011225984233,0.19207139842736137,-0.7356783213400455,0.2187489574680318,-0.8678526093324126,0.2400303710412976,-0.9813741238561339,0.10875276479477966,-0.5219213196953472,0.15454358367444979,-0.7278145027039109,0.20100662716721546,-0.8740571340879597,0.23751536692121128,-1.0,0.058774407758439506,-0.4649873978735684,0.12237052586980528,-0.5762209717398774,0.1908326619427458,-0.600538446910936,0.24130924500668888,-0.6187001878225594,0.022335309139919466,-0.37587051419344725,0.09247842375838612,-0.4609688541489436,0.15616951653205494,-0.4952462627314004,0.2113966050154962,-0.52162190451408,0.0,0.0,0.0,0.0,0.0,0.0,0.0,0.0,0.0,0.0,0.0,0.0,0.0,0.0,0.0,0.0,0.0,0.0,0.0,0.0,0.0,0.0,0.0,0.0,0.0,0.0,0.0,0.0,0.0,0.0,0.0,0.0,0.0,0.0,0.0,0.0,0.0,0.0,0.0,0.0,0.0,0.0,water
0.0,0.0,0.1476285323642312,-0.10867306170148487,0.2343106481813203,-0.24553380439205058,0.2802035709452056,-0.3477043534591306,0.2935669603555609,-0.41538416091251806,0.1607669097383282,-0.5322506776549639,0.1916981034041346,-0.7255657669956368,0.21834610706131347,-0.8531398397428243,0.23717075229024123,-0.9637169139075457,0.10614460941136936,-0.5199403822858122,0.15430137533893223,-0.733523734579657,0.19593499205334586,-0.8767931301353131,0.2266904081601013,-1.0,0.05624138134763354,-0.46452226424961,0.1271183919475022,-0.5757213688944535,0.19288643512634823,-0.5896247662409875,0.23839637651008427,-0.6010270521453871,0.01662784475761762,-0.37461738525957466,0.08443471906388289,-0.4518388343957505,0.14812328648306186,-0.47767918311831487,0.20198884241992274,-0.4961301700915007,0.0,0.0,0.0,0.0,0.0,0.0,0.0,0.0,0.0,0.0,0.0,0.0,0.0,0.0,0.0,0.0,0.0,0.0,0.0,0.0,0.0,0.0,0.0,0.0,0.0,0.0,0.0,0.0,0.0,0.0,0.0,0.0,0.0,0.0,0.0,0.0,0.0,0.0,0.0,0.0,0.0,0.0,water
0.0,0.0,0.13543661948873162,-0.0785864249282744,0.2112056013851615,-0.23065306813144107,0.24283961110642843,-0.3363406934515173,0.2448655363436532,-0.36719519594488953,0.15751440034779168,-0.5280733056361085,0.1851785960548291,-0.7067693055383082,0.20570637038314352,-0.8315726056988852,0.2176069117379912,-0.9353027231171882,0.10836448037891622,-0.5290727563671553,0.14477794499632285,-0.7458270251048726,0.17548456738689316,-0.8851189292751345,0.1991561075554829,-1.0,0.05721061879941088,-0.49235409467028957,0.09948963670394875,-0.6701799719081424,0.15080875081312609,-0.7846513965179223,0.19046581910670982,-0.8761360977368446,0.012526377670983822,-0.4204365369160854,0.07730183047471122,-0.5070003373682404,0.1341865554145029,-0.5013899013868129,0.17743714237733296,-0.47857454304619285,0.0,0.0,0.0,0.0,0.0,0.0,0.0,0.0,0.0,0.0,0.0,0.0,0.0,0.0,0.0,0.0,0.0,0.0,0.0,0.0,0.0,0.0,0.0,0.0,0.0,0.0,0.0,0.0,0.0,0.0,0.0,0.0,0.0,0.0,0.0,0.0,0.0,0.0,0.0,0.0,0.0,0.0,water
0.0,0.0,0.12079906031397031,-0.07894824092432998,0.19811855574532503,-0.23748492205273847,0.22853031185448391,-0.3446038944183784,0.21473090908297723,-0.3804794841760624,0.14377381661289865,-0.5336925865577783,0.16711567866576799,-0.7006214404592858,0.1886048890721146,-0.8240010382789,0.20192201565707132,-0.9259883826188622,0.09223188519601877,-0.5400276147287278,0.1274809085376627,-0.7472741906986788,0.1619087972324196,-0.8820794370608854,0.18807407989076258,-1.0,0.03920735258511815,-0.5078477307280386,0.0924355056483681,-0.6715522487681345,0.1482551025082288,-0.7717989490698024,0.18710974564348207,-0.8670555850025412,-0.006944035458533191,-0.43632776458116573,0.06470255272646368,-0.5212426191675883,0.11447984626492254,-0.49696652423050663,0.14670422793275617,-0.4614752721664911,0.0,0.0,0.0,0.0,0.0,0.0,0.0,0.0,0.0,0.0,0.0,0.0,0.0,0.0,0.0,0.0,0.0,0.0,0.0,0.0,0.0,0.0,0.0,0.0,0.0,0.0,0.0,0.0,0.0,0.0,0.0,0.0,0.0,0.0,0.0,0.0,0.0,0.0,0.0,0.0,0.0,0.0,water
0.0,0.0,0.1417195869326788,-0.08933224246159223,0.23207517097997826,-0.24911756268085272,0.27447513603430346,-0.370467126863425,0.23074770757553756,-0.40391391558022216,0.1444020216545124,-0.560507845658177,0.17326396144642037,-0.7601777507027504,0.19498836521535862,-0.8806841324204956,0.2056380596177935,-0.9828182978386808,0.09565752766434207,-0.5554355281814436,0.12640133926937566,-0.7684164296617944,0.16504358174277386,-0.8931821696777796,0.1893467638061979,-1.0,0.04491558140276189,-0.5154793991705124,0.10803502595542773,-0.6191287429356019,0.16328059605987516,-0.5277151077471964,0.18503663983169408,-0.4421055241319955,0.0033472289614641295,-0.44906183849667486,0.0622888944770486,-0.5505861074414217,0.11241763859324769,-0.5439698050479972,0.14193114993701514,-0.5189057281391782,0.0,0.0,0.0,0.0,0.0,0.0,0.0,0.0,0.0,0.0,0.0,0.0,0.0,0.0,0.0,0.0,0.0,0.0,0.0,0.0,0.0,0.0,0.0,0.0,0.0,0.0,0.0,0.0,0.0,0.0,0.0,0.0,0.0,0.0,0.0,0.0,0.0,0.0,0.0,0.0,0.0,0.0,water
0.0,0.0,0.12471410915865365,-0.08308591168326859,0.20532195742214673,-0.24257483666971677,0.23900508616032373,-0.35775113830717886,0.21657373881232123,-0.38427956879159814,0.12662313325392682,-0.5330401600074592,0.15465449029159495,-0.7204211530884895,0.1822012497840393,-0.8464405104808359,0.1987326420153042,-0.9525592600751954,0.07666399439096339,-0.5320764496333924,0.11049978106840447,-0.7495836186147617,0.15090831473862126,-0.8846235062146407,0.17882152184425418,-1.0,0.025284656780160685,-0.49324191529952494,0.07386793168602925,-0.6659282105472925,0.13583471441538866,-0.7526079826390444,0.17707441114713757,-0.8240208181551425,-0.019719954952196125,-0.41999010008693277,0.04339473320968345,-0.524459092699934,0.0968975701792314,-0.514392124312925,0.13016443179709475,-0.48648451618859745,0.0,0.0,0.0,0.0,0.0,0.0,0.0,0.0,0.0,0.0,0.0,0.0,0.0,0.0,0.0,0.0,0.0,0.0,0.0,0.0,0.0,0.0,0.0,0.0,0.0,0.0,0.0,0.0,0.0,0.0,0.0,0.0,0.0,0.0,0.0,0.0,0.0,0.0,0.0,0.0,0.0,0.0,water
0.0,0.0,0.1230477311465427,-0.07882163868310357,0.208198306451187,-0.24304769899956302,0.2434729576162739,-0.35896672259475726,0.21579314520767753,-0.3851924582267221,0.12638068407395,-0.5320263136805835,0.1502530311731558,-0.7170886684881758,0.17898519792321327,-0.8422076984209174,0.19727200730563074,-0.9445271718901299,0.0778598699379127,-0.5337085192021946,0.11109732107737387,-0.7480315141434082,0.15034384639070933,-0.8838458442106849,0.17705844573486504,-1.0,0.027250305798144064,-0.4996862225163416,0.07911991673013781,-0.6698638368752033,0.14218942056676503,-0.76756172277501,0.18392882934247715,-0.8487716524259373,-0.017583823823529614,-0.4314850274294104,0.0535847671077615,-0.5246772845078883,0.10172900233915201,-0.4862894279835325,0.12738826226516345,-0.4291231429091685,0.0,0.0,0.0,0.0,0.0,0.0,0.0,0.0,0.0,0.0,0.0,0.0,0.0,0.0,0.0,0.0,0.0,0.0,0.0,0.0,0.0,0.0,0.0,0.0,0.0,0.0,0.0,0.0,0.0,0.0,0.0,0.0,0.0,0.0,0.0,0.0,0.0,0.0,0.0,0.0,0.0,0.0,water
0.0,0.0,0.127276269323285,-0.08865254167046466,0.1980420390969998,-0.2309609393304488,0.22180419477275215,-0.32372184433207934,0.21981375419565383,-0.3524279589733638,0.12024234231314017,-0.5050652410707546,0.13915723838797264,-0.6938391518649925,0.16486382358207077,-0.8277139291246957,0.18249954695966972,-0.9355499278724987,0.06660465144610692,-0.49503287234530874,0.0960603221296224,-0.7163604230058774,0.12819757823022107,-0.8706704191966403,0.15494392633357562,-1.0,0.01837799161619772,-0.43996688073955326,0.06014548196420884,-0.6103722631849965,0.11134719727388284,-0.7437373292831999,0.1509088761314859,-0.8532908566780538,-0.020391709655643665,-0.3440909291645066,0.04803206459561065,-0.41783719307741324,0.10895320816730013,-0.43623835338277,0.15464828080712317,-0.4395883500434331,0.0,0.0,0.0,0.0,0.0,0.0,0.0,0.0,0.0,0.0,0.0,0.0,0.0,0.0,0.0,0.0,0.0,0.0,0.0,0.0,0.0,0.0,0.0,0.0,0.0,0.0,0.0,0.0,0.0,0.0,0.0,0.0,0.0,0.0,0.0,0.0,0.0,0.0,0.0,0.0,0.0,0.0,water
0.0,0.0,0.11628296203386324,-0.07177681667302943,0.18604840426325908,-0.1952385850180669,0.20983584902535296,-0.2859051246340562,0.1963643535332323,-0.31471931853942703,0.11441891593736919,-0.47800574877050866,0.1306944553216819,-0.6752173681002331,0.15267500634401385,-0.8063506390124237,0.16741959869843942,-0.9091702847823211,0.05934469659868842,-0.47064035381705155,0.06620706902062126,-0.7106497844671141,0.08746968829165983,-0.8717490890895844,0.10624571996326708,-1.0,0.010358276775674649,-0.4164437656593879,0.05198533382599551,-0.575735051898225,0.10527862847430608,-0.7073126593799286,0.14634847560657668,-0.8116513922988886,-0.026528508597493436,-0.31835764370341546,0.05385929723662732,-0.3716903008872213,0.12484651167165634,-0.3582137956178558,0.17781611336573808,-0.33025412657396463,0.0,0.0,0.0,0.0,0.0,0.0,0.0,0.0,0.0,0.0,0.0,0.0,0.0,0.0,0.0,0.0,0.0,0.0,0.0,0.0,0.0,0.0,0.0,0.0,0.0,0.0,0.0,0.0,0.0,0.0,0.0,0.0,0.0,0.0,0.0,0.0,0.0,0.0,0.0,0.0,0.0,0.0,water
0.0,0.0,0.1230675851006315,-0.07981515624816507,0.2050041950632652,-0.23720049009821537,0.23869127074533814,-0.3533893892953468,0.207791770020934,-0.37750697981106773,0.1261192815894353,-0.5187344696757166,0.14137722034977562,-0.7171333429891554,0.15613964580530643,-0.8389567623593436,0.1633759668326859,-0.9446669198057875,0.07560834941549655,-0.5177138666739738,0.10341885695073487,-0.7345440516438603,0.138682832774644,-0.8801577639551639,0.16117306930314107,-1.0,0.021447451232661383,-0.4779277474837232,0.10165656067444613,-0.5768335949539195,0.14916472789066826,-0.46183536301324285,0.15958268580607193,-0.3641738987469614,-0.023215293082473335,-0.41022673349191496,0.04545217301667456,-0.5032925483584885,0.10307089939633714,-0.48408529135573397,0.13790819226916604,-0.45090362402142375,0.0,0.0,0.0,0.0,0.0,0.0,0.0,0.0,0.0,0.0,0.0,0.0,0.0,0.0,0.0,0.0,0.0,0.0,0.0,0.0,0.0,0.0,0.0,0.0,0.0,0.0,0.0,0.0,0.0,0.0,0.0,0.0,0.0,0.0,0.0,0.0,0.0,0.0,0.0,0.0,0.0,0.0,water
0.0,0.0,0.1169684753466483,-0.08105068037333558,0.19721238157235568,-0.2400478357263952,0.22768743039536635,-0.3554658483833138,0.19804167848382875,-0.38145974187163295,0.12097862064908856,-0.5188938655207318,0.13288485335384728,-0.7167099883646965,0.1439242876519931,-0.8393142933614044,0.1493859485505727,-0.9460728499889901,0.06826682521526187,-0.5181742304157462,0.08905227489754876,-0.7380600378163765,0.12251038725815089,-0.8812370289107008,0.14698137017561852,-1.0,0.011883819274718897,-0.4750833724930579,0.08249235592701837,-0.5771344528094524,0.1325600226189776,-0.47225250161212695,0.15085320821464238,-0.3832464749141238,-0.03626186845787511,-0.4022633409655618,0.013864510487407916,-0.49818648017526646,0.07275694592196934,-0.5085134953995615,0.1185760102826257,-0.5048403168843539,0.0,0.0,0.0,0.0,0.0,0.0,0.0,0.0,0.0,0.0,0.0,0.0,0.0,0.0,0.0,0.0,0.0,0.0,0.0,0.0,0.0,0.0,0.0,0.0,0.0,0.0,0.0,0.0,0.0,0.0,0.0,0.0,0.0,0.0,0.0,0.0,0.0,0.0,0.0,0.0,0.0,0.0,water
0.0,0.0,0.1256380009455233,-0.0796041984871627,0.2082806022256164,-0.2519419594152302,0.2483114681067714,-0.3691027529274856,0.22077094243217688,-0.3902065604771256,0.13231860044366864,-0.538650765510219,0.15010989435595315,-0.722302303803913,0.1647752791112081,-0.8435127100152738,0.1698496254273038,-0.9459317495817877,0.08367994945086915,-0.5363144592333988,0.10818661811768128,-0.747944623245327,0.13828687540912066,-0.8827094243217689,0.15355491763037313,-1.0,0.03054881264091934,-0.5001079623972653,0.07604337133609718,-0.6679376681940504,0.13537995945159648,-0.7168271328823914,0.16671155629500328,-0.755498127136519,-0.019461301731034983,-0.43674858171503383,0.04237512728198414,-0.5367263073678086,0.09454017110335297,-0.5397472088879192,0.1258481298639901,-0.5312936395374209,0.0,0.0,0.0,0.0,0.0,0.0,0.0,0.0,0.0,0.0,0.0,0.0,0.0,0.0,0.0,0.0,0.0,0.0,0.0,0.0,0.0,0.0,0.0,0.0,0.0,0.0,0.0,0.0,0.0,0.0,0.0,0.0,0.0,0.0,0.0,0.0,0.0,0.0,0.0,0.0,0.0,0.0,water
0.0,0.0,0.11942525528709336,-0.08252240388371185,0.20603917192120974,-0.2497318230009486,0.24262172869817533,-0.3742210814128676,0.2116847274147648,-0.40568450421293456,0.12314658780201998,-0.5179657385190558,0.13361040120528989,-0.722919033536075,0.14805211762736453,-0.848256458902963,0.1578782434015959,-0.9581371575246918,0.07179085988505106,-0.5167892416717818,0.08680263378159701,-0.7382123765414876,0.12095452262708555,-0.8773639863846884,0.14942034484682776,-1.0,0.012969588750627755,-0.4716509123374812,0.0744564477428715,-0.5977804809999442,0.12982579097148597,-0.5054398750069751,0.15642296746833323,-0.42815400926287595,-0.04163785503041125,-0.3959196473411082,-0.006296746833324034,-0.5027288655766977,0.051745773115339545,-0.5308286367948217,0.1014709000613805,-0.5453675576139725,0.0,0.0,0.0,0.0,0.0,0.0,0.0,0.0,0.0,0.0,0.0,0.0,0.0,0.0,0.0,0.0,0.0,0.0,0.0,0.0,0.0,0.0,0.0,0.0,0.0,0.0,0.0,0.0,0.0,0.0,0.0,0.0,0.0,0.0,0.0,0.0,0.0,0.0,0.0,0.0,0.0,0.0,water
0.0,0.0,0.1130365467754446,-0.07006466523419111,0.19255986592063443,-0.22421820466966216,0.22912409735716283,-0.34153764953876065,0.22219005693689192,-0.375546258703872,0.12029888995070472,-0.5005122954152325,0.12686559558434962,-0.7043213012758921,0.13864188479609124,-0.8293382964730006,0.1441707720774387,-0.9355169152898659,0.06829304468712248,-0.5004979836702991,0.08629960510426214,-0.7282952087964322,0.12126417377754388,-0.8771167558657011,0.14769449715575753,-1.0,0.00887328185875739,-0.461542064495228,0.08547429447976482,-0.5658345688055569,0.13673343529367377,-0.45634993690905773,0.1544077897526605,-0.3642751090348961,-0.04532160984578661,-0.39257463303927037,0.011884386254913427,-0.4676265076935387,0.061260882076209174,-0.46486434092137713,0.08894098942296996,-0.4579101339514272,0.0,0.0,0.0,0.0,0.0,0.0,0.0,0.0,0.0,0.0,0.0,0.0,0.0,0.0,0.0,0.0,0.0,0.0,0.0,0.0,0.0,0.0,0.0,0.0,0.0,0.0,0.0,0.0,0.0,0.0,0.0,0.0,0.0,0.0,0.0,0.0,0.0,0.0,0.0,0.0,0.0,0.0,water
0.0,0.0,0.11319721345448204,-0.07134891065340278,0.19066493572666993,-0.21584015279235902,0.22190382168981235,-0.32978168611908093,0.2058937309992716,-0.34673679053973183,0.1257999969222667,-0.5099179955065094,0.1251709851824241,-0.7081684751199461,0.13262519107594137,-0.831244036891763,0.13392841876322997,-0.9367017129295575,0.06893620286365984,-0.5032923196875759,0.08199412751390965,-0.7336187645978599,0.1115588548096422,-0.8799034275689669,0.13235236284423593,-1.0,0.006097331605243089,-0.4515782787263656,0.06494519497440351,-0.5445833176596916,0.11338722073845081,-0.45034889526473637,0.13434166857600122,-0.36956544970812827,-0.054222286721632706,-0.3680783060839948,-0.015834082818382958,-0.4439487061551246,0.02607085882437428,-0.44202854255650204,0.05140209986902535,-0.432709208919955,0.0,0.0,0.0,0.0,0.0,0.0,0.0,0.0,0.0,0.0,0.0,0.0,0.0,0.0,0.0,0.0,0.0,0.0,0.0,0.0,0.0,0.0,0.0,0.0,0.0,0.0,0.0,0.0,0.0,0.0,0.0,0.0,0.0,0.0,0.0,0.0,0.0,0.0,0.0,0.0,0.0,0.0,water
0.0,0.0,0.11491321587865351,-0.07078629305063079,0.19214160788469797,-0.21064479610437964,0.2237143116479486,-0.31688915988499383,0.21955601088877663,-0.35481414028166597,0.13590138328476975,-0.5013155030596319,0.13748792914058844,-0.7088899515820916,0.1441161861715226,-0.8351059672277743,0.14408046735342048,-0.9442811650890155,0.07940051636804334,-0.4941540901408498,0.09355283737684361,-0.7275122725656785,0.11989294439882708,-0.8764000726142561,0.14012439813791497,-1.0,0.016995118708340303,-0.4437128156598022,0.07089019278916904,-0.5437805553477795,0.12403464641311629,-0.47204014963243235,0.1562294879434281,-0.4103064758637441,-0.043496905909909574,-0.3631927244549518,-0.009621809153934659,-0.4496786987256366,0.03824487392938095,-0.4651054461532514,0.07762602649579904,-0.47250701559609665,0.0,0.0,0.0,0.0,0.0,0.0,0.0,0.0,0.0,0.0,0.0,0.0,0.0,0.0,0.0,0.0,0.0,0.0,0.0,0.0,0.0,0.0,0.0,0.0,0.0,0.0,0.0,0.0,0.0,0.0,0.0,0.0,0.0,0.0,0.0,0.0,0.0,0.0,0.0,0.0,0.0,0.0,water
0.0,0.0,0.1145393868948008,-0.07526135085050395,0.18854706534759447,-0.21579715999129975,0.21815897225496791,-0.3196027564305404,0.22339856615050707,-0.3622476986941811,0.1360144716619519,-0.5083310768921184,0.1375578351776966,-0.719958418068778,0.1467069380652861,-0.8469354991786977,0.1510682637408815,-0.9569999456763099,0.07824862536755683,-0.4994873069633036,0.0922055862086313,-0.7333140135462568,0.12014297065189063,-0.8794081719317314,0.1438013604596672,-1.0,0.01530089088738065,-0.4492706569002395,0.07457258141736638,-0.5472889836418052,0.12713223125996506,-0.46647287694246825,0.15807041829875534,-0.39810852097729377,-0.04583228437881072,-0.36982638190906975,-0.0050529486877869565,-0.4522322492058067,0.04523958544049009,-0.4639295981885903,0.08595212624402836,-0.4698773024419661,0.0,0.0,0.0,0.0,0.0,0.0,0.0,0.0,0.0,0.0,0.0,0.0,0.0,0.0,0.0,0.0,0.0,0.0,0.0,0.0,0.0,0.0,0.0,0.0,0.0,0.0,0.0,0.0,0.0,0.0,0.0,0.0,0.0,0.0,0.0,0.0,0.0,0.0,0.0,0.0,0.0,0.0,water
0.0,0.0,0.12257133131593761,-0.0737965852621421,0.20272348422674882,-0.24773692924757457,0.23625341633517705,-0.36763897502784293,0.20045672311629253,-0.39144233512637,0.13171207275843796,-0.5449255373877333,0.14932146984206368,-0.7149538815406088,0.16155737515298463,-0.8352399448759654,0.1663089038975689,-0.9382381679961136,0.07594624635508294,-0.5425692162450663,0.0937778360401467,-0.7503852843944122,0.1217333446430873,-0.883500354164211,0.13838247751911,-1.0,0.0193754812612432,-0.49871057788803563,0.0681052820590215,-0.6618911597748771,0.1174551731659196,-0.6965371222477915,0.13984275769990448,-0.7341618095312584,-0.023238570079899004,-0.4259640371855898,0.04710791598321603,-0.5398235898701325,0.1007558073567012,-0.5492618733138644,0.13324880393843822,-0.5466314742374453,0.0,0.0,0.0,0.0,0.0,0.0,0.0,0.0,0.0,0.0,0.0,0.0,0.0,0.0,0.0,0.0,0.0,0.0,0.0,0.0,0.0,0.0,0.0,0.0,0.0,0.0,0.0,0.0,0.0,0.0,0.0,0.0,0.0,0.0,0.0,0.0,0.0,0.0,0.0,0.0,0.0,0.0,water
0.0,0.0,0.14477841068269012,-0.0907827190576074,0.2184023686081433,-0.25864872260931265,0.24392407028857663,-0.38297186883247497,0.214058945494949,-0.4215520408843008,0.13764621886832393,-0.5523493548462719,0.15601019693604493,-0.7536388035056552,0.16843965663909155,-0.8732738473379502,0.1743297264639179,-0.9762814235509486,0.07765287570447454,-0.5443553487840945,0.0805258993401887,-0.768007635400349,0.10630547218391807,-0.8955194711296869,0.12498778535556394,-1.0,0.020228495668762517,-0.49544593955045,0.04165396846544375,-0.6324976156781954,0.09507635516402672,-0.6013750498160202,0.1297373961697196,-0.5579496387598695,-0.023692348328932192,-0.42001990087627455,0.024866346838339385,-0.5346588359867448,0.08848949935160838,-0.5630253602710827,0.14128159879192814,-0.5720308897622827,0.0,0.0,0.0,0.0,0.0,0.0,0.0,0.0,0.0,0.0,0.0,0.0,0.0,0.0,0.0,0.0,0.0,0.0,0.0,0.0,0.0,0.0,0.0,0.0,0.0,0.0,0.0,0.0,0.0,0.0,0.0,0.0,0.0,0.0,0.0,0.0,0.0,0.0,0.0,0.0,0.0,0.0,water
0.0,0.0,0.1385195262310191,-0.09046600345047401,0.20911365053634376,-0.2545541335564951,0.23356652259270289,-0.3738845281105963,0.2088707033407954,-0.418829874811147,0.13542209389291054,-0.5387667709233218,0.15306689931681355,-0.7281366585484026,0.1642644198922345,-0.8501146345706813,0.1700288417483788,-0.9547378861999755,0.07632562179117354,-0.5354761822794801,0.08931526782762232,-0.7493438808382706,0.11391011901062383,-0.884419055839963,0.13255952206290936,-1.0,0.018568420653769402,-0.4916839972080134,0.03798756082633007,-0.6578132072241383,0.08947307375682777,-0.6988432109139782,0.1280500385734991,-0.7192875120058427,-0.030069885152864965,-0.4180704193363325,0.014571864196329984,-0.5322958036330483,0.0779266703803816,-0.5636633710719782,0.13400230262648677,-0.5751016438849278,0.0,0.0,0.0,0.0,0.0,0.0,0.0,0.0,0.0,0.0,0.0,0.0,0.0,0.0,0.0,0.0,0.0,0.0,0.0,0.0,0.0,0.0,0.0,0.0,0.0,0.0,0.0,0.0,0.0,0.0,0.0,0.0,0.0,0.0,0.0,0.0,0.0,0.0,0.0,0.0,0.0,0.0,water
0.0,0.0,0.1292238522145624,-0.08711590887358528,0.19976493559916503,-0.2557362208915262,0.2251730000018042,-0.37565086430088246,0.20778583452260027,-0.4134594046508607,0.12702126517555745,-0.5309072588283902,0.14196892991233404,-0.7165851319680369,0.15880277052590558,-0.8420253561937203,0.1677097560183523,-0.9481121777928528,0.07677639045002102,-0.5295651613042905,0.09864371697190684,-0.738665804861591,0.1241028627204053,-0.8787211576453777,0.13970996169688396,-1.0,0.024794975489974974,-0.4891161776990346,0.056519084802701965,-0.6608126467038211,0.1049025913690793,-0.747940282862107,0.13840282050218036,-0.819267883658119,-0.025279740845050094,-0.41298151779931186,0.011137199307909783,-0.5140837923512845,0.06021239014691582,-0.5526232582726972,0.10103427885317981,-0.5772922782144938,0.0,0.0,0.0,0.0,0.0,0.0,0.0,0.0,0.0,0.0,0.0,0.0,0.0,0.0,0.0,0.0,0.0,0.0,0.0,0.0,0.0,0.0,0.0,0.0,0.0,0.0,0.0,0.0,0.0,0.0,0.0,0.0,0.0,0.0,0.0,0.0,0.0,0.0,0.0,0.0,0.0,0.0,water
0.0,0.0,0.11787496351405766,-0.09353015799792412,0.18488349273191373,-0.23582003196698664,0.21533262088828584,-0.3358067682856508,0.19736563382329617,-0.38307783617211455,0.10450807212932717,-0.5042025098000863,0.11986938411296588,-0.6976776440759271,0.14011110334571494,-0.8306459412810553,0.15422870178419232,-0.9379398192374443,0.048378899019244886,-0.49691916922185464,0.07025044989411774,-0.7261956408143164,0.10022269136755045,-0.8802183552472573,0.1242015015006568,-1.0,-0.004099948870996743,-0.44581548163715806,0.019370816828560754,-0.6148737580985809,0.06104333458901953,-0.720228715199335,0.09397372319757281,-0.793187184730625,-0.04637127965098126,-0.3559597744784701,0.016227778735830527,-0.4392284302357408,0.08617422418823782,-0.45120447425298754,0.14410795035445187,-0.4435587084506527,0.0,0.0,0.0,0.0,0.0,0.0,0.0,0.0,0.0,0.0,0.0,0.0,0.0,0.0,0.0,0.0,0.0,0.0,0.0,0.0,0.0,0.0,0.0,0.0,0.0,0.0,0.0,0.0,0.0,0.0,0.0,0.0,0.0,0.0,0.0,0.0,0.0,0.0,0.0,0.0,0.0,0.0,water
0.0,0.0,0.122328633595385,-0.09509915623345383,0.18727922166582642,-0.24375869580952989,0.22038518281538158,-0.3424466507534979,0.2337202522330807,-0.3837553995002356,0.11262066507366154,-0.5027042609123771,0.1331654086737673,-0.6974988356346651,0.15688226963345758,-0.8335131671939988,0.16985077763988052,-0.9421179061556361,0.062314806822980386,-0.49737466480311937,0.0948232327762036,-0.7210712456524909,0.12209903151394083,-0.8741926205300136,0.14045538027528193,-1.0,0.014533410795898311,-0.45535917214943633,0.06327193939686826,-0.6188858685616717,0.11495308879164097,-0.7441160773581749,0.15122262053212393,-0.8388024563202088,-0.02381372433779953,-0.3756222522402558,0.06424743169601867,-0.4440377636335205,0.1397996004332895,-0.42015830303802804,0.19532099236214326,-0.37477854900347846,0.0,0.0,0.0,0.0,0.0,0.0,0.0,0.0,0.0,0.0,0.0,0.0,0.0,0.0,0.0,0.0,0.0,0.0,0.0,0.0,0.0,0.0,0.0,0.0,0.0,0.0,0.0,0.0,0.0,0.0,0.0,0.0,0.0,0.0,0.0,0.0,0.0,0.0,0.0,0.0,0.0,0.0,water
0.0,0.0,0.11765107223940995,-0.09545684467633908,0.18679337695794776,-0.2586470523441903,0.21622266733254983,-0.3683556500434713,0.2161691970582794,-0.42137955446428665,0.11481212149729601,-0.526287590939569,0.13302153034063774,-0.7079489979135899,0.15010581767278117,-0.831946350065608,0.16017074127980033,-0.9349001549568549,0.06431340424917575,-0.5198181155150418,0.08889518649896963,-0.7343765740311988,0.11481982121679095,-0.8793240074045636,0.13189672965108507,-1.0,0.014941626501578978,-0.47763477449981234,0.04735648311034447,-0.6620004940653342,0.09710650957813023,-0.7772841164411469,0.13206901087478437,-0.8673077396083195,-0.028867745554214046,-0.40354550694632335,0.028010403176562053,-0.5132459771639153,0.09255907663252767,-0.5361483650394236,0.14324108998084695,-0.5378737438495818,0.0,0.0,0.0,0.0,0.0,0.0,0.0,0.0,0.0,0.0,0.0,0.0,0.0,0.0,0.0,0.0,0.0,0.0,0.0,0.0,0.0,0.0,0.0,0.0,0.0,0.0,0.0,0.0,0.0,0.0,0.0,0.0,0.0,0.0,0.0,0.0,0.0,0.0,0.0,0.0,0.0,0.0,water
0.0,0.0,0.12910086846506985,-0.0832250209788092,0.20291768735664292,-0.24799156011149223,0.2379625253943598,-0.36123599708274207,0.2348733915022093,-0.41734846384039787,0.12364694308295947,-0.5324427424846369,0.14673515939939924,-0.7207634049110189,0.16991558529465142,-0.8411590563253624,0.18101904240804412,-0.9421228950282087,0.07743627086382973,-0.5320700621036033,0.10093411919398884,-0.7518965679730368,0.12870479668352883,-0.8867921756556316,0.14343380787365842,-1.0,0.030918346383926786,-0.5025589288139791,0.07709602203808934,-0.7034815670113904,0.1351262446315606,-0.8278754528835043,0.1720558419401257,-0.9268529435760999,-0.00958019103203085,-0.44345191078361645,0.05556836244150172,-0.5638109495710786,0.11112531168758671,-0.5463559927073072,0.14622947574108364,-0.50129014308983,0.0,0.0,0.0,0.0,0.0,0.0,0.0,0.0,0.0,0.0,0.0,0.0,0.0,0.0,0.0,0.0,0.0,0.0,0.0,0.0,0.0,0.0,0.0,0.0,0.0,0.0,0.0,0.0,0.0,0.0,0.0,0.0,0.0,0.0,0.0,0.0,0.0,0.0,0.0,0.0,0.0,0.0,water
0.0,0.0,0.12713399356337157,-0.08367366630664877,0.2019608231347227,-0.25413667845031185,0.23229198953353788,-0.3688554025213997,0.2184425653118433,-0.41988486709604833,0.12343686920062828,-0.5344206237913116,0.14547829356068623,-0.7197158270876373,0.16503543513692742,-0.8428840482942843,0.17518466278247866,-0.9464413072973489,0.07575782401724444,-0.533538557188456,0.09387546293704511,-0.7487459680043766,0.11983816945236772,-0.883822771063664,0.13401347586582937,-1.0,0.026657595672138847,-0.5007512130691503,0.06561098587100436,-0.6916291970417543,0.12244636484331939,-0.783902102440794,0.1567624195933482,-0.8542159643131692,-0.017260263809826804,-0.4404470775968282,0.042295389449700585,-0.5653662328701345,0.1013303594307621,-0.554366343469817,0.13804000977646574,-0.5139979145360298,0.0,0.0,0.0,0.0,0.0,0.0,0.0,0.0,0.0,0.0,0.0,0.0,0.0,0.0,0.0,0.0,0.0,0.0,0.0,0.0,0.0,0.0,0.0,0.0,0.0,0.0,0.0,0.0,0.0,0.0,0.0,0.0,0.0,0.0,0.0,0.0,0.0,0.0,0.0,0.0,0.0,0.0,water
0.0,0.0,0.13343844901500698,-0.09300545326472824,0.20543238931365368,-0.2585750138780689,0.23452723600180997,-0.37431927488839234,0.22647690642682874,-0.4296209304603787,0.12600761777698993,-0.530927101652773,0.14158895725554774,-0.7371918252342945,0.15868335611358092,-0.8571170002845587,0.1694794441308597,-0.964013584180401,0.07596470072352554,-0.5267961020119701,0.08419649479630727,-0.7510619638283877,0.1147273134391021,-0.8857149188074657,0.13664171724192622,-1.0,0.023080977949031335,-0.48466811589470393,0.05110628035098686,-0.6285172158028055,0.10455958706330731,-0.6030977249296767,0.13557380566971594,-0.5677256760602145,-0.022625567368111697,-0.41675607719471747,0.012744848787359995,-0.5470545839611507,0.07881623570792146,-0.570551670732902,0.13584985095653715,-0.5663959471373858,0.0,0.0,0.0,0.0,0.0,0.0,0.0,0.0,0.0,0.0,0.0,0.0,0.0,0.0,0.0,0.0,0.0,0.0,0.0,0.0,0.0,0.0,0.0,0.0,0.0,0.0,0.0,0.0,0.0,0.0,0.0,0.0,0.0,0.0,0.0,0.0,0.0,0.0,0.0,0.0,0.0,0.0,water
0.0,0.0,0.1230505515987858,-0.08830047403140401,0.1922884994231439,-0.2462554715932592,0.22000605649620528,-0.3543691839517302,0.2121972052970475,-0.3990801833239654,0.11420754162965292,-0.5113927160451386,0.12592486923026225,-0.7136034904336482,0.14502231991831832,-0.84613280893331,0.15831103020212187,-0.9534416160115717,0.058723270455399906,-0.5035247450348664,0.07688170147692236,-0.7291421474548812,0.10754353462461219,-0.8792769077798825,0.13225627255721867,-1.0,0.00500919969949619,-0.45330465511582335,0.03166851215360991,-0.6410658907811851,0.08869876638850431,-0.7594804638584173,0.13791644706576334,-0.8526099316465502,-0.044506817061627145,-0.3662918981553962,-0.012364580051180239,-0.4747009906071758,0.04491956092811097,-0.5224783375158775,0.09901867682418009,-0.5523796052416938,0.0,0.0,0.0,0.0,0.0,0.0,0.0,0.0,0.0,0.0,0.0,0.0,0.0,0.0,0.0,0.0,0.0,0.0,0.0,0.0,0.0,0.0,0.0,0.0,0.0,0.0,0.0,0.0,0.0,0.0,0.0,0.0,0.0,0.0,0.0,0.0,0.0,0.0,0.0,0.0,0.0,0.0,water
0.0,0.0,0.11321406603705587,-0.09185749072624944,0.18382904959444682,-0.24300766542166197,0.21491777419780755,-0.3480904695376403,0.2125346749079216,-0.3924609569094571,0.10115760560232975,-0.5153077745571275,0.11471640618804256,-0.7088634454447053,0.1364224148470158,-0.8338880822498277,0.15398221132308626,-0.9354593310397805,0.04527420896985943,-0.5050688565482023,0.05208970072048968,-0.7284206569431991,0.07733224701057485,-0.8787137791126243,0.0984715294209697,-1.0,-0.005665455255203283,-0.45508978853063436,0.025121993379582843,-0.6087515885025266,0.08659526050590975,-0.6937035448721534,0.13309413396341188,-0.7530933940619506,-0.048655750001754074,-0.3684048043417758,0.0020452534789720217,-0.46096073653363395,0.06947430213791125,-0.4671763340391455,0.12242488246091227,-0.45207639099880104,0.0,0.0,0.0,0.0,0.0,0.0,0.0,0.0,0.0,0.0,0.0,0.0,0.0,0.0,0.0,0.0,0.0,0.0,0.0,0.0,0.0,0.0,0.0,0.0,0.0,0.0,0.0,0.0,0.0,0.0,0.0,0.0,0.0,0.0,0.0,0.0,0.0,0.0,0.0,0.0,0.0,0.0,water
0.0,0.0,0.1060860255907518,-0.09339948449719045,0.17527705330342047,-0.23169244628594263,0.20576278726237993,-0.3360103456109601,0.20440137034695047,-0.3833926567412359,0.08886253058588678,-0.4938433403126794,0.10168467591517873,-0.7151134848283459,0.11722955171844261,-0.8449745917764713,0.1317562588279701,-0.9545649326206118,0.03159578692522977,-0.4818828813502213,0.03552531241169446,-0.7127499195366634,0.053728010563900704,-0.8718066597803418,0.07092473613503536,-1.0,-0.020996641521314155,-0.4310327399476642,0.08526126657250165,-0.5017077658437322,0.1624419883632548,-0.41191109571323176,0.20040083867912378,-0.32937586703508576,-0.053992810908368535,-0.34969562430350376,0.034517169335996085,-0.4280004555971578,0.10760165098157003,-0.39992335053260836,0.15661855127958926,-0.3537807019048881,0.0,0.0,0.0,0.0,0.0,0.0,0.0,0.0,0.0,0.0,0.0,0.0,0.0,0.0,0.0,0.0,0.0,0.0,0.0,0.0,0.0,0.0,0.0,0.0,0.0,0.0,0.0,0.0,0.0,0.0,0.0,0.0,0.0,0.0,0.0,0.0,0.0,0.0,0.0,0.0,0.0,0.0,water
0.0,0.0,0.12180480890954037,-0.09267864045557252,0.211608225703397,-0.25498697548255805,0.2502867032141312,-0.38179481082679895,0.2051433449652923,-0.41090681016439273,0.11147840117461975,-0.546367104979426,0.12973995686389633,-0.7605565451797773,0.1407112807862797,-0.8890613536022544,0.14975925785710711,-1.0,0.053814968165980574,-0.5390905995440202,0.07607774948382352,-0.7358298873599527,0.10385973371802484,-0.8533281704615545,0.1293406755923244,-0.9531710703837573,-0.004486517864377646,-0.498042226623504,0.09885416127022587,-0.5812264521462448,0.14641036506285554,-0.4538086806205896,0.16042439603034495,-0.3492536639342411,-0.05450039917057535,-0.4274855618918073,0.016192200521334927,-0.516298911679027,0.06676786515251946,-0.5272531883832728,0.10155216028104443,-0.5277116921334394,0.0,0.0,0.0,0.0,0.0,0.0,0.0,0.0,0.0,0.0,0.0,0.0,0.0,0.0,0.0,0.0,0.0,0.0,0.0,0.0,0.0,0.0,0.0,0.0,0.0,0.0,0.0,0.0,0.0,0.0,0.0,0.0,0.0,0.0,0.0,0.0,0.0,0.0,0.0,0.0,0.0,0.0,water
0.0,0.0,0.12603750970886787,-0.08797439537188312,0.2157384096204837,-0.25040286221888924,0.25176690235780413,-0.3773801233807394,0.2062916811741704,-0.41526881288444883,0.11985005936916909,-0.5423090142932391,0.13267067520154271,-0.75677522743302,0.14425078786904857,-0.8856779691280321,0.15415695779878763,-0.995257162242994,0.06418666470257385,-0.540483077554883,0.08749698690307202,-0.7500194177357581,0.11827711117658087,-0.8852532340573693,0.14513317888421673,-1.0,0.004195458481756256,-0.5026361250234352,0.09679004740605833,-0.5788435957182777,0.13827347314103078,-0.4495973609734758,0.14793323869977057,-0.34565578380694756,-0.048107105552133274,-0.43436336609797255,0.019129594414834257,-0.5247893064074064,0.07534684093526528,-0.5372559391488336,0.11584933622590639,-0.5383515904687932,0.0,0.0,0.0,0.0,0.0,0.0,0.0,0.0,0.0,0.0,0.0,0.0,0.0,0.0,0.0,0.0,0.0,0.0,0.0,0.0,0.0,0.0,0.0,0.0,0.0,0.0,0.0,0.0,0.0,0.0,0.0,0.0,0.0,0.0,0.0,0.0,0.0,0.0,0.0,0.0,0.0,0.0,water
0.0,0.0,0.13404580579610176,-0.08409381146356697,0.21775871792242657,-0.2575706801890398,0.2438036568200673,-0.39133451094808863,0.19618832669954045,-0.437455373372235,0.13538611937098594,-0.5567030826163555,0.14672104978607184,-0.7541597143895823,0.1545027451784599,-0.8767971830460761,0.1616657267498765,-0.9796264879426542,0.07701204336356603,-0.5568477987304132,0.09074119818417398,-0.7685078160683825,0.1214405894909535,-0.8941421433831411,0.1506385219847314,-1.0,0.0159496499780945,-0.5228036241948564,0.058115754248268536,-0.6558855880461227,0.11636678660315626,-0.6439710940631438,0.15656186206060832,-0.6252115977964,-0.04053426113218803,-0.46329500647843475,0.006831719162184584,-0.5730324667455886,0.06268992533487448,-0.5921613270071496,0.11053363193169213,-0.5924062491261104,0.0,0.0,0.0,0.0,0.0,0.0,0.0,0.0,0.0,0.0,0.0,0.0,0.0,0.0,0.0,0.0,0.0,0.0,0.0,0.0,0.0,0.0,0.0,0.0,0.0,0.0,0.0,0.0,0.0,0.0,0.0,0.0,0.0,0.0,0.0,0.0,0.0,0.0,0.0,0.0,0.0,0.0,water
0.0,0.0,0.12435094406398675,-0.08704258040783636,0.19778046647708863,-0.25931770345105626,0.22155829187297538,-0.383761735171912,0.1892432715499612,-0.4167628834778628,0.11689145237206013,-0.525646436440355,0.12455982916841019,-0.7190931553365423,0.13546772387862538,-0.8436345468531088,0.14204614314678102,-0.9495141116615674,0.06464825344845923,-0.5222772928400526,0.08003627270726113,-0.7376151257099339,0.10672454890148696,-0.8776517896551732,0.12433509218038949,-1.0,0.008906847361650719,-0.48125846417508034,0.05011870924744925,-0.6431052963054319,0.10012915350267042,-0.6642813891466538,0.12707398287681781,-0.6784010328682623,-0.04507230145290945,-0.40884661020398116,-0.00785702545362807,-0.5191460399184157,0.04544993604158455,-0.5573913510773997,0.09014257926110436,-0.5835984495283896,0.0,0.0,0.0,0.0,0.0,0.0,0.0,0.0,0.0,0.0,0.0,0.0,0.0,0.0,0.0,0.0,0.0,0.0,0.0,0.0,0.0,0.0,0.0,0.0,0.0,0.0,0.0,0.0,0.0,0.0,0.0,0.0,0.0,0.0,0.0,0.0,0.0,0.0,0.0,0.0,0.0,0.0,water
0.0,0.0,0.11575561253342265,-0.07603397442584428,0.19279081131236378,-0.24653881418931903,0.2238754344257345,-0.37341627456255455,0.1928271575791849,-0.40398710860506104,0.10322943718190153,-0.5178651235059324,0.11188665674739344,-0.7294555197461252,0.12756068234351065,-0.852894249932743,0.13966333035023087,-0.9562845550327501,0.051341243130171244,-0.5131822748809962,0.0536680630514393,-0.7369898483010042,0.08328994108830166,-0.8814301322630766,0.11011227812031603,-1.0,-0.005001839274831583,-0.46405837364181907,0.06464331794198873,-0.5545267573310201,0.11707516869169911,-0.4426531676704898,0.1386578235064814,-0.35015795802061084,-0.05187479754250921,-0.3852928290243059,-0.01211253067745708,-0.48225610392177315,0.04481933928855752,-0.5110019381015389,0.09105783009492854,-0.5272982425317206,0.0,0.0,0.0,0.0,0.0,0.0,0.0,0.0,0.0,0.0,0.0,0.0,0.0,0.0,0.0,0.0,0.0,0.0,0.0,0.0,0.0,0.0,0.0,0.0,0.0,0.0,0.0,0.0,0.0,0.0,0.0,0.0,0.0,0.0,0.0,0.0,0.0,0.0,0.0,0.0,0.0,0.0,water
0.0,0.0,0.10849400138449976,-0.08322560879295156,0.17846201795609248,-0.23990794030749463,0.2046047868071803,-0.35427822084361194,0.1817622370802109,-0.39895431044809665,0.0949914184337767,-0.49955698128169057,0.1047463110926417,-0.7156608548066842,0.1201613270843559,-0.8354230516028288,0.1299489770497434,-0.9407745777858817,0.04006367002685251,-0.4926732824411296,0.03384338615139812,-0.7289272459162027,0.054983404024802264,-0.8767691330762927,0.07169662705753518,-1.0,-0.016306884016872664,-0.44169167635781154,0.05524026795264714,-0.5422680565376269,0.11631992333306124,-0.4287405610722346,0.14368393545644498,-0.3323151358898167,-0.06423591197295456,-0.36098254957855447,-0.022135564363866888,-0.4610382051964325,0.03848188436140744,-0.48541154944180065,0.08754692298640625,-0.4952605796029051,0.0,0.0,0.0,0.0,0.0,0.0,0.0,0.0,0.0,0.0,0.0,0.0,0.0,0.0,0.0,0.0,0.0,0.0,0.0,0.0,0.0,0.0,0.0,0.0,0.0,0.0,0.0,0.0,0.0,0.0,0.0,0.0,0.0,0.0,0.0,0.0,0.0,0.0,0.0,0.0,0.0,0.0,water
0.0,0.0,0.12140508725017968,-0.08554691510684743,0.20638517751360425,-0.26048564579417977,0.2480072407158577,-0.38952105030556533,0.21379775993143194,-0.4166130234675976,0.10767384190954908,-0.5389893799858043,0.12574572230827952,-0.7598461682685226,0.14494723473400858,-0.8894127966930195,0.15761636705340362,-1.0,0.0515588520206597,-0.530082004901545,0.06428222274799006,-0.7483154845074572,0.09825488480476405,-0.8865845873640134,0.12326303172612059,-0.9996524724232292,-0.004176022606032739,-0.4858931034636692,0.08932786782791917,-0.585023949716755,0.1501335871899148,-0.4713357826178179,0.16993004807799617,-0.3705951939860096,-0.04974030293155247,-0.41488855457990903,0.023799612519028082,-0.5148030677064965,0.08522784595399333,-0.5133384074889179,0.12472021463231717,-0.4968184598077773,0.0,0.0,0.0,0.0,0.0,0.0,0.0,0.0,0.0,0.0,0.0,0.0,0.0,0.0,0.0,0.0,0.0,0.0,0.0,0.0,0.0,0.0,0.0,0.0,0.0,0.0,0.0,0.0,0.0,0.0,0.0,0.0,0.0,0.0,0.0,0.0,0.0,0.0,0.0,0.0,0.0,0.0,water
0.0,0.0,0.1174507593865262,-0.0830264063891094,0.2001570085916154,-0.25071202080583127,0.23782821593505635,-0.3729375079491082,0.20476771061299137,-0.41259270304763324,0.10551273392306579,-0.5258044497462864,0.12173264243705403,-0.7424423168854407,0.14037971519167766,-0.8676711415577182,0.15214549170442035,-0.9768328998785157,0.05035348861687711,-0.5205196633525282,0.064521650081355,-0.7433791055773136,0.09618859450996216,-0.8852376838162737,0.11859795274830821,-1.0,-0.005470959989123427,-0.47919044089591384,0.08653289505422937,-0.5763680141044589,0.14622389951450138,-0.4610776578528417,0.16587234061215808,-0.3613581243174731,-0.05062408722309693,-0.4116916579317846,0.022462973602382322,-0.5109068342594502,0.08339053036449676,-0.5033074868538198,0.12163056492392978,-0.4811230061443865,0.0,0.0,0.0,0.0,0.0,0.0,0.0,0.0,0.0,0.0,0.0,0.0,0.0,0.0,0.0,0.0,0.0,0.0,0.0,0.0,0.0,0.0,0.0,0.0,0.0,0.0,0.0,0.0,0.0,0.0,0.0,0.0,0.0,0.0,0.0,0.0,0.0,0.0,0.0,0.0,0.0,0.0,water
0.0,0.0,0.11483568520627266,-0.0805302505935502,0.20305348092080291,-0.263347204545962,0.22416870408823988,-0.41610567798691583,0.1611337646340828,-0.442968709298085,0.1109972620403242,-0.5715679214950767,0.13165790296291335,-0.7435407223822389,0.1391888038567739,-0.8621209837676111,0.1441269927657579,-0.9626614586822069,0.050856693906714004,-0.5850390924449803,0.07915080454893905,-0.7726242175929027,0.11454542240679959,-0.8963592020750069,0.14567680539739955,-1.0,-0.017374019432722293,-0.5614805914662737,0.08003333835711256,-0.6444971476097975,0.11460752189995609,-0.5328713317108387,0.11636433284211936,-0.4552958075632066,-0.07322879220904875,-0.5099298717633837,0.02100800269423419,-0.589423502727726,0.07001462012786448,-0.5402602410669762,0.09149964926578397,-0.4876449918503137,0.0,0.0,0.0,0.0,0.0,0.0,0.0,0.0,0.0,0.0,0.0,0.0,0.0,0.0,0.0,0.0,0.0,0.0,0.0,0.0,0.0,0.0,0.0,0.0,0.0,0.0,0.0,0.0,0.0,0.0,0.0,0.0,0.0,0.0,0.0,0.0,0.0,0.0,0.0,0.0,0.0,0.0,water
0.0,0.0,0.11394787976468085,-0.07771387578997511,0.20283426079605202,-0.2629363868211486,0.22216882237810165,-0.419385586937509,0.15707901492821147,-0.4426997967458627,0.1064536483599867,-0.5691734833842802,0.1264288511669461,-0.7482345886010109,0.13518588951221833,-0.8670589436998278,0.14176799561671485,-0.9684202945349208,0.045669811347398885,-0.5799441168800725,0.07033661671767633,-0.7732045335369326,0.10619628569303635,-0.8956303184754151,0.1349585348379851,-1.0,-0.022198736228096518,-0.5547934179174312,0.07543891690680907,-0.6519350565844833,0.11469596137135821,-0.5597759214925011,0.11616423480324642,-0.4929409433289055,-0.0777645951815872,-0.5022163550385655,0.019033304870850306,-0.5874098701112861,0.06741595643827956,-0.536499604129853,0.08423596590903742,-0.4796006842293053,0.0,0.0,0.0,0.0,0.0,0.0,0.0,0.0,0.0,0.0,0.0,0.0,0.0,0.0,0.0,0.0,0.0,0.0,0.0,0.0,0.0,0.0,0.0,0.0,0.0,0.0,0.0,0.0,0.0,0.0,0.0,0.0,0.0,0.0,0.0,0.0,0.0,0.0,0.0,0.0,0.0,0.0,water
0.0,0.0,0.09853534419726524,-0.08033125467488045,0.16475087614613362,-0.2533274643448444,0.18611129787287686,-0.3809960331800953,0.14752535991326785,-0.40534260045215026,0.06963040080008741,-0.5159530032692647,0.06820902703656702,-0.7183931858102146,0.07594306520880433,-0.8408496306319178,0.08245491104070192,-0.9431998873826553,0.012711577735382857,-0.5044126669300008,-0.0025800087404506374,-0.7336221604040778,0.015952793162278232,-0.8779442292015094,0.03381304260129258,-1.0,-0.044679460781429904,-0.44804579491877267,0.025836330859673746,-0.5527958936690562,0.08404993822854598,-0.4416749308748015,0.10993238757175154,-0.35005483792347064,-0.0930344281308042,-0.36011980300368945,-0.055896232361518486,-0.4536672073419785,-0.007670165648348139,-0.4810071688503786,0.028620038323514334,-0.49924844730936996,0.0,0.0,0.0,0.0,0.0,0.0,0.0,0.0,0.0,0.0,0.0,0.0,0.0,0.0,0.0,0.0,0.0,0.0,0.0,0.0,0.0,0.0,0.0,0.0,0.0,0.0,0.0,0.0,0.0,0.0,0.0,0.0,0.0,0.0,0.0,0.0,0.0,0.0,0.0,0.0,0.0,0.0,water
0.0,0.0,0.11371590616441188,-0.08751462127615275,0.18250910228880035,-0.26087022225599077,0.20732429124721558,-0.39668684453498515,0.16543739155384,-0.4190759458415128,0.09038724422342842,-0.5263638426256402,0.08571997965771994,-0.7314359378741897,0.09241475583492026,-0.8492095957968803,0.09974360163720514,-0.950159524865457,0.03613861043253371,-0.5149957151501503,0.022886324392203023,-0.7440751430224741,0.047562987712566014,-0.8850304368112154,0.07221488432794392,-1.0,-0.018678398249035937,-0.4598776230931474,0.046455097439143694,-0.5696902545744419,0.10541979460006075,-0.4669558634229559,0.1336829076783292,-0.37466819436658205,-0.06816426873889828,-0.3733985859051003,-0.036068613007851254,-0.46790203550831877,0.005751752401793193,-0.4981606523801958,0.037283021101442534,-0.518159976542992,0.0,0.0,0.0,0.0,0.0,0.0,0.0,0.0,0.0,0.0,0.0,0.0,0.0,0.0,0.0,0.0,0.0,0.0,0.0,0.0,0.0,0.0,0.0,0.0,0.0,0.0,0.0,0.0,0.0,0.0,0.0,0.0,0.0,0.0,0.0,0.0,0.0,0.0,0.0,0.0,0.0,0.0,water
0.0,0.0,0.10149838342936726,-0.09833285966929303,0.16852485035528902,-0.26187624644162877,0.1916203264778062,-0.3846921754047266,0.16051371272764303,-0.4099321509558759,0.08505626493604102,-0.5141631012092673,0.08247604240068372,-0.721957432526438,0.08652602362145835,-0.8455659206133604,0.0868779420018019,-0.9501447936672313,0.03238140862836251,-0.502824874963963,0.031976420751361624,-0.7351049392948478,0.05247589692059635,-0.8781466984318681,0.06728720412474978,-1.0,-0.023474339054252395,-0.4495441248276522,0.05462797770589377,-0.5634476567768211,0.11489310389552644,-0.45473817374953207,0.14047669931499368,-0.36494274129153126,-0.0734273858683102,-0.3662985747254371,-0.02889787769140723,-0.4568517330469083,0.0186772868496451,-0.48077111822756896,0.05173743180108651,-0.49637641886626754,0.0,0.0,0.0,0.0,0.0,0.0,0.0,0.0,0.0,0.0,0.0,0.0,0.0,0.0,0.0,0.0,0.0,0.0,0.0,0.0,0.0,0.0,0.0,0.0,0.0,0.0,0.0,0.0,0.0,0.0,0.0,0.0,0.0,0.0,0.0,0.0,0.0,0.0,0.0,0.0,0.0,0.0,water
0.0,0.0,0.10577527606813074,-0.10037374505745238,0.16863434074197625,-0.2589320089242158,0.1929864707689829,-0.37699447762529387,0.17919429844465865,-0.42322437698698817,0.08785508715522605,-0.5014940491058578,0.08428614977412148,-0.7148979427423544,0.08914378294610047,-0.8366288373945856,0.08870544622496036,-0.9399912879185048,0.0395916940504823,-0.489589224547828,0.04201393204333532,-0.7284500470217595,0.06169323676093554,-0.876688016394259,0.0728284671311221,-1.0,-0.012300754655720968,-0.43770355685301154,0.06365841434449077,-0.5674712657172711,0.12924526736009762,-0.46691979743600853,0.15904821724174367,-0.38107948033567424,-0.06002227410426888,-0.35719270986622986,-0.022032012041456876,-0.4584763249590204,0.02354761869097737,-0.4880472023166364,0.057072028105369224,-0.5064593687870248,0.0,0.0,0.0,0.0,0.0,0.0,0.0,0.0,0.0,0.0,0.0,0.0,0.0,0.0,0.0,0.0,0.0,0.0,0.0,0.0,0.0,0.0,0.0,0.0,0.0,0.0,0.0,0.0,0.0,0.0,0.0,0.0,0.0,0.0,0.0,0.0,0.0,0.0,0.0,0.0,0.0,0.0,water
0.0,0.0,0.11883711767800202,-0.08928729919233158,0.19643227469817967,-0.25305608652074807,0.20841232868705717,-0.39175078526324447,0.1460011646357699,-0.43767553420630506,0.1092398045663247,-0.5139427250312265,0.10802992551093524,-0.718591093783486,0.1113526010559653,-0.8328009490266199,0.11987749676910987,-0.9277434424295428,0.05330698110389287,-0.5157054813647453,0.026219133363784158,-0.7521865062442228,0.039860633362701785,-0.8928855474762256,0.06254202321911388,-1.0,-0.0029400558938579534,-0.48233953245718664,0.05248502533840462,-0.6121226028094132,0.10719173411668438,-0.5269955211312121,0.13458502815258028,-0.4334337055982613,-0.05116680052040602,-0.42941592866714146,-0.011758924725130805,-0.5477175953085527,0.038385788845906564,-0.5469833119383826,0.07441708680865987,-0.5182862969128493,0.0,0.0,0.0,0.0,0.0,0.0,0.0,0.0,0.0,0.0,0.0,0.0,0.0,0.0,0.0,0.0,0.0,0.0,0.0,0.0,0.0,0.0,0.0,0.0,0.0,0.0,0.0,0.0,0.0,0.0,0.0,0.0,0.0,0.0,0.0,0.0,0.0,0.0,0.0,0.0,0.0,0.0,water
0.0,0.0,0.11723873303463477,-0.08724097304670266,0.19781760122423703,-0.25362775179575814,0.21235746048968573,-0.3977784350903116,0.1458629521541601,-0.4388949243507486,0.10444487911886195,-0.5271407222834855,0.11147456404957833,-0.7265731313960182,0.11500383255614456,-0.8469101691549884,0.12132573274066158,-0.9472120482661261,0.04733138684008813,-0.53142014493287,0.03479254444015828,-0.7537747383888542,0.05391738581050043,-0.8922095288205042,0.07877209172145154,-1.0,-0.011069998786849448,-0.500159481589418,0.05156537313921107,-0.6200271618501864,0.10174459682281776,-0.5230628098475111,0.12335321628020779,-0.42624726189194234,-0.05945982540628048,-0.44692807107699145,-0.00729741862463259,-0.5586303848322558,0.044370754257045245,-0.5457721248899873,0.07869325965374775,-0.5062268246215947,0.0,0.0,0.0,0.0,0.0,0.0,0.0,0.0,0.0,0.0,0.0,0.0,0.0,0.0,0.0,0.0,0.0,0.0,0.0,0.0,0.0,0.0,0.0,0.0,0.0,0.0,0.0,0.0,0.0,0.0,0.0,0.0,0.0,0.0,0.0,0.0,0.0,0.0,0.0,0.0,0.0,0.0,water
0.0,0.0,0.11067591531450185,-0.08218287659070343,0.18553800138432672,-0.25460843408361744,0.19807764679312573,-0.3985443383156427,0.1376321722942889,-0.425742492080747,0.1004179626983144,-0.5235209950028383,0.10903210925915369,-0.7179446352316606,0.11147412010180852,-0.8377734225435572,0.10965437918364039,-0.9413200990127771,0.042072458079778545,-0.5247762372829454,0.04889482109357441,-0.7409526779994492,0.06878714589969114,-0.8804293815370832,0.08515946294763738,-1.0,-0.0212622359912275,-0.48794829808411194,0.032939680442879704,-0.6329411219948283,0.08793903720492688,-0.6193898784269348,0.11851588295384478,-0.5954911312884701,-0.08445790766597669,-0.4191393104882296,-0.04111338920002385,-0.5219748213294647,0.010034730481113594,-0.5356376759648952,0.048397594879782214,-0.5287215028659582,0.0,0.0,0.0,0.0,0.0,0.0,0.0,0.0,0.0,0.0,0.0,0.0,0.0,0.0,0.0,0.0,0.0,0.0,0.0,0.0,0.0,0.0,0.0,0.0,0.0,0.0,0.0,0.0,0.0,0.0,0.0,0.0,0.0,0.0,0.0,0.0,0.0,0.0,0.0,0.0,0.0,0.0,water
0.0,0.0,0.10801531130553431,-0.08553979336082816,0.1757215475090596,-0.2529167560081671,0.18906368475080587,-0.38720134298640296,0.13641515552660666,-0.4231197136359155,0.1018644284695572,-0.5198580870151791,0.10465880347900594,-0.7120193578101008,0.10203860447121295,-0.8301696682926643,0.09622606597097053,-0.9322563947398848,0.04527330407829488,-0.519201200749766,0.04490525613347588,-0.7414849121635534,0.054452783930837224,-0.8816382509237397,0.060381901111894454,-1.0,-0.014860534635153444,-0.480568197037773,0.02026808199218167,-0.6487547161133456,0.06406525510289905,-0.6796415721918005,0.08864685474977743,-0.6946534994151903,-0.07720053172654197,-0.40884473401855337,-0.04480560531590267,-0.515931248601322,0.0013183505064199188,-0.5356452890821244,0.03591996761774287,-0.5371626218300447,0.0,0.0,0.0,0.0,0.0,0.0,0.0,0.0,0.0,0.0,0.0,0.0,0.0,0.0,0.0,0.0,0.0,0.0,0.0,0.0,0.0,0.0,0.0,0.0,0.0,0.0,0.0,0.0,0.0,0.0,0.0,0.0,0.0,0.0,0.0,0.0,0.0,0.0,0.0,0.0,0.0,0.0,water
0.0,0.0,0.1013512673671427,-0.08469062874736506,0.16917056452064802,-0.24724677873060538,0.1881004316760789,-0.37608390226209676,0.1398039577269203,-0.402360005827678,0.08726142943160782,-0.5159793504584202,0.09734086720331567,-0.7120762325488043,0.10067619403722582,-0.8289103770365035,0.09752211613991725,-0.9331365642985442,0.024962532717012233,-0.5063190572202587,0.03324557855495999,-0.7265087012734291,0.05031242263298975,-0.8754331788455288,0.058766529159275945,-1.0,-0.03722347820682755,-0.4522009163310488,0.03114934647481516,-0.5533021640858136,0.09176555210626751,-0.45573562718346894,0.12177524113036577,-0.3708214682692102,-0.09068569967285535,-0.367772940623908,-0.04860283457443178,-0.4661655406954294,-0.00230427610967853,-0.488020759574661,0.03207179047256152,-0.4958039699528182,0.0,0.0,0.0,0.0,0.0,0.0,0.0,0.0,0.0,0.0,0.0,0.0,0.0,0.0,0.0,0.0,0.0,0.0,0.0,0.0,0.0,0.0,0.0,0.0,0.0,0.0,0.0,0.0,0.0,0.0,0.0,0.0,0.0,0.0,0.0,0.0,0.0,0.0,0.0,0.0,0.0,0.0,water
0.0,0.0,0.10168802943614419,-0.08657946343731678,0.16748215838101208,-0.2526173099084164,0.19048824373774337,-0.37804823807694643,0.14809787113600065,-0.39999979782868,0.08578978226148838,-0.5208311262964236,0.08802549380344904,-0.7305068434991812,0.09046883529102562,-0.8508141439055456,0.0852525119786507,-0.9598600974465762,0.029556739380951418,-0.5082764894972,0.0368594707154843,-0.7347738713786063,0.054861108303176115,-0.8792711723914846,0.0643551745749348,-1.0,-0.02927794513070376,-0.44639953096253765,0.03679811171987142,-0.5572318702868811,0.09389240442350848,-0.4467363483816186,0.12251248407900855,-0.3508113135070659,-0.08121606048965893,-0.3526973697511271,-0.0503060873784445,-0.45409679962800475,-0.001589673088975598,-0.4723067747609324,0.039715039524493054,-0.473698319956331,0.0,0.0,0.0,0.0,0.0,0.0,0.0,0.0,0.0,0.0,0.0,0.0,0.0,0.0,0.0,0.0,0.0,0.0,0.0,0.0,0.0,0.0,0.0,0.0,0.0,0.0,0.0,0.0,0.0,0.0,0.0,0.0,0.0,0.0,0.0,0.0,0.0,0.0,0.0,0.0,0.0,0.0,water
0.0,0.0,0.1087085675732445,-0.08490285704556896,0.17837940461274368,-0.24916560538177848,0.19368972180642996,-0.3760044757087677,0.1446448980028179,-0.4084018920401555,0.10286696387262839,-0.5026386449181958,0.11057770258432191,-0.6987674577487193,0.11119616127993234,-0.8144382389606409,0.10902799238290116,-0.914678634093189,0.043665084423373385,-0.5023781162231179,0.0297150200137906,-0.7386352770502925,0.03366204954123391,-0.8788547506991811,0.035150389001412916,-1.0,-0.014189707255625173,-0.4620856509861783,0.033083877767696696,-0.6383940900372125,0.08126664062699517,-0.6708516892890437,0.10371081156470248,-0.6913283340595537,-0.06634226620766631,-0.39078928118430484,-0.017249434646792575,-0.5010529041525621,0.036906483066525685,-0.5134038648125312,0.07573297946831953,-0.5080810418455409,0.0,0.0,0.0,0.0,0.0,0.0,0.0,0.0,0.0,0.0,0.0,0.0,0.0,0.0,0.0,0.0,0.0,0.0,0.0,0.0,0.0,0.0,0.0,0.0,0.0,0.0,0.0,0.0,0.0,0.0,0.0,0.0,0.0,0.0,0.0,0.0,0.0,0.0,0.0,0.0,0.0,0.0,water
0.0,0.0,0.13495224349699403,-0.08039805136673843,0.22683379599303144,-0.262182456612392,0.24252841079666704,-0.41834014945661374,0.17480940963599237,-0.45694691549918265,0.15311120400922582,-0.5417014470285871,0.17288567377141617,-0.7416629835975136,0.17783366462145347,-0.853800137330701,0.17743582543561415,-0.9478931113891031,0.09681532271134685,-0.5567482329168418,0.11248984804687483,-0.7801261889466392,0.13444774955069566,-0.9000081712218595,0.1492589920684974,-1.0,0.030835527750327187,-0.5341489356419217,0.08138762696430982,-0.6602207313378999,0.13457392946836044,-0.6098060982596201,0.1603102310469412,-0.5577908537391918,-0.0418055059588974,-0.4880162936872571,-0.01001380981639129,-0.587481281807384,0.035638942147297785,-0.5714081272507541,0.0663814714609919,-0.5382833030336,0.0,0.0,0.0,0.0,0.0,0.0,0.0,0.0,0.0,0.0,0.0,0.0,0.0,0.0,0.0,0.0,0.0,0.0,0.0,0.0,0.0,0.0,0.0,0.0,0.0,0.0,0.0,0.0,0.0,0.0,0.0,0.0,0.0,0.0,0.0,0.0,0.0,0.0,0.0,0.0,0.0,0.0,water
0.0,0.0,0.13312713129450346,-0.07789067330781785,0.21161929495929796,-0.2500058198016479,0.22366717119728063,-0.3870793308802223,0.1717109751260569,-0.4405931275791421,0.1399742110732313,-0.508256026044333,0.161482756869971,-0.6986990027409603,0.1763718048457553,-0.8216726309471999,0.18125301105451924,-0.9235499770200974,0.08713251832461545,-0.5242029476796506,0.11485594716107858,-0.7459737503666475,0.13284700484185327,-0.8851492629470633,0.14065440731915993,-1.0,0.029904357933985933,-0.5082088025109618,0.0682833447475348,-0.7053659458020163,0.10906419141449558,-0.8412821477529026,0.13398901620520998,-0.9488323039120374,-0.03000224145503466,-0.4650997026247638,0.0339459607583523,-0.5944837592060948,0.09382783984704009,-0.6124859022233416,0.1370587675810665,-0.6086035956840794,0.0,0.0,0.0,0.0,0.0,0.0,0.0,0.0,0.0,0.0,0.0,0.0,0.0,0.0,0.0,0.0,0.0,0.0,0.0,0.0,0.0,0.0,0.0,0.0,0.0,0.0,0.0,0.0,0.0,0.0,0.0,0.0,0.0,0.0,0.0,0.0,0.0,0.0,0.0,0.0,0.0,0.0,water
0.0,0.0,0.1319118592924564,-0.0757457095622671,0.21157285068525028,-0.24967604263859502,0.22533490597247297,-0.3864765186612493,0.17311171904221145,-0.4354911886748377,0.13703362630151192,-0.5038476547467461,0.16243912999838414,-0.6909503034329353,0.1791184894022396,-0.8121618927121633,0.1843694342685,-0.9133914228603398,0.08525277226033794,-0.5215438959411597,0.11530327765182562,-0.7410564588253457,0.13342913649328478,-0.8807474581893585,0.13955405733246373,-1.0,0.028420028779206234,-0.5091277433978637,0.06842971936898191,-0.7083836879423048,0.10635951142863959,-0.8483078375851753,0.12615736833648175,-0.9638315502738165,-0.03091750485992304,-0.46983674529412267,0.034716211551020976,-0.6075540690349874,0.09112676398665372,-0.6199922763343915,0.1278041609673126,-0.6085550849040595,0.0,0.0,0.0,0.0,0.0,0.0,0.0,0.0,0.0,0.0,0.0,0.0,0.0,0.0,0.0,0.0,0.0,0.0,0.0,0.0,0.0,0.0,0.0,0.0,0.0,0.0,0.0,0.0,0.0,0.0,0.0,0.0,0.0,0.0,0.0,0.0,0.0,0.0,0.0,0.0,0.0,0.0,water
0.0,0.0,0.13037103568417135,-0.09494298852410978,0.20628499410566542,-0.26561594786599063,0.2249384202465344,-0.39687203123660764,0.17279128491108686,-0.4429923384869308,0.12991488105201418,-0.509846926801205,0.15703577571641855,-0.6879211240655337,0.17362102412885236,-0.8036809637001433,0.1804177954605322,-0.9042176241276856,0.07526472899299097,-0.5207167798040846,0.10676632362701495,-0.7328724369068363,0.12554663390191487,-0.8747582918949871,0.13427045100746676,-1.0,0.017012795215963303,-0.4970505889622695,0.05792827265706371,-0.6804593048589331,0.09956758425622562,-0.8105892494696894,0.12777086453082487,-0.9235928650504777,-0.043079575536110706,-0.4430636897771551,0.012216889074771215,-0.5689412769906449,0.06602507347163517,-0.6234592721001646,0.10818673036526924,-0.6636623585146546,0.0,0.0,0.0,0.0,0.0,0.0,0.0,0.0,0.0,0.0,0.0,0.0,0.0,0.0,0.0,0.0,0.0,0.0,0.0,0.0,0.0,0.0,0.0,0.0,0.0,0.0,0.0,0.0,0.0,0.0,0.0,0.0,0.0,0.0,0.0,0.0,0.0,0.0,0.0,0.0,0.0,0.0,water
0.0,0.0,0.10594006779188414,-0.10182579170406257,0.16554883501111814,-0.2451974524724453,0.17853657413228008,-0.35502130062659154,0.16914361398210723,-0.3975989025830874,0.0734874729411296,-0.5033215450640928,0.06068520922829367,-0.71665768334991,0.05671927197375295,-0.8449272060889046,0.05045408280335914,-0.9594817144898617,0.020823037788436045,-0.48795737634039177,0.011969076643666886,-0.7165798832625249,0.02341222469661078,-0.8709418955752705,0.030852298919968813,-1.0,-0.0298969138468803,-0.42626211451094037,0.020750009439743936,-0.5516580132222805,0.09338230382033698,-0.4784224050973787,0.13926433482170086,-0.4002524042301671,-0.07369037556902984,-0.3309640613388337,-0.04444055098229353,-0.435719493133468,0.010519194215158942,-0.4555302999182995,0.05790971704419418,-0.45353509074394727,0.0,0.0,0.0,0.0,0.0,0.0,0.0,0.0,0.0,0.0,0.0,0.0,0.0,0.0,0.0,0.0,0.0,0.0,0.0,0.0,0.0,0.0,0.0,0.0,0.0,0.0,0.0,0.0,0.0,0.0,0.0,0.0,0.0,0.0,0.0,0.0,0.0,0.0,0.0,0.0,0.0,0.0,water
0.0,0.0,0.10925577842816284,-0.12725353207814885,0.17335295580484927,-0.2875913675027292,0.19537577114294316,-0.4160033471191992,0.17095974783024018,-0.452411476483759,0.07548765383759595,-0.5409932256774267,0.06897188557413365,-0.7625974514597836,0.06900327590861707,-0.8923089687398855,0.0642588986052265,-1.0,0.013151551869366517,-0.5178788475066425,0.03230575649929666,-0.7402723793673882,0.050175619493242424,-0.8838768371941966,0.05961312910167962,-0.9985733481196968,-0.04374082276395999,-0.4496227281106768,0.05884389952697095,-0.5256215008927944,0.13725950622449257,-0.44007052731546975,0.18279889532643398,-0.3637245752155673,-0.08442868592960978,-0.3506562132785774,-0.023656221930330318,-0.4340415865362751,0.03550335566003225,-0.45006796062875615,0.08507179956683557,-0.44906125152708987,0.0,0.0,0.0,0.0,0.0,0.0,0.0,0.0,0.0,0.0,0.0,0.0,0.0,0.0,0.0,0.0,0.0,0.0,0.0,0.0,0.0,0.0,0.0,0.0,0.0,0.0,0.0,0.0,0.0,0.0,0.0,0.0,0.0,0.0,0.0,0.0,0.0,0.0,0.0,0.0,0.0,0.0,water
0.0,0.0,0.11173601068492334,-0.12583372621472144,0.17299809437116098,-0.2710402940747105,0.19889312966304157,-0.3791681415582644,0.19150057773688572,-0.4443665812879388,0.08998477716065001,-0.5259037377868642,0.09155089991412813,-0.733488919439481,0.09566805029084827,-0.8564044815238416,0.09539696757211051,-0.9585249967202472,0.03520648736191044,-0.5109358815398978,0.048127843132306426,-0.7346842071254723,0.06364515315629703,-0.8812266079654372,0.0781723368135336,-1.0,-0.019137221593587828,-0.4604738116906272,0.08895494566053351,-0.5577768432265109,0.1598262155264259,-0.4594725896427691,0.19618708884790498,-0.36292188879821374,-0.0617267969183595,-0.38139946127204805,0.028416909556927696,-0.4585429456161508,0.09576638848416244,-0.44433764549211846,0.14214252815746642,-0.4129893004999801,0.0,0.0,0.0,0.0,0.0,0.0,0.0,0.0,0.0,0.0,0.0,0.0,0.0,0.0,0.0,0.0,0.0,0.0,0.0,0.0,0.0,0.0,0.0,0.0,0.0,0.0,0.0,0.0,0.0,0.0,0.0,0.0,0.0,0.0,0.0,0.0,0.0,0.0,0.0,0.0,0.0,0.0,water
0.0,0.0,0.1182517940168192,-0.09444903905879715,0.18378739707017408,-0.24119221189504772,0.20199192593871038,-0.35517568705302893,0.17341611377978383,-0.39633381898017667,0.09333935938421266,-0.511863157977735,0.1031074535255245,-0.7195588790581664,0.1136914080808948,-0.8433197568319822,0.12344877009863917,-0.9542881623362913,0.03368736929806655,-0.5060367099952429,0.009771379485261071,-0.7433248381639571,0.021483521152796527,-0.8875645789108954,0.03694194052563751,-1.0,-0.01708805948312341,-0.4606926118309178,0.05371920647116388,-0.5876735647208378,0.11666519191227168,-0.500408915810214,0.14258031351818284,-0.41018986659751383,-0.05160870151817934,-0.3879754659274789,-0.003387408634584772,-0.5046989179391169,0.05462442824064137,-0.5062368969532158,0.09519667383017663,-0.48030742934539306,0.0,0.0,0.0,0.0,0.0,0.0,0.0,0.0,0.0,0.0,0.0,0.0,0.0,0.0,0.0,0.0,0.0,0.0,0.0,0.0,0.0,0.0,0.0,0.0,0.0,0.0,0.0,0.0,0.0,0.0,0.0,0.0,0.0,0.0,0.0,0.0,0.0,0.0,0.0,0.0,0.0,0.0,water
0.0,0.0,0.11601160478200402,-0.09019586713240077,0.18249332336383217,-0.2516200807423598,0.20235562588578326,-0.3769054415192036,0.16674288800784723,-0.41758665935883976,0.09931250632110833,-0.5165042206233529,0.10132101779008311,-0.7224294785135315,0.10600835424175628,-0.8417232014818223,0.11093561677897078,-0.9473361690174933,0.04021594010172955,-0.510092574149637,0.019473540558218455,-0.7456558252021982,0.03677085325356555,-0.8853764995656377,0.05735227155790533,-1.0,-0.017602713317807883,-0.46551976182726296,0.022314782140931237,-0.610133691717173,0.08015132236482103,-0.5355898825168192,0.11167063194300601,-0.45164600556743345,-0.06533784640225701,-0.394678300303104,-0.032753830315615975,-0.524710509800423,0.027128761583914064,-0.5359831713878261,0.07689570314794507,-0.5154411703004851,0.0,0.0,0.0,0.0,0.0,0.0,0.0,0.0,0.0,0.0,0.0,0.0,0.0,0.0,0.0,0.0,0.0,0.0,0.0,0.0,0.0,0.0,0.0,0.0,0.0,0.0,0.0,0.0,0.0,0.0,0.0,0.0,0.0,0.0,0.0,0.0,0.0,0.0,0.0,0.0,0.0,0.0,water
0.0,0.0,0.10755113052254589,-0.09075329583499409,0.17609460394256388,-0.2559478296972102,0.19834150362548855,-0.3826753447593114,0.1590142706524155,-0.4232212773506826,0.07818593430727268,-0.515361521685567,0.08625088678262223,-0.7158995300887419,0.09324113740124136,-0.8350281453109867,0.09367334625145587,-0.9413025890926869,0.021890893240964947,-0.5077604661905974,0.027871219439008003,-0.7331079092926196,0.04711044132511569,-0.8775671966201052,0.05750501028139706,-1.0,-0.03402518365642652,-0.4607100598603868,0.049980911673971826,-0.5870204556580665,0.11467266053756434,-0.4871459363422111,0.1389105232831231,-0.3954307871956673,-0.07634392701296691,-0.38625459450941707,-0.011157778649141479,-0.5088628682155336,0.051440397968424395,-0.5147424175370304,0.09153418189978316,-0.4973454185107398,0.0,0.0,0.0,0.0,0.0,0.0,0.0,0.0,0.0,0.0,0.0,0.0,0.0,0.0,0.0,0.0,0.0,0.0,0.0,0.0,0.0,0.0,0.0,0.0,0.0,0.0,0.0,0.0,0.0,0.0,0.0,0.0,0.0,0.0,0.0,0.0,0.0,0.0,0.0,0.0,0.0,0.0,water
0.0,0.0,0.1067941711580786,-0.09421059069373175,0.17448012673180605,-0.2562882618257215,0.19764165589611687,-0.37821844129116583,0.15727572379377683,-0.4199954152100407,0.0728468380773649,-0.5170723549996022,0.08520738048538898,-0.71697903399502,0.09607134395077167,-0.8332237745309785,0.09877891475626624,-0.936856707350975,0.017573174872955982,-0.5061191121588459,0.023791510098085424,-0.7336403831036804,0.04254969493183974,-0.8799548449511284,0.051173441064492425,-1.0,-0.03507107707493822,-0.4580198754066221,0.05340146935675226,-0.583410459308706,0.11654155436354818,-0.4777334030175787,0.1361093480959008,-0.3830127972094368,-0.0727691062140156,-0.383804657154368,-0.0015624425297433972,-0.5052951757916248,0.05829002303514806,-0.5016110917702165,0.09170659824837073,-0.47582506973414207,0.0,0.0,0.0,0.0,0.0,0.0,0.0,0.0,0.0,0.0,0.0,0.0,0.0,0.0,0.0,0.0,0.0,0.0,0.0,0.0,0.0,0.0,0.0,0.0,0.0,0.0,0.0,0.0,0.0,0.0,0.0,0.0,0.0,0.0,0.0,0.0,0.0,0.0,0.0,0.0,0.0,0.0,water
0.0,0.0,0.10488497211151392,-0.09376084630407987,0.16976038436226912,-0.2627327401883747,0.18796091255187206,-0.38221223849788866,0.1681838203213122,-0.4167665699215429,0.07863913109912758,-0.514888763953363,0.08098969782209862,-0.7178477764151606,0.08706738034174939,-0.8407928805928364,0.08229954049714194,-0.9469265131043678,0.025984122626372667,-0.5037694326683331,0.03721112220799847,-0.7300925697201729,0.05571954211894126,-0.876388457208158,0.05972922205121759,-1.0,-0.027848358011573978,-0.4486257543816202,0.06467508459726325,-0.57153917301993,0.1340345218120543,-0.46288237097888096,0.15742063866790657,-0.3741837065035195,-0.06745684565035716,-0.3640193190068835,-0.001960542748274441,-0.4700499735154752,0.05837935553697504,-0.46883153945235295,0.09393886900551808,-0.45578522707587704,0.0,0.0,0.0,0.0,0.0,0.0,0.0,0.0,0.0,0.0,0.0,0.0,0.0,0.0,0.0,0.0,0.0,0.0,0.0,0.0,0.0,0.0,0.0,0.0,0.0,0.0,0.0,0.0,0.0,0.0,0.0,0.0,0.0,0.0,0.0,0.0,0.0,0.0,0.0,0.0,0.0,0.0,water
0.0,0.0,0.10605914817283968,-0.09864068627359096,0.1695285003520799,-0.2642996400891644,0.19083500938359046,-0.3800836286076735,0.18260460813330592,-0.4272321355119175,0.08972278680661556,-0.5156982230639094,0.08547304396760406,-0.7282097325671508,0.08985576699787794,-0.8509570095972752,0.08466870645992151,-0.9583464803569409,0.04007712642823537,-0.5019509662359442,0.04917840734925388,-0.7335922542006432,0.06836785507429292,-0.8804763210910332,0.07328135338637129,-1.0,-0.012830141288068834,-0.4459207987892034,0.06717478220718792,-0.5788251798877302,0.1353069801375288,-0.4701844248851445,0.1616820442585568,-0.37837685857259873,-0.057553035353570065,-0.36156887051394915,-0.013625419064631706,-0.47489798430354724,0.04005577878594188,-0.4805858292892568,0.0762081672122291,-0.47099730144974444,0.0,0.0,0.0,0.0,0.0,0.0,0.0,0.0,0.0,0.0,0.0,0.0,0.0,0.0,0.0,0.0,0.0,0.0,0.0,0.0,0.0,0.0,0.0,0.0,0.0,0.0,0.0,0.0,0.0,0.0,0.0,0.0,0.0,0.0,0.0,0.0,0.0,0.0,0.0,0.0,0.0,0.0,water
0.0,0.0,0.1398466032940086,-0.0805865538164552,0.22765206519235565,-0.24984512810812842,0.2536530082252926,-0.386581283873277,0.20668270516509638,-0.43566605773768935,0.15212831764100582,-0.5284824002631804,0.1760015539227953,-0.7160828294246186,0.1923266803656832,-0.8350547606194152,0.20229923104804717,-0.9356434321873793,0.0999062849706162,-0.5433507806493624,0.11922850493531129,-0.7582919248053411,0.13953991395955728,-0.8912559488228152,0.15291500802528268,-1.0,0.04848587554770801,-0.5255512602205267,0.08683969028336691,-0.7094476605407235,0.1286409601197525,-0.8370704708965284,0.15658396726354376,-0.9391540125734709,8.869215721499386e-05,-0.48009856594737027,0.05571179755019592,-0.6231259822317028,0.10271355012532292,-0.6973954824016207,0.13934239290535144,-0.7496050710193398,0.0,0.0,0.0,0.0,0.0,0.0,0.0,0.0,0.0,0.0,0.0,0.0,0.0,0.0,0.0,0.0,0.0,0.0,0.0,0.0,0.0,0.0,0.0,0.0,0.0,0.0,0.0,0.0,0.0,0.0,0.0,0.0,0.0,0.0,0.0,0.0,0.0,0.0,0.0,0.0,0.0,0.0,water
0.0,0.0,0.12918980201305166,-0.07184691958854109,0.20736334476274748,-0.2389003428824245,0.2279392766286915,-0.36608804335803563,0.18458511226634222,-0.42227430593960846,0.12880499944696383,-0.5095763742948789,0.1473956420749917,-0.7078469195885411,0.16632142462117022,-0.8336259263355823,0.17271031965490544,-0.9395600044242893,0.07986937285698485,-0.5141150315230616,0.10100674704125649,-0.7421493197655127,0.12391759761088375,-0.8819099657117575,0.13482778453710872,-1.0,0.02903871253179958,-0.48544143346974894,0.05967481473288353,-0.6954007300077425,0.10523349187036832,-0.8294385576816724,0.1352467647384139,-0.9361767503594736,-0.020944475168676032,-0.4293051653578144,0.028179073111381483,-0.5702041809534344,0.08851808428271209,-0.5753934299303174,0.13487589868377392,-0.5486019245658666,0.0,0.0,0.0,0.0,0.0,0.0,0.0,0.0,0.0,0.0,0.0,0.0,0.0,0.0,0.0,0.0,0.0,0.0,0.0,0.0,0.0,0.0,0.0,0.0,0.0,0.0,0.0,0.0,0.0,0.0,0.0,0.0,0.0,0.0,0.0,0.0,0.0,0.0,0.0,0.0,0.0,0.0,water
0.0,0.0,0.130988626727941,-0.08330803421472995,0.20918399516051983,-0.2566324640533743,0.23005941422274936,-0.38659252173760855,0.18357118992469051,-0.43274596745512406,0.1280080427637004,-0.5187329034614804,0.14083374227030587,-0.7076615603957837,0.15326430432360255,-0.8240826068391315,0.1595758454112784,-0.9192407257694466,0.07291060132919662,-0.5242901830220139,0.08148919026440551,-0.7479599710726176,0.09350240100415623,-0.8864521705297467,0.10161876214049168,-1.0,0.01593586432222932,-0.4907131479351095,0.03244771833363737,-0.7012314331956299,0.06133022429042984,-0.8354096561182244,0.08543013101465509,-0.9438880134234543,-0.04274339378869054,-0.4238972220782435,-0.012902550487728861,-0.5572014754490846,0.039837416981306925,-0.6048484105983001,0.08881482772927003,-0.6307282309218281,0.0,0.0,0.0,0.0,0.0,0.0,0.0,0.0,0.0,0.0,0.0,0.0,0.0,0.0,0.0,0.0,0.0,0.0,0.0,0.0,0.0,0.0,0.0,0.0,0.0,0.0,0.0,0.0,0.0,0.0,0.0,0.0,0.0,0.0,0.0,0.0,0.0,0.0,0.0,0.0,0.0,0.0,water
0.0,0.0,0.12816468550951546,-0.0801595964038046,0.20217196550040223,-0.25018323606368315,0.22043850376936452,-0.3780312322559053,0.17879247875565493,-0.4202938576622257,0.12591739453329553,-0.5059026296803568,0.1380095397551613,-0.6982896789969084,0.1463137760846471,-0.8229957286128191,0.14721836617011902,-0.9228706424035626,0.07289318264705909,-0.5119383814648112,0.08496656272987295,-0.7395204425217168,0.09298082246942166,-0.88307618469842,0.0948564533092433,-1.0,0.018345462236151105,-0.48148322308262226,0.04122535474943462,-0.6878167445088788,0.06854187805043893,-0.8179101551634157,0.08680079988060956,-0.9199538774958739,-0.03763293445270699,-0.4185780616538578,-0.0029955784917066915,-0.5528945116604367,0.04679573108540214,-0.5986865285729045,0.09057281359638085,-0.6199220429893882,0.0,0.0,0.0,0.0,0.0,0.0,0.0,0.0,0.0,0.0,0.0,0.0,0.0,0.0,0.0,0.0,0.0,0.0,0.0,0.0,0.0,0.0,0.0,0.0,0.0,0.0,0.0,0.0,0.0,0.0,0.0,0.0,0.0,0.0,0.0,0.0,0.0,0.0,0.0,0.0,0.0,0.0,water
0.0,0.0,0.11626326743088802,-0.113614168971573,0.17243862882178387,-0.27421072531691787,0.1943549024897322,-0.3879507838848316,0.210775152730515,-0.41792767523517627,0.08187536496607373,-0.5307826064346701,0.0827102231669359,-0.7339478305712376,0.08640392359519886,-0.8611429085263659,0.08686522987851979,-0.9682346530073205,0.028481816970394275,-0.5124436774062843,0.03427067996632833,-0.7320770374992822,0.05611761685143836,-0.8784463360385513,0.07398928096672809,-1.0,-0.02295015010330097,-0.4499801198442956,0.06796012268277013,-0.5638562518485295,0.1356710663022152,-0.4777326005302097,0.16770877684498137,-0.39693834768279723,-0.05866336016883507,-0.3552368230319458,0.0021045880365881536,-0.45056601565927906,0.06378333988782608,-0.46697846551199257,0.11020691612741067,-0.4640572201800373,0.0,0.0,0.0,0.0,0.0,0.0,0.0,0.0,0.0,0.0,0.0,0.0,0.0,0.0,0.0,0.0,0.0,0.0,0.0,0.0,0.0,0.0,0.0,0.0,0.0,0.0,0.0,0.0,0.0,0.0,0.0,0.0,0.0,0.0,0.0,0.0,0.0,0.0,0.0,0.0,0.0,0.0,water
0.0,0.0,0.11932262129873561,-0.11624577425564685,0.17943857054103743,-0.2801820216350238,0.20246134642564187,-0.3911077152322298,0.20831238547929382,-0.4503869895074486,0.08918570269872507,-0.5282524317916368,0.09170239738212144,-0.7373977746545217,0.09937024135645436,-0.8624679987132787,0.10355777113812506,-0.9675343433643212,0.03436895004289435,-0.5123884096243425,0.046317919430343746,-0.7405021755517277,0.07340620088552839,-0.8852399470528638,0.09671741751283605,-1.0,-0.0171013214259863,-0.4541262224562599,0.07757568945319376,-0.5733340360295072,0.15176466034517105,-0.486568917546841,0.1905471473779118,-0.40078786528264676,-0.055259691794834004,-0.36488125710304464,0.008804987160122664,-0.46491290029900306,0.07049434894507008,-0.48958518984714827,0.11983083683023087,-0.4949818089892481,0.0,0.0,0.0,0.0,0.0,0.0,0.0,0.0,0.0,0.0,0.0,0.0,0.0,0.0,0.0,0.0,0.0,0.0,0.0,0.0,0.0,0.0,0.0,0.0,0.0,0.0,0.0,0.0,0.0,0.0,0.0,0.0,0.0,0.0,0.0,0.0,0.0,0.0,0.0,0.0,0.0,0.0,water
0.0,0.0,0.13182318150498024,-0.10831384844012217,0.20016766796322147,-0.26784688219120556,0.22371303436633921,-0.3906235445489304,0.2047745571502728,-0.4332581903777864,0.11356966040245904,-0.5134079513853259,0.11742598053167137,-0.7096958506589153,0.1307191630455851,-0.8253359759215553,0.1430536436373837,-0.9221094755202407,0.06019460584153118,-0.5096566119669835,0.046856677450853215,-0.7382163992347595,0.06791907794236947,-0.8810245859231622,0.08875161800445007,-1.0,0.007990258306329842,-0.47205114453714153,0.028224214704484676,-0.6429821147718832,0.09087704715075251,-0.6164510367167885,0.13165516934270674,-0.5607591998490687,-0.0391396271420744,-0.4106759359471379,-0.009244863850989346,-0.5388020969466748,0.0464801021754886,-0.5659185285146326,0.09137054254160452,-0.5620839359505799,0.0,0.0,0.0,0.0,0.0,0.0,0.0,0.0,0.0,0.0,0.0,0.0,0.0,0.0,0.0,0.0,0.0,0.0,0.0,0.0,0.0,0.0,0.0,0.0,0.0,0.0,0.0,0.0,0.0,0.0,0.0,0.0,0.0,0.0,0.0,0.0,0.0,0.0,0.0,0.0,0.0,0.0,water
0.0,0.0,0.12875779184958613,-0.0901827558657028,0.20541078646670577,-0.25770050631230096,0.2326534427246368,-0.37854530972972456,0.20240562629845527,-0.42090645174201796,0.13380917551570937,-0.5185914308157994,0.15007666350412477,-0.7131445542526499,0.16705231342213941,-0.8415562031698016,0.17456236285931057,-0.9504805416466073,0.0875068563357014,-0.5209285664293679,0.10752344346924661,-0.7410618314583551,0.12682180637864504,-0.8822268796981133,0.13718116222185303,-1.0,0.0382243091172662,-0.49150865323790105,0.06156178886130827,-0.6970310193708115,0.10345100925932345,-0.8204432731436687,0.1334525230756365,-0.9133410596848355,-0.01240323147235295,-0.4335652654958777,0.01589820177852174,-0.5781890597814335,0.07359606953358581,-0.5935222078194762,0.125169465810671,-0.5687470497911403,0.0,0.0,0.0,0.0,0.0,0.0,0.0,0.0,0.0,0.0,0.0,0.0,0.0,0.0,0.0,0.0,0.0,0.0,0.0,0.0,0.0,0.0,0.0,0.0,0.0,0.0,0.0,0.0,0.0,0.0,0.0,0.0,0.0,0.0,0.0,0.0,0.0,0.0,0.0,0.0,0.0,0.0,water
0.0,0.0,0.12470336054361168,-0.0806471521171786,0.20453579983127368,-0.2420635580159078,0.23075508245407947,-0.36752468015901135,0.193639057286511,-0.42110470760640184,0.12716467304121562,-0.5053291504095281,0.14652587524844143,-0.697122721923099,0.16463935799786952,-0.821660436379382,0.17245297811721005,-0.9283677622354842,0.08007741821681488,-0.5096058110641836,0.09915630187520234,-0.735184093189054,0.11999048005898108,-0.8775923058666637,0.1298823768739891,-1.0,0.02992321777552041,-0.4800115586620937,0.0556290529276367,-0.6852276708520281,0.1013139114126941,-0.8119785056750682,0.13043803916693425,-0.9109185258362468,-0.020110875402453512,-0.4209633267318659,0.02518839887932389,-0.5652797380154779,0.08776694227073197,-0.5601266488987693,0.13388547218442093,-0.5174101239786174,0.0,0.0,0.0,0.0,0.0,0.0,0.0,0.0,0.0,0.0,0.0,0.0,0.0,0.0,0.0,0.0,0.0,0.0,0.0,0.0,0.0,0.0,0.0,0.0,0.0,0.0,0.0,0.0,0.0,0.0,0.0,0.0,0.0,0.0,0.0,0.0,0.0,0.0,0.0,0.0,0.0,0.0,water
0.0,0.0,0.12334237787089067,-0.07529255303462402,0.20304695550205484,-0.2332844079264839,0.23088091727819784,-0.35622691398354245,0.19177670878300254,-0.40940276561438815,0.1250688935117658,-0.4970888327085313,0.14329402625806706,-0.6894349301190965,0.16093611728291635,-0.8153472571589725,0.16771613448363015,-0.9226653810185296,0.07924921964376566,-0.5007393423402976,0.09256786734522908,-0.7302480690702374,0.11160453999231494,-0.8759547608556841,0.11926305186624686,-1.0,0.0314995444235631,-0.4715804843331294,0.059193480068776644,-0.6792685087348126,0.10583922072945968,-0.8019956235826723,0.13373314689396484,-0.8960217505800381,-0.013935221421507708,-0.4128258693143329,0.04187556810523674,-0.5568542135741462,0.10473790756396693,-0.5406981252882168,0.1472229497804255,-0.4858094111103854,0.0,0.0,0.0,0.0,0.0,0.0,0.0,0.0,0.0,0.0,0.0,0.0,0.0,0.0,0.0,0.0,0.0,0.0,0.0,0.0,0.0,0.0,0.0,0.0,0.0,0.0,0.0,0.0,0.0,0.0,0.0,0.0,0.0,0.0,0.0,0.0,0.0,0.0,0.0,0.0,0.0,0.0,water
0.0,0.0,0.11557982050392072,-0.09618778128295653,0.17219214972368072,-0.2635066862060359,0.19501416909832367,-0.37114537399044395,0.19255098354501216,-0.40503849886309706,0.09144558137054203,-0.5112163174011362,0.10141603481085577,-0.6982571654886516,0.11243245146443183,-0.8221379192238476,0.11596243407650438,-0.92705883186295,0.04372982502486519,-0.5005293880141221,0.04902714275059262,-0.7228331863158303,0.05665170518775253,-0.8723783209670571,0.05883207128841918,-1.0,-0.001797127512718021,-0.4513994302359933,0.016096333201524538,-0.6575201223696749,0.047277412236384146,-0.7892023178903148,0.07195916482946872,-0.900528804666448,-0.04658687442732967,-0.36856135213323993,-0.023344948896660375,-0.47604774450705245,0.024819047634921026,-0.5229893151539975,0.07197906115191999,-0.5542619589398239,0.0,0.0,0.0,0.0,0.0,0.0,0.0,0.0,0.0,0.0,0.0,0.0,0.0,0.0,0.0,0.0,0.0,0.0,0.0,0.0,0.0,0.0,0.0,0.0,0.0,0.0,0.0,0.0,0.0,0.0,0.0,0.0,0.0,0.0,0.0,0.0,0.0,0.0,0.0,0.0,0.0,0.0,water
0.0,0.0,0.11372812369311505,-0.09536855333237487,0.17600691325499293,-0.25670999022281094,0.1996921229935156,-0.3673544286324592,0.19378433741009757,-0.420993390259757,0.10277302298642949,-0.4959447398354303,0.10203399938641687,-0.7092297975298569,0.1047411584433011,-0.8333882199412878,0.10367209839284638,-0.9418027875024013,0.05290946126336683,-0.4864124925196517,0.048253418022550204,-0.7227601655937154,0.059228282004114854,-0.8711657710728734,0.06854118768885191,-1.0,0.0010691624508426937,-0.4358322304811548,0.048697426104808025,-0.5999200457770695,0.11300589375673027,-0.5894614845516727,0.155284863543291,-0.5720519849905608,-0.04839350175329944,-0.35636707180356164,-0.017934915951809557,-0.4720145883688724,0.03722540823962674,-0.512529301871019,0.08729592114678604,-0.5339887367765259,0.0,0.0,0.0,0.0,0.0,0.0,0.0,0.0,0.0,0.0,0.0,0.0,0.0,0.0,0.0,0.0,0.0,0.0,0.0,0.0,0.0,0.0,0.0,0.0,0.0,0.0,0.0,0.0,0.0,0.0,0.0,0.0,0.0,0.0,0.0,0.0,0.0,0.0,0.0,0.0,0.0,0.0,water
0.0,0.0,0.11528053510562139,-0.11720266270608726,0.17797016743420702,-0.2782113282543889,0.2016964600540662,-0.38753956127322653,0.20526322537905095,-0.4478831914006988,0.09330498242314803,-0.5337078075414846,0.09526215687741081,-0.7348733291305602,0.09944363119597388,-0.8577841412986569,0.09739894645738281,-0.9646879440959942,0.04086441782688136,-0.523269187618203,0.04851168406543504,-0.7477716398294671,0.07000170960262424,-0.8847845366442637,0.08336011710777975,-1.0,-0.010629026915556315,-0.4705978266676639,0.06449732340339143,-0.5990663432668369,0.13906452681404866,-0.5128645460470782,0.17631783649787902,-0.428383250168289,-0.05484992894464093,-0.3856209597281732,-0.009506993343234783,-0.49443780786203506,0.04726420840055989,-0.5024966609323746,0.08818814176879762,-0.4906082979837374,0.0,0.0,0.0,0.0,0.0,0.0,0.0,0.0,0.0,0.0,0.0,0.0,0.0,0.0,0.0,0.0,0.0,0.0,0.0,0.0,0.0,0.0,0.0,0.0,0.0,0.0,0.0,0.0,0.0,0.0,0.0,0.0,0.0,0.0,0.0,0.0,0.0,0.0,0.0,0.0,0.0,0.0,water
0.0,0.0,0.14245431481369983,-0.1200495368025623,0.22251173783745176,-0.29283522638059045,0.2548453627720776,-0.42885247217686856,0.22880949935481737,-0.47379708563987594,0.13498377303738754,-0.5647070351468101,0.14055772584047874,-0.7707024521661726,0.16157497753961705,-0.8898715183454992,0.17524364055359384,-0.9881664181562534,0.08009815275893782,-0.5586787982248919,0.08430417674580042,-0.7894685891101675,0.11935583267516442,-0.9049349091608848,0.14485677890364998,-1.0,0.024820464507872644,-0.51942265305231,0.03815254643484954,-0.7261941781270697,0.10671839933321292,-0.7093967631075961,0.15113883881295842,-0.6543577865218813,-0.026953285945171875,-0.45686791878136634,0.004061049741041524,-0.6129624448230145,0.06931964814231087,-0.6291747683422526,0.12162087818031349,-0.6037832611413534,0.0,0.0,0.0,0.0,0.0,0.0,0.0,0.0,0.0,0.0,0.0,0.0,0.0,0.0,0.0,0.0,0.0,0.0,0.0,0.0,0.0,0.0,0.0,0.0,0.0,0.0,0.0,0.0,0.0,0.0,0.0,0.0,0.0,0.0,0.0,0.0,0.0,0.0,0.0,0.0,0.0,0.0,water
