0,1,2,3,4,5,6,7,8,9,10,11,12,13,14,15,16,17,18,19,20,21,22,23,24,25,26,27,28,29,30,31,32,33,34,35,36,37,38,39,40,41,42,43,44,45,46,47,48,49,50,51,52,53,54,55,56,57,58,59,60,61,62,63,64,65,66,67,68,69,70,71,72,73,74,75,76,77,78,79,80,81,82,83,84
0.0,0.0,-0.21964708553634565,0.04988517305134776,-0.42842388660027897,0.07924616432579713,-0.5110979921502481,0.11357909760290635,-0.5067783580395082,0.10157092348113789,-0.6414872360439846,-0.925571864153881,-0.6463959259139123,-0.38606847448830645,-0.5487777741736677,-0.21551201790521912,-0.5277764442570307,-0.37248142982256965,-0.3591216062798015,-1.0,-0.3553793506114373,-0.3122180414544747,-0.29511012358493627,-0.18854195724804568,-0.3100308151415875,-0.39517905219111876,-0.07419604917447857,-0.9444347854293036,-0.08284991404197346,-0.27685426059878687,-0.06560251711051283,-0.16570080119368127,-0.08231243309870577,-0.33931801226118263,0.1853313438645431,-0.8138134548639269,0.1548613318628564,-0.285837036556489,0.16087515002108405,-0.2055389406078692,0.168934769210808,-0.35274498037562035,0.0,0.0,0.0,0.0,0.0,0.0,0.0,0.0,0.0,0.0,0.0,0.0,0.0,0.0,0.0,0.0,0.0,0.0,0.0,0.0,0.0,0.0,0.0,0.0,0.0,0.0,0.0,0.0,0.0,0.0,0.0,0.0,0.0,0.0,0.0,0.0,0.0,0.0,0.0,0.0,0.0,0.0,yes
0.0,0.0,-0.3332219146711596,0.0606269404064358,-0.6458163045965937,0.12385732104087523,-0.8326894007113635,0.1860285867128202,-0.7557334814587057,0.06521330818819343,-0.825905499815307,-0.9097371447095381,-0.8153192196844429,-0.3418245716062583,-0.6879890798117037,-0.15915593580893775,-0.658878374646353,-0.30393886419746213,-0.5243547746432922,-1.0,-0.49601466691617024,-0.20357580863166522,-0.4243847568139874,-0.08891383151967867,-0.45274816854849426,-0.3247458645821522,-0.2027365165448018,-0.9535766781841796,-0.19163407004141156,-0.15743804786156168,-0.17405450076903226,-0.08378834117901582,-0.20633229010219678,-0.29713618096709543,0.07663818476390953,-0.8252387269472933,0.051066732242520285,-0.18364009986636717,0.05542145123445153,-0.17212409418714578,0.04078270856564878,-0.3973051524116865,0.0,0.0,0.0,0.0,0.0,0.0,0.0,0.0,0.0,0.0,0.0,0.0,0.0,0.0,0.0,0.0,0.0,0.0,0.0,0.0,0.0,0.0,0.0,0.0,0.0,0.0,0.0,0.0,0.0,0.0,0.0,0.0,0.0,0.0,0.0,0.0,0.0,0.0,0.0,0.0,0.0,0.0,yes
0.0,0.0,-0.4141024057563036,0.10410065704918514,-0.768242296619044,0.23158955846571944,-0.9831969219493722,0.3055081013239221,-0.8585273521843145,0.18608567197433926,-0.931004536447907,-0.9287485412154778,-0.9139837871615548,-0.2621079624871751,-0.8029278411701093,-0.11887172927568063,-0.7882649931254206,-0.30624834657500016,-0.5945212883691411,-1.0,-0.5623666814634192,-0.0352248311519333,-0.5089732317371184,-0.027123711041842198,-0.5266649301882693,-0.2932920165609494,-0.24155596616883543,-0.9212810726708057,-0.2442238654905898,0.025089667097525272,-0.2548282048115126,-0.001181702083081116,-0.297491767013514,-0.2543573990488501,0.06260738345723066,-0.750774995200227,0.0184274598378227,-0.002770212955025617,0.016909875548305284,-0.08929656727569774,-0.001489458230968747,-0.38591724172227676,0.0,0.0,0.0,0.0,0.0,0.0,0.0,0.0,0.0,0.0,0.0,0.0,0.0,0.0,0.0,0.0,0.0,0.0,0.0,0.0,0.0,0.0,0.0,0.0,0.0,0.0,0.0,0.0,0.0,0.0,0.0,0.0,0.0,0.0,0.0,0.0,0.0,0.0,0.0,0.0,0.0,0.0,yes
0.0,0.0,-0.44170917859434106,0.13130632922593632,-0.8018122690971838,0.26099064221401236,-0.955732362896268,0.3375709576798,-0.7222648939229697,0.2582656018405858,-0.9338807158816893,-0.9338110302413557,-0.9207234033139393,-0.16925646527885319,-0.7988859146516825,-0.054254806096940465,-0.7773917660332279,-0.2692728358737252,-0.587780899497821,-1.0,-0.5790376744906311,0.0026949538747428267,-0.5279419507554808,-0.010658584607216335,-0.5489060460588899,-0.2884985509811296,-0.22743269252040793,-0.9083837355927704,-0.24197995708249453,0.07923058204101498,-0.2668844988164502,0.04774373382297635,-0.3141517155940977,-0.2167245536800655,0.08595004756321484,-0.7189589186558414,0.030687786208879943,0.06913833152666858,0.008550759905316018,-0.011218724420945512,-0.019669048514479127,-0.2972342543636484,0.0,0.0,0.0,0.0,0.0,0.0,0.0,0.0,0.0,0.0,0.0,0.0,0.0,0.0,0.0,0.0,0.0,0.0,0.0,0.0,0.0,0.0,0.0,0.0,0.0,0.0,0.0,0.0,0.0,0.0,0.0,0.0,0.0,0.0,0.0,0.0,0.0,0.0,0.0,0.0,0.0,0.0,yes
0.0,0.0,-0.4336304103378972,0.1303618345996565,-0.7921380936701147,0.26113947681109717,-0.9325469423111343,0.3673648864362464,-0.7053650112240729,0.30059110262796784,-0.9440800245203524,-0.9333910818603588,-0.915696259143327,-0.1585415673259927,-0.7771257537936183,-0.050087283164072766,-0.7619735968997967,-0.28449893816489935,-0.5853614770870877,-1.0,-0.5622766400376732,-0.0017046745793079011,-0.502143481407297,-0.01535072438422445,-0.5363945517817106,-0.3129605820760049,-0.21005070302455633,-0.9085002370513274,-0.21396284692951356,0.06469702289947703,-0.2378519734010649,0.04577527169816648,-0.2934066940015767,-0.22113131550506962,0.11984413362863416,-0.7192283011503707,0.07408844542149366,0.057678846231794756,0.04763069361537204,-0.02463739800075328,0.007595206507912869,-0.3234582441259774,0.0,0.0,0.0,0.0,0.0,0.0,0.0,0.0,0.0,0.0,0.0,0.0,0.0,0.0,0.0,0.0,0.0,0.0,0.0,0.0,0.0,0.0,0.0,0.0,0.0,0.0,0.0,0.0,0.0,0.0,0.0,0.0,0.0,0.0,0.0,0.0,0.0,0.0,0.0,0.0,0.0,0.0,yes
0.0,0.0,-0.44540909450830335,0.1766530139598549,-0.824153943221484,0.3406801741211858,-0.9550983806891111,0.4353917297984574,-0.6870993268464063,0.3439064898018264,-0.9536857012735297,-0.9239115030233155,-0.8983551690903121,-0.09112160491679011,-0.7734084408729864,-0.02285100998256468,-0.7616596486609302,-0.2725755097573732,-0.5895992297593704,-1.0,-0.5457184112828753,0.047958978331686636,-0.49672955384850487,-0.023690245451157152,-0.5317469563844687,-0.33369242927902915,-0.21205069506752466,-0.9130221202093852,-0.1981952402639355,0.11057280342472628,-0.22889037839735277,0.02492287254565234,-0.28847760971213315,-0.2718275613199197,0.1208186378865388,-0.7133123221857243,0.08715843645993937,0.09397974638344488,0.06526568813021465,-0.039731545519698076,0.025485725179636234,-0.37771723917756944,0.0,0.0,0.0,0.0,0.0,0.0,0.0,0.0,0.0,0.0,0.0,0.0,0.0,0.0,0.0,0.0,0.0,0.0,0.0,0.0,0.0,0.0,0.0,0.0,0.0,0.0,0.0,0.0,0.0,0.0,0.0,0.0,0.0,0.0,0.0,0.0,0.0,0.0,0.0,0.0,0.0,0.0,yes
0.0,0.0,-0.44242111088799535,0.17050774075688488,-0.8174425381650414,0.30080566561693417,-1.0,0.37973395892819534,-0.8208826568844004,0.28153678879806443,-0.9685200240965035,-0.8277832196259165,-0.9088040395927103,-0.09249531048736648,-0.7861361844264102,-0.02233432429387939,-0.7705111691212123,-0.2516512471899657,-0.6313744312588464,-0.8942516125556497,-0.5811322418074337,0.04407701085811959,-0.5276722875516091,-0.013336337233505894,-0.5595526474319102,-0.3012846570901023,-0.2781289946566493,-0.8193200574006142,-0.26121197576636185,0.10441132535667233,-0.26019375156113017,0.05054045714789474,-0.29895483864648176,-0.20693754009961848,0.03572747442195329,-0.6414868816087844,0.003051734017700155,0.10093300486337968,-0.00047360404351084095,-0.015183246073298429,-0.031873992917978836,-0.3248110726372448,0.0,0.0,0.0,0.0,0.0,0.0,0.0,0.0,0.0,0.0,0.0,0.0,0.0,0.0,0.0,0.0,0.0,0.0,0.0,0.0,0.0,0.0,0.0,0.0,0.0,0.0,0.0,0.0,0.0,0.0,0.0,0.0,0.0,0.0,0.0,0.0,0.0,0.0,0.0,0.0,0.0,0.0,yes
0.0,0.0,-0.42710204187197875,0.1644514430578193,-0.8050938123117126,0.29005842659521713,-1.0,0.376139050024446,-0.8255349139566797,0.24895737847770544,-0.9383820006097813,-0.8583549235361146,-0.8919707324885592,-0.0975913639852041,-0.7645876242255255,-0.04267872037450318,-0.7585141828856382,-0.2719017665253957,-0.5954698125942214,-0.9247203635609436,-0.5605953971959015,0.02776544012430386,-0.5039180684755518,-0.0353678110095859,-0.5466828346572616,-0.3200632958926308,-0.2391556170752682,-0.8384489969694965,-0.2291807693092014,0.0826994708431544,-0.23883580520224,0.026520014105543888,-0.2879321501454572,-0.2277085404691337,0.08065277433069543,-0.6453353473689132,0.049255504817819144,0.09305829180669835,0.030531340320120247,-0.016847570101220708,-0.01712261825951714,-0.31285633782081285,0.0,0.0,0.0,0.0,0.0,0.0,0.0,0.0,0.0,0.0,0.0,0.0,0.0,0.0,0.0,0.0,0.0,0.0,0.0,0.0,0.0,0.0,0.0,0.0,0.0,0.0,0.0,0.0,0.0,0.0,0.0,0.0,0.0,0.0,0.0,0.0,0.0,0.0,0.0,0.0,0.0,0.0,yes
0.0,0.0,-0.4350402248817378,0.15615907446060898,-0.8011490575735009,0.295387511931109,-1.0,0.4227708492851823,-0.8409370771667418,0.36707171252058446,-0.924695297831947,-0.7614758912931748,-0.8630565665677215,0.06394549974302227,-0.7326964830761807,0.11238475335382163,-0.7107631714198807,-0.13240908757171777,-0.5690902988283913,-0.7928308457189608,-0.5251953555208256,0.22837453717786005,-0.47732459958673784,0.1347124471622316,-0.5143210018984885,-0.18118451001164265,-0.21310009544887193,-0.6797700835964295,-0.19918501347821982,0.29500938755388667,-0.2093083627896244,0.19926472901960374,-0.25089942206232496,-0.07906208372229623,0.0950592097672516,-0.4608038158570994,0.0698843075761231,0.30619578556519367,0.06295901991839646,0.1567857854603048,0.028978172626102645,-0.17055349856826693,0.0,0.0,0.0,0.0,0.0,0.0,0.0,0.0,0.0,0.0,0.0,0.0,0.0,0.0,0.0,0.0,0.0,0.0,0.0,0.0,0.0,0.0,0.0,0.0,0.0,0.0,0.0,0.0,0.0,0.0,0.0,0.0,0.0,0.0,0.0,0.0,0.0,0.0,0.0,0.0,0.0,0.0,yes
0.0,0.0,-0.44767109056377336,0.19169548937562123,-0.8043447714281436,0.37434508240242603,-1.0,0.4818379501496708,-0.8271714355148755,0.3423878678566616,-0.9694934228939267,-0.8202499542176751,-0.9297912210808315,0.014720025246504707,-0.7807660102805795,0.11892059674813041,-0.7586275207632921,-0.11316296549682749,-0.5992134654167804,-0.8731725941820166,-0.580724892569903,0.12696792012337615,-0.5059079354878092,0.13874751076604483,-0.5258563598271905,-0.14467963314248727,-0.2315773652185631,-0.7663111769915887,-0.23281435180866097,0.19052645642501662,-0.21709632946688642,0.1820057610865211,-0.2281762279740947,-0.060775892352220987,0.08731466796584811,-0.5535402694419393,0.06132009734646796,0.1930850837154286,0.06717217263910052,0.1106291009733495,0.05241817057284918,-0.17752370027146902,0.0,0.0,0.0,0.0,0.0,0.0,0.0,0.0,0.0,0.0,0.0,0.0,0.0,0.0,0.0,0.0,0.0,0.0,0.0,0.0,0.0,0.0,0.0,0.0,0.0,0.0,0.0,0.0,0.0,0.0,0.0,0.0,0.0,0.0,0.0,0.0,0.0,0.0,0.0,0.0,0.0,0.0,yes
0.0,0.0,-0.4374181805474373,0.17660666299689404,-0.797933019978955,0.35597730395962096,-1.0,0.4849577652578065,-0.8416614572023967,0.3715504411044801,-0.9323494439936046,-0.8213626166454555,-0.9031260668450181,0.029430063203520353,-0.7542923944609332,0.10870551508285513,-0.7270277559658944,-0.1378309254308374,-0.5522454259509874,-0.8732581398314792,-0.5351878528335553,0.15589325561300485,-0.4591375397131425,0.1380555322419792,-0.47988559389236735,-0.16913669445080798,-0.1712029576416046,-0.7590691720282084,-0.17247055246405918,0.22257519474635112,-0.16152335985505692,0.17946860776333132,-0.17745013325575637,-0.08611819395813651,0.16110102736708548,-0.5387493044506497,0.13739186690373836,0.22397659788182636,0.1363243871922745,0.1149037072967047,0.11419882421918519,-0.1965393227686493,0.0,0.0,0.0,0.0,0.0,0.0,0.0,0.0,0.0,0.0,0.0,0.0,0.0,0.0,0.0,0.0,0.0,0.0,0.0,0.0,0.0,0.0,0.0,0.0,0.0,0.0,0.0,0.0,0.0,0.0,0.0,0.0,0.0,0.0,0.0,0.0,0.0,0.0,0.0,0.0,0.0,0.0,yes
0.0,0.0,-0.4291132258502113,0.25177887211829114,-0.7723088480331305,0.45320606505808847,-0.9642197150221271,0.5805464336813438,-0.812961834874596,0.46406550344640474,-1.0,-0.7224086056458073,-0.9438874626628819,0.12907124958727606,-0.8042511204334817,0.18933918100215769,-0.7785073855187012,-0.05599735856686895,-0.6504023578374034,-0.7741165148439839,-0.5966157917772597,0.262990245637924,-0.5396906042278288,0.1957002485301909,-0.5562673887948973,-0.10899686969697746,-0.28752524334714624,-0.6745137536249318,-0.2604524734001029,0.30328041935310485,-0.26595929838212223,0.23213129355997103,-0.2926091062895287,-0.048413476428024786,0.028671195325277645,-0.46396088273009517,0.023475992904987752,0.31213638702114427,0.024446054103307677,0.18908130853321115,0.0024961799041200725,-0.13639789913923064,0.0,0.0,0.0,0.0,0.0,0.0,0.0,0.0,0.0,0.0,0.0,0.0,0.0,0.0,0.0,0.0,0.0,0.0,0.0,0.0,0.0,0.0,0.0,0.0,0.0,0.0,0.0,0.0,0.0,0.0,0.0,0.0,0.0,0.0,0.0,0.0,0.0,0.0,0.0,0.0,0.0,0.0,yes
0.0,0.0,-0.4523808261237303,0.212622527899374,-0.8022306242194936,0.38965462841931386,-0.9983375711569922,0.5268036822666302,-0.9150225766851646,0.42322336203033734,-1.0,-0.7421717365885475,-0.9763779997295571,0.060497031755837725,-0.8462571488417352,0.1352519759570897,-0.8274474425905255,-0.06845653954963292,-0.6597210990590175,-0.7888327601886738,-0.6420455298693655,0.1606543924445658,-0.5979116234797526,0.13028391209012644,-0.6221275377228171,-0.12320864675110497,-0.30607383093072155,-0.6882899519831158,-0.31486455314602063,0.20879522959812705,-0.32075397909104647,0.16352652329654072,-0.33425690491278215,-0.058089559045389344,0.0022749026272739083,-0.48293856172065364,-0.009986504365532839,0.21781861230939736,-0.028493287976688878,0.11997791382414313,-0.06076084622135492,-0.14745902921579493,0.0,0.0,0.0,0.0,0.0,0.0,0.0,0.0,0.0,0.0,0.0,0.0,0.0,0.0,0.0,0.0,0.0,0.0,0.0,0.0,0.0,0.0,0.0,0.0,0.0,0.0,0.0,0.0,0.0,0.0,0.0,0.0,0.0,0.0,0.0,0.0,0.0,0.0,0.0,0.0,0.0,0.0,yes
0.0,0.0,-0.44675624549361387,0.20689877749033075,-0.7937547631080366,0.40100253567884236,-0.9784236248691636,0.5431281783087601,-0.9087551701956148,0.4465178608758031,-1.0,-0.8011927299292988,-0.979672760266492,0.05629324388653479,-0.8438236012507491,0.12691817099585356,-0.8297222342433269,-0.1121346572359267,-0.6275273353807516,-0.8802190644614011,-0.6064247955210098,0.11966834464987901,-0.5577356541970729,0.09078566435592511,-0.5920608386884298,-0.18881528712877096,-0.24107139582628875,-0.7881571255362737,-0.24108899961345018,0.17176675275407582,-0.2502209642034323,0.11696836379399755,-0.2761293379582394,-0.1300120365894716,0.1005792379467236,-0.5767690155742172,0.09388539787859695,0.17164059227941905,0.07376206867970862,0.057922327690097065,0.03681612037469661,-0.24000563321189164,0.0,0.0,0.0,0.0,0.0,0.0,0.0,0.0,0.0,0.0,0.0,0.0,0.0,0.0,0.0,0.0,0.0,0.0,0.0,0.0,0.0,0.0,0.0,0.0,0.0,0.0,0.0,0.0,0.0,0.0,0.0,0.0,0.0,0.0,0.0,0.0,0.0,0.0,0.0,0.0,0.0,0.0,yes
0.0,0.0,-0.4299323451461081,0.17751139043416236,-0.767777656456281,0.32920091832495035,-0.970042413680149,0.4855075957498401,-0.8979242679705104,0.47197237084105575,-1.0,-0.6964844575345612,-0.9596290114677175,0.04546034654146288,-0.8066065227163474,0.1800440160692686,-0.7664156257045903,0.018763551177897807,-0.6718945202546239,-0.7479048407749891,-0.630234530209289,0.15868119121323546,-0.5683964906260236,0.1796859600934207,-0.5764821744845766,-0.035136281067559845,-0.33022049157894884,-0.6638942735150604,-0.31429019125152263,0.19872532072598154,-0.30456170403447547,0.19269721794051875,-0.32186467043960765,-0.010863631013745096,-0.03334529216658608,-0.49483406764350957,-0.03279367325726003,0.1863479283093944,-0.03249659315056644,0.115536509656167,-0.05124454585030849,-0.13349886627424676,0.0,0.0,0.0,0.0,0.0,0.0,0.0,0.0,0.0,0.0,0.0,0.0,0.0,0.0,0.0,0.0,0.0,0.0,0.0,0.0,0.0,0.0,0.0,0.0,0.0,0.0,0.0,0.0,0.0,0.0,0.0,0.0,0.0,0.0,0.0,0.0,0.0,0.0,0.0,0.0,0.0,0.0,yes
0.0,0.0,-0.4272341780372751,0.1649152708828999,-0.7658045385280672,0.32352139849771744,-0.9693793501091388,0.4875733796288963,-0.9600985892736644,0.4724111603564674,-1.0,-0.76940421919006,-0.9481249980199776,0.05476583463486803,-0.8032119130817702,0.1472281270889236,-0.7775904236614257,-0.05199855537568152,-0.6412500435604921,-0.8346954567198791,-0.6222885573715441,0.15627841332095688,-0.5409492385625988,0.15836456488612496,-0.5520864683687466,-0.0780295134213836,-0.2751597482045157,-0.7401042442175427,-0.2896115354519045,0.22682819425128226,-0.26285747323801767,0.20011135645788256,-0.2854059679458139,-0.016442105730026326,0.048656277621312014,-0.5363920190842476,0.025058371059359485,0.23895543524059648,0.012740255913930803,0.17503160115696667,-0.030576297389855317,-0.07327508371534565,0.0,0.0,0.0,0.0,0.0,0.0,0.0,0.0,0.0,0.0,0.0,0.0,0.0,0.0,0.0,0.0,0.0,0.0,0.0,0.0,0.0,0.0,0.0,0.0,0.0,0.0,0.0,0.0,0.0,0.0,0.0,0.0,0.0,0.0,0.0,0.0,0.0,0.0,0.0,0.0,0.0,0.0,yes
0.0,0.0,-0.43583168281828927,0.22561110732673473,-0.81551452525094,0.4181570163631645,-1.0,0.552438091674075,-0.8175623998158207,0.5283973376768394,-0.9356096501023075,-0.7218680237536205,-0.83532070577949,0.16937000480280476,-0.7251666107632838,0.25627404096956297,-0.7068771508072075,0.06180614776255692,-0.549142522584823,-0.7781306828519176,-0.4632904472471823,0.3152028171855909,-0.43435721313157527,0.2420130736312222,-0.46703870439814477,-0.041774054334639085,-0.16730833403032924,-0.6741741029662709,-0.13659538913496916,0.34496296149392236,-0.1800905203670826,0.23833638430715876,-0.2427244405853386,-0.03221586926023873,0.16251328962809736,-0.4638595408104755,0.14976645607330616,0.31225818912703635,0.10737157239689275,0.17082722923002502,0.05131671867549509,-0.13892349916662283,0.0,0.0,0.0,0.0,0.0,0.0,0.0,0.0,0.0,0.0,0.0,0.0,0.0,0.0,0.0,0.0,0.0,0.0,0.0,0.0,0.0,0.0,0.0,0.0,0.0,0.0,0.0,0.0,0.0,0.0,0.0,0.0,0.0,0.0,0.0,0.0,0.0,0.0,0.0,0.0,0.0,0.0,yes
0.0,0.0,-0.4308489776479775,0.21389551313702213,-0.816767168475349,0.3928526405361964,-1.0,0.5148896756277861,-0.7899888642595257,0.4945459384312613,-0.9176865674255078,-0.7554632538073377,-0.8182081613071538,0.09926129419715864,-0.7157348363081169,0.2052075344840265,-0.6953648355727378,0.034161860439056335,-0.5306075281807772,-0.8186489510342582,-0.4336276600587603,0.2654394590411357,-0.40587235219755785,0.20925474582147097,-0.4290665588110671,-0.06695976776028043,-0.1485999782888079,-0.7151714833996925,-0.10840100571844787,0.29050888232884053,-0.14491783014143791,0.19287505208935207,-0.19640312080877692,-0.07684536378503118,0.18148367983695596,-0.5113152079897187,0.18255085496573484,0.2603128162567804,0.1488696172877118,0.1348300048675092,0.10334352358640879,-0.16392562866157503,0.0,0.0,0.0,0.0,0.0,0.0,0.0,0.0,0.0,0.0,0.0,0.0,0.0,0.0,0.0,0.0,0.0,0.0,0.0,0.0,0.0,0.0,0.0,0.0,0.0,0.0,0.0,0.0,0.0,0.0,0.0,0.0,0.0,0.0,0.0,0.0,0.0,0.0,0.0,0.0,0.0,0.0,yes
0.0,0.0,-0.426167540650531,0.1799263421040888,-0.8246114322864485,0.34647736231582243,-1.0,0.49161876745087507,-0.7780769321635104,0.4912127652686133,-0.9157239220160809,-0.7431883071371509,-0.8479653078135295,0.11510336868060665,-0.7156680967160198,0.22706459547220068,-0.67634363534704,0.02451850678697398,-0.5269138321618478,-0.7925258848266309,-0.47858294738334217,0.23275475105678692,-0.406190308272907,0.1990434448585161,-0.4082098191277778,-0.08843497533799244,-0.15154643956211264,-0.6858846866301906,-0.1462535361127566,0.2617909071261258,-0.12923119461767107,0.19107740204103596,-0.14337039561587644,-0.08033593180563346,0.16886190763275352,-0.48608042518228534,0.1514571890823913,0.2536358632927652,0.16284975031740795,0.15786922354707655,0.1570782192954287,-0.12791868756294564,0.0,0.0,0.0,0.0,0.0,0.0,0.0,0.0,0.0,0.0,0.0,0.0,0.0,0.0,0.0,0.0,0.0,0.0,0.0,0.0,0.0,0.0,0.0,0.0,0.0,0.0,0.0,0.0,0.0,0.0,0.0,0.0,0.0,0.0,0.0,0.0,0.0,0.0,0.0,0.0,0.0,0.0,yes
0.0,0.0,-0.42385112543807857,0.19128242489481245,-0.8205805520121737,0.36809752409819335,-1.0,0.49965520263373847,-0.7821836694406846,0.4749023811821194,-0.8987481952358654,-0.7457170324587549,-0.8424625702319924,0.10936228864009971,-0.7189976709579702,0.20118727144449294,-0.6809132748313856,-0.0054105301735317786,-0.5051055681897652,-0.7957622234871186,-0.4614875948192757,0.23736842151854248,-0.39558659371185206,0.19213755777237,-0.3989849944540295,-0.09889089442826932,-0.1253893908638878,-0.686700913292536,-0.130228061990937,0.26529036895531266,-0.12072333972764991,0.17534207528179108,-0.1392547596642851,-0.10425981875786196,0.19902819371326846,-0.48157082421176844,0.17427094610803887,0.2640377674835281,0.17905384769959518,0.15325910968805354,0.16578335394445531,-0.14499636612788575,0.0,0.0,0.0,0.0,0.0,0.0,0.0,0.0,0.0,0.0,0.0,0.0,0.0,0.0,0.0,0.0,0.0,0.0,0.0,0.0,0.0,0.0,0.0,0.0,0.0,0.0,0.0,0.0,0.0,0.0,0.0,0.0,0.0,0.0,0.0,0.0,0.0,0.0,0.0,0.0,0.0,0.0,yes
0.0,0.0,-0.44423366002443276,0.23404050565687365,-0.8459104505806572,0.409044047607379,-1.0,0.5179463280888704,-0.7697411391091037,0.479428618781872,-0.9170087581966081,-0.6990576184013908,-0.8373812555523973,0.17872994119916633,-0.716126255610316,0.29097190230810427,-0.6868835558153481,0.07619604317348072,-0.5441968593814462,-0.7468427632382071,-0.49256101288200715,0.2553394346957888,-0.4472391943777885,0.24033582146074495,-0.4687323737840417,-0.035463166833442784,-0.18202328687660557,-0.6467436777297301,-0.1700715429449247,0.2818911431634118,-0.18140845773227843,0.23923447534134157,-0.20931189926069024,-0.011354735921971944,0.13239677330536603,-0.461580752461767,0.10891831950264777,0.26353626556341964,0.08459959920268244,0.19702868222511122,0.053808242809394946,-0.06206031919434215,0.0,0.0,0.0,0.0,0.0,0.0,0.0,0.0,0.0,0.0,0.0,0.0,0.0,0.0,0.0,0.0,0.0,0.0,0.0,0.0,0.0,0.0,0.0,0.0,0.0,0.0,0.0,0.0,0.0,0.0,0.0,0.0,0.0,0.0,0.0,0.0,0.0,0.0,0.0,0.0,0.0,0.0,yes
0.0,0.0,-0.4356512074808517,0.25660040258486494,-0.8378674316874073,0.4355909839969779,-1.0,0.558146686157176,-0.776589124368794,0.5218209756569379,-0.9024051069514325,-0.6705675059630374,-0.8082174031268763,0.22899614752198613,-0.6575747455557807,0.3271202772470203,-0.6156382138079673,0.11315901372182956,-0.540990293069372,-0.7250296098795713,-0.48439755529154555,0.2949864862152095,-0.4022855724607133,0.27459992444690207,-0.4076107883984021,0.006721305791126709,-0.1915946266052752,-0.63306196266509,-0.17948605643852916,0.3153538859659208,-0.14686317771950091,0.26476980942004785,-0.15741688702986903,0.015626169111192627,0.11566832554990428,-0.4527774888267188,0.10040532229601119,0.2982923904890694,0.10679813635691722,0.2296367063959165,0.0863559134898779,-0.030650103383647317,0.0,0.0,0.0,0.0,0.0,0.0,0.0,0.0,0.0,0.0,0.0,0.0,0.0,0.0,0.0,0.0,0.0,0.0,0.0,0.0,0.0,0.0,0.0,0.0,0.0,0.0,0.0,0.0,0.0,0.0,0.0,0.0,0.0,0.0,0.0,0.0,0.0,0.0,0.0,0.0,0.0,0.0,yes
0.0,0.0,-0.4416656603664221,0.23563075704369918,-0.8344618386796053,0.43202449898323425,-1.0,0.5949552961179352,-0.7625849518666467,0.5664307898893391,-0.9041293731796028,-0.6853315236029734,-0.8045317322693922,0.2754870090663627,-0.6465828458814948,0.35261436803539603,-0.5949456356355873,0.11379661786513001,-0.5248994102275527,-0.7434929406025242,-0.45692729037960866,0.31827714957807846,-0.3675765230957982,0.26882997068043607,-0.36871549396461367,-0.013187524453095944,-0.15765713982099125,-0.6543170280492105,-0.13588434470533114,0.3308647580773708,-0.1019837800501379,0.2552454004028421,-0.11489018446691043,-0.004931676238594593,0.1651256587241401,-0.47164262011602237,0.16538842384400254,0.3028667481367345,0.1683966980471335,0.21276536137449342,0.1431509595274092,-0.06490395065425617,0.0,0.0,0.0,0.0,0.0,0.0,0.0,0.0,0.0,0.0,0.0,0.0,0.0,0.0,0.0,0.0,0.0,0.0,0.0,0.0,0.0,0.0,0.0,0.0,0.0,0.0,0.0,0.0,0.0,0.0,0.0,0.0,0.0,0.0,0.0,0.0,0.0,0.0,0.0,0.0,0.0,0.0,yes
0.0,0.0,-0.40733315162506595,0.215301583307999,-0.780557564829666,0.3568986242587526,-0.9614970664597988,0.3706123568610596,-0.7973952818749498,0.21080779808018227,-1.0,-0.7798835844052374,-0.9266859556981266,-0.1154048425253256,-0.8047396155472389,0.04380042841218424,-0.7715097161507201,-0.10254810901098287,-0.6976680189955027,-0.8916599399663839,-0.6073284341988937,-0.08473283643110985,-0.5435654307010095,-0.0036385333347310894,-0.5522673347939883,-0.19100159693611907,-0.3750441166706852,-0.8617077781621606,-0.31166112805890145,-0.06292172916382748,-0.2749910019463751,-0.00579020382775454,-0.27394967379871615,-0.1755494054295828,-0.07745489616420836,-0.7389725795235749,-0.03859902925852544,-0.09030376730159728,-0.013434181421727417,-0.05973834009497751,-0.00513413215083184,-0.22318492660034314,0.0,0.0,0.0,0.0,0.0,0.0,0.0,0.0,0.0,0.0,0.0,0.0,0.0,0.0,0.0,0.0,0.0,0.0,0.0,0.0,0.0,0.0,0.0,0.0,0.0,0.0,0.0,0.0,0.0,0.0,0.0,0.0,0.0,0.0,0.0,0.0,0.0,0.0,0.0,0.0,0.0,0.0,yes
0.0,0.0,-0.30855495156403495,0.051363118782671864,-0.5670371840474719,0.004865818354020086,-0.5655927639534046,-0.1401263733484953,-0.3875275665850844,-0.28976906136448277,-0.6750920674134229,-0.8637532547344029,-0.5408077411721794,-0.6372827431261695,-0.5091607651058756,-0.4483265416215206,-0.5346147421269527,-0.4175607767531888,-0.41793854816240644,-0.9961295671643849,-0.2683479665476904,-0.6731311809302831,-0.27548194589823005,-0.4848316733357752,-0.33443957266620794,-0.4567340627207817,-0.15723642973068652,-1.0,-0.03566606539966376,-0.6612900012413584,-0.05114166657726843,-0.5006145490267597,-0.11239580635422237,-0.4847956586172494,0.08938776511047324,-0.9354830799787284,0.1858750273941742,-0.6610156763640767,0.1475906153306228,-0.4974375910904184,0.06867776941691404,-0.4437725954045219,0.0,0.0,0.0,0.0,0.0,0.0,0.0,0.0,0.0,0.0,0.0,0.0,0.0,0.0,0.0,0.0,0.0,0.0,0.0,0.0,0.0,0.0,0.0,0.0,0.0,0.0,0.0,0.0,0.0,0.0,0.0,0.0,0.0,0.0,0.0,0.0,0.0,0.0,0.0,0.0,0.0,0.0,yes
0.0,0.0,-0.25440487447022203,-0.0038915906227160323,-0.48850743278767655,-0.10470306794353501,-0.47670207521873104,-0.2688212623603468,-0.27253099017462246,-0.399853415841618,-0.4758583958743123,-0.8962616253749212,-0.4902802533225856,-0.826029763968055,-0.43542331987138333,-0.5490745849459984,-0.40759762648524145,-0.4823288831640847,-0.26607554416975865,-1.0,-0.2518840918584943,-0.8392866055306805,-0.23008311677301538,-0.5569692084387078,-0.22859402956706396,-0.5201994200900973,-0.05179192980369072,-0.9884428236320464,-0.021585611233378526,-0.7502435662613041,-0.025970829479004077,-0.5204421317329406,-0.045920359131188034,-0.5066321811025398,0.16274533532151772,-0.9086365006860877,0.1710672680445851,-0.6758951786528615,0.14793787402376934,-0.4822482071813931,0.11834619705040403,-0.44667078250917347,0.0,0.0,0.0,0.0,0.0,0.0,0.0,0.0,0.0,0.0,0.0,0.0,0.0,0.0,0.0,0.0,0.0,0.0,0.0,0.0,0.0,0.0,0.0,0.0,0.0,0.0,0.0,0.0,0.0,0.0,0.0,0.0,0.0,0.0,0.0,0.0,0.0,0.0,0.0,0.0,0.0,0.0,yes
0.0,0.0,-0.27742720869067716,0.015759443225379297,-0.5474786437123181,-0.08259193711404406,-0.5440177794521376,-0.26048485836743357,-0.3347507601390531,-0.38154271327822004,-0.5399981444594544,-0.890584256300755,-0.5722887670917073,-0.8416043116014861,-0.511535277058912,-0.5479776716621004,-0.46779653154489215,-0.49672187836931725,-0.3283660138069085,-1.0,-0.32802583137353575,-0.8937660866228178,-0.29297649789213404,-0.5816304297403789,-0.271294787758493,-0.542540375578275,-0.11442570317255261,-0.9939659789452376,-0.0784851479442157,-0.78114250691962,-0.07644686476904845,-0.5236785247890376,-0.08789006765694429,-0.5200215636302807,0.10124503959189354,-0.9198181570265244,0.12024675877832335,-0.6965903036760789,0.10892374431213565,-0.4921533126318734,0.08902236910356306,-0.48089074380467345,0.0,0.0,0.0,0.0,0.0,0.0,0.0,0.0,0.0,0.0,0.0,0.0,0.0,0.0,0.0,0.0,0.0,0.0,0.0,0.0,0.0,0.0,0.0,0.0,0.0,0.0,0.0,0.0,0.0,0.0,0.0,0.0,0.0,0.0,0.0,0.0,0.0,0.0,0.0,0.0,0.0,0.0,yes
0.0,0.0,-0.24667438337880196,-0.03875261938748938,-0.46551202293744964,-0.2006556478561583,-0.41551563588571083,-0.3986418041291227,-0.20398501376328781,-0.5102900856609582,-0.4127275305294128,-0.8761045055509883,-0.46464150691300155,-0.951377214975875,-0.4305066444163589,-0.6838499849346874,-0.3885180504258507,-0.5659206269351428,-0.20652021274130064,-0.9530412162410886,-0.2295558255041426,-1.0,-0.2122716173601482,-0.6982854174591294,-0.19501535843855192,-0.6154957305858566,-0.003307551879891966,-0.933030936380753,0.006964809883935741,-0.8820542814800272,-0.00015747000912099015,-0.6255335915568807,-0.010516406193547684,-0.5810275224854903,0.20375596647729363,-0.8498717744211444,0.19206023943621647,-0.7883146346218607,0.17582651304137983,-0.594639475481715,0.160588051639256,-0.5579251042642334,0.0,0.0,0.0,0.0,0.0,0.0,0.0,0.0,0.0,0.0,0.0,0.0,0.0,0.0,0.0,0.0,0.0,0.0,0.0,0.0,0.0,0.0,0.0,0.0,0.0,0.0,0.0,0.0,0.0,0.0,0.0,0.0,0.0,0.0,0.0,0.0,0.0,0.0,0.0,0.0,0.0,0.0,yes
0.0,0.0,-0.22607493523595212,-0.028898885743160616,-0.4443164280995234,-0.1954597298533473,-0.4028642209755103,-0.3888789177665458,-0.20180458015463604,-0.4836991448636819,-0.39175381749243643,-0.7775275347718767,-0.4496879682004826,-0.9132653881757928,-0.4187350312546438,-0.6533317379537584,-0.372760437674374,-0.5515915519505123,-0.1946890585909582,-0.8500465426259047,-0.23018496753595555,-1.0,-0.21265058807106388,-0.6867587998371169,-0.1787333329473544,-0.60080064895924,-0.0060328506666821055,-0.8443662193814173,-0.003193332342654081,-0.8899368216822378,-0.009837959612451423,-0.6141625961972069,-0.0036732328115541505,-0.5638843375540129,0.187899689222632,-0.7803426077637089,0.1801331498646822,-0.7881779800307368,0.16041477295754425,-0.586094208450494,0.1584353443478854,-0.544182043102267,0.0,0.0,0.0,0.0,0.0,0.0,0.0,0.0,0.0,0.0,0.0,0.0,0.0,0.0,0.0,0.0,0.0,0.0,0.0,0.0,0.0,0.0,0.0,0.0,0.0,0.0,0.0,0.0,0.0,0.0,0.0,0.0,0.0,0.0,0.0,0.0,0.0,0.0,0.0,0.0,0.0,0.0,yes
0.0,0.0,-0.21927027426884202,-0.03813636950274017,-0.43034427617641596,-0.22912166607382878,-0.403127665803117,-0.4290851514569647,-0.22717757750699602,-0.5264192696447065,-0.3672489069223529,-0.7487372552969803,-0.4059846197915519,-0.9421218140209833,-0.4110481898508252,-0.779928922409587,-0.3986640686726622,-0.6620427409886017,-0.17491886515089036,-0.7978116412375937,-0.18741378930436506,-1.0,-0.19634224268999406,-0.7282166701817232,-0.195348793286347,-0.6116469036549242,0.01447049083829376,-0.7791488946458869,0.022949436699078635,-0.9402734189328289,-0.0021896178871257644,-0.6751710048759605,-0.0177473629206657,-0.5830326648430344,0.20950387338241822,-0.7023240294509272,0.21046080816920118,-0.8730147537939001,0.1815651549825139,-0.6688867134011792,0.16046348380923,-0.5728117199328887,0.0,0.0,-0.25001752656316106,-0.14795802057201798,-0.4410212765122973,-0.3250562198218321,-0.4279109170142973,-0.5291835661138732,-0.28685027314474587,-0.6112377871721246,-0.3895382841421127,-0.7711594642705689,-0.3899236234048989,-0.9892967852606261,-0.3838719340157989,-0.8572269006025706,-0.3698531347545129,-0.7138919706769568,-0.22423803573065668,-0.7914843944952374,-0.21022413900452064,-1.0,-0.22289474109957,-0.8034833492747434,-0.23561632956017886,-0.6479783660928903,-0.06236416913550166,-0.7797487058532838,-0.03645427086800856,-0.9514546066916664,-0.06862029424035462,-0.7536427061797927,-0.09760849432850222,-0.6015008621108061,0.09669221050897629,-0.7322892240806643,0.1120827391052187,-0.9064292336209978,0.07341105158888712,-0.7614181269276156,0.03690236258071411,-0.6368255888802659,yes
0.0,0.0,-0.2371713828257942,-0.03282158397763916,-0.4690396990930751,-0.23647109210822037,-0.4729912530296963,-0.4731947977365344,-0.2612999116155574,-0.5681950491384788,-0.35688535404966126,-0.7743803850750843,-0.3871711102212761,-0.9260629910288882,-0.4117588261770609,-0.7800554053538316,-0.4148374398679867,-0.6955801115013058,-0.156230860891126,-0.8225308239986479,-0.18431881885914403,-1.0,-0.23667887732978424,-0.7297610833424706,-0.2413725213434193,-0.5950817298634615,0.03576450119733962,-0.7950813663907706,0.02091421862761193,-0.9324455714790248,-0.04259051833023069,-0.6821243524885461,-0.05936114828292472,-0.5663092316611368,0.22729219509033205,-0.7072475848754167,0.19890194900114674,-0.850799912524239,0.14662791240065837,-0.6757211752525983,0.13325817525805048,-0.5722059702812612,0.0,0.0,0.0,0.0,0.0,0.0,0.0,0.0,0.0,0.0,0.0,0.0,0.0,0.0,0.0,0.0,0.0,0.0,0.0,0.0,0.0,0.0,0.0,0.0,0.0,0.0,0.0,0.0,0.0,0.0,0.0,0.0,0.0,0.0,0.0,0.0,0.0,0.0,0.0,0.0,0.0,0.0,yes
0.0,0.0,-0.2509924416591541,-0.04745440196148771,-0.49214001179138606,-0.2385902742900993,-0.49055347767903096,-0.46854538591834,-0.2663262345861941,-0.5554703608850402,-0.38647733901482656,-0.880109054723885,-0.42029054224778756,-0.9122452608298266,-0.40722456351595426,-0.7362011148786703,-0.39314352737130076,-0.6726237081725536,-0.16564401867905282,-0.9393673203919232,-0.2014018647858678,-1.0,-0.21487898232227917,-0.7537702800922099,-0.21424449345390909,-0.6779859813521413,0.04540120347003647,-0.9099805660489186,0.019609886047795667,-0.9010634083344511,-0.012315447651548945,-0.662498089358742,-0.025991583820221917,-0.6032005190705393,0.2526114176802164,-0.8084018304723105,0.23220670486909378,-0.860099259762987,0.19613878898098094,-0.6843377327472994,0.17953102725432274,-0.6134396845648261,0.0,0.0,-0.2426179933239363,-0.1548635301154197,-0.4481361335659925,-0.3435289415653441,-0.4373953662565319,-0.5604311399336865,-0.2555057029757208,-0.6157974709960155,-0.35039598951729434,-0.8422763644426474,-0.3743454131641244,-0.9715633783528215,-0.3923482397308706,-0.8115442053984258,-0.38234811861891377,-0.6950372978245498,-0.18568652312725978,-0.8664875762423059,-0.2091841060120907,-1.0,-0.24066389848209452,-0.8175196830220601,-0.24547949621152482,-0.6970249313621275,-0.024702646855234878,-0.8353040422513036,-0.03990406069758624,-0.9278475517217928,-0.08363898575257572,-0.7664677325139955,-0.10349994922614118,-0.6567402996309812,0.1326199217989411,-0.7593211954309117,0.11387272251294267,-0.8581150135039832,0.07367752730375904,-0.7481686474682477,0.05356735268826621,-0.6585253035484872,yes
0.0,0.0,-0.25038439094014403,-0.06436457482830951,-0.49482481561005104,-0.2542716643477248,-0.5005668295088345,-0.49025610782026485,-0.2798279316236351,-0.5767685390418537,-0.3798395779567128,-0.9207213044884224,-0.4249722160617801,-0.9370311266836076,-0.40396173560098175,-0.7129172701490855,-0.37602044798735257,-0.6450835748295485,-0.15998344733937042,-0.9746425876665332,-0.20652789358720688,-1.0,-0.21283611750902282,-0.7112855445466045,-0.19624442927392546,-0.6315292254816812,0.05030472506600621,-0.9394564135984568,0.012194578012466532,-0.9075813911420965,-0.0164479675290322,-0.6561110415910377,-0.01709471070632532,-0.6021123226876763,0.25600932202234855,-0.8362085734357054,0.2252914990441334,-0.8783782109497832,0.18896609058616987,-0.6984175854673587,0.1807120617602565,-0.6267121038852911,0.0,0.0,0.0,0.0,0.0,0.0,0.0,0.0,0.0,0.0,0.0,0.0,0.0,0.0,0.0,0.0,0.0,0.0,0.0,0.0,0.0,0.0,0.0,0.0,0.0,0.0,0.0,0.0,0.0,0.0,0.0,0.0,0.0,0.0,0.0,0.0,0.0,0.0,0.0,0.0,0.0,0.0,yes
0.0,0.0,-0.23075320683700176,-0.020677214501092122,-0.45775021792970627,-0.1873755767030121,-0.46196645696314265,-0.41985628181691265,-0.27500145652893215,-0.5466127732640649,-0.3664379458215208,-0.666536769935484,-0.39383168241733235,-0.8334044192736703,-0.4163369781366763,-0.7989209593963704,-0.42443582863305035,-0.7068980110960023,-0.16856052070084873,-0.7395380000153897,-0.17822802537548216,-1.0,-0.22202227774742578,-0.8311327837730585,-0.23768903272188432,-0.6778383351819343,0.0214615415902218,-0.7355795391212678,0.018599050013356096,-0.9249321477371036,-0.029479046319818576,-0.6892602701778724,-0.04156109122048331,-0.5301474007279346,0.21397894024054162,-0.6657425494422868,0.198146745564732,-0.8550253545960907,0.15207096428810912,-0.6870732782453938,0.1361403852051837,-0.5559263139265052,0.0,0.0,-0.24057931637904237,-0.1213736889973636,-0.44131520475242053,-0.281225866614476,-0.43678336652813116,-0.49999976974706717,-0.263216403218936,-0.6104742059151979,-0.35884827482990067,-0.7285124509273437,-0.38007805574423503,-0.9066172390370822,-0.37518610193297336,-0.7226824466676645,-0.3507327799587847,-0.5780053188427487,-0.18749542372295966,-0.7635790515881696,-0.1922575148800958,-1.0,-0.2077424851199042,-0.768339300721843,-0.20763887130012318,-0.597005790861261,-0.01942505842668171,-0.7505494986242387,-0.01990997110325693,-0.9356424632458756,-0.05564706830453253,-0.7055691276867639,-0.06908002440681088,-0.5399643107954087,0.14487790838235803,-0.6896291776516503,0.13519623306201864,-0.8637390773764981,0.0884553481999977,-0.714731352390601,0.06251367126788777,-0.5880190188922532,yes
0.0,0.0,-0.23832051468098486,-0.025664715651655137,-0.47105188195015507,-0.20030635772908303,-0.476549659512945,-0.4301875231783808,-0.29720193274104173,-0.5601466217341997,-0.38310571491532164,-0.6830895908243173,-0.41078056724552153,-0.8895747002262747,-0.4312183900632602,-0.832822737118195,-0.4241700124155501,-0.7503292001913392,-0.18734581337977071,-0.7551836265230547,-0.20967767942082266,-1.0,-0.24267509419156494,-0.7489645646226694,-0.23160429330796475,-0.582623604594291,0.0006137903975663372,-0.7568320460934015,-0.0028442896531708024,-0.9379399861332818,-0.0525505624620412,-0.6864165282682189,-0.05710239335257475,-0.5382667677109703,0.19033629479138114,-0.7005761675185561,0.18436393148336264,-0.8856979312791241,0.13185475418823264,-0.723557296957384,0.11187485555501808,-0.6064517862805484,0.0,0.0,0.0,0.0,0.0,0.0,0.0,0.0,0.0,0.0,0.0,0.0,0.0,0.0,0.0,0.0,0.0,0.0,0.0,0.0,0.0,0.0,0.0,0.0,0.0,0.0,0.0,0.0,0.0,0.0,0.0,0.0,0.0,0.0,0.0,0.0,0.0,0.0,0.0,0.0,0.0,0.0,yes
0.0,0.0,-0.2390751493642177,-0.03733737937986287,-0.46732309921564097,-0.20835442107584237,-0.47366832218570515,-0.4434852000798009,-0.2906323172716486,-0.5596013104150698,-0.3768052332601825,-0.6749388367966231,-0.3995815701880572,-0.8751798145678675,-0.41690676942784843,-0.8273627896720812,-0.40862847422745363,-0.7576713882209646,-0.18707487636107814,-0.7390588741770531,-0.20895607799489693,-1.0,-0.23530980606276972,-0.751772945388872,-0.22103016684691873,-0.5655716790743094,-0.0030607851990297886,-0.7362674170752964,-0.00012600144901666368,-0.944888541218224,-0.04865125948948413,-0.7068177284038767,-0.05690172936988775,-0.5357523861524408,0.18374948811911337,-0.6746737087476506,0.19524029526339554,-0.8907310184067116,0.13788496067704778,-0.7491253399414093,0.10579711666684166,-0.6110540021210243,0.0,0.0,0.0,0.0,0.0,0.0,0.0,0.0,0.0,0.0,0.0,0.0,0.0,0.0,0.0,0.0,0.0,0.0,0.0,0.0,0.0,0.0,0.0,0.0,0.0,0.0,0.0,0.0,0.0,0.0,0.0,0.0,0.0,0.0,0.0,0.0,0.0,0.0,0.0,0.0,0.0,0.0,yes
0.0,0.0,-0.21955638736487346,-0.026356395652272574,-0.4370354986794424,-0.20241232375711213,-0.43890953613256684,-0.43341321465251625,-0.2665114094794033,-0.5571549358861153,-0.35899927682576827,-0.6674350598419277,-0.38417422480753993,-0.8867339458773642,-0.4110850869239641,-0.8459377438739841,-0.4113573871803802,-0.7696744334724104,-0.17394954749814273,-0.7245806230742896,-0.18505663549354914,-1.0,-0.22927188292667527,-0.8201313750077694,-0.23416292829327923,-0.6763282283612556,0.006206669975049009,-0.717872269474648,0.017991055528533813,-0.9595032296191645,-0.04285423944861171,-0.7516873243244043,-0.06494311785766786,-0.5930221086103117,0.19107683898866107,-0.6578680468474832,0.2051792298046443,-0.8911282405950353,0.1446225139035919,-0.7725567711503798,0.10696615090761818,-0.6450852270204729,0.0,0.0,-0.22818348910430236,-0.14336067510740733,-0.40958281254893475,-0.3013644585137013,-0.40854320961543233,-0.5131794889106986,-0.2427586734243569,-0.6032967126827897,-0.33318745269216893,-0.7235774705517013,-0.3625631499806193,-0.9542424219006431,-0.3849390168756515,-0.8236290846410055,-0.3764704829638933,-0.6724128183529777,-0.1729397376019419,-0.7356695657054678,-0.1879810349743414,-1.0,-0.22128086727939247,-0.8165271649141331,-0.22350202206024408,-0.6462543586247794,-0.017532114416518786,-0.7126579791762163,-0.013858932064225987,-0.9550209039095334,-0.06658258193279105,-0.7800198565787221,-0.08758654714757928,-0.6097686070012133,0.13439145605826983,-0.6502944118088481,0.14056196314127659,-0.8761282193220536,0.08814620819472299,-0.7896715692594781,0.054957413292193905,-0.6731900801706315,yes
0.0,0.0,-0.23042013375578652,-0.002058109258365421,-0.48421082049166314,-0.19400367854464912,-0.48714475115824896,-0.44637713561400577,-0.2866200161901437,-0.5648318626575614,-0.3844675986341165,-0.6876121716913111,-0.43433873588987293,-0.9103696970529486,-0.45815406783281803,-0.7800276719776464,-0.4378368111195688,-0.6672082328159719,-0.18777014164244224,-0.7474152847651127,-0.20136171518894105,-1.0,-0.24844433939429536,-0.707543384895799,-0.24077036284774112,-0.5519389568109679,0.0028917737680830597,-0.736253653795234,0.006752208855695989,-0.9530755825822853,-0.05862793031890983,-0.6662864651251136,-0.07046880839500161,-0.5213491533805332,0.19844673144303063,-0.6706494672836416,0.18524404344339443,-0.867832439117623,0.12498573060036634,-0.6826419207251365,0.10725851794344439,-0.5640986168274233,0.0,0.0,0.0,0.0,0.0,0.0,0.0,0.0,0.0,0.0,0.0,0.0,0.0,0.0,0.0,0.0,0.0,0.0,0.0,0.0,0.0,0.0,0.0,0.0,0.0,0.0,0.0,0.0,0.0,0.0,0.0,0.0,0.0,0.0,0.0,0.0,0.0,0.0,0.0,0.0,0.0,0.0,yes
0.0,0.0,-0.22782904311390653,-0.027781065156351026,-0.47688079305279174,-0.21363259393969855,-0.4932010664814565,-0.475977436651961,-0.28995410108727193,-0.5786575767475971,-0.3859319489788691,-0.7230602625993544,-0.4241420513089986,-0.9275829847315862,-0.44314269329976397,-0.7775275816139328,-0.43046691691360084,-0.6533103648380972,-0.19609550812084048,-0.7819049990747108,-0.21565178055339146,-1.0,-0.2480076581958917,-0.7157653283862728,-0.24207666877617368,-0.5649843157772086,-0.009923212421264744,-0.771310095247669,-0.012323481097827056,-0.943496587853352,-0.0661739406581205,-0.6703854914656352,-0.08072405591945186,-0.533060696685637,0.18099661641166,-0.7065183767000761,0.16213533896427013,-0.8567245676843325,0.10964882419734019,-0.675314426971837,0.09257963769788051,-0.5696729045627038,0.0,0.0,0.0,0.0,0.0,0.0,0.0,0.0,0.0,0.0,0.0,0.0,0.0,0.0,0.0,0.0,0.0,0.0,0.0,0.0,0.0,0.0,0.0,0.0,0.0,0.0,0.0,0.0,0.0,0.0,0.0,0.0,0.0,0.0,0.0,0.0,0.0,0.0,0.0,0.0,0.0,0.0,yes
0.0,0.0,-0.2649534279974817,-0.023101136993097068,-0.5316269167710375,-0.21518111581490437,-0.5345527107864184,-0.45510690315648505,-0.31689472525076806,-0.5439423027725191,-0.4111812848845099,-0.9310805549932261,-0.49459844856390944,-0.8966317330301945,-0.45221981718236604,-0.62229049272667,-0.40593300839341606,-0.5898602728694449,-0.21302948262476112,-1.0,-0.28038992790071166,-0.8863598646553316,-0.26208903294410246,-0.5772196503373606,-0.2206527421532794,-0.5738720721482296,-0.012292250160727354,-0.9657918797648153,-0.06709349326724788,-0.8484918323808337,-0.07521417337198205,-0.5814148011541225,-0.045335569797939575,-0.5824968466293972,0.19070651073703224,-0.8725869206863336,0.1225825827161922,-0.8031433599024735,0.10019420758633117,-0.6212645071732229,0.12716881822570347,-0.6075783226070534,0.0,0.0,0.0,0.0,0.0,0.0,0.0,0.0,0.0,0.0,0.0,0.0,0.0,0.0,0.0,0.0,0.0,0.0,0.0,0.0,0.0,0.0,0.0,0.0,0.0,0.0,0.0,0.0,0.0,0.0,0.0,0.0,0.0,0.0,0.0,0.0,0.0,0.0,0.0,0.0,0.0,0.0,yes
0.0,0.0,-0.24060522521230832,-0.02227761768232244,-0.5082392757627882,-0.19304678703231104,-0.5462373466042044,-0.440207030396482,-0.347266145327371,-0.5349169547454768,-0.3947292846187164,-0.8243692995059483,-0.4617261204380486,-1.0,-0.4826090260067233,-0.8188771644545448,-0.4649134819166066,-0.7157517472536106,-0.18955721646541573,-0.8947801536200914,-0.243095445271179,-0.9848835357433077,-0.270686619907251,-0.6729097455133326,-0.24833344995284423,-0.5851806793952212,0.010914298396274242,-0.8782960215289634,-0.027671878199434816,-0.9369164284552179,-0.07853830392876107,-0.6589952492216185,-0.07448080349841361,-0.5796632171616986,0.21430359049294853,-0.8058744467191211,0.17232829351027446,-0.8923281389715361,0.11501245110029436,-0.705547897779493,0.11146321140942335,-0.6202536753390087,0.0,0.0,0.0,0.0,0.0,0.0,0.0,0.0,0.0,0.0,0.0,0.0,0.0,0.0,0.0,0.0,0.0,0.0,0.0,0.0,0.0,0.0,0.0,0.0,0.0,0.0,0.0,0.0,0.0,0.0,0.0,0.0,0.0,0.0,0.0,0.0,0.0,0.0,0.0,0.0,0.0,0.0,yes
0.0,0.0,-0.2291405097602151,-0.03695044456391713,-0.4873397234305255,-0.20411000282835112,-0.5268108458051867,-0.4510466902282471,-0.32488099692567046,-0.5482826780719459,-0.39315202507537594,-0.7749862388298158,-0.44364330085403386,-0.9535986161110253,-0.4571364587281073,-0.7287947778863003,-0.4360672458510172,-0.6277313018347426,-0.19808433293779149,-0.82914715999093,-0.23798531661107447,-1.0,-0.27209098477097166,-0.6921031314574341,-0.2581315095142367,-0.5871713043345883,-0.00999737996934484,-0.8159965290603064,-0.034140922395012485,-0.934993594145233,-0.08756951694486799,-0.6565091737128398,-0.09293497115963198,-0.5524839412952887,0.18092553584434293,-0.7514560399718928,0.15477210140079498,-0.8728183437400097,0.09717910032794451,-0.6911071993154269,0.08394313812368949,-0.5967893006601356,0.0,0.0,0.0,0.0,0.0,0.0,0.0,0.0,0.0,0.0,0.0,0.0,0.0,0.0,0.0,0.0,0.0,0.0,0.0,0.0,0.0,0.0,0.0,0.0,0.0,0.0,0.0,0.0,0.0,0.0,0.0,0.0,0.0,0.0,0.0,0.0,0.0,0.0,0.0,0.0,0.0,0.0,yes
0.0,0.0,-0.23476535522003075,0.0030853527780003586,-0.47818503722188516,-0.12193095922190807,-0.5177344826138883,-0.31331860483750956,-0.3361496812005632,-0.4232767469102592,-0.3979628124558813,-0.767393552276621,-0.4588372882778725,-0.9251948854725901,-0.49080766339663534,-0.7649744159159331,-0.47951022027877305,-0.6477718380475967,-0.19723630841317627,-0.8300942089538571,-0.2443400222072139,-1.0,-0.29338400546404303,-0.7467973152928338,-0.2900792515176837,-0.5986275026041965,-0.0010702961343421972,-0.8142145247389126,-0.025242962946004418,-0.9157442278414359,-0.08576410749512547,-0.6649667845709467,-0.09731338499753889,-0.5144541489714854,0.1956993555329159,-0.7369620378743652,0.1614178275850227,-0.8399390255535587,0.09994200177810338,-0.6779114535041229,0.08163516829023532,-0.5690060554722467,0.0,0.0,0.0,0.0,0.0,0.0,0.0,0.0,0.0,0.0,0.0,0.0,0.0,0.0,0.0,0.0,0.0,0.0,0.0,0.0,0.0,0.0,0.0,0.0,0.0,0.0,0.0,0.0,0.0,0.0,0.0,0.0,0.0,0.0,0.0,0.0,0.0,0.0,0.0,0.0,0.0,0.0,yes
0.0,0.0,-0.25905400541593565,0.0023957199478713467,-0.510965977719768,-0.12902096464211407,-0.5613645304618176,-0.31183153754416687,-0.3479860558399631,-0.4282530459633957,-0.44227144675209445,-0.9328739868775832,-0.5347452177492169,-0.7849602065930883,-0.48441180762765496,-0.5149837125252519,-0.4229200852895226,-0.5175097177140981,-0.24111467393934893,-1.0,-0.32153669622103653,-0.7896748582602117,-0.3105123084979822,-0.5105278117138077,-0.2754113538128631,-0.5295763873649519,-0.04049796620371735,-0.9646799623119007,-0.10359059573472323,-0.7262113888952576,-0.11517506442386811,-0.4827071817373573,-0.08830755468795776,-0.4905898027415945,0.16189433284676527,-0.8720773617748198,0.09615451101729118,-0.7157183320432183,0.06562409359866396,-0.5368432468392181,0.0775626615600675,-0.5159408359435872,0.0,0.0,0.0,0.0,0.0,0.0,0.0,0.0,0.0,0.0,0.0,0.0,0.0,0.0,0.0,0.0,0.0,0.0,0.0,0.0,0.0,0.0,0.0,0.0,0.0,0.0,0.0,0.0,0.0,0.0,0.0,0.0,0.0,0.0,0.0,0.0,0.0,0.0,0.0,0.0,0.0,0.0,yes
0.0,0.0,-0.2559869399332549,-0.0162936756180098,-0.5148438560558976,-0.15009305437146161,-0.5673685382349996,-0.3281135874039314,-0.3514481968250888,-0.4191205184103878,-0.443397362232244,-0.9429375867422735,-0.5176820754562247,-0.7696739415305167,-0.47110603312686766,-0.5128341049767774,-0.42315746935382614,-0.5424265467213907,-0.24149921358325113,-1.0,-0.31309437105679266,-0.7673975730135693,-0.303632592795257,-0.510388832219112,-0.27929153744387164,-0.5550838955041111,-0.04360730601574788,-0.9585465720291088,-0.10091993485321558,-0.7023279122284227,-0.11702865334812525,-0.4846372170723102,-0.10525560899924587,-0.5195445587882725,0.15383058416090015,-0.8658055807496626,0.09515066851530729,-0.6793321582158128,0.06506966078514648,-0.5191603365382099,0.06652663434918997,-0.5218757164907422,0.0,0.0,0.0,0.0,0.0,0.0,0.0,0.0,0.0,0.0,0.0,0.0,0.0,0.0,0.0,0.0,0.0,0.0,0.0,0.0,0.0,0.0,0.0,0.0,0.0,0.0,0.0,0.0,0.0,0.0,0.0,0.0,0.0,0.0,0.0,0.0,0.0,0.0,0.0,0.0,0.0,0.0,yes
0.0,0.0,-0.24216006475921423,-0.02151649720075814,-0.47736628875213727,-0.1329324647375233,-0.5348012175673089,-0.28034918492375177,-0.33847567576749665,-0.3732337727926366,-0.4121530021370802,-0.933061565027411,-0.4995099938389892,-0.720773909197285,-0.44204305128796484,-0.4695082232833941,-0.3904365824226297,-0.4870337836381063,-0.21390173612449553,-1.0,-0.29164382693505064,-0.6511473004253907,-0.2568831165437187,-0.40838452808813314,-0.23036626980523234,-0.46943406901769447,-0.015895146521642266,-0.9587362545105067,-0.0889772787409847,-0.5857311512596751,-0.07890569210756876,-0.3885559387766702,-0.05465920724843247,-0.4411698603090436,0.17417726332212416,-0.8593365447248223,0.09666580207801813,-0.5817581813061996,0.09221817948991012,-0.4339880033424954,0.11455919372426243,-0.45361307676175183,0.0,0.0,0.0,0.0,0.0,0.0,0.0,0.0,0.0,0.0,0.0,0.0,0.0,0.0,0.0,0.0,0.0,0.0,0.0,0.0,0.0,0.0,0.0,0.0,0.0,0.0,0.0,0.0,0.0,0.0,0.0,0.0,0.0,0.0,0.0,0.0,0.0,0.0,0.0,0.0,0.0,0.0,yes
0.0,0.0,-0.24412980549042634,-0.022651867186917984,-0.47649674675280385,-0.14217880018847742,-0.532199744568465,-0.2857765247543208,-0.3579873277542425,-0.36578323902651855,-0.40772920862431916,-0.9411416714577107,-0.48374130814517285,-0.7392596006076794,-0.44776399961902164,-0.48573107139478006,-0.40556247275077384,-0.48422381787473795,-0.2068542786039469,-1.0,-0.2754130959113037,-0.6512513976279382,-0.2643917564077135,-0.41668534361765364,-0.24513757499725738,-0.4708685143698313,-0.009303164792318068,-0.9557961363387036,-0.07737035655111475,-0.5834388201238305,-0.08258366200051992,-0.3929232325448569,-0.06640182592997856,-0.4370937763160335,0.17810015644631427,-0.858271961343898,0.10744092870706567,-0.5710475930622959,0.09598611629333197,-0.42676586773323844,0.11164112089367717,-0.45212796220895785,0.0,0.0,0.0,0.0,0.0,0.0,0.0,0.0,0.0,0.0,0.0,0.0,0.0,0.0,0.0,0.0,0.0,0.0,0.0,0.0,0.0,0.0,0.0,0.0,0.0,0.0,0.0,0.0,0.0,0.0,0.0,0.0,0.0,0.0,0.0,0.0,0.0,0.0,0.0,0.0,0.0,0.0,yes
0.0,0.0,-0.24252187906802544,-0.031499219158319366,-0.48072666031805483,-0.14527287809757092,-0.548737078221015,-0.289933859405909,-0.3710339834449664,-0.3729639322228795,-0.41431268552231526,-0.9394519671980732,-0.49042619519507574,-0.7616232989253602,-0.46326317605748696,-0.5130441426853125,-0.427451556344139,-0.4921839109975139,-0.21597044356880504,-1.0,-0.28164037191049274,-0.6631984164587084,-0.2717053475833678,-0.4405049369799543,-0.2575196134215208,-0.48480200566865694,-0.01810826189057319,-0.9544036683744871,-0.0850348646514991,-0.5881242545052232,-0.08856470119614236,-0.403790503324253,-0.0769458646706013,-0.437108502703588,0.1690591914632569,-0.8567538342974726,0.0983061982890063,-0.5759486357426012,0.08619414915187786,-0.43436248277278805,0.09823135523239082,-0.44968558087449884,0.0,0.0,0.0,0.0,0.0,0.0,0.0,0.0,0.0,0.0,0.0,0.0,0.0,0.0,0.0,0.0,0.0,0.0,0.0,0.0,0.0,0.0,0.0,0.0,0.0,0.0,0.0,0.0,0.0,0.0,0.0,0.0,0.0,0.0,0.0,0.0,0.0,0.0,0.0,0.0,0.0,0.0,yes
0.0,0.0,-0.23798137075175146,-0.017818579445238302,-0.4662706373506747,-0.12676327314150448,-0.5418899329120574,-0.23803068669096744,-0.38198330442363976,-0.3300247005883209,-0.4136782323706172,-0.9561613264404668,-0.47976493953317895,-0.7558392202967358,-0.4444921706380204,-0.5031808780794303,-0.396763169638916,-0.5018097732014751,-0.19706010030009663,-1.0,-0.2636006967550721,-0.7298813799452167,-0.27483620715373364,-0.49008353876567684,-0.26543908537806754,-0.5277867919738004,0.008681127398900803,-0.9424963971966628,-0.05469411636491603,-0.6381817395862697,-0.08225107170841982,-0.43414373830649067,-0.08365474945980782,-0.4653101942134747,0.19971920356584683,-0.833693562930487,0.13611503642986694,-0.6050402107556236,0.10916265797082567,-0.4571943735992903,0.10936113940520106,-0.47562361831654865,0.0,0.0,0.0,0.0,0.0,0.0,0.0,0.0,0.0,0.0,0.0,0.0,0.0,0.0,0.0,0.0,0.0,0.0,0.0,0.0,0.0,0.0,0.0,0.0,0.0,0.0,0.0,0.0,0.0,0.0,0.0,0.0,0.0,0.0,0.0,0.0,0.0,0.0,0.0,0.0,0.0,0.0,yes
0.0,0.0,-0.23145003339622522,-0.03212583628145053,-0.4617213509337909,-0.1492032118305476,-0.5757267371974861,-0.26139106719042454,-0.43129588360387267,-0.3401728493613008,-0.4176153067673555,-0.9372384131318707,-0.4831947182407112,-0.7862328768313616,-0.46429239684100093,-0.5152559633840659,-0.4303183271416597,-0.47693227430900514,-0.21794729942424096,-1.0,-0.28126891752783356,-0.6938264195712887,-0.2829824653887083,-0.4303458435457812,-0.27385455002569165,-0.46478103024892786,-0.018721292425226344,-0.9527048045958767,-0.08574430135270643,-0.6200786911228604,-0.10549499693843799,-0.4168827911250038,-0.1041562514663347,-0.4551809913204572,0.16418632834427135,-0.8524483517094639,0.09790568303535481,-0.5860658088113898,0.07458046173105409,-0.4474969630579241,0.07826505306610947,-0.4835217289802189,0.0,0.0,0.0,0.0,0.0,0.0,0.0,0.0,0.0,0.0,0.0,0.0,0.0,0.0,0.0,0.0,0.0,0.0,0.0,0.0,0.0,0.0,0.0,0.0,0.0,0.0,0.0,0.0,0.0,0.0,0.0,0.0,0.0,0.0,0.0,0.0,0.0,0.0,0.0,0.0,0.0,0.0,yes
0.0,0.0,-0.23694287170395548,-0.035187936551525224,-0.47538040458182373,-0.1374570149982808,-0.5779003443117887,-0.25266207286836634,-0.42119537488361863,-0.33438412979272064,-0.42713602337802636,-0.9392220536860417,-0.4813448007020086,-0.8010822584654169,-0.46038716114116984,-0.5244370985122041,-0.4262695948496725,-0.4835341878736563,-0.22117214538785845,-1.0,-0.2780274156984472,-0.7274021551042356,-0.28848097664053995,-0.4474277219420722,-0.28266784570030523,-0.4668198892266809,-0.018355907250697065,-0.953667806408779,-0.07635077574857914,-0.6557007327078065,-0.10910637972050628,-0.4337257736436759,-0.11739991419191219,-0.45509028919282973,0.16842276761163508,-0.8536713037863934,0.10732948161235728,-0.6151939036822205,0.0725183407231627,-0.46628823025928234,0.06380137888790012,-0.487442903151569,0.0,0.0,0.0,0.0,0.0,0.0,0.0,0.0,0.0,0.0,0.0,0.0,0.0,0.0,0.0,0.0,0.0,0.0,0.0,0.0,0.0,0.0,0.0,0.0,0.0,0.0,0.0,0.0,0.0,0.0,0.0,0.0,0.0,0.0,0.0,0.0,0.0,0.0,0.0,0.0,0.0,0.0,yes
0.0,0.0,-0.23774490366589357,-0.0399684905381697,-0.47354375608233146,-0.1397695811641343,-0.594268656487609,-0.2507820614228138,-0.45720161309104934,-0.35048792790795513,-0.4570822144005434,-0.9262749937573648,-0.5069487089758629,-0.8623554207152896,-0.4884980735537207,-0.5842711535417042,-0.4411212627841357,-0.520008714630349,-0.2487779322918033,-1.0,-0.2909539719522158,-0.8557613700719665,-0.30589915026457865,-0.5418465877180906,-0.3009227307689246,-0.49510362184872214,-0.045270676831376915,-0.9696526854239552,-0.08427071132433195,-0.7268706310766194,-0.11920588373161886,-0.47590460722695216,-0.13116167260761138,-0.4658583129643098,0.14691581389959957,-0.8813409917520564,0.09988540673827247,-0.6529652001461086,0.06125595040325802,-0.4730328476115987,0.04595198639621438,-0.47064487380148035,0.0,0.0,0.0,0.0,0.0,0.0,0.0,0.0,0.0,0.0,0.0,0.0,0.0,0.0,0.0,0.0,0.0,0.0,0.0,0.0,0.0,0.0,0.0,0.0,0.0,0.0,0.0,0.0,0.0,0.0,0.0,0.0,0.0,0.0,0.0,0.0,0.0,0.0,0.0,0.0,0.0,0.0,yes
0.0,0.0,-0.24605284737695945,-0.035334222211605655,-0.48116066489337683,-0.11927233554271145,-0.601505160086938,-0.22074545173300675,-0.4452339219020325,-0.3049780776050741,-0.45873794821764563,-0.9475039406710166,-0.5306654264707639,-0.6968487158117113,-0.4844638080209369,-0.4625326738505199,-0.43658381765741056,-0.4826935283855032,-0.2576678859854853,-1.0,-0.33236453952483563,-0.6355370892081691,-0.3111488581740048,-0.42106728897856,-0.2933726521655411,-0.4625763700732145,-0.057535981654577864,-0.9519313876085086,-0.13555733512468426,-0.5740451428589739,-0.13742462037449993,-0.3998982169319367,-0.12486982166988903,-0.439986296864563,0.1309957407835199,-0.8536916462435377,0.05080035458028176,-0.5701290873810844,0.028386231495013823,-0.42773970218402463,0.028823485030111066,-0.43332670121775546,0.0,0.0,0.0,0.0,0.0,0.0,0.0,0.0,0.0,0.0,0.0,0.0,0.0,0.0,0.0,0.0,0.0,0.0,0.0,0.0,0.0,0.0,0.0,0.0,0.0,0.0,0.0,0.0,0.0,0.0,0.0,0.0,0.0,0.0,0.0,0.0,0.0,0.0,0.0,0.0,0.0,0.0,yes
0.0,0.0,-0.2389066079140319,-0.02937424988270591,-0.47365929940170787,-0.12403356981180225,-0.6066503422240554,-0.22697975216796543,-0.46831819106154804,-0.32448898247802793,-0.4549118865541323,-0.9384834040494483,-0.5144966928014288,-0.8012805546116403,-0.4996496314447693,-0.5541494048312612,-0.4559158087621232,-0.5061445562325656,-0.2552880546400685,-1.0,-0.3129951217178146,-0.7307850721877367,-0.3181884033250825,-0.5003310225991779,-0.3052957265669154,-0.49830014025079744,-0.053116020652029604,-0.9569582013636388,-0.1155913490200978,-0.6207677213757012,-0.13392865713516516,-0.43943674618149964,-0.1318384078071418,-0.4509155436782215,0.13508025839699409,-0.8581086359609424,0.0662408488828301,-0.5933316113955656,0.035379470927975304,-0.4602970032523358,0.02784252273629793,-0.4674109986338211,0.0,0.0,0.0,0.0,0.0,0.0,0.0,0.0,0.0,0.0,0.0,0.0,0.0,0.0,0.0,0.0,0.0,0.0,0.0,0.0,0.0,0.0,0.0,0.0,0.0,0.0,0.0,0.0,0.0,0.0,0.0,0.0,0.0,0.0,0.0,0.0,0.0,0.0,0.0,0.0,0.0,0.0,yes
0.0,0.0,-0.23758155157935534,-0.035198846905635024,-0.47553978307170214,-0.14144799691757834,-0.5879043087795011,-0.266027995032666,-0.4398960302929314,-0.35694037277999,-0.46449776692347966,-0.9329172407001285,-0.5075412377520409,-0.8341423883352064,-0.49394793375940016,-0.5639191775005004,-0.46501165514212706,-0.523471621253037,-0.260295199055668,-1.0,-0.30481059580929226,-0.8107939822585274,-0.32431323612369445,-0.5342903524407875,-0.3222879386638029,-0.5175067662453046,-0.06031901006703541,-0.9664860771389028,-0.10599288664945032,-0.7038241482684751,-0.13957579185605926,-0.47272723972136577,-0.1496402555553858,-0.4714510663293995,0.13117840150659862,-0.8796106793747477,0.08062614185826034,-0.6544500344684812,0.03597792383411138,-0.4825330196250235,0.01452471693412201,-0.46984994978357547,0.0,0.0,0.0,0.0,0.0,0.0,0.0,0.0,0.0,0.0,0.0,0.0,0.0,0.0,0.0,0.0,0.0,0.0,0.0,0.0,0.0,0.0,0.0,0.0,0.0,0.0,0.0,0.0,0.0,0.0,0.0,0.0,0.0,0.0,0.0,0.0,0.0,0.0,0.0,0.0,0.0,0.0,yes
0.0,0.0,-0.23873538744971,-0.03371486793299837,-0.476276929304291,-0.12302788497973899,-0.5868663744104067,-0.23149129504662838,-0.4369728653113929,-0.32209273220091916,-0.4626350287601092,-0.9461164867964523,-0.5056479898817882,-0.7171386670416021,-0.4758032686212486,-0.47463322427841226,-0.44777926434900267,-0.48498661140152494,-0.25850461302946753,-1.0,-0.30518312462840097,-0.6145700863339199,-0.2993144608842969,-0.40999501277071165,-0.2977457849716056,-0.4661621852008542,-0.056203110744862554,-0.9545277863069977,-0.11290084618968747,-0.5395939348734687,-0.11903305757507167,-0.375687162644833,-0.11972156002549729,-0.42846383880467903,0.1299021910392541,-0.8593092214563088,0.06254307080919844,-0.5332416801225182,0.04513190307247371,-0.4073967356661293,0.040535266520433454,-0.44455947507362625,0.0,0.0,0.0,0.0,0.0,0.0,0.0,0.0,0.0,0.0,0.0,0.0,0.0,0.0,0.0,0.0,0.0,0.0,0.0,0.0,0.0,0.0,0.0,0.0,0.0,0.0,0.0,0.0,0.0,0.0,0.0,0.0,0.0,0.0,0.0,0.0,0.0,0.0,0.0,0.0,0.0,0.0,yes
0.0,0.0,-0.2325391188995315,-0.02557246129036324,-0.46351426364532344,-0.11927879761947881,-0.5788047835717934,-0.2258635883298361,-0.4416853201671451,-0.32232833979564307,-0.44935536725390424,-0.9398362980817941,-0.4912279750013044,-0.7341794409039714,-0.47244305303965767,-0.48896227075899656,-0.4499390254312537,-0.4849251687351323,-0.24880081220710387,-1.0,-0.29380599540444974,-0.6260830106167391,-0.29543538777927,-0.4103531834022166,-0.29417233744250176,-0.46348203320469344,-0.047599574111425104,-0.9516036000444844,-0.10433248922553921,-0.5355333427897233,-0.11333052620023688,-0.3666158372407424,-0.11168358259537059,-0.42057501978103407,0.1363928424807419,-0.8505889315241951,0.06781093240590506,-0.5211974980881126,0.051779319768572675,-0.3993626031473823,0.0533908418000733,-0.44541192497583115,0.0,0.0,0.0,0.0,0.0,0.0,0.0,0.0,0.0,0.0,0.0,0.0,0.0,0.0,0.0,0.0,0.0,0.0,0.0,0.0,0.0,0.0,0.0,0.0,0.0,0.0,0.0,0.0,0.0,0.0,0.0,0.0,0.0,0.0,0.0,0.0,0.0,0.0,0.0,0.0,0.0,0.0,yes
0.0,0.0,-0.24144471551359875,-0.04398240967919748,-0.49866959722755955,-0.15352023773711548,-0.5917569280580919,-0.26438864245360283,-0.4251578451335358,-0.34157565176868276,-0.4998339387468722,-0.9156334063075454,-0.5231433743298863,-0.8253091260657046,-0.5141444193855212,-0.5817537807191583,-0.4954815689397641,-0.5341298477279169,-0.29689004658409396,-1.0,-0.3109525656028893,-0.7257662726986606,-0.3278076958522942,-0.48521985292711217,-0.337358217597624,-0.4968135366873649,-0.09124535506678097,-0.9718812218630508,-0.11656178434990062,-0.6167900968371852,-0.14291944377305077,-0.4227356113575464,-0.15649508163084322,-0.4568179881722655,0.09830374081229167,-0.8899177344724034,0.05447782864913083,-0.5935905572876546,0.025814786928631917,-0.4595744310880577,0.011939717156822682,-0.5000401676957827,0.0,0.0,0.0,0.0,0.0,0.0,0.0,0.0,0.0,0.0,0.0,0.0,0.0,0.0,0.0,0.0,0.0,0.0,0.0,0.0,0.0,0.0,0.0,0.0,0.0,0.0,0.0,0.0,0.0,0.0,0.0,0.0,0.0,0.0,0.0,0.0,0.0,0.0,0.0,0.0,0.0,0.0,yes
0.0,0.0,-0.2531839864556415,-0.01359017125861827,-0.5313032877341012,-0.1125222070233791,-0.6343081990235802,-0.2712779974717846,-0.4721580077857358,-0.3984039322749641,-0.5387975246517217,-0.8997977752028937,-0.5702935908361517,-0.9889919653347453,-0.5642544156603402,-0.7173689532231503,-0.5313584252088535,-0.5859864864536144,-0.32035237711438025,-1.0,-0.341072310365602,-0.998869073633665,-0.35050203481607195,-0.6548608954488069,-0.3448094959705047,-0.5158418884260765,-0.10245434738717292,-0.9987715694963273,-0.11117255515977299,-0.8787052585744854,-0.14056204547057807,-0.6074528027270346,-0.15942392690716875,-0.5236588417400414,0.11098970956335175,-0.9331101346732821,0.09622056935929443,-0.7691024997547193,0.05765352746048954,-0.5829352759022477,0.03150295836877403,-0.5484131353681765,0.0,0.0,0.0,0.0,0.0,0.0,0.0,0.0,0.0,0.0,0.0,0.0,0.0,0.0,0.0,0.0,0.0,0.0,0.0,0.0,0.0,0.0,0.0,0.0,0.0,0.0,0.0,0.0,0.0,0.0,0.0,0.0,0.0,0.0,0.0,0.0,0.0,0.0,0.0,0.0,0.0,0.0,yes
0.0,0.0,-0.24650400802718558,0.0029314811016071863,-0.522914569628043,-0.08609665380217948,-0.6380235043244713,-0.22261883748924646,-0.48360294690576483,-0.3292597115746991,-0.523544277529446,-0.8914012272943391,-0.5700283686589925,-0.8977961018536629,-0.561318204441985,-0.6656139731547253,-0.529819690457222,-0.5449322825480272,-0.3195743747048244,-1.0,-0.34286959162806524,-0.828688044931885,-0.3407554586611074,-0.5611031337509124,-0.33380084374498104,-0.48657139949400746,-0.10500061221601525,-0.9867483060698435,-0.127757953640141,-0.7225826610883451,-0.14694814291825087,-0.5266027735770749,-0.16177529923051603,-0.5025371185774962,0.10194112231121882,-0.9058348161682275,0.07110531228582379,-0.6546449703671547,0.04139971663144437,-0.5222842654123394,0.021872411002078353,-0.5269871975295096,0.0,0.0,0.0,0.0,0.0,0.0,0.0,0.0,0.0,0.0,0.0,0.0,0.0,0.0,0.0,0.0,0.0,0.0,0.0,0.0,0.0,0.0,0.0,0.0,0.0,0.0,0.0,0.0,0.0,0.0,0.0,0.0,0.0,0.0,0.0,0.0,0.0,0.0,0.0,0.0,0.0,0.0,yes
0.0,0.0,-0.22141819708825014,-0.010827178900407984,-0.4494207705850853,-0.12483231818899791,-0.46888688556799923,-0.3250638558533569,-0.3236488178480481,-0.45371866440137304,-0.46609071191089846,-0.6461557427890079,-0.5118579260235236,-0.920185384233094,-0.5094250469046766,-0.7629181450789578,-0.47937504093323935,-0.6086408623525922,-0.2854312340841934,-0.7153184702333484,-0.3176646671983172,-1.0,-0.30653930168856836,-0.7064364388659663,-0.28874403337840804,-0.5285712084262759,-0.10740034441709141,-0.7292681329434563,-0.12110922336642665,-0.9324383882512934,-0.1270906772380369,-0.6586237185488252,-0.12808655887259265,-0.5016939619137879,0.0716641817782555,-0.6987587115564647,0.0577561265020091,-0.8714680874834823,0.036810636092907856,-0.68667791608397,0.026035851738844006,-0.569866586533831,0.0,0.0,0.0,0.0,0.0,0.0,0.0,0.0,0.0,0.0,0.0,0.0,0.0,0.0,0.0,0.0,0.0,0.0,0.0,0.0,0.0,0.0,0.0,0.0,0.0,0.0,0.0,0.0,0.0,0.0,0.0,0.0,0.0,0.0,0.0,0.0,0.0,0.0,0.0,0.0,0.0,0.0,yes
0.0,0.0,-0.24196777957011037,-0.017025490919347297,-0.48867014247981155,-0.10943400806734818,-0.5343981448431945,-0.3316656479789764,-0.366797103950787,-0.4655642072576509,-0.4898868073738039,-0.6494916813572336,-0.5327858684187409,-0.924861993705189,-0.5117143598345056,-0.7520735660522104,-0.47869859235945145,-0.5991912079194722,-0.3058367204441876,-0.71759858246402,-0.3496062091466291,-1.0,-0.32141348728786795,-0.7394759206711448,-0.3009914563956066,-0.5604418505567672,-0.1252506516892489,-0.7323403065608768,-0.1519925922100942,-0.9676166349402541,-0.14409105936456518,-0.7116491857664609,-0.14546736780907124,-0.5292677442469176,0.05774117953953945,-0.7025507377445288,0.023982740392636728,-0.9143695447834104,0.006195650988751095,-0.7378371055636807,-0.011794284472874894,-0.591793292872471,0.0,0.0,0.0,0.0,0.0,0.0,0.0,0.0,0.0,0.0,0.0,0.0,0.0,0.0,0.0,0.0,0.0,0.0,0.0,0.0,0.0,0.0,0.0,0.0,0.0,0.0,0.0,0.0,0.0,0.0,0.0,0.0,0.0,0.0,0.0,0.0,0.0,0.0,0.0,0.0,0.0,0.0,yes
0.0,0.0,-0.23434596193616763,-0.0016113655761734185,-0.47979886630407476,-0.1080263808080287,-0.515053623451234,-0.3347035902589332,-0.33954475802895967,-0.4781625441108207,-0.4757088927081756,-0.6507396309415466,-0.5261283302525775,-0.9208721339405,-0.5042979454049045,-0.7290406010884413,-0.46787750626827035,-0.56653018170081,-0.29391823879489487,-0.7209261650164797,-0.33988999123190855,-1.0,-0.3172152408396737,-0.7293053492013051,-0.29976848578221527,-0.5438362979021467,-0.11368529373106416,-0.7366596483113521,-0.13971213374084715,-0.9658930392667413,-0.13238154341702674,-0.7075198862643771,-0.13419131409899127,-0.5253492678560435,0.07028656851506465,-0.7055618316825918,0.042300634064451295,-0.9141825127320341,0.025570549860825267,-0.738481689330048,0.007095166236026374,-0.5947523721264535,0.0,0.0,0.0,0.0,0.0,0.0,0.0,0.0,0.0,0.0,0.0,0.0,0.0,0.0,0.0,0.0,0.0,0.0,0.0,0.0,0.0,0.0,0.0,0.0,0.0,0.0,0.0,0.0,0.0,0.0,0.0,0.0,0.0,0.0,0.0,0.0,0.0,0.0,0.0,0.0,0.0,0.0,yes
0.0,0.0,-0.2569238164954201,-0.052525745154038135,-0.49775205447004006,-0.14373402343857253,-0.5464492419437178,-0.3642425649800754,-0.3720192791403406,-0.5117786202952183,-0.5048851688646631,-0.697750565302108,-0.5452665168501678,-0.9314254455055283,-0.5321650966027891,-0.7230447806758123,-0.49163017817428945,-0.558094069807539,-0.32253143656772854,-0.7536281017157541,-0.37261773850304186,-1.0,-0.3578019136738657,-0.7495331225850466,-0.3249443539826633,-0.5906910251106289,-0.14407932425282163,-0.7635480542857555,-0.1836241786889831,-0.9649831468072938,-0.17951407519646545,-0.7341798012053884,-0.1584600328268456,-0.5881603703560647,0.03835724301033436,-0.7347654630311734,-0.011880767908058773,-0.9248021384451505,-0.030731307103191427,-0.7672272298079299,-0.028142947091259467,-0.6520535858465757,0.0,0.0,0.0,0.0,0.0,0.0,0.0,0.0,0.0,0.0,0.0,0.0,0.0,0.0,0.0,0.0,0.0,0.0,0.0,0.0,0.0,0.0,0.0,0.0,0.0,0.0,0.0,0.0,0.0,0.0,0.0,0.0,0.0,0.0,0.0,0.0,0.0,0.0,0.0,0.0,0.0,0.0,yes
0.0,0.0,-0.2712678106720676,-0.03997729792742741,-0.5287474057418474,-0.14529837064375897,-0.5565040850709874,-0.3885240665713003,-0.3597681079793496,-0.5595095821281687,-0.5383245553858318,-0.7162411985427986,-0.569474290770862,-0.9142200196434712,-0.5318085601519394,-0.6902711713038858,-0.4954944351582903,-0.521970484752566,-0.3468024978407245,-0.7846308092042964,-0.3874548326539136,-1.0,-0.35343797766710416,-0.7250442514251985,-0.3340212207699965,-0.578030715199538,-0.1582971709469639,-0.7991568676960894,-0.1863280520973248,-0.9705128365514603,-0.17048510999858815,-0.7063918895492597,-0.16727842948226151,-0.5740795537607903,0.03469495558007089,-0.7665682110220452,-0.009839607253123259,-0.9486721764041929,-0.016149312848704165,-0.7615707934721584,-0.02280470677383175,-0.6502029833873014,0.0,0.0,0.0,0.0,0.0,0.0,0.0,0.0,0.0,0.0,0.0,0.0,0.0,0.0,0.0,0.0,0.0,0.0,0.0,0.0,0.0,0.0,0.0,0.0,0.0,0.0,0.0,0.0,0.0,0.0,0.0,0.0,0.0,0.0,0.0,0.0,0.0,0.0,0.0,0.0,0.0,0.0,yes
0.0,0.0,-0.2700837986976424,-0.02216684221334552,-0.5348421073550746,-0.12631199613134866,-0.5737204634432321,-0.37220241525732495,-0.3814797591367078,-0.5553682174394032,-0.5265319263101413,-0.6645203601025458,-0.5809622607762476,-0.8508372582920964,-0.5339544373563333,-0.6379188775611598,-0.4787456030525249,-0.488530641175964,-0.3427264717767311,-0.7545322177838722,-0.39993852554038567,-1.0,-0.366528746596713,-0.7272174195300648,-0.33599766821015253,-0.5680632233019999,-0.15500679001305007,-0.7873821021880403,-0.18775783832482099,-0.993256622746875,-0.17239028332571527,-0.7175728187497101,-0.1603836854203515,-0.5597037566989275,0.04013010327444239,-0.7661243930390773,-0.0036635598216710717,-0.979867909404665,-0.012740051802831269,-0.7851125817285717,-0.015441748312433341,-0.6472651152314898,0.0,0.0,0.0,0.0,0.0,0.0,0.0,0.0,0.0,0.0,0.0,0.0,0.0,0.0,0.0,0.0,0.0,0.0,0.0,0.0,0.0,0.0,0.0,0.0,0.0,0.0,0.0,0.0,0.0,0.0,0.0,0.0,0.0,0.0,0.0,0.0,0.0,0.0,0.0,0.0,0.0,0.0,yes
0.0,0.0,-0.2080783736389913,0.036019303515956946,-0.4416124536856774,-0.07613738313064453,-0.4533356259574311,-0.29962181176040376,-0.2704060123593281,-0.42193472842351776,-0.4323576417803268,-0.5189818854275318,-0.4913595545109274,-0.7965334007857447,-0.4764961030127165,-0.9102707664848673,-0.4505645823682049,-1.0,-0.27311737193278635,-0.5869292952833522,-0.28499212265728396,-0.7692426477345179,-0.25434153846445345,-0.5575287596429949,-0.25830247290771996,-0.42176562371217524,-0.12044376486771464,-0.6097688523332186,-0.12966636635185716,-0.7580301053754456,-0.11299463128067687,-0.5567741831579286,-0.12767405706360327,-0.4386168845133242,0.03351304853636793,-0.597520839668839,0.01635436768574755,-0.7475773500107527,0.014565741943368396,-0.5804928952337103,-0.006102453770940326,-0.46024286657590907,0.0,0.0,0.0,0.0,0.0,0.0,0.0,0.0,0.0,0.0,0.0,0.0,0.0,0.0,0.0,0.0,0.0,0.0,0.0,0.0,0.0,0.0,0.0,0.0,0.0,0.0,0.0,0.0,0.0,0.0,0.0,0.0,0.0,0.0,0.0,0.0,0.0,0.0,0.0,0.0,0.0,0.0,yes
0.0,0.0,-0.1934587521962423,-0.009717442960842216,-0.3778917784664169,-0.1400763658865364,-0.35934333322062717,-0.32596941209347874,-0.20813594480277306,-0.39103888321510727,-0.35324375774260713,-0.4999252473051348,-0.39263557633512997,-0.7284505497683889,-0.38501609729012315,-0.8731845992338969,-0.37426820778071673,-1.0,-0.21885348512543584,-0.5502600864198185,-0.22440351626899727,-0.6692859304836601,-0.20605509049557166,-0.49341748544970365,-0.20595609918847496,-0.3674357707328738,-0.09000916993548455,-0.5558822223426232,-0.08742154531540952,-0.6411027387187592,-0.07861661481504717,-0.4884980655957953,-0.08425056451524202,-0.3868018108483881,0.038462400209226075,-0.5287761211783958,0.030351630973443035,-0.6306202518289968,0.02532996083936481,-0.5086959585882291,0.01383067435078201,-0.4191788935867891,0.0,0.0,0.0,0.0,0.0,0.0,0.0,0.0,0.0,0.0,0.0,0.0,0.0,0.0,0.0,0.0,0.0,0.0,0.0,0.0,0.0,0.0,0.0,0.0,0.0,0.0,0.0,0.0,0.0,0.0,0.0,0.0,0.0,0.0,0.0,0.0,0.0,0.0,0.0,0.0,0.0,0.0,yes
0.0,0.0,-0.22155722045800777,-0.014220056377132903,-0.4550512308527742,-0.17224670292009536,-0.443761912168664,-0.4128366013266463,-0.24100170004616644,-0.4973680665689754,-0.4377997190322066,-0.612954336903852,-0.5099753985731321,-0.8350677376486176,-0.5203726457535933,-0.9157401749958509,-0.5239230704922543,-1.0,-0.2802349849307888,-0.6829129855693294,-0.27988321702417746,-0.8237699844730936,-0.2428736609934789,-0.6007570700263727,-0.2341355278887699,-0.4570566552230464,-0.12870140833680016,-0.6986353737112283,-0.11704444505635853,-0.7690117777749663,-0.10515330060254519,-0.5693753043549016,-0.11097161123841405,-0.4574376957763292,0.024846523265428234,-0.671704538773481,0.021013791137681412,-0.7394270549211909,0.01245030161989369,-0.5808725084450346,-0.0018848607577100554,-0.48324178189050193,0.0,0.0,0.0,0.0,0.0,0.0,0.0,0.0,0.0,0.0,0.0,0.0,0.0,0.0,0.0,0.0,0.0,0.0,0.0,0.0,0.0,0.0,0.0,0.0,0.0,0.0,0.0,0.0,0.0,0.0,0.0,0.0,0.0,0.0,0.0,0.0,0.0,0.0,0.0,0.0,0.0,0.0,yes
0.0,0.0,-0.2847559987029831,-0.022628399756318043,-0.5770410820264906,-0.21619772629013875,-0.5568114265220296,-0.5158743318397988,-0.3058779674173643,-0.6322478186534607,-0.540721539323193,-0.7544701636992494,-0.6095905553590378,-0.9711708524938097,-0.5880417747514051,-0.8458693206382895,-0.5580163257084463,-0.7765814762410093,-0.3496670253114806,-0.8359666705970208,-0.3511869669457218,-1.0,-0.30870966474079314,-0.7152169801124081,-0.30257462759894665,-0.5834481733679204,-0.16323067739653344,-0.8553457729041387,-0.15041895118500176,-0.9395136923711827,-0.13647663404472743,-0.6807735673859214,-0.15293192135361397,-0.5771927691309987,0.027249636442243447,-0.8261106935109853,0.02039423908344142,-0.9069623766851393,0.016201656644263648,-0.7064338668789057,-0.00320569508312699,-0.6142818014778132,0.0,0.0,0.0,0.0,0.0,0.0,0.0,0.0,0.0,0.0,0.0,0.0,0.0,0.0,0.0,0.0,0.0,0.0,0.0,0.0,0.0,0.0,0.0,0.0,0.0,0.0,0.0,0.0,0.0,0.0,0.0,0.0,0.0,0.0,0.0,0.0,0.0,0.0,0.0,0.0,0.0,0.0,yes
0.0,0.0,-0.28130229737051515,-0.004071297323052665,-0.553723557370774,-0.20046624213401318,-0.5134112417117818,-0.48104797227203044,-0.2651884662396684,-0.5781199050996312,-0.5088770307945409,-0.7433141038245539,-0.5751840096946804,-0.990104374379366,-0.5828849564177022,-0.9839274674188345,-0.5871454873937718,-0.9964322984245528,-0.30592979369833445,-0.811282887052165,-0.29113751615728706,-1.0,-0.2527631503519931,-0.7120276786578341,-0.2594288595497965,-0.5707854059554974,-0.11566306054305743,-0.8173482262889308,-0.07970805007356689,-0.9350552568430772,-0.06567825471096254,-0.6735140072968989,-0.09198358166911479,-0.5579002584549535,0.07097618059917415,-0.7756459370548463,0.09160203238176133,-0.8920979848156945,0.09007953360993089,-0.6870174002501336,0.06192378506755395,-0.5883502338915624,0.0,0.0,0.0,0.0,0.0,0.0,0.0,0.0,0.0,0.0,0.0,0.0,0.0,0.0,0.0,0.0,0.0,0.0,0.0,0.0,0.0,0.0,0.0,0.0,0.0,0.0,0.0,0.0,0.0,0.0,0.0,0.0,0.0,0.0,0.0,0.0,0.0,0.0,0.0,0.0,0.0,0.0,yes
0.0,0.0,-0.26833240026987065,-0.03572743063032026,-0.5072913885419806,-0.22145299513371516,-0.46487059127513886,-0.46951523764408654,-0.23473235433443865,-0.5519813961500366,-0.45428132581140634,-0.745008397571164,-0.48898611888663995,-0.9244253046811076,-0.4554073180885118,-0.7186070080243457,-0.41453167391585205,-0.579720655154099,-0.26721272411466634,-0.8071492757992047,-0.275024618520592,-1.0,-0.25143734837718734,-0.7386813660049093,-0.24043696079697974,-0.6096320858992579,-0.08571321935604266,-0.8097452019005785,-0.0635419089042964,-0.9333947719736445,-0.06536899071242984,-0.7115765901554627,-0.08320399638258473,-0.6175938446521109,0.0948997315648192,-0.7618942623774457,0.10300561273559852,-0.8816330046078981,0.09320184315920933,-0.7108789457818354,0.0743304193043653,-0.6279373555545986,0.0,0.0,0.0,0.0,0.0,0.0,0.0,0.0,0.0,0.0,0.0,0.0,0.0,0.0,0.0,0.0,0.0,0.0,0.0,0.0,0.0,0.0,0.0,0.0,0.0,0.0,0.0,0.0,0.0,0.0,0.0,0.0,0.0,0.0,0.0,0.0,0.0,0.0,0.0,0.0,0.0,0.0,yes
0.0,0.0,-0.2502614206110134,-0.010760808428841057,-0.5022720134135042,-0.18300791313587297,-0.4862664978740787,-0.4221017149529218,-0.2627556682337856,-0.4945510448676995,-0.4460366612556393,-0.7210758673236317,-0.4878943012273424,-0.9075287450293561,-0.4985208172842711,-0.8127733959506636,-0.49796566722799757,-0.7036150495111814,-0.25931688448439877,-0.7935004739565511,-0.2821516447444203,-1.0,-0.2626084523281746,-0.728114698047254,-0.2531433686258182,-0.5590810580890364,-0.07399846828031033,-0.7955339638893992,-0.08016018439073125,-0.9361009923588203,-0.07764234289056746,-0.6778090002860034,-0.08355233104024894,-0.5306318652760944,0.11255611201669496,-0.7371594859580187,0.09948648619794695,-0.8908124351365034,0.08606567739825667,-0.6978123828804759,0.07243696827384856,-0.5735374352629293,0.0,0.0,0.0,0.0,0.0,0.0,0.0,0.0,0.0,0.0,0.0,0.0,0.0,0.0,0.0,0.0,0.0,0.0,0.0,0.0,0.0,0.0,0.0,0.0,0.0,0.0,0.0,0.0,0.0,0.0,0.0,0.0,0.0,0.0,0.0,0.0,0.0,0.0,0.0,0.0,0.0,0.0,yes
0.0,0.0,-0.24874117759178388,-0.01452452895768047,-0.49229626473671523,-0.18658040934852926,-0.47137195104859825,-0.4215320017266413,-0.24855057433246813,-0.4942908717856722,-0.4359421687287323,-0.7328998043513603,-0.4803594553231566,-0.9269451342912082,-0.4953442350923024,-0.8304567190451898,-0.4959014693268902,-0.7174895308356831,-0.2496857849210398,-0.7974027502929124,-0.2759284901418873,-1.0,-0.2603606886383639,-0.732393023920709,-0.2482859721607122,-0.5649351668619416,-0.06609728614594604,-0.7914508832218679,-0.07509319938782717,-0.9337440646705647,-0.0770317466546325,-0.6793963482657907,-0.0803090015192201,-0.5309629388780195,0.11919935419130961,-0.7276313060247448,0.10551235837897534,-0.896060679108201,0.0889214658511837,-0.712084807238439,0.07670323633122361,-0.5874112153200173,0.0,0.0,0.0,0.0,0.0,0.0,0.0,0.0,0.0,0.0,0.0,0.0,0.0,0.0,0.0,0.0,0.0,0.0,0.0,0.0,0.0,0.0,0.0,0.0,0.0,0.0,0.0,0.0,0.0,0.0,0.0,0.0,0.0,0.0,0.0,0.0,0.0,0.0,0.0,0.0,0.0,0.0,yes
0.0,0.0,-0.22784588943461165,-5.247449712391068e-05,-0.4652307768876348,-0.13475450861420263,-0.4630674210732171,-0.34358028625108666,-0.27583949728349805,-0.44073059647274004,-0.4312640889967471,-0.6753554335718849,-0.4823910193955479,-0.9278351240480883,-0.4845862926875977,-0.8021673590234767,-0.45540235767374604,-0.6412010276345849,-0.24289254575424515,-0.7380446054864521,-0.2766433849404685,-1.0,-0.25998949428109125,-0.7336410755216208,-0.23576899752612498,-0.5758551314377958,-0.06007031582614604,-0.738286961926777,-0.06906022503444653,-0.94086935635431,-0.0744607704446321,-0.6899130492172915,-0.07426493778526246,-0.5537639091228266,0.12522741202812848,-0.6869728544557611,0.10787620562862013,-0.878976498457953,0.08698865090231792,-0.6943035958013911,0.07593167928669306,-0.5808445364581446,0.0,0.0,0.0,0.0,0.0,0.0,0.0,0.0,0.0,0.0,0.0,0.0,0.0,0.0,0.0,0.0,0.0,0.0,0.0,0.0,0.0,0.0,0.0,0.0,0.0,0.0,0.0,0.0,0.0,0.0,0.0,0.0,0.0,0.0,0.0,0.0,0.0,0.0,0.0,0.0,0.0,0.0,yes
0.0,0.0,-0.2500703277272088,-0.012118137185953209,-0.48618395054286306,-0.14264081731982148,-0.4762576941882506,-0.2999968743232352,-0.27591465116330993,-0.36115743810601847,-0.4704980765924765,-0.8254231384920395,-0.5015907462106751,-0.9794788157257264,-0.47912606077655207,-0.723706918685519,-0.4525628316845388,-0.5560316631056278,-0.24598294720062155,-0.9065271945041672,-0.2541783600467065,-1.0,-0.2527109664369294,-0.6464586082254417,-0.2512379912615008,-0.4868336447846967,-0.02706780262690806,-0.8881666342935859,-0.018227160791510662,-0.8893298325753567,-0.04548585296369973,-0.5871544731783445,-0.07229522910094373,-0.4683904774024733,0.1877566124808273,-0.8027876571489809,0.17894834372620858,-0.7350335898620907,0.14251802287548868,-0.5270622210612566,0.11567236656150998,-0.46548024907178565,0.0,0.0,0.0,0.0,0.0,0.0,0.0,0.0,0.0,0.0,0.0,0.0,0.0,0.0,0.0,0.0,0.0,0.0,0.0,0.0,0.0,0.0,0.0,0.0,0.0,0.0,0.0,0.0,0.0,0.0,0.0,0.0,0.0,0.0,0.0,0.0,0.0,0.0,0.0,0.0,0.0,0.0,yes
0.0,0.0,-0.24261075301179638,-0.010382372038713741,-0.4814075393142886,-0.14390966422267368,-0.4866555753415877,-0.30643157516323477,-0.30159653772304573,-0.37904965736723156,-0.4718784747477281,-0.8300965056752471,-0.5086988872446975,-0.982801200538403,-0.48365701609914197,-0.7256217969618687,-0.4583465007984082,-0.5587419427654184,-0.24669057711118356,-0.8899779566880969,-0.26029110548184564,-1.0,-0.2494600642628031,-0.6390124819208615,-0.24489980186100174,-0.47480680750977455,-0.026428565456931938,-0.8631664897070831,-0.020283191068975224,-0.9238956746618957,-0.03939984226909561,-0.6051867271952045,-0.06231206752889179,-0.4681347345188232,0.18755207767271673,-0.770064011994237,0.18578582595537274,-0.7870393128951981,0.1495662400129306,-0.554977580474809,0.12071876245335651,-0.46095992910469596,0.0,0.0,0.0,0.0,0.0,0.0,0.0,0.0,0.0,0.0,0.0,0.0,0.0,0.0,0.0,0.0,0.0,0.0,0.0,0.0,0.0,0.0,0.0,0.0,0.0,0.0,0.0,0.0,0.0,0.0,0.0,0.0,0.0,0.0,0.0,0.0,0.0,0.0,0.0,0.0,0.0,0.0,yes
0.0,0.0,-0.22437133271015217,0.015934121626810033,-0.4459045631810498,-0.0460633617587224,-0.5679754665924037,-0.10735234343084787,-0.5752921289759796,-0.1398313110660391,-0.5395660324620741,-0.9294329221907446,-0.5558152428205331,-0.5731584330645054,-0.4913121513163081,-0.4107047237201664,-0.4668417102739915,-0.5075564984043354,-0.3166541928046122,-1.0,-0.3168830224765002,-0.5433706457092133,-0.2848238318680385,-0.371719212170667,-0.29301409119809485,-0.47791972839402524,-0.09046655656904974,-0.9550715719830574,-0.09961513613573746,-0.5032921781206071,-0.09152009452150026,-0.35001366834952885,-0.0957332224848957,-0.43341568471264214,0.126500830851359,-0.8477284431698694,0.09730226710309826,-0.4791626779317074,0.09943903455379238,-0.3515822010445281,0.10660391170758128,-0.408676483988578,0.0,0.0,-0.2688865443478701,-0.001963959014045814,-0.5262031684426077,-0.056138930616523364,-0.6384885796173008,-0.14447276078472632,-0.5376318317230039,-0.24808864703097327,-0.5579034250432051,-0.9351153143990538,-0.5499966877675359,-0.8293269933307225,-0.5116556486227932,-0.5586006986862128,-0.4882293974269799,-0.475384267675144,-0.3202841116105438,-1.0,-0.31199768533401917,-0.7530238734025785,-0.30307268012212396,-0.4910467433935575,-0.3088432710049118,-0.4360933971620013,-0.08920280409703672,-0.9690413425062688,-0.09231873807839859,-0.6421108467819713,-0.11054381011945469,-0.4301484269818353,-0.13281808634795197,-0.41107191636028517,0.12143618399646175,-0.8850553045402914,0.10760176834246146,-0.6151468390586246,0.06760510005864599,-0.417074850608574,0.034056081940734416,-0.3784469136812736,yes
0.0,0.0,-0.2387758119604556,0.030660515925862095,-0.4668366247826155,-0.0099815712786125,-0.5585875687405016,-0.07182403214940386,-0.42307036990615254,-0.17368335500650195,-0.5022776411236624,-0.9492529611293027,-0.5277532431416172,-0.5301038353674777,-0.4640821086687452,-0.3511082692277563,-0.43265487176273365,-0.47457629608159557,-0.2719783555548592,-1.0,-0.289811717611669,-0.5000891080577186,-0.26041634026352484,-0.3416344180362543,-0.26586172387860935,-0.4826273559778777,-0.03911696852429223,-0.9378211806915568,-0.06290392388800978,-0.4431064635655757,-0.058914135083898665,-0.30744238331740487,-0.05907178780140066,-0.4212035071364783,0.1745475073244865,-0.8144026039137042,0.13825213075970985,-0.4011727991288953,0.13598379212558948,-0.2916080773027089,0.14705473389004653,-0.3789124312594983,0.0,0.0,0.0,0.0,0.0,0.0,0.0,0.0,0.0,0.0,0.0,0.0,0.0,0.0,0.0,0.0,0.0,0.0,0.0,0.0,0.0,0.0,0.0,0.0,0.0,0.0,0.0,0.0,0.0,0.0,0.0,0.0,0.0,0.0,0.0,0.0,0.0,0.0,0.0,0.0,0.0,0.0,yes
0.0,0.0,-0.23632153818209736,0.016273338913512837,-0.4662342963824333,-0.0249811341246702,-0.5319128218668134,-0.09840918070606124,-0.3645706351480152,-0.20123662769903733,-0.47439741551552056,-0.9522992961109145,-0.4890980519930416,-0.573783829838231,-0.4468291285370005,-0.3650069377735084,-0.4271402703578243,-0.4590554329039591,-0.24772626410727427,-1.0,-0.26128254246460425,-0.5108715191757812,-0.24869296466697752,-0.33714068231738487,-0.2550259066387283,-0.46299994569623976,-0.02228513968237918,-0.9381985757434466,-0.04877179874651941,-0.45296779412508215,-0.05611216909816435,-0.31913336816264165,-0.06065308698151612,-0.4309331071300837,0.1798456275174006,-0.8182439100205418,0.13513443925749907,-0.41367668290161846,0.13016845400939642,-0.31590791205786906,0.1393972844374786,-0.41008046319234953,0.0,0.0,0.0,0.0,0.0,0.0,0.0,0.0,0.0,0.0,0.0,0.0,0.0,0.0,0.0,0.0,0.0,0.0,0.0,0.0,0.0,0.0,0.0,0.0,0.0,0.0,0.0,0.0,0.0,0.0,0.0,0.0,0.0,0.0,0.0,0.0,0.0,0.0,0.0,0.0,0.0,0.0,yes
0.0,0.0,-0.2247202467917777,0.03459144584199756,-0.46687075295567143,0.032101813409743746,-0.595184067107726,0.03128562560629914,-0.5135074596921712,-0.050940693027943455,-0.5456397208250625,-0.9519449958340906,-0.5800128399700716,-0.4164700939630898,-0.5052632075850235,-0.2512824628195536,-0.46359420029881254,-0.4031316309358308,-0.2853357628570822,-1.0,-0.30913785737720006,-0.3672637410102507,-0.26969082579417814,-0.2198547478385657,-0.26345541532818634,-0.4164474351923753,-0.021350226705721575,-0.9197133665504618,-0.057961135487647426,-0.32941840128210875,-0.04568857879941559,-0.19343886970498753,-0.025830526556787362,-0.33393929809737133,0.20822938228886628,-0.7670281842063648,0.16577770329755923,-0.2805731724875318,0.1744890565218315,-0.15914765257495686,0.21303917843073852,-0.2672262124212549,0.0,0.0,0.0,0.0,0.0,0.0,0.0,0.0,0.0,0.0,0.0,0.0,0.0,0.0,0.0,0.0,0.0,0.0,0.0,0.0,0.0,0.0,0.0,0.0,0.0,0.0,0.0,0.0,0.0,0.0,0.0,0.0,0.0,0.0,0.0,0.0,0.0,0.0,0.0,0.0,0.0,0.0,yes
0.0,0.0,-0.23541771573630413,0.007298063828424985,-0.48145115099161956,-0.008426732976519875,-0.6251669859299213,0.006264568008264506,-0.5657980802674544,-0.04283621708516975,-0.5573226791118772,-0.959552633445984,-0.5899502589579732,-0.40005113403346293,-0.5117865677556226,-0.2885798062963213,-0.46651066893006143,-0.4551301019392863,-0.30207062553102393,-1.0,-0.32770383098601297,-0.3343041012782643,-0.2841057946713319,-0.27448723206545156,-0.28259946045375184,-0.48816735970153646,-0.0429270643527435,-0.9158382261076012,-0.08799293294779484,-0.2668443812262824,-0.06642752204992966,-0.1938749906989702,-0.05529094486349549,-0.35266476666095625,0.18658082032486983,-0.7576229509615102,0.12582908946811952,-0.2318556376353408,0.1368765498111242,-0.17693630135682556,0.16428473783209002,-0.32632511554907223,0.0,0.0,0.0,0.0,0.0,0.0,0.0,0.0,0.0,0.0,0.0,0.0,0.0,0.0,0.0,0.0,0.0,0.0,0.0,0.0,0.0,0.0,0.0,0.0,0.0,0.0,0.0,0.0,0.0,0.0,0.0,0.0,0.0,0.0,0.0,0.0,0.0,0.0,0.0,0.0,0.0,0.0,yes
0.0,0.0,-0.24655374879358838,0.005321930465357744,-0.4874773779183032,-0.025617879586700382,-0.6300297969251863,-0.04239927879749742,-0.5559407147364942,-0.11688005952227094,-0.5427351056134576,-0.9590657134937959,-0.5817095076170453,-0.4770224071445813,-0.5130928715240731,-0.33297039912291343,-0.4721359181990298,-0.4751804298662777,-0.3122525290403704,-1.0,-0.3520789250678712,-0.39031506480523037,-0.312507828999928,-0.283629108808286,-0.30257339973253156,-0.45631288799529485,-0.07883638891330101,-0.9271337330381609,-0.13025069899299674,-0.3333776065350427,-0.11184206078763617,-0.22807870078566375,-0.09922897026232667,-0.35869047822613453,0.1304543026990614,-0.7883308830634722,0.0711710275107578,-0.30832798807327666,0.0804242592225122,-0.22095535471782,0.1024066991981911,-0.33128311294160034,0.0,0.0,0.0,0.0,0.0,0.0,0.0,0.0,0.0,0.0,0.0,0.0,0.0,0.0,0.0,0.0,0.0,0.0,0.0,0.0,0.0,0.0,0.0,0.0,0.0,0.0,0.0,0.0,0.0,0.0,0.0,0.0,0.0,0.0,0.0,0.0,0.0,0.0,0.0,0.0,0.0,0.0,yes
0.0,0.0,-0.2868673101432919,0.07815472626299166,-0.5686737205573181,0.13413020539894166,-0.6605537713962759,0.20733326316590145,-0.5170542237993188,0.11191336857625268,-0.6149879845643442,-0.9517905519847801,-0.659901479618867,-0.2768733156499612,-0.5672974954649138,-0.16624463020141886,-0.5265604367126617,-0.3686394918226934,-0.3032033496398907,-1.0,-0.33289478688411495,-0.2085953924762234,-0.2789407489105622,-0.177773168740586,-0.2730794097798659,-0.4228960162882785,0.011388793317701916,-0.9007676258082891,-0.03801512255567476,-0.1541102342147601,-0.016794633783495737,-0.12114495559551365,-0.0033472518394628125,-0.32792056457069474,0.28658074399294553,-0.7110736589986636,0.23054600580738685,-0.10935815373566396,0.25327671588115996,-0.09204035983510064,0.29807434622674633,-0.2866926286164604,0.0,0.0,0.0,0.0,0.0,0.0,0.0,0.0,0.0,0.0,0.0,0.0,0.0,0.0,0.0,0.0,0.0,0.0,0.0,0.0,0.0,0.0,0.0,0.0,0.0,0.0,0.0,0.0,0.0,0.0,0.0,0.0,0.0,0.0,0.0,0.0,0.0,0.0,0.0,0.0,0.0,0.0,yes
0.0,0.0,-0.3784792022707649,0.07999248388656592,-0.7206043118594773,0.21533001201454818,-0.734189993254901,0.4514283934460716,-0.4491847927375554,0.4986594051751913,-0.733204524577742,-0.9703843685264792,-0.8313145692608321,-0.04988156504680465,-0.6998721954352887,0.015490240030554636,-0.6222713878615789,-0.25080790560333405,-0.3527824682569306,-1.0,-0.42857266861343535,0.07168697429969174,-0.3499506499753122,-0.007237833419029962,-0.3203309336575338,-0.33698688611811634,0.021025203999675255,-0.8508904194573387,-0.07424868225477275,0.16501953832068988,-0.04137589809130546,0.09071775309056763,-0.008532218443173945,-0.20654759686059296,0.3509008868707489,-0.6039054174736361,0.2530050412084195,0.2191723186444036,0.28197526728923095,0.17038293883098907,0.3400867723041432,-0.10028037349773469,0.0,0.0,0.0,0.0,0.0,0.0,0.0,0.0,0.0,0.0,0.0,0.0,0.0,0.0,0.0,0.0,0.0,0.0,0.0,0.0,0.0,0.0,0.0,0.0,0.0,0.0,0.0,0.0,0.0,0.0,0.0,0.0,0.0,0.0,0.0,0.0,0.0,0.0,0.0,0.0,0.0,0.0,yes
0.0,0.0,-0.33167537641025824,0.02204828676560959,-0.6413491607942159,0.07864627545579131,-0.7227156250729605,0.21897542050595073,-0.5219551175451959,0.2055762329063114,-0.6729496053633753,-0.9877849205066115,-0.735948077211954,-0.21412357278190078,-0.6308054005549626,-0.16623547452207274,-0.5686903843637819,-0.41470479013137523,-0.34826522435720947,-1.0,-0.4110648030473163,-0.10120732332098273,-0.3540038316117218,-0.17142035265100572,-0.3403390126177115,-0.4770964506271412,-0.027695266607138214,-0.8691529706444271,-0.12322961961848636,-0.029743667907014035,-0.09896113015365653,-0.09602993397099552,-0.0816461921981901,-0.36076575848335485,0.25294936748451474,-0.6550474590352778,0.16436107720358423,0.015515868942844317,0.18767232451257962,-0.04655773870593019,0.2241924563327097,-0.30357615625645634,0.0,0.0,0.0,0.0,0.0,0.0,0.0,0.0,0.0,0.0,0.0,0.0,0.0,0.0,0.0,0.0,0.0,0.0,0.0,0.0,0.0,0.0,0.0,0.0,0.0,0.0,0.0,0.0,0.0,0.0,0.0,0.0,0.0,0.0,0.0,0.0,0.0,0.0,0.0,0.0,0.0,0.0,yes
0.0,0.0,-0.3739315835076979,0.0856090588854037,-0.6689814902399988,0.19630343974301248,-0.6605959105992213,0.442736848876058,-0.3828454593954437,0.557072548270291,-0.6909027102496094,-1.0,-0.805684410862187,-0.04682019576757614,-0.6672835640747201,0.00019391357319338765,-0.5812327606103832,-0.26180460700813113,-0.29851433825337786,-0.995453436148517,-0.39469594351723275,0.11520027015471465,-0.2707392931330001,0.04315049963487493,-0.21665727052929892,-0.28293030840771416,0.0848267831535455,-0.8112833105681951,-0.032603493092893114,0.17831157087020844,0.05928032524508784,0.12195130026145225,0.1184769365817483,-0.14210932563480683,0.4180057738948818,-0.5383925226926176,0.3367105825731291,0.18745956192559016,0.3829712667380521,0.19820663051991538,0.4460953373717806,-9.175422731589562e-05,0.0,0.0,0.0,0.0,0.0,0.0,0.0,0.0,0.0,0.0,0.0,0.0,0.0,0.0,0.0,0.0,0.0,0.0,0.0,0.0,0.0,0.0,0.0,0.0,0.0,0.0,0.0,0.0,0.0,0.0,0.0,0.0,0.0,0.0,0.0,0.0,0.0,0.0,0.0,0.0,0.0,0.0,yes
0.0,0.0,-0.3442613729003428,0.09490421814592488,-0.6473758158344507,0.21984889895584617,-0.6437088182414672,0.4016021580087465,-0.38108692375202763,0.39482981465928874,-0.6735449240165929,-0.964635710773036,-0.7398571962850115,-0.03662778612051958,-0.5869455061480661,0.05778509653775483,-0.4843319793041406,-0.18562681092065636,-0.29311633708075524,-1.0,-0.32976697601465393,0.07764463084136587,-0.25592558069218535,0.010322000535283206,-0.21486742511638454,-0.29723511721515616,0.08091829635792076,-0.8704210323231072,0.007708429743639777,0.13752295718920943,0.014151165207822166,0.0323534310642687,0.02263615112917069,-0.2802286687664886,0.4081446547928722,-0.6378738797177326,0.2950482787656492,0.15246298393579064,0.2767994283280838,0.0897456350027753,0.29659304105463974,-0.18959836619963427,0.0,0.0,0.0,0.0,0.0,0.0,0.0,0.0,0.0,0.0,0.0,0.0,0.0,0.0,0.0,0.0,0.0,0.0,0.0,0.0,0.0,0.0,0.0,0.0,0.0,0.0,0.0,0.0,0.0,0.0,0.0,0.0,0.0,0.0,0.0,0.0,0.0,0.0,0.0,0.0,0.0,0.0,yes
0.0,0.0,-0.358115397260426,0.1755868748667691,-0.7075014831690942,0.37368925075799997,-0.6297769489396786,0.5966381192259869,-0.25420570341519627,0.5730341131203704,-0.7323211561644114,-0.8754022359207602,-0.7101224036448736,-0.021760853491562697,-0.6415488955650123,0.06912654634539274,-0.5928228025630272,-0.16962414206239806,-0.3076978210014894,-1.0,-0.1939166715604696,0.2912740642162509,-0.23101740082188144,0.23549164685639826,-0.2707774303049248,-0.1146453873325568,0.12242445316954276,-0.9071113044998171,0.1741372302493435,0.3133003390827426,0.06718120187792559,0.21140904994407192,0.008587814939339192,-0.114116394209005,0.4862186655963496,-0.6972910835527067,0.4396853045802759,0.19211883479091593,0.338071459387524,0.10733890101678582,0.3060137362497624,-0.2076025190060663,0.0,0.0,0.0,0.0,0.0,0.0,0.0,0.0,0.0,0.0,0.0,0.0,0.0,0.0,0.0,0.0,0.0,0.0,0.0,0.0,0.0,0.0,0.0,0.0,0.0,0.0,0.0,0.0,0.0,0.0,0.0,0.0,0.0,0.0,0.0,0.0,0.0,0.0,0.0,0.0,0.0,0.0,yes
0.0,0.0,-0.3465677935396603,0.129652793832967,-0.6726977146228938,0.3014425515615996,-0.607741917673974,0.49498574874309437,-0.2598710658076805,0.475775019927605,-0.6552472575819792,-0.9074876034768926,-0.5786126763722442,-0.0393794492044486,-0.5113255221722642,0.08305196015169135,-0.49272556150987407,-0.16775894671824265,-0.2522347385601745,-1.0,-0.15430091201142862,0.16808244679933332,-0.15694628000786753,0.13437201301591792,-0.1858033499080397,-0.21835824140179919,0.148843249976708,-0.9099505174275964,0.18657629943512571,0.2242015155331799,0.12315173620336854,0.15411371329783746,0.07907377182115881,-0.1794489456485357,0.48996847815209854,-0.7204540905938254,0.4286561547831428,0.13209716044568823,0.36654241387996506,0.08198527255097499,0.35276001642517746,-0.20085559301446865,0.0,0.0,0.0,0.0,0.0,0.0,0.0,0.0,0.0,0.0,0.0,0.0,0.0,0.0,0.0,0.0,0.0,0.0,0.0,0.0,0.0,0.0,0.0,0.0,0.0,0.0,0.0,0.0,0.0,0.0,0.0,0.0,0.0,0.0,0.0,0.0,0.0,0.0,0.0,0.0,0.0,0.0,yes
0.0,0.0,-0.35127937066807136,0.055831233432733565,-0.6848545392997172,0.12571490203650637,-0.7635941465085635,0.241642745708568,-0.5422098198596332,0.23104171497313286,-0.6492853605352262,-0.9731324484531293,-0.6669184662256,-0.15983306901112254,-0.5730826002195908,-0.05869528510038723,-0.512020129960889,-0.3002281546377843,-0.304333968622274,-1.0,-0.3099493680908288,0.021866973889058998,-0.2844257798582436,-0.05868841783968905,-0.2763680593202058,-0.39440778763521434,0.03461301370139696,-0.8790683470180334,-0.011490139017593923,0.08335884991965305,-0.01886880865953495,-0.005394839213189665,-0.00805327701640952,-0.31516444665633075,0.32096405029420155,-0.6793397250025651,0.2309645592794062,0.06302812264442859,0.2314977818747945,-0.010941566074762656,0.26628207313713437,-0.2994889142214506,0.0,0.0,0.0,0.0,0.0,0.0,0.0,0.0,0.0,0.0,0.0,0.0,0.0,0.0,0.0,0.0,0.0,0.0,0.0,0.0,0.0,0.0,0.0,0.0,0.0,0.0,0.0,0.0,0.0,0.0,0.0,0.0,0.0,0.0,0.0,0.0,0.0,0.0,0.0,0.0,0.0,0.0,yes
0.0,0.0,-0.3473409464194644,0.03459940157962811,-0.6621872400332758,0.08432220069770463,-0.7679691908526618,0.16150795728449788,-0.5520771159473405,0.11092960707090098,-0.6356833840419941,-1.0,-0.6789558088079878,-0.23026657436332998,-0.5886916777682759,-0.10938294443765743,-0.5338875411826074,-0.3332247411725239,-0.31930826793564365,-0.9950334599595494,-0.38181740615989035,-0.10473442429672032,-0.34761552945465407,-0.12466884238817431,-0.3400226104391971,-0.39982159859295585,-0.011655041488022867,-0.867533076978268,-0.10056991492967687,-0.04321580171071436,-0.10015648906030937,-0.07732033330036786,-0.09247165453731013,-0.335481906800778,0.24917091824367693,-0.6695385414909316,0.14114149752468047,-0.035731862685212654,0.1435185023589708,-0.06460962087761857,0.1727522877071735,-0.29742617187424253,0.0,0.0,0.0,0.0,0.0,0.0,0.0,0.0,0.0,0.0,0.0,0.0,0.0,0.0,0.0,0.0,0.0,0.0,0.0,0.0,0.0,0.0,0.0,0.0,0.0,0.0,0.0,0.0,0.0,0.0,0.0,0.0,0.0,0.0,0.0,0.0,0.0,0.0,0.0,0.0,0.0,0.0,yes
0.0,0.0,-0.33831956429291093,0.03431082869083527,-0.6413566692992346,0.08993677892031052,-0.7029757222532993,0.20385188609948898,-0.4751628654857719,0.17017066456692417,-0.617547972041655,-0.992619078990451,-0.6724969762287794,-0.23873788223190215,-0.5581203149298162,-0.12533087907518756,-0.4976496244054039,-0.344272428966032,-0.2986456345264573,-1.0,-0.3669027825007081,-0.09975052408089584,-0.31146816026105817,-0.13164351926732032,-0.29271407235117247,-0.4070378718962458,0.015122406519511116,-0.8738663323489475,-0.07891904814127816,-0.04021319855427048,-0.07439818471159179,-0.08636150970013184,-0.06726934325977134,-0.34539751644434485,0.28303366504741384,-0.6722200437569085,0.16827434776880004,-0.027487717532034616,0.16813430357006195,-0.07180559182678387,0.1902683878032943,-0.3203943013451344,0.0,0.0,0.0,0.0,0.0,0.0,0.0,0.0,0.0,0.0,0.0,0.0,0.0,0.0,0.0,0.0,0.0,0.0,0.0,0.0,0.0,0.0,0.0,0.0,0.0,0.0,0.0,0.0,0.0,0.0,0.0,0.0,0.0,0.0,0.0,0.0,0.0,0.0,0.0,0.0,0.0,0.0,yes
0.0,0.0,-0.35602755560923705,-0.018187246471978693,-0.6444232553827258,0.013004621237961008,-0.7731770011542463,0.06755828007951285,-0.6571637694263388,0.07755224941926188,-0.6450998971640586,-1.0,-0.6513295947209182,-0.3327176502710395,-0.5859424373904338,-0.14509692011033812,-0.5447021627869986,-0.23933130269916703,-0.3309675679767688,-0.993117051798183,-0.37611926587556427,-0.22628968093639398,-0.3678855858714134,-0.10959725566682176,-0.36266298305886313,-0.20230185793669764,-0.034517236715748356,-0.865997708519222,-0.1128290601271287,-0.14950678725718938,-0.12321770173153951,-0.05744607917772075,-0.11386507482186586,-0.15692007631464566,0.22180964038041642,-0.6854211127546338,0.13486733823328023,-0.14499144734995437,0.12141828540418607,-0.05565389283797428,0.13859588537152354,-0.12116438525116552,0.0,0.0,0.0,0.0,0.0,0.0,0.0,0.0,0.0,0.0,0.0,0.0,0.0,0.0,0.0,0.0,0.0,0.0,0.0,0.0,0.0,0.0,0.0,0.0,0.0,0.0,0.0,0.0,0.0,0.0,0.0,0.0,0.0,0.0,0.0,0.0,0.0,0.0,0.0,0.0,0.0,0.0,yes
0.0,0.0,-0.3317880644263982,-0.0072991668320372995,-0.6098927498228784,-0.03888488618142994,-0.6708200054604454,-0.03196460739868923,-0.5413997341783165,-0.06787453662291595,-0.5816835916186878,-0.9689213220106955,-0.5491309362520858,-0.3995143032381641,-0.5119266157282258,-0.2089246137077753,-0.5056831064362536,-0.28699055308654464,-0.3007556759272792,-1.0,-0.2947941896403264,-0.3086540344933851,-0.3070060429215012,-0.17011901970860765,-0.3299759166069118,-0.25072959522841076,-0.032961974469631734,-0.9140862776092165,-0.06693460280831479,-0.24998896338544188,-0.09415968073967176,-0.14134795852633122,-0.11632977490020972,-0.2385486016073597,0.19427913334073393,-0.7709338861784297,0.14861369405990119,-0.24761448398147906,0.12323076639537311,-0.1583194857751968,0.10603979267451674,-0.24200574075399578,0.0,0.0,0.0,0.0,0.0,0.0,0.0,0.0,0.0,0.0,0.0,0.0,0.0,0.0,0.0,0.0,0.0,0.0,0.0,0.0,0.0,0.0,0.0,0.0,0.0,0.0,0.0,0.0,0.0,0.0,0.0,0.0,0.0,0.0,0.0,0.0,0.0,0.0,0.0,0.0,0.0,0.0,yes
0.0,0.0,-0.3297586696556646,0.004981763268483612,-0.5950274271792173,-0.0010785260684345965,-0.6355933425117674,0.0206672445235744,-0.5025818850869669,-0.014857439937721201,-0.5827108757235225,-0.9761142967325256,-0.5893054724610938,-0.4064308806250946,-0.5292382380289914,-0.17656607030872695,-0.5074388564920602,-0.26178810071289044,-0.3047944403197555,-1.0,-0.3300114069674406,-0.30848188220368916,-0.309177472951251,-0.10398586112692909,-0.31177647749962156,-0.18115814057420476,-0.03218909256042269,-0.9075630176384514,-0.07819133791293943,-0.24851015634573384,-0.07923652608285099,-0.08537114992323273,-0.08348215251097447,-0.18181183369254167,0.20804695778160612,-0.7590462838154414,0.1540053232514723,-0.2371635575322026,0.14704716321514297,-0.09859458232118272,0.1568998637651282,-0.1699038967498252,0.0,0.0,0.0,0.0,0.0,0.0,0.0,0.0,0.0,0.0,0.0,0.0,0.0,0.0,0.0,0.0,0.0,0.0,0.0,0.0,0.0,0.0,0.0,0.0,0.0,0.0,0.0,0.0,0.0,0.0,0.0,0.0,0.0,0.0,0.0,0.0,0.0,0.0,0.0,0.0,0.0,0.0,yes
0.0,0.0,-0.2694626498503791,-0.006865579849828349,-0.5018046299865984,-0.040551853279726824,-0.5944548475335499,-0.06362789374162399,-0.49714848267885664,-0.1397863083108443,-0.5585031484643205,-0.9555547906225331,-0.5313203355914157,-0.6308820289695434,-0.47756879807604047,-0.41824181674652566,-0.44334232894567754,-0.46836940757467277,-0.3056057351618292,-1.0,-0.29262956435534504,-0.7134580786106368,-0.27927796442143527,-0.4964228672137468,-0.263260725890841,-0.4946154834682675,-0.06696177782673349,-0.9417405591966368,-0.047880982541168696,-0.6608612839859742,-0.057172165005232145,-0.46077775329992104,-0.0564006535587744,-0.4674670925813736,0.15138514071707881,-0.8343747131501166,0.16053496355859082,-0.6573658460465202,0.14595105652549062,-0.4752675735712581,0.14276954709845605,-0.4409263644875255,0.0,0.0,0.0,0.0,0.0,0.0,0.0,0.0,0.0,0.0,0.0,0.0,0.0,0.0,0.0,0.0,0.0,0.0,0.0,0.0,0.0,0.0,0.0,0.0,0.0,0.0,0.0,0.0,0.0,0.0,0.0,0.0,0.0,0.0,0.0,0.0,0.0,0.0,0.0,0.0,0.0,0.0,yes
0.0,0.0,-0.30618213263559624,0.0467067065218395,-0.5573110034280301,0.051369935562159456,-0.685376254957227,0.05537482638502248,-0.6064897373654196,0.02530419625431627,-0.6314446667271411,-0.9842645215994142,-0.5838971123830051,-0.38424138198880065,-0.5200605758069397,-0.24471115953892425,-0.4900763118285235,-0.37941356839411644,-0.3568638548961732,-1.0,-0.3163402044216211,-0.3642516916087407,-0.28649771129696433,-0.26642219794796196,-0.27967913073282497,-0.3713538138803986,-0.09211574802593592,-0.9108750194867026,-0.06742371940451895,-0.34687960178142413,-0.05768661471299007,-0.2507801470831869,-0.04939274817639771,-0.35115065244467814,0.1492852521918806,-0.7676549525556505,0.15157585636928647,-0.37586549476670006,0.16190557409319614,-0.26357971948925557,0.18144822457806875,-0.31247436853577865,0.0,0.0,0.0,0.0,0.0,0.0,0.0,0.0,0.0,0.0,0.0,0.0,0.0,0.0,0.0,0.0,0.0,0.0,0.0,0.0,0.0,0.0,0.0,0.0,0.0,0.0,0.0,0.0,0.0,0.0,0.0,0.0,0.0,0.0,0.0,0.0,0.0,0.0,0.0,0.0,0.0,0.0,yes
0.0,0.0,-0.3221237699715638,0.07819207684273127,-0.6028369990554581,0.11908099571707721,-0.7347174120551533,0.17031552197184366,-0.6655028561147843,0.16999255361149843,-0.6806236475309475,-0.9828164590173766,-0.661634107457883,-0.3096360765028961,-0.576252392589594,-0.20592824979884755,-0.5331020704958095,-0.39792825479642374,-0.3597473975122066,-1.0,-0.335615976251518,-0.27677763784564485,-0.3122148258094824,-0.23890725498133406,-0.31911710320494563,-0.4154572532321824,-0.05107522851417063,-0.8965870302903092,-0.04873386407592318,-0.2357843945686342,-0.047946121131251344,-0.20077200057971883,-0.05035682693893462,-0.37443464919514036,0.22178056142770755,-0.7331100666176904,0.19771973093049872,-0.24680654882382044,0.19687201707172022,-0.1909455164245341,0.2125662803540283,-0.31356104789177247,0.0,0.0,0.0,0.0,0.0,0.0,0.0,0.0,0.0,0.0,0.0,0.0,0.0,0.0,0.0,0.0,0.0,0.0,0.0,0.0,0.0,0.0,0.0,0.0,0.0,0.0,0.0,0.0,0.0,0.0,0.0,0.0,0.0,0.0,0.0,0.0,0.0,0.0,0.0,0.0,0.0,0.0,yes
0.0,0.0,-0.2644678092410857,0.05210530187173319,-0.5023691713499336,0.012086287021046981,-0.6466064749299294,-0.031063810633165982,-0.6501887761879616,-0.07756126854963458,-0.6639223948172456,-0.953173185547396,-0.6457386204572128,-0.4556576316849771,-0.566500378211089,-0.33023976057975535,-0.5320211402981994,-0.49617836632570944,-0.4262164509198379,-1.0,-0.40733059821027656,-0.48560382580552375,-0.3612124492379239,-0.37278219542479857,-0.3590551639262373,-0.4943361654335924,-0.1899635182743474,-0.9423576658282713,-0.18138926978362374,-0.4507628446304455,-0.15455384814687545,-0.3434068859668865,-0.15324685162597831,-0.45391039526077903,0.027727428922114866,-0.8292220488830971,0.018089358819674002,-0.4527680770079496,0.040608563050368494,-0.36853788752913436,0.052633919112230435,-0.4594084537039985,0.0,0.0,0.0,0.0,0.0,0.0,0.0,0.0,0.0,0.0,0.0,0.0,0.0,0.0,0.0,0.0,0.0,0.0,0.0,0.0,0.0,0.0,0.0,0.0,0.0,0.0,0.0,0.0,0.0,0.0,0.0,0.0,0.0,0.0,0.0,0.0,0.0,0.0,0.0,0.0,0.0,0.0,yes
0.0,0.0,-0.2596693979900559,0.06481795535934963,-0.5093545515731703,0.019245300603856257,-0.6748047952215309,-0.0347077251955587,-0.6796358812248897,-0.05627831774388874,-0.655750024627331,-0.9376294409566376,-0.6239580574433232,-0.5162997538446655,-0.5316259170362733,-0.31294701555090604,-0.4939770691529555,-0.4035053982519609,-0.4093988512751059,-1.0,-0.38752270285989676,-0.5308921110548107,-0.32671059671285596,-0.3454255986211054,-0.31559791915274904,-0.4074729055118621,-0.17214356878634743,-0.9584839238092316,-0.160815586416567,-0.5160927073016645,-0.12609370419242705,-0.346195387050212,-0.11959916733076895,-0.38922272604203106,0.04609174580347331,-0.8637503974290837,0.0387365795793121,-0.5426931741296819,0.05473166237138487,-0.37981832993073084,0.06310495490101582,-0.37797850609135647,0.0,0.0,0.0,0.0,0.0,0.0,0.0,0.0,0.0,0.0,0.0,0.0,0.0,0.0,0.0,0.0,0.0,0.0,0.0,0.0,0.0,0.0,0.0,0.0,0.0,0.0,0.0,0.0,0.0,0.0,0.0,0.0,0.0,0.0,0.0,0.0,0.0,0.0,0.0,0.0,0.0,0.0,yes
0.0,0.0,-0.2681303699261266,0.07284103875114037,-0.5396386632139889,0.04041183092721677,-0.7077089331683232,0.007934339827857417,-0.720140605980519,0.004693642617360124,-0.6912437009384744,-0.9579103252513906,-0.6515548485302826,-0.4291125279852406,-0.560594240059363,-0.30044331670525093,-0.5333491312822259,-0.4645499109300629,-0.43345484624318,-1.0,-0.40392263494540176,-0.4322274345571026,-0.3463702412384914,-0.3285079705522844,-0.3502926220613909,-0.4696361728134665,-0.17593980854410676,-0.9363080066376798,-0.17697472243469686,-0.42071949704074346,-0.13914922327457174,-0.31852349743717456,-0.13540409289702193,-0.43879523062887693,0.062036385259878375,-0.8228378622198617,0.036549804198611986,-0.433104157190015,0.051736800241924626,-0.3306756354968476,0.060438590026708275,-0.40966516819097815,0.0,0.0,0.0,0.0,0.0,0.0,0.0,0.0,0.0,0.0,0.0,0.0,0.0,0.0,0.0,0.0,0.0,0.0,0.0,0.0,0.0,0.0,0.0,0.0,0.0,0.0,0.0,0.0,0.0,0.0,0.0,0.0,0.0,0.0,0.0,0.0,0.0,0.0,0.0,0.0,0.0,0.0,yes
0.0,0.0,-0.229124612871523,0.04625252322770862,-0.43519059546650696,-0.0028813386861607396,-0.5391216821802394,-0.04499799238507699,-0.584077633463742,-0.0703548695476804,-0.610911432803392,-0.9439397142789251,-0.6519929005374558,-0.5091957293552296,-0.5711710152804172,-0.34211403374620947,-0.528320774823595,-0.4494760399232049,-0.3790047957320361,-1.0,-0.419382531983225,-0.5234202446792111,-0.35462644044085884,-0.36524212323404526,-0.34659354358352257,-0.4732853171148106,-0.153828999951866,-0.9425310327305209,-0.206977482420422,-0.4932225479222861,-0.16350271835325614,-0.3569021435478181,-0.15483615851566884,-0.44446827450524024,0.05515548810023573,-0.8231580666211323,-0.003726425756937848,-0.49064158986041745,0.008503269761907227,-0.37826877180882146,0.016517887879428556,-0.43324269109356217,0.0,0.0,0.0,0.0,0.0,0.0,0.0,0.0,0.0,0.0,0.0,0.0,0.0,0.0,0.0,0.0,0.0,0.0,0.0,0.0,0.0,0.0,0.0,0.0,0.0,0.0,0.0,0.0,0.0,0.0,0.0,0.0,0.0,0.0,0.0,0.0,0.0,0.0,0.0,0.0,0.0,0.0,yes
0.0,0.0,-0.27628673095151834,0.006354249897021822,-0.5225174814763349,-0.05649345654320865,-0.628082831676584,-0.0928571605814421,-0.5868509272998873,-0.11992739418061628,-0.5810968664856897,-0.9794353818133092,-0.6161590752311426,-0.5273444285083301,-0.5800227296413382,-0.35193102695298734,-0.5557142963488653,-0.42190904173221705,-0.3329811810480449,-1.0,-0.36398071454448905,-0.47869096124546523,-0.3473460166055415,-0.33968779001384625,-0.34910533054754617,-0.4171112511724624,-0.1005650152109936,-0.9067017702321103,-0.15384815805537497,-0.403265648961037,-0.15236676112536537,-0.29139598707685893,-0.1551558568528876,-0.36006258095573673,0.0993026019980248,-0.7503548404706724,0.03051628047781875,-0.3764441759016174,0.008410091365217693,-0.2771496384597442,-0.0034708608975726925,-0.3184891736435417,0.0,0.0,0.0,0.0,0.0,0.0,0.0,0.0,0.0,0.0,0.0,0.0,0.0,0.0,0.0,0.0,0.0,0.0,0.0,0.0,0.0,0.0,0.0,0.0,0.0,0.0,0.0,0.0,0.0,0.0,0.0,0.0,0.0,0.0,0.0,0.0,0.0,0.0,0.0,0.0,0.0,0.0,yes
0.0,0.0,-0.2901357062829135,0.007546987049300481,-0.5548046094287292,-0.05442780897153171,-0.6711620112814122,-0.08339785543390171,-0.5751085682551266,-0.11787687310510053,-0.565518399292248,-1.0,-0.6051964237858921,-0.4999712637183457,-0.552355245017161,-0.336716895964974,-0.5164833248846513,-0.44310313096318205,-0.3131602483589646,-0.9980446413292307,-0.3620170932443908,-0.4416630880847753,-0.3209332511066697,-0.3294572717322166,-0.29949017316031296,-0.44635452822451754,-0.07428619399250273,-0.8873892926677278,-0.14645365225224644,-0.35604252969684835,-0.11624051944865085,-0.2760691349733463,-0.09141108058105407,-0.38294227236183176,0.13151788914252874,-0.7222583488584593,0.04953360046236354,-0.32032107144356226,0.054061017780977876,-0.25333453875039147,0.0696309163645052,-0.3331497224850103,0.0,0.0,0.0,0.0,0.0,0.0,0.0,0.0,0.0,0.0,0.0,0.0,0.0,0.0,0.0,0.0,0.0,0.0,0.0,0.0,0.0,0.0,0.0,0.0,0.0,0.0,0.0,0.0,0.0,0.0,0.0,0.0,0.0,0.0,0.0,0.0,0.0,0.0,0.0,0.0,0.0,0.0,yes
0.0,0.0,-0.29584134405707024,0.06921697833698456,-0.5502972528173599,0.04394526251745419,-0.6555594242515335,-0.00786402566891796,-0.6917560011043805,-0.05401444489378988,-0.7040141205000278,-0.9441732752884762,-0.6358575493276759,-0.6522549331280282,-0.5694494605331736,-0.4045305553693295,-0.5550525049325874,-0.3908786241090886,-0.4730864913066076,-1.0,-0.4103343202112452,-0.6477206292085586,-0.36140420688248226,-0.40810969987810003,-0.3675193897360372,-0.4149479203836785,-0.24263500006848313,-0.9577848375472083,-0.18724945087344821,-0.6138546413178172,-0.150476173999047,-0.3872836203497253,-0.15919299482483817,-0.38798503175094057,-0.020808778527728097,-0.8642109337998837,0.024443430413573213,-0.6130825841639616,0.03563213170675092,-0.3999277683223003,0.02152604917953609,-0.36153396438733193,0.0,0.0,0.0,0.0,0.0,0.0,0.0,0.0,0.0,0.0,0.0,0.0,0.0,0.0,0.0,0.0,0.0,0.0,0.0,0.0,0.0,0.0,0.0,0.0,0.0,0.0,0.0,0.0,0.0,0.0,0.0,0.0,0.0,0.0,0.0,0.0,0.0,0.0,0.0,0.0,0.0,0.0,yes
0.0,0.0,-0.32621052449088966,0.055282483980652414,-0.5920830767398545,0.04211499860176968,-0.6659718228325358,-0.02458171808209534,-0.6025332466003406,-0.08743801241749122,-0.7119136760492569,-0.9504039038891908,-0.7113087812632615,-0.7163115061164096,-0.6429221279934755,-0.4717809986907137,-0.5867117617928101,-0.3945745648714796,-0.46684988132001987,-1.0,-0.4726131530131298,-0.7265724814706217,-0.4328642163842442,-0.49026552808257023,-0.4081505897818384,-0.40469383278672955,-0.2259359286397518,-0.9319050530008435,-0.23140674029925898,-0.6549582151495805,-0.22166812268547656,-0.4559316246531748,-0.22702059355819088,-0.374633765415395,-0.0024791264188645766,-0.7724562949384063,-0.021996311084009144,-0.5419246734510359,-0.05075086098575614,-0.36541449049014946,-0.08798222928414377,-0.28104806218846035,0.0,0.0,0.0,0.0,0.0,0.0,0.0,0.0,0.0,0.0,0.0,0.0,0.0,0.0,0.0,0.0,0.0,0.0,0.0,0.0,0.0,0.0,0.0,0.0,0.0,0.0,0.0,0.0,0.0,0.0,0.0,0.0,0.0,0.0,0.0,0.0,0.0,0.0,0.0,0.0,0.0,0.0,yes
0.0,0.0,-0.3087800936663026,0.0873161462151931,-0.5720254215731749,0.07485748058593808,-0.6440269028773211,0.003596277288166026,-0.5685492196968563,-0.07735400176559484,-0.7074611344694987,-0.9311971630781201,-0.669041117412057,-0.6199085780976463,-0.5990708183083208,-0.40297906722726795,-0.5635969506082324,-0.38954558376849757,-0.4542471533523858,-1.0,-0.436422874927057,-0.6264001316714797,-0.39242440111920757,-0.4296462825250999,-0.38362859665135485,-0.4207307767121033,-0.20963670641748836,-0.9537032603653883,-0.20160399802492782,-0.5823447997246869,-0.1804183562012778,-0.41904972094623916,-0.18709170619304835,-0.41270854218724284,0.013465653195277781,-0.8234405159127975,0.00585339577753505,-0.5340812173626801,-0.0020543743360316013,-0.3756662127990663,-0.022921311328236053,-0.3343647599239896,0.0,0.0,0.0,0.0,0.0,0.0,0.0,0.0,0.0,0.0,0.0,0.0,0.0,0.0,0.0,0.0,0.0,0.0,0.0,0.0,0.0,0.0,0.0,0.0,0.0,0.0,0.0,0.0,0.0,0.0,0.0,0.0,0.0,0.0,0.0,0.0,0.0,0.0,0.0,0.0,0.0,0.0,yes
0.0,0.0,-0.323353567839196,0.06624321608040201,-0.5877543718592965,0.053647437185929646,-0.608558391959799,0.022856683417085428,-0.46845386934673366,-0.022435376884422112,-0.767044824120603,-0.9183372864321608,-0.6787260301507537,-0.500310351758794,-0.5929873366834171,-0.3096377889447236,-0.5598211055276382,-0.3275449246231156,-0.5025527638190955,-1.0,-0.3945021105527638,-0.49713849246231157,-0.34502834170854274,-0.3235111557788945,-0.3478721608040201,-0.3528635175879397,-0.23716824120603014,-0.9639774874371859,-0.14114090452261308,-0.4341073366834171,-0.1042243216080402,-0.2644172864321608,-0.09978291457286433,-0.2895541708542714,0.005698894472361809,-0.8641608040201005,0.06055557788944724,-0.43678070351758796,0.08664924623115577,-0.2547746733668342,0.10171899497487437,-0.2263702512562814,0.0,0.0,0.0,0.0,0.0,0.0,0.0,0.0,0.0,0.0,0.0,0.0,0.0,0.0,0.0,0.0,0.0,0.0,0.0,0.0,0.0,0.0,0.0,0.0,0.0,0.0,0.0,0.0,0.0,0.0,0.0,0.0,0.0,0.0,0.0,0.0,0.0,0.0,0.0,0.0,0.0,0.0,yes
0.0,0.0,-0.3098890954228471,0.05392532341970334,-0.5629885602365299,0.011479684127796005,-0.5538413237024746,-0.04693421824124552,-0.4320691791730602,-0.09289204372975378,-0.7045734103469354,-0.9308116784557359,-0.6504622063648499,-0.6734565051959231,-0.5782469841190634,-0.4287137647259405,-0.5477875222994298,-0.3818568927589749,-0.4523068734224063,-1.0,-0.38816144579315276,-0.6679890384527418,-0.33868685986601627,-0.43900580928737465,-0.33443614150209794,-0.4090844446662259,-0.201118610095768,-0.9614108625772942,-0.13715656798779094,-0.5941857225431122,-0.10655572050549533,-0.4071940351883964,-0.11126635811324992,-0.406294988709939,0.02903229830711461,-0.860427400541424,0.07123425525102192,-0.5664175783962707,0.08960940131488666,-0.39622250776581547,0.09413873260228629,-0.3768618204651588,0.0,0.0,0.0,0.0,0.0,0.0,0.0,0.0,0.0,0.0,0.0,0.0,0.0,0.0,0.0,0.0,0.0,0.0,0.0,0.0,0.0,0.0,0.0,0.0,0.0,0.0,0.0,0.0,0.0,0.0,0.0,0.0,0.0,0.0,0.0,0.0,0.0,0.0,0.0,0.0,0.0,0.0,yes
0.0,0.0,-0.3430691240851636,0.09852138279678685,-0.6061647852092767,0.05691284613243663,-0.6241468674565929,-0.03454103701006692,-0.49066608667949174,-0.13307029689625174,-0.7481221894107412,-0.9128435067401628,-0.6824430180105273,-0.6702685387298981,-0.6129456463326898,-0.376726176618348,-0.5890115478130574,-0.308385424233778,-0.4894486387514288,-1.0,-0.4612626624212072,-0.703113375822937,-0.4255632556535621,-0.4441067993285219,-0.4092239841617989,-0.3899430573959743,-0.24544135331896785,-0.9714709326648894,-0.2331417158401266,-0.6665076661584485,-0.20769696662039605,-0.4648970639462117,-0.2008167666473532,-0.4377412358628126,-0.02980865674620193,-0.8772539416080115,-0.031197650176709373,-0.6314029796403496,-0.018407882690883757,-0.46554473574115535,-0.015257922163853962,-0.43292220761557004,0.0,0.0,0.0,0.0,0.0,0.0,0.0,0.0,0.0,0.0,0.0,0.0,0.0,0.0,0.0,0.0,0.0,0.0,0.0,0.0,0.0,0.0,0.0,0.0,0.0,0.0,0.0,0.0,0.0,0.0,0.0,0.0,0.0,0.0,0.0,0.0,0.0,0.0,0.0,0.0,0.0,0.0,yes
0.0,0.0,-0.35186508356298735,0.10185701504151702,-0.6091590269721707,0.05233511976375369,-0.6128328937483303,-0.03858904868545855,-0.48759419998816617,-0.13739436960641752,-0.7480617618423483,-0.9080735418836949,-0.6778961061315384,-0.6609750718546662,-0.6163790089345428,-0.36109143786431613,-0.5967205046232628,-0.28851329423387595,-0.48927559021234557,-1.0,-0.44646042928120233,-0.6697858973002727,-0.41747516240140714,-0.40552747510861126,-0.40020942295727446,-0.35498984262797123,-0.240848951899061,-0.9750288225516968,-0.20940323422200627,-0.6561483030106343,-0.18857031178559966,-0.43671500009861525,-0.18094197298659012,-0.39650238559284806,-0.01694658459486161,-0.8791003777861053,0.007492966938785024,-0.634951400605677,0.01555341988765032,-0.44715925289077196,0.012999284591096297,-0.39982840944339754,0.0,0.0,0.0,0.0,0.0,0.0,0.0,0.0,0.0,0.0,0.0,0.0,0.0,0.0,0.0,0.0,0.0,0.0,0.0,0.0,0.0,0.0,0.0,0.0,0.0,0.0,0.0,0.0,0.0,0.0,0.0,0.0,0.0,0.0,0.0,0.0,0.0,0.0,0.0,0.0,0.0,0.0,yes
0.0,0.0,-0.2921555094385103,0.08671207647227203,-0.52944638202992,0.04720479232264188,-0.5620748715669585,-0.03066668424303599,-0.5264003344531991,-0.07743363665124968,-0.7421179399490787,-0.9024746900281724,-0.6820773761995872,-0.6981239736655769,-0.6097245657381322,-0.42749841812676076,-0.5963294891302711,-0.3612659505551622,-0.5013874346535697,-1.0,-0.44403275984151136,-0.731482667188936,-0.4019252715549061,-0.4498941651475662,-0.40458573752956595,-0.3724209816653359,-0.2557422940175061,-0.9801013528782561,-0.2102987480603221,-0.7041426247043404,-0.1868860825285867,-0.45709074679482353,-0.19685000075327297,-0.3857322566551667,-0.02430435241122678,-0.8893686819229553,0.013111657652500113,-0.6755455579492896,0.018667987405275924,-0.46978151317474426,0.005295508986546545,-0.403060359763171,0.0,0.0,0.0,0.0,0.0,0.0,0.0,0.0,0.0,0.0,0.0,0.0,0.0,0.0,0.0,0.0,0.0,0.0,0.0,0.0,0.0,0.0,0.0,0.0,0.0,0.0,0.0,0.0,0.0,0.0,0.0,0.0,0.0,0.0,0.0,0.0,0.0,0.0,0.0,0.0,0.0,0.0,yes
0.0,0.0,-0.3056783715772671,0.12962443522006994,-0.5737952202313806,0.09283075066542629,-0.6971084478364312,0.007514927948307628,-0.7827996133565535,-0.057920843028007436,-0.8073840624602712,-0.8762952858154726,-0.7159482349807385,-0.6714973554476165,-0.6602950880542108,-0.4081863072523898,-0.6638896007845876,-0.32772168936548907,-0.5571055823161073,-1.0,-0.487903770984387,-0.694748429513245,-0.4620691881900203,-0.42911267750586723,-0.4685998502664732,-0.3592010445023378,-0.3089262976064833,-0.9932246588113741,-0.26823944045670745,-0.6905722363368156,-0.2568611050011402,-0.4607746591140699,-0.2743291756382341,-0.3930999481381181,-0.08072493628253223,-0.9087947258282262,-0.05777353106768884,-0.6708344516261828,-0.07372156425122138,-0.48102399974169957,-0.11175630162224774,-0.41094689302931914,0.0,0.0,0.0,0.0,0.0,0.0,0.0,0.0,0.0,0.0,0.0,0.0,0.0,0.0,0.0,0.0,0.0,0.0,0.0,0.0,0.0,0.0,0.0,0.0,0.0,0.0,0.0,0.0,0.0,0.0,0.0,0.0,0.0,0.0,0.0,0.0,0.0,0.0,0.0,0.0,0.0,0.0,yes
0.0,0.0,-0.28539310843153937,0.15123499627588735,-0.5489055982471772,0.12922406020454544,-0.668930093690834,0.042426277932169236,-0.7633588635470292,-0.040819029315070525,-0.8150853579333135,-0.8294080938794235,-0.700581872735999,-0.6403089901032898,-0.5928835014922937,-0.36963221871295093,-0.559693340778027,-0.2664324484107098,-0.5719352354031206,-0.9830460168946515,-0.47989085118488234,-0.7187834070916005,-0.4202033376101474,-0.4400152990573704,-0.40035800218043355,-0.3310254076658449,-0.32343838897959315,-1.0,-0.2638139151495631,-0.7299960057170162,-0.22097125705488907,-0.47957671195286533,-0.21066081544823378,-0.3721336781625027,-0.09100820152376068,-0.9331037062072429,-0.05045298559409397,-0.7256828157893901,-0.04397737349936272,-0.5240594629013751,-0.0629793536889905,-0.4297912060085882,0.0,0.0,0.0,0.0,0.0,0.0,0.0,0.0,0.0,0.0,0.0,0.0,0.0,0.0,0.0,0.0,0.0,0.0,0.0,0.0,0.0,0.0,0.0,0.0,0.0,0.0,0.0,0.0,0.0,0.0,0.0,0.0,0.0,0.0,0.0,0.0,0.0,0.0,0.0,0.0,0.0,0.0,yes
0.0,0.0,-0.32316318191948623,0.10516665703649286,-0.5833207797139013,0.053472227954468536,-0.6118904099977713,-0.009514267790370377,-0.48299947584339686,-0.09882518758202845,-0.7395416312413844,-0.9403513912849678,-0.7117014866236886,-0.3626843834350005,-0.6124888565131617,-0.29126598264917825,-0.5870038052943944,-0.47103209324209433,-0.4701431938058722,-1.0,-0.459286548573221,-0.3713360627997392,-0.39165383789941144,-0.3413115884008684,-0.39485243134373943,-0.5136321988988584,-0.20109402213839386,-0.9433116379274765,-0.21710968905544503,-0.3570950993421216,-0.15625025795108421,-0.3198490263894277,-0.1386151741272999,-0.45203141637844935,0.04872592800482059,-0.809547491890018,0.03268033876199988,-0.38157156182158863,0.06873674131427109,-0.3451519641427357,0.08528172385614172,-0.4572451236927039,0.0,0.0,0.0,0.0,0.0,0.0,0.0,0.0,0.0,0.0,0.0,0.0,0.0,0.0,0.0,0.0,0.0,0.0,0.0,0.0,0.0,0.0,0.0,0.0,0.0,0.0,0.0,0.0,0.0,0.0,0.0,0.0,0.0,0.0,0.0,0.0,0.0,0.0,0.0,0.0,0.0,0.0,yes
0.0,0.0,-0.30887971064548314,0.0716756850103615,-0.5548238544784712,0.017072492132934224,-0.583466689692225,-0.04871920331568041,-0.46258778494128483,-0.11905844654232865,-0.6788203238928544,-0.9457450686929159,-0.6613957325965155,-0.414193337938445,-0.5927167280681557,-0.31141683935835446,-0.5757799907897766,-0.4645415995087881,-0.43171674725612097,-1.0,-0.4269619694527592,-0.4088255046434876,-0.3831875047969913,-0.3647133317982961,-0.3951636733440786,-0.5351964847647556,-0.18295724921329343,-0.9440901066850871,-0.2008341967917722,-0.37998503338705963,-0.15414939749788933,-0.32944297336710415,-0.14307698211681633,-0.466517000537263,0.04658837976820938,-0.8141242612633356,0.03676030393737048,-0.3780729526441016,0.06545878425051807,-0.3485369176452529,0.0802949190267864,-0.4773812264947425,0.0,0.0,0.0,0.0,0.0,0.0,0.0,0.0,0.0,0.0,0.0,0.0,0.0,0.0,0.0,0.0,0.0,0.0,0.0,0.0,0.0,0.0,0.0,0.0,0.0,0.0,0.0,0.0,0.0,0.0,0.0,0.0,0.0,0.0,0.0,0.0,0.0,0.0,0.0,0.0,0.0,0.0,yes
0.0,0.0,-0.3382178609062171,0.07089417431883185,-0.6085861056751468,0.0084609739575493,-0.6533418636158362,-0.06408437452958,-0.5254299638717447,-0.15062848110793317,-0.6944147034472377,-0.9519315444829144,-0.6753532854132169,-0.4543297455968689,-0.6142504327863917,-0.3115695092578654,-0.6079129346680716,-0.44541905012795424,-0.4522213231973506,-1.0,-0.446493489387325,-0.4444415173867229,-0.40653695619449043,-0.3574015881378895,-0.4207069471624266,-0.5112119900647298,-0.20585766972753275,-0.9480242360379346,-0.22128038913141654,-0.4200079030558483,-0.17938102137588438,-0.3251486527171459,-0.1700662351347283,-0.4444311681469216,0.018103642932410055,-0.8317458226704803,0.0024057278338100257,-0.4251693511967485,0.026929662802950474,-0.340301821466205,0.0429709844949571,-0.4300777133825079,0.0,0.0,0.0,0.0,0.0,0.0,0.0,0.0,0.0,0.0,0.0,0.0,0.0,0.0,0.0,0.0,0.0,0.0,0.0,0.0,0.0,0.0,0.0,0.0,0.0,0.0,0.0,0.0,0.0,0.0,0.0,0.0,0.0,0.0,0.0,0.0,0.0,0.0,0.0,0.0,0.0,0.0,yes
0.0,0.0,-0.30907429906542055,0.0677411214953271,-0.5605233644859813,0.02914392523364486,-0.6041448598130841,-0.03599719626168224,-0.5081331775700935,-0.11735794392523365,-0.6946621495327103,-0.9438542056074767,-0.6700607476635514,-0.49797943925233645,-0.6152271028037383,-0.31772803738317756,-0.6103897196261682,-0.39076822429906544,-0.4479144859813084,-1.0,-0.4258214953271028,-0.4449102803738318,-0.392857476635514,-0.30712523364485983,-0.40990327102803736,-0.41167196261682243,-0.2024448598130841,-0.9463644859813084,-0.1970588785046729,-0.39925794392523367,-0.16288177570093457,-0.2619383177570093,-0.16100794392523365,-0.3488009345794392,0.02195140186915888,-0.8312831775700935,0.0244,-0.3929224299065421,0.04493084112149533,-0.27550280373831776,0.05694766355140187,-0.336992523364486,0.0,0.0,0.0,0.0,0.0,0.0,0.0,0.0,0.0,0.0,0.0,0.0,0.0,0.0,0.0,0.0,0.0,0.0,0.0,0.0,0.0,0.0,0.0,0.0,0.0,0.0,0.0,0.0,0.0,0.0,0.0,0.0,0.0,0.0,0.0,0.0,0.0,0.0,0.0,0.0,0.0,0.0,yes
0.0,0.0,-0.327808598258315,0.020412713401381958,-0.5976887449975269,-0.022680688580122007,-0.6649795029752537,-0.06773667131315857,-0.5721709796603565,-0.14289742494416716,-0.6615681722799287,-0.977220948184121,-0.6437878464259484,-0.45969824032855194,-0.6216968688640077,-0.30498223841000044,-0.631837650074194,-0.3959738522415576,-0.39569187763238756,-1.0,-0.4142281952126145,-0.4190742239609095,-0.41230074418813795,-0.3384875668870003,-0.433242277080804,-0.4643625312888769,-0.13649304150366473,-0.9055488106479608,-0.19068650044216617,-0.3228393812671433,-0.1879140623829009,-0.2466134943117946,-0.19086027549200354,-0.347059220288682,0.09066233118995158,-0.7388999430430025,0.011678994858881544,-0.2908095013264985,-0.009992767960190057,-0.22889124960654705,-0.01581399793156167,-0.3052164365903743,0.0,0.0,0.0,0.0,0.0,0.0,0.0,0.0,0.0,0.0,0.0,0.0,0.0,0.0,0.0,0.0,0.0,0.0,0.0,0.0,0.0,0.0,0.0,0.0,0.0,0.0,0.0,0.0,0.0,0.0,0.0,0.0,0.0,0.0,0.0,0.0,0.0,0.0,0.0,0.0,0.0,0.0,yes
0.0,0.0,-0.347393924650965,0.041679936047002854,-0.6225682216368736,0.0021512644365441983,-0.6799197987820333,-0.05368133617940264,-0.5549700522078547,-0.136982714678457,-0.6496391502273359,-0.9819793304061777,-0.6505546214118125,-0.44090336393879154,-0.6099428898249928,-0.3006840036730264,-0.5997956438055747,-0.4201854896888791,-0.38958498330147134,-1.0,-0.4269995292658311,-0.38475508360405963,-0.3995418930198572,-0.32534787440775237,-0.39893885191000156,-0.4836148298904127,-0.13311192424429524,-0.9057956010959657,-0.203257814697862,-0.3061062670780407,-0.18190347442669313,-0.26062331888943874,-0.17288431916705121,-0.40273304358886985,0.0906400034910463,-0.7390340757687033,0.007131112000378815,-0.2738066610277603,0.010968941758020354,-0.2642090691069328,0.02146436393786309,-0.4054293197751989,0.0,0.0,0.0,0.0,0.0,0.0,0.0,0.0,0.0,0.0,0.0,0.0,0.0,0.0,0.0,0.0,0.0,0.0,0.0,0.0,0.0,0.0,0.0,0.0,0.0,0.0,0.0,0.0,0.0,0.0,0.0,0.0,0.0,0.0,0.0,0.0,0.0,0.0,0.0,0.0,0.0,0.0,yes
0.0,0.0,-0.3107027054270946,0.06957425877495095,-0.5385196219532911,0.03318362295384925,-0.5186545292989932,-0.041498895839283484,-0.38487281151239217,-0.13705966574637718,-0.6889244186589161,-0.9322737870565857,-0.5465287539130971,-0.5284431053890136,-0.48416467395058066,-0.27487068345961646,-0.49687932260720064,-0.2559664813020696,-0.45168340174836336,-1.0,-0.32533773504249575,-0.5358791564697472,-0.2873477928919304,-0.27808702989167466,-0.3029647135248954,-0.2462455735568909,-0.2095991980601119,-0.9603855508949956,-0.1156139338922272,-0.5070617751320233,-0.08854939602502142,-0.2509216895245669,-0.10619310025555301,-0.20872277632485287,0.02438673812443882,-0.8538727760448459,0.09902538916298458,-0.48729421822994545,0.09348965187669987,-0.24856029762871454,0.061979537092519896,-0.17916991008043667,0.0,0.0,0.0,0.0,0.0,0.0,0.0,0.0,0.0,0.0,0.0,0.0,0.0,0.0,0.0,0.0,0.0,0.0,0.0,0.0,0.0,0.0,0.0,0.0,0.0,0.0,0.0,0.0,0.0,0.0,0.0,0.0,0.0,0.0,0.0,0.0,0.0,0.0,0.0,0.0,0.0,0.0,yes
0.0,0.0,-0.3199227204981635,0.06970813477988136,-0.5637321970235839,0.04355684301682218,-0.5361344208858977,-0.00544985664050901,-0.3796028517224621,-0.08855348698211801,-0.6502720631832013,-0.9418713784184531,-0.5967440257331003,-0.43739205073293314,-0.5471730539533898,-0.2750544937925293,-0.5478814971256494,-0.36370918694211296,-0.4018973292074316,-1.0,-0.36393499126858114,-0.3983971234533836,-0.3278922287985014,-0.28288555969397544,-0.33314158265440863,-0.4101943253892857,-0.15165505500937113,-0.9468209328726225,-0.141865745244981,-0.37171879579937117,-0.10313385852332563,-0.2586323609584797,-0.09645950273399868,-0.36538290780595534,0.0828047857150359,-0.8304472071394268,0.09907988317371084,-0.3555601809107982,0.11950347872331284,-0.2708420257655626,0.12528368757083239,-0.3708251262451462,0.0,0.0,0.0,0.0,0.0,0.0,0.0,0.0,0.0,0.0,0.0,0.0,0.0,0.0,0.0,0.0,0.0,0.0,0.0,0.0,0.0,0.0,0.0,0.0,0.0,0.0,0.0,0.0,0.0,0.0,0.0,0.0,0.0,0.0,0.0,0.0,0.0,0.0,0.0,0.0,0.0,0.0,yes
0.0,0.0,-0.30697077520516375,0.0626600051878334,-0.5319131639392948,0.021789840116989402,-0.5263827643633439,-0.044660478859578884,-0.3913247583710203,-0.1408863300589834,-0.6076762077689685,-0.9494139251974573,-0.5445458202227761,-0.42843327431233014,-0.49352413658287186,-0.2877753217020605,-0.49378540790279957,-0.3942800377433677,-0.3695466660651787,-1.0,-0.33480744867616263,-0.4377892311104595,-0.2972365388880744,-0.34430766859518736,-0.3105510381305755,-0.47013706406222394,-0.12975128474062714,-0.9455982361366431,-0.13373473254463228,-0.41455300048494964,-0.08792296819256636,-0.3093715578913337,-0.08334085193246794,-0.40633893093038903,0.09398107944527775,-0.828923674940885,0.09479590762649104,-0.39470389876958123,0.11740198566203144,-0.307980617051431,0.12315512373734526,-0.39303664941148164,0.0,0.0,0.0,0.0,0.0,0.0,0.0,0.0,0.0,0.0,0.0,0.0,0.0,0.0,0.0,0.0,0.0,0.0,0.0,0.0,0.0,0.0,0.0,0.0,0.0,0.0,0.0,0.0,0.0,0.0,0.0,0.0,0.0,0.0,0.0,0.0,0.0,0.0,0.0,0.0,0.0,0.0,yes
0.0,0.0,-0.2919110516766767,0.09225729635885886,-0.5405429843906406,0.09290247278528528,-0.5765995487675175,0.07093812562562563,-0.4487866773023023,0.01000805492992993,-0.6834290345032532,-0.9581837697072072,-0.6824578484734735,-0.42707160285285284,-0.5999779075950951,-0.21789171984484484,-0.5771210663788788,-0.3029308605480481,-0.4217933754066567,-1.0,-0.4420963932682683,-0.41260107764014015,-0.38202851288788786,-0.2332469187937938,-0.37741794528903905,-0.3316460992242242,-0.16009857513763764,-0.9228007304179179,-0.204003808495996,-0.34873838682432434,-0.1504859351539039,-0.17632476226226226,-0.13348064861736736,-0.25920744963713716,0.08422093968968969,-0.7737366272522522,0.045736165853353355,-0.308324926488989,0.07140441222472473,-0.17558280937187187,0.09366886417667668,-0.2417094829204204,0.0,0.0,0.0,0.0,0.0,0.0,0.0,0.0,0.0,0.0,0.0,0.0,0.0,0.0,0.0,0.0,0.0,0.0,0.0,0.0,0.0,0.0,0.0,0.0,0.0,0.0,0.0,0.0,0.0,0.0,0.0,0.0,0.0,0.0,0.0,0.0,0.0,0.0,0.0,0.0,0.0,0.0,yes
0.0,0.0,-0.34057914431757436,0.1002410598625318,-0.6278292999853843,0.07360034116777886,-0.6554020233812049,0.018413850130440616,-0.48881344088927864,-0.030373742894840638,-0.6468473013908994,-0.949931025645646,-0.6494080618907182,-0.407661459052859,-0.5973644588866799,-0.2785702987820871,-0.5862529807132089,-0.40484542336638896,-0.3684842259956233,-1.0,-0.3895669531755232,-0.40036058871463437,-0.340225763372916,-0.34512204156080256,-0.33955403925431615,-0.5099226966670071,-0.09653005940403755,-0.9340759338566975,-0.14969336945226955,-0.3653088028895149,-0.10171965378678215,-0.309217336288519,-0.09046151751588212,-0.45875754062879787,0.14882543381765542,-0.7968229751672303,0.10776567139376247,-0.3520364953419787,0.12809558704283217,-0.32401428740181915,0.14042738071641228,-0.47063534490180414,0.0,0.0,0.0,0.0,0.0,0.0,0.0,0.0,0.0,0.0,0.0,0.0,0.0,0.0,0.0,0.0,0.0,0.0,0.0,0.0,0.0,0.0,0.0,0.0,0.0,0.0,0.0,0.0,0.0,0.0,0.0,0.0,0.0,0.0,0.0,0.0,0.0,0.0,0.0,0.0,0.0,0.0,yes
0.0,0.0,-0.3575358339472237,0.10310415436349209,-0.6592284463601883,0.10703102327912833,-0.6656753098370604,0.0628562847152462,-0.4610291237704436,-0.02526184199578293,-0.6943576880381688,-0.9409863645311399,-0.6866485442173558,-0.3873404646084597,-0.6542919561083613,-0.25344336683855595,-0.6560088197272906,-0.38043445172995316,-0.4095759793326961,-1.0,-0.409575471985291,-0.38005292648130223,-0.3751022305021319,-0.32652574585142025,-0.3792995155846976,-0.496988385803202,-0.1263371140861963,-0.9387347567472132,-0.14784559997889435,-0.3383033085138983,-0.12153912967596736,-0.28930775490655675,-0.12285113006561017,-0.461085439332412,0.13179109869124664,-0.8034404242236063,0.1023756034897384,-0.3253233325012836,0.10674487934264011,-0.2882027522582033,0.1109320174771034,-0.4397453927782141,0.0,0.0,0.0,0.0,0.0,0.0,0.0,0.0,0.0,0.0,0.0,0.0,0.0,0.0,0.0,0.0,0.0,0.0,0.0,0.0,0.0,0.0,0.0,0.0,0.0,0.0,0.0,0.0,0.0,0.0,0.0,0.0,0.0,0.0,0.0,0.0,0.0,0.0,0.0,0.0,0.0,0.0,yes
0.0,0.0,-0.41091698257673925,0.34087250356568777,-0.7458162798252722,0.5005839153365031,-0.6806218607757439,0.46602361505789036,-0.47981053849433175,0.35429591404186556,-0.9353762117601877,-0.6311514907050582,-0.46886288073755694,-0.22234554020320496,-0.1791134631432881,0.019723899225995163,-0.00915303895627096,0.14309005339172085,-0.5933902233128953,-0.912091455513139,-0.21821827926732212,-0.5162644876822244,0.02814568536685221,-0.16285018314531702,0.1933852718074565,0.05245335017650305,-0.2557458597564584,-1.0,0.04581833288850297,-0.5808369493412686,0.22195425050511394,-0.23199976812462336,0.3110221718752076,-0.01651387448054481,0.04342711806683566,-0.9583662930494148,0.26435483695658735,-0.6072055273292908,0.36621454993834773,-0.3094896205576844,0.4064219817857061,-0.15208730107930743,0.0,0.0,0.0,0.0,0.0,0.0,0.0,0.0,0.0,0.0,0.0,0.0,0.0,0.0,0.0,0.0,0.0,0.0,0.0,0.0,0.0,0.0,0.0,0.0,0.0,0.0,0.0,0.0,0.0,0.0,0.0,0.0,0.0,0.0,0.0,0.0,0.0,0.0,0.0,0.0,0.0,0.0,yes
0.0,0.0,-0.32731039840341436,0.1842224310122838,-0.6192515722738084,0.26956301744901806,-0.710464614316791,0.27078566195384235,-0.6682250681624311,0.10576721412925609,-0.8615312775976728,-0.844195589262924,-0.7967833163573846,-0.32050873297349963,-0.6217866786297729,-0.12301308511768894,-0.5268600890273298,-0.17249350822792728,-0.5861907946154736,-1.0,-0.49620368881252064,-0.399163334960391,-0.360019430642669,-0.16497612551480387,-0.3123630990840512,-0.18163042466205637,-0.30344155618192575,-0.9945338385676625,-0.23282819305368632,-0.41621076134073315,-0.1457721423271063,-0.20097266072837636,-0.12725472105365623,-0.2005522591178714,-0.034970454325293034,-0.8845240480066663,0.026228546115799483,-0.44771548874273587,0.06667550732693232,-0.2447066546659406,0.06962584256665058,-0.2196697166944583,0.0,0.0,0.0,0.0,0.0,0.0,0.0,0.0,0.0,0.0,0.0,0.0,0.0,0.0,0.0,0.0,0.0,0.0,0.0,0.0,0.0,0.0,0.0,0.0,0.0,0.0,0.0,0.0,0.0,0.0,0.0,0.0,0.0,0.0,0.0,0.0,0.0,0.0,0.0,0.0,0.0,0.0,yes
0.0,0.0,-0.3189099407002825,0.14427489332015161,-0.5789589022774634,0.20361527659043793,-0.663435244744628,0.20974857715017955,-0.6441275928941551,0.10731061954739911,-0.8073052878141882,-0.8752338281302244,-0.7701150931426681,-0.32256624452593663,-0.6354029796255497,-0.15534230630897666,-0.5468772309688753,-0.23838359922716978,-0.5426434733259713,-1.0,-0.498616912257745,-0.3836814623769409,-0.39038634281056445,-0.21050134558487307,-0.34557357701462704,-0.2706487183055571,-0.27063380752623845,-0.9686250092627569,-0.2400874946456747,-0.37448286706272105,-0.15729878129230368,-0.210796850120461,-0.13417622914524183,-0.25923157976543987,-0.005933586485231099,-0.8367369069802328,0.013907690528130767,-0.3860418839272643,0.05180727682178094,-0.24361411987543624,0.060354316263955134,-0.26484255120723094,0.0,0.0,0.0,0.0,0.0,0.0,0.0,0.0,0.0,0.0,0.0,0.0,0.0,0.0,0.0,0.0,0.0,0.0,0.0,0.0,0.0,0.0,0.0,0.0,0.0,0.0,0.0,0.0,0.0,0.0,0.0,0.0,0.0,0.0,0.0,0.0,0.0,0.0,0.0,0.0,0.0,0.0,yes
0.0,0.0,-0.27207904413701545,0.14836316893023843,-0.5496545814060486,0.20604737169288476,-0.7248689095168355,0.22062976113961796,-0.7674452194558297,0.1520043761216885,-0.7472816065915772,-0.9201032919252476,-0.8167112707962364,-0.47394346163166823,-0.7205393236328131,-0.2908874114502664,-0.6526062684606658,-0.3380000842912685,-0.48748625876716994,-1.0,-0.5590183754965282,-0.4033890358132527,-0.4683170194607466,-0.24655722850309245,-0.4386153227477549,-0.35202755622052,-0.2224508037523663,-0.9412138645088102,-0.3077807865077776,-0.34761982530634605,-0.2475880404738574,-0.22332005745854802,-0.22355098041281649,-0.3187228467971074,0.015545592795906255,-0.7826865734545723,-0.05949822110302149,-0.297242621879906,-0.01932289526458678,-0.21608769101630684,0.01850720163525061,-0.31110414537434106,0.0,0.0,-0.3307577082090287,0.02985623941552207,-0.5902886114156093,0.01677922637418983,-0.723835236639688,-0.03958322183083469,-0.6867321607565386,-0.1373069850451197,-0.7157327217379985,-0.9395877810441127,-0.7722448310745404,-0.6010668559070554,-0.6999836132624211,-0.41115447870021454,-0.6381814950122867,-0.414768150789702,-0.49232598507088915,-1.0,-0.574188641744289,-0.5196716837835391,-0.5149281197077611,-0.36516457108044764,-0.46672104684822907,-0.3831721420175113,-0.2719861452776792,-0.9481928005397051,-0.3569117342916932,-0.4583720701273078,-0.3093545145131652,-0.33659548347153034,-0.27133662257444896,-0.3534044438453594,-0.06686251461095705,-0.8246989102158755,-0.12964882824914978,-0.43834919477025197,-0.10657986981794203,-0.34486616066006837,-0.08286006717240896,-0.366573962663347,yes
0.0,0.0,-0.2861238729890052,0.1989941555693714,-0.5948792456671543,0.25820235173763917,-0.7801263278686043,0.29107653789625737,-0.8312009476272723,0.2336779531116314,-0.8106781373537946,-0.9321088660862338,-0.9091362239442461,-0.25374772957288627,-0.7400090690891287,-0.11492168025487674,-0.6454133376182957,-0.2903875226832389,-0.534504182465362,-1.0,-0.6380457543118134,-0.2601263783459092,-0.4665078874995478,-0.15747236577874282,-0.39076669137250314,-0.3324797060201758,-0.24367666594035434,-0.9233956419577455,-0.36517133259243867,-0.2682077948736932,-0.24484942199279353,-0.1991556829453171,-0.17928697441557798,-0.3771916614857322,0.027904695483038363,-0.7490133790096858,-0.08075022735819452,-0.25807363460993243,0.00692127980159054,-0.23803750968533288,0.08298384810369384,-0.42339185615987174,0.0,0.0,0.0,0.0,0.0,0.0,0.0,0.0,0.0,0.0,0.0,0.0,0.0,0.0,0.0,0.0,0.0,0.0,0.0,0.0,0.0,0.0,0.0,0.0,0.0,0.0,0.0,0.0,0.0,0.0,0.0,0.0,0.0,0.0,0.0,0.0,0.0,0.0,0.0,0.0,0.0,0.0,yes
0.0,0.0,-0.31347271104847324,0.1392944816994941,-0.6396839682436339,0.18719405008559512,-0.8243396537131433,0.2367028834259497,-0.7340186049717938,0.1489967944912739,-0.7559895524160039,-0.9705614044494146,-0.8455967339810734,-0.31896305430981986,-0.7215749503088701,-0.21262824907224076,-0.665594206339784,-0.3900594761654916,-0.46196474323377235,-1.0,-0.561227514524363,-0.2378755557938517,-0.44946057837028414,-0.23117654042502672,-0.4110810262223635,-0.4361498661499045,-0.16046156261848318,-0.8937632366063735,-0.2668132187979917,-0.1926974145293417,-0.201625349944277,-0.224023315576015,-0.17321925756281764,-0.432666316881963,0.11240574004358267,-0.6961905381961067,0.015416314009643335,-0.16327643587259155,0.055022155158877574,-0.24500809994140468,0.0895742456331167,-0.48495172588113195,0.0,0.0,0.0,0.0,0.0,0.0,0.0,0.0,0.0,0.0,0.0,0.0,0.0,0.0,0.0,0.0,0.0,0.0,0.0,0.0,0.0,0.0,0.0,0.0,0.0,0.0,0.0,0.0,0.0,0.0,0.0,0.0,0.0,0.0,0.0,0.0,0.0,0.0,0.0,0.0,0.0,0.0,yes
0.0,0.0,-0.27465749036170856,0.07394933400813777,-0.5452590349476649,0.07583265971540425,-0.7073392749778499,0.07245432287968914,-0.6622941366440172,-0.002591352622644306,-0.6633985680252715,-0.9704977998743155,-0.7423099151597364,-0.43362182949236283,-0.6308603950841963,-0.28372139982228134,-0.5635615954292785,-0.41851445080345523,-0.4102232873547299,-1.0,-0.5061881164089445,-0.34592357063021517,-0.4102569412848941,-0.27914964284766614,-0.35736655407701184,-0.4367852989277987,-0.1550779573876525,-0.9091227391192637,-0.26046265093302284,-0.28606423111448226,-0.1956833657036681,-0.24799840014393526,-0.15678524715252154,-0.4101896334245657,0.075732992306841,-0.7405275512429627,-0.015263351711399427,-0.24263642300142577,0.031179071915212807,-0.2719341107822662,0.0746793654163153,-0.4699635437329587,0.0,0.0,0.0,0.0,0.0,0.0,0.0,0.0,0.0,0.0,0.0,0.0,0.0,0.0,0.0,0.0,0.0,0.0,0.0,0.0,0.0,0.0,0.0,0.0,0.0,0.0,0.0,0.0,0.0,0.0,0.0,0.0,0.0,0.0,0.0,0.0,0.0,0.0,0.0,0.0,0.0,0.0,yes
0.0,0.0,-0.29816386055857513,0.08932652116922102,-0.5842483312217172,0.10325094378289063,-0.7562536491434744,0.1284156949580276,-0.7216104693201283,0.05567706836352107,-0.7044773782104407,-0.9756788212412695,-0.8061011101129446,-0.3652552563777039,-0.6720049957015829,-0.22319418147697995,-0.5876316430522242,-0.3828639444647085,-0.4451278376319653,-1.0,-0.5408053184373095,-0.300986509285741,-0.4332069800623045,-0.23729002522339523,-0.37263603169099857,-0.4084520929489204,-0.1778094699220356,-0.8927103485520069,-0.2809650365333234,-0.2381993305553658,-0.210551550716811,-0.2004119262708686,-0.16112813149676428,-0.3646249937167066,0.06377252802348857,-0.7086169407901096,-0.03436607047341877,-0.1939075898317624,0.012516964892178685,-0.21296175762082933,0.06303399938391503,-0.40048809912008115,0.0,0.0,0.0,0.0,0.0,0.0,0.0,0.0,0.0,0.0,0.0,0.0,0.0,0.0,0.0,0.0,0.0,0.0,0.0,0.0,0.0,0.0,0.0,0.0,0.0,0.0,0.0,0.0,0.0,0.0,0.0,0.0,0.0,0.0,0.0,0.0,0.0,0.0,0.0,0.0,0.0,0.0,yes
0.0,0.0,-0.2567069573725595,0.08007896251827178,-0.5256876941191522,0.10481427342874539,-0.6892112395433299,0.15737895612166813,-0.6495028417503951,0.06333466793335213,-0.6328438352140138,-0.9620272732226326,-0.7328224539740676,-0.3427146238204781,-0.6010817367489617,-0.21541273492711427,-0.5318041502112064,-0.38626897955219036,-0.34978168628686634,-1.0,-0.4394780608340697,-0.29678878651690715,-0.3463974091386144,-0.24839018808383814,-0.3193918962139214,-0.44530548520607727,-0.06099694621403983,-0.889358302199247,-0.15683939075903994,-0.21832082047102694,-0.11688963963430381,-0.20461135894659785,-0.09523891314596812,-0.38753941610854326,0.18911736346212618,-0.6893489442050325,0.08283897853347201,-0.18223390721134142,0.10811740847526291,-0.23339370621584035,0.14510458446952018,-0.45295949528428164,0.0,0.0,0.0,0.0,0.0,0.0,0.0,0.0,0.0,0.0,0.0,0.0,0.0,0.0,0.0,0.0,0.0,0.0,0.0,0.0,0.0,0.0,0.0,0.0,0.0,0.0,0.0,0.0,0.0,0.0,0.0,0.0,0.0,0.0,0.0,0.0,0.0,0.0,0.0,0.0,0.0,0.0,yes
0.0,0.0,-0.27171022567445613,0.0534237035038571,-0.5242316914656553,0.03830745726448804,-0.6749837130825515,0.03151871453085835,-0.6594408175771131,-0.042450033410402085,-0.6319621997115935,-0.9640621192965725,-0.7088550114034565,-0.4337794327865321,-0.600969999654916,-0.257184805011874,-0.5344493139626201,-0.3885880732707372,-0.3861662112604035,-1.0,-0.4631957494021159,-0.39222609483116505,-0.3889974683385462,-0.25789745568546746,-0.34685696478784134,-0.39047034944457165,-0.13602007342968495,-0.9070312426473587,-0.21376121653600533,-0.3242597164664657,-0.1685384857506465,-0.21572924084664782,-0.13056774677947774,-0.3490822335089079,0.09031945363796927,-0.7361106318278261,0.025239232073149435,-0.26796292752504736,0.06344420985706203,-0.21685076373355752,0.11453650517782804,-0.36316584212513164,0.0,0.0,0.0,0.0,0.0,0.0,0.0,0.0,0.0,0.0,0.0,0.0,0.0,0.0,0.0,0.0,0.0,0.0,0.0,0.0,0.0,0.0,0.0,0.0,0.0,0.0,0.0,0.0,0.0,0.0,0.0,0.0,0.0,0.0,0.0,0.0,0.0,0.0,0.0,0.0,0.0,0.0,yes
0.0,0.0,-0.28392982889090757,0.07045192968422576,-0.5533846327313419,0.10052845329549347,-0.6993714511829567,0.16127026641789932,-0.6292471455225072,0.06438397110100819,-0.6447810982212568,-0.9803250072864433,-0.7272647010643526,-0.30685127784006416,-0.6159719902733959,-0.19138189260314306,-0.5551179552857031,-0.3892864816796475,-0.3472080689116713,-1.0,-0.4403075410966044,-0.23557816066767223,-0.36966786582732514,-0.20220678181729215,-0.34148900863948806,-0.42952200931388296,-0.04804265920081013,-0.8604108915841047,-0.15516401411761702,-0.14024222903472178,-0.13189366685742612,-0.13601183701343045,-0.10998381026739652,-0.35707455148483885,0.20839547198069996,-0.6336908122735618,0.11103263262922534,-0.07274795713656604,0.13825627431916962,-0.12681602634607733,0.18746955117636172,-0.37209845314657347,0.0,0.0,0.0,0.0,0.0,0.0,0.0,0.0,0.0,0.0,0.0,0.0,0.0,0.0,0.0,0.0,0.0,0.0,0.0,0.0,0.0,0.0,0.0,0.0,0.0,0.0,0.0,0.0,0.0,0.0,0.0,0.0,0.0,0.0,0.0,0.0,0.0,0.0,0.0,0.0,0.0,0.0,yes
0.0,0.0,-0.31772549916675946,0.07711613496790945,-0.610862125530871,0.10714790947426084,-0.7796610552105876,0.1404439200530545,-0.7211709311926928,0.03050282378743688,-0.7069436376241458,-0.9869500788092035,-0.7791706924073277,-0.3311371099546408,-0.6686170815813209,-0.17880709654052176,-0.6022046510974596,-0.3483823294816652,-0.42277902019742936,-1.0,-0.5010890819906673,-0.2643991086684104,-0.434042064349646,-0.19808801146972393,-0.40311083152488536,-0.3819858514654699,-0.12991930459280573,-0.878173813673171,-0.22429269868597818,-0.1813359138205558,-0.19584964949719627,-0.13689474682229855,-0.17166811643495455,-0.31855021164610403,0.12530262031822664,-0.6776292225128447,0.02158750129174856,-0.14981674728180988,0.03902334779088422,-0.16368586280275826,0.07795890684461193,-0.36607451909329786,0.0,0.0,0.0,0.0,0.0,0.0,0.0,0.0,0.0,0.0,0.0,0.0,0.0,0.0,0.0,0.0,0.0,0.0,0.0,0.0,0.0,0.0,0.0,0.0,0.0,0.0,0.0,0.0,0.0,0.0,0.0,0.0,0.0,0.0,0.0,0.0,0.0,0.0,0.0,0.0,0.0,0.0,yes
0.0,0.0,-0.3001071184849206,0.04068878716730757,-0.569732092447567,0.06870335602352431,-0.7310268297242893,0.10600137226712168,-0.669855633601895,-0.014385144999645104,-0.6471937415712041,-0.9892000072371085,-0.7229732268736109,-0.39892751618259226,-0.6295240626900611,-0.23153133969549403,-0.5809264148431241,-0.37723381937939937,-0.38231881597192746,-1.0,-0.47668236098604677,-0.3012195919662528,-0.42435157131080276,-0.21816634865141585,-0.4004403502203839,-0.3894747390117728,-0.11386198555640144,-0.877794927250822,-0.22250814986567277,-0.1934817775637573,-0.21335042404353027,-0.13465475512825686,-0.20119115384097938,-0.2999823247541123,0.11436672748621354,-0.6778155251751635,0.006937418031627092,-0.1407371737328217,0.010827827795785498,-0.16229958196419766,0.031800597247022465,-0.37077423607912013,0.0,0.0,0.0,0.0,0.0,0.0,0.0,0.0,0.0,0.0,0.0,0.0,0.0,0.0,0.0,0.0,0.0,0.0,0.0,0.0,0.0,0.0,0.0,0.0,0.0,0.0,0.0,0.0,0.0,0.0,0.0,0.0,0.0,0.0,0.0,0.0,0.0,0.0,0.0,0.0,0.0,0.0,yes
0.0,0.0,-0.3053874124188867,0.06509575889455535,-0.5933387851874954,0.10708419127679708,-0.7526673034054301,0.17137590504913758,-0.6424364826503454,0.06364980667477062,-0.6857862542395107,-0.9884368122423954,-0.7636913600810867,-0.303894059191897,-0.6496901657529052,-0.176026519756031,-0.5896490376266538,-0.3728337296707269,-0.4006815999036032,-1.0,-0.4956980263461,-0.23832251822502276,-0.4189943366871392,-0.19859294318612736,-0.39800056349608565,-0.41997602483635577,-0.11057370280720283,-0.8789564336013779,-0.2287368827680062,-0.16370668788341655,-0.1877908295442061,-0.15031302384757964,-0.1674039664454029,-0.3604722557917829,0.14198462258166264,-0.6780138180581003,0.03165634181176395,-0.11703220078889452,0.0614573993415247,-0.15057882388798124,0.10059689829072854,-0.376212934184366,0.0,0.0,0.0,0.0,0.0,0.0,0.0,0.0,0.0,0.0,0.0,0.0,0.0,0.0,0.0,0.0,0.0,0.0,0.0,0.0,0.0,0.0,0.0,0.0,0.0,0.0,0.0,0.0,0.0,0.0,0.0,0.0,0.0,0.0,0.0,0.0,0.0,0.0,0.0,0.0,0.0,0.0,yes
0.0,0.0,-0.28871092019640504,0.06318434499410411,-0.5663058160355875,0.07342105427343229,-0.73516921063632,0.10335871063943948,-0.6546284338131158,-0.021202216731864662,-0.6517089517784391,-0.9651062041040422,-0.7144360919260548,-0.4374376095731871,-0.6204045551250617,-0.2558997947354958,-0.5834378372982449,-0.38962041664327024,-0.38577716635159504,-1.0,-0.4615721763652585,-0.362671651661769,-0.40181774508519413,-0.23057669031263842,-0.39542311627703847,-0.4035366013438898,-0.11477030964368827,-0.9058653240246817,-0.2024791615974445,-0.2929101858610815,-0.16896263437338174,-0.17456373494051072,-0.1538150186235424,-0.3276725719205645,0.1222926454164873,-0.7357476868749259,0.05378093785289585,-0.24463676293509523,0.07729861929985463,-0.16899110000561512,0.11330218491274699,-0.31519448655798254,0.0,0.0,0.0,0.0,0.0,0.0,0.0,0.0,0.0,0.0,0.0,0.0,0.0,0.0,0.0,0.0,0.0,0.0,0.0,0.0,0.0,0.0,0.0,0.0,0.0,0.0,0.0,0.0,0.0,0.0,0.0,0.0,0.0,0.0,0.0,0.0,0.0,0.0,0.0,0.0,0.0,0.0,yes
0.0,0.0,-0.3084295668092578,0.04250200810714886,-0.5826398669979265,0.058616554274933216,-0.73999962639867,0.08443203257803598,-0.6668447499673099,-0.012975547792950144,-0.6711934694487512,-0.9752227597930249,-0.7414077298115181,-0.4276483664281845,-0.647964806754712,-0.24630489604542993,-0.605153083144976,-0.3862073860982945,-0.41429585489324344,-1.0,-0.5007812003810733,-0.3370395830609157,-0.44871761343470384,-0.23349298563502885,-0.44081557170343527,-0.4209325089197318,-0.15564081968131807,-0.8959079446322828,-0.25705340631012646,-0.24480413950273663,-0.2339782937627258,-0.16441746212616518,-0.2281478714064222,-0.3399043580595147,0.06549791717258513,-0.7186445743746848,-0.02485532288494947,-0.18517774083275737,-0.006390077148674649,-0.15969626211869314,0.01616685035398726,-0.34388956344684585,0.0,0.0,0.0,0.0,0.0,0.0,0.0,0.0,0.0,0.0,0.0,0.0,0.0,0.0,0.0,0.0,0.0,0.0,0.0,0.0,0.0,0.0,0.0,0.0,0.0,0.0,0.0,0.0,0.0,0.0,0.0,0.0,0.0,0.0,0.0,0.0,0.0,0.0,0.0,0.0,0.0,0.0,yes
0.0,0.0,-0.28670885985353817,0.04025589311377417,-0.5607468809582429,0.05822867342673759,-0.7138948371914596,0.10373175668325194,-0.6047387534139121,-0.006994225693231723,-0.6207598065879201,-0.9768254768025743,-0.6946563328428369,-0.37663789056013924,-0.5868572254699318,-0.2255422179979731,-0.5397352178319296,-0.39056228636210083,-0.3401183346406875,-1.0,-0.41790113825700104,-0.25630213909866995,-0.34269022003630056,-0.19978471597968545,-0.33350128540591917,-0.4209432417421974,-0.056154918610043916,-0.8901940562143221,-0.14739189993873567,-0.18116350706830114,-0.11622331136596566,-0.1539330844588985,-0.11196415177523432,-0.3550915959073134,0.1903692607627696,-0.6987641208567846,0.10235545624753081,-0.1414368776946288,0.11991276989230074,-0.15755526672888528,0.13911620470303973,-0.3704781767275684,0.0,0.0,0.0,0.0,0.0,0.0,0.0,0.0,0.0,0.0,0.0,0.0,0.0,0.0,0.0,0.0,0.0,0.0,0.0,0.0,0.0,0.0,0.0,0.0,0.0,0.0,0.0,0.0,0.0,0.0,0.0,0.0,0.0,0.0,0.0,0.0,0.0,0.0,0.0,0.0,0.0,0.0,yes
0.0,0.0,-0.30227539255026753,0.041762050549675384,-0.5900618067237423,0.05959000117204463,-0.7565707328937376,0.11184015750111954,-0.6779668480738835,0.027613507103064726,-0.6703367020018929,-0.9824140799822229,-0.7608483570711891,-0.3713298235225971,-0.6514810105057203,-0.21953107374870687,-0.5951476674618053,-0.3847182316624132,-0.38747931137974045,-1.0,-0.4736479652153412,-0.24782985434804847,-0.3946060879927753,-0.19645432785950098,-0.3673137075701211,-0.42933112835379217,-0.10353422268712573,-0.8874230803365462,-0.2010168334063885,-0.18925539936574093,-0.157289745015931,-0.1491216778801303,-0.13319304930107523,-0.3570122482051796,0.14223540753617925,-0.7014876837078343,0.060368089763714446,-0.15120798507912656,0.09036057648336476,-0.1462305215327634,0.12593890598779311,-0.35774054183691234,0.0,0.0,0.0,0.0,0.0,0.0,0.0,0.0,0.0,0.0,0.0,0.0,0.0,0.0,0.0,0.0,0.0,0.0,0.0,0.0,0.0,0.0,0.0,0.0,0.0,0.0,0.0,0.0,0.0,0.0,0.0,0.0,0.0,0.0,0.0,0.0,0.0,0.0,0.0,0.0,0.0,0.0,yes
0.0,0.0,-0.306637748381256,0.03838352013662473,-0.5861496089539027,0.059398931614143245,-0.7622783794730706,0.10318337328218036,-0.7005329405789875,0.034466303067893486,-0.7112698592128589,-0.9634427677976151,-0.7698247732506079,-0.3875148016163217,-0.6632617044409298,-0.21773643120630579,-0.6187492522979787,-0.37615698133702796,-0.4386067019807224,-1.0,-0.4993044517395627,-0.28956493052591753,-0.434366181029741,-0.21666633160827697,-0.4290295247960236,-0.4248789752618152,-0.16032478033626898,-0.9072318892975869,-0.23491405093173146,-0.22155609684879232,-0.20356906393803903,-0.16333074844024828,-0.20018607275424918,-0.35571501405432626,0.08007522005920976,-0.7484119056242682,0.00701282702385429,-0.1873089549243202,0.024629757733010314,-0.17102412848841098,0.04038662003093303,-0.3658870571997402,0.0,0.0,0.0,0.0,0.0,0.0,0.0,0.0,0.0,0.0,0.0,0.0,0.0,0.0,0.0,0.0,0.0,0.0,0.0,0.0,0.0,0.0,0.0,0.0,0.0,0.0,0.0,0.0,0.0,0.0,0.0,0.0,0.0,0.0,0.0,0.0,0.0,0.0,0.0,0.0,0.0,0.0,yes
0.0,0.0,-0.28078048001319394,0.08262366782492216,-0.5670255278297854,0.15541130839583184,-0.7017700433769548,0.21833889735332723,-0.5601746895582018,0.09284408482936374,-0.69236255875011,-0.9391092871355724,-0.6900516750984593,-0.2887179335674518,-0.5767589645760821,-0.12770245636088742,-0.5547169394784182,-0.3245051387780107,-0.3743449709711068,-1.0,-0.3820688025187918,-0.2411341185835887,-0.33061089725463255,-0.10588606544949739,-0.34837269053670744,-0.3237701232417172,-0.05496968223239542,-0.9187400392246365,-0.08310707689450741,-0.19768606460539828,-0.09360831918114594,-0.07748083164540565,-0.11446178779543063,-0.25863683836833046,0.21546993432584238,-0.7561758024704184,0.17054113570938575,-0.19916226409458845,0.15705145790526415,-0.13845790234227764,0.15892827982015495,-0.3287996553478386,0.0,0.0,0.0,0.0,0.0,0.0,0.0,0.0,0.0,0.0,0.0,0.0,0.0,0.0,0.0,0.0,0.0,0.0,0.0,0.0,0.0,0.0,0.0,0.0,0.0,0.0,0.0,0.0,0.0,0.0,0.0,0.0,0.0,0.0,0.0,0.0,0.0,0.0,0.0,0.0,0.0,0.0,yes
0.0,0.0,-0.27862804294683363,0.03950149238130382,-0.5525005647451319,0.0786332548713137,-0.6198245193979335,0.14059583814872442,-0.42671695837846374,0.04406811726138996,-0.6277158337833777,-0.9488101190809564,-0.6348509871917676,-0.34548090873502707,-0.5432034705082102,-0.1693737239243603,-0.5247780216888046,-0.3424530973588933,-0.32462860358865475,-1.0,-0.336545193792166,-0.2365528389079089,-0.30354305762300826,-0.12220523147639567,-0.3247789143388537,-0.3643307982551859,-0.022931891809086342,-0.9143652012760288,-0.056902985208932666,-0.18114288289395994,-0.07370841816508296,-0.1134535176242954,-0.10298158074214062,-0.33503949472551803,0.229796053939675,-0.7591013951112436,0.16523384335805735,-0.18755268614956985,0.14974060597404606,-0.1729434602657707,0.1418495795402305,-0.3991519248630538,0.0,0.0,0.0,0.0,0.0,0.0,0.0,0.0,0.0,0.0,0.0,0.0,0.0,0.0,0.0,0.0,0.0,0.0,0.0,0.0,0.0,0.0,0.0,0.0,0.0,0.0,0.0,0.0,0.0,0.0,0.0,0.0,0.0,0.0,0.0,0.0,0.0,0.0,0.0,0.0,0.0,0.0,yes
0.0,0.0,-0.26958494852563875,0.03915183741118057,-0.5296712575197928,0.08006635418858622,-0.6390813828800169,0.12796490668284186,-0.5379263409429004,0.07584551652252344,-0.6660655560548563,-0.9376454002096674,-0.6624331555689569,-0.3307660372894279,-0.5851267823292783,-0.15656991427739578,-0.5589594605680553,-0.32354627574394385,-0.3720028491824101,-1.0,-0.33725727149108137,-0.21092519024405082,-0.31836557186252507,-0.09120600814248486,-0.34380641352656804,-0.3211270151304688,-0.068448521909853,-0.9259521122686666,-0.051456374709309256,-0.16277541133937748,-0.07705426943783923,-0.08644177272257336,-0.11763245283692086,-0.3015591391795776,0.19486746490763335,-0.778097765678875,0.16924705046594601,-0.17354743828757763,0.15447675080899145,-0.13755830448787174,0.14330317105345317,-0.3460735929602792,0.0,0.0,0.0,0.0,0.0,0.0,0.0,0.0,0.0,0.0,0.0,0.0,0.0,0.0,0.0,0.0,0.0,0.0,0.0,0.0,0.0,0.0,0.0,0.0,0.0,0.0,0.0,0.0,0.0,0.0,0.0,0.0,0.0,0.0,0.0,0.0,0.0,0.0,0.0,0.0,0.0,0.0,yes
0.0,0.0,-0.28784600495814416,0.054840509688646864,-0.5535077178882498,0.11039783602102458,-0.6107670313894704,0.18058072726407232,-0.41277976901244795,0.0981006029193506,-0.6480492913745522,-0.9409439125077267,-0.650884544778979,-0.2983875244396199,-0.5573671143731759,-0.15439200516998786,-0.5216933074240073,-0.3348009748149604,-0.34044614946281204,-1.0,-0.3393357100096694,-0.20468274739256206,-0.2980142230340886,-0.13369228912681017,-0.30567956792798096,-0.3615703879843158,-0.030726519418145314,-0.9254684675142176,-0.058394806739969406,-0.17082868040458524,-0.06830330057179698,-0.11867560678528892,-0.08965163128677774,-0.3272021616406221,0.2390999678058855,-0.7771759456377393,0.17627342476758787,-0.19469380307139925,0.15840395137171565,-0.16443189218854978,0.1522652171474233,-0.3608613658516624,0.0,0.0,0.0,0.0,0.0,0.0,0.0,0.0,0.0,0.0,0.0,0.0,0.0,0.0,0.0,0.0,0.0,0.0,0.0,0.0,0.0,0.0,0.0,0.0,0.0,0.0,0.0,0.0,0.0,0.0,0.0,0.0,0.0,0.0,0.0,0.0,0.0,0.0,0.0,0.0,0.0,0.0,yes
0.0,0.0,-0.2679420614460303,0.05472561313802348,-0.5146419100814832,0.11610985083630239,-0.5948421179712495,0.19475925605570477,-0.514214806449782,0.17868502441010223,-0.6817602930546117,-0.9302254489249796,-0.6444596370054673,-0.24514360168680074,-0.5567792629617718,-0.11474252034424716,-0.5317325884834732,-0.30763711108627917,-0.37171844424848066,-1.0,-0.3134992377329862,-0.14686430667184056,-0.28128870966929687,-0.10985110851630758,-0.2998466210699286,-0.3860526845532078,-0.053974302734266275,-0.9279124472942821,-0.024842241828580636,-0.11184861422020989,-0.04356783700048576,-0.09537068933954507,-0.07412602660373807,-0.34602362843998424,0.22500793843827882,-0.7732859608531892,0.19630434223386634,-0.1346067863201075,0.1785467397415846,-0.14608087502618358,0.16938211388531874,-0.3884462615025691,0.0,0.0,0.0,0.0,0.0,0.0,0.0,0.0,0.0,0.0,0.0,0.0,0.0,0.0,0.0,0.0,0.0,0.0,0.0,0.0,0.0,0.0,0.0,0.0,0.0,0.0,0.0,0.0,0.0,0.0,0.0,0.0,0.0,0.0,0.0,0.0,0.0,0.0,0.0,0.0,0.0,0.0,yes
0.0,0.0,-0.25747255971239225,0.049339650568814536,-0.48271694941205007,0.11041222991945802,-0.5549542186576355,0.17936366507994714,-0.517951465729465,0.18596127056309508,-0.6566861827302224,-0.9153678711593092,-0.6283975729556401,-0.27627446494036206,-0.5260364967106591,-0.13595704251641694,-0.5093648918089834,-0.3314092522894641,-0.3520325920863935,-1.0,-0.2994110774293635,-0.15839572955375514,-0.24880737985366858,-0.10197836854566178,-0.2768628184781123,-0.389019729693499,-0.03707236020681567,-0.9425372064799348,-0.011506903626076051,-0.12854294100809602,-0.015381620581840096,-0.10778859131409675,-0.052246217618555024,-0.3718280552004246,0.2405053223763184,-0.7996227444297305,0.21327352577143324,-0.14713073107095562,0.20542960593413961,-0.14562980758351451,0.19516292933365853,-0.38718347380285073,0.0,0.0,0.0,0.0,0.0,0.0,0.0,0.0,0.0,0.0,0.0,0.0,0.0,0.0,0.0,0.0,0.0,0.0,0.0,0.0,0.0,0.0,0.0,0.0,0.0,0.0,0.0,0.0,0.0,0.0,0.0,0.0,0.0,0.0,0.0,0.0,0.0,0.0,0.0,0.0,0.0,0.0,yes
0.0,0.0,-0.2529152488948485,0.04115995049747966,-0.47627754481967494,0.09389589485623341,-0.552317653229161,0.15700153209783724,-0.5024420554397224,0.17553862410896756,-0.6528470408292447,-0.9132990226094235,-0.6328269401190024,-0.30187287980136984,-0.5293878584475947,-0.14149220645341312,-0.5076889092135145,-0.32179893605752213,-0.3512614616678422,-1.0,-0.3066936915290233,-0.19591139152204748,-0.2614825953168962,-0.10581112049833226,-0.2901315330537836,-0.3682499205531054,-0.043382396635068765,-0.9422685899274256,-0.02014928265267368,-0.1582899927916476,-0.03127624008205637,-0.10679057798584683,-0.06798561429889084,-0.34664449904534544,0.2253695249463249,-0.8013106799879086,0.1993124937023803,-0.17259508436872661,0.1911122823607225,-0.1463476389416382,0.1861718481543776,-0.3633079361634513,0.0,0.0,0.0,0.0,0.0,0.0,0.0,0.0,0.0,0.0,0.0,0.0,0.0,0.0,0.0,0.0,0.0,0.0,0.0,0.0,0.0,0.0,0.0,0.0,0.0,0.0,0.0,0.0,0.0,0.0,0.0,0.0,0.0,0.0,0.0,0.0,0.0,0.0,0.0,0.0,0.0,0.0,yes
0.0,0.0,-0.2467499634730408,0.061260312394661426,-0.4663776530939773,0.17384445382704744,-0.523974627856437,0.3251201363059567,-0.5528826961152572,0.4462205238943836,-0.7402694481610546,-0.901915623299483,-0.6806879378201861,-0.10394450893386147,-0.5550536054697252,0.007088530994994368,-0.5419470422366693,-0.23045548830504556,-0.3937082744204293,-1.0,-0.28754281132186177,0.0067600759760751295,-0.23194245191959237,0.0035759030212109463,-0.2741981038193969,-0.33079274430783423,-0.03298125563004115,-0.9338191898262928,0.052413310308885776,0.03175458255150301,0.04746520160005338,0.010639411611086249,0.007708626459784105,-0.2876286640566668,0.29366495977432666,-0.7756545803656377,0.30569469674570676,-0.01390469167219844,0.2938475945703107,-0.03459275604247942,0.28563190488955054,-0.3107482159312764,0.0,0.0,0.0,0.0,0.0,0.0,0.0,0.0,0.0,0.0,0.0,0.0,0.0,0.0,0.0,0.0,0.0,0.0,0.0,0.0,0.0,0.0,0.0,0.0,0.0,0.0,0.0,0.0,0.0,0.0,0.0,0.0,0.0,0.0,0.0,0.0,0.0,0.0,0.0,0.0,0.0,0.0,yes
0.0,0.0,-0.311259158651781,0.16494334692897947,-0.577877347362622,0.4249484879105115,-0.5940455297324644,0.6628289989540762,-0.47911800120819886,0.7397286052667106,-0.9085882005610079,-0.8910176688853343,-0.8178899339036141,0.20024941260535944,-0.6388259334563351,0.22869390432319728,-0.5878033963205845,-0.10607058554006897,-0.4682244386170896,-1.0,-0.3278681426874651,0.3340482297705104,-0.24886202941950547,0.1649631199348718,-0.27789357486400945,-0.27624832440820757,-0.0010684241459766024,-0.9069414159926799,0.08022078947476079,0.3512838135446454,0.07218988085741208,0.15505036661880237,0.02667651225994548,-0.27024056929893103,0.4300812875090513,-0.6938671635827596,0.40330318290848644,0.24890805279528938,0.37159853161567274,0.07445082180703455,0.3503067543224473,-0.3422806184996243,0.0,0.0,0.0,0.0,0.0,0.0,0.0,0.0,0.0,0.0,0.0,0.0,0.0,0.0,0.0,0.0,0.0,0.0,0.0,0.0,0.0,0.0,0.0,0.0,0.0,0.0,0.0,0.0,0.0,0.0,0.0,0.0,0.0,0.0,0.0,0.0,0.0,0.0,0.0,0.0,0.0,0.0,yes
0.0,0.0,-0.32011142680565646,0.1366566842346102,-0.5835914207296681,0.33456211040171946,-0.6467179083441573,0.5468894823820022,-0.5664324379461264,0.6029265800175143,-0.8039994782987107,-0.8909322189389568,-0.7184354140435545,0.07113074964875166,-0.5593721015498507,0.13055164226955218,-0.5226054242407304,-0.16970087126010125,-0.40371121623034184,-1.0,-0.28699571112275357,0.20859146020464459,-0.2174625927227723,0.09831448166355762,-0.25589732463873294,-0.2977714323068892,0.01191165310780174,-0.9317030799639862,0.07628618157920748,0.23088882172879555,0.07301607452622923,0.11058867295550412,0.02520114079524077,-0.2517570312038636,0.3835644514257256,-0.7541605835727886,0.3653753296555287,0.15662660114452168,0.3503811545830606,0.04697901162869648,0.32604277887412947,-0.30491877155136343,0.0,0.0,0.0,0.0,0.0,0.0,0.0,0.0,0.0,0.0,0.0,0.0,0.0,0.0,0.0,0.0,0.0,0.0,0.0,0.0,0.0,0.0,0.0,0.0,0.0,0.0,0.0,0.0,0.0,0.0,0.0,0.0,0.0,0.0,0.0,0.0,0.0,0.0,0.0,0.0,0.0,0.0,yes
0.0,0.0,-0.26863957224255114,0.0770026863903448,-0.5101119432381396,0.20797624812556315,-0.5969731524982946,0.37612745175803824,-0.6261147471294933,0.4976724313862672,-0.7977322305267621,-0.8942727534519619,-0.730773191593596,-0.03621746774839296,-0.6018979773962475,0.016651264265146806,-0.5771453277753832,-0.25644985086513816,-0.44063066582739935,-1.0,-0.3364035065312546,0.10342293614317592,-0.2756148838554958,0.016827650219124593,-0.30737188424026457,-0.3353408887109494,-0.05429702803111599,-0.9297068363270099,0.017673818812368635,0.12757302338162527,0.020126820425385918,0.02392073172207274,-0.020175219010318848,-0.3184612100130219,0.3039409623305747,-0.758731306382671,0.2902976701190094,0.07404607061299766,0.277563464661101,-0.0077513022580359804,0.2633498757904094,-0.3257094358687828,0.0,0.0,0.0,0.0,0.0,0.0,0.0,0.0,0.0,0.0,0.0,0.0,0.0,0.0,0.0,0.0,0.0,0.0,0.0,0.0,0.0,0.0,0.0,0.0,0.0,0.0,0.0,0.0,0.0,0.0,0.0,0.0,0.0,0.0,0.0,0.0,0.0,0.0,0.0,0.0,0.0,0.0,yes
0.0,0.0,-0.36206120943096304,0.16022788422750328,-0.6622573329523906,0.40133082158953737,-0.6815268367126508,0.6387231298000129,-0.5109106774662359,0.7335010410109537,-0.8883288309319235,-0.9018351060329082,-0.8182584571977642,0.13110001835028606,-0.669789776954983,0.19815676409352298,-0.6364994158105135,-0.1235776399054457,-0.45238859556821237,-1.0,-0.33691187139623996,0.2932366420370211,-0.2696423552476011,0.17187605736748499,-0.3039451566471782,-0.24594865171853914,0.011622157544561385,-0.9156860877732121,0.08359925762640211,0.3397878335280632,0.07106314743796713,0.1982159186021573,0.023921030279520538,-0.2048155176832493,0.43094059540096924,-0.7249654480373324,0.39837929034720754,0.25254484399546895,0.3800550198872193,0.11976000613224749,0.36835419613745835,-0.26968540486383236,0.0,0.0,0.0,0.0,0.0,0.0,0.0,0.0,0.0,0.0,0.0,0.0,0.0,0.0,0.0,0.0,0.0,0.0,0.0,0.0,0.0,0.0,0.0,0.0,0.0,0.0,0.0,0.0,0.0,0.0,0.0,0.0,0.0,0.0,0.0,0.0,0.0,0.0,0.0,0.0,0.0,0.0,yes
0.0,0.0,-0.3100502157962281,0.10980444583951224,-0.5800069980782527,0.2766795088800244,-0.655966579325795,0.44191415646379373,-0.5343182913632472,0.46940148091880807,-0.7817194940067825,-0.8984134455595094,-0.7207922260466985,-0.04779078802533926,-0.5782775451655784,0.06205512003245747,-0.555579106922423,-0.20414228823338126,-0.4062664827268,-1.0,-0.31989270853668533,0.08627888949827128,-0.25348219510020237,0.06603097466910957,-0.29696516495916303,-0.274710053511511,-0.011478655661991492,-0.9332492837468237,0.038682123391827396,0.12980916881142837,0.03016190331781468,0.09209157356161651,-0.018355802444755914,-0.2260868317190754,0.336675604521136,-0.769953260651305,0.3040432440305369,0.082397653770012,0.2935216745739458,0.044920858326390846,0.281051115074533,-0.24957424813516363,0.0,0.0,0.0,0.0,0.0,0.0,0.0,0.0,0.0,0.0,0.0,0.0,0.0,0.0,0.0,0.0,0.0,0.0,0.0,0.0,0.0,0.0,0.0,0.0,0.0,0.0,0.0,0.0,0.0,0.0,0.0,0.0,0.0,0.0,0.0,0.0,0.0,0.0,0.0,0.0,0.0,0.0,yes
0.0,0.0,-0.28294213188406403,0.11067472416771755,-0.5505097052531972,0.29158640669823654,-0.6246204816242079,0.46293217428153044,-0.5324130316556048,0.5039111306071019,-0.7868801578670174,-0.9078790445499804,-0.7201118191034698,-0.005667095603717219,-0.5939701072418389,0.0819297545815894,-0.5752905742314267,-0.19466405844655593,-0.4012242067979136,-1.0,-0.2985242772435952,0.11730209833176697,-0.24604495921941286,0.07499100015063936,-0.291347631319198,-0.28657389150960966,0.005435643848149971,-0.9257116888944953,0.06636920128436152,0.1383054928312459,0.055238556301681264,0.07244061141144281,0.009394946219981194,-0.2661691400942247,0.37129053736077067,-0.7590362465066001,0.3482352655956246,0.07296816484011709,0.328148839262501,0.017312919616792665,0.3169176838611456,-0.29398464084634823,0.0,0.0,0.0,0.0,0.0,0.0,0.0,0.0,0.0,0.0,0.0,0.0,0.0,0.0,0.0,0.0,0.0,0.0,0.0,0.0,0.0,0.0,0.0,0.0,0.0,0.0,0.0,0.0,0.0,0.0,0.0,0.0,0.0,0.0,0.0,0.0,0.0,0.0,0.0,0.0,0.0,0.0,yes
0.0,0.0,-0.3240338225669144,0.14051027086716725,-0.6182077315328798,0.36319421558286996,-0.6788540270794519,0.6067999130858039,-0.5485500981747359,0.685594368277111,-0.8601039403964106,-0.8990374054659519,-0.7729473620947114,0.15923380777300866,-0.6064965059304409,0.23118026968497565,-0.568071185104122,-0.08132566603946671,-0.43140376333185176,-1.0,-0.3176045496543576,0.265918737868502,-0.2585602227539516,0.1544675283676444,-0.3013835604043756,-0.24693194869420668,0.014466854716581129,-0.9160072041037238,0.07433990451326399,0.2845136206301015,0.06027195689689903,0.1516249850574948,0.016437085944006388,-0.23170571751433325,0.4094976874615705,-0.7218031129283545,0.37619264306994676,0.1980873593340629,0.3580827890739081,0.08331861647922216,0.3533490034257138,-0.27946929505058,0.0,0.0,0.0,0.0,0.0,0.0,0.0,0.0,0.0,0.0,0.0,0.0,0.0,0.0,0.0,0.0,0.0,0.0,0.0,0.0,0.0,0.0,0.0,0.0,0.0,0.0,0.0,0.0,0.0,0.0,0.0,0.0,0.0,0.0,0.0,0.0,0.0,0.0,0.0,0.0,0.0,0.0,yes
0.0,0.0,-0.32088065627505447,0.16382098735492467,-0.6173682358398813,0.3713608559480269,-0.7123320781607717,0.5522885636949436,-0.5745361458168213,0.48923297577361474,-0.817764467237382,-0.8934101860942143,-0.7517491919551758,0.055546976302740955,-0.6013755174884506,0.15344114449834198,-0.5725950666384945,-0.13687457634131972,-0.416689539512167,-1.0,-0.32919305406347793,0.15131348980032144,-0.27971287935396305,0.10130109169598324,-0.33058233552287014,-0.26250395125695963,0.00018062888958390129,-0.9370473011683828,0.04094081387190228,0.16658617035596218,0.020683618403011424,0.10235537965919243,-0.027986080177794328,-0.23680819088831317,0.3617610127408408,-0.7699295268582337,0.31863778561865735,0.10518523226267355,0.29594470179105686,0.0473139908039082,0.2822154195251529,-0.27105247981599145,0.0,0.0,0.0,0.0,0.0,0.0,0.0,0.0,0.0,0.0,0.0,0.0,0.0,0.0,0.0,0.0,0.0,0.0,0.0,0.0,0.0,0.0,0.0,0.0,0.0,0.0,0.0,0.0,0.0,0.0,0.0,0.0,0.0,0.0,0.0,0.0,0.0,0.0,0.0,0.0,0.0,0.0,yes
0.0,0.0,-0.29251271563785286,0.13565008628492944,-0.5904446047364258,0.33224690787968086,-0.6999069020236853,0.5107521248480319,-0.5472969475636976,0.4612364414764739,-0.7731770262419545,-0.8926143019108397,-0.7187759537322789,0.015396775398303619,-0.5728956389339858,0.13759938836165433,-0.5469099730599063,-0.12005457652281436,-0.38764351056055063,-1.0,-0.2978230115263198,0.14262699609565682,-0.24161813498075158,0.12422624912554966,-0.28280293503763904,-0.2271039675326205,0.02046133154537995,-0.9279233751129153,0.07073500395910991,0.17490875900938682,0.046242797314069,0.12763709050049193,-0.0005150914864024101,-0.19060243349026024,0.37537445112339846,-0.7431511935075298,0.3403801499788558,0.09924781010964333,0.30889747848397164,0.05953941616806806,0.29215372573094595,-0.23278790151542605,0.0,0.0,0.0,0.0,0.0,0.0,0.0,0.0,0.0,0.0,0.0,0.0,0.0,0.0,0.0,0.0,0.0,0.0,0.0,0.0,0.0,0.0,0.0,0.0,0.0,0.0,0.0,0.0,0.0,0.0,0.0,0.0,0.0,0.0,0.0,0.0,0.0,0.0,0.0,0.0,0.0,0.0,yes
0.0,0.0,-0.3011986023553891,0.12045673507141268,-0.5731011954243698,0.28885568265639455,-0.6451750860983202,0.43462800006021446,-0.5198916808700321,0.43749926822700186,-0.7521639572945641,-0.9025168600498776,-0.6934575730560346,-0.07522406889203714,-0.5770381341544802,0.09128700889668703,-0.5745875309226361,-0.14619015978577032,-0.3806582778997864,-1.0,-0.3214243898685819,0.060440059010174574,-0.2778213821561127,0.12172123881223625,-0.3280751610318752,-0.21100162160896394,0.0065554315955327555,-0.9237471628115471,0.01914109085191758,0.10616938997730249,0.005953077879045868,0.14390629625850737,-0.0349337975422463,-0.14746595373856553,0.34261172710135934,-0.761284253248654,0.28835055020966344,0.05548177425262978,0.27032928112293286,0.07721731400003011,0.26386249859917743,-0.17989531046410298,0.0,0.0,0.0,0.0,0.0,0.0,0.0,0.0,0.0,0.0,0.0,0.0,0.0,0.0,0.0,0.0,0.0,0.0,0.0,0.0,0.0,0.0,0.0,0.0,0.0,0.0,0.0,0.0,0.0,0.0,0.0,0.0,0.0,0.0,0.0,0.0,0.0,0.0,0.0,0.0,0.0,0.0,yes
0.0,0.0,-0.32451036962810503,0.1259497871806959,-0.6309622248955223,0.3118232135757851,-0.6851165161003363,0.4896288692369846,-0.4609890666604843,0.45912276544024017,-0.7837582850121457,-0.8966105831772716,-0.7321198726089492,-0.03328838239296997,-0.5976229667964105,0.1110241000581314,-0.5797312474723146,-0.14595724895093007,-0.39770827483700455,-1.0,-0.3265316592864693,0.10646396239748653,-0.27943020067782753,0.1158147883871156,-0.3306521621531114,-0.23423282440453957,0.007839796050671345,-0.9224878563768082,0.03752416059378175,0.15385242868170526,0.011480736353933487,0.1278274656685583,-0.03606336236468565,-0.19209732844583088,0.3586728696388383,-0.7445739020078087,0.30445095882459516,0.0978361295651823,0.27958111047283923,0.06212846781263658,0.27000338312712574,-0.22693237523860063,0.0,0.0,0.0,0.0,0.0,0.0,0.0,0.0,0.0,0.0,0.0,0.0,0.0,0.0,0.0,0.0,0.0,0.0,0.0,0.0,0.0,0.0,0.0,0.0,0.0,0.0,0.0,0.0,0.0,0.0,0.0,0.0,0.0,0.0,0.0,0.0,0.0,0.0,0.0,0.0,0.0,0.0,yes
0.0,0.0,-0.3458058298190631,0.16273292579299892,-0.6747169625944408,0.38066380378646414,-0.7555484337690425,0.5831058877745502,-0.5361957456812635,0.5643540419419942,-0.8238980123782628,-0.8851994785760612,-0.7548527339960104,0.07386347886145246,-0.6342933904427834,0.20092038693913739,-0.6269057325637906,-0.08338502151838698,-0.410604626029207,-1.0,-0.3339733194224569,0.21570201873406736,-0.29497834125664574,0.1831861248364702,-0.35391842838286647,-0.20826816021446454,0.01635128393919528,-0.9334167479076666,0.042519092853345715,0.24611116341985328,0.022670829792746264,0.19324757168848136,-0.025955402930992032,-0.16557701383621465,0.3842543538255592,-0.7652277603859332,0.32818993492727494,0.17834593519161276,0.3128478133353763,0.12828011389919955,0.30483673921726756,-0.20233658277838956,0.0,0.0,0.0,0.0,0.0,0.0,0.0,0.0,0.0,0.0,0.0,0.0,0.0,0.0,0.0,0.0,0.0,0.0,0.0,0.0,0.0,0.0,0.0,0.0,0.0,0.0,0.0,0.0,0.0,0.0,0.0,0.0,0.0,0.0,0.0,0.0,0.0,0.0,0.0,0.0,0.0,0.0,yes
0.0,0.0,-0.2913561380112524,0.11722458045646487,-0.5675516772458661,0.2705162728592792,-0.6638695359316256,0.39921536821934644,-0.5103421244050439,0.33943428661901803,-0.7469142176388411,-0.8850452069645197,-0.684715137610947,-0.09898221488781125,-0.5866477423844471,0.020454787716154957,-0.5857922697060666,-0.2131481832626489,-0.38887418251877776,-1.0,-0.3048167429833405,0.04008434989812971,-0.28583759870216807,0.013545714177837771,-0.34354184880141,-0.30017328484611816,-0.016753997473007553,-0.9413221047590022,0.017629704447852983,0.07079229369518096,-0.017854993521896116,0.03563322187782198,-0.07626786119940149,-0.25457873967868355,0.3017974521891736,-0.7853252746597145,0.26837060303001287,0.010900444966781334,0.24377675438129884,-0.036056264694636304,0.2210928564380838,-0.3174322010262752,0.0,0.0,0.0,0.0,0.0,0.0,0.0,0.0,0.0,0.0,0.0,0.0,0.0,0.0,0.0,0.0,0.0,0.0,0.0,0.0,0.0,0.0,0.0,0.0,0.0,0.0,0.0,0.0,0.0,0.0,0.0,0.0,0.0,0.0,0.0,0.0,0.0,0.0,0.0,0.0,0.0,0.0,yes
0.0,0.0,-0.3209367597077758,0.11679955937605556,-0.6021098024404046,0.28670946559923144,-0.6377066668634537,0.44794017139028103,-0.40882764043127207,0.4198405555833219,-0.7197852875119316,-0.8899522467315192,-0.6646171749640891,-0.08734926927738143,-0.5785814587975577,0.051519950230783054,-0.5823472460612135,-0.17138312513605974,-0.34993801769092614,-1.0,-0.28095210462001047,0.08460655070322835,-0.2567057121111542,0.08296986442159554,-0.3056906882076854,-0.22326288247534767,0.03448781323931388,-0.9290845681996037,0.0648902839893328,0.1311705996669604,0.017548926443150197,0.11885016918649044,-0.050433820258124144,-0.17006867753892385,0.36846193418571166,-0.7573774154064753,0.3199067587495574,0.07341652726656955,0.2813655809056696,0.05093741603708808,0.24981928581755097,-0.22000426893579947,0.0,0.0,0.0,0.0,0.0,0.0,0.0,0.0,0.0,0.0,0.0,0.0,0.0,0.0,0.0,0.0,0.0,0.0,0.0,0.0,0.0,0.0,0.0,0.0,0.0,0.0,0.0,0.0,0.0,0.0,0.0,0.0,0.0,0.0,0.0,0.0,0.0,0.0,0.0,0.0,0.0,0.0,yes
0.0,0.0,-0.30437303496886275,0.10471798519566396,-0.5916651690240561,0.2759424096621607,-0.6600862953149814,0.43230873845028756,-0.4623741452607442,0.4099558393511168,-0.7304692038398594,-0.9112831690813701,-0.6897720525005003,-0.08064566649613164,-0.5832720021841517,0.05453470261927141,-0.5604417086765601,-0.17999102080875368,-0.35887974703650033,-1.0,-0.3092989277619399,0.0837974914689908,-0.2674734906150568,0.07884427456598539,-0.29178883838988573,-0.23650983145911414,0.021171297955201344,-0.9144703154646243,0.03483113144696268,0.14642790578024883,0.0051382655499177055,0.11349879896097295,-0.03860230291152831,-0.19328908752801,0.34997941805865973,-0.7325760482183903,0.2869464729572395,0.09015645607627114,0.2555504042080018,0.05828876874672749,0.24140717833246955,-0.2167903767594894,0.0,0.0,0.0,0.0,0.0,0.0,0.0,0.0,0.0,0.0,0.0,0.0,0.0,0.0,0.0,0.0,0.0,0.0,0.0,0.0,0.0,0.0,0.0,0.0,0.0,0.0,0.0,0.0,0.0,0.0,0.0,0.0,0.0,0.0,0.0,0.0,0.0,0.0,0.0,0.0,0.0,0.0,yes
0.0,0.0,-0.3763113076438411,0.12312907168341938,-0.6805696220841584,0.2846382152853276,-0.6958665466564089,0.41571832138094117,-0.44069580067209585,0.4146412848394708,-0.7889813651388068,-0.9106371510229405,-0.7500905775207696,-0.07722151623450993,-0.6437670329885021,0.031053468226733223,-0.6208138814480831,-0.22007187841309436,-0.4232981538967495,-1.0,-0.3736996192675826,0.0928129977771719,-0.32908826477265196,0.04864473110592993,-0.3483083575656119,-0.27208660676256213,-0.051691742623833845,-0.9244048089431103,-0.043257043662435206,0.13526251450711865,-0.06452425730503165,0.0822395046233046,-0.09922487182952064,-0.22527596869731054,0.2775134933266941,-0.7556973041399656,0.204850596872361,0.06770351889128355,0.1845186517055437,0.026714012859064884,0.18082591920998617,-0.24752441272390932,0.0,0.0,0.0,0.0,0.0,0.0,0.0,0.0,0.0,0.0,0.0,0.0,0.0,0.0,0.0,0.0,0.0,0.0,0.0,0.0,0.0,0.0,0.0,0.0,0.0,0.0,0.0,0.0,0.0,0.0,0.0,0.0,0.0,0.0,0.0,0.0,0.0,0.0,0.0,0.0,0.0,0.0,yes
0.0,0.0,-0.3744861980942363,0.08018286009439057,-0.634944041220684,0.20573272379968535,-0.6837537656234991,0.3533215436969801,-0.5477919627854827,0.4406191291311626,-0.8201327200202828,-0.91317893423997,-0.7236815790343941,-0.05282250508250908,-0.6379256748989404,0.011540090800146768,-0.6317277696328153,-0.2492656148379345,-0.45590082847653857,-1.0,-0.3445627782388299,0.05050573130652372,-0.3350767927359883,-0.035518510411466704,-0.37113040356145705,-0.3341207613606479,-0.08593511080735913,-0.9388117873267183,-0.03169595966117656,0.07351630890946914,-0.05748439815376184,-0.00016219936033611487,-0.10125649387972996,-0.28194484906798356,0.23506403725231134,-0.8042962358725144,0.23533867383913287,-0.019934143910201395,0.21594750409828967,-0.08484034386264391,0.20325658521529208,-0.3504879366194189,0.0,0.0,0.0,0.0,0.0,0.0,0.0,0.0,0.0,0.0,0.0,0.0,0.0,0.0,0.0,0.0,0.0,0.0,0.0,0.0,0.0,0.0,0.0,0.0,0.0,0.0,0.0,0.0,0.0,0.0,0.0,0.0,0.0,0.0,0.0,0.0,0.0,0.0,0.0,0.0,0.0,0.0,yes
0.0,0.0,-0.33089425813672074,0.06320029702000841,-0.5914554615356081,0.13858984337274105,-0.6920399105598165,0.24946071552815124,-0.621644029807602,0.302253950102109,-0.811801666292941,-0.9157432969154098,-0.7639249015252352,-0.15092880576101184,-0.6307892250711888,-0.07196953874009111,-0.601559087699435,-0.3267051331193016,-0.4836363296106692,-1.0,-0.4071192568083516,-0.0346094477626754,-0.3589263568831747,-0.110134003210142,-0.38965228808668384,-0.4133417056795051,-0.14243660002987577,-0.9272932581337131,-0.10066030809476435,0.001476745518884397,-0.09880226213753483,-0.06088108138274711,-0.134199708527395,-0.3323746796458083,0.1619143353926676,-0.7630784212357276,0.15449184281064873,-0.03996001859382681,0.161090579406234,-0.1250331256844443,0.15412223870476818,-0.403914628803522,0.0,0.0,0.0,0.0,0.0,0.0,0.0,0.0,0.0,0.0,0.0,0.0,0.0,0.0,0.0,0.0,0.0,0.0,0.0,0.0,0.0,0.0,0.0,0.0,0.0,0.0,0.0,0.0,0.0,0.0,0.0,0.0,0.0,0.0,0.0,0.0,0.0,0.0,0.0,0.0,0.0,0.0,yes
0.0,0.0,-0.2959221788203661,0.03062203821784653,-0.5577227474268416,0.10074506455218672,-0.6511271699139153,0.2498940868616536,-0.5695404605594093,0.35028059584277443,-0.729132326848119,-0.9219165178196898,-0.6875407508849882,-0.10433549383371446,-0.5587931924569655,-0.03563241718323617,-0.5264420809172896,-0.2958386318911857,-0.3959880764607571,-1.0,-0.326883626438008,-0.015036010467037777,-0.2801808930261638,-0.07957636137110258,-0.3168705269757369,-0.3955919247715601,-0.04831971460368992,-0.916533484738935,-0.008375579650335214,0.023768753239619207,-0.009106963392868643,-0.025078351354521994,-0.03776216765292656,-0.2838221466896096,0.26151511659844245,-0.7441786066252019,0.2556156590616914,0.0008918634690007822,0.2579062373700541,-0.06445227851622046,0.25509801621297784,-0.3341281895345635,0.0,0.0,0.0,0.0,0.0,0.0,0.0,0.0,0.0,0.0,0.0,0.0,0.0,0.0,0.0,0.0,0.0,0.0,0.0,0.0,0.0,0.0,0.0,0.0,0.0,0.0,0.0,0.0,0.0,0.0,0.0,0.0,0.0,0.0,0.0,0.0,0.0,0.0,0.0,0.0,0.0,0.0,yes
0.0,0.0,-0.4393275779542453,0.09917060258473037,-0.7991972457223924,0.2080692952255728,-0.9147161237118159,0.3656476531547897,-0.759223773521796,0.4116837655634562,-0.9355976540198266,-0.9328329959689279,-0.8847865377184939,-0.05430448146802535,-0.7670206397813186,0.036439969320023295,-0.7314277146300814,-0.2473779577054607,-0.5584327837465326,-1.0,-0.4853147869414024,0.07228387052127126,-0.45998419865861606,-0.024203502822903872,-0.4862730171911674,-0.3791696798786642,-0.18201023050350917,-0.909436168924413,-0.14958357121849103,0.12535653939089866,-0.17495245180302532,0.033310611696452774,-0.21394554880826744,-0.2896448158336361,0.13929955075748401,-0.7332152269568577,0.11363771099692624,0.08723955179552834,0.09840106572550648,-0.02094911852736112,0.08149524518030253,-0.35085298408908727,0.0,0.0,0.0,0.0,0.0,0.0,0.0,0.0,0.0,0.0,0.0,0.0,0.0,0.0,0.0,0.0,0.0,0.0,0.0,0.0,0.0,0.0,0.0,0.0,0.0,0.0,0.0,0.0,0.0,0.0,0.0,0.0,0.0,0.0,0.0,0.0,0.0,0.0,0.0,0.0,0.0,0.0,yes
0.0,0.0,-0.40537056693859697,0.05734881796384285,-0.7216313820391549,0.11000800756881036,-0.8809320392230069,0.22454667304365283,-0.8054619522389171,0.2514812639695285,-0.8866336280645529,-0.9474311964525062,-0.9150436918934607,-0.18403282603590826,-0.7760283457943459,-0.13028037391667313,-0.737522976907952,-0.3841037268578763,-0.5699236078843894,-1.0,-0.5904221664765834,-0.04036441478207195,-0.5271523804462709,-0.13436046413921815,-0.5424080935036951,-0.4329517134062508,-0.23497422634758117,-0.8887729161585289,-0.2666693010341709,0.021989247238569685,-0.26618285144847065,-0.07150536389017957,-0.2875221366355584,-0.3315892003649962,0.06262436599176896,-0.6822339618116636,0.009525509534366459,0.030934741720705265,0.012776682395657473,-0.10926130064174101,0.003465555871982457,-0.41707124646915267,0.0,0.0,0.0,0.0,0.0,0.0,0.0,0.0,0.0,0.0,0.0,0.0,0.0,0.0,0.0,0.0,0.0,0.0,0.0,0.0,0.0,0.0,0.0,0.0,0.0,0.0,0.0,0.0,0.0,0.0,0.0,0.0,0.0,0.0,0.0,0.0,0.0,0.0,0.0,0.0,0.0,0.0,yes
0.0,0.0,-0.3736207649236479,0.06072660602018772,-0.6678703250809614,0.1399396275142359,-0.8012938531461864,0.27781188090185494,-0.7320984683701556,0.30499981003670473,-0.7776834465984503,-0.9599808268492926,-0.8140601034308327,-0.13945743137605826,-0.6822774281311507,-0.09611425897946939,-0.6479210727597653,-0.3584475960563142,-0.44447779090130773,-1.0,-0.4849230075180065,0.006001884340310044,-0.4260587586340707,-0.09019027153759636,-0.4397853390868715,-0.39840512074138734,-0.10437945443019495,-0.8703728704696442,-0.16539231960476164,0.07557767360195976,-0.17765701900039163,-0.039870308832528595,-0.20338450076331793,-0.31371518265508475,0.19556374773925758,-0.6381746415010302,0.11583221008076666,0.08561442612327447,0.10694001628188546,-0.0671772338429049,0.09597327993015085,-0.3863812804673049,0.0,0.0,0.0,0.0,0.0,0.0,0.0,0.0,0.0,0.0,0.0,0.0,0.0,0.0,0.0,0.0,0.0,0.0,0.0,0.0,0.0,0.0,0.0,0.0,0.0,0.0,0.0,0.0,0.0,0.0,0.0,0.0,0.0,0.0,0.0,0.0,0.0,0.0,0.0,0.0,0.0,0.0,yes
0.0,0.0,-0.3867160743658271,0.037774110754120765,-0.7139728610819015,0.10144011612045378,-0.8696667099293053,0.20533031024609377,-0.7539173436386705,0.21013564161583306,-0.8203857084963407,-0.9728804176522161,-0.8347582633847099,-0.21435878147688053,-0.7166178858343112,-0.15237101332577563,-0.6713113082357054,-0.3997473108738435,-0.4770860758756049,-1.0,-0.4751646849729432,-0.054108847033021754,-0.42584209843221493,-0.143659330559227,-0.43167354895785603,-0.44790074667782664,-0.12536929959553847,-0.8769507256203994,-0.15837780997459866,0.036695546685243115,-0.15654329751363436,-0.06567692344367072,-0.1697625940631299,-0.333090885974694,0.17633568982277328,-0.6567912189204295,0.11360362770468746,0.05448284812959721,0.12129289954150432,-0.08757611796397194,0.1263705206614416,-0.40352440410129814,0.0,0.0,0.0,0.0,0.0,0.0,0.0,0.0,0.0,0.0,0.0,0.0,0.0,0.0,0.0,0.0,0.0,0.0,0.0,0.0,0.0,0.0,0.0,0.0,0.0,0.0,0.0,0.0,0.0,0.0,0.0,0.0,0.0,0.0,0.0,0.0,0.0,0.0,0.0,0.0,0.0,0.0,yes
0.0,0.0,0.3396554058621874,0.03182229039520449,0.6222825369928203,0.0545891474630014,0.8281333993063588,0.09092490188310101,1.0,0.09310054793692091,0.7292564879841588,-0.8343119182299147,0.7569389646151277,-0.1548726401530348,0.6797636219113906,0.03000604196323551,0.644772430619984,-0.03431226491572357,0.369767186997125,-0.8908496325419331,0.42419589597191537,0.11718018860093209,0.3491299438118605,0.2236069538239541,0.32203240318172827,-0.02728186191850919,0.022882611607310525,-0.7629437554277997,0.07465744071528216,0.1906560085176851,0.0731926931728512,0.24481333954542941,0.07382789861597247,-0.006295429082432448,-0.30988790299576985,-0.5723081628521919,-0.27989332092454944,0.08912483212221214,-0.2700526442400753,0.11267211746639699,-0.28497226802433967,-0.10322608479434116,0.0,0.0,0.0,0.0,0.0,0.0,0.0,0.0,0.0,0.0,0.0,0.0,0.0,0.0,0.0,0.0,0.0,0.0,0.0,0.0,0.0,0.0,0.0,0.0,0.0,0.0,0.0,0.0,0.0,0.0,0.0,0.0,0.0,0.0,0.0,0.0,0.0,0.0,0.0,0.0,0.0,0.0,yes
0.0,0.0,0.3528240277214985,0.06422062358834955,0.6375154225366189,0.12038573149613596,0.8430371903454467,0.14116122842434825,1.0,0.09728000058146824,0.7122219173551917,-0.7733956473467786,0.7575112068918524,0.03912845178628861,0.6520043392067683,0.1517475846354285,0.5932813161533695,-0.024068060857920053,0.3637314634283731,-0.7889779060238293,0.42103788447316254,0.262005956415321,0.3538955646692627,0.272779109299676,0.34185317563430007,-0.033851264057449065,0.03732480997799506,-0.6567936387374144,0.10028237551582593,0.3027897756077706,0.08448115770327312,0.26022448308381685,0.08153965522567327,-0.037143464569504535,-0.2648180822087071,-0.47792855572373716,-0.2044604065553276,0.17243622474474452,-0.2074177177008019,0.13624418758892376,-0.23453957709087803,-0.09481021421653514,0.0,0.0,0.0,0.0,0.0,0.0,0.0,0.0,0.0,0.0,0.0,0.0,0.0,0.0,0.0,0.0,0.0,0.0,0.0,0.0,0.0,0.0,0.0,0.0,0.0,0.0,0.0,0.0,0.0,0.0,0.0,0.0,0.0,0.0,0.0,0.0,0.0,0.0,0.0,0.0,0.0,0.0,yes
0.0,0.0,0.35372866990384494,0.0652097415963492,0.6458888810023841,0.10992221586662713,0.8631181291725989,0.11568901377401267,1.0,0.07111983265764543,0.7935948962251941,-0.7420988772864485,0.8393297955400424,0.02317040278235891,0.7023754430939965,0.21855946958151887,0.6301364875641416,0.09203328476174173,0.4442557064661453,-0.801227177266825,0.48812245051334185,0.1906233168690947,0.38513776100271807,0.31158010763687377,0.37753787957863794,0.03367556125239553,0.10531896504933008,-0.6926612361122129,0.13136207825175672,0.21957955650935873,0.11643203386929092,0.28121966189161995,0.13263902400327338,0.03373000597054808,-0.21391262958803217,-0.523887620089433,-0.1943646376545349,0.0832022178707272,-0.19264962903272945,0.10430238529658593,-0.2023641700311888,-0.09837826553490683,0.0,0.0,0.0,0.0,0.0,0.0,0.0,0.0,0.0,0.0,0.0,0.0,0.0,0.0,0.0,0.0,0.0,0.0,0.0,0.0,0.0,0.0,0.0,0.0,0.0,0.0,0.0,0.0,0.0,0.0,0.0,0.0,0.0,0.0,0.0,0.0,0.0,0.0,0.0,0.0,0.0,0.0,yes
0.0,0.0,0.34790831634184277,0.09897883178851404,0.6658935943430485,0.20965388606163707,0.8928649582205189,0.2628861667815795,1.0,0.3147350755906574,0.7816681574410947,-0.49446798496875266,0.7274863363676017,0.34894415177094873,0.6126713273861398,0.4228192159400258,0.5723548865838254,0.24139692583365313,0.45168138444397254,-0.5261398975709851,0.42923258937946185,0.5051576770072514,0.32818090864296723,0.42223635602697474,0.31340751568258374,0.11039407986329447,0.12490166631962106,-0.42662194245208196,0.1258844877091367,0.5196296262480756,0.06581310135960396,0.3865626197417804,0.07538802595449569,0.10237762077113632,-0.20021672433906956,-0.2877706624428221,-0.16179663991126628,0.4011444258535334,-0.17654264228452812,0.28694599960475087,-0.17973857893510697,0.04388325483819379,0.0,0.0,0.0,0.0,0.0,0.0,0.0,0.0,0.0,0.0,0.0,0.0,0.0,0.0,0.0,0.0,0.0,0.0,0.0,0.0,0.0,0.0,0.0,0.0,0.0,0.0,0.0,0.0,0.0,0.0,0.0,0.0,0.0,0.0,0.0,0.0,0.0,0.0,0.0,0.0,0.0,0.0,yes
0.0,0.0,0.3948157830918118,0.06519110378089867,0.72485750388878,0.18706530431264737,0.9488221005905174,0.3236934226203524,1.0,0.4316358570216412,0.7397586209384238,-0.47251022348207167,0.7716980886014765,0.3330781046837949,0.6985085564260183,0.4823057038955504,0.6716662624814163,0.37174253972993027,0.39873342031177944,-0.500912052804167,0.45478720895193564,0.5406626547812156,0.38501697300578974,0.5020431703144155,0.3696394353097345,0.22363815005613272,0.06780115084582007,-0.3887629933534187,0.14132684121180103,0.5717667908449543,0.12376337349103403,0.46309543562938305,0.12772207667236965,0.19166843786747792,-0.23809642065751044,-0.24584678844759011,-0.15338892684098981,0.46652666318530905,-0.12114583466289008,0.3602476776921374,-0.11418383621562737,0.11680310924822099,0.0,0.0,0.0,0.0,0.0,0.0,0.0,0.0,0.0,0.0,0.0,0.0,0.0,0.0,0.0,0.0,0.0,0.0,0.0,0.0,0.0,0.0,0.0,0.0,0.0,0.0,0.0,0.0,0.0,0.0,0.0,0.0,0.0,0.0,0.0,0.0,0.0,0.0,0.0,0.0,0.0,0.0,yes
0.0,0.0,0.3806763685907765,0.08321269566804411,0.715769481753823,0.22922401608048845,0.9397794970463874,0.36700886318103537,1.0,0.44449036226588,0.7355312684282017,-0.42975662298714756,0.7497835138602132,0.40120857298898094,0.6743297200388283,0.448533918091735,0.6545620060139175,0.2557695865162976,0.4001237299962258,-0.45998390517562465,0.44089811215264,0.5680574252747189,0.3789476499157903,0.45474743559382264,0.378347471213064,0.13996142535411785,0.07754132397161158,-0.35935596441714984,0.12399769191727184,0.5815320850241216,0.110968410529952,0.4277633790639914,0.12932886126222792,0.14025710365392213,-0.22277202610350036,-0.22802103961317283,-0.1634730193896042,0.4780468856184005,-0.1412537256155002,0.33860968617297993,-0.13791690295659,0.07695658394934128,0.0,0.0,0.0,0.0,0.0,0.0,0.0,0.0,0.0,0.0,0.0,0.0,0.0,0.0,0.0,0.0,0.0,0.0,0.0,0.0,0.0,0.0,0.0,0.0,0.0,0.0,0.0,0.0,0.0,0.0,0.0,0.0,0.0,0.0,0.0,0.0,0.0,0.0,0.0,0.0,0.0,0.0,yes
0.0,0.0,0.36317912588304707,0.09745688113586885,0.6416247881124412,0.1844621416268209,0.854971274213147,0.2688197239274045,1.0,0.3032167485141845,0.7276902836210224,-0.5342791843657997,0.7653104507705691,0.13694709189676926,0.6641055976507354,0.3093380336366379,0.6301182110511582,0.18442321061811232,0.43520568077336697,-0.5652226835218223,0.4688051124791993,0.33335107404616254,0.38218004532012934,0.40174398599075045,0.37425770824732474,0.1793248500694167,0.1444026264632546,-0.46984959694702044,0.17964369010276432,0.38247412227515276,0.1420305453187125,0.38582563860714214,0.13842228144827787,0.15677923764953788,-0.12417285466426133,-0.3407379865498293,-0.09576837183252816,0.2812716099438174,-0.1069641784208129,0.2718273907489328,-0.1297908702595799,0.0697126238600514,0.0,0.0,0.0,0.0,0.0,0.0,0.0,0.0,0.0,0.0,0.0,0.0,0.0,0.0,0.0,0.0,0.0,0.0,0.0,0.0,0.0,0.0,0.0,0.0,0.0,0.0,0.0,0.0,0.0,0.0,0.0,0.0,0.0,0.0,0.0,0.0,0.0,0.0,0.0,0.0,0.0,0.0,yes
0.0,0.0,0.3713302579322903,0.07161077801470384,0.6672129807582823,0.14108231864173135,0.8820524111869729,0.19647205176025498,1.0,0.2681741795982685,0.7394225646062916,-0.5897513626832488,0.7429916589740783,0.1293090295494099,0.6382495386866179,0.2923729800383218,0.5966430488235774,0.13333138935404257,0.4171269693515537,-0.628689353894183,0.43326337373348084,0.2918828134016642,0.3518078459047184,0.37086454156613724,0.34660051890054294,0.10457232315825757,0.10469134888142594,-0.532906999751175,0.1299045452407742,0.3292611483072768,0.10495843099195006,0.35404069105625235,0.10308524351340452,0.09050728892239529,-0.18224438129235615,-0.3978849935400321,-0.15241698665447465,0.2404505404251676,-0.1516026442677244,0.26369958655818315,-0.17602652912411068,0.057902111309888725,0.0,0.0,0.0,0.0,0.0,0.0,0.0,0.0,0.0,0.0,0.0,0.0,0.0,0.0,0.0,0.0,0.0,0.0,0.0,0.0,0.0,0.0,0.0,0.0,0.0,0.0,0.0,0.0,0.0,0.0,0.0,0.0,0.0,0.0,0.0,0.0,0.0,0.0,0.0,0.0,0.0,0.0,yes
0.0,0.0,0.3458877283012279,0.13258404232578394,0.6576075464490094,0.18984229227014895,0.8850072391891138,0.196264770122688,1.0,0.1598331192815343,0.7706323241429065,-0.6151788651940227,0.7647127842913349,0.1384763276725958,0.6317222340979493,0.22875768308531155,0.5853626679573292,0.0241166566714235,0.4659487876307047,-0.677018354869589,0.4706439535015052,0.2613716245266984,0.3693538568992989,0.2556634225722039,0.37709078718054345,-0.03557902368589692,0.1572856314828333,-0.5790726516173297,0.17548170893597836,0.3167706784027336,0.1157344066988801,0.25867077239612946,0.12319220927671741,-0.006879914688780695,-0.1431754200398447,-0.4223114383807406,-0.10260137318819616,0.23517912157114368,-0.11501655075995607,0.16588223351590387,-0.12148695496620383,-0.06376641780763147,0.0,0.0,0.0,0.0,0.0,0.0,0.0,0.0,0.0,0.0,0.0,0.0,0.0,0.0,0.0,0.0,0.0,0.0,0.0,0.0,0.0,0.0,0.0,0.0,0.0,0.0,0.0,0.0,0.0,0.0,0.0,0.0,0.0,0.0,0.0,0.0,0.0,0.0,0.0,0.0,0.0,0.0,yes
0.0,0.0,0.39586123410445845,0.0468798717550968,0.7092076219684386,0.07521390268829974,0.9315159373846736,0.08121700101171322,1.0,0.03349897784211342,0.7530885879624436,-0.8903477451534861,0.7578411643754186,-0.048490540881028665,0.6592589555189176,0.1328244335837214,0.6273871519382832,-0.06485899327441516,0.3816568886633187,-0.9445114105933571,0.41400373067641916,0.06902305844803758,0.3752859063421241,0.17040430618986424,0.391206785880166,-0.11554278298764101,0.020259409152252397,-0.8214919301492348,0.07233104866152378,0.08963229910606639,0.0963329972990893,0.16895469108188843,0.1223443172431472,-0.07637016480119951,-0.30000978702959397,-0.620638098855962,-0.25563663273571846,0.009373240687944366,-0.20971715355527068,0.04261355210890501,-0.19978705796216764,-0.14713245190751656,0.0,0.0,0.0,0.0,0.0,0.0,0.0,0.0,0.0,0.0,0.0,0.0,0.0,0.0,0.0,0.0,0.0,0.0,0.0,0.0,0.0,0.0,0.0,0.0,0.0,0.0,0.0,0.0,0.0,0.0,0.0,0.0,0.0,0.0,0.0,0.0,0.0,0.0,0.0,0.0,0.0,0.0,yes
0.0,0.0,0.4043706463750225,0.13756640040011692,0.7757681533107041,0.2991435974902989,0.9858072445049766,0.3653128299484808,1.0,0.29162419466168293,0.7816787700472427,-0.6906606440516115,0.7850543654702012,0.3551589241798763,0.6798472650636435,0.3863158394306574,0.6335137301594131,0.12544320172813797,0.3572587296756951,-0.7135707541228811,0.42422798737587286,0.5303464594319665,0.35222584597845197,0.422002754193809,0.3396244053593347,0.04302117485323526,-0.025210704170848676,-0.5601530061313538,0.05202537029199618,0.5759906635906895,-0.004948982744957533,0.42855837172437516,-0.014903208158588576,0.07685288114696709,-0.3731628168711451,-0.34439756769379165,-0.2802872659085202,0.4909105345957461,-0.28210655407902047,0.3622225108015142,-0.3013696781567293,0.06160168286926393,0.0,0.0,0.0,0.0,0.0,0.0,0.0,0.0,0.0,0.0,0.0,0.0,0.0,0.0,0.0,0.0,0.0,0.0,0.0,0.0,0.0,0.0,0.0,0.0,0.0,0.0,0.0,0.0,0.0,0.0,0.0,0.0,0.0,0.0,0.0,0.0,0.0,0.0,0.0,0.0,0.0,0.0,yes
0.0,0.0,0.4239620662756935,0.07498055338946695,0.7792651169729605,0.19304658467918698,0.9890060714801314,0.26538469915561846,1.0,0.24920702096687386,0.7610668031147215,-0.7728326851343986,0.7691841688303103,0.2361595612143063,0.6841341036463383,0.3126766972006454,0.6656985819378044,0.05750157297973858,0.3540690173330706,-0.7925528042857265,0.4129550309298606,0.4320531540902067,0.3739160927986408,0.38786233386696534,0.3888803615993386,-0.006328412469757123,-0.01681278100569061,-0.6432631010917279,0.051508027063539644,0.4760622777260608,0.052579253089532665,0.3859371724297402,0.0686178318752739,0.018263333994885382,-0.34744750025522975,-0.4374809220189472,-0.26817671008259936,0.3978476792790526,-0.236790423587558,0.3379340648270037,-0.24486339314265002,0.058288111035889635,0.0,0.0,0.0,0.0,0.0,0.0,0.0,0.0,0.0,0.0,0.0,0.0,0.0,0.0,0.0,0.0,0.0,0.0,0.0,0.0,0.0,0.0,0.0,0.0,0.0,0.0,0.0,0.0,0.0,0.0,0.0,0.0,0.0,0.0,0.0,0.0,0.0,0.0,0.0,0.0,0.0,0.0,yes
0.0,0.0,0.44717319403398614,0.13191013030226456,0.8234798187374855,0.2746104392214499,1.0,0.3407301606588728,0.9133875686503202,0.26829996931317623,0.7173657109636579,-0.7212814735041398,0.6989248518512642,0.2382477784945346,0.637890062228854,0.4584130332964292,0.60719369319342,0.23952039809543046,0.29147258443810414,-0.7592231061076583,0.3346153692357562,0.4357375472959542,0.317147226970145,0.5687050121683124,0.3244238352131754,0.18774415470183667,-0.09402912320172827,-0.6182790019184747,-0.024835043810955235,0.4608790723730486,0.013512586176895157,0.5214044787799775,0.023326178234077132,0.1812837979117223,-0.4316954386274489,-0.4101234012764635,-0.3747311355685569,0.36930102535784204,-0.30219665545868807,0.4137186225937319,-0.2888864552694075,0.1884437988043361,0.0,0.0,0.0,0.0,0.0,0.0,0.0,0.0,0.0,0.0,0.0,0.0,0.0,0.0,0.0,0.0,0.0,0.0,0.0,0.0,0.0,0.0,0.0,0.0,0.0,0.0,0.0,0.0,0.0,0.0,0.0,0.0,0.0,0.0,0.0,0.0,0.0,0.0,0.0,0.0,0.0,0.0,yes
0.0,0.0,0.43591487919237604,0.23240149015927175,0.8167030265970484,0.46656765875100037,1.0,0.47872724852243903,0.8515921258966652,0.2403920286670411,0.677145770913,-0.6817901165866344,0.608718092773716,0.3556513216661464,0.5775905093683159,0.39116319093449037,0.5690458797383116,0.13175300854738906,0.2450954872049776,-0.7210311245787059,0.2693849876749065,0.5229176711714472,0.2836585368695336,0.45331435834917394,0.2948263305131469,0.05512740631208882,-0.1292954709305438,-0.5803860450225404,-0.061578741493251044,0.5286214493726218,-0.020609479385523002,0.397672719173975,-0.019015762224512744,0.017955225929796606,-0.4624326403085839,-0.3744525238157697,-0.37985221416002063,0.4079505085515282,-0.2959419938462527,0.2915349581154083,-0.2773699460263983,-0.02040522113760745,0.0,0.0,0.0,0.0,0.0,0.0,0.0,0.0,0.0,0.0,0.0,0.0,0.0,0.0,0.0,0.0,0.0,0.0,0.0,0.0,0.0,0.0,0.0,0.0,0.0,0.0,0.0,0.0,0.0,0.0,0.0,0.0,0.0,0.0,0.0,0.0,0.0,0.0,0.0,0.0,0.0,0.0,yes
0.0,0.0,0.45217220066337493,0.18946426683980855,0.8322813958053362,0.35958571780895004,1.0,0.3335412042419758,0.7808196304629028,0.13221395100689043,0.6024207146128719,-0.7716867742763526,0.598738807435034,0.23508714975261852,0.5375676335432176,0.2264086651466421,0.5053579607511539,-0.04439830683356738,0.1895471887095394,-0.8057207282024954,0.24514925936551557,0.39171284622082636,0.21317212013227232,0.29176670139570465,0.19396608130621448,-0.08609844423976122,-0.1630274158072488,-0.6731547052813304,-0.071906976510084,0.39853911546650156,-0.0937925619460341,0.2518592618317806,-0.12408559449569914,-0.12577007866882087,-0.4707775277958134,-0.4633764678051751,-0.39603076036460455,0.2181054051469441,-0.38764017445050103,0.09271445180968488,-0.42096004399011483,-0.18851764889445896,0.0,0.0,0.0,0.0,0.0,0.0,0.0,0.0,0.0,0.0,0.0,0.0,0.0,0.0,0.0,0.0,0.0,0.0,0.0,0.0,0.0,0.0,0.0,0.0,0.0,0.0,0.0,0.0,0.0,0.0,0.0,0.0,0.0,0.0,0.0,0.0,0.0,0.0,0.0,0.0,0.0,0.0,yes
0.0,0.0,0.4290471566585333,0.16294394566250817,0.814384145449639,0.2732783112542386,1.0,0.2304591645519969,0.7566825587440001,0.06737549269150656,0.5562510607791629,-0.9015010300140672,0.5532612134606992,0.024702738513486578,0.5096965048318199,0.050205702828775546,0.4931012189644182,-0.17062955318415074,0.15247914673157356,-0.904654335651926,0.23462121867643293,0.2328369097951398,0.18852597260699888,0.18035825637170796,0.16186506742389023,-0.16673441876234854,-0.18883462351189265,-0.7476260878944448,-0.07360437460327025,0.2592336951326352,-0.09705571035505786,0.17630273014058082,-0.13315240035075543,-0.13871531627118242,-0.48422553888248104,-0.5099598247182844,-0.37399090153129516,0.10404775329473175,-0.37955175089058785,0.015344816391376281,-0.43064127525221046,-0.19441873834976162,0.0,0.0,0.0,0.0,0.0,0.0,0.0,0.0,0.0,0.0,0.0,0.0,0.0,0.0,0.0,0.0,0.0,0.0,0.0,0.0,0.0,0.0,0.0,0.0,0.0,0.0,0.0,0.0,0.0,0.0,0.0,0.0,0.0,0.0,0.0,0.0,0.0,0.0,0.0,0.0,0.0,0.0,yes
0.0,0.0,0.4475263357523687,0.16983578567790655,0.8488283759941719,0.3048296181047284,1.0,0.29303601475919605,0.7410057119893755,0.1645237752424587,0.6142745741258486,-0.8415710012313656,0.5835207870854886,0.09609326144278232,0.5532387011993458,0.05895727182665466,0.5511016747002709,-0.1893571218278366,0.19652813444879733,-0.8619573019123775,0.24180083466391025,0.28200395627255087,0.2087500564107303,0.16475908857451696,0.19419984871179383,-0.2036983412021825,-0.16146799255163463,-0.7079761549156848,-0.09689738297191068,0.3115325559755618,-0.10649069921368814,0.15582389751943215,-0.12160608870560476,-0.19184483503353483,-0.47917074077496524,-0.46965693680064124,-0.39863287252034546,0.1158630734285045,-0.38849143201593683,-0.05324474520616242,-0.4065223160849019,-0.325460902528705,0.0,0.0,0.0,0.0,0.0,0.0,0.0,0.0,0.0,0.0,0.0,0.0,0.0,0.0,0.0,0.0,0.0,0.0,0.0,0.0,0.0,0.0,0.0,0.0,0.0,0.0,0.0,0.0,0.0,0.0,0.0,0.0,0.0,0.0,0.0,0.0,0.0,0.0,0.0,0.0,0.0,0.0,yes
0.0,0.0,0.4592343692451958,0.10932708723454404,0.853768267957773,0.20669354540735094,1.0,0.24994731836561915,0.7464696556316709,0.21409917442100396,0.5034051147666664,-0.9408504612616632,0.5007134164643057,-0.5406843095449674,0.5736393080408624,-0.32116209021154146,0.6602129907089674,-0.20133039474698727,0.10785284505289507,-0.9577065596691002,0.17403717459073245,-0.18301911908883803,0.23180897681552554,-0.024574864693823115,0.2611895538350627,0.0067101808249648695,-0.2429562250626907,-0.804607909449339,-0.15733072745533955,-0.022338025274699504,-0.09814305885512896,0.06690845948103233,-0.06938993739447856,0.016610785048302604,-0.5425681103093529,-0.5686621800529196,-0.46393168141049446,-0.020511166228820002,-0.40791292489277664,0.06846807206138976,-0.39416930299793507,0.028366592639620672,0.0,0.0,0.0,0.0,0.0,0.0,0.0,0.0,0.0,0.0,0.0,0.0,0.0,0.0,0.0,0.0,0.0,0.0,0.0,0.0,0.0,0.0,0.0,0.0,0.0,0.0,0.0,0.0,0.0,0.0,0.0,0.0,0.0,0.0,0.0,0.0,0.0,0.0,0.0,0.0,0.0,0.0,yes
0.0,0.0,0.41425935782422485,0.09167756664206839,0.8166873689143787,0.10872743713202951,1.0,0.12704977802334605,0.8427150988411337,0.11497104253837405,0.6084773717159548,-0.8512985962756718,0.6715251654381855,-0.559906929918579,0.7022922149436757,-0.17667336589996702,0.7151418299986682,0.00768803126734256,0.283446513010945,-0.848123260269026,0.38917511181565984,-0.39408168241221714,0.41130967280282693,-0.014349520885045017,0.39382050478011843,0.17126731335978743,-0.022050529922926644,-0.7307694990596794,0.09331665906115238,-0.2644165591809859,0.1428158225627301,0.03776888115557962,0.14313686016144023,0.16166019427398054,-0.30546330073047,-0.5724436184814483,-0.20153844980855354,-0.24271188684292533,-0.13592803307125267,-0.00872333291209653,-0.11221472629800822,0.07717133917776414,0.0,0.0,0.0,0.0,0.0,0.0,0.0,0.0,0.0,0.0,0.0,0.0,0.0,0.0,0.0,0.0,0.0,0.0,0.0,0.0,0.0,0.0,0.0,0.0,0.0,0.0,0.0,0.0,0.0,0.0,0.0,0.0,0.0,0.0,0.0,0.0,0.0,0.0,0.0,0.0,0.0,0.0,yes
0.0,0.0,0.4221591818038479,0.08822263424357828,0.7711499021161555,0.1328440867454571,1.0,0.15698243845287133,0.9669449249442102,0.09667482653095281,0.761286133870112,-0.7635062154227189,0.8827511517608159,-0.3727554618724874,0.8734687306864989,-0.07190405656892093,0.8468585385671554,0.03110933872874148,0.49423817481444654,-0.7727139720124712,0.6181846718848366,-0.2185566132304891,0.6129393120164072,0.05757307912306203,0.5808261028188936,0.10077403620954163,0.2264435709131337,-0.6662939196926643,0.3646603355787346,-0.1302863605969476,0.3910996193981496,0.11795981525791041,0.37822970650959215,0.15899478298098602,-0.014114320964636369,-0.5013351851276403,0.12506344323254923,-0.11591423856036516,0.18128651942082227,0.07520166603942745,0.20164172671475117,0.11863078858355575,0.0,0.0,0.0,0.0,0.0,0.0,0.0,0.0,0.0,0.0,0.0,0.0,0.0,0.0,0.0,0.0,0.0,0.0,0.0,0.0,0.0,0.0,0.0,0.0,0.0,0.0,0.0,0.0,0.0,0.0,0.0,0.0,0.0,0.0,0.0,0.0,0.0,0.0,0.0,0.0,0.0,0.0,yes
0.0,0.0,0.4096445348983091,0.040276844585081614,0.7261750561077268,0.04300821054685867,0.9278556393492897,0.04856712714498794,1.0,0.04201764779681336,0.812803574166748,-0.6359042056400462,0.8927600819660705,-0.1679027559000237,0.8241663297879755,0.03965986868700949,0.768044802542621,0.06452346766661556,0.602176422208902,-0.61843442017369,0.693852684110013,0.06947349345526019,0.5989606479222717,0.1785025858343672,0.5322875224779402,0.07657721956591439,0.3890649176854343,-0.5181196593110947,0.5001526408966085,0.14830199199855026,0.43479348174582155,0.20476351115881622,0.386752303553257,0.07977696307344885,0.18730696850997394,-0.38509695136401023,0.3179940616418306,0.11480407599983272,0.3043685964007416,0.1702722444484715,0.28129723852405314,0.07481355506921114,0.0,0.0,0.0,0.0,0.0,0.0,0.0,0.0,0.0,0.0,0.0,0.0,0.0,0.0,0.0,0.0,0.0,0.0,0.0,0.0,0.0,0.0,0.0,0.0,0.0,0.0,0.0,0.0,0.0,0.0,0.0,0.0,0.0,0.0,0.0,0.0,0.0,0.0,0.0,0.0,0.0,0.0,yes
0.0,0.0,0.37213319616954,0.02108793595340727,0.6715543925784262,0.021561718720633102,0.8694424690710222,0.018442546551688425,1.0,0.02755688116537059,0.7838211163199599,-0.5589004189325926,0.8487153935672636,-0.02890228307139498,0.7214797119560339,0.017444810367987135,0.6626494859042723,-0.1019579594507618,0.5633340007410527,-0.5559590687284195,0.6249914272629149,0.1101216599887538,0.5215677790895792,0.06892894869475763,0.48333851149667334,-0.09092916195837371,0.34616551251159333,-0.4694438499145795,0.4163464260316627,0.1750062713311562,0.32821608053693335,0.09859560538866527,0.2879031200160178,-0.07700964519224794,0.14518357931527037,-0.3559070569544268,0.2301424340129385,0.1305940465697161,0.16943303330671375,0.07097904109620568,0.1209552982583727,-0.10003122240710183,0.0,0.0,0.0,0.0,0.0,0.0,0.0,0.0,0.0,0.0,0.0,0.0,0.0,0.0,0.0,0.0,0.0,0.0,0.0,0.0,0.0,0.0,0.0,0.0,0.0,0.0,0.0,0.0,0.0,0.0,0.0,0.0,0.0,0.0,0.0,0.0,0.0,0.0,0.0,0.0,0.0,0.0,yes
0.0,0.0,0.36198859373259296,0.057974588908619666,0.6690283197029915,0.05111680216474795,0.8714585271177363,0.04091904476201597,1.0,0.036216711027355984,0.7585191314700501,-0.5825976237166607,0.8379353354030514,-0.09438776879826155,0.731056609876931,-0.01903281617225638,0.6680976512323681,-0.09682727115320343,0.5262184425035804,-0.5999256404784243,0.5921997667204901,0.04237217611663439,0.5252347559625196,0.04955763466925449,0.4924815007201062,-0.06031459849213923,0.2938843655750313,-0.5210485095211059,0.36856082112239924,0.1297127360143028,0.33064149180770147,0.12028961288755202,0.3062687828259034,0.0051420817176244145,0.08109768210364966,-0.4048152823581364,0.17147335875516256,0.1193936746086394,0.15616405535891892,0.1179779579049943,0.13182305655216106,0.004119973853366782,0.0,0.0,0.0,0.0,0.0,0.0,0.0,0.0,0.0,0.0,0.0,0.0,0.0,0.0,0.0,0.0,0.0,0.0,0.0,0.0,0.0,0.0,0.0,0.0,0.0,0.0,0.0,0.0,0.0,0.0,0.0,0.0,0.0,0.0,0.0,0.0,0.0,0.0,0.0,0.0,0.0,0.0,yes
0.0,0.0,0.36689952999208897,0.045133230955372514,0.6661774861557076,0.002947554562799572,0.8588857555028154,-0.029669319186560565,1.0,0.01233989482991298,0.8013549257759784,-0.5858820792033134,0.8471826515891852,-0.03816166410721765,0.7309760342500814,0.0038086462841453767,0.6895384615384615,-0.12233216994741496,0.5733333333333334,-0.5881584066266462,0.6072556191539857,0.08661156870957235,0.5133069012052678,0.047258411280189865,0.4924759644469263,-0.1131164781981479,0.34245074224021593,-0.5066104518590907,0.3781305784354786,0.15000176834659593,0.3105587044534413,0.08394788031085672,0.2879934850388571,-0.08690083298431756,0.12097128763553446,-0.3939982316534041,0.17126157568988784,0.10609502536181302,0.13080478384289637,0.05987044534412955,0.09527255805295733,-0.09496374889478337,0.0,0.0,0.0,0.0,0.0,0.0,0.0,0.0,0.0,0.0,0.0,0.0,0.0,0.0,0.0,0.0,0.0,0.0,0.0,0.0,0.0,0.0,0.0,0.0,0.0,0.0,0.0,0.0,0.0,0.0,0.0,0.0,0.0,0.0,0.0,0.0,0.0,0.0,0.0,0.0,0.0,0.0,yes
0.0,0.0,0.3857822576601759,-0.014744741756967642,0.67985862596281,-0.05983288313413847,0.8775541100784036,-0.06868912909958072,1.0,0.0009902293195620429,0.7722572449689457,-0.5676278053886024,0.8831407974479659,-0.19965126536265582,0.8305705099680996,-0.06442287805764639,0.7972830583044517,-0.042059872837007004,0.5598054638096253,-0.5698951876735252,0.648367140054776,-0.0444980383431834,0.6251931103855001,0.034140388508326076,0.6203837608658866,-0.009637305009432247,0.3434699311853296,-0.4971620999128849,0.42735132458839675,0.04252090919346448,0.42429642013299157,0.10698041163456777,0.42165495992078167,0.057956617928164506,0.14581753457968527,-0.3889080606546795,0.2339869186319794,0.03905706509817685,0.2509776947712132,0.10541359309095695,0.25302415564148684,0.06268135924642296,0.0,0.0,0.0,0.0,0.0,0.0,0.0,0.0,0.0,0.0,0.0,0.0,0.0,0.0,0.0,0.0,0.0,0.0,0.0,0.0,0.0,0.0,0.0,0.0,0.0,0.0,0.0,0.0,0.0,0.0,0.0,0.0,0.0,0.0,0.0,0.0,0.0,0.0,0.0,0.0,0.0,0.0,yes
0.0,0.0,0.3770611647943985,0.0021129620875157554,0.6836860088621196,-0.048025736850945064,0.8795832093116456,-0.058461716045131576,1.0,-0.00987871921857366,0.771987288938865,-0.6236742108599983,0.83947886465089,-0.30802231720284023,0.8204282687739654,-0.12617853027328868,0.8231946819500294,-0.032173657598979034,0.5475997939564745,-0.6330922935355032,0.6055301892025151,-0.07468061848507859,0.5878932784460358,0.019118686215294733,0.5960721169632055,-0.008773277979130635,0.30805128261662307,-0.5567288709735643,0.36764718915517614,0.05903000017076625,0.3561905033648516,0.1001587261443338,0.36169955213850136,0.028984435845607427,0.08259941675761591,-0.4272586591996424,0.16137172417922502,0.06234286533222573,0.15052201511951369,0.07557854631234616,0.13265294873316305,-0.026701572151873014,0.0,0.0,0.0,0.0,0.0,0.0,0.0,0.0,0.0,0.0,0.0,0.0,0.0,0.0,0.0,0.0,0.0,0.0,0.0,0.0,0.0,0.0,0.0,0.0,0.0,0.0,0.0,0.0,0.0,0.0,0.0,0.0,0.0,0.0,0.0,0.0,0.0,0.0,0.0,0.0,0.0,0.0,yes
0.0,0.0,0.36014427616764727,-0.004034557274642261,0.659164351347425,-0.033789133435025785,0.8469090488123774,-0.030521128423040604,1.0,-0.034133026440037774,0.7675399052081063,-0.5651247094501344,0.8851676563521464,-0.09787580809181376,0.7976506319459578,-0.05087664342267742,0.7578250980605796,-0.148623520011622,0.5587618943851238,-0.5597041385196484,0.6717163325343212,0.12292756228662745,0.5665663361661946,0.05979198445558219,0.5300660092975957,-0.10855306166920897,0.3418019539478463,-0.4631852890971163,0.4353510659548195,0.21108538534175927,0.35109705273480063,0.09653837074162853,0.3297849930994407,-0.08871259170480134,0.12670698046052153,-0.3361795870560035,0.22752324398924967,0.17509034284884142,0.17349345354834023,0.08009143241083751,0.13093584295779764,-0.10449149233674729,0.0,0.0,0.0,0.0,0.0,0.0,0.0,0.0,0.0,0.0,0.0,0.0,0.0,0.0,0.0,0.0,0.0,0.0,0.0,0.0,0.0,0.0,0.0,0.0,0.0,0.0,0.0,0.0,0.0,0.0,0.0,0.0,0.0,0.0,0.0,0.0,0.0,0.0,0.0,0.0,0.0,0.0,yes
0.0,0.0,0.3752910608911285,0.0004284350656865371,0.6857571057706592,-0.03734279428851737,0.8716752166729637,-0.05679691986376531,1.0,-0.07441528599408563,0.7337563331648957,-0.6348972672354146,0.8830071326504454,-0.2391846820511151,0.820651500357166,-0.1267937982519521,0.7654988300111377,-0.14932685628520534,0.5028481629957405,-0.6439310640866085,0.634069944349951,0.12243284362421046,0.5470609655438075,0.04704359285755519,0.49927103114142923,-0.14785004116095507,0.26343558413126855,-0.5257519295309129,0.37672765893066873,0.2450522726346267,0.3010013506921579,0.0948822254985619,0.27524901078282965,-0.12599602261239787,0.03609114012152126,-0.3668361711912711,0.14237586668501515,0.22226587432626124,0.10019389012200003,0.09214253919729434,0.06161859265920562,-0.13566836827796735,0.0,0.0,0.0,0.0,0.0,0.0,0.0,0.0,0.0,0.0,0.0,0.0,0.0,0.0,0.0,0.0,0.0,0.0,0.0,0.0,0.0,0.0,0.0,0.0,0.0,0.0,0.0,0.0,0.0,0.0,0.0,0.0,0.0,0.0,0.0,0.0,0.0,0.0,0.0,0.0,0.0,0.0,yes
0.0,0.0,0.3671570994005128,-0.017828690705526312,0.7037517557304386,-0.0065145215898207475,0.9039558032456991,0.047419642619995095,1.0,0.1359618902986812,0.6586397561429083,-0.5046969988141495,0.758463362846791,0.18871489125017382,0.668647146225199,0.16654964401051797,0.6231982963751099,-0.03417124054952214,0.3526378531576587,-0.46641824740995586,0.4961944982165372,0.3668493095038333,0.38450520039934566,0.24066732599324736,0.3332795872803091,0.007503823937929558,0.07081479953815892,-0.3284386927834987,0.20927775616478164,0.46017620580988583,0.11273047135600979,0.3103815813526194,0.08072907145881475,0.07292339468820258,-0.18141355244224253,-0.15928017786193827,-0.06358251815882271,0.48161900610423924,-0.1180882028975997,0.38653786362563997,-0.1755827306432184,0.18063923430623063,0.0,0.0,0.0,0.0,0.0,0.0,0.0,0.0,0.0,0.0,0.0,0.0,0.0,0.0,0.0,0.0,0.0,0.0,0.0,0.0,0.0,0.0,0.0,0.0,0.0,0.0,0.0,0.0,0.0,0.0,0.0,0.0,0.0,0.0,0.0,0.0,0.0,0.0,0.0,0.0,0.0,0.0,yes
0.0,0.0,0.3641272706682253,-0.012654882982076494,0.6880583927985571,-0.0006788718328649466,0.8841400256019386,0.03228569578378239,1.0,0.0865512482249435,0.6619835149540549,-0.5336082989319431,0.7509528604534753,0.19142773928007054,0.6534389983632806,0.16791765886199353,0.6095271620855606,-0.036541841614781974,0.3665165189588463,-0.4928050941167408,0.48964766490493494,0.34817654473265125,0.38287327899698836,0.2226975825472241,0.3398143291675196,-0.003300446514751191,0.09413147218512945,-0.3563939015703361,0.21524349616538693,0.4322056551987864,0.12012317902298313,0.2919443509239501,0.08866980711385251,0.06834078752201653,-0.14626066530053428,-0.1895415067824268,-0.037739381348886415,0.43861442627197167,-0.08373233421731939,0.3430125766224408,-0.13367483573726188,0.13504823151125403,0.0,0.0,0.0,0.0,0.0,0.0,0.0,0.0,0.0,0.0,0.0,0.0,0.0,0.0,0.0,0.0,0.0,0.0,0.0,0.0,0.0,0.0,0.0,0.0,0.0,0.0,0.0,0.0,0.0,0.0,0.0,0.0,0.0,0.0,0.0,0.0,0.0,0.0,0.0,0.0,0.0,0.0,yes
0.0,0.0,0.34695960416215404,0.047589829975091855,0.6506433573152248,0.025343655585864922,0.8370850883952902,-0.01370969110621904,1.0,-0.055013659351283654,0.733593892254945,-0.5406597623442594,0.8438913200626055,-0.017847336865175284,0.7350149135320059,0.01082795200630082,0.6752255871277334,-0.12902010227326008,0.5082613401956579,-0.5758953368927903,0.6246668582456486,0.14518407547176324,0.516803864257374,0.06211243730175099,0.47287100664974674,-0.12468685034661126,0.2761711703548497,-0.49653820231603457,0.38849945043296563,0.21412661989953322,0.2944497037573356,0.09424535284332262,0.25436568515518904,-0.1008407325681105,0.04888715911670008,-0.3675416878453492,0.15618548412382677,0.17414759578445696,0.10616467220289652,0.07607929298726,0.0606514318227647,-0.12393319128873685,0.0,0.0,0.0,0.0,0.0,0.0,0.0,0.0,0.0,0.0,0.0,0.0,0.0,0.0,0.0,0.0,0.0,0.0,0.0,0.0,0.0,0.0,0.0,0.0,0.0,0.0,0.0,0.0,0.0,0.0,0.0,0.0,0.0,0.0,0.0,0.0,0.0,0.0,0.0,0.0,0.0,0.0,yes
0.0,0.0,0.33338735169762473,0.02444623854835083,0.629200700676759,-0.015062012105971015,0.8239219350028912,-0.04932462401103276,1.0,-0.09039485146414174,0.7073197161497662,-0.6348361828020497,0.8406269514540865,-0.025674993630063366,0.7122539357747681,0.0010283013925348574,0.6430541332346684,-0.17998918981890505,0.4677743034641066,-0.6668336029370371,0.600436572515261,0.10039475709471014,0.4796902339678539,0.028222968283084866,0.44234239247335444,-0.16476186850172908,0.21984855984112092,-0.5742653258397497,0.3300642460582051,0.1650306586758537,0.22741243248924758,0.06125487263543559,0.19190381867532003,-0.13223305084332104,-0.02050810454440879,-0.429772058773282,0.07293618120753172,0.13419593502046354,0.013911681276030912,0.04846748924269833,-0.03520890951566028,-0.15250881133891026,0.0,0.0,0.0,0.0,0.0,0.0,0.0,0.0,0.0,0.0,0.0,0.0,0.0,0.0,0.0,0.0,0.0,0.0,0.0,0.0,0.0,0.0,0.0,0.0,0.0,0.0,0.0,0.0,0.0,0.0,0.0,0.0,0.0,0.0,0.0,0.0,0.0,0.0,0.0,0.0,0.0,0.0,yes
0.0,0.0,0.3255119283517392,0.03427918438798707,0.6218011750342559,0.01852129076627308,0.8231137539444229,0.023646565812164712,1.0,0.0009426671506200798,0.6985333780237681,-0.6118423863302843,0.8254026914988025,-0.030132699331206485,0.7182053895969699,0.059892360887996626,0.6405433708513006,-0.05026909778000844,0.447658528029065,-0.6366872578423898,0.580950760055782,0.15167702014369247,0.48437913003006183,0.1253191574347922,0.449443829854484,-0.04448319159171467,0.18641190803264254,-0.5337982991005761,0.2992867476072961,0.2405711576501399,0.2143150640919882,0.15745320095239254,0.17812380060887822,-0.018340676573818236,-0.073413069868169,-0.37552469291245594,0.031371295889464114,0.22208321104247386,-0.018876614456429432,0.13765441210948692,-0.07719763187006892,-0.04644424491979167,0.0,0.0,0.0,0.0,0.0,0.0,0.0,0.0,0.0,0.0,0.0,0.0,0.0,0.0,0.0,0.0,0.0,0.0,0.0,0.0,0.0,0.0,0.0,0.0,0.0,0.0,0.0,0.0,0.0,0.0,0.0,0.0,0.0,0.0,0.0,0.0,0.0,0.0,0.0,0.0,0.0,0.0,yes
0.0,0.0,0.33133623196044987,0.06859090758966356,0.6276687558444323,0.04343603743238974,0.8196403616200241,7.539588678740462e-05,1.0,-0.047652869330587946,0.74224948632382,-0.5701416942256425,0.7987360179829198,-0.05486618731340769,0.7046346118496313,0.014876342405415693,0.6644853013049827,-0.07059590440201888,0.5219213540834379,-0.6061195438482128,0.5969862996332624,0.12956015841142868,0.4804159184069717,0.1071602406129619,0.442960843179558,-0.052471533882611276,0.28824581461085547,-0.5405431372895713,0.364134777153445,0.17429393920489367,0.26103657334368413,0.09210241430306677,0.2260705632106104,-0.08522337365901243,0.04578632071742189,-0.43309198865325266,0.1357773165803228,0.1115725680406177,0.06801876623638746,0.04510208636432026,0.014242816790330378,-0.12738435321838684,0.0,0.0,0.0,0.0,0.0,0.0,0.0,0.0,0.0,0.0,0.0,0.0,0.0,0.0,0.0,0.0,0.0,0.0,0.0,0.0,0.0,0.0,0.0,0.0,0.0,0.0,0.0,0.0,0.0,0.0,0.0,0.0,0.0,0.0,0.0,0.0,0.0,0.0,0.0,0.0,0.0,0.0,yes
0.0,0.0,0.3157648143500772,0.021953647745701306,0.5987004020718603,-0.021560874627466906,0.7978726345203052,-0.053737394190907124,1.0,-0.08296703829322488,0.669095469358491,-0.6234939358918158,0.7337938903315702,-0.12438126565572467,0.6719493573994829,0.016211405284055028,0.6361430972278619,0.012996697330973823,0.40405188195408576,-0.6527716893157455,0.503700288979052,0.08952067677608665,0.42261274545178423,0.12023811960049158,0.39304525902381876,0.019053445507038143,0.13120776297757927,-0.5657785470482238,0.2048164611429267,0.15934094537689167,0.1486168749548975,0.10832424103057348,0.13541804666819612,-0.042681584864663814,-0.135318596801879,-0.42812485302422737,-0.06546386182141174,0.12844973455502287,-0.0909786764407575,0.08136865993638799,-0.12417482640253931,-0.08550318939670552,0.0,0.0,0.0,0.0,0.0,0.0,0.0,0.0,0.0,0.0,0.0,0.0,0.0,0.0,0.0,0.0,0.0,0.0,0.0,0.0,0.0,0.0,0.0,0.0,0.0,0.0,0.0,0.0,0.0,0.0,0.0,0.0,0.0,0.0,0.0,0.0,0.0,0.0,0.0,0.0,0.0,0.0,yes
0.0,0.0,0.3258052685737948,0.04854338393406799,0.6059762028951543,0.03436314936428485,0.8068762247061138,0.01989601944804792,1.0,0.007250502153270555,0.6946925397877182,-0.5015055092547945,0.7398343127525673,-0.019188113822099305,0.6828015918198187,0.08334482643004368,0.6558645383871159,0.061580876316650886,0.4528470215251011,-0.5278093189830355,0.5329084516949466,0.18410316341870026,0.4475017809979188,0.17357514117497816,0.4095106153006473,0.03159789301292308,0.2001516743108722,-0.4566758646006054,0.2775546561559273,0.22322047976506382,0.2095106844320561,0.15521107374558465,0.18339352950753204,-0.011637581354706,-0.05272998205002971,-0.3367957799422822,0.035120483947514054,0.18576162591542947,0.006472773804450058,0.11470075951222261,-0.030621066206804534,-0.05909767611312802,0.0,0.0,0.0,0.0,0.0,0.0,0.0,0.0,0.0,0.0,0.0,0.0,0.0,0.0,0.0,0.0,0.0,0.0,0.0,0.0,0.0,0.0,0.0,0.0,0.0,0.0,0.0,0.0,0.0,0.0,0.0,0.0,0.0,0.0,0.0,0.0,0.0,0.0,0.0,0.0,0.0,0.0,yes
0.0,0.0,0.3435359204665554,0.050239783797150855,0.6497485876454674,0.02629231543713072,0.8446067781241812,0.015697080496112528,1.0,0.06404170383389121,0.7490321801925924,-0.5589177787394644,0.7856194488358195,-0.015177475337154566,0.7122723231502498,0.07216182241573711,0.6848068481899193,0.021883031432432195,0.5049086495859351,-0.5881643365392825,0.5428703695526097,0.17083969960050754,0.4391399577839208,0.14753695378899614,0.417068514282518,-0.02113232709512749,0.25279195774859353,-0.510944827647116,0.290972633146982,0.2074151924894239,0.2161550101418684,0.12891727826990618,0.2079848446042022,-0.05057833673358239,-0.0016383018184708594,-0.4000871405818989,0.05442017657743589,0.14278911684786608,0.0036394440666389937,0.0743447528710761,-0.028898437063009118,-0.10425296086622449,0.0,0.0,0.0,0.0,0.0,0.0,0.0,0.0,0.0,0.0,0.0,0.0,0.0,0.0,0.0,0.0,0.0,0.0,0.0,0.0,0.0,0.0,0.0,0.0,0.0,0.0,0.0,0.0,0.0,0.0,0.0,0.0,0.0,0.0,0.0,0.0,0.0,0.0,0.0,0.0,0.0,0.0,yes
0.0,0.0,0.3608906743440179,0.07109170076904485,0.6785537813455129,0.08416193083160589,0.8805863108668414,0.09330299541319541,1.0,0.11912594721662283,0.803499656098799,-0.5124520810487617,0.8291971921151571,0.05649187436671973,0.791237881600353,0.14062443567856886,0.7852738846627209,0.10610572471472869,0.5518516886878532,-0.5570167553110212,0.5640475802095476,0.2413825264851551,0.4927606118226605,0.20938165651235366,0.4909273981502759,0.04251912689974159,0.2848208399762028,-0.4968584535995323,0.2854776853167086,0.2588415153243407,0.2332285158986339,0.16207053526743528,0.24765490338023327,-0.03221677563155382,0.019860939292805777,-0.393648404778659,0.04394275483714006,0.18407624327328853,0.01297378690984629,0.10959196608693617,-3.413214458217691e-05,-0.07743313572409162,0.0,0.0,0.0,0.0,0.0,0.0,0.0,0.0,0.0,0.0,0.0,0.0,0.0,0.0,0.0,0.0,0.0,0.0,0.0,0.0,0.0,0.0,0.0,0.0,0.0,0.0,0.0,0.0,0.0,0.0,0.0,0.0,0.0,0.0,0.0,0.0,0.0,0.0,0.0,0.0,0.0,0.0,yes
0.0,0.0,0.35485125647081467,0.03610343679953807,0.6794918781501991,0.038496485410342875,0.88341065564239,0.0595535488734467,1.0,0.0903937222571966,0.7659283288356744,-0.5209572194443219,0.7837751464579432,0.08552341923661429,0.7361062436595038,0.12617878094061888,0.7260969810216168,0.029047792805616927,0.4968013825790231,-0.5607023565594312,0.5229404665001263,0.2321425564078608,0.4637008849628492,0.17609437465164862,0.4714578429682143,-0.004438848545846048,0.2228610724610949,-0.5056381797112142,0.23965090681625895,0.24073796358299684,0.19618547730653718,0.13976478513486962,0.21487675879850354,-0.05203757984514153,-0.04192967612845795,-0.40664183263896964,-0.0013232339838565453,0.17409188055607905,-0.020282370112555084,0.09384215021512576,-0.02916167112422761,-0.09139537028497648,0.0,0.0,0.0,0.0,0.0,0.0,0.0,0.0,0.0,0.0,0.0,0.0,0.0,0.0,0.0,0.0,0.0,0.0,0.0,0.0,0.0,0.0,0.0,0.0,0.0,0.0,0.0,0.0,0.0,0.0,0.0,0.0,0.0,0.0,0.0,0.0,0.0,0.0,0.0,0.0,0.0,0.0,yes
0.0,0.0,0.37703161042478023,0.14130458015448466,0.71711534983988,0.24439138965291332,0.9132322321768753,0.3051721862460674,1.0,0.30906161439088414,0.7678584090732514,-0.3398893358625021,0.799123792993126,0.2147443389719411,0.7701383250827741,0.18451305981352867,0.7523037499529258,0.04788502166429119,0.5342671036958049,-0.41535794850986113,0.5541763345396759,0.3859395679762726,0.5278640002958462,0.26249229425708837,0.5167433028315404,0.044034949212495976,0.30220558124796226,-0.3754431332288598,0.32935625960779336,0.3715326701446695,0.29882404510705257,0.22409538734314127,0.29200193928570095,-0.013655746932037128,0.07826761667690706,-0.28603785542686166,0.13056013668639313,0.28074790744762385,0.11820652035622331,0.16667475267830759,0.1065989658273839,-0.04885737870049537,0.0,0.0,0.3466952708382549,0.0812820552792804,0.6611736744088997,0.10962880531215762,0.8613201328838849,0.13906839778665428,1.0,0.16778768957358758,0.7676906368505352,-0.4969603071151078,0.8059537128862273,0.08141156550279346,0.7455148091343081,0.1727162730795013,0.727566450936211,0.1011306962013932,0.518935473929472,-0.5413655254177804,0.5398445797373261,0.27757238682145535,0.4670802199915019,0.24606702633734295,0.46299585127589554,0.056352936144664516,0.26182850048346484,-0.4763633849015862,0.2735267912283205,0.2979974281827837,0.22606369264825624,0.21259582857163414,0.23477885130027865,0.014497150575221256,0.006172521208298407,-0.37347790511617346,0.03579438733070236,0.22145288885744402,0.006512285683564154,0.15417552552570557,-0.012014871291220926,-0.031699625819382,yes
0.0,0.0,0.3558327837044637,0.11720879266603154,0.6679674549915026,0.20074365658490284,0.8590904252906053,0.2707140289715484,1.0,0.3665998387755316,0.7855950125105999,-0.46903931852999575,0.7981806411987842,0.2568598917492855,0.6918824178086733,0.2705805476746337,0.6560588294824415,0.09934323712210834,0.5050823221906985,-0.5200631985957419,0.5230346841989552,0.41630984411478344,0.43660292716632293,0.2959908499879605,0.4374326050314597,0.0525035158799122,0.2239004805326689,-0.45410860666464264,0.2386056700761105,0.4104672019877372,0.1885379697581982,0.2573571750123012,0.20008933650198737,0.029350181639255016,-0.04751759684809654,-0.34846732063777885,-7.808219656124261e-05,0.2986648380601416,-0.02205451271474785,0.1611808470915036,-0.03606481433013327,-0.06762528920947665,0.0,0.0,0.0,0.0,0.0,0.0,0.0,0.0,0.0,0.0,0.0,0.0,0.0,0.0,0.0,0.0,0.0,0.0,0.0,0.0,0.0,0.0,0.0,0.0,0.0,0.0,0.0,0.0,0.0,0.0,0.0,0.0,0.0,0.0,0.0,0.0,0.0,0.0,0.0,0.0,0.0,0.0,yes
0.0,0.0,0.37131069121157234,0.12322524537651047,0.6877586680157304,0.21095228915919514,0.8834127344390563,0.2779992165007431,1.0,0.3331302038963542,0.7987468453495055,-0.45902751930099783,0.8147668290221627,0.24555506303082741,0.7003599477311834,0.23866346752608777,0.665980586629523,0.05101717213620806,0.5144178964732762,-0.5239460291600302,0.5268441769215941,0.39427068389180603,0.4304382354743946,0.27146650274180323,0.43291887229406273,0.033454174620842325,0.2223307948075852,-0.4730230190660369,0.232319522012154,0.38590447527313654,0.17644412149035416,0.22570197358310556,0.19433846279577763,-0.0027537955742063516,-0.05970717381513504,-0.38092543521074085,-0.018095546046571126,0.27524542092653675,-0.04637347330905848,0.1270681226842578,-0.0643570908903554,-0.11154648717841664,0.0,0.0,0.0,0.0,0.0,0.0,0.0,0.0,0.0,0.0,0.0,0.0,0.0,0.0,0.0,0.0,0.0,0.0,0.0,0.0,0.0,0.0,0.0,0.0,0.0,0.0,0.0,0.0,0.0,0.0,0.0,0.0,0.0,0.0,0.0,0.0,0.0,0.0,0.0,0.0,0.0,0.0,yes
0.0,0.0,0.41705058696813085,0.14729264532401667,0.7832969778155915,0.29346984216059097,0.9853302145600509,0.40566723689013995,1.0,0.46775651328387946,0.7866605635945716,-0.3488207407905461,0.7957535376052252,0.39213789839677987,0.728118051344249,0.31450475250878934,0.6823230292270778,0.082029426634479,0.4748780570852745,-0.4157088593246192,0.505549442426609,0.5717044164950178,0.4637908094457971,0.37081766080797607,0.4494567791726631,0.07255414860204737,0.18001174927579894,-0.36693427948191126,0.23737071378790014,0.5559165965201283,0.203621069908191,0.33378546063755554,0.1976287668475607,0.034246164999312545,-0.0968229113464127,-0.2699583603252041,-0.012611291631593398,0.4201758253693846,-0.014612461387078297,0.2401119241357106,-0.02632639453688846,-0.0421827447704732,0.0,0.0,0.37586152203011636,0.1340862800356044,0.6930530511999864,0.23037634903824508,0.8900208351399891,0.30717745185833545,1.0,0.3573552267804115,0.8028924763891628,-0.4635978157476275,0.8223836891902153,0.24352535780769574,0.7058098003789596,0.2465744684388293,0.6682494842887229,0.05662736731808119,0.5139144316931371,-0.5308175399796996,0.531833460866377,0.39815651472186636,0.4315394683691841,0.28233254716663214,0.4296325385845495,0.0394263574181321,0.21759308976094632,-0.48080871076898607,0.2322590153430564,0.39153887526189957,0.17360385016492427,0.2356190579748891,0.18792873905840624,0.0026932462603911724,-0.06806580075998611,-0.3893237094187683,-0.0242607838811413,0.27947394978448187,-0.05507809919899064,0.13615137176279124,-0.07762066924967885,-0.1051309621323465,yes
0.0,0.0,0.3325937686771386,0.1249464015750868,0.6336094951425398,0.1752249197137234,0.8323600078862795,0.20855181026138214,1.0,0.24308565793301232,0.7779009094398689,-0.4358176534135079,0.8177727147897567,0.22298881473014476,0.6886612265798607,0.2089918305735874,0.6414376734080929,0.022131937146816882,0.5571699102025449,-0.4917722786428627,0.5867190559395189,0.28833725387816317,0.47042819476631476,0.1814169661141752,0.45165954667836955,-0.017050012414305465,0.31712992103262233,-0.45265540250819325,0.3368483312733204,0.27184811242518975,0.2546784113872299,0.14710545264959238,0.2496561372956336,-0.04064997507455362,0.07220284006772285,-0.3751637971738766,0.12307786461551094,0.17108113687924115,0.07261380974311878,0.06160361839238424,0.040163473743453436,-0.13111753151703587,0.0,0.0,0.0,0.0,0.0,0.0,0.0,0.0,0.0,0.0,0.0,0.0,0.0,0.0,0.0,0.0,0.0,0.0,0.0,0.0,0.0,0.0,0.0,0.0,0.0,0.0,0.0,0.0,0.0,0.0,0.0,0.0,0.0,0.0,0.0,0.0,0.0,0.0,0.0,0.0,0.0,0.0,yes
0.0,0.0,0.37970233910913037,0.11145058273026495,0.7181764223565267,0.19765700436609052,0.9156360829025163,0.24222501195194168,1.0,0.31831746847498504,0.7787602204666295,-0.3479258334380425,0.8115762714998168,0.3493679903795831,0.7054803850430742,0.2846837423783968,0.6499362122891241,0.05511665736547132,0.5311707016497265,-0.3946400965664062,0.5683634084560506,0.41208181882327993,0.4872396278465337,0.24211407680259242,0.4594454676388208,-0.004952839354961159,0.28285444440545365,-0.34992191146544954,0.34058109642415263,0.3791318154839055,0.27031990452030547,0.20708271875637924,0.2482332445474808,-0.027160999729454075,0.046901041696145604,-0.27441582644610946,0.12922397844386663,0.2550610388586207,0.08784667705834698,0.12847573218141897,0.0491767215795656,-0.08489783967003207,0.0,0.0,0.3273647466025252,0.12987343038179117,0.6320569796926225,0.16368544756817288,0.8358603807336102,0.1844314204834715,1.0,0.2144321665055751,0.7504769212733532,-0.4739593196606337,0.7874681403472528,0.21854266631579033,0.655064383347147,0.2132295132902608,0.6170283234259958,0.008151316237130094,0.5136067053450434,-0.5230287185717694,0.5588451577836749,0.2683170971050243,0.4447652612757962,0.17685478720744252,0.4276042934801767,-0.020845989065447452,0.2663589940342826,-0.48302553773027285,0.29400813082112437,0.24816384285003398,0.21655750969623783,0.1468130509598681,0.21216745654831148,-0.04046227136676988,0.026112413233940236,-0.4016041934640266,0.06965714955611685,0.14476190007730758,0.028836623618731877,0.053143007518427154,0.003139031466556485,-0.14418639731169705,yes
0.0,0.0,0.3340645545177229,0.13112846043238172,0.6407767032582177,0.14395241893223992,0.8365476718896129,0.14297581176659177,1.0,0.1876505802362065,0.7516085486667918,-0.5273704830285102,0.7536580298061204,0.13215646797516925,0.6382106047689967,0.13282293049231542,0.6174831848893345,-0.059005890570339455,0.4918171035190528,-0.6029299086162277,0.5008997243981473,0.2344545439893575,0.39824445932248204,0.14465372916270092,0.4014047113237209,-0.08436457154954277,0.22144197224118276,-0.5663755285418018,0.22923130735988062,0.2115744066196716,0.16221174951637907,0.1165290109391328,0.17624971522884275,-0.08555897692340865,-0.046090021226613376,-0.48244219744453004,-0.004611659260801594,0.11393372749001068,-0.04568143178799697,0.0174761282273883,-0.06898584006729093,-0.1964626957406947,0.0,0.0,0.0,0.0,0.0,0.0,0.0,0.0,0.0,0.0,0.0,0.0,0.0,0.0,0.0,0.0,0.0,0.0,0.0,0.0,0.0,0.0,0.0,0.0,0.0,0.0,0.0,0.0,0.0,0.0,0.0,0.0,0.0,0.0,0.0,0.0,0.0,0.0,0.0,0.0,0.0,0.0,yes
0.0,0.0,0.38936486004495546,0.09002740771034921,0.7442446771827761,0.15767469931186112,0.9483217702152347,0.2148407469429124,1.0,0.2980143094676015,0.7932839429727168,-0.35178655665927866,0.8077869136812275,0.2894911077477598,0.7053686826901185,0.2196075478065987,0.6734117317272924,0.010189769020047968,0.5621174609184738,-0.40464323779858313,0.5860445559208289,0.35151042249572984,0.5018536203036709,0.19366976376234193,0.49064473491991933,-0.03583119695443542,0.32573023017107416,-0.3672981841040858,0.36625779983132106,0.33563201078317856,0.29354037817131545,0.17706754583321566,0.291587914388647,-0.042034453315370666,0.09769361729129818,-0.2942697628558409,0.17507777604612834,0.2427142593659862,0.1274052349040556,0.12319628083541742,0.09583842804351624,-0.07941158320058322,0.0,0.0,0.3327384840904383,0.12859976737145679,0.6413274167078281,0.15022705183155144,0.8374169468300378,0.1627109192014149,1.0,0.2000215101735154,0.7757827313140326,-0.45006692053982567,0.7907040200124281,0.15999107726135658,0.6796011854495626,0.14784659262918054,0.6549385765045171,-0.021736428673857968,0.5433453896528099,-0.5058810407737289,0.5545956087379105,0.26169436433453896,0.4502155000717006,0.16053759500326636,0.44763507592294577,-0.04734150188811523,0.2953119771832826,-0.462115007727729,0.30251669030130174,0.2606300090820733,0.22170695176941094,0.14082790267841494,0.22085729991555264,-0.05642915186182502,0.04501641146571916,-0.37614840426379437,0.07828189480728479,0.17092621213811124,0.037498605822086965,0.06496869074743869,0.017902041076464682,-0.13934768407131817,yes
0.0,0.0,0.3156401842129592,0.1250113517268124,0.6142621868457417,0.13662979298541006,0.8214297694229068,0.13528149418996122,1.0,0.14164909705705972,0.7270230822535898,-0.5023002075627454,0.7470598004877765,0.1755480122819548,0.6204358899467471,0.16871815891763023,0.5892973874256411,-0.026734441589127213,0.48496540484553063,-0.5644029482582156,0.5132993149693074,0.24855495585712287,0.3946657928905055,0.1442426086963636,0.38205126317107113,-0.06271716569266805,0.23162636087773597,-0.5238844422845483,0.24676895083863695,0.2338987515964005,0.16230187657339024,0.11487702091417604,0.16042914845276987,-0.07931073132937516,-0.016762921128611177,-0.44145413370575176,0.016764966484793593,0.13139040858853243,-0.030422218786023837,0.024983616696978846,-0.057637728149255364,-0.1840370585814555,0.0,0.0,0.0,0.0,0.0,0.0,0.0,0.0,0.0,0.0,0.0,0.0,0.0,0.0,0.0,0.0,0.0,0.0,0.0,0.0,0.0,0.0,0.0,0.0,0.0,0.0,0.0,0.0,0.0,0.0,0.0,0.0,0.0,0.0,0.0,0.0,0.0,0.0,0.0,0.0,0.0,0.0,yes
0.0,0.0,0.38204765174733596,0.0831079711839685,0.7206210864294251,0.12842298996028173,0.9197192531294138,0.17271899956517298,1.0,0.2572838619429267,0.7798946978597073,-0.36747738203577124,0.8017704690327457,0.23613585747992447,0.6957585525317558,0.18716299632145156,0.6524700110217281,0.008943655445911556,0.5624231372787296,-0.41259077141574046,0.5842272858884202,0.3165160612749699,0.5024821800686287,0.17775973447377275,0.4839550183146702,-0.025143253612781268,0.3384152540445533,-0.3720544372214655,0.3741162166042826,0.31660567434001163,0.3018935172754641,0.16578213366671204,0.28801095994940934,-0.037009516975396124,0.12172848666954741,-0.2984223687788081,0.18667827110599833,0.2239674894662218,0.14121050278700026,0.10888191068632407,0.11024409716364465,-0.08213987852677479,0.0,0.0,0.3184227528696285,0.12242334807468128,0.6195402272264678,0.12821349049213898,0.8184709398071905,0.12022371074884813,1.0,0.13023348691474074,0.7452761381369156,-0.44794500058595316,0.7511695933485064,0.17124404023956233,0.6265203942539582,0.1626767882365277,0.5970033892764404,-0.01934030925991032,0.5207620166657415,-0.5131461675579323,0.5309579871583738,0.23922077481511636,0.4156828821493996,0.15462378723115544,0.4101934262223291,-0.040841706295604116,0.2812336164412289,-0.48364111294092976,0.2849000641464513,0.22900976999796457,0.1974982113008777,0.12640011965780334,0.19489264721302174,-0.06117890691979843,0.03906881248882063,-0.40997215180504415,0.0761843192766254,0.13339532100981316,0.024845570502501094,0.03936448753770146,-0.0058263789945043765,-0.15586045679674826,yes
0.0,0.0,0.33615385421231736,0.11384370138475426,0.6530392658410404,0.1466213986524356,0.8630475244309342,0.16398538945449656,1.0,0.18975987233232705,0.7755566691168896,-0.543774018441274,0.7891903264500111,0.2260610018210802,0.6505974819157834,0.21459849808900072,0.6149384446962567,-0.013679053387505958,0.5043593307224782,-0.5975019948073897,0.5342504500320392,0.2998234791885281,0.40898658546592936,0.19363512397487853,0.39487976156595433,-0.032255642642259885,0.22629540260189232,-0.5487029823461729,0.23747418099406883,0.2850523014926572,0.15663559364944118,0.15871857414485183,0.15928951682884115,-0.05669617992202355,-0.045665375207119496,-0.4524476330322644,-0.00952444141028081,0.1725224666819151,-0.05464331796269492,0.06209219938645486,-0.08149508413111078,-0.1591777726949717,0.0,0.0,0.0,0.0,0.0,0.0,0.0,0.0,0.0,0.0,0.0,0.0,0.0,0.0,0.0,0.0,0.0,0.0,0.0,0.0,0.0,0.0,0.0,0.0,0.0,0.0,0.0,0.0,0.0,0.0,0.0,0.0,0.0,0.0,0.0,0.0,0.0,0.0,0.0,0.0,0.0,0.0,yes
0.0,0.0,0.4070011227804016,0.09851193970097318,0.7787163128252828,0.17395420380420878,1.0,0.23855847639000516,0.9942058661513316,0.3278232809870835,0.8004792135118945,-0.38403002910800665,0.8257793992372318,0.32493505633467884,0.7180978354118316,0.28967583854839246,0.668291387100367,0.0752082260972695,0.5408114120242857,-0.43574640815626214,0.5808289009093618,0.42450731613342124,0.4981927901243487,0.2929583909021676,0.4828648058011324,0.040422352059383944,0.2876161535891346,-0.38399767015541325,0.35440315040742176,0.4181258296684938,0.2842816764044538,0.26512592900295295,0.2717519889467838,0.01729924656317822,0.05084607373024975,-0.29239624816758025,0.14461366420738628,0.30895951669270433,0.11080683661889582,0.1974550812585977,0.08542612977896578,-0.015722688291477403,0.0,0.0,0.3451471567161736,0.09128681646059998,0.6549155908639523,0.1361176889975301,0.8520643953861432,0.18293284008279043,1.0,0.2828042530127932,0.799095889215055,-0.5448781605683294,0.7836245184805264,0.12748671388194724,0.684103218859922,0.20367682631833575,0.653596527603479,0.09612656459726966,0.5123117117903613,-0.6049557856906417,0.5034638482999952,0.30845437250601104,0.4070262739577536,0.25400129496455215,0.40439542251856053,0.03523049277766259,0.21752221628090546,-0.5479427887570887,0.21503868524722547,0.30866444049165004,0.16120853658092982,0.20603031526566778,0.17226666084660128,-0.009383946077094042,-0.07646338269476304,-0.4463935600976316,-0.03210539047182543,0.20049488743629756,-0.06451542499208834,0.09714234788713438,-0.08758334515534118,-0.12238597218736245,yes
0.0,0.0,0.32860357504936605,0.09399928171672248,0.6332990021629061,0.1095886577388663,0.8340494258609965,0.12753895541937102,1.0,0.20034676036857177,0.7632421288830865,-0.5788277735635289,0.8253587918254783,0.15980827687912277,0.6857820192579633,0.16622618460558658,0.6344896393785451,-0.03303594257295515,0.48973987036131683,-0.6205984478466554,0.5547678278630309,0.2592807584460827,0.4301066697308897,0.15979640442825457,0.4135475688824759,-0.05805967687428898,0.20876814417904335,-0.5428949529787344,0.2580371192176394,0.2656359117893861,0.16624738541070835,0.14025011013818262,0.1529375199552578,-0.06666805178593463,-0.06309105194578869,-0.42039246082409226,-0.0029350394610585732,0.17689103761404443,-0.05640855817140512,0.06480492503183301,-0.09337682607834716,-0.14965224319358753,0.0,0.0,0.0,0.0,0.0,0.0,0.0,0.0,0.0,0.0,0.0,0.0,0.0,0.0,0.0,0.0,0.0,0.0,0.0,0.0,0.0,0.0,0.0,0.0,0.0,0.0,0.0,0.0,0.0,0.0,0.0,0.0,0.0,0.0,0.0,0.0,0.0,0.0,0.0,0.0,0.0,0.0,yes
0.0,0.0,0.33001301918828696,0.09793759985485448,0.6296523508064399,0.12374152334030203,0.8330946689261427,0.1372188478743265,1.0,0.20530800135369734,0.7860524437592191,-0.5491371836384883,0.782908452696604,0.11988837381929467,0.6578020478607398,0.15866509204769091,0.6104889175350613,0.0022525722527669398,0.525747381353689,-0.6026604212119567,0.5096803029167041,0.22943927188646507,0.41605895956678374,0.16119685402064265,0.41061227465475125,-0.062006628477599995,0.25487743198478624,-0.5496367426927061,0.24621219495727031,0.22835068051458726,0.17725523366812626,0.1384979841590901,0.1729290356894764,-0.06821259344467508,-0.014201809431061887,-0.45379182305502314,0.00910473301136766,0.12300336891690543,-0.03361377954533498,0.0545190418573324,-0.060972715211158976,-0.13245771042061133,0.0,0.0,0.0,0.0,0.0,0.0,0.0,0.0,0.0,0.0,0.0,0.0,0.0,0.0,0.0,0.0,0.0,0.0,0.0,0.0,0.0,0.0,0.0,0.0,0.0,0.0,0.0,0.0,0.0,0.0,0.0,0.0,0.0,0.0,0.0,0.0,0.0,0.0,0.0,0.0,0.0,0.0,yes
0.0,0.0,0.340880955992405,0.09572350927721258,0.6758514695696828,0.183197033631152,0.897843022947692,0.24487382150251918,1.0,0.3146946003388152,0.7173601656429721,-0.4496022485339025,0.7699777595435681,0.23124738441632964,0.6707283064175686,0.21688191359299416,0.6174561084500942,0.030815733158382385,0.4577955815139227,-0.4836153442702042,0.5193005860734904,0.33565801232088394,0.4355573180604568,0.22755221573059992,0.4003961981063631,-0.016179064000248537,0.2051882215127531,-0.41965127987704703,0.2701979711294387,0.30037518206289826,0.20676314553518726,0.18998722590053746,0.17936187982112606,-0.03539467215885936,-0.03876125957372154,-0.32833200231724724,0.03243926820309173,0.18024162967538437,0.004076746935769489,0.09469938834176107,-0.03155842185960917,-0.08953565508834962,0.0,0.0,0.31037870011034685,0.12448224517453879,0.6039256722600644,0.14561848319325252,0.8143745930837515,0.1518773714243003,1.0,0.15676095649659616,0.7256293801891042,-0.5368395171489997,0.7580406650708009,0.11798574735885538,0.6318644681223532,0.15237226026117384,0.5938728985418875,-0.01813149959578833,0.476177868870194,-0.590582556545377,0.5033157158677175,0.19035832233471087,0.39492404557855376,0.14567277147583482,0.3844711908213463,-0.0441064758446647,0.21711379099404599,-0.5409315947969795,0.23628463582593917,0.18331815490650025,0.16560679941069675,0.12377728428767282,0.16046750865957116,-0.049404697510016776,-0.0365781072665653,-0.4431277131847749,0.008025224381733174,0.09827044612773089,-0.028640216208986283,0.035333804094044616,-0.058966122931488583,-0.14222979285873047,yes
0.0,0.0,0.3272419064910925,0.1258486783621138,0.6205170436367459,0.14984016838240702,0.8210263180285368,0.15170432517485613,1.0,0.17230783919895928,0.7573235143629007,-0.5155621672420451,0.7813407992004376,0.14037077547305576,0.6368594078510954,0.16622873226943188,0.590637020336711,-0.011098701365700825,0.5142662664235024,-0.5713875417192669,0.5325162921220703,0.19837677450055266,0.413611424563057,0.13800150225935648,0.4019467772070835,-0.06483277065981988,0.25554809944171547,-0.5272837941943181,0.2667130203382509,0.18709866440596268,0.18437288371811886,0.11808405337448184,0.1748580611306369,-0.06365313901751006,-0.002380053137323522,-0.4360956502623179,0.035374704370219535,0.09224534644172046,-0.008125367431771746,0.02341245412276254,-0.04187807829381529,-0.15741383472298098,0.0,0.0,0.0,0.0,0.0,0.0,0.0,0.0,0.0,0.0,0.0,0.0,0.0,0.0,0.0,0.0,0.0,0.0,0.0,0.0,0.0,0.0,0.0,0.0,0.0,0.0,0.0,0.0,0.0,0.0,0.0,0.0,0.0,0.0,0.0,0.0,0.0,0.0,0.0,0.0,0.0,0.0,yes
0.0,0.0,0.3368493489705032,0.07588038065249071,0.651308246110344,0.12182959627087987,0.8599783055988142,0.1494300612261286,1.0,0.21057720534514238,0.7081671916939931,-0.4943124599318364,0.781071503324588,0.10634139984176778,0.6821651749571839,0.14417298652130014,0.6190170909229731,0.0360248169205798,0.47273587724760185,-0.5056559462800289,0.5441039409301475,0.2280347479013168,0.45335012630933214,0.16113555973003107,0.40603645396587607,-0.012041182502833567,0.23972247489939352,-0.43262427219101607,0.305863083053487,0.24100794715412371,0.22715407105706234,0.1444895826065665,0.1880768334599279,-0.04444324505063563,0.010508883778301123,-0.33199279135067394,0.09293773522562572,0.15407829730544478,0.039199992628116104,0.0805266421200485,-0.01603253107051602,-0.08178315340232188,0.0,0.0,0.30904950146533333,0.10929933477590588,0.6050596174870172,0.13122273724122974,0.8238554662082372,0.13636546209668643,1.0,0.11741435303688784,0.700475347856918,-0.5076815892348937,0.7372043499185358,0.13102628836504146,0.5988167058955841,0.18018670676463308,0.5444558694761533,0.023754977861161035,0.44711581647147147,-0.5538273572221983,0.4962682016456427,0.2125365055323363,0.37070048995372135,0.17008017889262717,0.3494288741872749,-0.006647859181940141,0.19070913662544647,-0.4956171452399853,0.23333781246508287,0.22772003186999612,0.1459615150078908,0.15114805745654938,0.13183362751978547,-0.02420483848469999,-0.05868891918794315,-0.3960438555684493,0.000999406271612115,0.14864461229828388,-0.052903536298859355,0.07510043357508474,-0.0895657165308443,-0.10823237638144091,yes
0.0,0.0,0.3182183636789027,0.08104045429771972,0.628173234139408,0.07984358158411851,0.8538402032925495,0.09466384105530364,1.0,0.09771688077389655,0.7204186484940366,-0.5256793435998415,0.792562687053624,0.06769228064433676,0.6769664212964904,0.08272351428876684,0.6324934712960171,-0.07567481306471092,0.48747543706140023,-0.5710313526555022,0.5547139879934057,0.1499390744454828,0.43995418073724657,0.08286551613614326,0.42002591195614986,-0.10797009035374688,0.24244245882284526,-0.5219954099593334,0.29686906212513203,0.15706215758959302,0.2015746652475498,0.07553619221370061,0.18225328531416896,-0.09721311231534688,-0.0006674086826691479,-0.43030075991274325,0.06342580132994872,0.06381022061677488,-0.003527393508757457,-0.007716786105998293,-0.05489115220298961,-0.17932669485966837,0.0,0.0,0.0,0.0,0.0,0.0,0.0,0.0,0.0,0.0,0.0,0.0,0.0,0.0,0.0,0.0,0.0,0.0,0.0,0.0,0.0,0.0,0.0,0.0,0.0,0.0,0.0,0.0,0.0,0.0,0.0,0.0,0.0,0.0,0.0,0.0,0.0,0.0,0.0,0.0,0.0,0.0,yes
0.0,0.0,0.3321343797624037,0.08596104788350727,0.6485796594448772,0.08240788406862136,0.8633515074153955,0.08723750763100936,1.0,0.07390261779503539,0.7232461755645672,-0.5203145921484649,0.7866867353441561,0.09015339843852166,0.6655015223744065,0.1018424781053025,0.6158784320404793,-0.06281955350063186,0.49766907350456135,-0.5499851047800579,0.566412586747911,0.1439905282986852,0.4508301453735192,0.08707228870317175,0.4173847948829338,-0.07999721870839625,0.2602564912220268,-0.496219420942743,0.3144926343615819,0.14621045829434104,0.21938809033073767,0.086950447717778,0.19102338134888816,-0.06275831405247582,0.027470995785322562,-0.400523214535183,0.07612127196885464,0.07977139824332091,0.010401137522749498,0.02944405425559942,-0.04048374060755912,-0.11719571808675205,0.0,0.0,0.0,0.0,0.0,0.0,0.0,0.0,0.0,0.0,0.0,0.0,0.0,0.0,0.0,0.0,0.0,0.0,0.0,0.0,0.0,0.0,0.0,0.0,0.0,0.0,0.0,0.0,0.0,0.0,0.0,0.0,0.0,0.0,0.0,0.0,0.0,0.0,0.0,0.0,0.0,0.0,yes
0.0,0.0,0.3191761704414025,0.12305286949608236,0.6267436024421552,0.10051971885143314,0.8350782845617272,0.0809035768600922,1.0,0.05949221299064179,0.7261739053881161,-0.4681069787662221,0.7636003788904415,0.12241150273140558,0.6118841631116695,0.16910058294793343,0.5545254022080564,0.018016960520547787,0.5354423207069798,-0.5151923752382813,0.5909574546936399,0.1586723223920802,0.45162778582343477,0.1501167317764861,0.4177838902585162,-0.0007599591098434369,0.32808844568697487,-0.4786441506594733,0.3766172199110497,0.1556082834332847,0.27084101637270186,0.15775262665405312,0.24139290339776145,0.03704074584904102,0.1160468451864668,-0.39283895855348805,0.17338261369662927,0.10680027264138128,0.10719356358198498,0.10975903064069212,0.0670784927033942,-0.00048223519947867774,0.0,0.0,0.0,0.0,0.0,0.0,0.0,0.0,0.0,0.0,0.0,0.0,0.0,0.0,0.0,0.0,0.0,0.0,0.0,0.0,0.0,0.0,0.0,0.0,0.0,0.0,0.0,0.0,0.0,0.0,0.0,0.0,0.0,0.0,0.0,0.0,0.0,0.0,0.0,0.0,0.0,0.0,yes
0.0,0.0,0.3346806271020512,0.08644794083362753,0.6599994250800124,0.09102469152151282,0.8754607030883862,0.1118367950730003,1.0,0.11355961710328825,0.7139572808610105,-0.5192102408107276,0.7490073748022905,-0.03264447367851572,0.6628988951523587,0.12908827056638986,0.5931233109706684,0.11246016337417311,0.4579050367835746,-0.5585140966828086,0.5196805124410424,0.0017228220302879477,0.45888240076251186,0.1336495177939351,0.414980476944578,0.09865174803130278,0.20300198670384484,-0.5026848440432637,0.2833712791291448,-0.016712084269058677,0.25591981868703134,0.11450016036391789,0.22829620523739189,0.10285253980594189,-0.02634328601655705,-0.39770251637310755,0.04170560026976021,-0.06580443741333808,0.022959332808584264,0.021304338417284033,0.0016524104812435584,-0.006359648626990943,0.0,0.0,0.0,0.0,0.0,0.0,0.0,0.0,0.0,0.0,0.0,0.0,0.0,0.0,0.0,0.0,0.0,0.0,0.0,0.0,0.0,0.0,0.0,0.0,0.0,0.0,0.0,0.0,0.0,0.0,0.0,0.0,0.0,0.0,0.0,0.0,0.0,0.0,0.0,0.0,0.0,0.0,yes
0.0,0.0,0.3346353593756501,0.05713290273685874,0.6519151605817153,0.04054000258010678,0.8663301153834526,0.05176915407517689,1.0,0.06672658979624639,0.7126784711041511,-0.5099943219691901,0.7573352705086313,-0.030532061717830305,0.6681443913956133,0.10339044588255965,0.6055863801491015,0.07490451060732181,0.47452922779080303,-0.5481493720193705,0.5526011038187676,0.012036706957638059,0.4959171755792594,0.11811860529364877,0.4615272256638612,0.08219226464831678,0.23170286748038804,-0.5005514903409123,0.32321374747938236,0.0001269101245844367,0.3073083769362399,0.11942182860129179,0.2866196320983242,0.11906025447275877,0.005211396648914215,-0.4060830656697038,0.0737240069956213,-0.07260755707887614,0.05974503636244454,0.0020868334636855957,0.037217591299712326,-0.02124667047995673,0.0,0.0,0.0,0.0,0.0,0.0,0.0,0.0,0.0,0.0,0.0,0.0,0.0,0.0,0.0,0.0,0.0,0.0,0.0,0.0,0.0,0.0,0.0,0.0,0.0,0.0,0.0,0.0,0.0,0.0,0.0,0.0,0.0,0.0,0.0,0.0,0.0,0.0,0.0,0.0,0.0,0.0,yes
0.0,0.0,0.3515002003384899,0.09091512347044407,0.6674023997643969,0.10611556939737929,0.8790126156370195,0.16011532418812352,1.0,0.20423276678198243,0.7843005405979314,-0.5383423854310311,0.827498448482673,-0.03638134336753202,0.7263300390186068,0.161020955279646,0.6738764297026775,0.19076900908917402,0.5337510317116239,-0.5796007386612838,0.5920609079567876,0.07597126248639657,0.5077743341747128,0.22814382913212355,0.4756354901214797,0.1990328138014892,0.2748852635557112,-0.5142941828527948,0.3503695834349772,0.110689227603484,0.3202742551768856,0.2725153287383984,0.2998656404954238,0.2802533239125791,0.02866135969796287,-0.394994824062359,0.12215592022357018,0.08010379682517212,0.1251597336066869,0.2235076046468418,0.11737971158841247,0.2506291386961693,0.0,0.0,0.0,0.0,0.0,0.0,0.0,0.0,0.0,0.0,0.0,0.0,0.0,0.0,0.0,0.0,0.0,0.0,0.0,0.0,0.0,0.0,0.0,0.0,0.0,0.0,0.0,0.0,0.0,0.0,0.0,0.0,0.0,0.0,0.0,0.0,0.0,0.0,0.0,0.0,0.0,0.0,yes
0.0,0.0,0.3291129864645569,0.08449543575995262,0.6293078432334488,0.09657418264848089,0.8475910322919703,0.14152430771657815,1.0,0.18080284066988148,0.7375654158574355,-0.5725839059275,0.7901376246071682,-0.08324042606200466,0.6891991248920625,0.14972900576233503,0.6143827189589511,0.20127867339639163,0.467303855034516,-0.599896559497047,0.5457781941904658,0.05836660840523025,0.46330411283415757,0.22445306555517827,0.42147900680443556,0.2070015689224456,0.19538551467421852,-0.5198247603729886,0.28082076479919044,0.14415296625101284,0.24322562502785616,0.2757455748402941,0.2255993761505191,0.24145565733938584,-0.0632785893870557,-0.3818288447658176,0.02347483776097805,0.14509053609178948,0.018685664319856247,0.24065083507524446,0.014046553356669973,0.19509404716899761,0.0,0.0,0.0,0.0,0.0,0.0,0.0,0.0,0.0,0.0,0.0,0.0,0.0,0.0,0.0,0.0,0.0,0.0,0.0,0.0,0.0,0.0,0.0,0.0,0.0,0.0,0.0,0.0,0.0,0.0,0.0,0.0,0.0,0.0,0.0,0.0,0.0,0.0,0.0,0.0,0.0,0.0,yes
0.0,0.0,0.3258696269100951,0.0686270707637795,0.6258783682710758,0.0653939983785391,0.854857395776199,0.08710027510663537,1.0,0.10905155617771063,0.7518567697223879,-0.588456725030641,0.8074866063266524,-0.15052315814291634,0.7177112900832954,0.07527727658589527,0.6444577616821826,0.13728430537883027,0.4898381678599856,-0.6283068660928148,0.5714710910265005,-0.07506120491658463,0.5120670794805169,0.11754606604898486,0.4660355034685351,0.14281721752630566,0.2262919823867732,-0.5747487935998463,0.3180861221045011,-0.025691598628714386,0.29988962492789917,0.15946520107284817,0.27577824275251916,0.19619492250044784,-0.026747641217610026,-0.4584148219009259,0.06995335683651377,-0.04634706527272738,0.08323591640550312,0.11274816693044647,0.08775526159138324,0.152147081401154,0.0,0.0,0.0,0.0,0.0,0.0,0.0,0.0,0.0,0.0,0.0,0.0,0.0,0.0,0.0,0.0,0.0,0.0,0.0,0.0,0.0,0.0,0.0,0.0,0.0,0.0,0.0,0.0,0.0,0.0,0.0,0.0,0.0,0.0,0.0,0.0,0.0,0.0,0.0,0.0,0.0,0.0,yes
0.0,0.0,0.3335513576971748,0.058906828888990535,0.6266907560719023,0.0636588452331946,0.850978365274665,0.0990873469636677,1.0,0.12515757215386727,0.7463464910274589,-0.6120148195581576,0.8110835658418333,-0.18319047401241062,0.731462287883639,0.04652426473951425,0.6628699934440226,0.1250947567427465,0.48828187653417493,-0.6478555855402582,0.5767445760722072,-0.09199164494046258,0.5243357880132339,0.09749744621811585,0.47685374071871806,0.13421335894738448,0.22436262178109134,-0.5881437436155453,0.314687218893412,-0.03740139352635351,0.3028754821692662,0.14977755416304564,0.27925536294195674,0.1976800987970544,-0.02915244934363994,-0.46385217033344006,0.06041073960572657,-0.05044443428013844,0.07119425513424507,0.11004711155834057,0.06982908719449908,0.15501135861196239,0.0,0.0,0.0,0.0,0.0,0.0,0.0,0.0,0.0,0.0,0.0,0.0,0.0,0.0,0.0,0.0,0.0,0.0,0.0,0.0,0.0,0.0,0.0,0.0,0.0,0.0,0.0,0.0,0.0,0.0,0.0,0.0,0.0,0.0,0.0,0.0,0.0,0.0,0.0,0.0,0.0,0.0,yes
0.0,0.0,0.29045026136643926,0.07987972230987055,0.6019139184909476,0.05876477830828224,0.8260025293362999,0.06829815779837331,1.0,0.06674986363159817,0.7115244847756138,-0.5134856573868624,0.7284605033044963,-0.014405669278896046,0.6337950022056987,0.12763423994051956,0.5694519079167618,0.11866963190914243,0.4781620628930563,-0.5768456836425279,0.5184703846323321,-0.038776741248491335,0.45570571977445656,0.10149557011614992,0.41564936936261637,0.1095054727159369,0.23145655634458737,-0.5451428791383441,0.2911990846983257,-0.09278723844996356,0.2798550569759085,0.07736304788569466,0.2659925821667103,0.12905540887475936,-0.011944707108022513,-0.4496860108051383,0.04791557669019581,-0.11742319686026,0.05481731192429616,0.028351965705562768,0.05275646502713947,0.07425329120136384,0.0,0.0,0.0,0.0,0.0,0.0,0.0,0.0,0.0,0.0,0.0,0.0,0.0,0.0,0.0,0.0,0.0,0.0,0.0,0.0,0.0,0.0,0.0,0.0,0.0,0.0,0.0,0.0,0.0,0.0,0.0,0.0,0.0,0.0,0.0,0.0,0.0,0.0,0.0,0.0,0.0,0.0,yes
0.0,0.0,0.3179199229574364,0.06266049460047317,0.6139205560427425,0.06944450888716698,0.8325192928622726,0.10026462759581731,1.0,0.11252833546509859,0.7195689864500154,-0.5413467085492809,0.749484844876056,-0.03879864330025102,0.6534347713340211,0.13771461359885798,0.5665935628422231,0.15417740926851323,0.4560879555520499,-0.5738139832459233,0.4775107786897712,-0.0061519600640715325,0.43819968685992267,0.13596434925481013,0.40871688352931657,0.15016907192684256,0.18858544099701657,-0.5160846457738205,0.22075602139910822,0.014507861238836588,0.206027250507422,0.1401814810174939,0.18662715554462608,0.13828738051674816,-0.05876712307580475,-0.4025144003707776,-0.00915782641398933,0.01218689214401969,-0.0022005900891217075,0.09024971297211383,-0.010494884021143399,0.0514959218067471,0.0,0.0,0.0,0.0,0.0,0.0,0.0,0.0,0.0,0.0,0.0,0.0,0.0,0.0,0.0,0.0,0.0,0.0,0.0,0.0,0.0,0.0,0.0,0.0,0.0,0.0,0.0,0.0,0.0,0.0,0.0,0.0,0.0,0.0,0.0,0.0,0.0,0.0,0.0,0.0,0.0,0.0,yes
0.0,0.0,0.33175260042975485,0.04964450101097099,0.6281531700933495,0.06125800874355945,0.8385155121245237,0.10375467693909544,1.0,0.1418471199493851,0.7448014755801223,-0.5151065562931162,0.7858088480731577,0.10903738749168586,0.6779136881981611,0.1987210590197637,0.619638941039228,0.06840141717829713,0.48983326475543254,-0.5338000563371142,0.5254578865323326,0.2075526144894535,0.45041129534560065,0.22480720761111464,0.4306937969691026,0.05787089952083957,0.22800554325741587,-0.4647104021614574,0.27778572527643774,0.2121800251009865,0.23329071179928257,0.21907370182525368,0.21433617329414315,0.07564216198837567,-0.023425620998700707,-0.3563297894043948,0.05101360103786139,0.1385991329197029,0.043170648855093176,0.1443650841640108,0.022292487942333607,0.021025148671481374,0.0,0.0,0.0,0.0,0.0,0.0,0.0,0.0,0.0,0.0,0.0,0.0,0.0,0.0,0.0,0.0,0.0,0.0,0.0,0.0,0.0,0.0,0.0,0.0,0.0,0.0,0.0,0.0,0.0,0.0,0.0,0.0,0.0,0.0,0.0,0.0,0.0,0.0,0.0,0.0,0.0,0.0,yes
0.0,0.0,0.3307382965306507,0.04606532326676297,0.6286434262644691,0.04793154784578114,0.8348506750011919,0.08625132643497041,1.0,0.12002669826682441,0.7071990952472464,-0.514819454936599,0.7699110237989097,0.03673665787045934,0.6776351390870589,0.15811547197001458,0.6178930978197562,0.07841239680348218,0.45800675222366777,-0.5312085143485982,0.5121656019962754,0.1865398859425663,0.4412692194836402,0.20775399847340176,0.41713510689382477,0.055976907375396213,0.20419406573022855,-0.4582522563525115,0.2739767097924937,0.2078115039450228,0.23270350916081822,0.21319981578589092,0.21235050420502619,0.08241369632884087,-0.039231019139492056,-0.35018817068213776,0.05648757562338143,0.1489013260171956,0.048448359840734416,0.1476470186361963,0.019610348822292855,0.026783296282443286,0.0,0.0,0.0,0.0,0.0,0.0,0.0,0.0,0.0,0.0,0.0,0.0,0.0,0.0,0.0,0.0,0.0,0.0,0.0,0.0,0.0,0.0,0.0,0.0,0.0,0.0,0.0,0.0,0.0,0.0,0.0,0.0,0.0,0.0,0.0,0.0,0.0,0.0,0.0,0.0,0.0,0.0,yes
0.0,0.0,0.3360037231287062,0.0760171951138388,0.6322823753225917,0.11480257937183465,0.8416554618371451,0.19296733043605338,1.0,0.27798592774678954,0.8086831448809337,-0.5201946209485179,0.8215071966695073,0.08963846157472422,0.7149551606031385,0.2381812401035646,0.6646167110232999,0.1834704189881659,0.5174198215223867,-0.5718061521716243,0.5417202027921371,0.18520051101355736,0.4520146955682302,0.2806127553299982,0.43094874307740577,0.1729039199181624,0.20785696439299856,-0.5099968729490186,0.24184570386670068,0.1907291581004501,0.19248203517068094,0.26021883071340235,0.18527384219235082,0.1579805012395588,-0.09800135872198422,-0.3885159183656366,-0.04192579198982582,0.13082229917340046,-0.05390679711934178,0.1969382137677193,-0.06789105291525482,0.12244683096691873,0.0,0.0,0.0,0.0,0.0,0.0,0.0,0.0,0.0,0.0,0.0,0.0,0.0,0.0,0.0,0.0,0.0,0.0,0.0,0.0,0.0,0.0,0.0,0.0,0.0,0.0,0.0,0.0,0.0,0.0,0.0,0.0,0.0,0.0,0.0,0.0,0.0,0.0,0.0,0.0,0.0,0.0,yes
0.0,0.0,0.35476258700941654,0.0435423725642533,0.6509345665554955,0.059897533457206976,0.8555153803206338,0.12063254331884858,1.0,0.20093180943153027,0.7939165536738184,-0.5567583508853814,0.809481749316381,0.025201590072778227,0.7131626082786586,0.19855280532440026,0.6748183990759696,0.14878573306510456,0.5128649373591282,-0.6089999419034593,0.5245881299905175,0.14245567184710567,0.4627475626531804,0.2449753877451748,0.46553225785804947,0.12167384995928318,0.2183920354566142,-0.5525852468265996,0.25820613637325945,0.13398145440258538,0.224542883616874,0.21796689678804904,0.2260085904105259,0.11424487790371926,-0.06164929186225015,-0.4372483508952283,0.014268855035345345,0.07018455990885736,0.026107748404560677,0.1645481123055366,0.027912926086429927,0.11857750127763156,0.0,0.0,0.0,0.0,0.0,0.0,0.0,0.0,0.0,0.0,0.0,0.0,0.0,0.0,0.0,0.0,0.0,0.0,0.0,0.0,0.0,0.0,0.0,0.0,0.0,0.0,0.0,0.0,0.0,0.0,0.0,0.0,0.0,0.0,0.0,0.0,0.0,0.0,0.0,0.0,0.0,0.0,yes
0.0,0.0,0.34740257413624165,0.07871940042241403,0.6406893823687767,0.1377599062109003,0.8420633984121016,0.23406906244819553,1.0,0.36325265489748504,0.79660635570204,-0.5383590824987686,0.7767215569219862,0.08154568563930849,0.6920034664512397,0.23490748884367385,0.6844191711569855,0.21673871719328283,0.49997730754770076,-0.6016624251686526,0.4934213386444819,0.28336901223815897,0.40049765742231896,0.33375628879513586,0.4076116217841809,0.1828290274206039,0.19062042120057882,-0.5286906646117656,0.19419699055086287,0.338378383026619,0.15301616132565962,0.3382723256706097,0.1731381559492205,0.17428949931850982,-0.11522439013437276,-0.4007883596796686,-0.08124686187271493,0.2505781797977935,-0.10304977004185444,0.23633926314979836,-0.1104556310006607,0.07988937548938065,0.0,0.0,0.0,0.0,0.0,0.0,0.0,0.0,0.0,0.0,0.0,0.0,0.0,0.0,0.0,0.0,0.0,0.0,0.0,0.0,0.0,0.0,0.0,0.0,0.0,0.0,0.0,0.0,0.0,0.0,0.0,0.0,0.0,0.0,0.0,0.0,0.0,0.0,0.0,0.0,0.0,0.0,yes
0.0,0.0,0.36519555624566674,0.08256613632424313,0.6517671109458054,0.17210023905130575,0.8421062965825052,0.29247809900046223,1.0,0.3574299998555581,0.7697190244395655,-0.5051976506528773,0.7579632612086896,0.2254078677490178,0.664296089597296,0.29830858562514445,0.6470404762248672,0.15018208704067484,0.47734451734746935,-0.5476170701409753,0.4607422777761729,0.37370543968107234,0.4040213069823203,0.3389554324589785,0.425955031632771,0.11448327724173793,0.18048486429685695,-0.4693589127859949,0.18106466301710192,0.3894983533626069,0.16920824185347816,0.3206695422636931,0.20730117575687543,0.10046790140397505,-0.10122870385082043,-0.3484281112780217,-0.07442367691241045,0.2944736538017102,-0.06449329789692627,0.23704446643170787,-0.05030752578287497,0.0364444909868269,0.0,0.0,0.0,0.0,0.0,0.0,0.0,0.0,0.0,0.0,0.0,0.0,0.0,0.0,0.0,0.0,0.0,0.0,0.0,0.0,0.0,0.0,0.0,0.0,0.0,0.0,0.0,0.0,0.0,0.0,0.0,0.0,0.0,0.0,0.0,0.0,0.0,0.0,0.0,0.0,0.0,0.0,yes
0.0,0.0,0.383549332409196,0.14111072805806915,0.6765409423450557,0.26164797535673723,0.8624136355058153,0.3993991603848097,1.0,0.4853673863228719,0.8033402425680257,-0.48471937782164976,0.8355853169480829,0.0821608941525237,0.7832470186310335,0.34867862859395005,0.7876980749367493,0.4176610951614238,0.5082945764574498,-0.5365826051880814,0.5013633205993876,0.32042013678526005,0.4440774751207801,0.4144796755538229,0.46892028120051577,0.2792393543634714,0.20023395045959225,-0.45689514640730694,0.19168267334847458,0.3975877128208504,0.1670628597557635,0.3762575457252972,0.20349721665242054,0.1769590814423127,-0.09244853642297053,-0.33212442394546987,-0.07175893722998236,0.31213897595266155,-0.07796620029144599,0.2713829840723839,-0.06951165096286983,0.08170724310713087,0.0,0.0,0.0,0.0,0.0,0.0,0.0,0.0,0.0,0.0,0.0,0.0,0.0,0.0,0.0,0.0,0.0,0.0,0.0,0.0,0.0,0.0,0.0,0.0,0.0,0.0,0.0,0.0,0.0,0.0,0.0,0.0,0.0,0.0,0.0,0.0,0.0,0.0,0.0,0.0,0.0,0.0,yes
0.0,0.0,0.34758592065113153,0.09451787524106141,0.6430175028199269,0.15763595707559272,0.8405724110890778,0.21618998189094932,1.0,0.30783478284908206,0.7686118094683353,-0.4073905640593553,0.7965340499601102,0.0542749780109947,0.8329649355670554,0.28946330474016374,0.8793195887287026,0.4354749722484931,0.508030707903855,-0.4774536284097559,0.49721258452480194,0.23390850627003004,0.4544777947062078,0.3490421203825522,0.4507335314128369,0.3135992312511364,0.22499395521368173,-0.4365605029573703,0.20677549488402772,0.26736216427101045,0.19228241397422216,0.3140247997822709,0.21467849329272068,0.2287055124168282,-0.052239802610958334,-0.3411926587286909,-0.030462218820096646,0.19211051232143544,-0.03258811468468409,0.2099804970469126,-0.0268536468653354,0.09867777843103434,0.0,0.0,0.0,0.0,0.0,0.0,0.0,0.0,0.0,0.0,0.0,0.0,0.0,0.0,0.0,0.0,0.0,0.0,0.0,0.0,0.0,0.0,0.0,0.0,0.0,0.0,0.0,0.0,0.0,0.0,0.0,0.0,0.0,0.0,0.0,0.0,0.0,0.0,0.0,0.0,0.0,0.0,yes
0.0,0.0,0.3713799088739423,0.1012327659322669,0.6636276849642004,0.19808556381782677,0.8540973194737569,0.3100613424327896,1.0,0.4375636600327423,0.7739760153060218,-0.36288684194954535,0.804250182449358,0.08668178859543581,0.8200834335982958,0.3437606264423361,0.8521785439555021,0.4824189826229314,0.48467109804927117,-0.4396418075307205,0.4767569380066668,0.3373313083098286,0.4471303181522318,0.47648119292293734,0.46381348744551176,0.4142184263989428,0.17898854020789365,-0.3955446852995128,0.18050592713860233,0.3553904416260676,0.17116235034221583,0.42725694786879426,0.18353261405550406,0.32006745695181366,-0.11117418489516559,-0.30460798043353915,-0.06360973589222667,0.27758180634726526,-0.04889544172468885,0.3270155229886191,-0.045050592713860235,0.21849188346910195,0.0,0.0,0.0,0.0,0.0,0.0,0.0,0.0,0.0,0.0,0.0,0.0,0.0,0.0,0.0,0.0,0.0,0.0,0.0,0.0,0.0,0.0,0.0,0.0,0.0,0.0,0.0,0.0,0.0,0.0,0.0,0.0,0.0,0.0,0.0,0.0,0.0,0.0,0.0,0.0,0.0,0.0,yes
0.0,0.0,0.36239121075479536,0.1087160354469824,0.6670896765874831,0.19780894563216034,0.8559381116538839,0.3130936697477819,1.0,0.42139500147419895,0.7707015822947703,-0.30594766984709254,0.7880967663841164,0.17424322482343715,0.7596266284169176,0.4019257531192359,0.7486367979343389,0.4832135027531416,0.5000941268313125,-0.378380039946154,0.49259089969062736,0.4596277743087771,0.44629068439027914,0.5140256254159542,0.456225930586964,0.3726185684318434,0.2100259717299384,-0.3282296279980305,0.21053489322561464,0.4840585525275919,0.19992302516905996,0.45343086388787285,0.22259567787779372,0.2750278697270104,-0.0714840081696633,-0.24322300456119525,-0.023128281138565427,0.3827751718337598,-0.01689935850063506,0.3338292195512433,-0.018106546480193077,0.16044414040922164,0.0,0.0,0.0,0.0,0.0,0.0,0.0,0.0,0.0,0.0,0.0,0.0,0.0,0.0,0.0,0.0,0.0,0.0,0.0,0.0,0.0,0.0,0.0,0.0,0.0,0.0,0.0,0.0,0.0,0.0,0.0,0.0,0.0,0.0,0.0,0.0,0.0,0.0,0.0,0.0,0.0,0.0,yes
0.0,0.0,0.3870981054965694,0.14794561751263688,0.6989779456962062,0.2664797840649064,0.886695631721194,0.4067543545948725,1.0,0.4758595302694729,0.7983455118884091,-0.22569589140989982,0.8201570898076992,0.5130941690704631,0.6885456295789808,0.5893380735994516,0.643921142070707,0.4325161737098849,0.5278672212521542,-0.2840798582117154,0.5338500293352056,0.5878463936933243,0.446578185973837,0.5762350733642453,0.4585425780180943,0.3708368708997383,0.2442170298082413,-0.25855971572393255,0.24959092471038588,0.521942121770395,0.20992780304229253,0.4916671402852379,0.23796911190834474,0.3032433108298934,-0.02118675115439062,-0.20453537143791473,0.022558467119650042,0.3961412181935984,0.0222412446870926,0.37860060139357526,0.021207561225765666,0.21191123018124872,0.0,0.0,0.0,0.0,0.0,0.0,0.0,0.0,0.0,0.0,0.0,0.0,0.0,0.0,0.0,0.0,0.0,0.0,0.0,0.0,0.0,0.0,0.0,0.0,0.0,0.0,0.0,0.0,0.0,0.0,0.0,0.0,0.0,0.0,0.0,0.0,0.0,0.0,0.0,0.0,0.0,0.0,yes
0.0,0.0,0.39606431703983797,0.1321314726988216,0.7450230883283657,0.2382833316819354,0.9374832517007167,0.39645975989566734,1.0,0.5124810870304563,0.819908539334067,-0.259000252619251,0.8464778360081516,0.5181561829677496,0.6914310300349115,0.5612232127634315,0.6456326773266635,0.36684599955546154,0.5434034686497724,-0.3185944729050232,0.5811140776764028,0.5946903539615251,0.45679916233955775,0.548087725828667,0.45858392181121754,0.32614377159649116,0.25968045003717877,-0.29048143159240286,0.28645612682021987,0.5290004222222817,0.21618155736643985,0.46970398915254724,0.2350617667458445,0.26624819350456097,-0.004044050370314828,-0.233339849660303,0.04897528526783443,0.3931241146052311,0.030759384180321942,0.3529053445485569,0.023897245557516406,0.16032663758421015,0.0,0.0,0.0,0.0,0.0,0.0,0.0,0.0,0.0,0.0,0.0,0.0,0.0,0.0,0.0,0.0,0.0,0.0,0.0,0.0,0.0,0.0,0.0,0.0,0.0,0.0,0.0,0.0,0.0,0.0,0.0,0.0,0.0,0.0,0.0,0.0,0.0,0.0,0.0,0.0,0.0,0.0,yes
0.0,0.0,0.3588969219728904,0.12856680976068108,0.6818982629952683,0.20750740208213408,0.8830167711691805,0.3426989785513861,1.0,0.432979212217114,0.7746775867276214,-0.25651441308651984,0.821579489456389,0.46024236494910825,0.6788495021825495,0.546949980768784,0.6305502709149154,0.389985505600285,0.5246116004243775,-0.3144449019207984,0.5675620690723326,0.5457512564824686,0.45141117114233426,0.5488534194134608,0.44833062719577893,0.35588171898676013,0.2619824027920112,-0.2799777873001696,0.2924379051139546,0.5035009847931418,0.22693689966984262,0.4787040096440031,0.23963192226974814,0.2921654091086267,0.013185967149469142,-0.21530701539271693,0.07301634524291994,0.3778188574334458,0.05915260679778312,0.3612403230844289,0.052377636548087074,0.1818485715982044,0.0,0.0,0.0,0.0,0.0,0.0,0.0,0.0,0.0,0.0,0.0,0.0,0.0,0.0,0.0,0.0,0.0,0.0,0.0,0.0,0.0,0.0,0.0,0.0,0.0,0.0,0.0,0.0,0.0,0.0,0.0,0.0,0.0,0.0,0.0,0.0,0.0,0.0,0.0,0.0,0.0,0.0,yes
0.0,0.0,0.37821975545966874,0.13317449528788616,0.7082805003398431,0.23547995925884177,0.9061019022545709,0.3865490811561471,1.0,0.48586065696785197,0.767585966311838,-0.20700850641766624,0.8089100939754713,0.4991819084711327,0.6705849237704115,0.5672205765527564,0.615826485888338,0.39843425352232925,0.5113538964568933,-0.2940083550056996,0.5452560029508658,0.6028830972885252,0.4346285504271885,0.5610540407318201,0.4288530510178286,0.32814675087928996,0.2414909142814835,-0.272992107234357,0.2642840848680748,0.5475073388112893,0.20013860531569394,0.47962241724202104,0.21188970805504992,0.25350732146894955,-0.012800314296558013,-0.22373519314363927,0.03383023583581073,0.4033394676301893,0.013878874428786683,0.37040469683922517,0.00681170421172062,0.17628254940399046,0.0,0.0,0.0,0.0,0.0,0.0,0.0,0.0,0.0,0.0,0.0,0.0,0.0,0.0,0.0,0.0,0.0,0.0,0.0,0.0,0.0,0.0,0.0,0.0,0.0,0.0,0.0,0.0,0.0,0.0,0.0,0.0,0.0,0.0,0.0,0.0,0.0,0.0,0.0,0.0,0.0,0.0,yes
0.0,0.0,0.4088654165357004,0.12669450806376803,0.7685327967995302,0.22923742971728403,0.9606768035290186,0.38988847530074205,1.0,0.5291308854879194,0.8130052407512314,-0.2877890226120538,0.8468673925123633,0.45201015547531964,0.7118345151066748,0.5790206036545661,0.6548294796985059,0.4275548774831425,0.522655734250052,-0.3839926076497496,0.5530142650384523,0.5672018495285666,0.4460652936901139,0.6028079763171001,0.44968239372370733,0.3653755571506669,0.22289142845820684,-0.36052513786354956,0.24012313378730962,0.5109774780089288,0.1933654377004459,0.530835593157753,0.21430844869620666,0.3125400666644451,-0.05456577597612256,-0.3061607421890831,-0.006307094152496044,0.37711361505560925,-0.006394995393290506,0.4094061532669811,-0.012228179372568869,0.23101166582758206,0.0,0.0,0.0,0.0,0.0,0.0,0.0,0.0,0.0,0.0,0.0,0.0,0.0,0.0,0.0,0.0,0.0,0.0,0.0,0.0,0.0,0.0,0.0,0.0,0.0,0.0,0.0,0.0,0.0,0.0,0.0,0.0,0.0,0.0,0.0,0.0,0.0,0.0,0.0,0.0,0.0,0.0,yes
0.0,0.0,0.4013646433131103,0.17132084173219156,0.7548089890730516,0.2943132692734184,0.945294388722371,0.43441733108290354,1.0,0.5465131325411228,0.7902671850600046,-0.24373571812133069,0.8098631301964354,0.5936653246122716,0.6710051022512877,0.6160544446986971,0.6311596964811003,0.37843113265324474,0.5104987343976921,-0.32670133513198474,0.5329038970819748,0.6819553211886754,0.429427377980177,0.587298705062656,0.43369735339445503,0.32176409342221757,0.22221924484142333,-0.2845392724558467,0.2281285622059665,0.6321784895911746,0.17272448089855472,0.5024841345758884,0.19623111777417593,0.24902942282963925,-0.049143766005135744,-0.21267125473212564,-0.022115161876864072,0.4770927568904721,-0.034323049969342774,0.38086008774419566,-0.03455963421466547,0.14558604667726066,0.0,0.0,0.0,0.0,0.0,0.0,0.0,0.0,0.0,0.0,0.0,0.0,0.0,0.0,0.0,0.0,0.0,0.0,0.0,0.0,0.0,0.0,0.0,0.0,0.0,0.0,0.0,0.0,0.0,0.0,0.0,0.0,0.0,0.0,0.0,0.0,0.0,0.0,0.0,0.0,0.0,0.0,yes
0.0,0.0,0.38564750032413014,0.14785568941301125,0.7420618654923645,0.26774876398667324,0.9448537296253894,0.433638129080746,1.0,0.584405492989279,0.8265196206482149,-0.26245274810874647,0.8250974615244883,0.5761042716599634,0.6724915861401781,0.6094525943759627,0.6370716225509416,0.3799887029961141,0.5495510775865453,-0.33015415332410936,0.5549376579534554,0.6720984420290425,0.43062472222091347,0.5903447086868445,0.4358710061540228,0.3341787763952297,0.25859895863052534,-0.2916155605496898,0.25034729474797507,0.6284868418871405,0.17838639208351198,0.5061755733089873,0.20461763725100654,0.25897255895983806,-0.01736098569063624,-0.22097944709594233,0.012501214942686988,0.4655091512885896,-0.013420470680575558,0.3810325503431242,-0.014398706760037084,0.15694529294122225,0.0,0.0,0.0,0.0,0.0,0.0,0.0,0.0,0.0,0.0,0.0,0.0,0.0,0.0,0.0,0.0,0.0,0.0,0.0,0.0,0.0,0.0,0.0,0.0,0.0,0.0,0.0,0.0,0.0,0.0,0.0,0.0,0.0,0.0,0.0,0.0,0.0,0.0,0.0,0.0,0.0,0.0,yes
0.0,0.0,0.38356962263051975,0.14304036901986908,0.735979250443674,0.24924497745503105,0.9396973660772128,0.38747595687273867,1.0,0.5051570778025155,0.8243341664831292,-0.28460168347315296,0.8377682611871119,0.5170499670821208,0.6875034492877019,0.5701821580509898,0.6486056726752055,0.36783187072214035,0.5542990478522548,-0.35820324247477925,0.5688460844195441,0.6078887098891355,0.44139878826204637,0.5480116225500293,0.44752794963131465,0.31006213897101614,0.27032311823419564,-0.3247463828964915,0.26969906248997055,0.5622282067422812,0.19388775181498336,0.4612714401355636,0.2193672261545753,0.22791195023448363,-0.002283789307233596,-0.259753906376695,0.036384063093648944,0.40479906508808017,0.013975961882165709,0.3346300673963223,0.012720718328067208,0.12353349022745685,0.0,0.0,0.0,0.0,0.0,0.0,0.0,0.0,0.0,0.0,0.0,0.0,0.0,0.0,0.0,0.0,0.0,0.0,0.0,0.0,0.0,0.0,0.0,0.0,0.0,0.0,0.0,0.0,0.0,0.0,0.0,0.0,0.0,0.0,0.0,0.0,0.0,0.0,0.0,0.0,0.0,0.0,yes
0.0,0.0,0.40776314217609005,0.14825549385151873,0.7733968982598021,0.2799066855040364,0.9725188400471888,0.4045773990701848,1.0,0.5629783762611754,0.889379035666478,-0.16350015232098924,0.9129115331961909,0.47271205257717475,0.7888575516890981,0.4687335977458246,0.756560974690765,0.32067321496011175,0.6659555433010748,-0.22662500792273602,0.6730604485042605,0.6018121962525239,0.5493666046380938,0.5032223994513524,0.5387108532867014,0.2897419772987691,0.423308645552417,-0.19789373515308478,0.4234441718017193,0.5883755280485301,0.3434825163836339,0.44384262481631664,0.365679759067042,0.21518151024727405,0.1851066582819536,-0.134862638012601,0.2113249998320526,0.4743319417552577,0.16665639510107658,0.37560486621018074,0.16219600425388855,0.171268668813862,0.0,0.0,0.3845368448835756,0.14123791927830626,0.7436912934478027,0.23543689606932253,0.9547012042564279,0.3692791073610501,1.0,0.496764504244538,0.8275254516277827,-0.3021804116278501,0.8234973778899498,0.4679601678757578,0.6740633303453899,0.5267089251246124,0.6385751642033701,0.3364868363245092,0.5618083494325297,-0.36691663637965827,0.5630673332900461,0.5858415333124768,0.441559790770881,0.5264340230900844,0.4421112813554863,0.2892670993703394,0.28330273713041065,-0.33663727351150247,0.2691968897280241,0.5428428074749743,0.1977677280190104,0.44204415803662606,0.2193028450674058,0.2086745927275763,0.014898509710534904,-0.2707727698572449,0.036637526488834844,0.376886304397505,0.013896382171169522,0.3133228825586465,0.013532769418750848,0.10923122718460683,yes
0.0,0.0,0.38405635933321264,0.13573318249482827,0.7404796279886615,0.20596570560532762,0.9538014347818423,0.3188507003254458,1.0,0.4369328934233023,0.8319805405509344,-0.27032097515170644,0.8524478942164864,0.47420068678523297,0.689193628248249,0.491296287097379,0.6521701996740734,0.28111372657102524,0.5886819844664115,-0.33828322920455656,0.6103504912132832,0.5370833580368775,0.471236261491154,0.458295343288461,0.47004744682862576,0.23183408191748642,0.3310864057865582,-0.3102801462022507,0.32842819761339725,0.5014676308793767,0.23305414322500628,0.38987416415224646,0.24588898307393275,0.16203933231528025,0.08164732312395945,-0.2443385085255269,0.11335337391658268,0.36587097218728115,0.07103484081036171,0.2857520106014258,0.06215069856281457,0.07646871249401106,0.0,0.0,0.0,0.0,0.0,0.0,0.0,0.0,0.0,0.0,0.0,0.0,0.0,0.0,0.0,0.0,0.0,0.0,0.0,0.0,0.0,0.0,0.0,0.0,0.0,0.0,0.0,0.0,0.0,0.0,0.0,0.0,0.0,0.0,0.0,0.0,0.0,0.0,0.0,0.0,0.0,0.0,yes
0.0,0.0,0.38514262111242115,0.14645842822884592,0.7389453883293106,0.2601212672786074,0.9305554576499669,0.3654318513860157,1.0,0.47659837289410706,0.8617564422585584,-0.19603051914675854,0.8759328381993577,0.5365219925365445,0.7392976984654186,0.4942642739973972,0.7072044798131092,0.27981853853236505,0.6325154808733392,-0.2649285233375844,0.6440488758696954,0.564190561837928,0.5249064068400661,0.4452369214423388,0.519844629580163,0.22723958784063583,0.38224044949313984,-0.23103295862073206,0.3926285740768432,0.5435354989582929,0.3091843157946678,0.39981036145760107,0.32610195156418054,0.1702007417860669,0.1330169491322057,-0.16009578516190892,0.17217031892841325,0.42284265535354676,0.1327321313593367,0.32674612867554037,0.13336715950590192,0.11800454778541808,0.0,0.0,0.37744551686897865,0.13368260243696944,0.7347782686147588,0.21607820498383448,0.9442049051437936,0.34547894820388486,1.0,0.4678935179218059,0.8192108408643495,-0.2920873113967191,0.8226454183699358,0.48725244653442107,0.6706860539736766,0.5206786936801875,0.6345515919263347,0.30688760662250036,0.5566096453084743,-0.3624886882125409,0.567589371600528,0.5652406917726165,0.43687768209773115,0.4995319260361733,0.43452187940515263,0.2669968510154492,0.2792795527655031,-0.3344944733353865,0.2722888002789449,0.5224621233191735,0.18790167868960997,0.4248018826070499,0.20376209360665234,0.19509865506747728,0.01046959350828898,-0.2693419694110273,0.04638070287071797,0.3760431604896732,0.0156976065817983,0.3080435458027333,0.01018824035394532,0.09572044723449692,yes
0.0,0.0,0.3796252886541223,0.13339705986158687,0.7326086841693732,0.21300325296609268,0.9407276060663344,0.3252367455997403,1.0,0.4659938353227332,0.8264004856960248,-0.24863750132252288,0.8384974283432698,0.4992645892480051,0.6882695542509687,0.5289012664046857,0.654763187173681,0.32520249205725976,0.5831519949727324,-0.31649600986245924,0.5965225611597801,0.5590920826457948,0.47249384516662507,0.4958725281627344,0.47604741010405877,0.2768131208354535,0.3261993661814135,-0.28727869850624144,0.3187098451243684,0.5187222020097866,0.23710446161994606,0.4212196534021691,0.2524924654211289,0.20149214193323473,0.07789591692971733,-0.22062610673755975,0.10872618598489099,0.385718257570313,0.07811008160186211,0.3177893211860241,0.07172579751130406,0.12136702366647678,0.0,0.0,0.0,0.0,0.0,0.0,0.0,0.0,0.0,0.0,0.0,0.0,0.0,0.0,0.0,0.0,0.0,0.0,0.0,0.0,0.0,0.0,0.0,0.0,0.0,0.0,0.0,0.0,0.0,0.0,0.0,0.0,0.0,0.0,0.0,0.0,0.0,0.0,0.0,0.0,0.0,0.0,yes
0.0,0.0,0.4028440949749702,0.14418628887664753,0.7565419182584566,0.21744088523444208,0.950545508426331,0.32419981581247753,1.0,0.45705906832874993,0.8620291538079246,-0.31037228140847445,0.8464320579871665,0.4059948855704886,0.7188935420224755,0.5227412746655664,0.6734701907595715,0.39093092684324,0.5908784284366251,-0.38849955229245403,0.5841149605216236,0.5308088724788536,0.4831340449862781,0.5377180314479989,0.4838173041270625,0.3354938855839588,0.3005615308974923,-0.3643619830714794,0.28422871297728,0.49830417030894303,0.23557304084524916,0.46595473013833916,0.2630522878458213,0.2562677284035167,0.019684421124422997,-0.29484608147781066,0.040463297552177604,0.35936984897048535,0.03771732248909798,0.3360355301842797,0.04994863592762664,0.143565240879421,0.0,0.0,0.0,0.0,0.0,0.0,0.0,0.0,0.0,0.0,0.0,0.0,0.0,0.0,0.0,0.0,0.0,0.0,0.0,0.0,0.0,0.0,0.0,0.0,0.0,0.0,0.0,0.0,0.0,0.0,0.0,0.0,0.0,0.0,0.0,0.0,0.0,0.0,0.0,0.0,0.0,0.0,yes
0.0,0.0,0.3870054592027077,0.1298200640997382,0.7226913204796097,0.19820649695786144,0.9201138425036139,0.30566534567603115,1.0,0.437739296587291,0.8455447655280004,-0.27594272739056425,0.8306502287443439,0.4392029577206233,0.694121964523407,0.4958870102295076,0.6631261683134636,0.3218399691015838,0.5970472470735002,-0.3494485198566408,0.5852093242682188,0.5348952737135145,0.48206661451133326,0.4905666398432971,0.4933117035647008,0.2750222230410332,0.3299058966890136,-0.3215524348623093,0.3090377867364469,0.495032303188735,0.25260804082591415,0.41982959812977727,0.27705371494895115,0.20342323658277728,0.07203209724315857,-0.2529139983116411,0.08069579338065914,0.3570458061124384,0.07181085379245818,0.3080883315710621,0.0832770218032542,0.11363524209132798,0.0,0.0,0.0,0.0,0.0,0.0,0.0,0.0,0.0,0.0,0.0,0.0,0.0,0.0,0.0,0.0,0.0,0.0,0.0,0.0,0.0,0.0,0.0,0.0,0.0,0.0,0.0,0.0,0.0,0.0,0.0,0.0,0.0,0.0,0.0,0.0,0.0,0.0,0.0,0.0,0.0,0.0,yes
0.0,0.0,0.3701260681235877,0.15459786721159713,0.7205017173054142,0.2440933597192999,0.9275425205614929,0.33112666951974035,1.0,0.364304738717037,0.8175009259250066,-0.25584424998088573,0.8487751807746525,0.4809186632390065,0.7096454741546941,0.48114306972852444,0.6802705653818899,0.2782104277525293,0.587372070924366,-0.3215801261905873,0.6078857367169066,0.5409540188455113,0.4879095211569313,0.43672382412488914,0.48089814229158745,0.22741016045064,0.33667526891543154,-0.29061103768804386,0.33707575837312576,0.5133887597503461,0.24750678763434186,0.3752470374537079,0.25924245267687485,0.1624292565161455,0.09560775599137193,-0.22441509507652824,0.12854338012440328,0.37832749644772473,0.08291852885989918,0.276102065896734,0.0716351521181424,0.056189663863571444,0.0,0.0,0.0,0.0,0.0,0.0,0.0,0.0,0.0,0.0,0.0,0.0,0.0,0.0,0.0,0.0,0.0,0.0,0.0,0.0,0.0,0.0,0.0,0.0,0.0,0.0,0.0,0.0,0.0,0.0,0.0,0.0,0.0,0.0,0.0,0.0,0.0,0.0,0.0,0.0,0.0,0.0,yes
0.0,0.0,0.36774905119113377,0.14174295743278156,0.7213049908237265,0.24627265114124333,0.9245859986101954,0.37421235500596906,1.0,0.465982217629136,0.8115818826506067,-0.2632959749122463,0.8227931507581562,0.5200167489264651,0.6998562086844966,0.5064736382588244,0.6843083940630401,0.2777916362275716,0.5620054166740909,-0.335025212479732,0.5723341589009854,0.5934094756160576,0.464765782299592,0.47740391639791174,0.46845482244356146,0.2425041426865991,0.29448728685209274,-0.304537533631488,0.28078452684282734,0.5598186126899845,0.20934233736614222,0.40854195249719366,0.23864903871852894,0.17434527733727706,0.035693387737647665,-0.23770931703579637,0.06208791404593482,0.41333927266895926,0.02582470644833669,0.2992559200327851,0.02254173868111113,0.06717566772980775,0.0,0.0,0.0,0.0,0.0,0.0,0.0,0.0,0.0,0.0,0.0,0.0,0.0,0.0,0.0,0.0,0.0,0.0,0.0,0.0,0.0,0.0,0.0,0.0,0.0,0.0,0.0,0.0,0.0,0.0,0.0,0.0,0.0,0.0,0.0,0.0,0.0,0.0,0.0,0.0,0.0,0.0,yes
0.0,0.0,0.40138292986261964,0.14200523528971137,0.7851025654703964,0.309744913919577,1.0,0.45377876356382596,0.9836528701435885,0.56854324337034,0.8761604728006012,-0.169335209656011,0.9194048654402663,0.597063174590016,0.7811661539988554,0.5266036768960454,0.7473053573894703,0.2961118968362055,0.6220271757000476,-0.25446675267614827,0.6523391053613672,0.6517446845526983,0.5289544085931167,0.5068253374936594,0.5109206701007263,0.2662510801525717,0.356206204913098,-0.23635271718896578,0.3791800673119298,0.6272533576504356,0.28579949505829616,0.45757056609567204,0.3003590874172193,0.201583746698669,0.10698292034593879,-0.17571473154316883,0.13778666910035953,0.5123342317798777,0.07282416984152681,0.40271693803767156,0.06000657617517533,0.16924376030083121,0.0,0.0,0.38915670776855116,0.13034954356185394,0.7791998199385378,0.20378884336625505,0.9897426590290846,0.3028771319124936,1.0,0.4013912678833215,0.8264323237378836,-0.3272831254190835,0.8504411449459074,0.47820446557686647,0.7023035805439682,0.45635773462991114,0.6800936830628935,0.21598019173614832,0.5698248252225827,-0.39516501907798535,0.6048252113101293,0.5076853967035451,0.4754233201011455,0.3923573829238833,0.46938288179878096,0.15772136578422646,0.3024376872548086,-0.3723184059300041,0.3235592123964351,0.458280845154094,0.22546686063103802,0.3356459131928651,0.23468768335635767,0.12576008050160192,0.048466856685617836,-0.3066376809797117,0.10820972425834086,0.3295466693420373,0.05539914782681559,0.24301458659417616,0.028132724686512883,0.03520404491992394,yes
0.0,0.0,0.36437228294507235,0.11897821109472465,0.7070942032609168,0.19690066164360764,0.9034501217781662,0.294704801691368,1.0,0.39702264475452126,0.7982216534777893,-0.32604126275473605,0.8008125649162473,0.49272610118859755,0.6851782322450221,0.4487920966748945,0.6687373600329879,0.2057718997803812,0.5377610688606138,-0.40726209399421726,0.5395274875987937,0.5385710104841532,0.4447317314305717,0.4002968419654693,0.44597349162718747,0.16111894910894126,0.26015603672937704,-0.38670408684410507,0.24680224717811583,0.4838888838791285,0.1786839432352249,0.33089640371163126,0.19458929483432677,0.10620031627072708,-0.002997521808170081,-0.32127875682158574,0.012197286367649555,0.33064842057284516,-0.012089075543451974,0.2179624229715184,-0.015627241583124358,-0.014791681866735091,0.0,0.0,0.0,0.0,0.0,0.0,0.0,0.0,0.0,0.0,0.0,0.0,0.0,0.0,0.0,0.0,0.0,0.0,0.0,0.0,0.0,0.0,0.0,0.0,0.0,0.0,0.0,0.0,0.0,0.0,0.0,0.0,0.0,0.0,0.0,0.0,0.0,0.0,0.0,0.0,0.0,0.0,yes
0.0,0.0,0.39395910875757295,0.14694636877920145,0.7719510952804828,0.24044790772801866,0.9806584894858145,0.3484639204470892,1.0,0.40156221432470196,0.8048938083055638,-0.36012380986697734,0.8510028857236529,0.5198497484166776,0.7326016931773344,0.48807386954322646,0.703121225749712,0.2328948474685749,0.527405477759198,-0.43482966579076254,0.5796779128482097,0.547049484355392,0.4762347067100304,0.4188285127468735,0.46080918591631626,0.17342589713442794,0.23631327561886029,-0.399108437282998,0.26994572419563845,0.5009775516767847,0.18935098131063546,0.3679446681284345,0.19325340319213438,0.14655490326130813,-0.0370184028829656,-0.31247934240910546,0.010332465436486277,0.3658952571728271,-0.019936271193075686,0.2715373874036183,-0.03484465714070917,0.049556865482216564,0.0,0.0,0.0,0.0,0.0,0.0,0.0,0.0,0.0,0.0,0.0,0.0,0.0,0.0,0.0,0.0,0.0,0.0,0.0,0.0,0.0,0.0,0.0,0.0,0.0,0.0,0.0,0.0,0.0,0.0,0.0,0.0,0.0,0.0,0.0,0.0,0.0,0.0,0.0,0.0,0.0,0.0,yes
0.0,0.0,0.4106549807429014,0.15061141172993472,0.7978018456982966,0.25498507033928036,1.0,0.38273610086797355,0.9812985628302549,0.44821023613999905,0.8008508479476435,-0.34195828534020567,0.8559013822941498,0.5302893030339022,0.731233881444775,0.49620612599473524,0.7012431255886927,0.24029157724062303,0.5046188493987163,-0.4118873798100163,0.5742104957862725,0.5808862592798223,0.46234576597031746,0.4501474551442648,0.44961941564856783,0.19395024183011952,0.20243984631150372,-0.37346663683496717,0.25026401974784845,0.5423444401170066,0.1693397802950576,0.3940698448475407,0.178584614761351,0.15348501463502665,-0.0794220660661656,-0.28525227581800083,-0.026416246122569615,0.4110858830689453,-0.056698643670477576,0.30517552364300293,-0.06874733563332054,0.07109980452870979,0.0,0.0,0.0,0.0,0.0,0.0,0.0,0.0,0.0,0.0,0.0,0.0,0.0,0.0,0.0,0.0,0.0,0.0,0.0,0.0,0.0,0.0,0.0,0.0,0.0,0.0,0.0,0.0,0.0,0.0,0.0,0.0,0.0,0.0,0.0,0.0,0.0,0.0,0.0,0.0,0.0,0.0,yes
0.0,0.0,0.390423835350153,0.2071640942176854,0.7576358054740141,0.2885109298349994,0.9789327983557305,0.30443774083416514,1.0,0.2430956092172183,0.8571926132443015,-0.2955443937985868,0.9045247730360798,0.4268560723399861,0.7370258916703135,0.44744877638624597,0.6918806003419005,0.2333847987032038,0.6295780003573074,-0.38404966899899856,0.6708449499196059,0.4583618113843365,0.5157153768363221,0.41314645175777187,0.49861932672150844,0.21450610454681793,0.3751264097659637,-0.366371150546041,0.40863175872247876,0.4165892227581832,0.2926021399104109,0.3467757929190863,0.28044078286367086,0.15546065603595363,0.13042844920417165,-0.29309651068070325,0.18655090236494848,0.31002312663595133,0.12186229243803258,0.25135547327652474,0.08489020174752794,0.05696388737279121,0.0,0.0,0.0,0.0,0.0,0.0,0.0,0.0,0.0,0.0,0.0,0.0,0.0,0.0,0.0,0.0,0.0,0.0,0.0,0.0,0.0,0.0,0.0,0.0,0.0,0.0,0.0,0.0,0.0,0.0,0.0,0.0,0.0,0.0,0.0,0.0,0.0,0.0,0.0,0.0,0.0,0.0,yes
0.0,0.0,0.39678978572536583,0.19798011091745676,0.7656526609681378,0.3025099474783586,0.9827442878554066,0.3552487157859286,1.0,0.29248207996230086,0.8499849120755828,-0.3143209531129967,0.9075309302450553,0.4592459605808122,0.7413100843683664,0.4899174156419678,0.6922672592475271,0.26138594388510467,0.5995862841085539,-0.39812148270240716,0.6431485049901107,0.4944018035019214,0.4935876865131796,0.43417716203865164,0.47331243142717844,0.21097073769398644,0.32812352125830896,-0.3705859662504778,0.3609196867716432,0.4468771259886289,0.2535841707113255,0.36288296622284744,0.24913154690277656,0.15493198903226466,0.07592086922109106,-0.28995313932169825,0.12968065597552514,0.33459816625696115,0.06900740167666328,0.2660091362984568,0.03856547452120588,0.050701517777752156,0.0,0.0,0.0,0.0,0.0,0.0,0.0,0.0,0.0,0.0,0.0,0.0,0.0,0.0,0.0,0.0,0.0,0.0,0.0,0.0,0.0,0.0,0.0,0.0,0.0,0.0,0.0,0.0,0.0,0.0,0.0,0.0,0.0,0.0,0.0,0.0,0.0,0.0,0.0,0.0,0.0,0.0,yes
0.0,0.0,0.4225598915434816,0.18084156078156588,0.8094574127549566,0.3651839125732528,1.0,0.5410503787491378,0.9737758927969117,0.6378250812227036,0.8467203001268663,-0.24864429352024528,0.8732512365653404,0.6884432006859048,0.7071861691825939,0.7186985217794355,0.6507788239953519,0.4679499454888486,0.5277386685352059,-0.3344308100074205,0.5841985119870131,0.6873508015641763,0.45831420184141064,0.6231271992148654,0.4421602410241568,0.3799378289981917,0.20734665610535777,-0.3070348762564222,0.25762204078435125,0.624918124468217,0.18037750876421804,0.5319738912257719,0.1879587477885446,0.28265990481765424,-0.07914997421328766,-0.22727940392436768,-0.028360759369716174,0.48993610988403596,-0.058329652107873324,0.4267287433710741,-0.07544463037957605,0.1970534600980548,0.0,0.0,0.0,0.0,0.0,0.0,0.0,0.0,0.0,0.0,0.0,0.0,0.0,0.0,0.0,0.0,0.0,0.0,0.0,0.0,0.0,0.0,0.0,0.0,0.0,0.0,0.0,0.0,0.0,0.0,0.0,0.0,0.0,0.0,0.0,0.0,0.0,0.0,0.0,0.0,0.0,0.0,yes
0.0,0.0,0.4315864791803717,0.23166015086329475,0.8138054187588601,0.37370323350543067,0.9950458073675975,0.46372809836913537,0.9945822069739665,0.501522798515191,0.9839022275355025,-0.2081748202743613,1.0,0.6547003392224177,0.7838691208870221,0.7709481379254097,0.6898795068236183,0.5809615844831231,0.7116550426737723,-0.29640377018727526,0.7414759770217323,0.6613581559865084,0.5660324713442373,0.6971970419719329,0.5305541634427481,0.49384924616644327,0.4089945451833314,-0.27848754664174097,0.4442410528880051,0.5977950006277922,0.34181568235646365,0.6130176200344052,0.3284230503832752,0.4208901342187529,0.1287513266805246,-0.21318857267955663,0.18976038727803254,0.45191594667307694,0.14630536241853456,0.4420520970942343,0.12618006153436706,0.24821562140159706,0.0,0.0,0.0,0.0,0.0,0.0,0.0,0.0,0.0,0.0,0.0,0.0,0.0,0.0,0.0,0.0,0.0,0.0,0.0,0.0,0.0,0.0,0.0,0.0,0.0,0.0,0.0,0.0,0.0,0.0,0.0,0.0,0.0,0.0,0.0,0.0,0.0,0.0,0.0,0.0,0.0,0.0,yes
0.0,0.0,0.3804307077211333,0.19032586140368615,0.7527643213726553,0.32584259389157144,0.9468816626186422,0.4568611730049143,1.0,0.5354558096532388,0.9225919478926891,-0.23175182148041965,0.9771622969162648,0.6076734034468426,0.7596144828103296,0.7429069440275375,0.6550176563884201,0.5916897805079846,0.6696153632132145,-0.3195930396445158,0.7330312793821401,0.6162668670954777,0.536429216522419,0.6446623419813976,0.4835277142729505,0.4512720515451071,0.383597023141011,-0.3073311435597484,0.4475213262577156,0.5603625901400624,0.3102806238477368,0.5514551074209081,0.28532185517868913,0.35966469451195504,0.1112797896855969,-0.24086673443417655,0.1800656409581187,0.4313451641716258,0.11620508214524662,0.4110833579558769,0.09250291225256956,0.22548972737031495,0.0,0.0,0.0,0.0,0.0,0.0,0.0,0.0,0.0,0.0,0.0,0.0,0.0,0.0,0.0,0.0,0.0,0.0,0.0,0.0,0.0,0.0,0.0,0.0,0.0,0.0,0.0,0.0,0.0,0.0,0.0,0.0,0.0,0.0,0.0,0.0,0.0,0.0,0.0,0.0,0.0,0.0,yes
0.0,0.0,0.3996457061857057,0.20561438250193093,0.7771347276175997,0.33614740275610794,0.9657722596534326,0.42870910852096744,1.0,0.46905597499716584,0.8977006516320162,-0.29834192561080475,0.9499927004382184,0.5712454901078025,0.7510819527374444,0.7158143306845576,0.648564297177258,0.572082289033829,0.6210287733229155,-0.3941910168901257,0.6971266369301279,0.5802295243214058,0.518784885312602,0.6184629161871656,0.4643203672998119,0.4335390531992606,0.32146862289485123,-0.3799338988658629,0.3884005749390412,0.5137581107374787,0.27554771860828214,0.5204671828286033,0.25592589843740443,0.34184078908126925,0.041596899439768825,-0.30800779598635564,0.11793536312805117,0.3761990243870611,0.07118391279891842,0.3651450138827606,0.0493186667873745,0.18545562994674447,0.0,0.0,0.0,0.0,0.0,0.0,0.0,0.0,0.0,0.0,0.0,0.0,0.0,0.0,0.0,0.0,0.0,0.0,0.0,0.0,0.0,0.0,0.0,0.0,0.0,0.0,0.0,0.0,0.0,0.0,0.0,0.0,0.0,0.0,0.0,0.0,0.0,0.0,0.0,0.0,0.0,0.0,yes
0.0,0.0,0.34844855918459405,0.13389235814142528,0.7297269186046841,0.25216940554528944,0.9652974252034868,0.36478742906435324,1.0,0.3880227220181873,0.7304776112147144,-0.31924107690472703,0.767625589799625,0.4985966909605417,0.6668810022198568,0.5202887679314065,0.6414464851701466,0.30649004286522635,0.47066052470473985,-0.39721701064932086,0.5287657155067204,0.49479122209704396,0.4572676145668283,0.42918532328113723,0.45413285111131335,0.21571954847648406,0.2156144062886334,-0.3768872598758757,0.2629849188794104,0.446349502807466,0.21169220698539823,0.37161375734652774,0.22203910271883,0.16329599278249757,-0.006928361426836017,-0.30058455664761485,0.03325969611646589,0.3142807398166117,0.005229410644120263,0.23629293517984118,0.0003934352835701765,0.01447513980801941,0.0,0.0,0.0,0.0,0.0,0.0,0.0,0.0,0.0,0.0,0.0,0.0,0.0,0.0,0.0,0.0,0.0,0.0,0.0,0.0,0.0,0.0,0.0,0.0,0.0,0.0,0.0,0.0,0.0,0.0,0.0,0.0,0.0,0.0,0.0,0.0,0.0,0.0,0.0,0.0,0.0,0.0,yes
0.0,0.0,0.3586101849670838,0.1358622933781444,0.679885467080133,0.25352413654101597,0.879751361694791,0.3837441689351462,1.0,0.49301243555777885,0.8302543934842631,-0.2631998795540586,0.8316239803983944,0.40649776713622776,0.7556082641457201,0.5548684686609859,0.7364279764839012,0.5269297455336653,0.571724829590848,-0.3302914257545477,0.5608303606336039,0.4712623511727695,0.5267655286629772,0.5103356459277859,0.5589216809979529,0.41395946605537115,0.30131883449124947,-0.31491696272246683,0.28206083977047275,0.47337501183818476,0.2650536178706809,0.4410907642732083,0.299002496339269,0.27834425684125663,0.046236914252688784,-0.2502980794214709,0.04843638827303347,0.35282647285231045,0.039653062265209336,0.2946172077425371,0.055742673074261236,0.09507458663487153,0.0,0.0,0.0,0.0,0.0,0.0,0.0,0.0,0.0,0.0,0.0,0.0,0.0,0.0,0.0,0.0,0.0,0.0,0.0,0.0,0.0,0.0,0.0,0.0,0.0,0.0,0.0,0.0,0.0,0.0,0.0,0.0,0.0,0.0,0.0,0.0,0.0,0.0,0.0,0.0,0.0,0.0,yes
0.0,0.0,0.29736462118793133,0.16921262216919816,0.6292284658136704,0.3369092791865219,0.8369587700228249,0.49653416166633835,1.0,0.5935861849207834,0.7976002370298658,-0.1901763485101943,0.813261373766963,0.650928471108039,0.7025242299571156,0.597962424452485,0.6888874492883349,0.32463752483996045,0.5415287308280556,-0.27547158518984255,0.5554134589425008,0.6744545402827455,0.46485443610535726,0.5280208565235992,0.4793978362803674,0.2862661778309334,0.2664632664543877,-0.2519764272351525,0.27497141534255387,0.6235345533180728,0.196832783782264,0.4586054370205267,0.21139361262387918,0.21670672519629447,0.0025057818779355384,-0.1788391653049836,0.023134746283008004,0.46383009088885213,-0.012579222332896082,0.3491678798224381,-0.010740991270211088,0.12444067956015308,0.0,0.0,0.0,0.0,0.0,0.0,0.0,0.0,0.0,0.0,0.0,0.0,0.0,0.0,0.0,0.0,0.0,0.0,0.0,0.0,0.0,0.0,0.0,0.0,0.0,0.0,0.0,0.0,0.0,0.0,0.0,0.0,0.0,0.0,0.0,0.0,0.0,0.0,0.0,0.0,0.0,0.0,yes
0.0,0.0,0.33828844468991126,0.1139113117222595,0.6660875009219998,0.22627114527657294,0.871512637243032,0.37645725429382015,1.0,0.4807732924115375,0.814816400621023,-0.37063633272586294,0.8632076235434654,0.1810271346767244,0.7273161982308399,0.39094155511219614,0.6261045556680945,0.37687390821740124,0.5448019904399872,-0.4649368452677577,0.5824390085939369,0.3064313303601466,0.46725866544812783,0.41472824845238976,0.41675826696434515,0.3064968148282742,0.24706894039294278,-0.4495926110492447,0.2797208634594869,0.31288119066594466,0.20170367558562724,0.39581475091615287,0.17351585029962743,0.29356543139692404,-0.039904867618830026,-0.3694684064426642,0.007473145071484212,0.2219419742847531,-0.025442514891419916,0.29232266572157944,-0.043371946381893185,0.203362375575013,0.0,0.0,0.0,0.0,0.0,0.0,0.0,0.0,0.0,0.0,0.0,0.0,0.0,0.0,0.0,0.0,0.0,0.0,0.0,0.0,0.0,0.0,0.0,0.0,0.0,0.0,0.0,0.0,0.0,0.0,0.0,0.0,0.0,0.0,0.0,0.0,0.0,0.0,0.0,0.0,0.0,0.0,yes
0.0,0.0,0.31873494440896877,0.1552077934706226,0.6294723187640155,0.24491998587209568,0.8409765362508725,0.32775200916643027,1.0,0.3665970630131933,0.8088629543158776,-0.34251947849721603,0.7952322666899235,0.16141297755607972,0.7338894942591188,0.34064221817453977,0.7188323160106113,0.36197441806767827,0.5546746221336945,-0.4248469337802937,0.5522229562405874,0.2557190779169962,0.483720998616949,0.3563005340735446,0.4754861813524361,0.28855208695678325,0.27807946043969595,-0.40953346171414784,0.2696521721987036,0.2625818711720914,0.2029155343124626,0.30978136834166536,0.19158881783724774,0.20881563853415974,0.006861456651091889,-0.33846422195111436,0.013898676728621604,0.19364117328436017,-0.028612013597272525,0.20996979609103475,-0.05147028111121247,0.09080018806018327,0.0,0.0,0.0,0.0,0.0,0.0,0.0,0.0,0.0,0.0,0.0,0.0,0.0,0.0,0.0,0.0,0.0,0.0,0.0,0.0,0.0,0.0,0.0,0.0,0.0,0.0,0.0,0.0,0.0,0.0,0.0,0.0,0.0,0.0,0.0,0.0,0.0,0.0,0.0,0.0,0.0,0.0,yes
0.0,0.0,0.31947348277676707,0.12612506028551737,0.6310018838820124,0.19724645495298052,0.8361798441433509,0.2519915231774379,1.0,0.2964062720211843,0.7876362646640884,-0.34188127017867787,0.7770289228254869,0.15183545965040218,0.7487800667957067,0.35272749135961456,0.7675526213371295,0.4196065957851211,0.5383949247675532,-0.4276528536868877,0.5364728996396445,0.24233614299401476,0.498758409263993,0.39376689772343787,0.511979847505117,0.38982522695153754,0.27035484734349363,-0.42453158314617345,0.26042761665005176,0.23190432413631704,0.2020321229682326,0.30857392588340105,0.1904501922025128,0.2416127167854275,0.013436397324551366,-0.36223934998959145,0.0209599652445103,0.1515606999197055,-0.01411683171645313,0.19310372470755868,-0.0335675579225837,0.10294762239091393,0.0,0.0,0.0,0.0,0.0,0.0,0.0,0.0,0.0,0.0,0.0,0.0,0.0,0.0,0.0,0.0,0.0,0.0,0.0,0.0,0.0,0.0,0.0,0.0,0.0,0.0,0.0,0.0,0.0,0.0,0.0,0.0,0.0,0.0,0.0,0.0,0.0,0.0,0.0,0.0,0.0,0.0,yes
0.0,0.0,0.334514935135399,0.0635838495378654,0.6452609913023385,0.10966491510061116,0.8578562531189126,0.1894212808427745,1.0,0.2655801642606777,0.7155762486097683,-0.4192717451195713,0.7963563024596257,-0.059341601736512165,0.7239241354049644,0.1885138331342731,0.6597597862300429,0.2898543904630898,0.47057203972401507,-0.5079466642692816,0.5283747730941755,0.06008188802502645,0.46360393700262015,0.2466782813418005,0.43113880122084025,0.2597941315806201,0.20613355986749296,-0.4840727826441495,0.25609550957367866,0.09115775788775392,0.2203219121580785,0.2454273801275273,0.20569458555029996,0.2573253400207266,-0.044609623651514795,-0.3986561064663726,-0.011045998538391114,0.03481733576302692,-0.01871259719330357,0.18132729679264292,-0.018794422006028346,0.21203442822892826,0.0,0.0,0.0,0.0,0.0,0.0,0.0,0.0,0.0,0.0,0.0,0.0,0.0,0.0,0.0,0.0,0.0,0.0,0.0,0.0,0.0,0.0,0.0,0.0,0.0,0.0,0.0,0.0,0.0,0.0,0.0,0.0,0.0,0.0,0.0,0.0,0.0,0.0,0.0,0.0,0.0,0.0,yes
0.0,0.0,0.3193100108193095,0.09958510939468353,0.626360811438186,0.1612702143439912,0.8423104857726247,0.255642535629019,1.0,0.29773055206554555,0.7662862026563293,-0.41339388403184224,0.8540713459428257,0.09486365230074939,0.7525626923335316,0.23746796739032705,0.6748832587479482,0.22548884929273402,0.5313627951453822,-0.4550647704631848,0.6251227909740821,0.21935623604344168,0.5345464195839863,0.2624964361789421,0.4959916413564346,0.1617180943175061,0.28558264338091893,-0.4036087093268999,0.36423170368528346,0.2507024863689067,0.27841255293924577,0.22670815238481046,0.24268911146963792,0.0877951704500826,0.043523906262063934,-0.31518918082418607,0.13313299060488196,0.1964013846844435,0.06933950739219212,0.16810740295460402,0.02112389128816631,0.031913787784441386,0.0,0.0,0.0,0.0,0.0,0.0,0.0,0.0,0.0,0.0,0.0,0.0,0.0,0.0,0.0,0.0,0.0,0.0,0.0,0.0,0.0,0.0,0.0,0.0,0.0,0.0,0.0,0.0,0.0,0.0,0.0,0.0,0.0,0.0,0.0,0.0,0.0,0.0,0.0,0.0,0.0,0.0,yes
0.0,0.0,0.32640786000972455,0.062271486831505345,0.6458642906739535,0.07786304191419083,0.8599738406360062,0.13503973244963247,1.0,0.1470658631065052,0.7334425400060643,-0.4539019257095593,0.8259325777379866,-0.017929032408545393,0.762364964394199,0.17669735338286507,0.7184330218012642,0.2288273320498858,0.4855077482313722,-0.4880354102337298,0.592036644639932,0.14902727714751693,0.5102062786061975,0.2347481757521714,0.4769792214269951,0.15949389345710888,0.22910112621624,-0.4303879229142034,0.32637125843047404,0.22132041991341214,0.24059581629595606,0.2338733262402822,0.2049559255983192,0.11305653688057658,-0.018834742075488964,-0.32125852018379736,0.08401569561839624,0.20249931372038904,0.031725315912895416,0.21051290654217344,-0.009424906657001936,0.10208395756369841,0.0,0.0,0.0,0.0,0.0,0.0,0.0,0.0,0.0,0.0,0.0,0.0,0.0,0.0,0.0,0.0,0.0,0.0,0.0,0.0,0.0,0.0,0.0,0.0,0.0,0.0,0.0,0.0,0.0,0.0,0.0,0.0,0.0,0.0,0.0,0.0,0.0,0.0,0.0,0.0,0.0,0.0,yes
0.0,0.0,0.3052361518096197,0.11791122243269692,0.6177247863462844,0.13979069532672542,0.8366615942001892,0.1582256043197428,1.0,0.16534042685536196,0.7341859880959624,-0.39840762848199557,0.7794320038531257,-0.05408176063645915,0.7573281958323292,0.13589338235169154,0.7516810688685046,0.24302972066537798,0.507462372031256,-0.4590440536405682,0.5612480782807228,0.019479766841024912,0.5376378258935082,0.19081198099133692,0.5382914568765005,0.24510244127603178,0.27145502063713217,-0.4315079365349128,0.33312678639591004,0.04920553074461927,0.3277152113151919,0.1966909209194885,0.32643684099432124,0.23834451553299818,0.046560075757292506,-0.35382476095562687,0.11967667190001995,0.028611566107313087,0.12231260963954443,0.13511840645922013,0.11946287372617587,0.14436237328889232,0.0,0.0,0.0,0.0,0.0,0.0,0.0,0.0,0.0,0.0,0.0,0.0,0.0,0.0,0.0,0.0,0.0,0.0,0.0,0.0,0.0,0.0,0.0,0.0,0.0,0.0,0.0,0.0,0.0,0.0,0.0,0.0,0.0,0.0,0.0,0.0,0.0,0.0,0.0,0.0,0.0,0.0,yes
0.0,0.0,0.30152734412913745,0.14887361416057585,0.6158149756333511,0.20876672124082382,0.8330661875750661,0.22848451466612238,1.0,0.21576137339947205,0.7664843844550326,-0.5228318755150029,0.8144727629155621,0.1303436973638645,0.6560206452478744,0.23734765602064525,0.5944044380412897,0.13487552259182378,0.4740103058482753,-0.6439273901423814,0.5042528299942444,0.22011745359831955,0.3723198383784805,0.25231074756742916,0.35837167437481704,0.1079170339671205,0.17728519463961684,-0.6021591874508463,0.20296953180325983,0.2061664936510111,0.11408009260165353,0.19975339777051454,0.10516822194360421,0.05304464283217907,-0.10236748525239582,-0.4986086186161117,-0.03585877608765203,0.13125916919732852,-0.08221232635692138,0.12334984404625769,-0.1132345193593135,-0.015702818351136173,0.0,0.0,0.0,0.0,0.0,0.0,0.0,0.0,0.0,0.0,0.0,0.0,0.0,0.0,0.0,0.0,0.0,0.0,0.0,0.0,0.0,0.0,0.0,0.0,0.0,0.0,0.0,0.0,0.0,0.0,0.0,0.0,0.0,0.0,0.0,0.0,0.0,0.0,0.0,0.0,0.0,0.0,yes
0.0,0.0,0.33491538856109054,0.1450992160785174,0.6285285278092116,0.2578327987766048,0.8238060416259604,0.31048957366292096,1.0,0.2852353184533454,0.7504115681885765,-0.3659057631180837,0.7506617085717395,0.32941606421387654,0.631782748115478,0.3193481704335436,0.5805655636422493,0.1233736169991435,0.49621932144544867,-0.4251859542239677,0.4949001816683029,0.3820728391001927,0.41258312205995223,0.2717058376469147,0.4113827219722149,0.0489180145218298,0.23221821822712405,-0.3742907698882991,0.24281718981138184,0.37490944815472704,0.1793222530154577,0.2504921537702931,0.1809165129951522,0.04006831467318012,-0.026134708295592706,-0.28022566700395124,0.021405994266960358,0.29066380961408234,-0.0017708296619272307,0.19000540316915204,-0.014868809752668992,-0.008473291611331804,0.0,0.0,0.0,0.0,0.0,0.0,0.0,0.0,0.0,0.0,0.0,0.0,0.0,0.0,0.0,0.0,0.0,0.0,0.0,0.0,0.0,0.0,0.0,0.0,0.0,0.0,0.0,0.0,0.0,0.0,0.0,0.0,0.0,0.0,0.0,0.0,0.0,0.0,0.0,0.0,0.0,0.0,yes
0.0,0.0,0.35587305842934713,0.12375173182808688,0.6580177451922015,0.24445453222933022,0.8570871470364889,0.35065377224337524,1.0,0.3898412621037551,0.7519420466913801,-0.40716220878820397,0.7668915599515278,0.35642945223581957,0.6571117487065081,0.35970078885293,0.6309136359516466,0.16479767601809403,0.46863820235673337,-0.4548970652416486,0.49099677893304916,0.474882304239637,0.40858537350742885,0.354387437458061,0.41711446022184157,0.11232604600893124,0.1820146558927093,-0.39456508741209473,0.2056878604087533,0.4667424266081914,0.15843970572442018,0.3348454855173853,0.18188936255778154,0.11470471521853214,-0.09050824917607256,-0.2960121683058894,-0.04673631808207513,0.3581812739399765,-0.05164751214659853,0.24973437051333708,-0.04941774778185098,0.035565788902438,0.0,0.0,0.0,0.0,0.0,0.0,0.0,0.0,0.0,0.0,0.0,0.0,0.0,0.0,0.0,0.0,0.0,0.0,0.0,0.0,0.0,0.0,0.0,0.0,0.0,0.0,0.0,0.0,0.0,0.0,0.0,0.0,0.0,0.0,0.0,0.0,0.0,0.0,0.0,0.0,0.0,0.0,yes
0.0,0.0,0.2999071005289157,0.11783387720611053,0.5942734831457656,0.1565708743029181,0.8076571196730583,0.18858391112818784,1.0,0.1958976453376288,0.6727066996438518,-0.4314834493849021,0.6962183936922401,0.2450463691286258,0.5857694534716728,0.24741621246908388,0.5451559945348511,0.06872747204619313,0.4280919133798077,-0.46829797152695024,0.46531282872508073,0.32515419431371945,0.3797888904861,0.21786504521376282,0.36833397594958306,0.03459447332112586,0.18286585800016927,-0.40292441892489184,0.21645778279929012,0.33623898875936553,0.15439280825092397,0.20173224263219197,0.1569755881953858,0.015899714248481567,-0.04703212051271373,-0.30009484747156256,-0.0018851942559511416,0.24513973880672207,-0.0255607890342351,0.13126769153882634,-0.03950612142357188,-0.06245826912768539,0.0,0.0,0.0,0.0,0.0,0.0,0.0,0.0,0.0,0.0,0.0,0.0,0.0,0.0,0.0,0.0,0.0,0.0,0.0,0.0,0.0,0.0,0.0,0.0,0.0,0.0,0.0,0.0,0.0,0.0,0.0,0.0,0.0,0.0,0.0,0.0,0.0,0.0,0.0,0.0,0.0,0.0,yes
0.0,0.0,0.3282746127398425,0.0988582553570388,0.6276860387081574,0.13133102448726136,0.8294952474824409,0.1628018454894476,1.0,0.20076747096136266,0.7960089379537826,-0.39199669651624075,0.8373372617553454,0.16149599189418326,0.7305301552549641,0.23048879904705272,0.6899825865300324,0.13601743477468073,0.5675776102503242,-0.4393081983669311,0.5959605010617893,0.23032901369830397,0.49969076835448034,0.22235666470955723,0.4790392952902172,0.07211770728702649,0.3191104530321933,-0.406527137505005,0.34092898575153313,0.2181803143197123,0.2577315743995047,0.1933258599741461,0.23242596142217734,0.05545554176319059,0.0642265041910757,-0.3307732169678255,0.11503197900107213,0.15680707516992076,0.0710211411681625,0.13952707296425634,0.039268032716520115,0.01694100662263275,0.0,0.0,0.0,0.0,0.0,0.0,0.0,0.0,0.0,0.0,0.0,0.0,0.0,0.0,0.0,0.0,0.0,0.0,0.0,0.0,0.0,0.0,0.0,0.0,0.0,0.0,0.0,0.0,0.0,0.0,0.0,0.0,0.0,0.0,0.0,0.0,0.0,0.0,0.0,0.0,0.0,0.0,yes
0.0,0.0,0.32346231311802925,0.12472637244558742,0.6435381956918595,0.20612750158088697,0.8502603383504481,0.2863399987970629,1.0,0.312367656597216,0.8055260330222495,-0.323215548449918,0.7925925083027044,0.23434255422564174,0.6909270906315582,0.27817433159774435,0.66253517371875,0.1603404637160028,0.5770027683809604,-0.4042174325095382,0.5405345917572798,0.3184011990356996,0.45192331763554583,0.2548360510500503,0.44862954576119096,0.06949595309195479,0.325334343367021,-0.4010117676510702,0.29016501371185754,0.29098268583346476,0.22745037477993565,0.18603324983215777,0.2366671489252407,-0.013990483792047936,0.06652372305786615,-0.353086102662555,0.08364151823668926,0.2027371696190103,0.05028797339233144,0.11990682114113216,0.035765596323564075,-0.06609001545936755,0.0,0.0,0.0,0.0,0.0,0.0,0.0,0.0,0.0,0.0,0.0,0.0,0.0,0.0,0.0,0.0,0.0,0.0,0.0,0.0,0.0,0.0,0.0,0.0,0.0,0.0,0.0,0.0,0.0,0.0,0.0,0.0,0.0,0.0,0.0,0.0,0.0,0.0,0.0,0.0,0.0,0.0,yes
0.0,0.0,0.2939982165455898,0.12698574113120664,0.6002905564931802,0.21510578170952838,0.8189088947947748,0.31068785725632053,1.0,0.2832718919379515,0.7878029391581155,-0.5086302572192909,0.7611272161244477,0.20698801340501283,0.6025898310837939,0.22662003829903474,0.5560909737078985,0.03161546394536163,0.5124682258626136,-0.5768279268061333,0.48821345627924284,0.3084976377820223,0.3549912352648479,0.21044551644961426,0.34683243979438727,-0.0021432310962073015,0.22162875043525615,-0.5294804733482972,0.19612212630125372,0.3189290577182093,0.09744022043861196,0.1880467878008352,0.09820781416727652,-0.027044266208097502,-0.06830988063899986,-0.43691687510454036,-0.048559332821136635,0.21527339696868855,-0.08126289331288754,0.12724873578470067,-0.0810539002282443,-0.062152299151859776,0.0,0.0,0.0,0.0,0.0,0.0,0.0,0.0,0.0,0.0,0.0,0.0,0.0,0.0,0.0,0.0,0.0,0.0,0.0,0.0,0.0,0.0,0.0,0.0,0.0,0.0,0.0,0.0,0.0,0.0,0.0,0.0,0.0,0.0,0.0,0.0,0.0,0.0,0.0,0.0,0.0,0.0,yes
0.0,0.0,0.3458912862147418,0.08093397792633783,0.6707634168518862,0.10803921118373436,0.867845809424772,0.1558331720459128,1.0,0.22141298516324723,0.8480681445067692,-0.5010582343515664,0.8398453191507762,0.16399903734522,0.7065549096437551,0.1772489604789655,0.6672664868796535,0.011836955863709794,0.5977081181798906,-0.552184507639954,0.5922005876727104,0.2388821275744231,0.4752108938643283,0.1632856946457845,0.4629158717855964,-0.023109082683635793,0.3257861755258442,-0.5115812320490083,0.3168416573050378,0.23854215655546135,0.22125403380087302,0.13814453957337217,0.21581479571767734,-0.05511765233907517,0.04839547098958705,-0.42282613136539815,0.07547893417296235,0.15636340754741626,0.018391239245061548,0.08074371344379608,-0.00984693252201536,-0.09759255785546281,0.0,0.0,0.0,0.0,0.0,0.0,0.0,0.0,0.0,0.0,0.0,0.0,0.0,0.0,0.0,0.0,0.0,0.0,0.0,0.0,0.0,0.0,0.0,0.0,0.0,0.0,0.0,0.0,0.0,0.0,0.0,0.0,0.0,0.0,0.0,0.0,0.0,0.0,0.0,0.0,0.0,0.0,yes
0.0,0.0,0.3360529544664832,0.09210570708082881,0.6566270219456527,0.14686703855520006,0.8610412398335008,0.2195926335504205,1.0,0.28460805361192776,0.7970673768017106,-0.41542438691017725,0.790280531217154,0.2741907531535792,0.6778018878942064,0.2686582744237482,0.6539706478155994,0.07849625924735106,0.547019869459339,-0.48088215151309804,0.5459004551765702,0.34128178990941166,0.45566678249134557,0.24111007141240265,0.4615274151247807,0.022854275732903485,0.2799585338037449,-0.45409521942048253,0.2723910971672936,0.3207937979488939,0.19620431473362007,0.2023267784254668,0.20621964107806343,-0.008274784198437952,0.012389684202330815,-0.38625329271299363,0.034862459395279835,0.22138796413375877,-0.007266100231120697,0.13785174537217929,-0.019283511419784682,-0.05509871290426297,0.0,0.0,0.0,0.0,0.0,0.0,0.0,0.0,0.0,0.0,0.0,0.0,0.0,0.0,0.0,0.0,0.0,0.0,0.0,0.0,0.0,0.0,0.0,0.0,0.0,0.0,0.0,0.0,0.0,0.0,0.0,0.0,0.0,0.0,0.0,0.0,0.0,0.0,0.0,0.0,0.0,0.0,yes
0.0,0.0,0.3540141684832985,0.08458561294000592,0.6731087597473672,0.14131763409398135,0.8814565804945609,0.17549078102581678,1.0,0.2159793339634494,0.7619269104092795,-0.36793038406929396,0.8039898545228531,0.178085653186664,0.7175109889973105,0.31154066696595795,0.6701267728237968,0.2604796903745761,0.5262874988901051,-0.4315823409281958,0.5781152365549193,0.33128434969283915,0.49422481202321195,0.35522198313955466,0.44350302762746363,0.21312182124011156,0.2909627996405185,-0.3936521477193422,0.34901051309095166,0.34167379627224664,0.26176592377697877,0.3067168767929471,0.2122278890254417,0.1103484530761309,0.0548740362585047,-0.31578440736588526,0.12376988371620214,0.2450627308477772,0.08140031815605579,0.25338715044532717,0.044556577258231686,0.10145020741550899,0.0,0.0,0.34783488981765337,0.1277668431076545,0.6692434421552917,0.1818930052386321,0.8868154722094069,0.2348830839591574,1.0,0.3001339459175159,0.8193575054756763,-0.36511455014827776,0.8395026256857676,0.38697767234389885,0.695579693726108,0.5682109575404181,0.6246970975048023,0.4970676581576431,0.5709451558804715,-0.44234183325735177,0.5862033430061941,0.43100465807847665,0.4607152639198654,0.5206410476900244,0.432652365756071,0.40878437710143584,0.3016731410226662,-0.4110715582405403,0.2994316853071702,0.4160836106432407,0.21499616452416895,0.4090769288166624,0.20757818137478376,0.23669981646133448,0.040941998323856116,-0.32564509245635154,0.07151365256503703,0.28164859033751277,0.03258562028698277,0.2532110166877322,0.02122114634774435,0.07730826943148511,yes
